{"type":"FeatureCollection","features":[{"type":"Feature","properties":{"name":"Indonesia","iso":"IDN"},"geometry":{"type":"MultiPolygon","coordinates":[[[[117.704,4.163],[117.907,4.157],[117.935,4.06],[117.887,4.032],[117.839,4.04],[117.704,4.163]]],[[[124.451,-9.18],[124.604,-9.156],[124.668,-9.113],[124.688,-9.07],[124.92,-8.962],[124.908,-9.037],[124.921,-9.065],[124.966,-9.077],[125.0,-9.058],[125.0,-9.187],[124.974,-9.192],[124.954,-9.242],[124.966,-9.293],[125.0,-9.328],[125.0,-9.542],[124.971,-9.662],[124.847,-9.748],[124.735,-9.9],[124.56,-10.015],[124.499,-10.112],[124.418,-10.164],[124.122,-10.173],[124.034,-10.276],[123.933,-10.295],[123.799,-10.375],[123.778,-10.358],[123.719,-10.372],[123.659,-10.349],[123.617,-10.366],[123.536,-10.332],[123.472,-10.365],[123.493,-10.302],[123.493,-10.245],[123.515,-10.213],[123.749,-10.098],[123.765,-10.075],[123.746,-10.05],[123.684,-10.025],[123.638,-10.03],[123.606,-10.054],[123.577,-10.034],[123.584,-9.944],[123.66,-9.871],[123.664,-9.827],[123.643,-9.783],[123.67,-9.74],[123.672,-9.65],[123.689,-9.611],[123.756,-9.567],[123.794,-9.517],[123.863,-9.488],[123.98,-9.358],[124.01,-9.344],[124.03,-9.342],[124.09,-9.422],[124.121,-9.427],[124.167,-9.381],[124.211,-9.379],[124.254,-9.439],[124.258,-9.501],[124.31,-9.489],[124.332,-9.467],[124.348,-9.375],[124.428,-9.299],[124.451,-9.18]]],[[[117.567,4.16],[117.519,4.122],[117.373,4.17],[117.407,4.125],[117.396,4.099],[117.466,4.08],[117.468,4.044],[117.52,4.049],[117.614,3.957],[117.678,3.932],[117.688,3.909],[117.651,3.895],[117.57,3.933],[117.523,3.93],[117.579,3.915],[117.637,3.873],[117.682,3.882],[117.719,3.861],[117.783,3.779],[117.702,3.779],[117.734,3.752],[117.818,3.73],[117.826,3.704],[117.749,3.637],[117.629,3.632],[117.547,3.664],[117.504,3.769],[117.469,3.792],[117.523,3.65],[117.51,3.607],[117.431,3.635],[117.091,3.646],[117.056,3.632],[117.031,3.594],[117.083,3.617],[117.199,3.616],[117.217,3.603],[117.2,3.555],[117.243,3.491],[117.305,3.469],[117.325,3.436],[117.374,3.449],[117.447,3.435],[117.442,3.373],[117.37,3.305],[117.36,3.244],[117.334,3.232],[117.274,3.265],[117.27,3.234],[117.353,3.183],[117.454,3.171],[117.455,3.128],[117.482,3.101],[117.617,3.086],[117.629,3.042],[117.565,2.984],[117.656,2.997],[117.685,2.963],[117.544,2.922],[117.736,2.902],[117.62,2.826],[117.752,2.785],[117.784,2.758],[117.801,2.657],[117.826,2.607],[117.979,2.467],[118.037,2.364],[118.045,2.382],[118.082,2.337],[118.099,2.278],[118.058,2.22],[117.955,2.182],[117.915,2.093],[117.826,2.107],[117.9,2.05],[117.825,2.036],[117.741,2.045],[117.75,2.031],[117.819,2.017],[117.856,1.983],[117.873,1.99],[117.872,1.925],[117.857,1.898],[117.894,1.874],[117.924,1.819],[118.046,1.783],[118.048,1.744],[118.127,1.655],[118.425,1.486],[118.4,1.454],[118.449,1.436],[118.456,1.395],[118.476,1.402],[118.613,1.351],[118.675,1.28],[118.754,1.23],[118.785,1.182],[118.764,1.164],[118.809,1.14],[118.857,1.058],[118.888,1.058],[118.916,1.079],[118.985,1.058],[119.006,1.038],[118.998,1.004],[119.012,0.976],[118.957,0.913],[118.865,0.869],[118.841,0.83],[118.798,0.805],[118.663,0.846],[118.565,0.804],[118.428,0.84],[118.384,0.805],[118.317,0.859],[118.188,0.875],[118.097,0.909],[118.045,0.955],[117.99,1.079],[117.924,1.125],[117.894,1.113],[117.901,1.079],[117.975,0.983],[117.985,0.926],[118.025,0.873],[118.033,0.8],[117.983,0.791],[117.947,0.831],[117.903,0.837],[117.811,0.812],[117.743,0.741],[117.719,0.637],[117.62,0.502],[117.627,0.434],[117.57,0.389],[117.517,0.291],[117.523,0.226],[117.48,0.166],[117.517,0.14],[117.47,0.109],[117.476,0.058],[117.497,0.051],[117.489,0.037],[117.517,0.016],[117.53,-0.032],[117.485,-0.092],[117.435,-0.24],[117.442,-0.282],[117.497,-0.35],[117.458,-0.427],[117.466,-0.457],[117.441,-0.525],[117.596,-0.423],[117.63,-0.419],[117.632,-0.448],[117.555,-0.503],[117.599,-0.521],[117.578,-0.597],[117.53,-0.607],[117.576,-0.63],[117.54,-0.674],[117.551,-0.69],[117.483,-0.7],[117.614,-0.734],[117.627,-0.771],[117.538,-0.813],[117.489,-0.799],[117.493,-0.828],[117.458,-0.82],[117.447,-0.877],[117.413,-0.875],[117.379,-0.839],[117.339,-0.901],[117.328,-0.841],[117.282,-0.809],[117.25,-0.909],[117.164,-0.982],[117.065,-1.122],[117.039,-1.138],[117.024,-1.203],[116.958,-1.24],[116.82,-1.261],[116.831,-1.195],[116.811,-1.193],[116.797,-1.217],[116.787,-1.159],[116.746,-1.111],[116.757,-1.024],[116.743,-1.025],[116.715,-1.125],[116.757,-1.182],[116.736,-1.221],[116.791,-1.244],[116.763,-1.299],[116.762,-1.365],[116.568,-1.447],[116.539,-1.481],[116.537,-1.526],[116.564,-1.583],[116.54,-1.623],[116.325,-1.704],[116.222,-1.79],[116.243,-1.806],[116.286,-1.807],[116.33,-1.778],[116.425,-1.766],[116.448,-1.796],[116.414,-1.847],[116.467,-1.907],[116.45,-1.957],[116.458,-2.042],[116.427,-2.076],[116.337,-2.108],[116.283,-2.169],[116.371,-2.138],[116.411,-2.204],[116.518,-2.166],[116.543,-2.209],[116.599,-2.184],[116.603,-2.224],[116.54,-2.513],[116.518,-2.554],[116.482,-2.56],[116.445,-2.498],[116.321,-2.512],[116.304,-2.526],[116.324,-2.548],[116.297,-2.608],[116.311,-2.615],[116.342,-2.567],[116.366,-2.557],[116.393,-2.574],[116.366,-2.653],[116.365,-2.861],[116.288,-2.987],[116.263,-3.005],[116.229,-3.002],[116.212,-2.93],[116.174,-2.903],[116.151,-2.816],[116.138,-2.823],[116.14,-2.869],[116.111,-2.93],[116.127,-2.966],[116.106,-2.998],[116.161,-3.004],[116.178,-3.05],[116.255,-3.109],[116.265,-3.137],[116.167,-3.156],[116.188,-3.232],[116.168,-3.266],[116.126,-3.28],[116.134,-3.254],[116.154,-3.259],[116.172,-3.226],[116.111,-3.246],[116.023,-3.412],[115.99,-3.583],[115.968,-3.609],[115.858,-3.62],[115.759,-3.697],[115.583,-3.781],[115.06,-3.986],[114.664,-4.184],[114.625,-4.171],[114.607,-4.132],[114.632,-4.013],[114.604,-3.855],[114.611,-3.684],[114.522,-3.519],[114.55,-3.348],[114.5,-3.383],[114.477,-3.501],[114.412,-3.485],[114.289,-3.424],[114.264,-3.398],[114.365,-3.212],[114.248,-3.36],[114.187,-3.382],[114.126,-3.368],[114.108,-3.347],[114.118,-3.19],[114.097,-3.276],[114.042,-3.356],[113.815,-3.455],[113.713,-3.473],[113.632,-3.457],[113.625,-3.382],[113.642,-3.256],[113.612,-3.174],[113.486,-3.175],[113.452,-3.199],[113.44,-3.238],[113.366,-3.253],[113.346,-3.238],[113.329,-3.183],[113.303,-3.163],[113.351,-3.272],[113.23,-3.164],[113.202,-3.093],[113.101,-3.043],[113.035,-2.923],[113.037,-2.993],[113.017,-3.037],[112.983,-3.05],[112.941,-3.106],[112.968,-3.144],[113.021,-3.163],[112.638,-3.417],[112.582,-3.416],[112.545,-3.444],[112.349,-3.323],[112.303,-3.314],[112.203,-3.33],[112.117,-3.382],[111.973,-3.526],[111.905,-3.572],[111.809,-3.533],[111.843,-3.384],[111.815,-3.19],[111.833,-3.062],[111.76,-2.908],[111.754,-2.824],[111.734,-2.803],[111.754,-2.739],[111.711,-2.775],[111.713,-2.848],[111.673,-2.895],[111.703,-2.944],[111.57,-3.016],[111.534,-3.012],[111.514,-2.964],[111.486,-2.942],[111.363,-2.923],[111.296,-2.936],[110.986,-3.087],[110.907,-3.083],[110.824,-3.037],[110.754,-3.026],[110.804,-2.959],[110.966,-2.9],[110.956,-2.879],[110.794,-2.944],[110.698,-3.063],[110.662,-3.081],[110.631,-3.053],[110.643,-3.019],[110.617,-2.91],[110.589,-2.877],[110.549,-2.868],[110.404,-2.921],[110.301,-2.998],[110.263,-3.003],[110.205,-2.896],[110.247,-2.815],[110.212,-2.653],[110.157,-2.621],[110.199,-2.552],[110.265,-2.557],[110.281,-2.518],[110.247,-2.54],[110.221,-2.533],[110.16,-2.436],[110.141,-2.29],[110.097,-2.236],[110.129,-2.07],[110.093,-1.95],[110.075,-1.922],[109.954,-1.874],[109.904,-1.826],[109.924,-1.813],[109.911,-1.779],[109.994,-1.73],[110.034,-1.646],[110.069,-1.433],[110.061,-1.346],[110.03,-1.286],[109.964,-1.266],[109.952,-1.231],[109.93,-1.223],[109.935,-1.113],[109.835,-1.086],[109.74,-0.968],[109.735,-0.918],[109.764,-0.871],[109.724,-0.889],[109.714,-0.947],[109.677,-0.984],[109.63,-0.952],[109.605,-0.957],[109.582,-0.894],[109.526,-0.862],[109.428,-0.847],[109.414,-0.86],[109.419,-0.904],[109.391,-0.912],[109.273,-0.854],[109.245,-0.696],[109.263,-0.667],[109.314,-0.695],[109.383,-0.696],[109.469,-0.737],[109.502,-0.731],[109.507,-0.716],[109.462,-0.713],[109.413,-0.664],[109.355,-0.648],[109.369,-0.634],[109.355,-0.614],[109.424,-0.62],[109.401,-0.597],[109.344,-0.584],[109.262,-0.592],[109.215,-0.553],[109.171,-0.556],[109.139,-0.529],[109.101,-0.37],[109.136,-0.36],[109.091,-0.287],[109.101,-0.258],[109.076,-0.251],[109.067,-0.271],[109.046,-0.246],[109.06,-0.217],[109.119,-0.203],[109.225,-0.237],[109.191,-0.189],[109.187,-0.082],[109.157,0.02],[109.172,0.034],[109.3,0.01],[109.167,0.112],[109.102,0.243],[109.033,0.293],[108.953,0.302],[108.929,0.315],[108.921,0.34],[108.944,0.423],[108.91,0.531],[108.931,0.616],[108.876,0.715],[108.89,0.754],[108.855,0.832],[108.893,0.868],[108.941,0.884],[108.981,0.956],[108.924,1.164],[109.143,1.251],[109.266,1.395],[109.24,1.404],[109.137,1.262],[109.088,1.236],[108.986,1.216],[108.99,1.247],[109.054,1.352],[109.073,1.534],[109.272,1.694],[109.348,1.81],[109.337,1.819],[109.287,1.778],[109.335,1.85],[109.341,1.936],[109.579,1.998],[109.645,2.083],[109.6,1.983],[109.528,1.89],[109.556,1.802],[109.642,1.781],[109.642,1.637],[109.658,1.597],[109.766,1.496],[109.776,1.458],[109.808,1.46],[109.843,1.403],[109.92,1.395],[109.964,1.299],[110.031,1.254],[110.052,1.215],[110.17,1.174],[110.257,1.039],[110.263,0.994],[110.364,0.981],[110.46,0.88],[110.554,0.851],[110.613,0.894],[110.661,0.872],[110.704,0.901],[110.758,0.915],[110.777,0.903],[110.797,0.95],[110.88,1.011],[110.973,1.018],[111.198,1.075],[111.374,1.008],[111.472,1.022],[111.503,0.958],[111.539,0.998],[111.623,1.03],[111.763,0.993],[111.823,1.008],[111.91,1.114],[112.093,1.143],[112.187,1.38],[112.182,1.4],[112.154,1.41],[112.162,1.435],[112.295,1.504],[112.399,1.523],[112.47,1.568],[112.802,1.544],[112.855,1.583],[112.973,1.57],[113.014,1.551],[113.024,1.514],[112.958,1.416],[113.089,1.431],[113.159,1.388],[113.324,1.351],[113.398,1.294],[113.524,1.314],[113.625,1.228],[113.808,1.34],[113.868,1.415],[113.91,1.442],[114.094,1.466],[114.173,1.421],[114.375,1.507],[114.501,1.436],[114.546,1.435],[114.568,1.469],[114.563,1.536],[114.624,1.599],[114.669,1.694],[114.68,1.841],[114.832,1.903],[114.841,2.038],[114.781,2.036],[114.753,2.135],[114.779,2.247],[114.913,2.284],[114.922,2.354],[114.973,2.357],[115.105,2.466],[115.193,2.491],[115.206,2.51],[115.192,2.551],[115.152,2.597],[115.115,2.608],[115.071,2.595],[115.056,2.609],[115.072,2.672],[115.057,2.711],[115.105,2.761],[115.069,2.833],[115.123,2.913],[115.208,2.981],[115.242,3.042],[115.31,2.986],[115.464,3.031],[115.482,3.111],[115.517,3.157],[115.483,3.206],[115.518,3.357],[115.557,3.425],[115.585,3.417],[115.601,3.43],[115.544,3.629],[115.589,3.858],[115.538,3.898],[115.539,3.921],[115.581,3.947],[115.61,3.997],[115.647,4.169],[115.733,4.239],[115.771,4.226],[115.817,4.281],[115.821,4.344],[115.844,4.389],[115.865,4.383],[115.879,4.352],[115.977,4.329],[115.994,4.289],[116.021,4.271],[116.11,4.345],[116.126,4.379],[116.229,4.356],[116.311,4.383],[116.358,4.355],[116.391,4.295],[116.411,4.289],[116.446,4.317],[116.494,4.325],[116.486,4.349],[116.522,4.397],[116.59,4.331],[116.616,4.344],[116.68,4.34],[116.712,4.367],[116.804,4.33],[116.883,4.345],[116.981,4.33],[117.165,4.333],[117.203,4.356],[117.357,4.26],[117.436,4.186],[117.567,4.16]]],[[[113.406,-8.453],[113.409,-8.487],[113.372,-8.495],[113.292,-8.495],[113.278,-8.473],[113.296,-8.447],[113.289,-8.433],[113.406,-8.453]]],[[[123.17,-8.431],[123.18,-8.444],[123.164,-8.474],[123.007,-8.508],[122.931,-8.604],[122.903,-8.605],[122.883,-8.583],[122.91,-8.515],[123.0,-8.449],[123.17,-8.431]]],[[[117.673,-8.154],[117.693,-8.184],[117.64,-8.224],[117.554,-8.379],[117.534,-8.385],[117.493,-8.361],[117.486,-8.343],[117.511,-8.296],[117.483,-8.251],[117.487,-8.183],[117.563,-8.145],[117.673,-8.154]]],[[[121.02,-7.28],[121.067,-7.303],[121.057,-7.321],[120.993,-7.334],[120.881,-7.295],[120.816,-7.302],[120.792,-7.279],[120.816,-7.258],[121.02,-7.28]]],[[[120.773,-7.059],[120.785,-7.072],[120.771,-7.131],[120.683,-7.124],[120.67,-7.151],[120.633,-7.132],[120.624,-7.094],[120.563,-7.095],[120.556,-7.073],[120.614,-7.07],[120.621,-6.998],[120.745,-7.074],[120.773,-7.059]]],[[[109.883,-7.845],[109.657,-7.782],[109.486,-7.762],[109.426,-7.774],[109.397,-7.747],[109.403,-7.726],[109.369,-7.713],[109.098,-7.687],[109.047,-7.702],[109.014,-7.733],[108.974,-7.702],[108.902,-7.69],[108.873,-7.611],[108.827,-7.631],[108.761,-7.693],[108.714,-7.666],[108.692,-7.672],[108.673,-7.691],[108.673,-7.721],[108.652,-7.716],[108.639,-7.688],[108.54,-7.692],[108.508,-7.719],[108.495,-7.793],[108.454,-7.819],[108.327,-7.817],[107.954,-7.74],[107.865,-7.745],[107.83,-7.729],[107.828,-7.7],[107.807,-7.687],[107.687,-7.662],[107.661,-7.614],[107.591,-7.57],[107.481,-7.538],[107.471,-7.517],[107.411,-7.496],[107.362,-7.504],[107.107,-7.456],[106.523,-7.411],[106.481,-7.376],[106.434,-7.362],[106.398,-7.378],[106.399,-7.335],[106.375,-7.31],[106.386,-7.231],[106.415,-7.188],[106.467,-7.176],[106.457,-7.145],[106.541,-7.055],[106.537,-6.983],[106.511,-6.964],[106.452,-6.955],[106.424,-6.963],[106.402,-6.993],[106.333,-7.001],[106.254,-6.964],[106.201,-6.914],[106.125,-6.896],[106.053,-6.837],[105.979,-6.818],[105.919,-6.824],[105.884,-6.848],[105.874,-6.835],[105.775,-6.85],[105.703,-6.836],[105.555,-6.856],[105.535,-6.872],[105.486,-6.868],[105.442,-6.843],[105.42,-6.857],[105.398,-6.83],[105.311,-6.81],[105.275,-6.849],[105.256,-6.842],[105.217,-6.772],[105.275,-6.762],[105.364,-6.665],[105.408,-6.706],[105.441,-6.794],[105.471,-6.816],[105.49,-6.809],[105.529,-6.723],[105.622,-6.632],[105.619,-6.533],[105.644,-6.482],[105.678,-6.475],[105.682,-6.512],[105.711,-6.535],[105.782,-6.512],[105.824,-6.435],[105.832,-6.229],[105.867,-6.11],[105.888,-6.071],[105.977,-5.983],[105.997,-5.918],[106.053,-5.881],[106.085,-5.886],[106.107,-5.911],[106.112,-5.975],[106.159,-6.01],[106.209,-5.998],[106.257,-5.942],[106.299,-5.945],[106.361,-5.993],[106.47,-6.034],[106.549,-6.007],[106.685,-6.012],[106.721,-6.031],[106.738,-6.084],[106.793,-6.104],[107.005,-6.072],[107.015,-6.029],[106.999,-6.004],[107.026,-5.959],[107.021,-5.924],[107.044,-5.914],[107.114,-5.938],[107.17,-5.98],[107.281,-5.955],[107.354,-5.976],[107.47,-6.145],[107.563,-6.184],[107.621,-6.187],[107.678,-6.238],[107.732,-6.233],[107.783,-6.206],[107.81,-6.211],[107.811,-6.189],[107.826,-6.185],[107.864,-6.206],[107.885,-6.187],[107.896,-6.231],[108.094,-6.327],[108.142,-6.323],[108.195,-6.287],[108.205,-6.25],[108.187,-6.231],[108.332,-6.262],[108.36,-6.246],[108.372,-6.34],[108.455,-6.442],[108.54,-6.487],[108.605,-6.762],[108.663,-6.767],[108.749,-6.812],[108.792,-6.811],[108.835,-6.788],[108.945,-6.849],[108.983,-6.842],[109.001,-6.789],[109.021,-6.789],[109.143,-6.856],[109.352,-6.876],[109.438,-6.86],[109.493,-6.802],[109.532,-6.835],[109.726,-6.863],[109.941,-6.923],[110.139,-6.897],[110.178,-6.856],[110.213,-6.9],[110.381,-6.976],[110.486,-6.938],[110.572,-6.836],[110.645,-6.688],[110.682,-6.522],[110.671,-6.5],[110.73,-6.457],[110.842,-6.418],[110.925,-6.404],[110.973,-6.432],[111.011,-6.421],[111.059,-6.47],[111.144,-6.692],[111.366,-6.712],[111.444,-6.689],[111.493,-6.623],[111.61,-6.665],[111.695,-6.755],[111.74,-6.782],[111.882,-6.809],[111.976,-6.785],[112.084,-6.906],[112.151,-6.91],[112.34,-6.873],[112.415,-6.883],[112.435,-6.871],[112.501,-6.911],[112.543,-6.918],[112.563,-6.867],[112.583,-6.871],[112.604,-6.905],[112.583,-6.99],[112.618,-7.041],[112.657,-7.038],[112.666,-7.055],[112.618,-7.071],[112.614,-7.091],[112.684,-7.175],[112.664,-7.199],[112.604,-7.193],[112.701,-7.255],[112.745,-7.205],[112.768,-7.199],[112.823,-7.263],[112.816,-7.387],[112.761,-7.449],[112.761,-7.531],[112.845,-7.593],[112.972,-7.648],[113.056,-7.663],[113.133,-7.728],[113.2,-7.747],[113.241,-7.741],[113.285,-7.782],[113.323,-7.786],[113.414,-7.736],[113.529,-7.7],[113.659,-7.72],[113.723,-7.708],[113.786,-7.726],[113.855,-7.677],[113.945,-7.678],[114.016,-7.618],[114.046,-7.612],[114.14,-7.701],[114.196,-7.714],[114.259,-7.7],[114.325,-7.75],[114.389,-7.758],[114.446,-7.795],[114.467,-7.831],[114.44,-7.933],[114.447,-8.014],[114.359,-8.409],[114.377,-8.519],[114.401,-8.517],[114.406,-8.447],[114.423,-8.465],[114.426,-8.562],[114.445,-8.603],[114.589,-8.664],[114.626,-8.716],[114.625,-8.741],[114.597,-8.776],[114.555,-8.778],[114.468,-8.748],[114.367,-8.741],[114.392,-8.7],[114.385,-8.665],[114.303,-8.612],[114.262,-8.611],[114.197,-8.646],[114.175,-8.62],[114.104,-8.638],[114.059,-8.631],[114.032,-8.604],[113.98,-8.62],[113.964,-8.562],[113.923,-8.577],[113.837,-8.542],[113.823,-8.556],[113.806,-8.501],[113.724,-8.528],[113.707,-8.492],[113.673,-8.495],[113.64,-8.459],[113.573,-8.426],[113.527,-8.429],[113.467,-8.378],[113.414,-8.39],[113.323,-8.309],[113.241,-8.281],[113.027,-8.303],[112.903,-8.404],[112.834,-8.376],[112.818,-8.397],[112.784,-8.387],[112.673,-8.447],[112.521,-8.392],[112.442,-8.392],[112.377,-8.371],[112.384,-8.358],[112.342,-8.333],[112.244,-8.342],[112.209,-8.324],[112.025,-8.305],[111.971,-8.278],[111.919,-8.303],[111.875,-8.274],[111.792,-8.257],[111.771,-8.282],[111.77,-8.317],[111.751,-8.323],[111.735,-8.294],[111.717,-8.293],[111.695,-8.346],[111.711,-8.361],[111.696,-8.371],[111.654,-8.358],[111.631,-8.323],[111.613,-8.337],[111.562,-8.317],[111.518,-8.33],[111.449,-8.313],[111.442,-8.276],[111.425,-8.269],[111.301,-8.263],[111.276,-8.248],[111.162,-8.282],[111.148,-8.254],[111.115,-8.242],[111.103,-8.207],[111.067,-8.253],[111.017,-8.255],[110.848,-8.201],[110.715,-8.193],[110.38,-8.073],[110.328,-8.021],[110.287,-8.015],[110.034,-7.885],[109.906,-7.838],[109.883,-7.845]]],[[[124.074,-5.985],[124.059,-6.027],[124.041,-6.021],[124.03,-5.976],[123.983,-5.955],[123.966,-5.915],[123.979,-5.87],[124.037,-5.914],[124.074,-5.985]]],[[[123.801,-5.523],[123.815,-5.596],[123.793,-5.589],[123.691,-5.473],[123.733,-5.475],[123.801,-5.523]]],[[[123.52,-5.252],[123.624,-5.267],[123.636,-5.291],[123.634,-5.367],[123.619,-5.377],[123.572,-5.366],[123.523,-5.277],[123.52,-5.252]]],[[[122.321,-3.512],[122.355,-3.557],[122.293,-3.581],[122.29,-3.541],[122.321,-3.512]]],[[[122.461,-3.436],[122.459,-3.467],[122.434,-3.485],[122.403,-3.431],[122.412,-3.388],[122.461,-3.436]]],[[[123.867,-2.006],[123.887,-2.074],[123.869,-2.053],[123.839,-2.049],[123.867,-2.006]]],[[[124.366,-1.971],[124.372,-1.993],[124.37,-2.039],[124.301,-1.987],[124.334,-1.959],[124.366,-1.971]]],[[[123.657,-1.902],[123.657,-1.963],[123.65,-1.902],[123.657,-1.902]]],[[[123.726,-1.9],[123.746,-1.936],[123.712,-1.957],[123.713,-1.912],[123.726,-1.9]]],[[[108.677,-1.714],[108.723,-1.694],[108.778,-1.703],[108.759,-1.717],[108.677,-1.714]]],[[[109.182,-1.266],[109.139,-1.314],[109.134,-1.297],[109.101,-1.301],[109.161,-1.257],[109.182,-1.266]]],[[[109.265,-1.175],[109.253,-1.212],[109.223,-1.227],[109.224,-1.191],[109.265,-1.175]]],[[[104.488,-0.274],[104.497,-0.299],[104.487,-0.311],[104.418,-0.319],[104.401,-0.297],[104.421,-0.278],[104.488,-0.274]]],[[[102.839,0.291],[102.914,0.32],[102.927,0.311],[102.847,0.278],[102.839,0.291]]],[[[103.084,0.609],[103.077,0.575],[103.037,0.658],[103.066,0.649],[103.084,0.609]]],[[[103.517,0.698],[103.498,0.627],[103.472,0.623],[103.474,0.653],[103.5,0.696],[103.517,0.698]]],[[[103.121,0.78],[103.105,0.735],[103.086,0.725],[103.08,0.769],[103.107,0.793],[103.121,0.78]]],[[[104.523,0.788],[104.622,0.787],[104.614,0.766],[104.554,0.771],[104.511,0.75],[104.523,0.788]]],[[[103.668,0.84],[103.727,0.78],[103.713,0.762],[103.668,0.84]]],[[[103.473,0.909],[103.479,0.879],[103.458,0.87],[103.407,0.911],[103.453,0.921],[103.473,0.909]]],[[[120.628,1.079],[120.683,1.045],[120.608,1.072],[120.628,1.079]]],[[[120.392,1.086],[120.404,1.045],[120.378,1.024],[120.372,1.068],[120.392,1.086]]],[[[119.862,-0.834],[119.854,-0.716],[119.792,-0.607],[119.758,-0.47],[119.781,-0.239],[119.808,-0.183],[119.8,-0.124],[119.792,-0.107],[119.73,-0.121],[119.675,-0.099],[119.639,-0.051],[119.634,0.01],[119.668,-0.004],[119.675,0.03],[119.778,-0.076],[119.833,-0.084],[119.888,0.071],[119.794,0.197],[119.785,0.239],[119.869,0.287],[119.859,0.364],[119.912,0.474],[120.032,0.516],[120.045,0.55],[120.025,0.667],[120.046,0.734],[120.121,0.754],[120.227,0.815],[120.257,0.969],[120.278,0.994],[120.342,0.983],[120.346,0.856],[120.367,0.866],[120.422,0.812],[120.47,0.797],[120.511,0.811],[120.568,0.782],[120.614,0.832],[120.602,0.856],[120.662,0.969],[120.69,0.996],[120.734,0.98],[120.754,1.021],[120.802,1.053],[120.799,1.142],[120.826,1.197],[120.82,1.291],[120.834,1.326],[120.875,1.326],[120.909,1.354],[120.909,1.311],[120.967,1.346],[121.08,1.332],[121.159,1.303],[121.183,1.271],[121.265,1.23],[121.318,1.254],[121.399,1.262],[121.451,1.298],[121.472,1.257],[121.43,1.233],[121.45,1.167],[121.481,1.121],[121.547,1.072],[121.631,1.062],[121.926,1.099],[121.943,1.091],[121.956,1.046],[121.99,1.022],[122.064,1.065],[122.235,1.01],[122.297,1.01],[122.314,1.024],[122.376,1.01],[122.454,1.021],[122.524,0.98],[122.645,0.959],[122.679,0.919],[122.849,0.818],[122.918,0.86],[122.968,0.963],[123.176,0.923],[123.191,0.928],[123.187,0.974],[123.226,0.95],[123.255,0.961],[123.304,0.912],[123.383,0.928],[123.563,0.867],[123.612,0.886],[123.691,0.853],[123.938,0.832],[123.951,0.846],[123.938,0.859],[124.008,0.898],[124.153,0.946],[124.191,0.983],[124.29,1.017],[124.315,1.038],[124.363,1.167],[124.389,1.186],[124.514,1.195],[124.548,1.216],[124.567,1.192],[124.594,1.196],[124.616,1.257],[124.606,1.273],[124.534,1.289],[124.548,1.36],[124.62,1.417],[124.717,1.406],[124.774,1.455],[124.836,1.469],[124.85,1.49],[124.822,1.549],[124.826,1.573],[124.95,1.683],[124.969,1.674],[124.973,1.723],[125.0,1.739],[125.0,1.116],[124.899,0.973],[124.822,0.941],[124.799,0.906],[124.746,0.881],[124.664,0.806],[124.636,0.725],[124.573,0.649],[124.583,0.595],[124.544,0.588],[124.503,0.534],[124.514,0.503],[124.466,0.449],[124.415,0.448],[124.322,0.399],[124.151,0.37],[124.109,0.387],[124.069,0.352],[124.034,0.359],[123.996,0.339],[123.825,0.318],[123.782,0.299],[123.725,0.309],[123.626,0.267],[123.571,0.304],[123.466,0.312],[123.39,0.298],[123.239,0.325],[123.191,0.39],[123.164,0.397],[123.074,0.516],[122.978,0.483],[122.694,0.483],[122.65,0.524],[122.653,0.48],[122.639,0.475],[122.566,0.497],[122.324,0.497],[122.166,0.469],[122.038,0.482],[121.985,0.448],[121.8,0.426],[121.779,0.433],[121.716,0.515],[121.636,0.516],[121.602,0.552],[121.588,0.533],[121.528,0.537],[121.495,0.483],[121.444,0.469],[121.413,0.483],[121.33,0.462],[121.261,0.482],[121.164,0.457],[121.108,0.407],[121.047,0.419],[121.005,0.449],[120.876,0.425],[120.847,0.462],[120.789,0.49],[120.751,0.483],[120.68,0.531],[120.503,0.529],[120.375,0.478],[120.273,0.378],[120.158,0.228],[120.104,0.117],[120.075,-0.016],[120.023,-0.071],[120.019,-0.153],[119.996,-0.209],[120.019,-0.363],[120.059,-0.442],[120.046,-0.483],[120.073,-0.614],[120.256,-0.899],[120.326,-0.939],[120.388,-0.901],[120.412,-0.905],[120.447,-0.96],[120.5,-0.975],[120.587,-1.117],[120.565,-1.216],[120.619,-1.28],[120.649,-1.364],[120.676,-1.395],[120.737,-1.361],[120.83,-1.34],[120.827,-1.378],[120.844,-1.39],[120.988,-1.381],[121.033,-1.416],[121.073,-1.421],[121.105,-1.406],[121.167,-1.323],[121.207,-1.191],[121.267,-1.149],[121.318,-1.067],[121.375,-1.021],[121.501,-0.859],[121.578,-0.847],[121.588,-0.813],[121.62,-0.8],[121.66,-0.813],[121.663,-0.888],[121.714,-0.935],[121.926,-0.955],[122.019,-0.917],[122.105,-0.926],[122.141,-0.887],[122.156,-0.799],[122.208,-0.765],[122.487,-0.75],[122.557,-0.768],[122.622,-0.751],[122.716,-0.792],[122.929,-0.759],[122.96,-0.731],[122.897,-0.716],[122.883,-0.696],[122.766,-0.683],[122.735,-0.648],[122.779,-0.646],[122.823,-0.612],[123.013,-0.604],[123.076,-0.556],[123.24,-0.57],[123.403,-0.643],[123.417,-0.655],[123.406,-0.678],[123.425,-0.708],[123.445,-0.71],[123.438,-0.73],[123.454,-0.758],[123.438,-0.854],[123.4,-0.895],[123.383,-1.004],[123.352,-1.04],[123.311,-1.051],[123.239,-1.025],[123.15,-0.935],[123.151,-0.873],[123.096,-0.835],[123.061,-0.881],[123.009,-0.894],[122.876,-0.909],[122.839,-0.899],[122.812,-0.924],[122.721,-1.109],[122.662,-1.143],[122.638,-1.206],[122.572,-1.253],[122.478,-1.381],[122.369,-1.493],[122.184,-1.614],[122.143,-1.594],[122.064,-1.621],[122.026,-1.614],[121.955,-1.664],[121.861,-1.67],[121.856,-1.688],[121.799,-1.718],[121.755,-1.834],[121.692,-1.908],[121.553,-1.929],[121.505,-1.877],[121.457,-1.861],[121.441,-1.814],[121.371,-1.806],[121.347,-1.779],[121.312,-1.783],[121.296,-1.817],[121.304,-1.847],[121.341,-1.84],[121.346,-1.856],[121.327,-1.919],[121.341,-1.991],[121.402,-1.909],[121.436,-1.98],[121.535,-2.059],[121.575,-2.163],[121.701,-2.18],[121.823,-2.287],[121.883,-2.413],[122.009,-2.594],[122.016,-2.694],[122.084,-2.764],[122.146,-2.779],[122.177,-2.807],[122.193,-2.866],[122.287,-2.889],[122.313,-2.927],[122.271,-3.002],[122.28,-3.04],[122.386,-3.132],[122.43,-3.115],[122.446,-3.149],[122.473,-3.151],[122.465,-3.177],[122.437,-3.19],[122.429,-3.246],[122.383,-3.238],[122.358,-3.218],[122.321,-3.257],[122.296,-3.313],[122.304,-3.341],[122.373,-3.372],[122.378,-3.439],[122.362,-3.437],[122.362,-3.413],[122.327,-3.403],[122.325,-3.375],[122.28,-3.356],[122.272,-3.376],[122.252,-3.376],[122.291,-3.471],[122.262,-3.529],[122.201,-3.557],[122.205,-3.594],[122.236,-3.643],[122.305,-3.675],[122.335,-3.718],[122.441,-3.731],[122.549,-3.879],[122.656,-3.889],[122.667,-3.919],[122.624,-3.952],[122.551,-3.971],[122.656,-4.007],[122.667,-4.102],[122.688,-4.138],[122.708,-4.139],[122.711,-4.115],[122.778,-4.137],[122.842,-4.129],[122.775,-4.048],[122.807,-4.041],[122.845,-4.058],[122.873,-4.093],[122.907,-4.196],[122.892,-4.266],[122.9,-4.389],[122.867,-4.4],[122.842,-4.438],[122.723,-4.332],[122.67,-4.315],[122.745,-4.41],[122.77,-4.417],[122.773,-4.468],[122.758,-4.485],[122.736,-4.482],[122.711,-4.452],[122.682,-4.48],[122.67,-4.432],[122.599,-4.397],[122.498,-4.435],[122.43,-4.417],[122.35,-4.453],[122.233,-4.468],[122.153,-4.513],[122.108,-4.52],[122.066,-4.582],[122.04,-4.663],[122.059,-4.742],[122.129,-4.8],[122.077,-4.842],[121.992,-4.856],[121.887,-4.846],[121.823,-4.813],[121.742,-4.816],[121.704,-4.835],[121.657,-4.787],[121.554,-4.744],[121.485,-4.656],[121.48,-4.581],[121.529,-4.398],[121.533,-4.238],[121.56,-4.225],[121.553,-4.252],[121.585,-4.237],[121.617,-4.167],[121.628,-4.087],[121.594,-4.041],[121.555,-4.021],[121.43,-3.999],[121.354,-3.968],[121.296,-3.887],[121.256,-3.903],[121.255,-3.816],[121.16,-3.796],[120.894,-3.539],[120.875,-3.499],[120.868,-3.458],[120.889,-3.389],[120.95,-3.328],[120.979,-3.267],[121.015,-3.252],[121.067,-3.194],[121.073,-3.115],[121.048,-3.066],[121.08,-2.978],[121.082,-2.872],[121.071,-2.851],[121.053,-2.862],[121.033,-2.814],[121.012,-2.848],[120.984,-2.824],[121.019,-2.802],[121.025,-2.779],[121.053,-2.778],[121.067,-2.752],[121.08,-2.759],[121.048,-2.699],[121.006,-2.661],[120.854,-2.646],[120.799,-2.615],[120.584,-2.682],[120.543,-2.747],[120.203,-2.958],[120.24,-3.036],[120.261,-3.05],[120.285,-3.122],[120.264,-3.142],[120.383,-3.209],[120.4,-3.251],[120.426,-3.256],[120.402,-3.297],[120.399,-3.501],[120.422,-3.582],[120.422,-3.666],[120.444,-3.691],[120.447,-3.729],[120.36,-3.894],[120.352,-4.1],[120.381,-4.167],[120.374,-4.249],[120.388,-4.294],[120.362,-4.387],[120.367,-4.424],[120.403,-4.472],[120.402,-4.574],[120.45,-4.647],[120.416,-4.689],[120.387,-4.829],[120.326,-4.842],[120.309,-4.871],[120.307,-4.993],[120.264,-5.15],[120.388,-5.352],[120.436,-5.565],[120.464,-5.62],[120.416,-5.617],[120.348,-5.514],[120.323,-5.51],[120.1,-5.596],[119.987,-5.564],[119.915,-5.569],[119.806,-5.692],[119.724,-5.704],[119.648,-5.679],[119.634,-5.617],[119.61,-5.609],[119.57,-5.656],[119.518,-5.558],[119.455,-5.574],[119.47,-5.596],[119.433,-5.588],[119.422,-5.551],[119.438,-5.522],[119.36,-5.396],[119.353,-5.356],[119.404,-5.124],[119.46,-5.074],[119.52,-4.917],[119.497,-4.718],[119.525,-4.698],[119.591,-4.564],[119.627,-4.315],[119.6,-4.242],[119.627,-4.163],[119.606,-4.105],[119.621,-4.026],[119.647,-3.978],[119.607,-3.976],[119.593,-4.026],[119.585,-3.97],[119.454,-3.7],[119.514,-3.563],[119.498,-3.495],[119.347,-3.431],[119.298,-3.428],[119.23,-3.485],[119.158,-3.478],[119.099,-3.505],[119.027,-3.51],[118.999,-3.525],[119.004,-3.56],[118.97,-3.54],[118.949,-3.569],[118.927,-3.566],[118.842,-3.368],[118.853,-3.296],[118.817,-3.172],[118.782,-3.144],[118.764,-3.091],[118.791,-3.06],[118.848,-3.068],[118.886,-2.87],[118.834,-2.841],[118.772,-2.862],[118.757,-2.776],[118.806,-2.63],[118.841,-2.628],[118.871,-2.654],[118.914,-2.648],[119.015,-2.577],[119.047,-2.513],[119.136,-2.454],[119.134,-2.204],[119.186,-2.121],[119.216,-2.01],[119.264,-1.963],[119.336,-1.97],[119.347,-1.959],[119.367,-1.833],[119.329,-1.781],[119.305,-1.652],[119.333,-1.573],[119.302,-1.494],[119.295,-1.405],[119.333,-1.35],[119.314,-1.246],[119.399,-1.133],[119.453,-1.096],[119.482,-0.963],[119.525,-0.86],[119.682,-0.737],[119.659,-0.696],[119.734,-0.634],[119.825,-0.859],[119.847,-0.875],[119.862,-0.834]]],[[[100.947,1.825],[100.948,1.883],[100.886,2.036],[100.823,2.116],[100.8,2.209],[100.841,2.281],[100.886,2.298],[101.05,2.291],[101.067,2.22],[101.182,2.145],[101.317,2.025],[101.327,1.916],[101.378,1.773],[101.427,1.709],[101.567,1.656],[101.712,1.671],[101.749,1.662],[102.021,1.438],[102.118,1.387],[102.143,1.358],[102.153,1.311],[102.147,1.248],[102.197,1.2],[102.194,1.066],[102.209,1.024],[102.425,0.804],[102.532,0.742],[102.595,0.736],[102.667,0.75],[102.877,0.726],[102.954,0.676],[103.084,0.516],[103.092,0.469],[103.075,0.442],[102.716,0.258],[102.628,0.234],[102.582,0.181],[102.555,0.186],[102.503,0.236],[102.43,0.246],[102.481,0.234],[102.546,0.169],[102.578,0.159],[102.695,0.232],[102.763,0.229],[102.903,0.268],[103.008,0.325],[103.076,0.383],[103.166,0.408],[103.224,0.488],[103.362,0.536],[103.421,0.516],[103.541,0.435],[103.588,0.377],[103.606,0.311],[103.645,0.345],[103.743,0.277],[103.814,0.019],[103.802,-0.007],[103.671,-0.017],[103.664,-0.041],[103.629,-0.048],[103.592,-0.011],[103.577,-0.014],[103.565,-0.024],[103.586,-0.045],[103.576,-0.104],[103.494,-0.118],[103.467,-0.183],[103.415,-0.217],[103.301,-0.238],[103.271,-0.258],[103.333,-0.264],[103.489,-0.212],[103.503,-0.23],[103.495,-0.254],[103.457,-0.289],[103.437,-0.338],[103.346,-0.367],[103.401,-0.385],[103.493,-0.375],[103.598,-0.437],[103.547,-0.49],[103.418,-0.518],[103.373,-0.449],[103.38,-0.514],[103.415,-0.552],[103.416,-0.575],[103.373,-0.648],[103.386,-0.681],[103.346,-0.696],[103.376,-0.727],[103.463,-0.758],[103.465,-0.783],[103.441,-0.813],[103.507,-0.805],[103.527,-0.816],[103.565,-0.875],[103.586,-0.875],[103.65,-0.943],[103.689,-0.949],[103.725,-0.986],[103.794,-1.009],[103.829,-1.073],[103.856,-1.014],[103.956,-0.977],[104.041,-1.022],[104.127,-1.032],[104.212,-1.073],[104.32,-1.034],[104.377,-1.032],[104.41,-1.128],[104.401,-1.231],[104.449,-1.316],[104.463,-1.573],[104.538,-1.761],[104.483,-1.881],[104.497,-1.936],[104.537,-1.854],[104.564,-1.858],[104.637,-1.922],[104.589,-2.019],[104.621,-2.01],[104.655,-1.97],[104.664,-2.031],[104.686,-2.045],[104.773,-1.998],[104.815,-2.008],[104.85,-2.038],[104.883,-2.126],[104.86,-2.199],[104.757,-2.33],[104.671,-2.351],[104.606,-2.402],[104.71,-2.371],[104.73,-2.453],[104.713,-2.558],[104.699,-2.582],[104.633,-2.605],[104.57,-2.656],[104.536,-2.719],[104.531,-2.773],[104.6,-2.664],[104.731,-2.591],[104.769,-2.495],[104.772,-2.414],[104.832,-2.345],[104.846,-2.302],[104.883,-2.285],[104.901,-2.293],[104.912,-2.36],[104.929,-2.375],[104.941,-2.336],[104.98,-2.326],[105.045,-2.367],[105.087,-2.361],[105.117,-2.38],[105.247,-2.343],[105.331,-2.373],[105.535,-2.395],[105.552,-2.402],[105.538,-2.409],[105.549,-2.421],[105.59,-2.395],[105.624,-2.402],[105.635,-2.443],[105.607,-2.529],[105.618,-2.595],[105.673,-2.663],[105.778,-2.69],[105.795,-2.724],[105.792,-2.862],[105.81,-2.899],[105.879,-2.951],[105.975,-2.953],[106.028,-2.983],[106.054,-3.047],[106.059,-3.17],[106.08,-3.212],[106.073,-3.256],[105.963,-3.329],[105.9,-3.407],[105.82,-3.673],[105.826,-3.712],[105.851,-3.743],[105.933,-3.802],[105.952,-3.834],[105.936,-3.91],[105.87,-4.004],[105.813,-4.239],[105.853,-4.404],[105.906,-4.469],[105.909,-4.547],[105.888,-4.602],[105.905,-4.67],[105.882,-4.696],[105.867,-4.825],[105.91,-4.943],[105.867,-5.041],[105.865,-5.256],[105.84,-5.337],[105.84,-5.469],[105.824,-5.53],[105.83,-5.655],[105.783,-5.829],[105.73,-5.897],[105.713,-5.832],[105.602,-5.81],[105.586,-5.791],[105.569,-5.68],[105.545,-5.658],[105.525,-5.679],[105.484,-5.659],[105.28,-5.444],[105.25,-5.459],[105.257,-5.517],[105.239,-5.569],[105.18,-5.58],[105.196,-5.668],[105.216,-5.698],[105.155,-5.727],[105.158,-5.743],[105.215,-5.759],[105.163,-5.786],[105.118,-5.782],[105.073,-5.746],[104.791,-5.609],[104.681,-5.507],[104.606,-5.479],[104.613,-5.499],[104.551,-5.508],[104.534,-5.524],[104.533,-5.56],[104.689,-5.808],[104.716,-5.921],[104.561,-5.928],[104.542,-5.842],[104.463,-5.783],[104.384,-5.692],[104.298,-5.643],[104.291,-5.625],[104.314,-5.605],[104.302,-5.586],[104.258,-5.54],[104.127,-5.462],[103.993,-5.313],[104.002,-5.263],[103.991,-5.246],[103.963,-5.225],[103.901,-5.219],[103.913,-5.139],[103.891,-5.104],[103.792,-5.031],[103.726,-5.017],[103.736,-4.978],[103.705,-4.955],[103.682,-4.955],[103.654,-4.979],[103.617,-4.92],[103.554,-4.909],[103.5,-4.864],[103.462,-4.856],[103.415,-4.869],[103.386,-4.805],[103.359,-4.787],[103.329,-4.794],[103.304,-4.734],[103.173,-4.618],[103.05,-4.543],[102.92,-4.493],[102.876,-4.421],[102.701,-4.27],[102.313,-3.991],[102.284,-3.931],[102.311,-3.865],[102.263,-3.793],[102.222,-3.643],[101.877,-3.421],[101.611,-3.225],[101.419,-2.927],[101.327,-2.739],[101.299,-2.708],[101.105,-2.587],[100.923,-2.333],[100.834,-2.159],[100.887,-2.037],[100.858,-1.892],[100.776,-1.806],[100.654,-1.618],[100.633,-1.508],[100.571,-1.443],[100.584,-1.395],[100.569,-1.331],[100.458,-1.264],[100.426,-1.276],[100.406,-1.264],[100.432,-1.235],[100.433,-1.207],[100.366,-1.15],[100.385,-1.104],[100.371,-1.073],[100.413,-1.073],[100.416,-1.048],[100.38,-1.03],[100.353,-0.977],[100.344,-0.909],[100.301,-0.816],[100.16,-0.668],[100.035,-0.488],[99.824,-0.313],[99.806,-0.228],[99.759,-0.168],[99.767,-0.075],[99.747,-0.03],[99.611,0.099],[99.49,0.155],[99.393,0.172],[99.341,0.239],[99.233,0.217],[99.138,0.263],[99.158,0.32],[99.111,0.346],[99.132,0.412],[99.123,0.509],[99.111,0.524],[99.098,0.514],[99.1,0.602],[99.073,0.631],[99.049,0.62],[99.042,0.777],[98.981,0.832],[98.976,0.921],[98.917,1.117],[98.839,1.301],[98.845,1.346],[98.789,1.414],[98.768,1.494],[98.73,1.514],[98.71,1.564],[98.734,1.57],[98.753,1.536],[98.823,1.63],[98.819,1.682],[98.788,1.691],[98.774,1.749],[98.727,1.792],[98.711,1.779],[98.727,1.756],[98.72,1.733],[98.691,1.736],[98.535,1.936],[98.444,1.991],[98.355,2.004],[98.33,2.038],[98.269,2.038],[98.244,2.088],[98.153,2.157],[97.956,2.272],[97.867,2.247],[97.795,2.278],[97.744,2.281],[97.658,2.412],[97.644,2.669],[97.603,2.866],[97.405,2.943],[97.313,3.062],[97.271,3.214],[97.24,3.238],[97.172,3.255],[97.019,3.523],[96.922,3.606],[96.884,3.682],[96.761,3.749],[96.56,3.747],[96.48,3.779],[96.198,4.121],[96.16,4.141],[96.125,4.136],[96.065,4.205],[96.01,4.226],[95.726,4.532],[95.617,4.628],[95.565,4.638],[95.573,4.674],[95.527,4.697],[95.468,4.789],[95.426,4.827],[95.349,5.038],[95.28,5.123],[95.299,5.15],[95.291,5.192],[95.249,5.231],[95.232,5.282],[95.199,5.293],[95.254,5.412],[95.232,5.451],[95.245,5.461],[95.197,5.546],[95.213,5.573],[95.28,5.574],[95.432,5.655],[95.511,5.603],[95.534,5.622],[95.612,5.627],[95.762,5.577],[95.888,5.512],[95.904,5.451],[95.93,5.414],[96.088,5.295],[96.291,5.259],[96.407,5.217],[96.466,5.236],[96.527,5.211],[96.651,5.216],[96.828,5.28],[96.894,5.262],[96.973,5.273],[97.074,5.238],[97.149,5.199],[97.176,5.161],[97.227,5.146],[97.497,5.252],[97.526,5.242],[97.664,5.073],[97.909,4.89],[97.963,4.789],[97.975,4.706],[98.007,4.634],[97.997,4.546],[98.039,4.552],[98.048,4.539],[98.061,4.555],[98.09,4.533],[98.138,4.534],[98.186,4.484],[98.206,4.498],[98.276,4.425],[98.266,4.212],[98.186,4.17],[98.179,4.108],[98.263,4.177],[98.306,4.08],[98.406,4.079],[98.477,4.046],[98.508,4.005],[98.558,4.001],[98.568,3.966],[98.595,3.944],[98.677,3.915],[98.7,3.875],[98.711,3.804],[98.797,3.725],[98.958,3.671],[99.18,3.546],[99.368,3.408],[99.433,3.383],[99.49,3.336],[99.506,3.296],[99.558,3.245],[99.751,3.18],[99.782,3.121],[99.853,3.047],[99.858,3.011],[99.89,3.018],[99.98,2.948],[99.998,2.799],[99.953,2.696],[99.993,2.669],[100.008,2.603],[100.028,2.618],[100.012,2.679],[99.974,2.703],[100.019,2.732],[100.055,2.727],[100.077,2.689],[100.096,2.57],[100.126,2.53],[100.139,2.538],[100.117,2.604],[100.121,2.664],[100.159,2.704],[100.211,2.706],[100.217,2.679],[100.248,2.662],[100.269,2.597],[100.312,2.563],[100.382,2.355],[100.434,2.273],[100.561,2.157],[100.618,2.129],[100.666,2.134],[100.813,2.04],[100.872,1.972],[100.906,1.857],[100.947,1.825]]],[[[120.812,-9.984],[120.84,-10.051],[120.827,-10.091],[120.725,-10.197],[120.631,-10.236],[120.547,-10.233],[120.491,-10.266],[120.483,-10.301],[120.45,-10.31],[120.392,-10.263],[120.23,-10.245],[120.156,-10.221],[120.135,-10.187],[120.087,-10.163],[120.059,-10.119],[120.034,-10.112],[120.015,-10.043],[119.967,-9.984],[119.697,-9.853],[119.685,-9.813],[119.634,-9.79],[119.634,-9.769],[119.46,-9.75],[119.423,-9.762],[119.406,-9.79],[119.347,-9.755],[119.177,-9.741],[119.097,-9.718],[119.037,-9.676],[118.998,-9.617],[118.942,-9.57],[118.942,-9.526],[119.025,-9.438],[119.169,-9.386],[119.268,-9.364],[119.385,-9.378],[119.457,-9.358],[119.529,-9.375],[119.629,-9.342],[119.662,-9.348],[119.68,-9.371],[119.799,-9.384],[119.959,-9.29],[119.971,-9.323],[120.094,-9.461],[120.148,-9.48],[120.183,-9.467],[120.229,-9.492],[120.271,-9.643],[120.347,-9.671],[120.39,-9.638],[120.478,-9.641],[120.509,-9.697],[120.58,-9.735],[120.67,-9.885],[120.812,-9.984]]],[[[115.573,-8.672],[115.624,-8.769],[115.589,-8.807],[115.468,-8.732],[115.518,-8.67],[115.573,-8.672]]],[[[119.738,-8.617],[119.792,-8.624],[119.789,-8.642],[119.747,-8.672],[119.75,-8.686],[119.709,-8.694],[119.705,-8.724],[119.723,-8.762],[119.698,-8.802],[119.656,-8.767],[119.615,-8.778],[119.606,-8.769],[119.634,-8.727],[119.627,-8.714],[119.66,-8.685],[119.641,-8.679],[119.634,-8.597],[119.695,-8.667],[119.738,-8.617]]],[[[119.562,-8.532],[119.587,-8.562],[119.573,-8.566],[119.57,-8.59],[119.525,-8.59],[119.507,-8.566],[119.457,-8.597],[119.471,-8.615],[119.491,-8.611],[119.473,-8.647],[119.448,-8.654],[119.443,-8.679],[119.47,-8.741],[119.374,-8.734],[119.402,-8.668],[119.398,-8.634],[119.381,-8.628],[119.38,-8.566],[119.415,-8.556],[119.422,-8.535],[119.415,-8.443],[119.457,-8.426],[119.48,-8.487],[119.56,-8.488],[119.575,-8.507],[119.562,-8.532]]],[[[123.35,-8.28],[123.321,-8.385],[123.289,-8.404],[123.164,-8.392],[123.041,-8.411],[123.02,-8.392],[123.036,-8.332],[123.157,-8.244],[123.264,-8.238],[123.341,-8.259],[123.35,-8.28]]],[[[116.668,-8.289],[116.735,-8.353],[116.743,-8.392],[116.685,-8.481],[116.681,-8.556],[116.628,-8.615],[116.555,-8.745],[116.5,-8.803],[116.509,-8.858],[116.541,-8.836],[116.589,-8.863],[116.565,-8.896],[116.509,-8.897],[116.476,-8.92],[116.447,-8.92],[116.433,-8.911],[116.472,-8.839],[116.423,-8.836],[116.398,-8.855],[116.403,-8.954],[116.38,-8.912],[116.351,-8.926],[116.328,-8.899],[116.205,-8.92],[116.167,-8.879],[116.106,-8.875],[116.077,-8.895],[116.064,-8.884],[116.084,-8.865],[116.069,-8.856],[116.04,-8.865],[116.04,-8.902],[116.019,-8.908],[115.969,-8.849],[115.928,-8.855],[115.839,-8.817],[115.831,-8.77],[115.849,-8.725],[115.879,-8.725],[115.892,-8.755],[115.954,-8.754],[115.983,-8.737],[116.023,-8.748],[116.041,-8.734],[116.066,-8.76],[116.088,-8.737],[116.091,-8.727],[116.06,-8.714],[116.073,-8.578],[116.028,-8.445],[116.05,-8.415],[116.106,-8.405],[116.123,-8.374],[116.286,-8.236],[116.394,-8.201],[116.668,-8.289]]],[[[119.113,-8.147],[119.137,-8.191],[119.127,-8.22],[119.1,-8.252],[119.052,-8.261],[119.023,-8.234],[119.02,-8.19],[119.042,-8.149],[119.086,-8.132],[119.113,-8.147]]],[[[119.199,-8.612],[119.175,-8.645],[119.182,-8.721],[119.152,-8.742],[118.972,-8.751],[118.898,-8.688],[118.857,-8.722],[118.765,-8.711],[118.702,-8.748],[118.736,-8.775],[118.927,-8.797],[118.95,-8.834],[118.908,-8.851],[118.846,-8.837],[118.829,-8.851],[118.757,-8.802],[118.714,-8.8],[118.465,-8.865],[118.414,-8.854],[118.387,-8.796],[118.439,-8.69],[118.415,-8.583],[118.4,-8.596],[118.394,-8.675],[118.339,-8.692],[118.295,-8.765],[118.158,-8.868],[118.079,-8.844],[118.024,-8.851],[117.998,-8.881],[117.89,-8.937],[117.857,-8.933],[117.839,-8.906],[117.788,-8.933],[117.725,-8.912],[117.558,-9.002],[117.389,-9.054],[117.334,-9.059],[117.192,-9.024],[117.127,-9.091],[117.01,-9.107],[116.949,-9.06],[116.906,-9.063],[116.763,-9.016],[116.728,-8.963],[116.748,-8.923],[116.735,-8.873],[116.777,-8.826],[116.817,-8.818],[116.824,-8.799],[116.791,-8.745],[116.764,-8.738],[116.772,-8.68],[116.749,-8.667],[116.79,-8.584],[116.832,-8.575],[116.838,-8.508],[116.88,-8.528],[116.985,-8.496],[117.126,-8.405],[117.118,-8.383],[117.195,-8.358],[117.216,-8.385],[117.274,-8.395],[117.434,-8.481],[117.443,-8.411],[117.52,-8.419],[117.558,-8.405],[117.592,-8.515],[117.6,-8.446],[117.623,-8.438],[117.64,-8.541],[117.699,-8.577],[117.744,-8.569],[117.736,-8.583],[117.764,-8.595],[117.765,-8.621],[117.792,-8.638],[117.757,-8.645],[117.805,-8.72],[117.894,-8.7],[117.904,-8.727],[117.969,-8.748],[118.068,-8.656],[118.158,-8.645],[118.246,-8.657],[118.282,-8.642],[118.283,-8.588],[118.233,-8.549],[118.209,-8.577],[118.134,-8.487],[118.117,-8.497],[118.057,-8.451],[118.003,-8.474],[117.97,-8.461],[117.823,-8.354],[117.712,-8.241],[117.711,-8.204],[117.741,-8.148],[117.918,-8.086],[117.959,-8.083],[117.978,-8.109],[118.115,-8.114],[118.15,-8.134],[118.177,-8.233],[118.254,-8.34],[118.271,-8.337],[118.312,-8.371],[118.365,-8.345],[118.463,-8.249],[118.503,-8.248],[118.53,-8.266],[118.647,-8.289],[118.696,-8.371],[118.657,-8.526],[118.667,-8.547],[118.727,-8.452],[118.717,-8.38],[118.754,-8.326],[118.859,-8.289],[118.973,-8.302],[118.998,-8.321],[119.022,-8.42],[119.051,-8.47],[119.031,-8.548],[119.052,-8.646],[119.13,-8.633],[119.134,-8.599],[119.155,-8.594],[119.167,-8.56],[119.199,-8.612]]],[[[123.028,-8.297],[123.019,-8.334],[122.904,-8.363],[122.897,-8.461],[122.853,-8.454],[122.818,-8.426],[122.804,-8.438],[122.803,-8.478],[122.849,-8.552],[122.848,-8.584],[122.807,-8.611],[122.565,-8.669],[122.515,-8.712],[122.449,-8.734],[122.253,-8.75],[122.163,-8.727],[122.115,-8.732],[122.005,-8.802],[121.876,-8.838],[121.78,-8.888],[121.734,-8.88],[121.69,-8.851],[121.646,-8.906],[121.622,-8.837],[121.581,-8.818],[121.396,-8.794],[121.367,-8.82],[121.375,-8.884],[121.341,-8.918],[121.211,-8.892],[121.165,-8.895],[121.067,-8.941],[120.995,-8.941],[120.907,-8.914],[120.833,-8.817],[120.792,-8.823],[120.748,-8.871],[120.683,-8.844],[120.642,-8.844],[120.578,-8.79],[120.382,-8.796],[120.323,-8.831],[120.279,-8.829],[120.244,-8.823],[120.165,-8.769],[119.976,-8.814],[119.936,-8.837],[119.943,-8.858],[119.907,-8.872],[119.892,-8.807],[119.84,-8.793],[119.806,-8.741],[119.808,-8.57],[119.871,-8.494],[119.867,-8.413],[119.919,-8.461],[119.97,-8.438],[119.991,-8.447],[120.025,-8.385],[120.094,-8.399],[120.121,-8.351],[120.149,-8.371],[120.213,-8.293],[120.277,-8.269],[120.378,-8.275],[120.422,-8.227],[120.457,-8.275],[120.483,-8.279],[120.522,-8.255],[120.594,-8.282],[120.594,-8.233],[120.745,-8.33],[120.813,-8.321],[120.909,-8.343],[120.976,-8.337],[121.053,-8.405],[121.279,-8.467],[121.381,-8.572],[121.409,-8.583],[121.471,-8.569],[121.502,-8.602],[121.575,-8.566],[121.574,-8.538],[121.608,-8.542],[121.603,-8.496],[121.625,-8.467],[121.68,-8.511],[121.773,-8.487],[121.807,-8.495],[121.835,-8.474],[121.893,-8.493],[122.019,-8.426],[122.041,-8.449],[122.022,-8.479],[122.04,-8.515],[122.081,-8.515],[122.141,-8.542],[122.23,-8.617],[122.288,-8.634],[122.477,-8.595],[122.515,-8.553],[122.512,-8.528],[122.481,-8.506],[122.485,-8.484],[122.547,-8.453],[122.598,-8.395],[122.758,-8.361],[122.82,-8.305],[122.881,-8.286],[122.944,-8.215],[122.94,-8.193],[122.876,-8.186],[122.79,-8.23],[122.74,-8.222],[122.784,-8.124],[122.863,-8.07],[122.98,-8.147],[122.978,-8.196],[123.028,-8.297]]],[[[115.502,-8.173],[115.714,-8.375],[115.701,-8.419],[115.605,-8.501],[115.534,-8.507],[115.499,-8.548],[115.323,-8.624],[115.254,-8.715],[115.212,-8.728],[115.203,-8.747],[115.221,-8.789],[115.214,-8.762],[115.232,-8.754],[115.229,-8.83],[115.135,-8.851],[115.095,-8.834],[115.094,-8.818],[115.159,-8.782],[115.182,-8.746],[115.186,-8.722],[115.156,-8.662],[114.927,-8.467],[114.797,-8.405],[114.639,-8.399],[114.574,-8.362],[114.468,-8.219],[114.452,-8.095],[114.505,-8.09],[114.555,-8.134],[114.597,-8.111],[114.858,-8.193],[115.023,-8.173],[115.136,-8.073],[115.193,-8.055],[115.502,-8.173]]],[[[108.958,-7.72],[109.043,-7.761],[109.043,-7.779],[108.857,-7.732],[108.8,-7.734],[108.797,-7.702],[108.822,-7.679],[108.958,-7.72]]],[[[115.572,-6.931],[115.513,-6.939],[115.444,-6.91],[115.419,-6.925],[115.382,-6.911],[115.345,-6.928],[115.348,-6.941],[115.401,-6.973],[115.355,-6.982],[115.317,-6.952],[115.301,-6.972],[115.311,-7.001],[115.293,-7.008],[115.266,-6.983],[115.276,-6.939],[115.221,-6.94],[115.214,-6.928],[115.255,-6.863],[115.244,-6.846],[115.255,-6.838],[115.379,-6.835],[115.484,-6.852],[115.571,-6.905],[115.572,-6.931]]],[[[112.715,-5.736],[112.74,-5.787],[112.719,-5.842],[112.604,-5.847],[112.59,-5.786],[112.645,-5.732],[112.715,-5.736]]],[[[102.4,-5.418],[102.366,-5.442],[102.39,-5.477],[102.298,-5.473],[102.284,-5.499],[102.246,-5.442],[102.099,-5.335],[102.147,-5.29],[102.201,-5.287],[102.394,-5.376],[102.4,-5.418]]],[[[115.852,-4.739],[115.858,-4.78],[115.807,-4.822],[115.773,-4.815],[115.852,-4.739]]],[[[116.404,-3.375],[116.434,-3.41],[116.386,-3.64],[116.325,-3.533],[116.359,-3.441],[116.404,-3.375]]],[[[116.31,-3.725],[116.333,-3.75],[116.289,-3.816],[116.306,-3.904],[116.215,-3.944],[116.205,-3.975],[116.091,-4.067],[116.083,-4.038],[116.057,-4.041],[116.05,-4.02],[116.064,-3.955],[116.091,-3.934],[116.069,-3.886],[116.074,-3.801],[116.019,-3.725],[116.016,-3.629],[116.053,-3.479],[116.119,-3.324],[116.268,-3.219],[116.279,-3.245],[116.263,-3.406],[116.321,-3.498],[116.276,-3.514],[116.274,-3.533],[116.297,-3.585],[116.31,-3.725]]],[[[100.508,-3.122],[100.536,-3.177],[100.529,-3.184],[100.494,-3.16],[100.508,-3.122]]],[[[100.412,-3.213],[100.467,-3.287],[100.478,-3.315],[100.461,-3.334],[100.379,-3.272],[100.376,-3.241],[100.337,-3.223],[100.33,-3.197],[100.36,-3.207],[100.338,-3.162],[100.345,-3.127],[100.292,-3.077],[100.248,-3.069],[100.255,-3.053],[100.189,-2.967],[100.2,-2.92],[100.179,-2.803],[100.227,-2.773],[100.385,-2.915],[100.468,-3.015],[100.465,-3.133],[100.406,-3.128],[100.381,-3.153],[100.402,-3.159],[100.412,-3.213]]],[[[100.21,-2.708],[100.215,-2.753],[100.159,-2.773],[100.139,-2.82],[100.09,-2.824],[100.05,-2.807],[100.038,-2.834],[100.016,-2.834],[100.001,-2.765],[99.987,-2.767],[99.996,-2.639],[99.967,-2.615],[99.976,-2.595],[99.961,-2.553],[99.975,-2.494],[100.003,-2.491],[100.108,-2.6],[100.167,-2.628],[100.21,-2.708]]],[[[99.823,-2.293],[99.859,-2.357],[99.858,-2.375],[99.846,-2.38],[99.833,-2.352],[99.713,-2.313],[99.672,-2.271],[99.604,-2.266],[99.616,-2.234],[99.594,-2.228],[99.59,-2.211],[99.576,-2.224],[99.528,-2.145],[99.564,-2.131],[99.548,-2.061],[99.565,-2.031],[99.594,-2.015],[99.631,-2.018],[99.694,-2.068],[99.707,-2.128],[99.775,-2.259],[99.823,-2.293]]],[[[108.968,-1.588],[108.948,-1.632],[108.858,-1.664],[108.828,-1.657],[108.827,-1.587],[108.793,-1.58],[108.901,-1.533],[108.956,-1.564],[108.968,-1.588]]],[[[109.76,-1.032],[109.777,-1.141],[109.688,-1.196],[109.536,-1.259],[109.502,-1.292],[109.466,-1.293],[109.417,-1.254],[109.445,-1.169],[109.452,-1.004],[109.475,-0.977],[109.544,-0.991],[109.588,-0.97],[109.657,-1.004],[109.723,-0.987],[109.76,-1.032]]],[[[99.262,-1.587],[99.292,-1.719],[99.274,-1.738],[99.254,-1.654],[99.227,-1.614],[99.2,-1.628],[99.245,-1.716],[99.255,-1.772],[99.182,-1.774],[99.118,-1.802],[98.885,-1.679],[98.823,-1.608],[98.83,-1.57],[98.812,-1.529],[98.631,-1.285],[98.594,-1.198],[98.649,-1.072],[98.658,-0.963],[98.724,-0.943],[98.789,-0.957],[98.84,-0.922],[98.898,-0.916],[98.892,-0.935],[98.918,-0.94],[98.946,-0.985],[98.939,-1.004],[98.905,-0.991],[98.938,-1.065],[98.98,-1.094],[99.068,-1.241],[99.053,-1.273],[99.078,-1.283],[99.117,-1.367],[99.165,-1.414],[99.165,-1.456],[99.124,-1.429],[99.131,-1.448],[99.204,-1.517],[99.21,-1.573],[99.262,-1.587]]],[[[98.505,-0.474],[98.487,-0.511],[98.5,-0.566],[98.487,-0.546],[98.459,-0.552],[98.468,-0.539],[98.448,-0.526],[98.426,-0.543],[98.422,-0.587],[98.275,-0.525],[98.302,-0.511],[98.336,-0.518],[98.364,-0.442],[98.364,-0.36],[98.425,-0.299],[98.429,-0.244],[98.451,-0.258],[98.507,-0.365],[98.505,-0.474]]],[[[98.497,-0.2],[98.56,-0.278],[98.542,-0.343],[98.549,-0.381],[98.406,-0.168],[98.344,-0.045],[98.296,-0.007],[98.364,0.01],[98.406,-0.007],[98.47,-0.108],[98.497,-0.2]]],[[[103.298,0.605],[103.296,0.549],[103.281,0.538],[103.171,0.514],[103.14,0.539],[103.159,0.665],[103.179,0.696],[103.212,0.708],[103.247,0.694],[103.298,0.605]]],[[[103.523,0.808],[103.523,0.778],[103.49,0.821],[103.426,0.854],[103.421,0.873],[103.497,0.84],[103.523,0.808]]],[[[103.863,0.877],[103.924,0.822],[103.941,0.776],[103.911,0.781],[103.819,0.886],[103.863,0.877]]],[[[103.46,0.82],[103.51,0.743],[103.459,0.658],[103.434,0.647],[103.416,0.657],[103.346,0.763],[103.339,0.805],[103.357,0.872],[103.386,0.889],[103.401,0.88],[103.428,0.832],[103.46,0.82]]],[[[103.817,0.842],[103.84,0.788],[103.832,0.765],[103.746,0.823],[103.726,0.873],[103.743,0.894],[103.817,0.842]]],[[[103.952,0.988],[103.967,0.947],[103.922,0.935],[103.857,0.968],[103.839,1.003],[103.857,1.014],[103.874,1.004],[103.88,1.031],[103.952,0.988]]],[[[104.791,1.024],[104.844,1.018],[104.853,0.975],[104.833,0.955],[104.826,0.993],[104.791,1.024]]],[[[107.562,1.037],[107.602,1.01],[107.56,0.97],[107.547,0.976],[107.559,1.004],[107.536,1.008],[107.531,1.028],[107.562,1.037]]],[[[103.445,1.006],[103.424,0.99],[103.341,1.02],[103.315,1.062],[103.342,1.12],[103.39,1.13],[103.398,1.064],[103.428,1.047],[103.445,1.006]]],[[[103.052,0.785],[103.044,0.721],[103.007,0.694],[102.895,0.79],[102.681,0.805],[102.558,0.78],[102.516,0.791],[102.407,0.873],[102.425,0.914],[102.501,0.953],[102.468,1.106],[102.489,1.133],[102.528,1.14],[102.556,1.126],[102.616,1.058],[102.605,1.011],[102.622,1.002],[102.664,0.996],[102.719,1.017],[102.783,1.002],[103.022,0.845],[103.052,0.785]]],[[[103.163,0.9],[103.167,0.859],[103.127,0.834],[103.086,0.841],[102.952,0.925],[102.907,0.969],[102.824,0.995],[102.791,1.031],[102.712,1.031],[102.648,1.006],[102.625,1.022],[102.716,1.154],[102.802,1.163],[102.886,1.133],[103.037,1.045],[103.163,0.9]]],[[[104.152,1.14],[104.131,1.049],[104.106,1.065],[104.113,1.038],[104.092,0.99],[104.049,0.984],[103.996,1.01],[103.956,1.01],[103.907,1.072],[103.914,1.1],[103.938,1.08],[103.956,1.085],[103.945,1.135],[103.996,1.133],[104.031,1.188],[104.085,1.133],[104.079,1.182],[104.103,1.19],[104.138,1.172],[104.152,1.14]]],[[[104.647,1.105],[104.667,1.031],[104.647,0.997],[104.659,0.928],[104.616,0.906],[104.6,0.835],[104.567,0.83],[104.483,0.859],[104.484,0.893],[104.449,0.922],[104.485,0.922],[104.487,0.937],[104.421,0.957],[104.428,0.975],[104.463,0.983],[104.463,1.017],[104.485,1.034],[104.439,1.057],[104.327,1.007],[104.271,1.004],[104.246,1.017],[104.232,1.093],[104.317,1.133],[104.341,1.18],[104.389,1.179],[104.4,1.203],[104.508,1.18],[104.572,1.209],[104.576,1.225],[104.593,1.199],[104.588,1.145],[104.647,1.105]]],[[[102.48,1.219],[102.446,1.076],[102.465,0.963],[102.4,0.928],[102.369,0.935],[102.267,1.037],[102.233,1.1],[102.245,1.204],[102.201,1.298],[102.217,1.409],[102.291,1.405],[102.451,1.267],[102.48,1.219]]],[[[102.49,1.49],[102.51,1.277],[102.479,1.271],[102.315,1.421],[102.096,1.475],[102.027,1.548],[102.004,1.586],[102.008,1.615],[102.072,1.623],[102.152,1.581],[102.338,1.558],[102.463,1.515],[102.49,1.49]]],[[[98.555,1.682],[98.599,1.632],[98.529,1.623],[98.44,1.65],[98.43,1.676],[98.463,1.709],[98.521,1.656],[98.555,1.682]]],[[[97.145,2.052],[97.102,2.016],[97.069,2.087],[97.1,2.111],[97.134,2.107],[97.145,2.052]]],[[[101.758,2.011],[101.776,1.948],[101.736,1.888],[101.729,1.799],[101.649,1.722],[101.577,1.709],[101.531,1.718],[101.46,1.766],[101.394,1.931],[101.406,2.014],[101.441,2.065],[101.551,2.058],[101.615,2.117],[101.649,2.128],[101.682,2.109],[101.758,2.011]]],[[[96.658,2.122],[96.665,2.088],[96.623,2.071],[96.61,2.08],[96.618,2.127],[96.658,2.122]]],[[[97.32,2.179],[97.342,2.058],[97.322,2.031],[97.322,2.058],[97.306,2.057],[97.207,2.176],[97.103,2.213],[97.172,2.233],[97.208,2.208],[97.247,2.231],[97.281,2.229],[97.282,2.209],[97.32,2.179]]],[[[118.575,2.294],[118.654,2.182],[118.578,2.237],[118.556,2.312],[118.578,2.319],[118.634,2.272],[118.633,2.261],[118.575,2.294]]],[[[109.114,2.523],[109.078,2.496],[109.027,2.486],[109.012,2.498],[109.023,2.528],[108.98,2.529],[108.968,2.544],[108.983,2.561],[109.008,2.56],[109.114,2.523]]],[[[106.233,2.806],[106.238,2.733],[106.219,2.758],[106.203,2.819],[106.233,2.806]]],[[[96.48,2.415],[96.481,2.364],[96.421,2.343],[96.37,2.367],[96.335,2.355],[96.308,2.374],[96.328,2.395],[96.285,2.436],[96.24,2.449],[96.066,2.579],[95.965,2.614],[95.931,2.596],[95.883,2.62],[95.863,2.655],[95.791,2.655],[95.794,2.696],[95.735,2.758],[95.74,2.778],[95.698,2.779],[95.7,2.832],[95.78,2.846],[95.767,2.878],[95.792,2.943],[95.814,2.922],[95.912,2.906],[95.91,2.874],[95.883,2.884],[95.883,2.846],[95.917,2.861],[96.003,2.777],[96.107,2.75],[96.131,2.715],[96.103,2.655],[96.13,2.665],[96.162,2.648],[96.144,2.679],[96.158,2.68],[96.246,2.6],[96.321,2.566],[96.359,2.521],[96.375,2.474],[96.395,2.477],[96.396,2.525],[96.424,2.511],[96.48,2.415]]],[[[108.856,3.003],[108.881,3.003],[108.899,2.983],[108.884,2.942],[108.89,2.888],[108.83,2.848],[108.775,2.895],[108.829,2.936],[108.856,3.003]]],[[[107.813,2.995],[107.768,2.979],[107.745,2.984],[107.751,3.012],[107.773,3.025],[107.796,3.026],[107.813,2.995]]],[[[105.813,2.996],[105.853,2.984],[105.847,2.97],[105.833,2.977],[105.812,2.904],[105.73,2.881],[105.764,2.85],[105.713,2.843],[105.696,2.885],[105.723,2.977],[105.682,3.011],[105.696,3.034],[105.689,3.06],[105.703,3.066],[105.737,3.032],[105.739,2.988],[105.785,2.977],[105.813,2.996]]],[[[106.285,3.087],[106.258,3.114],[106.242,3.108],[106.211,3.128],[106.208,3.225],[106.239,3.227],[106.277,3.196],[106.285,3.087]]],[[[117.521,3.325],[117.521,3.288],[117.417,3.289],[117.421,3.322],[117.45,3.344],[117.521,3.325]]],[[[106.292,3.368],[106.286,3.264],[106.277,3.292],[106.265,3.289],[106.279,3.231],[106.23,3.258],[106.255,3.345],[106.292,3.368]]],[[[117.567,3.438],[117.672,3.427],[117.684,3.4],[117.667,3.272],[117.648,3.246],[117.625,3.283],[117.556,3.332],[117.531,3.403],[117.542,3.428],[117.567,3.438]]],[[[117.896,3.486],[117.891,3.456],[117.826,3.494],[117.785,3.538],[117.785,3.582],[117.804,3.591],[117.848,3.575],[117.896,3.486]]],[[[117.497,3.456],[117.373,3.498],[117.271,3.5],[117.23,3.525],[117.218,3.56],[117.268,3.593],[117.308,3.573],[117.394,3.566],[117.435,3.525],[117.514,3.495],[117.517,3.477],[117.497,3.456]]],[[[117.832,3.798],[117.784,3.82],[117.73,3.868],[117.767,3.874],[117.829,3.841],[117.853,3.812],[117.832,3.798]]],[[[117.741,4.088],[117.753,4.052],[117.706,3.987],[117.665,3.983],[117.62,4.015],[117.594,4.064],[117.613,4.108],[117.661,4.149],[117.741,4.088]]],[[[108.407,3.885],[108.318,3.684],[108.239,3.676],[108.184,3.648],[108.094,3.696],[108.125,3.748],[108.165,3.757],[108.187,3.792],[108.224,3.785],[108.28,3.732],[108.262,3.792],[108.245,3.813],[108.18,3.817],[108.062,3.856],[107.985,4.012],[108.022,4.064],[108.06,4.074],[108.225,4.245],[108.25,4.211],[108.257,4.131],[108.396,3.991],[108.404,3.936],[108.362,3.889],[108.396,3.875],[108.407,3.885]]],[[[108.013,4.768],[107.993,4.691],[107.937,4.691],[107.991,4.764],[108.013,4.768]]],[[[95.191,5.608],[95.156,5.595],[95.109,5.622],[95.142,5.664],[95.191,5.608]]],[[[95.127,5.702],[95.122,5.669],[95.095,5.684],[95.061,5.656],[95.048,5.69],[95.061,5.732],[95.015,5.745],[95.058,5.757],[95.127,5.702]]],[[[95.351,5.887],[95.383,5.842],[95.383,5.807],[95.355,5.828],[95.35,5.784],[95.32,5.781],[95.273,5.807],[95.215,5.91],[95.248,5.905],[95.284,5.857],[95.325,5.898],[95.351,5.887]]],[[[123.413,-10.605],[123.409,-10.679],[123.349,-10.674],[123.243,-10.738],[123.232,-10.789],[123.209,-10.813],[122.988,-10.865],[122.958,-10.888],[122.972,-10.906],[122.842,-10.921],[122.821,-10.893],[122.813,-10.778],[122.918,-10.737],[123.049,-10.711],[123.177,-10.619],[123.191,-10.578],[123.216,-10.575],[123.242,-10.529],[123.335,-10.49],[123.386,-10.433],[123.397,-10.463],[123.376,-10.496],[123.394,-10.509],[123.378,-10.562],[123.356,-10.581],[123.413,-10.605]]],[[[121.923,-10.42],[121.996,-10.441],[121.998,-10.509],[121.882,-10.598],[121.732,-10.597],[121.69,-10.564],[121.826,-10.494],[121.88,-10.429],[121.923,-10.42]]],[[[123.474,-10.163],[123.505,-10.171],[123.506,-10.187],[123.459,-10.215],[123.447,-10.24],[123.396,-10.228],[123.424,-10.299],[123.413,-10.333],[123.39,-10.331],[123.367,-10.301],[123.322,-10.339],[123.32,-10.268],[123.404,-10.158],[123.458,-10.139],[123.474,-10.163]]],[[[123.939,-8.232],[123.932,-8.271],[123.79,-8.294],[123.688,-8.436],[123.657,-8.405],[123.572,-8.472],[123.609,-8.535],[123.583,-8.566],[123.543,-8.569],[123.5,-8.522],[123.455,-8.569],[123.407,-8.589],[123.324,-8.535],[123.283,-8.556],[123.239,-8.549],[123.227,-8.526],[123.358,-8.411],[123.486,-8.351],[123.473,-8.321],[123.37,-8.317],[123.38,-8.288],[123.414,-8.267],[123.457,-8.279],[123.516,-8.241],[123.568,-8.248],[123.518,-8.353],[123.589,-8.374],[123.609,-8.343],[123.582,-8.306],[123.602,-8.296],[123.628,-8.307],[123.639,-8.294],[123.625,-8.245],[123.642,-8.223],[123.701,-8.251],[123.705,-8.227],[123.804,-8.179],[123.849,-8.214],[123.939,-8.232]]],[[[124.294,-8.258],[124.3,-8.319],[124.232,-8.381],[124.192,-8.489],[124.15,-8.539],[124.059,-8.552],[124.051,-8.482],[124.019,-8.43],[123.931,-8.46],[123.907,-8.455],[123.985,-8.338],[124.044,-8.305],[124.074,-8.321],[124.109,-8.385],[124.11,-8.364],[124.258,-8.182],[124.285,-8.183],[124.308,-8.22],[124.294,-8.258]]],[[[125.0,-8.373],[124.766,-8.408],[124.65,-8.405],[124.545,-8.447],[124.495,-8.43],[124.428,-8.467],[124.397,-8.447],[124.357,-8.456],[124.334,-8.413],[124.386,-8.358],[124.41,-8.306],[124.514,-8.261],[124.548,-8.231],[124.538,-8.22],[124.421,-8.268],[124.392,-8.265],[124.397,-8.22],[124.475,-8.133],[124.569,-8.131],[124.603,-8.207],[124.688,-8.165],[124.898,-8.168],[124.952,-8.15],[125.0,-8.165],[125.0,-8.373]]],[[[113.99,-6.878],[114.11,-6.947],[114.125,-6.982],[113.981,-7.021],[113.956,-7.045],[113.91,-7.048],[113.871,-7.095],[113.895,-7.121],[113.833,-7.132],[113.665,-7.11],[113.645,-7.131],[113.593,-7.139],[113.549,-7.234],[113.513,-7.248],[113.472,-7.222],[113.234,-7.208],[113.166,-7.22],[113.146,-7.172],[113.159,-7.151],[113.122,-7.139],[113.103,-7.179],[113.149,-7.215],[113.128,-7.231],[112.818,-7.161],[112.726,-7.159],[112.727,-7.09],[112.701,-7.092],[112.693,-7.059],[112.701,-7.033],[112.734,-7.028],[112.793,-6.984],[112.844,-6.925],[112.842,-6.909],[112.915,-6.892],[113.446,-6.882],[113.526,-6.896],[113.924,-6.865],[113.99,-6.878]]],[[[105.264,-6.528],[105.256,-6.628],[105.204,-6.673],[105.183,-6.672],[105.202,-6.623],[105.175,-6.583],[105.12,-6.631],[105.138,-6.587],[105.188,-6.548],[105.264,-6.528]]],[[[120.555,-5.979],[120.553,-6.11],[120.526,-6.195],[120.53,-6.287],[120.503,-6.373],[120.505,-6.432],[120.481,-6.477],[120.464,-6.384],[120.471,-6.275],[120.448,-6.257],[120.429,-6.186],[120.45,-6.141],[120.448,-5.844],[120.47,-5.767],[120.494,-5.775],[120.555,-5.979]]],[[[104.846,-5.773],[104.838,-5.82],[104.79,-5.788],[104.77,-5.752],[104.787,-5.742],[104.846,-5.773]]],[[[122.064,-5.224],[122.047,-5.242],[122.047,-5.452],[122.032,-5.465],[121.968,-5.468],[121.924,-5.404],[121.882,-5.39],[121.807,-5.26],[121.841,-5.16],[121.882,-5.144],[121.854,-5.102],[121.916,-5.054],[121.919,-5.095],[121.977,-5.07],[121.997,-5.138],[122.01,-5.154],[122.033,-5.15],[122.064,-5.19],[122.064,-5.224]]],[[[122.781,-4.939],[122.773,-4.958],[122.743,-4.953],[122.661,-5.055],[122.604,-5.16],[122.607,-5.191],[122.636,-5.194],[122.63,-5.217],[122.598,-5.228],[122.648,-5.256],[122.659,-5.296],[122.647,-5.345],[122.616,-5.356],[122.598,-5.42],[122.584,-5.409],[122.543,-5.429],[122.543,-5.339],[122.511,-5.287],[122.499,-5.349],[122.469,-5.396],[122.432,-5.393],[122.407,-5.353],[122.451,-5.315],[122.395,-5.321],[122.383,-5.373],[122.364,-5.39],[122.301,-5.387],[122.28,-5.37],[122.275,-5.328],[122.316,-5.243],[122.333,-5.124],[122.377,-5.098],[122.403,-5.062],[122.355,-4.885],[122.327,-4.842],[122.383,-4.746],[122.499,-4.725],[122.657,-4.624],[122.711,-4.615],[122.736,-4.644],[122.753,-4.844],[122.781,-4.939]]],[[[123.189,-5.248],[123.218,-5.284],[123.213,-5.302],[123.145,-5.385],[123.047,-5.424],[123.01,-5.396],[122.978,-5.394],[122.876,-5.458],[122.861,-5.508],[122.91,-5.499],[122.918,-5.527],[122.813,-5.688],[122.79,-5.692],[122.768,-5.641],[122.747,-5.679],[122.736,-5.627],[122.677,-5.679],[122.638,-5.662],[122.567,-5.507],[122.655,-5.425],[122.629,-5.404],[122.721,-5.266],[122.803,-5.232],[122.815,-5.211],[122.809,-5.189],[122.758,-5.207],[122.757,-5.165],[122.804,-5.044],[122.791,-5.021],[122.753,-5.034],[122.818,-4.969],[122.834,-4.929],[122.821,-4.842],[122.855,-4.818],[122.855,-4.61],[122.909,-4.475],[123.041,-4.384],[123.086,-4.389],[123.062,-4.421],[123.069,-4.44],[123.148,-4.508],[123.2,-4.589],[123.191,-4.653],[123.211,-4.678],[123.22,-4.817],[123.211,-4.842],[123.197,-4.837],[123.184,-4.777],[123.15,-4.718],[123.124,-4.71],[123.105,-4.767],[123.082,-4.739],[123.067,-4.753],[123.052,-4.74],[123.047,-4.797],[123.024,-4.815],[123.013,-4.857],[123.015,-4.929],[122.964,-4.993],[122.985,-5.065],[122.95,-5.19],[122.988,-5.187],[123.02,-5.142],[123.047,-5.137],[123.067,-5.171],[123.189,-5.248]]],[[[123.234,-4.015],[123.253,-4.09],[123.196,-4.188],[123.136,-4.239],[123.087,-4.234],[123.045,-4.21],[122.978,-4.129],[122.951,-4.047],[123.028,-3.974],[123.102,-4.012],[123.184,-3.99],[123.234,-4.015]]],[[[123.177,-3.601],[123.139,-3.603],[123.12,-3.629],[123.078,-3.603],[123.061,-3.571],[123.141,-3.539],[123.17,-3.558],[123.177,-3.601]]],[[[106.916,-2.951],[106.891,-2.995],[106.895,-3.018],[106.861,-3.029],[106.723,-2.966],[106.75,-2.923],[106.813,-2.892],[106.909,-2.93],[106.916,-2.951]]],[[[107.099,-2.859],[107.084,-2.91],[107.017,-2.88],[107.073,-2.82],[107.099,-2.859]]],[[[107.4,-2.851],[107.484,-2.82],[107.505,-2.855],[107.481,-2.899],[107.41,-2.948],[107.341,-2.887],[107.395,-2.869],[107.4,-2.851]]],[[[108.289,-2.867],[108.204,-3.005],[108.211,-3.04],[108.184,-3.105],[108.211,-3.136],[108.091,-3.161],[108.074,-3.226],[107.981,-3.24],[107.966,-3.151],[107.888,-3.087],[107.87,-3.052],[107.825,-3.066],[107.842,-3.145],[107.815,-3.167],[107.753,-3.198],[107.686,-3.198],[107.659,-3.233],[107.631,-3.241],[107.603,-3.229],[107.605,-3.177],[107.643,-3.128],[107.598,-3.084],[107.581,-3.011],[107.611,-2.918],[107.553,-2.928],[107.547,-2.917],[107.558,-2.894],[107.603,-2.871],[107.594,-2.786],[107.643,-2.748],[107.639,-2.685],[107.67,-2.561],[107.773,-2.56],[107.834,-2.525],[107.848,-2.55],[107.883,-2.564],[108.005,-2.58],[108.032,-2.642],[108.067,-2.594],[108.098,-2.608],[108.15,-2.65],[108.163,-2.683],[108.198,-2.678],[108.267,-2.757],[108.289,-2.867]]],[[[123.864,-1.989],[123.832,-2.005],[123.794,-1.992],[123.773,-1.923],[123.787,-1.874],[123.852,-1.939],[123.864,-1.989]]],[[[123.143,-1.775],[123.153,-1.824],[123.097,-1.895],[123.073,-1.902],[123.07,-1.841],[123.095,-1.755],[123.117,-1.753],[123.143,-1.775]]],[[[125.0,-1.944],[124.959,-1.922],[124.828,-1.895],[124.671,-1.97],[124.554,-2.005],[124.431,-2.012],[124.406,-2.004],[124.336,-1.888],[124.331,-1.827],[124.369,-1.751],[124.385,-1.668],[124.518,-1.626],[124.528,-1.655],[124.593,-1.633],[124.688,-1.638],[125.0,-1.717],[125.0,-1.944]]],[[[106.815,-2.561],[106.833,-2.58],[106.738,-2.614],[106.675,-2.7],[106.604,-2.91],[106.613,-2.943],[106.738,-3.005],[106.752,-3.074],[106.671,-3.096],[106.601,-3.071],[106.574,-3.077],[106.566,-3.102],[106.532,-3.106],[106.5,-3.039],[106.436,-2.971],[106.369,-2.967],[106.302,-2.913],[106.094,-2.841],[105.987,-2.821],[105.908,-2.675],[105.902,-2.629],[105.944,-2.499],[105.929,-2.457],[105.829,-2.395],[105.826,-2.307],[105.78,-2.151],[105.669,-2.115],[105.607,-2.115],[105.566,-2.067],[105.45,-2.123],[105.306,-2.135],[105.268,-2.087],[105.23,-2.07],[105.147,-2.08],[105.128,-2.045],[105.136,-1.966],[105.184,-1.917],[105.298,-1.874],[105.376,-1.822],[105.402,-1.783],[105.395,-1.738],[105.335,-1.698],[105.351,-1.687],[105.35,-1.649],[105.46,-1.563],[105.537,-1.555],[105.566,-1.532],[105.594,-1.526],[105.611,-1.54],[105.629,-1.614],[105.703,-1.655],[105.652,-1.707],[105.663,-1.74],[105.715,-1.774],[105.761,-1.765],[105.778,-1.793],[105.813,-1.793],[105.751,-1.703],[105.758,-1.645],[105.696,-1.532],[105.809,-1.526],[105.876,-1.489],[105.914,-1.494],[105.939,-1.535],[105.98,-1.539],[106.042,-1.584],[106.035,-1.678],[106.091,-1.746],[106.098,-1.777],[106.127,-1.79],[106.121,-1.819],[106.179,-1.888],[106.163,-2.007],[106.201,-2.178],[106.264,-2.351],[106.319,-2.431],[106.396,-2.482],[106.441,-2.471],[106.553,-2.51],[106.815,-2.561]]],[[[123.487,-1.259],[123.551,-1.285],[123.554,-1.303],[123.529,-1.433],[123.462,-1.494],[123.408,-1.517],[123.381,-1.498],[123.362,-1.511],[123.327,-1.421],[123.289,-1.422],[123.259,-1.466],[123.243,-1.632],[123.227,-1.593],[123.178,-1.622],[123.111,-1.577],[123.112,-1.556],[123.177,-1.518],[123.185,-1.486],[123.152,-1.301],[123.095,-1.346],[122.993,-1.509],[122.896,-1.59],[122.874,-1.585],[122.812,-1.444],[122.821,-1.314],[122.914,-1.176],[122.985,-1.196],[123.03,-1.169],[123.112,-1.163],[123.146,-1.183],[123.17,-1.148],[123.189,-1.145],[123.246,-1.223],[123.199,-1.269],[123.232,-1.395],[123.321,-1.292],[123.352,-1.229],[123.407,-1.219],[123.428,-1.258],[123.455,-1.231],[123.487,-1.259]]],[[[121.896,-0.428],[121.916,-0.47],[121.895,-0.508],[121.878,-0.511],[121.835,-0.477],[121.846,-0.5],[121.831,-0.511],[121.735,-0.48],[121.701,-0.535],[121.642,-0.546],[121.68,-0.469],[121.741,-0.429],[121.752,-0.401],[121.779,-0.425],[121.854,-0.401],[121.896,-0.428]]],[[[104.593,-0.448],[104.592,-0.484],[104.534,-0.529],[104.511,-0.614],[104.477,-0.614],[104.42,-0.575],[104.384,-0.653],[104.356,-0.662],[104.336,-0.543],[104.254,-0.46],[104.333,-0.346],[104.346,-0.364],[104.335,-0.405],[104.346,-0.428],[104.353,-0.387],[104.383,-0.401],[104.47,-0.332],[104.525,-0.367],[104.593,-0.448]]],[[[122.044,-0.335],[122.053,-0.374],[122.027,-0.407],[121.932,-0.415],[121.861,-0.378],[121.872,-0.333],[121.924,-0.34],[121.927,-0.312],[122.044,-0.335]]],[[[103.735,-0.281],[103.767,-0.325],[103.749,-0.349],[103.698,-0.35],[103.613,-0.387],[103.58,-0.372],[103.547,-0.383],[103.49,-0.362],[103.462,-0.367],[103.461,-0.334],[103.485,-0.287],[103.558,-0.223],[103.629,-0.234],[103.65,-0.255],[103.735,-0.281]]],[[[122.177,-0.23],[122.237,-0.273],[122.144,-0.233],[122.177,-0.196],[122.19,-0.205],[122.177,-0.23]]],[[[122.369,-0.264],[122.376,-0.346],[122.322,-0.258],[122.293,-0.237],[122.261,-0.241],[122.229,-0.208],[122.232,-0.189],[122.345,-0.239],[122.369,-0.264]]],[[[121.569,-0.145],[121.597,-0.125],[121.633,-0.125],[121.65,-0.147],[121.625,-0.198],[121.6,-0.203],[121.575,-0.183],[121.569,-0.145]]],[[[105.011,-0.282],[105.003,-0.295],[104.935,-0.278],[104.917,-0.288],[104.935,-0.332],[104.851,-0.301],[104.713,-0.209],[104.655,-0.216],[104.606,-0.244],[104.585,-0.237],[104.529,-0.27],[104.498,-0.228],[104.44,-0.214],[104.437,-0.181],[104.511,-0.114],[104.525,-0.008],[104.537,0.021],[104.558,0.003],[104.565,0.03],[104.676,-0.054],[104.681,-0.065],[104.647,-0.073],[104.653,-0.09],[104.706,-0.096],[104.766,-0.188],[104.814,-0.193],[104.826,-0.148],[104.849,-0.14],[104.929,-0.237],[105.011,-0.282]]],[[[104.49,0.083],[104.47,0.064],[104.477,0.024],[104.411,0.092],[104.401,0.119],[104.429,0.106],[104.409,0.151],[104.414,0.176],[104.49,0.083]]],[[[104.708,0.044],[104.684,0.036],[104.64,0.07],[104.626,0.102],[104.606,0.092],[104.595,0.102],[104.49,0.243],[104.531,0.216],[104.548,0.224],[104.708,0.044]]],[[[104.416,0.329],[104.42,0.306],[104.405,0.292],[104.339,0.365],[104.358,0.369],[104.416,0.329]]],[[[104.216,0.708],[104.288,0.651],[104.277,0.626],[104.216,0.708]]],[[[104.298,0.708],[104.206,0.726],[104.188,0.764],[104.196,0.78],[104.273,0.797],[104.298,0.708]]],[[[104.241,0.877],[104.266,0.856],[104.25,0.83],[104.176,0.798],[104.148,0.859],[104.092,0.88],[104.099,0.949],[104.128,0.943],[104.172,0.883],[104.241,0.877]]],[[[97.939,0.986],[97.901,0.906],[97.904,0.815],[97.874,0.622],[97.819,0.559],[97.774,0.585],[97.764,0.568],[97.726,0.585],[97.704,0.573],[97.679,0.599],[97.691,0.624],[97.658,0.675],[97.659,0.715],[97.614,0.824],[97.486,0.914],[97.479,0.943],[97.395,0.945],[97.372,1.06],[97.247,1.267],[97.192,1.298],[97.128,1.383],[97.082,1.408],[97.069,1.395],[97.064,1.415],[97.107,1.436],[97.165,1.411],[97.236,1.417],[97.321,1.474],[97.335,1.538],[97.35,1.545],[97.392,1.509],[97.417,1.519],[97.442,1.48],[97.486,1.477],[97.694,1.186],[97.792,1.144],[97.836,1.07],[97.89,1.058],[97.939,0.986]]],[[[122.361,-8.433],[122.421,-8.46],[122.409,-8.487],[122.377,-8.502],[122.344,-8.448],[122.361,-8.433]]],[[[121.734,-8.293],[121.744,-8.334],[121.709,-8.355],[121.676,-8.309],[121.71,-8.289],[121.734,-8.293]]],[[[121.818,-7.334],[121.837,-7.357],[121.835,-7.388],[121.759,-7.416],[121.754,-7.379],[121.769,-7.351],[121.818,-7.334]]],[[[114.541,-7.119],[114.622,-7.137],[114.619,-7.167],[114.495,-7.155],[114.499,-7.138],[114.541,-7.119]]],[[[114.343,-7.056],[114.397,-7.131],[114.392,-7.179],[114.293,-7.143],[114.27,-7.081],[114.295,-7.055],[114.343,-7.056]]],[[[123.376,-1.679],[123.378,-1.713],[123.301,-1.788],[123.28,-1.786],[123.28,-1.748],[123.356,-1.676],[123.376,-1.679]]],[[[122.124,-0.393],[122.095,-0.381],[122.085,-0.408],[122.071,-0.398],[122.06,-0.329],[122.077,-0.269],[122.095,-0.264],[122.102,-0.315],[122.143,-0.36],[122.124,-0.393]]],[[[121.622,-10.601],[121.631,-10.615],[121.595,-10.635],[121.527,-10.63],[121.565,-10.604],[121.622,-10.601]]],[[[115.894,-7.112],[115.894,-7.164],[115.838,-7.197],[115.796,-7.19],[115.743,-7.15],[115.77,-7.142],[115.778,-7.115],[115.808,-7.15],[115.88,-7.158],[115.867,-7.137],[115.894,-7.112]]],[[[110.459,-5.832],[110.464,-5.857],[110.438,-5.881],[110.421,-5.844],[110.459,-5.832]]],[[[123.61,-1.612],[123.601,-1.703],[123.564,-1.722],[123.493,-1.71],[123.476,-1.649],[123.493,-1.595],[123.477,-1.563],[123.523,-1.483],[123.545,-1.497],[123.569,-1.601],[123.61,-1.612]]],[[[98.59,0.172],[98.806,0.161],[98.836,0.141],[98.852,0.11],[98.845,0.085],[98.689,0.071],[98.539,0.09],[98.525,0.145],[98.59,0.172]]],[[[104.741,0.749],[104.754,0.737],[104.739,0.716],[104.721,0.738],[104.741,0.749]]],[[[104.663,0.834],[104.652,0.81],[104.625,0.811],[104.649,0.858],[104.663,0.834]]]]}},{"type":"Feature","properties":{"name":"Malaysia","iso":"MYS"},"geometry":{"type":"MultiPolygon","coordinates":[[[[117.697,4.169],[117.64,4.227],[117.702,4.268],[117.785,4.247],[117.818,4.205],[117.896,4.181],[117.907,4.157],[117.697,4.169]]],[[[102.073,6.258],[102.164,6.197],[102.187,6.203],[102.183,6.223],[102.167,6.218],[102.178,6.234],[102.2,6.233],[102.338,6.177],[102.38,6.133],[102.521,5.872],[102.626,5.797],[102.669,5.725],[102.876,5.571],[102.959,5.542],[103.028,5.486],[103.12,5.381],[103.222,5.221],[103.448,4.807],[103.443,4.743],[103.469,4.55],[103.451,4.488],[103.496,4.306],[103.448,4.217],[103.455,4.183],[103.395,4.116],[103.434,3.95],[103.412,3.964],[103.395,3.935],[103.378,3.802],[103.361,3.802],[103.339,3.758],[103.387,3.625],[103.462,3.534],[103.448,3.505],[103.482,3.512],[103.428,3.367],[103.456,3.204],[103.441,2.922],[103.52,2.789],[103.638,2.672],[103.716,2.642],[103.765,2.649],[103.767,2.624],[103.814,2.581],[103.84,2.525],[103.838,2.464],[103.949,2.34],[103.984,2.254],[103.976,2.192],[104.113,1.976],[104.124,1.871],[104.149,1.837],[104.167,1.847],[104.195,1.799],[104.255,1.638],[104.294,1.472],[104.277,1.367],[104.24,1.367],[104.219,1.346],[104.174,1.348],[104.106,1.375],[104.101,1.419],[104.065,1.449],[104.059,1.485],[104.148,1.545],[104.111,1.545],[104.053,1.506],[104.012,1.597],[103.966,1.648],[103.97,1.609],[104.008,1.549],[104.01,1.449],[103.974,1.42],[103.84,1.477],[103.753,1.449],[103.698,1.451],[103.6,1.353],[103.565,1.36],[103.548,1.382],[103.549,1.332],[103.516,1.27],[103.455,1.339],[103.414,1.468],[103.367,1.538],[103.206,1.61],[103.037,1.716],[102.935,1.748],[102.836,1.846],[102.804,1.86],[102.739,1.847],[102.699,1.859],[102.651,1.941],[102.558,2.019],[102.545,2.058],[102.154,2.236],[102.051,2.341],[101.999,2.362],[101.989,2.395],[101.927,2.422],[101.865,2.395],[101.851,2.479],[101.803,2.518],[101.774,2.587],[101.542,2.661],[101.503,2.689],[101.399,2.819],[101.286,2.85],[101.303,2.895],[101.281,2.898],[101.283,2.911],[101.373,3.002],[101.365,3.076],[101.323,3.124],[101.298,3.275],[101.236,3.344],[101.198,3.359],[101.108,3.474],[101.041,3.622],[100.934,3.689],[100.886,3.756],[100.812,3.787],[100.845,3.851],[100.785,3.839],[100.709,3.883],[100.706,3.984],[100.802,3.991],[100.835,4.019],[100.871,4.019],[100.862,4.04],[100.778,4.021],[100.766,4.1],[100.678,4.165],[100.633,4.155],[100.615,4.252],[100.565,4.319],[100.646,4.56],[100.597,4.572],[100.594,4.611],[100.617,4.638],[100.633,4.629],[100.666,4.67],[100.604,4.666],[100.594,4.743],[100.633,4.758],[100.612,4.772],[100.617,4.793],[100.576,4.799],[100.577,4.854],[100.55,4.875],[100.494,4.872],[100.515,4.889],[100.511,4.907],[100.482,4.925],[100.454,4.909],[100.442,4.923],[100.365,5.084],[100.409,5.127],[100.433,5.211],[100.419,5.248],[100.433,5.29],[100.38,5.391],[100.385,5.499],[100.351,5.584],[100.344,5.669],[100.376,5.663],[100.386,5.679],[100.365,5.694],[100.376,5.811],[100.349,6.013],[100.248,6.221],[100.175,6.291],[100.137,6.381],[100.127,6.442],[100.146,6.54],[100.167,6.566],[100.156,6.621],[100.167,6.695],[100.188,6.708],[100.212,6.689],[100.274,6.696],[100.329,6.558],[100.387,6.522],[100.467,6.513],[100.631,6.445],[100.73,6.493],[100.734,6.456],[100.773,6.447],[100.806,6.415],[100.833,6.237],[100.855,6.248],[100.91,6.236],[100.974,6.273],[101.023,6.241],[101.082,6.246],[101.089,6.189],[101.053,6.158],[101.053,6.135],[101.094,6.086],[101.079,5.938],[101.071,5.92],[101.015,5.898],[100.965,5.792],[100.999,5.73],[101.06,5.71],[101.122,5.63],[101.212,5.682],[101.249,5.787],[101.558,5.911],[101.634,5.856],[101.631,5.828],[101.666,5.766],[101.687,5.761],[101.727,5.786],[101.763,5.75],[101.8,5.74],[101.913,5.859],[101.935,5.982],[102.06,6.095],[102.073,6.258]]],[[[115.146,4.909],[115.189,4.917],[115.211,4.96],[115.239,4.937],[115.285,4.931],[115.304,4.906],[115.358,4.903],[115.48,5.026],[115.557,5.067],[115.573,5.17],[115.605,5.212],[115.599,5.225],[115.524,5.209],[115.401,5.3],[115.4,5.324],[115.365,5.307],[115.393,5.413],[115.55,5.54],[115.605,5.636],[115.619,5.613],[115.584,5.548],[115.605,5.52],[115.619,5.568],[115.674,5.529],[115.762,5.523],[115.818,5.533],[115.849,5.56],[115.894,5.643],[115.931,5.763],[116.051,5.842],[116.066,5.931],[116.142,6.073],[116.126,6.103],[116.104,6.095],[116.106,6.126],[116.154,6.147],[116.223,6.237],[116.252,6.246],[116.292,6.233],[116.293,6.276],[116.236,6.273],[116.283,6.307],[116.32,6.313],[116.348,6.38],[116.503,6.495],[116.521,6.569],[116.639,6.699],[116.669,6.876],[116.706,6.905],[116.719,6.975],[116.777,7.027],[116.838,6.962],[116.852,6.89],[116.823,6.904],[116.811,6.863],[116.852,6.839],[116.859,6.818],[116.844,6.752],[116.793,6.67],[116.784,6.592],[116.824,6.582],[116.845,6.592],[116.974,6.708],[116.984,6.755],[117.058,6.846],[117.031,6.931],[117.083,6.948],[117.078,6.993],[117.12,6.986],[117.15,7.003],[117.257,6.938],[117.23,6.818],[117.272,6.754],[117.296,6.636],[117.365,6.625],[117.459,6.548],[117.534,6.621],[117.538,6.578],[117.565,6.554],[117.558,6.54],[117.603,6.515],[117.641,6.522],[117.695,6.451],[117.711,6.464],[117.727,6.451],[117.744,6.39],[117.729,6.362],[117.739,6.336],[117.723,6.255],[117.656,6.253],[117.6,6.198],[117.661,6.106],[117.661,6.068],[117.633,6.04],[117.668,6.013],[117.669,5.973],[117.62,5.937],[117.493,5.895],[117.469,5.869],[117.569,5.903],[117.774,5.908],[117.772,5.944],[117.884,5.955],[117.974,6.048],[118.017,6.061],[118.051,6.026],[118.077,5.932],[118.125,5.864],[118.096,5.824],[118.059,5.809],[117.921,5.809],[117.908,5.785],[117.96,5.687],[118.055,5.718],[118.079,5.705],[118.107,5.713],[118.134,5.69],[118.152,5.705],[118.161,5.793],[118.176,5.805],[118.262,5.828],[118.341,5.794],[118.365,5.814],[118.594,5.682],[118.562,5.568],[118.565,5.526],[118.601,5.581],[118.603,5.619],[118.651,5.636],[118.737,5.548],[118.8,5.522],[118.819,5.478],[118.832,5.505],[118.919,5.455],[118.936,5.434],[118.939,5.413],[118.922,5.403],[118.933,5.394],[118.976,5.396],[118.971,5.428],[118.984,5.437],[119.086,5.41],[119.189,5.451],[119.278,5.345],[119.267,5.201],[119.156,5.106],[118.681,4.944],[118.572,4.972],[118.499,4.931],[118.428,5.019],[118.357,5.039],[118.292,5.001],[118.291,4.978],[118.253,4.987],[118.217,4.966],[118.136,4.882],[118.135,4.86],[118.178,4.831],[118.219,4.756],[118.278,4.695],[118.334,4.652],[118.381,4.643],[118.411,4.602],[118.428,4.594],[118.445,4.615],[118.477,4.601],[118.49,4.575],[118.469,4.537],[118.497,4.508],[118.552,4.533],[118.6,4.519],[118.594,4.506],[118.646,4.437],[118.626,4.419],[118.592,4.429],[118.593,4.397],[118.557,4.364],[118.392,4.346],[118.353,4.362],[118.333,4.339],[118.161,4.306],[117.983,4.231],[117.892,4.257],[117.823,4.306],[117.808,4.334],[117.708,4.37],[117.671,4.426],[117.656,4.424],[117.606,4.382],[117.629,4.362],[117.654,4.272],[117.599,4.207],[117.627,4.176],[117.567,4.16],[117.436,4.186],[117.357,4.26],[117.203,4.356],[117.165,4.333],[116.981,4.33],[116.883,4.345],[116.804,4.33],[116.712,4.367],[116.68,4.34],[116.616,4.344],[116.59,4.331],[116.522,4.397],[116.486,4.349],[116.494,4.325],[116.446,4.317],[116.411,4.289],[116.391,4.295],[116.358,4.355],[116.311,4.383],[116.229,4.356],[116.126,4.379],[116.11,4.345],[116.021,4.271],[115.994,4.289],[115.977,4.329],[115.879,4.352],[115.865,4.383],[115.844,4.389],[115.821,4.344],[115.817,4.281],[115.771,4.226],[115.733,4.239],[115.647,4.169],[115.61,3.997],[115.581,3.947],[115.539,3.921],[115.538,3.898],[115.589,3.858],[115.544,3.629],[115.601,3.43],[115.585,3.417],[115.557,3.425],[115.518,3.357],[115.483,3.206],[115.517,3.157],[115.482,3.111],[115.464,3.031],[115.31,2.986],[115.242,3.042],[115.208,2.981],[115.123,2.913],[115.069,2.833],[115.105,2.761],[115.057,2.711],[115.072,2.672],[115.056,2.609],[115.071,2.595],[115.115,2.608],[115.152,2.597],[115.192,2.551],[115.206,2.51],[115.193,2.491],[115.105,2.466],[114.973,2.357],[114.922,2.354],[114.913,2.284],[114.779,2.247],[114.753,2.135],[114.781,2.036],[114.841,2.038],[114.832,1.903],[114.68,1.841],[114.669,1.694],[114.624,1.599],[114.563,1.536],[114.568,1.469],[114.546,1.435],[114.501,1.436],[114.375,1.507],[114.173,1.421],[114.094,1.466],[113.91,1.442],[113.868,1.415],[113.808,1.34],[113.625,1.228],[113.524,1.314],[113.398,1.294],[113.324,1.351],[113.159,1.388],[113.089,1.431],[112.958,1.416],[113.024,1.514],[113.014,1.551],[112.973,1.57],[112.855,1.583],[112.802,1.544],[112.47,1.568],[112.399,1.523],[112.295,1.504],[112.162,1.435],[112.154,1.41],[112.182,1.4],[112.187,1.38],[112.093,1.143],[111.91,1.114],[111.823,1.008],[111.763,0.993],[111.623,1.03],[111.539,0.998],[111.503,0.958],[111.472,1.022],[111.374,1.008],[111.198,1.075],[110.973,1.018],[110.88,1.011],[110.797,0.95],[110.777,0.903],[110.758,0.915],[110.704,0.901],[110.661,0.872],[110.613,0.894],[110.554,0.851],[110.46,0.88],[110.364,0.981],[110.263,0.994],[110.257,1.039],[110.17,1.174],[110.052,1.215],[110.031,1.254],[109.964,1.299],[109.92,1.395],[109.843,1.403],[109.808,1.46],[109.776,1.458],[109.766,1.496],[109.658,1.597],[109.642,1.637],[109.642,1.781],[109.556,1.802],[109.528,1.89],[109.6,1.983],[109.645,2.083],[109.664,1.983],[109.655,1.937],[109.693,1.873],[109.887,1.76],[109.928,1.692],[110.168,1.702],[110.212,1.682],[110.254,1.706],[110.291,1.674],[110.308,1.709],[110.301,1.771],[110.329,1.803],[110.343,1.798],[110.366,1.716],[110.39,1.699],[110.421,1.696],[110.444,1.719],[110.508,1.741],[110.521,1.723],[110.466,1.621],[110.506,1.633],[110.536,1.597],[110.589,1.606],[110.727,1.547],[110.733,1.499],[110.678,1.449],[110.725,1.453],[110.763,1.48],[110.767,1.552],[110.793,1.572],[110.925,1.531],[111.044,1.427],[111.142,1.372],[111.233,1.395],[111.341,1.333],[111.384,1.354],[111.326,1.367],[111.305,1.408],[111.246,1.421],[111.177,1.401],[111.065,1.463],[111.011,1.543],[111.006,1.584],[111.038,1.677],[111.095,1.688],[111.137,1.682],[111.179,1.627],[111.215,1.64],[111.246,1.621],[111.267,1.627],[111.173,1.659],[111.158,1.692],[111.126,1.707],[111.096,1.774],[111.13,1.792],[111.11,1.815],[111.113,1.836],[111.175,1.953],[111.206,2.069],[111.268,2.068],[111.242,2.089],[111.254,2.126],[111.336,2.112],[111.378,2.162],[111.357,2.166],[111.329,2.129],[111.271,2.154],[111.185,2.145],[111.185,2.195],[111.22,2.22],[111.24,2.216],[111.185,2.254],[111.221,2.416],[111.246,2.436],[111.365,2.341],[111.448,2.372],[111.493,2.346],[111.424,2.427],[111.405,2.484],[111.487,2.474],[111.521,2.491],[111.462,2.508],[111.417,2.555],[111.44,2.68],[111.458,2.706],[111.67,2.843],[111.861,2.881],[112.014,2.886],[112.727,3.066],[113.008,3.162],[113.082,3.257],[113.069,3.279],[113.162,3.353],[113.2,3.416],[113.278,3.484],[113.308,3.559],[113.391,3.648],[113.434,3.753],[113.737,4.001],[113.947,4.274],[113.968,4.322],[113.961,4.362],[113.992,4.437],[113.976,4.595],[113.999,4.601],[114.119,4.562],[114.209,4.508],[114.217,4.488],[114.246,4.481],[114.29,4.361],[114.297,4.317],[114.276,4.289],[114.283,4.265],[114.42,4.26],[114.477,4.145],[114.569,4.064],[114.587,4.021],[114.628,4.017],[114.767,4.132],[114.817,4.26],[114.814,4.277],[114.783,4.264],[114.782,4.285],[114.829,4.34],[114.846,4.395],[114.848,4.424],[114.806,4.433],[114.788,4.461],[114.774,4.637],[114.742,4.729],[114.856,4.807],[114.948,4.819],[114.959,4.866],[115.016,4.916],[115.027,4.66],[115.08,4.504],[115.092,4.405],[115.17,4.361],[115.221,4.36],[115.346,4.314],[115.358,4.35],[115.286,4.435],[115.272,4.475],[115.273,4.637],[115.207,4.826],[115.147,4.886],[115.146,4.909]]],[[[118.233,5.851],[118.219,5.828],[118.166,5.828],[118.181,5.851],[118.233,5.851]]],[[[111.382,2.523],[111.41,2.372],[111.391,2.382],[111.37,2.36],[111.343,2.414],[111.313,2.431],[111.318,2.537],[111.299,2.703],[111.315,2.784],[111.35,2.771],[111.381,2.698],[111.382,2.523]]],[[[104.225,2.736],[104.211,2.715],[104.172,2.708],[104.131,2.746],[104.127,2.786],[104.16,2.818],[104.154,2.864],[104.171,2.891],[104.186,2.885],[104.211,2.828],[104.225,2.736]]],[[[118.749,4.486],[118.756,4.457],[118.675,4.437],[118.644,4.495],[118.749,4.486]]],[[[118.524,4.666],[118.578,4.655],[118.6,4.635],[118.575,4.627],[118.572,4.601],[118.548,4.622],[118.535,4.601],[118.346,4.676],[118.425,4.676],[118.456,4.697],[118.476,4.694],[118.51,4.649],[118.524,4.666]]],[[[115.26,5.315],[115.242,5.273],[115.204,5.284],[115.159,5.252],[115.189,5.345],[115.242,5.387],[115.26,5.315]]],[[[100.274,5.468],[100.343,5.418],[100.289,5.263],[100.184,5.269],[100.196,5.3],[100.179,5.458],[100.211,5.444],[100.235,5.465],[100.274,5.468]]],[[[99.8,6.273],[99.837,6.294],[99.826,6.191],[99.806,6.172],[99.767,6.224],[99.8,6.273]]],[[[99.901,6.364],[99.916,6.332],[99.866,6.291],[99.845,6.325],[99.825,6.324],[99.729,6.261],[99.719,6.353],[99.659,6.363],[99.645,6.436],[99.771,6.42],[99.814,6.454],[99.839,6.455],[99.842,6.47],[99.913,6.39],[99.901,6.364]]],[[[117.469,6.767],[117.511,6.704],[117.507,6.673],[117.469,6.643],[117.412,6.635],[117.347,6.655],[117.355,6.68],[117.444,6.699],[117.439,6.724],[117.404,6.726],[117.412,6.751],[117.469,6.767]]],[[[117.017,7.343],[117.02,7.295],[117.01,7.28],[116.992,7.297],[116.977,7.29],[116.982,7.253],[116.886,7.229],[116.905,7.209],[116.891,7.194],[116.852,7.198],[116.9,7.287],[116.962,7.308],[117.003,7.356],[117.017,7.343]]],[[[117.246,7.356],[117.282,7.332],[117.262,7.202],[117.247,7.183],[117.23,7.192],[117.14,7.168],[117.099,7.143],[117.072,7.102],[117.056,7.203],[117.068,7.28],[117.145,7.336],[117.246,7.356]]],[[[101.267,3.035],[101.244,3.026],[101.237,3.035],[101.263,3.056],[101.267,3.035]]],[[[101.336,3.065],[101.335,3.009],[101.268,2.965],[101.306,3.064],[101.336,3.065]]]]}},{"type":"Feature","properties":{"name":"Dhekelia Cantonment","iso":"ESB"},"geometry":{"type":"Polygon","coordinates":[[[33.781,34.976],[33.702,34.973],[33.715,34.997],[33.676,35.037],[33.679,35.056],[33.719,35.063],[33.708,35.029],[33.74,35.047],[33.766,35.032],[33.794,35.04],[33.798,35.053],[33.824,35.067],[33.854,35.058],[33.877,35.077],[33.876,35.119],[33.921,35.081],[33.898,35.061],[33.88,35.073],[33.855,35.053],[33.827,35.061],[33.799,35.039],[33.83,35.023],[33.829,35.001],[33.859,34.992],[33.859,34.975],[33.838,34.964],[33.892,34.958],[33.875,34.941],[33.847,34.942],[33.786,34.985],[33.761,34.99],[33.781,34.976]],[[33.741,35.014],[33.752,35.004],[33.752,35.014],[33.741,35.014]]]}},{"type":"Feature","properties":{"name":"Cyprus","iso":"CYP"},"geometry":{"type":"MultiPolygon","coordinates":[[[[33.794,34.978],[33.78,34.979],[33.759,34.989],[33.794,34.978]]],[[[33.752,35.004],[33.741,35.014],[33.752,35.014],[33.752,35.004]]],[[[33.898,35.061],[33.921,35.081],[33.876,35.119],[33.877,35.077],[33.854,35.058],[33.824,35.067],[33.798,35.053],[33.794,35.04],[33.766,35.032],[33.74,35.047],[33.708,35.029],[33.719,35.063],[33.679,35.056],[33.676,35.037],[33.715,34.997],[33.654,34.945],[33.633,34.852],[33.606,34.822],[33.544,34.815],[33.513,34.785],[33.439,34.763],[33.415,34.758],[33.4,34.773],[33.399,34.745],[33.26,34.701],[33.086,34.695],[33.016,34.634],[32.963,34.625],[32.954,34.643],[32.99,34.646],[32.988,34.673],[32.914,34.66],[32.866,34.679],[32.86,34.701],[32.832,34.701],[32.799,34.671],[32.767,34.676],[32.761,34.653],[32.707,34.645],[32.459,34.722],[32.413,34.753],[32.379,34.849],[32.329,34.886],[32.331,34.924],[32.272,35.073],[32.287,35.097],[32.353,35.048],[32.414,35.043],[32.48,35.083],[32.554,35.178],[32.65,35.188],[32.745,35.178],[32.828,35.149],[32.865,35.157],[32.929,35.233],[32.936,35.337],[32.92,35.398],[33.07,35.359],[33.428,35.329],[33.66,35.359],[33.784,35.417],[33.835,35.41],[34.036,35.471],[34.131,35.511],[34.182,35.554],[34.32,35.586],[34.593,35.692],[34.573,35.644],[34.138,35.415],[34.059,35.324],[33.971,35.321],[33.924,35.279],[33.9,35.164],[34.051,35.033],[34.099,34.965],[34.012,34.988],[33.892,34.958],[33.838,34.964],[33.859,34.975],[33.859,34.992],[33.829,35.001],[33.83,35.023],[33.799,35.039],[33.804,35.05],[33.855,35.053],[33.88,35.073],[33.898,35.061]]]]}},{"type":"Feature","properties":{"name":"India","iso":"IND"},"geometry":{"type":"MultiPolygon","coordinates":[[[[78.965,33.344],[79.098,33.288],[79.26,33.292],[79.42,33.275],[79.456,33.25],[79.423,33.158],[79.373,33.112],[79.399,33.027],[79.34,33.013],[79.334,32.994],[79.414,32.972],[79.564,32.794],[79.614,32.765],[79.621,32.729],[79.576,32.671],[79.531,32.648],[79.516,32.608],[79.443,32.535],[79.407,32.53],[79.379,32.576],[79.32,32.592],[79.287,32.533],[79.113,32.472],[79.075,32.371],[79.028,32.377],[78.943,32.346],[78.911,32.355],[78.771,32.462],[78.737,32.546],[78.751,32.613],[78.737,32.63],[78.694,32.63],[78.63,32.578],[78.448,32.566],[78.385,32.548],[78.381,32.528],[78.452,32.417],[78.435,32.384],[78.463,32.282],[78.458,32.23],[78.513,32.208],[78.649,32.036],[78.722,31.995],[78.745,31.964],[78.671,31.771],[78.696,31.747],[78.693,31.719],[78.724,31.673],[78.758,31.667],[78.819,31.607],[78.7,31.51],[78.695,31.488],[78.763,31.445],[78.745,31.308],[78.784,31.288],[78.862,31.291],[78.921,31.27],[79.07,31.461],[79.131,31.438],[79.238,31.33],[79.262,31.279],[79.253,31.245],[79.288,31.225],[79.319,31.142],[79.367,31.112],[79.402,31.024],[79.476,31.014],[79.513,30.966],[79.578,30.938],[79.63,30.963],[79.739,30.979],[79.85,30.954],[79.903,30.89],[80.006,30.847],[80.063,30.785],[80.092,30.775],[80.157,30.793],[80.225,30.734],[80.207,30.686],[80.167,30.674],[80.203,30.606],[80.18,30.559],[80.253,30.565],[80.326,30.547],[80.508,30.462],[80.596,30.46],[80.723,30.392],[80.782,30.321],[80.976,30.255],[81.003,30.213],[80.996,30.197],[80.921,30.177],[80.884,30.21],[80.868,30.2],[80.836,30.17],[80.85,30.143],[80.83,30.117],[80.77,30.077],[80.716,30.013],[80.641,29.963],[80.571,29.947],[80.55,29.894],[80.476,29.806],[80.369,29.758],[80.354,29.705],[80.385,29.605],[80.327,29.549],[80.32,29.516],[80.257,29.45],[80.218,29.435],[80.214,29.417],[80.255,29.317],[80.28,29.31],[80.258,29.202],[80.219,29.211],[80.233,29.139],[80.221,29.126],[80.133,29.11],[80.099,28.977],[80.053,28.949],[80.034,28.916],[80.036,28.837],[80.114,28.803],[80.162,28.753],[80.233,28.733],[80.291,28.69],[80.33,28.627],[80.408,28.626],[80.488,28.562],[80.488,28.656],[80.518,28.68],[80.556,28.679],[80.564,28.647],[80.636,28.628],[80.679,28.575],[80.727,28.56],[80.782,28.515],[80.872,28.497],[80.905,28.441],[80.976,28.437],[81.0,28.397],[81.17,28.361],[81.224,28.251],[81.296,28.167],[81.277,28.154],[81.299,28.143],[81.296,28.128],[81.338,28.133],[81.358,28.166],[81.396,28.161],[81.435,28.13],[81.473,28.066],[81.562,28.026],[81.615,27.981],[81.689,27.963],[81.75,27.91],[81.856,27.851],[81.883,27.849],[81.976,27.917],[82.027,27.912],[82.348,27.726],[82.402,27.677],[82.441,27.666],[82.652,27.704],[82.68,27.694],[82.709,27.631],[82.73,27.518],[82.752,27.495],[82.876,27.488],[83.01,27.443],[83.133,27.444],[83.219,27.394],[83.249,27.348],[83.282,27.331],[83.324,27.342],[83.363,27.386],[83.371,27.41],[83.356,27.452],[83.387,27.47],[83.59,27.457],[83.855,27.345],[83.878,27.37],[83.834,27.434],[83.923,27.45],[84.008,27.441],[84.08,27.51],[84.117,27.513],[84.186,27.439],[84.226,27.44],[84.289,27.376],[84.577,27.329],[84.607,27.31],[84.658,27.203],[84.654,27.125],[84.621,27.058],[84.64,27.028],[84.761,26.999],[84.817,27.011],[84.924,26.956],[84.953,26.898],[85.018,26.874],[85.019,26.846],[85.123,26.866],[85.162,26.851],[85.166,26.786],[85.195,26.759],[85.287,26.737],[85.337,26.747],[85.386,26.788],[85.44,26.788],[85.609,26.851],[85.702,26.797],[85.713,26.653],[85.781,26.599],[85.81,26.603],[85.829,26.566],[85.952,26.642],[86.011,26.654],[86.116,26.603],[86.196,26.583],[86.284,26.612],[86.316,26.581],[86.354,26.583],[86.495,26.528],[86.714,26.415],[86.738,26.444],[86.822,26.438],[86.876,26.495],[86.972,26.532],[87.041,26.58],[87.067,26.466],[87.106,26.405],[87.135,26.394],[87.219,26.408],[87.245,26.37],[87.3,26.346],[87.326,26.353],[87.356,26.404],[87.416,26.427],[87.48,26.423],[87.587,26.378],[87.681,26.424],[87.728,26.404],[87.769,26.451],[87.822,26.438],[87.87,26.465],[87.929,26.396],[87.975,26.367],[88.007,26.37],[88.074,26.454],[88.08,26.518],[88.169,26.744],[88.151,26.863],[88.077,26.992],[88.009,27.046],[87.969,27.111],[87.989,27.218],[88.035,27.323],[88.015,27.378],[88.042,27.438],[88.023,27.495],[88.111,27.64],[88.16,27.774],[88.165,27.845],[88.118,27.861],[88.1,27.928],[88.127,27.95],[88.379,27.983],[88.456,28.032],[88.502,28.029],[88.594,28.107],[88.652,28.069],[88.736,28.055],[88.803,28.011],[88.82,27.977],[88.811,27.928],[88.855,27.859],[88.806,27.655],[88.742,27.532],[88.758,27.511],[88.754,27.464],[88.774,27.409],[88.892,27.316],[88.885,27.286],[88.861,27.27],[88.776,27.241],[88.73,27.151],[88.828,27.098],[88.846,27.05],[88.852,26.945],[88.907,26.981],[88.932,26.919],[89.022,26.913],[89.061,26.881],[89.097,26.821],[89.213,26.813],[89.274,26.844],[89.342,26.854],[89.443,26.797],[89.505,26.804],[89.586,26.784],[89.611,26.766],[89.598,26.721],[89.61,26.712],[89.685,26.725],[89.814,26.696],[89.835,26.732],[89.89,26.715],[90.127,26.751],[90.152,26.772],[90.177,26.832],[90.211,26.851],[90.284,26.857],[90.349,26.897],[90.383,26.892],[90.588,26.78],[90.717,26.767],[91.007,26.782],[91.062,26.805],[91.198,26.802],[91.297,26.775],[91.346,26.795],[91.388,26.858],[91.42,26.872],[91.475,26.866],[91.521,26.798],[91.594,26.811],[91.702,26.803],[91.825,26.858],[91.844,26.849],[91.863,26.805],[91.879,26.803],[91.886,26.831],[91.874,26.844],[91.896,26.854],[91.893,26.881],[91.926,26.879],[91.975,26.847],[92.036,26.855],[92.073,26.888],[92.084,26.937],[92.067,26.995],[92.0,27.072],[91.988,27.122],[92.037,27.236],[92.089,27.292],[92.024,27.447],[91.975,27.472],[91.727,27.46],[91.657,27.479],[91.604,27.532],[91.573,27.62],[91.58,27.658],[91.627,27.716],[91.636,27.783],[91.566,27.821],[91.564,27.851],[91.68,27.85],[91.73,27.804],[91.827,27.808],[91.865,27.73],[91.952,27.725],[91.989,27.769],[92.065,27.762],[92.126,27.813],[92.24,27.865],[92.304,27.786],[92.329,27.833],[92.35,27.803],[92.368,27.804],[92.393,27.856],[92.428,27.821],[92.475,27.847],[92.575,27.848],[92.636,27.895],[92.684,27.91],[92.736,27.986],[92.689,28.048],[92.639,28.057],[92.679,28.133],[92.779,28.196],[92.79,28.179],[92.835,28.184],[92.904,28.25],[92.975,28.282],[93.208,28.341],[93.218,28.395],[93.186,28.432],[93.287,28.521],[93.317,28.603],[93.446,28.672],[93.626,28.672],[93.722,28.697],[93.782,28.681],[93.863,28.705],[93.928,28.683],[93.982,28.768],[93.992,28.845],[94.135,28.898],[94.174,28.93],[94.25,28.933],[94.347,29.024],[94.271,29.098],[94.288,29.148],[94.336,29.15],[94.396,29.207],[94.515,29.221],[94.6,29.317],[94.63,29.319],[94.704,29.285],[94.768,29.214],[94.761,29.175],[94.777,29.167],[94.989,29.154],[95.2,29.094],[95.225,29.059],[95.367,29.036],[95.488,29.069],[95.521,29.138],[95.515,29.209],[95.55,29.212],[95.564,29.246],[95.717,29.218],[95.747,29.274],[95.745,29.34],[95.796,29.353],[95.863,29.324],[95.954,29.359],[96.142,29.368],[96.176,29.286],[96.235,29.241],[96.35,29.274],[96.367,29.244],[96.327,29.18],[96.21,29.146],[96.175,29.109],[96.195,28.941],[96.249,28.945],[96.367,29.037],[96.458,28.995],[96.452,28.97],[96.492,28.948],[96.511,28.886],[96.577,28.809],[96.598,28.71],[96.501,28.688],[96.502,28.644],[96.336,28.48],[96.302,28.421],[96.37,28.378],[96.562,28.447],[96.717,28.437],[96.966,28.33],[97.078,28.375],[97.116,28.367],[97.323,28.217],[97.329,28.19],[97.293,28.095],[97.355,28.023],[97.362,27.995],[97.334,27.894],[97.293,27.878],[97.276,27.91],[97.223,27.9],[97.065,27.774],[97.057,27.747],[96.991,27.727],[96.884,27.636],[96.862,27.599],[96.888,27.507],[96.881,27.444],[97.101,27.183],[97.104,27.156],[97.135,27.127],[97.119,27.087],[97.038,27.087],[96.865,27.172],[96.843,27.189],[96.854,27.249],[96.776,27.331],[96.705,27.361],[96.649,27.336],[96.587,27.354],[96.547,27.306],[96.511,27.292],[96.408,27.298],[96.143,27.258],[96.013,27.191],[95.916,27.051],[95.861,27.014],[95.778,26.995],[95.699,26.896],[95.624,26.881],[95.575,26.816],[95.49,26.811],[95.411,26.702],[95.261,26.648],[95.205,26.668],[95.173,26.634],[95.123,26.612],[95.11,26.551],[95.041,26.476],[95.066,26.407],[95.042,26.288],[95.059,26.218],[95.094,26.195],[95.078,26.171],[95.088,26.104],[95.137,26.083],[95.151,26.05],[95.066,25.954],[95.001,25.922],[95.009,25.737],[94.961,25.718],[94.853,25.586],[94.86,25.567],[94.822,25.559],[94.764,25.492],[94.659,25.456],[94.608,25.395],[94.55,25.245],[94.553,25.204],[94.577,25.174],[94.689,25.139],[94.707,25.11],[94.709,25.026],[94.674,24.975],[94.655,24.889],[94.599,24.813],[94.582,24.73],[94.556,24.709],[94.516,24.705],[94.475,24.597],[94.418,24.56],[94.397,24.495],[94.364,24.466],[94.361,24.425],[94.329,24.394],[94.331,24.363],[94.295,24.333],[94.19,23.995],[94.135,23.919],[94.132,23.857],[94.1,23.843],[94.055,23.888],[93.912,23.939],[93.804,23.936],[93.743,23.995],[93.711,24.005],[93.612,24.009],[93.571,23.968],[93.543,23.981],[93.457,23.96],[93.368,24.078],[93.349,24.089],[93.31,24.064],[93.303,23.995],[93.356,23.907],[93.375,23.739],[93.43,23.68],[93.4,23.454],[93.407,23.347],[93.378,23.297],[93.375,23.13],[93.318,23.034],[93.273,23.006],[93.247,23.004],[93.177,23.058],[93.14,23.032],[93.176,22.882],[93.116,22.798],[93.08,22.773],[93.071,22.693],[93.111,22.596],[93.099,22.512],[93.166,22.387],[93.174,22.259],[93.124,22.231],[93.142,22.187],[93.025,22.202],[93.025,22.113],[92.985,22.096],[92.967,22.063],[92.979,21.995],[92.962,21.987],[92.937,22.013],[92.906,22.017],[92.877,21.957],[92.836,22.047],[92.684,22.154],[92.651,22.019],[92.576,21.978],[92.537,22.129],[92.576,22.143],[92.577,22.169],[92.501,22.561],[92.496,22.696],[92.442,22.763],[92.426,22.871],[92.36,22.927],[92.328,23.171],[92.357,23.279],[92.349,23.354],[92.301,23.432],[92.253,23.609],[92.259,23.706],[92.222,23.708],[92.194,23.648],[92.151,23.732],[92.108,23.718],[92.06,23.659],[92.019,23.64],[91.923,23.723],[91.916,23.65],[91.941,23.495],[91.905,23.447],[91.818,23.401],[91.744,23.272],[91.796,23.089],[91.707,22.995],[91.617,22.978],[91.586,22.944],[91.577,22.969],[91.524,22.995],[91.464,23.184],[91.394,23.263],[91.372,23.262],[91.356,23.224],[91.371,23.063],[91.337,23.071],[91.314,23.101],[91.266,23.329],[91.287,23.356],[91.258,23.374],[91.227,23.469],[91.195,23.495],[91.136,23.63],[91.14,23.654],[91.166,23.654],[91.175,23.67],[91.137,23.699],[91.132,23.721],[91.142,23.74],[91.195,23.755],[91.225,23.826],[91.216,23.908],[91.274,23.988],[91.339,23.995],[91.363,24.1],[91.518,24.085],[91.582,24.096],[91.606,24.119],[91.629,24.215],[91.666,24.156],[91.704,24.143],[91.733,24.164],[91.733,24.234],[91.807,24.221],[91.814,24.183],[91.844,24.155],[91.877,24.158],[91.906,24.261],[91.9,24.338],[91.922,24.345],[91.972,24.316],[91.95,24.375],[92.063,24.371],[92.108,24.406],[92.111,24.514],[92.164,24.559],[92.234,24.778],[92.223,24.891],[92.252,24.903],[92.29,24.891],[92.381,24.837],[92.478,24.864],[92.495,24.895],[92.484,24.928],[92.304,25.074],[92.234,25.085],[92.173,25.132],[92.116,25.139],[92.093,25.165],[92.034,25.182],[91.73,25.167],[91.711,25.145],[91.677,25.153],[91.662,25.127],[91.639,25.124],[91.596,25.129],[91.566,25.16],[91.481,25.135],[91.432,25.138],[91.236,25.202],[90.822,25.142],[90.754,25.168],[90.708,25.153],[90.623,25.171],[90.365,25.15],[90.13,25.212],[89.908,25.297],[89.819,25.285],[89.795,25.374],[89.823,25.489],[89.834,25.635],[89.783,25.814],[89.834,25.932],[89.792,25.949],[89.829,25.979],[89.814,25.996],[89.789,25.988],[89.756,26.032],[89.75,26.084],[89.718,26.146],[89.656,26.161],[89.653,26.223],[89.613,26.219],[89.614,26.164],[89.587,26.169],[89.563,26.143],[89.604,26.121],[89.567,26.087],[89.611,26.072],[89.559,26.022],[89.542,25.96],[89.518,25.962],[89.486,25.999],[89.411,25.993],[89.391,26.015],[89.335,25.999],[89.238,26.058],[89.213,26.099],[89.119,26.147],[89.103,26.225],[89.069,26.287],[89.069,26.314],[89.095,26.31],[89.103,26.327],[89.055,26.347],[89.044,26.381],[88.941,26.439],[88.891,26.386],[88.912,26.349],[88.966,26.328],[88.982,26.292],[89.008,26.297],[89.004,26.276],[89.034,26.266],[89.04,26.247],[89.019,26.234],[88.975,26.224],[88.876,26.277],[88.825,26.227],[88.784,26.28],[88.748,26.293],[88.663,26.264],[88.646,26.276],[88.712,26.328],[88.652,26.392],[88.656,26.415],[88.612,26.431],[88.591,26.461],[88.527,26.475],[88.462,26.529],[88.411,26.545],[88.394,26.618],[88.373,26.612],[88.315,26.465],[88.336,26.448],[88.354,26.485],[88.461,26.454],[88.498,26.353],[88.432,26.362],[88.337,26.282],[88.326,26.216],[88.219,26.18],[88.164,26.14],[88.14,26.085],[88.156,26.061],[88.151,26.031],[88.126,26.013],[88.074,25.908],[88.088,25.831],[88.128,25.775],[88.227,25.804],[88.26,25.789],[88.419,25.654],[88.424,25.592],[88.475,25.563],[88.53,25.5],[88.594,25.495],[88.666,25.463],[88.706,25.492],[88.743,25.495],[88.742,25.513],[88.772,25.502],[88.815,25.459],[88.8,25.396],[88.842,25.333],[88.903,25.303],[88.975,25.303],[88.985,25.285],[88.929,25.229],[88.928,25.193],[88.91,25.189],[88.924,25.168],[88.817,25.197],[88.784,25.161],[88.634,25.192],[88.599,25.193],[88.559,25.171],[88.475,25.195],[88.441,25.19],[88.426,25.051],[88.323,24.875],[88.243,24.881],[88.233,24.918],[88.202,24.945],[88.115,24.916],[88.141,24.845],[88.088,24.796],[88.077,24.761],[88.053,24.755],[88.022,24.646],[88.057,24.634],[88.082,24.6],[88.086,24.537],[88.11,24.501],[88.401,24.369],[88.475,24.315],[88.635,24.294],[88.66,24.338],[88.715,24.315],[88.738,24.287],[88.746,24.214],[88.678,24.154],[88.674,24.083],[88.701,24.044],[88.725,24.038],[88.702,23.995],[88.714,23.925],[88.653,23.87],[88.578,23.855],[88.578,23.819],[88.553,23.775],[88.561,23.741],[88.54,23.65],[88.566,23.629],[88.562,23.602],[88.609,23.589],[88.719,23.468],[88.757,23.499],[88.77,23.489],[88.686,23.293],[88.697,23.252],[88.776,23.222],[88.823,23.238],[88.96,23.203],[88.851,23.075],[88.839,22.976],[88.893,22.88],[88.945,22.848],[88.937,22.782],[88.908,22.741],[88.956,22.585],[88.928,22.548],[88.971,22.528],[89.003,22.428],[88.989,22.397],[89.002,22.334],[89.024,22.295],[89.009,22.286],[89.062,22.212],[89.078,22.151],[89.06,22.13],[89.044,22.137],[89.037,22.086],[89.057,22.031],[89.061,21.938],[89.013,21.929],[89.01,21.905],[88.945,21.939],[88.929,21.987],[88.905,21.969],[88.924,21.926],[88.996,21.884],[89.016,21.853],[89.044,21.733],[89.085,21.675],[89.083,21.617],[89.053,21.61],[89.034,21.633],[89.02,21.606],[89.0,21.603],[88.892,21.654],[88.859,21.767],[88.838,21.702],[88.859,21.637],[88.844,21.622],[88.806,21.623],[88.811,21.692],[88.777,21.644],[88.791,21.568],[88.728,21.56],[88.708,21.578],[88.722,21.609],[88.685,21.697],[88.704,21.811],[88.695,21.84],[88.722,21.966],[88.763,22.017],[88.709,22.072],[88.763,22.131],[88.727,22.121],[88.695,22.082],[88.699,22.053],[88.731,22.037],[88.69,21.946],[88.631,21.945],[88.627,21.97],[88.653,22.018],[88.639,22.11],[88.683,22.185],[88.68,22.204],[88.66,22.205],[88.619,22.11],[88.626,22.048],[88.603,22.006],[88.598,21.929],[88.567,21.851],[88.565,21.767],[88.624,21.778],[88.633,21.75],[88.613,21.697],[88.592,21.705],[88.6,21.637],[88.595,21.612],[88.578,21.623],[88.572,21.558],[88.536,21.575],[88.53,21.553],[88.544,21.534],[88.513,21.525],[88.488,21.557],[88.53,21.658],[88.505,21.742],[88.533,21.795],[88.531,21.824],[88.496,21.877],[88.515,21.937],[88.496,21.952],[88.474,21.89],[88.493,21.805],[88.474,21.801],[88.453,21.742],[88.472,21.663],[88.456,21.624],[88.393,21.6],[88.393,21.699],[88.356,21.685],[88.331,21.719],[88.325,21.701],[88.349,21.65],[88.335,21.616],[88.31,21.61],[88.298,21.764],[88.262,21.799],[88.295,21.677],[88.283,21.609],[88.306,21.572],[88.254,21.555],[88.237,21.602],[88.224,21.613],[88.208,21.603],[88.182,21.665],[88.21,21.789],[88.154,21.888],[88.147,21.959],[88.222,22.078],[88.198,22.168],[88.081,22.217],[88.077,22.24],[88.043,22.225],[88.009,22.24],[87.973,22.283],[87.94,22.413],[87.907,22.425],[87.965,22.245],[88.008,22.205],[88.133,22.179],[88.161,22.157],[88.174,22.117],[88.164,22.09],[88.111,22.035],[88.043,22.017],[88.051,21.985],[87.984,21.854],[87.834,21.729],[87.704,21.656],[87.621,21.651],[87.469,21.611],[87.342,21.562],[87.201,21.552],[87.064,21.475],[86.918,21.327],[86.867,21.256],[86.837,21.175],[86.844,21.082],[86.966,20.806],[86.954,20.781],[86.879,20.781],[86.911,20.756],[86.987,20.752],[86.999,20.711],[86.94,20.698],[86.995,20.671],[87.043,20.698],[87.004,20.657],[86.923,20.622],[86.751,20.489],[86.725,20.432],[86.72,20.368],[86.77,20.401],[86.789,20.39],[86.796,20.437],[86.81,20.415],[86.768,20.343],[86.694,20.294],[86.702,20.285],[86.755,20.314],[86.628,20.235],[86.495,20.184],[86.467,20.095],[86.391,20.02],[86.426,19.999],[86.397,19.983],[86.275,20.067],[86.209,20.067],[86.153,20.143],[86.145,20.122],[86.168,20.073],[86.23,20.035],[86.289,20.026],[86.315,19.987],[86.372,19.965],[86.089,19.844],[86.057,19.857],[85.789,19.766],[85.734,19.764],[85.48,19.666],[85.45,19.667],[85.427,19.704],[85.522,19.739],[85.515,19.711],[85.577,19.746],[85.563,19.757],[85.57,19.876],[85.477,19.901],[85.44,19.896],[85.32,19.794],[85.268,19.78],[85.221,19.736],[85.207,19.684],[85.14,19.597],[85.151,19.56],[85.103,19.53],[85.109,19.507],[85.124,19.519],[85.129,19.51],[85.124,19.478],[85.203,19.517],[85.199,19.554],[85.233,19.554],[85.193,19.581],[85.248,19.609],[85.233,19.633],[85.248,19.656],[85.309,19.642],[85.391,19.691],[85.405,19.646],[85.378,19.615],[85.337,19.596],[85.318,19.62],[85.309,19.595],[85.288,19.601],[85.303,19.574],[85.331,19.576],[85.577,19.691],[85.337,19.575],[85.18,19.475],[84.872,19.22],[84.791,19.121],[84.775,19.115],[84.739,19.148],[84.72,19.102],[84.74,19.074],[84.761,19.102],[84.78,19.097],[84.741,19.028],[84.665,18.93],[84.631,18.916],[84.542,18.776],[84.424,18.636],[84.333,18.554],[84.282,18.526],[84.247,18.526],[84.238,18.511],[84.271,18.5],[84.35,18.553],[84.144,18.375],[84.113,18.298],[83.775,18.14],[83.614,18.045],[83.473,17.902],[83.452,17.923],[83.453,17.868],[83.341,17.717],[83.299,17.69],[83.268,17.717],[83.247,17.716],[83.249,17.695],[83.299,17.664],[83.247,17.634],[83.213,17.635],[83.239,17.593],[83.088,17.531],[82.897,17.409],[82.883,17.422],[82.719,17.349],[82.475,17.206],[82.423,17.14],[82.388,17.127],[82.299,17.03],[82.253,16.929],[82.268,16.867],[82.314,16.847],[82.352,16.845],[82.362,16.859],[82.349,16.956],[82.367,16.909],[82.366,16.812],[82.338,16.678],[82.313,16.608],[82.281,16.621],[82.307,16.58],[82.259,16.565],[82.203,16.513],[82.069,16.444],[82.037,16.448],[81.993,16.408],[81.862,16.375],[81.763,16.323],[81.712,16.312],[81.656,16.337],[81.585,16.342],[81.557,16.373],[81.54,16.374],[81.549,16.352],[81.496,16.361],[81.417,16.34],[81.428,16.366],[81.411,16.383],[81.317,16.367],[81.26,16.333],[81.254,16.271],[81.23,16.244],[81.156,16.039],[81.15,15.97],[80.999,15.847],[81.013,15.778],[80.91,15.853],[80.896,16.031],[80.889,16.004],[80.875,16.017],[80.891,15.978],[80.89,15.895],[80.807,15.716],[80.803,15.842],[80.776,15.884],[80.67,15.908],[80.663,15.889],[80.571,15.869],[80.554,15.881],[80.393,15.797],[80.28,15.701],[80.201,15.518],[80.211,15.497],[80.127,15.388],[80.091,15.305],[80.053,15.093],[80.108,14.714],[80.16,14.663],[80.178,14.606],[80.142,14.571],[80.197,14.565],[80.176,14.469],[80.175,14.345],[80.128,14.257],[80.087,14.25],[80.047,14.207],[80.073,14.202],[80.121,14.242],[80.136,14.229],[80.126,14.149],[80.15,14.028],[80.249,13.8],[80.221,13.697],[80.314,13.441],[80.245,13.592],[80.142,13.729],[80.136,13.619],[80.121,13.627],[80.118,13.675],[80.094,13.695],[80.091,13.659],[80.053,13.619],[80.119,13.501],[80.266,13.468],[80.262,13.451],[80.307,13.413],[80.327,13.43],[80.348,13.349],[80.334,13.243],[80.32,13.249],[80.314,13.215],[80.334,13.221],[80.333,13.198],[80.307,13.146],[80.314,13.106],[80.286,13.068],[80.252,12.763],[80.18,12.533],[80.096,12.362],[80.005,12.256],[79.944,12.218],[80.005,12.242],[79.862,12.022],[79.862,11.978],[79.786,11.769],[79.752,11.577],[79.786,11.426],[79.793,11.454],[79.817,11.443],[79.819,11.381],[79.75,11.374],[79.676,11.296],[79.759,11.358],[79.833,11.342],[79.855,11.16],[79.841,10.95],[79.857,10.293],[79.795,10.269],[79.757,10.309],[79.633,10.329],[79.614,10.31],[79.759,10.282],[79.774,10.274],[79.76,10.258],[79.557,10.299],[79.552,10.313],[79.604,10.329],[79.587,10.344],[79.529,10.338],[79.532,10.323],[79.46,10.308],[79.398,10.325],[79.286,10.253],[79.269,10.198],[79.236,10.167],[79.254,10.054],[79.279,10.036],[79.2,9.97],[79.094,9.802],[78.981,9.667],[78.977,9.638],[78.938,9.584],[78.913,9.474],[78.96,9.385],[79.075,9.3],[79.252,9.289],[79.32,9.323],[79.341,9.316],[79.334,9.278],[79.354,9.241],[79.454,9.159],[79.424,9.159],[79.293,9.25],[79.165,9.274],[79.087,9.254],[78.989,9.278],[78.929,9.254],[78.844,9.244],[78.728,9.187],[78.676,9.184],[78.635,9.145],[78.412,9.1],[78.24,8.966],[78.183,8.877],[78.162,8.753],[78.21,8.788],[78.215,8.765],[78.169,8.734],[78.143,8.658],[78.115,8.658],[78.142,8.593],[78.128,8.488],[78.08,8.432],[78.056,8.364],[78.0,8.345],[77.806,8.229],[77.768,8.182],[77.595,8.139],[77.561,8.115],[77.565,8.083],[77.511,8.076],[77.309,8.131],[76.996,8.368],[76.645,8.819],[76.544,8.913],[76.559,8.925],[76.573,8.904],[76.621,8.925],[76.582,8.92],[76.574,8.943],[76.603,8.973],[76.658,8.966],[76.634,8.987],[76.668,9.007],[76.621,8.987],[76.583,9.001],[76.559,8.952],[76.565,8.994],[76.539,8.973],[76.538,8.939],[76.528,8.947],[76.46,9.115],[76.462,9.138],[76.477,9.117],[76.483,9.172],[76.462,9.151],[76.428,9.245],[76.415,9.247],[76.443,9.145],[76.363,9.325],[76.312,9.493],[76.277,9.809],[76.236,9.953],[76.251,9.963],[76.291,9.909],[76.257,9.909],[76.267,9.876],[76.277,9.871],[76.284,9.891],[76.281,9.843],[76.3,9.848],[76.309,9.88],[76.339,9.699],[76.346,9.816],[76.32,9.862],[76.333,9.871],[76.359,9.816],[76.368,9.716],[76.394,9.679],[76.357,9.521],[76.459,9.497],[76.503,9.535],[76.407,9.569],[76.42,9.594],[76.415,9.683],[76.394,9.706],[76.38,9.785],[76.394,9.843],[76.359,9.915],[76.312,9.967],[76.294,9.951],[76.278,9.978],[76.274,10.036],[76.255,10.048],[76.245,10.102],[76.215,10.138],[76.208,10.117],[76.243,9.987],[76.182,10.106],[76.178,10.171],[76.224,10.197],[76.24,10.239],[76.223,10.234],[76.195,10.269],[76.202,10.2],[76.171,10.194],[76.153,10.22],[76.052,10.514],[76.008,10.567],[75.922,10.766],[75.942,10.796],[75.911,10.809],[75.895,10.85],[75.833,11.098],[75.731,11.332],[75.736,11.372],[75.722,11.367],[75.665,11.463],[75.609,11.485],[75.506,11.727],[75.38,11.865],[75.356,11.858],[75.325,11.899],[75.308,11.932],[75.4,11.92],[75.383,11.946],[75.393,11.975],[75.349,11.948],[75.302,11.966],[75.281,12.011],[75.33,12.013],[75.304,12.043],[75.264,12.013],[75.277,11.967],[75.222,12.022],[75.209,12.008],[75.194,12.022],[75.131,12.208],[75.14,12.249],[75.105,12.221],[75.083,12.306],[74.992,12.462],[74.856,12.759],[74.852,12.797],[74.828,12.825],[74.825,12.838],[74.859,12.825],[74.941,12.879],[74.818,12.862],[74.77,13.052],[74.783,13.085],[74.689,13.382],[74.681,13.468],[74.694,13.415],[74.708,13.413],[74.667,13.633],[74.736,13.654],[74.713,13.656],[74.688,13.686],[74.701,13.695],[74.688,13.712],[74.66,13.66],[74.615,13.836],[74.495,14.031],[74.467,14.181],[74.429,14.24],[74.433,14.263],[74.509,14.25],[74.415,14.301],[74.352,14.53],[74.389,14.463],[74.407,14.462],[74.401,14.48],[74.428,14.476],[74.372,14.53],[74.379,14.545],[74.359,14.545],[74.359,14.571],[74.343,14.564],[74.339,14.524],[74.301,14.527],[74.295,14.587],[74.339,14.613],[74.276,14.61],[74.253,14.719],[74.22,14.738],[74.194,14.716],[74.174,14.75],[74.153,14.75],[74.096,14.793],[74.091,14.811],[74.109,14.803],[74.119,14.832],[74.14,14.839],[74.16,14.826],[74.179,14.856],[74.233,14.865],[74.235,14.877],[74.208,14.901],[74.112,14.846],[74.091,14.888],[74.036,14.921],[74.031,14.995],[73.996,15.011],[73.964,15.065],[73.913,15.079],[73.929,15.121],[73.962,15.152],[73.947,15.161],[73.891,15.343],[73.827,15.365],[73.783,15.408],[73.9,15.408],[73.933,15.395],[73.954,15.366],[73.968,15.374],[73.928,15.417],[73.842,15.449],[73.796,15.449],[73.818,15.497],[73.872,15.511],[73.86,15.521],[73.866,15.538],[73.786,15.492],[73.766,15.497],[73.737,15.572],[73.76,15.632],[73.838,15.661],[73.784,15.659],[73.728,15.62],[73.718,15.627],[73.686,15.704],[73.701,15.723],[73.646,15.737],[73.646,15.792],[73.605,15.881],[73.491,15.993],[73.487,16.014],[73.516,16.025],[73.484,16.028],[73.447,16.069],[73.461,16.086],[73.463,16.16],[73.488,16.189],[73.453,16.167],[73.447,16.114],[73.435,16.218],[73.414,16.224],[73.379,16.357],[73.358,16.367],[73.385,16.402],[73.341,16.432],[73.303,16.533],[73.307,16.563],[73.344,16.524],[73.379,16.518],[73.351,16.538],[73.371,16.559],[73.336,16.566],[73.315,16.599],[73.358,16.621],[73.363,16.597],[73.371,16.61],[73.354,16.635],[73.323,16.621],[73.312,16.645],[73.322,16.692],[73.29,16.74],[73.304,16.813],[73.287,16.821],[73.269,16.876],[73.271,16.945],[73.289,16.984],[73.255,17.007],[73.251,17.032],[73.259,17.044],[73.269,17.032],[73.276,17.079],[73.236,17.221],[73.187,17.306],[73.231,17.279],[73.249,17.285],[73.171,17.39],[73.181,17.478],[73.126,17.557],[73.201,17.586],[73.139,17.601],[73.121,17.626],[73.126,17.655],[73.105,17.689],[73.123,17.736],[73.019,17.952],[73.035,17.992],[73.005,18.012],[73.043,18.067],[73.009,18.039],[72.987,18.067],[72.967,18.196],[72.955,18.218],[72.927,18.224],[72.94,18.286],[72.973,18.245],[73.051,18.227],[73.057,18.186],[73.072,18.204],[73.072,18.273],[72.977,18.295],[72.975,18.328],[72.913,18.361],[72.891,18.429],[72.896,18.503],[72.925,18.536],[72.947,18.532],[73.009,18.451],[73.015,18.47],[72.989,18.49],[72.96,18.555],[72.91,18.559],[72.865,18.649],[72.852,18.72],[72.866,18.799],[72.913,18.8],[72.927,18.827],[72.975,18.779],[72.97,18.747],[72.995,18.731],[72.992,18.779],[73.016,18.814],[72.981,18.833],[72.982,18.871],[72.946,18.858],[72.897,18.894],[72.913,18.923],[72.928,18.911],[72.937,18.947],[72.977,18.948],[72.988,18.964],[72.954,18.971],[73.047,18.995],[73.057,19.015],[72.988,18.999],[72.992,19.067],[72.967,19.091],[72.975,19.163],[72.936,19.115],[72.934,19.034],[72.891,18.992],[72.885,19.026],[72.869,19.011],[72.821,18.903],[72.803,18.91],[72.803,18.958],[72.775,18.937],[72.77,18.948],[72.802,19.0],[72.803,19.04],[72.817,19.033],[72.824,19.054],[72.81,19.067],[72.823,19.108],[72.81,19.146],[72.823,19.169],[72.811,19.176],[72.792,19.15],[72.782,19.16],[72.83,19.252],[72.815,19.254],[72.775,19.205],[72.785,19.314],[72.867,19.317],[72.901,19.291],[72.973,19.294],[73.027,19.206],[73.05,19.218],[72.988,19.301],[72.899,19.307],[72.837,19.348],[72.802,19.332],[72.763,19.38],[72.754,19.482],[72.879,19.532],[72.857,19.541],[72.796,19.527],[72.742,19.581],[72.735,19.547],[72.756,19.519],[72.723,19.536],[72.687,19.725],[72.708,19.697],[72.726,19.706],[72.714,19.746],[72.731,19.755],[72.733,19.78],[72.728,19.794],[72.678,19.747],[72.68,19.8],[72.649,19.852],[72.664,19.882],[72.665,19.953],[72.703,19.998],[72.71,20.083],[72.756,20.215],[72.742,20.225],[72.748,20.28],[72.782,20.352],[72.817,20.376],[72.829,20.438],[72.886,20.532],[72.885,20.619],[72.909,20.699],[72.899,20.732],[72.947,20.759],[72.919,20.787],[72.919,20.822],[72.9,20.799],[72.886,20.807],[72.88,20.83],[72.9,20.868],[72.837,20.836],[72.865,20.897],[72.837,20.93],[72.886,20.962],[72.888,20.983],[72.833,20.972],[72.772,21.024],[72.767,21.039],[72.823,21.034],[72.85,21.048],[72.81,21.13],[72.756,21.11],[72.742,21.123],[72.735,21.092],[72.7,21.075],[72.729,21.148],[72.714,21.164],[72.676,21.154],[72.671,21.1],[72.638,21.085],[72.615,21.106],[72.63,21.136],[72.735,21.199],[72.647,21.254],[72.646,21.273],[72.618,21.253],[72.587,21.341],[72.646,21.363],[72.579,21.367],[72.565,21.386],[72.635,21.407],[72.728,21.466],[72.747,21.453],[72.738,21.483],[72.584,21.417],[72.62,21.487],[72.773,21.581],[72.823,21.644],[72.89,21.641],[73.117,21.737],[73.132,21.758],[73.119,21.765],[72.927,21.685],[72.858,21.695],[72.798,21.674],[72.616,21.685],[72.55,21.667],[72.528,21.695],[72.567,21.849],[72.618,21.925],[72.69,21.939],[72.735,21.994],[72.708,21.994],[72.694,21.972],[72.623,21.967],[72.543,21.911],[72.502,21.976],[72.536,22.141],[72.575,22.195],[72.634,22.21],[72.748,22.164],[72.812,22.234],[72.847,22.24],[72.897,22.213],[72.916,22.223],[72.917,22.271],[72.818,22.273],[72.757,22.244],[72.574,22.288],[72.466,22.233],[72.455,22.245],[72.464,22.264],[72.414,22.246],[72.392,22.253],[72.38,22.312],[72.405,22.333],[72.397,22.367],[72.361,22.343],[72.328,22.261],[72.275,22.26],[72.265,22.295],[72.24,22.302],[72.209,22.3],[72.206,22.274],[72.149,22.278],[72.191,22.251],[72.24,22.288],[72.239,22.239],[72.306,22.23],[72.317,22.185],[72.308,22.079],[72.258,22.012],[72.221,22.011],[72.214,21.994],[72.2,22.007],[72.173,21.976],[72.134,22.005],[72.097,22.007],[72.128,21.984],[72.115,21.969],[72.077,21.98],[72.105,21.959],[72.102,21.945],[72.055,21.954],[72.029,21.939],[72.105,21.918],[72.157,21.926],[72.145,21.911],[72.17,21.89],[72.169,21.841],[72.131,21.846],[72.058,21.899],[72.049,21.88],[72.086,21.866],[72.105,21.836],[72.063,21.834],[72.004,21.858],[71.996,21.8],[72.001,21.788],[72.022,21.801],[72.022,21.774],[72.074,21.789],[72.117,21.777],[72.166,21.794],[72.224,21.701],[72.272,21.691],[72.299,21.626],[72.22,21.445],[72.105,21.315],[72.112,21.296],[72.091,21.253],[72.105,21.205],[71.991,21.136],[71.926,21.13],[71.763,21.032],[71.718,21.032],[71.584,20.958],[71.55,20.951],[71.569,20.979],[71.551,20.974],[71.462,20.885],[71.319,20.849],[71.141,20.766],[71.095,20.764],[71.062,20.739],[71.008,20.742],[70.982,20.71],[70.84,20.702],[70.775,20.727],[70.74,20.718],[70.542,20.808],[70.451,20.856],[70.399,20.904],[70.337,20.927],[70.054,21.153],[69.845,21.39],[69.809,21.466],[69.756,21.49],[69.63,21.616],[69.568,21.65],[69.479,21.753],[69.427,21.781],[69.398,21.815],[69.391,21.877],[69.368,21.856],[69.336,21.862],[69.198,21.98],[68.994,22.204],[68.945,22.295],[68.983,22.419],[69.074,22.482],[69.082,22.46],[69.048,22.432],[69.072,22.399],[69.147,22.405],[69.179,22.428],[69.202,22.415],[69.17,22.328],[69.212,22.274],[69.286,22.285],[69.36,22.329],[69.48,22.342],[69.526,22.392],[69.516,22.448],[69.548,22.452],[69.555,22.378],[69.616,22.356],[69.63,22.384],[69.64,22.376],[69.669,22.409],[69.699,22.404],[69.733,22.48],[69.795,22.419],[69.833,22.464],[69.885,22.474],[69.973,22.541],[70.059,22.558],[70.145,22.548],[70.178,22.562],[70.319,22.778],[70.323,22.823],[70.375,22.903],[70.453,22.967],[70.486,22.964],[70.505,22.98],[70.528,23.047],[70.503,23.104],[70.467,23.13],[70.399,23.069],[70.411,23.023],[70.392,22.941],[70.303,22.938],[70.233,23.0],[70.222,22.959],[70.163,22.949],[70.129,22.969],[70.131,22.994],[70.11,22.959],[70.135,22.93],[69.833,22.858],[69.78,22.827],[69.716,22.747],[69.586,22.761],[69.338,22.833],[69.202,22.852],[69.04,22.951],[68.866,23.02],[68.654,23.158],[68.65,23.181],[68.623,23.192],[68.6,23.225],[68.596,23.24],[68.609,23.227],[68.623,23.268],[68.552,23.26],[68.541,23.278],[68.561,23.316],[68.607,23.326],[68.561,23.364],[68.521,23.369],[68.515,23.399],[68.541,23.412],[68.536,23.421],[68.501,23.423],[68.475,23.405],[68.459,23.42],[68.466,23.446],[68.44,23.434],[68.424,23.446],[68.447,23.487],[68.486,23.514],[68.437,23.549],[68.447,23.503],[68.412,23.495],[68.409,23.621],[68.428,23.631],[68.491,23.619],[68.493,23.638],[68.469,23.641],[68.469,23.659],[68.534,23.679],[68.584,23.735],[68.638,23.762],[68.671,23.816],[68.726,23.819],[68.822,23.878],[68.767,23.878],[68.718,23.841],[68.633,23.833],[68.599,23.782],[68.428,23.714],[68.342,23.624],[68.353,23.611],[68.327,23.587],[68.181,23.594],[68.143,23.613],[68.15,23.631],[68.175,23.631],[68.2,23.66],[68.233,23.645],[68.276,23.666],[68.28,23.686],[68.241,23.674],[68.209,23.696],[68.198,23.775],[68.169,23.748],[68.164,23.758],[68.184,23.843],[68.207,23.877],[68.26,23.896],[68.264,23.936],[68.3,23.911],[68.326,23.928],[68.33,23.967],[68.343,23.969],[68.354,23.939],[68.432,23.967],[68.724,23.965],[68.726,24.289],[68.747,24.331],[68.799,24.329],[68.82,24.25],[68.839,24.236],[68.885,24.314],[68.904,24.321],[68.963,24.257],[69.068,24.288],[69.167,24.253],[69.281,24.284],[69.563,24.277],[69.715,24.169],[69.972,24.165],[70.016,24.174],[70.052,24.202],[70.098,24.299],[70.243,24.331],[70.299,24.363],[70.353,24.366],[70.416,24.402],[70.563,24.424],[70.575,24.4],[70.546,24.362],[70.568,24.273],[70.622,24.241],[70.755,24.231],[70.851,24.265],[70.841,24.306],[70.918,24.362],[70.997,24.357],[71.083,24.412],[71.075,24.436],[70.977,24.465],[70.981,24.535],[70.958,24.556],[70.955,24.585],[70.977,24.64],[71.064,24.683],[70.915,24.947],[70.849,25.163],[70.735,25.267],[70.71,25.336],[70.654,25.397],[70.654,25.674],[70.632,25.701],[70.592,25.709],[70.477,25.676],[70.36,25.673],[70.249,25.708],[70.214,25.786],[70.115,25.882],[70.065,25.98],[70.078,26.1],[70.147,26.217],[70.158,26.53],[70.13,26.563],[70.056,26.589],[69.816,26.58],[69.772,26.595],[69.659,26.678],[69.504,26.735],[69.473,26.767],[69.465,26.808],[69.508,27.05],[69.534,27.126],[69.576,27.188],[69.848,27.41],[69.908,27.497],[69.994,27.571],[70.102,27.812],[70.342,28.011],[70.456,28.04],[70.535,28.016],[70.633,27.932],[70.641,27.855],[70.71,27.741],[70.762,27.71],[70.832,27.701],[70.914,27.718],[71.226,27.845],[71.398,27.868],[71.561,27.869],[71.874,27.96],[71.908,28.136],[71.988,28.228],[72.15,28.354],[72.198,28.445],[72.256,28.646],[72.355,28.767],[72.93,29.048],[73.233,29.537],[73.37,29.927],[73.558,30.013],[73.74,30.048],[73.944,30.188],[73.935,30.261],[73.892,30.33],[73.842,30.353],[73.852,30.373],[73.906,30.395],[73.9,30.422],[73.929,30.419],[74.004,30.509],[74.058,30.531],[74.067,30.611],[74.164,30.665],[74.191,30.717],[74.267,30.788],[74.257,30.815],[74.3,30.838],[74.319,30.893],[74.401,30.893],[74.442,30.946],[74.519,30.962],[74.564,31.004],[74.579,31.043],[74.659,31.084],[74.617,31.115],[74.537,31.115],[74.506,31.175],[74.532,31.303],[74.617,31.459],[74.556,31.612],[74.489,31.711],[74.535,31.771],[74.55,31.827],[74.67,31.904],[74.698,31.95],[74.784,31.943],[74.829,32.025],[74.873,32.012],[74.889,32.029],[74.956,32.032],[74.986,32.063],[75.03,32.066],[75.023,32.095],[75.041,32.098],[75.102,32.078],[75.138,32.093],[75.174,32.087],[75.173,32.11],[75.196,32.129],[75.295,32.149],[75.317,32.211],[75.359,32.262],[75.327,32.312],[75.23,32.38],[75.126,32.412],[75.024,32.466],[74.907,32.445],[74.838,32.475],[74.725,32.461],[74.689,32.471],[74.663,32.498],[74.63,32.588],[74.656,32.641],[74.65,32.723],[74.689,32.809],[74.672,32.841],[74.636,32.822],[74.614,32.77],[74.574,32.753],[74.501,32.746],[74.439,32.786],[74.346,32.767],[74.307,32.81],[74.317,32.823],[73.983,32.969],[73.943,33.018],[73.907,33.03],[73.806,33.015],[73.623,33.124],[73.645,33.143],[73.655,33.185],[73.615,33.232],[73.581,33.229],[73.6,33.247],[73.603,33.333],[73.574,33.387],[73.604,33.442],[73.628,33.452],[73.615,33.52],[73.635,33.541],[73.615,33.593],[73.573,33.634],[73.6,33.709],[73.567,33.803],[73.58,33.91],[73.519,34.008],[73.474,34.269],[73.4,34.376],[73.426,34.43],[73.437,34.522],[73.464,34.571],[73.593,34.588],[73.623,34.564],[73.66,34.634],[73.651,34.677],[73.701,34.756],[73.74,34.785],[73.82,34.81],[73.884,34.811],[73.954,34.863],[74.018,34.881],[74.061,34.942],[74.067,34.982],[74.1,35.01],[74.068,35.055],[74.124,35.105],[74.102,35.14],[74.031,35.147],[73.992,35.175],[73.954,35.171],[73.924,35.199],[73.864,35.202],[73.81,35.234],[73.722,35.216],[73.718,35.264],[73.687,35.31],[73.69,35.357],[73.728,35.418],[73.784,35.447],[73.772,35.522],[73.63,35.543],[73.505,35.534],[73.443,35.562],[73.41,35.548],[73.383,35.588],[73.307,35.6],[73.126,35.725],[73.128,35.796],[73.155,35.825],[73.088,35.876],[73.042,35.856],[72.972,35.878],[72.872,35.874],[72.792,35.838],[72.656,35.854],[72.516,35.904],[72.589,36.016],[72.529,36.098],[72.562,36.15],[72.551,36.174],[72.572,36.243],[72.622,36.277],[72.692,36.271],[72.83,36.37],[72.877,36.384],[72.896,36.462],[72.985,36.473],[72.98,36.508],[73.055,36.54],[73.094,36.603],[73.073,36.699],[73.177,36.735],[73.213,36.713],[73.296,36.717],[73.416,36.752],[73.52,36.731],[73.595,36.735],[73.622,36.71],[73.679,36.704],[73.721,36.727],[73.879,36.712],[73.887,36.771],[73.799,36.828],[73.72,36.851],[73.712,36.894],[73.834,36.883],[73.947,36.831],[74.035,36.816],[74.094,36.831],[74.13,36.898],[74.236,36.902],[74.394,36.994],[74.436,37.003],[74.477,36.999],[74.521,36.958],[74.537,36.962],[74.542,37.022],[74.662,37.054],[74.719,37.016],[74.793,37.015],[74.825,36.994],[74.872,36.907],[74.91,36.963],[74.942,36.977],[75.119,36.991],[75.195,36.949],[75.313,36.929],[75.378,36.894],[75.411,36.747],[75.432,36.723],[75.493,36.721],[75.508,36.748],[75.571,36.767],[75.729,36.723],[75.875,36.619],[75.981,36.445],[76.149,36.425],[76.239,36.32],[76.319,36.33],[76.389,36.31],[76.429,36.24],[76.469,36.22],[76.568,36.19],[76.669,36.19],[76.719,36.16],[76.759,36.11],[76.779,36.04],[76.779,35.91],[76.839,35.86],[77.009,35.82],[77.069,35.78],[77.09,35.74],[77.209,35.71],[77.349,35.72],[77.421,35.64],[77.469,35.652],[77.509,35.58],[77.52,35.477],[77.661,35.458],[77.76,35.498],[77.89,35.482],[77.915,35.494],[77.955,35.562],[78.102,35.538],[78.162,35.624],[78.229,35.647],[78.276,35.695],[78.435,35.761],[78.545,35.781],[78.665,35.853],[78.971,35.887],[79.028,35.852],[79.133,35.836],[79.194,35.887],[79.184,35.941],[79.29,35.977],[79.4,35.962],[79.424,35.94],[79.428,35.909],[79.461,35.886],[79.738,35.802],[79.876,35.785],[79.919,35.822],[80.005,35.839],[80.111,35.68],[80.178,35.667],[80.292,35.607],[80.327,35.477],[80.284,35.446],[80.278,35.345],[80.255,35.313],[80.261,35.27],[80.188,35.151],[80.163,34.951],[80.078,34.837],[80.086,34.777],[80.05,34.673],[79.996,34.647],[79.867,34.658],[79.813,34.565],[79.731,34.545],[79.702,34.52],[79.702,34.5],[79.737,34.463],[79.713,34.415],[79.67,34.407],[79.523,34.426],[79.509,34.392],[79.552,34.21],[79.533,34.184],[79.488,34.182],[79.495,34.106],[79.406,34.022],[79.376,34.011],[79.132,34.026],[79.071,33.995],[78.935,34.007],[78.903,33.983],[78.888,33.946],[78.898,33.907],[78.945,33.8],[78.991,33.752],[79.011,33.658],[79.003,33.619],[78.917,33.633],[78.885,33.592],[78.918,33.386],[78.965,33.344]]],[[[80.983,15.781],[80.985,15.762],[80.943,15.741],[80.868,15.812],[80.879,15.84],[80.937,15.819],[80.983,15.781]]],[[[73.644,10.095],[73.637,10.063],[73.633,10.057],[73.644,10.095]]],[[[73.656,10.145],[73.658,10.139],[73.655,10.142],[73.656,10.145]]],[[[72.65,10.567],[72.627,10.555],[72.651,10.573],[72.65,10.567]]],[[[72.549,10.779],[72.541,10.773],[72.542,10.778],[72.549,10.779]]],[[[73.681,10.828],[73.673,10.825],[73.671,10.83],[73.681,10.828]]],[[[72.75,11.119],[72.745,11.11],[72.74,11.109],[72.75,11.119]]],[[[73.011,11.49],[73.006,11.48],[73.013,11.502],[73.011,11.49]]],[[[72.716,11.694],[72.705,11.687],[72.701,11.686],[72.705,11.692],[72.716,11.694]]],[[[93.854,12.261],[93.852,12.272],[93.861,12.281],[93.873,12.269],[93.854,12.261]]],[[[94.291,13.423],[94.275,13.42],[94.262,13.429],[94.281,13.444],[94.291,13.423]]],[[[93.929,7.012],[93.93,6.959],[93.894,6.877],[93.903,6.808],[93.859,6.804],[93.834,6.746],[93.813,6.754],[93.814,6.808],[93.784,6.836],[93.793,6.849],[93.776,6.867],[93.765,6.924],[93.748,6.924],[93.704,7.006],[93.665,7.027],[93.649,7.013],[93.65,7.12],[93.676,7.182],[93.717,7.188],[93.814,7.242],[93.831,7.236],[93.865,7.201],[93.887,7.089],[93.929,7.012]]],[[[93.734,7.351],[93.644,7.258],[93.618,7.26],[93.594,7.315],[93.617,7.367],[93.667,7.383],[93.697,7.445],[93.699,7.399],[93.734,7.351]]],[[[93.433,7.954],[93.46,7.911],[93.454,7.869],[93.421,7.892],[93.354,7.883],[93.34,7.901],[93.348,7.925],[93.314,7.929],[93.305,7.95],[93.323,8.002],[93.37,8.017],[93.391,8.016],[93.401,7.968],[93.433,7.954]]],[[[93.548,8.02],[93.574,7.969],[93.574,7.925],[93.511,7.98],[93.548,8.02]]],[[[93.538,8.057],[93.484,7.992],[93.481,8.041],[93.517,8.063],[93.498,8.083],[93.492,8.064],[93.466,8.074],[93.447,8.154],[93.486,8.22],[93.505,8.227],[93.532,8.213],[93.505,8.147],[93.538,8.057]]],[[[73.048,8.268],[73.084,8.308],[73.057,8.26],[73.024,8.255],[73.022,8.274],[73.029,8.26],[73.048,8.268]]],[[[93.104,8.276],[93.176,8.213],[93.167,8.205],[93.103,8.222],[93.082,8.242],[93.06,8.291],[93.07,8.347],[93.095,8.355],[93.104,8.276]]],[[[93.608,8.569],[93.625,8.474],[93.601,8.438],[93.595,8.558],[93.608,8.569]]],[[[92.834,9.202],[92.832,9.145],[92.8,9.11],[92.731,9.131],[92.72,9.147],[92.709,9.202],[92.745,9.229],[92.751,9.261],[92.773,9.259],[92.834,9.202]]],[[[92.565,10.849],[92.596,10.678],[92.54,10.621],[92.542,10.592],[92.574,10.581],[92.535,10.525],[92.513,10.508],[92.422,10.546],[92.384,10.529],[92.417,10.629],[92.379,10.672],[92.377,10.784],[92.415,10.799],[92.429,10.851],[92.528,10.895],[92.565,10.849]]],[[[92.68,11.429],[92.7,11.384],[92.646,11.359],[92.594,11.378],[92.601,11.406],[92.637,11.43],[92.636,11.508],[92.675,11.49],[92.696,11.454],[92.68,11.429]]],[[[92.278,11.584],[92.285,11.544],[92.252,11.529],[92.235,11.54],[92.217,11.598],[92.278,11.584]]],[[[93.015,12.037],[93.066,11.899],[93.049,11.896],[93.025,11.94],[92.947,11.99],[92.981,12.036],[93.015,12.037]]],[[[93.104,12.188],[93.103,12.102],[93.094,12.091],[93.059,12.154],[93.073,12.201],[93.091,12.204],[93.104,12.188]]],[[[92.737,12.962],[92.724,12.872],[92.683,12.797],[92.67,12.868],[92.683,12.962],[92.708,12.989],[92.737,12.962]]],[[[93.076,13.269],[93.057,13.225],[93.037,13.062],[93.02,13.034],[92.991,13.044],[92.979,13.03],[92.964,13.037],[92.964,13.085],[92.957,13.064],[92.937,13.067],[92.928,13.027],[92.953,12.971],[92.936,12.954],[92.927,12.981],[92.905,12.982],[92.876,12.917],[92.896,12.9],[92.924,12.914],[92.964,12.865],[92.957,12.783],[92.99,12.724],[92.973,12.628],[92.989,12.592],[92.991,12.519],[92.956,12.477],[92.97,12.468],[92.936,12.42],[92.895,12.455],[92.902,12.434],[92.847,12.434],[92.864,12.385],[92.915,12.338],[92.879,12.313],[92.9,12.283],[92.88,12.244],[92.894,12.205],[92.873,12.201],[92.875,12.184],[92.827,12.14],[92.834,12.118],[92.757,12.077],[92.793,12.036],[92.764,12.031],[92.741,11.984],[92.737,11.879],[92.762,11.94],[92.788,11.935],[92.799,11.899],[92.76,11.709],[92.723,11.694],[92.684,11.65],[92.683,11.615],[92.697,11.611],[92.711,11.622],[92.711,11.66],[92.731,11.653],[92.736,11.682],[92.761,11.664],[92.765,11.619],[92.717,11.494],[92.626,11.595],[92.621,11.619],[92.649,11.638],[92.62,11.651],[92.604,11.719],[92.563,11.726],[92.567,11.827],[92.525,11.857],[92.571,11.933],[92.595,11.899],[92.615,11.899],[92.618,11.866],[92.64,12.136],[92.682,12.22],[92.697,12.208],[92.721,12.227],[92.728,12.173],[92.784,12.189],[92.793,12.208],[92.782,12.249],[92.759,12.266],[92.794,12.283],[92.793,12.296],[92.734,12.318],[92.718,12.362],[92.722,12.599],[92.755,12.65],[92.783,12.665],[92.748,12.693],[92.737,12.807],[92.765,12.845],[92.786,12.84],[92.8,12.858],[92.813,12.958],[92.835,13.002],[92.808,13.02],[92.854,13.146],[92.834,13.174],[92.843,13.227],[92.864,13.236],[92.847,13.345],[92.891,13.401],[92.895,13.455],[92.943,13.509],[92.95,13.545],[93.012,13.551],[93.012,13.578],[93.05,13.566],[93.066,13.537],[93.054,13.471],[93.06,13.407],[93.08,13.413],[93.078,13.397],[93.004,13.331],[93.004,13.349],[92.984,13.356],[92.979,13.33],[93.005,13.312],[93.026,13.316],[93.076,13.269]]],[[[93.033,13.68],[93.053,13.64],[92.991,13.667],[93.033,13.68]]],[[[88.841,21.614],[88.911,21.567],[88.908,21.531],[88.839,21.532],[88.841,21.614]]],[[[88.043,21.658],[88.119,21.86],[88.147,21.87],[88.163,21.705],[88.133,21.685],[88.146,21.644],[88.13,21.626],[88.063,21.637],[88.043,21.658]]],[[[88.65,21.927],[88.671,21.907],[88.646,21.788],[88.592,21.804],[88.584,21.836],[88.616,21.898],[88.65,21.927]]],[[[88.072,21.857],[88.085,21.922],[88.119,21.945],[88.133,21.92],[88.125,21.889],[88.105,21.861],[88.072,21.857]]],[[[72.173,10.809],[72.179,10.849],[72.2,10.878],[72.173,10.809]]],[[[72.77,11.204],[72.796,11.257],[72.775,11.187],[72.77,11.204]]]]}},{"type":"Feature","properties":{"name":"Israel","iso":"ISR"},"geometry":{"type":"Polygon","coordinates":[[[34.248,31.211],[34.351,31.289],[34.346,31.358],[34.367,31.393],[34.556,31.54],[34.481,31.583],[34.61,31.766],[34.712,31.952],[34.838,32.281],[34.942,32.725],[34.948,32.814],[34.97,32.841],[35.028,32.827],[35.063,32.858],[35.1,33.088],[35.284,33.101],[35.345,33.056],[35.48,33.087],[35.512,33.147],[35.52,33.222],[35.549,33.281],[35.604,33.24],[35.666,33.247],[35.672,33.15],[35.634,33.052],[35.588,33.018],[35.62,32.984],[35.602,32.909],[35.641,32.865],[35.641,32.772],[35.595,32.707],[35.612,32.682],[35.561,32.641],[35.58,32.56],[35.559,32.553],[35.566,32.526],[35.552,32.526],[35.58,32.498],[35.559,32.47],[35.573,32.457],[35.552,32.436],[35.559,32.414],[35.545,32.41],[35.561,32.385],[35.407,32.415],[35.393,32.494],[35.363,32.51],[35.27,32.51],[35.191,32.542],[35.064,32.463],[35.045,32.434],[35.022,32.345],[34.997,32.323],[34.99,32.278],[35.009,32.268],[35.008,32.244],[34.958,32.186],[35.007,32.021],[34.987,31.967],[35.039,31.909],[35.034,31.861],[34.977,31.833],[35.013,31.829],[35.076,31.854],[35.112,31.824],[35.186,31.809],[35.184,31.825],[35.216,31.82],[35.205,31.877],[35.222,31.879],[35.233,31.843],[35.265,31.826],[35.253,31.77],[35.263,31.749],[35.238,31.709],[35.126,31.733],[34.974,31.63],[34.937,31.582],[34.927,31.494],[34.867,31.396],[34.879,31.363],[34.927,31.345],[35.04,31.363],[35.165,31.362],[35.223,31.381],[35.39,31.487],[35.459,31.492],[35.453,31.401],[35.396,31.258],[35.436,31.16],[35.438,31.104],[35.392,31.024],[35.385,30.963],[35.322,30.89],[35.317,30.823],[35.28,30.78],[35.264,30.72],[35.205,30.617],[35.14,30.43],[35.162,30.361],[35.125,30.245],[35.145,30.123],[35.086,30.034],[35.054,29.923],[35.049,29.842],[35.003,29.733],[34.99,29.652],[34.951,29.546],[34.911,29.49],[34.887,29.49],[34.855,29.546],[34.824,29.742],[34.599,30.345],[34.527,30.41],[34.536,30.482],[34.51,30.513],[34.48,30.651],[34.248,31.211]]]}},{"type":"Feature","properties":{"name":"Palestine","iso":"PSX"},"geometry":{"type":"MultiPolygon","coordinates":[[[[34.481,31.583],[34.556,31.54],[34.367,31.393],[34.346,31.358],[34.351,31.289],[34.248,31.211],[34.2,31.314],[34.348,31.438],[34.481,31.583]]],[[[34.987,31.967],[35.007,32.021],[34.958,32.186],[35.008,32.244],[35.009,32.268],[34.99,32.278],[34.997,32.323],[35.022,32.345],[35.064,32.463],[35.209,32.543],[35.27,32.51],[35.363,32.51],[35.393,32.494],[35.407,32.415],[35.561,32.385],[35.566,32.368],[35.552,32.368],[35.573,32.252],[35.559,32.238],[35.573,32.238],[35.559,32.155],[35.535,32.111],[35.545,32.087],[35.523,32.058],[35.546,31.945],[35.525,31.919],[35.559,31.765],[35.528,31.735],[35.48,31.641],[35.459,31.492],[35.39,31.487],[35.223,31.381],[35.165,31.362],[35.04,31.363],[34.927,31.345],[34.879,31.363],[34.867,31.396],[34.927,31.494],[34.937,31.582],[34.974,31.63],[35.126,31.733],[35.238,31.709],[35.263,31.749],[35.253,31.77],[35.265,31.826],[35.233,31.843],[35.222,31.879],[35.205,31.877],[35.216,31.82],[35.184,31.825],[35.186,31.809],[35.112,31.824],[35.076,31.854],[35.013,31.829],[34.977,31.833],[35.034,31.861],[35.039,31.909],[35.005,31.934],[34.987,31.967]]]]}},{"type":"Feature","properties":{"name":"Lebanon","iso":"LBN"},"geometry":{"type":"Polygon","coordinates":[[[35.105,33.091],[35.106,33.112],[35.148,33.14],[35.162,33.177],[35.175,33.17],[35.205,33.225],[35.209,33.255],[35.188,33.28],[35.225,33.312],[35.271,33.458],[35.349,33.514],[35.394,33.65],[35.438,33.711],[35.481,33.824],[35.47,33.902],[35.572,33.91],[35.614,33.993],[35.641,33.999],[35.627,34.044],[35.648,34.119],[35.627,34.201],[35.648,34.222],[35.665,34.311],[35.689,34.328],[35.706,34.317],[35.751,34.39],[35.806,34.415],[35.824,34.435],[35.805,34.465],[35.903,34.478],[35.983,34.539],[35.99,34.6],[35.97,34.65],[36.038,34.628],[36.262,34.627],[36.309,34.688],[36.368,34.629],[36.44,34.629],[36.436,34.598],[36.389,34.596],[36.384,34.554],[36.32,34.514],[36.335,34.493],[36.433,34.494],[36.45,34.465],[36.525,34.423],[36.519,34.354],[36.582,34.3],[36.563,34.263],[36.604,34.199],[36.488,34.089],[36.475,34.054],[36.391,34.045],[36.289,33.947],[36.267,33.91],[36.275,33.897],[36.368,33.858],[36.37,33.837],[36.338,33.821],[36.232,33.853],[36.166,33.83],[36.138,33.851],[36.05,33.816],[35.948,33.709],[35.947,33.673],[35.925,33.662],[35.922,33.64],[36.03,33.598],[36.035,33.568],[35.999,33.541],[35.933,33.528],[35.919,33.462],[35.821,33.407],[35.769,33.343],[35.716,33.327],[35.712,33.307],[35.654,33.262],[35.631,33.275],[35.604,33.24],[35.549,33.281],[35.52,33.222],[35.512,33.147],[35.48,33.087],[35.345,33.056],[35.284,33.101],[35.185,33.084],[35.105,33.091]]]}},{"type":"Feature","properties":{"name":"Ethiopia","iso":"ETH"},"geometry":{"type":"Polygon","coordinates":[[[34.067,9.531],[34.098,9.68],[34.222,10.026],[34.303,10.114],[34.325,10.269],[34.272,10.53],[34.279,10.566],[34.404,10.76],[34.575,10.884],[34.751,10.744],[34.765,10.68],[34.799,10.73],[34.839,10.729],[34.862,10.788],[34.951,10.869],[34.953,10.918],[34.914,10.964],[34.984,11.186],[34.944,11.253],[35.073,11.549],[35.041,11.727],[35.073,11.819],[35.127,11.863],[35.216,11.897],[35.246,11.93],[35.251,11.972],[35.317,12.024],[35.354,12.146],[35.413,12.199],[35.429,12.267],[35.617,12.575],[35.672,12.604],[35.688,12.659],[36.03,12.717],[36.115,12.702],[36.143,12.833],[36.114,12.934],[36.15,12.98],[36.137,13.032],[36.234,13.362],[36.391,13.599],[36.398,13.676],[36.458,13.82],[36.432,13.97],[36.526,14.264],[36.546,14.263],[36.566,14.293],[36.748,14.332],[36.947,14.305],[36.995,14.264],[37.06,14.277],[37.091,14.314],[37.098,14.38],[37.121,14.421],[37.184,14.45],[37.294,14.457],[37.39,14.358],[37.398,14.302],[37.453,14.261],[37.475,14.2],[37.517,14.181],[37.525,14.129],[37.554,14.105],[37.891,14.88],[38.007,14.724],[38.115,14.681],[38.229,14.68],[38.258,14.61],[38.289,14.588],[38.313,14.519],[38.394,14.464],[38.427,14.417],[38.569,14.427],[38.668,14.468],[38.743,14.461],[38.866,14.494],[38.98,14.567],[39.01,14.651],[39.086,14.633],[39.127,14.602],[39.208,14.44],[39.233,14.44],[39.269,14.486],[39.367,14.483],[39.449,14.505],[39.489,14.524],[39.515,14.568],[39.552,14.557],[39.594,14.515],[39.651,14.497],[39.797,14.495],[39.892,14.427],[39.931,14.429],[39.98,14.459],[40.037,14.452],[40.105,14.466],[40.194,14.445],[40.277,14.405],[40.422,14.274],[40.48,14.244],[40.586,14.195],[40.772,14.148],[40.833,14.106],[41.044,13.872],[41.192,13.616],[41.531,13.394],[41.712,13.248],[41.785,13.165],[41.894,12.948],[41.947,12.876],[42.137,12.773],[42.185,12.733],[42.25,12.624],[42.379,12.466],[41.936,11.827],[41.808,11.736],[41.792,11.704],[41.749,11.538],[41.788,11.26],[41.786,11.067],[41.761,10.996],[41.774,10.98],[41.917,10.947],[41.938,10.93],[42.038,10.95],[42.096,10.99],[42.222,10.984],[42.339,11.016],[42.392,11.006],[42.48,11.059],[42.616,11.09],[42.73,11.065],[42.772,10.996],[42.873,10.978],[42.908,11.004],[42.924,10.999],[42.894,10.92],[42.819,10.873],[42.801,10.821],[42.738,10.76],[42.7,10.659],[42.647,10.632],[42.695,10.525],[42.766,10.452],[42.789,10.333],[42.836,10.208],[42.982,10.092],[43.04,9.95],[43.068,9.923],[43.187,9.883],[43.206,9.851],[43.249,9.652],[43.306,9.618],[43.371,9.544],[43.419,9.413],[43.548,9.336],[43.622,9.337],[43.985,9.008],[46.979,7.997],[47.979,7.997],[46.424,6.497],[45.936,5.997],[44.942,4.911],[44.913,4.899],[43.969,4.954],[43.528,4.842],[43.119,4.648],[42.96,4.517],[42.9,4.361],[42.832,4.302],[42.297,4.202],[42.103,4.192],[41.923,4.071],[41.912,4.008],[41.836,3.949],[41.7,3.997],[41.643,3.969],[41.586,3.984],[41.43,3.949],[41.163,3.943],[41.07,3.997],[41.006,4.087],[40.898,4.146],[40.846,4.215],[40.764,4.285],[40.701,4.244],[40.383,4.121],[40.366,4.095],[40.167,4.035],[40.162,4.019],[39.848,3.867],[39.764,3.686],[39.575,3.498],[39.536,3.405],[39.504,3.403],[39.467,3.452],[39.436,3.462],[39.311,3.466],[39.316,3.495],[39.219,3.469],[39.068,3.527],[38.895,3.514],[38.722,3.56],[38.661,3.622],[38.66,3.594],[38.547,3.61],[38.509,3.651],[38.497,3.624],[38.446,3.602],[38.177,3.621],[38.102,3.613],[38.036,3.649],[37.977,3.726],[37.095,4.285],[37.076,4.331],[37.048,4.332],[37.016,4.371],[36.844,4.432],[36.041,4.444],[35.94,4.508],[35.921,4.619],[35.785,4.764],[35.752,4.854],[35.756,5.063],[35.807,5.145],[35.775,5.247],[35.804,5.318],[35.684,5.38],[35.598,5.369],[35.508,5.423],[35.469,5.431],[35.43,5.427],[35.345,5.352],[35.321,5.349],[35.287,5.374],[35.251,5.435],[35.274,5.48],[35.262,5.512],[35.099,5.622],[35.08,5.7],[34.974,5.863],[34.98,5.913],[34.955,5.953],[34.97,5.997],[34.959,6.062],[34.899,6.139],[34.845,6.249],[34.833,6.354],[34.784,6.442],[34.734,6.638],[34.704,6.685],[34.618,6.737],[34.525,6.753],[34.511,6.814],[34.523,6.844],[34.504,6.89],[34.439,6.935],[34.281,6.98],[34.198,7.064],[34.181,7.167],[34.132,7.163],[34.034,7.25],[34.031,7.349],[34.007,7.41],[33.882,7.536],[33.812,7.561],[33.761,7.598],[33.716,7.657],[33.637,7.691],[33.551,7.691],[33.517,7.726],[33.462,7.75],[33.347,7.719],[33.292,7.733],[33.234,7.783],[33.165,7.801],[33.121,7.783],[33.058,7.798],[33.023,7.835],[32.99,7.917],[33.031,7.996],[33.118,8.104],[33.165,8.117],[33.185,8.141],[33.17,8.205],[33.208,8.254],[33.164,8.293],[33.174,8.343],[33.162,8.362],[33.174,8.404],[33.203,8.414],[33.235,8.456],[33.361,8.434],[33.392,8.452],[33.481,8.458],[33.485,8.474],[33.552,8.447],[33.62,8.461],[33.696,8.373],[33.741,8.367],[33.824,8.419],[33.95,8.433],[34.09,8.557],[34.112,8.627],[34.067,9.531]]]}},{"type":"Feature","properties":{"name":"South Sudan","iso":"SDS"},"geometry":{"type":"Polygon","coordinates":[[[35.921,4.619],[35.781,4.62],[35.778,4.678],[35.739,4.681],[35.712,4.662],[35.7,4.589],[35.611,4.62],[35.522,4.78],[35.571,4.904],[35.496,4.926],[35.396,4.926],[35.434,5.004],[35.412,5.03],[35.263,4.949],[35.246,4.982],[34.666,4.765],[34.381,4.62],[33.533,3.774],[33.491,3.75],[33.164,3.763],[32.997,3.886],[32.84,3.794],[32.756,3.769],[32.372,3.731],[32.188,3.619],[32.168,3.512],[32.076,3.533],[32.03,3.586],[31.93,3.598],[31.902,3.704],[31.831,3.784],[31.778,3.816],[31.687,3.713],[31.565,3.69],[31.524,3.656],[31.295,3.774],[31.215,3.792],[31.141,3.785],[31.078,3.735],[30.944,3.679],[30.84,3.49],[30.828,3.511],[30.838,3.563],[30.779,3.603],[30.765,3.662],[30.747,3.675],[30.693,3.632],[30.553,3.605],[30.543,3.618],[30.563,3.695],[30.525,3.868],[30.457,3.868],[30.338,3.928],[30.189,3.956],[30.123,4.102],[30.043,4.133],[29.989,4.218],[29.924,4.246],[29.94,4.288],[29.93,4.309],[29.883,4.344],[29.815,4.347],[29.788,4.369],[29.778,4.524],[29.797,4.556],[29.745,4.584],[29.715,4.58],[29.619,4.642],[29.535,4.661],[29.513,4.652],[29.458,4.67],[29.443,4.583],[29.39,4.494],[29.339,4.45],[29.304,4.387],[29.243,4.387],[29.221,4.341],[29.173,4.348],[29.11,4.412],[29.056,4.436],[28.986,4.496],[28.904,4.479],[28.79,4.489],[28.784,4.53],[28.755,4.554],[28.695,4.533],[28.639,4.432],[28.571,4.405],[28.557,4.374],[28.497,4.369],[28.404,4.278],[28.357,4.283],[28.337,4.327],[28.303,4.352],[28.178,4.347],[28.102,4.442],[28.05,4.419],[28.011,4.48],[28.014,4.55],[27.929,4.57],[27.914,4.549],[27.849,4.553],[27.809,4.588],[27.772,4.596],[27.753,4.778],[27.686,4.798],[27.672,4.856],[27.641,4.891],[27.553,4.901],[27.515,4.922],[27.501,4.963],[27.436,5.013],[27.441,5.071],[27.402,5.104],[27.386,5.144],[27.301,5.205],[27.264,5.26],[27.218,5.426],[27.261,5.578],[27.248,5.593],[27.217,5.585],[27.218,5.645],[27.196,5.661],[27.182,5.707],[27.136,5.734],[27.124,5.769],[27.073,5.791],[27.036,5.785],[26.981,5.859],[26.916,5.85],[26.894,5.89],[26.819,5.895],[26.805,5.957],[26.776,5.982],[26.705,6.01],[26.602,6.011],[26.544,6.031],[26.499,6.1],[26.481,6.105],[26.425,6.072],[26.429,6.113],[26.5,6.168],[26.509,6.205],[26.456,6.23],[26.452,6.28],[26.376,6.313],[26.29,6.387],[26.289,6.459],[26.27,6.466],[26.305,6.497],[26.38,6.62],[26.378,6.653],[26.236,6.72],[26.148,6.805],[26.091,6.83],[26.074,6.895],[26.045,6.9],[26.036,6.922],[26.026,6.997],[25.969,7.004],[25.96,7.024],[25.889,7.052],[25.877,7.088],[25.801,7.105],[25.786,7.143],[25.592,7.211],[25.517,7.27],[25.481,7.266],[25.36,7.336],[25.316,7.417],[25.19,7.501],[25.165,7.58],[25.253,7.622],[25.279,7.659],[25.27,7.761],[25.217,7.864],[25.173,7.889],[25.059,7.896],[24.953,7.997],[24.918,8.087],[24.8,8.18],[24.615,8.217],[24.513,8.207],[24.431,8.271],[24.332,8.246],[24.303,8.265],[24.207,8.283],[24.153,8.318],[24.122,8.372],[24.137,8.439],[24.193,8.532],[24.251,8.58],[24.211,8.627],[24.236,8.682],[24.17,8.689],[24.177,8.71],[24.38,8.844],[24.494,8.858],[24.558,8.887],[24.559,9.0],[24.66,9.177],[24.68,9.373],[24.793,9.52],[24.796,9.819],[24.914,9.891],[24.976,9.967],[25.029,10.092],[25.017,10.168],[25.077,10.287],[25.233,10.322],[25.327,10.317],[25.828,10.42],[25.894,10.351],[25.905,10.181],[26.011,10.123],[26.103,9.988],[26.179,9.959],[26.557,9.52],[26.626,9.481],[26.694,9.477],[27.08,9.607],[27.339,9.613],[27.77,9.583],[27.895,9.595],[27.997,9.385],[28.045,9.331],[28.844,9.325],[28.829,9.427],[28.914,9.529],[29.009,9.603],[29.132,9.668],[29.252,9.711],[29.483,9.762],[29.567,9.841],[29.614,9.914],[29.615,10.058],[30.013,10.27],[30.485,9.972],[30.765,9.724],[30.837,9.749],[31.164,9.764],[31.235,9.792],[31.665,10.214],[31.864,10.472],[31.943,10.656],[32.414,11.051],[32.431,11.082],[32.435,11.107],[32.364,11.24],[32.349,11.308],[32.36,11.573],[32.348,11.703],[32.082,12.0],[32.747,12.003],[32.726,12.132],[32.732,12.216],[33.209,12.21],[33.203,12.128],[33.145,11.935],[33.132,11.686],[33.083,11.599],[33.182,10.843],[33.14,10.739],[33.381,10.646],[33.469,10.544],[33.917,10.175],[33.967,10.047],[33.956,9.934],[33.973,9.855],[33.905,9.711],[33.884,9.62],[33.881,9.499],[33.901,9.455],[34.071,9.455],[34.112,8.627],[34.09,8.557],[33.971,8.445],[33.932,8.428],[33.824,8.419],[33.752,8.369],[33.696,8.373],[33.62,8.461],[33.552,8.447],[33.485,8.474],[33.481,8.458],[33.392,8.452],[33.361,8.434],[33.235,8.456],[33.203,8.414],[33.174,8.404],[33.162,8.362],[33.174,8.343],[33.164,8.293],[33.208,8.254],[33.17,8.205],[33.185,8.141],[33.165,8.117],[33.118,8.104],[33.031,7.996],[32.99,7.917],[33.023,7.835],[33.058,7.798],[33.121,7.783],[33.165,7.801],[33.234,7.783],[33.292,7.733],[33.347,7.719],[33.462,7.75],[33.517,7.726],[33.551,7.691],[33.637,7.691],[33.716,7.657],[33.761,7.598],[33.812,7.561],[33.882,7.536],[34.007,7.41],[34.031,7.349],[34.034,7.25],[34.132,7.163],[34.181,7.167],[34.198,7.064],[34.281,6.98],[34.439,6.935],[34.504,6.89],[34.523,6.844],[34.511,6.814],[34.525,6.753],[34.618,6.737],[34.704,6.685],[34.734,6.638],[34.784,6.442],[34.833,6.354],[34.845,6.249],[34.899,6.139],[34.959,6.062],[34.97,5.997],[34.955,5.953],[34.98,5.913],[34.974,5.863],[35.08,5.7],[35.099,5.622],[35.262,5.512],[35.274,5.48],[35.251,5.435],[35.287,5.374],[35.321,5.349],[35.345,5.352],[35.43,5.427],[35.469,5.431],[35.508,5.423],[35.598,5.369],[35.684,5.38],[35.804,5.318],[35.775,5.247],[35.807,5.145],[35.756,5.063],[35.752,4.854],[35.785,4.764],[35.921,4.619]]]}},{"type":"Feature","properties":{"name":"Somalia","iso":"SOM"},"geometry":{"type":"Polygon","coordinates":[[[46.488,6.559],[47.979,7.997],[46.979,7.997],[44.024,8.986],[43.622,9.337],[43.548,9.336],[43.419,9.413],[43.371,9.544],[43.306,9.618],[43.249,9.652],[43.206,9.851],[43.187,9.883],[43.068,9.923],[43.04,9.95],[42.982,10.092],[42.836,10.208],[42.789,10.333],[42.766,10.452],[42.695,10.525],[42.649,10.611],[42.647,10.632],[42.712,10.675],[42.738,10.76],[42.801,10.821],[42.819,10.873],[42.894,10.92],[42.924,10.999],[43.241,11.488],[43.288,11.46],[43.283,11.499],[43.376,11.392],[43.46,11.351],[43.489,11.381],[43.479,11.272],[43.506,11.209],[43.559,11.176],[43.659,10.988],[43.922,10.724],[44.348,10.415],[44.389,10.397],[44.586,10.384],[44.751,10.428],[44.962,10.416],[44.994,10.443],[44.988,10.46],[45.157,10.541],[45.321,10.662],[45.409,10.659],[45.487,10.685],[45.573,10.758],[45.673,10.796],[45.769,10.878],[45.817,10.869],[45.856,10.824],[45.884,10.841],[45.978,10.799],[46.102,10.771],[46.238,10.792],[46.335,10.71],[46.448,10.693],[46.66,10.754],[46.866,10.872],[46.886,10.899],[47.008,10.939],[47.181,11.08],[47.406,11.185],[47.523,11.187],[47.71,11.101],[47.767,11.13],[48.13,11.137],[48.161,11.146],[48.22,11.211],[48.304,11.228],[48.343,11.275],[48.479,11.296],[48.522,11.319],[48.655,11.331],[48.889,11.251],[48.977,11.251],[49.24,11.3],[49.303,11.345],[49.336,11.335],[49.419,11.345],[49.522,11.394],[49.577,11.46],[49.687,11.474],[49.805,11.458],[49.851,11.465],[49.942,11.516],[50.073,11.509],[50.162,11.563],[50.268,11.589],[50.372,11.669],[50.437,11.691],[50.513,11.771],[50.529,11.86],[50.576,11.921],[50.641,11.954],[50.661,11.948],[50.772,11.986],[50.798,11.989],[50.867,11.943],[50.97,11.932],[51.049,11.879],[51.128,11.879],[51.293,11.833],[51.249,11.729],[51.248,11.652],[51.121,11.505],[51.125,11.448],[51.081,11.341],[51.073,11.234],[51.086,11.188],[51.131,11.161],[51.174,11.159],[51.19,11.138],[51.124,11.039],[51.115,10.993],[51.138,10.677],[51.161,10.598],[51.107,10.577],[51.092,10.482],[51.036,10.468],[51.01,10.434],[51.038,10.416],[51.22,10.442],[51.197,10.477],[51.176,10.563],[51.293,10.48],[51.395,10.479],[51.417,10.447],[51.398,10.396],[51.367,10.368],[51.273,10.378],[51.257,10.42],[51.241,10.426],[51.09,10.407],[50.927,10.328],[50.902,10.234],[50.913,10.177],[50.884,10.101],[50.902,10.012],[50.833,9.769],[50.824,9.651],[50.806,9.624],[50.84,9.456],[50.83,9.42],[50.768,9.319],[50.689,9.275],[50.647,9.211],[50.648,9.11],[50.634,9.073],[50.44,8.888],[50.374,8.699],[50.327,8.641],[50.303,8.505],[50.256,8.473],[50.156,8.321],[50.091,8.161],[49.929,8.052],[49.824,7.934],[49.803,7.827],[49.823,7.805],[49.825,7.758],[49.752,7.65],[49.744,7.589],[49.587,7.315],[49.367,7.026],[49.247,6.811],[49.075,6.415],[49.086,6.307],[49.071,6.22],[49.036,6.144],[48.696,5.587],[48.647,5.48],[48.548,5.375],[48.448,5.209],[48.329,5.08],[48.202,4.909],[48.056,4.613],[47.948,4.457],[47.578,4.06],[47.489,3.936],[47.013,3.441],[46.834,3.232],[46.7,3.113],[46.626,3.024],[46.352,2.789],[46.289,2.696],[46.237,2.668],[46.048,2.455],[45.826,2.309],[45.232,1.968],[45.001,1.866],[44.55,1.559],[44.333,1.39],[44.221,1.276],[44.158,1.241],[44.138,1.192],[44.033,1.097],[43.979,1.069],[43.933,1.01],[43.782,0.922],[43.734,0.855],[43.659,0.805],[43.468,0.621],[42.77,-0.129],[42.58,-0.298],[42.551,-0.358],[42.519,-0.369],[42.48,-0.422],[42.476,-0.466],[42.466,-0.449],[42.413,-0.491],[42.167,-0.803],[42.136,-0.822],[42.072,-0.829],[42.063,-0.839],[42.082,-0.843],[42.072,-0.884],[42.016,-0.968],[41.972,-1.0],[41.953,-0.894],[41.946,-0.955],[41.972,-1.024],[41.874,-1.176],[41.873,-1.195],[41.897,-1.183],[41.885,-1.21],[41.863,-1.212],[41.829,-1.169],[41.837,-1.262],[41.652,-1.565],[41.611,-1.593],[41.535,-1.696],[41.539,-1.614],[41.523,-1.573],[40.98,-0.871],[40.965,2.814],[40.98,2.842],[41.343,3.201],[41.912,4.008],[41.923,4.071],[42.068,4.175],[42.135,4.2],[42.297,4.202],[42.832,4.302],[42.9,4.361],[42.96,4.517],[43.119,4.648],[43.528,4.842],[43.932,4.945],[43.969,4.954],[44.913,4.899],[44.942,4.911],[45.936,5.997],[46.488,6.559]]]}},{"type":"Feature","properties":{"name":"Kenya","iso":"KEN"},"geometry":{"type":"MultiPolygon","coordinates":[[[[35.7,4.589],[35.712,4.662],[35.739,4.681],[35.778,4.678],[35.781,4.62],[35.921,4.619],[35.94,4.508],[36.041,4.444],[36.844,4.432],[37.016,4.371],[37.048,4.332],[37.076,4.331],[37.095,4.285],[37.977,3.726],[38.036,3.649],[38.102,3.613],[38.177,3.621],[38.446,3.602],[38.497,3.624],[38.509,3.651],[38.547,3.61],[38.66,3.594],[38.661,3.622],[38.722,3.56],[38.895,3.514],[39.068,3.527],[39.219,3.469],[39.316,3.495],[39.311,3.466],[39.436,3.462],[39.467,3.452],[39.504,3.403],[39.536,3.405],[39.575,3.498],[39.764,3.686],[39.848,3.867],[40.162,4.019],[40.167,4.035],[40.366,4.095],[40.383,4.121],[40.701,4.244],[40.764,4.285],[40.846,4.215],[40.898,4.146],[41.006,4.087],[41.07,3.997],[41.163,3.943],[41.43,3.949],[41.586,3.984],[41.643,3.969],[41.7,3.997],[41.836,3.949],[41.885,3.977],[41.343,3.201],[40.965,2.814],[40.98,-0.871],[41.523,-1.573],[41.539,-1.614],[41.535,-1.696],[41.458,-1.775],[41.418,-1.847],[41.283,-1.969],[41.267,-1.95],[41.231,-1.955],[41.219,-1.922],[41.186,-1.99],[41.109,-1.978],[41.013,-2.042],[40.98,-2.005],[41.006,-1.902],[40.971,-1.929],[40.967,-2.047],[40.945,-2.073],[40.927,-2.059],[40.908,-1.998],[40.861,-1.963],[40.849,-1.978],[40.856,-2.018],[40.872,-2.011],[40.894,-2.026],[40.883,-2.06],[40.904,-2.08],[40.912,-2.192],[40.925,-2.217],[40.957,-2.219],[40.979,-2.242],[40.945,-2.309],[40.923,-2.314],[40.919,-2.302],[40.952,-2.286],[40.921,-2.271],[40.894,-2.228],[40.863,-2.231],[40.795,-2.29],[40.774,-2.279],[40.796,-2.31],[40.793,-2.342],[40.829,-2.375],[40.817,-2.398],[40.712,-2.467],[40.651,-2.539],[40.616,-2.553],[40.491,-2.528],[40.39,-2.56],[40.232,-2.669],[40.175,-2.763],[40.189,-2.814],[40.163,-2.934],[40.184,-2.95],[40.191,-2.988],[40.232,-2.971],[40.233,-2.982],[40.164,-3.067],[40.153,-3.135],[40.119,-3.184],[40.123,-3.267],[39.989,-3.373],[39.971,-3.376],[39.992,-3.307],[39.966,-3.321],[39.965,-3.399],[39.866,-3.616],[39.786,-3.588],[39.781,-3.567],[39.776,-3.6],[39.808,-3.609],[39.8,-3.635],[39.86,-3.633],[39.867,-3.695],[39.786,-3.917],[39.732,-3.946],[39.712,-3.931],[39.712,-3.897],[39.684,-3.917],[39.712,-3.965],[39.745,-3.969],[39.699,-4.048],[39.681,-4.048],[39.66,-4.008],[39.66,-3.971],[39.643,-3.986],[39.606,-3.97],[39.595,-3.979],[39.605,-3.988],[39.643,-3.999],[39.636,-4.017],[39.561,-4.04],[39.567,-4.081],[39.582,-4.062],[39.65,-4.07],[39.67,-4.088],[39.666,-4.112],[39.616,-4.198],[39.54,-4.43],[39.522,-4.418],[39.506,-4.438],[39.451,-4.582],[39.444,-4.52],[39.41,-4.574],[39.391,-4.571],[39.406,-4.615],[39.396,-4.629],[39.324,-4.625],[39.3,-4.595],[39.294,-4.615],[39.264,-4.607],[39.191,-4.678],[37.771,-3.655],[37.708,-3.527],[37.599,-3.513],[37.608,-3.464],[37.579,-3.446],[37.585,-3.413],[37.627,-3.37],[37.67,-3.356],[37.672,-3.324],[37.7,-3.314],[37.66,-3.071],[37.645,-3.046],[34.053,-1.04],[34.015,-1.038],[34.0,-1.003],[33.904,-1.003],[33.895,-0.663],[33.954,-0.154],[33.894,0.11],[34.085,0.347],[34.076,0.422],[34.104,0.462],[34.15,0.604],[34.252,0.655],[34.276,0.681],[34.298,0.759],[34.388,0.816],[34.457,0.958],[34.487,1.082],[34.507,1.103],[34.561,1.093],[34.58,1.153],[34.629,1.164],[34.684,1.209],[34.798,1.232],[34.811,1.273],[34.779,1.389],[34.838,1.437],[34.86,1.518],[34.883,1.552],[34.934,1.576],[34.973,1.654],[34.98,1.87],[35.006,1.917],[34.962,1.978],[34.968,2.102],[34.866,2.348],[34.868,2.411],[34.906,2.437],[34.924,2.477],[34.887,2.522],[34.876,2.591],[34.866,2.605],[34.842,2.588],[34.819,2.598],[34.777,2.686],[34.73,2.853],[34.685,2.881],[34.641,2.86],[34.585,2.929],[34.534,3.118],[34.445,3.159],[34.434,3.182],[34.424,3.305],[34.384,3.388],[34.399,3.434],[34.381,3.477],[34.435,3.526],[34.44,3.668],[34.337,3.735],[34.29,3.703],[34.279,3.71],[34.241,3.784],[34.152,3.776],[34.179,3.796],[34.149,3.823],[34.197,3.847],[34.205,3.875],[34.183,3.886],[34.108,3.869],[34.085,3.877],[34.11,3.943],[34.061,4.008],[34.069,4.088],[34.041,4.12],[34.029,4.188],[33.977,4.22],[34.381,4.62],[34.666,4.765],[35.246,4.982],[35.263,4.949],[35.412,5.03],[35.434,5.004],[35.396,4.926],[35.496,4.926],[35.571,4.904],[35.522,4.78],[35.611,4.62],[35.7,4.589]]],[[[41.066,-2.036],[41.143,-2.06],[41.163,-2.091],[41.155,-2.112],[41.137,-2.115],[41.123,-2.094],[41.105,-2.134],[41.082,-2.122],[40.996,-2.144],[40.986,-2.166],[41.01,-2.187],[40.994,-2.197],[40.98,-2.169],[40.957,-2.174],[40.969,-2.12],[40.983,-2.097],[41.045,-2.07],[41.066,-2.036]]]]}},{"type":"Feature","properties":{"name":"Malawi","iso":"MWI"},"geometry":{"type":"MultiPolygon","coordinates":[[[[34.651,-11.57],[34.607,-11.591],[34.612,-11.693],[34.564,-11.831],[34.38,-12.104],[34.354,-12.199],[34.494,-12.687],[34.549,-13.159],[34.545,-13.326],[34.641,-13.492],[34.863,-13.516],[35.084,-13.704],[35.456,-14.137],[35.523,-14.263],[35.847,-14.65],[35.863,-14.877],[35.904,-14.887],[35.784,-15.172],[35.841,-15.417],[35.785,-16.042],[35.687,-16.113],[35.529,-16.141],[35.515,-16.171],[35.436,-16.124],[35.375,-16.141],[35.305,-16.202],[35.259,-16.272],[35.252,-16.318],[35.266,-16.356],[35.239,-16.394],[35.228,-16.47],[35.132,-16.538],[35.174,-16.625],[35.223,-16.642],[35.278,-16.701],[35.285,-16.787],[35.31,-16.851],[35.285,-16.871],[35.285,-16.93],[35.271,-16.944],[35.314,-16.982],[35.299,-17.014],[35.308,-17.088],[35.292,-17.129],[35.134,-17.132],[35.066,-17.11],[35.069,-17.084],[35.037,-17.036],[35.044,-17.005],[35.113,-16.96],[35.125,-16.933],[35.118,-16.833],[35.096,-16.817],[35.005,-16.815],[34.948,-16.759],[34.905,-16.741],[34.894,-16.706],[34.845,-16.678],[34.82,-16.628],[34.732,-16.529],[34.655,-16.489],[34.637,-16.451],[34.575,-16.392],[34.525,-16.301],[34.446,-16.293],[34.426,-16.274],[34.385,-16.186],[34.405,-16.06],[34.304,-15.952],[34.244,-15.918],[34.233,-15.89],[34.247,-15.794],[34.293,-15.751],[34.342,-15.731],[34.404,-15.647],[34.419,-15.575],[34.41,-15.481],[34.48,-15.413],[34.508,-15.348],[34.565,-15.297],[34.549,-15.058],[34.584,-14.984],[34.551,-14.918],[34.543,-14.796],[34.506,-14.7],[34.519,-14.641],[34.502,-14.576],[34.426,-14.498],[34.372,-14.402],[34.344,-14.387],[34.182,-14.439],[34.11,-14.441],[34.078,-14.455],[34.051,-14.495],[33.916,-14.481],[33.802,-14.533],[33.774,-14.53],[33.72,-14.49],[33.684,-14.519],[33.672,-14.6],[33.645,-14.602],[33.596,-14.511],[33.439,-14.381],[33.354,-14.225],[33.291,-14.157],[33.28,-14.061],[33.203,-14.014],[33.14,-13.925],[33.112,-13.965],[33.063,-13.982],[33.018,-14.046],[33.0,-14.05],[32.971,-14.006],[32.976,-13.945],[32.936,-13.926],[32.924,-13.88],[32.874,-13.821],[32.763,-13.777],[32.757,-13.75],[32.813,-13.711],[32.77,-13.647],[32.675,-13.628],[32.663,-13.596],[32.677,-13.568],[32.723,-13.573],[32.813,-13.528],[32.819,-13.472],[32.874,-13.443],[32.892,-13.405],[32.938,-13.256],[32.998,-13.202],[32.966,-13.117],[32.982,-13.006],[33.014,-12.917],[32.947,-12.843],[32.941,-12.77],[33.025,-12.613],[33.058,-12.583],[33.081,-12.605],[33.13,-12.584],[33.173,-12.62],[33.227,-12.579],[33.255,-12.532],[33.35,-12.533],[33.451,-12.453],[33.465,-12.409],[33.527,-12.356],[33.526,-12.335],[33.458,-12.318],[33.385,-12.34],[33.349,-12.328],[33.3,-12.196],[33.253,-12.14],[33.255,-12.073],[33.313,-11.899],[33.297,-11.847],[33.314,-11.772],[33.297,-11.594],[33.213,-11.564],[33.234,-11.514],[33.23,-11.417],[33.24,-11.402],[33.265,-11.423],[33.274,-11.37],[33.299,-11.353],[33.298,-11.329],[33.391,-11.165],[33.304,-11.035],[33.28,-10.913],[33.24,-10.903],[33.233,-10.883],[33.241,-10.866],[33.288,-10.857],[33.319,-10.818],[33.386,-10.801],[33.434,-10.808],[33.501,-10.769],[33.528,-10.712],[33.674,-10.577],[33.665,-10.515],[33.623,-10.494],[33.533,-10.343],[33.533,-10.231],[33.481,-10.177],[33.304,-10.064],[33.31,-10.013],[33.366,-9.899],[33.343,-9.831],[33.288,-9.804],[33.217,-9.727],[33.205,-9.698],[33.214,-9.655],[33.175,-9.602],[33.098,-9.588],[33.08,-9.662],[33.058,-9.654],[33.036,-9.617],[32.987,-9.628],[32.975,-9.601],[32.992,-9.502],[32.962,-9.48],[32.928,-9.48],[32.921,-9.408],[32.936,-9.392],[32.975,-9.381],[33.104,-9.488],[33.173,-9.511],[33.202,-9.493],[33.3,-9.492],[33.375,-9.549],[33.404,-9.605],[33.439,-9.622],[33.481,-9.624],[33.559,-9.593],[33.651,-9.611],[33.735,-9.584],[33.865,-9.67],[33.912,-9.718],[33.955,-9.661],[33.964,-9.595],[33.946,-9.55],[34.013,-9.477],[34.08,-9.511],[34.288,-9.708],[34.318,-9.719],[34.332,-9.769],[34.483,-9.946],[34.536,-10.043],[34.525,-10.095],[34.586,-10.29],[34.565,-10.41],[34.593,-10.482],[34.581,-10.54],[34.6,-10.578],[34.624,-10.583],[34.626,-10.614],[34.66,-10.665],[34.648,-10.708],[34.675,-10.752],[34.657,-10.77],[34.645,-10.913],[34.593,-11.016],[34.614,-11.102],[34.682,-11.185],[34.714,-11.203],[34.729,-11.254],[34.757,-11.278],[34.737,-11.297],[34.766,-11.345],[34.8,-11.332],[34.868,-11.359],[34.961,-11.499],[34.965,-11.574],[34.651,-11.57]]],[[[34.716,-12.002],[34.754,-12.02],[34.759,-12.066],[34.732,-12.109],[34.689,-12.125],[34.669,-12.118],[34.656,-12.076],[34.681,-12.009],[34.716,-12.002]]],[[[34.542,-11.995],[34.598,-11.971],[34.627,-11.987],[34.641,-12.018],[34.611,-12.073],[34.544,-12.011],[34.542,-11.995]]]]}},{"type":"Feature","properties":{"name":"Tanzania","iso":"TZA"},"geometry":{"type":"MultiPolygon","coordinates":[[[[32.921,-9.408],[32.752,-9.337],[32.713,-9.286],[32.518,-9.258],[32.46,-9.168],[32.423,-9.144],[32.231,-9.134],[32.134,-9.064],[32.096,-9.069],[32.057,-9.05],[32.032,-9.046],[31.981,-9.072],[31.938,-9.062],[31.918,-9.022],[31.918,-8.973],[31.937,-8.933],[31.788,-8.892],[31.71,-8.92],[31.673,-8.913],[31.553,-8.809],[31.539,-8.704],[31.428,-8.633],[31.386,-8.633],[31.353,-8.587],[31.261,-8.624],[31.207,-8.581],[31.12,-8.617],[31.078,-8.616],[30.96,-8.55],[30.828,-8.388],[30.778,-8.289],[30.728,-8.104],[30.655,-7.927],[30.442,-7.596],[30.37,-7.31],[30.294,-7.149],[30.091,-6.89],[30.013,-6.825],[29.873,-6.754],[29.707,-6.619],[29.634,-6.447],[29.566,-6.36],[29.526,-6.273],[29.476,-6.002],[29.496,-5.939],[29.603,-5.782],[29.612,-5.704],[29.594,-5.62],[29.496,-5.392],[29.456,-5.23],[29.378,-5.088],[29.324,-4.92],[29.321,-4.836],[29.401,-4.587],[29.404,-4.45],[29.638,-4.447],[29.733,-4.463],[29.784,-4.374],[29.847,-4.371],[30.003,-4.272],[30.051,-4.18],[30.15,-4.087],[30.209,-3.93],[30.312,-3.79],[30.337,-3.774],[30.382,-3.788],[30.373,-3.704],[30.429,-3.602],[30.432,-3.552],[30.469,-3.513],[30.507,-3.511],[30.639,-3.419],[30.64,-3.393],[30.603,-3.373],[30.641,-3.333],[30.712,-3.302],[30.721,-3.281],[30.748,-3.294],[30.8,-3.275],[30.832,-3.173],[30.833,-3.148],[30.812,-3.123],[30.818,-3.099],[30.778,-3.047],[30.825,-2.979],[30.732,-2.993],[30.684,-2.97],[30.638,-2.974],[30.63,-2.948],[30.539,-2.899],[30.488,-2.944],[30.474,-2.903],[30.416,-2.852],[30.451,-2.742],[30.523,-2.649],[30.443,-2.681],[30.412,-2.67],[30.458,-2.598],[30.508,-2.463],[30.555,-2.401],[30.574,-2.389],[30.638,-2.397],[30.675,-2.352],[30.759,-2.381],[30.834,-2.345],[30.853,-2.194],[30.888,-2.083],[30.853,-2.024],[30.817,-2.019],[30.827,-1.934],[30.797,-1.929],[30.824,-1.902],[30.817,-1.884],[30.838,-1.837],[30.824,-1.731],[30.831,-1.594],[30.807,-1.603],[30.792,-1.591],[30.739,-1.489],[30.738,-1.407],[30.632,-1.368],[30.555,-1.318],[30.555,-1.273],[30.511,-1.17],[30.467,-1.155],[30.471,-1.118],[30.453,-1.097],[30.481,-1.059],[30.512,-1.073],[30.639,-1.073],[30.687,-1.025],[30.777,-0.986],[30.828,-1.003],[34.0,-1.003],[34.015,-1.038],[34.053,-1.04],[37.645,-3.046],[37.66,-3.071],[37.7,-3.314],[37.672,-3.324],[37.67,-3.356],[37.627,-3.37],[37.585,-3.413],[37.579,-3.446],[37.608,-3.464],[37.599,-3.513],[37.708,-3.527],[37.771,-3.655],[39.215,-4.689],[39.216,-4.749],[39.17,-4.78],[39.216,-4.796],[39.214,-4.856],[39.162,-4.939],[39.163,-4.848],[39.146,-4.9],[39.13,-4.918],[39.109,-4.917],[39.129,-4.953],[39.132,-5.01],[39.098,-5.023],[39.084,-5.048],[39.083,-5.061],[39.129,-5.048],[39.143,-5.096],[39.094,-5.145],[39.044,-5.232],[39.048,-5.247],[39.075,-5.219],[39.081,-5.231],[39.026,-5.379],[38.981,-5.417],[38.999,-5.465],[38.985,-5.505],[38.922,-5.616],[38.889,-5.637],[38.903,-5.643],[38.895,-5.711],[38.833,-5.816],[38.821,-5.925],[38.779,-6.055],[38.813,-6.131],[38.857,-6.164],[38.86,-6.232],[38.841,-6.268],[38.852,-6.349],[38.898,-6.395],[38.915,-6.437],[38.965,-6.473],[39.037,-6.483],[38.991,-6.452],[39.041,-6.47],[39.213,-6.642],[39.246,-6.731],[39.264,-6.744],[39.28,-6.727],[39.28,-6.83],[39.3,-6.849],[39.294,-6.815],[39.312,-6.816],[39.355,-6.839],[39.465,-6.858],[39.554,-7.001],[39.54,-7.028],[39.548,-7.118],[39.533,-7.117],[39.498,-7.177],[39.478,-7.151],[39.436,-7.18],[39.414,-7.241],[39.367,-7.271],[39.37,-7.307],[39.328,-7.309],[39.354,-7.371],[39.304,-7.449],[39.275,-7.596],[39.302,-7.754],[39.253,-7.823],[39.283,-7.817],[39.305,-7.792],[39.328,-7.726],[39.355,-7.753],[39.341,-7.782],[39.396,-7.78],[39.444,-7.833],[39.421,-7.902],[39.437,-7.994],[39.458,-7.98],[39.454,-8.01],[39.362,-8.207],[39.341,-8.207],[39.348,-8.275],[39.334,-8.269],[39.328,-8.296],[39.294,-8.269],[39.302,-8.295],[39.28,-8.309],[39.305,-8.389],[39.303,-8.505],[39.358,-8.588],[39.354,-8.714],[39.439,-8.755],[39.453,-8.805],[39.489,-8.827],[39.52,-8.892],[39.554,-8.922],[39.521,-8.923],[39.449,-8.859],[39.413,-8.867],[39.389,-8.899],[39.464,-8.899],[39.448,-8.926],[39.492,-8.938],[39.499,-9.124],[39.569,-9.093],[39.644,-9.189],[39.632,-9.258],[39.65,-9.282],[39.643,-9.369],[39.616,-9.397],[39.569,-9.405],[39.567,-9.448],[39.608,-9.44],[39.616,-9.425],[39.651,-9.445],[39.65,-9.474],[39.681,-9.505],[39.701,-9.58],[39.725,-9.604],[39.712,-9.625],[39.741,-9.667],[39.747,-9.706],[39.697,-9.745],[39.752,-9.749],[39.801,-9.824],[39.8,-9.873],[39.752,-9.879],[39.79,-9.923],[39.714,-9.952],[39.724,-10.008],[39.691,-10.043],[39.716,-10.039],[39.763,-9.983],[39.827,-9.99],[39.914,-10.034],[39.975,-10.133],[39.985,-10.221],[40.0,-10.193],[39.989,-10.131],[40.02,-10.133],[40.133,-10.17],[40.124,-10.222],[40.136,-10.248],[40.121,-10.271],[40.16,-10.28],[40.174,-10.255],[40.232,-10.297],[40.239,-10.269],[40.267,-10.269],[40.198,-10.242],[40.232,-10.2],[40.259,-10.242],[40.301,-10.269],[40.349,-10.358],[40.422,-10.356],[40.427,-10.336],[40.393,-10.312],[40.427,-10.3],[40.449,-10.345],[40.411,-10.392],[40.437,-10.392],[40.425,-10.437],[40.437,-10.475],[40.389,-10.535],[40.289,-10.583],[40.161,-10.704],[40.008,-10.811],[39.886,-10.864],[39.76,-10.943],[39.498,-10.991],[39.263,-11.167],[39.212,-11.174],[39.126,-11.14],[39.061,-11.16],[38.896,-11.168],[38.76,-11.263],[38.715,-11.256],[38.654,-11.276],[38.492,-11.413],[38.348,-11.359],[38.257,-11.277],[38.21,-11.27],[38.167,-11.284],[38.109,-11.25],[37.938,-11.284],[37.868,-11.328],[37.818,-11.46],[37.817,-11.534],[37.648,-11.636],[37.573,-11.644],[37.504,-11.673],[37.47,-11.719],[37.378,-11.709],[37.341,-11.681],[37.27,-11.698],[37.142,-11.675],[37.072,-11.629],[37.032,-11.565],[36.998,-11.585],[36.906,-11.593],[36.82,-11.574],[36.738,-11.675],[36.626,-11.721],[36.546,-11.729],[36.509,-11.71],[36.495,-11.681],[36.378,-11.681],[36.279,-11.709],[36.241,-11.695],[36.2,-11.702],[36.179,-11.676],[36.168,-11.579],[36.022,-11.506],[35.97,-11.502],[35.97,-11.461],[35.94,-11.434],[35.826,-11.413],[35.764,-11.475],[35.696,-11.495],[35.703,-11.517],[35.665,-11.572],[35.576,-11.605],[35.533,-11.596],[35.532,-11.613],[35.499,-11.582],[35.441,-11.591],[35.424,-11.577],[34.965,-11.574],[34.961,-11.499],[34.887,-11.375],[34.8,-11.332],[34.766,-11.345],[34.737,-11.297],[34.757,-11.278],[34.729,-11.254],[34.714,-11.203],[34.682,-11.185],[34.614,-11.102],[34.593,-11.016],[34.645,-10.913],[34.657,-10.77],[34.675,-10.752],[34.648,-10.708],[34.66,-10.665],[34.626,-10.614],[34.624,-10.583],[34.6,-10.578],[34.581,-10.54],[34.593,-10.482],[34.565,-10.41],[34.586,-10.29],[34.525,-10.095],[34.536,-10.043],[34.483,-9.946],[34.332,-9.769],[34.318,-9.719],[34.288,-9.708],[34.08,-9.511],[34.013,-9.477],[33.946,-9.55],[33.964,-9.595],[33.955,-9.661],[33.912,-9.718],[33.865,-9.67],[33.735,-9.584],[33.651,-9.611],[33.559,-9.593],[33.481,-9.624],[33.439,-9.622],[33.404,-9.605],[33.375,-9.549],[33.3,-9.492],[33.202,-9.493],[33.173,-9.511],[33.104,-9.488],[32.975,-9.381],[32.921,-9.408]]],[[[39.911,-7.654],[39.893,-7.754],[39.823,-7.914],[39.755,-7.915],[39.726,-7.973],[39.667,-7.993],[39.63,-7.986],[39.587,-7.945],[39.622,-7.939],[39.632,-7.915],[39.693,-7.87],[39.704,-7.819],[39.814,-7.789],[39.773,-7.775],[39.845,-7.738],[39.896,-7.638],[39.911,-7.654]]],[[[39.547,-6.33],[39.574,-6.378],[39.57,-6.421],[39.544,-6.451],[39.508,-6.463],[39.472,-6.452],[39.434,-6.402],[39.417,-6.301],[39.394,-6.308],[39.41,-6.346],[39.404,-6.374],[39.376,-6.363],[39.374,-6.329],[39.3,-6.239],[39.287,-6.247],[39.294,-6.268],[39.28,-6.258],[39.276,-6.274],[39.282,-6.312],[39.199,-6.221],[39.177,-6.158],[39.213,-6.114],[39.186,-5.994],[39.19,-5.914],[39.197,-5.897],[39.211,-5.918],[39.28,-5.842],[39.295,-5.737],[39.313,-5.718],[39.356,-5.804],[39.354,-5.897],[39.373,-5.971],[39.403,-6.048],[39.43,-6.055],[39.424,-6.122],[39.437,-6.158],[39.417,-6.192],[39.431,-6.186],[39.458,-6.212],[39.465,-6.187],[39.501,-6.196],[39.499,-6.124],[39.525,-6.175],[39.547,-6.33]]],[[[39.649,-5.428],[39.651,-5.338],[39.698,-5.342],[39.664,-5.287],[39.717,-5.29],[39.726,-5.28],[39.691,-5.26],[39.764,-5.262],[39.781,-5.239],[39.736,-5.24],[39.691,-5.211],[39.669,-5.214],[39.65,-5.191],[39.746,-5.205],[39.743,-5.162],[39.718,-5.171],[39.72,-5.136],[39.691,-5.137],[39.701,-5.079],[39.725,-5.08],[39.718,-5.062],[39.677,-5.044],[39.698,-5.013],[39.684,-5.02],[39.681,-4.987],[39.712,-4.993],[39.716,-4.977],[39.677,-4.945],[39.684,-4.89],[39.712,-4.931],[39.735,-4.91],[39.806,-4.961],[39.822,-4.994],[39.824,-4.957],[39.836,-4.945],[39.842,-4.966],[39.85,-4.949],[39.856,-4.897],[39.869,-4.906],[39.878,-4.988],[39.836,-5.026],[39.828,-5.102],[39.839,-5.137],[39.848,-5.109],[39.861,-5.115],[39.856,-5.253],[39.796,-5.407],[39.781,-5.383],[39.764,-5.432],[39.729,-5.454],[39.739,-5.431],[39.705,-5.443],[39.649,-5.428]]],[[[39.742,-7.995],[39.797,-7.992],[39.801,-8.007],[39.719,-8.093],[39.703,-8.091],[39.715,-8.028],[39.742,-7.995]]],[[[39.226,-5.769],[39.238,-5.856],[39.214,-5.858],[39.214,-5.777],[39.226,-5.769]]],[[[39.584,-5.399],[39.621,-5.441],[39.652,-5.451],[39.66,-5.476],[39.615,-5.464],[39.569,-5.406],[39.584,-5.399]]]]}},{"type":"Feature","properties":{"name":"People's Republic of China","iso":"CHN"},"geometry":{"type":"MultiPolygon","coordinates":[[[[97.323,28.217],[97.23,28.275],[97.211,28.308],[97.078,28.375],[96.966,28.33],[96.717,28.437],[96.562,28.447],[96.37,28.378],[96.302,28.421],[96.336,28.48],[96.502,28.644],[96.501,28.688],[96.598,28.71],[96.593,28.758],[96.577,28.809],[96.511,28.886],[96.492,28.948],[96.452,28.97],[96.458,28.995],[96.367,29.037],[96.249,28.945],[96.195,28.941],[96.175,29.109],[96.21,29.146],[96.316,29.172],[96.366,29.257],[96.337,29.28],[96.268,29.242],[96.235,29.241],[96.176,29.286],[96.142,29.368],[95.954,29.359],[95.863,29.324],[95.796,29.353],[95.745,29.34],[95.747,29.274],[95.717,29.218],[95.564,29.246],[95.55,29.212],[95.515,29.209],[95.521,29.138],[95.488,29.069],[95.367,29.036],[95.225,29.059],[95.2,29.094],[94.989,29.154],[94.777,29.167],[94.761,29.175],[94.768,29.214],[94.704,29.285],[94.63,29.319],[94.6,29.317],[94.515,29.221],[94.396,29.207],[94.336,29.15],[94.288,29.148],[94.271,29.098],[94.347,29.024],[94.25,28.933],[94.174,28.93],[94.135,28.898],[93.992,28.845],[93.982,28.768],[93.928,28.683],[93.863,28.705],[93.782,28.681],[93.722,28.697],[93.626,28.672],[93.446,28.672],[93.317,28.603],[93.287,28.521],[93.186,28.432],[93.218,28.395],[93.208,28.341],[92.975,28.282],[92.904,28.25],[92.835,28.184],[92.79,28.179],[92.779,28.196],[92.679,28.133],[92.639,28.057],[92.689,28.048],[92.736,27.986],[92.684,27.91],[92.636,27.895],[92.575,27.848],[92.475,27.847],[92.428,27.821],[92.393,27.856],[92.368,27.804],[92.35,27.803],[92.329,27.833],[92.304,27.786],[92.24,27.865],[92.126,27.813],[92.065,27.762],[91.989,27.769],[91.952,27.725],[91.865,27.73],[91.827,27.808],[91.73,27.804],[91.68,27.85],[91.628,27.853],[91.653,27.917],[91.622,27.951],[91.419,27.995],[91.341,28.031],[91.29,28.091],[91.27,28.073],[91.195,28.071],[91.093,27.972],[91.052,27.963],[90.975,27.982],[90.91,28.033],[90.727,28.062],[90.667,28.09],[90.575,28.066],[90.475,28.072],[90.486,28.125],[90.598,28.2],[90.588,28.233],[90.505,28.25],[90.456,28.283],[90.387,28.299],[90.354,28.299],[90.33,28.256],[90.291,28.261],[90.262,28.299],[90.262,28.335],[90.226,28.358],[90.153,28.322],[90.071,28.345],[89.863,28.296],[89.781,28.229],[89.756,28.184],[89.579,28.145],[89.459,28.048],[89.336,27.869],[89.225,27.808],[89.198,27.731],[89.125,27.615],[89.092,27.626],[89.064,27.616],[88.978,27.53],[88.983,27.493],[88.951,27.433],[88.997,27.331],[88.972,27.312],[88.915,27.331],[88.892,27.316],[88.774,27.409],[88.754,27.464],[88.758,27.511],[88.742,27.532],[88.806,27.655],[88.854,27.844],[88.852,27.877],[88.811,27.928],[88.818,27.995],[88.736,28.055],[88.652,28.069],[88.61,28.106],[88.553,28.078],[88.502,28.029],[88.456,28.032],[88.379,27.983],[88.116,27.947],[88.097,27.904],[88.118,27.861],[88.03,27.893],[87.978,27.881],[87.837,27.908],[87.78,27.839],[87.727,27.808],[87.636,27.824],[87.573,27.805],[87.532,27.837],[87.369,27.804],[87.385,27.849],[87.364,27.855],[87.291,27.816],[87.156,27.826],[87.117,27.845],[87.006,27.951],[86.915,27.945],[86.84,28.015],[86.74,28.021],[86.732,28.077],[86.68,28.106],[86.612,28.08],[86.554,28.104],[86.516,28.012],[86.51,27.952],[86.425,27.91],[86.363,27.946],[86.328,27.94],[86.278,27.984],[86.203,28.003],[86.172,28.072],[86.186,28.134],[86.156,28.157],[86.069,28.077],[86.085,28.044],[86.079,28.001],[86.098,27.986],[86.113,27.927],[86.062,27.889],[85.98,27.885],[85.951,27.916],[85.957,27.976],[85.898,28.036],[85.863,28.143],[85.734,28.222],[85.7,28.269],[85.693,28.335],[85.612,28.251],[85.565,28.275],[85.476,28.279],[85.432,28.297],[85.363,28.26],[85.313,28.283],[85.243,28.268],[85.174,28.304],[85.134,28.292],[85.087,28.304],[85.078,28.436],[85.109,28.459],[85.123,28.505],[85.154,28.525],[85.161,28.595],[85.055,28.639],[84.955,28.574],[84.928,28.538],[84.812,28.542],[84.756,28.585],[84.678,28.604],[84.683,28.651],[84.633,28.669],[84.616,28.694],[84.451,28.734],[84.423,28.799],[84.377,28.849],[84.235,28.9],[84.207,28.941],[84.231,29.026],[84.175,29.057],[84.166,29.098],[84.132,29.144],[84.162,29.193],[84.155,29.207],[84.112,29.209],[84.09,29.257],[84.035,29.248],[84.013,29.27],[83.976,29.264],[83.958,29.289],[83.914,29.289],[83.793,29.235],[83.695,29.226],[83.639,29.155],[83.524,29.184],[83.503,29.261],[83.393,29.356],[83.387,29.394],[83.357,29.415],[83.355,29.461],[83.328,29.485],[83.264,29.473],[83.247,29.495],[83.261,29.542],[83.174,29.621],[83.093,29.615],[83.08,29.58],[83.065,29.579],[82.976,29.664],[82.932,29.664],[82.9,29.688],[82.837,29.66],[82.691,29.781],[82.689,29.828],[82.619,29.84],[82.542,29.923],[82.457,29.954],[82.394,30.003],[82.347,30.003],[82.319,30.032],[82.256,30.04],[82.211,30.064],[82.154,30.058],[82.128,30.124],[82.156,30.181],[82.085,30.231],[82.093,30.315],[82.073,30.337],[81.969,30.328],[81.941,30.354],[81.844,30.371],[81.779,30.358],[81.614,30.417],[81.537,30.379],[81.509,30.328],[81.463,30.341],[81.426,30.373],[81.388,30.374],[81.368,30.301],[81.378,30.233],[81.35,30.157],[81.322,30.134],[81.267,30.125],[81.272,30.08],[81.226,30.05],[81.217,30.008],[81.098,30.017],[80.976,30.255],[80.782,30.321],[80.723,30.392],[80.596,30.46],[80.508,30.462],[80.326,30.547],[80.253,30.565],[80.18,30.559],[80.203,30.606],[80.167,30.674],[80.207,30.686],[80.231,30.725],[80.157,30.793],[80.092,30.775],[80.063,30.785],[80.029,30.831],[79.903,30.89],[79.834,30.962],[79.739,30.979],[79.63,30.963],[79.578,30.938],[79.513,30.966],[79.476,31.014],[79.402,31.024],[79.367,31.112],[79.319,31.142],[79.288,31.225],[79.253,31.245],[79.262,31.279],[79.238,31.33],[79.131,31.438],[79.07,31.461],[78.921,31.27],[78.862,31.291],[78.784,31.288],[78.745,31.308],[78.763,31.445],[78.695,31.488],[78.7,31.51],[78.819,31.607],[78.758,31.667],[78.724,31.673],[78.693,31.719],[78.696,31.747],[78.671,31.771],[78.745,31.964],[78.722,31.995],[78.649,32.036],[78.513,32.208],[78.458,32.23],[78.463,32.282],[78.435,32.384],[78.452,32.417],[78.381,32.528],[78.385,32.548],[78.408,32.558],[78.63,32.578],[78.713,32.638],[78.751,32.613],[78.737,32.546],[78.771,32.462],[78.911,32.355],[78.943,32.346],[79.028,32.377],[79.075,32.371],[79.113,32.472],[79.287,32.533],[79.32,32.592],[79.379,32.576],[79.407,32.53],[79.443,32.535],[79.516,32.608],[79.531,32.648],[79.576,32.671],[79.621,32.729],[79.614,32.765],[79.564,32.794],[79.414,32.972],[79.334,32.994],[79.34,33.013],[79.399,33.027],[79.373,33.112],[79.423,33.158],[79.456,33.25],[79.42,33.275],[79.26,33.292],[79.098,33.288],[78.965,33.344],[78.918,33.386],[78.91,33.494],[78.887,33.567],[78.896,33.62],[78.945,33.634],[79.003,33.619],[79.013,33.634],[78.991,33.752],[78.945,33.8],[78.888,33.946],[78.903,33.983],[78.935,34.007],[79.071,33.995],[79.132,34.026],[79.376,34.011],[79.406,34.022],[79.495,34.106],[79.488,34.182],[79.533,34.184],[79.552,34.21],[79.509,34.392],[79.523,34.426],[79.67,34.407],[79.713,34.415],[79.737,34.463],[79.702,34.5],[79.702,34.52],[79.731,34.545],[79.813,34.565],[79.867,34.658],[79.996,34.647],[80.05,34.673],[80.086,34.777],[80.078,34.837],[80.163,34.951],[80.188,35.151],[80.261,35.27],[80.255,35.313],[80.278,35.345],[80.284,35.446],[80.326,35.467],[80.292,35.607],[80.178,35.667],[80.111,35.68],[80.005,35.839],[79.919,35.822],[79.876,35.785],[79.738,35.802],[79.461,35.886],[79.428,35.909],[79.424,35.94],[79.4,35.962],[79.324,35.98],[79.184,35.941],[79.194,35.887],[79.133,35.836],[79.028,35.852],[78.971,35.887],[78.665,35.853],[78.545,35.781],[78.435,35.761],[78.276,35.695],[78.229,35.647],[78.162,35.624],[78.102,35.538],[77.955,35.562],[77.915,35.494],[77.89,35.482],[77.76,35.498],[77.661,35.458],[77.52,35.477],[77.509,35.58],[77.469,35.652],[77.421,35.64],[77.349,35.72],[77.209,35.71],[77.09,35.74],[77.069,35.78],[77.009,35.82],[76.839,35.86],[76.779,35.91],[76.779,36.04],[76.759,36.11],[76.719,36.16],[76.669,36.19],[76.568,36.19],[76.469,36.22],[76.429,36.24],[76.389,36.31],[76.319,36.33],[76.239,36.32],[76.149,36.425],[75.981,36.445],[75.875,36.619],[75.729,36.723],[75.571,36.767],[75.508,36.748],[75.493,36.721],[75.432,36.723],[75.411,36.747],[75.378,36.894],[75.313,36.929],[75.195,36.949],[75.119,36.991],[74.942,36.977],[74.91,36.963],[74.872,36.907],[74.853,36.959],[74.793,37.015],[74.719,37.016],[74.662,37.054],[74.542,37.022],[74.519,37.03],[74.477,37.083],[74.383,37.127],[74.368,37.167],[74.457,37.177],[74.5,37.232],[74.59,37.243],[74.623,37.231],[74.721,37.298],[74.737,37.296],[74.794,37.214],[74.892,37.231],[74.952,37.281],[75.068,37.312],[75.092,37.378],[75.164,37.401],[75.053,37.494],[74.945,37.549],[74.892,37.599],[74.886,37.653],[74.965,37.767],[74.949,37.795],[74.886,37.831],[74.914,37.881],[74.891,37.898],[74.893,37.994],[74.88,38.022],[74.81,38.053],[74.791,38.081],[74.771,38.292],[74.784,38.326],[74.838,38.379],[74.833,38.464],[74.76,38.52],[74.696,38.524],[74.646,38.561],[74.334,38.667],[74.221,38.65],[74.123,38.669],[74.084,38.614],[74.037,38.598],[74.059,38.547],[74.029,38.527],[73.933,38.53],[73.816,38.587],[73.736,38.722],[73.736,38.8],[73.681,38.873],[73.717,38.919],[73.81,38.933],[73.826,38.977],[73.709,39.065],[73.674,39.143],[73.608,39.207],[73.602,39.236],[73.644,39.351],[73.633,39.448],[73.838,39.476],[73.87,39.547],[73.922,39.582],[73.894,39.71],[73.83,39.747],[73.819,39.786],[73.832,39.824],[73.881,39.865],[73.893,39.918],[73.944,39.97],[73.977,40.044],[74.168,40.106],[74.334,40.094],[74.477,40.172],[74.565,40.247],[74.706,40.331],[74.862,40.326],[74.854,40.359],[74.787,40.421],[74.835,40.512],[75.002,40.447],[75.064,40.444],[75.138,40.464],[75.194,40.441],[75.482,40.614],[75.56,40.633],[75.588,40.612],[75.606,40.569],[75.618,40.494],[75.667,40.45],[75.638,40.386],[75.656,40.323],[75.682,40.292],[75.772,40.31],[75.902,40.299],[75.962,40.357],[76.052,40.39],[76.151,40.368],[76.244,40.441],[76.273,40.434],[76.314,40.343],[76.476,40.436],[76.556,40.566],[76.609,40.597],[76.648,40.765],[76.762,40.847],[76.767,40.945],[76.861,41.013],[77.008,41.044],[77.119,41.012],[77.243,41.006],[77.333,41.021],[77.504,40.981],[77.65,40.997],[77.831,41.063],[78.075,41.04],[78.191,41.118],[78.275,41.229],[78.349,41.27],[78.36,41.287],[78.339,41.344],[78.36,41.378],[78.51,41.454],[78.619,41.478],[78.658,41.532],[78.807,41.578],[78.916,41.633],[78.976,41.642],[79.089,41.703],[79.196,41.73],[79.282,41.783],[79.391,41.773],[79.611,41.868],[79.748,41.88],[79.783,41.905],[79.813,41.978],[79.843,42.002],[79.931,42.023],[80.182,42.021],[80.231,42.034],[80.257,42.084],[80.225,42.126],[80.21,42.19],[80.249,42.205],[80.268,42.238],[80.196,42.435],[80.211,42.491],[80.162,42.552],[80.144,42.645],[80.248,42.816],[80.334,42.817],[80.549,42.878],[80.543,42.917],[80.374,42.975],[80.355,43.001],[80.368,43.028],[80.618,43.134],[80.66,43.133],[80.732,43.101],[80.773,43.113],[80.793,43.149],[80.748,43.275],[80.643,43.326],[80.694,43.395],[80.713,43.459],[80.476,43.91],[80.423,43.972],[80.404,44.049],[80.339,44.121],[80.373,44.231],[80.33,44.453],[80.384,44.603],[80.356,44.653],[80.376,44.671],[80.492,44.702],[80.492,44.728],[80.315,44.78],[80.245,44.816],[79.992,44.794],[79.869,44.849],[79.843,44.873],[79.858,44.904],[80.103,45.032],[80.219,45.026],[80.291,45.046],[80.39,45.046],[80.445,45.104],[80.537,45.101],[80.697,45.144],[80.854,45.126],[81.542,45.293],[81.665,45.348],[81.739,45.338],[81.765,45.308],[81.794,45.196],[81.875,45.181],[81.95,45.144],[82.245,45.232],[82.342,45.205],[82.476,45.116],[82.54,45.124],[82.585,45.177],[82.615,45.249],[82.632,45.416],[82.616,45.435],[82.513,45.466],[82.363,45.481],[82.327,45.493],[82.291,45.533],[82.372,45.734],[82.489,45.902],[82.568,46.197],[82.674,46.331],[82.839,46.732],[82.986,46.943],[82.986,47.013],[83.006,47.081],[82.998,47.11],[83.021,47.206],[83.072,47.219],[83.15,47.212],[83.222,47.172],[83.353,47.145],[83.524,47.067],[83.905,46.974],[84.07,46.964],[84.158,46.993],[84.266,47.0],[84.422,46.993],[84.521,46.97],[84.664,46.984],[84.732,46.948],[84.752,46.918],[84.75,46.882],[84.716,46.835],[84.74,46.815],[84.916,46.851],[84.976,46.902],[85.048,46.921],[85.226,47.042],[85.499,47.052],[85.557,47.179],[85.66,47.207],[85.679,47.275],[85.67,47.384],[85.585,47.493],[85.595,47.624],[85.515,47.92],[85.562,48.031],[85.586,48.141],[85.719,48.359],[85.784,48.408],[86.006,48.43],[86.192,48.418],[86.247,48.437],[86.307,48.483],[86.431,48.486],[86.565,48.527],[86.606,48.59],[86.752,48.715],[86.739,48.784],[86.789,48.839],[86.718,48.913],[86.709,48.954],[86.744,49.008],[86.859,49.105],[86.975,49.092],[87.116,49.13],[87.4,49.071],[87.476,49.088],[87.506,49.121],[87.816,49.166],[87.836,49.101],[87.822,49.029],[87.872,49.004],[87.873,48.968],[87.757,48.92],[87.738,48.869],[87.796,48.84],[87.821,48.788],[87.908,48.759],[87.975,48.756],[88.059,48.708],[88.055,48.673],[87.943,48.599],[87.983,48.552],[88.063,48.543],[88.166,48.494],[88.236,48.493],[88.305,48.469],[88.417,48.394],[88.503,48.393],[88.565,48.343],[88.561,48.268],[88.596,48.198],[88.636,48.176],[88.709,48.166],[88.805,48.106],[88.917,48.106],[89.046,47.993],[89.219,47.977],[89.354,48.039],[89.425,48.022],[89.542,48.031],[89.572,48.02],[89.583,47.962],[89.627,47.944],[89.655,47.9],[89.723,47.878],[89.751,47.824],[89.889,47.824],[89.934,47.844],[89.947,47.883],[90.045,47.88],[90.064,47.851],[90.052,47.811],[90.083,47.756],[90.163,47.71],[90.345,47.659],[90.327,47.623],[90.382,47.538],[90.441,47.493],[90.448,47.404],[90.487,47.378],[90.469,47.309],[90.712,47.015],[90.742,46.992],[90.828,46.982],[90.885,46.945],[90.936,46.864],[90.925,46.813],[91.005,46.74],[91.016,46.703],[90.996,46.595],[91.047,46.566],[90.936,46.344],[90.896,46.302],[90.949,46.168],[90.996,46.114],[91.002,46.022],[90.986,45.993],[90.919,45.95],[90.711,45.752],[90.651,45.493],[90.753,45.421],[90.797,45.293],[90.867,45.254],[90.858,45.215],[90.873,45.186],[90.975,45.215],[91.057,45.218],[91.135,45.198],[91.184,45.154],[91.249,45.13],[91.367,45.114],[91.438,45.146],[91.534,45.071],[91.663,45.06],[92.043,45.075],[92.219,45.01],[92.285,45.02],[92.475,44.997],[92.848,45.039],[92.945,45.006],[93.166,45.008],[93.244,44.982],[93.341,44.985],[93.421,44.955],[93.525,44.951],[93.714,44.875],[93.927,44.673],[94.059,44.651],[94.182,44.661],[94.277,44.59],[94.338,44.512],[94.43,44.504],[94.588,44.436],[94.698,44.343],[95.037,44.255],[95.398,44.281],[95.323,44.158],[95.319,44.017],[95.51,43.979],[95.535,43.958],[95.589,43.869],[95.692,43.631],[95.833,43.409],[95.874,43.247],[96.319,42.91],[96.358,42.724],[97.193,42.787],[99.474,42.564],[100.017,42.677],[101.219,42.53],[101.411,42.545],[101.525,42.537],[101.638,42.515],[101.735,42.461],[101.886,42.278],[101.974,42.208],[102.034,42.185],[103.073,42.005],[103.691,41.759],[104.501,41.871],[104.505,41.657],[104.892,41.645],[104.974,41.586],[105.015,41.596],[105.201,41.743],[105.358,41.786],[105.869,41.993],[106.768,42.287],[108.177,42.454],[108.32,42.433],[108.536,42.435],[108.797,42.398],[108.961,42.448],[109.253,42.426],[109.485,42.449],[109.667,42.549],[109.913,42.629],[110.06,42.638],[110.14,42.683],[110.407,42.769],[110.449,42.837],[110.608,42.945],[110.68,43.058],[110.973,43.316],[111.339,43.438],[111.401,43.476],[111.568,43.503],[111.754,43.663],[111.846,43.667],[111.933,43.697],[111.944,43.786],[111.839,43.939],[111.634,44.066],[111.544,44.157],[111.504,44.226],[111.491,44.283],[111.411,44.326],[111.397,44.387],[111.424,44.448],[111.538,44.583],[111.551,44.693],[111.739,44.966],[111.843,45.04],[111.927,45.061],[111.958,45.085],[112.108,45.067],[112.413,45.066],[112.524,44.993],[112.586,44.924],[112.748,44.865],[113.105,44.794],[113.473,44.771],[113.532,44.745],[113.605,44.74],[113.672,44.768],[113.889,44.908],[114.017,44.927],[114.089,44.962],[114.149,45.03],[114.419,45.201],[114.502,45.303],[114.534,45.386],[114.703,45.427],[114.939,45.374],[115.126,45.394],[115.337,45.395],[115.667,45.454],[116.002,45.676],[116.095,45.677],[116.17,45.709],[116.252,45.803],[116.207,45.881],[116.213,45.908],[116.357,46.106],[116.525,46.227],[116.568,46.291],[116.722,46.329],[116.815,46.387],[116.958,46.366],[117.337,46.357],[117.369,46.476],[117.413,46.525],[117.394,46.571],[117.51,46.578],[117.568,46.604],[117.625,46.536],[117.673,46.516],[117.798,46.52],[117.901,46.608],[118.006,46.627],[118.084,46.668],[118.169,46.678],[118.269,46.723],[118.336,46.722],[118.473,46.686],[118.552,46.686],[118.609,46.706],[118.72,46.677],[118.754,46.691],[118.816,46.758],[118.847,46.765],[118.867,46.758],[118.891,46.714],[118.967,46.74],[119.037,46.669],[119.317,46.612],[119.501,46.628],[119.623,46.616],[119.68,46.592],[119.74,46.613],[119.782,46.656],[119.834,46.651],[119.873,46.673],[119.907,46.718],[119.883,46.753],[119.903,46.842],[119.881,46.873],[119.896,46.899],[119.852,46.911],[119.77,46.993],[119.754,47.094],[119.7,47.16],[119.587,47.238],[119.525,47.251],[119.476,47.309],[119.321,47.407],[119.282,47.415],[119.318,47.462],[119.31,47.476],[119.134,47.528],[119.083,47.662],[118.767,47.756],[118.542,47.966],[118.473,47.989],[118.28,47.998],[118.182,48.028],[117.973,47.998],[117.815,48.005],[117.767,47.993],[117.527,47.786],[117.436,47.73],[117.361,47.651],[117.317,47.654],[117.07,47.81],[116.822,47.876],[116.5,47.836],[116.244,47.863],[116.084,47.807],[115.973,47.709],[115.915,47.684],[115.853,47.706],[115.576,47.91],[115.514,48.132],[115.8,48.242],[115.809,48.274],[115.787,48.493],[115.8,48.53],[116.028,48.767],[116.048,48.8],[116.038,48.87],[116.684,49.823],[117.058,49.673],[117.253,49.622],[117.473,49.614],[117.759,49.513],[117.837,49.509],[117.874,49.513],[117.894,49.547],[117.931,49.567],[118.188,49.681],[118.229,49.729],[118.373,49.786],[118.394,49.82],[118.477,49.836],[118.521,49.894],[118.644,49.955],[118.741,49.953],[118.924,49.992],[118.99,49.979],[119.155,50.0],[125.0,50.0],[125.0,40.457],[124.926,40.458],[124.896,40.484],[124.801,40.394],[124.741,40.37],[124.712,40.31],[124.643,40.294],[124.571,40.252],[124.549,40.221],[124.358,40.089],[124.361,40.011],[124.294,39.934],[124.118,39.833],[124.088,39.852],[123.986,39.81],[123.942,39.841],[123.888,39.823],[123.808,39.838],[123.773,39.818],[123.72,39.831],[123.643,39.879],[123.657,39.92],[123.631,39.904],[123.591,39.784],[123.563,39.769],[123.513,39.798],[123.428,39.727],[123.408,39.746],[123.417,39.825],[123.398,39.818],[123.387,39.79],[123.314,39.776],[123.273,39.81],[123.257,39.801],[123.252,39.817],[123.236,39.802],[123.265,39.754],[123.204,39.745],[123.269,39.708],[123.223,39.68],[123.128,39.665],[123.108,39.69],[123.058,39.675],[123.009,39.68],[122.978,39.666],[122.996,39.65],[122.964,39.612],[122.872,39.606],[122.849,39.618],[122.78,39.56],[122.688,39.519],[122.648,39.532],[122.588,39.467],[122.562,39.487],[122.555,39.456],[122.47,39.417],[122.396,39.411],[122.29,39.351],[122.267,39.318],[122.251,39.324],[122.24,39.286],[122.115,39.201],[122.105,39.159],[122.163,39.146],[122.048,39.099],[122.042,39.06],[121.988,39.063],[121.943,39.036],[121.888,39.042],[121.923,39.009],[121.827,39.036],[121.895,38.981],[121.871,38.951],[121.848,38.947],[121.812,38.973],[121.772,39.022],[121.725,39.03],[121.739,39.002],[121.68,39.009],[121.636,38.995],[121.656,38.991],[121.653,38.963],[121.587,38.94],[121.694,38.91],[121.696,38.863],[121.553,38.858],[121.485,38.81],[121.345,38.815],[121.288,38.788],[121.237,38.798],[121.218,38.776],[121.245,38.776],[121.18,38.721],[121.153,38.728],[121.115,38.768],[121.139,38.789],[121.115,38.858],[121.152,38.886],[121.149,38.899],[121.086,38.906],[121.118,38.943],[121.18,38.954],[121.219,38.94],[121.334,38.969],[121.334,39.027],[121.375,39.044],[121.428,39.015],[121.467,39.015],[121.674,39.088],[121.69,39.118],[121.681,39.136],[121.642,39.176],[121.593,39.192],[121.608,39.201],[121.602,39.221],[121.633,39.236],[121.59,39.264],[121.68,39.275],[121.736,39.312],[121.731,39.33],[121.78,39.371],[121.837,39.365],[121.943,39.399],[121.931,39.417],[121.849,39.387],[121.708,39.396],[121.718,39.371],[121.526,39.365],[121.492,39.389],[121.436,39.509],[121.354,39.522],[121.306,39.502],[121.223,39.529],[121.306,39.598],[121.45,39.615],[121.471,39.632],[121.464,39.646],[121.498,39.653],[121.533,39.622],[121.54,39.639],[121.526,39.653],[121.55,39.679],[121.507,39.694],[121.457,39.748],[121.485,39.764],[121.471,39.81],[121.51,39.824],[121.536,39.862],[121.616,39.872],[121.685,39.923],[121.774,39.921],[121.81,39.965],[121.874,39.991],[121.875,40.016],[121.827,40.023],[121.929,40.077],[121.933,40.101],[121.996,40.124],[122.006,40.156],[121.991,40.187],[122.092,40.227],[122.106,40.31],[122.211,40.381],[122.204,40.427],[122.25,40.431],[122.251,40.454],[122.288,40.473],[122.302,40.502],[122.276,40.544],[122.225,40.579],[122.15,40.604],[122.138,40.624],[122.168,40.654],[122.159,40.702],[122.122,40.68],[122.049,40.746],[121.851,40.832],[121.826,40.948],[121.859,40.967],[121.868,40.996],[121.778,40.935],[121.78,40.908],[121.74,40.849],[121.575,40.841],[121.51,40.879],[121.45,40.886],[121.43,40.914],[121.361,40.94],[121.299,40.9],[121.2,40.931],[121.08,40.863],[121.068,40.803],[121.05,40.797],[121.03,40.826],[121.005,40.833],[120.97,40.818],[120.969,40.784],[120.936,40.756],[120.94,40.741],[121.021,40.719],[120.825,40.674],[120.798,40.6],[120.679,40.522],[120.659,40.484],[120.604,40.465],[120.597,40.422],[120.546,40.402],[120.539,40.383],[120.588,40.384],[120.591,40.367],[120.502,40.327],[120.505,40.249],[120.472,40.214],[120.436,40.194],[120.309,40.18],[120.261,40.147],[119.95,40.057],[119.915,40.036],[119.912,39.998],[119.774,39.951],[119.661,39.933],[119.536,39.891],[119.52,39.858],[119.531,39.815],[119.467,39.815],[119.429,39.795],[119.35,39.732],[119.285,39.595],[119.245,39.594],[119.209,39.57],[119.209,39.55],[119.243,39.571],[119.229,39.536],[119.262,39.578],[119.281,39.575],[119.256,39.493],[119.305,39.433],[119.279,39.384],[119.256,39.366],[119.185,39.355],[119.016,39.19],[118.94,39.139],[118.894,39.124],[118.97,39.193],[118.881,39.173],[118.874,39.214],[118.796,39.152],[118.619,39.161],[118.527,39.149],[118.529,39.125],[118.326,39.031],[118.235,39.053],[118.141,39.173],[118.096,39.202],[118.028,39.22],[117.886,39.201],[117.757,39.114],[117.715,39.111],[117.751,39.068],[117.775,38.981],[117.702,38.995],[117.709,38.981],[117.578,38.793],[117.573,38.714],[117.544,38.621],[117.566,38.613],[117.716,38.379],[117.837,38.271],[117.942,38.234],[117.978,38.195],[118.007,38.197],[118.054,38.173],[118.065,38.143],[118.216,38.145],[118.449,38.108],[118.543,38.068],[118.655,38.146],[118.76,38.155],[118.84,38.153],[118.95,38.097],[118.925,38.058],[118.956,38.034],[118.997,37.963],[119.048,37.948],[119.092,37.913],[119.117,37.853],[119.243,37.769],[119.26,37.716],[119.256,37.672],[119.218,37.675],[119.12,37.738],[119.069,37.741],[119.037,37.722],[118.977,37.611],[118.958,37.531],[118.945,37.378],[118.961,37.296],[119.146,37.179],[119.287,37.137],[119.441,37.121],[119.525,37.139],[119.771,37.152],[119.897,37.249],[119.846,37.344],[119.859,37.36],[120.06,37.44],[120.188,37.512],[120.323,37.632],[120.306,37.665],[120.216,37.684],[120.368,37.695],[120.463,37.748],[120.556,37.761],[120.738,37.834],[120.837,37.816],[120.878,37.83],[120.926,37.819],[120.941,37.806],[120.929,37.789],[120.941,37.774],[121.005,37.744],[121.033,37.71],[121.138,37.701],[121.149,37.689],[121.13,37.652],[121.149,37.638],[121.134,37.611],[121.172,37.577],[121.308,37.581],[121.375,37.611],[121.354,37.638],[121.394,37.622],[121.43,37.597],[121.398,37.595],[121.382,37.566],[121.447,37.52],[121.477,37.468],[121.537,37.456],[121.57,37.429],[121.676,37.439],[121.634,37.462],[121.587,37.454],[121.635,37.481],[121.732,37.462],[121.938,37.464],[121.957,37.46],[121.95,37.426],[121.988,37.426],[121.997,37.434],[121.978,37.472],[122.026,37.528],[122.072,37.545],[122.067,37.563],[122.095,37.549],[122.122,37.563],[122.152,37.533],[122.13,37.483],[122.183,37.418],[122.224,37.458],[122.245,37.46],[122.296,37.418],[122.478,37.426],[122.488,37.412],[122.571,37.402],[122.612,37.419],[122.68,37.415],[122.689,37.39],[122.679,37.375],[122.656,37.385],[122.571,37.345],[122.595,37.295],[122.55,37.32],[122.56,37.275],[122.629,37.193],[122.574,37.185],[122.563,37.173],[122.574,37.144],[122.51,37.155],[122.483,37.14],[122.471,37.11],[122.454,37.154],[122.436,37.09],[122.457,37.066],[122.402,37.021],[122.424,37.004],[122.436,37.028],[122.54,37.028],[122.526,36.914],[122.499,36.904],[122.513,36.935],[122.499,36.939],[122.457,36.921],[122.406,36.922],[122.436,36.871],[122.38,36.861],[122.355,36.829],[122.32,36.823],[122.185,36.85],[122.197,36.898],[122.266,36.898],[122.163,36.946],[122.18,37.006],[122.166,37.014],[122.15,37.005],[122.143,36.946],[122.094,36.951],[122.081,36.917],[122.033,36.898],[122.049,36.98],[121.926,36.994],[121.915,36.986],[121.95,36.939],[121.786,36.891],[121.728,36.836],[121.649,36.816],[121.684,36.843],[121.637,36.831],[121.625,36.815],[121.625,36.74],[121.594,36.768],[121.526,36.754],[121.496,36.774],[121.607,36.845],[121.546,36.836],[121.512,36.809],[121.459,36.829],[121.471,36.79],[121.453,36.757],[121.409,36.754],[121.378,36.732],[121.379,36.717],[121.402,36.712],[121.314,36.712],[121.158,36.669],[121.08,36.61],[121.032,36.624],[121.024,36.584],[120.929,36.596],[120.933,36.62],[120.851,36.651],[120.751,36.617],[120.75,36.541],[120.779,36.541],[120.85,36.605],[120.92,36.553],[120.928,36.533],[120.964,36.548],[120.936,36.497],[120.95,36.459],[120.906,36.452],[120.874,36.381],[120.85,36.386],[120.844,36.423],[120.826,36.433],[120.832,36.455],[120.751,36.459],[120.687,36.387],[120.722,36.331],[120.648,36.331],[120.705,36.156],[120.697,36.144],[120.628,36.117],[120.552,36.114],[120.536,36.091],[120.474,36.089],[120.354,36.041],[120.292,36.062],[120.362,36.192],[120.323,36.226],[120.306,36.274],[120.274,36.234],[120.275,36.204],[120.299,36.192],[120.285,36.176],[120.216,36.199],[120.219,36.222],[120.117,36.21],[120.097,36.226],[120.086,36.209],[120.109,36.189],[120.09,36.112],[120.168,36.062],[120.175,35.994],[120.198,35.985],[120.23,36.0],[120.23,35.973],[120.243,35.974],[120.285,36.011],[120.303,35.994],[120.299,35.973],[120.227,35.942],[120.175,35.89],[120.189,35.945],[120.136,35.904],[120.097,35.901],[120.039,35.843],[120.003,35.728],[119.97,35.732],[119.938,35.761],[119.908,35.745],[119.9,35.736],[119.936,35.705],[119.902,35.672],[119.905,35.625],[119.86,35.606],[119.834,35.635],[119.84,35.658],[119.812,35.648],[119.744,35.576],[119.748,35.609],[119.733,35.621],[119.648,35.584],[119.552,35.38],[119.508,35.332],[119.424,35.313],[119.358,35.097],[119.221,35.064],[119.207,35.048],[119.193,35.0],[119.203,34.932],[119.189,34.856],[119.202,34.785],[119.189,34.767],[119.192,34.718],[119.21,34.719],[119.229,34.76],[119.312,34.755],[119.347,34.781],[119.388,34.753],[119.442,34.746],[119.474,34.715],[119.457,34.685],[119.648,34.534],[119.729,34.524],[119.826,34.47],[119.94,34.458],[120.079,34.378],[120.257,34.312],[120.325,34.111],[120.371,34.036],[120.413,33.897],[120.4,33.869],[120.431,33.846],[120.45,33.786],[120.505,33.736],[120.512,33.657],[120.484,33.65],[120.634,33.467],[120.667,33.325],[120.695,33.293],[120.75,33.27],[120.73,33.242],[120.743,33.209],[120.73,33.205],[120.807,33.138],[120.792,33.109],[120.819,33.092],[120.826,33.03],[120.867,33.032],[120.896,33.014],[120.905,32.813],[120.852,32.756],[120.86,32.69],[120.84,32.725],[120.83,32.698],[120.907,32.66],[120.911,32.63],[120.944,32.605],[121.086,32.536],[121.101,32.498],[121.12,32.507],[121.157,32.496],[121.354,32.415],[121.389,32.385],[121.419,32.25],[121.361,32.232],[121.399,32.169],[121.425,32.164],[121.443,32.114],[121.531,32.109],[121.655,32.063],[121.822,31.952],[121.93,31.727],[121.872,31.691],[121.676,31.724],[121.286,31.891],[121.115,31.796],[121.04,31.819],[120.978,31.814],[120.941,31.845],[120.941,31.893],[120.919,31.899],[120.811,32.023],[120.634,32.077],[120.491,32.082],[120.362,32.026],[120.267,31.949],[120.224,31.937],[120.131,31.943],[120.052,31.971],[119.992,32.016],[119.912,32.124],[119.922,32.217],[119.9,32.198],[119.874,32.265],[119.842,32.299],[119.758,32.327],[119.692,32.32],[119.641,32.359],[119.613,32.355],[119.661,32.327],[119.685,32.292],[119.649,32.22],[119.606,32.197],[119.645,32.195],[119.69,32.235],[119.789,32.199],[119.764,32.163],[119.772,32.127],[119.856,32.087],[120.006,31.95],[120.131,31.912],[120.23,31.909],[120.341,31.956],[120.456,31.983],[120.455,32.021],[120.469,32.025],[120.604,31.991],[120.69,31.998],[120.75,31.978],[120.825,31.829],[120.808,31.81],[120.751,31.825],[120.717,31.861],[120.731,31.814],[120.832,31.778],[121.014,31.743],[121.144,31.685],[121.245,31.6],[121.32,31.505],[121.546,31.366],[121.725,31.282],[121.877,31.099],[121.977,30.915],[121.96,30.874],[121.907,30.857],[121.631,30.837],[121.543,30.816],[121.411,30.767],[121.334,30.703],[121.203,30.665],[121.121,30.593],[121.02,30.571],[120.949,30.507],[120.929,30.453],[120.94,30.422],[120.895,30.401],[120.915,30.375],[120.888,30.369],[120.811,30.297],[120.77,30.306],[120.745,30.36],[120.698,30.394],[120.479,30.404],[120.43,30.39],[120.379,30.274],[120.258,30.298],[120.147,30.199],[120.179,30.201],[120.274,30.278],[120.296,30.279],[120.35,30.241],[120.385,30.25],[120.45,30.369],[120.622,30.373],[120.652,30.359],[120.699,30.252],[120.734,30.232],[120.632,30.122],[120.682,30.085],[120.765,30.087],[120.792,30.066],[120.784,30.089],[120.688,30.098],[120.646,30.127],[120.751,30.226],[120.813,30.213],[120.829,30.185],[120.893,30.17],[120.994,30.211],[121.109,30.283],[121.15,30.326],[121.254,30.348],[121.377,30.325],[121.43,30.293],[121.507,30.22],[121.658,30.018],[121.732,29.979],[121.722,29.961],[121.767,29.973],[121.915,29.919],[121.936,29.887],[122.056,29.887],[122.106,29.907],[122.129,29.904],[122.136,29.885],[121.983,29.823],[121.902,29.753],[121.873,29.754],[121.862,29.708],[121.776,29.653],[121.687,29.563],[121.593,29.544],[121.574,29.552],[121.531,29.51],[121.511,29.549],[121.443,29.524],[121.455,29.489],[121.428,29.468],[121.443,29.415],[121.465,29.421],[121.48,29.475],[121.505,29.484],[121.492,29.456],[121.514,29.452],[121.512,29.438],[121.478,29.413],[121.485,29.391],[121.531,29.417],[121.57,29.475],[121.643,29.495],[121.711,29.539],[121.731,29.518],[121.764,29.531],[121.757,29.499],[121.778,29.469],[121.812,29.49],[121.845,29.536],[121.814,29.552],[121.745,29.545],[121.796,29.601],[121.916,29.641],[121.971,29.593],[121.971,29.569],[121.941,29.551],[121.95,29.538],[121.91,29.525],[121.971,29.449],[121.957,29.408],[121.936,29.428],[121.923,29.418],[121.916,29.349],[121.931,29.324],[121.909,29.319],[121.916,29.305],[121.9,29.299],[121.94,29.264],[121.974,29.285],[121.991,29.257],[121.953,29.25],[121.957,29.216],[121.943,29.223],[121.943,29.196],[121.841,29.161],[121.785,29.168],[121.8,29.305],[121.841,29.319],[121.831,29.334],[121.8,29.319],[121.788,29.329],[121.8,29.374],[121.787,29.374],[121.759,29.36],[121.774,29.254],[121.724,29.182],[121.652,29.183],[121.639,29.217],[121.655,29.3],[121.64,29.307],[121.625,29.301],[121.629,29.188],[121.574,29.305],[121.562,29.296],[121.574,29.278],[121.526,29.278],[121.536,29.258],[121.505,29.209],[121.504,29.179],[121.491,29.176],[121.48,29.197],[121.456,29.161],[121.431,29.172],[121.409,29.161],[121.456,29.134],[121.402,29.107],[121.621,29.113],[121.615,29.058],[121.537,29.061],[121.532,29.02],[121.549,29.021],[121.54,29.038],[121.557,29.049],[121.617,29.04],[121.642,29.051],[121.69,29.017],[121.654,28.989],[121.684,28.956],[121.718,28.949],[121.684,28.915],[121.605,28.943],[121.587,28.963],[121.571,28.93],[121.517,28.956],[121.492,28.928],[121.505,28.935],[121.518,28.913],[121.581,28.887],[121.611,28.891],[121.629,28.877],[121.624,28.842],[121.67,28.825],[121.636,28.805],[121.663,28.791],[121.618,28.762],[121.621,28.736],[121.503,28.7],[121.351,28.712],[121.29,28.752],[121.238,28.764],[121.214,28.807],[121.142,28.846],[121.16,28.814],[121.206,28.799],[121.231,28.76],[121.299,28.723],[121.299,28.701],[121.258,28.675],[121.365,28.696],[121.381,28.682],[121.414,28.697],[121.51,28.657],[121.538,28.571],[121.582,28.505],[121.512,28.489],[121.608,28.477],[121.584,28.443],[121.632,28.379],[121.634,28.347],[121.656,28.339],[121.621,28.285],[121.586,28.257],[121.581,28.301],[121.5,28.333],[121.473,28.331],[121.436,28.297],[121.409,28.305],[121.396,28.284],[121.419,28.27],[121.416,28.256],[121.365,28.226],[121.354,28.188],[121.375,28.195],[121.374,28.173],[121.351,28.147],[121.33,28.148],[121.262,28.226],[121.225,28.239],[121.249,28.27],[121.237,28.306],[121.203,28.332],[121.218,28.352],[121.244,28.349],[121.265,28.366],[121.214,28.361],[121.169,28.385],[121.169,28.36],[121.144,28.344],[121.13,28.306],[121.072,28.292],[121.067,28.311],[121.025,28.305],[121.058,28.28],[121.122,28.284],[121.125,28.236],[121.086,28.167],[121.009,28.103],[120.994,28.026],[120.965,27.987],[120.921,27.982],[120.88,27.999],[120.82,27.989],[120.731,28.036],[120.606,28.042],[120.59,28.054],[120.577,28.116],[120.56,28.113],[120.58,28.09],[120.589,28.027],[120.674,28.022],[120.751,27.976],[120.835,27.956],[120.864,27.918],[120.868,27.883],[120.807,27.835],[120.723,27.716],[120.704,27.713],[120.635,27.763],[120.672,27.711],[120.676,27.66],[120.666,27.625],[120.597,27.57],[120.618,27.516],[120.682,27.482],[120.646,27.444],[120.635,27.38],[120.546,27.403],[120.54,27.365],[120.505,27.345],[120.549,27.321],[120.544,27.286],[120.518,27.263],[120.518,27.202],[120.468,27.182],[120.46,27.22],[120.422,27.222],[120.429,27.174],[120.407,27.184],[120.376,27.236],[120.347,27.249],[120.303,27.242],[120.288,27.264],[120.319,27.29],[120.299,27.298],[120.312,27.318],[120.285,27.304],[120.264,27.324],[120.271,27.304],[120.259,27.3],[120.224,27.311],[120.244,27.29],[120.226,27.269],[120.196,27.298],[120.196,27.263],[120.175,27.239],[120.182,27.217],[120.257,27.257],[120.306,27.215],[120.347,27.243],[120.365,27.21],[120.347,27.18],[120.37,27.187],[120.422,27.147],[120.374,27.147],[120.408,27.14],[120.367,27.125],[120.381,27.119],[120.374,27.106],[120.395,27.106],[120.378,27.099],[120.283,27.112],[120.244,27.133],[120.278,27.064],[120.258,27.073],[120.216,27.037],[120.242,27.034],[120.255,26.997],[120.237,26.982],[120.149,26.982],[120.187,26.964],[120.236,26.966],[120.237,26.927],[120.219,26.915],[120.126,26.927],[120.114,26.919],[120.121,26.9],[120.096,26.887],[120.032,26.9],[120.055,26.889],[120.025,26.86],[120.025,26.838],[120.128,26.797],[120.098,26.758],[120.1,26.743],[120.149,26.721],[120.102,26.689],[120.121,26.646],[120.134,26.646],[120.08,26.617],[120.08,26.646],[120.015,26.611],[119.96,26.611],[119.936,26.56],[119.884,26.523],[119.847,26.524],[119.833,26.55],[119.854,26.564],[119.854,26.598],[119.984,26.654],[119.977,26.674],[120.011,26.721],[120.032,26.717],[120.08,26.797],[119.925,26.792],[119.936,26.759],[119.888,26.687],[119.902,26.66],[119.88,26.655],[119.857,26.654],[119.854,26.688],[119.829,26.715],[119.792,26.688],[119.802,26.767],[119.84,26.79],[119.792,26.79],[119.797,26.816],[119.846,26.852],[119.782,26.829],[119.756,26.738],[119.73,26.743],[119.712,26.808],[119.686,26.812],[119.678,26.763],[119.727,26.718],[119.725,26.698],[119.646,26.753],[119.627,26.749],[119.622,26.787],[119.606,26.797],[119.576,26.788],[119.552,26.749],[119.559,26.708],[119.606,26.695],[119.6,26.646],[119.559,26.667],[119.541,26.656],[119.554,26.615],[119.6,26.57],[119.675,26.619],[119.735,26.612],[119.736,26.591],[119.785,26.578],[119.785,26.55],[119.771,26.564],[119.766,26.534],[119.799,26.516],[119.785,26.502],[119.819,26.453],[119.812,26.434],[119.792,26.434],[119.792,26.413],[119.762,26.407],[119.738,26.444],[119.69,26.459],[119.654,26.498],[119.62,26.468],[119.58,26.471],[119.566,26.455],[119.573,26.438],[119.631,26.449],[119.648,26.437],[119.656,26.356],[119.689,26.338],[119.682,26.317],[119.747,26.328],[119.754,26.372],[119.771,26.365],[119.792,26.406],[119.826,26.427],[119.851,26.393],[119.84,26.379],[119.895,26.359],[119.95,26.365],[119.877,26.313],[119.855,26.328],[119.801,26.318],[119.785,26.297],[119.805,26.29],[119.793,26.284],[119.764,26.297],[119.654,26.272],[119.634,26.255],[119.668,26.242],[119.668,26.222],[119.6,26.176],[119.6,26.146],[119.561,26.125],[119.459,25.982],[119.436,25.981],[119.415,26.009],[119.327,26.048],[119.277,26.053],[119.216,26.1],[119.094,26.146],[119.157,26.091],[119.195,26.088],[119.247,25.967],[119.33,25.944],[119.378,25.941],[119.441,25.964],[119.49,25.994],[119.519,26.045],[119.566,26.05],[119.648,26.015],[119.675,26.022],[119.695,26.003],[119.702,25.985],[119.675,25.926],[119.616,25.893],[119.6,25.844],[119.584,25.877],[119.574,25.885],[119.566,25.872],[119.621,25.76],[119.596,25.732],[119.59,25.687],[119.573,25.68],[119.535,25.706],[119.477,25.68],[119.449,25.687],[119.467,25.614],[119.483,25.626],[119.492,25.565],[119.517,25.557],[119.534,25.576],[119.558,25.564],[119.579,25.585],[119.568,25.547],[119.593,25.529],[119.566,25.516],[119.6,25.508],[119.573,25.488],[119.604,25.491],[119.6,25.475],[119.628,25.461],[119.614,25.439],[119.634,25.433],[119.646,25.393],[119.62,25.365],[119.655,25.358],[119.579,25.344],[119.6,25.371],[119.576,25.467],[119.539,25.461],[119.536,25.419],[119.558,25.405],[119.544,25.377],[119.483,25.371],[119.507,25.474],[119.466,25.475],[119.447,25.439],[119.433,25.46],[119.449,25.505],[119.357,25.527],[119.381,25.591],[119.36,25.577],[119.343,25.609],[119.305,25.605],[119.321,25.587],[119.278,25.57],[119.238,25.482],[119.103,25.42],[119.173,25.325],[119.203,25.358],[119.223,25.317],[119.181,25.289],[119.201,25.26],[119.226,25.28],[119.243,25.33],[119.265,25.318],[119.278,25.33],[119.319,25.279],[119.348,25.268],[119.344,25.242],[119.281,25.241],[119.272,25.232],[119.289,25.189],[119.256,25.176],[119.229,25.193],[119.176,25.177],[119.142,25.221],[119.116,25.214],[119.104,25.183],[119.134,25.138],[119.153,25.14],[119.134,25.125],[119.093,25.136],[119.085,25.125],[119.099,25.111],[119.065,25.125],[119.079,25.152],[119.065,25.163],[119.044,25.125],[119.029,25.141],[119.069,25.217],[118.969,25.226],[118.98,25.245],[119.025,25.259],[119.027,25.278],[118.984,25.283],[118.876,25.244],[118.865,25.228],[118.911,25.217],[118.915,25.179],[118.948,25.197],[118.975,25.183],[118.943,25.109],[118.858,25.098],[118.849,25.074],[118.878,25.041],[118.954,25.003],[118.98,25.012],[119.004,25.05],[118.983,24.995],[118.997,24.953],[119.018,24.96],[118.977,24.934],[118.964,24.954],[118.912,24.953],[118.91,24.907],[118.934,24.886],[118.973,24.894],[118.976,24.878],[118.952,24.871],[118.792,24.891],[118.778,24.885],[118.78,24.868],[118.716,24.844],[118.698,24.86],[118.73,24.901],[118.696,24.94],[118.689,24.896],[118.668,24.953],[118.64,24.916],[118.671,24.875],[118.624,24.868],[118.572,24.885],[118.613,24.856],[118.638,24.772],[118.702,24.81],[118.72,24.769],[118.763,24.763],[118.747,24.721],[118.685,24.666],[118.654,24.693],[118.642,24.679],[118.634,24.628],[118.664,24.612],[118.661,24.59],[118.62,24.545],[118.554,24.518],[118.554,24.553],[118.578,24.56],[118.501,24.608],[118.428,24.631],[118.431,24.7],[118.401,24.672],[118.422,24.624],[118.405,24.607],[118.352,24.582],[118.284,24.598],[118.273,24.574],[118.25,24.576],[118.242,24.544],[118.219,24.541],[118.181,24.576],[118.182,24.598],[118.215,24.615],[118.174,24.624],[118.188,24.657],[118.16,24.693],[118.157,24.663],[118.141,24.657],[118.11,24.584],[118.044,24.618],[118.037,24.561],[118.003,24.562],[118.009,24.581],[117.975,24.553],[118.058,24.516],[118.0,24.471],[118.022,24.446],[117.868,24.49],[117.826,24.48],[117.901,24.453],[117.791,24.467],[117.907,24.385],[118.043,24.407],[118.041,24.366],[118.016,24.327],[118.053,24.347],[118.091,24.341],[118.126,24.262],[118.072,24.255],[117.989,24.193],[117.979,24.162],[117.968,24.16],[117.944,24.213],[117.907,24.186],[117.938,24.162],[117.896,24.087],[117.894,24.028],[117.839,24.024],[117.772,23.959],[117.748,23.908],[117.729,23.919],[117.738,23.951],[117.798,24.022],[117.762,24.015],[117.776,24.037],[117.763,24.07],[117.75,24.037],[117.724,24.034],[117.667,24.063],[117.68,24.039],[117.709,24.035],[117.688,23.998],[117.695,23.954],[117.649,23.909],[117.626,23.84],[117.639,23.794],[117.592,23.737],[117.598,23.852],[117.571,23.903],[117.455,23.926],[117.417,23.947],[117.41,23.913],[117.469,23.912],[117.5,23.874],[117.49,23.833],[117.463,23.788],[117.434,23.776],[117.382,23.795],[117.319,23.762],[117.293,23.789],[117.277,23.782],[117.292,23.762],[117.264,23.655],[117.279,23.636],[117.257,23.616],[117.239,23.605],[117.244,23.658],[117.23,23.693],[117.209,23.665],[117.219,23.63],[117.151,23.607],[117.128,23.572],[117.084,23.551],[117.068,23.651],[117.023,23.659],[116.951,23.611],[116.918,23.638],[116.941,23.659],[116.917,23.663],[116.872,23.607],[116.883,23.56],[116.85,23.511],[116.873,23.474],[116.867,23.45],[116.773,23.349],[116.658,23.354],[116.569,23.391],[116.543,23.421],[116.523,23.419],[116.523,23.378],[116.573,23.324],[116.642,23.319],[116.691,23.339],[116.709,23.32],[116.749,23.326],[116.777,23.24],[116.805,23.236],[116.784,23.212],[116.706,23.277],[116.667,23.281],[116.715,23.244],[116.671,23.215],[116.647,23.163],[116.615,23.178],[116.612,23.239],[116.57,23.247],[116.509,23.234],[116.527,23.201],[116.564,23.223],[116.605,23.21],[116.545,23.145],[116.534,23.109],[116.552,23.087],[116.563,23.019],[116.522,22.998],[116.495,22.939],[116.459,22.947],[116.38,22.929],[116.289,22.979],[116.214,22.983],[116.201,22.973],[116.281,22.958],[116.145,22.848],[116.096,22.826],[116.091,22.868],[116.124,22.895],[116.042,22.933],[116.087,22.89],[116.076,22.868],[115.958,22.805],[115.883,22.795],[115.81,22.746],[115.788,22.798],[115.814,22.776],[115.805,22.815],[115.737,22.852],[115.697,22.851],[115.704,22.869],[115.684,22.878],[115.693,22.9],[115.721,22.905],[115.73,22.934],[115.692,22.929],[115.653,22.894],[115.578,22.877],[115.561,22.849],[115.533,22.862],[115.548,22.895],[115.506,22.898],[115.451,22.932],[115.43,22.918],[115.406,22.925],[115.427,22.901],[115.464,22.912],[115.483,22.902],[115.494,22.861],[115.468,22.849],[115.559,22.836],[115.612,22.864],[115.527,22.767],[115.524,22.742],[115.556,22.714],[115.567,22.747],[115.59,22.737],[115.563,22.706],[115.575,22.668],[115.536,22.668],[115.465,22.701],[115.374,22.694],[115.338,22.733],[115.424,22.762],[115.411,22.788],[115.364,22.764],[115.331,22.789],[115.233,22.788],[115.233,22.805],[115.32,22.851],[115.317,22.905],[115.304,22.903],[115.246,22.835],[115.173,22.821],[115.18,22.785],[115.133,22.811],[115.065,22.796],[115.018,22.737],[115.029,22.708],[114.985,22.689],[114.955,22.704],[114.942,22.754],[114.927,22.761],[114.917,22.744],[114.863,22.763],[114.882,22.748],[114.881,22.721],[114.927,22.717],[114.967,22.676],[114.902,22.598],[114.919,22.561],[114.896,22.548],[114.88,22.559],[114.887,22.591],[114.866,22.602],[114.754,22.59],[114.744,22.609],[114.737,22.669],[114.754,22.693],[114.742,22.733],[114.821,22.791],[114.775,22.816],[114.755,22.782],[114.695,22.793],[114.638,22.755],[114.563,22.733],[114.571,22.702],[114.522,22.706],[114.507,22.647],[114.583,22.655],[114.59,22.644],[114.495,22.562],[114.509,22.55],[114.543,22.569],[114.618,22.514],[114.516,22.453],[114.485,22.468],[114.48,22.546],[114.396,22.614],[114.317,22.602],[114.307,22.585],[114.276,22.588],[114.23,22.556],[114.162,22.561],[114.149,22.538],[114.091,22.534],[114.055,22.507],[113.964,22.538],[113.948,22.49],[113.91,22.486],[113.89,22.453],[113.866,22.511],[113.894,22.521],[113.822,22.587],[113.794,22.662],[113.773,22.672],[113.758,22.753],[113.712,22.763],[113.672,22.747],[113.654,22.759],[113.663,22.798],[113.617,22.89],[113.617,22.836],[113.606,22.847],[113.61,22.905],[113.592,22.889],[113.638,23.035],[113.617,23.008],[113.597,22.918],[113.617,23.035],[113.576,22.939],[113.583,23.021],[113.554,22.988],[113.529,23.011],[113.536,23.063],[113.582,23.098],[113.72,23.138],[113.83,23.117],[113.703,23.158],[113.542,23.086],[113.509,23.062],[113.417,23.097],[113.399,23.083],[113.481,23.052],[113.502,23.02],[113.484,22.924],[113.43,22.931],[113.308,22.894],[113.213,22.905],[113.292,22.877],[113.35,22.89],[113.44,22.804],[113.494,22.775],[113.44,22.739],[113.378,22.767],[113.466,22.716],[113.599,22.575],[113.595,22.523],[113.546,22.438],[113.558,22.381],[113.61,22.37],[113.574,22.301],[113.588,22.238],[113.523,22.213],[113.53,22.202],[113.484,22.155],[113.426,22.186],[113.412,22.226],[113.365,22.268],[113.357,22.302],[113.276,22.372],[113.232,22.479],[113.165,22.576],[113.16,22.488],[113.227,22.425],[113.402,22.18],[113.303,22.183],[113.251,22.116],[113.247,22.054],[113.157,22.025],[113.119,22.066],[113.111,22.099],[113.127,22.161],[113.111,22.219],[113.085,22.208],[113.077,22.147],[113.058,22.121],[113.027,22.143],[113.021,22.126],[113.026,21.949],[112.989,21.937],[112.957,21.876],[112.912,21.856],[112.879,21.875],[112.852,21.948],[112.826,21.966],[112.744,21.932],[112.73,21.89],[112.7,21.89],[112.645,21.849],[112.648,21.823],[112.608,21.775],[112.551,21.773],[112.426,21.845],[112.411,21.901],[112.494,21.966],[112.436,21.946],[112.391,21.956],[112.376,21.987],[112.397,22.069],[112.365,22.034],[112.357,21.98],[112.391,21.901],[112.402,21.801],[112.388,21.756],[112.363,21.733],[112.286,21.709],[112.245,21.707],[112.182,21.753],[112.203,21.807],[112.193,21.843],[112.173,21.814],[112.028,21.797],[112.007,21.819],[112.041,21.884],[111.969,21.824],[111.934,21.89],[111.89,21.925],[111.904,21.815],[111.946,21.786],[112.0,21.774],[111.868,21.677],[111.839,21.678],[111.854,21.707],[111.877,21.699],[111.861,21.722],[111.836,21.717],[111.835,21.767],[111.807,21.743],[111.788,21.76],[111.758,21.753],[111.678,21.781],[111.761,21.726],[111.78,21.675],[111.774,21.65],[111.747,21.644],[111.788,21.616],[111.713,21.623],[111.63,21.53],[111.582,21.582],[111.596,21.534],[111.538,21.52],[111.521,21.534],[111.476,21.514],[111.473,21.555],[111.444,21.564],[111.432,21.603],[111.411,21.568],[111.438,21.534],[111.363,21.541],[111.35,21.527],[111.404,21.527],[111.267,21.439],[111.253,21.445],[111.301,21.499],[111.192,21.531],[111.158,21.514],[111.172,21.499],[111.226,21.499],[111.144,21.466],[111.088,21.473],[111.13,21.499],[111.088,21.493],[111.028,21.541],[110.986,21.514],[111.014,21.486],[110.98,21.445],[111.008,21.45],[111.042,21.485],[111.069,21.473],[111.044,21.469],[110.993,21.425],[110.966,21.433],[110.87,21.383],[110.768,21.398],[110.705,21.349],[110.651,21.26],[110.655,21.315],[110.678,21.349],[110.643,21.322],[110.636,21.37],[110.755,21.413],[110.76,21.445],[110.636,21.381],[110.616,21.301],[110.643,21.253],[110.636,21.23],[110.575,21.247],[110.589,21.226],[110.481,21.217],[110.431,21.191],[110.426,21.269],[110.437,21.273],[110.424,21.288],[110.479,21.273],[110.486,21.301],[110.445,21.308],[110.486,21.336],[110.465,21.329],[110.465,21.349],[110.434,21.309],[110.424,21.342],[110.437,21.398],[110.42,21.377],[110.401,21.387],[110.369,21.425],[110.389,21.452],[110.358,21.436],[110.394,21.364],[110.389,21.329],[110.328,21.336],[110.357,21.319],[110.363,21.288],[110.408,21.238],[110.399,21.177],[110.334,21.116],[110.269,21.089],[110.219,21.028],[110.205,21.082],[110.196,21.071],[110.157,20.986],[110.143,20.992],[110.155,20.977],[110.149,20.924],[110.177,20.862],[110.157,20.877],[110.157,20.849],[110.191,20.849],[110.191,20.836],[110.287,20.842],[110.32,20.86],[110.361,20.836],[110.369,20.849],[110.409,20.751],[110.384,20.713],[110.356,20.732],[110.342,20.822],[110.321,20.794],[110.332,20.768],[110.308,20.753],[110.308,20.739],[110.337,20.726],[110.301,20.657],[110.328,20.678],[110.314,20.637],[110.363,20.643],[110.363,20.622],[110.381,20.634],[110.409,20.586],[110.479,20.568],[110.534,20.478],[110.502,20.413],[110.475,20.398],[110.407,20.305],[110.362,20.305],[110.344,20.279],[110.28,20.253],[110.237,20.275],[110.128,20.248],[110.038,20.302],[110.006,20.28],[109.966,20.281],[109.917,20.239],[109.929,20.326],[109.917,20.352],[109.874,20.376],[109.89,20.383],[109.863,20.406],[109.904,20.431],[109.982,20.352],[110.015,20.418],[110.01,20.434],[109.965,20.478],[109.958,20.452],[109.944,20.461],[109.931,20.506],[109.917,20.445],[109.896,20.493],[109.822,20.517],[109.848,20.596],[109.821,20.555],[109.802,20.616],[109.746,20.63],[109.752,20.674],[109.806,20.68],[109.828,20.698],[109.841,20.684],[109.86,20.715],[109.787,20.691],[109.756,20.75],[109.773,20.767],[109.758,20.793],[109.773,20.814],[109.752,20.842],[109.76,20.855],[109.745,20.868],[109.732,20.855],[109.739,20.808],[109.704,20.842],[109.718,20.808],[109.666,20.881],[109.661,20.928],[109.691,20.959],[109.679,20.974],[109.698,21.041],[109.712,21.034],[109.7,21.083],[109.67,21.123],[109.704,21.178],[109.752,21.164],[109.747,21.18],[109.773,21.215],[109.766,21.356],[109.787,21.329],[109.807,21.356],[109.924,21.363],[109.905,21.391],[109.951,21.458],[109.925,21.465],[109.944,21.493],[109.859,21.483],[109.841,21.507],[109.814,21.458],[109.801,21.555],[109.77,21.552],[109.773,21.582],[109.748,21.575],[109.748,21.545],[109.773,21.486],[109.76,21.493],[109.741,21.474],[109.65,21.52],[109.677,21.575],[109.677,21.623],[109.637,21.602],[109.625,21.585],[109.636,21.568],[109.608,21.575],[109.615,21.65],[109.585,21.631],[109.561,21.671],[109.561,21.707],[109.594,21.746],[109.568,21.76],[109.493,21.699],[109.506,21.685],[109.493,21.678],[109.52,21.685],[109.521,21.666],[109.465,21.664],[109.53,21.636],[109.573,21.582],[109.561,21.527],[109.531,21.492],[109.472,21.466],[109.472,21.499],[109.424,21.452],[109.344,21.454],[109.321,21.48],[109.299,21.443],[109.245,21.432],[109.239,21.486],[109.215,21.417],[109.172,21.418],[109.149,21.439],[109.156,21.404],[109.139,21.402],[109.04,21.45],[109.06,21.48],[109.133,21.496],[109.143,21.51],[109.136,21.603],[109.124,21.591],[109.101,21.609],[109.078,21.597],[109.067,21.616],[109.046,21.603],[109.067,21.644],[108.992,21.609],[108.928,21.615],[108.897,21.671],[108.855,21.685],[108.869,21.705],[108.865,21.74],[108.924,21.767],[108.897,21.76],[108.903,21.774],[108.869,21.754],[108.876,21.801],[108.855,21.781],[108.85,21.792],[108.861,21.815],[108.801,21.818],[108.78,21.815],[108.821,21.801],[108.814,21.781],[108.833,21.784],[108.844,21.745],[108.817,21.716],[108.806,21.758],[108.793,21.754],[108.8,21.733],[108.787,21.74],[108.78,21.726],[108.8,21.726],[108.793,21.713],[108.834,21.686],[108.821,21.644],[108.861,21.644],[108.85,21.626],[108.787,21.641],[108.739,21.616],[108.745,21.603],[108.733,21.613],[108.728,21.645],[108.711,21.65],[108.733,21.662],[108.752,21.65],[108.752,21.692],[108.739,21.671],[108.713,21.688],[108.725,21.746],[108.683,21.705],[108.649,21.733],[108.683,21.74],[108.646,21.751],[108.677,21.815],[108.656,21.795],[108.642,21.822],[108.636,21.774],[108.615,21.788],[108.629,21.746],[108.594,21.74],[108.608,21.788],[108.581,21.781],[108.571,21.813],[108.601,21.831],[108.636,21.89],[108.594,21.918],[108.588,21.898],[108.56,21.895],[108.553,21.918],[108.574,21.935],[108.573,21.952],[108.567,21.939],[108.553,21.952],[108.526,21.905],[108.505,21.911],[108.519,21.89],[108.485,21.877],[108.491,21.856],[108.463,21.863],[108.478,21.945],[108.458,21.918],[108.449,21.866],[108.485,21.822],[108.471,21.822],[108.478,21.808],[108.497,21.809],[108.505,21.788],[108.491,21.74],[108.463,21.74],[108.505,21.719],[108.478,21.699],[108.505,21.692],[108.505,21.671],[108.52,21.713],[108.533,21.719],[108.519,21.671],[108.553,21.699],[108.565,21.679],[108.545,21.666],[108.547,21.643],[108.512,21.644],[108.533,21.63],[108.512,21.609],[108.519,21.596],[108.481,21.582],[108.489,21.608],[108.505,21.603],[108.491,21.623],[108.463,21.596],[108.471,21.581],[108.458,21.568],[108.471,21.562],[108.42,21.557],[108.39,21.575],[108.391,21.595],[108.407,21.6],[108.432,21.583],[108.444,21.623],[108.428,21.617],[108.416,21.63],[108.471,21.671],[108.41,21.664],[108.424,21.699],[108.386,21.673],[108.338,21.697],[108.341,21.726],[108.311,21.682],[108.328,21.63],[108.306,21.63],[108.314,21.616],[108.293,21.589],[108.314,21.582],[108.284,21.545],[108.211,21.501],[108.253,21.589],[108.227,21.626],[108.238,21.644],[108.21,21.63],[108.206,21.643],[108.21,21.603],[108.176,21.576],[108.135,21.582],[108.128,21.563],[108.115,21.575],[108.106,21.559],[108.066,21.562],[108.071,21.537],[108.017,21.555],[107.991,21.548],[108.04,21.52],[108.011,21.507],[108.022,21.486],[108.061,21.496],[108.081,21.486],[108.017,21.47],[107.971,21.432],[107.965,21.447],[107.991,21.486],[107.812,21.648],[107.745,21.658],[107.672,21.618],[107.533,21.609],[107.501,21.582],[107.461,21.596],[107.457,21.631],[107.426,21.652],[107.348,21.599],[107.273,21.718],[107.212,21.705],[107.172,21.715],[107.066,21.796],[107.003,21.811],[106.987,21.845],[107.021,21.892],[107.009,21.927],[106.971,21.936],[106.92,21.917],[106.865,21.968],[106.782,21.975],[106.729,22.008],[106.675,21.962],[106.653,21.969],[106.672,22.093],[106.64,22.191],[106.663,22.223],[106.634,22.309],[106.542,22.345],[106.527,22.438],[106.577,22.595],[106.608,22.61],[106.646,22.569],[106.68,22.579],[106.747,22.744],[106.791,22.772],[106.79,22.797],[106.73,22.798],[106.667,22.868],[106.61,22.853],[106.582,22.895],[106.488,22.925],[106.458,22.889],[106.316,22.854],[106.255,22.855],[106.227,22.876],[106.202,22.947],[106.132,22.975],[105.999,22.975],[105.961,22.932],[105.876,22.928],[105.854,22.905],[105.755,23.006],[105.69,23.044],[105.552,23.06],[105.528,23.156],[105.474,23.195],[105.426,23.273],[105.39,23.275],[105.344,23.304],[105.312,23.366],[105.246,23.33],[105.201,23.254],[105.156,23.267],[105.061,23.232],[104.935,23.154],[104.895,23.17],[104.87,23.164],[104.861,23.12],[104.798,23.086],[104.824,22.924],[104.774,22.896],[104.701,22.818],[104.61,22.823],[104.588,22.807],[104.554,22.836],[104.449,22.745],[104.34,22.686],[104.237,22.742],[104.229,22.783],[104.241,22.824],[104.087,22.792],[104.024,22.719],[103.985,22.527],[103.96,22.507],[103.836,22.603],[103.647,22.799],[103.59,22.768],[103.547,22.701],[103.551,22.641],[103.504,22.581],[103.448,22.618],[103.404,22.689],[103.402,22.738],[103.357,22.776],[103.31,22.788],[103.245,22.669],[103.142,22.607],[103.13,22.578],[103.142,22.538],[103.044,22.486],[103.045,22.441],[103.029,22.43],[102.903,22.477],[102.832,22.6],[102.752,22.625],[102.693,22.671],[102.612,22.692],[102.587,22.716],[102.536,22.696],[102.516,22.745],[102.468,22.769],[102.426,22.745],[102.395,22.681],[102.356,22.67],[102.384,22.629],[102.253,22.495],[102.218,22.411],[102.165,22.426],[102.107,22.398],[102.086,22.429],[101.995,22.447],[101.892,22.43],[101.868,22.379],[101.818,22.406],[101.785,22.472],[101.755,22.496],[101.689,22.479],[101.655,22.446],[101.644,22.365],[101.624,22.347],[101.601,22.277],[101.551,22.277],[101.516,22.245],[101.562,22.176],[101.555,22.09],[101.607,21.968],[101.674,21.931],[101.751,21.816],[101.729,21.718],[101.755,21.69],[101.756,21.649],[101.804,21.626],[101.806,21.606],[101.794,21.588],[101.736,21.571],[101.748,21.515],[101.73,21.474],[101.715,21.321],[101.737,21.292],[101.812,21.258],[101.823,21.224],[101.805,21.204],[101.76,21.196],[101.767,21.151],[101.718,21.134],[101.688,21.146],[101.655,21.189],[101.582,21.176],[101.584,21.224],[101.518,21.243],[101.381,21.222],[101.275,21.174],[101.209,21.246],[101.22,21.296],[101.207,21.315],[101.235,21.364],[101.171,21.403],[101.187,21.535],[101.154,21.568],[101.174,21.612],[101.161,21.658],[101.128,21.695],[101.119,21.76],[101.069,21.762],[100.993,21.711],[100.835,21.658],[100.704,21.516],[100.622,21.469],[100.457,21.455],[100.399,21.519],[100.342,21.53],[100.29,21.483],[100.187,21.428],[100.162,21.436],[100.09,21.529],[100.095,21.599],[100.144,21.64],[100.143,21.655],[100.082,21.684],[99.997,21.686],[99.95,21.721],[99.918,21.829],[99.966,21.963],[99.934,22.019],[99.942,22.046],[99.848,22.055],[99.842,22.027],[99.821,22.018],[99.724,22.071],[99.684,22.039],[99.634,22.085],[99.539,22.107],[99.49,22.104],[99.439,22.124],[99.365,22.099],[99.253,22.103],[99.166,22.132],[99.144,22.154],[99.175,22.169],[99.159,22.185],[99.244,22.341],[99.243,22.393],[99.283,22.412],[99.358,22.495],[99.344,22.533],[99.355,22.609],[99.308,22.745],[99.359,22.775],[99.414,22.857],[99.413,22.931],[99.515,22.909],[99.538,22.926],[99.49,23.012],[99.493,23.057],[99.403,23.068],[99.334,23.13],[99.217,23.057],[99.194,23.096],[99.055,23.11],[99.026,23.16],[98.859,23.179],[98.86,23.212],[98.911,23.298],[98.897,23.323],[98.853,23.325],[98.89,23.368],[98.89,23.407],[98.864,23.467],[98.849,23.48],[98.8,23.481],[98.781,23.533],[98.856,23.61],[98.8,23.693],[98.793,23.758],[98.664,23.797],[98.675,23.937],[98.659,23.961],[98.856,24.084],[98.873,24.114],[98.866,24.146],[98.716,24.121],[98.585,24.076],[98.503,24.121],[98.435,24.13],[98.331,24.099],[98.182,24.119],[98.105,24.102],[97.89,24.023],[97.818,23.958],[97.768,23.946],[97.625,23.847],[97.61,23.883],[97.516,23.943],[97.72,24.147],[97.702,24.211],[97.724,24.242],[97.718,24.278],[97.645,24.302],[97.638,24.328],[97.69,24.346],[97.647,24.432],[97.513,24.439],[97.539,24.597],[97.533,24.723],[97.536,24.745],[97.664,24.83],[97.765,24.835],[97.773,24.855],[97.708,24.927],[97.7,25.065],[97.754,25.114],[97.801,25.238],[97.824,25.262],[97.86,25.244],[97.889,25.206],[97.91,25.208],[97.976,25.272],[98.045,25.312],[98.076,25.376],[98.112,25.396],[98.1,25.5],[98.134,25.535],[98.14,25.611],[98.232,25.587],[98.277,25.552],[98.312,25.557],[98.347,25.578],[98.419,25.724],[98.498,25.831],[98.527,25.839],[98.61,25.801],[98.69,25.866],[98.69,25.892],[98.625,25.97],[98.582,25.982],[98.546,26.106],[98.563,26.131],[98.619,26.146],[98.624,26.108],[98.644,26.098],[98.681,26.125],[98.706,26.175],[98.677,26.239],[98.642,26.255],[98.658,26.312],[98.713,26.389],[98.721,26.539],[98.756,26.625],[98.732,26.714],[98.75,26.792],[98.715,26.862],[98.736,26.898],[98.713,26.995],[98.738,27.049],[98.731,27.069],[98.691,27.092],[98.673,27.176],[98.708,27.337],[98.674,27.387],[98.674,27.586],[98.647,27.612],[98.578,27.592],[98.522,27.656],[98.492,27.643],[98.41,27.684],[98.383,27.556],[98.364,27.532],[98.329,27.523],[98.295,27.537],[98.254,27.648],[98.204,27.727],[98.197,27.823],[98.14,27.879],[98.177,27.898],[98.177,27.913],[98.107,27.973],[98.127,28.124],[98.049,28.2],[97.991,28.214],[97.993,28.269],[97.945,28.299],[97.898,28.355],[97.859,28.37],[97.797,28.344],[97.765,28.352],[97.7,28.488],[97.67,28.511],[97.614,28.482],[97.546,28.538],[97.528,28.53],[97.445,28.383],[97.448,28.298],[97.384,28.285],[97.37,28.253],[97.323,28.217]]],[[[110.994,19.694],[111.035,19.642],[110.966,19.636],[110.876,19.54],[110.843,19.54],[110.822,19.568],[110.826,19.603],[110.863,19.609],[110.848,19.622],[110.806,19.613],[110.794,19.601],[110.822,19.554],[110.796,19.485],[110.76,19.458],[110.758,19.431],[110.698,19.417],[110.67,19.382],[110.678,19.334],[110.641,19.312],[110.622,19.231],[110.58,19.155],[110.51,19.15],[110.479,19.169],[110.507,19.132],[110.546,19.14],[110.555,19.087],[110.582,19.15],[110.563,19.056],[110.518,18.993],[110.513,18.906],[110.466,18.882],[110.459,18.848],[110.431,18.821],[110.445,18.804],[110.493,18.793],[110.503,18.882],[110.534,18.786],[110.469,18.777],[110.425,18.704],[110.427,18.681],[110.403,18.663],[110.335,18.673],[110.411,18.69],[110.403,18.704],[110.308,18.663],[110.271,18.668],[110.121,18.556],[110.088,18.504],[110.034,18.512],[110.083,18.478],[110.068,18.409],[110.045,18.44],[110.053,18.39],[110.04,18.382],[109.969,18.39],[109.969,18.406],[110.014,18.409],[110.021,18.451],[110.006,18.429],[109.993,18.443],[109.965,18.416],[109.898,18.414],[109.835,18.382],[109.796,18.405],[109.746,18.396],[109.732,18.273],[109.705,18.292],[109.67,18.273],[109.739,18.259],[109.709,18.207],[109.691,18.209],[109.677,18.245],[109.606,18.209],[109.616,18.176],[109.561,18.169],[109.568,18.193],[109.548,18.221],[109.566,18.243],[109.561,18.259],[109.53,18.228],[109.534,18.21],[109.511,18.214],[109.479,18.193],[109.465,18.204],[109.51,18.231],[109.507,18.253],[109.493,18.245],[109.44,18.289],[109.218,18.306],[109.163,18.288],[109.129,18.347],[109.136,18.361],[108.991,18.369],[108.796,18.487],[108.685,18.515],[108.674,18.555],[108.691,18.605],[108.694,18.72],[108.668,18.789],[108.624,18.849],[108.656,18.944],[108.615,19.102],[108.663,19.156],[108.683,19.156],[108.664,19.21],[108.622,19.218],[108.638,19.249],[108.627,19.275],[108.645,19.31],[108.677,19.328],[108.669,19.344],[108.687,19.378],[108.763,19.389],[108.79,19.423],[108.87,19.458],[108.924,19.506],[108.945,19.492],[108.941,19.514],[109.008,19.597],[109.157,19.65],[109.192,19.678],[109.211,19.725],[109.259,19.732],[109.307,19.711],[109.275,19.757],[109.294,19.76],[109.287,19.773],[109.307,19.787],[109.273,19.794],[109.163,19.725],[109.167,19.805],[109.249,19.869],[109.255,19.898],[109.311,19.92],[109.321,19.892],[109.369,19.889],[109.413,19.861],[109.444,19.873],[109.465,19.834],[109.527,19.862],[109.582,19.856],[109.52,19.882],[109.516,19.905],[109.557,19.917],[109.531,19.93],[109.527,19.951],[109.596,19.993],[109.719,20.011],[109.718,19.958],[109.738,19.978],[109.808,19.951],[109.816,19.991],[109.835,19.973],[109.835,19.931],[109.87,19.953],[109.883,19.985],[109.943,19.991],[109.976,19.932],[109.952,19.931],[109.99,19.906],[110.006,19.91],[109.992,19.925],[110.015,19.941],[110.014,19.958],[110.068,19.979],[110.11,19.965],[110.123,19.974],[110.15,20.007],[110.115,19.985],[110.068,19.985],[110.13,20.013],[110.157,20.067],[110.261,20.033],[110.345,20.058],[110.377,20.026],[110.368,20.008],[110.397,19.979],[110.411,19.923],[110.418,19.923],[110.409,19.98],[110.383,20.013],[110.383,20.081],[110.425,20.048],[110.528,20.02],[110.521,20.007],[110.551,19.988],[110.575,19.999],[110.606,19.923],[110.623,19.941],[110.623,19.972],[110.601,20.021],[110.571,20.031],[110.566,20.07],[110.593,20.107],[110.652,20.117],[110.678,20.164],[110.711,20.075],[110.788,20.01],[110.87,19.997],[110.921,20.012],[110.935,19.995],[110.977,19.866],[110.994,19.694]]],[[[111.99,21.658],[112.007,21.644],[112.0,21.621],[111.91,21.601],[111.863,21.568],[111.809,21.565],[111.842,21.607],[111.835,21.644],[111.928,21.664],[111.945,21.65],[111.99,21.658]]],[[[112.655,21.698],[112.638,21.664],[112.65,21.64],[112.607,21.616],[112.556,21.623],[112.535,21.596],[112.519,21.607],[112.568,21.661],[112.556,21.678],[112.645,21.713],[112.655,21.698]]],[[[112.863,21.769],[112.863,21.746],[112.798,21.706],[112.811,21.658],[112.793,21.608],[112.811,21.589],[112.765,21.582],[112.734,21.629],[112.774,21.692],[112.716,21.68],[112.712,21.703],[112.765,21.732],[112.778,21.773],[112.863,21.769]]],[[[113.413,22.076],[113.406,22.007],[113.309,22.024],[113.344,22.069],[113.383,22.09],[113.399,22.069],[113.413,22.076]]],[[[113.365,22.158],[113.314,22.076],[113.289,22.069],[113.269,22.088],[113.272,22.12],[113.315,22.154],[113.365,22.158]]],[[[113.603,22.772],[113.595,22.756],[113.558,22.758],[113.529,22.802],[113.521,22.788],[113.506,22.798],[113.481,22.849],[113.473,22.825],[113.456,22.831],[113.396,22.898],[113.433,22.912],[113.476,22.901],[113.527,22.847],[113.573,22.83],[113.603,22.772]]],[[[117.09,23.461],[117.126,23.483],[117.123,23.466],[117.142,23.45],[117.129,23.399],[116.943,23.43],[116.982,23.459],[117.01,23.439],[117.038,23.447],[117.063,23.478],[117.09,23.461]]],[[[117.448,23.742],[117.527,23.74],[117.516,23.716],[117.484,23.711],[117.48,23.663],[117.445,23.665],[117.421,23.646],[117.415,23.608],[117.432,23.583],[117.32,23.574],[117.369,23.622],[117.394,23.679],[117.341,23.689],[117.377,23.729],[117.373,23.767],[117.414,23.772],[117.448,23.742]]],[[[119.258,26.048],[119.401,25.996],[119.391,25.967],[119.258,26.001],[119.209,26.099],[119.258,26.048]]],[[[121.256,28.14],[121.285,28.102],[121.279,28.085],[121.238,28.093],[121.231,28.065],[121.152,28.041],[121.155,28.071],[121.12,28.136],[121.165,28.151],[121.231,28.22],[121.256,28.215],[121.269,28.194],[121.256,28.14]]],[[[122.204,30.291],[122.232,30.278],[122.202,30.242],[122.138,30.255],[122.074,30.291],[122.211,30.347],[122.239,30.313],[122.204,30.291]]],[[[122.411,30.452],[122.423,30.415],[122.348,30.436],[122.285,30.422],[122.273,30.469],[122.287,30.483],[122.337,30.458],[122.369,30.477],[122.375,30.457],[122.411,30.452]]],[[[121.854,31.373],[121.882,31.337],[121.866,31.304],[121.835,31.293],[121.794,31.369],[121.854,31.373]]],[[[119.901,32.082],[119.89,32.075],[119.859,32.102],[119.792,32.122],[119.791,32.165],[119.819,32.204],[119.75,32.228],[119.719,32.25],[119.716,32.273],[119.751,32.293],[119.814,32.276],[119.901,32.082]]],[[[122.321,39.166],[122.355,39.196],[122.403,39.214],[122.389,39.187],[122.403,39.159],[122.389,39.152],[122.334,39.146],[122.321,39.166]]],[[[122.636,39.228],[122.719,39.242],[122.742,39.236],[122.691,39.193],[122.698,39.221],[122.636,39.228]]],[[[122.684,39.262],[122.533,39.272],[122.505,39.297],[122.684,39.262]]],[[[121.442,39.463],[121.443,39.441],[121.416,39.44],[121.436,39.416],[121.422,39.374],[121.337,39.377],[121.38,39.425],[121.364,39.445],[121.341,39.44],[121.296,39.391],[121.259,39.392],[121.266,39.434],[121.311,39.448],[121.341,39.481],[121.442,39.463]]],[[[122.968,39.541],[122.99,39.55],[123.04,39.53],[123.03,39.508],[122.98,39.499],[122.964,39.515],[122.968,39.541]]],[[[110.59,20.959],[110.628,20.949],[110.63,20.926],[110.589,20.883],[110.548,20.918],[110.59,20.959]]],[[[110.546,21.057],[110.517,20.938],[110.493,20.978],[110.441,21.006],[110.363,21.006],[110.267,20.973],[110.246,20.986],[110.265,21.004],[110.246,21.028],[110.287,21.034],[110.273,21.061],[110.31,21.053],[110.335,21.069],[110.308,21.061],[110.287,21.074],[110.343,21.075],[110.39,21.096],[110.418,21.041],[110.432,21.057],[110.526,21.082],[110.546,21.057]]],[[[110.617,21.199],[110.565,21.113],[110.543,21.105],[110.521,21.112],[110.479,21.164],[110.479,21.15],[110.461,21.151],[110.445,21.166],[110.452,21.178],[110.418,21.185],[110.462,21.205],[110.5,21.206],[110.463,21.191],[110.493,21.184],[110.543,21.204],[110.569,21.191],[110.555,21.157],[110.594,21.203],[110.617,21.199]]],[[[118.093,24.556],[118.181,24.535],[118.189,24.503],[118.136,24.429],[118.092,24.438],[118.07,24.46],[118.103,24.48],[118.106,24.494],[118.082,24.482],[118.072,24.498],[118.093,24.556]]],[[[119.834,25.549],[119.799,25.516],[119.847,25.461],[119.772,25.451],[119.757,25.405],[119.704,25.424],[119.693,25.438],[119.712,25.486],[119.678,25.482],[119.678,25.501],[119.766,25.506],[119.778,25.522],[119.716,25.536],[119.727,25.591],[119.703,25.577],[119.693,25.594],[119.714,25.631],[119.782,25.659],[119.78,25.617],[119.833,25.591],[119.817,25.58],[119.875,25.557],[119.847,25.536],[119.834,25.549]]],[[[121.959,29.108],[121.935,29.063],[121.889,29.072],[121.9,29.094],[121.868,29.147],[121.903,29.167],[121.943,29.161],[121.959,29.108]]],[[[122.122,29.751],[122.187,29.673],[122.163,29.655],[122.17,29.675],[122.127,29.669],[122.093,29.726],[122.04,29.716],[122.033,29.731],[122.068,29.78],[122.115,29.789],[122.122,29.751]]],[[[122.408,29.9],[122.383,29.865],[122.395,29.833],[122.357,29.862],[122.367,29.896],[122.325,29.928],[122.33,29.958],[122.407,29.953],[122.395,29.922],[122.408,29.9]]],[[[121.876,30.082],[121.909,30.045],[121.903,30.002],[121.872,29.977],[121.847,29.982],[121.827,30.004],[121.848,30.083],[121.876,30.082]]],[[[122.327,30.011],[122.307,29.997],[122.294,29.934],[122.185,29.994],[122.077,30.018],[122.011,30.0],[122.012,30.032],[121.973,30.06],[121.981,30.09],[121.963,30.142],[122.103,30.144],[122.256,30.068],[122.29,30.067],[122.327,30.011]]],[[[121.919,31.578],[121.98,31.54],[121.978,31.478],[121.851,31.439],[121.817,31.447],[121.685,31.507],[121.572,31.529],[121.517,31.568],[121.314,31.656],[121.286,31.704],[121.176,31.784],[121.219,31.829],[121.264,31.841],[121.386,31.812],[121.663,31.652],[121.919,31.578]]],[[[109.096,21.022],[109.1,21.061],[109.123,21.065],[109.136,21.051],[109.128,21.032],[109.096,21.022]]],[[[120.757,37.923],[120.755,37.897],[120.726,37.909],[120.727,37.948],[120.757,37.923]]],[[[120.619,37.981],[120.626,37.959],[120.618,37.947],[120.602,37.969],[120.619,37.981]]],[[[120.727,37.969],[120.701,37.97],[120.69,37.991],[120.72,37.981],[120.727,37.969]]],[[[120.773,38.165],[120.747,38.162],[120.743,38.188],[120.76,38.17],[120.773,38.165]]],[[[120.8,38.288],[120.807,38.305],[120.834,38.313],[120.836,38.304],[120.8,38.288]]],[[[120.908,38.385],[120.918,38.395],[120.925,38.387],[120.923,38.383],[120.908,38.385]]],[[[123.185,39.086],[123.196,39.052],[123.161,39.029],[123.145,39.043],[123.165,39.066],[123.144,39.081],[123.185,39.086]]],[[[110.476,20.632],[110.476,20.596],[110.457,20.587],[110.418,20.655],[110.437,20.668],[110.476,20.632]]],[[[113.281,21.923],[113.258,21.88],[113.222,21.914],[113.258,21.947],[113.281,21.923]]],[[[113.772,22.0],[113.764,21.967],[113.736,21.997],[113.772,22.0]]],[[[114.305,22.05],[114.222,22.022],[114.207,22.026],[114.304,22.069],[114.305,22.05]]],[[[113.466,22.102],[113.519,22.127],[113.548,22.093],[113.485,22.071],[113.466,22.102]]],[[[113.635,22.438],[113.658,22.424],[113.621,22.391],[113.612,22.43],[113.635,22.438]]],[[[113.56,22.735],[113.573,22.701],[113.636,22.656],[113.642,22.602],[113.603,22.612],[113.477,22.72],[113.477,22.731],[113.526,22.745],[113.56,22.735]]],[[[113.515,22.969],[113.554,22.911],[113.545,22.88],[113.51,22.921],[113.515,22.969]]],[[[117.005,23.563],[116.971,23.515],[116.937,23.526],[116.974,23.559],[117.005,23.563]]],[[[119.561,25.209],[119.549,25.172],[119.529,25.165],[119.513,25.199],[119.461,25.203],[119.445,25.229],[119.47,25.252],[119.512,25.213],[119.561,25.209]]],[[[119.346,25.561],[119.335,25.438],[119.297,25.423],[119.282,25.483],[119.307,25.547],[119.332,25.571],[119.346,25.561]]],[[[119.639,26.089],[119.639,26.071],[119.62,26.064],[119.554,26.096],[119.599,26.128],[119.639,26.089]]],[[[120.319,26.949],[120.351,26.971],[120.386,26.935],[120.353,26.924],[120.319,26.949]]],[[[121.083,27.473],[121.103,27.452],[121.066,27.455],[121.067,27.437],[121.046,27.465],[121.083,27.473]]],[[[121.188,27.864],[121.171,27.819],[121.098,27.818],[121.114,27.844],[121.188,27.864]]],[[[121.045,27.952],[121.07,27.983],[121.111,27.984],[121.14,27.966],[121.103,27.946],[121.045,27.952]]],[[[121.865,29.124],[121.842,29.095],[121.783,29.125],[121.79,29.15],[121.844,29.142],[121.865,29.124]]],[[[122.312,29.829],[122.308,29.776],[122.296,29.779],[122.232,29.836],[122.271,29.847],[122.312,29.829]]],[[[121.96,29.953],[121.992,29.908],[121.974,29.9],[121.934,29.921],[121.96,29.953]]],[[[122.329,30.239],[122.278,30.236],[122.324,30.272],[122.408,30.266],[122.396,30.239],[122.381,30.264],[122.329,30.239]]],[[[122.526,30.714],[122.525,30.702],[122.432,30.698],[122.43,30.743],[122.473,30.717],[122.526,30.714]]],[[[121.774,31.359],[121.78,31.325],[121.766,31.321],[121.584,31.441],[121.691,31.419],[121.774,31.359]]],[[[118.649,39.056],[118.594,38.972],[118.514,38.919],[118.48,38.935],[118.491,38.943],[118.471,38.971],[118.469,39.006],[118.488,39.05],[118.526,39.047],[118.56,39.003],[118.629,39.049],[118.615,39.068],[118.633,39.075],[118.649,39.056]]]]}},{"type":"Feature","properties":{"name":"Syria","iso":"SYR"},"geometry":{"type":"Polygon","coordinates":[[[35.757,32.744],[35.636,32.679],[35.612,32.682],[35.595,32.707],[35.641,32.772],[35.641,32.865],[35.602,32.909],[35.62,32.984],[35.588,33.018],[35.634,33.052],[35.672,33.15],[35.666,33.247],[35.605,33.244],[35.631,33.275],[35.654,33.262],[35.676,33.276],[35.716,33.327],[35.769,33.343],[35.821,33.407],[35.919,33.462],[35.933,33.528],[35.999,33.541],[36.035,33.568],[36.03,33.598],[35.922,33.64],[35.925,33.662],[35.947,33.673],[35.948,33.709],[36.05,33.816],[36.138,33.851],[36.166,33.83],[36.232,33.853],[36.358,33.824],[36.368,33.858],[36.311,33.872],[36.269,33.907],[36.289,33.947],[36.391,34.045],[36.475,34.054],[36.488,34.089],[36.604,34.199],[36.563,34.263],[36.582,34.3],[36.519,34.354],[36.525,34.423],[36.45,34.465],[36.433,34.494],[36.335,34.493],[36.32,34.514],[36.384,34.554],[36.389,34.596],[36.436,34.598],[36.44,34.629],[36.368,34.629],[36.309,34.688],[36.262,34.627],[36.038,34.628],[35.97,34.65],[35.931,34.741],[35.929,34.791],[35.867,34.924],[35.881,34.945],[35.874,34.979],[35.901,35.022],[35.888,35.109],[35.962,35.198],[35.915,35.288],[35.929,35.321],[35.919,35.418],[35.818,35.509],[35.771,35.504],[35.778,35.541],[35.737,35.562],[35.743,35.582],[35.723,35.582],[35.778,35.613],[35.771,35.668],[35.8,35.681],[35.84,35.747],[35.836,35.79],[35.799,35.85],[35.871,35.852],[35.911,35.918],[35.98,35.927],[36.004,35.869],[36.158,35.823],[36.175,35.923],[36.197,35.952],[36.269,35.959],[36.278,35.994],[36.297,36.001],[36.358,35.994],[36.359,36.167],[36.376,36.205],[36.361,36.218],[36.373,36.228],[36.451,36.2],[36.48,36.226],[36.664,36.229],[36.669,36.26],[36.649,36.306],[36.578,36.333],[36.593,36.373],[36.553,36.408],[36.531,36.479],[36.565,36.532],[36.569,36.62],[36.603,36.747],[36.643,36.804],[36.64,36.828],[36.965,36.754],[37.018,36.707],[37.015,36.642],[37.053,36.62],[37.104,36.651],[37.242,36.659],[37.446,36.634],[37.654,36.732],[37.82,36.761],[38.008,36.826],[38.123,36.885],[38.224,36.908],[38.48,36.856],[38.529,36.834],[38.664,36.72],[38.725,36.694],[39.032,36.701],[39.186,36.66],[39.24,36.661],[39.765,36.742],[40.19,36.884],[40.414,37.004],[40.526,37.026],[40.709,37.1],[40.896,37.123],[41.201,37.065],[41.48,37.076],[42.009,37.176],[42.211,37.325],[42.223,37.288],[42.267,37.275],[42.292,37.285],[42.347,37.24],[42.335,37.171],[42.355,37.152],[42.377,37.062],[41.844,36.618],[41.79,36.589],[41.385,36.516],[41.277,36.355],[41.237,36.06],[41.355,35.826],[41.364,35.655],[41.342,35.594],[41.261,35.494],[41.243,35.367],[41.201,35.243],[41.192,35.182],[41.204,34.793],[40.965,34.402],[40.69,34.331],[38.775,33.372],[36.819,32.317],[36.69,32.32],[36.654,32.343],[36.388,32.379],[36.177,32.527],[36.156,32.515],[36.066,32.517],[36.006,32.608],[36.004,32.655],[35.955,32.657],[35.937,32.674],[35.944,32.691],[35.757,32.744]]]}},{"type":"Feature","properties":{"name":"France","iso":"FRA"},"geometry":{"type":"MultiPolygon","coordinates":[[[[55.747,-21.063],[55.838,-21.126],[55.855,-21.157],[55.812,-21.343],[55.683,-21.371],[55.575,-21.368],[55.434,-21.312],[55.398,-21.278],[55.35,-21.271],[55.296,-21.2],[55.288,-21.144],[55.233,-21.069],[55.225,-21.03],[55.242,-20.993],[55.288,-20.965],[55.287,-20.912],[55.336,-20.905],[55.408,-20.863],[55.578,-20.875],[55.651,-20.898],[55.695,-20.935],[55.747,-21.063]]],[[[45.277,-12.747],[45.291,-12.774],[45.283,-12.805],[45.262,-12.763],[45.277,-12.747]]],[[[45.218,-12.734],[45.221,-12.778],[45.188,-12.817],[45.211,-12.865],[45.168,-12.944],[45.186,-12.969],[45.166,-12.989],[45.097,-12.982],[45.094,-12.958],[45.07,-12.955],[45.09,-12.924],[45.063,-12.899],[45.084,-12.887],[45.125,-12.921],[45.136,-12.904],[45.084,-12.839],[45.105,-12.833],[45.087,-12.76],[45.049,-12.734],[45.042,-12.698],[45.091,-12.647],[45.097,-12.661],[45.084,-12.668],[45.139,-12.715],[45.218,-12.734]]]]}},{"type":"Feature","properties":{"name":"South Korea","iso":"KOR"},"geometry":{"type":"MultiPolygon","coordinates":[[[[124.744,37.97],[124.728,37.947],[124.678,37.953],[124.705,37.933],[124.685,37.92],[124.614,37.945],[124.624,37.98],[124.705,37.989],[124.744,37.97]]],[[[124.724,37.844],[124.714,37.81],[124.685,37.8],[124.677,37.825],[124.724,37.844]]]]}},{"type":"Feature","properties":{"name":"North Korea","iso":"PRK"},"geometry":{"type":"MultiPolygon","coordinates":[[[[124.989,37.927],[124.984,37.942],[125.0,37.956],[125.0,37.933],[124.989,37.927]]],[[[125.0,38.069],[124.885,38.132],[124.865,38.107],[124.794,38.098],[124.667,38.126],[124.822,38.186],[124.856,38.227],[124.895,38.222],[124.921,38.189],[124.993,38.227],[124.915,38.229],[124.872,38.258],[124.87,38.282],[124.884,38.355],[124.947,38.451],[124.972,38.462],[124.973,38.44],[125.0,38.471],[125.0,38.069]]],[[[124.997,38.536],[124.996,38.574],[124.984,38.592],[125.0,38.592],[124.997,38.536]]],[[[124.994,39.637],[124.958,39.662],[124.938,39.646],[124.902,39.662],[124.882,39.704],[124.771,39.742],[124.746,39.783],[124.745,39.691],[124.757,39.688],[124.73,39.665],[124.744,39.644],[124.695,39.638],[124.637,39.59],[124.611,39.629],[124.645,39.669],[124.647,39.698],[124.624,39.694],[124.585,39.724],[124.589,39.766],[124.562,39.787],[124.564,39.814],[124.418,39.825],[124.397,39.866],[124.363,39.872],[124.322,39.913],[124.37,39.94],[124.383,40.003],[124.406,40.028],[124.5,40.023],[124.41,40.036],[124.37,40.098],[124.549,40.221],[124.571,40.252],[124.643,40.294],[124.712,40.31],[124.741,40.37],[124.801,40.394],[124.896,40.484],[124.926,40.458],[125.0,40.457],[124.994,39.637]]],[[[124.922,39.598],[124.91,39.594],[124.934,39.551],[124.819,39.495],[124.857,39.528],[124.843,39.538],[124.88,39.612],[124.922,39.598]]],[[[124.844,38.555],[124.904,38.494],[124.822,38.522],[124.799,38.508],[124.79,38.517],[124.794,38.534],[124.844,38.555]]],[[[125.0,37.808],[124.998,37.813],[125.0,37.814],[125.0,37.808]]],[[[124.694,39.535],[124.708,39.53],[124.705,39.509],[124.685,39.503],[124.694,39.535]]],[[[124.676,39.539],[124.645,39.548],[124.596,39.538],[124.631,39.565],[124.691,39.57],[124.696,39.554],[124.676,39.539]]],[[[124.593,39.439],[124.613,39.457],[124.619,39.433],[124.602,39.427],[124.593,39.439]]],[[[124.212,39.796],[124.23,39.821],[124.243,39.805],[124.223,39.792],[124.212,39.796]]]]}},{"type":"Feature","properties":{"name":"Democratic Republic of the Congo","iso":"COD"},"geometry":{"type":"Polygon","coordinates":[[[20.004,4.974],[20.172,4.878],[20.237,4.806],[20.339,4.772],[20.395,4.677],[20.456,4.622],[20.463,4.601],[20.442,4.55],[20.452,4.529],[20.58,4.415],[20.768,4.423],[20.872,4.453],[21.076,4.395],[21.114,4.341],[21.211,4.292],[21.288,4.333],[21.375,4.278],[21.473,4.269],[21.538,4.245],[21.634,4.294],[21.737,4.293],[21.771,4.273],[21.82,4.272],[21.868,4.242],[22.001,4.245],[22.128,4.203],[22.207,4.15],[22.303,4.129],[22.423,4.135],[22.51,4.191],[22.546,4.237],[22.539,4.278],[22.569,4.332],[22.614,4.374],[22.589,4.422],[22.592,4.474],[22.689,4.492],[22.697,4.536],[22.731,4.587],[22.724,4.629],[22.757,4.661],[22.786,4.725],[22.854,4.711],[22.896,4.765],[22.883,4.801],[22.898,4.824],[22.977,4.834],[23.017,4.751],[23.099,4.712],[23.169,4.738],[23.265,4.635],[23.316,4.608],[23.415,4.591],[23.448,4.659],[23.506,4.676],[23.588,4.734],[23.76,4.787],[23.817,4.821],[23.948,4.818],[23.951,4.868],[23.978,4.854],[24.09,4.92],[24.153,4.903],[24.21,4.956],[24.246,4.954],[24.259,4.93],[24.297,5.003],[24.368,5.012],[24.399,5.036],[24.361,5.063],[24.396,5.122],[24.431,5.067],[24.437,5.101],[24.46,5.107],[24.514,5.087],[24.553,5.039],[24.601,5.026],[24.615,4.985],[24.671,4.957],[24.654,4.929],[24.731,4.918],[24.766,4.93],[24.789,4.92],[24.819,4.944],[24.848,4.937],[24.958,4.991],[25.076,4.952],[25.129,5.019],[25.228,5.01],[25.308,5.032],[25.349,5.142],[25.314,5.163],[25.308,5.185],[25.343,5.272],[25.376,5.293],[25.364,5.311],[25.396,5.334],[25.435,5.329],[25.482,5.357],[25.504,5.342],[25.541,5.354],[25.533,5.372],[25.544,5.375],[25.581,5.375],[25.6,5.34],[25.623,5.341],[25.609,5.32],[25.691,5.3],[25.744,5.251],[25.772,5.245],[25.781,5.259],[25.769,5.265],[25.792,5.263],[25.795,5.238],[25.815,5.245],[25.826,5.195],[25.849,5.218],[25.872,5.217],[25.911,5.17],[25.913,5.19],[25.959,5.197],[25.972,5.228],[26.027,5.19],[26.077,5.216],[26.095,5.211],[26.088,5.245],[26.112,5.238],[26.13,5.259],[26.157,5.232],[26.185,5.225],[26.198,5.238],[26.226,5.183],[26.247,5.19],[26.272,5.159],[26.363,5.136],[26.391,5.149],[26.442,5.104],[26.463,5.06],[26.503,5.047],[26.598,5.081],[26.63,5.067],[26.692,5.094],[26.739,5.094],[26.808,5.039],[26.833,5.053],[26.867,5.038],[26.934,5.127],[26.992,5.171],[27.074,5.203],[27.116,5.2],[27.441,5.071],[27.436,5.013],[27.501,4.963],[27.515,4.922],[27.553,4.901],[27.659,4.88],[27.686,4.798],[27.735,4.793],[27.763,4.757],[27.772,4.596],[27.809,4.588],[27.849,4.553],[27.914,4.549],[27.929,4.57],[28.014,4.55],[28.011,4.48],[28.05,4.419],[28.102,4.442],[28.178,4.347],[28.303,4.352],[28.337,4.327],[28.357,4.283],[28.382,4.275],[28.425,4.291],[28.497,4.369],[28.557,4.374],[28.571,4.405],[28.639,4.432],[28.695,4.533],[28.755,4.554],[28.784,4.53],[28.79,4.489],[28.904,4.479],[28.986,4.496],[29.056,4.436],[29.11,4.412],[29.173,4.348],[29.221,4.341],[29.243,4.387],[29.304,4.387],[29.339,4.45],[29.39,4.494],[29.443,4.583],[29.458,4.67],[29.619,4.642],[29.715,4.58],[29.745,4.584],[29.797,4.556],[29.778,4.524],[29.788,4.369],[29.815,4.347],[29.883,4.344],[29.93,4.309],[29.94,4.288],[29.924,4.246],[29.989,4.218],[30.043,4.133],[30.123,4.102],[30.189,3.956],[30.338,3.928],[30.457,3.868],[30.525,3.868],[30.563,3.695],[30.543,3.613],[30.592,3.604],[30.693,3.632],[30.747,3.675],[30.765,3.662],[30.779,3.603],[30.838,3.563],[30.828,3.511],[30.84,3.49],[30.896,3.52],[30.909,3.496],[30.91,3.393],[30.804,3.246],[30.744,3.055],[30.757,3.021],[30.821,2.973],[30.844,2.933],[30.853,2.853],[30.829,2.786],[30.802,2.769],[30.735,2.593],[30.737,2.52],[30.711,2.445],[30.805,2.434],[30.82,2.376],[30.872,2.332],[30.901,2.346],[30.931,2.406],[30.968,2.405],[31.041,2.331],[31.036,2.307],[31.055,2.29],[31.113,2.282],[31.178,2.303],[31.19,2.222],[31.28,2.153],[31.271,2.103],[31.026,1.778],[30.682,1.5],[30.478,1.239],[30.432,1.207],[30.365,1.202],[30.324,1.156],[30.278,1.172],[30.239,1.136],[30.215,1.077],[30.221,1.017],[30.155,0.909],[30.038,0.879],[29.947,0.825],[29.927,0.775],[29.919,0.618],[29.94,0.498],[29.84,0.358],[29.797,0.165],[29.761,0.172],[29.703,0.073],[29.714,-0.007],[29.629,-0.442],[29.653,-0.566],[29.619,-0.599],[29.631,-0.622],[29.603,-0.723],[29.611,-0.864],[29.555,-0.929],[29.548,-1.003],[29.57,-1.078],[29.557,-1.182],[29.581,-1.235],[29.572,-1.279],[29.587,-1.311],[29.578,-1.388],[29.499,-1.431],[29.437,-1.506],[29.343,-1.517],[29.304,-1.588],[29.233,-1.659],[29.131,-1.843],[29.156,-2.109],[29.135,-2.198],[29.075,-2.264],[28.994,-2.278],[28.945,-2.354],[28.866,-2.392],[28.861,-2.44],[28.878,-2.49],[28.857,-2.518],[28.898,-2.576],[28.891,-2.653],[28.936,-2.685],[29.0,-2.704],[29.029,-2.745],[28.996,-2.758],[28.995,-2.814],[29.049,-2.827],[29.09,-2.926],[29.138,-2.95],[29.157,-3.005],[29.212,-3.021],[29.235,-3.047],[29.242,-3.111],[29.214,-3.166],[29.217,-3.233],[29.241,-3.266],[29.213,-3.292],[29.207,-3.335],[29.225,-3.589],[29.207,-3.782],[29.215,-3.9],[29.339,-4.093],[29.373,-4.208],[29.411,-4.502],[29.401,-4.587],[29.321,-4.836],[29.324,-4.92],[29.378,-5.088],[29.456,-5.23],[29.496,-5.392],[29.594,-5.62],[29.612,-5.704],[29.603,-5.782],[29.496,-5.939],[29.476,-6.002],[29.538,-6.312],[29.634,-6.447],[29.707,-6.619],[29.873,-6.754],[30.013,-6.825],[30.091,-6.89],[30.294,-7.149],[30.37,-7.31],[30.442,-7.596],[30.655,-7.927],[30.752,-8.194],[28.889,-8.483],[28.935,-8.591],[28.93,-8.68],[28.893,-8.766],[28.765,-8.934],[28.599,-9.096],[28.372,-9.235],[28.352,-9.272],[28.369,-9.309],[28.46,-9.335],[28.516,-9.378],[28.52,-9.446],[28.563,-9.485],[28.574,-9.539],[28.618,-9.543],[28.584,-9.564],[28.622,-9.638],[28.631,-9.716],[28.698,-9.792],[28.668,-9.822],[28.628,-9.929],[28.629,-10.103],[28.57,-10.22],[28.624,-10.276],[28.621,-10.373],[28.646,-10.438],[28.635,-10.519],[28.672,-10.564],[28.666,-10.609],[28.7,-10.643],[28.666,-10.697],[28.623,-10.717],[28.554,-10.835],[28.547,-10.914],[28.477,-11.078],[28.487,-11.153],[28.474,-11.226],[28.436,-11.289],[28.44,-11.348],[28.357,-11.447],[28.36,-11.534],[28.405,-11.605],[28.453,-11.781],[28.489,-11.809],[28.508,-11.873],[28.541,-11.872],[28.569,-11.914],[28.593,-11.9],[28.624,-11.948],[28.686,-11.984],[28.751,-11.992],[28.76,-12.035],[28.821,-12.076],[28.86,-12.142],[28.945,-12.206],[29.035,-12.379],[29.1,-12.374],[29.111,-12.393],[29.173,-12.368],[29.255,-12.366],[29.305,-12.405],[29.364,-12.409],[29.5,-12.453],[29.525,-12.429],[29.523,-12.393],[29.48,-12.381],[29.447,-12.335],[29.474,-12.243],[29.577,-12.188],[29.632,-12.216],[29.735,-12.165],[29.799,-12.154],[29.798,-13.424],[29.782,-13.456],[29.703,-13.458],[29.617,-13.421],[29.602,-13.374],[29.625,-13.364],[29.627,-13.326],[29.659,-13.31],[29.669,-13.281],[29.657,-13.26],[29.629,-13.261],[29.574,-13.225],[29.528,-13.234],[29.45,-13.3],[29.308,-13.354],[29.184,-13.437],[29.122,-13.384],[28.994,-13.396],[28.95,-13.351],[28.934,-13.31],[28.903,-13.162],[28.854,-13.137],[28.844,-13.102],[28.826,-13.093],[28.831,-13.052],[28.708,-12.89],[28.668,-12.849],[28.621,-12.839],[28.584,-12.889],[28.543,-12.886],[28.539,-12.834],[28.474,-12.736],[28.512,-12.694],[28.512,-12.668],[28.423,-12.521],[28.322,-12.441],[28.238,-12.437],[28.186,-12.402],[28.131,-12.429],[28.088,-12.378],[27.959,-12.368],[27.934,-12.303],[27.857,-12.262],[27.831,-12.26],[27.757,-12.304],[27.638,-12.294],[27.52,-12.18],[27.468,-12.002],[27.421,-11.922],[27.234,-11.809],[27.21,-11.722],[27.208,-11.639],[27.18,-11.57],[27.024,-11.596],[27.01,-11.61],[27.021,-11.698],[26.981,-11.749],[26.967,-11.87],[26.948,-11.909],[26.874,-11.964],[26.759,-11.969],[26.717,-12.013],[26.697,-12.017],[26.644,-11.986],[26.489,-11.961],[26.415,-11.912],[26.339,-11.919],[26.298,-11.941],[26.23,-11.933],[26.167,-11.902],[25.981,-11.903],[25.851,-11.794],[25.726,-11.801],[25.621,-11.729],[25.576,-11.727],[25.561,-11.753],[25.496,-11.777],[25.474,-11.756],[25.481,-11.715],[25.386,-11.65],[25.345,-11.642],[25.3,-11.535],[25.317,-11.473],[25.279,-11.396],[25.278,-11.372],[25.306,-11.333],[25.285,-11.307],[25.325,-11.284],[25.323,-11.205],[25.31,-11.195],[25.184,-11.247],[24.943,-11.269],[24.827,-11.318],[24.713,-11.326],[24.674,-11.342],[24.635,-11.386],[24.593,-11.4],[24.565,-11.445],[24.491,-11.462],[24.446,-11.464],[24.37,-11.41],[24.294,-11.399],[24.285,-11.381],[24.34,-11.358],[24.392,-11.279],[24.397,-11.217],[24.362,-11.165],[24.382,-11.121],[24.371,-11.1],[24.294,-11.05],[24.181,-11.034],[24.124,-11.043],[24.114,-10.919],[24.091,-10.898],[24.001,-10.873],[23.949,-10.882],[23.928,-10.945],[23.888,-10.974],[23.867,-11.016],[23.834,-11.028],[23.752,-11.008],[23.642,-11.004],[23.456,-10.961],[23.373,-10.975],[23.197,-11.072],[23.014,-11.102],[22.931,-11.097],[22.853,-11.053],[22.728,-11.097],[22.538,-11.037],[22.501,-11.042],[22.469,-11.122],[22.44,-11.147],[22.34,-11.18],[22.282,-11.237],[22.238,-11.25],[22.256,-11.167],[22.244,-11.078],[22.196,-10.992],[22.165,-10.852],[22.224,-10.797],[22.319,-10.761],[22.326,-10.695],[22.31,-10.669],[22.306,-10.551],[22.272,-10.482],[22.313,-10.369],[22.203,-10.131],[22.21,-10.098],[22.16,-9.931],[22.091,-9.877],[22.056,-9.875],[21.998,-9.809],[21.984,-9.749],[21.957,-9.762],[21.942,-9.723],[21.879,-9.657],[21.854,-9.618],[21.82,-9.448],[21.792,-9.406],[21.852,-9.234],[21.84,-9.092],[21.86,-8.846],[21.907,-8.645],[21.936,-8.583],[21.916,-8.577],[21.944,-8.456],[21.9,-8.349],[21.921,-8.329],[21.873,-8.264],[21.857,-8.157],[21.815,-8.097],[21.8,-8.041],[21.754,-7.997],[21.77,-7.807],[21.854,-7.586],[21.847,-7.514],[21.861,-7.47],[21.833,-7.391],[21.842,-7.37],[21.785,-7.283],[20.521,-7.286],[20.524,-7.143],[20.611,-6.916],[20.32,-6.919],[20.294,-7.002],[20.0,-7.002],[20.004,4.974]]]}},{"type":"Feature","properties":{"name":"Bhutan","iso":"BTN"},"geometry":{"type":"Polygon","coordinates":[[[90.475,28.072],[90.575,28.066],[90.684,28.087],[90.727,28.062],[90.91,28.033],[90.975,27.982],[91.052,27.963],[91.093,27.972],[91.195,28.071],[91.27,28.073],[91.29,28.091],[91.341,28.031],[91.419,27.995],[91.638,27.94],[91.653,27.917],[91.628,27.853],[91.564,27.851],[91.566,27.821],[91.636,27.783],[91.627,27.716],[91.58,27.658],[91.573,27.62],[91.595,27.546],[91.657,27.479],[91.727,27.46],[91.975,27.472],[92.024,27.447],[92.089,27.292],[92.037,27.236],[91.996,27.158],[91.988,27.104],[92.067,26.995],[92.084,26.937],[92.073,26.888],[92.036,26.855],[91.975,26.847],[91.926,26.879],[91.893,26.881],[91.896,26.854],[91.874,26.844],[91.886,26.831],[91.879,26.803],[91.863,26.805],[91.844,26.849],[91.825,26.858],[91.702,26.803],[91.594,26.811],[91.521,26.798],[91.475,26.866],[91.42,26.872],[91.388,26.858],[91.346,26.795],[91.297,26.775],[91.198,26.802],[91.062,26.805],[91.007,26.782],[90.717,26.767],[90.588,26.78],[90.383,26.892],[90.349,26.897],[90.284,26.857],[90.211,26.851],[90.177,26.832],[90.152,26.772],[90.127,26.751],[89.89,26.715],[89.835,26.732],[89.814,26.696],[89.685,26.725],[89.61,26.712],[89.598,26.721],[89.611,26.766],[89.586,26.784],[89.505,26.804],[89.443,26.797],[89.342,26.854],[89.274,26.844],[89.213,26.813],[89.097,26.821],[89.061,26.881],[89.022,26.913],[88.932,26.919],[88.907,26.981],[88.852,26.945],[88.846,27.05],[88.828,27.098],[88.73,27.151],[88.754,27.213],[88.801,27.256],[88.885,27.286],[88.892,27.316],[88.915,27.331],[88.972,27.312],[88.997,27.331],[88.951,27.433],[88.983,27.493],[88.978,27.53],[89.064,27.616],[89.092,27.626],[89.125,27.615],[89.198,27.731],[89.225,27.808],[89.336,27.869],[89.445,28.031],[89.561,28.135],[89.756,28.184],[89.781,28.229],[89.863,28.296],[89.916,28.316],[89.953,28.308],[90.071,28.345],[90.153,28.322],[90.226,28.358],[90.262,28.335],[90.262,28.299],[90.291,28.261],[90.33,28.256],[90.354,28.299],[90.387,28.299],[90.456,28.283],[90.505,28.25],[90.588,28.233],[90.598,28.2],[90.486,28.125],[90.475,28.072]]]}},{"type":"Feature","properties":{"name":"Ukraine","iso":"UKR"},"geometry":{"type":"MultiPolygon","coordinates":[[[[37.92,50.0],[38.0,49.9],[38.067,49.927],[38.119,49.919],[38.166,49.941],[38.169,50.0],[38.34,50.0],[38.356,49.981],[38.498,49.948],[38.665,49.965],[38.687,49.914],[38.748,49.885],[38.852,49.866],[38.937,49.803],[39.049,49.811],[39.117,49.864],[39.156,49.874],[39.183,49.859],[39.261,49.745],[39.328,49.726],[39.444,49.75],[39.558,49.724],[39.623,49.613],[39.802,49.542],[39.889,49.553],[39.998,49.608],[40.131,49.58],[40.126,49.559],[40.054,49.52],[40.035,49.487],[40.062,49.426],[40.16,49.334],[40.142,49.246],[39.952,49.125],[39.919,49.048],[39.681,49.02],[39.674,48.97],[39.759,48.895],[39.908,48.878],[39.95,48.853],[40.009,48.888],[40.054,48.869],[40.039,48.83],[39.975,48.79],[39.824,48.816],[39.779,48.808],[39.703,48.747],[39.632,48.587],[39.69,48.594],[39.835,48.573],[39.87,48.51],[39.842,48.499],[39.845,48.484],[39.924,48.376],[39.816,48.308],[39.885,48.279],[39.957,48.293],[39.993,48.273],[39.978,48.235],[39.894,48.183],[39.843,48.12],[39.829,48.077],[39.843,48.036],[39.76,48.015],[39.796,47.961],[39.759,47.833],[39.701,47.812],[39.57,47.831],[39.392,47.823],[39.32,47.846],[39.114,47.829],[39.039,47.857],[38.877,47.861],[38.831,47.848],[38.771,47.781],[38.735,47.677],[38.662,47.683],[38.562,47.627],[38.353,47.607],[38.293,47.563],[38.26,47.493],[38.258,47.393],[38.189,47.301],[38.292,47.287],[38.298,47.256],[38.203,47.192],[38.201,47.131],[38.217,47.103],[38.142,47.038],[38.108,47.026],[38.13,47.075],[38.072,47.1],[38.026,47.082],[37.861,47.102],[37.753,47.075],[37.546,47.082],[37.483,47.036],[37.335,46.882],[37.313,46.876],[37.317,46.901],[37.295,46.92],[37.227,46.937],[37.029,46.876],[36.854,46.8],[36.862,46.777],[36.812,46.681],[36.769,46.637],[36.744,46.65],[36.772,46.643],[36.803,46.725],[36.696,46.78],[36.634,46.78],[36.59,46.759],[36.524,46.759],[36.4,46.724],[36.303,46.659],[36.278,46.607],[36.268,46.626],[36.246,46.611],[36.244,46.635],[36.189,46.669],[35.902,46.653],[35.771,46.601],[35.629,46.498],[35.491,46.448],[35.38,46.368],[35.162,46.128],[34.982,46.078],[35.052,46.128],[35.044,46.142],[35.2,46.183],[35.342,46.336],[35.346,46.361],[35.312,46.338],[35.268,46.351],[35.259,46.373],[35.285,46.437],[35.215,46.463],[35.188,46.512],[35.167,46.493],[35.202,46.44],[35.209,46.396],[35.108,46.298],[35.031,46.252],[34.927,46.235],[34.894,46.252],[34.882,46.222],[34.839,46.208],[34.811,46.166],[34.874,45.926],[34.958,45.79],[35.044,45.67],[35.332,45.371],[35.481,45.298],[35.518,45.295],[35.716,45.341],[35.833,45.471],[35.858,45.469],[35.854,45.414],[35.986,45.363],[36.022,45.368],[36.069,45.43],[36.118,45.457],[36.252,45.461],[36.284,45.477],[36.307,45.461],[36.299,45.443],[36.341,45.457],[36.412,45.436],[36.491,45.443],[36.533,45.409],[36.583,45.427],[36.614,45.409],[36.638,45.351],[36.586,45.334],[36.502,45.347],[36.484,45.316],[36.491,45.292],[36.437,45.272],[36.409,45.149],[36.455,45.092],[36.44,45.067],[36.268,45.044],[36.244,45.011],[36.225,45.008],[36.048,45.049],[35.993,44.998],[35.848,44.992],[35.783,45.058],[35.706,45.095],[35.591,45.12],[35.506,45.114],[35.408,45.062],[35.401,45.025],[35.435,45.005],[35.374,44.998],[35.362,44.987],[35.367,44.943],[35.319,44.97],[35.256,44.959],[35.215,44.914],[35.154,44.901],[35.081,44.794],[35.038,44.799],[35.006,44.835],[34.952,44.842],[34.89,44.818],[34.757,44.821],[34.613,44.765],[34.5,44.743],[34.414,44.674],[34.331,44.545],[34.271,44.545],[34.243,44.507],[34.182,44.493],[34.136,44.442],[33.958,44.383],[33.852,44.402],[33.721,44.4],[33.632,44.434],[33.578,44.497],[33.518,44.491],[33.372,44.576],[33.371,44.588],[33.436,44.605],[33.572,44.621],[33.516,44.634],[33.548,44.699],[33.516,44.785],[33.56,44.85],[33.609,44.872],[33.62,44.931],[33.563,45.094],[33.537,45.117],[33.396,45.19],[33.26,45.156],[33.24,45.18],[33.174,45.197],[33.079,45.272],[32.899,45.354],[32.729,45.361],[32.663,45.32],[32.591,45.32],[32.513,45.341],[32.482,45.409],[32.525,45.458],[32.644,45.522],[32.705,45.531],[32.758,45.565],[32.828,45.562],[32.827,45.596],[32.868,45.63],[33.176,45.743],[33.181,45.755],[33.159,45.769],[33.169,45.784],[33.23,45.751],[33.265,45.754],[33.482,45.854],[33.53,45.842],[33.62,45.882],[33.659,45.859],[33.692,45.861],[33.694,45.914],[33.777,45.93],[33.682,45.958],[33.62,45.951],[33.647,45.98],[33.632,45.988],[33.644,46.015],[33.628,46.068],[33.648,46.09],[33.613,46.145],[33.572,46.149],[33.532,46.122],[33.558,46.087],[33.506,46.08],[33.496,46.068],[33.516,46.046],[33.424,46.053],[33.358,46.104],[33.331,46.107],[33.311,46.087],[33.29,46.095],[33.316,46.131],[33.215,46.128],[33.235,46.224],[33.175,46.153],[33.123,46.136],[33.023,46.17],[33.032,46.141],[33.018,46.128],[32.899,46.115],[32.766,46.136],[32.503,46.076],[32.262,46.128],[32.242,46.177],[32.269,46.205],[32.213,46.193],[32.129,46.21],[32.05,46.266],[32.018,46.258],[31.886,46.32],[31.882,46.279],[31.786,46.292],[31.767,46.318],[31.8,46.342],[31.968,46.351],[32.062,46.394],[32.008,46.449],[31.911,46.456],[31.749,46.5],[31.69,46.479],[31.687,46.43],[31.664,46.472],[31.508,46.588],[31.582,46.545],[31.756,46.554],[31.862,46.519],[32.112,46.512],[32.318,46.464],[32.4,46.478],[32.427,46.499],[32.408,46.517],[32.436,46.543],[32.525,46.593],[32.588,46.604],[32.646,46.65],[32.409,46.569],[32.336,46.562],[32.248,46.607],[32.146,46.56],[32.118,46.607],[32.023,46.629],[31.98,46.677],[31.94,46.759],[31.936,46.8],[32.007,46.915],[31.996,46.94],[31.936,46.955],[31.977,47.009],[31.865,47.026],[31.897,47.093],[31.882,47.119],[31.846,47.134],[31.831,47.187],[31.758,47.216],[31.752,47.256],[31.724,47.237],[31.727,47.221],[31.806,47.193],[31.816,47.123],[31.874,47.094],[31.845,47.054],[31.837,47.008],[31.947,46.999],[31.899,46.944],[31.926,46.923],[31.968,46.937],[31.973,46.915],[31.945,46.86],[31.899,46.843],[31.865,46.807],[31.865,46.78],[31.907,46.738],[31.909,46.663],[31.892,46.644],[31.815,46.623],[31.674,46.653],[31.597,46.643],[31.579,46.617],[31.493,46.629],[31.481,46.646],[31.491,46.663],[31.618,46.813],[31.606,46.826],[31.584,46.794],[31.508,46.745],[31.441,46.8],[31.456,46.755],[31.506,46.72],[31.416,46.629],[31.338,46.601],[31.16,46.629],[30.991,46.601],[30.867,46.556],[30.791,46.553],[30.755,46.516],[30.798,46.446],[30.772,46.396],[30.715,46.348],[30.652,46.345],[30.687,46.32],[30.682,46.3],[30.523,46.134],[30.494,46.08],[30.371,45.998],[30.261,45.895],[30.138,45.82],[30.127,45.891],[30.095,45.815],[30.061,45.813],[29.991,45.847],[29.969,45.839],[29.953,45.772],[29.926,45.814],[29.918,45.783],[29.939,45.752],[29.932,45.724],[29.888,45.765],[29.802,45.737],[29.803,45.704],[29.86,45.669],[29.81,45.649],[29.789,45.655],[29.789,45.635],[29.734,45.614],[29.724,45.667],[29.683,45.697],[29.679,45.752],[29.694,45.781],[29.638,45.826],[29.631,45.814],[29.652,45.789],[29.623,45.736],[29.638,45.71],[29.603,45.691],[29.59,45.559],[29.648,45.545],[29.707,45.573],[29.606,45.478],[29.641,45.442],[29.656,45.474],[29.672,45.477],[29.675,45.45],[29.702,45.457],[29.713,45.436],[29.732,45.476],[29.755,45.447],[29.748,45.414],[29.728,45.416],[29.75,45.386],[29.755,45.313],[29.73,45.238],[29.709,45.223],[29.659,45.216],[29.672,45.273],[29.65,45.346],[29.57,45.395],[29.322,45.444],[29.282,45.422],[29.228,45.424],[29.174,45.389],[28.974,45.324],[28.953,45.285],[28.93,45.279],[28.832,45.322],[28.79,45.321],[28.79,45.292],[28.76,45.274],[28.803,45.244],[28.71,45.227],[28.577,45.248],[28.33,45.323],[28.281,45.402],[28.286,45.422],[28.199,45.462],[28.217,45.493],[28.271,45.522],[28.502,45.509],[28.498,45.559],[28.537,45.58],[28.511,45.635],[28.474,45.658],[28.515,45.702],[28.561,45.717],[28.577,45.762],[28.67,45.777],[28.67,45.812],[28.738,45.838],[28.746,45.871],[28.728,45.922],[28.74,45.953],[28.957,46.001],[28.939,46.089],[29.015,46.183],[29.01,46.204],[28.934,46.259],[28.945,46.321],[28.919,46.405],[28.946,46.455],[29.184,46.538],[29.207,46.503],[29.206,46.406],[29.183,46.378],[29.201,46.357],[29.283,46.397],[29.289,46.452],[29.307,46.472],[29.375,46.416],[29.458,46.485],[29.486,46.476],[29.481,46.425],[29.541,46.413],[29.583,46.37],[29.616,46.362],[29.646,46.376],[29.654,46.423],[29.703,46.428],[29.714,46.471],[29.8,46.398],[29.808,46.355],[29.828,46.339],[29.919,46.374],[30.081,46.374],[30.132,46.423],[30.077,46.423],[30.014,46.462],[30.022,46.471],[30.003,46.494],[29.971,46.492],[29.902,46.531],[29.899,46.553],[29.938,46.557],[29.95,46.579],[29.931,46.619],[29.951,46.743],[29.928,46.81],[29.89,46.807],[29.844,46.854],[29.754,46.858],[29.696,46.905],[29.559,46.946],[29.572,47.012],[29.602,47.061],[29.57,47.091],[29.52,47.06],[29.478,47.112],[29.545,47.136],[29.544,47.234],[29.58,47.26],[29.557,47.324],[29.481,47.338],[29.459,47.293],[29.41,47.28],[29.368,47.308],[29.346,47.366],[29.301,47.378],[29.233,47.446],[29.182,47.43],[29.156,47.45],[29.117,47.533],[29.182,47.613],[29.197,47.718],[29.239,47.756],[29.178,47.79],[29.236,47.871],[29.173,47.891],[29.148,47.955],[29.124,47.976],[29.061,47.97],[29.017,47.931],[28.95,47.935],[28.833,48.025],[28.799,48.112],[28.574,48.155],[28.519,48.149],[28.48,48.065],[28.419,48.122],[28.437,48.15],[28.412,48.171],[28.389,48.169],[28.35,48.13],[28.317,48.135],[28.322,48.163],[28.363,48.191],[28.358,48.239],[28.294,48.236],[28.217,48.208],[28.189,48.223],[28.179,48.259],[28.093,48.237],[28.079,48.245],[28.098,48.284],[28.076,48.315],[27.926,48.339],[27.865,48.399],[27.785,48.442],[27.627,48.451],[27.607,48.458],[27.605,48.484],[27.583,48.486],[27.504,48.472],[27.403,48.411],[27.342,48.436],[27.209,48.361],[27.037,48.4],[27.025,48.39],[27.033,48.36],[26.943,48.351],[26.832,48.391],[26.817,48.372],[26.778,48.366],[26.79,48.307],[26.774,48.287],[26.736,48.292],[26.68,48.33],[26.625,48.283],[26.618,48.259],[26.587,48.249],[26.303,48.212],[26.271,48.094],[26.173,47.993],[25.901,47.966],[25.753,47.935],[25.262,47.899],[25.219,47.878],[25.08,47.743],[24.897,47.71],[24.808,47.796],[24.679,47.84],[24.634,47.908],[24.542,47.944],[24.409,47.952],[24.347,47.921],[24.231,47.897],[24.131,47.915],[24.009,47.961],[23.855,47.934],[23.78,47.988],[23.563,48.006],[23.461,47.971],[23.36,47.993],[23.231,48.08],[23.139,48.098],[23.099,48.071],[23.063,48.007],[23.004,47.983],[22.924,48.005],[22.916,47.959],[22.878,47.947],[22.832,47.979],[22.862,48.028],[22.855,48.047],[22.801,48.091],[22.746,48.116],[22.605,48.097],[22.556,48.177],[22.481,48.243],[22.357,48.243],[22.308,48.294],[22.299,48.349],[22.257,48.357],[22.272,48.403],[22.202,48.418],[22.133,48.405],[22.148,48.509],[22.139,48.57],[22.243,48.651],[22.31,48.682],[22.331,48.756],[22.366,48.794],[22.369,48.856],[22.412,48.888],[22.449,48.971],[22.521,48.993],[22.54,49.072],[22.561,49.086],[22.643,49.043],[22.755,49.045],[22.855,48.994],[22.867,49.01],[22.843,49.043],[22.853,49.085],[22.841,49.095],[22.706,49.169],[22.682,49.161],[22.738,49.275],[22.72,49.383],[22.68,49.419],[22.641,49.529],[22.766,49.674],[22.827,49.697],[22.888,49.77],[22.933,49.791],[22.951,49.827],[23.17,50.0],[37.92,50.0]]],[[[29.873,45.658],[30.126,45.811],[29.908,45.666],[29.807,45.614],[29.731,45.591],[29.873,45.658]]],[[[32.999,46.035],[33.045,46.038],[33.057,46.025],[33.04,46.012],[32.619,46.06],[32.783,46.046],[32.882,46.055],[32.914,46.039],[32.979,46.053],[32.999,46.035]]],[[[32.071,46.182],[32.166,46.149],[31.737,46.221],[31.58,46.263],[31.522,46.313],[31.504,46.373],[31.522,46.368],[31.554,46.296],[31.618,46.259],[32.071,46.182]]]]}},{"type":"Feature","properties":{"name":"Namibia","iso":"NAM"},"geometry":{"type":"Polygon","coordinates":[[[20.0,-17.886],[20.155,-17.89],[20.193,-17.872],[20.243,-17.883],[20.278,-17.855],[20.336,-17.855],[20.387,-17.89],[20.438,-17.894],[20.565,-17.985],[20.666,-17.98],[20.722,-18.006],[20.737,-17.993],[20.806,-18.031],[20.894,-18.013],[20.908,-17.986],[21.093,-17.938],[21.217,-17.931],[21.365,-17.992],[21.387,-18.014],[24.22,-17.48],[24.321,-17.489],[24.389,-17.471],[24.524,-17.508],[24.562,-17.532],[24.591,-17.528],[24.63,-17.496],[24.684,-17.492],[24.898,-17.531],[24.938,-17.561],[24.958,-17.552],[24.999,-17.588],[25.037,-17.581],[25.034,-17.608],[25.089,-17.643],[25.099,-17.677],[25.123,-17.698],[25.139,-17.686],[25.161,-17.729],[25.242,-17.77],[25.26,-17.794],[25.154,-17.782],[25.121,-17.814],[25.057,-17.828],[25.047,-17.807],[25.02,-17.824],[24.983,-17.82],[24.953,-17.788],[24.931,-17.811],[24.821,-17.839],[24.731,-17.892],[24.564,-18.053],[24.506,-18.06],[24.422,-17.956],[24.351,-17.956],[24.296,-18.026],[24.218,-18.013],[24.102,-18.109],[24.057,-18.119],[23.971,-18.184],[23.951,-18.178],[23.916,-18.201],[23.913,-18.236],[23.716,-18.419],[23.61,-18.478],[23.579,-18.468],[23.547,-18.369],[23.561,-18.348],[23.519,-18.294],[23.527,-18.278],[23.502,-18.237],[23.464,-18.226],[23.429,-18.189],[23.396,-18.191],[23.396,-18.163],[23.334,-18.074],[23.334,-18.043],[23.293,-17.999],[22.981,-18.02],[21.476,-18.3],[20.975,-18.319],[20.985,-21.964],[20.972,-22.001],[20.0,-22.001],[20.0,-17.886]]]}},{"type":"Feature","properties":{"name":"South Africa","iso":"ZAF"},"geometry":{"type":"MultiPolygon","coordinates":[[[[20.0,-24.781],[20.108,-24.88],[20.236,-24.936],[20.321,-25.0],[20.0,-25.0],[20.0,-24.781]]],[[[25.836,-25.0],[25.877,-24.886],[25.874,-24.743],[25.966,-24.734],[26.014,-24.705],[26.279,-24.628],[26.404,-24.633],[26.469,-24.571],[26.531,-24.459],[26.623,-24.399],[26.693,-24.327],[26.839,-24.266],[26.941,-23.85],[26.938,-23.803],[27.004,-23.646],[27.024,-23.643],[27.038,-23.666],[27.07,-23.656],[27.062,-23.604],[27.075,-23.611],[27.113,-23.564],[27.137,-23.57],[27.127,-23.525],[27.157,-23.537],[27.171,-23.516],[27.206,-23.523],[27.191,-23.504],[27.203,-23.492],[27.296,-23.452],[27.35,-23.391],[27.361,-23.422],[27.411,-23.389],[27.425,-23.413],[27.453,-23.385],[27.549,-23.361],[27.569,-23.32],[27.563,-23.299],[27.608,-23.217],[27.647,-23.228],[27.698,-23.193],[27.726,-23.222],[27.754,-23.221],[27.789,-23.164],[27.774,-23.125],[27.822,-23.123],[27.816,-23.105],[27.93,-23.057],[27.946,-23.029],[27.937,-22.964],[28.037,-22.911],[28.054,-22.869],[28.047,-22.837],[28.104,-22.817],[28.117,-22.789],[28.155,-22.772],[28.16,-22.718],[28.196,-22.672],[28.251,-22.656],[28.339,-22.585],[28.459,-22.57],[28.522,-22.585],[28.56,-22.563],[28.624,-22.563],[28.817,-22.493],[28.847,-22.45],[28.913,-22.454],[28.968,-22.38],[28.96,-22.31],[29.048,-22.22],[29.169,-22.214],[29.248,-22.179],[29.378,-22.193],[29.457,-22.159],[29.532,-22.172],[29.551,-22.146],[29.661,-22.126],[29.68,-22.138],[29.779,-22.136],[29.837,-22.172],[30.005,-22.222],[30.038,-22.254],[30.135,-22.294],[30.222,-22.291],[30.335,-22.345],[30.488,-22.31],[30.632,-22.331],[30.694,-22.303],[30.838,-22.282],[31.088,-22.337],[31.153,-22.316],[31.213,-22.362],[31.266,-22.366],[31.289,-22.397],[31.279,-22.415],[31.536,-23.157],[31.528,-23.457],[31.642,-23.588],[31.755,-23.858],[31.85,-23.931],[31.869,-24.164],[31.987,-24.423],[31.986,-25.0],[25.836,-25.0]]]]}},{"type":"Feature","properties":{"name":"Oman","iso":"OMN"},"geometry":{"type":"MultiPolygon","coordinates":[[[[56.291,25.328],[56.309,25.301],[56.349,25.294],[56.344,25.267],[56.236,25.211],[56.208,25.221],[56.208,25.255],[56.245,25.278],[56.234,25.313],[56.261,25.331],[56.291,25.328]],[[56.263,25.249],[56.288,25.272],[56.265,25.281],[56.263,25.249]]],[[[56.077,26.061],[56.091,26.107],[56.182,26.246],[56.208,26.263],[56.212,26.208],[56.267,26.227],[56.295,26.194],[56.367,26.222],[56.404,26.215],[56.395,26.239],[56.368,26.244],[56.308,26.222],[56.316,26.29],[56.358,26.265],[56.364,26.28],[56.322,26.31],[56.356,26.338],[56.364,26.386],[56.384,26.359],[56.404,26.372],[56.412,26.345],[56.462,26.332],[56.487,26.331],[56.48,26.352],[56.501,26.359],[56.509,26.324],[56.453,26.318],[56.399,26.269],[56.432,26.239],[56.476,26.249],[56.487,26.235],[56.46,26.202],[56.453,26.222],[56.432,26.222],[56.432,26.194],[56.48,26.146],[56.412,26.158],[56.404,26.187],[56.377,26.174],[56.391,26.201],[56.368,26.205],[56.329,26.173],[56.336,26.112],[56.364,26.146],[56.364,26.105],[56.473,26.099],[56.38,26.038],[56.384,26.022],[56.409,26.034],[56.423,26.023],[56.423,26.005],[56.4,25.99],[56.422,25.957],[56.453,25.947],[56.439,25.926],[56.408,25.937],[56.384,25.926],[56.399,25.902],[56.364,25.838],[56.364,25.807],[56.302,25.742],[56.302,25.763],[56.274,25.709],[56.279,25.627],[56.206,25.618],[56.145,25.671],[56.141,25.733],[56.172,25.765],[56.14,25.823],[56.171,25.877],[56.183,26.015],[56.163,26.074],[56.077,26.061]]],[[[56.405,24.897],[56.48,24.765],[56.493,24.7],[56.611,24.496],[56.801,24.303],[56.841,24.224],[56.939,24.116],[57.184,23.934],[57.645,23.79],[57.796,23.782],[57.835,23.74],[57.888,23.721],[58.132,23.713],[58.227,23.679],[58.282,23.631],[58.317,23.621],[58.453,23.624],[58.491,23.657],[58.584,23.647],[58.659,23.562],[58.68,23.562],[58.707,23.535],[58.721,23.549],[58.728,23.528],[58.762,23.542],[58.793,23.496],[58.808,23.421],[58.929,23.318],[58.956,23.259],[59.002,23.212],[59.01,23.153],[59.074,23.093],[59.088,23.048],[59.232,22.943],[59.298,22.793],[59.352,22.761],[59.411,22.671],[59.535,22.583],[59.516,22.562],[59.55,22.555],[59.627,22.58],[59.694,22.541],[59.721,22.541],[59.74,22.498],[59.763,22.499],[59.746,22.538],[59.803,22.535],[59.825,22.509],[59.845,22.445],[59.812,22.237],[59.735,22.123],[59.688,22.083],[59.645,21.926],[59.606,21.91],[59.498,21.756],[59.449,21.625],[59.355,21.486],[59.344,21.445],[59.166,21.363],[59.054,21.277],[58.854,21.066],[58.808,20.991],[58.799,20.936],[58.735,20.883],[58.739,20.862],[58.68,20.828],[58.659,20.791],[58.668,20.772],[58.687,20.759],[58.729,20.787],[58.728,20.767],[58.7,20.741],[58.667,20.746],[58.645,20.691],[58.592,20.644],[58.519,20.417],[58.484,20.404],[58.446,20.359],[58.359,20.382],[58.276,20.368],[58.28,20.385],[58.203,20.405],[58.213,20.465],[58.235,20.424],[58.228,20.489],[58.264,20.588],[58.255,20.609],[58.206,20.613],[58.091,20.567],[58.067,20.511],[58.076,20.48],[57.994,20.442],[57.956,20.4],[57.974,20.352],[57.967,20.33],[57.856,20.261],[57.824,20.201],[57.848,20.112],[57.814,19.977],[57.762,19.843],[57.689,19.728],[57.72,19.653],[57.704,19.549],[57.774,19.41],[57.751,19.268],[57.812,19.157],[57.802,19.095],[57.84,19.03],[57.816,18.992],[57.71,18.944],[57.501,18.954],[57.208,18.91],[56.915,18.81],[56.808,18.746],[56.66,18.595],[56.641,18.559],[56.644,18.468],[56.612,18.4],[56.601,18.305],[56.549,18.19],[56.561,18.149],[56.528,18.115],[56.463,18.084],[56.432,18.032],[56.358,17.97],[56.356,17.94],[56.188,17.957],[56.116,17.937],[56.031,17.943],[55.909,17.907],[55.653,17.895],[55.445,17.841],[55.369,17.696],[55.263,17.608],[55.228,17.539],[55.23,17.489],[55.301,17.417],[55.294,17.352],[55.251,17.29],[55.26,17.234],[55.219,17.21],[55.189,17.145],[55.144,17.128],[55.125,17.092],[55.027,17.011],[55.011,17.026],[54.975,16.997],[54.792,16.951],[54.781,16.964],[54.739,16.956],[54.698,16.97],[54.674,17.02],[54.592,17.038],[54.462,17.025],[54.39,17.039],[54.369,17.025],[54.085,17.011],[54.013,16.978],[54.009,16.937],[53.981,16.909],[53.753,16.868],[53.669,16.784],[53.615,16.758],[53.339,16.735],[53.09,16.642],[52.802,17.267],[52.721,17.298],[51.979,18.996],[54.978,19.995],[55.638,21.979],[55.627,22.024],[55.187,22.704],[55.191,22.995],[55.226,23.121],[55.321,23.275],[55.375,23.469],[55.445,23.552],[55.478,23.676],[55.538,23.77],[55.531,23.875],[55.462,23.931],[55.457,23.963],[55.647,24.025],[55.762,24.028],[55.807,24.007],[55.987,24.065],[55.998,24.081],[55.933,24.221],[55.903,24.232],[55.83,24.212],[55.756,24.23],[55.807,24.341],[55.809,24.398],[55.775,24.426],[55.76,24.559],[55.818,24.643],[55.795,24.704],[55.789,24.855],[55.829,24.921],[55.897,24.969],[55.935,24.978],[56.006,24.956],[56.029,24.861],[55.978,24.886],[55.958,24.869],[56.002,24.823],[56.032,24.754],[56.078,24.73],[56.118,24.735],[56.171,24.824],[56.242,24.842],[56.308,24.895],[56.329,24.973],[56.383,24.978],[56.405,24.897]]],[[[55.836,17.491],[55.863,17.519],[55.891,17.505],[55.836,17.491]]],[[[56.055,17.56],[56.068,17.532],[56.096,17.519],[56.047,17.493],[55.973,17.498],[55.964,17.52],[56.055,17.56]]],[[[58.908,20.605],[58.95,20.509],[58.844,20.437],[58.808,20.38],[58.785,20.28],[58.724,20.215],[58.691,20.208],[58.652,20.17],[58.636,20.277],[58.648,20.369],[58.694,20.407],[58.701,20.431],[58.769,20.452],[58.796,20.538],[58.853,20.613],[58.883,20.683],[58.906,20.698],[58.918,20.681],[58.908,20.605]]]]}},{"type":"Feature","properties":{"name":"Uzbekistan","iso":"UZB"},"geometry":{"type":"MultiPolygon","coordinates":[[[[71.79,39.979],[71.757,39.903],[71.697,39.914],[71.666,39.94],[71.761,39.984],[71.79,39.979]]],[[[71.053,40.274],[70.707,40.2],[70.622,40.2],[70.582,40.222],[70.524,40.344],[70.442,40.343],[70.371,40.365],[70.385,40.4],[70.354,40.456],[70.37,40.476],[70.478,40.505],[70.525,40.557],[70.569,40.57],[70.732,40.675],[70.756,40.695],[70.767,40.738],[70.637,40.771],[70.622,40.786],[70.629,40.816],[70.703,40.789],[70.705,40.807],[70.446,41.026],[70.401,41.04],[70.364,41.032],[70.336,40.927],[70.28,40.878],[70.104,40.813],[70.01,40.758],[69.803,40.706],[69.691,40.63],[69.648,40.647],[69.509,40.775],[69.418,40.804],[69.355,40.78],[69.314,40.729],[69.309,40.596],[69.198,40.567],[69.313,40.343],[69.305,40.294],[69.208,40.298],[69.212,40.269],[69.285,40.219],[69.285,40.195],[69.198,40.183],[69.019,40.232],[68.857,40.213],[68.802,40.191],[68.698,40.195],[68.581,40.164],[68.687,40.11],[68.931,40.147],[68.977,40.121],[68.987,40.092],[68.977,40.065],[68.882,40.071],[68.813,40.039],[68.775,40.08],[68.762,40.061],[68.785,40.034],[68.789,39.994],[68.877,39.901],[68.881,39.878],[68.838,39.865],[68.78,39.969],[68.759,39.981],[68.756,39.954],[68.787,39.882],[68.742,39.82],[68.685,39.868],[68.651,39.845],[68.626,39.85],[68.6,39.643],[68.507,39.568],[68.517,39.548],[68.436,39.529],[68.338,39.528],[67.718,39.623],[67.587,39.563],[67.507,39.553],[67.488,39.538],[67.491,39.49],[67.427,39.477],[67.387,39.294],[67.346,39.281],[67.35,39.22],[67.499,39.166],[67.58,39.164],[67.638,39.132],[67.668,39.132],[67.679,39.106],[67.667,39.028],[67.691,38.99],[67.845,38.974],[67.963,39.002],[68.003,38.982],[68.069,38.996],[68.101,38.979],[68.164,38.887],[68.173,38.845],[68.136,38.805],[68.067,38.788],[68.076,38.727],[68.038,38.692],[68.055,38.536],[68.087,38.494],[68.098,38.432],[68.184,38.335],[68.332,38.243],[68.356,38.213],[68.344,38.115],[68.249,37.949],[68.122,37.908],[68.05,37.76],[67.829,37.528],[67.797,37.424],[67.821,37.303],[67.781,37.189],[67.747,37.229],[67.678,37.234],[67.633,37.254],[67.592,37.247],[67.561,37.22],[67.526,37.273],[67.503,37.282],[67.391,37.22],[67.259,37.185],[67.237,37.192],[67.188,37.258],[67.123,37.282],[67.097,37.341],[67.006,37.384],[66.735,37.363],[66.694,37.343],[66.589,37.368],[66.52,37.364],[66.495,37.379],[66.497,37.398],[66.547,37.451],[66.493,37.522],[66.519,37.625],[66.519,37.783],[66.646,37.946],[66.624,37.994],[66.554,38.027],[66.439,38.035],[66.307,38.08],[66.231,38.149],[66.134,38.175],[66.043,38.226],[65.877,38.273],[65.814,38.266],[65.74,38.224],[65.672,38.22],[65.604,38.237],[65.205,38.45],[64.978,38.612],[64.635,38.744],[64.424,38.883],[64.337,38.971],[64.283,38.98],[64.206,38.949],[64.151,38.949],[63.709,39.191],[63.478,39.403],[62.593,39.89],[62.453,40.009],[62.422,40.115],[62.436,40.194],[62.405,40.245],[62.353,40.43],[62.192,40.499],[62.134,40.578],[62.1,40.66],[62.037,40.736],[61.983,40.886],[61.979,40.999],[61.878,41.125],[61.654,41.249],[61.433,41.3],[61.411,41.292],[61.387,41.236],[61.344,41.194],[61.281,41.157],[61.203,41.169],[61.1,41.224],[61.023,41.217],[61.01,41.237],[60.978,41.203],[60.93,41.24],[60.86,41.253],[60.659,41.244],[60.478,41.212],[60.415,41.235],[60.3,41.31],[60.094,41.39],[60.059,41.434],[60.072,41.514],[60.093,41.545],[60.165,41.585],[60.058,41.719],[60.049,41.753],[60.102,41.795],[60.225,41.765],[60.253,41.78],[60.229,41.82],[60.168,41.85],[60.089,41.919],[59.984,41.949],[59.932,41.948],[59.906,41.967],[59.919,41.99],[59.997,42.011],[59.974,42.099],[59.984,42.146],[60.037,42.17],[60.028,42.2],[59.961,42.223],[59.866,42.304],[59.69,42.31],[59.426,42.287],[59.362,42.326],[59.258,42.348],[59.224,42.461],[59.146,42.527],[59.122,42.538],[59.009,42.518],[58.894,42.548],[58.588,42.791],[58.535,42.655],[58.442,42.648],[58.258,42.69],[58.149,42.649],[58.121,42.624],[58.146,42.593],[58.306,42.529],[58.491,42.298],[58.398,42.288],[58.385,42.388],[58.325,42.432],[58.204,42.47],[58.133,42.455],[58.08,42.497],[58.016,42.5],[57.909,42.43],[57.937,42.354],[57.888,42.262],[57.827,42.227],[57.85,42.191],[57.62,42.148],[57.382,42.164],[57.288,42.129],[57.208,42.071],[57.116,41.952],[56.978,41.895],[56.95,41.866],[56.972,41.749],[56.96,41.647],[57.012,41.558],[57.02,41.466],[57.074,41.395],[57.161,41.368],[57.08,41.322],[57.03,41.263],[57.01,41.254],[56.793,41.288],[55.978,41.322],[55.976,44.994],[57.478,45.337],[58.555,45.557],[61.036,44.383],[61.08,44.335],[61.103,44.236],[61.162,44.168],[61.986,43.493],[62.026,43.481],[63.208,43.627],[64.427,43.547],[64.855,43.713],[64.923,43.719],[65.271,43.417],[65.517,43.297],[65.795,42.877],[66.101,42.99],[66.053,42.441],[66.014,42.403],[66.009,42.003],[66.504,41.993],[66.539,41.741],[66.603,41.494],[66.688,41.199],[66.733,41.158],[66.815,41.142],[67.748,41.184],[67.835,41.157],[67.937,41.2],[68.003,41.116],[68.034,41.043],[68.059,41.055],[68.082,41.043],[68.096,41.065],[68.117,41.067],[68.119,41.034],[68.131,41.03],[68.1,41.014],[68.121,40.994],[68.121,40.965],[68.081,40.873],[67.991,40.811],[68.068,40.788],[68.226,40.679],[68.462,40.585],[68.515,40.619],[68.593,40.599],[68.614,40.609],[68.62,40.622],[68.601,40.63],[68.627,40.667],[68.609,40.716],[68.575,40.724],[68.56,40.751],[68.55,40.835],[68.572,40.87],[68.571,40.914],[68.589,40.907],[68.6,40.93],[68.689,40.965],[68.774,41.087],[68.842,41.11],[68.88,41.156],[68.944,41.165],[69.031,41.209],[69.055,41.315],[69.036,41.374],[69.128,41.395],[69.163,41.434],[69.217,41.46],[69.402,41.475],[69.381,41.519],[69.394,41.545],[69.477,41.573],[69.625,41.668],[69.912,41.713],[69.972,41.765],[70.111,41.826],[70.204,41.936],[70.27,41.966],[70.315,42.035],[70.358,42.062],[70.47,42.092],[70.534,42.025],[70.579,42.016],[70.61,42.027],[70.734,42.197],[70.842,42.193],[71.014,42.288],[71.046,42.291],[71.253,42.198],[71.238,42.16],[71.118,42.123],[70.977,42.044],[70.845,42.03],[70.814,41.92],[70.649,41.887],[70.506,41.786],[70.454,41.712],[70.169,41.578],[70.148,41.552],[70.167,41.52],[70.344,41.494],[70.399,41.465],[70.453,41.405],[70.668,41.471],[70.704,41.445],[70.769,41.352],[70.756,41.27],[70.77,41.239],[70.829,41.249],[70.914,41.193],[71.025,41.19],[71.123,41.158],[71.18,41.108],[71.186,41.18],[71.206,41.189],[71.242,41.175],[71.276,41.113],[71.325,41.157],[71.394,41.113],[71.416,41.127],[71.419,41.347],[71.524,41.297],[71.586,41.324],[71.637,41.431],[71.595,41.494],[71.627,41.543],[71.671,41.547],[71.69,41.494],[71.672,41.425],[71.696,41.447],[71.722,41.425],[71.73,41.451],[71.745,41.453],[71.847,41.342],[71.869,41.279],[71.872,41.194],[71.977,41.195],[72.034,41.157],[72.108,41.196],[72.158,41.188],[72.186,41.061],[72.165,40.999],[72.29,41.024],[72.332,41.073],[72.395,41.022],[72.482,41.009],[72.483,40.971],[72.546,40.957],[72.619,40.88],[72.658,40.867],[72.869,40.864],[72.87,40.818],[73.003,40.87],[73.054,40.836],[73.143,40.834],[73.149,40.814],[73.118,40.783],[72.891,40.695],[72.784,40.67],[72.76,40.642],[72.748,40.575],[72.719,40.565],[72.664,40.578],[72.65,40.532],[72.625,40.511],[72.586,40.509],[72.448,40.56],[72.382,40.612],[72.352,40.602],[72.37,40.558],[72.363,40.512],[72.426,40.459],[72.394,40.389],[72.212,40.426],[72.26,40.442],[72.254,40.458],[72.166,40.454],[72.099,40.426],[72.043,40.349],[71.957,40.316],[71.958,40.287],[72.02,40.259],[72.019,40.24],[71.836,40.249],[71.776,40.18],[71.707,40.144],[71.673,40.148],[71.66,40.224],[71.628,40.259],[71.593,40.198],[71.521,40.204],[71.477,40.221],[71.441,40.261],[71.365,40.294],[71.283,40.298],[71.254,40.324],[71.201,40.264],[71.053,40.274]],[[70.55,41.015],[70.608,40.951],[70.645,40.935],[70.617,40.994],[70.55,41.015]]],[[[71.182,40.043],[71.224,40.058],[71.244,40.047],[71.175,39.994],[71.177,39.968],[71.221,39.932],[71.208,39.889],[71.099,39.876],[71.08,39.903],[71.061,39.904],[71.022,39.881],[71.008,39.911],[71.05,39.963],[71.046,39.992],[70.983,40.021],[70.954,40.096],[70.977,40.145],[71.009,40.158],[71.079,40.079],[71.182,40.043]]]]}},{"type":"Feature","properties":{"name":"Kazakhstan","iso":"KAZ"},"geometry":{"type":"MultiPolygon","coordinates":[[[[87.324,49.085],[87.116,49.13],[86.975,49.092],[86.887,49.107],[86.838,49.094],[86.799,49.042],[86.728,48.99],[86.709,48.954],[86.718,48.913],[86.789,48.839],[86.739,48.784],[86.752,48.715],[86.606,48.59],[86.546,48.517],[86.431,48.486],[86.307,48.483],[86.247,48.437],[86.192,48.418],[86.006,48.43],[85.784,48.408],[85.719,48.359],[85.586,48.141],[85.562,48.031],[85.515,47.92],[85.595,47.624],[85.585,47.493],[85.67,47.384],[85.679,47.275],[85.66,47.207],[85.557,47.179],[85.499,47.052],[85.226,47.042],[85.048,46.921],[84.976,46.902],[84.916,46.851],[84.74,46.815],[84.716,46.835],[84.75,46.882],[84.752,46.918],[84.732,46.948],[84.664,46.984],[84.521,46.97],[84.422,46.993],[84.266,47.0],[84.158,46.993],[84.07,46.964],[83.905,46.974],[83.524,47.067],[83.353,47.145],[83.222,47.172],[83.15,47.212],[83.072,47.219],[83.021,47.206],[82.998,47.11],[83.006,47.081],[82.986,47.013],[82.986,46.943],[82.839,46.732],[82.674,46.331],[82.568,46.197],[82.489,45.902],[82.372,45.734],[82.291,45.533],[82.327,45.493],[82.363,45.481],[82.513,45.466],[82.616,45.435],[82.632,45.416],[82.615,45.249],[82.585,45.177],[82.54,45.124],[82.476,45.116],[82.342,45.205],[82.245,45.232],[81.95,45.144],[81.875,45.181],[81.794,45.196],[81.765,45.308],[81.739,45.338],[81.665,45.348],[81.542,45.293],[80.854,45.126],[80.697,45.144],[80.537,45.101],[80.445,45.104],[80.39,45.046],[80.291,45.046],[80.219,45.026],[80.103,45.032],[79.858,44.904],[79.843,44.873],[79.869,44.849],[79.992,44.794],[80.245,44.816],[80.315,44.78],[80.492,44.728],[80.492,44.702],[80.376,44.671],[80.356,44.653],[80.384,44.603],[80.33,44.453],[80.373,44.231],[80.339,44.121],[80.404,44.049],[80.423,43.972],[80.476,43.91],[80.713,43.459],[80.694,43.395],[80.643,43.326],[80.748,43.275],[80.793,43.149],[80.773,43.113],[80.732,43.101],[80.66,43.133],[80.618,43.134],[80.368,43.028],[80.355,43.001],[80.374,42.975],[80.543,42.917],[80.549,42.878],[80.334,42.817],[80.265,42.824],[80.227,42.791],[80.14,42.623],[80.162,42.552],[80.211,42.491],[80.196,42.435],[80.268,42.238],[80.249,42.205],[80.21,42.19],[80.167,42.209],[80.077,42.306],[79.918,42.424],[79.696,42.46],[79.572,42.45],[79.426,42.47],[79.353,42.577],[79.206,42.656],[79.176,42.714],[79.181,42.776],[79.148,42.791],[78.993,42.757],[78.687,42.805],[78.594,42.85],[78.43,42.881],[78.311,42.851],[78.23,42.865],[78.031,42.855],[77.884,42.893],[77.81,42.871],[77.781,42.896],[77.714,42.908],[77.648,42.91],[77.558,42.888],[77.502,42.915],[77.419,42.922],[77.328,42.898],[77.179,42.913],[77.124,42.959],[76.957,42.989],[76.833,42.972],[76.708,42.914],[76.585,42.895],[76.481,42.917],[76.414,42.885],[76.383,42.91],[76.34,42.902],[76.254,42.921],[76.065,42.934],[75.999,42.918],[75.797,42.936],[75.771,42.926],[75.738,42.862],[75.704,42.83],[75.62,42.805],[75.556,42.825],[75.179,42.85],[74.863,42.976],[74.714,43.0],[74.611,43.058],[74.558,43.115],[74.401,43.16],[74.179,43.262],[74.214,43.203],[74.04,43.182],[73.965,43.217],[73.935,43.2],[73.902,43.131],[73.806,43.115],[73.571,43.032],[73.493,42.895],[73.504,42.794],[73.413,42.627],[73.418,42.556],[73.505,42.403],[73.326,42.429],[73.317,42.494],[73.278,42.513],[73.189,42.521],[73.115,42.551],[72.875,42.544],[72.815,42.573],[72.781,42.62],[72.726,42.653],[72.477,42.683],[72.292,42.761],[72.164,42.765],[72.105,42.75],[71.848,42.834],[71.694,42.812],[71.584,42.76],[71.504,42.79],[71.405,42.795],[71.33,42.737],[71.245,42.747],[71.211,42.705],[71.149,42.678],[71.143,42.603],[71.003,42.564],[71.013,42.526],[71.058,42.493],[71.064,42.47],[71.041,42.455],[70.977,42.479],[70.962,42.468],[70.93,42.412],[70.933,42.376],[70.853,42.306],[70.898,42.262],[70.948,42.248],[70.842,42.193],[70.734,42.197],[70.61,42.027],[70.579,42.016],[70.534,42.025],[70.504,42.068],[70.455,42.094],[70.358,42.062],[70.315,42.035],[70.27,41.966],[70.204,41.936],[70.111,41.826],[69.972,41.765],[69.912,41.713],[69.625,41.668],[69.477,41.573],[69.394,41.545],[69.381,41.519],[69.402,41.475],[69.217,41.46],[69.163,41.434],[69.128,41.395],[69.036,41.374],[69.055,41.315],[69.031,41.209],[68.944,41.165],[68.88,41.156],[68.842,41.11],[68.774,41.087],[68.689,40.965],[68.6,40.93],[68.589,40.907],[68.571,40.914],[68.572,40.87],[68.55,40.835],[68.56,40.751],[68.575,40.724],[68.609,40.716],[68.627,40.667],[68.601,40.63],[68.62,40.622],[68.614,40.609],[68.593,40.599],[68.515,40.619],[68.462,40.585],[68.226,40.679],[68.068,40.788],[67.991,40.811],[68.081,40.873],[68.121,40.965],[68.121,40.994],[68.1,41.014],[68.131,41.03],[68.119,41.034],[68.117,41.067],[68.096,41.065],[68.082,41.043],[68.059,41.055],[68.034,41.043],[68.003,41.116],[67.937,41.2],[67.835,41.157],[67.748,41.184],[66.815,41.142],[66.733,41.158],[66.688,41.199],[66.603,41.494],[66.539,41.741],[66.504,41.993],[66.009,42.003],[66.014,42.403],[66.053,42.441],[66.101,42.99],[65.795,42.877],[65.517,43.297],[65.271,43.417],[64.923,43.719],[64.855,43.713],[64.427,43.547],[63.208,43.627],[62.026,43.481],[61.986,43.493],[61.162,44.168],[61.103,44.236],[61.08,44.335],[61.036,44.383],[58.555,45.557],[57.478,45.337],[55.976,44.995],[55.978,41.322],[55.877,41.325],[55.787,41.292],[55.635,41.264],[55.509,41.259],[55.45,41.279],[55.413,41.308],[55.373,41.376],[55.228,41.473],[55.1,41.644],[54.951,41.796],[54.935,41.834],[54.941,41.89],[54.907,41.932],[54.738,42.048],[54.195,42.318],[54.123,42.338],[54.047,42.345],[53.412,42.258],[52.979,42.127],[52.765,41.994],[52.438,41.749],[52.491,41.902],[52.474,41.963],[52.434,42.0],[52.437,42.058],[52.402,42.093],[52.436,42.18],[52.485,42.202],[52.594,42.335],[52.601,42.389],[52.643,42.428],[52.676,42.538],[52.663,42.613],[52.618,42.678],[52.576,42.699],[52.564,42.742],[52.574,42.75],[52.6,42.698],[52.663,42.668],[52.71,42.585],[52.741,42.638],[52.736,42.701],[52.713,42.731],[52.629,42.75],[52.625,42.775],[52.471,42.826],[52.357,42.832],[52.321,42.819],[52.3,42.791],[52.273,42.799],[52.169,42.887],[52.058,42.878],[51.933,42.835],[51.912,42.842],[51.803,42.959],[51.772,43.031],[51.711,43.091],[51.676,43.1],[51.679,43.16],[51.651,43.191],[51.54,43.175],[51.509,43.154],[51.46,43.169],[51.276,43.154],[51.266,43.188],[51.313,43.311],[51.315,43.462],[51.279,43.518],[51.273,43.559],[51.218,43.593],[51.207,43.624],[51.156,43.625],[51.115,43.661],[51.023,43.801],[50.991,43.867],[50.991,43.908],[50.902,44.011],[50.861,44.025],[50.847,44.189],[50.781,44.236],[50.696,44.264],[50.345,44.311],[50.278,44.336],[50.23,44.391],[50.238,44.484],[50.225,44.568],[50.238,44.586],[50.254,44.558],[50.268,44.571],[50.311,44.662],[50.498,44.626],[50.617,44.64],[50.627,44.624],[50.73,44.621],[50.757,44.605],[50.784,44.633],[50.873,44.629],[50.96,44.57],[51.005,44.566],[51.009,44.551],[50.991,44.545],[51.007,44.529],[51.143,44.485],[51.225,44.5],[51.292,44.552],[51.366,44.56],[51.382,44.56],[51.374,44.528],[51.471,44.532],[51.56,44.511],[51.574,44.524],[51.554,44.55],[51.439,44.61],[51.319,44.596],[51.292,44.614],[51.234,44.719],[51.096,44.797],[51.05,44.803],[50.962,44.864],[50.966,44.907],[50.994,44.936],[50.954,44.952],[50.959,44.979],[51.065,44.997],[51.107,45.032],[51.197,45.066],[51.273,45.025],[51.275,45.057],[51.243,45.101],[51.258,45.135],[51.244,45.162],[51.309,45.257],[51.397,45.333],[51.416,45.39],[51.457,45.347],[51.544,45.335],[51.7,45.392],[51.758,45.457],[51.792,45.405],[51.878,45.395],[51.94,45.367],[52.009,45.395],[52.094,45.382],[52.519,45.409],[52.91,45.313],[53.002,45.32],[53.108,45.3],[53.261,45.343],[53.266,45.361],[53.248,45.37],[53.143,45.384],[53.112,45.406],[53.036,45.419],[52.755,45.517],[52.732,45.554],[52.746,45.639],[52.792,45.663],[52.859,45.765],[52.92,45.796],[53.04,45.936],[53.082,46.005],[53.082,46.061],[53.118,46.114],[53.157,46.272],[53.157,46.342],[53.128,46.394],[53.033,46.471],[53.102,46.444],[53.075,46.476],[53.082,46.512],[53.018,46.479],[52.998,46.485],[52.997,46.505],[53.04,46.574],[53.054,46.546],[53.088,46.553],[53.108,46.622],[53.118,46.602],[53.142,46.635],[53.201,46.643],[53.208,46.695],[53.188,46.718],[53.106,46.737],[53.084,46.853],[53.06,46.892],[52.992,46.895],[52.92,46.957],[52.783,46.944],[52.615,46.95],[52.537,46.989],[52.456,47.001],[52.427,46.99],[52.419,46.944],[52.357,46.894],[52.262,46.87],[52.189,46.884],[52.183,46.862],[52.224,46.848],[52.245,46.81],[52.113,46.813],[52.0,46.891],[52.019,46.937],[51.999,46.941],[51.961,46.886],[51.941,46.88],[51.854,46.895],[51.896,46.931],[51.806,46.909],[51.744,46.927],[51.676,46.979],[51.696,47.021],[51.68,47.057],[51.636,47.049],[51.611,46.989],[51.592,46.987],[51.527,47.053],[51.213,47.121],[51.103,47.08],[50.971,47.06],[50.905,47.019],[50.847,47.037],[50.838,47.01],[50.741,46.906],[50.73,46.923],[50.752,46.975],[50.678,46.933],[50.616,46.936],[50.607,46.868],[50.569,46.829],[50.552,46.835],[50.578,46.878],[50.503,46.864],[50.43,46.897],[50.384,46.818],[50.367,46.807],[50.374,46.854],[50.34,46.813],[50.299,46.802],[50.231,46.726],[50.213,46.728],[50.223,46.761],[50.213,46.766],[50.169,46.749],[50.034,46.635],[49.963,46.629],[49.882,46.576],[49.84,46.581],[49.817,46.54],[49.771,46.567],[49.757,46.532],[49.703,46.56],[49.703,46.519],[49.623,46.583],[49.627,46.519],[49.608,46.527],[49.579,46.499],[49.558,46.534],[49.481,46.561],[49.469,46.594],[49.472,46.547],[49.504,46.499],[49.493,46.5],[49.457,46.51],[49.462,46.533],[49.429,46.555],[49.421,46.54],[49.389,46.544],[49.305,46.588],[49.313,46.562],[49.379,46.51],[49.394,46.478],[49.333,46.485],[49.298,46.524],[49.278,46.519],[49.295,46.508],[49.304,46.466],[49.367,46.43],[49.371,46.399],[49.367,46.389],[49.326,46.41],[49.266,46.464],[49.223,46.471],[49.292,46.396],[49.168,46.409],[49.216,46.38],[49.227,46.328],[49.033,46.405],[48.897,46.482],[48.82,46.479],[48.705,46.55],[48.539,46.568],[48.563,46.591],[48.53,46.638],[48.455,46.661],[48.506,46.733],[48.557,46.762],[48.618,46.77],[48.677,46.758],[48.74,46.691],[48.764,46.683],[48.917,46.703],[49.006,46.769],[48.697,47.101],[48.525,47.41],[48.411,47.446],[48.174,47.713],[48.044,47.77],[47.65,47.766],[47.412,47.836],[47.389,47.812],[47.383,47.705],[47.36,47.683],[47.124,47.808],[47.125,47.832],[47.159,47.872],[47.044,47.986],[47.137,48.027],[47.192,48.072],[47.104,48.101],[47.116,48.154],[47.075,48.205],[47.112,48.242],[47.099,48.265],[46.478,48.411],[46.754,48.914],[46.93,49.004],[47.021,49.097],[47.04,49.15],[47.029,49.201],[46.979,49.244],[46.775,49.333],[46.9,49.82],[46.923,49.861],[46.959,49.884],[47.177,49.947],[47.255,50.0],[48.122,50.0],[48.149,49.955],[48.2,49.925],[48.239,49.865],[48.303,49.867],[48.43,49.81],[48.479,49.843],[48.785,49.933],[48.869,50.0],[85.015,50.0],[84.955,49.99],[84.955,49.907],[85.056,49.873],[85.082,49.8],[85.185,49.705],[85.195,49.626],[85.224,49.596],[85.263,49.582],[85.384,49.616],[85.476,49.583],[85.615,49.617],[85.673,49.56],[85.747,49.573],[85.809,49.537],[85.881,49.563],[85.941,49.56],[85.931,49.493],[85.963,49.479],[86.07,49.526],[86.112,49.52],[86.177,49.463],[86.272,49.584],[86.475,49.671],[86.473,49.708],[86.565,49.743],[86.61,49.796],[86.685,49.778],[86.748,49.783],[86.76,49.768],[86.741,49.723],[86.776,49.695],[86.647,49.654],[86.596,49.602],[86.599,49.574],[86.643,49.547],[86.733,49.551],[86.824,49.509],[86.814,49.45],[86.829,49.433],[86.933,49.39],[86.905,49.352],[86.913,49.339],[87.013,49.281],[87.037,49.243],[87.19,49.238],[87.272,49.205],[87.324,49.085]]],[[[50.264,44.964],[50.277,45.072],[50.348,45.085],[50.326,45.033],[50.333,44.995],[50.304,44.959],[50.264,44.964]]],[[[50.143,44.818],[50.064,44.844],[50.042,44.895],[49.986,44.947],[50.042,45.058],[50.068,45.071],[50.113,45.08],[50.112,45.062],[50.054,45.039],[50.021,44.976],[50.021,44.944],[50.043,44.924],[50.058,44.929],[50.073,44.862],[50.141,44.84],[50.189,44.861],[50.143,44.818]]],[[[50.758,44.871],[50.698,44.858],[50.687,44.912],[50.641,44.933],[50.628,44.967],[50.678,44.936],[50.714,44.954],[50.758,44.871]]],[[[52.699,45.441],[52.702,45.405],[52.677,45.397],[52.589,45.433],[52.552,45.478],[52.6,45.527],[52.655,45.521],[52.699,45.441]]],[[[49.838,46.286],[49.822,46.218],[49.805,46.211],[49.767,46.248],[49.72,46.357],[49.792,46.339],[49.838,46.286]]]]}},{"type":"Feature","properties":{"name":"Tajikistan","iso":"TJK"},"geometry":{"type":"MultiPolygon","coordinates":[[[[70.593,41.009],[70.63,40.976],[70.645,40.935],[70.608,40.951],[70.55,41.015],[70.593,41.009]]],[[[70.98,40.214],[70.929,40.171],[70.792,40.161],[70.73,40.121],[70.666,40.104],[70.639,40.085],[70.614,39.976],[70.577,39.952],[70.501,39.941],[70.477,39.901],[70.456,39.907],[70.451,39.937],[70.473,39.97],[70.521,39.994],[70.536,40.016],[70.525,40.034],[70.324,40.078],[70.242,40.133],[70.147,40.137],[70.005,40.209],[69.97,40.212],[69.575,40.104],[69.543,40.103],[69.518,40.125],[69.463,40.025],[69.502,39.922],[69.405,39.896],[69.357,39.959],[69.314,39.987],[69.241,39.829],[69.226,39.751],[69.288,39.678],[69.286,39.54],[69.3,39.516],[69.362,39.553],[69.412,39.525],[69.477,39.53],[69.582,39.574],[69.669,39.578],[69.83,39.536],[69.908,39.548],[69.979,39.534],[70.04,39.574],[70.149,39.554],[70.201,39.619],[70.215,39.591],[70.206,39.524],[70.223,39.519],[70.33,39.573],[70.384,39.571],[70.477,39.601],[70.526,39.576],[70.598,39.578],[70.622,39.564],[70.656,39.494],[70.7,39.472],[70.698,39.419],[70.713,39.398],[70.77,39.382],[70.903,39.421],[70.977,39.395],[71.009,39.408],[71.063,39.496],[71.096,39.512],[71.249,39.514],[71.369,39.591],[71.46,39.612],[71.511,39.584],[71.531,39.553],[71.492,39.494],[71.513,39.459],[71.554,39.444],[71.705,39.459],[71.74,39.448],[71.748,39.38],[71.711,39.321],[71.751,39.274],[71.807,39.273],[71.959,39.346],[72.05,39.369],[72.078,39.337],[72.095,39.275],[72.203,39.241],[72.229,39.189],[72.316,39.329],[72.393,39.351],[72.477,39.346],[72.519,39.376],[72.576,39.359],[72.634,39.394],[72.835,39.356],[72.894,39.364],[73.009,39.349],[73.071,39.371],[73.168,39.355],[73.326,39.391],[73.343,39.431],[73.368,39.444],[73.512,39.467],[73.604,39.46],[73.633,39.448],[73.644,39.351],[73.602,39.236],[73.608,39.207],[73.674,39.143],[73.709,39.065],[73.826,38.977],[73.81,38.933],[73.717,38.919],[73.681,38.873],[73.736,38.8],[73.736,38.722],[73.816,38.587],[73.933,38.53],[74.029,38.527],[74.059,38.547],[74.037,38.598],[74.084,38.614],[74.123,38.669],[74.221,38.65],[74.334,38.667],[74.646,38.561],[74.696,38.524],[74.76,38.52],[74.833,38.464],[74.838,38.379],[74.784,38.326],[74.771,38.292],[74.791,38.081],[74.81,38.053],[74.88,38.022],[74.893,37.994],[74.891,37.898],[74.914,37.881],[74.886,37.831],[74.949,37.795],[74.965,37.767],[74.886,37.653],[74.892,37.599],[74.945,37.549],[75.053,37.494],[75.164,37.401],[75.092,37.378],[75.068,37.312],[74.952,37.281],[74.892,37.231],[74.863,37.245],[74.789,37.331],[74.66,37.394],[74.521,37.376],[74.378,37.394],[74.316,37.427],[74.304,37.4],[74.224,37.403],[74.188,37.338],[73.836,37.257],[73.798,37.229],[73.709,37.217],[73.68,37.242],[73.618,37.233],[73.597,37.262],[73.631,37.296],[73.69,37.305],[73.739,37.338],[73.753,37.428],[73.674,37.431],[73.485,37.481],[73.441,37.48],[73.378,37.453],[73.296,37.465],[73.211,37.408],[73.17,37.408],[73.132,37.384],[73.068,37.315],[72.996,37.309],[72.902,37.254],[72.791,37.22],[72.658,37.029],[72.475,36.997],[72.406,37.008],[72.26,36.967],[71.837,36.699],[71.749,36.679],[71.653,36.687],[71.611,36.705],[71.553,36.77],[71.528,36.856],[71.463,36.948],[71.46,37.011],[71.431,37.067],[71.45,37.217],[71.487,37.267],[71.494,37.308],[71.487,37.409],[71.511,37.486],[71.497,37.567],[71.543,37.72],[71.53,37.761],[71.59,37.816],[71.598,37.898],[71.537,37.944],[71.501,37.946],[71.341,37.893],[71.258,37.926],[71.273,37.998],[71.359,38.184],[71.358,38.251],[71.334,38.281],[71.218,38.326],[71.117,38.399],[71.05,38.409],[70.998,38.466],[70.951,38.473],[70.936,38.433],[70.871,38.453],[70.843,38.44],[70.777,38.446],[70.742,38.419],[70.665,38.405],[70.685,38.387],[70.641,38.354],[70.6,38.347],[70.583,38.275],[70.547,38.263],[70.47,38.121],[70.254,37.973],[70.262,37.939],[70.215,37.929],[70.172,37.946],[70.165,37.89],[70.196,37.84],[70.247,37.819],[70.275,37.774],[70.283,37.705],[70.248,37.623],[70.216,37.617],[70.158,37.541],[70.129,37.532],[70.008,37.549],[69.955,37.575],[69.919,37.617],[69.802,37.582],[69.754,37.597],[69.665,37.576],[69.509,37.579],[69.491,37.537],[69.425,37.494],[69.378,37.437],[69.377,37.381],[69.418,37.268],[69.41,37.246],[69.445,37.236],[69.442,37.224],[69.408,37.177],[69.324,37.121],[69.246,37.104],[69.124,37.169],[68.985,37.32],[68.888,37.338],[68.918,37.302],[68.916,37.279],[68.89,37.282],[68.857,37.325],[68.836,37.329],[68.81,37.312],[68.82,37.251],[68.76,37.275],[68.669,37.278],[68.658,37.268],[68.671,37.247],[68.649,37.244],[68.627,37.206],[68.551,37.193],[68.524,37.165],[68.404,37.152],[68.418,37.128],[68.392,37.105],[68.307,37.114],[68.288,37.103],[68.278,37.01],[68.186,37.018],[68.033,36.925],[67.918,37.014],[67.878,37.064],[67.785,37.097],[67.772,37.125],[67.781,37.189],[67.821,37.303],[67.801,37.466],[67.829,37.528],[68.05,37.76],[68.122,37.908],[68.249,37.949],[68.344,38.115],[68.356,38.213],[68.332,38.243],[68.184,38.335],[68.098,38.432],[68.087,38.494],[68.055,38.536],[68.038,38.692],[68.076,38.727],[68.067,38.788],[68.136,38.805],[68.173,38.845],[68.164,38.887],[68.101,38.979],[68.069,38.996],[68.003,38.982],[67.963,39.002],[67.845,38.974],[67.691,38.99],[67.667,39.028],[67.679,39.106],[67.668,39.132],[67.638,39.132],[67.58,39.164],[67.499,39.166],[67.35,39.22],[67.346,39.281],[67.387,39.294],[67.427,39.477],[67.491,39.49],[67.488,39.538],[67.587,39.563],[67.718,39.623],[68.338,39.528],[68.436,39.529],[68.517,39.548],[68.507,39.568],[68.6,39.643],[68.626,39.85],[68.651,39.845],[68.685,39.868],[68.742,39.82],[68.787,39.882],[68.756,39.954],[68.759,39.981],[68.78,39.969],[68.838,39.865],[68.881,39.878],[68.877,39.901],[68.789,39.994],[68.785,40.034],[68.762,40.061],[68.775,40.08],[68.813,40.039],[68.882,40.071],[68.977,40.065],[68.987,40.092],[68.977,40.121],[68.931,40.147],[68.687,40.11],[68.581,40.164],[68.698,40.195],[68.802,40.191],[68.857,40.213],[69.019,40.232],[69.198,40.183],[69.285,40.195],[69.285,40.219],[69.212,40.269],[69.208,40.298],[69.305,40.294],[69.313,40.343],[69.198,40.567],[69.309,40.596],[69.314,40.729],[69.355,40.78],[69.418,40.804],[69.509,40.775],[69.66,40.639],[69.718,40.636],[69.803,40.706],[70.01,40.758],[70.104,40.813],[70.28,40.878],[70.336,40.927],[70.364,41.032],[70.401,41.04],[70.446,41.026],[70.705,40.807],[70.703,40.789],[70.629,40.816],[70.622,40.786],[70.637,40.771],[70.767,40.738],[70.756,40.695],[70.732,40.675],[70.569,40.57],[70.525,40.557],[70.478,40.505],[70.37,40.476],[70.354,40.456],[70.385,40.4],[70.371,40.365],[70.442,40.343],[70.524,40.344],[70.582,40.222],[70.622,40.2],[70.707,40.2],[70.938,40.24],[70.98,40.214]]],[[[70.62,39.851],[70.699,39.858],[70.705,39.822],[70.582,39.767],[70.49,39.85],[70.484,39.882],[70.62,39.851]]]]}},{"type":"Feature","properties":{"name":"Mongolia","iso":"MNG"},"geometry":{"type":"Polygon","coordinates":[[[116.684,49.823],[116.038,48.87],[116.048,48.8],[116.028,48.767],[115.791,48.514],[115.809,48.274],[115.8,48.242],[115.514,48.132],[115.562,47.933],[115.6,47.887],[115.853,47.706],[115.915,47.684],[115.973,47.709],[116.084,47.807],[116.244,47.863],[116.5,47.836],[116.822,47.876],[117.07,47.81],[117.317,47.654],[117.361,47.651],[117.436,47.73],[117.527,47.786],[117.767,47.993],[117.815,48.005],[117.973,47.998],[118.182,48.028],[118.28,47.998],[118.473,47.989],[118.542,47.966],[118.767,47.756],[119.083,47.662],[119.134,47.528],[119.31,47.476],[119.318,47.462],[119.282,47.415],[119.321,47.407],[119.476,47.309],[119.525,47.251],[119.587,47.238],[119.7,47.16],[119.754,47.094],[119.77,46.993],[119.852,46.911],[119.896,46.899],[119.881,46.873],[119.903,46.842],[119.883,46.753],[119.904,46.709],[119.854,46.66],[119.782,46.656],[119.74,46.613],[119.68,46.592],[119.623,46.616],[119.501,46.628],[119.317,46.612],[119.062,46.661],[119.014,46.683],[118.967,46.74],[118.907,46.709],[118.847,46.765],[118.816,46.758],[118.754,46.691],[118.72,46.677],[118.609,46.706],[118.552,46.686],[118.473,46.686],[118.336,46.722],[118.269,46.723],[118.169,46.678],[118.084,46.668],[118.006,46.627],[117.901,46.608],[117.798,46.52],[117.673,46.516],[117.625,46.536],[117.568,46.604],[117.51,46.578],[117.394,46.571],[117.413,46.525],[117.369,46.476],[117.337,46.357],[116.958,46.366],[116.815,46.387],[116.722,46.329],[116.568,46.291],[116.525,46.227],[116.357,46.106],[116.213,45.908],[116.207,45.881],[116.252,45.803],[116.17,45.709],[116.095,45.677],[116.002,45.676],[115.667,45.454],[115.337,45.395],[115.126,45.394],[114.939,45.374],[114.703,45.427],[114.534,45.386],[114.502,45.303],[114.419,45.201],[114.149,45.03],[114.089,44.962],[114.017,44.927],[113.889,44.908],[113.672,44.768],[113.605,44.74],[113.532,44.745],[113.473,44.771],[113.105,44.794],[112.748,44.865],[112.586,44.924],[112.524,44.993],[112.413,45.066],[112.108,45.067],[111.958,45.085],[111.927,45.061],[111.843,45.04],[111.739,44.966],[111.551,44.693],[111.538,44.583],[111.424,44.448],[111.397,44.387],[111.411,44.326],[111.491,44.283],[111.504,44.226],[111.544,44.157],[111.634,44.066],[111.839,43.939],[111.944,43.786],[111.933,43.697],[111.846,43.667],[111.754,43.663],[111.568,43.503],[111.401,43.476],[111.339,43.438],[110.973,43.316],[110.68,43.058],[110.608,42.945],[110.449,42.837],[110.407,42.769],[110.14,42.683],[110.06,42.638],[109.913,42.629],[109.667,42.549],[109.485,42.449],[109.253,42.426],[108.961,42.448],[108.797,42.398],[108.536,42.435],[108.32,42.433],[108.177,42.454],[106.768,42.287],[105.869,41.993],[105.358,41.786],[105.201,41.743],[105.015,41.596],[104.974,41.586],[104.892,41.645],[104.505,41.657],[104.501,41.871],[103.691,41.759],[103.073,42.005],[102.034,42.185],[101.974,42.208],[101.886,42.278],[101.735,42.461],[101.638,42.515],[101.525,42.537],[101.411,42.545],[101.219,42.53],[100.017,42.677],[99.474,42.564],[97.193,42.787],[96.358,42.724],[96.319,42.91],[95.874,43.247],[95.833,43.409],[95.692,43.631],[95.589,43.869],[95.535,43.958],[95.51,43.979],[95.319,44.017],[95.323,44.158],[95.398,44.281],[95.037,44.255],[94.698,44.343],[94.588,44.436],[94.43,44.504],[94.338,44.512],[94.277,44.59],[94.182,44.661],[94.059,44.651],[93.927,44.673],[93.714,44.875],[93.525,44.951],[93.421,44.955],[93.341,44.985],[93.244,44.982],[93.166,45.008],[92.945,45.006],[92.848,45.039],[92.475,44.997],[92.285,45.02],[92.219,45.01],[92.043,45.075],[91.663,45.06],[91.534,45.071],[91.438,45.146],[91.367,45.114],[91.249,45.13],[91.184,45.154],[91.135,45.198],[91.057,45.218],[90.975,45.215],[90.873,45.186],[90.858,45.215],[90.867,45.254],[90.797,45.293],[90.753,45.421],[90.651,45.493],[90.711,45.752],[90.919,45.95],[90.986,45.993],[91.002,46.022],[90.996,46.114],[90.949,46.168],[90.896,46.302],[90.936,46.344],[91.047,46.566],[90.996,46.595],[91.016,46.703],[91.005,46.74],[90.925,46.813],[90.936,46.864],[90.885,46.945],[90.828,46.982],[90.742,46.992],[90.712,47.015],[90.469,47.309],[90.487,47.378],[90.448,47.404],[90.441,47.493],[90.382,47.538],[90.327,47.623],[90.345,47.659],[90.163,47.71],[90.083,47.756],[90.052,47.811],[90.064,47.851],[90.045,47.88],[89.947,47.883],[89.934,47.844],[89.889,47.824],[89.751,47.824],[89.723,47.878],[89.655,47.9],[89.627,47.944],[89.583,47.962],[89.572,48.02],[89.542,48.031],[89.425,48.022],[89.354,48.039],[89.244,47.98],[89.075,47.984],[89.046,47.993],[88.917,48.106],[88.805,48.106],[88.709,48.166],[88.636,48.176],[88.581,48.212],[88.559,48.288],[88.573,48.325],[88.503,48.393],[88.417,48.394],[88.305,48.469],[88.236,48.493],[88.166,48.494],[88.063,48.543],[87.983,48.552],[87.952,48.575],[87.943,48.599],[88.055,48.673],[88.059,48.708],[87.975,48.756],[87.908,48.759],[87.821,48.788],[87.796,48.84],[87.738,48.869],[87.736,48.887],[87.757,48.92],[87.873,48.968],[87.872,49.004],[87.822,49.029],[87.836,49.101],[87.816,49.166],[87.957,49.169],[88.144,49.271],[88.148,49.297],[88.116,49.357],[88.175,49.444],[88.379,49.476],[88.539,49.467],[88.616,49.493],[88.696,49.447],[88.871,49.436],[88.855,49.474],[88.859,49.527],[88.889,49.542],[88.975,49.456],[89.161,49.503],[89.216,49.545],[89.178,49.598],[89.187,49.622],[89.216,49.634],[89.339,49.581],[89.372,49.582],[89.442,49.644],[89.702,49.72],[89.713,49.735],[89.702,49.753],[89.626,49.788],[89.644,49.819],[89.615,49.842],[89.624,49.903],[89.721,49.94],[89.92,49.951],[89.969,49.967],[89.997,50.0],[94.999,50.0],[95.028,49.963],[95.076,49.946],[95.355,49.948],[95.501,49.887],[95.584,49.937],[95.721,49.959],[95.77,50.0],[95.884,50.0],[95.923,49.945],[95.946,49.939],[96.056,49.999],[96.236,49.949],[96.346,49.889],[96.503,49.922],[96.585,49.858],[96.702,49.914],[96.969,49.887],[97.057,49.813],[97.12,49.794],[97.153,49.75],[97.302,49.726],[97.391,49.749],[97.543,49.823],[97.574,49.848],[97.581,49.878],[97.567,49.917],[97.756,49.961],[97.83,49.923],[97.906,49.973],[97.983,50.0],[107.322,50.0],[107.364,49.976],[107.729,49.972],[107.808,49.944],[107.947,49.933],[107.953,49.897],[107.93,49.851],[107.956,49.746],[107.927,49.67],[108.016,49.656],[108.005,49.618],[108.016,49.602],[108.106,49.554],[108.236,49.532],[108.335,49.436],[108.538,49.327],[108.93,49.349],[109.033,49.328],[109.161,49.347],[109.287,49.339],[109.411,49.303],[109.451,49.306],[109.474,49.269],[109.516,49.256],[109.729,49.266],[109.818,49.228],[110.181,49.162],[110.268,49.177],[110.371,49.242],[110.451,49.195],[110.604,49.145],[110.688,49.135],[110.841,49.162],[111.139,49.292],[111.274,49.323],[111.338,49.365],[111.479,49.343],[111.661,49.396],[112.03,49.412],[112.473,49.534],[112.584,49.526],[112.701,49.491],[112.777,49.501],[112.947,49.576],[113.061,49.596],[113.087,49.687],[113.183,49.802],[113.542,50.0],[115.171,50.0],[115.369,49.895],[115.578,49.894],[115.683,49.878],[115.751,49.885],[116.054,49.998],[116.273,50.0],[116.575,49.922],[116.684,49.823]]]}},{"type":"Feature","properties":{"name":"Russia","iso":"RUS"},"geometry":{"type":"MultiPolygon","coordinates":[[[[87.716,49.159],[87.5,49.119],[87.482,49.092],[87.438,49.075],[87.362,49.075],[87.324,49.085],[87.272,49.205],[87.19,49.238],[87.025,49.249],[87.013,49.281],[86.913,49.339],[86.905,49.352],[86.933,49.39],[86.814,49.45],[86.824,49.509],[86.733,49.551],[86.643,49.547],[86.592,49.587],[86.647,49.654],[86.776,49.695],[86.741,49.723],[86.76,49.768],[86.748,49.783],[86.685,49.778],[86.61,49.796],[86.565,49.743],[86.473,49.708],[86.475,49.671],[86.272,49.584],[86.177,49.463],[86.112,49.52],[86.07,49.526],[85.963,49.479],[85.931,49.493],[85.941,49.56],[85.881,49.563],[85.809,49.537],[85.747,49.573],[85.673,49.56],[85.615,49.617],[85.476,49.583],[85.384,49.616],[85.263,49.582],[85.224,49.596],[85.195,49.626],[85.185,49.705],[85.082,49.8],[85.056,49.873],[84.955,49.907],[84.955,49.99],[89.997,50.0],[89.969,49.967],[89.92,49.951],[89.721,49.94],[89.624,49.903],[89.615,49.842],[89.644,49.819],[89.626,49.788],[89.702,49.753],[89.713,49.735],[89.702,49.72],[89.442,49.644],[89.372,49.582],[89.339,49.581],[89.216,49.634],[89.187,49.622],[89.178,49.598],[89.216,49.545],[89.161,49.503],[88.975,49.456],[88.889,49.542],[88.859,49.527],[88.855,49.474],[88.871,49.436],[88.696,49.447],[88.616,49.493],[88.539,49.467],[88.379,49.476],[88.2,49.454],[88.162,49.43],[88.116,49.357],[88.148,49.297],[88.144,49.271],[88.109,49.247],[87.957,49.169],[87.716,49.159]]],[[[48.862,49.993],[48.785,49.933],[48.479,49.843],[48.43,49.81],[48.303,49.867],[48.239,49.865],[48.2,49.925],[48.149,49.955],[48.122,50.0],[48.862,49.993]]],[[[47.255,50.0],[47.177,49.947],[46.959,49.884],[46.923,49.861],[46.9,49.82],[46.775,49.333],[46.979,49.244],[47.029,49.201],[47.04,49.15],[47.021,49.097],[46.93,49.004],[46.754,48.914],[46.478,48.411],[47.099,48.265],[47.112,48.242],[47.075,48.205],[47.116,48.154],[47.104,48.101],[47.192,48.072],[47.137,48.027],[47.044,47.986],[47.159,47.872],[47.125,47.832],[47.124,47.808],[47.36,47.683],[47.383,47.705],[47.389,47.812],[47.412,47.836],[47.65,47.766],[48.044,47.77],[48.174,47.713],[48.411,47.446],[48.525,47.41],[48.697,47.101],[49.006,46.769],[48.917,46.703],[48.764,46.683],[48.74,46.691],[48.677,46.758],[48.618,46.77],[48.557,46.762],[48.506,46.733],[48.455,46.661],[48.53,46.638],[48.563,46.591],[48.539,46.568],[48.705,46.55],[48.82,46.479],[48.918,46.474],[49.033,46.405],[49.227,46.328],[49.306,46.263],[49.282,46.25],[49.16,46.292],[49.142,46.31],[49.168,46.328],[49.15,46.336],[49.076,46.286],[49.059,46.252],[49.105,46.241],[49.115,46.151],[49.069,46.192],[49.042,46.196],[48.935,46.142],[48.955,46.108],[48.932,46.085],[48.899,46.148],[48.88,46.156],[48.887,46.108],[48.839,46.149],[48.874,46.078],[48.86,46.074],[48.819,46.125],[48.791,46.128],[48.828,46.088],[48.818,46.056],[48.782,46.097],[48.714,46.13],[48.702,46.115],[48.679,46.12],[48.664,46.09],[48.627,46.087],[48.688,46.067],[48.729,46.02],[48.647,45.971],[48.655,45.957],[48.699,45.973],[48.752,45.966],[48.742,45.914],[48.791,45.841],[48.765,45.852],[48.721,45.838],[48.716,45.814],[48.687,45.849],[48.71,45.882],[48.63,45.91],[48.594,45.958],[48.555,45.967],[48.51,45.941],[48.466,45.94],[48.394,45.868],[48.357,45.869],[48.407,45.852],[48.399,45.835],[48.289,45.837],[48.277,45.786],[48.221,45.765],[48.243,45.71],[48.18,45.74],[48.148,45.743],[48.134,45.724],[48.079,45.752],[48.007,45.701],[47.969,45.732],[47.897,45.694],[47.859,45.724],[47.835,45.66],[47.852,45.642],[47.818,45.608],[47.752,45.691],[47.665,45.708],[47.619,45.759],[47.56,45.772],[47.555,45.744],[47.592,45.745],[47.626,45.709],[47.609,45.639],[47.661,45.622],[47.646,45.592],[47.654,45.559],[47.615,45.57],[47.586,45.626],[47.541,45.666],[47.482,45.669],[47.433,45.694],[47.455,45.717],[47.503,45.717],[47.385,45.75],[47.428,45.676],[47.551,45.628],[47.572,45.567],[47.542,45.537],[47.509,45.571],[47.51,45.594],[47.494,45.585],[47.538,45.506],[47.501,45.48],[47.497,45.43],[47.381,45.411],[47.46,45.391],[47.384,45.299],[47.37,45.186],[47.297,45.187],[47.201,44.97],[47.166,44.967],[47.146,44.929],[47.099,44.956],[47.112,44.87],[47.078,44.785],[47.024,44.843],[47.003,44.922],[46.989,44.915],[46.984,44.893],[47.01,44.83],[46.962,44.765],[46.924,44.772],[46.868,44.74],[46.831,44.696],[46.792,44.706],[46.746,44.654],[46.722,44.655],[46.708,44.57],[46.723,44.549],[46.68,44.528],[46.701,44.446],[46.759,44.401],[46.852,44.398],[47.026,44.36],[47.055,44.328],[47.078,44.264],[47.122,44.223],[47.18,44.203],[47.222,44.231],[47.246,44.212],[47.29,44.093],[47.358,44.021],[47.433,43.876],[47.462,43.86],[47.441,43.819],[47.483,43.825],[47.503,43.781],[47.445,43.738],[47.434,43.716],[47.455,43.689],[47.394,43.606],[47.366,43.621],[47.38,43.56],[47.405,43.544],[47.404,43.511],[47.424,43.504],[47.448,43.518],[47.465,43.552],[47.478,43.644],[47.507,43.686],[47.503,43.715],[47.534,43.776],[47.544,43.865],[47.596,43.901],[47.702,43.874],[47.644,43.83],[47.602,43.766],[47.491,43.463],[47.493,43.296],[47.51,43.292],[47.57,43.334],[47.586,43.3],[47.565,43.268],[47.486,43.213],[47.482,43.127],[47.455,43.1],[47.462,43.021],[47.53,42.962],[47.59,42.943],[47.622,42.905],[47.698,42.867],[47.727,42.663],[47.752,42.637],[47.868,42.585],[47.993,42.42],[48.096,42.35],[48.222,42.175],[48.304,42.103],[48.387,41.937],[48.416,41.915],[48.553,41.876],[48.579,41.845],[48.455,41.714],[48.413,41.628],[48.37,41.58],[48.202,41.493],[48.054,41.461],[48.002,41.362],[47.953,41.356],[47.892,41.283],[47.899,41.229],[47.871,41.208],[47.744,41.193],[47.622,41.229],[47.547,41.206],[47.501,41.246],[47.376,41.259],[47.268,41.303],[47.241,41.339],[47.239,41.416],[47.159,41.504],[47.141,41.552],[47.107,41.57],[47.027,41.557],[47.004,41.605],[46.916,41.681],[46.902,41.713],[46.835,41.73],[46.769,41.776],[46.741,41.851],[46.568,41.787],[46.544,41.815],[46.544,41.874],[46.526,41.882],[46.431,41.89],[46.382,41.925],[46.294,41.939],[46.224,41.993],[46.099,41.985],[46.058,42.02],[45.934,42.028],[45.881,42.102],[45.812,42.115],[45.631,42.201],[45.621,42.224],[45.736,42.448],[45.74,42.471],[45.699,42.508],[45.537,42.541],[45.356,42.52],[45.323,42.53],[45.283,42.586],[45.184,42.675],[45.123,42.702],[45.03,42.689],[44.903,42.753],[44.859,42.76],[44.773,42.61],[44.736,42.678],[44.679,42.724],[44.601,42.749],[44.508,42.75],[44.361,42.704],[44.272,42.702],[44.197,42.629],[44.055,42.615],[43.94,42.552],[43.885,42.579],[43.751,42.599],[43.723,42.625],[43.726,42.654],[43.812,42.717],[43.801,42.746],[43.663,42.78],[43.586,42.836],[43.517,42.86],[43.156,42.942],[42.999,43.042],[43.0,43.099],[42.915,43.122],[42.83,43.169],[42.674,43.166],[42.615,43.137],[42.423,43.229],[42.355,43.236],[42.185,43.225],[42.043,43.181],[41.919,43.206],[41.578,43.215],[41.506,43.26],[41.413,43.291],[41.381,43.335],[41.279,43.333],[41.147,43.38],[41.012,43.375],[40.875,43.456],[40.74,43.495],[40.652,43.539],[40.52,43.505],[40.233,43.576],[40.164,43.576],[40.073,43.551],[39.986,43.389],[39.963,43.393],[39.91,43.426],[39.868,43.496],[39.718,43.568],[39.691,43.614],[39.619,43.645],[39.458,43.771],[39.329,43.896],[39.116,44.024],[39.012,44.1],[38.978,44.148],[38.856,44.185],[38.758,44.274],[38.595,44.332],[38.217,44.387],[38.178,44.406],[38.108,44.497],[38.063,44.524],[38.056,44.559],[37.985,44.564],[37.928,44.606],[37.936,44.634],[37.875,44.689],[37.778,44.73],[37.822,44.668],[37.8,44.635],[37.737,44.636],[37.632,44.669],[37.577,44.655],[37.499,44.668],[37.371,44.748],[37.292,44.868],[37.311,44.891],[37.306,44.91],[37.192,44.991],[36.84,45.109],[36.702,45.104],[36.641,45.128],[36.578,45.187],[36.595,45.205],[36.707,45.203],[36.785,45.231],[36.841,45.233],[36.962,45.283],[36.97,45.303],[36.947,45.32],[36.789,45.292],[36.758,45.354],[36.776,45.365],[36.803,45.313],[36.812,45.347],[36.848,45.367],[36.782,45.388],[36.728,45.372],[36.668,45.326],[36.705,45.391],[36.833,45.443],[37.139,45.336],[37.114,45.313],[37.107,45.272],[37.066,45.261],[37.078,45.239],[37.237,45.255],[37.254,45.277],[37.319,45.272],[37.274,45.294],[37.174,45.3],[37.159,45.326],[37.348,45.328],[37.381,45.306],[37.519,45.369],[37.505,45.334],[37.543,45.347],[37.601,45.331],[37.608,45.313],[37.567,45.3],[37.591,45.289],[37.635,45.334],[37.652,45.313],[37.729,45.302],[37.738,45.311],[37.7,45.339],[37.758,45.402],[37.717,45.389],[37.723,45.415],[37.703,45.457],[37.744,45.45],[37.686,45.484],[37.7,45.563],[37.649,45.585],[37.635,45.608],[37.623,45.586],[37.662,45.567],[37.635,45.553],[37.655,45.508],[37.642,45.504],[37.641,45.456],[37.619,45.418],[37.586,45.432],[37.595,45.635],[37.626,45.668],[37.631,45.649],[37.615,45.642],[37.671,45.61],[37.682,45.628],[37.703,45.622],[37.667,45.669],[37.829,45.753],[37.94,46.02],[38.038,46.057],[38.098,46.058],[38.032,46.025],[38.074,46.025],[38.042,45.961],[38.08,45.946],[38.073,45.909],[38.001,45.833],[38.04,45.816],[38.06,45.827],[38.05,45.855],[38.163,46.06],[38.167,46.121],[38.249,46.142],[38.427,46.038],[38.56,46.033],[38.571,46.105],[38.3,46.219],[38.271,46.274],[38.123,46.378],[38.068,46.401],[37.981,46.4],[37.978,46.382],[38.019,46.368],[37.995,46.354],[37.905,46.411],[37.827,46.477],[37.755,46.646],[37.731,46.67],[37.852,46.623],[37.982,46.617],[38.037,46.629],[38.123,46.686],[38.214,46.696],[38.272,46.732],[38.314,46.676],[38.462,46.647],[38.575,46.654],[38.598,46.678],[38.586,46.696],[38.513,46.732],[38.428,46.745],[38.389,46.732],[38.378,46.708],[38.368,46.755],[38.403,46.78],[38.415,46.833],[38.475,46.862],[38.553,46.848],[38.804,46.894],[38.866,46.943],[38.937,46.947],[39.075,47.033],[39.115,47.013],[39.153,47.026],[39.28,47.013],[39.304,47.085],[39.389,47.115],[39.329,47.128],[39.28,47.088],[39.262,47.108],[39.273,47.136],[39.249,47.148],[39.256,47.19],[39.282,47.205],[39.264,47.261],[39.088,47.286],[39.013,47.254],[38.945,47.253],[38.931,47.222],[38.938,47.19],[38.847,47.164],[38.553,47.136],[38.568,47.115],[38.517,47.119],[38.478,47.142],[38.56,47.218],[38.776,47.246],[38.821,47.276],[38.81,47.288],[38.783,47.259],[38.553,47.23],[38.428,47.134],[38.217,47.103],[38.201,47.131],[38.203,47.192],[38.285,47.241],[38.301,47.276],[38.276,47.292],[38.201,47.291],[38.191,47.317],[38.258,47.393],[38.26,47.493],[38.293,47.563],[38.353,47.607],[38.562,47.627],[38.662,47.683],[38.735,47.677],[38.796,47.82],[38.877,47.861],[39.039,47.857],[39.114,47.829],[39.32,47.846],[39.392,47.823],[39.57,47.831],[39.734,47.816],[39.776,47.858],[39.796,47.961],[39.76,48.015],[39.843,48.036],[39.829,48.077],[39.843,48.12],[39.894,48.183],[39.991,48.254],[39.979,48.29],[39.885,48.279],[39.816,48.308],[39.924,48.376],[39.845,48.484],[39.842,48.499],[39.87,48.51],[39.855,48.556],[39.809,48.584],[39.632,48.587],[39.703,48.747],[39.779,48.808],[39.824,48.816],[39.975,48.79],[40.053,48.85],[40.034,48.886],[40.009,48.888],[39.95,48.853],[39.908,48.878],[39.759,48.895],[39.674,48.97],[39.681,49.02],[39.698,49.028],[39.919,49.048],[39.952,49.125],[40.142,49.246],[40.16,49.334],[40.062,49.426],[40.035,49.487],[40.054,49.52],[40.126,49.559],[40.131,49.58],[39.998,49.608],[39.889,49.553],[39.802,49.542],[39.623,49.613],[39.558,49.724],[39.444,49.75],[39.328,49.726],[39.261,49.745],[39.183,49.859],[39.156,49.874],[39.117,49.864],[39.049,49.811],[38.937,49.803],[38.852,49.866],[38.748,49.885],[38.687,49.914],[38.665,49.965],[38.498,49.948],[38.356,49.981],[38.34,50.0],[47.255,50.0]]],[[[38.169,50.0],[38.166,49.941],[38.119,49.919],[38.067,49.927],[38.0,49.9],[37.92,50.0],[38.169,50.0]]],[[[119.155,50.0],[118.99,49.979],[118.924,49.992],[118.741,49.953],[118.644,49.955],[118.521,49.894],[118.477,49.836],[118.394,49.82],[118.373,49.786],[118.229,49.729],[118.188,49.681],[117.931,49.567],[117.894,49.547],[117.874,49.513],[117.837,49.509],[117.759,49.513],[117.473,49.614],[117.253,49.622],[117.058,49.673],[116.722,49.802],[116.575,49.922],[116.273,50.0],[119.155,50.0]]],[[[116.054,49.998],[115.751,49.885],[115.683,49.878],[115.578,49.894],[115.369,49.895],[115.171,50.0],[116.054,49.998]]],[[[113.542,50.0],[113.183,49.802],[113.087,49.687],[113.061,49.596],[112.947,49.576],[112.777,49.501],[112.701,49.491],[112.584,49.526],[112.473,49.534],[112.03,49.412],[111.661,49.396],[111.479,49.343],[111.338,49.365],[111.274,49.323],[111.139,49.292],[110.841,49.162],[110.688,49.135],[110.604,49.145],[110.451,49.195],[110.371,49.242],[110.268,49.177],[110.181,49.162],[109.818,49.228],[109.729,49.266],[109.516,49.256],[109.474,49.269],[109.451,49.306],[109.411,49.303],[109.287,49.339],[109.161,49.347],[109.033,49.328],[108.93,49.349],[108.538,49.327],[108.335,49.436],[108.236,49.532],[108.106,49.554],[108.016,49.602],[108.005,49.618],[108.016,49.656],[107.927,49.67],[107.956,49.746],[107.93,49.851],[107.953,49.897],[107.947,49.933],[107.808,49.944],[107.729,49.972],[107.364,49.976],[107.322,50.0],[113.542,50.0]]],[[[107.258,50.0],[107.225,49.997],[107.214,50.0],[107.258,50.0]]],[[[97.906,49.973],[97.83,49.923],[97.756,49.961],[97.567,49.917],[97.581,49.878],[97.574,49.848],[97.543,49.823],[97.391,49.749],[97.302,49.726],[97.153,49.75],[97.12,49.794],[97.057,49.813],[96.969,49.887],[96.702,49.914],[96.585,49.858],[96.503,49.922],[96.346,49.889],[96.236,49.949],[96.056,49.999],[95.946,49.939],[95.923,49.945],[95.884,50.0],[97.983,50.0],[97.906,49.973]]],[[[95.77,50.0],[95.721,49.959],[95.584,49.937],[95.501,49.887],[95.355,49.948],[95.076,49.946],[95.028,49.963],[94.999,50.0],[95.77,50.0]]],[[[47.862,43.994],[47.867,43.984],[47.763,43.928],[47.684,43.94],[47.68,43.951],[47.643,43.944],[47.628,43.963],[47.666,43.996],[47.862,43.994]]],[[[47.999,45.454],[47.96,45.476],[47.918,45.57],[47.917,45.633],[47.957,45.65],[47.997,45.52],[47.999,45.454]]]]}},{"type":"Feature","properties":{"name":"Vietnam","iso":"VNM"},"geometry":{"type":"MultiPolygon","coordinates":[[[[107.532,14.678],[107.498,14.746],[107.509,14.759],[107.491,14.804],[107.558,14.887],[107.462,14.957],[107.446,15.025],[107.589,15.058],[107.58,15.097],[107.616,15.136],[107.627,15.197],[107.654,15.2],[107.664,15.269],[107.587,15.343],[107.573,15.411],[107.494,15.42],[107.487,15.481],[107.461,15.484],[107.443,15.509],[107.369,15.496],[107.316,15.589],[107.239,15.645],[107.226,15.717],[107.149,15.773],[107.186,15.859],[107.236,15.856],[107.305,15.899],[107.376,15.919],[107.445,16.01],[107.436,16.069],[107.299,16.064],[107.239,16.13],[107.142,16.177],[107.108,16.267],[107.053,16.295],[106.957,16.307],[106.946,16.346],[106.898,16.379],[106.876,16.418],[106.856,16.415],[106.864,16.504],[106.847,16.53],[106.823,16.531],[106.742,16.422],[106.671,16.444],[106.641,16.51],[106.64,16.587],[106.572,16.614],[106.541,16.659],[106.525,16.989],[106.497,16.964],[106.411,16.996],[106.387,17.047],[106.395,17.068],[106.306,17.177],[106.311,17.227],[106.285,17.285],[106.26,17.289],[106.222,17.245],[106.185,17.257],[106.019,17.394],[105.82,17.622],[105.723,17.673],[105.644,17.82],[105.605,17.854],[105.594,17.888],[105.606,17.964],[105.559,18.015],[105.547,18.059],[105.476,18.127],[105.467,18.181],[105.41,18.202],[105.366,18.151],[105.295,18.196],[105.293,18.253],[105.236,18.249],[105.166,18.307],[105.163,18.366],[105.091,18.427],[105.08,18.454],[105.114,18.581],[105.128,18.599],[105.162,18.598],[105.169,18.615],[105.113,18.698],[105.065,18.697],[104.99,18.733],[104.92,18.736],[104.899,18.771],[104.873,18.778],[104.802,18.775],[104.71,18.796],[104.686,18.825],[104.646,18.833],[104.556,18.896],[104.498,18.968],[104.413,18.983],[104.355,19.048],[104.26,19.104],[104.211,19.101],[104.198,19.147],[104.148,19.183],[104.037,19.23],[103.973,19.225],[103.911,19.263],[103.893,19.294],[103.848,19.3],[103.953,19.391],[104.038,19.413],[104.061,19.471],[104.09,19.484],[104.072,19.559],[104.017,19.6],[104.001,19.681],[104.089,19.652],[104.136,19.687],[104.229,19.706],[104.277,19.684],[104.295,19.655],[104.342,19.683],[104.38,19.685],[104.506,19.603],[104.579,19.618],[104.614,19.607],[104.676,19.725],[104.805,19.791],[104.817,19.848],[104.756,19.867],[104.781,19.908],[104.858,19.955],[104.874,19.983],[104.949,19.995],[104.944,20.067],[104.964,20.076],[104.905,20.135],[104.908,20.175],[104.819,20.221],[104.691,20.197],[104.657,20.213],[104.657,20.28],[104.689,20.301],[104.681,20.341],[104.576,20.414],[104.432,20.411],[104.36,20.44],[104.424,20.495],[104.445,20.535],[104.496,20.512],[104.543,20.536],[104.615,20.646],[104.492,20.702],[104.453,20.764],[104.389,20.771],[104.279,20.892],[104.221,20.892],[104.194,20.93],[104.092,20.961],[104.057,20.959],[104.011,20.908],[103.785,20.846],[103.757,20.796],[103.755,20.743],[103.707,20.722],[103.714,20.672],[103.676,20.657],[103.578,20.733],[103.489,20.752],[103.44,20.816],[103.348,20.789],[103.247,20.831],[103.197,20.828],[103.115,20.868],[103.015,21.041],[102.952,21.069],[102.926,21.142],[102.889,21.166],[102.888,21.227],[102.85,21.252],[102.801,21.255],[102.875,21.305],[102.884,21.388],[102.918,21.45],[102.85,21.425],[102.974,21.575],[102.948,21.737],[102.847,21.704],[102.826,21.821],[102.807,21.836],[102.789,21.82],[102.787,21.74],[102.752,21.681],[102.721,21.662],[102.651,21.658],[102.632,21.706],[102.625,21.829],[102.591,21.901],[102.478,21.958],[102.466,21.995],[102.483,22.021],[102.422,22.062],[102.389,22.117],[102.207,22.245],[102.154,22.305],[102.156,22.328],[102.119,22.398],[102.165,22.426],[102.218,22.411],[102.253,22.495],[102.377,22.616],[102.384,22.629],[102.356,22.67],[102.407,22.693],[102.443,22.765],[102.516,22.745],[102.536,22.696],[102.587,22.716],[102.612,22.692],[102.693,22.671],[102.752,22.625],[102.832,22.6],[102.903,22.477],[103.029,22.43],[103.045,22.441],[103.044,22.486],[103.142,22.538],[103.13,22.578],[103.142,22.607],[103.245,22.669],[103.31,22.788],[103.357,22.776],[103.402,22.738],[103.404,22.689],[103.448,22.618],[103.504,22.581],[103.551,22.641],[103.547,22.701],[103.59,22.768],[103.647,22.799],[103.836,22.603],[103.96,22.507],[103.985,22.527],[104.024,22.719],[104.087,22.792],[104.241,22.824],[104.229,22.783],[104.237,22.742],[104.34,22.686],[104.449,22.745],[104.554,22.836],[104.588,22.807],[104.61,22.823],[104.701,22.818],[104.774,22.896],[104.824,22.924],[104.798,23.086],[104.861,23.12],[104.87,23.164],[104.895,23.17],[104.935,23.154],[105.061,23.232],[105.156,23.267],[105.201,23.254],[105.246,23.33],[105.312,23.366],[105.344,23.304],[105.39,23.275],[105.426,23.273],[105.474,23.195],[105.528,23.156],[105.552,23.06],[105.69,23.044],[105.755,23.006],[105.854,22.905],[105.876,22.928],[105.961,22.932],[105.999,22.975],[106.132,22.975],[106.202,22.947],[106.227,22.876],[106.255,22.855],[106.316,22.854],[106.458,22.889],[106.488,22.925],[106.582,22.895],[106.61,22.853],[106.667,22.868],[106.73,22.798],[106.79,22.797],[106.791,22.772],[106.747,22.744],[106.68,22.579],[106.646,22.569],[106.608,22.61],[106.577,22.595],[106.527,22.438],[106.542,22.345],[106.634,22.309],[106.663,22.223],[106.64,22.191],[106.672,22.093],[106.653,21.969],[106.675,21.962],[106.729,22.008],[106.782,21.975],[106.865,21.968],[106.92,21.917],[106.971,21.936],[107.009,21.927],[107.021,21.892],[106.987,21.845],[107.003,21.811],[107.066,21.796],[107.172,21.715],[107.212,21.705],[107.273,21.718],[107.348,21.599],[107.426,21.652],[107.457,21.631],[107.461,21.596],[107.501,21.582],[107.533,21.609],[107.613,21.606],[107.69,21.625],[107.745,21.658],[107.778,21.656],[107.832,21.639],[107.855,21.6],[107.991,21.486],[107.93,21.443],[107.916,21.458],[107.929,21.491],[107.91,21.527],[107.882,21.534],[107.868,21.514],[107.863,21.53],[107.836,21.488],[107.827,21.527],[107.813,21.52],[107.821,21.493],[107.8,21.499],[107.796,21.519],[107.767,21.52],[107.752,21.507],[107.789,21.494],[107.786,21.458],[107.762,21.451],[107.749,21.411],[107.698,21.398],[107.669,21.411],[107.663,21.378],[107.635,21.383],[107.642,21.342],[107.621,21.336],[107.629,21.329],[107.608,21.336],[107.591,21.294],[107.554,21.305],[107.522,21.349],[107.537,21.302],[107.527,21.299],[107.415,21.329],[107.409,21.315],[107.443,21.288],[107.367,21.273],[107.361,21.239],[107.354,21.191],[107.388,21.185],[107.367,21.088],[107.354,21.082],[107.374,21.028],[107.334,21.006],[107.211,20.992],[107.231,20.979],[107.193,20.953],[107.197,20.938],[107.149,20.931],[107.066,20.959],[107.149,21.041],[107.111,21.033],[107.084,21.006],[107.08,21.034],[107.063,21.009],[107.053,21.034],[107.046,21.0],[107.045,21.025],[107.026,21.034],[107.039,21.0],[106.998,21.02],[107.026,20.972],[107.001,20.951],[106.947,20.954],[106.885,20.993],[106.854,20.992],[106.943,20.91],[106.902,20.908],[106.874,20.938],[106.888,20.91],[106.868,20.883],[106.833,20.938],[106.806,20.932],[106.772,20.957],[106.821,20.976],[106.798,21.025],[106.779,21.028],[106.785,21.013],[106.731,21.03],[106.71,21.02],[106.718,21.006],[106.642,21.02],[106.683,21.006],[106.656,21.006],[106.676,20.959],[106.755,20.939],[106.744,20.883],[106.718,20.904],[106.7,20.883],[106.744,20.849],[106.749,20.804],[106.737,20.795],[106.718,20.808],[106.756,20.751],[106.779,20.746],[106.806,20.678],[106.767,20.713],[106.717,20.691],[106.663,20.698],[106.703,20.66],[106.638,20.628],[106.587,20.663],[106.627,20.617],[106.625,20.595],[106.519,20.541],[106.551,20.532],[106.58,20.547],[106.568,20.525],[106.58,20.478],[106.537,20.462],[106.519,20.437],[106.562,20.455],[106.594,20.448],[106.584,20.382],[106.573,20.368],[106.56,20.376],[106.578,20.359],[106.593,20.275],[106.582,20.264],[106.537,20.309],[106.498,20.308],[106.549,20.291],[106.57,20.232],[106.381,20.212],[106.388,20.197],[106.197,20.013],[106.203,20.048],[106.176,19.992],[106.107,19.965],[106.107,20.033],[106.084,19.965],[106.025,19.999],[105.956,19.925],[105.957,19.876],[105.936,19.848],[105.929,19.794],[105.915,19.807],[105.867,19.773],[105.929,19.78],[105.923,19.767],[105.895,19.721],[105.867,19.721],[105.826,19.642],[105.819,19.588],[105.818,19.61],[105.804,19.613],[105.791,19.603],[105.792,19.588],[105.805,19.609],[105.819,19.574],[105.813,19.423],[105.799,19.431],[105.771,19.403],[105.81,19.321],[105.813,19.307],[105.792,19.321],[105.809,19.28],[105.781,19.265],[105.772,19.236],[105.743,19.232],[105.737,19.108],[105.696,19.081],[105.668,19.09],[105.644,19.065],[105.613,18.986],[105.635,18.91],[105.717,18.855],[105.703,18.834],[105.675,18.855],[105.689,18.827],[105.72,18.824],[105.752,18.786],[105.751,18.663],[105.77,18.672],[105.764,18.759],[105.783,18.747],[105.826,18.594],[105.879,18.511],[105.915,18.473],[105.949,18.471],[105.977,18.402],[106.11,18.276],[106.112,18.263],[106.093,18.259],[106.166,18.266],[106.271,18.204],[106.346,18.133],[106.354,18.115],[106.324,18.118],[106.306,18.1],[106.34,18.1],[106.347,18.059],[106.36,18.1],[106.395,18.1],[106.422,18.128],[106.435,18.124],[106.428,18.073],[106.525,17.95],[106.455,17.882],[106.436,17.882],[106.451,17.866],[106.443,17.847],[106.47,17.748],[106.498,17.711],[106.449,17.716],[106.436,17.739],[106.375,17.765],[106.285,17.772],[106.429,17.731],[106.383,17.719],[106.38,17.699],[106.409,17.683],[106.395,17.703],[106.417,17.713],[106.504,17.683],[106.635,17.47],[106.764,17.336],[107.112,17.088],[107.127,17.06],[107.121,17.019],[107.204,16.919],[107.142,16.868],[107.19,16.875],[107.189,16.892],[107.216,16.908],[107.605,16.596],[107.635,16.587],[107.596,16.591],[107.474,16.653],[107.443,16.648],[107.635,16.559],[107.608,16.545],[107.663,16.552],[107.649,16.521],[107.663,16.497],[107.697,16.52],[107.841,16.38],[107.797,16.387],[107.812,16.313],[107.896,16.278],[107.938,16.312],[107.93,16.353],[108.012,16.319],[108.043,16.346],[108.094,16.237],[108.052,16.262],[108.054,16.236],[108.204,16.217],[108.142,16.148],[108.143,16.119],[108.198,16.072],[108.228,16.09],[108.233,16.037],[108.198,16.004],[108.25,16.023],[108.259,16.011],[108.242,16.076],[108.247,16.123],[108.225,16.127],[108.245,16.162],[108.317,16.135],[108.331,16.155],[108.348,16.135],[108.314,16.1],[108.266,16.107],[108.259,16.071],[108.279,15.996],[108.306,15.955],[108.388,15.898],[108.396,15.881],[108.375,15.869],[108.41,15.881],[108.424,15.806],[108.455,15.747],[108.619,15.529],[108.646,15.514],[108.683,15.518],[108.668,15.483],[108.656,15.497],[108.629,15.487],[108.629,15.456],[108.653,15.439],[108.697,15.49],[108.704,15.445],[108.773,15.387],[108.773,15.325],[108.787,15.346],[108.821,15.346],[108.789,15.374],[108.814,15.408],[108.8,15.429],[108.827,15.429],[108.839,15.374],[108.883,15.336],[108.887,15.286],[108.952,15.25],[108.933,15.227],[108.903,15.223],[108.924,15.202],[108.91,15.209],[108.898,15.154],[108.862,15.152],[108.892,15.141],[108.898,15.12],[108.91,15.147],[108.943,14.98],[109.006,14.839],[108.986,14.837],[109.012,14.822],[109.086,14.715],[109.095,14.667],[109.076,14.686],[109.088,14.589],[109.077,14.586],[109.061,14.564],[109.067,14.551],[109.074,14.579],[109.126,14.465],[109.136,14.367],[109.191,14.291],[109.201,14.236],[109.191,14.221],[109.239,14.133],[109.22,14.135],[109.198,14.168],[109.174,14.172],[109.173,14.157],[109.225,14.104],[109.253,14.033],[109.266,13.921],[109.307,13.876],[109.304,13.759],[109.27,13.756],[109.273,13.825],[109.251,13.891],[109.221,13.806],[109.232,13.811],[109.259,13.777],[109.226,13.744],[109.225,13.722],[109.248,13.623],[109.304,13.569],[109.287,13.558],[109.294,13.53],[109.219,13.647],[109.21,13.631],[109.287,13.509],[109.314,13.523],[109.304,13.48],[109.34,13.465],[109.307,13.407],[109.273,13.431],[109.3,13.461],[109.263,13.489],[109.245,13.485],[109.232,13.393],[109.28,13.353],[109.299,13.365],[109.307,13.353],[109.306,13.334],[109.287,13.331],[109.294,13.298],[109.273,13.311],[109.259,13.298],[109.294,13.236],[109.304,13.303],[109.318,13.289],[109.307,13.133],[109.328,13.085],[109.465,12.913],[109.458,12.852],[109.431,12.845],[109.45,12.873],[109.438,12.879],[109.403,12.838],[109.369,12.825],[109.376,12.776],[109.421,12.691],[109.472,12.656],[109.451,12.639],[109.451,12.571],[109.44,12.565],[109.405,12.618],[109.424,12.653],[109.403,12.687],[109.376,12.674],[109.376,12.639],[109.342,12.66],[109.39,12.712],[109.359,12.797],[109.205,12.646],[109.205,12.55],[109.219,12.543],[109.239,12.578],[109.232,12.591],[109.249,12.586],[109.237,12.522],[109.298,12.478],[109.299,12.431],[109.346,12.396],[109.342,12.379],[109.323,12.386],[109.297,12.351],[109.185,12.459],[109.157,12.455],[109.17,12.434],[109.15,12.44],[109.177,12.399],[109.196,12.403],[109.214,12.333],[109.242,12.305],[109.236,12.291],[109.219,12.296],[109.205,12.263],[109.177,12.277],[109.211,12.249],[109.205,12.233],[109.225,12.201],[109.198,12.208],[109.188,12.206],[109.184,12.194],[109.204,12.194],[109.227,12.138],[109.21,12.11],[109.221,12.051],[109.249,11.997],[109.287,11.967],[109.266,11.91],[109.294,11.871],[109.225,11.879],[109.219,12.016],[109.177,12.129],[109.163,12.112],[109.182,12.081],[109.177,12.053],[109.211,12.006],[109.208,11.977],[109.182,11.922],[109.137,11.896],[109.126,11.864],[109.132,11.83],[109.163,11.824],[109.205,11.868],[109.193,11.828],[109.204,11.785],[109.243,11.736],[109.136,11.57],[109.067,11.584],[109.043,11.638],[109.02,11.633],[109.04,11.602],[109.04,11.543],[109.012,11.543],[109.028,11.474],[109.022,11.368],[109.006,11.344],[108.952,11.31],[108.838,11.331],[108.775,11.288],[108.729,11.182],[108.656,11.193],[108.577,11.179],[108.531,11.153],[108.5,11.121],[108.472,11.053],[108.369,11.023],[108.345,10.954],[108.315,10.944],[108.3,10.913],[108.285,10.943],[108.259,10.952],[108.106,10.918],[108.066,10.868],[107.998,10.699],[107.919,10.721],[107.824,10.692],[107.768,10.65],[107.581,10.57],[107.511,10.502],[107.43,10.468],[107.334,10.454],[107.272,10.378],[107.19,10.405],[107.218,10.426],[107.217,10.434],[107.176,10.477],[107.142,10.481],[107.136,10.467],[107.103,10.49],[107.06,10.481],[107.06,10.508],[107.032,10.474],[107.026,10.501],[106.991,10.481],[107.033,10.526],[107.032,10.607],[107.011,10.638],[107.026,10.631],[107.024,10.656],[106.984,10.699],[106.98,10.685],[107.011,10.655],[107.002,10.617],[107.025,10.604],[107.011,10.563],[107.027,10.544],[107.019,10.534],[106.998,10.549],[106.991,10.625],[106.984,10.567],[107.011,10.522],[106.964,10.467],[106.964,10.501],[106.938,10.549],[106.943,10.601],[106.882,10.652],[106.829,10.63],[106.786,10.68],[106.748,10.674],[106.737,10.658],[106.772,10.604],[106.752,10.576],[106.733,10.522],[106.689,10.504],[106.656,10.522],[106.669,10.495],[106.594,10.439],[106.58,10.488],[106.582,10.453],[106.597,10.433],[106.615,10.437],[106.656,10.474],[106.67,10.433],[106.69,10.433],[106.714,10.468],[106.741,10.468],[106.788,10.393],[106.791,10.285],[106.598,10.289],[106.422,10.317],[106.48,10.281],[106.721,10.2],[106.798,10.157],[106.791,10.11],[106.737,10.054],[106.704,10.049],[106.697,10.084],[106.669,10.032],[106.684,10.012],[106.664,10.006],[106.649,9.974],[106.591,9.981],[106.469,10.059],[106.36,10.221],[106.292,10.262],[106.349,10.215],[106.368,10.156],[106.462,10.036],[106.696,9.897],[106.669,9.843],[106.676,9.867],[106.663,9.884],[106.638,9.826],[106.587,9.823],[106.504,9.905],[106.395,9.974],[106.145,10.229],[106.113,10.234],[106.158,10.195],[106.193,10.12],[106.476,9.862],[106.538,9.751],[106.575,9.739],[106.576,9.649],[106.544,9.585],[106.485,9.547],[106.385,9.548],[106.25,9.631],[106.065,9.804],[105.933,9.955],[105.819,10.008],[106.073,9.748],[106.093,9.693],[106.197,9.541],[106.211,9.47],[106.169,9.418],[106.195,9.399],[106.193,9.369],[105.539,9.129],[105.408,9.001],[105.315,8.812],[105.259,8.76],[105.184,8.741],[105.101,8.634],[104.856,8.566],[104.729,8.6],[104.72,8.614],[104.759,8.616],[104.835,8.66],[104.82,8.691],[104.833,8.699],[104.912,8.685],[104.963,8.719],[104.907,8.7],[104.853,8.713],[104.853,8.729],[104.929,8.747],[104.922,8.809],[104.817,8.771],[104.775,8.818],[104.812,8.937],[104.811,9.133],[104.857,9.738],[104.893,9.851],[104.97,9.854],[105.055,9.933],[105.087,9.936],[105.113,9.857],[105.107,9.953],[105.088,9.997],[105.003,10.092],[104.964,10.106],[104.901,10.097],[104.772,10.227],[104.707,10.222],[104.651,10.144],[104.613,10.144],[104.589,10.261],[104.552,10.296],[104.537,10.282],[104.499,10.371],[104.525,10.39],[104.525,10.419],[104.47,10.378],[104.454,10.38],[104.451,10.42],[104.494,10.428],[104.567,10.528],[104.774,10.515],[104.854,10.531],[104.931,10.631],[105.067,10.714],[105.011,10.884],[105.078,10.947],[105.098,10.914],[105.253,10.884],[105.318,10.839],[105.41,10.963],[105.474,10.941],[105.753,11.016],[105.821,10.92],[105.848,10.855],[105.879,10.828],[105.909,10.838],[105.931,10.896],[106.018,10.82],[106.155,10.785],[106.177,10.767],[106.122,10.925],[106.131,10.969],[106.188,10.976],[106.16,11.054],[106.114,11.087],[106.087,11.056],[105.989,11.177],[105.9,11.219],[105.887,11.268],[105.844,11.29],[105.872,11.443],[105.853,11.547],[105.803,11.566],[105.79,11.587],[105.805,11.625],[105.858,11.662],[105.934,11.643],[106.015,11.77],[106.224,11.725],[106.274,11.677],[106.354,11.69],[106.426,11.662],[106.435,11.677],[106.398,11.762],[106.439,11.864],[106.394,11.97],[106.442,11.975],[106.474,11.952],[106.505,11.973],[106.639,11.961],[106.631,11.976],[106.702,11.971],[106.749,12.052],[106.772,12.066],[106.879,12.063],[106.953,12.081],[107.153,12.277],[107.212,12.306],[107.32,12.329],[107.393,12.253],[107.416,12.254],[107.45,12.299],[107.514,12.344],[107.557,12.473],[107.565,12.606],[107.536,12.8],[107.487,12.871],[107.466,12.952],[107.481,12.989],[107.46,13.022],[107.607,13.37],[107.604,13.499],[107.514,13.693],[107.443,13.783],[107.435,13.87],[107.448,13.909],[107.431,13.984],[107.409,14.0],[107.355,14.002],[107.345,14.081],[107.32,14.12],[107.359,14.239],[107.352,14.342],[107.387,14.422],[107.408,14.433],[107.443,14.424],[107.477,14.475],[107.505,14.541],[107.504,14.602],[107.532,14.678]]],[[[106.223,9.608],[106.292,9.586],[106.284,9.544],[106.244,9.535],[106.249,9.56],[106.197,9.61],[106.227,9.565],[106.197,9.572],[106.126,9.672],[106.093,9.761],[106.223,9.608]]],[[[106.747,10.263],[106.759,10.244],[106.724,10.227],[106.69,10.252],[106.56,10.275],[106.512,10.296],[106.747,10.263]]],[[[107.172,10.465],[107.211,10.426],[107.19,10.433],[107.166,10.391],[107.136,10.378],[107.087,10.323],[107.079,10.391],[107.15,10.417],[107.172,10.465]]],[[[106.936,10.439],[106.977,10.405],[106.888,10.371],[106.874,10.426],[106.895,10.481],[106.888,10.467],[106.888,10.505],[106.928,10.521],[106.948,10.507],[106.922,10.426],[106.936,10.439]]],[[[106.903,10.522],[106.854,10.563],[106.871,10.608],[106.854,10.631],[106.888,10.634],[106.929,10.598],[106.922,10.543],[106.895,10.576],[106.903,10.522]]],[[[109.336,12.218],[109.349,12.201],[109.334,12.19],[109.288,12.189],[109.245,12.228],[109.273,12.221],[109.273,12.236],[109.336,12.218]]],[[[106.639,8.737],[106.656,8.699],[106.602,8.695],[106.603,8.656],[106.583,8.651],[106.56,8.682],[106.571,8.706],[106.631,8.755],[106.666,8.763],[106.663,8.74],[106.639,8.737]]],[[[106.531,9.858],[106.536,9.829],[106.422,9.939],[106.486,9.903],[106.531,9.858]]],[[[104.085,10.354],[104.085,10.248],[104.033,10.096],[104.051,10.069],[104.051,10.008],[104.011,10.03],[103.957,10.234],[103.937,10.266],[103.857,10.321],[103.846,10.371],[103.934,10.366],[103.983,10.442],[104.005,10.451],[104.085,10.354]]],[[[106.874,10.46],[106.832,10.472],[106.82,10.467],[106.86,10.432],[106.859,10.413],[106.84,10.405],[106.771,10.464],[106.752,10.567],[106.779,10.576],[106.786,10.601],[106.752,10.666],[106.784,10.663],[106.848,10.614],[106.854,10.584],[106.84,10.559],[106.872,10.515],[106.84,10.501],[106.874,10.46]]],[[[107.08,20.808],[107.094,20.787],[107.075,20.796],[107.066,20.814],[107.073,20.781],[107.032,20.787],[107.073,20.732],[107.06,20.739],[107.046,20.704],[107.046,20.726],[107.018,20.726],[107.039,20.732],[107.032,20.746],[106.998,20.753],[107.005,20.732],[106.985,20.745],[106.91,20.819],[106.913,20.837],[106.943,20.849],[106.948,20.87],[106.957,20.877],[106.964,20.856],[107.005,20.842],[107.023,20.862],[107.046,20.849],[107.043,20.831],[107.087,20.822],[107.108,20.8],[107.08,20.808]]],[[[106.825,20.915],[106.882,20.822],[106.886,20.796],[106.874,20.79],[106.848,20.797],[106.82,20.877],[106.82,20.842],[106.771,20.859],[106.785,20.931],[106.825,20.915]]],[[[107.516,20.896],[107.553,20.972],[107.545,20.919],[107.485,20.822],[107.464,20.814],[107.482,20.865],[107.471,20.883],[107.516,20.896]]],[[[107.745,21.02],[107.793,20.986],[107.773,20.992],[107.771,20.957],[107.738,20.938],[107.759,20.983],[107.738,21.003],[107.745,21.02]]],[[[107.533,21.02],[107.558,21.035],[107.512,20.924],[107.395,20.897],[107.492,20.965],[107.505,21.02],[107.52,21.013],[107.533,21.041],[107.533,21.02]]],[[[107.628,21.12],[107.58,20.983],[107.559,20.986],[107.594,21.089],[107.628,21.12]]],[[[107.603,21.219],[107.547,21.157],[107.524,21.16],[107.471,21.096],[107.389,21.048],[107.373,21.06],[107.418,21.197],[107.435,21.189],[107.45,21.205],[107.455,21.276],[107.523,21.231],[107.533,21.199],[107.603,21.219]]],[[[107.784,21.356],[107.817,21.349],[107.711,21.308],[107.784,21.356]]],[[[107.998,21.404],[107.944,21.368],[107.93,21.376],[107.854,21.35],[107.841,21.349],[107.848,21.37],[107.855,21.356],[107.873,21.374],[107.827,21.37],[107.869,21.39],[107.998,21.404]]],[[[108.959,10.538],[108.961,10.503],[108.94,10.504],[108.929,10.545],[108.943,10.552],[108.959,10.538]]],[[[109.383,12.624],[109.4,12.558],[109.312,12.614],[109.32,12.628],[109.383,12.624]]],[[[107.381,20.819],[107.38,20.798],[107.35,20.811],[107.341,20.843],[107.381,20.819]]],[[[107.392,20.885],[107.388,20.865],[107.368,20.858],[107.333,20.883],[107.392,20.885]]],[[[107.842,21.036],[107.856,21.033],[107.853,21.02],[107.818,20.988],[107.842,21.036]]]]}},{"type":"Feature","properties":{"name":"Cambodia","iso":"KHM"},"geometry":{"type":"MultiPolygon","coordinates":[[[[107.532,14.678],[107.504,14.602],[107.505,14.541],[107.465,14.449],[107.443,14.424],[107.408,14.433],[107.387,14.422],[107.352,14.342],[107.359,14.239],[107.32,14.12],[107.345,14.081],[107.355,14.002],[107.409,14.0],[107.431,13.984],[107.448,13.909],[107.435,13.87],[107.443,13.783],[107.514,13.693],[107.604,13.499],[107.607,13.37],[107.46,13.022],[107.481,12.989],[107.466,12.952],[107.487,12.871],[107.536,12.8],[107.565,12.606],[107.557,12.473],[107.522,12.367],[107.5,12.326],[107.45,12.299],[107.416,12.254],[107.393,12.253],[107.32,12.329],[107.212,12.306],[107.153,12.277],[106.953,12.081],[106.879,12.063],[106.772,12.066],[106.749,12.052],[106.702,11.971],[106.631,11.976],[106.639,11.961],[106.505,11.973],[106.474,11.952],[106.442,11.975],[106.394,11.97],[106.439,11.864],[106.398,11.762],[106.435,11.677],[106.426,11.662],[106.354,11.69],[106.274,11.677],[106.224,11.725],[106.015,11.77],[105.934,11.643],[105.858,11.662],[105.805,11.625],[105.79,11.587],[105.803,11.566],[105.853,11.547],[105.872,11.443],[105.844,11.29],[105.887,11.268],[105.9,11.219],[105.989,11.177],[106.087,11.056],[106.114,11.087],[106.16,11.054],[106.188,10.976],[106.131,10.969],[106.122,10.925],[106.177,10.767],[106.155,10.785],[106.018,10.82],[105.931,10.896],[105.909,10.838],[105.879,10.828],[105.848,10.855],[105.821,10.92],[105.753,11.016],[105.474,10.941],[105.41,10.963],[105.318,10.839],[105.253,10.884],[105.098,10.914],[105.078,10.947],[105.011,10.884],[105.066,10.746],[105.067,10.714],[105.042,10.691],[104.931,10.631],[104.854,10.531],[104.774,10.515],[104.567,10.528],[104.494,10.428],[104.47,10.416],[104.363,10.488],[104.298,10.481],[104.286,10.54],[104.25,10.57],[104.223,10.57],[104.207,10.55],[104.089,10.555],[103.946,10.588],[103.894,10.658],[103.873,10.66],[103.866,10.699],[103.863,10.604],[103.821,10.544],[103.767,10.535],[103.702,10.563],[103.747,10.509],[103.624,10.501],[103.606,10.556],[103.57,10.555],[103.544,10.596],[103.502,10.617],[103.567,10.727],[103.689,10.741],[103.672,10.758],[103.678,10.801],[103.722,10.845],[103.722,10.895],[103.66,11.03],[103.675,11.064],[103.604,11.091],[103.584,11.134],[103.533,11.163],[103.503,11.166],[103.496,11.139],[103.469,11.152],[103.474,11.134],[103.448,11.09],[103.468,11.099],[103.47,11.089],[103.431,11.006],[103.415,10.946],[103.421,10.909],[103.402,10.884],[103.352,10.872],[103.344,10.895],[103.277,10.933],[103.219,10.892],[103.223,10.878],[103.181,10.864],[103.127,10.881],[103.14,10.899],[103.096,10.934],[103.113,10.971],[103.098,11.08],[103.118,11.149],[103.089,11.218],[103.058,11.221],[103.079,11.245],[103.079,11.274],[103.134,11.316],[103.153,11.303],[103.152,11.318],[103.14,11.358],[103.113,11.344],[103.1,11.356],[103.064,11.447],[103.085,11.433],[103.13,11.46],[103.174,11.426],[103.133,11.494],[103.14,11.509],[103.113,11.468],[103.064,11.504],[103.058,11.591],[103.037,11.605],[103.03,11.543],[102.975,11.529],[102.955,11.557],[102.975,11.57],[103.003,11.55],[102.982,11.584],[102.994,11.636],[103.043,11.625],[103.014,11.639],[103.017,11.66],[102.995,11.653],[102.989,11.673],[102.969,11.638],[102.986,11.703],[103.022,11.721],[103.067,11.708],[103.085,11.728],[103.056,11.716],[103.023,11.735],[102.982,11.714],[102.956,11.767],[102.893,11.83],[102.969,11.714],[102.955,11.57],[102.914,11.646],[102.929,11.669],[102.914,11.766],[102.843,11.866],[102.771,12.037],[102.7,12.139],[102.692,12.178],[102.715,12.342],[102.765,12.416],[102.762,12.436],[102.589,12.61],[102.486,12.661],[102.478,12.72],[102.507,12.788],[102.465,12.928],[102.479,12.954],[102.467,12.969],[102.49,12.996],[102.382,13.137],[102.328,13.275],[102.33,13.496],[102.313,13.541],[102.332,13.565],[102.513,13.567],[102.598,13.605],[102.541,13.649],[102.542,13.67],[102.699,13.762],[102.773,13.936],[102.87,14.021],[102.876,14.071],[102.934,14.201],[103.005,14.229],[103.118,14.313],[103.274,14.351],[103.363,14.353],[103.423,14.385],[103.45,14.372],[103.533,14.419],[103.596,14.404],[103.637,14.443],[103.671,14.43],[103.675,14.386],[103.824,14.368],[103.885,14.34],[103.92,14.365],[103.974,14.367],[104.001,14.345],[104.11,14.38],[104.141,14.366],[104.177,14.404],[104.201,14.378],[104.247,14.401],[104.453,14.357],[104.493,14.374],[104.543,14.36],[104.61,14.419],[104.668,14.41],[104.693,14.434],[104.713,14.407],[104.772,14.44],[104.831,14.412],[104.974,14.381],[104.976,14.301],[105.008,14.244],[105.047,14.214],[105.101,14.231],[105.155,14.33],[105.184,14.346],[105.197,14.27],[105.257,14.182],[105.338,14.11],[105.422,14.108],[105.533,14.164],[105.561,14.138],[105.595,14.136],[105.617,14.103],[105.643,14.113],[105.744,14.087],[105.787,14.01],[105.9,13.923],[106.069,13.917],[106.084,13.934],[106.082,13.981],[106.149,14.054],[106.076,14.175],[106.012,14.226],[106.005,14.29],[105.969,14.332],[105.974,14.366],[106.038,14.348],[106.055,14.348],[106.064,14.373],[106.173,14.37],[106.204,14.4],[106.23,14.49],[106.306,14.445],[106.419,14.466],[106.445,14.499],[106.436,14.524],[106.485,14.524],[106.472,14.564],[106.512,14.59],[106.544,14.512],[106.586,14.496],[106.634,14.451],[106.707,14.429],[106.807,14.313],[106.836,14.307],[106.896,14.336],[106.934,14.32],[107.027,14.435],[107.079,14.401],[107.131,14.428],[107.181,14.496],[107.22,14.498],[107.234,14.545],[107.287,14.599],[107.415,14.543],[107.452,14.632],[107.52,14.705],[107.532,14.678]]],[[[103.799,10.505],[103.795,10.454],[103.752,10.465],[103.743,10.481],[103.764,10.495],[103.76,10.514],[103.799,10.505]]],[[[103.245,10.778],[103.318,10.707],[103.277,10.673],[103.261,10.709],[103.214,10.733],[103.198,10.762],[103.245,10.778]]],[[[103.024,11.417],[103.043,11.273],[103.008,11.255],[102.989,11.301],[102.989,11.426],[102.995,11.413],[103.024,11.417]]],[[[103.009,11.529],[103.051,11.46],[103.02,11.427],[103.023,11.46],[102.996,11.514],[103.009,11.529]]],[[[103.336,10.583],[103.323,10.545],[103.292,10.583],[103.289,10.613],[103.32,10.617],[103.313,10.579],[103.336,10.583]]]]}},{"type":"Feature","properties":{"name":"United Arab Emirates","iso":"ARE"},"geometry":{"type":"MultiPolygon","coordinates":[[[[56.279,25.627],[56.34,25.605],[56.37,25.526],[56.359,25.376],[56.384,25.313],[56.362,25.057],[56.383,24.978],[56.329,24.973],[56.308,24.895],[56.242,24.842],[56.171,24.824],[56.127,24.746],[56.099,24.731],[56.062,24.732],[56.032,24.754],[56.002,24.823],[55.965,24.854],[55.961,24.881],[55.978,24.886],[56.029,24.861],[56.006,24.956],[55.978,24.972],[55.897,24.969],[55.799,24.886],[55.793,24.722],[55.818,24.643],[55.76,24.559],[55.775,24.426],[55.811,24.389],[55.807,24.341],[55.756,24.23],[55.83,24.212],[55.903,24.232],[55.933,24.221],[55.998,24.081],[55.987,24.065],[55.807,24.007],[55.762,24.028],[55.647,24.025],[55.457,23.963],[55.462,23.931],[55.531,23.875],[55.538,23.77],[55.478,23.676],[55.445,23.552],[55.375,23.469],[55.321,23.275],[55.226,23.121],[55.191,22.995],[55.187,22.704],[55.12,22.623],[52.558,22.939],[51.579,24.102],[51.569,24.256],[51.591,24.284],[51.592,24.329],[51.574,24.364],[51.594,24.385],[51.624,24.339],[51.634,24.227],[51.649,24.219],[51.663,24.233],[51.673,24.278],[51.701,24.222],[51.724,24.228],[51.759,24.291],[51.779,24.262],[51.773,24.153],[51.788,24.049],[51.809,24.001],[51.894,23.99],[51.929,23.965],[51.931,23.988],[51.953,23.991],[52.017,23.99],[52.067,23.963],[52.156,23.967],[52.341,24.008],[52.575,24.152],[52.581,24.199],[52.6,24.21],[52.681,24.141],[52.72,24.152],[52.783,24.138],[52.828,24.152],[52.947,24.138],[53.006,24.166],[53.067,24.122],[53.107,24.138],[53.146,24.121],[53.163,24.125],[53.142,24.166],[53.165,24.17],[53.254,24.099],[53.446,24.12],[53.479,24.094],[53.519,24.097],[53.59,24.047],[53.657,24.049],[53.703,24.071],[53.879,24.065],[53.951,24.104],[54.123,24.145],[54.187,24.204],[54.253,24.221],[54.323,24.271],[54.383,24.255],[54.427,24.292],[54.486,24.388],[54.483,24.425],[54.499,24.433],[54.486,24.447],[54.54,24.433],[54.513,24.474],[54.574,24.447],[54.571,24.473],[54.499,24.488],[54.417,24.535],[54.452,24.557],[54.465,24.535],[54.486,24.57],[54.513,24.515],[54.537,24.498],[54.561,24.502],[54.54,24.516],[54.582,24.508],[54.636,24.598],[54.616,24.621],[54.643,24.631],[54.671,24.666],[54.643,24.749],[54.707,24.804],[54.754,24.792],[54.774,24.815],[54.76,24.831],[55.05,24.993],[55.045,25.014],[55.082,25.017],[55.259,25.215],[55.282,25.261],[55.318,25.225],[55.301,25.194],[55.329,25.201],[55.334,25.219],[55.304,25.283],[55.339,25.321],[55.363,25.324],[55.365,25.359],[55.387,25.357],[55.439,25.413],[55.455,25.4],[55.473,25.413],[55.551,25.579],[55.568,25.585],[55.542,25.543],[55.548,25.529],[55.626,25.536],[55.683,25.624],[55.734,25.647],[55.771,25.687],[55.842,25.714],[55.96,25.824],[55.937,25.777],[55.952,25.772],[55.966,25.834],[56.031,25.901],[56.041,25.934],[56.008,25.907],[56.077,26.061],[56.163,26.074],[56.183,26.015],[56.171,25.877],[56.14,25.823],[56.172,25.765],[56.141,25.733],[56.151,25.659],[56.189,25.645],[56.206,25.618],[56.279,25.627]],[[56.234,25.313],[56.245,25.278],[56.208,25.255],[56.208,25.221],[56.22,25.215],[56.252,25.218],[56.344,25.267],[56.349,25.294],[56.309,25.301],[56.291,25.328],[56.261,25.331],[56.234,25.313]]],[[[56.26,25.276],[56.288,25.272],[56.283,25.255],[56.263,25.249],[56.26,25.276]]],[[[53.775,24.13],[53.628,24.172],[53.656,24.194],[53.723,24.23],[53.777,24.23],[53.848,24.275],[53.863,24.235],[53.955,24.201],[53.965,24.173],[53.951,24.15],[53.885,24.141],[53.837,24.177],[53.834,24.152],[53.775,24.13]]],[[[54.181,24.245],[54.113,24.272],[54.102,24.298],[54.115,24.319],[54.137,24.327],[54.188,24.277],[54.191,24.227],[54.181,24.245]]],[[[52.587,24.36],[52.634,24.367],[52.651,24.325],[52.592,24.253],[52.556,24.307],[52.587,24.36]]],[[[53.309,24.279],[53.184,24.281],[53.194,24.303],[53.242,24.298],[53.33,24.336],[53.367,24.319],[53.362,24.351],[53.417,24.413],[53.447,24.38],[53.44,24.341],[53.346,24.298],[53.323,24.263],[53.309,24.279]]],[[[54.335,24.453],[54.335,24.469],[54.396,24.523],[54.397,24.483],[54.451,24.453],[54.471,24.425],[54.335,24.453]]],[[[54.273,24.303],[54.222,24.284],[54.183,24.315],[54.185,24.337],[54.232,24.358],[54.273,24.303]]],[[[54.335,24.364],[54.325,24.321],[54.309,24.314],[54.279,24.364],[54.311,24.355],[54.292,24.385],[54.305,24.386],[54.335,24.364]]],[[[52.333,24.525],[52.326,24.481],[52.283,24.497],[52.299,24.533],[52.333,24.525]]]]}},{"type":"Feature","properties":{"name":"Georgia","iso":"GEO"},"geometry":{"type":"Polygon","coordinates":[[[41.5,42.641],[41.457,42.714],[41.424,42.74],[41.225,42.802],[41.15,42.796],[41.105,42.847],[41.082,42.908],[41.023,42.99],[40.934,42.983],[40.856,43.063],[40.683,43.094],[40.592,43.086],[40.52,43.127],[40.398,43.162],[40.361,43.165],[40.335,43.141],[40.268,43.216],[40.273,43.248],[40.219,43.319],[40.087,43.37],[39.986,43.389],[40.059,43.535],[40.097,43.563],[40.164,43.576],[40.233,43.576],[40.52,43.505],[40.652,43.539],[40.74,43.495],[40.875,43.456],[41.012,43.375],[41.147,43.38],[41.279,43.333],[41.381,43.335],[41.413,43.291],[41.506,43.26],[41.578,43.215],[41.919,43.206],[42.043,43.181],[42.185,43.225],[42.355,43.236],[42.423,43.229],[42.615,43.137],[42.674,43.166],[42.83,43.169],[42.915,43.122],[43.0,43.099],[42.999,43.042],[43.156,42.942],[43.517,42.86],[43.586,42.836],[43.663,42.78],[43.801,42.746],[43.812,42.717],[43.726,42.654],[43.723,42.625],[43.751,42.599],[43.885,42.579],[43.94,42.552],[44.055,42.615],[44.197,42.629],[44.272,42.702],[44.361,42.704],[44.508,42.75],[44.601,42.749],[44.679,42.724],[44.736,42.678],[44.773,42.61],[44.859,42.76],[44.903,42.753],[45.03,42.689],[45.123,42.702],[45.155,42.693],[45.283,42.586],[45.323,42.53],[45.356,42.52],[45.479,42.542],[45.621,42.53],[45.699,42.508],[45.74,42.471],[45.621,42.224],[45.631,42.201],[45.812,42.115],[45.881,42.102],[45.948,42.023],[45.995,42.033],[46.058,42.02],[46.099,41.985],[46.224,41.993],[46.294,41.939],[46.407,41.915],[46.431,41.89],[46.328,41.766],[46.298,41.751],[46.208,41.756],[46.189,41.74],[46.18,41.655],[46.193,41.61],[46.22,41.593],[46.254,41.616],[46.314,41.494],[46.592,41.373],[46.695,41.27],[46.675,41.262],[46.669,41.23],[46.644,41.208],[46.621,41.115],[46.602,41.094],[46.544,41.097],[46.497,41.045],[46.475,41.044],[46.413,41.092],[46.332,41.116],[46.229,41.195],[46.135,41.2],[46.042,41.165],[45.969,41.168],[45.821,41.209],[45.71,41.268],[45.686,41.296],[45.744,41.335],[45.512,41.395],[45.465,41.43],[45.397,41.423],[45.282,41.453],[44.955,41.263],[44.821,41.273],[44.801,41.259],[44.847,41.231],[44.858,41.219],[44.848,41.209],[44.675,41.208],[44.613,41.223],[44.552,41.177],[44.517,41.207],[44.455,41.18],[44.345,41.213],[44.285,41.191],[44.18,41.23],[44.125,41.178],[44.061,41.184],[43.956,41.16],[43.863,41.159],[43.754,41.108],[43.567,41.124],[43.45,41.105],[43.438,41.156],[43.383,41.187],[43.323,41.192],[43.231,41.173],[43.172,41.242],[43.103,41.249],[43.157,41.27],[43.184,41.299],[43.124,41.313],[43.002,41.383],[42.958,41.437],[42.889,41.47],[42.868,41.5],[42.83,41.473],[42.767,41.504],[42.807,41.543],[42.82,41.572],[42.801,41.579],[42.585,41.579],[42.555,41.55],[42.536,41.493],[42.463,41.432],[42.262,41.482],[42.189,41.482],[42.158,41.5],[42.02,41.485],[41.948,41.506],[41.894,41.486],[41.813,41.422],[41.761,41.454],[41.707,41.463],[41.703,41.489],[41.64,41.479],[41.521,41.514],[41.616,41.633],[41.676,41.662],[41.74,41.75],[41.774,41.822],[41.774,41.907],[41.756,42.006],[41.664,42.114],[41.649,42.212],[41.596,42.349],[41.555,42.39],[41.5,42.641]]]}},{"type":"Feature","properties":{"name":"North Macedonia","iso":"MKD"},"geometry":{"type":"Polygon","coordinates":[[[20.567,41.873],[20.619,41.851],[20.643,41.874],[20.681,41.844],[20.723,41.867],[20.75,41.907],[20.742,41.971],[20.755,42.043],[20.785,42.082],[21.004,42.142],[21.098,42.196],[21.164,42.167],[21.238,42.097],[21.289,42.09],[21.301,42.101],[21.295,42.149],[21.354,42.216],[21.43,42.216],[21.42,42.24],[21.436,42.247],[21.468,42.235],[21.482,42.248],[21.677,42.235],[21.817,42.305],[21.884,42.31],[21.929,42.335],[22.061,42.301],[22.269,42.37],[22.277,42.341],[22.345,42.313],[22.481,42.193],[22.531,42.129],[22.718,42.044],[22.781,42.043],[22.799,42.021],[22.838,42.019],[22.881,41.873],[22.901,41.86],[22.94,41.777],[22.991,41.761],[23.01,41.716],[22.933,41.612],[22.955,41.432],[22.937,41.411],[22.941,41.35],[22.917,41.336],[22.781,41.335],[22.751,41.315],[22.727,41.166],[22.705,41.14],[22.645,41.18],[22.59,41.125],[22.451,41.114],[22.38,41.132],[22.309,41.125],[22.303,41.145],[22.206,41.161],[22.103,41.122],[22.048,41.152],[21.909,41.097],[21.894,41.054],[21.784,40.964],[21.766,40.924],[21.685,40.928],[21.582,40.866],[21.51,40.901],[21.405,40.909],[21.295,40.861],[21.183,40.87],[20.965,40.849],[20.957,40.895],[20.94,40.907],[20.837,40.924],[20.766,40.894],[20.717,40.913],[20.654,41.075],[20.577,41.094],[20.565,41.147],[20.5,41.236],[20.482,41.341],[20.523,41.357],[20.54,41.401],[20.491,41.436],[20.484,41.465],[20.452,41.494],[20.444,41.55],[20.507,41.562],[20.535,41.585],[20.5,41.734],[20.551,41.794],[20.542,41.862],[20.567,41.873]]]}},{"type":"Feature","properties":{"name":"Albania","iso":"ALB"},"geometry":{"type":"Polygon","coordinates":[[[20.542,41.862],[20.551,41.794],[20.5,41.734],[20.535,41.585],[20.507,41.562],[20.444,41.55],[20.452,41.494],[20.484,41.465],[20.491,41.436],[20.54,41.401],[20.523,41.357],[20.482,41.341],[20.5,41.236],[20.565,41.147],[20.577,41.094],[20.654,41.075],[20.717,40.913],[20.766,40.894],[20.837,40.924],[20.957,40.895],[20.967,40.802],[20.944,40.765],[21.019,40.691],[21.037,40.64],[21.014,40.549],[20.958,40.515],[20.937,40.473],[20.912,40.46],[20.84,40.472],[20.809,40.437],[20.771,40.422],[20.77,40.363],[20.737,40.304],[20.699,40.278],[20.696,40.215],[20.66,40.179],[20.668,40.138],[20.648,40.094],[20.578,40.067],[20.433,40.064],[20.4,40.045],[20.376,39.994],[20.298,39.987],[20.318,39.918],[20.397,39.818],[20.372,39.784],[20.28,39.804],[20.276,39.76],[20.296,39.717],[20.249,39.685],[20.246,39.663],[20.212,39.667],[20.184,39.637],[20.089,39.683],[20.0,39.694],[20.0,39.794],[20.016,39.845],[20.0,39.871],[20.0,42.529],[20.018,42.546],[20.039,42.558],[20.153,42.494],[20.205,42.42],[20.193,42.394],[20.219,42.371],[20.238,42.32],[20.333,42.318],[20.501,42.211],[20.549,42.123],[20.552,42.074],[20.599,41.961],[20.562,41.9],[20.567,41.873],[20.542,41.862]]]}},{"type":"Feature","properties":{"name":"Azerbaijan","iso":"AZE"},"geometry":{"type":"MultiPolygon","coordinates":[[[[45.019,41.075],[45.03,41.046],[45.016,41.023],[44.979,41.033],[44.961,41.06],[44.979,41.082],[45.019,41.075]]],[[[45.002,41.29],[45.282,41.453],[45.397,41.423],[45.465,41.43],[45.512,41.395],[45.744,41.335],[45.686,41.296],[45.71,41.268],[45.821,41.209],[46.017,41.164],[46.113,41.196],[46.211,41.2],[46.332,41.116],[46.497,41.045],[46.522,41.087],[46.602,41.094],[46.621,41.115],[46.644,41.208],[46.669,41.23],[46.675,41.262],[46.695,41.27],[46.688,41.284],[46.592,41.373],[46.314,41.494],[46.254,41.616],[46.22,41.593],[46.193,41.61],[46.18,41.655],[46.189,41.74],[46.208,41.756],[46.314,41.757],[46.371,41.806],[46.431,41.89],[46.544,41.874],[46.544,41.815],[46.568,41.787],[46.741,41.851],[46.769,41.776],[46.835,41.73],[46.902,41.713],[46.916,41.681],[47.004,41.605],[47.027,41.557],[47.107,41.57],[47.141,41.552],[47.159,41.504],[47.239,41.416],[47.241,41.339],[47.268,41.303],[47.376,41.259],[47.501,41.246],[47.547,41.206],[47.622,41.229],[47.744,41.193],[47.829,41.198],[47.895,41.219],[47.892,41.283],[47.953,41.356],[48.002,41.362],[48.054,41.461],[48.202,41.493],[48.393,41.599],[48.455,41.714],[48.579,41.845],[48.655,41.801],[48.866,41.585],[48.904,41.523],[49.042,41.414],[49.136,41.275],[49.154,41.166],[49.195,41.057],[49.382,40.867],[49.449,40.831],[49.471,40.836],[49.539,40.788],[49.51,40.699],[49.539,40.654],[49.724,40.581],[49.817,40.565],[49.938,40.587],[50.052,40.584],[50.109,40.527],[50.238,40.496],[50.276,40.437],[50.317,40.421],[50.351,40.386],[50.391,40.235],[50.388,40.221],[50.323,40.297],[50.23,40.343],[50.128,40.359],[49.984,40.324],[49.956,40.352],[49.893,40.369],[49.84,40.338],[49.847,40.314],[49.819,40.292],[49.577,40.217],[49.493,40.154],[49.497,40.095],[49.433,40.063],[49.484,39.989],[49.424,39.935],[49.443,39.873],[49.417,39.844],[49.421,39.81],[49.395,39.782],[49.424,39.71],[49.384,39.69],[49.318,39.621],[49.285,39.522],[49.296,39.477],[49.409,39.386],[49.397,39.345],[49.407,39.324],[49.367,39.351],[49.407,39.289],[49.306,39.347],[49.273,39.337],[49.237,39.279],[49.238,39.17],[49.203,39.034],[49.194,39.016],[49.079,38.963],[49.052,38.981],[49.056,39.008],[49.125,39.028],[49.148,39.083],[49.116,39.11],[49.069,39.111],[49.059,39.173],[49.041,39.184],[48.968,39.184],[48.935,39.124],[48.936,39.053],[48.953,39.032],[48.922,38.935],[48.868,38.864],[48.832,38.871],[48.835,38.819],[48.863,38.757],[48.874,38.434],[48.778,38.445],[48.683,38.398],[48.608,38.396],[48.434,38.57],[48.415,38.618],[48.31,38.6],[48.228,38.662],[48.223,38.721],[48.078,38.781],[47.993,38.85],[47.991,38.891],[48.052,38.928],[48.059,38.948],[48.243,38.974],[48.294,39.005],[48.307,39.045],[48.271,39.108],[48.142,39.181],[48.104,39.235],[48.106,39.269],[48.154,39.319],[48.339,39.379],[48.289,39.445],[47.971,39.705],[47.923,39.684],[47.823,39.68],[47.541,39.515],[47.407,39.477],[47.291,39.38],[47.102,39.308],[47.02,39.19],[46.954,39.161],[46.866,39.165],[46.774,39.085],[46.745,39.04],[46.652,38.993],[46.585,38.908],[46.514,38.882],[46.475,38.951],[46.492,39.082],[46.479,39.115],[46.396,39.164],[46.395,39.195],[46.418,39.212],[46.514,39.184],[46.603,39.215],[46.518,39.279],[46.495,39.324],[46.375,39.379],[46.361,39.41],[46.374,39.436],[46.406,39.451],[46.491,39.466],[46.492,39.51],[46.518,39.525],[46.524,39.555],[46.495,39.576],[46.396,39.577],[46.344,39.619],[46.184,39.593],[46.132,39.652],[46.045,39.688],[45.979,39.768],[45.862,39.805],[45.817,39.839],[45.743,39.941],[45.579,39.97],[45.576,39.994],[45.64,40.025],[45.874,40.01],[45.91,40.083],[45.963,40.142],[45.979,40.224],[45.939,40.26],[45.862,40.261],[45.818,40.298],[45.585,40.399],[45.526,40.441],[45.485,40.505],[45.455,40.524],[45.445,40.566],[45.388,40.61],[45.374,40.675],[45.399,40.709],[45.556,40.777],[45.582,40.799],[45.599,40.863],[45.538,40.876],[45.479,40.93],[45.416,40.961],[45.419,41.017],[45.313,40.997],[45.222,41.014],[45.12,41.08],[45.111,41.05],[45.07,41.062],[45.057,41.079],[45.068,41.111],[45.167,41.108],[45.201,41.127],[45.187,41.157],[45.134,41.188],[45.035,41.198],[45.039,41.231],[45.002,41.29]],[[45.514,40.602],[45.561,40.648],[45.535,40.659],[45.492,40.657],[45.471,40.63],[45.479,40.61],[45.514,40.602]]],[[[46.126,38.863],[45.717,38.955],[45.531,38.969],[45.439,39.004],[45.425,39.026],[45.435,39.053],[45.396,39.073],[45.345,39.138],[45.348,39.164],[45.311,39.176],[45.311,39.201],[45.153,39.214],[45.136,39.278],[45.096,39.341],[45.006,39.418],[44.957,39.434],[44.962,39.454],[44.928,39.488],[44.886,39.606],[44.865,39.618],[44.872,39.625],[44.81,39.637],[44.775,39.703],[44.927,39.725],[45.034,39.77],[45.068,39.757],[45.152,39.668],[45.148,39.575],[45.205,39.572],[45.26,39.6],[45.313,39.534],[45.375,39.526],[45.435,39.489],[45.586,39.545],[45.715,39.569],[45.788,39.549],[45.803,39.448],[45.759,39.369],[45.986,39.249],[45.955,39.203],[45.958,39.152],[46.025,39.064],[46.126,38.863]]],[[[45.187,40.971],[45.184,40.998],[45.22,40.979],[45.21,40.968],[45.187,40.971]]],[[[50.619,40.3],[50.573,40.31],[50.565,40.338],[50.621,40.326],[50.619,40.3]]],[[[50.395,40.42],[50.354,40.4],[50.359,40.424],[50.326,40.458],[50.326,40.482],[50.354,40.481],[50.395,40.42]]]]}},{"type":"Feature","properties":{"name":"Serbia","iso":"SRB"},"geometry":{"type":"Polygon","coordinates":[[[20.065,42.547],[20.076,42.603],[20.104,42.653],[20.036,42.708],[20.027,42.743],[20.076,42.773],[20.183,42.743],[20.208,42.763],[20.218,42.803],[20.345,42.827],[20.355,42.866],[20.337,42.907],[20.195,42.967],[20.117,42.977],[20.0,43.058],[20.0,46.157],[20.035,46.143],[20.098,46.155],[20.138,46.136],[20.188,46.14],[20.306,46.054],[20.354,45.977],[20.482,45.913],[20.572,45.888],[20.637,45.827],[20.646,45.789],[20.7,45.735],[20.777,45.762],[20.78,45.672],[20.754,45.606],[20.8,45.531],[20.761,45.493],[20.966,45.342],[21.092,45.288],[21.139,45.304],[21.239,45.229],[21.406,45.2],[21.493,45.145],[21.494,45.119],[21.442,45.093],[21.422,45.031],[21.363,45.017],[21.351,44.998],[21.408,44.958],[21.516,44.934],[21.539,44.908],[21.536,44.889],[21.356,44.857],[21.343,44.832],[21.379,44.817],[21.396,44.79],[21.578,44.778],[21.62,44.714],[21.656,44.688],[21.757,44.677],[21.855,44.698],[21.994,44.659],[22.045,44.569],[22.076,44.551],[22.087,44.522],[22.127,44.503],[22.185,44.515],[22.305,44.677],[22.381,44.701],[22.426,44.734],[22.484,44.724],[22.587,44.649],[22.7,44.631],[22.765,44.583],[22.742,44.552],[22.7,44.542],[22.621,44.569],[22.58,44.565],[22.548,44.512],[22.484,44.5],[22.477,44.464],[22.505,44.435],[22.523,44.375],[22.583,44.328],[22.682,44.305],[22.692,44.228],[22.649,44.214],[22.606,44.175],[22.593,44.064],[22.534,44.057],[22.504,44.02],[22.434,44.014],[22.4,43.993],[22.349,43.808],[22.389,43.758],[22.405,43.687],[22.466,43.649],[22.478,43.559],[22.519,43.474],[22.596,43.429],[22.638,43.426],[22.665,43.397],[22.733,43.382],[22.805,43.329],[22.827,43.281],[22.884,43.231],[22.981,43.199],[22.985,43.175],[22.956,43.108],[22.902,43.07],[22.884,43.037],[22.829,42.994],[22.776,42.98],[22.727,42.887],[22.666,42.872],[22.564,42.884],[22.506,42.87],[22.427,42.814],[22.483,42.734],[22.442,42.682],[22.425,42.573],[22.512,42.519],[22.537,42.478],[22.509,42.405],[22.47,42.392],[22.424,42.326],[22.308,42.319],[22.277,42.341],[22.269,42.37],[22.061,42.301],[21.929,42.335],[21.884,42.31],[21.817,42.305],[21.677,42.235],[21.482,42.248],[21.468,42.235],[21.436,42.247],[21.42,42.24],[21.43,42.216],[21.354,42.216],[21.295,42.149],[21.301,42.101],[21.289,42.09],[21.238,42.097],[21.164,42.167],[21.098,42.196],[21.004,42.142],[20.785,42.082],[20.765,42.064],[20.743,41.993],[20.75,41.907],[20.723,41.867],[20.681,41.844],[20.643,41.874],[20.602,41.85],[20.567,41.873],[20.562,41.9],[20.599,41.961],[20.552,42.074],[20.549,42.123],[20.501,42.211],[20.333,42.318],[20.238,42.32],[20.219,42.371],[20.193,42.394],[20.2,42.428],[20.136,42.51],[20.065,42.547]]]}},{"type":"Feature","properties":{"name":"Turkey","iso":"TUR"},"geometry":{"type":"MultiPolygon","coordinates":[[[[43.436,41.083],[43.46,41.023],[43.565,40.988],[43.636,40.934],[43.66,40.852],[43.721,40.763],[43.729,40.677],[43.7,40.635],[43.707,40.612],[43.665,40.574],[43.653,40.529],[43.631,40.537],[43.639,40.523],[43.594,40.509],[43.559,40.478],[43.625,40.42],[43.594,40.345],[43.676,40.266],[43.691,40.239],[43.673,40.228],[43.721,40.169],[43.653,40.139],[43.665,40.11],[43.912,40.024],[44.032,40.009],[44.104,40.036],[44.135,40.022],[44.255,40.043],[44.326,40.035],[44.522,39.934],[44.591,39.858],[44.598,39.831],[44.612,39.837],[44.648,39.805],[44.692,39.793],[44.784,39.69],[44.807,39.64],[44.647,39.72],[44.59,39.772],[44.566,39.766],[44.459,39.698],[44.458,39.639],[44.414,39.561],[44.405,39.434],[44.388,39.414],[44.295,39.381],[44.177,39.412],[44.061,39.4],[44.015,39.374],[44.069,39.287],[44.078,39.2],[44.187,39.145],[44.195,39.121],[44.17,39.074],[44.179,39.035],[44.139,38.994],[44.152,38.965],[44.206,38.876],[44.275,38.844],[44.28,38.814],[44.249,38.722],[44.26,38.679],[44.244,38.659],[44.283,38.645],[44.297,38.622],[44.29,38.382],[44.363,38.365],[44.409,38.382],[44.459,38.338],[44.437,38.297],[44.372,38.25],[44.361,38.148],[44.327,38.128],[44.334,38.101],[44.296,38.079],[44.228,37.981],[44.225,37.929],[44.202,37.897],[44.22,37.875],[44.319,37.877],[44.367,37.86],[44.404,37.81],[44.433,37.806],[44.436,37.768],[44.506,37.779],[44.596,37.716],[44.545,37.663],[44.541,37.633],[44.587,37.584],[44.566,37.447],[44.572,37.431],[44.638,37.413],[44.662,37.376],[44.698,37.38],[44.721,37.343],[44.802,37.293],[44.798,37.26],[44.754,37.215],[44.766,37.142],[44.734,37.167],[44.61,37.178],[44.454,37.076],[44.343,37.042],[44.307,36.977],[44.285,36.969],[44.234,36.984],[44.18,37.088],[44.189,37.129],[44.248,37.17],[44.235,37.237],[44.184,37.279],[44.088,37.311],[43.99,37.313],[43.894,37.225],[43.809,37.2],[43.747,37.231],[43.594,37.229],[43.53,37.254],[43.48,37.243],[43.336,37.32],[43.27,37.309],[43.115,37.371],[42.937,37.32],[42.814,37.347],[42.78,37.375],[42.716,37.355],[42.545,37.141],[42.357,37.11],[42.355,37.152],[42.335,37.171],[42.347,37.24],[42.292,37.285],[42.267,37.275],[42.223,37.288],[42.211,37.325],[42.009,37.176],[41.48,37.076],[41.201,37.065],[40.896,37.123],[40.709,37.1],[40.526,37.026],[40.414,37.004],[40.19,36.884],[39.765,36.742],[39.24,36.661],[39.186,36.66],[39.032,36.701],[38.725,36.694],[38.664,36.72],[38.529,36.834],[38.48,36.856],[38.224,36.908],[38.123,36.885],[38.008,36.826],[37.82,36.761],[37.654,36.732],[37.446,36.634],[37.242,36.659],[37.104,36.651],[37.053,36.62],[37.015,36.642],[37.018,36.707],[36.965,36.754],[36.64,36.828],[36.643,36.804],[36.603,36.747],[36.569,36.62],[36.565,36.532],[36.531,36.479],[36.553,36.408],[36.593,36.373],[36.578,36.333],[36.649,36.306],[36.67,36.237],[36.593,36.218],[36.48,36.226],[36.451,36.2],[36.373,36.228],[36.361,36.218],[36.376,36.205],[36.359,36.167],[36.358,35.994],[36.297,36.001],[36.278,35.994],[36.269,35.959],[36.197,35.952],[36.175,35.923],[36.158,35.823],[36.138,35.82],[36.051,35.865],[36.004,35.869],[35.98,35.927],[35.911,35.918],[35.977,36.001],[35.975,36.019],[35.948,36.088],[35.787,36.304],[35.824,36.361],[35.857,36.37],[35.908,36.418],[35.919,36.448],[35.99,36.48],[36.045,36.538],[36.179,36.596],[36.211,36.642],[36.189,36.802],[36.095,36.897],[36.02,36.926],[35.985,36.916],[35.805,36.775],[35.684,36.765],[35.648,36.754],[35.614,36.72],[35.607,36.74],[35.573,36.701],[35.579,36.685],[35.594,36.702],[35.617,36.696],[35.62,36.712],[35.634,36.699],[35.634,36.727],[35.648,36.733],[35.665,36.712],[35.709,36.72],[35.623,36.681],[35.609,36.647],[35.696,36.706],[35.658,36.675],[35.624,36.603],[35.557,36.587],[35.49,36.614],[35.479,36.599],[35.531,36.583],[35.445,36.596],[35.346,36.541],[34.982,36.721],[34.9,36.72],[34.908,36.74],[34.771,36.816],[34.693,36.814],[34.555,36.768],[34.415,36.663],[34.276,36.587],[34.178,36.473],[34.077,36.414],[34.078,36.329],[34.0,36.303],[33.959,36.214],[33.941,36.213],[33.951,36.238],[33.931,36.29],[33.871,36.315],[33.811,36.267],[33.825,36.26],[33.799,36.231],[33.743,36.213],[33.705,36.182],[33.688,36.137],[33.647,36.193],[33.552,36.128],[33.531,36.131],[33.544,36.144],[33.458,36.158],[33.386,36.137],[33.327,36.15],[33.308,36.132],[33.212,36.124],[33.157,36.137],[33.088,36.083],[32.941,36.104],[32.804,36.027],[32.671,36.047],[32.568,36.096],[32.513,36.103],[32.365,36.178],[32.287,36.245],[32.276,36.288],[32.192,36.358],[32.174,36.402],[32.102,36.486],[32.019,36.547],[31.817,36.59],[31.737,36.642],[31.379,36.768],[31.376,36.792],[31.341,36.809],[30.94,36.857],[30.776,36.85],[30.687,36.891],[30.602,36.838],[30.57,36.781],[30.577,36.679],[30.556,36.638],[30.584,36.596],[30.57,36.528],[30.521,36.49],[30.475,36.402],[30.502,36.364],[30.494,36.349],[30.52,36.342],[30.479,36.309],[30.467,36.288],[30.488,36.288],[30.427,36.226],[30.399,36.206],[30.4,36.248],[30.384,36.274],[30.361,36.269],[30.255,36.308],[30.159,36.299],[30.145,36.254],[30.131,36.274],[30.111,36.24],[30.048,36.259],[30.035,36.254],[30.056,36.247],[29.988,36.218],[29.917,36.219],[29.83,36.185],[29.837,36.178],[29.803,36.172],[29.823,36.165],[29.78,36.139],[29.762,36.137],[29.775,36.158],[29.719,36.163],[29.672,36.123],[29.668,36.144],[29.634,36.157],[29.624,36.178],[29.637,36.172],[29.642,36.187],[29.584,36.185],[29.624,36.199],[29.494,36.211],[29.432,36.24],[29.42,36.231],[29.412,36.267],[29.382,36.264],[29.35,36.233],[29.235,36.324],[29.158,36.357],[29.145,36.349],[29.145,36.377],[29.096,36.391],[29.13,36.411],[29.124,36.454],[29.096,36.473],[29.124,36.493],[29.115,36.553],[29.014,36.548],[29.037,36.561],[29.021,36.59],[29.042,36.624],[29.056,36.614],[29.096,36.644],[29.091,36.627],[29.117,36.634],[29.096,36.665],[28.956,36.728],[28.939,36.751],[28.891,36.712],[28.898,36.699],[28.864,36.693],[28.862,36.668],[28.85,36.665],[28.87,36.631],[28.888,36.648],[28.884,36.671],[28.902,36.658],[28.864,36.617],[28.87,36.607],[28.829,36.603],[28.819,36.621],[28.843,36.638],[28.788,36.651],[28.783,36.677],[28.746,36.698],[28.702,36.705],[28.665,36.693],[28.649,36.718],[28.623,36.699],[28.604,36.734],[28.617,36.767],[28.61,36.816],[28.597,36.795],[28.576,36.82],[28.546,36.823],[28.524,36.813],[28.528,36.789],[28.487,36.802],[28.5,36.816],[28.456,36.829],[28.453,36.85],[28.466,36.853],[28.452,36.884],[28.436,36.865],[28.377,36.854],[28.425,36.829],[28.396,36.789],[28.315,36.816],[28.315,36.795],[28.278,36.796],[28.278,36.814],[28.315,36.829],[28.273,36.852],[28.257,36.846],[28.237,36.813],[28.249,36.767],[28.289,36.743],[28.295,36.72],[28.267,36.731],[28.247,36.712],[28.234,36.72],[28.234,36.699],[28.162,36.673],[28.112,36.604],[28.088,36.589],[28.062,36.596],[28.036,36.565],[28.014,36.576],[28.004,36.562],[27.978,36.566],[27.959,36.603],[28.034,36.603],[28.09,36.644],[28.076,36.658],[28.048,36.638],[28.061,36.665],[28.038,36.691],[28.03,36.67],[27.966,36.689],[28.042,36.72],[28.116,36.719],[28.117,36.734],[28.082,36.747],[28.11,36.775],[28.131,36.754],[28.118,36.801],[28.095,36.801],[28.047,36.763],[28.034,36.775],[27.918,36.74],[27.912,36.754],[27.856,36.74],[27.806,36.761],[27.719,36.756],[27.684,36.727],[27.671,36.658],[27.555,36.685],[27.473,36.651],[27.404,36.665],[27.394,36.684],[27.363,36.685],[27.356,36.712],[27.414,36.709],[27.45,36.754],[27.612,36.765],[27.623,36.802],[27.645,36.806],[27.691,36.784],[27.76,36.781],[27.799,36.807],[27.897,36.812],[28.028,36.781],[28.055,36.809],[28.04,36.827],[28.007,36.829],[28.025,36.839],[28.007,36.857],[28.055,36.871],[28.021,36.912],[28.042,36.912],[28.028,36.926],[28.062,36.926],[28.042,36.939],[28.157,36.932],[28.165,36.912],[28.157,36.946],[28.185,36.939],[28.212,36.973],[28.199,36.981],[28.212,37.0],[28.245,36.988],[28.247,37.008],[28.329,37.037],[28.305,37.051],[28.126,37.036],[28.107,37.032],[28.11,37.014],[27.987,37.035],[27.788,37.008],[27.78,36.994],[27.688,37.005],[27.636,36.981],[27.567,36.997],[27.562,36.973],[27.528,36.991],[27.473,36.994],[27.438,37.028],[27.408,37.017],[27.397,37.028],[27.383,36.994],[27.376,37.028],[27.329,37.014],[27.327,36.986],[27.301,36.973],[27.308,36.959],[27.263,36.963],[27.229,37.062],[27.239,37.083],[27.294,37.11],[27.26,37.11],[27.253,37.124],[27.322,37.124],[27.322,37.159],[27.342,37.13],[27.383,37.152],[27.387,37.13],[27.438,37.124],[27.46,37.09],[27.565,37.126],[27.576,37.138],[27.555,37.13],[27.528,37.193],[27.588,37.199],[27.576,37.179],[27.61,37.2],[27.589,37.211],[27.589,37.231],[27.616,37.275],[27.553,37.273],[27.515,37.229],[27.5,37.234],[27.518,37.246],[27.509,37.268],[27.464,37.252],[27.491,37.327],[27.473,37.344],[27.469,37.316],[27.446,37.306],[27.397,37.323],[27.397,37.366],[27.438,37.391],[27.407,37.413],[27.37,37.405],[27.346,37.371],[27.322,37.371],[27.33,37.352],[27.246,37.336],[27.191,37.357],[27.205,37.398],[27.226,37.405],[27.223,37.477],[27.178,37.467],[27.19,37.513],[27.18,37.545],[27.209,37.563],[27.209,37.597],[27.011,37.666],[27.021,37.686],[27.127,37.689],[27.213,37.713],[27.25,37.744],[27.262,37.804],[27.239,37.864],[27.275,37.929],[27.239,37.988],[27.141,37.986],[27.07,38.02],[27.056,38.046],[26.975,38.065],[26.893,38.056],[26.873,38.035],[26.842,38.076],[26.835,38.131],[26.794,38.172],[26.776,38.165],[26.76,38.217],[26.636,38.204],[26.623,38.139],[26.609,38.145],[26.612,38.118],[26.595,38.104],[26.568,38.145],[26.557,38.122],[26.524,38.147],[26.519,38.18],[26.492,38.174],[26.417,38.221],[26.417,38.2],[26.39,38.224],[26.39,38.262],[26.354,38.228],[26.233,38.28],[26.239,38.296],[26.265,38.287],[26.286,38.319],[26.308,38.323],[26.289,38.341],[26.294,38.37],[26.308,38.358],[26.321,38.378],[26.314,38.337],[26.385,38.318],[26.383,38.344],[26.417,38.337],[26.476,38.367],[26.452,38.426],[26.489,38.406],[26.513,38.433],[26.441,38.473],[26.388,38.454],[26.404,38.488],[26.37,38.535],[26.349,38.635],[26.356,38.662],[26.414,38.679],[26.506,38.653],[26.63,38.519],[26.643,38.468],[26.588,38.461],[26.605,38.454],[26.588,38.419],[26.622,38.405],[26.673,38.307],[26.7,38.326],[26.678,38.344],[26.671,38.385],[26.702,38.43],[26.725,38.433],[26.767,38.364],[26.787,38.372],[26.795,38.359],[26.925,38.378],[27.013,38.413],[27.089,38.402],[27.164,38.447],[27.154,38.459],[27.022,38.462],[26.935,38.435],[26.945,38.447],[26.898,38.495],[26.849,38.512],[26.815,38.543],[26.89,38.508],[26.835,38.549],[26.849,38.597],[26.834,38.608],[26.794,38.597],[26.801,38.612],[26.753,38.618],[26.759,38.638],[26.719,38.653],[26.753,38.666],[26.719,38.721],[26.818,38.755],[26.903,38.735],[26.897,38.748],[26.931,38.755],[26.935,38.77],[26.897,38.817],[26.938,38.83],[26.944,38.809],[26.961,38.806],[26.971,38.819],[26.959,38.844],[27.013,38.871],[27.034,38.861],[27.063,38.887],[27.041,38.892],[27.058,38.919],[27.041,38.94],[26.983,38.92],[26.962,38.94],[26.925,38.94],[26.866,38.913],[26.806,38.95],[26.799,38.998],[26.815,39.022],[26.794,39.022],[26.873,39.063],[26.875,39.091],[26.824,39.149],[26.738,39.197],[26.719,39.263],[26.609,39.275],[26.646,39.318],[26.654,39.306],[26.636,39.297],[26.671,39.283],[26.67,39.306],[26.815,39.399],[26.801,39.406],[26.801,39.434],[26.851,39.44],[26.868,39.472],[26.93,39.488],[26.945,39.54],[26.938,39.575],[26.893,39.584],[26.833,39.557],[26.808,39.571],[26.457,39.521],[26.362,39.481],[26.287,39.488],[26.249,39.466],[26.113,39.459],[26.074,39.475],[26.07,39.496],[26.111,39.598],[26.157,39.649],[26.164,39.704],[26.136,39.756],[26.155,39.826],[26.136,39.838],[26.168,39.974],[26.198,40.009],[26.251,39.995],[26.311,40.019],[26.362,40.063],[26.369,40.103],[26.393,40.108],[26.408,40.194],[26.501,40.213],[26.736,40.404],[26.897,40.406],[26.991,40.389],[27.096,40.452],[27.215,40.448],[27.287,40.468],[27.329,40.414],[27.294,40.406],[27.338,40.37],[27.452,40.322],[27.551,40.309],[27.613,40.331],[27.763,40.315],[27.884,40.386],[27.792,40.393],[27.75,40.458],[27.684,40.496],[27.76,40.537],[27.78,40.515],[27.97,40.503],[28.034,40.474],[28.017,40.451],[27.904,40.4],[27.908,40.374],[27.945,40.366],[28.112,40.396],[28.348,40.404],[28.487,40.4],[28.459,40.379],[28.545,40.391],[28.638,40.365],[28.772,40.403],[28.939,40.365],[29.052,40.367],[29.09,40.427],[29.152,40.434],[29.066,40.482],[29.011,40.482],[28.969,40.461],[28.917,40.471],[28.774,40.523],[28.793,40.553],[28.898,40.592],[28.986,40.645],[29.282,40.666],[29.392,40.708],[29.417,40.687],[29.491,40.727],[29.528,40.722],[29.56,40.691],[29.753,40.725],[29.924,40.716],[29.939,40.735],[29.929,40.758],[29.775,40.749],[29.666,40.784],[29.429,40.776],[29.378,40.757],[29.329,40.79],[29.34,40.808],[29.315,40.824],[29.255,40.811],[29.275,40.839],[29.295,40.839],[29.264,40.87],[29.145,40.914],[29.028,40.982],[29.008,41.031],[29.062,41.076],[29.091,41.141],[29.069,41.153],[29.17,41.233],[29.232,41.241],[29.885,41.149],[30.137,41.144],[30.217,41.167],[30.282,41.216],[30.37,41.181],[30.699,41.122],[30.748,41.092],[30.833,41.08],[31.231,41.092],[31.324,41.134],[31.393,41.188],[31.42,41.28],[31.396,41.295],[31.404,41.316],[31.471,41.325],[31.498,41.352],[31.659,41.398],[31.872,41.505],[32.162,41.612],[32.263,41.72],[32.352,41.729],[32.383,41.756],[32.4,41.742],[32.535,41.811],[32.578,41.811],[32.613,41.84],[32.679,41.836],[32.926,41.882],[33.324,42.019],[33.874,41.974],[34.004,41.983],[34.331,41.948],[34.483,41.975],[34.562,41.952],[34.694,41.946],[34.799,41.962],[34.889,42.008],[34.942,42.069],[34.948,42.099],[35.024,42.093],[35.044,42.052],[35.082,42.029],[35.134,42.024],[35.171,42.044],[35.216,42.024],[35.117,42.007],[35.092,41.928],[35.126,41.875],[35.209,41.811],[35.196,41.805],[35.225,41.762],[35.298,41.715],[35.401,41.692],[35.486,41.645],[35.577,41.63],[35.894,41.707],[35.957,41.736],[35.929,41.709],[35.915,41.646],[35.934,41.692],[35.973,41.729],[36.038,41.688],[36.045,41.701],[36.134,41.599],[36.12,41.494],[36.134,41.462],[36.205,41.406],[36.237,41.359],[36.332,41.323],[36.344,41.289],[36.395,41.256],[36.451,41.24],[36.518,41.263],[36.579,41.307],[36.62,41.375],[36.758,41.366],[36.985,41.295],[37.032,41.243],[37.04,41.182],[37.136,41.147],[37.299,41.14],[37.395,41.108],[37.525,41.037],[37.608,41.05],[37.64,41.102],[37.69,41.14],[37.715,41.115],[37.784,41.123],[37.785,41.06],[37.868,41.016],[37.896,40.982],[37.935,40.995],[38.201,40.941],[38.268,40.95],[38.331,40.918],[38.539,40.927],[38.637,40.976],[38.678,40.949],[38.718,40.955],[38.784,41.002],[38.908,41.038],[39.042,41.043],[39.168,41.08],[39.273,41.05],[39.43,41.112],[39.493,41.101],[39.63,41.008],[39.73,41.017],[39.896,40.955],[39.999,40.982],[40.086,40.926],[40.143,40.923],[40.301,40.968],[40.465,41.05],[40.557,41.042],[40.626,41.082],[40.698,41.098],[40.758,41.158],[40.827,41.198],[40.922,41.191],[41.043,41.232],[41.121,41.286],[41.191,41.296],[41.285,41.354],[41.39,41.379],[41.424,41.408],[41.438,41.451],[41.521,41.514],[41.64,41.479],[41.703,41.489],[41.707,41.463],[41.761,41.454],[41.813,41.422],[41.894,41.486],[41.948,41.506],[42.02,41.485],[42.158,41.5],[42.189,41.482],[42.262,41.482],[42.463,41.432],[42.536,41.493],[42.565,41.567],[42.661,41.588],[42.82,41.572],[42.803,41.534],[42.767,41.504],[42.83,41.473],[42.868,41.5],[42.889,41.47],[42.958,41.437],[43.002,41.383],[43.124,41.313],[43.184,41.299],[43.157,41.27],[43.103,41.249],[43.172,41.242],[43.231,41.173],[43.352,41.194],[43.411,41.175],[43.452,41.133],[43.436,41.083]]],[[[28.017,41.973],[28.045,41.89],[27.978,41.887],[27.972,41.822],[28.088,41.677],[28.076,41.661],[28.097,41.627],[28.233,41.519],[28.384,41.447],[28.908,41.267],[29.024,41.243],[29.069,41.254],[29.109,41.235],[29.087,41.192],[29.041,41.164],[29.071,41.13],[29.042,41.066],[28.99,41.031],[28.992,41.008],[28.946,41.009],[28.822,40.962],[28.77,40.979],[28.625,40.968],[28.595,40.978],[28.604,41.009],[28.576,41.024],[28.583,41.046],[28.552,41.081],[28.528,41.085],[28.563,41.037],[28.541,40.99],[28.512,40.993],[28.435,41.043],[28.237,41.085],[28.165,41.085],[28.013,41.041],[27.941,40.971],[27.738,41.013],[27.524,40.989],[27.493,40.975],[27.472,40.942],[27.425,40.831],[27.331,40.761],[27.288,40.704],[27.178,40.633],[27.048,40.612],[26.99,40.564],[26.912,40.551],[26.683,40.455],[26.674,40.426],[26.632,40.4],[26.602,40.346],[26.497,40.29],[26.427,40.23],[26.346,40.2],[26.376,40.154],[26.231,40.065],[26.157,40.055],[26.272,40.23],[26.267,40.258],[26.218,40.297],[26.232,40.31],[26.21,40.322],[26.219,40.331],[26.321,40.365],[26.433,40.44],[26.564,40.499],[26.684,40.515],[26.733,40.564],[26.788,40.563],[26.829,40.602],[26.79,40.661],[26.609,40.639],[26.506,40.599],[26.445,40.619],[26.4,40.604],[26.373,40.614],[26.303,40.601],[26.091,40.605],[26.054,40.661],[26.058,40.698],[26.033,40.735],[26.112,40.747],[26.158,40.812],[26.212,40.847],[26.206,40.865],[26.226,40.899],[26.239,40.886],[26.26,40.92],[26.304,40.909],[26.294,40.927],[26.359,40.965],[26.333,40.991],[26.368,41.008],[26.374,41.031],[26.348,41.041],[26.325,41.074],[26.339,41.114],[26.317,41.122],[26.336,41.153],[26.321,41.188],[26.336,41.229],[26.321,41.246],[26.412,41.266],[26.54,41.352],[26.591,41.329],[26.632,41.358],[26.636,41.4],[26.595,41.537],[26.595,41.612],[26.576,41.591],[26.464,41.649],[26.476,41.676],[26.333,41.713],[26.316,41.744],[26.334,41.79],[26.376,41.817],[26.526,41.824],[26.559,41.902],[26.543,41.92],[26.606,41.967],[26.737,41.959],[26.781,41.983],[26.819,41.966],[26.861,41.988],[26.939,41.996],[27.047,42.083],[27.174,42.057],[27.216,42.096],[27.273,42.092],[27.332,42.057],[27.397,41.989],[27.546,41.901],[27.563,41.906],[27.551,41.924],[27.603,41.939],[27.609,41.953],[27.687,41.969],[27.815,41.947],[27.803,41.96],[27.816,41.995],[28.017,41.973]]],[[[26.077,39.845],[26.075,39.785],[25.978,39.834],[26.004,39.845],[26.077,39.845]]],[[[26.012,40.146],[25.766,40.097],[25.663,40.126],[25.686,40.161],[25.759,40.207],[25.926,40.243],[25.972,40.221],[25.963,40.157],[26.012,40.167],[26.012,40.146]]],[[[27.605,40.663],[27.728,40.643],[27.733,40.625],[27.605,40.577],[27.536,40.602],[27.526,40.639],[27.546,40.66],[27.555,40.647],[27.605,40.663]]],[[[27.653,40.46],[27.646,40.448],[27.596,40.458],[27.58,40.477],[27.607,40.505],[27.64,40.494],[27.635,40.467],[27.653,40.46]]]]}},{"type":"Feature","properties":{"name":"Laos","iso":"LAO"},"geometry":{"type":"Polygon","coordinates":[[[102.125,22.384],[102.154,22.305],[102.207,22.245],[102.389,22.117],[102.422,22.062],[102.483,22.021],[102.466,21.995],[102.478,21.958],[102.591,21.901],[102.625,21.829],[102.632,21.706],[102.651,21.658],[102.721,21.662],[102.752,21.681],[102.787,21.74],[102.789,21.82],[102.807,21.836],[102.826,21.821],[102.847,21.704],[102.948,21.737],[102.974,21.575],[102.85,21.425],[102.918,21.45],[102.884,21.388],[102.875,21.305],[102.801,21.255],[102.85,21.252],[102.888,21.227],[102.883,21.176],[102.926,21.142],[102.947,21.076],[103.015,21.041],[103.087,20.902],[103.136,20.85],[103.207,20.825],[103.263,20.826],[103.358,20.788],[103.44,20.816],[103.489,20.752],[103.578,20.733],[103.676,20.657],[103.714,20.672],[103.707,20.722],[103.755,20.743],[103.757,20.796],[103.785,20.846],[104.011,20.908],[104.057,20.959],[104.092,20.961],[104.194,20.93],[104.221,20.892],[104.279,20.892],[104.389,20.771],[104.453,20.764],[104.492,20.702],[104.615,20.646],[104.543,20.536],[104.496,20.512],[104.445,20.535],[104.424,20.495],[104.36,20.44],[104.432,20.411],[104.576,20.414],[104.681,20.341],[104.689,20.301],[104.657,20.28],[104.657,20.213],[104.691,20.197],[104.819,20.221],[104.908,20.175],[104.905,20.135],[104.964,20.076],[104.944,20.067],[104.949,19.995],[104.874,19.983],[104.858,19.955],[104.781,19.908],[104.756,19.867],[104.817,19.848],[104.805,19.791],[104.676,19.725],[104.614,19.607],[104.579,19.618],[104.506,19.603],[104.38,19.685],[104.342,19.683],[104.295,19.655],[104.277,19.684],[104.229,19.706],[104.136,19.687],[104.089,19.652],[104.001,19.681],[104.017,19.6],[104.072,19.559],[104.09,19.484],[104.061,19.471],[104.038,19.413],[103.953,19.391],[103.848,19.3],[103.893,19.294],[103.911,19.263],[103.973,19.225],[104.037,19.23],[104.148,19.183],[104.198,19.147],[104.211,19.101],[104.26,19.104],[104.355,19.048],[104.413,18.983],[104.498,18.968],[104.556,18.896],[104.646,18.833],[104.686,18.825],[104.71,18.796],[104.802,18.775],[104.873,18.778],[104.899,18.771],[104.92,18.736],[104.99,18.733],[105.065,18.697],[105.113,18.698],[105.169,18.615],[105.162,18.598],[105.128,18.599],[105.114,18.581],[105.08,18.454],[105.091,18.427],[105.163,18.366],[105.166,18.307],[105.236,18.249],[105.293,18.253],[105.295,18.196],[105.366,18.151],[105.41,18.202],[105.467,18.181],[105.476,18.127],[105.547,18.059],[105.559,18.015],[105.606,17.964],[105.594,17.888],[105.605,17.854],[105.644,17.82],[105.723,17.673],[105.82,17.622],[106.019,17.394],[106.185,17.257],[106.222,17.245],[106.26,17.289],[106.285,17.285],[106.311,17.227],[106.306,17.177],[106.395,17.068],[106.387,17.047],[106.411,16.996],[106.497,16.964],[106.525,16.989],[106.541,16.659],[106.572,16.614],[106.64,16.587],[106.641,16.51],[106.671,16.444],[106.742,16.422],[106.823,16.531],[106.847,16.53],[106.864,16.504],[106.856,16.415],[106.876,16.418],[106.898,16.379],[106.946,16.346],[106.957,16.307],[107.053,16.295],[107.108,16.267],[107.142,16.177],[107.239,16.13],[107.299,16.064],[107.436,16.069],[107.445,16.01],[107.376,15.919],[107.305,15.899],[107.236,15.856],[107.186,15.859],[107.149,15.773],[107.226,15.717],[107.239,15.645],[107.316,15.589],[107.369,15.496],[107.443,15.509],[107.461,15.484],[107.487,15.481],[107.494,15.42],[107.573,15.411],[107.587,15.343],[107.664,15.269],[107.654,15.2],[107.627,15.197],[107.616,15.136],[107.58,15.097],[107.589,15.058],[107.446,15.025],[107.462,14.957],[107.558,14.887],[107.491,14.804],[107.52,14.705],[107.452,14.632],[107.415,14.543],[107.287,14.599],[107.234,14.545],[107.22,14.498],[107.181,14.496],[107.159,14.452],[107.101,14.408],[107.079,14.401],[107.027,14.435],[106.946,14.324],[106.885,14.336],[106.836,14.307],[106.793,14.323],[106.707,14.429],[106.634,14.451],[106.586,14.496],[106.544,14.512],[106.512,14.59],[106.472,14.564],[106.485,14.524],[106.436,14.524],[106.445,14.499],[106.394,14.456],[106.306,14.445],[106.23,14.49],[106.204,14.4],[106.173,14.37],[106.064,14.373],[106.055,14.348],[105.974,14.366],[105.969,14.355],[105.974,14.321],[106.005,14.29],[106.012,14.226],[106.076,14.175],[106.149,14.054],[106.082,13.981],[106.084,13.934],[106.069,13.917],[105.9,13.923],[105.787,14.01],[105.744,14.087],[105.643,14.113],[105.617,14.103],[105.595,14.136],[105.561,14.138],[105.533,14.164],[105.45,14.117],[105.364,14.104],[105.338,14.11],[105.257,14.182],[105.188,14.291],[105.184,14.346],[105.269,14.364],[105.295,14.399],[105.335,14.386],[105.368,14.415],[105.416,14.428],[105.508,14.564],[105.496,14.66],[105.505,14.736],[105.489,14.786],[105.502,14.827],[105.524,14.837],[105.518,14.878],[105.543,14.88],[105.551,14.902],[105.534,14.934],[105.593,14.991],[105.554,15.005],[105.521,15.066],[105.452,15.095],[105.444,15.134],[105.463,15.189],[105.564,15.273],[105.558,15.325],[105.499,15.325],[105.477,15.353],[105.486,15.375],[105.604,15.439],[105.651,15.635],[105.641,15.682],[105.569,15.749],[105.448,15.765],[105.412,15.8],[105.361,15.919],[105.362,15.955],[105.422,16.01],[105.237,16.051],[105.058,16.121],[105.033,16.165],[105.015,16.277],[104.908,16.353],[104.855,16.454],[104.765,16.511],[104.748,16.572],[104.779,16.705],[104.74,17.003],[104.81,17.172],[104.816,17.373],[104.789,17.429],[104.757,17.45],[104.703,17.527],[104.452,17.666],[104.353,17.819],[104.27,17.874],[104.211,18.009],[104.122,18.095],[104.019,18.299],[103.975,18.331],[103.929,18.328],[103.874,18.283],[103.801,18.338],[103.696,18.353],[103.549,18.415],[103.397,18.441],[103.307,18.426],[103.261,18.4],[103.234,18.356],[103.295,18.288],[103.168,18.25],[103.139,18.167],[103.071,18.126],[103.073,18.036],[103.038,17.991],[103.02,17.984],[102.955,18.012],[102.853,17.972],[102.737,17.89],[102.673,17.865],[102.683,17.81],[102.595,17.841],[102.612,17.915],[102.6,17.955],[102.412,17.994],[102.366,18.039],[102.307,18.051],[102.257,18.094],[102.192,18.152],[102.172,18.2],[102.079,18.214],[101.904,18.037],[101.884,18.031],[101.79,18.074],[101.766,18.04],[101.729,17.912],[101.636,17.895],[101.6,17.854],[101.578,17.868],[101.571,17.829],[101.534,17.81],[101.556,17.792],[101.503,17.765],[101.468,17.72],[101.453,17.751],[101.388,17.729],[101.382,17.721],[101.404,17.716],[101.384,17.685],[101.247,17.592],[101.202,17.523],[101.167,17.511],[101.132,17.462],[101.049,17.496],[100.982,17.548],[100.886,17.574],[100.886,17.596],[100.954,17.7],[100.959,17.764],[100.976,17.78],[100.965,17.798],[101.0,17.83],[101.001,17.885],[101.066,17.934],[101.112,18.011],[101.165,18.053],[101.142,18.124],[101.163,18.195],[101.128,18.246],[101.13,18.291],[101.155,18.323],[101.082,18.364],[101.03,18.428],[101.078,18.51],[101.155,18.557],[101.161,18.6],[101.235,18.658],[101.235,18.689],[101.206,18.73],[101.229,18.796],[101.225,18.875],[101.284,18.981],[101.326,19.021],[101.318,19.05],[101.236,19.128],[101.211,19.326],[101.178,19.347],[101.172,19.376],[101.193,19.453],[101.238,19.472],[101.252,19.494],[101.255,19.547],[101.238,19.578],[101.208,19.59],[101.125,19.565],[101.003,19.611],[100.88,19.614],[100.753,19.482],[100.633,19.542],[100.607,19.541],[100.567,19.496],[100.474,19.525],[100.379,19.746],[100.431,19.838],[100.484,19.881],[100.543,20.067],[100.547,20.168],[100.529,20.15],[100.461,20.191],[100.344,20.39],[100.307,20.4],[100.24,20.373],[100.209,20.313],[100.167,20.293],[100.168,20.254],[100.153,20.239],[100.103,20.264],[100.1,20.362],[100.121,20.389],[100.173,20.622],[100.211,20.697],[100.275,20.762],[100.33,20.786],[100.365,20.828],[100.537,20.808],[100.652,20.877],[100.623,20.889],[100.534,20.874],[100.516,20.886],[100.518,20.906],[100.529,20.968],[100.557,20.992],[100.543,21.027],[100.626,21.054],[100.689,21.159],[100.725,21.312],[100.792,21.297],[100.851,21.315],[101.157,21.52],[101.159,21.553],[101.187,21.535],[101.171,21.403],[101.235,21.364],[101.207,21.315],[101.22,21.296],[101.209,21.246],[101.26,21.179],[101.293,21.176],[101.381,21.222],[101.518,21.243],[101.584,21.224],[101.582,21.176],[101.655,21.189],[101.704,21.135],[101.767,21.151],[101.76,21.196],[101.805,21.204],[101.824,21.234],[101.801,21.267],[101.723,21.304],[101.716,21.338],[101.73,21.474],[101.748,21.515],[101.736,21.571],[101.794,21.588],[101.804,21.626],[101.756,21.649],[101.755,21.69],[101.729,21.718],[101.751,21.816],[101.674,21.931],[101.607,21.968],[101.555,22.09],[101.562,22.176],[101.516,22.245],[101.551,22.277],[101.601,22.277],[101.624,22.347],[101.644,22.365],[101.655,22.446],[101.713,22.492],[101.755,22.496],[101.785,22.472],[101.843,22.383],[101.868,22.379],[101.892,22.43],[101.995,22.447],[102.086,22.429],[102.125,22.384]]]}},{"type":"Feature","properties":{"name":"Kyrgyzstan","iso":"KGZ"},"geometry":{"type":"Polygon","coordinates":[[[80.217,42.174],[80.225,42.126],[80.257,42.084],[80.231,42.034],[80.182,42.021],[79.931,42.023],[79.843,42.002],[79.813,41.978],[79.783,41.905],[79.748,41.88],[79.611,41.868],[79.391,41.773],[79.282,41.783],[79.196,41.73],[79.089,41.703],[78.976,41.642],[78.916,41.633],[78.807,41.578],[78.658,41.532],[78.619,41.478],[78.51,41.454],[78.36,41.378],[78.339,41.344],[78.36,41.287],[78.349,41.27],[78.275,41.229],[78.191,41.118],[78.075,41.04],[77.831,41.063],[77.65,40.997],[77.504,40.981],[77.333,41.021],[77.243,41.006],[77.119,41.012],[77.008,41.044],[76.861,41.013],[76.767,40.945],[76.762,40.847],[76.648,40.765],[76.631,40.729],[76.621,40.611],[76.556,40.566],[76.476,40.436],[76.33,40.348],[76.299,40.356],[76.273,40.434],[76.244,40.441],[76.151,40.368],[76.052,40.39],[75.962,40.357],[75.902,40.299],[75.772,40.31],[75.682,40.292],[75.656,40.323],[75.638,40.386],[75.667,40.45],[75.618,40.494],[75.606,40.569],[75.588,40.612],[75.56,40.633],[75.482,40.614],[75.194,40.441],[75.138,40.464],[75.064,40.444],[75.002,40.447],[74.835,40.512],[74.787,40.421],[74.854,40.359],[74.862,40.326],[74.706,40.331],[74.565,40.247],[74.477,40.172],[74.334,40.094],[74.168,40.106],[74.07,40.068],[74.004,40.061],[73.966,40.033],[73.944,39.97],[73.893,39.918],[73.881,39.865],[73.823,39.806],[73.83,39.747],[73.894,39.71],[73.927,39.593],[73.87,39.547],[73.848,39.49],[73.821,39.468],[73.633,39.448],[73.477,39.465],[73.368,39.444],[73.343,39.431],[73.326,39.391],[73.168,39.355],[73.071,39.371],[73.009,39.349],[72.894,39.364],[72.835,39.356],[72.634,39.394],[72.576,39.359],[72.519,39.376],[72.477,39.346],[72.393,39.351],[72.316,39.329],[72.229,39.189],[72.203,39.241],[72.095,39.275],[72.078,39.337],[72.05,39.369],[71.959,39.346],[71.807,39.273],[71.751,39.274],[71.711,39.321],[71.748,39.38],[71.74,39.448],[71.705,39.459],[71.554,39.444],[71.513,39.459],[71.492,39.494],[71.531,39.553],[71.511,39.584],[71.46,39.612],[71.369,39.591],[71.249,39.514],[71.096,39.512],[71.063,39.496],[71.009,39.408],[70.977,39.395],[70.903,39.421],[70.77,39.382],[70.713,39.398],[70.698,39.419],[70.7,39.472],[70.656,39.494],[70.622,39.564],[70.598,39.578],[70.526,39.576],[70.477,39.601],[70.384,39.571],[70.33,39.573],[70.223,39.519],[70.206,39.524],[70.215,39.591],[70.201,39.619],[70.132,39.55],[70.04,39.574],[69.979,39.534],[69.908,39.548],[69.83,39.536],[69.669,39.578],[69.582,39.574],[69.514,39.538],[69.412,39.525],[69.362,39.553],[69.3,39.516],[69.286,39.54],[69.288,39.678],[69.226,39.751],[69.241,39.829],[69.31,39.985],[69.357,39.959],[69.405,39.896],[69.502,39.922],[69.463,40.025],[69.518,40.125],[69.543,40.103],[69.575,40.104],[69.97,40.212],[70.005,40.209],[70.147,40.137],[70.242,40.133],[70.324,40.078],[70.525,40.034],[70.536,40.016],[70.521,39.994],[70.473,39.97],[70.451,39.937],[70.456,39.907],[70.477,39.901],[70.501,39.941],[70.577,39.952],[70.614,39.976],[70.639,40.085],[70.666,40.104],[70.73,40.121],[70.792,40.161],[70.929,40.171],[70.963,40.19],[70.98,40.214],[70.959,40.238],[70.995,40.267],[71.201,40.264],[71.254,40.324],[71.283,40.298],[71.365,40.294],[71.441,40.261],[71.477,40.221],[71.521,40.204],[71.593,40.198],[71.628,40.259],[71.66,40.224],[71.673,40.148],[71.707,40.144],[71.776,40.18],[71.836,40.249],[72.019,40.24],[72.02,40.259],[71.958,40.287],[71.957,40.316],[72.043,40.349],[72.099,40.426],[72.166,40.454],[72.254,40.458],[72.26,40.442],[72.212,40.426],[72.394,40.389],[72.426,40.459],[72.363,40.512],[72.37,40.558],[72.352,40.602],[72.382,40.612],[72.448,40.56],[72.586,40.509],[72.625,40.511],[72.65,40.532],[72.664,40.578],[72.719,40.565],[72.748,40.575],[72.76,40.642],[72.784,40.67],[73.071,40.762],[73.149,40.814],[73.143,40.834],[73.054,40.836],[73.003,40.87],[72.87,40.818],[72.869,40.864],[72.658,40.867],[72.619,40.88],[72.546,40.957],[72.483,40.971],[72.482,41.009],[72.395,41.022],[72.332,41.073],[72.29,41.024],[72.165,40.999],[72.186,41.061],[72.158,41.188],[72.108,41.196],[72.034,41.157],[71.977,41.195],[71.872,41.194],[71.869,41.279],[71.847,41.342],[71.745,41.453],[71.73,41.451],[71.722,41.425],[71.696,41.447],[71.672,41.425],[71.69,41.494],[71.671,41.547],[71.627,41.543],[71.595,41.494],[71.637,41.431],[71.586,41.324],[71.524,41.297],[71.419,41.347],[71.416,41.127],[71.394,41.113],[71.325,41.157],[71.276,41.113],[71.242,41.175],[71.206,41.189],[71.186,41.18],[71.18,41.108],[71.123,41.158],[71.025,41.19],[70.914,41.193],[70.829,41.249],[70.77,41.239],[70.756,41.27],[70.769,41.352],[70.704,41.445],[70.668,41.471],[70.453,41.405],[70.399,41.465],[70.344,41.494],[70.167,41.52],[70.148,41.552],[70.169,41.578],[70.454,41.712],[70.506,41.786],[70.649,41.887],[70.814,41.92],[70.845,42.03],[70.977,42.044],[71.118,42.123],[71.238,42.16],[71.253,42.198],[71.078,42.281],[71.014,42.288],[70.948,42.248],[70.898,42.262],[70.853,42.306],[70.933,42.376],[70.93,42.412],[70.962,42.468],[70.977,42.479],[71.041,42.455],[71.064,42.47],[71.058,42.493],[71.013,42.526],[71.003,42.564],[71.127,42.591],[71.148,42.617],[71.158,42.688],[71.211,42.705],[71.263,42.754],[71.348,42.743],[71.405,42.795],[71.504,42.79],[71.566,42.757],[71.694,42.812],[71.848,42.834],[72.105,42.75],[72.164,42.765],[72.292,42.761],[72.477,42.683],[72.726,42.653],[72.781,42.62],[72.815,42.573],[72.875,42.544],[73.115,42.551],[73.189,42.521],[73.301,42.507],[73.317,42.494],[73.326,42.429],[73.505,42.403],[73.418,42.556],[73.413,42.627],[73.504,42.794],[73.493,42.895],[73.571,43.032],[73.806,43.115],[73.902,43.131],[73.935,43.2],[73.965,43.217],[74.04,43.182],[74.214,43.203],[74.179,43.262],[74.401,43.16],[74.558,43.115],[74.611,43.058],[74.714,43.0],[74.863,42.976],[75.179,42.85],[75.556,42.825],[75.62,42.805],[75.704,42.83],[75.738,42.862],[75.771,42.926],[75.797,42.936],[75.999,42.918],[76.065,42.934],[76.254,42.921],[76.34,42.902],[76.383,42.91],[76.414,42.885],[76.481,42.917],[76.585,42.895],[76.708,42.914],[76.833,42.972],[76.957,42.989],[77.124,42.959],[77.179,42.913],[77.328,42.898],[77.419,42.922],[77.502,42.915],[77.558,42.888],[77.648,42.91],[77.714,42.908],[77.781,42.896],[77.81,42.871],[77.884,42.893],[78.031,42.855],[78.23,42.865],[78.311,42.851],[78.43,42.881],[78.594,42.85],[78.687,42.805],[78.993,42.757],[79.148,42.791],[79.181,42.776],[79.176,42.714],[79.206,42.656],[79.353,42.577],[79.426,42.47],[79.572,42.45],[79.696,42.46],[79.918,42.424],[80.077,42.306],[80.217,42.174]],[[71.761,39.984],[71.682,39.955],[71.666,39.94],[71.697,39.914],[71.757,39.903],[71.79,39.979],[71.761,39.984]],[[71.169,40.043],[71.079,40.079],[71.031,40.147],[71.009,40.158],[70.977,40.145],[70.954,40.096],[70.958,40.063],[70.995,40.009],[71.046,39.992],[71.05,39.963],[71.008,39.911],[71.009,39.886],[71.061,39.904],[71.08,39.903],[71.099,39.876],[71.208,39.889],[71.221,39.932],[71.177,39.968],[71.175,39.994],[71.244,40.047],[71.224,40.058],[71.169,40.043]],[[70.484,39.882],[70.49,39.85],[70.582,39.767],[70.705,39.822],[70.699,39.858],[70.62,39.851],[70.484,39.882]]]}},{"type":"Feature","properties":{"name":"Armenia","iso":"ARM"},"geometry":{"type":"MultiPolygon","coordinates":[[[[45.039,41.231],[45.035,41.198],[45.134,41.188],[45.2,41.143],[45.201,41.127],[45.167,41.108],[45.068,41.111],[45.057,41.079],[45.07,41.062],[45.111,41.05],[45.12,41.08],[45.222,41.014],[45.313,40.997],[45.419,41.017],[45.416,40.961],[45.479,40.93],[45.538,40.876],[45.599,40.863],[45.582,40.799],[45.556,40.777],[45.438,40.733],[45.374,40.675],[45.388,40.61],[45.445,40.566],[45.455,40.524],[45.485,40.505],[45.526,40.441],[45.585,40.399],[45.818,40.298],[45.862,40.261],[45.925,40.266],[45.979,40.224],[45.963,40.142],[45.91,40.083],[45.874,40.01],[45.64,40.025],[45.576,39.994],[45.579,39.97],[45.743,39.941],[45.817,39.839],[45.862,39.805],[45.979,39.768],[46.045,39.688],[46.132,39.652],[46.184,39.593],[46.344,39.619],[46.396,39.577],[46.495,39.576],[46.524,39.555],[46.518,39.525],[46.492,39.51],[46.491,39.466],[46.406,39.451],[46.374,39.436],[46.361,39.41],[46.375,39.379],[46.495,39.324],[46.518,39.279],[46.603,39.215],[46.514,39.184],[46.418,39.212],[46.395,39.195],[46.396,39.164],[46.479,39.115],[46.492,39.082],[46.475,38.951],[46.514,38.882],[46.378,38.925],[46.291,38.914],[46.202,38.871],[46.136,38.864],[46.025,39.064],[45.958,39.152],[45.955,39.203],[45.986,39.249],[45.759,39.369],[45.803,39.448],[45.797,39.536],[45.765,39.562],[45.715,39.569],[45.586,39.545],[45.435,39.489],[45.375,39.526],[45.313,39.534],[45.26,39.6],[45.205,39.572],[45.148,39.575],[45.152,39.668],[45.068,39.757],[45.034,39.77],[44.927,39.725],[44.775,39.703],[44.692,39.793],[44.648,39.805],[44.612,39.837],[44.598,39.831],[44.591,39.858],[44.522,39.934],[44.326,40.035],[44.255,40.043],[44.135,40.022],[44.104,40.036],[44.032,40.009],[43.912,40.024],[43.665,40.11],[43.653,40.139],[43.721,40.169],[43.673,40.228],[43.691,40.239],[43.676,40.266],[43.594,40.345],[43.625,40.42],[43.559,40.478],[43.594,40.509],[43.639,40.523],[43.631,40.537],[43.653,40.529],[43.665,40.574],[43.707,40.612],[43.7,40.635],[43.729,40.677],[43.721,40.763],[43.66,40.852],[43.636,40.934],[43.565,40.988],[43.46,41.023],[43.44,41.107],[43.567,41.124],[43.754,41.108],[43.863,41.159],[43.956,41.16],[44.061,41.184],[44.125,41.178],[44.18,41.23],[44.285,41.191],[44.345,41.213],[44.455,41.18],[44.517,41.207],[44.552,41.177],[44.613,41.223],[44.675,41.208],[44.848,41.209],[44.858,41.219],[44.847,41.231],[44.801,41.259],[44.821,41.273],[44.955,41.263],[45.002,41.29],[45.039,41.231]],[[44.964,41.074],[44.967,41.045],[45.016,41.023],[45.03,41.046],[45.019,41.075],[44.964,41.074]],[[45.22,40.979],[45.192,40.998],[45.177,40.994],[45.187,40.971],[45.22,40.979]]],[[[45.479,40.61],[45.473,40.64],[45.492,40.657],[45.561,40.648],[45.514,40.602],[45.479,40.61]]]]}},{"type":"Feature","properties":{"name":"Libya","iso":"LBY"},"geometry":{"type":"Polygon","coordinates":[[[20.0,30.791],[20.1,30.935],[20.152,31.088],[20.147,31.217],[20.103,31.309],[20.022,31.397],[20.0,31.45],[20.0,32.06],[20.048,32.146],[20.325,32.41],[20.386,32.435],[20.563,32.558],[20.797,32.643],[21.051,32.772],[21.287,32.771],[21.415,32.793],[21.623,32.937],[21.716,32.95],[21.787,32.916],[21.877,32.903],[22.096,32.923],[22.117,32.944],[22.15,32.948],[22.207,32.888],[22.34,32.882],[22.514,32.791],[23.106,32.64],[23.121,32.615],[23.094,32.577],[23.104,32.516],[23.149,32.478],[23.128,32.395],[23.109,32.402],[23.094,32.436],[23.081,32.334],[23.195,32.292],[23.244,32.221],[23.285,32.204],[23.312,32.163],[23.299,32.224],[23.362,32.217],[23.405,32.191],[23.67,32.183],[23.84,32.149],[23.999,32.094],[23.971,32.067],[24.091,32.006],[24.546,31.991],[24.67,32.032],[24.734,32.033],[24.982,31.968],[25.018,31.949],[25.033,31.916],[25.03,31.837],[25.117,31.738],[25.156,31.663],[25.06,31.579],[25.024,31.494],[24.861,31.38],[24.849,31.349],[24.859,31.146],[24.883,31.039],[24.995,30.785],[24.908,30.499],[24.772,30.331],[24.689,30.183],[24.697,30.123],[24.812,29.891],[24.798,29.796],[24.805,29.755],[24.871,29.638],[24.864,29.503],[24.957,29.293],[24.981,29.181],[24.981,20.002],[23.981,19.995],[23.981,19.496],[20.0,21.462],[20.0,30.791]]]}},{"type":"Feature","properties":{"name":"Romania","iso":"ROU"},"geometry":{"type":"Polygon","coordinates":[[[22.82,47.892],[22.924,47.973],[22.924,48.005],[23.004,47.983],[23.063,48.007],[23.099,48.071],[23.139,48.098],[23.231,48.08],[23.36,47.993],[23.461,47.971],[23.563,48.006],[23.78,47.988],[23.855,47.934],[24.009,47.961],[24.131,47.915],[24.231,47.897],[24.347,47.921],[24.409,47.952],[24.542,47.944],[24.634,47.908],[24.679,47.84],[24.808,47.796],[24.897,47.71],[25.08,47.743],[25.219,47.878],[25.262,47.899],[25.753,47.935],[25.901,47.966],[26.173,47.993],[26.271,48.094],[26.303,48.212],[26.689,48.275],[26.822,48.253],[26.898,48.209],[26.908,48.185],[26.938,48.205],[26.963,48.175],[26.998,48.167],[26.967,48.143],[27.048,48.122],[27.034,48.102],[27.042,48.077],[27.109,48.034],[27.089,48.02],[27.096,48.006],[27.121,48.013],[27.144,47.987],[27.169,47.983],[27.151,47.958],[27.178,47.938],[27.161,47.922],[27.212,47.89],[27.212,47.848],[27.253,47.828],[27.219,47.814],[27.288,47.752],[27.295,47.718],[27.272,47.715],[27.281,47.693],[27.369,47.608],[27.428,47.581],[27.473,47.492],[27.576,47.46],[27.563,47.417],[27.58,47.406],[27.572,47.375],[27.6,47.361],[27.637,47.307],[27.733,47.276],[27.788,47.204],[27.808,47.162],[27.795,47.156],[27.85,47.129],[27.844,47.114],[27.938,47.061],[27.939,47.047],[28.028,47.033],[28.069,46.989],[28.102,46.935],[28.097,46.903],[28.114,46.895],[28.122,46.834],[28.234,46.662],[28.247,46.607],[28.225,46.57],[28.234,46.553],[28.219,46.504],[28.246,46.476],[28.246,46.428],[28.19,46.351],[28.193,46.311],[28.178,46.287],[28.135,46.269],[28.132,46.24],[28.109,46.234],[28.145,46.183],[28.09,46.073],[28.083,46.015],[28.125,45.918],[28.117,45.895],[28.131,45.871],[28.111,45.854],[28.113,45.825],[28.155,45.762],[28.168,45.632],[28.108,45.624],[28.062,45.594],[28.141,45.56],[28.165,45.528],[28.166,45.495],[28.213,45.45],[28.238,45.452],[28.286,45.422],[28.281,45.402],[28.33,45.323],[28.577,45.248],[28.71,45.227],[28.803,45.244],[28.76,45.274],[28.79,45.292],[28.79,45.321],[28.832,45.322],[28.93,45.279],[28.953,45.285],[28.974,45.324],[29.174,45.389],[29.228,45.424],[29.282,45.422],[29.322,45.444],[29.57,45.395],[29.65,45.346],[29.667,45.312],[29.666,45.231],[29.659,45.216],[29.624,45.21],[29.667,45.164],[29.7,45.162],[29.664,45.117],[29.63,44.908],[29.605,44.88],[29.618,44.861],[29.562,44.82],[29.156,44.784],[29.056,44.735],[29.001,44.689],[28.975,44.745],[29.098,44.775],[29.139,44.804],[29.139,44.839],[29.096,44.875],[29.104,44.84],[29.06,44.832],[29.044,44.866],[29.052,44.945],[29.111,44.97],[29.058,45.001],[28.983,45.012],[28.869,44.943],[28.866,44.883],[28.952,44.827],[28.925,44.813],[28.939,44.806],[28.925,44.784],[28.946,44.765],[28.869,44.754],[28.798,44.72],[28.787,44.693],[28.808,44.696],[28.785,44.68],[28.784,44.649],[28.869,44.662],[28.912,44.696],[28.898,44.717],[28.967,44.701],[28.988,44.675],[28.962,44.639],[28.939,44.634],[28.975,44.687],[28.952,44.696],[28.958,44.679],[28.918,44.683],[28.854,44.634],[28.774,44.601],[28.795,44.634],[28.758,44.627],[28.764,44.596],[28.788,44.586],[28.733,44.568],[28.733,44.552],[28.747,44.566],[28.774,44.552],[28.746,44.486],[28.758,44.465],[28.778,44.507],[28.906,44.588],[28.925,44.621],[28.91,44.584],[28.844,44.494],[28.797,44.468],[28.707,44.381],[28.693,44.346],[28.664,44.348],[28.635,44.316],[28.631,44.264],[28.672,44.169],[28.646,44.172],[28.631,44.154],[28.672,43.997],[28.609,43.874],[28.578,43.741],[28.435,43.735],[28.221,43.762],[27.981,43.849],[27.912,43.993],[27.722,43.949],[27.656,44.024],[27.633,44.03],[27.575,44.016],[27.384,44.015],[27.342,44.053],[27.285,44.072],[27.251,44.122],[27.1,44.144],[27.027,44.177],[26.884,44.157],[26.754,44.108],[26.311,44.053],[26.151,44.012],[26.079,43.969],[26.054,43.934],[25.934,43.87],[25.781,43.732],[25.671,43.717],[25.557,43.67],[25.403,43.65],[25.36,43.654],[25.252,43.705],[25.082,43.719],[24.964,43.75],[24.706,43.744],[24.466,43.802],[24.358,43.76],[24.159,43.753],[23.8,43.818],[23.743,43.843],[23.593,43.837],[23.485,43.881],[23.325,43.887],[23.132,43.848],[22.889,43.84],[22.863,43.855],[22.851,43.897],[22.886,43.995],[23.023,44.032],[23.04,44.062],[23.031,44.093],[22.906,44.123],[22.691,44.229],[22.682,44.305],[22.549,44.349],[22.477,44.464],[22.484,44.5],[22.548,44.512],[22.58,44.565],[22.621,44.569],[22.7,44.542],[22.742,44.552],[22.765,44.583],[22.7,44.631],[22.587,44.649],[22.484,44.724],[22.426,44.734],[22.381,44.701],[22.305,44.677],[22.185,44.515],[22.127,44.503],[22.087,44.522],[22.076,44.551],[22.045,44.569],[21.994,44.659],[21.855,44.698],[21.757,44.677],[21.656,44.688],[21.62,44.714],[21.578,44.778],[21.396,44.79],[21.379,44.817],[21.343,44.832],[21.356,44.857],[21.536,44.889],[21.539,44.908],[21.516,44.934],[21.408,44.958],[21.351,44.998],[21.363,45.017],[21.422,45.031],[21.442,45.093],[21.494,45.119],[21.493,45.145],[21.406,45.2],[21.239,45.229],[21.139,45.304],[21.092,45.288],[20.981,45.333],[20.816,45.463],[20.767,45.479],[20.761,45.493],[20.8,45.531],[20.754,45.606],[20.777,45.658],[20.786,45.753],[20.765,45.767],[20.727,45.736],[20.688,45.743],[20.646,45.789],[20.637,45.827],[20.572,45.888],[20.482,45.913],[20.354,45.977],[20.306,46.054],[20.243,46.108],[20.283,46.144],[20.444,46.147],[20.469,46.174],[20.6,46.13],[20.664,46.138],[20.699,46.156],[20.71,46.188],[20.745,46.192],[20.739,46.237],[20.799,46.268],[20.999,46.252],[21.033,46.231],[21.099,46.276],[21.144,46.284],[21.179,46.384],[21.281,46.416],[21.245,46.477],[21.291,46.547],[21.301,46.604],[21.396,46.626],[21.436,46.674],[21.502,46.704],[21.505,46.723],[21.47,46.743],[21.503,46.805],[21.537,46.835],[21.583,46.848],[21.59,46.909],[21.649,46.943],[21.671,46.993],[21.633,47.023],[21.764,47.105],[21.78,47.141],[21.82,47.173],[21.824,47.215],[21.862,47.297],[21.919,47.35],[21.982,47.366],[22.002,47.394],[21.989,47.493],[22.008,47.517],[22.1,47.571],[22.162,47.586],[22.208,47.674],[22.273,47.724],[22.396,47.736],[22.424,47.783],[22.454,47.787],[22.563,47.757],[22.638,47.772],[22.704,47.817],[22.752,47.828],[22.764,47.875],[22.82,47.892]]]}},{"type":"Feature","properties":{"name":"Hungary","iso":"HUN"},"geometry":{"type":"Polygon","coordinates":[[[22.878,47.947],[22.82,47.892],[22.764,47.875],[22.752,47.828],[22.704,47.817],[22.638,47.772],[22.563,47.757],[22.454,47.787],[22.424,47.783],[22.396,47.736],[22.273,47.724],[22.208,47.674],[22.162,47.586],[22.1,47.571],[22.008,47.517],[21.989,47.493],[22.002,47.394],[21.982,47.366],[21.919,47.35],[21.862,47.297],[21.824,47.215],[21.82,47.173],[21.78,47.141],[21.764,47.105],[21.633,47.023],[21.671,46.993],[21.649,46.943],[21.59,46.909],[21.583,46.848],[21.537,46.835],[21.503,46.805],[21.47,46.743],[21.505,46.723],[21.502,46.704],[21.436,46.674],[21.396,46.626],[21.301,46.604],[21.291,46.547],[21.245,46.477],[21.281,46.416],[21.179,46.384],[21.144,46.284],[21.099,46.276],[21.033,46.231],[20.999,46.252],[20.799,46.268],[20.739,46.237],[20.745,46.192],[20.71,46.188],[20.684,46.145],[20.608,46.129],[20.469,46.174],[20.444,46.147],[20.283,46.144],[20.243,46.108],[20.17,46.146],[20.138,46.136],[20.098,46.155],[20.035,46.143],[20.0,46.157],[20.0,48.169],[20.105,48.203],[20.135,48.247],[20.171,48.244],[20.229,48.271],[20.272,48.252],[20.324,48.28],[20.421,48.429],[20.482,48.479],[20.482,48.526],[20.8,48.569],[20.946,48.519],[21.036,48.515],[21.109,48.489],[21.22,48.519],[21.262,48.503],[21.322,48.548],[21.425,48.561],[21.499,48.535],[21.522,48.5],[21.592,48.493],[21.613,48.44],[21.678,48.372],[21.759,48.334],[21.929,48.373],[22.078,48.376],[22.133,48.405],[22.236,48.415],[22.272,48.403],[22.257,48.357],[22.299,48.349],[22.308,48.294],[22.357,48.243],[22.481,48.243],[22.556,48.177],[22.605,48.097],[22.746,48.116],[22.831,48.072],[22.862,48.028],[22.832,47.979],[22.878,47.947]]]}},{"type":"Feature","properties":{"name":"Slovakia","iso":"SVK"},"geometry":{"type":"Polygon","coordinates":[[[22.54,49.072],[22.521,48.993],[22.449,48.971],[22.412,48.888],[22.369,48.856],[22.366,48.794],[22.331,48.756],[22.31,48.682],[22.243,48.651],[22.139,48.57],[22.148,48.509],[22.133,48.405],[22.096,48.379],[21.929,48.373],[21.759,48.334],[21.678,48.372],[21.613,48.44],[21.592,48.493],[21.522,48.5],[21.499,48.535],[21.439,48.558],[21.322,48.548],[21.262,48.503],[21.22,48.519],[21.109,48.489],[21.036,48.515],[20.946,48.519],[20.784,48.569],[20.482,48.526],[20.482,48.479],[20.421,48.429],[20.324,48.28],[20.272,48.252],[20.229,48.271],[20.171,48.244],[20.135,48.247],[20.105,48.203],[20.0,48.169],[20.0,49.195],[20.05,49.173],[20.07,49.183],[20.086,49.243],[20.136,49.309],[20.16,49.306],[20.207,49.334],[20.284,49.339],[20.318,49.392],[20.422,49.383],[20.422,49.4],[20.438,49.403],[20.544,49.371],[20.605,49.4],[20.69,49.401],[20.778,49.331],[20.919,49.29],[21.017,49.352],[21.073,49.357],[21.069,49.381],[21.033,49.4],[21.069,49.419],[21.125,49.424],[21.194,49.401],[21.261,49.449],[21.428,49.41],[21.601,49.426],[21.692,49.402],[21.758,49.349],[21.82,49.377],[21.928,49.331],[21.993,49.278],[22.012,49.211],[22.041,49.197],[22.198,49.172],[22.216,49.14],[22.339,49.126],[22.39,49.093],[22.505,49.083],[22.54,49.072]]]}},{"type":"Feature","properties":{"name":"Poland","iso":"POL"},"geometry":{"type":"Polygon","coordinates":[[[23.17,50.0],[22.951,49.827],[22.933,49.791],[22.888,49.77],[22.827,49.697],[22.766,49.674],[22.641,49.529],[22.68,49.419],[22.72,49.383],[22.738,49.275],[22.682,49.161],[22.706,49.169],[22.853,49.085],[22.843,49.043],[22.867,49.01],[22.855,48.994],[22.755,49.045],[22.643,49.043],[22.561,49.086],[22.54,49.072],[22.39,49.093],[22.339,49.126],[22.216,49.14],[22.198,49.172],[22.041,49.197],[22.012,49.211],[21.993,49.278],[21.928,49.331],[21.82,49.377],[21.758,49.349],[21.692,49.402],[21.601,49.426],[21.428,49.41],[21.261,49.449],[21.194,49.401],[21.125,49.424],[21.069,49.419],[21.033,49.4],[21.069,49.381],[21.073,49.357],[21.017,49.352],[20.919,49.29],[20.778,49.331],[20.69,49.401],[20.605,49.4],[20.544,49.371],[20.438,49.403],[20.422,49.4],[20.422,49.383],[20.318,49.392],[20.284,49.339],[20.207,49.334],[20.16,49.306],[20.136,49.309],[20.086,49.243],[20.07,49.183],[20.05,49.173],[20.0,49.195],[20.0,50.0],[23.17,50.0]]]}},{"type":"Feature","properties":{"name":"Greece","iso":"GRC"},"geometry":{"type":"MultiPolygon","coordinates":[[[[20.965,40.849],[21.183,40.87],[21.329,40.866],[21.405,40.909],[21.51,40.901],[21.582,40.866],[21.685,40.928],[21.766,40.924],[21.784,40.964],[21.894,41.054],[21.909,41.097],[22.048,41.152],[22.103,41.122],[22.206,41.161],[22.303,41.145],[22.309,41.125],[22.38,41.132],[22.451,41.114],[22.59,41.125],[22.645,41.18],[22.705,41.14],[22.727,41.166],[22.751,41.315],[22.781,41.335],[23.157,41.316],[23.2,41.333],[23.224,41.379],[23.288,41.398],[23.326,41.369],[23.415,41.4],[23.513,41.398],[23.612,41.371],[23.672,41.403],[23.754,41.401],[23.777,41.429],[23.852,41.44],[23.895,41.464],[23.95,41.438],[24.001,41.464],[24.035,41.451],[24.052,41.463],[24.047,41.526],[24.116,41.533],[24.17,41.512],[24.182,41.537],[24.233,41.562],[24.286,41.54],[24.296,41.515],[24.439,41.528],[24.459,41.55],[24.51,41.562],[24.531,41.548],[24.58,41.441],[24.699,41.409],[24.774,41.348],[24.794,41.347],[24.803,41.393],[24.886,41.401],[25.102,41.337],[25.177,41.294],[25.22,41.25],[25.286,41.239],[25.505,41.281],[25.551,41.316],[25.68,41.297],[25.811,41.341],[25.882,41.304],[26.121,41.358],[26.176,41.432],[26.146,41.478],[26.163,41.529],[26.131,41.553],[26.115,41.617],[26.055,41.649],[26.048,41.689],[26.108,41.728],[26.226,41.75],[26.274,41.715],[26.36,41.715],[26.476,41.676],[26.464,41.649],[26.576,41.591],[26.595,41.612],[26.595,41.537],[26.636,41.4],[26.632,41.358],[26.61,41.331],[26.54,41.352],[26.412,41.266],[26.321,41.246],[26.336,41.229],[26.321,41.188],[26.336,41.153],[26.317,41.122],[26.339,41.114],[26.325,41.074],[26.348,41.041],[26.374,41.031],[26.368,41.008],[26.333,40.991],[26.359,40.965],[26.294,40.927],[26.304,40.909],[26.26,40.92],[26.239,40.886],[26.226,40.899],[26.206,40.865],[26.212,40.847],[26.158,40.812],[26.112,40.747],[26.082,40.736],[26.044,40.738],[26.027,40.796],[26.006,40.804],[26.054,40.816],[26.054,40.831],[26.012,40.824],[25.998,40.839],[25.998,40.817],[25.919,40.853],[25.538,40.87],[25.3,40.952],[25.266,40.927],[25.181,40.943],[25.134,40.963],[25.14,40.984],[25.17,40.996],[25.138,41.01],[25.039,41.006],[25.04,40.99],[24.992,40.968],[24.99,40.942],[24.892,40.921],[24.802,40.853],[24.766,40.865],[24.709,40.852],[24.663,40.88],[24.629,40.859],[24.567,40.952],[24.505,40.962],[24.464,40.941],[24.392,40.936],[24.313,40.88],[24.331,40.855],[24.306,40.842],[24.341,40.831],[24.11,40.728],[23.986,40.732],[23.842,40.783],[23.732,40.752],[23.697,40.721],[23.7,40.674],[23.756,40.646],[23.793,40.588],[23.847,40.56],[23.889,40.564],[23.915,40.539],[23.907,40.525],[23.823,40.507],[23.827,40.461],[23.868,40.414],[23.964,40.379],[24.002,40.386],[24.012,40.402],[23.991,40.448],[24.011,40.449],[24.086,40.366],[24.18,40.352],[24.204,40.317],[24.233,40.317],[24.383,40.179],[24.394,40.152],[24.361,40.132],[24.3,40.128],[24.286,40.161],[24.238,40.187],[24.169,40.275],[24.019,40.31],[23.937,40.365],[23.834,40.372],[23.76,40.349],[23.73,40.359],[23.694,40.309],[23.716,40.255],[23.779,40.203],[23.897,40.171],[23.991,40.119],[23.978,40.091],[24.005,40.067],[23.987,40.042],[24.012,40.044],[24.019,40.016],[23.988,39.99],[23.999,39.975],[23.97,39.968],[23.991,39.954],[23.92,39.956],[23.923,39.975],[23.901,39.971],[23.903,39.988],[23.845,40.024],[23.824,40.022],[23.827,40.009],[23.785,40.067],[23.793,40.094],[23.675,40.218],[23.438,40.279],[23.365,40.262],[23.34,40.228],[23.364,40.15],[23.401,40.144],[23.499,40.042],[23.67,39.986],[23.697,39.94],[23.748,39.93],[23.703,39.913],[23.616,39.923],[23.471,39.972],[23.361,39.961],[23.382,40.003],[23.306,40.104],[23.325,40.175],[23.299,40.235],[23.029,40.326],[22.964,40.379],[22.888,40.386],[22.89,40.418],[22.822,40.502],[22.942,40.517],[22.983,40.553],[22.942,40.587],[22.95,40.605],[22.91,40.645],[22.854,40.639],[22.851,40.593],[22.816,40.571],[22.759,40.568],[22.737,40.515],[22.674,40.527],[22.656,40.505],[22.675,40.496],[22.651,40.473],[22.603,40.481],[22.579,40.468],[22.604,40.444],[22.606,40.414],[22.661,40.369],[22.553,40.167],[22.571,40.054],[22.6,40.016],[22.708,39.961],[22.73,39.885],[22.85,39.791],[22.939,39.581],[23.097,39.502],[23.126,39.454],[23.271,39.323],[23.344,39.18],[23.301,39.151],[23.21,39.132],[23.23,39.118],[23.204,39.105],[23.115,39.088],[23.052,39.098],[23.081,39.147],[23.114,39.159],[23.101,39.105],[23.172,39.135],[23.181,39.159],[23.199,39.151],[23.217,39.18],[23.176,39.234],[23.169,39.269],[23.135,39.297],[23.021,39.318],[22.998,39.357],[22.936,39.361],[22.929,39.324],[22.943,39.303],[22.843,39.288],[22.826,39.272],[22.826,39.221],[22.854,39.159],[22.877,39.19],[22.902,39.18],[22.921,39.125],[22.936,39.111],[22.936,39.132],[22.961,39.119],[22.998,39.07],[22.998,39.049],[22.959,39.025],[22.964,39.009],[23.042,39.04],[23.073,39.036],[23.023,39.008],[22.985,38.954],[22.936,38.947],[22.943,38.933],[22.898,38.92],[22.847,38.926],[22.837,38.896],[22.792,38.878],[22.733,38.872],[22.718,38.89],[22.689,38.878],[22.622,38.914],[22.539,38.878],[22.525,38.885],[22.525,38.858],[22.573,38.864],[22.554,38.848],[22.583,38.832],[22.6,38.844],[22.593,38.83],[22.703,38.851],[22.778,38.782],[22.829,38.786],[22.867,38.755],[22.915,38.776],[22.945,38.758],[23.042,38.747],[23.105,38.638],[23.182,38.654],[23.196,38.666],[23.168,38.679],[23.187,38.686],[23.306,38.653],[23.331,38.63],[23.333,38.604],[23.293,38.579],[23.285,38.556],[23.307,38.569],[23.382,38.535],[23.34,38.522],[23.335,38.504],[23.519,38.491],[23.543,38.512],[23.567,38.501],[23.601,38.474],[23.573,38.453],[23.596,38.447],[23.594,38.426],[23.625,38.414],[23.673,38.356],[23.71,38.337],[23.782,38.344],[23.951,38.291],[24.069,38.205],[24.081,38.166],[24.059,38.131],[24.038,38.144],[23.989,38.123],[24.009,38.041],[24.033,38.008],[24.012,37.967],[24.012,37.925],[24.046,37.906],[24.012,37.892],[24.067,37.864],[24.053,37.823],[24.087,37.785],[24.082,37.753],[24.059,37.733],[24.073,37.727],[24.059,37.72],[24.072,37.69],[24.033,37.652],[23.95,37.677],[23.943,37.727],[23.923,37.721],[23.903,37.782],[23.889,37.774],[23.866,37.808],[23.813,37.83],[23.807,37.809],[23.779,37.802],[23.697,37.94],[23.628,37.933],[23.642,37.953],[23.561,37.973],[23.553,37.98],[23.598,38.021],[23.575,38.047],[23.45,38.021],[23.395,37.988],[23.429,37.98],[23.409,37.974],[23.227,37.974],[23.094,37.911],[23.015,37.925],[22.995,37.882],[23.013,37.848],[23.114,37.851],[23.182,37.809],[23.182,37.774],[23.128,37.76],[23.121,37.741],[23.176,37.72],[23.169,37.614],[23.337,37.535],[23.36,37.548],[23.359,37.574],[23.312,37.617],[23.399,37.638],[23.404,37.599],[23.374,37.556],[23.422,37.528],[23.395,37.515],[23.479,37.491],[23.526,37.46],[23.526,37.439],[23.447,37.415],[23.263,37.401],[23.23,37.375],[23.278,37.35],[23.186,37.341],[23.204,37.303],[23.169,37.3],[23.141,37.31],[23.162,37.323],[23.123,37.325],[23.114,37.336],[23.135,37.329],[23.122,37.346],[23.073,37.355],[23.073,37.401],[23.095,37.39],[23.114,37.426],[23.141,37.412],[23.132,37.449],[23.046,37.46],[23.059,37.467],[23.046,37.487],[23.005,37.46],[22.981,37.509],[22.922,37.54],[22.902,37.542],[22.922,37.528],[22.885,37.533],[22.854,37.515],[22.819,37.535],[22.826,37.549],[22.778,37.597],[22.726,37.566],[22.73,37.494],[22.765,37.432],[22.758,37.398],[22.819,37.344],[22.819,37.316],[22.907,37.194],[22.903,37.121],[22.956,37.124],[22.956,37.096],[22.982,37.083],[22.964,37.083],[23.0,37.033],[23.012,36.987],[22.991,36.987],[23.012,36.973],[23.012,36.939],[23.046,36.869],[23.093,36.818],[23.081,36.789],[23.114,36.781],[23.089,36.733],[23.052,36.747],[23.031,36.726],[23.032,36.693],[23.059,36.693],[23.034,36.675],[23.036,36.649],[23.081,36.579],[23.155,36.541],[23.135,36.508],[23.204,36.456],[23.196,36.433],[23.162,36.446],[23.139,36.434],[23.095,36.443],[23.066,36.473],[23.072,36.493],[23.051,36.522],[22.972,36.52],[22.929,36.596],[22.875,36.631],[22.884,36.654],[22.837,36.687],[22.815,36.671],[22.817,36.718],[22.787,36.793],[22.686,36.809],[22.577,36.783],[22.579,36.74],[22.546,36.721],[22.525,36.685],[22.55,36.678],[22.553,36.651],[22.534,36.671],[22.517,36.666],[22.526,36.612],[22.513,36.603],[22.505,36.624],[22.484,36.607],[22.487,36.525],[22.511,36.467],[22.491,36.391],[22.47,36.452],[22.408,36.487],[22.381,36.48],[22.355,36.512],[22.367,36.548],[22.388,36.556],[22.374,36.583],[22.388,36.603],[22.367,36.603],[22.371,36.643],[22.388,36.644],[22.368,36.656],[22.388,36.706],[22.359,36.702],[22.305,36.775],[22.292,36.82],[22.222,36.898],[22.2,36.906],[22.175,36.891],[22.138,36.917],[22.153,37.021],[22.048,37.035],[21.943,36.993],[21.922,36.863],[21.929,36.822],[21.97,36.795],[21.945,36.79],[21.936,36.766],[21.883,36.727],[21.823,36.809],[21.764,36.795],[21.707,36.818],[21.688,36.85],[21.688,36.891],[21.71,36.943],[21.688,36.965],[21.668,36.959],[21.682,36.973],[21.662,36.959],[21.655,36.995],[21.579,37.077],[21.57,37.116],[21.574,37.192],[21.682,37.284],[21.696,37.316],[21.675,37.396],[21.55,37.561],[21.402,37.655],[21.343,37.669],[21.324,37.665],[21.312,37.638],[21.299,37.673],[21.312,37.726],[21.285,37.785],[21.122,37.837],[21.106,37.878],[21.134,37.946],[21.164,37.93],[21.208,37.946],[21.326,38.021],[21.319,38.035],[21.284,38.015],[21.367,38.121],[21.374,38.221],[21.409,38.186],[21.401,38.215],[21.524,38.166],[21.622,38.155],[21.701,38.205],[21.764,38.296],[21.849,38.341],[21.956,38.337],[22.02,38.313],[22.049,38.275],[22.114,38.268],[22.143,38.249],[22.161,38.213],[22.219,38.188],[22.331,38.179],[22.415,38.138],[22.511,38.129],[22.68,38.067],[22.867,37.94],[22.946,37.946],[22.975,37.979],[22.887,38.034],[22.854,38.035],[22.875,38.049],[22.943,38.083],[23.069,38.059],[23.173,38.079],[23.217,38.103],[23.176,38.145],[23.223,38.159],[23.128,38.172],[23.149,38.186],[23.123,38.208],[23.067,38.183],[23.032,38.186],[23.052,38.193],[23.025,38.217],[22.952,38.225],[22.922,38.207],[22.951,38.21],[22.969,38.193],[22.909,38.193],[22.895,38.241],[22.881,38.227],[22.875,38.241],[22.806,38.227],[22.765,38.248],[22.799,38.282],[22.696,38.317],[22.675,38.344],[22.684,38.361],[22.646,38.39],[22.627,38.372],[22.646,38.362],[22.612,38.364],[22.587,38.337],[22.606,38.323],[22.6,38.303],[22.563,38.294],[22.468,38.421],[22.402,38.453],[22.408,38.416],[22.374,38.392],[22.399,38.376],[22.382,38.343],[22.225,38.36],[22.189,38.323],[22.133,38.373],[21.958,38.412],[21.879,38.378],[21.831,38.397],[21.782,38.364],[21.763,38.328],[21.716,38.358],[21.6,38.351],[21.518,38.296],[21.428,38.331],[21.49,38.309],[21.49,38.337],[21.476,38.344],[21.49,38.358],[21.47,38.358],[21.476,38.372],[21.422,38.364],[21.416,38.394],[21.377,38.399],[21.36,38.468],[21.323,38.496],[21.309,38.494],[21.353,38.433],[21.339,38.433],[21.337,38.396],[21.291,38.378],[21.291,38.364],[21.27,38.368],[21.272,38.354],[21.239,38.331],[21.19,38.341],[21.181,38.331],[21.2,38.323],[21.156,38.304],[21.14,38.337],[21.085,38.344],[21.106,38.353],[21.106,38.372],[21.093,38.364],[21.106,38.385],[21.114,38.374],[21.14,38.399],[21.087,38.41],[21.085,38.44],[21.107,38.425],[21.12,38.44],[21.106,38.433],[21.106,38.481],[21.079,38.488],[21.099,38.494],[21.085,38.502],[21.096,38.532],[21.031,38.511],[21.017,38.546],[21.025,38.608],[20.988,38.664],[20.914,38.686],[20.883,38.779],[20.86,38.804],[20.811,38.763],[20.804,38.773],[20.773,38.761],[20.729,38.81],[20.749,38.857],[20.805,38.868],[20.756,38.907],[20.77,38.959],[20.782,38.935],[20.817,38.921],[20.86,38.961],[20.867,38.926],[20.904,38.928],[20.921,38.954],[21.027,38.933],[21.026,38.898],[21.085,38.864],[21.102,38.911],[21.177,38.876],[21.14,38.941],[21.16,38.998],[21.085,39.063],[21.079,39.036],[21.037,39.022],[21.058,39.009],[20.954,39.034],[20.935,39.057],[20.948,39.07],[20.901,39.077],[20.867,39.053],[20.886,39.036],[20.845,39.037],[20.86,39.042],[20.858,39.059],[20.846,39.077],[20.826,39.07],[20.838,39.092],[20.822,39.114],[20.777,39.091],[20.792,39.081],[20.784,39.049],[20.757,39.022],[20.743,39.029],[20.745,39.015],[20.832,38.964],[20.766,38.978],[20.735,38.95],[20.702,38.998],[20.716,39.015],[20.687,39.072],[20.596,39.124],[20.479,39.225],[20.482,39.283],[20.394,39.297],[20.366,39.288],[20.325,39.304],[20.293,39.333],[20.291,39.365],[20.27,39.387],[20.236,39.399],[20.243,39.412],[20.216,39.44],[20.267,39.447],[20.216,39.495],[20.255,39.492],[20.264,39.509],[20.222,39.521],[20.222,39.509],[20.183,39.533],[20.134,39.53],[20.147,39.571],[20.175,39.577],[20.182,39.624],[20.089,39.673],[20.0,39.693],[20.089,39.683],[20.2,39.64],[20.212,39.667],[20.246,39.663],[20.249,39.685],[20.296,39.717],[20.276,39.76],[20.28,39.804],[20.372,39.784],[20.389,39.798],[20.393,39.835],[20.318,39.918],[20.298,39.987],[20.376,39.994],[20.4,40.045],[20.433,40.064],[20.578,40.067],[20.648,40.094],[20.668,40.138],[20.66,40.179],[20.696,40.215],[20.699,40.278],[20.737,40.304],[20.77,40.363],[20.771,40.422],[20.809,40.437],[20.84,40.472],[20.912,40.46],[20.937,40.473],[20.958,40.515],[21.019,40.559],[21.035,40.659],[20.944,40.765],[20.967,40.802],[20.965,40.849]]],[[[24.128,34.863],[24.135,34.815],[24.046,34.855],[24.093,34.87],[24.128,34.863]]],[[[26.9,35.425],[27.013,35.431],[27.0,35.425],[27.007,35.398],[26.877,35.349],[26.848,35.372],[26.9,35.425]]],[[[26.312,35.297],[26.266,35.26],[26.299,35.186],[26.321,35.198],[26.285,35.151],[26.294,35.136],[26.278,35.1],[26.235,35.034],[26.147,35.002],[26.105,34.999],[26.082,35.02],[26.02,35.021],[25.985,35.039],[25.808,35.006],[25.601,35.014],[25.506,34.985],[25.348,34.992],[25.108,34.938],[24.739,34.932],[24.755,34.958],[24.759,35.041],[24.718,35.094],[24.565,35.106],[24.501,35.152],[24.464,35.15],[24.404,35.175],[24.402,35.191],[24.293,35.182],[24.218,35.191],[24.204,35.205],[24.085,35.205],[24.05,35.191],[23.988,35.233],[23.902,35.231],[23.827,35.253],[23.683,35.226],[23.611,35.235],[23.587,35.239],[23.518,35.308],[23.553,35.321],[23.539,35.374],[23.573,35.435],[23.56,35.452],[23.578,35.493],[23.566,35.527],[23.58,35.576],[23.605,35.613],[23.62,35.524],[23.659,35.501],[23.718,35.513],[23.73,35.554],[23.711,35.649],[23.742,35.687],[23.779,35.672],[23.768,35.654],[23.779,35.576],[23.817,35.535],[24.025,35.521],[24.058,35.553],[24.094,35.554],[24.082,35.59],[24.115,35.601],[24.183,35.586],[24.203,35.542],[24.183,35.513],[24.081,35.515],[24.072,35.498],[24.187,35.452],[24.252,35.479],[24.265,35.37],[24.34,35.348],[24.428,35.37],[24.464,35.362],[24.721,35.427],[24.841,35.404],[24.896,35.425],[24.958,35.404],[24.971,35.425],[25.053,35.404],[25.055,35.355],[25.077,35.344],[25.376,35.343],[25.425,35.3],[25.454,35.294],[25.66,35.349],[25.766,35.336],[25.725,35.294],[25.729,35.265],[25.751,35.284],[25.759,35.26],[25.732,35.246],[25.713,35.183],[25.729,35.133],[25.795,35.115],[25.83,35.122],[25.897,35.185],[25.979,35.195],[26.061,35.233],[26.12,35.215],[26.108,35.205],[26.13,35.196],[26.155,35.198],[26.198,35.219],[26.26,35.284],[26.294,35.288],[26.294,35.315],[26.321,35.315],[26.312,35.297]]],[[[27.233,35.504],[27.232,35.472],[27.181,35.469],[27.162,35.45],[27.166,35.423],[27.136,35.404],[27.143,35.42],[27.093,35.452],[27.109,35.466],[27.102,35.479],[27.119,35.483],[27.114,35.551],[27.068,35.589],[27.154,35.718],[27.157,35.801],[27.185,35.801],[27.221,35.829],[27.232,35.822],[27.212,35.777],[27.219,35.726],[27.161,35.651],[27.157,35.619],[27.221,35.551],[27.204,35.527],[27.233,35.504]]],[[[23.272,35.904],[23.331,35.865],[23.333,35.829],[23.272,35.904]]],[[[23.077,36.271],[23.104,36.237],[23.058,36.216],[23.052,36.145],[22.991,36.137],[22.909,36.206],[22.916,36.285],[22.902,36.338],[22.945,36.389],[23.012,36.308],[23.077,36.271]]],[[[25.73,36.38],[25.768,36.402],[25.855,36.364],[25.847,36.35],[25.818,36.364],[25.746,36.358],[25.73,36.38]]],[[[28.226,36.418],[28.236,36.373],[28.211,36.358],[28.163,36.238],[28.131,36.185],[28.103,36.185],[28.086,36.165],[28.062,36.117],[28.096,36.104],[28.076,36.076],[28.09,36.055],[27.993,36.062],[27.932,36.025],[27.827,35.914],[27.78,35.89],[27.733,35.915],[27.712,35.953],[27.754,36.037],[27.757,36.084],[27.709,36.127],[27.712,36.144],[27.684,36.158],[27.772,36.198],[27.803,36.27],[27.837,36.281],[27.9,36.34],[28.118,36.428],[28.184,36.424],[28.214,36.455],[28.24,36.439],[28.226,36.418]]],[[[25.382,36.48],[25.479,36.424],[25.491,36.398],[25.48,36.358],[25.447,36.336],[25.362,36.357],[25.409,36.364],[25.437,36.391],[25.422,36.451],[25.369,36.467],[25.382,36.48]]],[[[27.387,36.421],[27.421,36.409],[27.438,36.418],[27.445,36.405],[27.399,36.379],[27.365,36.393],[27.35,36.431],[27.315,36.411],[27.294,36.436],[27.301,36.473],[27.31,36.458],[27.356,36.48],[27.369,36.472],[27.397,36.439],[27.387,36.421]]],[[[26.393,36.637],[26.466,36.583],[26.373,36.572],[26.342,36.509],[26.301,36.513],[26.266,36.548],[26.266,36.596],[26.295,36.597],[26.342,36.569],[26.366,36.59],[26.404,36.59],[26.362,36.631],[26.393,36.637]]],[[[27.87,36.624],[27.877,36.562],[27.863,36.555],[27.877,36.541],[27.843,36.528],[27.828,36.534],[27.849,36.548],[27.792,36.567],[27.808,36.576],[27.76,36.576],[27.788,36.617],[27.861,36.647],[27.815,36.61],[27.836,36.603],[27.87,36.624]]],[[[24.948,36.624],[24.964,36.596],[24.923,36.602],[24.841,36.665],[24.948,36.624]]],[[[25.186,36.719],[25.13,36.66],[25.067,36.638],[25.105,36.699],[25.146,36.72],[25.186,36.719]]],[[[21.76,36.752],[21.782,36.736],[21.778,36.699],[21.764,36.72],[21.75,36.712],[21.76,36.752]]],[[[24.513,36.764],[24.546,36.754],[24.538,36.681],[24.327,36.651],[24.327,36.699],[24.341,36.712],[24.327,36.72],[24.354,36.754],[24.395,36.736],[24.407,36.707],[24.461,36.699],[24.471,36.704],[24.459,36.727],[24.427,36.734],[24.409,36.761],[24.42,36.771],[24.474,36.747],[24.513,36.764]]],[[[24.622,36.795],[24.668,36.764],[24.645,36.747],[24.608,36.781],[24.622,36.795]]],[[[25.373,36.654],[25.252,36.727],[25.263,36.768],[25.307,36.795],[25.348,36.747],[25.409,36.712],[25.39,36.704],[25.395,36.679],[25.373,36.654]]],[[[21.696,36.74],[21.709,36.802],[21.729,36.795],[21.696,36.74]]],[[[24.608,36.829],[24.573,36.782],[24.54,36.784],[24.521,36.817],[24.562,36.846],[24.601,36.843],[24.608,36.829]]],[[[25.43,36.844],[25.447,36.857],[25.478,36.871],[25.478,36.835],[25.434,36.823],[25.43,36.844]]],[[[27.292,36.892],[27.341,36.882],[27.356,36.863],[27.214,36.824],[27.13,36.761],[27.048,36.775],[26.992,36.754],[26.976,36.741],[26.986,36.72],[26.966,36.706],[26.973,36.679],[26.918,36.716],[26.926,36.766],[26.959,36.781],[26.986,36.768],[27.061,36.839],[27.164,36.891],[27.281,36.908],[27.292,36.892]]],[[[25.609,36.884],[25.65,36.912],[25.684,36.891],[25.655,36.879],[25.609,36.884]]],[[[25.998,36.939],[26.075,36.893],[26.006,36.891],[25.921,36.841],[25.88,36.795],[25.756,36.77],[25.739,36.795],[25.845,36.809],[25.863,36.836],[25.852,36.831],[25.845,36.85],[25.972,36.898],[25.951,36.918],[25.998,36.939]]],[[[25.067,36.955],[25.026,37.008],[25.053,37.034],[25.088,37.042],[25.06,36.973],[25.081,36.953],[25.067,36.955]]],[[[24.716,37.02],[24.766,36.949],[24.711,36.904],[24.669,36.978],[24.677,37.0],[24.642,37.028],[24.642,37.049],[24.716,37.02]]],[[[26.912,36.946],[26.954,37.028],[26.917,37.042],[26.886,37.076],[26.89,37.09],[26.986,37.049],[26.973,37.042],[27.007,37.0],[27.032,37.012],[27.044,36.996],[27.04,36.945],[26.993,36.953],[26.983,36.93],[26.945,36.926],[26.912,36.946]]],[[[25.805,37.099],[25.781,37.124],[25.835,37.138],[25.837,37.102],[25.805,37.099]]],[[[25.28,37.069],[25.245,37.015],[25.188,36.985],[25.103,37.013],[25.113,37.063],[25.156,37.09],[25.136,37.094],[25.15,37.111],[25.239,37.152],[25.224,37.134],[25.259,37.124],[25.273,37.138],[25.266,37.152],[25.293,37.152],[25.263,37.09],[25.28,37.069]]],[[[25.534,37.201],[25.575,37.179],[25.592,37.143],[25.581,37.018],[25.553,36.969],[25.45,36.918],[25.423,36.967],[25.389,36.987],[25.382,37.035],[25.342,37.083],[25.372,37.089],[25.495,37.189],[25.534,37.201]]],[[[24.436,37.185],[24.521,37.204],[24.532,37.13],[24.519,37.144],[24.498,37.11],[24.498,37.124],[24.464,37.124],[24.459,37.137],[24.423,37.124],[24.436,37.185]]],[[[23.134,37.285],[23.158,37.271],[23.162,37.244],[23.131,37.244],[23.094,37.275],[23.134,37.285]]],[[[23.587,37.371],[23.505,37.35],[23.497,37.32],[23.374,37.303],[23.464,37.357],[23.587,37.371]]],[[[24.375,37.438],[24.444,37.487],[24.431,37.446],[24.483,37.412],[24.478,37.391],[24.453,37.383],[24.444,37.35],[24.368,37.31],[24.402,37.371],[24.388,37.385],[24.395,37.412],[24.368,37.412],[24.375,37.438]]],[[[25.457,37.446],[25.307,37.412],[25.326,37.463],[25.307,37.473],[25.313,37.488],[25.348,37.508],[25.377,37.467],[25.395,37.494],[25.463,37.47],[25.457,37.446]]],[[[24.946,37.433],[24.964,37.402],[24.882,37.364],[24.889,37.398],[24.861,37.398],[24.882,37.426],[24.868,37.432],[24.898,37.449],[24.895,37.51],[24.93,37.508],[24.948,37.486],[24.958,37.46],[24.946,37.433]]],[[[23.482,37.556],[23.526,37.522],[23.481,37.51],[23.436,37.522],[23.482,37.556]]],[[[25.125,37.556],[24.998,37.638],[24.985,37.679],[25.053,37.679],[25.088,37.645],[25.123,37.652],[25.149,37.631],[25.165,37.646],[25.246,37.624],[25.259,37.59],[25.216,37.533],[25.125,37.556]]],[[[24.403,37.656],[24.396,37.625],[24.313,37.538],[24.275,37.532],[24.278,37.623],[24.334,37.673],[24.321,37.679],[24.375,37.686],[24.403,37.656]]],[[[26.362,37.686],[26.231,37.571],[26.128,37.556],[26.058,37.519],[25.976,37.516],[25.98,37.549],[26.074,37.638],[26.197,37.632],[26.281,37.675],[26.362,37.686]]],[[[23.563,37.768],[23.526,37.692],[23.484,37.679],[23.457,37.692],[23.468,37.715],[23.434,37.734],[23.424,37.762],[23.563,37.768]]],[[[27.059,37.734],[27.061,37.707],[27.001,37.707],[26.91,37.678],[26.861,37.643],[26.787,37.647],[26.761,37.69],[26.708,37.714],[26.598,37.677],[26.58,37.741],[26.658,37.793],[26.806,37.815],[26.966,37.748],[26.945,37.789],[26.993,37.796],[26.994,37.784],[27.068,37.774],[27.034,37.761],[27.048,37.727],[27.059,37.734]]],[[[20.918,37.765],[20.987,37.73],[20.996,37.699],[20.954,37.724],[20.894,37.733],[20.844,37.702],[20.847,37.653],[20.815,37.652],[20.619,37.823],[20.619,37.864],[20.686,37.93],[20.709,37.925],[20.742,37.862],[20.777,37.843],[20.85,37.836],[20.886,37.814],[20.918,37.765]]],[[[24.992,37.768],[24.958,37.686],[24.916,37.72],[24.892,37.768],[24.865,37.774],[24.817,37.824],[24.8,37.816],[24.776,37.862],[24.739,37.892],[24.716,37.879],[24.718,37.899],[24.684,37.933],[24.696,37.936],[24.694,37.966],[24.779,38.0],[24.83,37.963],[24.848,37.915],[24.954,37.906],[24.964,37.897],[24.943,37.843],[24.985,37.816],[24.958,37.774],[24.992,37.768]]],[[[23.402,37.906],[23.439,37.94],[23.469,37.932],[23.498,37.967],[23.46,37.953],[23.422,37.96],[23.457,37.974],[23.429,37.988],[23.47,37.98],[23.478,37.999],[23.518,37.999],[23.537,37.988],[23.546,37.953],[23.573,37.953],[23.539,37.94],[23.518,37.899],[23.501,37.906],[23.467,37.884],[23.402,37.906]]],[[[20.718,38.066],[20.682,38.098],[20.615,38.12],[20.581,38.115],[20.565,38.09],[20.51,38.111],[20.469,38.193],[20.51,38.18],[20.445,38.276],[20.428,38.262],[20.425,38.175],[20.38,38.152],[20.345,38.182],[20.352,38.246],[20.392,38.3],[20.4,38.364],[20.407,38.344],[20.427,38.363],[20.479,38.309],[20.53,38.337],[20.531,38.392],[20.551,38.385],[20.538,38.474],[20.572,38.474],[20.626,38.352],[20.626,38.328],[20.599,38.303],[20.631,38.258],[20.682,38.282],[20.675,38.268],[20.694,38.265],[20.709,38.227],[20.751,38.197],[20.805,38.116],[20.795,38.066],[20.718,38.066]]],[[[20.728,38.389],[20.757,38.372],[20.738,38.372],[20.764,38.323],[20.719,38.316],[20.688,38.337],[20.64,38.447],[20.615,38.467],[20.619,38.481],[20.636,38.473],[20.654,38.502],[20.672,38.498],[20.661,38.461],[20.709,38.447],[20.675,38.378],[20.716,38.372],[20.702,38.385],[20.728,38.389]]],[[[20.941,38.604],[20.908,38.549],[20.894,38.549],[20.932,38.603],[20.941,38.604]]],[[[26.164,38.543],[26.144,38.493],[26.122,38.488],[26.154,38.467],[26.139,38.419],[26.164,38.303],[26.114,38.284],[26.102,38.262],[26.112,38.223],[26.04,38.2],[26.01,38.157],[25.965,38.172],[25.91,38.227],[25.89,38.221],[25.89,38.248],[25.866,38.246],[25.876,38.275],[25.964,38.303],[25.976,38.337],[25.992,38.344],[25.989,38.379],[25.951,38.406],[25.944,38.453],[25.89,38.474],[25.843,38.515],[25.833,38.544],[25.849,38.58],[26.016,38.602],[26.064,38.59],[26.108,38.543],[26.116,38.563],[26.144,38.564],[26.164,38.543]]],[[[25.595,38.604],[25.622,38.584],[25.605,38.535],[25.561,38.535],[25.561,38.563],[25.526,38.604],[25.595,38.604]]],[[[20.602,38.627],[20.545,38.57],[20.562,38.691],[20.603,38.782],[20.686,38.85],[20.718,38.823],[20.729,38.782],[20.729,38.731],[20.697,38.69],[20.706,38.68],[20.723,38.707],[20.716,38.627],[20.695,38.638],[20.702,38.618],[20.649,38.609],[20.648,38.584],[20.602,38.627]]],[[[24.679,38.807],[24.683,38.784],[24.657,38.769],[24.614,38.773],[24.601,38.793],[24.567,38.763],[24.532,38.796],[24.574,38.81],[24.557,38.846],[24.505,38.844],[24.478,38.878],[24.436,38.878],[24.462,38.911],[24.461,38.968],[24.491,38.981],[24.561,38.944],[24.579,38.876],[24.679,38.807]]],[[[24.579,38.109],[24.594,38.062],[24.552,37.978],[24.477,37.962],[24.43,38.021],[24.386,37.997],[24.402,37.98],[24.372,37.972],[24.314,38.029],[24.327,38.043],[24.286,38.086],[24.204,38.09],[24.211,38.124],[24.183,38.135],[24.211,38.166],[24.185,38.218],[24.157,38.23],[24.143,38.227],[24.149,38.213],[24.126,38.217],[24.163,38.268],[24.153,38.281],[24.109,38.256],[24.115,38.275],[24.101,38.275],[24.122,38.309],[24.025,38.331],[24.067,38.351],[24.042,38.402],[23.912,38.392],[23.844,38.406],[23.649,38.406],[23.614,38.461],[23.594,38.453],[23.636,38.501],[23.614,38.558],[23.505,38.597],[23.498,38.631],[23.446,38.677],[23.202,38.83],[23.144,38.851],[23.069,38.847],[23.036,38.874],[22.969,38.889],[22.956,38.878],[22.992,38.865],[22.982,38.845],[22.833,38.823],[22.837,38.854],[23.036,38.926],[23.046,38.947],[23.087,38.954],[23.094,38.988],[23.127,39.006],[23.309,39.038],[23.372,39.01],[23.385,38.968],[23.426,38.954],[23.451,38.875],[23.48,38.838],[23.594,38.789],[23.594,38.77],[23.662,38.755],[23.723,38.762],[23.754,38.719],[23.858,38.683],[23.948,38.669],[23.984,38.686],[24.073,38.679],[24.156,38.653],[24.126,38.635],[24.126,38.599],[24.231,38.522],[24.188,38.474],[24.184,38.44],[24.204,38.413],[24.185,38.408],[24.211,38.378],[24.215,38.336],[24.252,38.292],[24.252,38.228],[24.327,38.186],[24.344,38.159],[24.393,38.164],[24.478,38.139],[24.588,38.159],[24.579,38.109]]],[[[23.46,39.132],[23.395,39.146],[23.399,39.164],[23.47,39.214],[23.513,39.179],[23.46,39.132]]],[[[23.67,39.111],[23.587,39.208],[23.601,39.214],[23.73,39.146],[23.727,39.131],[23.793,39.118],[23.717,39.077],[23.658,39.098],[23.67,39.111]]],[[[20.125,39.236],[20.19,39.203],[20.202,39.18],[20.159,39.189],[20.125,39.236]]],[[[23.967,39.251],[23.865,39.144],[23.834,39.146],[23.957,39.289],[23.95,39.275],[23.972,39.272],[23.967,39.251]]],[[[26.612,39.04],[26.597,39.012],[26.539,39.019],[26.519,39.036],[26.527,39.083],[26.489,39.114],[26.437,39.104],[26.547,39.009],[26.547,38.988],[26.424,38.967],[26.276,39.011],[26.166,39.022],[26.088,39.083],[26.16,39.098],[26.191,39.128],[26.226,39.132],[26.293,39.177],[26.28,39.196],[26.187,39.202],[26.097,39.106],[26.064,39.091],[25.889,39.145],[25.835,39.18],[25.855,39.221],[25.842,39.228],[25.859,39.259],[25.917,39.297],[25.936,39.277],[26.033,39.283],[26.047,39.303],[26.061,39.289],[26.163,39.324],[26.164,39.379],[26.362,39.379],[26.355,39.357],[26.417,39.33],[26.382,39.277],[26.54,39.166],[26.531,39.151],[26.551,39.119],[26.568,39.118],[26.566,39.098],[26.612,39.04]]],[[[25.047,39.545],[25.04,39.521],[24.985,39.467],[24.977,39.538],[25.003,39.563],[25.047,39.545]]],[[[20.082,39.447],[20.118,39.378],[20.106,39.365],[20.0,39.399],[20.0,39.455],[20.033,39.439],[20.082,39.447]]],[[[25.45,40.036],[25.45,39.988],[25.402,39.964],[25.386,39.944],[25.389,39.92],[25.348,39.906],[25.369,39.899],[25.34,39.874],[25.37,39.817],[25.349,39.788],[25.295,39.808],[25.29,39.831],[25.239,39.858],[25.28,39.889],[25.251,39.919],[25.197,39.893],[25.225,39.885],[25.194,39.874],[25.177,39.845],[25.202,39.841],[25.215,39.803],[25.143,39.817],[25.165,39.859],[25.136,39.838],[25.122,39.858],[25.047,39.838],[25.067,39.858],[25.047,39.879],[25.068,39.921],[25.033,39.995],[25.225,40.009],[25.261,39.991],[25.285,39.953],[25.348,39.982],[25.382,40.023],[25.45,40.036]]],[[[25.695,40.433],[25.567,40.4],[25.444,40.482],[25.576,40.515],[25.672,40.487],[25.698,40.461],[25.695,40.433]]],[[[24.765,40.734],[24.767,40.711],[24.786,40.708],[24.766,40.67],[24.78,40.612],[24.756,40.62],[24.642,40.571],[24.587,40.622],[24.517,40.639],[24.512,40.667],[24.533,40.718],[24.642,40.804],[24.732,40.784],[24.744,40.759],[24.786,40.735],[24.765,40.734]]],[[[23.884,36.844],[23.884,36.832],[23.877,36.844],[23.884,36.844]]],[[[23.456,36.928],[23.464,36.904],[23.45,36.929],[23.456,36.928]]],[[[27.616,36.243],[27.61,36.216],[27.519,36.217],[27.527,36.24],[27.616,36.243]]],[[[27.195,36.607],[27.198,36.568],[27.13,36.57],[27.137,36.6],[27.167,36.615],[27.195,36.607]]],[[[26.844,37.162],[26.887,37.106],[26.838,37.105],[26.852,37.125],[26.817,37.12],[26.817,37.147],[26.773,37.183],[26.808,37.2],[26.85,37.187],[26.844,37.162]]],[[[26.569,37.374],[26.606,37.34],[26.572,37.347],[26.549,37.327],[26.568,37.275],[26.546,37.277],[26.529,37.301],[26.536,37.373],[26.569,37.374]]],[[[24.733,37.632],[24.741,37.596],[24.718,37.594],[24.66,37.607],[24.733,37.632]]],[[[20.952,38.649],[20.942,38.627],[20.871,38.583],[20.87,38.604],[20.904,38.643],[20.952,38.649]]],[[[20.805,38.666],[20.76,38.627],[20.8,38.595],[20.752,38.626],[20.737,38.652],[20.783,38.675],[20.805,38.666]]],[[[24.091,39.349],[24.082,39.305],[24.063,39.297],[24.045,39.341],[24.067,39.363],[24.07,39.346],[24.091,39.349]]]]}},{"type":"Feature","properties":{"name":"Zambia","iso":"ZMB"},"geometry":{"type":"Polygon","coordinates":[[[32.921,-9.408],[32.938,-9.488],[32.962,-9.48],[32.992,-9.502],[32.975,-9.601],[32.987,-9.628],[33.036,-9.617],[33.058,-9.654],[33.08,-9.662],[33.098,-9.588],[33.175,-9.602],[33.214,-9.655],[33.205,-9.698],[33.217,-9.727],[33.288,-9.804],[33.343,-9.831],[33.366,-9.899],[33.31,-10.013],[33.304,-10.064],[33.481,-10.177],[33.533,-10.231],[33.533,-10.343],[33.623,-10.494],[33.665,-10.515],[33.674,-10.577],[33.528,-10.712],[33.501,-10.769],[33.434,-10.808],[33.386,-10.801],[33.319,-10.818],[33.288,-10.857],[33.241,-10.866],[33.233,-10.883],[33.24,-10.903],[33.28,-10.913],[33.304,-11.035],[33.391,-11.165],[33.298,-11.329],[33.299,-11.353],[33.274,-11.37],[33.265,-11.423],[33.24,-11.402],[33.23,-11.417],[33.234,-11.514],[33.213,-11.564],[33.297,-11.594],[33.314,-11.772],[33.297,-11.847],[33.313,-11.899],[33.255,-12.073],[33.253,-12.14],[33.3,-12.196],[33.349,-12.328],[33.385,-12.34],[33.458,-12.318],[33.526,-12.335],[33.527,-12.356],[33.465,-12.409],[33.451,-12.453],[33.35,-12.533],[33.255,-12.532],[33.227,-12.579],[33.173,-12.62],[33.13,-12.584],[33.081,-12.605],[33.058,-12.583],[33.025,-12.613],[32.941,-12.77],[32.947,-12.843],[33.014,-12.917],[32.982,-13.006],[32.966,-13.117],[32.998,-13.202],[32.938,-13.256],[32.892,-13.405],[32.874,-13.443],[32.819,-13.472],[32.813,-13.528],[32.723,-13.573],[32.677,-13.568],[32.663,-13.596],[32.675,-13.628],[32.77,-13.647],[32.813,-13.711],[32.757,-13.75],[32.763,-13.777],[32.874,-13.821],[32.924,-13.88],[32.936,-13.926],[32.976,-13.945],[32.971,-14.006],[33.0,-14.05],[33.018,-14.046],[33.063,-13.982],[33.112,-13.965],[33.14,-13.925],[33.203,-14.014],[31.658,-14.52],[31.411,-14.634],[30.816,-14.768],[30.486,-14.886],[30.318,-14.967],[30.214,-14.981],[30.226,-15.106],[30.263,-15.231],[30.288,-15.279],[30.335,-15.305],[30.365,-15.354],[30.372,-15.44],[30.393,-15.481],[30.367,-15.561],[30.41,-15.63],[30.328,-15.652],[30.255,-15.629],[30.207,-15.653],[30.13,-15.624],[30.011,-15.646],[29.837,-15.615],[29.673,-15.663],[29.587,-15.656],[29.508,-15.704],[29.407,-15.714],[29.186,-15.813],[29.086,-15.885],[29.042,-15.946],[28.932,-15.964],[28.857,-16.06],[28.871,-16.087],[28.847,-16.203],[28.864,-16.231],[28.837,-16.306],[28.857,-16.388],[28.823,-16.471],[28.761,-16.532],[28.733,-16.558],[28.643,-16.569],[28.28,-16.707],[28.114,-16.828],[27.817,-16.96],[27.641,-17.198],[27.577,-17.363],[27.157,-17.769],[27.149,-17.842],[27.115,-17.882],[27.021,-17.959],[26.959,-17.965],[26.912,-17.992],[26.888,-17.985],[26.754,-18.033],[26.7,-18.069],[26.629,-18.049],[26.57,-18.003],[26.409,-17.939],[26.318,-17.934],[26.239,-17.91],[26.212,-17.883],[26.095,-17.938],[26.095,-17.959],[25.979,-17.999],[25.924,-17.999],[25.853,-17.96],[25.847,-17.929],[25.864,-17.924],[25.85,-17.907],[25.681,-17.811],[25.516,-17.862],[25.336,-17.841],[25.242,-17.77],[25.191,-17.755],[25.139,-17.686],[25.123,-17.698],[25.089,-17.643],[25.034,-17.608],[25.037,-17.581],[24.999,-17.588],[24.958,-17.552],[24.938,-17.561],[24.898,-17.531],[24.684,-17.492],[24.63,-17.496],[24.571,-17.533],[24.389,-17.471],[24.321,-17.489],[24.22,-17.48],[23.382,-17.641],[23.382,-17.601],[23.32,-17.546],[23.19,-17.537],[23.176,-17.478],[23.098,-17.432],[22.999,-17.294],[22.876,-17.248],[22.765,-17.17],[22.71,-17.055],[22.652,-16.999],[22.573,-16.971],[22.555,-16.924],[22.509,-16.906],[22.417,-16.754],[22.378,-16.735],[22.334,-16.674],[22.291,-16.656],[22.238,-16.665],[22.152,-16.598],[22.138,-16.553],[22.108,-16.544],[22.08,-16.458],[22.106,-16.379],[22.056,-16.365],[22.052,-16.327],[22.012,-16.252],[22.045,-16.252],[21.982,-16.144],[21.98,-13.001],[24.001,-13.001],[23.972,-12.933],[23.895,-12.85],[23.866,-12.79],[23.929,-12.562],[24.031,-12.385],[24.017,-12.279],[23.96,-12.197],[23.954,-12.152],[23.967,-11.883],[23.99,-11.824],[23.955,-11.637],[24.01,-11.523],[24.01,-11.459],[24.062,-11.407],[24.011,-11.273],[24.015,-11.13],[23.99,-11.114],[24.004,-10.982],[23.967,-10.872],[24.048,-10.882],[24.114,-10.919],[24.124,-11.043],[24.181,-11.034],[24.294,-11.05],[24.371,-11.1],[24.382,-11.121],[24.362,-11.165],[24.397,-11.217],[24.392,-11.279],[24.34,-11.358],[24.285,-11.381],[24.31,-11.407],[24.37,-11.41],[24.446,-11.464],[24.565,-11.445],[24.593,-11.4],[24.635,-11.386],[24.674,-11.342],[24.713,-11.326],[24.827,-11.318],[24.943,-11.269],[25.184,-11.247],[25.31,-11.195],[25.323,-11.205],[25.325,-11.284],[25.285,-11.307],[25.306,-11.333],[25.278,-11.372],[25.279,-11.396],[25.317,-11.473],[25.3,-11.535],[25.345,-11.642],[25.386,-11.65],[25.481,-11.715],[25.474,-11.756],[25.496,-11.777],[25.561,-11.753],[25.576,-11.727],[25.621,-11.729],[25.726,-11.801],[25.851,-11.794],[25.981,-11.903],[26.167,-11.902],[26.23,-11.933],[26.298,-11.941],[26.339,-11.919],[26.415,-11.912],[26.489,-11.961],[26.644,-11.986],[26.697,-12.017],[26.717,-12.013],[26.759,-11.969],[26.874,-11.964],[26.948,-11.909],[26.967,-11.87],[26.981,-11.749],[27.021,-11.698],[27.01,-11.61],[27.024,-11.596],[27.18,-11.57],[27.208,-11.639],[27.21,-11.722],[27.234,-11.809],[27.421,-11.922],[27.468,-12.002],[27.52,-12.18],[27.638,-12.294],[27.757,-12.304],[27.831,-12.26],[27.857,-12.262],[27.934,-12.303],[27.959,-12.368],[28.088,-12.378],[28.131,-12.429],[28.186,-12.402],[28.238,-12.437],[28.322,-12.441],[28.423,-12.521],[28.512,-12.668],[28.512,-12.694],[28.474,-12.736],[28.539,-12.834],[28.543,-12.886],[28.584,-12.889],[28.621,-12.839],[28.668,-12.849],[28.708,-12.89],[28.831,-13.052],[28.826,-13.093],[28.844,-13.102],[28.854,-13.137],[28.903,-13.162],[28.934,-13.31],[28.95,-13.351],[28.994,-13.396],[29.122,-13.384],[29.184,-13.437],[29.308,-13.354],[29.45,-13.3],[29.528,-13.234],[29.574,-13.225],[29.629,-13.261],[29.657,-13.26],[29.669,-13.281],[29.659,-13.31],[29.627,-13.326],[29.625,-13.364],[29.602,-13.374],[29.617,-13.421],[29.703,-13.458],[29.767,-13.458],[29.798,-13.424],[29.799,-12.154],[29.735,-12.165],[29.632,-12.216],[29.577,-12.188],[29.474,-12.243],[29.447,-12.335],[29.48,-12.381],[29.523,-12.393],[29.525,-12.429],[29.5,-12.453],[29.364,-12.409],[29.305,-12.405],[29.255,-12.366],[29.173,-12.368],[29.111,-12.393],[29.1,-12.374],[29.035,-12.379],[28.945,-12.206],[28.86,-12.142],[28.821,-12.076],[28.76,-12.035],[28.751,-11.992],[28.686,-11.984],[28.624,-11.948],[28.593,-11.9],[28.569,-11.914],[28.541,-11.872],[28.508,-11.873],[28.489,-11.809],[28.453,-11.781],[28.405,-11.605],[28.356,-11.518],[28.357,-11.447],[28.44,-11.348],[28.436,-11.289],[28.474,-11.226],[28.487,-11.153],[28.477,-11.078],[28.547,-10.914],[28.554,-10.835],[28.623,-10.717],[28.666,-10.697],[28.7,-10.643],[28.666,-10.609],[28.672,-10.564],[28.635,-10.519],[28.646,-10.438],[28.621,-10.373],[28.624,-10.276],[28.57,-10.22],[28.629,-10.103],[28.628,-9.929],[28.668,-9.822],[28.698,-9.792],[28.631,-9.716],[28.622,-9.638],[28.584,-9.564],[28.618,-9.543],[28.574,-9.539],[28.563,-9.485],[28.52,-9.446],[28.516,-9.378],[28.46,-9.335],[28.369,-9.309],[28.352,-9.272],[28.372,-9.235],[28.599,-9.096],[28.765,-8.934],[28.893,-8.766],[28.93,-8.68],[28.935,-8.591],[28.889,-8.483],[30.752,-8.194],[30.778,-8.289],[30.828,-8.388],[30.96,-8.55],[31.034,-8.6],[31.12,-8.617],[31.207,-8.581],[31.261,-8.624],[31.353,-8.587],[31.386,-8.633],[31.428,-8.633],[31.539,-8.704],[31.553,-8.809],[31.673,-8.913],[31.71,-8.92],[31.788,-8.892],[31.937,-8.933],[31.918,-8.973],[31.918,-9.022],[31.938,-9.062],[31.981,-9.072],[32.032,-9.046],[32.057,-9.05],[32.096,-9.069],[32.134,-9.064],[32.231,-9.134],[32.423,-9.144],[32.46,-9.168],[32.518,-9.258],[32.713,-9.286],[32.752,-9.337],[32.784,-9.34],[32.921,-9.408]]]}},{"type":"Feature","properties":{"name":"Central African Republic","iso":"CAF"},"geometry":{"type":"Polygon","coordinates":[[[22.863,10.892],[23.006,10.687],[23.109,10.614],[23.291,10.44],[23.645,9.863],[23.674,9.69],[23.669,9.652],[23.606,9.537],[23.62,9.448],[23.646,9.425],[23.622,9.341],[23.632,9.278],[23.549,9.185],[23.474,9.171],[23.436,9.019],[23.451,8.974],[23.478,8.959],[23.505,8.961],[23.543,8.997],[23.56,8.996],[23.567,8.975],[23.554,8.883],[23.482,8.783],[23.505,8.711],[23.541,8.705],[23.596,8.734],[23.721,8.702],[23.803,8.722],[24.114,8.682],[24.218,8.692],[24.236,8.682],[24.211,8.627],[24.251,8.58],[24.193,8.532],[24.137,8.439],[24.122,8.372],[24.153,8.318],[24.207,8.283],[24.303,8.265],[24.332,8.246],[24.431,8.271],[24.513,8.207],[24.615,8.217],[24.8,8.18],[24.918,8.087],[24.953,7.997],[25.059,7.896],[25.173,7.889],[25.217,7.864],[25.27,7.761],[25.279,7.659],[25.253,7.622],[25.165,7.58],[25.19,7.501],[25.316,7.417],[25.36,7.336],[25.481,7.266],[25.517,7.27],[25.592,7.211],[25.786,7.143],[25.801,7.105],[25.877,7.088],[25.889,7.052],[25.96,7.024],[25.969,7.004],[26.026,6.997],[26.036,6.922],[26.045,6.9],[26.074,6.895],[26.091,6.83],[26.148,6.805],[26.236,6.72],[26.378,6.653],[26.38,6.62],[26.305,6.497],[26.27,6.466],[26.289,6.459],[26.29,6.387],[26.376,6.313],[26.452,6.28],[26.456,6.23],[26.509,6.205],[26.5,6.168],[26.429,6.113],[26.425,6.072],[26.481,6.105],[26.499,6.1],[26.544,6.031],[26.602,6.011],[26.705,6.01],[26.776,5.982],[26.805,5.957],[26.819,5.895],[26.894,5.89],[26.916,5.85],[26.981,5.859],[27.036,5.785],[27.073,5.791],[27.124,5.769],[27.136,5.734],[27.182,5.707],[27.196,5.661],[27.218,5.645],[27.217,5.585],[27.248,5.593],[27.261,5.578],[27.218,5.426],[27.264,5.26],[27.301,5.205],[27.386,5.144],[27.402,5.104],[27.441,5.071],[27.116,5.2],[27.074,5.203],[26.962,5.151],[26.867,5.038],[26.833,5.053],[26.808,5.039],[26.739,5.094],[26.692,5.094],[26.63,5.067],[26.598,5.081],[26.503,5.047],[26.463,5.06],[26.442,5.104],[26.391,5.149],[26.363,5.136],[26.272,5.159],[26.247,5.19],[26.226,5.183],[26.198,5.238],[26.185,5.225],[26.157,5.232],[26.13,5.259],[26.112,5.238],[26.088,5.245],[26.095,5.211],[26.077,5.216],[26.027,5.19],[25.972,5.228],[25.959,5.197],[25.913,5.19],[25.911,5.17],[25.872,5.217],[25.849,5.218],[25.826,5.195],[25.815,5.245],[25.795,5.238],[25.792,5.263],[25.769,5.265],[25.781,5.259],[25.772,5.245],[25.744,5.251],[25.691,5.3],[25.609,5.32],[25.623,5.341],[25.6,5.34],[25.581,5.375],[25.544,5.375],[25.533,5.372],[25.541,5.354],[25.504,5.342],[25.482,5.357],[25.435,5.329],[25.396,5.334],[25.364,5.311],[25.376,5.293],[25.343,5.272],[25.308,5.185],[25.314,5.163],[25.349,5.142],[25.308,5.032],[25.228,5.01],[25.129,5.019],[25.076,4.952],[24.958,4.991],[24.848,4.937],[24.819,4.944],[24.789,4.92],[24.766,4.93],[24.731,4.918],[24.654,4.929],[24.671,4.957],[24.615,4.985],[24.601,5.026],[24.553,5.039],[24.514,5.087],[24.46,5.107],[24.437,5.101],[24.431,5.067],[24.396,5.122],[24.361,5.063],[24.399,5.036],[24.368,5.012],[24.297,5.003],[24.259,4.93],[24.246,4.954],[24.21,4.956],[24.153,4.903],[24.09,4.92],[23.978,4.854],[23.951,4.868],[23.948,4.818],[23.817,4.821],[23.76,4.787],[23.588,4.734],[23.506,4.676],[23.448,4.659],[23.415,4.591],[23.316,4.608],[23.265,4.635],[23.169,4.738],[23.099,4.712],[23.017,4.751],[22.977,4.834],[22.898,4.824],[22.883,4.801],[22.896,4.765],[22.854,4.711],[22.786,4.725],[22.757,4.661],[22.724,4.629],[22.731,4.587],[22.697,4.536],[22.689,4.492],[22.592,4.474],[22.589,4.422],[22.614,4.374],[22.569,4.332],[22.539,4.278],[22.546,4.237],[22.51,4.191],[22.423,4.135],[22.303,4.129],[22.207,4.15],[22.128,4.203],[22.001,4.245],[21.868,4.242],[21.82,4.272],[21.771,4.273],[21.737,4.293],[21.634,4.294],[21.538,4.245],[21.473,4.269],[21.375,4.278],[21.288,4.333],[21.211,4.292],[21.114,4.341],[21.076,4.395],[20.872,4.453],[20.768,4.423],[20.58,4.415],[20.452,4.529],[20.442,4.55],[20.463,4.601],[20.456,4.622],[20.395,4.677],[20.339,4.772],[20.237,4.806],[20.172,4.878],[20.0,4.975],[20.0,9.105],[20.024,9.09],[20.061,9.134],[20.099,9.131],[20.11,9.151],[20.155,9.116],[20.213,9.145],[20.257,9.116],[20.359,9.116],[20.412,9.142],[20.435,9.138],[20.482,9.205],[20.507,9.213],[20.496,9.271],[20.534,9.29],[20.542,9.322],[20.668,9.302],[20.655,9.343],[20.758,9.377],[20.802,9.426],[20.826,9.418],[20.841,9.484],[20.874,9.502],[20.962,9.607],[20.983,9.604],[20.976,9.631],[20.996,9.648],[21.02,9.748],[21.043,9.767],[21.066,9.754],[21.105,9.774],[21.132,9.849],[21.195,9.887],[21.271,9.987],[21.34,9.96],[21.374,9.973],[21.433,10.046],[21.513,10.201],[21.545,10.22],[21.579,10.212],[21.656,10.234],[21.689,10.289],[21.719,10.297],[21.72,10.361],[21.751,10.412],[21.717,10.477],[21.703,10.552],[21.717,10.621],[21.736,10.646],[21.823,10.679],[21.864,10.668],[21.926,10.72],[22.004,10.743],[22.018,10.81],[22.049,10.837],[22.176,10.816],[22.201,10.869],[22.253,10.915],[22.276,10.909],[22.319,10.939],[22.407,10.963],[22.447,10.998],[22.512,11.001],[22.535,10.981],[22.601,10.988],[22.72,10.965],[22.745,10.944],[22.861,10.919],[22.863,10.892]]]}},{"type":"Feature","properties":{"name":"Sudan","iso":"SDN"},"geometry":{"type":"MultiPolygon","coordinates":[[[[22.9,11.06],[22.922,11.087],[22.956,11.209],[22.915,11.396],[22.9,11.408],[22.772,11.403],[22.769,11.442],[22.743,11.466],[22.628,11.51],[22.592,11.544],[22.542,11.633],[22.537,11.681],[22.612,12.073],[22.458,12.03],[22.484,12.165],[22.408,12.4],[22.373,12.463],[22.446,12.611],[22.33,12.661],[22.205,12.743],[22.144,12.671],[22.106,12.65],[22.02,12.631],[21.936,12.64],[21.88,12.676],[21.809,12.794],[21.853,12.906],[21.964,13.098],[22.016,13.14],[22.14,13.194],[22.268,13.335],[22.276,13.376],[22.216,13.465],[22.196,13.58],[22.132,13.639],[22.113,13.73],[22.075,13.78],[22.215,13.957],[22.546,14.14],[22.532,14.221],[22.458,14.241],[22.429,14.265],[22.418,14.306],[22.451,14.346],[22.425,14.47],[22.364,14.544],[22.382,14.579],[22.465,14.629],[22.677,14.689],[22.651,14.816],[22.659,14.857],[22.715,14.899],[22.739,14.98],[22.849,15.088],[22.906,15.113],[22.958,15.202],[22.976,15.374],[22.907,15.481],[22.907,15.541],[23.005,15.611],[23.095,15.704],[23.167,15.713],[23.321,15.681],[23.396,15.688],[23.593,15.749],[23.829,15.731],[23.946,15.692],[23.973,15.691],[23.984,15.721],[23.981,19.995],[24.981,20.002],[24.981,21.995],[31.248,21.994],[31.36,22.188],[31.423,22.227],[31.461,22.215],[31.492,22.173],[31.435,21.995],[33.181,21.995],[33.561,21.709],[33.999,21.767],[34.084,21.995],[36.884,21.996],[36.878,21.976],[36.84,21.966],[36.874,21.936],[36.874,21.815],[36.897,21.678],[36.888,21.65],[36.984,21.466],[37.114,21.278],[37.199,21.202],[37.313,21.058],[37.304,21.021],[37.252,21.006],[37.189,21.097],[37.209,21.099],[37.25,21.055],[37.272,21.054],[37.23,21.128],[37.175,21.157],[37.159,21.148],[37.149,21.219],[37.121,21.224],[37.105,21.208],[37.118,21.086],[37.086,21.041],[37.147,20.941],[37.169,20.746],[37.228,20.565],[37.222,20.468],[37.182,20.463],[37.179,20.45],[37.175,20.349],[37.225,20.12],[37.189,20.013],[37.265,19.787],[37.263,19.704],[37.238,19.655],[37.244,19.576],[37.286,19.475],[37.334,19.16],[37.361,19.128],[37.355,19.102],[37.38,19.069],[37.434,18.862],[37.54,18.716],[37.675,18.741],[37.702,18.711],[37.741,18.709],[37.766,18.667],[37.758,18.629],[37.785,18.64],[37.813,18.616],[37.926,18.585],[38.038,18.461],[38.122,18.413],[38.083,18.383],[38.076,18.348],[38.104,18.292],[38.152,18.249],[38.245,18.244],[38.251,18.281],[38.306,18.307],[38.312,18.296],[38.279,18.273],[38.276,18.242],[38.217,18.218],[38.265,18.224],[38.376,18.191],[38.391,18.224],[38.443,18.156],[38.434,18.142],[38.476,18.131],[38.492,18.141],[38.512,18.074],[38.532,18.071],[38.542,18.086],[38.526,18.128],[38.543,18.118],[38.584,18.077],[38.604,18.014],[38.459,17.891],[38.371,17.699],[38.344,17.656],[38.257,17.603],[38.25,17.542],[38.233,17.526],[38.21,17.522],[38.161,17.557],[38.119,17.546],[38.108,17.494],[38.076,17.48],[38.071,17.538],[38.039,17.548],[37.947,17.496],[37.896,17.443],[37.849,17.444],[37.799,17.477],[37.764,17.459],[37.72,17.384],[37.496,17.312],[37.506,17.237],[37.495,17.175],[37.46,17.095],[37.403,17.03],[37.31,17.055],[37.233,17.025],[37.134,17.016],[37.0,17.073],[36.973,17.063],[36.997,17.0],[36.968,16.947],[36.991,16.914],[37.0,16.842],[36.96,16.706],[36.892,16.637],[36.877,16.514],[36.934,16.418],[36.928,16.361],[36.954,16.278],[36.886,16.185],[36.76,15.837],[36.671,15.723],[36.617,15.532],[36.628,15.446],[36.576,15.393],[36.525,15.248],[36.425,15.133],[36.526,14.264],[36.432,13.97],[36.458,13.82],[36.398,13.676],[36.391,13.599],[36.234,13.362],[36.137,13.032],[36.15,12.98],[36.114,12.934],[36.143,12.857],[36.124,12.721],[36.099,12.696],[36.03,12.717],[35.688,12.659],[35.672,12.604],[35.617,12.575],[35.429,12.267],[35.413,12.199],[35.354,12.146],[35.317,12.024],[35.251,11.972],[35.246,11.93],[35.216,11.897],[35.127,11.863],[35.073,11.819],[35.041,11.727],[35.073,11.549],[34.944,11.253],[34.984,11.186],[34.914,10.953],[34.958,10.903],[34.934,10.845],[34.862,10.788],[34.839,10.729],[34.799,10.73],[34.773,10.688],[34.754,10.684],[34.751,10.744],[34.575,10.884],[34.42,10.781],[34.279,10.566],[34.276,10.489],[34.326,10.224],[34.302,10.16],[34.303,10.114],[34.222,10.026],[34.098,9.68],[34.067,9.531],[34.071,9.455],[33.901,9.455],[33.881,9.499],[33.884,9.62],[33.905,9.711],[33.973,9.855],[33.956,9.934],[33.967,10.047],[33.917,10.175],[33.469,10.544],[33.381,10.646],[33.14,10.739],[33.182,10.843],[33.083,11.599],[33.132,11.686],[33.145,11.935],[33.203,12.128],[33.209,12.21],[32.732,12.216],[32.726,12.132],[32.747,12.003],[32.082,12.0],[32.348,11.703],[32.36,11.573],[32.349,11.308],[32.364,11.24],[32.435,11.107],[32.431,11.082],[32.414,11.051],[31.943,10.656],[31.864,10.472],[31.665,10.214],[31.235,9.792],[31.164,9.764],[30.837,9.749],[30.765,9.724],[30.485,9.972],[30.013,10.27],[29.615,10.058],[29.614,9.914],[29.567,9.841],[29.483,9.762],[29.252,9.711],[29.132,9.668],[28.989,9.587],[28.989,10.16],[27.825,10.16],[27.825,9.744],[27.895,9.595],[27.77,9.583],[27.339,9.613],[27.08,9.607],[26.694,9.477],[26.626,9.481],[26.557,9.52],[26.179,9.959],[26.103,9.988],[26.011,10.123],[25.905,10.181],[25.894,10.351],[25.828,10.42],[25.327,10.317],[25.233,10.322],[25.077,10.287],[25.017,10.168],[25.029,10.092],[24.976,9.967],[24.914,9.891],[24.796,9.819],[24.793,9.52],[24.68,9.373],[24.66,9.177],[24.559,9.0],[24.558,8.887],[24.494,8.858],[24.38,8.844],[24.241,8.762],[24.183,8.718],[24.17,8.689],[24.114,8.682],[23.803,8.722],[23.721,8.702],[23.596,8.734],[23.526,8.701],[23.49,8.733],[23.482,8.783],[23.554,8.883],[23.567,8.975],[23.56,8.996],[23.543,8.997],[23.505,8.961],[23.478,8.959],[23.451,8.974],[23.436,9.019],[23.474,9.171],[23.549,9.185],[23.632,9.278],[23.622,9.341],[23.646,9.425],[23.62,9.448],[23.606,9.537],[23.669,9.652],[23.674,9.69],[23.645,9.863],[23.291,10.44],[23.109,10.614],[23.006,10.687],[22.863,10.892],[22.9,11.06]]],[[[37.265,20.855],[37.272,20.766],[37.254,20.75],[37.243,20.804],[37.265,20.855]]]]}},{"type":"Feature","properties":{"name":"Djibouti","iso":"DJI"},"geometry":{"type":"Polygon","coordinates":[[[43.241,11.488],[42.924,10.999],[42.908,11.004],[42.873,10.978],[42.772,10.996],[42.73,11.065],[42.616,11.09],[42.48,11.059],[42.392,11.006],[42.339,11.016],[42.222,10.984],[42.096,10.99],[42.038,10.95],[41.938,10.93],[41.917,10.947],[41.774,10.98],[41.761,10.996],[41.786,11.067],[41.788,11.26],[41.749,11.538],[41.792,11.704],[41.808,11.736],[41.936,11.827],[42.379,12.466],[42.431,12.52],[42.476,12.516],[42.522,12.496],[42.678,12.36],[42.75,12.417],[42.792,12.429],[42.785,12.517],[42.869,12.626],[42.9,12.616],[43.118,12.708],[43.283,12.497],[43.313,12.478],[43.329,12.489],[43.368,12.307],[43.414,12.225],[43.419,12.091],[43.399,12.03],[43.35,11.988],[43.207,11.958],[43.056,11.804],[42.987,11.796],[42.943,11.774],[42.896,11.781],[42.777,11.732],[42.668,11.569],[42.569,11.563],[42.549,11.584],[42.515,11.567],[42.528,11.57],[42.539,11.503],[42.604,11.468],[42.645,11.488],[42.682,11.485],[42.688,11.497],[42.665,11.516],[42.694,11.546],[42.829,11.577],[42.856,11.596],[42.875,11.584],[43.082,11.59],[43.103,11.577],[43.152,11.612],[43.184,11.527],[43.241,11.488]]]}},{"type":"Feature","properties":{"name":"Eritrea","iso":"ERI"},"geometry":{"type":"MultiPolygon","coordinates":[[[[42.9,12.616],[42.869,12.626],[42.852,12.612],[42.829,12.558],[42.785,12.517],[42.792,12.429],[42.75,12.417],[42.678,12.36],[42.522,12.496],[42.476,12.516],[42.431,12.52],[42.379,12.466],[42.25,12.624],[42.185,12.733],[42.137,12.773],[41.947,12.876],[41.894,12.948],[41.785,13.165],[41.712,13.248],[41.531,13.394],[41.192,13.616],[41.044,13.872],[40.833,14.106],[40.772,14.148],[40.586,14.195],[40.422,14.274],[40.277,14.405],[40.194,14.445],[40.087,14.466],[40.037,14.452],[39.98,14.459],[39.931,14.429],[39.892,14.427],[39.797,14.495],[39.651,14.497],[39.594,14.515],[39.552,14.557],[39.515,14.568],[39.489,14.524],[39.449,14.505],[39.367,14.483],[39.269,14.486],[39.233,14.44],[39.208,14.44],[39.127,14.602],[39.086,14.633],[39.01,14.651],[38.98,14.567],[38.866,14.494],[38.743,14.461],[38.668,14.468],[38.569,14.427],[38.427,14.417],[38.394,14.464],[38.313,14.519],[38.289,14.588],[38.258,14.61],[38.229,14.68],[38.115,14.681],[38.007,14.724],[37.891,14.88],[37.554,14.105],[37.525,14.129],[37.517,14.181],[37.475,14.2],[37.453,14.261],[37.398,14.302],[37.39,14.358],[37.294,14.457],[37.184,14.45],[37.121,14.421],[37.098,14.38],[37.091,14.314],[37.06,14.277],[36.995,14.264],[36.947,14.305],[36.748,14.332],[36.566,14.293],[36.546,14.263],[36.526,14.264],[36.425,15.133],[36.525,15.248],[36.576,15.393],[36.628,15.446],[36.617,15.532],[36.671,15.723],[36.76,15.837],[36.886,16.185],[36.954,16.278],[36.928,16.361],[36.934,16.418],[36.877,16.514],[36.892,16.637],[36.96,16.706],[37.0,16.842],[36.991,16.914],[36.968,16.947],[36.997,17.0],[36.973,17.063],[37.0,17.073],[37.134,17.016],[37.233,17.025],[37.31,17.055],[37.403,17.03],[37.46,17.095],[37.495,17.175],[37.506,17.237],[37.496,17.312],[37.72,17.384],[37.764,17.459],[37.799,17.477],[37.849,17.444],[37.896,17.443],[37.947,17.496],[38.039,17.548],[38.071,17.538],[38.076,17.48],[38.108,17.494],[38.119,17.546],[38.161,17.557],[38.21,17.522],[38.233,17.526],[38.25,17.542],[38.257,17.603],[38.344,17.656],[38.371,17.699],[38.459,17.891],[38.602,18.005],[38.663,17.895],[38.67,17.854],[38.79,17.669],[38.929,17.397],[38.965,17.292],[38.953,17.253],[39.012,17.165],[39.15,16.717],[39.136,16.724],[39.161,16.657],[39.163,16.628],[39.145,16.609],[39.161,16.564],[39.151,16.529],[39.177,16.521],[39.205,16.35],[39.197,16.299],[39.236,16.109],[39.294,15.929],[39.313,15.894],[39.437,15.812],[39.427,15.756],[39.478,15.661],[39.445,15.635],[39.451,15.62],[39.464,15.638],[39.485,15.634],[39.483,15.615],[39.43,15.603],[39.458,15.525],[39.517,15.52],[39.552,15.542],[39.587,15.531],[39.611,15.5],[39.664,15.336],[39.691,15.322],[39.718,15.264],[39.698,15.124],[39.716,15.094],[39.752,15.093],[39.774,15.071],[39.811,15.079],[39.82,15.126],[39.855,15.173],[39.818,15.281],[39.79,15.257],[39.781,15.278],[39.773,15.391],[39.807,15.459],[39.828,15.449],[39.836,15.476],[39.842,15.463],[39.875,15.504],[40.005,15.381],[40.08,15.341],[40.081,15.319],[40.027,15.237],[40.052,15.23],[40.042,15.205],[40.081,15.165],[40.102,15.065],[40.128,15.066],[40.154,15.037],[40.159,14.982],[40.273,14.938],[40.287,14.913],[40.347,14.944],[40.39,15.003],[40.401,14.966],[40.418,14.969],[40.423,14.999],[40.454,15.004],[40.463,14.98],[40.499,14.962],[40.52,14.983],[40.513,15.017],[40.554,14.99],[40.561,14.955],[40.616,14.949],[40.628,14.892],[40.657,14.88],[40.66,14.903],[40.695,14.896],[40.693,14.882],[40.671,14.88],[40.732,14.826],[40.724,14.757],[40.766,14.715],[40.766,14.695],[40.808,14.703],[40.808,14.722],[40.884,14.715],[40.973,14.67],[41.167,14.637],[41.209,14.568],[41.307,14.489],[41.336,14.402],[41.377,14.376],[41.413,14.307],[41.506,14.213],[41.542,14.126],[41.621,14.064],[41.677,13.94],[41.753,13.921],[41.798,13.934],[41.849,13.876],[41.904,13.88],[41.97,13.846],[41.994,13.784],[42.089,13.688],[42.107,13.644],[42.144,13.65],[42.224,13.554],[42.199,13.599],[42.219,13.606],[42.22,13.633],[42.16,13.657],[42.185,13.667],[42.288,13.575],[42.306,13.476],[42.343,13.418],[42.379,13.223],[42.477,13.195],[42.534,13.233],[42.655,13.072],[42.73,13.033],[42.781,12.852],[42.836,12.865],[42.869,12.821],[42.932,12.811],[42.928,12.79],[42.978,12.824],[43.001,12.865],[43.001,12.9],[43.086,12.821],[43.118,12.708],[42.9,12.616]]],[[[40.401,15.641],[40.414,15.598],[40.394,15.572],[40.357,15.586],[40.287,15.573],[40.208,15.6],[40.159,15.59],[40.123,15.614],[40.085,15.588],[39.979,15.607],[39.937,15.702],[39.956,15.7],[39.971,15.661],[40.027,15.647],[40.081,15.661],[40.009,15.737],[39.93,15.74],[39.934,15.788],[39.99,15.77],[39.975,15.815],[40.033,15.826],[40.037,15.838],[40.019,15.868],[39.974,15.872],[39.951,15.894],[40.026,15.883],[40.092,15.85],[40.106,15.829],[40.096,15.785],[40.123,15.792],[40.115,15.809],[40.136,15.806],[40.133,15.711],[40.164,15.644],[40.232,15.627],[40.262,15.663],[40.219,15.685],[40.267,15.704],[40.308,15.697],[40.33,15.664],[40.401,15.641]]],[[[40.119,16.062],[40.077,16.019],[40.115,15.986],[39.99,16.018],[39.998,16.05],[40.047,16.063],[40.05,16.107],[40.119,16.062]]]]}},{"type":"Feature","properties":{"name":"Iraq","iso":"IRQ"},"geometry":{"type":"Polygon","coordinates":[[[44.753,37.113],[44.802,37.044],[44.841,37.047],[44.887,37.016],[44.869,36.967],[44.883,36.887],[44.834,36.834],[44.831,36.792],[44.923,36.776],[44.996,36.742],[45.046,36.668],[45.013,36.558],[44.991,36.534],[45.038,36.494],[45.084,36.413],[45.111,36.403],[45.221,36.421],[45.239,36.403],[45.257,36.312],[45.283,36.275],[45.259,36.262],[45.297,36.227],[45.305,36.14],[45.348,36.088],[45.32,36.031],[45.32,35.994],[45.36,35.977],[45.479,36.012],[45.54,35.994],[45.647,35.933],[45.719,35.828],[45.749,35.811],[45.835,35.811],[45.878,35.835],[46.005,35.838],[46.06,35.857],[46.115,35.846],[46.129,35.816],[46.164,35.798],[46.281,35.828],[46.327,35.803],[46.313,35.772],[46.238,35.716],[46.178,35.715],[46.107,35.69],[46.037,35.692],[46.004,35.674],[45.999,35.572],[45.959,35.579],[45.985,35.531],[45.964,35.494],[46.041,35.382],[46.12,35.319],[46.127,35.289],[46.101,35.234],[46.169,35.216],[46.13,35.131],[46.151,35.112],[46.009,35.061],[45.913,35.087],[45.899,35.047],[45.857,35.021],[45.869,34.968],[45.85,34.907],[45.835,34.89],[45.755,34.91],[45.745,34.841],[45.667,34.807],[45.663,34.763],[45.627,34.721],[45.688,34.653],[45.709,34.579],[45.702,34.551],[45.501,34.592],[45.503,34.494],[45.479,34.467],[45.417,34.444],[45.461,34.34],[45.479,34.329],[45.522,34.343],[45.558,34.312],[45.561,34.265],[45.527,34.179],[45.545,34.139],[45.455,34.07],[45.42,33.994],[45.38,33.974],[45.424,33.939],[45.486,33.939],[45.575,33.804],[45.617,33.769],[45.645,33.698],[45.721,33.641],[45.735,33.583],[45.816,33.626],[45.886,33.631],[45.882,33.6],[45.928,33.551],[45.853,33.494],[45.899,33.476],[45.974,33.491],[46.019,33.438],[46.036,33.368],[46.155,33.26],[46.167,33.168],[46.105,33.118],[46.03,33.106],[46.043,33.083],[46.12,33.062],[46.119,33.031],[46.076,32.994],[46.097,32.954],[46.273,32.959],[46.479,32.892],[46.716,32.756],[47.091,32.475],[47.153,32.455],[47.265,32.485],[47.343,32.459],[47.411,32.395],[47.402,32.324],[47.509,32.214],[47.491,32.149],[47.578,32.106],[47.618,32.042],[47.668,32.012],[47.765,31.864],[47.834,31.806],[47.831,31.762],[47.679,31.408],[47.673,30.995],[48.012,30.989],[48.014,30.464],[48.131,30.447],[48.17,30.407],[48.2,30.324],[48.306,30.313],[48.409,30.202],[48.381,30.145],[48.424,30.084],[48.453,30.001],[48.559,29.947],[48.521,29.929],[48.412,29.938],[48.209,30.024],[48.119,30.045],[48.038,30.037],[47.969,30.004],[47.952,30.088],[47.935,30.107],[47.948,29.994],[47.731,30.089],[47.674,30.098],[47.358,30.092],[47.197,30.034],[47.145,30.003],[47.11,29.961],[46.989,29.713],[46.977,29.658],[46.853,29.445],[46.712,29.271],[46.532,29.096],[46.357,29.063],[44.692,29.202],[42.859,30.495],[42.075,31.08],[40.424,31.921],[40.029,31.994],[39.146,32.118],[39.292,32.245],[39.256,32.343],[39.236,32.353],[39.046,32.308],[39.029,32.328],[38.978,32.475],[39.057,32.497],[38.775,33.372],[40.69,34.331],[40.965,34.402],[41.204,34.793],[41.192,35.182],[41.201,35.243],[41.243,35.367],[41.261,35.494],[41.342,35.594],[41.364,35.655],[41.355,35.826],[41.237,36.06],[41.277,36.355],[41.385,36.516],[41.79,36.589],[41.844,36.618],[42.377,37.062],[42.357,37.11],[42.561,37.147],[42.716,37.355],[42.792,37.374],[42.814,37.347],[42.937,37.32],[43.115,37.371],[43.27,37.309],[43.336,37.32],[43.48,37.243],[43.53,37.254],[43.594,37.229],[43.747,37.231],[43.809,37.2],[43.894,37.225],[43.99,37.313],[44.088,37.311],[44.184,37.279],[44.235,37.237],[44.248,37.17],[44.189,37.129],[44.18,37.088],[44.234,36.984],[44.285,36.969],[44.307,36.977],[44.343,37.042],[44.454,37.076],[44.61,37.178],[44.754,37.159],[44.766,37.142],[44.753,37.113]]]}},{"type":"Feature","properties":{"name":"Iran","iso":"IRN"},"geometry":{"type":"MultiPolygon","coordinates":[[[[44.81,39.637],[44.872,39.625],[44.928,39.488],[44.962,39.454],[44.957,39.434],[45.006,39.418],[45.088,39.351],[45.136,39.278],[45.153,39.214],[45.311,39.201],[45.311,39.176],[45.348,39.164],[45.345,39.138],[45.396,39.073],[45.435,39.053],[45.425,39.026],[45.439,39.004],[45.531,38.969],[45.717,38.955],[46.126,38.863],[46.202,38.871],[46.291,38.914],[46.378,38.925],[46.514,38.882],[46.554,38.89],[46.599,38.92],[46.652,38.993],[46.745,39.04],[46.774,39.085],[46.866,39.165],[46.954,39.161],[47.02,39.19],[47.102,39.308],[47.291,39.38],[47.407,39.477],[47.541,39.515],[47.823,39.68],[47.923,39.684],[47.971,39.705],[48.289,39.445],[48.339,39.379],[48.154,39.319],[48.106,39.269],[48.104,39.235],[48.142,39.181],[48.271,39.108],[48.307,39.045],[48.294,39.005],[48.243,38.974],[48.059,38.948],[48.052,38.928],[47.991,38.891],[47.993,38.85],[48.078,38.781],[48.223,38.721],[48.228,38.662],[48.31,38.6],[48.415,38.618],[48.434,38.57],[48.608,38.396],[48.683,38.398],[48.778,38.445],[48.874,38.434],[48.875,38.243],[48.949,37.967],[48.945,37.903],[48.987,37.842],[48.983,37.816],[49.014,37.739],[49.132,37.623],[49.206,37.582],[49.442,37.495],[49.826,37.454],[49.934,37.474],[49.969,37.46],[49.935,37.454],[50.196,37.389],[50.227,37.365],[50.223,37.329],[50.245,37.279],[50.322,37.153],[50.479,37.035],[51.005,36.768],[51.089,36.737],[51.909,36.583],[52.094,36.603],[52.259,36.651],[52.779,36.74],[53.116,36.822],[53.448,36.882],[53.886,36.906],[53.958,36.92],[54.007,36.953],[54.004,36.915],[53.948,36.899],[53.818,36.875],[53.609,36.877],[53.664,36.863],[53.636,36.857],[53.701,36.817],[53.889,36.794],[54.014,36.821],[54.033,36.846],[54.034,36.949],[54.028,36.966],[53.994,36.979],[54.02,37.028],[53.98,37.094],[53.928,37.244],[53.914,37.343],[54.206,37.325],[54.262,37.355],[54.364,37.363],[54.533,37.441],[54.654,37.439],[54.788,37.525],[54.809,37.603],[54.787,37.652],[54.827,37.735],[55.007,37.843],[55.13,37.952],[55.22,37.97],[55.229,37.986],[55.307,38.009],[55.447,38.084],[55.709,38.119],[55.963,38.067],[56.121,38.086],[56.214,38.069],[56.3,38.08],[56.329,38.124],[56.297,38.166],[56.303,38.179],[56.436,38.255],[56.528,38.257],[56.585,38.235],[56.729,38.271],[56.812,38.229],[57.038,38.187],[57.175,38.278],[57.218,38.265],[57.344,38.081],[57.327,37.994],[57.352,37.968],[57.496,37.922],[57.691,37.92],[57.763,37.899],[57.8,37.868],[57.884,37.865],[58.041,37.806],[58.157,37.788],[58.181,37.775],[58.207,37.679],[58.358,37.633],[58.48,37.644],[58.53,37.7],[58.682,37.643],[58.78,37.66],[58.801,37.695],[59.035,37.625],[59.212,37.516],[59.312,37.53],[59.356,37.481],[59.362,37.439],[59.348,37.409],[59.37,37.319],[59.469,37.241],[59.462,37.208],[59.501,37.19],[59.556,37.198],[59.605,37.124],[59.653,37.15],[59.797,37.112],[59.9,37.051],[60.019,37.026],[60.133,36.873],[60.239,36.77],[60.309,36.652],[60.342,36.637],[61.075,36.648],[61.166,36.636],[61.188,36.565],[61.166,36.514],[61.174,36.487],[61.147,36.357],[61.154,36.315],[61.185,36.284],[61.225,36.124],[61.198,36.061],[61.174,36.048],[61.174,36.006],[61.13,35.971],[61.188,35.954],[61.241,35.894],[61.256,35.769],[61.232,35.672],[61.277,35.609],[61.29,35.548],[61.195,35.39],[61.187,35.3],[61.108,35.278],[61.112,35.202],[61.096,35.193],[61.14,35.14],[61.147,35.102],[61.116,35.06],[61.075,34.933],[61.065,34.815],[61.035,34.806],[61.01,34.761],[60.96,34.723],[60.948,34.638],[60.895,34.628],[60.838,34.571],[60.739,34.548],[60.7,34.516],[60.779,34.455],[60.89,34.319],[60.644,34.307],[60.651,34.285],[60.552,34.22],[60.493,34.139],[60.487,34.094],[60.528,33.841],[60.487,33.711],[60.512,33.638],[60.575,33.588],[60.656,33.56],[60.846,33.556],[60.895,33.541],[60.921,33.514],[60.832,33.484],[60.829,33.416],[60.757,33.366],[60.568,33.151],[60.563,33.058],[60.83,32.249],[60.815,32.088],[60.775,32.027],[60.793,32.011],[60.805,31.734],[60.793,31.66],[60.822,31.495],[61.687,31.373],[61.742,31.321],[61.743,31.24],[61.788,31.159],[61.826,31.015],[61.8,30.961],[61.802,30.847],[60.844,29.858],[61.279,29.407],[61.337,29.374],[61.347,29.349],[61.333,29.275],[61.387,29.207],[61.398,29.159],[61.438,29.14],[61.461,29.094],[61.488,29.081],[61.468,29.042],[61.511,29.007],[61.567,28.871],[61.653,28.756],[61.893,28.543],[62.049,28.486],[62.363,28.419],[62.464,28.35],[62.492,28.301],[62.576,28.229],[62.739,28.258],[62.762,28.246],[62.736,27.995],[62.78,27.83],[62.815,27.495],[62.756,27.348],[62.779,27.3],[62.768,27.274],[62.742,27.267],[62.801,27.225],[62.829,27.234],[62.892,27.213],[63.177,27.258],[63.271,27.203],[63.32,27.117],[63.261,27.116],[63.231,27.066],[63.235,26.941],[63.265,26.89],[63.247,26.86],[63.206,26.854],[63.182,26.83],[63.164,26.645],[63.141,26.625],[63.098,26.638],[62.754,26.644],[62.702,26.604],[62.641,26.605],[62.595,26.581],[62.418,26.562],[62.397,26.539],[62.356,26.537],[62.292,26.501],[62.298,26.474],[62.249,26.417],[62.265,26.361],[62.243,26.351],[62.124,26.374],[62.094,26.315],[61.833,26.225],[61.81,26.167],[61.755,25.82],[61.739,25.803],[61.681,25.795],[61.66,25.769],[61.676,25.693],[61.673,25.658],[61.643,25.613],[61.62,25.285],[61.588,25.202],[61.554,25.254],[61.537,25.22],[61.558,25.201],[61.504,25.209],[61.483,25.194],[61.524,25.173],[61.49,25.119],[61.421,25.097],[61.435,25.088],[61.412,25.059],[61.185,25.123],[61.17,25.164],[61.031,25.21],[60.633,25.275],[60.617,25.283],[60.632,25.296],[60.608,25.328],[60.602,25.406],[60.55,25.447],[60.446,25.428],[60.395,25.378],[60.402,25.345],[60.438,25.334],[60.467,25.29],[60.363,25.331],[60.319,25.33],[60.29,25.351],[60.304,25.371],[60.289,25.377],[60.202,25.371],[60.193,25.356],[60.216,25.338],[60.209,25.32],[60.117,25.34],[60.082,25.366],[59.941,25.355],[59.904,25.33],[59.775,25.39],[59.614,25.384],[59.538,25.4],[59.454,25.462],[59.195,25.423],[59.117,25.394],[59.094,25.406],[59.044,25.4],[58.994,25.42],[58.924,25.513],[58.84,25.533],[58.825,25.56],[58.546,25.594],[58.431,25.588],[58.412,25.596],[58.419,25.612],[58.17,25.544],[58.073,25.564],[58.046,25.575],[57.963,25.693],[57.884,25.692],[57.772,25.636],[57.783,25.7],[57.756,25.743],[57.521,25.744],[57.46,25.769],[57.312,25.784],[57.254,25.959],[57.22,25.995],[57.199,25.995],[57.167,26.083],[57.171,26.116],[57.213,26.166],[57.133,26.264],[57.118,26.364],[57.08,26.415],[57.09,26.619],[57.025,26.851],[56.965,26.911],[56.966,26.927],[56.926,26.955],[56.973,26.969],[56.973,27.003],[56.932,26.989],[56.891,27.017],[56.865,27.012],[56.844,27.04],[56.885,27.078],[56.831,27.096],[56.809,27.14],[56.757,27.125],[56.716,27.153],[56.583,27.153],[56.353,27.202],[56.124,27.161],[56.094,27.126],[55.939,27.027],[55.764,26.996],[55.666,26.995],[55.554,26.9],[55.582,26.914],[55.58,26.859],[55.522,26.785],[55.442,26.76],[55.271,26.793],[55.233,26.776],[55.206,26.726],[55.103,26.701],[54.931,26.573],[54.791,26.496],[54.75,26.509],[54.62,26.508],[54.561,26.585],[54.426,26.589],[54.389,26.605],[54.338,26.693],[54.308,26.715],[54.15,26.708],[54.016,26.749],[53.843,26.702],[53.716,26.709],[53.492,26.854],[53.444,26.976],[53.029,27.104],[52.992,27.147],[52.933,27.16],[52.915,27.192],[52.848,27.215],[52.732,27.301],[52.601,27.353],[52.579,27.393],[52.605,27.412],[52.667,27.415],[52.679,27.425],[52.67,27.449],[52.598,27.486],[52.568,27.541],[52.46,27.633],[52.245,27.681],[52.089,27.795],[52.011,27.833],[51.894,27.831],[51.86,27.846],[51.683,27.831],[51.585,27.849],[51.57,27.878],[51.496,27.893],[51.428,27.961],[51.42,27.933],[51.4,27.932],[51.345,28.053],[51.27,28.14],[51.285,28.241],[51.142,28.401],[51.081,28.534],[51.059,28.736],[51.011,28.799],[50.979,28.817],[50.876,28.832],[50.805,28.934],[50.803,28.986],[50.823,28.997],[50.889,28.941],[50.899,28.949],[50.895,28.976],[50.929,29.01],[50.93,29.055],[50.92,29.069],[50.902,29.065],[50.874,29.113],[50.851,29.105],[50.84,29.141],[50.738,29.14],[50.694,29.123],[50.644,29.143],[50.636,29.208],[50.667,29.257],[50.683,29.243],[50.689,29.291],[50.661,29.319],[50.655,29.449],[50.607,29.499],[50.607,29.47],[50.456,29.634],[50.397,29.655],[50.244,29.867],[50.145,29.938],[50.134,29.984],[50.153,29.991],[50.134,30.004],[50.145,30.038],[50.122,30.095],[50.128,30.121],[50.073,30.196],[49.988,30.22],[49.915,30.204],[49.601,30.03],[49.532,30.023],[49.504,30.059],[49.501,30.12],[49.48,30.156],[49.35,30.175],[49.245,30.156],[49.237,30.206],[49.216,30.224],[49.221,30.265],[49.209,30.271],[49.193,30.238],[49.161,30.224],[49.124,30.256],[49.017,30.298],[48.98,30.362],[48.921,30.381],[48.949,30.401],[49.062,30.408],[49.176,30.373],[49.203,30.347],[49.264,30.45],[49.228,30.454],[49.211,30.506],[49.168,30.477],[49.167,30.509],[49.134,30.497],[49.11,30.518],[48.981,30.516],[48.946,30.48],[49.004,30.464],[49.037,30.433],[49.017,30.415],[48.935,30.419],[48.862,30.346],[48.874,30.337],[48.86,30.316],[48.867,30.295],[48.921,30.25],[48.936,30.21],[48.935,30.08],[48.915,30.042],[48.877,30.024],[48.791,30.024],[48.702,30.032],[48.643,30.055],[48.659,29.984],[48.611,29.957],[48.531,29.961],[48.464,29.989],[48.383,30.138],[48.411,30.192],[48.397,30.221],[48.296,30.32],[48.2,30.324],[48.17,30.407],[48.141,30.442],[48.014,30.464],[48.012,30.989],[47.673,30.995],[47.679,31.408],[47.831,31.762],[47.834,31.806],[47.765,31.864],[47.668,32.012],[47.618,32.042],[47.578,32.106],[47.491,32.149],[47.509,32.214],[47.402,32.324],[47.411,32.395],[47.343,32.459],[47.265,32.485],[47.153,32.455],[47.091,32.475],[46.716,32.756],[46.479,32.892],[46.273,32.959],[46.097,32.954],[46.076,32.994],[46.119,33.031],[46.12,33.062],[46.043,33.083],[46.03,33.106],[46.105,33.118],[46.167,33.168],[46.155,33.26],[46.036,33.368],[46.019,33.438],[45.974,33.491],[45.899,33.476],[45.853,33.494],[45.928,33.551],[45.882,33.6],[45.886,33.631],[45.816,33.626],[45.735,33.583],[45.721,33.641],[45.645,33.698],[45.617,33.769],[45.575,33.804],[45.486,33.939],[45.424,33.939],[45.38,33.974],[45.42,33.994],[45.455,34.07],[45.545,34.139],[45.527,34.179],[45.561,34.265],[45.558,34.312],[45.522,34.343],[45.479,34.329],[45.461,34.34],[45.417,34.444],[45.479,34.467],[45.503,34.494],[45.501,34.592],[45.702,34.551],[45.709,34.579],[45.688,34.653],[45.627,34.721],[45.663,34.763],[45.667,34.807],[45.745,34.841],[45.755,34.91],[45.835,34.89],[45.85,34.907],[45.869,34.968],[45.857,35.021],[45.899,35.047],[45.913,35.087],[46.009,35.061],[46.151,35.112],[46.13,35.131],[46.169,35.216],[46.101,35.234],[46.127,35.289],[46.12,35.319],[46.041,35.382],[45.964,35.494],[45.985,35.531],[45.959,35.579],[45.999,35.572],[46.004,35.674],[46.037,35.692],[46.107,35.69],[46.178,35.715],[46.238,35.716],[46.313,35.772],[46.327,35.803],[46.281,35.828],[46.164,35.798],[46.129,35.816],[46.115,35.846],[46.06,35.857],[46.005,35.838],[45.878,35.835],[45.835,35.811],[45.749,35.811],[45.719,35.828],[45.647,35.933],[45.54,35.994],[45.479,36.012],[45.36,35.977],[45.32,35.994],[45.32,36.031],[45.348,36.088],[45.305,36.14],[45.297,36.227],[45.259,36.262],[45.283,36.275],[45.257,36.312],[45.239,36.403],[45.196,36.422],[45.111,36.403],[45.072,36.423],[45.038,36.494],[44.991,36.534],[45.044,36.649],[45.035,36.69],[44.996,36.742],[44.923,36.776],[44.851,36.781],[44.823,36.809],[44.883,36.887],[44.869,36.967],[44.887,37.016],[44.841,37.047],[44.802,37.044],[44.753,37.103],[44.772,37.161],[44.754,37.215],[44.798,37.26],[44.802,37.293],[44.721,37.343],[44.698,37.38],[44.662,37.376],[44.638,37.413],[44.572,37.431],[44.572,37.539],[44.587,37.584],[44.541,37.633],[44.545,37.663],[44.596,37.716],[44.506,37.779],[44.436,37.768],[44.433,37.806],[44.404,37.81],[44.367,37.86],[44.319,37.877],[44.22,37.875],[44.202,37.897],[44.225,37.929],[44.228,37.981],[44.296,38.079],[44.334,38.101],[44.327,38.128],[44.361,38.148],[44.372,38.25],[44.437,38.297],[44.459,38.338],[44.409,38.382],[44.363,38.365],[44.29,38.382],[44.297,38.622],[44.283,38.645],[44.244,38.659],[44.26,38.679],[44.249,38.722],[44.28,38.814],[44.275,38.844],[44.206,38.876],[44.152,38.965],[44.139,38.994],[44.179,39.035],[44.17,39.074],[44.195,39.121],[44.187,39.145],[44.078,39.2],[44.069,39.287],[44.015,39.374],[44.061,39.4],[44.177,39.412],[44.295,39.381],[44.388,39.414],[44.405,39.434],[44.414,39.561],[44.458,39.639],[44.459,39.698],[44.566,39.766],[44.59,39.772],[44.647,39.72],[44.81,39.637]]],[[[54.507,26.321],[54.547,26.29],[54.526,26.252],[54.498,26.26],[54.492,26.31],[54.507,26.321]]],[[[54.037,26.488],[53.923,26.507],[53.903,26.536],[53.913,26.55],[53.945,26.565],[54.019,26.556],[54.05,26.518],[54.037,26.488]]],[[[53.299,26.791],[53.205,26.806],[53.149,26.848],[53.178,26.857],[53.337,26.829],[53.382,26.803],[53.299,26.791]]],[[[56.322,26.834],[56.341,26.879],[56.404,26.893],[56.409,26.862],[56.379,26.839],[56.322,26.834]]],[[[56.232,26.999],[56.287,26.955],[56.194,26.925],[56.081,26.785],[55.947,26.696],[55.877,26.743],[55.773,26.688],[55.686,26.69],[55.503,26.595],[55.291,26.548],[55.274,26.65],[55.285,26.66],[55.352,26.647],[55.574,26.721],[55.64,26.761],[55.774,26.797],[55.781,26.89],[55.733,26.941],[55.758,26.954],[55.898,26.907],[56.041,26.976],[56.173,27.002],[56.232,26.999]]],[[[56.484,27.1],[56.508,27.074],[56.495,27.052],[56.435,27.055],[56.455,27.103],[56.484,27.1]]],[[[50.324,29.264],[50.333,29.224],[50.317,29.208],[50.283,29.269],[50.324,29.264]]],[[[54.547,25.927],[54.543,25.893],[54.51,25.914],[54.547,25.927]]],[[[55.894,26.679],[55.89,26.624],[55.853,26.621],[55.868,26.666],[55.894,26.679]]],[[[53.651,26.684],[53.659,26.669],[53.646,26.657],[53.601,26.68],[53.609,26.69],[53.651,26.684]]],[[[55.044,25.893],[55.054,25.865],[55.033,25.855],[55.012,25.882],[55.044,25.893]]]]}},{"type":"Feature","properties":{"name":"Angola","iso":"AGO"},"geometry":{"type":"Polygon","coordinates":[[[23.967,-10.872],[24.004,-10.982],[23.99,-11.114],[24.015,-11.13],[24.011,-11.273],[24.062,-11.407],[24.01,-11.459],[24.01,-11.523],[23.955,-11.637],[23.99,-11.824],[23.967,-11.883],[23.954,-12.152],[23.96,-12.197],[24.017,-12.279],[24.031,-12.385],[23.929,-12.562],[23.866,-12.79],[23.895,-12.85],[23.972,-12.933],[24.001,-13.001],[21.98,-13.001],[21.984,-16.166],[22.045,-16.252],[22.012,-16.252],[22.052,-16.327],[22.056,-16.365],[22.106,-16.379],[22.08,-16.458],[22.107,-16.512],[22.104,-16.537],[22.138,-16.553],[22.152,-16.598],[22.238,-16.665],[22.291,-16.656],[22.334,-16.674],[22.378,-16.735],[22.417,-16.754],[22.509,-16.906],[22.555,-16.924],[22.573,-16.971],[22.652,-16.999],[22.71,-17.055],[22.765,-17.17],[22.876,-17.248],[22.999,-17.294],[23.098,-17.432],[23.176,-17.478],[23.19,-17.537],[23.32,-17.546],[23.382,-17.601],[23.382,-17.641],[21.387,-18.014],[21.233,-17.934],[21.161,-17.931],[20.908,-17.986],[20.894,-18.013],[20.806,-18.031],[20.737,-17.993],[20.722,-18.006],[20.666,-17.98],[20.565,-17.985],[20.438,-17.894],[20.387,-17.89],[20.336,-17.855],[20.278,-17.855],[20.243,-17.883],[20.193,-17.872],[20.155,-17.89],[20.0,-17.886],[20.0,-7.002],[20.294,-7.002],[20.32,-6.919],[20.611,-6.916],[20.524,-7.143],[20.521,-7.286],[21.785,-7.283],[21.842,-7.37],[21.833,-7.391],[21.861,-7.47],[21.847,-7.514],[21.854,-7.586],[21.77,-7.807],[21.754,-7.997],[21.8,-8.041],[21.815,-8.097],[21.857,-8.157],[21.873,-8.264],[21.921,-8.329],[21.9,-8.349],[21.944,-8.456],[21.916,-8.577],[21.936,-8.583],[21.907,-8.645],[21.86,-8.846],[21.84,-9.092],[21.852,-9.234],[21.792,-9.406],[21.82,-9.448],[21.854,-9.618],[21.879,-9.657],[21.942,-9.723],[21.957,-9.762],[21.984,-9.749],[21.998,-9.809],[22.056,-9.875],[22.091,-9.877],[22.16,-9.931],[22.21,-10.098],[22.203,-10.131],[22.313,-10.369],[22.272,-10.482],[22.306,-10.551],[22.31,-10.669],[22.326,-10.695],[22.319,-10.761],[22.224,-10.797],[22.165,-10.852],[22.196,-10.992],[22.244,-11.078],[22.256,-11.167],[22.238,-11.25],[22.282,-11.237],[22.34,-11.18],[22.44,-11.147],[22.469,-11.122],[22.501,-11.042],[22.538,-11.037],[22.728,-11.097],[22.853,-11.053],[22.931,-11.097],[23.014,-11.102],[23.197,-11.072],[23.415,-10.963],[23.495,-10.964],[23.642,-11.004],[23.752,-11.008],[23.834,-11.028],[23.867,-11.016],[23.888,-10.974],[23.928,-10.945],[23.949,-10.882],[23.967,-10.872]]]}},{"type":"Feature","properties":{"name":"Qatar","iso":"QAT"},"geometry":{"type":"Polygon","coordinates":[[[50.827,24.749],[50.86,24.796],[50.851,24.891],[50.8,24.989],[50.809,25.069],[50.776,25.092],[50.758,25.186],[50.766,25.324],[50.751,25.42],[50.764,25.482],[50.751,25.495],[50.797,25.53],[50.82,25.472],[50.847,25.467],[50.828,25.525],[50.833,25.579],[50.785,25.605],[50.796,25.617],[50.837,25.629],[50.851,25.653],[50.871,25.639],[50.869,25.56],[50.889,25.529],[50.909,25.598],[50.921,25.608],[50.95,25.598],[50.978,25.646],[50.903,25.64],[50.888,25.681],[50.909,25.745],[50.902,25.79],[50.916,25.786],[50.933,25.811],[50.95,25.775],[50.973,25.798],[50.971,25.831],[50.949,25.838],[50.984,25.981],[51.005,25.967],[51.047,26.053],[51.142,26.088],[51.176,26.14],[51.194,26.134],[51.251,26.16],[51.347,26.105],[51.347,26.039],[51.377,26.023],[51.388,25.967],[51.404,25.954],[51.512,25.946],[51.559,25.914],[51.577,25.881],[51.594,25.758],[51.584,25.742],[51.563,25.763],[51.545,25.737],[51.555,25.721],[51.574,25.735],[51.59,25.712],[51.557,25.682],[51.553,25.708],[51.505,25.687],[51.547,25.663],[51.549,25.631],[51.491,25.618],[51.491,25.549],[51.472,25.521],[51.517,25.44],[51.519,25.297],[51.59,25.284],[51.608,25.255],[51.611,25.022],[51.587,24.953],[51.5,24.855],[51.444,24.68],[51.382,24.635],[51.341,24.57],[51.329,24.585],[51.347,24.635],[51.286,24.645],[51.278,24.663],[51.221,24.644],[51.147,24.576],[51.095,24.56],[50.979,24.568],[50.929,24.587],[50.881,24.636],[50.808,24.747],[50.827,24.749]]]}},{"type":"Feature","properties":{"name":"Saudi Arabia","iso":"SAU"},"geometry":{"type":"MultiPolygon","coordinates":[[[[50.808,24.747],[50.929,24.587],[51.039,24.56],[51.147,24.576],[51.215,24.626],[51.269,24.624],[51.295,24.603],[51.306,24.611],[51.29,24.579],[51.302,24.517],[51.334,24.532],[51.388,24.597],[51.395,24.631],[51.498,24.584],[51.444,24.555],[51.395,24.488],[51.336,24.448],[51.306,24.406],[51.3,24.346],[51.279,24.341],[51.279,24.308],[51.345,24.298],[51.413,24.323],[51.479,24.311],[51.526,24.268],[51.569,24.256],[51.573,24.128],[51.594,24.078],[52.558,22.939],[55.105,22.621],[55.187,22.704],[55.627,22.024],[55.638,21.979],[54.978,19.995],[51.979,18.996],[49.129,18.612],[49.036,18.58],[48.162,18.149],[47.589,17.463],[47.458,17.131],[47.428,17.092],[47.161,16.947],[46.97,16.957],[46.747,17.255],[46.71,17.275],[46.323,17.224],[45.43,17.312],[45.222,17.417],[45.165,17.428],[44.646,17.432],[44.562,17.404],[44.404,17.419],[44.212,17.391],[44.149,17.405],[44.085,17.343],[44.004,17.368],[43.939,17.305],[43.915,17.302],[43.894,17.312],[43.887,17.354],[43.731,17.352],[43.577,17.483],[43.487,17.517],[43.413,17.52],[43.303,17.459],[43.165,17.326],[43.222,17.308],[43.252,17.272],[43.249,17.252],[43.156,17.21],[43.118,17.086],[43.136,17.01],[43.113,16.91],[43.146,16.834],[43.212,16.797],[43.209,16.773],[43.169,16.737],[43.18,16.665],[43.085,16.673],[43.036,16.536],[42.971,16.496],[42.907,16.479],[42.898,16.419],[42.789,16.371],[42.781,16.42],[42.795,16.453],[42.729,16.547],[42.737,16.671],[42.719,16.675],[42.704,16.709],[42.712,16.731],[42.636,16.815],[42.597,16.837],[42.576,16.832],[42.542,16.878],[42.556,16.922],[42.544,17.004],[42.513,17.037],[42.448,17.049],[42.411,17.156],[42.357,17.182],[42.384,17.121],[42.364,17.109],[42.374,17.043],[42.363,17.025],[42.302,17.454],[42.274,17.46],[42.261,17.485],[42.141,17.571],[42.094,17.652],[42.053,17.653],[42.0,17.717],[41.979,17.711],[41.869,17.821],[41.848,17.812],[41.81,17.837],[41.788,17.834],[41.778,17.86],[41.677,17.961],[41.674,18.009],[41.654,18.015],[41.651,18.039],[41.594,18.096],[41.603,18.115],[41.556,18.174],[41.561,18.19],[41.521,18.197],[41.534,18.21],[41.519,18.228],[41.493,18.224],[41.506,18.272],[41.472,18.279],[41.436,18.47],[41.356,18.569],[41.328,18.588],[41.308,18.573],[41.275,18.592],[41.21,18.698],[41.249,18.834],[41.171,18.872],[41.136,18.937],[41.177,19.067],[41.149,19.094],[41.069,19.125],[41.04,19.184],[41.036,19.265],[40.956,19.343],[40.938,19.419],[40.959,19.456],[40.945,19.506],[40.835,19.547],[40.76,19.609],[40.794,19.601],[40.798,19.692],[40.745,19.777],[40.654,19.794],[40.657,19.76],[40.564,19.886],[40.527,19.91],[40.535,19.962],[40.446,20.01],[40.394,20.064],[40.313,20.091],[40.232,20.164],[40.239,20.178],[40.165,20.2],[40.084,20.279],[40.045,20.286],[39.992,20.267],[39.903,20.308],[39.941,20.259],[39.76,20.351],[39.745,20.381],[39.646,20.462],[39.567,20.568],[39.595,20.589],[39.543,20.619],[39.526,20.671],[39.493,20.706],[39.506,20.746],[39.458,20.759],[39.478,20.739],[39.458,20.745],[39.423,20.772],[39.423,20.814],[39.458,20.794],[39.449,20.827],[39.411,20.847],[39.41,20.828],[39.36,20.863],[39.339,20.887],[39.341,20.91],[39.36,20.897],[39.353,20.92],[39.328,20.932],[39.297,20.924],[39.238,21.063],[39.174,21.109],[39.157,21.168],[39.17,21.191],[39.081,21.315],[39.171,21.404],[39.165,21.465],[39.15,21.48],[39.159,21.508],[39.143,21.541],[39.12,21.517],[39.092,21.577],[39.077,21.692],[39.109,21.748],[39.101,21.76],[39.088,21.73],[39.067,21.725],[38.95,21.922],[38.931,22.006],[38.933,22.025],[38.959,22.034],[38.986,22.002],[39.006,22.002],[39.044,22.131],[39.047,22.151],[39.026,22.117],[39.019,22.132],[39.04,22.236],[39.143,22.403],[39.115,22.419],[39.095,22.37],[39.07,22.366],[39.082,22.547],[38.986,22.724],[39.013,22.767],[38.945,22.831],[38.971,22.747],[38.903,22.843],[38.851,22.943],[38.88,22.928],[38.913,22.862],[38.951,22.852],[38.965,22.87],[38.894,22.965],[38.814,22.983],[38.8,22.999],[38.779,23.041],[38.804,23.079],[38.798,23.15],[38.778,23.139],[38.692,23.273],[38.6,23.568],[38.56,23.562],[38.561,23.546],[38.595,23.521],[38.54,23.543],[38.539,23.592],[38.495,23.645],[38.453,23.784],[38.4,23.814],[38.365,23.87],[38.319,23.886],[38.259,23.945],[38.185,23.976],[38.079,24.07],[38.046,24.067],[37.935,24.139],[37.983,24.166],[37.94,24.161],[37.948,24.207],[37.913,24.192],[37.918,24.15],[37.866,24.15],[37.676,24.291],[37.626,24.281],[37.628,24.248],[37.586,24.247],[37.546,24.274],[37.523,24.268],[37.429,24.367],[37.418,24.401],[37.428,24.421],[37.455,24.407],[37.457,24.441],[37.229,24.738],[37.227,24.8],[37.179,24.799],[37.149,24.851],[37.219,24.847],[37.257,24.871],[37.258,24.922],[37.28,24.964],[37.251,25.053],[37.258,25.111],[37.242,25.175],[37.105,25.322],[37.06,25.42],[37.077,25.431],[37.018,25.495],[36.936,25.646],[36.882,25.673],[36.817,25.758],[36.796,25.759],[36.804,25.727],[36.792,25.721],[36.702,25.78],[36.662,25.879],[36.706,25.944],[36.696,26.022],[36.641,26.06],[36.537,26.082],[36.513,26.111],[36.449,26.247],[36.383,26.335],[36.309,26.498],[36.23,26.626],[36.098,26.754],[36.032,26.907],[36.014,26.902],[35.912,27.0],[35.803,27.142],[35.813,27.191],[35.784,27.235],[35.56,27.456],[35.511,27.544],[35.5,27.619],[35.394,27.777],[35.351,27.801],[35.323,27.876],[35.246,27.962],[35.164,28.009],[35.227,28.033],[35.216,28.054],[35.162,28.058],[35.052,28.12],[35.02,28.113],[35.031,28.099],[34.998,28.114],[34.928,28.079],[34.86,28.085],[34.846,28.071],[34.843,28.1],[34.866,28.113],[34.837,28.116],[34.805,28.071],[34.792,28.079],[34.819,28.113],[34.771,28.093],[34.771,28.106],[34.727,28.112],[34.709,28.14],[34.695,28.126],[34.682,28.135],[34.675,28.113],[34.647,28.099],[34.668,28.071],[34.647,28.071],[34.635,28.033],[34.613,28.03],[34.606,28.096],[34.574,28.094],[34.573,28.113],[34.627,28.161],[34.627,28.177],[34.658,28.171],[34.65,28.201],[34.668,28.209],[34.675,28.27],[34.689,28.264],[34.675,28.277],[34.715,28.327],[34.804,28.527],[34.778,28.665],[34.839,28.829],[34.842,28.89],[34.825,28.9],[34.856,28.964],[34.853,29.045],[34.909,29.231],[34.942,29.25],[34.933,29.289],[34.956,29.305],[34.949,29.352],[36.016,29.19],[36.069,29.2],[36.477,29.495],[36.729,29.854],[37.47,29.995],[37.492,30.011],[37.648,30.331],[37.981,30.499],[37.48,31.007],[36.96,31.491],[38.963,31.994],[39.158,32.121],[40.37,31.938],[42.075,31.08],[42.859,30.495],[44.692,29.202],[46.357,29.063],[46.532,29.096],[47.433,28.995],[47.494,28.904],[47.55,28.771],[47.582,28.631],[47.66,28.56],[47.668,28.534],[48.433,28.54],[48.495,28.5],[48.508,28.416],[48.499,28.393],[48.476,28.401],[48.469,28.387],[48.505,28.39],[48.524,28.414],[48.535,28.408],[48.522,28.319],[48.618,28.217],[48.601,28.148],[48.652,28.046],[48.792,28.007],[48.785,27.989],[48.747,27.982],[48.744,27.961],[48.815,27.907],[48.883,27.827],[48.875,27.77],[48.839,27.729],[48.858,27.804],[48.853,27.818],[48.805,27.756],[48.826,27.811],[48.813,27.829],[48.779,27.72],[48.791,27.715],[48.811,27.743],[48.815,27.688],[48.839,27.708],[48.858,27.663],[48.88,27.688],[48.877,27.644],[48.86,27.64],[48.873,27.612],[48.849,27.623],[48.832,27.612],[48.871,27.606],[48.901,27.633],[48.891,27.588],[48.914,27.572],[48.915,27.609],[48.969,27.62],[49.054,27.568],[49.064,27.556],[49.045,27.544],[49.059,27.538],[49.078,27.547],[49.072,27.558],[49.24,27.545],[49.305,27.482],[49.313,27.449],[49.293,27.453],[49.285,27.475],[49.264,27.453],[49.209,27.458],[49.182,27.441],[49.158,27.458],[49.12,27.441],[49.207,27.395],[49.24,27.427],[49.264,27.414],[49.23,27.38],[49.223,27.331],[49.279,27.359],[49.313,27.345],[49.323,27.206],[49.34,27.208],[49.345,27.183],[49.367,27.194],[49.371,27.219],[49.412,27.204],[49.397,27.163],[49.367,27.161],[49.375,27.149],[49.407,27.133],[49.435,27.167],[49.432,27.143],[49.524,27.133],[49.489,27.175],[49.516,27.188],[49.545,27.174],[49.572,27.194],[49.559,27.14],[49.57,27.104],[49.612,27.072],[49.699,26.958],[49.872,26.862],[49.973,26.842],[50.069,26.729],[50.158,26.665],[50.162,26.639],[50.093,26.689],[50.024,26.7],[50.006,26.748],[49.988,26.724],[49.983,26.684],[50.006,26.649],[50.004,26.571],[50.031,26.495],[50.058,26.464],[50.192,26.404],[50.217,26.324],[50.212,26.191],[50.182,26.16],[50.174,26.181],[50.155,26.166],[50.158,26.102],[50.141,26.036],[50.126,26.046],[50.113,26.103],[50.074,26.132],[50.066,26.174],[50.032,26.201],[49.976,26.14],[50.01,26.077],[49.99,26.06],[49.99,26.002],[50.021,26.004],[50.024,26.036],[50.065,26.013],[50.067,25.996],[50.101,25.989],[50.128,25.94],[50.108,25.915],[50.118,25.868],[50.162,25.783],[50.247,25.679],[50.257,25.632],[50.227,25.687],[50.145,25.733],[50.149,25.7],[50.182,25.673],[50.196,25.687],[50.234,25.615],[50.348,25.482],[50.374,25.461],[50.362,25.503],[50.381,25.513],[50.41,25.464],[50.472,25.437],[50.52,25.315],[50.518,25.245],[50.549,25.175],[50.562,25.055],[50.573,25.043],[50.58,25.062],[50.606,25.043],[50.662,24.98],[50.681,24.914],[50.726,24.882],[50.737,24.782],[50.761,24.736],[50.786,24.727],[50.808,24.747]]],[[[42.186,16.691],[42.179,16.583],[42.073,16.636],[42.118,16.66],[42.086,16.694],[41.976,16.664],[41.955,16.67],[41.843,16.747],[41.825,16.798],[41.778,16.813],[41.757,16.896],[41.828,16.859],[41.86,16.821],[41.863,16.785],[41.905,16.748],[41.941,16.751],[41.953,16.733],[42.011,16.739],[42.035,16.716],[42.065,16.728],[42.036,16.734],[42.022,16.756],[42.048,16.812],[42.062,16.814],[42.104,16.792],[42.117,16.744],[42.141,16.741],[42.186,16.691]]],[[[41.904,16.803],[41.835,16.892],[41.888,16.908],[41.928,16.955],[41.921,16.979],[41.846,16.997],[41.861,17.014],[41.938,16.973],[41.944,16.883],[41.976,16.876],[41.985,16.854],[41.944,16.853],[41.932,16.838],[41.938,16.821],[41.995,16.797],[42.002,16.761],[41.904,16.803]]],[[[49.542,27.364],[49.689,27.318],[49.607,27.322],[49.565,27.298],[49.538,27.311],[49.554,27.328],[49.531,27.346],[49.488,27.334],[49.456,27.29],[49.454,27.316],[49.501,27.361],[49.542,27.364]]],[[[37.037,25.412],[37.023,25.4],[36.967,25.449],[36.947,25.442],[36.952,25.468],[36.987,25.476],[37.009,25.45],[37.018,25.458],[37.037,25.412]]],[[[36.958,25.419],[36.9,25.361],[36.799,25.447],[36.777,25.496],[36.824,25.46],[36.916,25.427],[36.899,25.419],[36.904,25.394],[36.958,25.419]]],[[[36.84,25.536],[36.829,25.561],[36.856,25.568],[36.866,25.546],[36.84,25.536]]],[[[36.879,25.443],[36.719,25.556],[36.681,25.553],[36.691,25.567],[36.726,25.565],[36.875,25.463],[36.879,25.443]]],[[[36.899,25.578],[36.905,25.603],[36.923,25.603],[36.923,25.519],[36.899,25.578]]],[[[36.682,25.566],[36.668,25.55],[36.568,25.598],[36.546,25.603],[36.539,25.589],[36.491,25.645],[36.544,25.703],[36.523,25.662],[36.531,25.645],[36.609,25.592],[36.631,25.592],[36.638,25.575],[36.668,25.581],[36.682,25.566]]],[[[36.543,25.739],[36.542,25.802],[36.558,25.836],[36.591,25.861],[36.555,25.796],[36.598,25.758],[36.588,25.714],[36.611,25.709],[36.583,25.699],[36.543,25.739]]]]}},{"type":"Feature","properties":{"name":"Botswana","iso":"BWA"},"geometry":{"type":"Polygon","coordinates":[[[25.219,-17.88],[25.255,-18.001],[25.296,-18.069],[25.388,-18.139],[25.508,-18.399],[25.622,-18.501],[25.67,-18.566],[25.762,-18.63],[25.779,-18.739],[25.815,-18.814],[25.941,-18.921],[25.968,-19.001],[25.949,-19.103],[26.034,-19.244],[26.155,-19.537],[26.194,-19.56],[26.303,-19.577],[26.333,-19.613],[26.312,-19.651],[26.385,-19.679],[26.432,-19.737],[26.549,-19.784],[26.596,-19.856],[26.674,-19.883],[26.714,-19.927],[26.812,-19.946],[26.925,-20.001],[27.027,-20.01],[27.097,-20.069],[27.202,-20.093],[27.266,-20.234],[27.284,-20.351],[27.268,-20.496],[27.341,-20.473],[27.591,-20.473],[27.698,-20.509],[27.703,-20.566],[27.682,-20.637],[27.71,-20.757],[27.676,-20.867],[27.667,-21.071],[27.709,-21.134],[27.794,-21.197],[27.885,-21.31],[27.95,-21.438],[27.94,-21.478],[27.953,-21.51],[27.971,-21.514],[27.99,-21.552],[28.033,-21.578],[28.322,-21.603],[28.465,-21.66],[28.554,-21.637],[28.616,-21.647],[28.861,-21.757],[29.039,-21.798],[29.058,-21.829],[29.018,-21.898],[29.014,-21.94],[29.041,-22.021],[29.108,-22.069],[29.239,-22.073],[29.274,-22.125],[29.35,-22.187],[29.222,-22.182],[29.169,-22.214],[29.039,-22.224],[28.96,-22.31],[28.968,-22.38],[28.93,-22.441],[28.913,-22.454],[28.847,-22.45],[28.817,-22.493],[28.522,-22.585],[28.459,-22.57],[28.377,-22.575],[28.302,-22.604],[28.251,-22.656],[28.196,-22.672],[28.16,-22.718],[28.155,-22.772],[28.117,-22.789],[28.104,-22.817],[28.047,-22.837],[28.054,-22.869],[28.037,-22.911],[27.937,-22.964],[27.946,-23.029],[27.93,-23.057],[27.816,-23.105],[27.822,-23.123],[27.774,-23.125],[27.789,-23.164],[27.754,-23.221],[27.726,-23.222],[27.698,-23.193],[27.647,-23.228],[27.608,-23.217],[27.563,-23.299],[27.569,-23.32],[27.549,-23.361],[27.453,-23.385],[27.425,-23.413],[27.411,-23.389],[27.361,-23.422],[27.35,-23.391],[27.296,-23.452],[27.203,-23.492],[27.191,-23.504],[27.206,-23.523],[27.171,-23.516],[27.157,-23.537],[27.127,-23.525],[27.137,-23.57],[27.113,-23.564],[27.075,-23.611],[27.062,-23.604],[27.07,-23.656],[27.038,-23.666],[27.014,-23.639],[26.967,-23.719],[26.839,-24.266],[26.693,-24.327],[26.623,-24.399],[26.531,-24.459],[26.469,-24.571],[26.404,-24.633],[26.279,-24.628],[26.014,-24.705],[25.966,-24.734],[25.874,-24.743],[25.877,-24.886],[25.836,-25.0],[20.321,-25.0],[20.236,-24.936],[20.108,-24.88],[20.0,-24.781],[20.0,-22.001],[20.972,-22.001],[20.985,-21.964],[20.975,-18.319],[21.476,-18.3],[22.981,-18.02],[23.293,-17.999],[23.334,-18.043],[23.334,-18.074],[23.396,-18.163],[23.396,-18.191],[23.429,-18.189],[23.464,-18.226],[23.502,-18.237],[23.527,-18.278],[23.519,-18.294],[23.561,-18.348],[23.547,-18.369],[23.579,-18.468],[23.61,-18.478],[23.716,-18.419],[23.913,-18.236],[23.916,-18.201],[23.951,-18.178],[23.971,-18.184],[24.057,-18.119],[24.102,-18.109],[24.218,-18.013],[24.296,-18.026],[24.351,-17.956],[24.422,-17.956],[24.506,-18.06],[24.575,-18.05],[24.649,-17.963],[24.771,-17.866],[24.931,-17.811],[24.953,-17.788],[24.983,-17.82],[25.02,-17.824],[25.047,-17.807],[25.057,-17.828],[25.121,-17.814],[25.154,-17.782],[25.26,-17.794],[25.219,-17.88]]]}},{"type":"Feature","properties":{"name":"Zimbabwe","iso":"ZWE"},"geometry":{"type":"Polygon","coordinates":[[[25.267,-17.801],[25.336,-17.841],[25.516,-17.862],[25.681,-17.811],[25.85,-17.907],[25.864,-17.924],[25.847,-17.929],[25.853,-17.96],[25.924,-17.999],[25.979,-17.999],[26.095,-17.959],[26.095,-17.938],[26.212,-17.883],[26.239,-17.91],[26.318,-17.934],[26.409,-17.939],[26.57,-18.003],[26.629,-18.049],[26.7,-18.069],[26.754,-18.033],[26.888,-17.985],[26.912,-17.992],[26.959,-17.965],[27.021,-17.959],[27.149,-17.842],[27.157,-17.769],[27.577,-17.363],[27.641,-17.198],[27.817,-16.96],[28.114,-16.828],[28.28,-16.707],[28.643,-16.569],[28.733,-16.558],[28.809,-16.486],[28.857,-16.388],[28.837,-16.306],[28.864,-16.231],[28.847,-16.203],[28.871,-16.087],[28.857,-16.06],[28.932,-15.964],[29.042,-15.946],[29.086,-15.885],[29.186,-15.813],[29.407,-15.714],[29.508,-15.704],[29.587,-15.656],[29.673,-15.663],[29.837,-15.615],[30.011,-15.646],[30.13,-15.624],[30.207,-15.653],[30.255,-15.629],[30.328,-15.652],[30.396,-15.636],[30.403,-16.001],[30.857,-15.998],[30.902,-16.007],[30.99,-16.064],[31.114,-15.997],[31.26,-16.023],[31.295,-16.042],[31.405,-16.162],[31.466,-16.168],[31.519,-16.196],[31.711,-16.218],[31.818,-16.32],[31.872,-16.35],[31.886,-16.406],[31.91,-16.429],[32.29,-16.452],[32.672,-16.6],[32.699,-16.687],[32.731,-16.709],[32.769,-16.695],[32.893,-16.712],[32.969,-16.682],[32.916,-16.848],[32.829,-16.935],[32.954,-17.167],[32.973,-17.298],[33.022,-17.346],[33.016,-17.377],[32.937,-17.498],[32.952,-17.551],[33.007,-17.581],[33.025,-17.619],[33.004,-17.676],[32.999,-17.794],[32.946,-17.835],[32.937,-17.875],[32.952,-17.94],[32.927,-17.973],[32.976,-18.183],[32.955,-18.256],[33.043,-18.352],[32.985,-18.412],[33.003,-18.447],[32.996,-18.467],[32.871,-18.536],[32.872,-18.573],[32.922,-18.693],[32.903,-18.775],[32.885,-18.788],[32.788,-18.791],[32.691,-18.834],[32.697,-18.897],[32.716,-18.92],[32.681,-18.955],[32.699,-19.022],[32.814,-19.024],[32.856,-19.084],[32.862,-19.118],[32.829,-19.285],[32.769,-19.364],[32.763,-19.464],[32.825,-19.479],[32.832,-19.501],[32.82,-19.674],[32.872,-19.69],[32.943,-19.649],[32.961,-19.659],[32.962,-19.735],[33.033,-19.784],[33.002,-19.927],[33.007,-20.032],[32.954,-20.03],[32.927,-20.086],[32.885,-20.103],[32.853,-20.274],[32.736,-20.414],[32.672,-20.532],[32.646,-20.558],[32.513,-20.565],[32.482,-20.603],[32.469,-20.687],[32.491,-20.936],[32.34,-21.134],[32.381,-21.165],[32.372,-21.188],[32.447,-21.314],[32.409,-21.29],[31.434,-22.302],[31.289,-22.397],[31.256,-22.358],[31.213,-22.362],[31.153,-22.316],[31.088,-22.337],[30.838,-22.282],[30.694,-22.303],[30.632,-22.331],[30.488,-22.31],[30.335,-22.345],[30.222,-22.291],[30.135,-22.294],[30.038,-22.254],[30.005,-22.222],[29.837,-22.172],[29.759,-22.131],[29.641,-22.129],[29.551,-22.146],[29.532,-22.172],[29.457,-22.159],[29.357,-22.191],[29.274,-22.125],[29.239,-22.073],[29.108,-22.069],[29.041,-22.021],[29.014,-21.94],[29.018,-21.898],[29.058,-21.829],[29.039,-21.798],[28.861,-21.757],[28.616,-21.647],[28.554,-21.637],[28.465,-21.66],[28.322,-21.603],[28.033,-21.578],[27.99,-21.552],[27.971,-21.514],[27.953,-21.51],[27.94,-21.478],[27.95,-21.438],[27.885,-21.31],[27.794,-21.197],[27.709,-21.134],[27.667,-21.071],[27.676,-20.867],[27.71,-20.757],[27.682,-20.637],[27.703,-20.566],[27.698,-20.509],[27.591,-20.473],[27.341,-20.473],[27.268,-20.496],[27.284,-20.351],[27.266,-20.234],[27.202,-20.093],[27.097,-20.069],[27.027,-20.01],[26.925,-20.001],[26.812,-19.946],[26.714,-19.927],[26.674,-19.883],[26.596,-19.856],[26.549,-19.784],[26.432,-19.737],[26.385,-19.679],[26.312,-19.651],[26.333,-19.613],[26.303,-19.577],[26.194,-19.56],[26.155,-19.537],[26.034,-19.244],[25.949,-19.103],[25.968,-19.001],[25.941,-18.921],[25.815,-18.814],[25.779,-18.739],[25.762,-18.63],[25.67,-18.566],[25.622,-18.501],[25.508,-18.399],[25.388,-18.139],[25.296,-18.069],[25.255,-18.001],[25.219,-17.88],[25.267,-17.801]]]}},{"type":"Feature","properties":{"name":"Bulgaria","iso":"BGR"},"geometry":{"type":"Polygon","coordinates":[[[26.295,41.71],[26.212,41.75],[26.054,41.702],[26.055,41.649],[26.115,41.617],[26.131,41.553],[26.158,41.542],[26.163,41.506],[26.146,41.478],[26.176,41.432],[26.121,41.358],[25.882,41.304],[25.811,41.341],[25.68,41.297],[25.551,41.316],[25.505,41.281],[25.239,41.241],[25.102,41.337],[24.886,41.401],[24.803,41.393],[24.794,41.347],[24.774,41.348],[24.699,41.409],[24.58,41.441],[24.531,41.548],[24.51,41.562],[24.459,41.55],[24.439,41.528],[24.296,41.515],[24.286,41.54],[24.251,41.563],[24.196,41.547],[24.17,41.512],[24.077,41.536],[24.047,41.526],[24.052,41.463],[24.035,41.451],[24.001,41.464],[23.95,41.438],[23.895,41.464],[23.852,41.44],[23.777,41.429],[23.754,41.401],[23.672,41.403],[23.612,41.371],[23.513,41.398],[23.415,41.4],[23.326,41.369],[23.288,41.398],[23.224,41.379],[23.2,41.333],[23.157,41.316],[22.917,41.336],[22.941,41.35],[22.937,41.411],[22.955,41.432],[22.936,41.626],[22.999,41.693],[23.009,41.74],[22.991,41.761],[22.946,41.769],[22.901,41.86],[22.881,41.873],[22.838,42.019],[22.799,42.021],[22.781,42.043],[22.718,42.044],[22.531,42.129],[22.481,42.193],[22.345,42.313],[22.424,42.326],[22.47,42.392],[22.509,42.405],[22.533,42.458],[22.525,42.508],[22.425,42.573],[22.442,42.682],[22.483,42.734],[22.427,42.814],[22.506,42.87],[22.564,42.884],[22.666,42.872],[22.727,42.887],[22.776,42.98],[22.829,42.994],[22.956,43.108],[22.981,43.199],[22.898,43.22],[22.827,43.281],[22.805,43.329],[22.733,43.382],[22.665,43.397],[22.638,43.426],[22.596,43.429],[22.519,43.474],[22.478,43.559],[22.466,43.649],[22.405,43.687],[22.389,43.758],[22.349,43.808],[22.4,43.993],[22.434,44.014],[22.504,44.02],[22.534,44.057],[22.593,44.064],[22.606,44.175],[22.649,44.214],[22.692,44.228],[22.906,44.123],[23.031,44.093],[23.04,44.062],[23.023,44.032],[22.886,43.995],[22.851,43.897],[22.863,43.855],[22.889,43.84],[23.132,43.848],[23.325,43.887],[23.485,43.881],[23.593,43.837],[23.743,43.843],[23.8,43.818],[24.159,43.753],[24.358,43.76],[24.466,43.802],[24.706,43.744],[24.964,43.75],[25.082,43.719],[25.252,43.705],[25.36,43.654],[25.403,43.65],[25.557,43.67],[25.671,43.717],[25.781,43.732],[25.934,43.87],[26.054,43.934],[26.079,43.969],[26.151,44.012],[26.311,44.053],[26.754,44.108],[26.884,44.157],[27.027,44.177],[27.1,44.144],[27.251,44.122],[27.285,44.072],[27.342,44.053],[27.384,44.015],[27.575,44.016],[27.633,44.03],[27.656,44.024],[27.722,43.949],[27.912,43.993],[27.981,43.849],[28.221,43.762],[28.435,43.735],[28.578,43.741],[28.573,43.606],[28.604,43.538],[28.56,43.454],[28.489,43.406],[28.473,43.367],[28.394,43.414],[28.322,43.428],[28.119,43.392],[28.018,43.233],[27.904,43.202],[27.946,43.169],[27.911,43.065],[27.884,43.031],[27.904,42.942],[27.904,42.86],[27.884,42.848],[27.892,42.711],[27.733,42.715],[27.717,42.675],[27.74,42.661],[27.628,42.629],[27.65,42.558],[27.541,42.565],[27.511,42.553],[27.48,42.483],[27.453,42.48],[27.466,42.428],[27.473,42.462],[27.514,42.435],[27.544,42.46],[27.562,42.448],[27.629,42.459],[27.643,42.456],[27.652,42.419],[27.692,42.428],[27.719,42.415],[27.698,42.4],[27.719,42.387],[27.714,42.349],[27.74,42.334],[27.78,42.339],[27.774,42.322],[27.788,42.311],[27.751,42.277],[27.756,42.258],[27.856,42.181],[27.849,42.167],[27.904,42.12],[27.987,42.072],[28.019,42.008],[28.017,41.973],[27.812,41.995],[27.803,41.96],[27.815,41.947],[27.687,41.969],[27.609,41.953],[27.603,41.939],[27.551,41.924],[27.563,41.906],[27.546,41.901],[27.397,41.989],[27.332,42.057],[27.273,42.092],[27.216,42.096],[27.174,42.057],[27.047,42.083],[26.939,41.996],[26.861,41.988],[26.819,41.966],[26.781,41.983],[26.737,41.959],[26.606,41.967],[26.543,41.92],[26.559,41.902],[26.526,41.824],[26.376,41.817],[26.32,41.765],[26.333,41.713],[26.295,41.71]]]}},{"type":"Feature","properties":{"name":"Thailand","iso":"THA"},"geometry":{"type":"MultiPolygon","coordinates":[[[[102.914,11.646],[102.893,11.77],[102.777,11.903],[102.767,12.012],[102.632,12.152],[102.654,12.159],[102.605,12.204],[102.606,12.221],[102.562,12.202],[102.557,12.184],[102.582,12.049],[102.554,12.057],[102.532,12.114],[102.474,12.149],[102.35,12.196],[102.324,12.18],[102.296,12.19],[102.263,12.29],[102.29,12.283],[102.336,12.307],[102.36,12.347],[102.352,12.367],[102.324,12.365],[102.345,12.345],[102.331,12.328],[102.292,12.318],[102.286,12.386],[102.304,12.427],[102.27,12.393],[102.27,12.44],[102.242,12.426],[102.206,12.436],[102.209,12.399],[102.236,12.414],[102.243,12.372],[102.273,12.326],[102.265,12.306],[102.228,12.324],[102.124,12.411],[102.087,12.465],[102.072,12.489],[102.078,12.509],[102.086,12.498],[102.099,12.496],[102.085,12.504],[102.112,12.537],[102.093,12.523],[102.078,12.53],[102.099,12.543],[102.048,12.542],[102.064,12.571],[102.009,12.565],[102.043,12.524],[102.064,12.523],[102.057,12.468],[102.009,12.534],[101.961,12.537],[101.95,12.606],[101.934,12.584],[101.948,12.53],[101.9,12.57],[101.893,12.584],[101.913,12.578],[101.909,12.594],[101.878,12.606],[101.83,12.673],[101.766,12.706],[101.686,12.702],[101.66,12.66],[101.581,12.653],[101.571,12.632],[101.465,12.632],[101.418,12.596],[101.323,12.642],[101.088,12.681],[100.989,12.649],[100.974,12.598],[100.926,12.619],[100.941,12.636],[100.918,12.663],[100.858,12.653],[100.871,12.674],[100.851,12.674],[100.865,12.701],[100.837,12.708],[100.868,12.771],[100.892,12.763],[100.92,12.811],[100.865,12.92],[100.892,12.948],[100.9,12.982],[100.934,13.003],[100.906,13.074],[100.878,13.098],[100.945,13.201],[100.912,13.294],[100.932,13.338],[100.981,13.359],[100.985,13.418],[100.971,13.437],[100.996,13.496],[100.963,13.471],[100.889,13.468],[100.68,13.509],[100.592,13.555],[100.598,13.612],[100.576,13.52],[100.337,13.482],[100.275,13.517],[100.237,13.477],[100.053,13.413],[100.022,13.367],[100.001,13.372],[100.016,13.366],[100.006,13.333],[99.963,13.31],[99.967,13.259],[100.074,13.153],[100.104,13.057],[100.053,12.966],[100.024,12.847],[99.988,12.79],[99.96,12.668],[99.981,12.455],[100.012,12.369],[99.983,12.27],[100.009,12.241],[100.02,12.193],[99.955,12.072],[99.831,11.925],[99.823,11.879],[99.837,11.843],[99.81,11.825],[99.817,11.741],[99.78,11.737],[99.752,11.71],[99.642,11.523],[99.626,11.44],[99.569,11.334],[99.566,11.276],[99.586,11.195],[99.569,11.179],[99.562,11.199],[99.529,11.187],[99.496,11.133],[99.515,11.039],[99.494,10.967],[99.512,10.866],[99.494,10.878],[99.443,10.87],[99.435,10.802],[99.375,10.712],[99.374,10.681],[99.313,10.647],[99.288,10.563],[99.24,10.522],[99.268,10.508],[99.24,10.457],[99.289,10.412],[99.285,10.364],[99.234,10.344],[99.2,10.378],[99.152,10.357],[99.169,10.288],[99.225,10.232],[99.255,10.234],[99.242,10.215],[99.201,10.211],[99.152,10.103],[99.179,10.025],[99.158,9.991],[99.172,9.85],[99.152,9.829],[99.145,9.788],[99.173,9.665],[99.212,9.598],[99.223,9.543],[99.324,9.392],[99.291,9.39],[99.236,9.336],[99.234,9.278],[99.255,9.232],[99.351,9.219],[99.378,9.193],[99.475,9.201],[99.536,9.282],[99.594,9.275],[99.689,9.316],[99.782,9.308],[99.803,9.323],[99.854,9.295],[99.86,9.258],[99.878,9.226],[99.886,9.233],[99.886,9.158],[99.916,9.102],[99.933,9.001],[99.919,8.98],[99.926,8.863],[99.967,8.606],[100.041,8.546],[100.098,8.426],[100.144,8.389],[100.186,8.397],[100.165,8.501],[100.131,8.515],[100.151,8.523],[100.181,8.501],[100.22,8.449],[100.271,8.317],[100.44,7.477],[100.501,7.334],[100.575,7.209],[100.574,7.195],[100.548,7.197],[100.472,7.259],[100.426,7.268],[100.439,7.294],[100.422,7.37],[100.408,7.379],[100.406,7.528],[100.39,7.566],[100.359,7.579],[100.326,7.574],[100.29,7.518],[100.273,7.531],[100.276,7.577],[100.323,7.616],[100.321,7.708],[100.289,7.788],[100.211,7.781],[100.145,7.719],[100.179,7.531],[100.225,7.479],[100.279,7.362],[100.303,7.343],[100.37,7.333],[100.385,7.266],[100.427,7.245],[100.392,7.223],[100.424,7.171],[100.495,7.137],[100.556,7.145],[100.589,7.18],[100.585,7.224],[100.765,6.983],[100.827,6.952],[100.85,6.962],[100.998,6.857],[101.191,6.862],[101.244,6.902],[101.351,6.876],[101.328,6.918],[101.263,6.945],[101.292,6.955],[101.557,6.842],[101.772,6.501],[102.073,6.258],[102.06,6.095],[101.935,5.982],[101.913,5.859],[101.8,5.74],[101.763,5.75],[101.727,5.786],[101.687,5.761],[101.666,5.766],[101.631,5.828],[101.634,5.856],[101.558,5.911],[101.249,5.787],[101.212,5.682],[101.122,5.63],[101.06,5.71],[100.999,5.73],[100.965,5.792],[101.015,5.898],[101.071,5.92],[101.079,5.938],[101.094,6.086],[101.053,6.135],[101.053,6.158],[101.089,6.189],[101.082,6.246],[101.023,6.241],[100.974,6.273],[100.91,6.236],[100.855,6.248],[100.833,6.237],[100.806,6.415],[100.773,6.447],[100.734,6.456],[100.73,6.493],[100.631,6.445],[100.467,6.513],[100.387,6.522],[100.329,6.558],[100.281,6.689],[100.263,6.7],[100.212,6.689],[100.188,6.708],[100.167,6.695],[100.156,6.621],[100.167,6.566],[100.146,6.54],[100.127,6.442],[100.108,6.48],[100.09,6.485],[100.104,6.533],[100.081,6.537],[100.063,6.507],[100.001,6.567],[99.991,6.598],[99.964,6.594],[99.974,6.623],[99.961,6.661],[99.937,6.665],[99.868,6.763],[99.852,6.776],[99.825,6.77],[99.797,6.822],[99.686,6.877],[99.69,6.935],[99.714,6.942],[99.681,6.974],[99.679,7.027],[99.748,7.126],[99.741,7.137],[99.693,7.116],[99.678,7.123],[99.672,7.171],[99.614,7.137],[99.558,7.197],[99.545,7.266],[99.585,7.307],[99.604,7.376],[99.55,7.302],[99.525,7.311],[99.525,7.37],[99.508,7.385],[99.491,7.351],[99.488,7.286],[99.471,7.28],[99.378,7.321],[99.337,7.384],[99.347,7.423],[99.33,7.503],[99.296,7.507],[99.309,7.528],[99.293,7.621],[99.25,7.628],[99.256,7.657],[99.153,7.731],[99.131,7.767],[99.112,7.706],[99.091,7.692],[99.056,7.699],[99.033,7.723],[99.014,7.815],[99.062,7.859],[99.07,7.925],[99.028,7.904],[99.0,7.943],[98.968,7.956],[98.96,8.007],[98.918,8.051],[98.844,8.003],[98.8,8.052],[98.77,8.024],[98.747,8.068],[98.744,8.215],[98.727,8.254],[98.707,8.226],[98.703,8.299],[98.696,8.308],[98.624,8.281],[98.626,8.346],[98.655,8.38],[98.604,8.397],[98.599,8.375],[98.526,8.336],[98.494,8.343],[98.487,8.325],[98.466,8.336],[98.466,8.323],[98.428,8.317],[98.422,8.306],[98.453,8.294],[98.463,8.216],[98.425,8.148],[98.406,8.164],[98.391,8.137],[98.357,8.185],[98.287,8.22],[98.199,8.534],[98.21,8.581],[98.247,8.515],[98.253,8.535],[98.22,8.569],[98.24,8.651],[98.22,8.726],[98.251,8.76],[98.262,8.851],[98.325,8.975],[98.364,8.974],[98.358,8.996],[98.391,9.035],[98.333,9.026],[98.33,9.052],[98.382,9.072],[98.328,9.164],[98.322,9.209],[98.34,9.2],[98.371,9.226],[98.352,9.251],[98.457,9.549],[98.487,9.528],[98.531,9.566],[98.463,9.604],[98.514,9.655],[98.494,9.686],[98.513,9.695],[98.494,9.714],[98.544,9.706],[98.566,9.743],[98.521,9.755],[98.508,9.74],[98.508,9.775],[98.555,9.798],[98.583,9.843],[98.549,9.809],[98.513,9.837],[98.549,9.884],[98.576,9.878],[98.59,9.905],[98.572,9.915],[98.592,9.943],[98.631,9.953],[98.6,9.974],[98.604,9.994],[98.662,10.085],[98.72,10.228],[98.79,10.5],[98.777,10.583],[98.748,10.623],[98.757,10.666],[98.83,10.764],[98.868,10.77],[98.892,10.809],[98.934,10.808],[98.982,10.832],[98.98,10.918],[99.002,10.958],[99.055,10.945],[99.077,10.997],[99.213,11.108],[99.243,11.198],[99.364,11.377],[99.387,11.452],[99.428,11.497],[99.45,11.614],[99.543,11.64],[99.607,11.726],[99.63,11.816],[99.561,11.873],[99.574,11.976],[99.518,12.026],[99.542,12.141],[99.452,12.129],[99.474,12.187],[99.387,12.466],[99.404,12.508],[99.403,12.576],[99.277,12.666],[99.267,12.703],[99.224,12.717],[99.211,12.792],[99.175,12.833],[99.153,12.914],[99.165,12.976],[99.093,13.038],[99.102,13.171],[99.114,13.188],[99.173,13.2],[99.19,13.23],[99.173,13.301],[99.187,13.329],[99.188,13.427],[99.152,13.582],[99.153,13.715],[99.101,13.779],[99.09,13.87],[99.007,13.95],[98.953,14.028],[98.935,14.085],[98.872,14.112],[98.754,14.2],[98.707,14.27],[98.67,14.268],[98.601,14.314],[98.548,14.378],[98.418,14.608],[98.297,14.721],[98.243,14.805],[98.222,14.921],[98.191,14.988],[98.199,15.051],[98.16,15.106],[98.191,15.179],[98.177,15.221],[98.233,15.227],[98.283,15.29],[98.385,15.256],[98.395,15.28],[98.377,15.296],[98.399,15.322],[98.403,15.36],[98.475,15.383],[98.515,15.363],[98.534,15.326],[98.56,15.355],[98.567,15.453],[98.54,15.712],[98.574,15.836],[98.569,15.92],[98.584,15.977],[98.547,16.047],[98.619,16.051],[98.659,16.116],[98.68,16.126],[98.758,16.119],[98.783,16.102],[98.807,16.111],[98.835,16.145],[98.843,16.209],[98.884,16.259],[98.903,16.382],[98.843,16.438],[98.84,16.472],[98.819,16.456],[98.789,16.375],[98.682,16.273],[98.663,16.287],[98.629,16.403],[98.632,16.463],[98.564,16.552],[98.562,16.602],[98.512,16.643],[98.486,16.701],[98.457,16.723],[98.475,16.777],[98.518,16.803],[98.49,16.843],[98.501,16.862],[98.525,16.85],[98.509,16.893],[98.484,16.906],[98.475,16.95],[98.418,17.029],[98.3,17.065],[98.286,17.087],[98.294,17.108],[98.268,17.108],[98.279,17.137],[98.093,17.312],[98.089,17.373],[98.035,17.405],[97.983,17.505],[97.934,17.532],[97.759,17.691],[97.75,17.74],[97.676,17.83],[97.699,17.833],[97.686,17.881],[97.72,17.943],[97.754,17.969],[97.72,18.053],[97.694,18.062],[97.684,18.146],[97.618,18.242],[97.643,18.273],[97.638,18.306],[97.574,18.333],[97.528,18.265],[97.486,18.292],[97.453,18.334],[97.443,18.403],[97.351,18.551],[97.389,18.542],[97.427,18.49],[97.51,18.491],[97.618,18.553],[97.746,18.571],[97.76,18.623],[97.723,18.852],[97.658,18.926],[97.703,18.964],[97.728,19.037],[97.811,19.112],[97.813,19.208],[97.764,19.266],[97.798,19.281],[97.806,19.301],[97.767,19.398],[97.842,19.479],[97.849,19.568],[97.886,19.573],[98.008,19.639],[98.005,19.724],[98.025,19.803],[98.046,19.808],[98.073,19.777],[98.111,19.777],[98.213,19.718],[98.219,19.677],[98.238,19.665],[98.307,19.69],[98.44,19.688],[98.489,19.707],[98.533,19.676],[98.624,19.738],[98.749,19.763],[98.808,19.807],[98.852,19.784],[98.884,19.745],[98.899,19.749],[98.974,19.788],[99.001,19.821],[99.017,20.041],[99.073,20.101],[99.178,20.122],[99.296,20.062],[99.441,20.102],[99.51,20.154],[99.526,20.196],[99.486,20.245],[99.466,20.322],[99.421,20.376],[99.44,20.382],[99.503,20.345],[99.652,20.307],[99.787,20.334],[99.838,20.417],[99.937,20.445],[99.986,20.387],[100.036,20.373],[100.099,20.318],[100.103,20.264],[100.153,20.239],[100.168,20.254],[100.167,20.293],[100.209,20.313],[100.24,20.373],[100.307,20.4],[100.344,20.39],[100.461,20.191],[100.513,20.155],[100.529,20.15],[100.547,20.168],[100.549,20.158],[100.543,20.067],[100.484,19.881],[100.431,19.838],[100.379,19.746],[100.474,19.525],[100.567,19.496],[100.607,19.541],[100.633,19.542],[100.753,19.482],[100.88,19.614],[101.003,19.611],[101.125,19.565],[101.208,19.59],[101.238,19.578],[101.255,19.547],[101.252,19.494],[101.238,19.472],[101.193,19.453],[101.172,19.376],[101.178,19.347],[101.211,19.326],[101.236,19.128],[101.318,19.05],[101.326,19.021],[101.284,18.981],[101.225,18.875],[101.229,18.796],[101.206,18.73],[101.235,18.689],[101.235,18.658],[101.161,18.6],[101.155,18.557],[101.078,18.51],[101.03,18.428],[101.082,18.364],[101.155,18.323],[101.13,18.291],[101.128,18.246],[101.163,18.195],[101.142,18.124],[101.165,18.053],[101.112,18.011],[101.066,17.934],[101.001,17.885],[101.0,17.83],[100.965,17.798],[100.976,17.78],[100.959,17.764],[100.954,17.7],[100.886,17.596],[100.902,17.562],[100.982,17.548],[101.049,17.496],[101.132,17.462],[101.167,17.511],[101.202,17.523],[101.247,17.592],[101.384,17.685],[101.404,17.716],[101.382,17.721],[101.388,17.729],[101.453,17.751],[101.468,17.72],[101.503,17.765],[101.556,17.792],[101.534,17.81],[101.571,17.829],[101.578,17.868],[101.6,17.854],[101.636,17.895],[101.729,17.912],[101.766,18.04],[101.79,18.074],[101.884,18.031],[101.904,18.037],[102.079,18.214],[102.172,18.2],[102.192,18.152],[102.257,18.094],[102.307,18.051],[102.366,18.039],[102.412,17.994],[102.6,17.955],[102.612,17.915],[102.595,17.841],[102.683,17.81],[102.673,17.865],[102.737,17.89],[102.853,17.972],[102.955,18.012],[103.02,17.984],[103.038,17.991],[103.073,18.036],[103.071,18.126],[103.139,18.167],[103.168,18.25],[103.295,18.288],[103.24,18.336],[103.244,18.38],[103.307,18.426],[103.397,18.441],[103.549,18.415],[103.696,18.353],[103.801,18.338],[103.858,18.286],[103.881,18.284],[103.951,18.333],[104.0,18.318],[104.068,18.215],[104.122,18.095],[104.211,18.009],[104.27,17.874],[104.353,17.819],[104.452,17.666],[104.703,17.527],[104.793,17.423],[104.819,17.361],[104.814,17.194],[104.74,17.003],[104.779,16.705],[104.753,16.615],[104.755,16.529],[104.855,16.454],[104.908,16.353],[105.015,16.277],[105.033,16.165],[105.058,16.121],[105.237,16.051],[105.422,16.01],[105.362,15.955],[105.361,15.919],[105.412,15.8],[105.448,15.765],[105.569,15.749],[105.641,15.682],[105.651,15.635],[105.604,15.439],[105.486,15.375],[105.477,15.353],[105.499,15.325],[105.558,15.325],[105.564,15.273],[105.463,15.189],[105.444,15.134],[105.452,15.095],[105.521,15.066],[105.554,15.005],[105.593,14.991],[105.534,14.934],[105.551,14.902],[105.543,14.88],[105.518,14.878],[105.524,14.837],[105.502,14.827],[105.489,14.786],[105.505,14.736],[105.496,14.66],[105.508,14.564],[105.416,14.428],[105.368,14.415],[105.335,14.386],[105.295,14.399],[105.269,14.364],[105.155,14.33],[105.101,14.231],[105.047,14.214],[105.008,14.244],[104.976,14.301],[104.974,14.381],[104.831,14.412],[104.772,14.44],[104.713,14.407],[104.693,14.434],[104.668,14.41],[104.61,14.419],[104.543,14.36],[104.493,14.374],[104.453,14.357],[104.247,14.401],[104.201,14.378],[104.177,14.404],[104.141,14.366],[104.11,14.38],[104.001,14.345],[103.974,14.367],[103.92,14.365],[103.885,14.34],[103.824,14.368],[103.675,14.386],[103.671,14.43],[103.637,14.443],[103.596,14.404],[103.533,14.419],[103.45,14.372],[103.423,14.385],[103.363,14.353],[103.274,14.351],[103.138,14.32],[102.919,14.185],[102.87,14.021],[102.773,13.936],[102.699,13.762],[102.542,13.67],[102.541,13.649],[102.598,13.605],[102.513,13.567],[102.332,13.565],[102.313,13.541],[102.33,13.496],[102.328,13.275],[102.382,13.137],[102.49,12.996],[102.467,12.969],[102.479,12.954],[102.465,12.928],[102.507,12.788],[102.478,12.72],[102.479,12.677],[102.502,12.65],[102.589,12.61],[102.762,12.436],[102.765,12.416],[102.72,12.361],[102.692,12.178],[102.7,12.139],[102.771,12.037],[102.843,11.866],[102.914,11.766],[102.929,11.669],[102.914,11.646]]],[[[97.84,9.404],[97.844,9.425],[97.868,9.42],[97.872,9.38],[97.84,9.404]]],[[[99.703,9.521],[99.681,9.513],[99.668,9.519],[99.699,9.542],[99.703,9.521]]],[[[99.684,9.62],[99.678,9.61],[99.675,9.624],[99.684,9.62]]],[[[99.26,6.566],[99.195,6.533],[99.158,6.554],[99.176,6.55],[99.206,6.575],[99.26,6.566]]],[[[99.704,6.558],[99.659,6.492],[99.634,6.552],[99.6,6.583],[99.657,6.724],[99.704,6.558]]],[[[99.386,7.276],[99.454,7.239],[99.417,7.235],[99.383,7.194],[99.386,7.276]]],[[[99.066,7.615],[99.117,7.479],[99.1,7.467],[99.057,7.504],[99.028,7.572],[99.021,7.637],[99.035,7.644],[99.066,7.615]]],[[[99.127,7.644],[99.109,7.594],[99.045,7.663],[99.105,7.669],[99.127,7.644]]],[[[98.528,8.123],[98.602,8.063],[98.604,7.904],[98.577,7.92],[98.563,7.986],[98.582,8.015],[98.551,8.043],[98.528,8.123]]],[[[98.422,7.908],[98.432,7.917],[98.44,7.887],[98.4,7.865],[98.398,7.815],[98.344,7.833],[98.323,7.771],[98.292,7.777],[98.268,7.89],[98.285,7.904],[98.254,7.928],[98.274,7.954],[98.266,7.974],[98.281,8.003],[98.281,8.192],[98.33,8.17],[98.344,8.109],[98.36,8.119],[98.406,8.083],[98.423,8.099],[98.439,8.083],[98.419,7.993],[98.398,7.973],[98.422,7.908]]],[[[98.638,8.171],[98.621,8.09],[98.57,8.119],[98.597,8.13],[98.592,8.147],[98.624,8.192],[98.638,8.171]]],[[[98.308,9.133],[98.323,9.098],[98.309,9.049],[98.254,9.037],[98.24,9.049],[98.248,9.15],[98.273,9.16],[98.308,9.133]]],[[[100.076,9.585],[100.091,9.561],[100.061,9.464],[100.019,9.426],[99.947,9.418],[99.926,9.566],[99.959,9.581],[100.044,9.564],[100.076,9.585]]],[[[98.412,9.775],[98.417,9.733],[98.398,9.706],[98.385,9.728],[98.412,9.775]]],[[[100.067,9.776],[100.079,9.742],[100.09,9.665],[99.988,9.72],[99.99,9.743],[99.971,9.765],[99.988,9.802],[100.067,9.776]]],[[[102.59,11.71],[102.608,11.648],[102.592,11.619],[102.606,11.612],[102.598,11.563],[102.53,11.605],[102.544,11.626],[102.53,11.68],[102.555,11.76],[102.571,11.733],[102.564,11.708],[102.59,11.71]]],[[[102.343,12.124],[102.441,11.967],[102.428,11.961],[102.379,12.003],[102.376,11.971],[102.311,11.981],[102.318,11.961],[102.29,11.975],[102.294,12.057],[102.25,12.153],[102.311,12.146],[102.343,12.124]]],[[[97.85,9.442],[97.872,9.473],[97.899,9.461],[97.895,9.439],[97.87,9.441],[97.87,9.425],[97.85,9.442]]],[[[98.299,8.997],[98.307,8.958],[98.262,8.879],[98.252,8.997],[98.261,9.013],[98.299,8.997]]]]}},{"type":"Feature","properties":{"name":"Chad","iso":"TCD"},"geometry":{"type":"Polygon","coordinates":[[[20.0,21.462],[23.981,19.496],[23.984,15.721],[23.973,15.691],[23.946,15.692],[23.829,15.731],[23.593,15.749],[23.396,15.688],[23.321,15.681],[23.167,15.713],[23.095,15.704],[23.005,15.611],[22.907,15.541],[22.907,15.481],[22.976,15.374],[22.958,15.202],[22.906,15.113],[22.849,15.088],[22.739,14.98],[22.715,14.899],[22.659,14.857],[22.651,14.816],[22.677,14.689],[22.465,14.629],[22.382,14.579],[22.364,14.544],[22.425,14.47],[22.451,14.346],[22.418,14.306],[22.429,14.265],[22.458,14.241],[22.532,14.221],[22.546,14.14],[22.215,13.957],[22.075,13.78],[22.113,13.73],[22.132,13.639],[22.196,13.58],[22.216,13.465],[22.276,13.376],[22.268,13.335],[22.14,13.194],[22.016,13.14],[21.964,13.098],[21.853,12.906],[21.809,12.794],[21.88,12.676],[21.936,12.64],[22.02,12.631],[22.106,12.65],[22.144,12.671],[22.205,12.743],[22.33,12.661],[22.446,12.611],[22.373,12.463],[22.408,12.4],[22.484,12.165],[22.458,12.03],[22.612,12.073],[22.537,11.681],[22.542,11.633],[22.592,11.544],[22.628,11.51],[22.743,11.466],[22.769,11.442],[22.772,11.403],[22.9,11.408],[22.915,11.396],[22.954,11.251],[22.952,11.191],[22.861,10.919],[22.806,10.925],[22.683,10.974],[22.447,10.998],[22.407,10.963],[22.319,10.939],[22.276,10.909],[22.253,10.915],[22.201,10.869],[22.176,10.816],[22.049,10.837],[22.018,10.81],[22.004,10.743],[21.926,10.72],[21.864,10.668],[21.823,10.679],[21.736,10.646],[21.717,10.621],[21.703,10.552],[21.717,10.477],[21.751,10.412],[21.72,10.361],[21.719,10.297],[21.689,10.289],[21.656,10.234],[21.579,10.212],[21.545,10.22],[21.513,10.201],[21.433,10.046],[21.374,9.973],[21.34,9.96],[21.271,9.987],[21.195,9.887],[21.132,9.849],[21.105,9.774],[21.066,9.754],[21.043,9.767],[21.02,9.748],[20.996,9.648],[20.976,9.631],[20.983,9.604],[20.962,9.607],[20.874,9.502],[20.841,9.484],[20.826,9.418],[20.802,9.426],[20.758,9.377],[20.655,9.343],[20.668,9.302],[20.542,9.322],[20.534,9.29],[20.496,9.271],[20.507,9.213],[20.482,9.205],[20.435,9.138],[20.412,9.142],[20.359,9.116],[20.257,9.116],[20.213,9.145],[20.155,9.116],[20.11,9.151],[20.099,9.131],[20.061,9.134],[20.024,9.09],[20.0,9.105],[20.0,21.462]]]}},{"type":"Feature","properties":{"name":"Kuwait","iso":"KWT"},"geometry":{"type":"MultiPolygon","coordinates":[[[[47.948,29.994],[47.975,29.943],[47.996,29.828],[48.052,29.743],[48.079,29.744],[48.181,29.562],[48.177,29.542],[48.155,29.539],[48.086,29.575],[47.966,29.576],[47.807,29.468],[47.764,29.413],[47.718,29.394],[47.705,29.364],[47.837,29.388],[47.851,29.38],[47.823,29.363],[47.816,29.338],[47.858,29.323],[47.986,29.394],[48.025,29.355],[48.1,29.35],[48.095,29.258],[48.134,29.154],[48.158,29.017],[48.226,28.918],[48.279,28.894],[48.277,28.84],[48.329,28.76],[48.394,28.743],[48.38,28.71],[48.387,28.675],[48.366,28.689],[48.38,28.668],[48.353,28.661],[48.352,28.641],[48.387,28.654],[48.397,28.583],[48.433,28.54],[47.668,28.534],[47.66,28.56],[47.582,28.631],[47.55,28.771],[47.494,28.904],[47.434,28.995],[46.532,29.096],[46.712,29.271],[46.853,29.445],[46.958,29.62],[46.989,29.713],[47.11,29.961],[47.145,30.003],[47.358,30.092],[47.674,30.098],[47.731,30.089],[47.948,29.994]]],[[[48.354,29.457],[48.389,29.425],[48.397,29.387],[48.317,29.427],[48.269,29.43],[48.281,29.471],[48.354,29.457]]],[[[48.334,29.679],[48.229,29.6],[48.186,29.604],[48.162,29.63],[48.085,29.768],[48.046,29.8],[48.113,29.839],[48.119,29.874],[48.085,29.88],[48.095,29.895],[48.159,29.879],[48.161,29.902],[48.197,29.925],[48.147,29.935],[48.14,29.97],[48.121,29.981],[48.162,29.996],[48.189,29.984],[48.344,29.791],[48.36,29.754],[48.334,29.679]]],[[[48.109,30.028],[48.031,29.971],[48.011,29.98],[48.055,30.024],[48.109,30.028]]]]}},{"type":"Feature","properties":{"name":"East Timor","iso":"TLS"},"geometry":{"type":"MultiPolygon","coordinates":[[[[124.451,-9.18],[124.428,-9.299],[124.348,-9.375],[124.332,-9.467],[124.31,-9.489],[124.258,-9.501],[124.254,-9.439],[124.211,-9.379],[124.167,-9.381],[124.121,-9.427],[124.09,-9.422],[124.03,-9.342],[124.159,-9.296],[124.221,-9.241],[124.425,-9.182],[124.451,-9.18]]],[[[124.92,-8.962],[125.0,-8.884],[125.0,-9.058],[124.948,-9.079],[124.908,-9.037],[124.92,-8.962]]],[[[124.997,-9.326],[124.966,-9.293],[124.954,-9.242],[124.974,-9.192],[125.0,-9.187],[124.997,-9.326]]]]}},{"type":"Feature","properties":{"name":"Brunei","iso":"BRN"},"geometry":{"type":"MultiPolygon","coordinates":[[[[115.147,4.886],[115.207,4.826],[115.273,4.637],[115.272,4.475],[115.286,4.435],[115.358,4.35],[115.346,4.314],[115.221,4.36],[115.17,4.361],[115.092,4.405],[115.08,4.504],[115.027,4.66],[115.03,4.821],[115.048,4.802],[115.13,4.852],[115.125,4.908],[115.146,4.909],[115.147,4.886]]],[[[114.959,4.866],[114.948,4.819],[114.856,4.807],[114.742,4.729],[114.774,4.637],[114.788,4.461],[114.806,4.433],[114.848,4.424],[114.846,4.395],[114.829,4.34],[114.782,4.285],[114.783,4.264],[114.814,4.277],[114.817,4.26],[114.767,4.132],[114.628,4.017],[114.587,4.021],[114.569,4.064],[114.477,4.145],[114.42,4.26],[114.283,4.265],[114.276,4.289],[114.297,4.317],[114.29,4.361],[114.246,4.481],[114.217,4.488],[114.209,4.508],[114.119,4.562],[113.999,4.601],[114.252,4.593],[114.327,4.607],[114.529,4.694],[114.602,4.78],[114.723,4.876],[114.928,5.001],[115.058,5.054],[115.102,5.05],[115.103,5.037],[115.057,5.013],[115.023,4.934],[114.959,4.866]]]]}},{"type":"Feature","properties":{"name":"Mozambique","iso":"MOZ"},"geometry":{"type":"MultiPolygon","coordinates":[[[[31.986,-24.996],[31.987,-24.423],[31.869,-24.164],[31.85,-23.931],[31.755,-23.858],[31.642,-23.588],[31.528,-23.457],[31.536,-23.157],[31.279,-22.415],[31.434,-22.302],[32.409,-21.29],[32.447,-21.314],[32.372,-21.188],[32.381,-21.165],[32.34,-21.134],[32.491,-20.936],[32.469,-20.687],[32.482,-20.603],[32.513,-20.565],[32.646,-20.558],[32.672,-20.532],[32.736,-20.414],[32.853,-20.274],[32.885,-20.103],[32.927,-20.086],[32.954,-20.03],[33.007,-20.032],[33.002,-19.927],[33.033,-19.784],[32.962,-19.735],[32.961,-19.659],[32.943,-19.649],[32.872,-19.69],[32.82,-19.674],[32.832,-19.501],[32.825,-19.479],[32.763,-19.464],[32.769,-19.364],[32.829,-19.285],[32.862,-19.118],[32.856,-19.084],[32.814,-19.024],[32.699,-19.022],[32.681,-18.955],[32.716,-18.92],[32.697,-18.897],[32.691,-18.834],[32.788,-18.791],[32.885,-18.788],[32.903,-18.775],[32.922,-18.693],[32.872,-18.573],[32.871,-18.536],[32.996,-18.467],[33.003,-18.447],[32.985,-18.412],[33.043,-18.352],[32.955,-18.256],[32.976,-18.183],[32.927,-17.973],[32.952,-17.94],[32.937,-17.875],[32.946,-17.835],[32.999,-17.794],[33.004,-17.676],[33.025,-17.619],[33.007,-17.581],[32.952,-17.551],[32.937,-17.498],[33.016,-17.377],[33.022,-17.346],[32.973,-17.298],[32.954,-17.167],[32.829,-16.935],[32.916,-16.848],[32.969,-16.682],[32.893,-16.712],[32.769,-16.695],[32.731,-16.709],[32.699,-16.687],[32.672,-16.6],[32.29,-16.452],[31.91,-16.429],[31.886,-16.406],[31.872,-16.35],[31.818,-16.32],[31.711,-16.218],[31.519,-16.196],[31.466,-16.168],[31.405,-16.162],[31.295,-16.042],[31.26,-16.023],[31.114,-15.997],[30.99,-16.064],[30.902,-16.007],[30.857,-15.998],[30.403,-16.001],[30.396,-15.636],[30.413,-15.628],[30.365,-15.547],[30.393,-15.481],[30.372,-15.44],[30.358,-15.336],[30.288,-15.279],[30.263,-15.231],[30.226,-15.106],[30.214,-14.981],[30.318,-14.967],[30.486,-14.886],[30.816,-14.768],[31.411,-14.634],[31.658,-14.52],[33.203,-14.014],[33.28,-14.061],[33.291,-14.157],[33.354,-14.225],[33.439,-14.381],[33.596,-14.511],[33.645,-14.602],[33.672,-14.6],[33.684,-14.519],[33.72,-14.49],[33.774,-14.53],[33.802,-14.533],[33.916,-14.481],[34.051,-14.495],[34.078,-14.455],[34.11,-14.441],[34.182,-14.439],[34.344,-14.387],[34.372,-14.402],[34.426,-14.498],[34.518,-14.607],[34.506,-14.7],[34.543,-14.796],[34.551,-14.918],[34.584,-14.984],[34.549,-15.058],[34.569,-15.271],[34.547,-15.323],[34.497,-15.363],[34.48,-15.413],[34.41,-15.481],[34.419,-15.575],[34.404,-15.647],[34.342,-15.731],[34.293,-15.751],[34.247,-15.794],[34.233,-15.89],[34.244,-15.918],[34.304,-15.952],[34.405,-16.06],[34.385,-16.186],[34.426,-16.274],[34.446,-16.293],[34.525,-16.301],[34.575,-16.392],[34.637,-16.451],[34.655,-16.489],[34.732,-16.529],[34.82,-16.628],[34.845,-16.678],[34.894,-16.706],[34.905,-16.741],[34.948,-16.759],[35.005,-16.815],[35.096,-16.817],[35.118,-16.833],[35.125,-16.933],[35.113,-16.96],[35.044,-17.005],[35.037,-17.036],[35.069,-17.084],[35.066,-17.11],[35.134,-17.132],[35.292,-17.129],[35.308,-17.088],[35.299,-17.014],[35.314,-16.982],[35.271,-16.944],[35.285,-16.93],[35.285,-16.871],[35.31,-16.851],[35.285,-16.787],[35.278,-16.701],[35.223,-16.642],[35.174,-16.625],[35.132,-16.538],[35.228,-16.47],[35.239,-16.394],[35.266,-16.356],[35.252,-16.318],[35.259,-16.272],[35.305,-16.202],[35.375,-16.141],[35.436,-16.124],[35.515,-16.171],[35.529,-16.141],[35.687,-16.113],[35.785,-16.042],[35.841,-15.417],[35.784,-15.172],[35.904,-14.887],[35.863,-14.877],[35.847,-14.65],[35.523,-14.263],[35.456,-14.137],[35.084,-13.704],[34.863,-13.516],[34.641,-13.492],[34.545,-13.326],[34.549,-13.159],[34.494,-12.687],[34.354,-12.199],[34.38,-12.104],[34.564,-11.831],[34.604,-11.733],[34.617,-11.578],[35.424,-11.577],[35.441,-11.591],[35.499,-11.582],[35.532,-11.613],[35.533,-11.596],[35.576,-11.605],[35.665,-11.572],[35.703,-11.517],[35.696,-11.495],[35.764,-11.475],[35.826,-11.413],[35.94,-11.434],[35.97,-11.461],[35.97,-11.502],[36.022,-11.506],[36.168,-11.579],[36.179,-11.676],[36.2,-11.702],[36.241,-11.695],[36.279,-11.709],[36.378,-11.681],[36.495,-11.681],[36.509,-11.71],[36.546,-11.729],[36.626,-11.721],[36.738,-11.675],[36.82,-11.574],[36.906,-11.593],[36.998,-11.585],[37.032,-11.565],[37.072,-11.629],[37.142,-11.675],[37.27,-11.698],[37.341,-11.681],[37.378,-11.709],[37.47,-11.719],[37.504,-11.673],[37.573,-11.644],[37.648,-11.636],[37.817,-11.534],[37.818,-11.46],[37.868,-11.328],[37.938,-11.284],[38.109,-11.25],[38.167,-11.284],[38.21,-11.27],[38.257,-11.277],[38.348,-11.359],[38.492,-11.413],[38.654,-11.276],[38.715,-11.256],[38.76,-11.263],[38.896,-11.168],[39.061,-11.16],[39.126,-11.14],[39.238,-11.174],[39.287,-11.154],[39.498,-10.991],[39.786,-10.933],[39.886,-10.864],[40.008,-10.811],[40.161,-10.704],[40.251,-10.611],[40.389,-10.535],[40.437,-10.475],[40.469,-10.473],[40.465,-10.496],[40.484,-10.5],[40.511,-10.478],[40.532,-10.509],[40.499,-10.55],[40.507,-10.566],[40.561,-10.585],[40.578,-10.65],[40.631,-10.663],[40.655,-10.687],[40.57,-10.697],[40.485,-10.762],[40.492,-10.797],[40.513,-10.77],[40.62,-10.841],[40.529,-10.902],[40.496,-10.956],[40.507,-11.037],[40.541,-11.003],[40.566,-11.014],[40.552,-11.074],[40.499,-11.14],[40.507,-11.187],[40.428,-11.253],[40.397,-11.311],[40.349,-11.317],[40.375,-11.359],[40.383,-11.338],[40.437,-11.392],[40.466,-11.385],[40.458,-11.489],[40.423,-11.563],[40.458,-11.605],[40.428,-11.65],[40.449,-11.728],[40.471,-11.751],[40.48,-11.823],[40.492,-11.839],[40.52,-11.839],[40.486,-11.895],[40.537,-11.997],[40.515,-12.032],[40.499,-12.127],[40.525,-12.205],[40.506,-12.243],[40.454,-12.243],[40.451,-12.264],[40.476,-12.258],[40.514,-12.301],[40.51,-12.38],[40.561,-12.387],[40.521,-12.418],[40.478,-12.501],[40.503,-12.521],[40.562,-12.53],[40.565,-12.613],[40.62,-12.645],[40.603,-12.659],[40.586,-12.64],[40.568,-12.65],[40.578,-12.706],[40.609,-12.702],[40.647,-12.766],[40.605,-12.798],[40.568,-12.778],[40.575,-12.805],[40.532,-12.811],[40.554,-12.847],[40.524,-12.909],[40.51,-12.886],[40.484,-12.881],[40.411,-12.942],[40.418,-12.972],[40.483,-13.022],[40.512,-12.999],[40.5,-12.948],[40.589,-12.958],[40.595,-12.976],[40.561,-13.099],[40.575,-13.168],[40.568,-13.243],[40.527,-13.298],[40.53,-13.31],[40.568,-13.285],[40.568,-13.367],[40.588,-13.36],[40.547,-13.432],[40.527,-13.511],[40.595,-13.565],[40.539,-13.636],[40.575,-13.735],[40.591,-13.853],[40.636,-13.943],[40.651,-14.032],[40.634,-14.071],[40.595,-14.085],[40.616,-14.101],[40.619,-14.127],[40.539,-14.164],[40.56,-14.202],[40.554,-14.23],[40.579,-14.207],[40.595,-14.215],[40.602,-14.244],[40.581,-14.257],[40.591,-14.263],[40.623,-14.25],[40.622,-14.221],[40.696,-14.183],[40.721,-14.205],[40.724,-14.25],[40.746,-14.271],[40.732,-14.34],[40.685,-14.367],[40.636,-14.34],[40.657,-14.449],[40.63,-14.45],[40.643,-14.47],[40.623,-14.491],[40.636,-14.504],[40.629,-14.566],[40.665,-14.524],[40.701,-14.432],[40.761,-14.404],[40.801,-14.411],[40.843,-14.464],[40.832,-14.494],[40.773,-14.515],[40.761,-14.535],[40.829,-14.525],[40.811,-14.613],[40.842,-14.662],[40.848,-14.705],[40.832,-14.769],[40.84,-14.798],[40.788,-14.822],[40.726,-14.887],[40.674,-14.902],[40.643,-14.854],[40.654,-14.908],[40.671,-14.922],[40.746,-14.922],[40.774,-14.998],[40.671,-14.977],[40.662,-14.995],[40.712,-15.073],[40.622,-15.098],[40.602,-15.128],[40.547,-15.117],[40.528,-15.131],[40.513,-15.182],[40.581,-15.203],[40.59,-15.173],[40.635,-15.165],[40.66,-15.179],[40.682,-15.233],[40.678,-15.261],[40.657,-15.272],[40.667,-15.299],[40.588,-15.409],[40.573,-15.468],[40.588,-15.478],[40.582,-15.492],[40.533,-15.531],[40.499,-15.525],[40.496,-15.552],[40.426,-15.615],[40.364,-15.715],[40.165,-15.916],[40.122,-15.94],[40.11,-15.972],[40.065,-15.989],[40.072,-16.01],[40.129,-15.964],[40.135,-15.987],[40.105,-16.064],[40.061,-16.108],[39.992,-16.222],[39.875,-16.245],[39.783,-16.302],[39.801,-16.32],[39.808,-16.389],[39.856,-16.43],[39.794,-16.464],[39.786,-16.436],[39.746,-16.443],[39.766,-16.464],[39.729,-16.479],[39.715,-16.515],[39.678,-16.546],[39.204,-16.817],[39.147,-16.877],[39.129,-16.868],[39.118,-16.902],[39.081,-16.916],[39.122,-16.917],[39.116,-16.955],[39.091,-16.984],[38.97,-16.996],[38.875,-17.046],[38.718,-17.06],[38.663,-17.026],[38.685,-17.054],[38.667,-17.075],[38.595,-17.094],[38.6,-17.076],[38.553,-17.122],[38.512,-17.105],[38.505,-17.135],[38.223,-17.244],[38.173,-17.288],[38.138,-17.264],[38.136,-17.196],[38.122,-17.177],[38.129,-17.197],[38.117,-17.202],[38.081,-17.191],[38.13,-17.257],[38.108,-17.273],[38.128,-17.286],[38.04,-17.328],[37.909,-17.355],[37.724,-17.468],[37.717,-17.457],[37.692,-17.467],[37.615,-17.524],[37.581,-17.519],[37.386,-17.655],[37.361,-17.65],[37.334,-17.681],[37.283,-17.691],[37.242,-17.737],[37.189,-17.739],[37.185,-17.776],[37.086,-17.869],[36.984,-18.012],[36.977,-17.985],[36.915,-17.945],[36.908,-17.903],[36.888,-17.881],[36.833,-17.878],[36.82,-17.903],[36.852,-17.883],[36.874,-17.899],[36.907,-18.014],[36.977,-18.047],[36.887,-18.189],[36.811,-18.187],[36.785,-18.232],[36.848,-18.198],[36.766,-18.3],[36.585,-18.479],[36.552,-18.486],[36.538,-18.541],[36.511,-18.527],[36.518,-18.554],[36.473,-18.556],[36.48,-18.576],[36.417,-18.689],[36.402,-18.711],[36.402,-18.689],[36.384,-18.699],[36.372,-18.742],[36.402,-18.739],[36.407,-18.785],[36.359,-18.804],[36.295,-18.78],[36.238,-18.694],[36.264,-18.83],[36.25,-18.863],[36.267,-18.891],[36.147,-18.9],[36.132,-18.886],[36.124,-18.801],[36.01,-18.921],[35.977,-18.925],[35.983,-18.905],[35.969,-18.893],[35.929,-18.965],[35.907,-18.97],[35.874,-18.944],[35.855,-18.951],[35.847,-18.969],[35.874,-18.973],[35.867,-18.988],[35.662,-19.133],[35.641,-19.171],[35.668,-19.171],[35.565,-19.253],[35.586,-19.253],[35.533,-19.315],[35.505,-19.325],[35.442,-19.418],[35.127,-19.705],[35.067,-19.726],[35.013,-19.779],[34.982,-19.801],[34.973,-19.791],[34.88,-19.863],[34.84,-19.844],[34.823,-19.787],[34.706,-19.716],[34.643,-19.644],[34.627,-19.596],[34.569,-19.576],[34.53,-19.616],[34.546,-19.623],[34.582,-19.603],[34.614,-19.612],[34.692,-19.743],[34.735,-19.757],[34.778,-19.815],[34.758,-19.869],[34.735,-19.887],[34.709,-19.884],[34.712,-19.901],[34.743,-19.89],[34.765,-19.903],[34.765,-19.993],[34.749,-20.027],[34.775,-20.152],[34.757,-20.18],[34.706,-20.157],[34.664,-20.167],[34.655,-20.151],[34.671,-20.189],[34.743,-20.226],[34.68,-20.347],[34.703,-20.362],[34.699,-20.373],[34.67,-20.388],[34.64,-20.376],[34.665,-20.428],[34.709,-20.446],[34.716,-20.467],[34.713,-20.497],[34.668,-20.541],[34.74,-20.524],[34.75,-20.56],[34.765,-20.549],[34.833,-20.612],[34.852,-20.671],[34.88,-20.651],[34.894,-20.658],[34.868,-20.694],[34.872,-20.713],[34.908,-20.693],[34.956,-20.696],[34.993,-20.73],[34.997,-20.781],[35.016,-20.775],[35.024,-20.794],[35.003,-20.825],[35.01,-20.843],[35.052,-20.884],[35.038,-20.938],[35.08,-20.914],[35.113,-20.946],[35.108,-20.999],[35.078,-21.0],[35.065,-21.018],[35.086,-21.028],[35.079,-21.085],[35.048,-21.097],[35.025,-21.085],[35.016,-21.111],[35.058,-21.138],[35.059,-21.198],[35.086,-21.213],[35.089,-21.227],[35.048,-21.253],[35.072,-21.268],[35.072,-21.322],[35.097,-21.297],[35.127,-21.179],[35.112,-21.29],[35.12,-21.377],[35.152,-21.454],[35.24,-21.576],[35.271,-21.644],[35.269,-21.774],[35.312,-21.895],[35.336,-22.089],[35.306,-22.389],[35.312,-22.413],[35.36,-22.44],[35.394,-22.488],[35.398,-22.433],[35.428,-22.406],[35.405,-22.369],[35.391,-22.272],[35.415,-22.206],[35.436,-22.243],[35.449,-22.227],[35.415,-22.179],[35.441,-22.12],[35.477,-22.091],[35.501,-22.106],[35.517,-22.31],[35.551,-22.179],[35.542,-22.41],[35.493,-22.565],[35.489,-22.69],[35.538,-22.947],[35.551,-22.92],[35.585,-22.927],[35.586,-22.906],[35.606,-22.915],[35.479,-23.177],[35.489,-23.275],[35.424,-23.481],[35.406,-23.717],[35.39,-23.748],[35.382,-23.678],[35.34,-23.676],[35.367,-23.728],[35.332,-23.965],[35.388,-23.913],[35.372,-23.878],[35.38,-23.844],[35.466,-23.88],[35.476,-23.782],[35.527,-23.803],[35.543,-23.863],[35.486,-24.036],[35.493,-24.111],[35.304,-24.376],[35.191,-24.489],[35.181,-24.531],[35.106,-24.598],[34.649,-24.813],[34.483,-24.851],[34.041,-25.0],[31.986,-24.996]],[[34.681,-12.009],[34.656,-12.097],[34.669,-12.118],[34.712,-12.121],[34.748,-12.09],[34.762,-12.04],[34.738,-12.009],[34.681,-12.009]],[[34.542,-11.995],[34.596,-12.072],[34.632,-12.052],[34.641,-12.018],[34.627,-11.987],[34.598,-11.971],[34.542,-11.995]]],[[[35.481,-21.53],[35.495,-21.546],[35.491,-21.642],[35.455,-21.781],[35.435,-21.783],[35.438,-21.673],[35.481,-21.53]]],[[[39.944,-16.279],[39.942,-16.322],[39.915,-16.349],[39.903,-16.41],[39.878,-16.417],[39.832,-16.391],[39.818,-16.356],[39.832,-16.3],[39.944,-16.279]]]]}},{"type":"Feature","properties":{"name":"Burundi","iso":"BDI"},"geometry":{"type":"Polygon","coordinates":[[[30.555,-2.401],[30.412,-2.67],[30.443,-2.681],[30.523,-2.649],[30.451,-2.742],[30.416,-2.852],[30.474,-2.903],[30.488,-2.944],[30.539,-2.899],[30.63,-2.948],[30.638,-2.974],[30.684,-2.97],[30.732,-2.993],[30.825,-2.979],[30.778,-3.047],[30.833,-3.148],[30.809,-3.217],[30.815,-3.248],[30.776,-3.291],[30.721,-3.281],[30.712,-3.302],[30.641,-3.333],[30.603,-3.373],[30.64,-3.393],[30.639,-3.419],[30.507,-3.511],[30.469,-3.513],[30.432,-3.552],[30.429,-3.602],[30.373,-3.704],[30.382,-3.788],[30.337,-3.774],[30.312,-3.79],[30.209,-3.93],[30.15,-4.087],[30.051,-4.18],[30.003,-4.272],[29.847,-4.371],[29.784,-4.374],[29.733,-4.463],[29.638,-4.447],[29.404,-4.45],[29.373,-4.208],[29.339,-4.093],[29.215,-3.9],[29.207,-3.782],[29.225,-3.589],[29.207,-3.335],[29.213,-3.292],[29.241,-3.266],[29.217,-3.233],[29.214,-3.166],[29.242,-3.111],[29.235,-3.047],[29.212,-3.021],[29.157,-3.005],[29.138,-2.95],[29.09,-2.926],[29.049,-2.827],[28.995,-2.814],[28.987,-2.797],[28.996,-2.758],[29.029,-2.745],[29.015,-2.721],[29.033,-2.621],[29.055,-2.598],[29.113,-2.595],[29.294,-2.651],[29.338,-2.724],[29.318,-2.763],[29.34,-2.826],[29.425,-2.803],[29.504,-2.827],[29.619,-2.788],[29.698,-2.808],[29.73,-2.8],[29.745,-2.76],[29.803,-2.767],[29.842,-2.752],[29.888,-2.693],[29.93,-2.46],[29.932,-2.317],[30.013,-2.348],[30.117,-2.432],[30.156,-2.419],[30.207,-2.339],[30.263,-2.358],[30.298,-2.354],[30.379,-2.303],[30.418,-2.312],[30.488,-2.384],[30.555,-2.401]]]}},{"type":"Feature","properties":{"name":"Rwanda","iso":"RWA"},"geometry":{"type":"Polygon","coordinates":[[[29.015,-2.721],[28.936,-2.685],[28.891,-2.653],[28.898,-2.576],[28.857,-2.518],[28.878,-2.49],[28.861,-2.44],[28.866,-2.392],[28.945,-2.354],[28.994,-2.278],[29.075,-2.264],[29.135,-2.198],[29.156,-2.109],[29.131,-1.843],[29.233,-1.659],[29.304,-1.588],[29.343,-1.517],[29.437,-1.506],[29.539,-1.402],[29.658,-1.384],[29.735,-1.348],[29.775,-1.366],[29.816,-1.323],[29.864,-1.37],[29.881,-1.454],[29.917,-1.475],[29.96,-1.465],[30.147,-1.345],[30.166,-1.277],[30.212,-1.26],[30.27,-1.2],[30.288,-1.155],[30.317,-1.137],[30.337,-1.066],[30.472,-1.067],[30.453,-1.097],[30.471,-1.118],[30.467,-1.155],[30.511,-1.17],[30.555,-1.273],[30.555,-1.318],[30.632,-1.368],[30.738,-1.407],[30.739,-1.489],[30.792,-1.591],[30.807,-1.603],[30.831,-1.594],[30.838,-1.615],[30.824,-1.731],[30.838,-1.837],[30.817,-1.884],[30.824,-1.902],[30.797,-1.929],[30.827,-1.934],[30.817,-2.019],[30.853,-2.024],[30.888,-2.083],[30.853,-2.194],[30.834,-2.345],[30.759,-2.381],[30.688,-2.35],[30.638,-2.397],[30.522,-2.399],[30.434,-2.339],[30.418,-2.312],[30.379,-2.303],[30.298,-2.354],[30.263,-2.358],[30.207,-2.339],[30.156,-2.419],[30.117,-2.432],[30.013,-2.348],[29.932,-2.317],[29.93,-2.46],[29.908,-2.535],[29.898,-2.671],[29.842,-2.752],[29.803,-2.767],[29.745,-2.76],[29.72,-2.805],[29.619,-2.788],[29.504,-2.827],[29.425,-2.803],[29.34,-2.826],[29.318,-2.763],[29.338,-2.724],[29.31,-2.691],[29.307,-2.66],[29.113,-2.595],[29.055,-2.598],[29.033,-2.621],[29.015,-2.721]]]}},{"type":"Feature","properties":{"name":"Myanmar","iso":"MMR"},"geometry":{"type":"MultiPolygon","coordinates":[[[[92.584,21.98],[92.651,22.019],[92.684,22.154],[92.836,22.047],[92.877,21.957],[92.906,22.017],[92.921,22.022],[92.968,21.987],[92.98,22.002],[92.967,22.063],[92.985,22.096],[93.025,22.113],[93.025,22.202],[93.142,22.187],[93.124,22.231],[93.174,22.259],[93.166,22.387],[93.099,22.512],[93.111,22.596],[93.074,22.672],[93.08,22.773],[93.116,22.798],[93.176,22.882],[93.138,23.005],[93.152,23.05],[93.197,23.054],[93.247,23.004],[93.273,23.006],[93.318,23.034],[93.375,23.13],[93.378,23.297],[93.407,23.347],[93.4,23.454],[93.432,23.647],[93.426,23.691],[93.375,23.739],[93.356,23.907],[93.303,23.995],[93.303,24.041],[93.322,24.08],[93.368,24.078],[93.457,23.96],[93.543,23.981],[93.571,23.968],[93.612,24.009],[93.711,24.005],[93.743,23.995],[93.804,23.936],[93.912,23.939],[94.055,23.888],[94.1,23.843],[94.132,23.857],[94.135,23.919],[94.19,23.995],[94.295,24.333],[94.331,24.363],[94.329,24.394],[94.361,24.425],[94.364,24.466],[94.397,24.495],[94.418,24.56],[94.475,24.597],[94.516,24.705],[94.556,24.709],[94.582,24.73],[94.599,24.813],[94.655,24.889],[94.674,24.975],[94.709,25.026],[94.707,25.11],[94.689,25.139],[94.577,25.174],[94.553,25.204],[94.55,25.245],[94.608,25.395],[94.659,25.456],[94.764,25.492],[94.822,25.559],[94.86,25.567],[94.853,25.586],[94.961,25.718],[95.009,25.737],[95.001,25.922],[95.066,25.954],[95.151,26.05],[95.137,26.083],[95.088,26.104],[95.078,26.171],[95.094,26.195],[95.059,26.218],[95.042,26.288],[95.066,26.407],[95.041,26.476],[95.11,26.551],[95.123,26.612],[95.173,26.634],[95.205,26.668],[95.261,26.648],[95.411,26.702],[95.49,26.811],[95.575,26.816],[95.624,26.881],[95.699,26.896],[95.778,26.995],[95.861,27.014],[95.916,27.051],[96.013,27.191],[96.143,27.258],[96.408,27.298],[96.511,27.292],[96.547,27.306],[96.587,27.354],[96.649,27.336],[96.705,27.361],[96.776,27.331],[96.854,27.249],[96.843,27.189],[96.865,27.172],[97.038,27.087],[97.119,27.087],[97.135,27.127],[97.104,27.156],[97.101,27.183],[96.881,27.444],[96.89,27.492],[96.862,27.578],[96.87,27.619],[96.991,27.727],[97.057,27.747],[97.065,27.774],[97.223,27.9],[97.276,27.91],[97.293,27.878],[97.334,27.894],[97.362,27.995],[97.355,28.023],[97.293,28.095],[97.329,28.19],[97.323,28.217],[97.37,28.253],[97.384,28.285],[97.448,28.298],[97.445,28.383],[97.528,28.53],[97.546,28.538],[97.614,28.482],[97.67,28.511],[97.7,28.488],[97.765,28.352],[97.797,28.344],[97.859,28.37],[97.898,28.355],[97.945,28.299],[97.993,28.269],[97.991,28.214],[98.049,28.2],[98.127,28.124],[98.107,27.973],[98.177,27.913],[98.177,27.898],[98.14,27.879],[98.197,27.823],[98.204,27.727],[98.254,27.648],[98.295,27.537],[98.329,27.523],[98.364,27.532],[98.383,27.556],[98.41,27.684],[98.492,27.643],[98.522,27.656],[98.578,27.592],[98.647,27.612],[98.679,27.577],[98.674,27.387],[98.708,27.337],[98.673,27.176],[98.691,27.092],[98.731,27.069],[98.738,27.049],[98.713,26.995],[98.736,26.898],[98.715,26.862],[98.75,26.792],[98.732,26.714],[98.756,26.625],[98.721,26.539],[98.713,26.389],[98.658,26.312],[98.642,26.255],[98.677,26.239],[98.706,26.175],[98.681,26.125],[98.644,26.098],[98.624,26.108],[98.619,26.146],[98.563,26.131],[98.546,26.106],[98.582,25.982],[98.616,25.979],[98.692,25.879],[98.678,25.843],[98.61,25.801],[98.527,25.839],[98.498,25.831],[98.461,25.795],[98.333,25.567],[98.277,25.552],[98.232,25.587],[98.14,25.611],[98.134,25.535],[98.1,25.5],[98.112,25.396],[98.076,25.376],[98.045,25.312],[97.976,25.272],[97.91,25.208],[97.889,25.206],[97.86,25.244],[97.824,25.262],[97.801,25.238],[97.754,25.114],[97.7,25.065],[97.708,24.927],[97.773,24.855],[97.765,24.835],[97.664,24.83],[97.536,24.745],[97.533,24.723],[97.539,24.597],[97.513,24.439],[97.647,24.432],[97.69,24.346],[97.638,24.328],[97.645,24.302],[97.718,24.278],[97.724,24.242],[97.702,24.211],[97.72,24.147],[97.516,23.943],[97.61,23.883],[97.625,23.847],[97.768,23.946],[97.818,23.958],[97.89,24.023],[98.105,24.102],[98.182,24.119],[98.331,24.099],[98.435,24.13],[98.503,24.121],[98.585,24.076],[98.716,24.121],[98.866,24.146],[98.873,24.114],[98.856,24.084],[98.659,23.961],[98.675,23.937],[98.664,23.797],[98.793,23.758],[98.8,23.693],[98.856,23.61],[98.781,23.533],[98.8,23.481],[98.849,23.48],[98.864,23.467],[98.89,23.407],[98.89,23.368],[98.853,23.325],[98.897,23.323],[98.911,23.298],[98.86,23.212],[98.859,23.179],[99.026,23.16],[99.055,23.11],[99.194,23.096],[99.217,23.057],[99.334,23.13],[99.403,23.068],[99.493,23.057],[99.49,23.012],[99.538,22.926],[99.515,22.909],[99.413,22.931],[99.414,22.857],[99.359,22.775],[99.308,22.745],[99.355,22.609],[99.344,22.533],[99.358,22.495],[99.283,22.412],[99.243,22.393],[99.244,22.341],[99.159,22.185],[99.175,22.169],[99.144,22.154],[99.166,22.132],[99.253,22.103],[99.365,22.099],[99.439,22.124],[99.49,22.104],[99.539,22.107],[99.634,22.085],[99.684,22.039],[99.724,22.071],[99.821,22.018],[99.842,22.027],[99.848,22.055],[99.942,22.046],[99.934,22.019],[99.966,21.963],[99.918,21.829],[99.95,21.721],[99.997,21.686],[100.082,21.684],[100.143,21.655],[100.144,21.64],[100.095,21.599],[100.09,21.529],[100.162,21.436],[100.187,21.428],[100.29,21.483],[100.342,21.53],[100.399,21.519],[100.457,21.455],[100.622,21.469],[100.704,21.516],[100.835,21.658],[100.993,21.711],[101.083,21.767],[101.119,21.76],[101.128,21.695],[101.161,21.658],[101.174,21.612],[101.154,21.568],[101.157,21.52],[101.003,21.406],[100.815,21.3],[100.725,21.312],[100.689,21.159],[100.626,21.054],[100.543,21.027],[100.557,20.992],[100.529,20.968],[100.518,20.906],[100.516,20.886],[100.534,20.874],[100.623,20.889],[100.652,20.877],[100.537,20.808],[100.365,20.828],[100.211,20.697],[100.149,20.548],[100.099,20.318],[100.036,20.373],[99.986,20.387],[99.937,20.445],[99.838,20.417],[99.787,20.334],[99.652,20.307],[99.503,20.345],[99.44,20.382],[99.421,20.376],[99.466,20.322],[99.486,20.245],[99.526,20.196],[99.51,20.154],[99.441,20.102],[99.296,20.062],[99.178,20.122],[99.073,20.101],[99.017,20.041],[99.001,19.821],[98.974,19.788],[98.899,19.749],[98.884,19.745],[98.852,19.784],[98.808,19.807],[98.749,19.763],[98.624,19.738],[98.533,19.676],[98.489,19.707],[98.44,19.688],[98.307,19.69],[98.238,19.665],[98.219,19.677],[98.213,19.718],[98.111,19.777],[98.073,19.777],[98.046,19.808],[98.025,19.803],[98.005,19.724],[98.008,19.639],[97.886,19.573],[97.849,19.568],[97.842,19.479],[97.767,19.398],[97.806,19.301],[97.798,19.281],[97.764,19.266],[97.813,19.208],[97.811,19.112],[97.728,19.037],[97.703,18.964],[97.658,18.926],[97.723,18.852],[97.76,18.623],[97.746,18.571],[97.618,18.553],[97.51,18.491],[97.427,18.49],[97.389,18.542],[97.351,18.551],[97.443,18.403],[97.453,18.334],[97.486,18.292],[97.528,18.265],[97.574,18.333],[97.638,18.306],[97.643,18.273],[97.618,18.242],[97.684,18.146],[97.694,18.062],[97.72,18.053],[97.754,17.969],[97.72,17.943],[97.686,17.881],[97.699,17.833],[97.676,17.83],[97.75,17.74],[97.759,17.691],[97.934,17.532],[97.983,17.505],[98.035,17.405],[98.089,17.373],[98.093,17.312],[98.279,17.137],[98.268,17.108],[98.294,17.108],[98.286,17.087],[98.3,17.065],[98.418,17.029],[98.475,16.95],[98.484,16.906],[98.509,16.893],[98.525,16.85],[98.501,16.862],[98.49,16.843],[98.518,16.803],[98.475,16.777],[98.457,16.723],[98.486,16.701],[98.512,16.643],[98.562,16.602],[98.564,16.552],[98.632,16.463],[98.629,16.403],[98.663,16.287],[98.682,16.273],[98.789,16.375],[98.819,16.456],[98.84,16.472],[98.843,16.438],[98.903,16.382],[98.884,16.259],[98.843,16.209],[98.835,16.145],[98.807,16.111],[98.783,16.102],[98.758,16.119],[98.68,16.126],[98.659,16.116],[98.619,16.051],[98.547,16.047],[98.584,15.977],[98.569,15.92],[98.574,15.836],[98.54,15.712],[98.567,15.453],[98.56,15.355],[98.534,15.326],[98.515,15.363],[98.475,15.383],[98.403,15.36],[98.399,15.322],[98.377,15.296],[98.395,15.28],[98.385,15.256],[98.283,15.29],[98.233,15.227],[98.177,15.221],[98.191,15.179],[98.16,15.106],[98.199,15.051],[98.191,14.988],[98.222,14.921],[98.243,14.805],[98.297,14.721],[98.418,14.608],[98.548,14.378],[98.601,14.314],[98.67,14.268],[98.707,14.27],[98.754,14.2],[98.872,14.112],[98.935,14.085],[98.953,14.028],[99.007,13.95],[99.09,13.87],[99.101,13.779],[99.153,13.715],[99.152,13.582],[99.188,13.427],[99.187,13.329],[99.173,13.301],[99.19,13.23],[99.173,13.2],[99.114,13.188],[99.102,13.171],[99.093,13.038],[99.165,12.976],[99.153,12.914],[99.175,12.833],[99.211,12.792],[99.224,12.717],[99.267,12.703],[99.277,12.666],[99.403,12.576],[99.404,12.508],[99.387,12.466],[99.474,12.187],[99.452,12.129],[99.542,12.141],[99.518,12.026],[99.574,11.976],[99.561,11.873],[99.63,11.816],[99.607,11.726],[99.543,11.64],[99.45,11.614],[99.428,11.497],[99.387,11.452],[99.364,11.377],[99.243,11.198],[99.213,11.108],[99.077,10.997],[99.055,10.945],[99.006,10.959],[98.992,10.948],[98.98,10.908],[98.99,10.86],[98.974,10.824],[98.892,10.809],[98.868,10.77],[98.83,10.764],[98.767,10.689],[98.748,10.623],[98.777,10.583],[98.79,10.5],[98.747,10.351],[98.719,10.313],[98.696,10.224],[98.543,9.987],[98.521,10.029],[98.514,10.147],[98.49,10.198],[98.528,10.364],[98.494,10.452],[98.495,10.557],[98.463,10.63],[98.459,10.715],[98.464,10.729],[98.498,10.732],[98.528,10.693],[98.538,10.719],[98.521,10.741],[98.544,10.745],[98.563,10.727],[98.6,10.805],[98.597,10.837],[98.631,10.851],[98.586,10.861],[98.582,10.882],[98.648,10.919],[98.673,10.905],[98.712,10.924],[98.72,10.981],[98.693,11.008],[98.722,11.045],[98.707,11.098],[98.676,11.101],[98.658,11.132],[98.724,11.156],[98.759,11.269],[98.722,11.35],[98.727,11.385],[98.698,11.388],[98.715,11.443],[98.775,11.454],[98.754,11.522],[98.729,11.518],[98.718,11.532],[98.736,11.642],[98.752,11.682],[98.817,11.677],[98.823,11.708],[98.892,11.694],[98.877,11.723],[98.805,11.737],[98.783,11.755],[98.826,11.826],[98.809,11.851],[98.816,11.834],[98.768,11.762],[98.744,11.763],[98.712,11.737],[98.703,11.697],[98.674,11.685],[98.61,11.731],[98.606,11.769],[98.632,11.793],[98.604,11.804],[98.624,11.83],[98.651,11.83],[98.681,11.877],[98.707,11.879],[98.694,11.893],[98.549,11.879],[98.578,11.907],[98.664,11.92],[98.691,11.954],[98.72,11.964],[98.721,11.998],[98.703,12.048],[98.713,12.064],[98.665,12.06],[98.634,12.09],[98.63,12.132],[98.71,12.204],[98.703,12.238],[98.663,12.237],[98.597,12.194],[98.563,12.208],[98.539,12.242],[98.568,12.291],[98.677,12.315],[98.707,12.348],[98.605,12.429],[98.616,12.486],[98.701,12.499],[98.71,12.512],[98.64,12.532],[98.623,12.558],[98.651,12.622],[98.673,12.625],[98.668,12.675],[98.693,12.725],[98.648,12.723],[98.645,12.742],[98.679,12.756],[98.618,12.766],[98.651,12.797],[98.634,12.879],[98.59,12.92],[98.614,12.954],[98.584,13.027],[98.578,13.187],[98.5,13.249],[98.49,13.298],[98.48,13.284],[98.46,13.356],[98.473,13.413],[98.453,13.379],[98.445,13.424],[98.419,13.455],[98.426,13.49],[98.336,13.599],[98.288,13.695],[98.302,13.701],[98.245,13.714],[98.254,13.852],[98.234,13.917],[98.234,14.003],[98.192,14.065],[98.179,14.02],[98.199,13.993],[98.198,13.965],[98.18,13.925],[98.199,13.869],[98.179,13.732],[98.196,13.668],[98.168,13.584],[98.187,13.544],[98.171,13.538],[98.151,13.558],[98.144,13.537],[98.13,13.582],[98.151,13.606],[98.137,13.627],[98.158,13.642],[98.151,13.674],[98.169,13.681],[98.103,13.701],[98.117,13.729],[98.092,13.74],[98.083,13.77],[98.089,13.795],[98.11,13.79],[98.111,13.902],[98.082,13.924],[98.062,14.01],[98.108,14.11],[98.096,14.168],[98.11,14.168],[98.042,14.243],[97.993,14.331],[97.98,14.397],[98.0,14.469],[97.966,14.448],[97.914,14.587],[97.925,14.613],[97.886,14.656],[97.886,14.684],[97.904,14.709],[97.943,14.72],[97.992,14.664],[98.028,14.648],[97.982,14.715],[98.0,14.722],[97.965,14.747],[97.973,14.764],[97.95,14.799],[97.931,14.752],[97.897,14.798],[97.902,14.738],[97.875,14.717],[97.85,14.724],[97.795,14.88],[97.813,14.983],[97.774,15.017],[97.808,15.031],[97.795,15.058],[97.823,15.209],[97.769,15.223],[97.726,15.34],[97.761,15.394],[97.795,15.408],[97.761,15.491],[97.774,15.531],[97.743,15.604],[97.744,15.665],[97.726,15.701],[97.734,15.726],[97.713,15.757],[97.727,15.843],[97.706,15.86],[97.712,15.888],[97.691,15.912],[97.576,16.017],[97.569,16.062],[97.62,16.125],[97.651,16.271],[97.623,16.394],[97.637,16.477],[97.674,16.533],[97.74,16.559],[97.713,16.58],[97.63,16.532],[97.423,16.523],[97.37,16.484],[97.33,16.68],[97.311,16.652],[97.286,16.659],[97.255,16.698],[97.23,16.769],[97.24,16.875],[97.219,16.826],[97.205,16.86],[97.219,16.901],[97.192,16.901],[97.183,16.922],[97.198,17.013],[97.157,17.087],[97.174,17.112],[97.234,17.095],[97.261,17.107],[97.203,17.132],[97.158,17.129],[97.131,17.079],[97.1,17.134],[97.11,17.189],[97.089,17.194],[97.069,17.251],[97.007,17.278],[97.013,17.299],[96.896,17.385],[96.883,17.457],[96.856,17.388],[96.842,17.409],[96.822,17.395],[96.911,17.317],[96.911,17.285],[96.849,17.213],[96.856,17.169],[96.91,17.067],[96.911,17.025],[96.879,16.935],[96.835,16.936],[96.856,16.901],[96.808,16.909],[96.844,16.874],[96.847,16.845],[96.811,16.765],[96.789,16.756],[96.801,16.737],[96.716,16.658],[96.679,16.575],[96.616,16.518],[96.436,16.478],[96.357,16.518],[96.266,16.597],[96.226,16.761],[96.287,16.813],[96.258,16.816],[96.207,16.777],[96.171,16.772],[96.241,16.65],[96.235,16.576],[96.336,16.439],[96.321,16.415],[96.285,16.366],[96.119,16.322],[96.077,16.361],[96.007,16.387],[96.067,16.336],[96.068,16.31],[95.98,16.223],[95.942,16.219],[95.951,16.258],[95.908,16.212],[95.883,16.209],[95.89,16.244],[95.798,16.145],[95.756,16.145],[95.725,16.223],[95.732,16.127],[95.697,16.066],[95.687,15.988],[95.665,15.949],[95.523,15.804],[95.416,15.723],[95.311,15.723],[95.288,15.74],[95.283,15.838],[95.313,15.867],[95.314,15.901],[95.339,15.922],[95.364,15.985],[95.368,16.039],[95.345,16.105],[95.362,16.148],[95.327,16.107],[95.349,16.042],[95.342,15.984],[95.297,15.903],[95.252,15.868],[95.239,15.894],[95.276,15.971],[95.273,16.004],[95.224,15.919],[95.213,15.787],[95.174,15.778],[95.126,15.818],[95.115,15.894],[95.138,16.007],[95.129,16.039],[95.108,15.984],[95.098,16.025],[95.138,16.1],[95.226,16.12],[95.184,16.141],[95.149,16.132],[95.136,16.148],[95.071,16.075],[95.073,15.971],[95.055,15.846],[95.034,15.806],[94.998,15.795],[94.976,15.764],[94.847,15.791],[94.896,15.847],[94.883,15.867],[94.853,15.84],[94.835,15.949],[94.863,15.992],[94.921,16.019],[94.924,16.039],[94.889,16.017],[94.863,16.128],[94.9,16.184],[94.959,16.201],[94.992,16.251],[94.967,16.22],[94.893,16.206],[94.855,16.16],[94.848,16.097],[94.869,16.041],[94.846,16.0],[94.787,15.962],[94.721,15.857],[94.659,15.854],[94.636,15.908],[94.622,15.892],[94.601,15.921],[94.703,15.982],[94.732,16.017],[94.742,16.067],[94.794,16.162],[94.766,16.139],[94.705,16.021],[94.615,15.944],[94.567,15.935],[94.562,15.962],[94.642,16.045],[94.679,16.121],[94.684,16.209],[94.665,16.258],[94.705,16.353],[94.732,16.361],[94.706,16.473],[94.732,16.525],[94.697,16.508],[94.677,16.532],[94.684,16.364],[94.628,16.26],[94.584,16.237],[94.636,16.326],[94.63,16.344],[94.584,16.275],[94.521,16.295],[94.507,16.19],[94.428,16.074],[94.361,16.049],[94.34,15.996],[94.287,15.998],[94.251,15.968],[94.24,15.976],[94.21,16.029],[94.215,16.158],[94.238,16.273],[94.235,16.348],[94.259,16.387],[94.273,16.466],[94.268,16.527],[94.273,16.538],[94.331,16.529],[94.341,16.548],[94.346,16.592],[94.328,16.606],[94.362,16.635],[94.364,16.701],[94.403,16.788],[94.382,16.901],[94.423,16.901],[94.465,16.95],[94.444,16.95],[94.458,17.06],[94.489,17.124],[94.486,17.141],[94.458,17.154],[94.454,17.18],[94.465,17.189],[94.511,17.169],[94.538,17.187],[94.509,17.23],[94.512,17.275],[94.545,17.296],[94.546,17.32],[94.594,17.292],[94.577,17.358],[94.57,17.505],[94.554,17.544],[94.56,17.582],[94.615,17.546],[94.591,17.593],[94.595,17.615],[94.563,17.662],[94.544,17.748],[94.502,17.787],[94.483,17.902],[94.444,17.988],[94.492,18.026],[94.491,18.072],[94.423,18.242],[94.328,18.259],[94.331,18.303],[94.389,18.286],[94.417,18.314],[94.39,18.363],[94.351,18.375],[94.331,18.426],[94.259,18.509],[94.245,18.539],[94.262,18.545],[94.249,18.639],[94.149,18.731],[94.212,18.726],[94.279,18.739],[94.252,18.752],[94.212,18.742],[94.153,18.821],[94.149,18.868],[94.135,18.82],[94.12,18.817],[94.038,18.859],[94.037,18.918],[94.053,18.937],[94.041,18.998],[94.066,19.043],[94.06,19.064],[94.094,19.087],[94.047,19.081],[94.029,19.095],[94.033,19.169],[94.053,19.221],[94.046,19.305],[94.07,19.351],[94.067,19.389],[94.025,19.287],[94.033,19.205],[93.973,19.146],[93.947,19.16],[93.937,19.205],[93.925,19.21],[93.91,19.191],[93.955,19.127],[93.952,19.032],[93.984,18.968],[93.974,18.923],[93.937,18.889],[93.944,18.868],[93.93,18.859],[93.814,18.944],[93.735,18.981],[93.704,19.018],[93.679,19.02],[93.642,19.134],[93.594,19.177],[93.487,19.334],[93.491,19.408],[93.553,19.431],[93.568,19.407],[93.611,19.403],[93.637,19.349],[93.621,19.334],[93.718,19.293],[93.723,19.268],[93.755,19.247],[93.834,19.238],[93.93,19.3],[93.987,19.387],[93.984,19.464],[93.924,19.462],[93.919,19.484],[93.937,19.492],[93.882,19.502],[93.731,19.633],[93.756,19.661],[93.8,19.656],[93.794,19.674],[93.827,19.719],[93.807,19.746],[93.784,19.691],[93.761,19.675],[93.721,19.685],[93.709,19.714],[93.719,19.744],[93.752,19.766],[93.722,19.769],[93.694,19.725],[93.648,19.725],[93.636,19.76],[93.601,19.719],[93.606,19.796],[93.661,19.871],[93.738,19.882],[93.726,19.906],[93.74,19.925],[93.718,19.938],[93.708,19.917],[93.611,19.91],[93.581,19.881],[93.547,19.903],[93.566,19.917],[93.518,19.94],[93.532,19.951],[93.512,19.97],[93.532,19.985],[93.526,19.999],[93.492,19.965],[93.47,19.985],[93.457,19.954],[93.423,19.965],[93.382,20.089],[93.362,20.026],[93.341,20.102],[93.313,20.065],[93.272,20.048],[93.19,20.064],[93.176,20.054],[93.128,20.095],[93.176,19.958],[93.236,19.847],[93.238,19.821],[93.201,19.863],[93.148,19.994],[93.132,20.007],[93.109,19.994],[93.106,19.931],[93.135,19.848],[93.169,19.807],[93.125,19.847],[93.038,20.013],[92.981,20.078],[92.97,20.129],[93.042,20.129],[93.08,20.17],[93.094,20.15],[93.121,20.212],[93.089,20.21],[93.019,20.15],[92.99,20.155],[93.001,20.239],[93.041,20.332],[93.091,20.381],[93.1,20.431],[93.06,20.362],[93.043,20.365],[93.031,20.41],[93.086,20.533],[93.073,20.555],[93.023,20.453],[93.016,20.325],[92.898,20.136],[92.868,20.122],[92.772,20.201],[92.778,20.232],[92.864,20.301],[92.943,20.321],[92.893,20.33],[92.847,20.377],[92.827,20.495],[92.793,20.506],[92.797,20.484],[92.769,20.455],[92.759,20.472],[92.779,20.478],[92.751,20.499],[92.721,20.592],[92.635,20.698],[92.708,20.579],[92.737,20.445],[92.731,20.259],[92.653,20.418],[92.54,20.528],[92.507,20.609],[92.454,20.669],[92.381,20.7],[92.281,20.959],[92.271,21.049],[92.181,21.158],[92.178,21.3],[92.236,21.417],[92.285,21.419],[92.323,21.462],[92.355,21.452],[92.4,21.371],[92.525,21.361],[92.571,21.247],[92.634,21.282],[92.639,21.319],[92.59,21.496],[92.576,21.734],[92.593,21.887],[92.584,21.98]]],[[[98.038,9.791],[98.008,9.807],[98.03,9.833],[98.057,9.814],[98.057,9.797],[98.038,9.791]]],[[[98.222,10.498],[98.193,10.482],[98.185,10.501],[98.202,10.524],[98.234,10.529],[98.222,10.498]]],[[[98.43,10.978],[98.451,11.002],[98.44,10.966],[98.43,10.978]]],[[[97.465,11.782],[97.444,11.8],[97.48,11.778],[97.465,11.782]]],[[[97.835,12.793],[97.853,12.807],[97.864,12.767],[97.837,12.772],[97.835,12.793]]],[[[98.28,10.051],[98.288,10.008],[98.269,10.003],[98.244,9.96],[98.179,9.933],[98.133,9.846],[98.117,9.882],[98.127,9.96],[98.235,10.054],[98.296,10.056],[98.28,10.051]]],[[[98.186,10.042],[98.172,10.148],[98.179,10.193],[98.24,10.172],[98.234,10.144],[98.201,10.118],[98.186,10.042]]],[[[97.903,10.479],[97.925,10.474],[97.944,10.444],[97.918,10.433],[97.932,10.412],[97.91,10.402],[97.889,10.42],[97.904,10.439],[97.896,10.488],[97.911,10.495],[97.903,10.479]]],[[[98.494,10.891],[98.553,10.833],[98.542,10.796],[98.51,10.787],[98.504,10.806],[98.528,10.82],[98.5,10.823],[98.491,10.881],[98.494,10.891]]],[[[97.896,10.913],[97.952,10.919],[97.928,10.872],[97.884,10.845],[97.896,10.913]]],[[[98.271,10.819],[98.276,10.784],[98.296,10.782],[98.283,10.757],[98.296,10.735],[98.251,10.693],[98.232,10.708],[98.234,10.741],[98.256,10.746],[98.234,10.768],[98.24,10.831],[98.199,10.882],[98.179,10.899],[98.172,10.885],[98.165,10.919],[98.147,10.925],[98.1,10.882],[98.077,10.888],[98.131,10.946],[98.141,10.977],[98.172,10.979],[98.216,10.945],[98.232,10.87],[98.271,10.819]]],[[[98.519,10.971],[98.508,10.946],[98.477,10.974],[98.514,11.036],[98.525,11.087],[98.545,11.031],[98.542,10.954],[98.519,10.971]]],[[[98.281,11.246],[98.302,11.241],[98.247,11.215],[98.22,11.269],[98.281,11.276],[98.281,11.246]]],[[[98.292,11.799],[98.323,11.731],[98.302,11.714],[98.275,11.481],[98.268,11.488],[98.261,11.468],[98.234,11.502],[98.227,11.474],[98.202,11.466],[98.22,11.454],[98.177,11.449],[98.165,11.474],[98.199,11.488],[98.188,11.535],[98.213,11.553],[98.199,11.58],[98.24,11.625],[98.238,11.687],[98.278,11.8],[98.292,11.799]]],[[[98.544,11.799],[98.556,11.728],[98.549,11.622],[98.528,11.58],[98.535,11.529],[98.459,11.584],[98.432,11.567],[98.432,11.605],[98.416,11.604],[98.419,11.632],[98.379,11.691],[98.406,11.708],[98.38,11.751],[98.413,11.773],[98.371,11.789],[98.453,11.789],[98.445,11.804],[98.544,11.799]]],[[[98.082,11.735],[98.062,11.673],[98.09,11.632],[98.012,11.705],[98.028,11.717],[98.022,11.756],[98.007,11.762],[98.0,11.842],[98.014,11.865],[98.014,11.817],[98.052,11.776],[98.058,11.729],[98.082,11.735]]],[[[97.664,11.906],[97.667,11.863],[97.672,11.838],[97.651,11.845],[97.643,11.868],[97.664,11.906]]],[[[98.254,11.858],[98.265,11.909],[98.285,11.896],[98.274,11.853],[98.254,11.858]]],[[[98.269,11.942],[98.246,11.925],[98.227,11.954],[98.252,11.975],[98.269,11.942]]],[[[98.52,12.007],[98.659,11.949],[98.658,11.934],[98.573,11.932],[98.516,11.896],[98.478,11.891],[98.46,11.934],[98.471,11.988],[98.44,12.015],[98.431,12.101],[98.439,12.112],[98.473,12.077],[98.52,12.007]]],[[[98.096,12.187],[98.137,12.191],[98.137,12.139],[98.117,12.165],[98.077,12.162],[98.039,12.207],[98.046,12.262],[98.073,12.29],[98.119,12.276],[98.12,12.23],[98.096,12.187]]],[[[98.064,12.36],[98.04,12.322],[98.011,12.31],[98.0,12.269],[97.982,12.306],[97.946,12.31],[97.971,12.345],[97.966,12.358],[97.938,12.338],[97.94,12.366],[98.018,12.403],[98.005,12.367],[98.042,12.358],[98.046,12.389],[98.076,12.427],[98.105,12.383],[98.088,12.36],[98.064,12.36]]],[[[98.517,12.479],[98.509,12.41],[98.482,12.411],[98.474,12.425],[98.5,12.513],[98.517,12.479]]],[[[98.257,12.574],[98.29,12.526],[98.283,12.504],[98.261,12.495],[98.23,12.527],[98.257,12.574]]],[[[97.827,12.591],[97.846,12.598],[97.861,12.57],[97.85,12.537],[97.829,12.557],[97.827,12.591]]],[[[98.471,12.556],[98.465,12.481],[98.391,12.362],[98.35,12.326],[98.302,12.338],[98.336,12.451],[98.316,12.496],[98.333,12.519],[98.303,12.599],[98.316,12.687],[98.406,12.639],[98.398,12.587],[98.425,12.53],[98.451,12.604],[98.471,12.556]]],[[[98.303,13.083],[98.319,13.091],[98.336,13.074],[98.302,13.029],[98.314,12.926],[98.302,12.913],[98.24,13.139],[98.247,13.215],[98.269,13.199],[98.303,13.083]]],[[[97.938,13.852],[97.925,13.784],[97.918,13.784],[97.919,13.853],[97.938,13.852]]],[[[93.4,14.096],[93.375,14.065],[93.39,14.154],[93.396,14.14],[93.4,14.096]]],[[[93.676,14.859],[93.704,14.904],[93.724,14.914],[93.704,14.871],[93.676,14.859]]],[[[97.66,15.58],[97.664,15.504],[97.651,15.592],[97.66,15.58]]],[[[94.823,15.946],[94.842,15.877],[94.804,15.797],[94.725,15.812],[94.823,15.946]]],[[[94.667,16.172],[94.63,16.075],[94.57,16.005],[94.478,15.966],[94.478,15.942],[94.403,15.839],[94.417,15.872],[94.382,15.97],[94.39,16.001],[94.485,16.059],[94.519,16.12],[94.643,16.246],[94.662,16.222],[94.667,16.172]]],[[[97.589,16.4],[97.571,16.223],[97.547,16.2],[97.517,16.21],[97.511,16.254],[97.459,16.301],[97.485,16.364],[97.455,16.437],[97.46,16.477],[97.521,16.511],[97.606,16.484],[97.611,16.446],[97.589,16.4]]],[[[93.742,18.872],[93.756,18.732],[93.732,18.69],[93.693,18.674],[93.645,18.679],[93.498,18.841],[93.484,18.875],[93.577,18.882],[93.622,18.91],[93.663,18.873],[93.742,18.872]]],[[[93.974,19.403],[93.966,19.363],[93.899,19.303],[93.875,19.314],[93.865,19.283],[93.803,19.277],[93.75,19.333],[93.725,19.387],[93.73,19.419],[93.669,19.446],[93.642,19.492],[93.688,19.559],[93.724,19.556],[93.82,19.472],[93.88,19.479],[93.956,19.433],[93.974,19.403]]],[[[93.499,19.887],[93.512,19.746],[93.441,19.811],[93.403,19.953],[93.443,19.938],[93.499,19.887]]],[[[92.953,20.063],[93.015,19.906],[93.025,19.828],[93.001,19.907],[92.909,20.065],[92.917,20.089],[92.953,20.063]]]]}},{"type":"Feature","properties":{"name":"Bangladesh","iso":"BGD"},"geometry":{"type":"MultiPolygon","coordinates":[[[[92.59,21.917],[92.576,21.734],[92.59,21.496],[92.639,21.319],[92.634,21.282],[92.571,21.247],[92.525,21.361],[92.4,21.371],[92.355,21.452],[92.323,21.462],[92.285,21.419],[92.236,21.417],[92.178,21.3],[92.175,21.176],[92.224,21.093],[92.265,21.061],[92.261,20.94],[92.333,20.768],[92.326,20.739],[92.21,20.931],[92.186,21.006],[92.134,21.048],[92.053,21.155],[92.045,21.3],[91.953,21.442],[91.95,21.458],[91.963,21.452],[91.983,21.489],[92.018,21.493],[91.99,21.562],[92.036,21.64],[92.029,21.705],[92.001,21.65],[91.984,21.65],[91.984,21.705],[91.963,21.69],[91.95,21.716],[91.953,21.738],[91.99,21.76],[91.96,21.764],[91.99,21.795],[91.899,21.789],[91.911,21.835],[91.929,21.843],[91.926,21.863],[91.95,21.884],[91.916,21.862],[91.855,22.109],[91.854,22.144],[91.867,22.137],[91.853,22.149],[91.84,22.117],[91.813,22.18],[91.817,22.22],[91.84,22.247],[91.809,22.306],[91.874,22.336],[91.908,22.425],[91.888,22.425],[91.877,22.363],[91.791,22.302],[91.826,22.268],[91.826,22.248],[91.787,22.238],[91.744,22.411],[91.676,22.535],[91.548,22.7],[91.462,22.762],[91.458,22.797],[91.49,22.905],[91.462,22.833],[91.417,22.8],[91.415,22.754],[91.346,22.775],[91.367,22.762],[91.36,22.743],[91.291,22.738],[91.333,22.72],[91.317,22.697],[91.245,22.698],[91.243,22.72],[91.182,22.726],[91.199,22.699],[91.169,22.685],[91.253,22.661],[91.264,22.641],[91.242,22.575],[91.203,22.543],[91.127,22.527],[91.089,22.544],[91.018,22.683],[91.004,22.679],[91.032,22.637],[91.038,22.589],[90.985,22.574],[90.942,22.586],[90.876,22.683],[90.836,22.685],[90.82,22.726],[90.795,22.741],[90.717,22.941],[90.629,23.064],[90.64,23.189],[90.667,23.268],[90.651,23.3],[90.661,23.322],[90.628,23.322],[90.611,23.342],[90.6,23.45],[90.633,23.487],[90.715,23.498],[90.716,23.535],[90.706,23.555],[90.678,23.555],[90.702,23.528],[90.695,23.508],[90.667,23.518],[90.608,23.491],[90.592,23.562],[90.633,23.597],[90.612,23.606],[90.559,23.59],[90.564,23.576],[90.547,23.564],[90.476,23.583],[90.498,23.557],[90.577,23.539],[90.579,23.45],[90.552,23.385],[90.322,23.433],[90.25,23.467],[90.249,23.455],[90.389,23.372],[90.428,23.326],[90.569,23.295],[90.611,23.231],[90.615,23.195],[90.594,23.22],[90.599,23.117],[90.572,23.082],[90.554,23.079],[90.559,23.111],[90.523,23.08],[90.454,23.072],[90.449,23.056],[90.468,22.996],[90.51,22.918],[90.54,22.897],[90.52,22.88],[90.476,22.884],[90.436,22.801],[90.408,22.795],[90.42,22.768],[90.394,22.775],[90.373,22.761],[90.435,22.733],[90.445,22.752],[90.462,22.749],[90.493,22.71],[90.513,22.611],[90.459,22.579],[90.442,22.494],[90.473,22.576],[90.524,22.583],[90.56,22.562],[90.607,22.466],[90.586,22.473],[90.618,22.377],[90.613,22.315],[90.558,22.203],[90.501,22.177],[90.45,22.081],[90.408,22.086],[90.387,22.103],[90.422,22.199],[90.411,22.284],[90.394,22.288],[90.391,22.209],[90.413,22.178],[90.38,22.144],[90.37,22.09],[90.332,22.038],[90.273,21.857],[90.185,21.801],[90.093,21.83],[90.095,21.859],[90.112,21.856],[90.126,21.932],[90.098,21.879],[90.067,21.853],[90.024,21.862],[90.034,21.944],[90.086,22.0],[90.106,22.054],[90.164,22.113],[90.216,22.123],[90.239,22.172],[90.236,22.199],[90.206,22.133],[90.148,22.111],[90.089,22.051],[90.058,21.994],[90.038,21.987],[89.996,22.0],[90.011,22.041],[90.035,22.06],[90.043,22.131],[90.078,22.164],[90.053,22.155],[90.024,22.089],[89.983,22.045],[89.983,21.987],[89.968,21.975],[89.934,21.998],[89.877,22.275],[89.9,22.334],[90.01,22.49],[89.947,22.44],[89.92,22.392],[89.873,22.419],[89.88,22.342],[89.839,22.268],[89.861,22.211],[89.871,22.092],[89.846,22.071],[89.797,22.076],[89.848,22.034],[89.846,21.972],[89.887,21.9],[89.88,21.884],[89.786,21.829],[89.766,21.847],[89.709,21.83],[89.661,21.849],[89.663,21.896],[89.647,21.925],[89.619,21.87],[89.701,21.785],[89.668,21.751],[89.595,21.76],[89.606,21.719],[89.587,21.701],[89.537,21.754],[89.527,21.813],[89.564,21.884],[89.571,22.031],[89.606,22.113],[89.567,22.203],[89.606,22.257],[89.626,22.336],[89.581,22.277],[89.586,22.245],[89.549,22.205],[89.579,22.113],[89.551,21.994],[89.533,21.985],[89.523,22.045],[89.537,22.089],[89.492,22.188],[89.493,22.274],[89.476,22.295],[89.476,22.103],[89.494,22.137],[89.518,22.081],[89.49,22.024],[89.522,21.962],[89.513,21.909],[89.465,21.859],[89.466,21.781],[89.406,21.717],[89.37,21.743],[89.366,21.829],[89.387,21.901],[89.352,21.972],[89.356,21.893],[89.301,21.809],[89.284,21.822],[89.295,21.758],[89.274,21.699],[89.298,21.678],[89.249,21.646],[89.21,21.654],[89.221,21.709],[89.188,21.812],[89.155,21.787],[89.105,21.816],[89.078,21.914],[89.091,22.0],[89.057,22.065],[89.076,22.175],[89.009,22.286],[89.024,22.295],[89.002,22.334],[88.989,22.397],[89.003,22.428],[88.971,22.528],[88.928,22.548],[88.956,22.585],[88.908,22.741],[88.937,22.782],[88.945,22.848],[88.893,22.88],[88.839,22.976],[88.851,23.075],[88.96,23.203],[88.823,23.238],[88.776,23.222],[88.697,23.252],[88.686,23.293],[88.77,23.489],[88.757,23.499],[88.719,23.468],[88.609,23.589],[88.571,23.592],[88.566,23.629],[88.542,23.639],[88.561,23.741],[88.553,23.775],[88.578,23.819],[88.578,23.855],[88.653,23.87],[88.714,23.925],[88.702,23.995],[88.725,24.038],[88.701,24.044],[88.674,24.083],[88.678,24.154],[88.746,24.214],[88.738,24.287],[88.715,24.315],[88.66,24.338],[88.635,24.294],[88.475,24.315],[88.401,24.369],[88.11,24.501],[88.086,24.537],[88.082,24.6],[88.057,24.634],[88.022,24.646],[88.053,24.755],[88.077,24.761],[88.088,24.796],[88.141,24.845],[88.115,24.916],[88.202,24.945],[88.233,24.918],[88.243,24.881],[88.323,24.875],[88.426,25.051],[88.441,25.19],[88.475,25.195],[88.559,25.171],[88.599,25.193],[88.634,25.192],[88.784,25.161],[88.817,25.197],[88.924,25.168],[88.91,25.189],[88.928,25.193],[88.929,25.229],[88.985,25.285],[88.975,25.303],[88.903,25.303],[88.842,25.333],[88.8,25.396],[88.815,25.459],[88.772,25.502],[88.742,25.513],[88.743,25.495],[88.706,25.492],[88.666,25.463],[88.594,25.495],[88.53,25.5],[88.475,25.563],[88.424,25.592],[88.419,25.654],[88.26,25.789],[88.227,25.804],[88.128,25.775],[88.088,25.831],[88.074,25.908],[88.126,26.013],[88.151,26.031],[88.156,26.061],[88.14,26.085],[88.164,26.14],[88.219,26.18],[88.326,26.216],[88.337,26.282],[88.432,26.362],[88.498,26.353],[88.461,26.454],[88.354,26.485],[88.336,26.448],[88.315,26.465],[88.353,26.579],[88.385,26.624],[88.411,26.545],[88.462,26.529],[88.527,26.475],[88.591,26.461],[88.612,26.431],[88.656,26.415],[88.652,26.392],[88.712,26.328],[88.646,26.276],[88.663,26.264],[88.748,26.293],[88.784,26.28],[88.825,26.227],[88.876,26.277],[88.975,26.224],[89.019,26.234],[89.04,26.247],[89.034,26.266],[89.004,26.276],[89.008,26.297],[88.982,26.292],[88.966,26.328],[88.912,26.349],[88.891,26.386],[88.941,26.439],[89.044,26.381],[89.055,26.347],[89.103,26.327],[89.095,26.31],[89.069,26.314],[89.069,26.287],[89.103,26.225],[89.119,26.147],[89.213,26.099],[89.238,26.058],[89.335,25.999],[89.391,26.015],[89.411,25.993],[89.486,25.999],[89.518,25.962],[89.542,25.96],[89.559,26.022],[89.611,26.072],[89.567,26.087],[89.604,26.121],[89.563,26.143],[89.587,26.169],[89.614,26.164],[89.613,26.219],[89.653,26.223],[89.656,26.161],[89.718,26.146],[89.75,26.084],[89.756,26.032],[89.789,25.988],[89.814,25.996],[89.829,25.979],[89.792,25.949],[89.834,25.932],[89.783,25.814],[89.834,25.635],[89.823,25.489],[89.795,25.374],[89.819,25.285],[89.908,25.297],[90.13,25.212],[90.365,25.15],[90.623,25.171],[90.708,25.153],[90.754,25.168],[90.822,25.142],[91.236,25.202],[91.432,25.138],[91.481,25.135],[91.566,25.16],[91.596,25.129],[91.639,25.124],[91.662,25.127],[91.677,25.153],[91.711,25.145],[91.73,25.167],[92.034,25.182],[92.093,25.165],[92.116,25.139],[92.173,25.132],[92.234,25.085],[92.304,25.074],[92.484,24.928],[92.495,24.895],[92.478,24.864],[92.381,24.837],[92.29,24.891],[92.252,24.903],[92.223,24.891],[92.234,24.778],[92.164,24.559],[92.111,24.514],[92.108,24.406],[92.063,24.371],[91.95,24.375],[91.972,24.316],[91.922,24.345],[91.9,24.338],[91.906,24.261],[91.877,24.158],[91.844,24.155],[91.814,24.183],[91.807,24.221],[91.733,24.234],[91.733,24.164],[91.704,24.143],[91.666,24.156],[91.629,24.215],[91.606,24.119],[91.582,24.096],[91.518,24.085],[91.363,24.1],[91.339,23.995],[91.274,23.988],[91.216,23.908],[91.228,23.845],[91.205,23.772],[91.195,23.755],[91.142,23.74],[91.132,23.721],[91.137,23.699],[91.175,23.67],[91.166,23.654],[91.14,23.654],[91.141,23.612],[91.195,23.495],[91.227,23.469],[91.258,23.374],[91.287,23.356],[91.266,23.329],[91.314,23.101],[91.337,23.071],[91.371,23.063],[91.356,23.224],[91.372,23.262],[91.394,23.263],[91.464,23.184],[91.524,22.995],[91.577,22.969],[91.586,22.944],[91.617,22.978],[91.707,22.995],[91.796,23.089],[91.744,23.272],[91.818,23.401],[91.905,23.447],[91.941,23.495],[91.916,23.65],[91.923,23.723],[92.019,23.64],[92.06,23.659],[92.108,23.718],[92.151,23.732],[92.194,23.648],[92.222,23.708],[92.259,23.706],[92.253,23.609],[92.301,23.432],[92.349,23.354],[92.357,23.279],[92.328,23.171],[92.36,22.927],[92.426,22.871],[92.442,22.763],[92.496,22.696],[92.501,22.561],[92.577,22.169],[92.576,22.143],[92.537,22.129],[92.59,21.917]]],[[[91.939,21.715],[91.984,21.609],[91.97,21.524],[91.961,21.506],[91.895,21.507],[91.9,21.486],[91.877,21.481],[91.855,21.519],[91.874,21.582],[91.848,21.689],[91.854,21.726],[91.872,21.755],[91.898,21.743],[91.888,21.685],[91.91,21.727],[91.901,21.774],[91.936,21.781],[91.939,21.715]]],[[[89.139,21.767],[89.132,21.722],[89.052,21.793],[89.064,21.841],[89.046,21.917],[89.068,21.904],[89.093,21.793],[89.139,21.767]]],[[[91.884,21.85],[91.841,21.735],[91.833,21.726],[91.833,21.877],[91.867,21.932],[91.884,21.85]]],[[[90.594,21.987],[90.607,21.939],[90.581,21.913],[90.566,21.918],[90.541,21.876],[90.504,21.862],[90.532,21.877],[90.51,21.898],[90.522,21.939],[90.594,21.987]]],[[[90.354,21.977],[90.394,22.0],[90.342,21.86],[90.323,21.844],[90.323,21.917],[90.354,21.977]]],[[[90.387,22.048],[90.346,21.972],[90.34,21.972],[90.359,22.023],[90.387,22.048]]],[[[90.428,22.048],[90.486,21.977],[90.476,21.945],[90.432,21.908],[90.402,21.907],[90.394,21.939],[90.416,22.038],[90.428,22.048]]],[[[90.538,22.069],[90.484,22.035],[90.503,22.096],[90.613,22.164],[90.594,22.103],[90.586,22.131],[90.56,22.024],[90.52,21.995],[90.504,22.024],[90.538,22.069]]],[[[90.947,22.212],[90.957,22.145],[90.949,22.122],[90.929,22.117],[90.92,22.16],[90.936,22.212],[90.947,22.212]]],[[[90.976,22.186],[90.983,22.259],[90.997,22.253],[90.976,22.186]]],[[[90.937,22.233],[90.957,22.278],[90.976,22.363],[90.993,22.322],[90.99,22.281],[90.953,22.227],[90.937,22.233]]],[[[91.127,22.375],[91.181,22.284],[91.187,22.228],[91.171,22.197],[91.141,22.146],[91.082,22.101],[91.022,22.095],[91.005,22.117],[91.059,22.192],[91.075,22.389],[91.127,22.375]]],[[[90.614,22.429],[90.601,22.429],[90.602,22.448],[90.633,22.432],[90.659,22.38],[90.661,22.356],[90.647,22.384],[90.64,22.366],[90.64,22.309],[90.614,22.429]]],[[[90.653,22.483],[90.667,22.439],[90.647,22.425],[90.653,22.483]]],[[[91.2,22.515],[91.211,22.496],[91.18,22.459],[91.134,22.449],[91.114,22.461],[91.124,22.489],[91.2,22.515]]],[[[91.556,22.478],[91.555,22.402],[91.508,22.397],[91.476,22.413],[91.424,22.525],[91.447,22.576],[91.468,22.586],[91.556,22.478]]],[[[90.767,22.518],[90.855,22.435],[90.835,22.34],[90.828,22.152],[90.775,22.076],[90.757,22.062],[90.75,22.076],[90.692,22.007],[90.647,21.994],[90.639,22.016],[90.682,22.103],[90.626,22.027],[90.61,22.024],[90.604,22.044],[90.633,22.123],[90.622,22.145],[90.632,22.182],[90.678,22.283],[90.688,22.378],[90.647,22.548],[90.559,22.603],[90.556,22.675],[90.585,22.768],[90.651,22.787],[90.684,22.694],[90.747,22.597],[90.767,22.518]]],[[[90.592,22.882],[90.678,22.808],[90.591,22.814],[90.547,22.784],[90.521,22.712],[90.493,22.753],[90.456,22.767],[90.466,22.852],[90.487,22.87],[90.592,22.882]]],[[[90.642,22.952],[90.667,22.918],[90.627,22.925],[90.589,22.962],[90.524,22.953],[90.508,22.976],[90.528,23.008],[90.586,23.035],[90.667,22.959],[90.642,22.952]]],[[[90.456,23.063],[90.516,23.052],[90.469,23.008],[90.456,23.063]]],[[[90.506,23.314],[90.469,23.332],[90.43,23.385],[90.539,23.35],[90.586,23.302],[90.53,23.334],[90.506,23.314]]]]}},{"type":"Feature","properties":{"name":"Afghanistan","iso":"AFG"},"geometry":{"type":"Polygon","coordinates":[[[74.547,37.016],[74.537,36.962],[74.521,36.958],[74.457,37.004],[74.394,36.994],[74.236,36.902],[74.13,36.898],[74.094,36.831],[74.035,36.816],[73.947,36.831],[73.865,36.873],[73.773,36.892],[73.332,36.882],[73.267,36.867],[73.192,36.877],[73.042,36.864],[72.991,36.842],[72.946,36.852],[72.868,36.83],[72.63,36.833],[72.517,36.801],[72.454,36.758],[72.214,36.726],[72.153,36.702],[72.172,36.654],[72.059,36.627],[72.039,36.58],[71.977,36.563],[71.875,36.499],[71.773,36.48],[71.794,36.408],[71.783,36.397],[71.736,36.396],[71.649,36.453],[71.61,36.458],[71.547,36.372],[71.558,36.328],[71.479,36.301],[71.403,36.231],[71.319,36.201],[71.302,36.163],[71.223,36.125],[71.166,36.046],[71.171,36.027],[71.257,35.972],[71.356,35.933],[71.361,35.9],[71.431,35.844],[71.471,35.78],[71.476,35.741],[71.515,35.701],[71.514,35.666],[71.483,35.627],[71.493,35.61],[71.593,35.549],[71.582,35.493],[71.621,35.41],[71.532,35.328],[71.53,35.301],[71.638,35.19],[71.604,35.138],[71.509,35.072],[71.511,35.009],[71.47,34.95],[71.289,34.875],[71.203,34.748],[71.081,34.673],[71.066,34.558],[70.986,34.556],[70.957,34.532],[70.961,34.488],[70.992,34.443],[71.051,34.39],[71.122,34.357],[71.126,34.332],[71.097,34.262],[71.108,34.165],[71.063,34.105],[71.063,34.054],[70.94,34.001],[70.884,34.007],[70.862,33.965],[70.522,33.939],[70.328,33.957],[70.003,34.044],[69.916,34.039],[69.873,34.017],[69.872,33.972],[69.841,33.942],[69.847,33.927],[69.885,33.889],[69.958,33.753],[70.118,33.717],[70.133,33.661],[70.174,33.632],[70.155,33.507],[70.286,33.383],[70.302,33.352],[70.294,33.319],[70.125,33.199],[70.048,33.194],[69.995,33.127],[69.956,33.128],[69.881,33.089],[69.839,33.087],[69.772,33.115],[69.668,33.077],[69.548,33.075],[69.488,33.028],[69.469,32.994],[69.487,32.886],[69.477,32.857],[69.376,32.772],[69.383,32.744],[69.415,32.726],[69.426,32.655],[69.361,32.568],[69.282,32.533],[69.233,32.463],[69.228,32.421],[69.268,32.301],[69.251,32.131],[69.299,31.938],[69.224,31.882],[69.114,31.738],[69.04,31.673],[68.977,31.641],[68.941,31.644],[68.804,31.603],[68.705,31.701],[68.695,31.756],[68.676,31.775],[68.527,31.823],[68.419,31.783],[68.44,31.767],[68.55,31.754],[68.498,31.725],[68.356,31.763],[68.255,31.766],[68.207,31.808],[68.139,31.825],[68.047,31.688],[67.966,31.638],[67.843,31.623],[67.781,31.564],[67.696,31.521],[67.569,31.53],[67.556,31.512],[67.611,31.411],[67.651,31.395],[67.77,31.395],[67.765,31.334],[67.693,31.325],[67.584,31.265],[67.346,31.208],[67.214,31.212],[67.137,31.241],[67.035,31.236],[67.015,31.245],[67.026,31.273],[67.017,31.309],[66.943,31.315],[66.838,31.277],[66.76,31.215],[66.697,31.196],[66.663,31.083],[66.55,30.977],[66.392,30.945],[66.366,30.923],[66.268,30.601],[66.265,30.558],[66.314,30.478],[66.322,30.437],[66.305,30.245],[66.219,30.058],[66.341,29.957],[66.275,29.885],[66.196,29.835],[65.036,29.54],[64.82,29.568],[64.478,29.57],[64.173,29.484],[64.113,29.396],[64.086,29.387],[63.972,29.43],[63.569,29.497],[62.478,29.408],[62.374,29.425],[60.844,29.858],[61.802,30.847],[61.8,30.961],[61.826,31.015],[61.788,31.159],[61.743,31.24],[61.742,31.321],[61.687,31.373],[60.822,31.495],[60.793,31.66],[60.805,31.734],[60.793,32.011],[60.775,32.027],[60.815,32.088],[60.83,32.249],[60.563,33.058],[60.568,33.151],[60.757,33.366],[60.829,33.416],[60.832,33.484],[60.921,33.514],[60.895,33.541],[60.846,33.556],[60.656,33.56],[60.575,33.588],[60.512,33.638],[60.487,33.711],[60.528,33.841],[60.487,34.094],[60.493,34.139],[60.552,34.22],[60.651,34.285],[60.644,34.307],[60.89,34.319],[60.779,34.455],[60.7,34.516],[60.739,34.548],[60.838,34.571],[60.895,34.628],[60.948,34.638],[60.96,34.723],[61.01,34.761],[61.035,34.806],[61.065,34.815],[61.075,34.933],[61.116,35.06],[61.147,35.102],[61.14,35.14],[61.096,35.193],[61.112,35.202],[61.102,35.257],[61.123,35.288],[61.187,35.3],[61.195,35.39],[61.29,35.548],[61.27,35.618],[61.352,35.628],[61.352,35.607],[61.383,35.586],[61.393,35.554],[61.428,35.543],[61.539,35.452],[61.605,35.431],[61.74,35.414],[61.919,35.452],[62.007,35.439],[62.136,35.341],[62.234,35.294],[62.251,35.26],[62.251,35.202],[62.286,35.141],[62.432,35.281],[62.459,35.282],[62.535,35.227],[62.605,35.219],[62.694,35.248],[62.76,35.302],[62.918,35.388],[63.08,35.437],[63.101,35.525],[63.077,35.559],[63.077,35.625],[63.18,35.666],[63.214,35.699],[63.112,35.77],[63.084,35.826],[63.104,35.856],[63.343,35.856],[63.43,35.871],[63.511,35.902],[63.582,35.959],[63.766,35.977],[63.89,36.03],[63.95,36.029],[64.045,35.999],[64.036,36.076],[64.057,36.105],[64.159,36.16],[64.266,36.152],[64.304,36.212],[64.478,36.272],[64.594,36.424],[64.611,36.501],[64.589,36.6],[64.605,36.661],[64.779,36.938],[64.756,37.054],[64.779,37.118],[65.063,37.233],[65.501,37.242],[65.537,37.257],[65.624,37.345],[65.621,37.43],[65.659,37.51],[65.681,37.526],[65.739,37.529],[65.761,37.578],[65.804,37.565],[65.855,37.508],[66.08,37.441],[66.143,37.385],[66.218,37.375],[66.294,37.331],[66.413,37.35],[66.451,37.323],[66.539,37.369],[66.694,37.343],[66.735,37.363],[67.006,37.384],[67.097,37.341],[67.123,37.282],[67.188,37.258],[67.237,37.192],[67.259,37.185],[67.391,37.22],[67.503,37.282],[67.526,37.273],[67.561,37.22],[67.592,37.247],[67.633,37.254],[67.678,37.234],[67.747,37.229],[67.781,37.189],[67.773,37.11],[67.808,37.083],[67.878,37.064],[68.02,36.926],[68.186,37.018],[68.278,37.01],[68.288,37.103],[68.307,37.114],[68.392,37.105],[68.418,37.128],[68.404,37.152],[68.524,37.165],[68.551,37.193],[68.627,37.206],[68.649,37.244],[68.671,37.247],[68.658,37.268],[68.669,37.278],[68.76,37.275],[68.82,37.251],[68.81,37.312],[68.836,37.329],[68.857,37.325],[68.89,37.282],[68.916,37.279],[68.918,37.302],[68.888,37.338],[68.985,37.32],[69.124,37.169],[69.246,37.104],[69.312,37.117],[69.408,37.177],[69.442,37.224],[69.445,37.236],[69.41,37.246],[69.418,37.268],[69.377,37.381],[69.378,37.437],[69.425,37.494],[69.491,37.537],[69.509,37.579],[69.665,37.576],[69.754,37.597],[69.802,37.582],[69.919,37.617],[69.955,37.575],[70.008,37.549],[70.129,37.532],[70.158,37.541],[70.216,37.617],[70.248,37.623],[70.283,37.705],[70.275,37.774],[70.247,37.819],[70.196,37.84],[70.165,37.89],[70.172,37.946],[70.215,37.929],[70.262,37.939],[70.254,37.973],[70.47,38.121],[70.547,38.263],[70.583,38.275],[70.6,38.347],[70.641,38.354],[70.685,38.387],[70.665,38.405],[70.742,38.419],[70.777,38.446],[70.843,38.44],[70.871,38.453],[70.936,38.433],[70.951,38.473],[70.998,38.466],[71.05,38.409],[71.117,38.399],[71.218,38.326],[71.334,38.281],[71.358,38.251],[71.359,38.184],[71.273,37.998],[71.258,37.926],[71.341,37.893],[71.501,37.946],[71.537,37.944],[71.598,37.898],[71.59,37.816],[71.53,37.761],[71.543,37.72],[71.497,37.567],[71.511,37.486],[71.487,37.409],[71.494,37.308],[71.487,37.267],[71.45,37.217],[71.431,37.067],[71.46,37.011],[71.463,36.948],[71.528,36.856],[71.553,36.77],[71.611,36.705],[71.653,36.687],[71.749,36.679],[71.837,36.699],[72.26,36.967],[72.406,37.008],[72.475,36.997],[72.658,37.029],[72.791,37.22],[72.902,37.254],[72.996,37.309],[73.068,37.315],[73.132,37.384],[73.17,37.408],[73.211,37.408],[73.296,37.465],[73.378,37.453],[73.441,37.48],[73.485,37.481],[73.674,37.431],[73.753,37.428],[73.739,37.338],[73.69,37.305],[73.631,37.296],[73.597,37.262],[73.618,37.233],[73.68,37.242],[73.709,37.217],[73.798,37.229],[73.836,37.257],[74.188,37.338],[74.224,37.403],[74.304,37.4],[74.316,37.427],[74.378,37.394],[74.521,37.376],[74.66,37.394],[74.789,37.331],[74.863,37.245],[74.892,37.231],[74.794,37.214],[74.737,37.296],[74.721,37.298],[74.623,37.231],[74.59,37.243],[74.5,37.232],[74.457,37.177],[74.368,37.167],[74.383,37.127],[74.477,37.083],[74.547,37.016]]]}},{"type":"Feature","properties":{"name":"Montenegro","iso":"MNE"},"geometry":{"type":"Polygon","coordinates":[[[20.0,43.058],[20.117,42.977],[20.195,42.967],[20.337,42.907],[20.355,42.866],[20.345,42.827],[20.218,42.803],[20.208,42.763],[20.183,42.743],[20.076,42.773],[20.035,42.751],[20.025,42.723],[20.104,42.653],[20.076,42.603],[20.077,42.56],[20.065,42.547],[20.039,42.558],[20.0,42.529],[20.0,43.058]]]}},{"type":"Feature","properties":{"name":"Uganda","iso":"UGA"},"geometry":{"type":"Polygon","coordinates":[[[30.639,-1.073],[30.337,-1.066],[30.317,-1.137],[30.288,-1.155],[30.27,-1.2],[30.212,-1.26],[30.166,-1.277],[30.147,-1.345],[30.061,-1.39],[30.039,-1.425],[29.938,-1.473],[29.881,-1.454],[29.864,-1.37],[29.825,-1.324],[29.798,-1.331],[29.775,-1.366],[29.735,-1.348],[29.639,-1.389],[29.578,-1.388],[29.587,-1.311],[29.572,-1.279],[29.581,-1.235],[29.557,-1.182],[29.57,-1.078],[29.548,-1.003],[29.555,-0.929],[29.611,-0.864],[29.603,-0.723],[29.631,-0.622],[29.619,-0.599],[29.653,-0.566],[29.629,-0.442],[29.714,-0.007],[29.703,0.073],[29.761,0.172],[29.797,0.165],[29.84,0.358],[29.94,0.498],[29.919,0.618],[29.927,0.775],[29.947,0.825],[30.038,0.879],[30.155,0.909],[30.221,1.017],[30.215,1.077],[30.239,1.136],[30.278,1.172],[30.324,1.156],[30.365,1.202],[30.432,1.207],[30.478,1.239],[30.682,1.5],[31.026,1.778],[31.271,2.103],[31.28,2.153],[31.19,2.222],[31.178,2.303],[31.113,2.282],[31.055,2.29],[31.036,2.307],[31.041,2.331],[30.968,2.405],[30.931,2.406],[30.901,2.346],[30.872,2.332],[30.82,2.376],[30.805,2.434],[30.711,2.445],[30.737,2.52],[30.735,2.593],[30.802,2.769],[30.829,2.786],[30.853,2.853],[30.844,2.933],[30.821,2.973],[30.757,3.021],[30.744,3.055],[30.804,3.246],[30.91,3.393],[30.909,3.496],[30.896,3.52],[30.84,3.49],[30.944,3.679],[31.078,3.735],[31.141,3.785],[31.215,3.792],[31.295,3.774],[31.524,3.656],[31.565,3.69],[31.687,3.713],[31.778,3.816],[31.831,3.784],[31.902,3.704],[31.93,3.598],[32.03,3.586],[32.076,3.533],[32.168,3.512],[32.188,3.619],[32.372,3.731],[32.756,3.769],[32.84,3.794],[32.997,3.886],[33.164,3.763],[33.491,3.75],[33.533,3.774],[33.977,4.22],[34.006,4.206],[34.041,4.165],[34.041,4.12],[34.069,4.088],[34.061,4.008],[34.107,3.96],[34.085,3.877],[34.108,3.869],[34.183,3.886],[34.205,3.875],[34.197,3.847],[34.149,3.823],[34.179,3.796],[34.152,3.776],[34.241,3.784],[34.279,3.71],[34.29,3.703],[34.337,3.735],[34.44,3.668],[34.435,3.526],[34.381,3.477],[34.399,3.434],[34.384,3.388],[34.424,3.305],[34.434,3.182],[34.445,3.159],[34.534,3.118],[34.585,2.929],[34.641,2.86],[34.685,2.881],[34.73,2.853],[34.777,2.686],[34.819,2.598],[34.842,2.588],[34.866,2.605],[34.876,2.591],[34.887,2.522],[34.924,2.477],[34.906,2.437],[34.868,2.411],[34.866,2.348],[34.968,2.102],[34.962,1.978],[35.006,1.917],[34.98,1.87],[34.973,1.654],[34.934,1.576],[34.883,1.552],[34.86,1.518],[34.838,1.437],[34.779,1.389],[34.811,1.273],[34.798,1.232],[34.684,1.209],[34.629,1.164],[34.58,1.153],[34.561,1.093],[34.507,1.103],[34.487,1.082],[34.457,0.958],[34.388,0.816],[34.298,0.759],[34.276,0.681],[34.252,0.655],[34.15,0.604],[34.104,0.462],[34.076,0.422],[34.085,0.347],[33.894,0.11],[33.954,-0.154],[33.895,-0.663],[33.904,-1.003],[30.828,-1.003],[30.777,-0.986],[30.687,-1.025],[30.639,-1.073]]]}},{"type":"Feature","properties":{"name":"Moldova","iso":"MDA"},"geometry":{"type":"Polygon","coordinates":[[[26.619,48.267],[26.68,48.33],[26.736,48.292],[26.774,48.287],[26.79,48.307],[26.778,48.366],[26.817,48.372],[26.832,48.391],[26.943,48.351],[27.033,48.36],[27.025,48.39],[27.037,48.4],[27.209,48.361],[27.342,48.436],[27.403,48.411],[27.504,48.472],[27.605,48.484],[27.607,48.458],[27.627,48.451],[27.785,48.442],[27.865,48.399],[27.926,48.339],[28.076,48.315],[28.098,48.284],[28.079,48.245],[28.093,48.237],[28.179,48.259],[28.189,48.223],[28.217,48.208],[28.294,48.236],[28.358,48.239],[28.363,48.191],[28.322,48.163],[28.317,48.135],[28.35,48.13],[28.389,48.169],[28.412,48.171],[28.437,48.15],[28.419,48.122],[28.48,48.065],[28.519,48.149],[28.574,48.155],[28.799,48.112],[28.833,48.025],[28.95,47.935],[29.017,47.931],[29.061,47.97],[29.124,47.976],[29.148,47.955],[29.173,47.891],[29.236,47.871],[29.178,47.79],[29.239,47.756],[29.197,47.718],[29.182,47.613],[29.117,47.533],[29.156,47.45],[29.182,47.43],[29.233,47.446],[29.301,47.378],[29.346,47.366],[29.368,47.308],[29.41,47.28],[29.459,47.293],[29.481,47.338],[29.557,47.324],[29.58,47.26],[29.544,47.234],[29.545,47.136],[29.478,47.112],[29.52,47.06],[29.57,47.091],[29.602,47.061],[29.572,47.012],[29.559,46.946],[29.696,46.905],[29.754,46.858],[29.844,46.854],[29.89,46.807],[29.928,46.81],[29.951,46.743],[29.931,46.619],[29.95,46.579],[29.938,46.557],[29.899,46.553],[29.902,46.531],[29.971,46.492],[30.003,46.494],[30.022,46.471],[30.014,46.462],[30.077,46.423],[30.132,46.423],[30.081,46.374],[29.919,46.374],[29.828,46.339],[29.808,46.355],[29.8,46.398],[29.714,46.471],[29.703,46.428],[29.654,46.423],[29.646,46.376],[29.616,46.362],[29.583,46.37],[29.541,46.413],[29.481,46.425],[29.486,46.476],[29.458,46.485],[29.375,46.416],[29.307,46.472],[29.289,46.452],[29.283,46.397],[29.201,46.357],[29.183,46.378],[29.206,46.406],[29.207,46.503],[29.184,46.538],[28.946,46.455],[28.919,46.405],[28.945,46.321],[28.934,46.259],[29.01,46.204],[29.015,46.183],[28.939,46.089],[28.957,46.001],[28.74,45.953],[28.728,45.922],[28.746,45.871],[28.738,45.838],[28.67,45.812],[28.67,45.777],[28.577,45.762],[28.561,45.717],[28.515,45.702],[28.474,45.658],[28.511,45.635],[28.537,45.58],[28.498,45.559],[28.502,45.509],[28.271,45.522],[28.217,45.493],[28.199,45.462],[28.166,45.495],[28.165,45.528],[28.141,45.56],[28.062,45.594],[28.108,45.624],[28.168,45.632],[28.155,45.762],[28.113,45.825],[28.111,45.854],[28.131,45.871],[28.117,45.895],[28.125,45.918],[28.083,46.015],[28.09,46.073],[28.145,46.183],[28.109,46.234],[28.132,46.24],[28.135,46.269],[28.178,46.287],[28.193,46.311],[28.19,46.351],[28.246,46.428],[28.246,46.476],[28.219,46.504],[28.247,46.621],[28.178,46.759],[28.122,46.834],[28.124,46.862],[28.097,46.903],[28.102,46.935],[28.083,46.972],[28.028,47.033],[27.939,47.047],[27.938,47.061],[27.844,47.114],[27.85,47.129],[27.807,47.145],[27.788,47.204],[27.733,47.276],[27.637,47.307],[27.6,47.361],[27.572,47.375],[27.58,47.406],[27.563,47.417],[27.576,47.46],[27.473,47.492],[27.428,47.581],[27.397,47.589],[27.304,47.667],[27.272,47.715],[27.295,47.718],[27.288,47.752],[27.219,47.814],[27.253,47.828],[27.212,47.848],[27.212,47.89],[27.161,47.922],[27.178,47.938],[27.151,47.958],[27.169,47.983],[27.144,47.987],[27.121,48.013],[27.096,48.006],[27.089,48.02],[27.109,48.034],[27.042,48.077],[27.043,48.127],[26.967,48.143],[26.998,48.167],[26.963,48.175],[26.938,48.205],[26.908,48.185],[26.898,48.209],[26.805,48.258],[26.764,48.253],[26.689,48.275],[26.619,48.267]]]}},{"type":"Feature","properties":{"name":"Turkmenistan","iso":"TKM"},"geometry":{"type":"MultiPolygon","coordinates":[[[[61.27,35.618],[61.229,35.699],[61.25,35.722],[61.256,35.769],[61.241,35.894],[61.188,35.954],[61.13,35.971],[61.174,36.006],[61.174,36.048],[61.198,36.061],[61.225,36.124],[61.185,36.284],[61.154,36.315],[61.147,36.357],[61.174,36.487],[61.166,36.514],[61.188,36.565],[61.166,36.636],[61.075,36.648],[60.342,36.637],[60.309,36.652],[60.239,36.77],[60.133,36.873],[60.019,37.026],[59.9,37.051],[59.797,37.112],[59.653,37.15],[59.605,37.124],[59.556,37.198],[59.501,37.19],[59.462,37.208],[59.469,37.241],[59.37,37.319],[59.348,37.409],[59.362,37.439],[59.356,37.481],[59.312,37.53],[59.212,37.516],[59.035,37.625],[58.801,37.695],[58.78,37.66],[58.682,37.643],[58.53,37.7],[58.48,37.644],[58.358,37.633],[58.207,37.679],[58.181,37.775],[58.157,37.788],[58.041,37.806],[57.884,37.865],[57.8,37.868],[57.763,37.899],[57.691,37.92],[57.496,37.922],[57.352,37.968],[57.327,37.994],[57.344,38.081],[57.218,38.265],[57.186,38.276],[57.147,38.27],[57.103,38.222],[57.038,38.187],[56.812,38.229],[56.729,38.271],[56.585,38.235],[56.528,38.257],[56.436,38.255],[56.303,38.179],[56.297,38.166],[56.329,38.124],[56.315,38.089],[56.214,38.069],[56.121,38.086],[55.963,38.067],[55.738,38.119],[55.447,38.084],[55.307,38.009],[55.229,37.986],[55.22,37.97],[55.13,37.952],[55.007,37.843],[54.857,37.761],[54.814,37.719],[54.787,37.652],[54.809,37.603],[54.788,37.525],[54.654,37.439],[54.533,37.441],[54.364,37.363],[54.262,37.355],[54.206,37.325],[53.914,37.343],[53.9,37.468],[53.825,37.745],[53.807,38.032],[53.859,38.206],[53.868,38.308],[53.827,38.525],[53.847,38.646],[53.91,38.738],[53.927,38.774],[53.917,38.804],[53.983,38.916],[53.897,38.974],[53.86,39.035],[53.787,39.042],[53.767,39.031],[53.722,39.111],[53.712,39.104],[53.732,39.057],[53.702,39.079],[53.698,39.152],[53.732,39.173],[53.702,39.175],[53.725,39.242],[53.66,39.2],[53.674,39.193],[53.684,39.083],[53.636,39.139],[53.623,39.192],[53.602,39.193],[53.609,39.236],[53.598,39.242],[53.568,39.193],[53.588,39.303],[53.561,39.283],[53.581,39.33],[53.554,39.324],[53.562,39.353],[53.533,39.33],[53.452,39.318],[53.437,39.338],[53.389,39.311],[53.403,39.338],[53.293,39.33],[53.297,39.349],[53.239,39.365],[53.15,39.344],[53.198,39.324],[53.17,39.272],[53.181,39.189],[53.161,39.18],[53.137,39.321],[53.085,39.4],[53.178,39.516],[53.242,39.636],[53.276,39.665],[53.314,39.659],[53.249,39.608],[53.211,39.55],[53.217,39.525],[53.427,39.536],[53.492,39.481],[53.568,39.468],[53.581,39.478],[53.561,39.502],[53.574,39.527],[53.615,39.495],[53.684,39.522],[53.725,39.509],[53.733,39.528],[53.629,39.571],[53.655,39.582],[53.646,39.608],[53.572,39.616],[53.564,39.653],[53.533,39.68],[53.54,39.632],[53.471,39.696],[53.444,39.701],[53.458,39.673],[53.43,39.687],[53.43,39.668],[53.451,39.632],[53.417,39.65],[53.43,39.763],[53.393,39.758],[53.382,39.769],[53.415,39.782],[53.499,39.866],[53.485,39.885],[53.537,39.896],[53.526,39.913],[53.574,39.968],[53.492,39.975],[53.402,40.007],[53.283,39.94],[53.172,39.997],[53.126,39.975],[53.054,39.968],[53.082,39.995],[52.975,39.974],[52.944,39.982],[52.914,40.022],[52.896,39.998],[52.92,39.965],[52.93,39.896],[53.054,39.763],[53.006,39.783],[53.04,39.742],[53.008,39.766],[52.966,39.833],[52.905,39.875],[52.884,39.945],[52.738,40.054],[52.768,40.154],[52.699,40.274],[52.737,40.485],[52.863,40.658],[52.868,40.694],[52.828,40.711],[52.833,40.746],[52.868,40.756],[52.862,40.79],[52.923,40.941],[52.917,41.085],[52.961,41.061],[52.958,41.016],[53.012,40.955],[53.04,40.886],[53.074,40.865],[53.122,40.872],[53.065,40.844],[53.119,40.77],[53.182,40.768],[53.266,40.817],[53.245,40.775],[53.331,40.776],[53.37,40.835],[53.399,40.763],[53.483,40.737],[53.555,40.774],[53.563,40.853],[53.587,40.892],[53.625,40.887],[53.657,40.865],[53.65,40.845],[53.671,40.811],[53.65,40.784],[53.676,40.726],[53.725,40.688],[53.705,40.65],[53.721,40.626],[53.863,40.626],[53.948,40.674],[54.011,40.658],[54.088,40.682],[54.095,40.698],[54.054,40.715],[54.171,40.73],[54.232,40.728],[54.218,40.69],[54.253,40.677],[54.404,40.674],[54.363,40.688],[54.43,40.721],[54.318,40.722],[54.269,40.84],[54.273,40.872],[54.248,40.875],[54.25,40.891],[54.313,40.924],[54.361,40.917],[54.466,40.866],[54.438,40.817],[54.475,40.81],[54.64,40.839],[54.709,40.885],[54.76,40.965],[54.678,41.071],[54.767,41.037],[54.72,41.08],[54.733,41.098],[54.716,41.115],[54.636,41.133],[54.635,41.163],[54.6,41.192],[54.4,41.309],[54.295,41.347],[54.191,41.407],[54.145,41.46],[54.074,41.488],[54.03,41.569],[54.009,41.765],[53.932,41.884],[53.899,41.905],[53.917,42.007],[53.907,42.063],[53.819,42.124],[53.768,42.136],[53.725,42.126],[53.682,42.144],[53.375,42.106],[53.297,42.079],[53.22,42.081],[53.164,42.104],[52.96,41.984],[52.821,41.765],[52.782,41.726],[52.769,41.676],[52.785,41.663],[52.831,41.701],[52.881,41.698],[52.917,41.674],[52.896,41.63],[52.899,41.566],[52.813,41.379],[52.844,41.24],[52.91,41.123],[52.882,41.05],[52.848,41.078],[52.851,41.163],[52.813,41.222],[52.813,41.263],[52.761,41.378],[52.723,41.394],[52.694,41.445],[52.646,41.458],[52.562,41.519],[52.56,41.544],[52.588,41.583],[52.593,41.646],[52.56,41.688],[52.53,41.691],[52.438,41.749],[52.765,41.994],[52.979,42.127],[53.412,42.258],[54.047,42.345],[54.123,42.338],[54.195,42.318],[54.738,42.048],[54.907,41.932],[54.941,41.89],[54.935,41.834],[54.951,41.796],[55.1,41.644],[55.228,41.473],[55.357,41.389],[55.43,41.291],[55.478,41.267],[55.635,41.264],[55.91,41.327],[56.793,41.288],[57.01,41.254],[57.08,41.322],[57.161,41.368],[57.074,41.395],[57.02,41.466],[57.012,41.558],[56.96,41.647],[56.972,41.749],[56.95,41.866],[56.978,41.895],[57.116,41.952],[57.208,42.071],[57.288,42.129],[57.382,42.164],[57.62,42.148],[57.85,42.191],[57.827,42.227],[57.888,42.262],[57.937,42.354],[57.909,42.43],[58.016,42.5],[58.08,42.497],[58.133,42.455],[58.204,42.47],[58.325,42.432],[58.385,42.388],[58.398,42.288],[58.491,42.298],[58.306,42.529],[58.146,42.593],[58.121,42.624],[58.149,42.649],[58.258,42.69],[58.442,42.648],[58.535,42.655],[58.588,42.791],[58.894,42.548],[59.009,42.518],[59.122,42.538],[59.146,42.527],[59.224,42.461],[59.258,42.348],[59.362,42.326],[59.426,42.287],[59.69,42.31],[59.866,42.304],[59.961,42.223],[60.028,42.2],[60.037,42.17],[59.984,42.146],[59.974,42.099],[59.997,42.011],[59.919,41.99],[59.906,41.967],[59.932,41.948],[59.984,41.949],[60.089,41.919],[60.168,41.85],[60.229,41.82],[60.253,41.78],[60.225,41.765],[60.102,41.795],[60.049,41.753],[60.058,41.719],[60.165,41.585],[60.093,41.545],[60.072,41.514],[60.059,41.434],[60.094,41.39],[60.3,41.31],[60.415,41.235],[60.478,41.212],[60.659,41.244],[60.86,41.253],[60.93,41.24],[60.978,41.203],[61.01,41.237],[61.023,41.217],[61.1,41.224],[61.203,41.169],[61.281,41.157],[61.344,41.194],[61.387,41.236],[61.411,41.292],[61.433,41.3],[61.654,41.249],[61.878,41.125],[61.979,40.999],[61.983,40.886],[62.037,40.736],[62.1,40.66],[62.134,40.578],[62.192,40.499],[62.353,40.43],[62.405,40.245],[62.436,40.194],[62.422,40.115],[62.453,40.009],[62.593,39.89],[63.478,39.403],[63.709,39.191],[64.151,38.949],[64.206,38.949],[64.283,38.98],[64.337,38.971],[64.424,38.883],[64.635,38.744],[64.978,38.612],[65.205,38.45],[65.604,38.237],[65.672,38.22],[65.74,38.224],[65.814,38.266],[65.877,38.273],[66.043,38.226],[66.134,38.175],[66.231,38.149],[66.307,38.08],[66.408,38.043],[66.59,38.013],[66.624,37.994],[66.646,37.946],[66.519,37.783],[66.519,37.625],[66.493,37.522],[66.547,37.451],[66.497,37.398],[66.495,37.379],[66.52,37.364],[66.47,37.33],[66.451,37.323],[66.413,37.35],[66.294,37.331],[66.218,37.375],[66.163,37.377],[66.08,37.441],[65.855,37.508],[65.804,37.565],[65.761,37.578],[65.739,37.529],[65.681,37.526],[65.659,37.51],[65.621,37.43],[65.624,37.345],[65.537,37.257],[65.501,37.242],[65.063,37.233],[64.808,37.136],[64.76,37.093],[64.779,36.938],[64.765,36.905],[64.621,36.693],[64.592,36.621],[64.611,36.501],[64.594,36.424],[64.478,36.272],[64.304,36.212],[64.266,36.152],[64.159,36.16],[64.057,36.105],[64.036,36.076],[64.045,35.999],[63.95,36.029],[63.89,36.03],[63.766,35.977],[63.582,35.959],[63.511,35.902],[63.43,35.871],[63.343,35.856],[63.104,35.856],[63.084,35.826],[63.112,35.77],[63.214,35.699],[63.18,35.666],[63.077,35.625],[63.077,35.559],[63.101,35.525],[63.08,35.437],[62.918,35.388],[62.76,35.302],[62.694,35.248],[62.605,35.219],[62.535,35.227],[62.459,35.282],[62.432,35.281],[62.286,35.141],[62.251,35.202],[62.251,35.26],[62.234,35.294],[62.136,35.341],[62.007,35.439],[61.919,35.452],[61.74,35.414],[61.605,35.431],[61.539,35.452],[61.428,35.543],[61.393,35.554],[61.383,35.586],[61.352,35.607],[61.352,35.628],[61.27,35.618]]],[[[53.026,39.039],[53.058,39.094],[53.088,39.088],[53.059,39.067],[53.054,39.027],[53.102,38.755],[53.04,38.907],[53.026,39.039]]],[[[53.48,39.593],[53.513,39.591],[53.54,39.54],[53.506,39.509],[53.487,39.516],[53.463,39.574],[53.48,39.593]]]]}},{"type":"Feature","properties":{"name":"Jordan","iso":"JOR"},"geometry":{"type":"Polygon","coordinates":[[[35.612,32.682],[35.636,32.679],[35.77,32.748],[35.896,32.713],[35.944,32.691],[35.937,32.674],[35.955,32.657],[36.004,32.655],[36.006,32.608],[36.066,32.517],[36.156,32.515],[36.177,32.527],[36.388,32.379],[36.654,32.343],[36.69,32.32],[36.729,32.328],[36.807,32.313],[38.775,33.372],[39.057,32.497],[38.978,32.475],[39.029,32.328],[39.046,32.308],[39.236,32.353],[39.256,32.343],[39.292,32.245],[39.146,32.118],[38.963,31.994],[36.96,31.491],[37.48,31.007],[37.981,30.499],[37.648,30.331],[37.492,30.011],[37.47,29.995],[36.729,29.854],[36.477,29.495],[36.069,29.2],[36.016,29.19],[34.949,29.352],[34.962,29.36],[34.969,29.451],[34.998,29.518],[34.997,29.534],[34.956,29.559],[34.96,29.586],[35.049,29.842],[35.054,29.923],[35.086,30.034],[35.145,30.123],[35.125,30.245],[35.162,30.361],[35.14,30.43],[35.205,30.617],[35.264,30.72],[35.28,30.78],[35.317,30.823],[35.322,30.89],[35.385,30.963],[35.392,31.024],[35.438,31.104],[35.436,31.16],[35.396,31.258],[35.453,31.401],[35.48,31.641],[35.528,31.735],[35.559,31.765],[35.525,31.919],[35.546,31.945],[35.523,32.058],[35.545,32.087],[35.535,32.111],[35.559,32.155],[35.573,32.238],[35.559,32.238],[35.573,32.252],[35.552,32.375],[35.566,32.368],[35.545,32.41],[35.573,32.457],[35.561,32.477],[35.58,32.491],[35.552,32.519],[35.566,32.526],[35.559,32.553],[35.58,32.56],[35.561,32.641],[35.612,32.682]]]}},{"type":"Feature","properties":{"name":"Nepal","iso":"NPL"},"geometry":{"type":"Polygon","coordinates":[[[88.03,27.893],[88.165,27.845],[88.16,27.774],[88.111,27.64],[88.023,27.495],[88.042,27.438],[88.015,27.378],[88.035,27.323],[87.989,27.218],[87.969,27.111],[88.009,27.046],[88.056,27.018],[88.097,26.959],[88.151,26.863],[88.168,26.763],[88.163,26.705],[88.102,26.582],[88.074,26.454],[88.044,26.406],[88.007,26.37],[87.975,26.367],[87.915,26.408],[87.87,26.465],[87.822,26.438],[87.769,26.451],[87.728,26.404],[87.681,26.424],[87.587,26.378],[87.48,26.423],[87.416,26.427],[87.356,26.404],[87.326,26.353],[87.3,26.346],[87.245,26.37],[87.219,26.408],[87.135,26.394],[87.106,26.405],[87.067,26.466],[87.041,26.58],[86.972,26.532],[86.876,26.495],[86.822,26.438],[86.738,26.444],[86.714,26.415],[86.495,26.528],[86.354,26.583],[86.316,26.581],[86.284,26.612],[86.196,26.583],[86.116,26.603],[86.011,26.654],[85.952,26.642],[85.829,26.566],[85.81,26.603],[85.781,26.599],[85.713,26.653],[85.702,26.797],[85.599,26.854],[85.44,26.788],[85.386,26.788],[85.337,26.747],[85.302,26.737],[85.195,26.759],[85.166,26.786],[85.162,26.851],[85.123,26.866],[85.019,26.846],[85.018,26.874],[84.953,26.898],[84.924,26.956],[84.817,27.011],[84.761,26.999],[84.627,27.036],[84.621,27.058],[84.654,27.125],[84.658,27.203],[84.607,27.31],[84.577,27.329],[84.289,27.376],[84.226,27.44],[84.186,27.439],[84.117,27.513],[84.08,27.51],[84.008,27.441],[83.923,27.45],[83.834,27.434],[83.878,27.37],[83.855,27.345],[83.59,27.457],[83.387,27.47],[83.356,27.452],[83.371,27.41],[83.363,27.386],[83.324,27.342],[83.282,27.331],[83.249,27.348],[83.219,27.394],[83.133,27.444],[83.01,27.443],[82.876,27.488],[82.752,27.495],[82.73,27.518],[82.709,27.631],[82.68,27.694],[82.652,27.704],[82.441,27.666],[82.402,27.677],[82.348,27.726],[82.027,27.912],[81.976,27.917],[81.883,27.849],[81.856,27.851],[81.75,27.91],[81.689,27.963],[81.615,27.981],[81.562,28.026],[81.473,28.066],[81.435,28.13],[81.396,28.161],[81.358,28.166],[81.338,28.133],[81.296,28.128],[81.299,28.143],[81.277,28.154],[81.296,28.167],[81.224,28.251],[81.17,28.361],[81.0,28.397],[80.976,28.437],[80.905,28.441],[80.872,28.497],[80.782,28.515],[80.727,28.56],[80.679,28.575],[80.636,28.628],[80.564,28.647],[80.556,28.679],[80.518,28.68],[80.488,28.656],[80.488,28.562],[80.408,28.626],[80.33,28.627],[80.291,28.69],[80.233,28.733],[80.162,28.753],[80.114,28.803],[80.036,28.837],[80.031,28.898],[80.053,28.949],[80.108,28.995],[80.113,29.072],[80.133,29.11],[80.221,29.126],[80.233,29.139],[80.219,29.211],[80.258,29.202],[80.28,29.31],[80.255,29.317],[80.214,29.417],[80.218,29.435],[80.257,29.45],[80.32,29.516],[80.327,29.549],[80.385,29.605],[80.354,29.705],[80.369,29.758],[80.476,29.806],[80.55,29.894],[80.571,29.947],[80.641,29.963],[80.716,30.013],[80.77,30.077],[80.83,30.117],[80.85,30.143],[80.836,30.17],[80.884,30.21],[80.921,30.177],[80.988,30.197],[81.007,30.189],[81.098,30.017],[81.217,30.008],[81.226,30.05],[81.272,30.08],[81.267,30.125],[81.322,30.134],[81.35,30.157],[81.378,30.233],[81.368,30.301],[81.388,30.374],[81.426,30.373],[81.463,30.341],[81.509,30.328],[81.537,30.379],[81.614,30.417],[81.779,30.358],[81.844,30.371],[81.941,30.354],[81.969,30.328],[82.089,30.33],[82.085,30.231],[82.156,30.181],[82.128,30.124],[82.154,30.058],[82.211,30.064],[82.256,30.04],[82.319,30.032],[82.347,30.003],[82.394,30.003],[82.457,29.954],[82.542,29.923],[82.619,29.84],[82.689,29.828],[82.691,29.781],[82.837,29.66],[82.9,29.688],[82.932,29.664],[82.976,29.664],[83.065,29.579],[83.08,29.58],[83.093,29.615],[83.174,29.621],[83.261,29.542],[83.247,29.495],[83.264,29.473],[83.328,29.485],[83.355,29.461],[83.357,29.415],[83.387,29.394],[83.393,29.356],[83.503,29.261],[83.524,29.184],[83.639,29.155],[83.695,29.226],[83.793,29.235],[83.914,29.289],[83.958,29.289],[83.976,29.264],[84.013,29.27],[84.035,29.248],[84.09,29.257],[84.112,29.209],[84.155,29.207],[84.162,29.193],[84.132,29.144],[84.166,29.098],[84.175,29.057],[84.231,29.026],[84.207,28.941],[84.235,28.9],[84.377,28.849],[84.423,28.799],[84.451,28.734],[84.616,28.694],[84.633,28.669],[84.683,28.651],[84.678,28.604],[84.756,28.585],[84.812,28.542],[84.928,28.538],[84.955,28.574],[85.055,28.639],[85.161,28.595],[85.154,28.525],[85.123,28.505],[85.109,28.459],[85.078,28.436],[85.08,28.319],[85.109,28.292],[85.174,28.304],[85.224,28.272],[85.313,28.283],[85.363,28.26],[85.432,28.297],[85.476,28.279],[85.565,28.275],[85.612,28.251],[85.693,28.335],[85.7,28.269],[85.734,28.222],[85.863,28.143],[85.898,28.036],[85.957,27.976],[85.963,27.891],[86.062,27.889],[86.113,27.927],[86.098,27.986],[86.079,28.001],[86.085,28.044],[86.069,28.077],[86.156,28.157],[86.186,28.134],[86.172,28.072],[86.203,28.003],[86.278,27.984],[86.328,27.94],[86.363,27.946],[86.425,27.91],[86.51,27.952],[86.516,28.012],[86.554,28.104],[86.612,28.08],[86.662,28.107],[86.732,28.077],[86.74,28.021],[86.84,28.015],[86.915,27.945],[87.006,27.951],[87.117,27.845],[87.156,27.826],[87.291,27.816],[87.364,27.855],[87.385,27.849],[87.369,27.804],[87.532,27.837],[87.573,27.805],[87.636,27.824],[87.727,27.808],[87.78,27.839],[87.837,27.908],[87.978,27.881],[88.03,27.893]]]}},{"type":"Feature","properties":{"name":"Pakistan","iso":"PAK"},"geometry":{"type":"MultiPolygon","coordinates":[[[[73.712,36.893],[73.72,36.851],[73.799,36.828],[73.887,36.771],[73.886,36.714],[73.721,36.727],[73.679,36.704],[73.622,36.71],[73.595,36.735],[73.52,36.731],[73.416,36.752],[73.296,36.717],[73.213,36.713],[73.177,36.735],[73.073,36.699],[73.094,36.603],[73.055,36.54],[72.98,36.508],[72.985,36.473],[72.896,36.462],[72.877,36.384],[72.83,36.37],[72.692,36.271],[72.622,36.277],[72.572,36.243],[72.551,36.174],[72.562,36.15],[72.529,36.098],[72.589,36.016],[72.516,35.904],[72.656,35.854],[72.792,35.838],[72.872,35.874],[72.972,35.878],[73.042,35.856],[73.088,35.876],[73.155,35.825],[73.128,35.796],[73.126,35.725],[73.307,35.6],[73.383,35.588],[73.41,35.548],[73.443,35.562],[73.505,35.534],[73.63,35.543],[73.772,35.522],[73.784,35.447],[73.728,35.418],[73.69,35.357],[73.687,35.31],[73.718,35.264],[73.722,35.216],[73.81,35.234],[73.864,35.202],[73.924,35.199],[73.954,35.171],[73.992,35.175],[74.031,35.147],[74.102,35.14],[74.124,35.105],[74.068,35.055],[74.1,35.01],[74.067,34.982],[74.061,34.942],[74.018,34.881],[73.954,34.863],[73.884,34.811],[73.82,34.81],[73.74,34.785],[73.701,34.756],[73.651,34.677],[73.66,34.634],[73.623,34.564],[73.593,34.588],[73.464,34.571],[73.437,34.522],[73.426,34.43],[73.4,34.376],[73.474,34.269],[73.519,34.008],[73.58,33.91],[73.567,33.803],[73.6,33.709],[73.573,33.634],[73.615,33.593],[73.635,33.541],[73.615,33.52],[73.628,33.452],[73.604,33.442],[73.574,33.387],[73.603,33.333],[73.6,33.247],[73.581,33.229],[73.615,33.232],[73.655,33.185],[73.645,33.143],[73.623,33.124],[73.806,33.015],[73.907,33.03],[73.943,33.018],[73.983,32.969],[74.317,32.823],[74.307,32.81],[74.346,32.767],[74.439,32.786],[74.501,32.746],[74.574,32.753],[74.614,32.77],[74.636,32.822],[74.672,32.841],[74.689,32.809],[74.65,32.723],[74.656,32.641],[74.63,32.588],[74.663,32.498],[74.689,32.471],[74.725,32.461],[74.838,32.475],[74.907,32.445],[75.024,32.466],[75.126,32.412],[75.23,32.38],[75.327,32.312],[75.359,32.262],[75.317,32.211],[75.295,32.149],[75.196,32.129],[75.173,32.11],[75.174,32.087],[75.138,32.093],[75.102,32.078],[75.041,32.098],[75.023,32.095],[75.03,32.066],[74.986,32.063],[74.956,32.032],[74.889,32.029],[74.873,32.012],[74.829,32.025],[74.784,31.943],[74.698,31.95],[74.67,31.904],[74.55,31.827],[74.535,31.771],[74.489,31.711],[74.556,31.612],[74.617,31.459],[74.532,31.303],[74.506,31.175],[74.537,31.115],[74.617,31.115],[74.659,31.084],[74.579,31.043],[74.564,31.004],[74.519,30.962],[74.442,30.946],[74.401,30.893],[74.319,30.893],[74.3,30.838],[74.257,30.815],[74.267,30.788],[74.191,30.717],[74.164,30.665],[74.067,30.611],[74.058,30.531],[74.004,30.509],[73.929,30.419],[73.9,30.422],[73.906,30.395],[73.852,30.373],[73.842,30.353],[73.892,30.33],[73.935,30.261],[73.944,30.188],[73.74,30.048],[73.558,30.013],[73.37,29.927],[73.233,29.537],[72.93,29.048],[72.355,28.767],[72.256,28.646],[72.198,28.445],[72.15,28.354],[71.988,28.228],[71.908,28.136],[71.874,27.96],[71.561,27.869],[71.398,27.868],[71.226,27.845],[70.914,27.718],[70.832,27.701],[70.762,27.71],[70.71,27.741],[70.641,27.855],[70.633,27.932],[70.535,28.016],[70.456,28.04],[70.342,28.011],[70.102,27.812],[69.994,27.571],[69.908,27.497],[69.848,27.41],[69.576,27.188],[69.534,27.126],[69.508,27.05],[69.465,26.808],[69.473,26.767],[69.504,26.735],[69.659,26.678],[69.772,26.595],[69.816,26.58],[70.056,26.589],[70.13,26.563],[70.158,26.53],[70.147,26.217],[70.078,26.1],[70.065,25.98],[70.115,25.882],[70.214,25.786],[70.249,25.708],[70.36,25.673],[70.477,25.676],[70.592,25.709],[70.632,25.701],[70.654,25.674],[70.654,25.397],[70.71,25.336],[70.735,25.267],[70.849,25.163],[70.915,24.947],[71.064,24.683],[70.977,24.64],[70.955,24.585],[70.958,24.556],[70.981,24.535],[70.977,24.465],[71.075,24.436],[71.083,24.412],[70.997,24.357],[70.918,24.362],[70.841,24.306],[70.851,24.265],[70.755,24.231],[70.622,24.241],[70.568,24.273],[70.546,24.362],[70.575,24.4],[70.563,24.424],[70.416,24.402],[70.353,24.366],[70.299,24.363],[70.243,24.331],[70.098,24.299],[70.052,24.202],[70.016,24.174],[69.972,24.165],[69.715,24.169],[69.563,24.277],[69.281,24.284],[69.167,24.253],[69.068,24.288],[68.963,24.257],[68.904,24.321],[68.885,24.314],[68.839,24.236],[68.82,24.25],[68.799,24.329],[68.747,24.331],[68.726,24.289],[68.724,23.965],[68.432,23.967],[68.354,23.939],[68.349,23.965],[68.33,23.967],[68.335,23.941],[68.314,23.916],[68.3,23.911],[68.264,23.936],[68.26,23.896],[68.207,23.877],[68.183,23.842],[68.157,23.905],[68.171,23.84],[68.143,23.761],[68.149,23.695],[68.102,23.734],[68.099,23.709],[68.063,23.723],[68.054,23.744],[68.074,23.765],[68.082,23.806],[68.102,23.816],[68.059,23.862],[68.064,23.923],[68.014,23.939],[68.054,23.829],[68.014,23.769],[67.994,23.811],[67.951,23.809],[67.934,23.833],[67.91,23.836],[67.9,23.868],[67.869,23.85],[67.855,23.912],[67.832,23.81],[67.719,23.844],[67.744,23.809],[67.716,23.792],[67.632,23.803],[67.65,23.933],[67.637,23.874],[67.615,23.85],[67.589,23.867],[67.588,23.885],[67.575,23.872],[67.547,23.898],[67.53,23.891],[67.547,23.871],[67.479,23.892],[67.513,23.898],[67.541,23.939],[67.499,23.926],[67.506,23.974],[67.451,23.988],[67.478,24.032],[67.52,24.045],[67.533,24.07],[67.51,24.052],[67.441,24.07],[67.354,24.071],[67.341,24.086],[67.279,24.281],[67.293,24.303],[67.286,24.33],[67.362,24.344],[67.272,24.369],[67.287,24.44],[67.259,24.419],[67.247,24.468],[67.211,24.508],[67.231,24.525],[67.195,24.547],[67.184,24.59],[67.253,24.59],[67.209,24.614],[67.152,24.616],[67.176,24.689],[67.256,24.748],[67.233,24.771],[67.167,24.76],[67.14,24.803],[67.081,24.803],[67.083,24.774],[66.965,24.844],[66.965,24.81],[66.882,24.851],[66.654,24.839],[66.657,24.859],[66.704,24.892],[66.681,24.911],[66.681,24.949],[66.7,25.085],[66.737,25.181],[66.71,25.239],[66.548,25.366],[66.554,25.385],[66.579,25.379],[66.591,25.4],[66.587,25.426],[66.551,25.457],[66.531,25.518],[66.493,25.518],[66.437,25.598],[66.388,25.592],[66.373,25.604],[66.375,25.626],[66.339,25.608],[66.258,25.612],[66.204,25.593],[66.094,25.475],[66.213,25.491],[66.259,25.525],[66.258,25.543],[66.336,25.553],[66.423,25.481],[66.456,25.496],[66.492,25.481],[66.458,25.454],[66.512,25.414],[66.498,25.399],[66.36,25.465],[66.252,25.473],[66.159,25.447],[65.858,25.418],[65.652,25.344],[65.468,25.385],[65.382,25.371],[65.395,25.392],[65.292,25.365],[65.26,25.38],[65.232,25.371],[65.188,25.311],[65.155,25.296],[64.921,25.327],[64.744,25.324],[64.696,25.298],[64.669,25.255],[64.669,25.207],[64.71,25.179],[64.655,25.166],[64.6,25.173],[64.628,25.228],[64.565,25.27],[64.518,25.276],[64.492,25.246],[64.439,25.235],[64.361,25.283],[64.266,25.299],[64.245,25.317],[64.094,25.336],[64.107,25.385],[64.084,25.404],[64.084,25.427],[64.141,25.429],[64.155,25.447],[64.045,25.45],[63.977,25.413],[63.997,25.42],[64.012,25.397],[64.049,25.416],[64.08,25.365],[64.06,25.345],[63.944,25.335],[63.738,25.385],[63.573,25.365],[63.496,25.291],[63.469,25.289],[63.519,25.221],[63.5,25.194],[63.411,25.222],[63.308,25.22],[63.144,25.261],[63.028,25.22],[62.771,25.262],[62.527,25.264],[62.477,25.259],[62.468,25.224],[62.489,25.214],[62.414,25.207],[62.343,25.155],[62.339,25.125],[62.387,25.102],[62.381,25.088],[62.256,25.099],[62.315,25.13],[62.297,25.185],[62.254,25.212],[62.145,25.218],[62.08,25.197],[62.059,25.162],[62.097,25.107],[61.881,25.103],[61.847,25.038],[61.79,25.018],[61.73,25.022],[61.729,25.083],[61.76,25.115],[61.783,25.188],[61.75,25.173],[61.694,25.201],[61.588,25.202],[61.62,25.285],[61.643,25.613],[61.673,25.658],[61.66,25.769],[61.681,25.795],[61.739,25.803],[61.755,25.82],[61.81,26.167],[61.833,26.225],[62.094,26.315],[62.124,26.374],[62.243,26.351],[62.265,26.361],[62.249,26.417],[62.298,26.474],[62.292,26.501],[62.356,26.537],[62.397,26.539],[62.418,26.562],[62.595,26.581],[62.641,26.605],[62.702,26.604],[62.754,26.644],[63.098,26.638],[63.141,26.625],[63.164,26.645],[63.174,26.685],[63.19,26.846],[63.262,26.872],[63.235,26.941],[63.231,27.066],[63.261,27.116],[63.32,27.117],[63.271,27.203],[63.177,27.258],[62.892,27.213],[62.829,27.234],[62.801,27.225],[62.742,27.267],[62.768,27.274],[62.779,27.3],[62.756,27.348],[62.815,27.495],[62.78,27.83],[62.736,27.995],[62.762,28.246],[62.739,28.258],[62.576,28.229],[62.492,28.301],[62.464,28.35],[62.363,28.419],[62.049,28.486],[61.893,28.543],[61.653,28.756],[61.567,28.871],[61.511,29.007],[61.468,29.042],[61.488,29.081],[61.461,29.094],[61.438,29.14],[61.398,29.159],[61.387,29.207],[61.333,29.275],[61.347,29.349],[61.337,29.374],[61.279,29.407],[60.844,29.858],[62.374,29.425],[62.478,29.408],[63.569,29.497],[63.972,29.43],[64.086,29.387],[64.113,29.396],[64.173,29.484],[64.478,29.57],[64.82,29.568],[65.036,29.54],[66.196,29.835],[66.275,29.885],[66.341,29.957],[66.219,30.058],[66.305,30.245],[66.322,30.437],[66.314,30.478],[66.265,30.558],[66.268,30.601],[66.366,30.923],[66.392,30.945],[66.55,30.977],[66.663,31.083],[66.697,31.196],[66.76,31.215],[66.838,31.277],[66.943,31.315],[67.017,31.309],[67.026,31.273],[67.015,31.245],[67.035,31.236],[67.137,31.241],[67.214,31.212],[67.346,31.208],[67.584,31.265],[67.693,31.325],[67.765,31.334],[67.77,31.395],[67.651,31.395],[67.611,31.411],[67.556,31.512],[67.569,31.53],[67.696,31.521],[67.781,31.564],[67.843,31.623],[67.966,31.638],[68.047,31.688],[68.139,31.825],[68.207,31.808],[68.255,31.766],[68.356,31.763],[68.498,31.725],[68.55,31.754],[68.44,31.767],[68.419,31.783],[68.527,31.823],[68.676,31.775],[68.695,31.756],[68.705,31.701],[68.804,31.603],[68.941,31.644],[68.977,31.641],[69.04,31.673],[69.114,31.738],[69.224,31.882],[69.299,31.938],[69.251,32.131],[69.268,32.301],[69.228,32.421],[69.233,32.463],[69.282,32.533],[69.361,32.568],[69.426,32.655],[69.415,32.726],[69.383,32.744],[69.376,32.772],[69.477,32.857],[69.487,32.886],[69.469,32.994],[69.488,33.028],[69.548,33.075],[69.668,33.077],[69.772,33.115],[69.839,33.087],[69.881,33.089],[69.956,33.128],[69.995,33.127],[70.048,33.194],[70.125,33.199],[70.294,33.319],[70.302,33.352],[70.286,33.383],[70.155,33.507],[70.174,33.632],[70.133,33.661],[70.118,33.717],[69.958,33.753],[69.885,33.889],[69.847,33.927],[69.841,33.942],[69.872,33.972],[69.873,34.017],[69.916,34.039],[70.003,34.044],[70.328,33.957],[70.522,33.939],[70.862,33.965],[70.884,34.007],[70.94,34.001],[71.063,34.054],[71.063,34.105],[71.108,34.165],[71.097,34.262],[71.126,34.332],[71.122,34.357],[71.051,34.39],[70.992,34.443],[70.961,34.488],[70.957,34.532],[70.986,34.556],[71.066,34.558],[71.081,34.673],[71.203,34.748],[71.289,34.875],[71.47,34.95],[71.511,35.009],[71.509,35.072],[71.604,35.138],[71.638,35.19],[71.53,35.301],[71.532,35.328],[71.621,35.41],[71.582,35.493],[71.593,35.549],[71.493,35.61],[71.483,35.627],[71.514,35.666],[71.515,35.701],[71.476,35.741],[71.471,35.78],[71.431,35.844],[71.361,35.9],[71.356,35.933],[71.257,35.972],[71.171,36.027],[71.166,36.046],[71.223,36.125],[71.302,36.163],[71.319,36.201],[71.403,36.231],[71.479,36.301],[71.558,36.328],[71.547,36.372],[71.61,36.458],[71.649,36.453],[71.736,36.396],[71.783,36.397],[71.794,36.408],[71.773,36.48],[71.875,36.499],[71.977,36.563],[72.039,36.58],[72.059,36.627],[72.172,36.654],[72.153,36.702],[72.214,36.726],[72.454,36.758],[72.517,36.801],[72.63,36.833],[72.868,36.83],[72.946,36.852],[72.991,36.842],[73.042,36.864],[73.192,36.877],[73.267,36.867],[73.332,36.882],[73.712,36.893]]],[[[67.39,24.049],[67.458,24.063],[67.485,24.049],[67.454,24.013],[67.427,24.008],[67.393,24.028],[67.375,24.063],[67.39,24.049]]]]}},{"type":"Feature","properties":{"name":"Egypt","iso":"EGY"},"geometry":{"type":"MultiPolygon","coordinates":[[[[34.2,31.314],[34.48,30.651],[34.504,30.53],[34.536,30.482],[34.527,30.41],[34.599,30.345],[34.733,30.013],[34.741,29.94],[34.824,29.742],[34.855,29.546],[34.887,29.49],[34.737,29.311],[34.745,29.291],[34.729,29.199],[34.695,29.164],[34.675,29.107],[34.686,28.989],[34.64,28.949],[34.647,28.863],[34.62,28.846],[34.633,28.771],[34.625,28.736],[34.511,28.538],[34.524,28.507],[34.469,28.455],[34.41,28.32],[34.413,28.233],[34.455,28.175],[34.427,28.082],[34.444,28.054],[34.435,27.976],[34.401,27.969],[34.371,27.924],[34.331,27.914],[34.321,27.861],[34.279,27.858],[34.259,27.802],[34.214,27.791],[34.221,27.77],[34.257,27.77],[34.257,27.729],[34.19,27.787],[34.054,27.815],[33.988,27.887],[33.904,27.942],[33.879,27.935],[33.866,27.961],[33.763,28.024],[33.764,28.049],[33.716,28.075],[33.675,28.161],[33.635,28.181],[33.618,28.233],[33.565,28.297],[33.434,28.366],[33.369,28.448],[33.256,28.544],[33.27,28.544],[33.263,28.577],[33.238,28.566],[33.256,28.552],[33.229,28.569],[33.195,28.675],[33.228,28.764],[33.175,28.837],[33.166,28.976],[33.178,28.99],[33.145,29.032],[33.079,29.065],[33.061,29.101],[32.958,29.202],[32.886,29.243],[32.868,29.297],[32.839,29.316],[32.817,29.36],[32.817,29.414],[32.742,29.456],[32.735,29.484],[32.729,29.456],[32.715,29.456],[32.724,29.54],[32.712,29.58],[32.681,29.6],[32.691,29.734],[32.648,29.795],[32.605,29.824],[32.625,29.846],[32.625,29.874],[32.572,29.929],[32.585,29.952],[32.562,29.976],[32.578,29.984],[32.578,30.011],[32.557,29.976],[32.572,29.943],[32.554,29.962],[32.513,29.962],[32.477,29.932],[32.473,29.882],[32.51,29.867],[32.393,29.734],[32.364,29.688],[32.338,29.592],[32.388,29.526],[32.451,29.487],[32.581,29.369],[32.632,29.243],[32.659,29.111],[32.66,29.089],[32.625,29.048],[32.625,28.973],[32.673,28.922],[32.681,28.881],[32.749,28.805],[32.807,28.778],[32.869,28.579],[33.003,28.489],[33.043,28.401],[33.107,28.347],[33.126,28.288],[33.212,28.19],[33.242,28.175],[33.249,28.143],[33.338,28.085],[33.344,28.051],[33.442,28.017],[33.513,27.959],[33.554,27.896],[33.592,27.791],[33.489,27.846],[33.473,27.823],[33.523,27.752],[33.558,27.76],[33.537,27.708],[33.575,27.681],[33.592,27.647],[33.558,27.681],[33.558,27.66],[33.544,27.679],[33.527,27.678],[33.496,27.647],[33.565,27.572],[33.558,27.537],[33.633,27.496],[33.692,27.342],[33.838,27.243],[33.838,27.194],[33.825,27.18],[33.837,27.121],[33.901,27.059],[33.901,27.014],[33.952,26.931],[33.996,26.897],[33.996,26.838],[33.96,26.85],[33.948,26.831],[33.952,26.743],[33.932,26.683],[33.941,26.654],[34.014,26.612],[34.339,26.002],[34.547,25.725],[34.633,25.569],[34.682,25.429],[34.743,25.351],[34.807,25.212],[34.939,25.003],[34.954,24.944],[34.99,24.905],[35.002,24.816],[35.063,24.764],[35.11,24.644],[35.16,24.575],[35.145,24.5],[35.186,24.486],[35.235,24.4],[35.392,24.283],[35.429,24.186],[35.494,24.109],[35.511,24.111],[35.494,24.139],[35.504,24.141],[35.588,24.076],[35.605,24.019],[35.739,23.983],[35.793,23.902],[35.786,23.893],[35.75,23.932],[35.685,23.911],[35.599,23.929],[35.514,23.977],[35.484,23.918],[35.491,23.87],[35.475,23.798],[35.483,23.772],[35.51,23.756],[35.489,23.497],[35.548,23.394],[35.575,23.213],[35.621,23.139],[35.655,23.074],[35.668,22.983],[35.695,22.932],[35.764,22.87],[35.723,22.932],[35.756,22.922],[35.785,22.833],[35.886,22.736],[35.969,22.698],[36.121,22.676],[36.226,22.635],[36.291,22.568],[36.313,22.492],[36.428,22.426],[36.44,22.356],[36.563,22.297],[36.714,22.169],[36.748,22.161],[36.757,22.177],[36.782,22.164],[36.818,22.109],[36.895,22.066],[36.898,22.017],[36.884,21.996],[31.435,21.995],[31.492,22.173],[31.461,22.215],[31.423,22.227],[31.36,22.188],[31.248,21.994],[24.981,21.995],[24.981,29.181],[24.957,29.293],[24.864,29.503],[24.871,29.638],[24.805,29.755],[24.798,29.796],[24.812,29.891],[24.697,30.123],[24.689,30.183],[24.772,30.331],[24.908,30.499],[24.995,30.785],[24.883,31.039],[24.859,31.146],[24.849,31.349],[24.861,31.38],[25.024,31.494],[25.088,31.614],[25.151,31.656],[25.162,31.584],[25.191,31.531],[25.402,31.503],[25.824,31.615],[25.967,31.617],[26.362,31.522],[26.753,31.477],[26.866,31.437],[26.966,31.45],[27.054,31.409],[27.226,31.368],[27.246,31.381],[27.321,31.381],[27.342,31.368],[27.394,31.255],[27.446,31.223],[27.588,31.193],[27.61,31.203],[27.66,31.18],[27.853,31.24],[27.897,31.114],[27.927,31.099],[28.155,31.093],[28.204,31.071],[28.318,31.06],[28.424,31.083],[28.479,31.052],[28.528,31.05],[28.812,30.957],[28.836,30.911],[29.028,30.827],[29.219,30.838],[29.503,30.957],[29.766,31.122],[29.782,31.148],[29.838,31.154],[29.885,31.19],[29.864,31.196],[29.877,31.214],[29.898,31.203],[30.07,31.333],[30.067,31.305],[30.095,31.286],[30.173,31.271],[30.14,31.237],[30.165,31.217],[30.207,31.238],[30.202,31.227],[30.22,31.22],[30.261,31.244],[30.269,31.265],[30.289,31.238],[30.303,31.271],[30.288,31.278],[30.241,31.265],[30.255,31.278],[30.179,31.278],[30.252,31.303],[30.313,31.351],[30.348,31.421],[30.344,31.498],[30.365,31.46],[30.399,31.443],[30.371,31.462],[30.362,31.509],[30.456,31.463],[30.536,31.464],[30.974,31.587],[30.628,31.434],[30.558,31.422],[30.543,31.402],[30.627,31.389],[30.675,31.422],[30.734,31.388],[30.756,31.423],[30.799,31.446],[30.892,31.419],[30.94,31.443],[30.94,31.457],[30.981,31.437],[31.029,31.518],[31.071,31.517],[31.119,31.493],[31.129,31.504],[31.111,31.512],[31.13,31.517],[31.111,31.54],[31.023,31.583],[30.978,31.584],[31.097,31.608],[31.221,31.58],[31.557,31.443],[31.748,31.482],[31.874,31.536],[31.913,31.535],[31.945,31.521],[32.025,31.4],[32.2,31.295],[31.995,31.395],[31.968,31.437],[31.994,31.438],[31.918,31.524],[31.889,31.532],[31.879,31.518],[31.865,31.525],[31.865,31.512],[31.851,31.518],[31.845,31.498],[31.865,31.498],[31.879,31.429],[31.842,31.465],[31.824,31.443],[31.858,31.443],[31.855,31.423],[31.879,31.416],[31.83,31.409],[31.845,31.395],[31.828,31.368],[31.858,31.354],[31.797,31.36],[31.796,31.311],[31.767,31.285],[31.821,31.278],[31.834,31.252],[31.886,31.224],[31.906,31.252],[31.906,31.224],[31.893,31.217],[31.906,31.217],[31.899,31.203],[31.927,31.211],[31.926,31.187],[31.987,31.23],[32.009,31.211],[32.037,31.217],[32.037,31.15],[32.016,31.128],[32.05,31.142],[32.07,31.107],[32.044,31.086],[32.084,31.084],[32.084,31.066],[32.106,31.053],[32.132,31.066],[32.107,31.073],[32.098,31.093],[32.146,31.08],[32.138,31.093],[32.159,31.093],[32.153,31.107],[32.166,31.114],[32.18,31.107],[32.184,31.125],[32.234,31.105],[32.283,31.137],[32.262,31.17],[32.29,31.17],[32.295,31.213],[32.271,31.258],[32.283,31.265],[32.214,31.278],[32.207,31.295],[32.331,31.271],[32.344,31.242],[32.39,31.227],[32.51,31.107],[32.602,31.061],[32.762,31.081],[32.927,31.155],[32.84,31.101],[32.667,31.052],[32.715,31.052],[32.701,31.039],[32.77,31.046],[32.893,31.101],[32.917,31.083],[32.941,31.093],[32.914,31.101],[32.927,31.112],[32.969,31.086],[32.975,31.066],[32.961,31.066],[33.01,31.056],[33.023,31.073],[33.009,31.086],[33.057,31.101],[33.064,31.135],[33.03,31.101],[32.954,31.107],[32.985,31.11],[33.03,31.162],[33.109,31.196],[33.126,31.19],[33.099,31.183],[33.158,31.118],[33.119,31.107],[33.145,31.078],[33.133,31.046],[33.221,31.06],[33.195,31.073],[33.262,31.101],[33.304,31.08],[33.303,31.1],[33.318,31.101],[33.277,31.107],[33.386,31.114],[33.378,31.133],[33.406,31.137],[33.406,31.155],[33.5,31.128],[33.648,31.117],[33.854,31.163],[34.047,31.229],[34.2,31.314]],[[35.429,22.978],[35.212,22.786],[35.621,23.139],[35.429,22.978]],[[34.778,22.5],[34.828,22.607],[34.862,22.68],[34.778,22.5]],[[34.423,22.249],[34.147,22.192],[34.682,22.298],[34.423,22.249]]],[[[33.971,26.791],[33.995,26.752],[34.004,26.708],[33.955,26.79],[33.971,26.791]]],[[[34.028,27.502],[34.051,27.449],[33.956,27.504],[33.934,27.495],[33.914,27.524],[33.964,27.534],[34.028,27.502]]],[[[34.571,27.974],[34.62,27.92],[34.518,27.93],[34.496,27.955],[34.49,27.996],[34.517,28.017],[34.544,27.996],[34.507,27.986],[34.512,27.967],[34.571,27.974]]],[[[32.979,31.082],[32.983,31.09],[32.989,31.073],[32.979,31.082]]],[[[33.406,31.184],[33.476,31.142],[33.27,31.217],[33.301,31.216],[33.406,31.184]]],[[[33.105,31.24],[33.262,31.224],[33.103,31.227],[32.935,31.148],[33.105,31.24]]],[[[34.732,27.919],[34.705,27.908],[34.662,27.93],[34.682,27.959],[34.732,27.957],[34.732,27.919]]]]}},{"type":"Feature","properties":{"name":"Yemen","iso":"YEM"},"geometry":{"type":"MultiPolygon","coordinates":[[[[51.979,18.996],[52.721,17.298],[52.802,17.267],[53.09,16.642],[53.022,16.619],[52.985,16.628],[52.851,16.556],[52.533,16.447],[52.293,16.264],[52.221,16.161],[52.224,16.114],[52.156,15.984],[52.187,15.919],[52.175,15.878],[52.224,15.847],[52.221,15.717],[52.245,15.658],[52.228,15.616],[52.047,15.57],[51.913,15.515],[51.874,15.492],[51.869,15.452],[51.829,15.469],[51.68,15.403],[51.662,15.377],[51.676,15.34],[51.531,15.317],[51.474,15.271],[51.368,15.23],[51.342,15.238],[51.269,15.202],[50.661,15.058],[50.554,15.049],[50.459,15.01],[50.358,14.933],[50.302,14.917],[50.18,14.843],[50.146,14.85],[50.042,14.818],[50.03,14.85],[49.942,14.839],[49.578,14.737],[49.46,14.674],[49.372,14.65],[49.19,14.549],[49.182,14.517],[49.137,14.533],[49.093,14.52],[49.01,14.401],[49.004,14.325],[48.887,14.25],[48.853,14.167],[48.798,14.14],[48.738,14.068],[48.696,14.044],[48.565,14.046],[48.469,13.989],[48.45,14.011],[48.338,14.016],[48.346,14.003],[48.189,13.969],[48.194,13.993],[48.14,14.031],[48.017,14.057],[47.931,14.031],[47.867,13.962],[47.821,13.938],[47.646,13.873],[47.398,13.655],[47.167,13.586],[46.912,13.533],[46.824,13.476],[46.701,13.43],[46.605,13.441],[46.52,13.413],[46.313,13.414],[46.235,13.436],[46.111,13.407],[45.815,13.38],[45.666,13.342],[45.494,13.195],[45.481,13.158],[45.403,13.07],[45.194,13.013],[45.118,12.962],[45.059,12.827],[45.059,12.762],[45.018,12.76],[44.979,12.782],[44.981,12.797],[45.035,12.804],[45.042,12.821],[45.015,12.859],[44.998,12.831],[44.945,12.834],[44.917,12.799],[44.872,12.804],[44.872,12.77],[44.921,12.771],[44.913,12.748],[44.881,12.73],[44.785,12.772],[44.728,12.742],[44.719,12.78],[44.694,12.803],[44.611,12.82],[44.543,12.797],[44.416,12.67],[44.407,12.685],[44.191,12.619],[44.138,12.639],[44.19,12.632],[44.191,12.66],[44.153,12.656],[44.062,12.612],[43.946,12.598],[43.895,12.653],[43.601,12.756],[43.526,12.69],[43.468,12.684],[43.481,12.773],[43.473,12.847],[43.401,12.943],[43.386,13.007],[43.342,13.063],[43.309,13.139],[43.249,13.213],[43.226,13.284],[43.248,13.349],[43.254,13.527],[43.295,13.586],[43.281,13.722],[43.243,13.794],[43.233,13.876],[43.162,13.954],[43.096,14.084],[42.987,14.489],[42.959,14.513],[42.966,14.53],[42.984,14.52],[43.021,14.442],[43.014,14.497],[43.029,14.538],[42.987,14.634],[43.0,14.663],[42.962,14.709],[42.942,14.789],[42.884,14.884],[42.883,14.916],[42.91,14.841],[42.946,14.811],[42.952,14.88],[42.937,14.948],[42.88,15.025],[42.882,15.102],[42.864,15.136],[42.733,15.209],[42.691,15.214],[42.671,15.185],[42.638,15.191],[42.61,15.244],[42.683,15.246],[42.692,15.271],[42.678,15.308],[42.712,15.366],[42.699,15.312],[42.774,15.26],[42.779,15.222],[42.795,15.209],[42.807,15.344],[42.777,15.422],[42.774,15.491],[42.719,15.57],[42.733,15.592],[42.708,15.628],[42.714,15.695],[42.692,15.702],[42.742,15.753],[42.752,15.816],[42.82,15.875],[42.835,15.915],[42.84,16.098],[42.789,16.371],[42.898,16.419],[42.907,16.479],[42.971,16.496],[43.036,16.536],[43.085,16.673],[43.18,16.665],[43.169,16.737],[43.209,16.773],[43.212,16.797],[43.146,16.834],[43.113,16.91],[43.136,17.01],[43.118,17.086],[43.156,17.21],[43.249,17.252],[43.242,17.293],[43.165,17.326],[43.303,17.459],[43.413,17.52],[43.503,17.513],[43.62,17.459],[43.731,17.352],[43.887,17.354],[43.894,17.312],[43.915,17.302],[43.939,17.305],[44.004,17.368],[44.085,17.343],[44.149,17.405],[44.212,17.391],[44.404,17.419],[44.562,17.404],[44.646,17.432],[45.165,17.428],[45.222,17.417],[45.43,17.312],[46.323,17.224],[46.71,17.275],[46.747,17.255],[46.97,16.957],[47.161,16.947],[47.428,17.092],[47.458,17.131],[47.589,17.463],[48.162,18.149],[49.036,18.58],[49.129,18.612],[51.979,18.996]]],[[[53.248,12.121],[53.287,12.127],[53.31,12.111],[53.248,12.121]]],[[[53.068,12.175],[53.087,12.149],[53.072,12.13],[52.985,12.163],[53.004,12.177],[53.068,12.175]]],[[[52.319,12.188],[52.39,12.197],[52.371,12.172],[52.388,12.149],[52.24,12.157],[52.224,12.18],[52.18,12.173],[52.162,12.197],[52.112,12.199],[52.064,12.235],[52.118,12.242],[52.2,12.206],[52.319,12.188]]],[[[43.442,12.667],[43.447,12.639],[43.436,12.632],[43.39,12.666],[43.442,12.667]]],[[[54.471,12.544],[54.516,12.558],[54.54,12.55],[54.457,12.519],[54.445,12.485],[54.402,12.467],[54.246,12.434],[54.219,12.399],[54.14,12.351],[54.048,12.353],[54.008,12.33],[53.97,12.342],[53.731,12.3],[53.572,12.335],[53.506,12.416],[53.307,12.543],[53.363,12.545],[53.389,12.561],[53.403,12.598],[53.396,12.656],[53.47,12.671],[53.5,12.712],[53.519,12.714],[53.655,12.705],[53.763,12.62],[53.846,12.599],[53.876,12.647],[54.008,12.646],[54.119,12.701],[54.168,12.665],[54.195,12.675],[54.219,12.653],[54.26,12.648],[54.471,12.544]]],[[[42.719,13.743],[42.783,13.78],[42.792,13.751],[42.744,13.688],[42.688,13.664],[42.719,13.743]]],[[[42.768,14.072],[42.802,14.023],[42.782,13.92],[42.754,13.921],[42.768,13.949],[42.722,13.969],[42.692,14.013],[42.768,14.072]]],[[[42.631,15.454],[42.582,15.392],[42.628,15.399],[42.614,15.308],[42.568,15.269],[42.546,15.294],[42.559,15.393],[42.602,15.446],[42.631,15.454]]]]}},{"type":"Feature","properties":{"name":"Hong Kong","iso":"HKG"},"geometry":{"type":"MultiPolygon","coordinates":[[[[114.235,22.556],[114.209,22.524],[114.255,22.551],[114.289,22.505],[114.335,22.506],[114.254,22.452],[114.212,22.471],[114.217,22.448],[114.202,22.458],[114.167,22.448],[114.212,22.421],[114.209,22.399],[114.238,22.435],[114.267,22.431],[114.273,22.41],[114.289,22.426],[114.276,22.444],[114.324,22.48],[114.348,22.423],[114.36,22.461],[114.37,22.44],[114.4,22.436],[114.401,22.413],[114.382,22.419],[114.37,22.398],[114.39,22.366],[114.376,22.371],[114.358,22.332],[114.319,22.389],[114.278,22.391],[114.276,22.348],[114.258,22.362],[114.273,22.321],[114.312,22.297],[114.289,22.287],[114.297,22.258],[114.256,22.322],[114.239,22.282],[114.195,22.318],[114.172,22.289],[114.16,22.322],[114.124,22.337],[114.105,22.37],[114.021,22.35],[113.971,22.387],[113.975,22.372],[113.945,22.362],[113.914,22.376],[113.897,22.409],[113.941,22.427],[113.999,22.489],[114.011,22.473],[114.03,22.478],[114.031,22.496],[114.091,22.534],[114.149,22.538],[114.173,22.564],[114.235,22.556]]],[[[114.111,22.177],[114.114,22.216],[114.107,22.236],[114.133,22.216],[114.126,22.205],[114.155,22.204],[114.139,22.191],[114.145,22.179],[114.111,22.177]]],[[[114.222,22.279],[114.251,22.259],[114.256,22.204],[114.233,22.211],[114.223,22.239],[114.219,22.192],[114.208,22.19],[114.184,22.241],[114.165,22.228],[114.113,22.272],[114.139,22.289],[114.222,22.279]]],[[[113.839,22.205],[113.851,22.257],[113.893,22.293],[113.928,22.285],[113.977,22.298],[114.017,22.336],[114.055,22.336],[114.05,22.32],[114.013,22.311],[114.019,22.265],[113.995,22.268],[114.007,22.252],[113.992,22.241],[114.015,22.227],[114.0,22.216],[113.982,22.208],[113.981,22.237],[113.946,22.237],[113.921,22.224],[113.919,22.205],[113.893,22.222],[113.839,22.205]]]]}},{"type":"Feature","properties":{"name":"Akrotiri Sovereign Base Area","iso":"WSB"},"geometry":{"type":"Polygon","coordinates":[[[33.016,34.634],[33.009,34.597],[33.03,34.569],[32.941,34.569],[32.945,34.594],[32.914,34.657],[32.834,34.671],[32.761,34.653],[32.76,34.669],[32.86,34.701],[32.866,34.679],[32.914,34.66],[32.988,34.673],[32.99,34.646],[32.966,34.652],[32.956,34.629],[33.016,34.634]]]}},{"type":"Feature","properties":{"name":"Bir Tawil","iso":"BRT"},"geometry":{"type":"Polygon","coordinates":[[[33.181,21.995],[33.625,21.995],[34.084,21.995],[33.999,21.767],[33.558,21.711],[33.181,21.995]]]}},{"type":"Feature","properties":{"name":"Australia","iso":"AUS"},"geometry":{"type":"MultiPolygon","coordinates":[[[[113.646,-24.993],[113.667,-24.934],[113.64,-24.896],[113.611,-24.893],[113.605,-24.83],[113.621,-24.796],[113.604,-24.728],[113.439,-24.533],[113.4,-24.458],[113.385,-24.249],[113.433,-24.17],[113.415,-24.049],[113.455,-23.991],[113.46,-23.91],[113.502,-23.853],[113.526,-23.765],[113.559,-23.742],[113.604,-23.625],[113.738,-23.527],[113.769,-23.458],[113.782,-23.327],[113.748,-23.162],[113.758,-23.119],[113.789,-23.097],[113.812,-23.051],[113.807,-22.931],[113.76,-22.789],[113.714,-22.741],[113.659,-22.728],[113.672,-22.669],[113.647,-22.578],[113.731,-22.48],[113.748,-22.402],[113.804,-22.331],[113.898,-22.049],[113.947,-21.953],[114.036,-21.838],[114.159,-21.792],[114.176,-21.822],[114.153,-21.846],[114.128,-21.923],[114.077,-22.175],[114.124,-22.275],[114.11,-22.331],[114.124,-22.337],[114.147,-22.295],[114.171,-22.317],[114.164,-22.356],[114.118,-22.399],[114.126,-22.438],[114.111,-22.478],[114.122,-22.504],[114.18,-22.522],[114.222,-22.468],[114.287,-22.443],[114.337,-22.494],[114.367,-22.478],[114.392,-22.358],[114.468,-22.206],[114.468,-22.172],[114.498,-22.164],[114.522,-22.069],[114.496,-22.004],[114.503,-21.996],[114.55,-22.042],[114.625,-21.919],[114.647,-21.843],[114.929,-21.694],[114.971,-21.682],[115.009,-21.693],[115.089,-21.653],[115.105,-21.665],[115.224,-21.599],[115.479,-21.501],[115.626,-21.322],[115.819,-21.226],[115.878,-21.115],[115.937,-21.059],[116.152,-20.97],[116.174,-20.943],[116.196,-20.847],[116.289,-20.863],[116.348,-20.829],[116.452,-20.815],[116.506,-20.781],[116.521,-20.751],[116.587,-20.735],[116.699,-20.659],[116.797,-20.549],[116.791,-20.535],[116.845,-20.539],[116.82,-20.55],[116.811,-20.61],[116.784,-20.657],[116.855,-20.712],[116.922,-20.698],[117.063,-20.622],[117.108,-20.635],[117.154,-20.596],[117.169,-20.609],[117.16,-20.645],[117.181,-20.674],[117.312,-20.723],[117.438,-20.723],[117.513,-20.706],[117.603,-20.657],[117.636,-20.673],[117.664,-20.657],[117.675,-20.672],[117.839,-20.617],[117.879,-20.565],[117.919,-20.555],[117.941,-20.493],[118.151,-20.356],[118.189,-20.349],[118.195,-20.371],[118.231,-20.372],[118.322,-20.336],[118.369,-20.362],[118.606,-20.31],[118.682,-20.324],[118.738,-20.292],[118.806,-20.281],[118.959,-20.104],[118.975,-20.05],[119.056,-20.01],[119.095,-19.967],[119.161,-20.007],[119.163,-19.966],[119.192,-19.959],[119.436,-20.014],[119.463,-20.0],[119.523,-20.053],[119.59,-20.066],[119.665,-20.01],[119.718,-20.004],[119.716,-19.973],[119.734,-19.963],[119.802,-19.966],[120.238,-19.907],[120.651,-19.763],[120.954,-19.634],[121.194,-19.472],[121.416,-19.222],[121.519,-19.07],[121.643,-18.81],[121.646,-18.763],[121.613,-18.712],[121.716,-18.704],[121.769,-18.657],[121.775,-18.606],[121.732,-18.581],[121.774,-18.546],[121.811,-18.463],[121.824,-18.452],[121.867,-18.471],[121.91,-18.464],[122.022,-18.385],[122.062,-18.32],[122.122,-18.294],[122.183,-18.225],[122.197,-18.239],[122.22,-18.197],[122.324,-18.151],[122.347,-18.121],[122.369,-18.064],[122.361,-18.0],[122.344,-17.983],[122.249,-17.961],[122.191,-17.999],[122.17,-17.978],[122.208,-17.911],[122.193,-17.806],[122.205,-17.711],[122.143,-17.564],[122.149,-17.341],[122.172,-17.261],[122.28,-17.139],[122.257,-17.121],[122.276,-17.089],[122.413,-16.973],[122.451,-16.95],[122.451,-16.982],[122.478,-16.971],[122.473,-16.92],[122.506,-16.92],[122.53,-16.954],[122.595,-16.971],[122.526,-16.862],[122.582,-16.78],[122.601,-16.772],[122.614,-16.796],[122.643,-16.8],[122.759,-16.759],[122.821,-16.78],[122.746,-16.703],[122.759,-16.604],[122.784,-16.566],[122.837,-16.562],[122.886,-16.512],[122.916,-16.416],[123.007,-16.374],[123.02,-16.383],[122.998,-16.423],[123.058,-16.454],[123.054,-16.471],[122.99,-16.473],[122.978,-16.505],[122.99,-16.529],[122.96,-16.58],[122.981,-16.625],[123.021,-16.614],[123.043,-16.692],[123.067,-16.684],[123.102,-16.712],[123.132,-16.686],[123.094,-16.769],[123.151,-16.808],[123.143,-16.914],[123.184,-16.929],[123.26,-17.015],[123.272,-17.086],[123.368,-17.228],[123.388,-17.316],[123.434,-17.344],[123.501,-17.43],[123.512,-17.472],[123.554,-17.519],[123.571,-17.595],[123.588,-17.571],[123.588,-17.515],[123.561,-17.447],[123.568,-17.362],[123.595,-17.314],[123.613,-17.216],[123.643,-17.204],[123.644,-17.185],[123.58,-17.094],[123.574,-17.043],[123.595,-16.985],[123.656,-16.996],[123.68,-17.06],[123.698,-17.047],[123.733,-17.066],[123.771,-17.126],[123.822,-17.156],[123.861,-17.21],[123.913,-17.216],[123.914,-17.199],[123.854,-17.163],[123.795,-17.0],[123.818,-16.996],[123.863,-17.026],[123.87,-17.005],[123.843,-16.979],[123.842,-16.947],[123.884,-16.897],[123.938,-16.868],[123.953,-16.829],[123.931,-16.8],[123.903,-16.859],[123.792,-16.891],[123.768,-16.879],[123.708,-16.742],[123.596,-16.665],[123.51,-16.654],[123.566,-16.616],[123.554,-16.594],[123.609,-16.564],[123.609,-16.546],[123.533,-16.532],[123.543,-16.567],[123.513,-16.567],[123.424,-16.491],[123.493,-16.5],[123.466,-16.464],[123.543,-16.505],[123.643,-16.526],[123.588,-16.505],[123.654,-16.484],[123.506,-16.408],[123.549,-16.412],[123.554,-16.396],[123.648,-16.428],[123.712,-16.43],[123.632,-16.365],[123.712,-16.381],[123.712,-16.334],[123.658,-16.328],[123.619,-16.293],[123.602,-16.32],[123.54,-16.265],[123.567,-16.261],[123.576,-16.242],[123.554,-16.211],[123.564,-16.185],[123.581,-16.17],[123.603,-16.176],[123.595,-16.156],[123.719,-16.156],[123.724,-16.136],[123.75,-16.163],[123.774,-16.163],[123.809,-16.199],[123.767,-16.204],[123.769,-16.217],[123.828,-16.231],[123.813,-16.246],[123.733,-16.259],[123.803,-16.308],[123.863,-16.327],[123.866,-16.368],[123.835,-16.368],[123.863,-16.43],[123.869,-16.416],[123.89,-16.43],[123.892,-16.339],[123.993,-16.378],[123.951,-16.294],[123.986,-16.279],[123.911,-16.217],[124.029,-16.249],[124.038,-16.263],[124.126,-16.272],[124.167,-16.297],[124.199,-16.375],[124.223,-16.396],[124.342,-16.408],[124.386,-16.351],[124.474,-16.393],[124.592,-16.401],[124.769,-16.385],[124.804,-16.418],[124.879,-16.421],[124.904,-16.402],[124.841,-16.405],[124.697,-16.344],[124.573,-16.326],[124.476,-16.348],[124.402,-16.329],[124.383,-16.283],[124.397,-16.239],[124.378,-16.215],[124.395,-16.167],[124.426,-16.154],[124.434,-16.058],[124.466,-16.06],[124.473,-16.115],[124.52,-16.176],[124.547,-16.128],[124.57,-16.11],[124.596,-16.115],[124.584,-15.989],[124.616,-15.977],[124.61,-15.899],[124.643,-15.866],[124.666,-15.862],[124.684,-15.881],[124.709,-15.821],[124.733,-15.807],[124.679,-15.792],[124.61,-15.807],[124.486,-15.998],[124.493,-15.95],[124.438,-15.826],[124.439,-15.85],[124.404,-15.875],[124.376,-15.676],[124.381,-15.664],[124.397,-15.676],[124.404,-15.635],[124.418,-15.669],[124.428,-15.622],[124.418,-15.604],[124.397,-15.608],[124.403,-15.559],[124.376,-15.525],[124.425,-15.536],[124.448,-15.525],[124.473,-15.469],[124.504,-15.467],[124.578,-15.507],[124.63,-15.505],[124.64,-15.416],[124.654,-15.472],[124.683,-15.474],[124.692,-15.457],[124.673,-15.443],[124.673,-15.418],[124.683,-15.392],[124.733,-15.358],[124.705,-15.333],[124.67,-15.352],[124.667,-15.324],[124.689,-15.32],[124.698,-15.298],[124.664,-15.292],[124.664,-15.25],[124.698,-15.265],[124.709,-15.25],[124.716,-15.275],[124.757,-15.285],[124.74,-15.333],[124.798,-15.292],[124.835,-15.318],[124.822,-15.354],[124.906,-15.352],[124.958,-15.407],[124.993,-15.422],[124.976,-15.469],[125.0,-15.473],[125.0,-25.0],[113.646,-24.993]]],[[[125.0,-15.302],[124.918,-15.34],[124.883,-15.289],[124.925,-15.247],[124.925,-15.229],[124.971,-15.208],[125.0,-15.221],[125.0,-15.302]]],[[[124.994,-15.181],[124.98,-15.162],[124.963,-15.19],[124.87,-15.25],[124.877,-15.224],[124.856,-15.23],[124.87,-15.166],[124.834,-15.165],[124.872,-15.109],[124.917,-15.102],[124.973,-15.135],[125.0,-15.095],[124.994,-15.181]]],[[[113.152,-24.927],[113.118,-24.995],[113.133,-24.802],[113.152,-24.756],[113.158,-24.802],[113.135,-24.892],[113.136,-24.917],[113.152,-24.927]]],[[[115.47,-20.746],[115.438,-20.819],[115.396,-20.864],[115.365,-20.877],[115.336,-20.85],[115.318,-20.873],[115.296,-20.857],[115.33,-20.773],[115.429,-20.669],[115.451,-20.668],[115.47,-20.746]]],[[[124.423,-15.246],[124.452,-15.265],[124.432,-15.309],[124.397,-15.299],[124.376,-15.319],[124.336,-15.3],[124.408,-15.272],[124.423,-15.246]]],[[[124.602,-15.344],[124.628,-15.387],[124.65,-15.395],[124.531,-15.44],[124.518,-15.413],[124.535,-15.415],[124.583,-15.374],[124.538,-15.368],[124.507,-15.381],[124.514,-15.361],[124.498,-15.378],[124.459,-15.361],[124.48,-15.318],[124.507,-15.326],[124.514,-15.292],[124.493,-15.292],[124.504,-15.279],[124.569,-15.244],[124.551,-15.306],[124.574,-15.31],[124.576,-15.333],[124.602,-15.344]]],[[[124.922,-14.984],[124.938,-14.998],[124.927,-15.029],[124.864,-14.973],[124.887,-14.953],[124.904,-14.97],[124.925,-14.936],[124.922,-14.984]]]]}},{"type":"Feature","properties":{"name":"Madagascar","iso":"MDG"},"geometry":{"type":"MultiPolygon","coordinates":[[[[44.251,-20.344],[44.334,-20.17],[44.439,-20.055],[44.474,-19.986],[44.472,-19.879],[44.453,-19.877],[44.44,-19.842],[44.398,-19.824],[44.371,-19.774],[44.41,-19.701],[44.405,-19.61],[44.433,-19.589],[44.448,-19.544],[44.484,-19.523],[44.48,-19.484],[44.445,-19.386],[44.378,-19.313],[44.344,-19.236],[44.234,-19.089],[44.257,-18.804],[44.186,-18.611],[44.05,-18.427],[44.042,-18.397],[44.042,-18.198],[44.001,-17.938],[44.036,-17.769],[43.929,-17.602],[43.924,-17.546],[43.943,-17.456],[44.012,-17.334],[44.036,-17.33],[44.138,-17.171],[44.152,-17.094],[44.18,-17.095],[44.238,-16.971],[44.431,-16.7],[44.44,-16.656],[44.412,-16.573],[44.428,-16.538],[44.44,-16.567],[44.456,-16.541],[44.463,-16.485],[44.401,-16.373],[44.398,-16.34],[44.436,-16.279],[44.445,-16.196],[44.537,-16.177],[44.782,-16.191],[44.836,-16.221],[44.868,-16.221],[44.891,-16.191],[44.961,-16.17],[44.953,-16.163],[45.04,-16.118],[45.139,-15.991],[45.266,-15.924],[45.296,-16.037],[45.298,-16.112],[45.329,-16.11],[45.358,-16.077],[45.406,-16.055],[45.41,-16.031],[45.371,-15.995],[45.379,-15.974],[45.57,-15.943],[45.59,-15.988],[45.58,-16.041],[45.598,-16.032],[45.605,-16.052],[45.622,-16.032],[45.612,-15.981],[45.638,-15.943],[45.646,-15.891],[45.621,-15.851],[45.661,-15.804],[45.704,-15.782],[45.802,-15.817],[45.898,-15.775],[45.949,-15.774],[45.959,-15.84],[46.066,-15.862],[46.05,-15.826],[46.071,-15.779],[46.01,-15.814],[46.016,-15.792],[46.074,-15.731],[46.144,-15.704],[46.236,-15.717],[46.249,-15.758],[46.207,-15.82],[46.331,-15.977],[46.338,-15.936],[46.365,-15.964],[46.385,-15.959],[46.386,-15.902],[46.412,-15.9],[46.469,-15.957],[46.479,-15.949],[46.444,-15.881],[46.383,-15.835],[46.299,-15.816],[46.356,-15.733],[46.304,-15.71],[46.333,-15.63],[46.482,-15.491],[46.489,-15.512],[46.605,-15.424],[46.68,-15.415],[46.636,-15.399],[46.643,-15.378],[46.701,-15.364],[46.879,-15.225],[46.949,-15.198],[46.971,-15.198],[46.997,-15.282],[47.075,-15.324],[47.05,-15.375],[47.012,-15.405],[46.967,-15.492],[46.958,-15.55],[46.969,-15.552],[46.997,-15.495],[47.232,-15.433],[47.231,-15.41],[47.199,-15.4],[47.179,-15.365],[47.166,-15.296],[47.112,-15.306],[47.12,-15.258],[47.088,-15.255],[47.056,-15.194],[47.092,-15.135],[47.206,-15.047],[47.241,-14.97],[47.292,-14.923],[47.372,-14.891],[47.368,-14.847],[47.309,-14.875],[47.284,-14.847],[47.445,-14.672],[47.465,-14.665],[47.496,-14.712],[47.493,-14.783],[47.517,-14.82],[47.421,-14.966],[47.41,-15.088],[47.428,-15.108],[47.482,-15.08],[47.523,-14.999],[47.551,-14.977],[47.563,-14.985],[47.571,-14.933],[47.652,-14.759],[47.797,-14.566],[47.859,-14.641],[47.914,-14.662],[47.921,-14.71],[47.936,-14.672],[47.914,-14.641],[47.942,-14.619],[47.969,-14.622],[47.996,-14.675],[48.0,-14.762],[48.022,-14.708],[48.013,-14.63],[47.926,-14.567],[47.84,-14.591],[47.804,-14.546],[47.753,-14.601],[47.721,-14.545],[47.736,-14.525],[47.702,-14.446],[47.722,-14.338],[47.774,-14.29],[47.791,-14.223],[47.814,-14.216],[47.861,-14.249],[47.927,-14.246],[47.944,-14.233],[47.955,-14.185],[47.942,-14.135],[47.907,-14.1],[47.92,-14.086],[48.014,-14.141],[47.979,-14.262],[47.983,-14.325],[48.003,-14.318],[48.003,-14.285],[48.034,-14.262],[48.011,-14.21],[48.045,-14.152],[48.048,-14.084],[47.941,-14.004],[48.017,-13.965],[48.017,-13.953],[47.917,-13.898],[47.876,-13.784],[47.884,-13.728],[47.928,-13.709],[47.895,-13.679],[47.904,-13.603],[47.918,-13.583],[47.953,-13.59],[47.966,-13.521],[47.985,-13.507],[48.003,-13.517],[47.983,-13.543],[47.99,-13.558],[48.011,-13.552],[48.015,-13.58],[48.051,-13.544],[48.031,-13.517],[48.068,-13.517],[48.084,-13.529],[48.099,-13.599],[48.142,-13.595],[48.175,-13.716],[48.194,-13.727],[48.181,-13.747],[48.192,-13.767],[48.248,-13.8],[48.299,-13.798],[48.341,-13.756],[48.325,-13.73],[48.332,-13.661],[48.36,-13.599],[48.333,-13.546],[48.364,-13.544],[48.394,-13.586],[48.428,-13.524],[48.49,-13.517],[48.49,-13.497],[48.534,-13.521],[48.482,-13.415],[48.482,-13.36],[48.507,-13.373],[48.524,-13.411],[48.605,-13.445],[48.711,-13.432],[48.78,-13.384],[48.805,-13.353],[48.788,-13.333],[48.839,-13.26],[48.819,-13.176],[48.844,-13.081],[48.906,-12.961],[48.942,-12.928],[48.955,-12.812],[48.915,-12.75],[48.902,-12.682],[48.866,-12.647],[48.887,-12.565],[48.868,-12.551],[48.839,-12.565],[48.839,-12.535],[48.774,-12.435],[48.771,-12.455],[48.73,-12.435],[48.76,-12.398],[48.853,-12.414],[48.904,-12.489],[48.946,-12.48],[48.985,-12.333],[49.024,-12.326],[49.065,-12.277],[49.08,-12.295],[49.12,-12.243],[49.151,-12.251],[49.168,-12.216],[49.161,-12.182],[49.202,-12.147],[49.141,-12.099],[49.093,-12.099],[49.161,-12.051],[49.223,-12.106],[49.217,-12.065],[49.182,-12.044],[49.243,-11.954],[49.278,-11.948],[49.316,-11.986],[49.323,-12.029],[49.349,-12.066],[49.353,-12.146],[49.373,-12.198],[49.329,-12.157],[49.285,-12.178],[49.264,-12.14],[49.24,-12.163],[49.249,-12.18],[49.23,-12.222],[49.292,-12.239],[49.271,-12.264],[49.282,-12.285],[49.307,-12.255],[49.326,-12.277],[49.32,-12.295],[49.349,-12.299],[49.367,-12.292],[49.358,-12.246],[49.381,-12.223],[49.422,-12.274],[49.456,-12.373],[49.497,-12.346],[49.539,-12.378],[49.538,-12.407],[49.49,-12.407],[49.528,-12.443],[49.559,-12.421],[49.586,-12.482],[49.595,-12.53],[49.592,-12.543],[49.575,-12.53],[49.572,-12.49],[49.566,-12.517],[49.581,-12.574],[49.563,-12.628],[49.575,-12.657],[49.6,-12.647],[49.653,-12.695],[49.675,-12.757],[49.655,-12.805],[49.689,-12.805],[49.719,-12.74],[49.744,-12.743],[49.737,-12.757],[49.805,-12.805],[49.815,-12.866],[49.874,-12.888],[49.875,-12.908],[49.853,-12.924],[49.904,-12.962],[49.942,-13.034],[49.942,-13.219],[49.973,-13.271],[49.977,-13.346],[50.024,-13.346],[50.033,-13.361],[50.024,-13.412],[50.041,-13.497],[50.073,-13.544],[50.079,-13.606],[50.099,-13.615],[50.097,-13.676],[50.143,-13.783],[50.153,-13.983],[50.176,-14.086],[50.164,-14.223],[50.213,-14.287],[50.189,-14.439],[50.211,-14.615],[50.241,-14.706],[50.232,-14.738],[50.21,-14.751],[50.265,-14.798],[50.284,-14.879],[50.355,-15.033],[50.422,-15.118],[50.44,-15.168],[50.49,-15.219],[50.504,-15.316],[50.488,-15.354],[50.483,-15.443],[50.463,-15.47],[50.43,-15.6],[50.341,-15.764],[50.337,-15.811],[50.23,-15.971],[50.168,-15.985],[50.148,-15.935],[50.131,-15.919],[50.107,-15.923],[50.039,-15.859],[50.025,-15.771],[49.97,-15.718],[49.963,-15.669],[49.976,-15.627],[49.906,-15.562],[49.901,-15.422],[49.718,-15.447],[49.638,-15.545],[49.662,-15.642],[49.648,-15.683],[49.677,-15.719],[49.734,-15.906],[49.684,-16.02],[49.69,-16.087],[49.729,-16.139],[49.823,-16.18],[49.85,-16.241],[49.827,-16.373],[49.832,-16.408],[49.863,-16.445],[49.854,-16.54],[49.797,-16.641],[49.723,-16.708],[49.725,-16.754],[49.768,-16.816],[49.84,-16.828],[49.608,-16.897],[49.529,-17.042],[49.431,-17.284],[49.421,-17.355],[49.456,-17.417],[49.51,-17.728],[49.414,-18.067],[49.418,-18.115],[49.441,-18.154],[49.415,-18.17],[49.384,-18.226],[49.359,-18.424],[49.243,-18.657],[49.191,-18.843],[49.077,-19.066],[48.986,-19.379],[48.86,-19.685],[48.824,-19.903],[48.791,-19.993],[48.76,-19.955],[48.75,-19.966],[48.782,-20.037],[48.699,-20.2],[48.562,-20.577],[48.462,-20.932],[48.43,-20.979],[48.434,-20.994],[48.455,-20.985],[48.456,-21.014],[48.379,-21.224],[48.357,-21.354],[48.202,-21.796],[47.947,-22.348],[47.901,-22.481],[47.834,-22.901],[47.762,-23.11],[47.738,-23.255],[47.619,-23.591],[47.597,-23.563],[47.575,-23.599],[47.616,-23.614],[47.62,-23.64],[47.569,-23.853],[47.497,-24.016],[47.448,-24.045],[47.448,-24.085],[47.371,-24.27],[47.325,-24.27],[47.338,-24.324],[47.312,-24.486],[47.203,-24.716],[47.194,-24.778],[47.143,-24.814],[47.129,-24.845],[47.137,-24.909],[47.126,-24.934],[47.106,-24.879],[47.097,-24.893],[47.087,-24.968],[47.027,-25.0],[44.029,-24.999],[44.001,-24.865],[43.918,-24.742],[43.918,-24.619],[43.855,-24.551],[43.84,-24.506],[43.707,-24.406],[43.673,-24.335],[43.656,-24.185],[43.67,-24.013],[43.652,-23.916],[43.665,-23.879],[43.625,-23.762],[43.639,-23.741],[43.642,-23.639],[43.748,-23.57],[43.735,-23.509],[43.761,-23.464],[43.701,-23.395],[43.631,-23.345],[43.583,-23.076],[43.488,-23.002],[43.361,-22.843],[43.316,-22.645],[43.285,-22.587],[43.278,-22.426],[43.223,-22.255],[43.247,-22.218],[43.274,-22.216],[43.295,-22.234],[43.302,-22.219],[43.295,-22.166],[43.261,-22.166],[43.247,-22.126],[43.247,-22.035],[43.302,-21.864],[43.314,-21.879],[43.309,-21.932],[43.329,-21.905],[43.336,-21.769],[43.431,-21.662],[43.473,-21.672],[43.473,-21.405],[43.507,-21.31],[43.523,-21.327],[43.587,-21.275],[43.68,-21.266],[43.735,-21.282],[43.813,-21.224],[43.864,-21.076],[43.902,-20.883],[43.965,-20.767],[44.036,-20.726],[44.09,-20.631],[44.126,-20.498],[44.152,-20.466],[44.159,-20.493],[44.197,-20.422],[44.255,-20.376],[44.251,-20.344]]],[[[49.959,-16.765],[49.973,-16.721],[50.024,-16.69],[49.908,-16.967],[49.826,-17.094],[49.817,-17.067],[49.857,-16.92],[49.959,-16.765]]],[[[48.339,-13.368],[48.365,-13.388],[48.35,-13.412],[48.236,-13.387],[48.229,-13.401],[48.216,-13.395],[48.195,-13.319],[48.204,-13.27],[48.189,-13.264],[48.199,-13.251],[48.269,-13.268],[48.269,-13.201],[48.318,-13.2],[48.315,-13.247],[48.354,-13.312],[48.339,-13.368]]]]}},{"type":"Feature","properties":{"name":"Philippines","iso":"PHL"},"geometry":{"type":"MultiPolygon","coordinates":[[[[120.873,5.572],[120.905,5.538],[120.898,5.499],[120.851,5.505],[120.82,5.543],[120.873,5.572]]],[[[121.929,6.045],[121.943,6.034],[121.868,6.0],[121.805,6.037],[121.777,6.077],[121.871,6.033],[121.929,6.045]]],[[[122.952,7.386],[122.944,7.349],[122.855,7.315],[122.842,7.294],[122.817,7.295],[122.801,7.321],[122.794,7.384],[122.804,7.417],[122.828,7.431],[122.883,7.397],[122.905,7.438],[122.972,7.384],[122.952,7.386]]],[[[121.259,9.645],[121.235,9.594],[121.211,9.576],[121.259,9.645]]],[[[124.964,5.859],[124.606,5.992],[124.586,6.023],[124.246,6.187],[124.202,6.222],[124.165,6.294],[124.072,6.402],[124.033,6.542],[124.056,6.553],[124.037,6.8],[124.017,6.808],[123.997,6.786],[123.966,6.821],[123.975,6.965],[124.029,7.115],[124.167,7.208],[124.219,7.28],[124.221,7.347],[124.247,7.404],[124.176,7.416],[124.095,7.561],[124.021,7.633],[123.911,7.699],[123.794,7.711],[123.704,7.809],[123.587,7.839],[123.48,7.823],[123.445,7.801],[123.448,7.766],[123.498,7.709],[123.486,7.664],[123.445,7.63],[123.4,7.619],[123.392,7.576],[123.362,7.589],[123.354,7.572],[123.403,7.492],[123.452,7.453],[123.458,7.409],[123.431,7.369],[123.342,7.42],[123.286,7.483],[123.28,7.52],[123.244,7.524],[123.213,7.489],[123.184,7.481],[123.141,7.513],[123.122,7.551],[123.128,7.573],[123.177,7.589],[123.187,7.626],[123.14,7.661],[123.118,7.741],[123.05,7.655],[123.054,7.623],[123.033,7.606],[123.04,7.582],[123.012,7.528],[123.007,7.472],[122.951,7.486],[122.917,7.548],[122.882,7.517],[122.876,7.476],[122.822,7.459],[122.807,7.466],[122.81,7.486],[122.786,7.492],[122.797,7.536],[122.828,7.528],[122.794,7.671],[122.815,7.743],[122.804,7.759],[122.739,7.754],[122.704,7.788],[122.619,7.774],[122.511,7.696],[122.444,7.609],[122.434,7.579],[122.486,7.579],[122.468,7.523],[122.444,7.5],[122.451,7.541],[122.44,7.542],[122.36,7.473],[122.348,7.453],[122.379,7.392],[122.373,7.373],[122.345,7.332],[122.3,7.321],[122.28,7.295],[122.243,7.099],[122.202,7.043],[122.154,6.928],[122.119,6.896],[122.096,6.897],[121.937,6.979],[121.899,7.057],[121.898,7.14],[121.933,7.218],[122.051,7.308],[122.033,7.34],[122.047,7.453],[122.078,7.528],[122.146,7.589],[122.114,7.603],[122.123,7.7],[122.097,7.745],[122.129,7.815],[122.252,7.98],[122.36,8.04],[122.6,8.093],[122.65,8.116],[122.679,8.164],[122.692,8.132],[122.735,8.115],[122.945,8.162],[123.014,8.232],[122.964,8.274],[122.958,8.308],[122.996,8.343],[122.992,8.397],[123.042,8.49],[123.067,8.515],[123.195,8.542],[123.242,8.519],[123.318,8.534],[123.372,8.633],[123.411,8.631],[123.436,8.649],[123.392,8.709],[123.411,8.726],[123.488,8.692],[123.513,8.699],[123.522,8.623],[123.568,8.61],[123.581,8.583],[123.617,8.671],[123.633,8.668],[123.629,8.651],[123.723,8.628],[123.739,8.603],[123.759,8.607],[123.845,8.452],[123.883,8.164],[123.768,8.059],[123.685,8.037],[123.671,7.969],[123.689,7.968],[123.969,8.168],[124.036,8.19],[124.198,8.196],[124.232,8.213],[124.275,8.281],[124.262,8.325],[124.322,8.515],[124.406,8.608],[124.47,8.625],[124.48,8.583],[124.526,8.571],[124.583,8.521],[124.657,8.515],[124.636,8.432],[124.663,8.476],[124.712,8.473],[124.753,8.5],[124.75,8.552],[124.774,8.596],[124.746,8.671],[124.788,8.734],[124.782,8.971],[124.821,9.015],[124.915,8.994],[125.0,8.933],[125.0,5.871],[124.964,5.859]]],[[[124.385,10.68],[124.378,10.628],[124.301,10.59],[124.284,10.604],[124.328,10.704],[124.355,10.711],[124.385,10.68]]],[[[124.504,10.693],[124.521,10.666],[124.509,10.642],[124.462,10.631],[124.409,10.648],[124.408,10.684],[124.436,10.714],[124.504,10.693]]],[[[119.64,11.058],[119.648,11.015],[119.613,11.008],[119.58,11.046],[119.58,11.098],[119.64,11.058]]],[[[119.628,11.19],[119.61,11.157],[119.57,11.144],[119.573,11.179],[119.604,11.199],[119.628,11.19]]],[[[124.621,11.554],[124.609,11.487],[124.486,11.488],[124.473,11.474],[124.413,11.546],[124.349,11.68],[124.431,11.695],[124.523,11.686],[124.556,11.66],[124.592,11.574],[124.621,11.554]]],[[[124.822,11.621],[124.856,11.605],[124.832,11.536],[124.809,11.577],[124.788,11.57],[124.776,11.63],[124.741,11.651],[124.722,11.693],[124.733,11.722],[124.789,11.685],[124.822,11.621]]],[[[122.317,18.377],[122.325,18.337],[122.307,18.251],[122.263,18.186],[122.17,18.1],[122.183,17.984],[122.136,17.737],[122.156,17.707],[122.163,17.593],[122.197,17.495],[122.24,17.427],[122.251,17.36],[122.287,17.361],[122.314,17.34],[122.365,17.354],[122.403,17.306],[122.398,17.329],[122.415,17.319],[122.444,17.266],[122.409,17.275],[122.423,17.221],[122.417,17.146],[122.451,17.114],[122.501,17.14],[122.529,17.091],[122.473,16.99],[122.465,16.895],[122.423,16.794],[122.3,16.565],[122.239,16.504],[122.232,16.466],[122.204,16.435],[122.218,16.395],[122.232,16.415],[122.192,16.317],[122.197,16.292],[122.232,16.319],[122.204,16.237],[122.177,16.23],[122.077,16.133],[122.059,16.078],[121.998,16.031],[122.033,16.117],[122.081,16.148],[122.102,16.208],[122.133,16.225],[122.135,16.261],[122.087,16.255],[122.067,16.19],[122.051,16.181],[121.868,16.12],[121.83,16.09],[121.752,16.077],[121.567,15.916],[121.555,15.829],[121.575,15.774],[121.632,15.757],[121.642,15.737],[121.594,15.675],[121.629,15.661],[121.574,15.627],[121.562,15.591],[121.496,15.532],[121.473,15.438],[121.426,15.374],[121.39,15.378],[121.379,15.308],[121.391,15.266],[121.414,15.232],[121.481,15.183],[121.508,15.063],[121.615,14.873],[121.594,14.859],[121.725,14.731],[121.726,14.72],[121.649,14.711],[121.614,14.69],[121.608,14.63],[121.662,14.417],[121.735,14.329],[121.732,14.28],[121.759,14.247],[121.732,14.188],[121.78,14.126],[121.936,13.995],[122.088,13.938],[122.232,13.906],[122.222,13.952],[122.183,13.989],[122.293,13.97],[122.296,14.003],[122.314,14.016],[122.209,14.088],[122.163,14.168],[122.183,14.147],[122.196,14.184],[122.244,14.196],[122.252,14.25],[122.264,14.247],[122.259,14.188],[122.273,14.133],[122.284,14.126],[122.293,14.14],[122.299,14.129],[122.3,14.092],[122.346,14.131],[122.331,14.2],[122.355,14.195],[122.348,14.222],[122.377,14.229],[122.366,14.261],[122.416,14.325],[122.431,14.318],[122.483,14.347],[122.519,14.325],[122.505,14.346],[122.528,14.349],[122.601,14.325],[122.605,14.301],[122.622,14.311],[122.644,14.285],[122.65,14.298],[122.691,14.291],[122.674,14.316],[122.68,14.351],[122.704,14.346],[122.722,14.316],[122.753,14.332],[122.803,14.287],[122.873,14.265],[122.903,14.211],[122.931,14.202],[123.012,14.106],[123.042,14.098],[123.033,14.023],[123.082,13.989],[123.088,13.901],[123.056,13.861],[123.05,13.776],[123.108,13.722],[123.225,13.731],[123.267,13.749],[123.302,13.789],[123.315,13.821],[123.28,13.906],[123.326,13.94],[123.335,13.982],[123.313,13.941],[123.29,13.935],[123.235,13.964],[123.218,13.993],[123.254,14.014],[123.239,14.023],[123.259,14.031],[123.252,14.068],[123.314,14.051],[123.301,14.072],[123.335,14.072],[123.332,14.1],[123.362,14.044],[123.345,14.04],[123.346,14.016],[123.39,14.037],[123.376,14.01],[123.396,14.01],[123.417,13.906],[123.445,13.962],[123.478,13.951],[123.493,13.921],[123.539,13.925],[123.681,13.885],[123.712,13.934],[123.804,13.838],[123.938,13.784],[123.969,13.74],[123.966,13.715],[123.938,13.743],[123.925,13.729],[123.859,13.743],[123.797,13.688],[123.743,13.71],[123.667,13.718],[123.648,13.704],[123.588,13.729],[123.57,13.723],[123.527,13.606],[123.539,13.601],[123.536,13.563],[123.561,13.571],[123.605,13.517],[123.667,13.486],[123.725,13.41],[123.743,13.34],[123.795,13.308],[123.822,13.243],[123.825,13.26],[123.836,13.256],[123.856,13.229],[123.768,13.224],[123.75,13.155],[123.77,13.111],[123.746,13.092],[123.746,13.064],[123.798,13.055],[123.883,13.146],[123.992,13.092],[124.082,13.01],[124.116,13.074],[124.185,13.057],[124.186,13.021],[124.153,13.001],[124.116,12.916],[124.143,12.814],[124.129,12.677],[124.088,12.629],[124.095,12.594],[124.082,12.584],[124.095,12.557],[124.055,12.537],[123.983,12.547],[123.933,12.622],[123.914,12.619],[123.879,12.645],[123.843,12.716],[123.842,12.801],[123.794,12.831],[123.839,12.839],[123.863,12.872],[123.907,12.842],[123.94,12.848],[123.959,12.88],[124.002,12.88],[124.029,12.912],[124.025,12.955],[123.959,12.954],[123.893,12.975],[123.839,12.888],[123.784,12.865],[123.763,12.879],[123.725,12.845],[123.712,12.872],[123.733,12.89],[123.69,12.889],[123.698,12.865],[123.677,12.884],[123.698,12.931],[123.668,12.924],[123.649,12.886],[123.605,12.893],[123.559,12.938],[123.503,12.965],[123.441,13.037],[123.385,13.044],[123.31,13.012],[123.279,13.12],[123.305,13.199],[123.301,13.236],[123.247,13.279],[123.191,13.359],[123.197,13.387],[123.169,13.449],[123.065,13.502],[122.972,13.528],[122.859,13.606],[122.815,13.654],[122.863,13.695],[122.789,13.769],[122.753,13.784],[122.771,13.791],[122.753,13.81],[122.691,13.832],[122.653,13.826],[122.643,13.839],[122.653,13.862],[122.584,13.906],[122.537,13.961],[122.516,13.934],[122.459,13.938],[122.416,13.962],[122.413,13.948],[122.51,13.82],[122.512,13.736],[122.491,13.741],[122.486,13.722],[122.498,13.652],[122.55,13.595],[122.636,13.537],[122.632,13.521],[122.567,13.564],[122.654,13.44],[122.673,13.379],[122.691,13.229],[122.588,13.174],[122.505,13.239],[122.519,13.311],[122.501,13.368],[122.369,13.55],[122.319,13.592],[122.259,13.592],[122.259,13.606],[122.194,13.623],[122.118,13.752],[122.06,13.805],[122.054,13.785],[121.989,13.81],[121.937,13.852],[121.827,13.9],[121.786,13.949],[121.725,13.969],[121.69,13.926],[121.485,13.852],[121.433,13.796],[121.436,13.701],[121.464,13.695],[121.43,13.657],[121.375,13.667],[121.279,13.595],[121.159,13.639],[121.08,13.619],[121.039,13.633],[121.053,13.722],[121.04,13.759],[121.004,13.781],[120.981,13.78],[120.903,13.693],[120.887,13.694],[120.881,13.717],[120.926,13.762],[120.929,13.784],[120.909,13.805],[120.912,13.882],[120.877,13.912],[120.705,13.927],[120.701,13.896],[120.723,13.855],[120.662,13.859],[120.653,13.846],[120.67,13.787],[120.663,13.775],[120.65,13.784],[120.628,13.811],[120.618,13.932],[120.601,13.969],[120.635,13.992],[120.617,14.018],[120.619,14.104],[120.58,14.133],[120.597,14.157],[120.573,14.175],[120.601,14.181],[120.587,14.2],[120.627,14.27],[120.713,14.299],[120.878,14.459],[120.926,14.465],[120.97,14.502],[120.984,14.534],[120.943,14.654],[120.902,14.719],[120.847,14.744],[120.841,14.761],[120.642,14.787],[120.621,14.873],[120.621,14.832],[120.594,14.818],[120.606,14.885],[120.586,14.903],[120.573,14.839],[120.553,14.85],[120.545,14.837],[120.536,14.723],[120.582,14.648],[120.575,14.622],[120.598,14.506],[120.588,14.467],[120.565,14.441],[120.491,14.442],[120.467,14.421],[120.456,14.439],[120.402,14.456],[120.382,14.48],[120.367,14.621],[120.285,14.654],[120.242,14.73],[120.273,14.747],[120.244,14.767],[120.292,14.826],[120.268,14.83],[120.26,14.852],[120.209,14.88],[120.176,14.757],[120.128,14.767],[120.08,14.804],[120.1,14.826],[120.08,14.818],[120.057,14.893],[120.053,15.062],[120.018,15.206],[120.002,15.22],[120.005,15.269],[119.888,15.429],[119.909,15.452],[119.902,15.483],[119.941,15.476],[119.964,15.514],[119.904,15.597],[119.92,15.69],[119.867,15.743],[119.894,15.764],[119.895,15.874],[119.854,15.949],[119.828,15.956],[119.771,15.915],[119.756,15.945],[119.758,16.059],[119.778,16.138],[119.756,16.203],[119.802,16.358],[119.87,16.385],[119.916,16.381],[119.926,16.345],[119.902,16.251],[119.97,16.227],[120.015,16.182],[120.05,16.181],[120.088,16.157],[120.106,16.07],[120.139,16.046],[120.209,16.033],[120.292,16.056],[120.307,16.045],[120.299,16.017],[120.334,16.059],[120.363,16.055],[120.361,16.073],[120.326,16.066],[120.329,16.079],[120.402,16.165],[120.397,16.229],[120.354,16.292],[120.354,16.271],[120.336,16.292],[120.299,16.494],[120.307,16.545],[120.276,16.612],[120.307,16.614],[120.303,16.655],[120.326,16.713],[120.32,16.819],[120.427,16.962],[120.436,17.008],[120.402,17.207],[120.408,17.323],[120.444,17.388],[120.402,17.519],[120.341,17.539],[120.334,17.556],[120.353,17.678],[120.412,17.713],[120.416,17.745],[120.391,17.781],[120.428,17.838],[120.428,17.917],[120.477,18.005],[120.47,18.091],[120.579,18.325],[120.585,18.405],[120.561,18.487],[120.57,18.502],[120.611,18.539],[120.691,18.534],[120.771,18.561],[120.779,18.622],[120.813,18.645],[120.851,18.639],[120.892,18.58],[120.927,18.566],[121.018,18.617],[121.073,18.622],[121.107,18.643],[121.171,18.625],[121.266,18.555],[121.592,18.385],[121.65,18.314],[121.635,18.335],[121.645,18.369],[121.853,18.288],[121.917,18.279],[121.987,18.29],[122.04,18.32],[122.079,18.379],[122.119,18.403],[122.153,18.519],[122.235,18.515],[122.252,18.443],[122.317,18.377]]],[[[120.253,5.252],[120.217,5.115],[120.185,5.136],[120.182,5.204],[120.169,5.183],[120.146,5.183],[120.121,5.218],[120.1,5.157],[120.025,5.161],[120.005,5.129],[119.98,5.126],[119.954,5.076],[119.922,5.088],[119.892,5.06],[119.83,5.049],[119.819,5.06],[119.822,5.131],[119.943,5.19],[119.965,5.223],[120.087,5.259],[120.097,5.29],[120.188,5.345],[120.214,5.34],[120.216,5.277],[120.244,5.274],[120.253,5.252]]],[[[120.595,6.376],[120.604,6.33],[120.577,6.252],[120.546,6.238],[120.495,6.249],[120.492,6.267],[120.522,6.277],[120.57,6.372],[120.595,6.376]]],[[[122.329,6.614],[122.321,6.589],[122.235,6.571],[122.189,6.451],[122.058,6.414],[121.962,6.405],[121.95,6.445],[121.88,6.503],[121.875,6.575],[121.814,6.593],[121.807,6.619],[121.822,6.661],[121.94,6.677],[122.023,6.737],[122.067,6.741],[122.329,6.614]]],[[[118.521,7.013],[118.531,6.979],[118.503,6.971],[118.445,6.982],[118.427,7.018],[118.456,7.041],[118.51,7.047],[118.544,7.013],[118.521,7.013]]],[[[117.085,8.058],[117.092,8.012],[117.072,7.993],[117.087,7.872],[117.024,7.822],[117.034,7.805],[117.01,7.8],[116.956,7.921],[116.962,8.062],[116.982,8.027],[116.997,8.027],[117.013,8.062],[117.058,8.07],[117.085,8.058]]],[[[117.031,8.068],[116.996,8.103],[117.045,8.136],[117.068,8.086],[117.031,8.068]]],[[[117.19,8.177],[117.206,8.156],[117.185,8.15],[117.152,8.17],[117.19,8.177]]],[[[117.355,8.303],[117.36,8.219],[117.343,8.197],[117.29,8.184],[117.27,8.268],[117.284,8.323],[117.319,8.329],[117.355,8.303]]],[[[117.253,8.322],[117.264,8.301],[117.19,8.262],[117.189,8.3],[117.243,8.343],[117.236,8.323],[117.253,8.322]]],[[[124.746,9.239],[124.808,9.157],[124.801,9.096],[124.77,9.077],[124.672,9.125],[124.636,9.182],[124.647,9.219],[124.709,9.25],[124.746,9.239]]],[[[123.683,9.188],[123.722,9.149],[123.703,9.128],[123.653,9.123],[123.632,9.098],[123.561,9.114],[123.471,9.185],[123.5,9.22],[123.518,9.21],[123.565,9.226],[123.603,9.255],[123.614,9.289],[123.642,9.294],[123.704,9.233],[123.683,9.188]]],[[[124.55,9.862],[124.624,9.802],[124.596,9.737],[124.52,9.74],[124.514,9.767],[124.5,9.768],[124.429,9.715],[124.41,9.658],[124.294,9.607],[124.065,9.595],[123.938,9.617],[123.872,9.645],[123.863,9.734],[123.808,9.74],[123.801,9.758],[123.828,9.843],[123.886,9.915],[123.917,9.915],[123.931,9.939],[124.051,9.979],[124.075,10.048],[124.116,10.065],[124.116,10.09],[124.167,10.137],[124.223,10.152],[124.331,10.162],[124.35,10.151],[124.356,10.11],[124.397,10.152],[124.419,10.107],[124.49,10.063],[124.52,10.064],[124.578,10.034],[124.584,9.981],[124.569,9.987],[124.556,9.926],[124.585,9.878],[124.55,9.862]]],[[[119.974,10.595],[120.011,10.565],[119.991,10.556],[119.984,10.531],[119.95,10.535],[119.943,10.515],[119.909,10.556],[119.915,10.481],[119.822,10.449],[119.789,10.457],[119.778,10.535],[119.753,10.54],[119.844,10.642],[119.974,10.595]]],[[[122.738,10.694],[122.722,10.585],[122.664,10.471],[122.634,10.444],[122.595,10.433],[122.605,10.461],[122.594,10.46],[122.531,10.423],[122.519,10.474],[122.482,10.503],[122.517,10.509],[122.553,10.549],[122.535,10.553],[122.529,10.591],[122.564,10.653],[122.623,10.684],[122.634,10.723],[122.67,10.762],[122.738,10.694]]],[[[123.576,10.826],[123.571,10.779],[123.517,10.681],[123.486,10.549],[123.39,10.437],[123.345,10.348],[123.34,10.261],[123.305,10.179],[123.29,10.094],[123.157,9.868],[123.17,9.696],[123.16,9.647],[123.136,9.645],[123.135,9.618],[123.177,9.59],[123.17,9.563],[123.161,9.584],[123.136,9.553],[123.181,9.537],[123.198,9.487],[123.251,9.444],[123.267,9.398],[123.321,9.343],[123.318,9.257],[123.23,9.108],[123.148,9.062],[123.033,9.035],[122.99,9.049],[122.934,9.121],[122.869,9.323],[122.828,9.359],[122.725,9.371],[122.599,9.433],[122.53,9.538],[122.497,9.562],[122.461,9.655],[122.444,9.673],[122.423,9.658],[122.43,9.714],[122.403,9.699],[122.41,9.809],[122.395,9.843],[122.475,9.974],[122.56,9.987],[122.643,9.967],[122.708,9.986],[122.782,10.053],[122.807,10.069],[122.827,10.058],[122.845,10.067],[122.873,10.1],[122.855,10.228],[122.869,10.351],[122.815,10.515],[122.91,10.598],[122.972,10.721],[122.972,10.806],[122.951,10.827],[122.952,10.848],[122.994,10.907],[123.088,10.926],[123.214,10.996],[123.26,10.995],[123.342,10.946],[123.404,10.953],[123.405,10.92],[123.446,10.942],[123.522,10.92],[123.547,10.856],[123.576,10.826]]],[[[124.069,10.878],[124.021,10.748],[124.055,10.59],[124.034,10.576],[124.04,10.484],[124.01,10.404],[124.015,10.372],[123.993,10.357],[123.98,10.377],[123.973,10.327],[123.89,10.282],[123.869,10.248],[123.794,10.226],[123.719,10.157],[123.696,10.094],[123.653,10.064],[123.629,9.888],[123.602,9.868],[123.48,9.549],[123.37,9.426],[123.328,9.408],[123.314,9.508],[123.365,9.785],[123.409,9.898],[123.411,9.923],[123.383,9.943],[123.387,9.974],[123.398,9.985],[123.411,9.974],[123.423,10.038],[123.508,10.122],[123.533,10.19],[123.581,10.254],[123.605,10.333],[123.723,10.494],[123.719,10.549],[123.778,10.663],[123.849,10.753],[123.935,10.97],[123.918,11.029],[123.945,11.098],[123.973,11.077],[123.959,11.176],[124.046,11.277],[124.075,11.269],[124.068,11.233],[124.041,11.13],[124.0,11.077],[124.017,11.056],[124.055,11.064],[124.053,10.931],[124.069,10.878]]],[[[123.746,11.292],[123.815,11.148],[123.746,11.139],[123.734,11.154],[123.705,11.241],[123.746,11.292]]],[[[119.663,10.571],[119.725,10.519],[119.71,10.495],[119.668,10.481],[119.576,10.381],[119.463,10.378],[119.356,10.329],[119.257,10.222],[119.221,10.084],[119.196,10.056],[119.072,10.008],[118.875,9.972],[118.819,9.939],[118.774,9.934],[118.75,9.888],[118.785,9.788],[118.778,9.734],[118.736,9.743],[118.73,9.78],[118.701,9.776],[118.716,9.693],[118.743,9.697],[118.756,9.668],[118.73,9.665],[118.695,9.578],[118.669,9.57],[118.498,9.314],[118.431,9.273],[118.354,9.183],[118.189,9.156],[118.137,9.131],[118.113,9.049],[118.095,9.046],[118.058,8.952],[118.014,8.888],[117.91,8.83],[117.755,8.69],[117.667,8.665],[117.566,8.661],[117.558,8.596],[117.513,8.507],[117.493,8.5],[117.472,8.514],[117.345,8.471],[117.191,8.338],[117.19,8.378],[117.222,8.438],[117.222,8.5],[117.27,8.589],[117.264,8.61],[117.28,8.605],[117.292,8.641],[117.342,8.684],[117.376,8.747],[117.436,8.773],[117.52,8.9],[117.623,8.992],[117.656,9.058],[117.712,9.082],[117.73,9.064],[117.762,9.078],[117.791,9.135],[117.784,9.151],[117.866,9.204],[117.904,9.261],[117.99,9.267],[118.003,9.233],[118.054,9.291],[118.134,9.343],[118.134,9.385],[118.193,9.422],[118.216,9.478],[118.277,9.52],[118.333,9.586],[118.36,9.658],[118.42,9.681],[118.424,9.698],[118.531,9.774],[118.668,9.974],[118.657,9.996],[118.723,10.036],[118.772,10.131],[118.777,10.083],[118.763,10.069],[118.779,10.056],[118.801,10.049],[118.832,10.084],[118.816,10.189],[118.891,10.213],[118.934,10.21],[118.958,10.235],[118.95,10.282],[119.025,10.31],[119.034,10.349],[118.984,10.344],[118.976,10.357],[119.002,10.398],[119.028,10.407],[119.072,10.392],[119.084,10.423],[119.107,10.426],[119.086,10.467],[119.12,10.488],[119.135,10.388],[119.23,10.485],[119.278,10.508],[119.251,10.556],[119.291,10.558],[119.319,10.59],[119.345,10.724],[119.317,10.773],[119.274,10.772],[119.266,10.827],[119.223,10.851],[119.258,10.891],[119.223,10.942],[119.247,10.95],[119.251,10.926],[119.264,10.94],[119.292,10.933],[119.278,10.913],[119.292,10.885],[119.271,10.885],[119.278,10.875],[119.313,10.878],[119.306,10.857],[119.333,10.823],[119.347,10.831],[119.405,10.762],[119.419,10.77],[119.445,10.727],[119.468,10.733],[119.44,10.796],[119.457,10.831],[119.418,10.861],[119.355,10.878],[119.347,10.899],[119.361,10.933],[119.325,10.933],[119.32,11.001],[119.326,11.023],[119.361,11.001],[119.327,11.064],[119.335,11.103],[119.377,11.056],[119.415,11.056],[119.432,11.122],[119.388,11.187],[119.424,11.213],[119.426,11.314],[119.474,11.358],[119.491,11.421],[119.509,11.413],[119.53,11.331],[119.552,11.337],[119.569,11.262],[119.516,11.117],[119.562,11.059],[119.572,11.015],[119.559,11.001],[119.518,11.012],[119.505,10.885],[119.532,10.82],[119.593,10.837],[119.603,10.824],[119.591,10.672],[119.654,10.675],[119.668,10.652],[119.634,10.652],[119.663,10.571]]],[[[119.876,11.48],[119.833,11.378],[119.821,11.4],[119.833,11.426],[119.795,11.433],[119.771,11.406],[119.716,11.46],[119.729,11.478],[119.771,11.44],[119.785,11.494],[119.813,11.46],[119.824,11.473],[119.833,11.46],[119.844,11.491],[119.826,11.509],[119.848,11.521],[119.867,11.516],[119.876,11.48]]],[[[124.991,10.381],[124.98,10.364],[124.993,10.335],[125.0,10.038],[124.883,10.135],[124.78,10.152],[124.766,10.186],[124.792,10.326],[124.736,10.42],[124.801,10.678],[124.774,10.831],[124.733,10.868],[124.692,10.94],[124.622,11.002],[124.55,10.983],[124.563,10.931],[124.514,10.874],[124.469,10.905],[124.447,10.903],[124.437,10.935],[124.396,10.934],[124.418,11.001],[124.388,11.066],[124.418,11.129],[124.404,11.303],[124.355,11.329],[124.349,11.347],[124.37,11.375],[124.335,11.392],[124.348,11.399],[124.311,11.467],[124.301,11.543],[124.34,11.551],[124.443,11.447],[124.48,11.385],[124.49,11.447],[124.503,11.444],[124.545,11.409],[124.594,11.32],[124.63,11.304],[124.678,11.303],[124.744,11.329],[124.846,11.433],[124.938,11.42],[124.984,11.381],[124.965,11.306],[124.976,11.273],[125.0,11.259],[124.991,10.381]]],[[[123.17,11.481],[123.157,11.423],[123.16,11.38],[123.122,11.331],[123.114,11.267],[123.131,11.183],[123.108,11.152],[123.041,11.163],[123.028,11.11],[122.972,11.07],[122.972,11.049],[122.951,11.036],[122.938,11.064],[122.925,11.029],[122.89,11.036],[122.863,11.015],[122.863,11.029],[122.789,10.976],[122.78,10.957],[122.798,10.875],[122.745,10.796],[122.694,10.803],[122.631,10.774],[122.601,10.741],[122.59,10.699],[122.227,10.642],[122.102,10.569],[122.016,10.445],[121.95,10.433],[121.93,10.467],[121.932,10.509],[121.972,10.582],[121.985,10.647],[121.978,10.71],[121.937,10.776],[121.978,10.905],[122.045,11.017],[122.053,11.234],[122.042,11.3],[122.066,11.36],[122.107,11.658],[122.084,11.725],[121.854,11.769],[121.889,11.819],[121.897,11.894],[121.964,11.934],[122.03,11.896],[122.094,11.835],[122.229,11.8],[122.322,11.742],[122.377,11.733],[122.512,11.598],[122.588,11.563],[122.604,11.517],[122.622,11.509],[122.654,11.526],[122.66,11.569],[122.704,11.543],[122.696,11.561],[122.731,11.592],[122.725,11.612],[122.83,11.605],[122.855,11.591],[122.875,11.548],[122.945,11.522],[122.876,11.466],[122.876,11.447],[122.901,11.438],[123.09,11.53],[123.164,11.598],[123.164,11.538],[123.122,11.509],[123.129,11.494],[123.15,11.494],[123.14,11.479],[123.17,11.481]]],[[[120.003,11.91],[120.083,11.86],[120.05,11.854],[120.039,11.817],[120.08,11.789],[120.053,11.762],[120.067,11.742],[120.014,11.682],[119.967,11.664],[119.956,11.735],[119.984,11.714],[119.977,11.741],[120.005,11.783],[119.977,11.796],[119.959,11.766],[119.929,11.776],[119.902,11.824],[119.922,11.838],[119.875,11.893],[119.854,11.954],[119.892,11.94],[119.893,11.963],[119.92,11.982],[119.959,11.93],[120.031,11.924],[120.003,11.91]]],[[[120.353,12.016],[120.326,11.995],[120.275,12.003],[120.238,11.988],[120.142,12.029],[120.135,11.975],[120.114,11.967],[120.082,12.002],[120.039,11.995],[120.001,12.011],[119.942,12.087],[119.895,12.208],[119.86,12.159],[119.848,12.167],[119.867,12.194],[119.872,12.252],[119.922,12.277],[119.881,12.269],[119.885,12.323],[119.927,12.316],[119.936,12.277],[120.005,12.263],[120.08,12.201],[120.114,12.194],[120.094,12.167],[120.117,12.166],[120.196,12.112],[120.204,12.128],[120.224,12.126],[120.23,12.219],[120.258,12.132],[120.286,12.135],[120.342,12.081],[120.345,12.053],[120.315,12.023],[120.348,12.029],[120.353,12.016]]],[[[122.687,12.389],[122.67,12.318],[122.612,12.277],[122.553,12.318],[122.512,12.378],[122.432,12.41],[122.423,12.463],[122.481,12.493],[122.632,12.485],[122.687,12.389]]],[[[124.992,11.318],[125.0,11.397],[125.0,11.293],[124.992,11.318]]],[[[125.0,11.407],[125.0,11.408],[125.0,11.403],[125.0,11.407]]],[[[124.999,11.43],[124.938,11.463],[124.911,11.502],[124.887,11.466],[124.856,11.473],[124.828,11.509],[124.9,11.549],[124.89,11.57],[124.961,11.577],[125.0,11.625],[124.999,11.43]]],[[[125.0,11.629],[124.991,11.67],[125.0,11.687],[125.0,11.629]]],[[[125.0,11.774],[124.928,11.741],[124.892,11.761],[124.834,11.845],[124.794,11.858],[124.808,11.865],[124.794,11.871],[124.808,11.899],[124.828,11.885],[124.824,11.906],[124.795,11.916],[124.761,11.901],[124.762,11.929],[124.74,11.926],[124.729,11.978],[124.68,12.03],[124.54,12.066],[124.425,12.173],[124.391,12.222],[124.342,12.386],[124.276,12.533],[124.293,12.58],[124.363,12.544],[124.407,12.557],[124.537,12.523],[124.679,12.516],[124.877,12.533],[124.896,12.554],[124.877,12.591],[124.928,12.557],[124.973,12.576],[125.0,12.558],[125.0,11.774]]],[[[124.058,11.875],[124.073,11.744],[124.055,11.726],[124.008,11.797],[123.89,11.871],[123.856,11.913],[123.743,11.927],[123.712,11.954],[123.722,11.976],[123.746,11.981],[123.733,12.008],[123.719,11.995],[123.659,12.043],[123.653,12.069],[123.671,12.071],[123.615,12.079],[123.604,12.119],[123.546,12.188],[123.485,12.218],[123.424,12.201],[123.365,12.106],[123.16,11.918],[123.157,11.974],[123.19,12.012],[123.216,12.133],[123.232,12.126],[123.244,12.15],[123.277,12.164],[123.26,12.194],[123.295,12.217],[123.294,12.236],[123.218,12.228],[123.218,12.265],[123.249,12.307],[123.273,12.424],[123.242,12.465],[123.235,12.593],[123.356,12.549],[123.338,12.547],[123.356,12.496],[123.327,12.468],[123.326,12.438],[123.373,12.471],[123.386,12.513],[123.434,12.519],[123.496,12.469],[123.552,12.457],[123.609,12.386],[123.588,12.351],[123.637,12.37],[123.648,12.348],[123.688,12.338],[123.794,12.187],[123.795,12.247],[123.849,12.201],[123.89,12.208],[124.05,11.971],[124.055,11.954],[124.0,12.008],[124.058,11.875]]],[[[122.28,12.619],[122.31,12.501],[122.28,12.475],[122.255,12.511],[122.246,12.571],[122.28,12.619]]],[[[122.146,12.657],[122.156,12.632],[122.129,12.625],[122.136,12.561],[122.099,12.386],[122.036,12.214],[122.06,12.173],[122.047,12.187],[122.023,12.163],[122.012,12.105],[121.991,12.128],[121.992,12.159],[121.965,12.161],[121.959,12.178],[121.964,12.228],[121.987,12.2],[122.002,12.244],[121.921,12.303],[121.924,12.339],[121.947,12.399],[121.978,12.412],[121.993,12.442],[121.996,12.593],[122.105,12.642],[122.115,12.666],[122.146,12.657]]],[[[123.733,12.591],[123.791,12.338],[123.775,12.349],[123.583,12.624],[123.581,12.646],[123.597,12.641],[123.609,12.687],[123.733,12.591]]],[[[123.287,12.815],[123.361,12.737],[123.376,12.694],[123.252,12.833],[123.185,12.858],[123.061,12.988],[122.974,13.019],[122.951,13.044],[122.945,13.111],[122.989,13.129],[122.992,13.154],[123.04,13.128],[123.122,13.02],[123.16,12.938],[123.201,12.906],[123.262,12.898],[123.287,12.815]]],[[[121.527,12.692],[121.546,12.611],[121.481,12.539],[121.438,12.522],[121.444,12.482],[121.426,12.475],[121.412,12.415],[121.444,12.358],[121.384,12.369],[121.396,12.29],[121.355,12.324],[121.273,12.269],[121.245,12.214],[121.194,12.242],[121.114,12.251],[121.093,12.304],[121.101,12.331],[121.116,12.305],[121.143,12.31],[121.122,12.31],[121.094,12.345],[121.087,12.324],[121.071,12.333],[120.981,12.423],[120.916,12.512],[120.929,12.578],[120.912,12.635],[120.855,12.715],[120.798,12.729],[120.765,12.831],[120.78,12.868],[120.758,13.002],[120.665,13.156],[120.576,13.221],[120.515,13.231],[120.526,13.249],[120.48,13.302],[120.452,13.42],[120.408,13.42],[120.356,13.381],[120.328,13.397],[120.307,13.444],[120.322,13.488],[120.357,13.518],[120.403,13.527],[120.565,13.513],[120.69,13.482],[120.706,13.49],[120.755,13.467],[120.915,13.517],[120.928,13.505],[120.95,13.53],[120.977,13.53],[120.98,13.514],[120.957,13.503],[121.027,13.422],[121.109,13.416],[121.125,13.405],[121.122,13.372],[121.141,13.407],[121.197,13.441],[121.218,13.404],[121.334,13.311],[121.376,13.245],[121.431,13.224],[121.444,13.188],[121.436,13.146],[121.527,13.141],[121.553,13.111],[121.483,13.015],[121.486,12.768],[121.527,12.692]]],[[[122.105,13.408],[122.129,13.386],[122.12,13.357],[122.04,13.27],[122.04,13.231],[121.993,13.202],[121.909,13.27],[121.865,13.284],[121.814,13.352],[121.817,13.465],[121.859,13.565],[121.873,13.569],[121.909,13.523],[121.93,13.545],[121.968,13.524],[121.998,13.551],[122.011,13.542],[122.019,13.509],[122.045,13.509],[122.044,13.485],[122.115,13.465],[122.105,13.408]]],[[[120.253,13.724],[120.285,13.691],[120.264,13.674],[120.203,13.736],[120.108,13.777],[120.083,13.818],[120.086,13.861],[120.104,13.866],[120.169,13.825],[120.238,13.805],[120.272,13.753],[120.253,13.724]]],[[[124.418,13.865],[124.39,13.846],[124.418,13.798],[124.39,13.79],[124.39,13.712],[124.409,13.667],[124.355,13.66],[124.335,13.558],[124.293,13.604],[124.252,13.599],[124.223,13.582],[124.188,13.523],[124.086,13.6],[124.047,13.606],[124.026,13.67],[124.107,13.745],[124.129,13.818],[124.121,13.876],[124.136,13.907],[124.116,13.989],[124.136,14.011],[124.125,14.049],[124.137,14.078],[124.15,14.062],[124.194,14.09],[124.216,14.086],[124.266,14.023],[124.277,13.956],[124.308,13.928],[124.308,13.906],[124.33,13.933],[124.418,13.865]]],[[[121.964,14.226],[122.183,14.031],[122.177,14.007],[122.136,14.019],[121.965,14.143],[121.93,14.191],[121.927,14.221],[121.964,14.226]]],[[[122.248,14.788],[122.257,14.746],[122.242,14.736],[122.163,14.798],[122.121,14.807],[122.106,14.844],[122.204,14.839],[122.197,14.804],[122.248,14.788]]],[[[122.005,15.011],[122.058,14.983],[122.053,14.962],[122.032,14.988],[122.005,14.99],[121.993,14.969],[122.005,14.969],[122.013,14.933],[121.968,14.903],[121.978,14.839],[121.997,14.841],[122.009,14.825],[122.024,14.723],[122.004,14.674],[121.94,14.64],[121.917,14.649],[121.909,14.671],[121.916,14.722],[121.935,14.726],[121.934,14.765],[121.919,14.81],[121.884,14.836],[121.877,14.894],[121.848,14.936],[121.818,14.946],[121.826,15.012],[121.844,15.045],[121.894,15.025],[121.928,15.052],[122.005,15.039],[122.005,15.011]]],[[[121.417,18.908],[121.478,18.882],[121.431,18.856],[121.319,18.843],[121.295,18.847],[121.275,18.876],[121.417,18.908]]],[[[121.947,19.012],[121.989,18.949],[121.963,18.939],[121.875,18.83],[121.834,18.834],[121.841,18.868],[121.875,18.901],[121.854,18.923],[121.893,18.996],[121.947,19.012]]],[[[121.211,19.177],[121.259,19.046],[121.245,19.018],[121.19,19.087],[121.211,19.177]]],[[[121.517,19.394],[121.543,19.279],[121.519,19.279],[121.498,19.259],[121.471,19.269],[121.399,19.303],[121.351,19.376],[121.396,19.403],[121.471,19.382],[121.517,19.394]]],[[[121.983,19.575],[121.998,19.56],[121.978,19.499],[121.947,19.497],[121.898,19.537],[121.9,19.559],[121.983,19.575]]],[[[121.859,20.347],[121.892,20.297],[121.851,20.273],[121.838,20.341],[121.859,20.347]]],[[[122.019,20.486],[122.032,20.464],[121.964,20.407],[121.971,20.368],[121.922,20.354],[121.922,20.393],[121.966,20.461],[122.019,20.486]]],[[[121.868,20.744],[121.83,20.699],[121.803,20.691],[121.786,20.703],[121.856,20.838],[121.879,20.814],[121.868,20.744]]],[[[119.469,4.894],[119.504,4.764],[119.457,4.656],[119.463,4.776],[119.435,4.903],[119.469,4.894]]],[[[121.23,5.816],[121.231,5.801],[121.162,5.788],[121.135,5.807],[121.163,5.848],[121.23,5.816]]],[[[121.403,5.999],[121.429,5.97],[121.419,5.948],[121.392,5.94],[121.389,5.91],[121.341,5.903],[121.292,5.859],[121.262,5.872],[121.252,5.916],[121.228,5.942],[121.189,5.94],[121.081,5.888],[121.05,5.916],[121.008,5.924],[120.934,5.886],[120.892,5.92],[120.872,5.961],[120.906,6.015],[121.002,6.058],[121.042,6.097],[121.115,6.095],[121.179,6.064],[121.218,5.999],[121.271,6.026],[121.317,6.006],[121.403,5.999]]],[[[121.629,6.589],[121.616,6.561],[121.583,6.632],[121.617,6.672],[121.629,6.589]]],[[[121.093,10.91],[121.087,10.823],[121.035,10.82],[121.018,10.834],[121.025,10.864],[121.093,10.91]]],[[[120.283,11.927],[120.263,11.916],[120.278,11.824],[120.268,11.816],[120.203,11.948],[120.268,11.968],[120.283,11.927]]],[[[121.413,12.047],[121.402,12.003],[121.372,12.011],[121.359,12.115],[121.413,12.047]]],[[[119.961,8.877],[119.958,8.877],[119.96,8.881],[119.961,8.877]]],[[[119.969,8.881],[119.972,8.882],[119.971,8.881],[119.969,8.881]]],[[[119.963,8.887],[119.966,8.886],[119.965,8.885],[119.963,8.887]]],[[[119.968,8.892],[119.967,8.889],[119.966,8.891],[119.968,8.892]]],[[[121.726,12.94],[121.711,12.9],[121.685,12.92],[121.689,12.947],[121.726,12.94]]],[[[121.072,13.536],[121.043,13.561],[121.043,13.568],[121.086,13.571],[121.094,13.537],[121.072,13.536]]],[[[121.93,21.065],[121.935,21.073],[121.937,21.066],[121.93,21.065]]],[[[121.947,21.116],[121.954,21.118],[121.949,21.107],[121.947,21.116]]],[[[119.812,4.817],[119.858,4.799],[119.834,4.797],[119.812,4.817]]],[[[119.821,4.863],[119.79,4.906],[119.804,4.927],[119.851,4.888],[119.842,4.866],[119.821,4.863]]],[[[119.813,5.07],[119.746,5.044],[119.769,5.098],[119.798,5.121],[119.813,5.07]]],[[[120.879,5.694],[120.839,5.669],[120.799,5.668],[120.807,5.696],[120.833,5.707],[120.879,5.694]]],[[[120.904,5.759],[120.929,5.733],[120.91,5.7],[120.891,5.71],[120.892,5.741],[120.904,5.759]]],[[[123.821,9.64],[123.868,9.621],[123.844,9.589],[123.785,9.552],[123.75,9.554],[123.726,9.587],[123.821,9.64]]],[[[124.606,10.148],[124.589,10.086],[124.561,10.086],[124.54,10.061],[124.53,10.069],[124.528,10.117],[124.606,10.148]]],[[[121.443,11.868],[121.526,11.847],[121.495,11.828],[121.413,11.84],[121.443,11.868]]],[[[124.228,12.074],[124.178,12.04],[124.146,12.053],[124.182,12.08],[124.228,12.074]]],[[[121.088,12.267],[121.128,12.16],[121.109,12.163],[121.052,12.221],[121.04,12.252],[121.06,12.278],[121.088,12.267]]],[[[124.169,12.398],[124.137,12.438],[124.134,12.471],[124.16,12.456],[124.182,12.407],[124.169,12.398]]],[[[124.197,13.173],[124.098,13.192],[124.066,13.211],[124.139,13.234],[124.21,13.196],[124.197,13.173]]],[[[124.084,13.267],[124.025,13.222],[123.939,13.244],[123.912,13.289],[124.017,13.28],[124.033,13.267],[124.048,13.279],[124.084,13.267]]],[[[123.895,13.293],[123.902,13.238],[123.874,13.23],[123.846,13.27],[123.851,13.318],[123.837,13.345],[123.849,13.354],[123.922,13.33],[123.895,13.293]]],[[[123.823,13.352],[123.772,13.404],[123.846,13.368],[123.823,13.352]]],[[[122.418,14.72],[122.398,14.686],[122.319,14.683],[122.316,14.699],[122.381,14.729],[122.418,14.72]]],[[[120.011,16.255],[119.993,16.23],[119.926,16.295],[119.928,16.313],[119.973,16.351],[120.006,16.312],[120.011,16.255]]],[[[124.009,10.312],[124.044,10.324],[123.976,10.255],[123.933,10.254],[123.948,10.307],[123.992,10.324],[124.009,10.312]]]]}},{"type":"Feature","properties":{"name":"Sri Lanka","iso":"LKA"},"geometry":{"type":"MultiPolygon","coordinates":[[[[81.881,7.327],[81.885,6.98],[81.832,6.765],[81.78,6.664],[81.776,6.61],[81.681,6.462],[81.325,6.205],[81.204,6.163],[81.188,6.182],[81.176,6.15],[81.113,6.12],[80.903,6.071],[80.862,6.04],[80.809,6.035],[80.714,5.958],[80.656,5.958],[80.591,5.924],[80.54,5.944],[80.465,5.941],[80.444,5.971],[80.412,5.96],[80.358,5.978],[80.341,5.971],[80.204,6.026],[80.094,6.136],[80.032,6.266],[80.012,6.361],[79.964,6.472],[79.978,6.479],[79.97,6.535],[79.863,6.807],[79.848,6.89],[79.862,7.012],[79.814,7.181],[79.82,7.206],[79.848,7.123],[79.862,7.167],[79.826,7.21],[79.834,7.233],[79.779,7.603],[79.793,7.603],[79.802,7.659],[79.697,8.098],[79.707,8.142],[79.697,8.219],[79.729,8.25],[79.779,8.35],[79.744,8.281],[79.779,8.26],[79.746,8.206],[79.728,8.111],[79.73,8.081],[79.752,8.055],[79.732,8.013],[79.764,7.99],[79.81,7.987],[79.834,8.003],[79.793,8.073],[79.827,8.137],[79.807,8.24],[79.827,8.278],[79.874,8.538],[79.917,8.576],[79.942,8.642],[79.951,8.74],[79.926,8.802],[79.93,8.884],[79.916,8.939],[80.048,9.026],[80.106,9.193],[80.118,9.3],[80.066,9.333],[80.053,9.392],[80.197,9.473],[80.161,9.521],[80.053,9.596],[80.233,9.534],[80.272,9.504],[80.266,9.467],[80.287,9.453],[80.427,9.5],[80.615,9.446],[80.471,9.528],[80.429,9.518],[80.369,9.53],[80.298,9.591],[80.186,9.649],[80.174,9.649],[80.176,9.624],[80.2,9.599],[80.186,9.584],[80.115,9.636],[80.094,9.645],[80.136,9.604],[79.958,9.686],[79.91,9.768],[79.971,9.815],[80.122,9.819],[80.13,9.777],[80.222,9.754],[80.339,9.629],[80.444,9.576],[80.32,9.673],[80.248,9.755],[80.139,9.799],[80.137,9.814],[80.158,9.823],[80.247,9.826],[80.41,9.617],[80.744,9.36],[80.799,9.295],[80.737,9.309],[80.794,9.251],[80.814,9.239],[80.804,9.272],[80.824,9.27],[80.882,9.145],[80.84,9.156],[80.834,9.142],[80.873,9.126],[80.875,9.104],[80.896,9.117],[80.916,9.062],[80.958,9.018],[80.944,9.001],[80.931,9.021],[80.875,9.041],[80.935,8.965],[80.915,8.944],[80.948,8.933],[80.979,8.98],[81.047,8.882],[81.093,8.852],[81.114,8.8],[81.15,8.777],[81.177,8.699],[81.182,8.712],[81.198,8.706],[81.232,8.651],[81.204,8.61],[81.225,8.617],[81.25,8.546],[81.225,8.542],[81.23,8.558],[81.212,8.573],[81.211,8.507],[81.159,8.535],[81.134,8.501],[81.17,8.521],[81.213,8.472],[81.281,8.467],[81.297,8.477],[81.286,8.5],[81.334,8.515],[81.366,8.482],[81.389,8.364],[81.352,8.405],[81.357,8.362],[81.399,8.339],[81.448,8.128],[81.43,8.103],[81.404,8.192],[81.396,8.137],[81.436,8.093],[81.464,8.116],[81.52,7.999],[81.534,8.014],[81.54,7.986],[81.561,7.999],[81.561,7.958],[81.595,7.917],[81.576,7.889],[81.588,7.855],[81.608,7.832],[81.636,7.836],[81.713,7.712],[81.691,7.705],[81.627,7.76],[81.595,7.726],[81.659,7.723],[81.712,7.651],[81.712,7.623],[81.714,7.644],[81.749,7.623],[81.773,7.568],[81.773,7.524],[81.758,7.505],[81.78,7.472],[81.771,7.457],[81.793,7.466],[81.808,7.41],[81.826,7.474],[81.856,7.412],[81.881,7.327]]],[[[81.737,7.671],[81.725,7.74],[81.806,7.599],[81.823,7.511],[81.808,7.479],[81.787,7.497],[81.787,7.593],[81.737,7.671]]],[[[79.703,9.08],[79.701,9.099],[79.759,9.104],[79.842,9.077],[79.917,9.021],[79.854,9.041],[79.91,8.973],[79.886,8.976],[79.8,9.049],[79.703,9.08]]],[[[79.723,9.493],[79.666,9.491],[79.659,9.555],[79.676,9.535],[79.719,9.524],[79.723,9.493]]],[[[79.896,9.617],[79.841,9.699],[79.861,9.756],[79.882,9.761],[79.894,9.757],[79.895,9.688],[79.926,9.679],[79.934,9.655],[79.978,9.624],[79.896,9.617]]]]}},{"type":"Feature","properties":{"name":"Taiwan","iso":"TWN"},"geometry":{"type":"MultiPolygon","coordinates":[[[[121.835,24.872],[121.809,24.805],[121.815,24.644],[121.828,24.623],[121.882,24.598],[121.841,24.59],[121.856,24.551],[121.853,24.531],[121.83,24.519],[121.84,24.481],[121.78,24.433],[121.759,24.332],[121.773,24.309],[121.663,24.193],[121.607,24.077],[121.629,24.015],[121.521,23.659],[121.462,23.343],[121.409,23.255],[121.4,23.145],[121.347,23.083],[121.3,22.959],[121.256,22.898],[121.19,22.843],[121.177,22.779],[121.029,22.658],[120.948,22.527],[120.923,22.425],[120.881,22.346],[120.879,22.056],[120.864,22.009],[120.836,21.987],[120.84,21.905],[120.767,21.959],[120.737,21.966],[120.736,21.943],[120.714,21.937],[120.682,22.023],[120.697,22.113],[120.621,22.295],[120.57,22.374],[120.512,22.425],[120.413,22.482],[120.381,22.484],[120.331,22.52],[120.285,22.58],[120.334,22.526],[120.313,22.577],[120.24,22.659],[120.246,22.71],[120.2,22.792],[120.203,22.84],[120.142,22.98],[120.17,23.013],[120.166,23.032],[120.142,23.035],[120.114,23.008],[120.108,23.049],[120.055,23.044],[120.059,23.076],[120.1,23.097],[120.059,23.111],[120.089,23.118],[120.059,23.151],[120.087,23.182],[120.079,23.207],[120.109,23.287],[120.125,23.295],[120.11,23.304],[120.117,23.318],[120.149,23.322],[120.121,23.341],[120.13,23.361],[120.165,23.362],[120.131,23.451],[120.158,23.491],[120.125,23.49],[120.124,23.52],[120.142,23.538],[120.144,23.638],[120.184,23.764],[120.292,23.912],[120.35,24.038],[120.412,24.097],[120.422,24.152],[120.493,24.231],[120.558,24.386],[120.649,24.484],[120.702,24.607],[120.728,24.614],[120.778,24.666],[120.827,24.666],[120.823,24.685],[120.909,24.817],[120.902,24.837],[120.926,24.885],[120.954,24.905],[121.006,25.001],[121.059,25.05],[121.211,25.111],[121.33,25.131],[121.379,25.158],[121.443,25.136],[121.396,25.183],[121.436,25.241],[121.498,25.279],[121.581,25.283],[121.65,25.197],[121.684,25.201],[121.676,25.179],[121.704,25.157],[121.893,25.114],[121.919,25.022],[121.968,25.021],[122.005,25.002],[121.927,24.967],[121.835,24.872]]],[[[121.56,22.054],[121.588,22.014],[121.539,22.018],[121.498,22.048],[121.492,22.082],[121.567,22.082],[121.56,22.054]]],[[[118.423,24.528],[118.467,24.462],[118.449,24.416],[118.404,24.436],[118.373,24.433],[118.318,24.391],[118.284,24.401],[118.282,24.477],[118.317,24.493],[118.355,24.471],[118.381,24.474],[118.394,24.523],[118.423,24.528]]],[[[119.648,23.603],[119.668,23.549],[119.641,23.564],[119.582,23.519],[119.527,23.54],[119.587,23.549],[119.552,23.562],[119.552,23.59],[119.613,23.61],[119.606,23.59],[119.648,23.603]]],[[[119.474,23.58],[119.501,23.65],[119.517,23.638],[119.492,23.571],[119.442,23.562],[119.474,23.58]]],[[[119.585,23.625],[119.545,23.665],[119.566,23.679],[119.596,23.653],[119.585,23.625]]],[[[121.455,22.674],[121.5,22.676],[121.496,22.635],[121.471,22.642],[121.455,22.674]]],[[[120.008,23.433],[120.125,23.55],[120.09,23.499],[120.008,23.433]]]]}},{"type":"Feature","properties":{"name":"Japan","iso":"JPN"},"geometry":{"type":"MultiPolygon","coordinates":[[[[123.815,24.392],[123.934,24.367],[123.936,24.341],[123.873,24.258],[123.668,24.297],[123.684,24.323],[123.742,24.32],[123.77,24.418],[123.815,24.392]]],[[[123.016,24.47],[122.998,24.44],[122.939,24.444],[122.956,24.473],[123.016,24.47]]],[[[124.332,24.571],[124.274,24.488],[124.242,24.364],[124.212,24.337],[124.14,24.342],[124.122,24.361],[124.143,24.385],[124.123,24.414],[124.078,24.435],[124.129,24.469],[124.157,24.442],[124.212,24.447],[124.314,24.587],[124.332,24.571]]],[[[123.606,25.739],[123.6,25.739],[123.603,25.745],[123.606,25.739]]],[[[123.545,25.762],[123.511,25.758],[123.531,25.773],[123.545,25.762]]],[[[123.672,25.927],[123.672,25.93],[123.673,25.929],[123.672,25.927]]]]}},{"type":"Feature","properties":{"name":"French Southern and Antarctic Lands","iso":"ATF"},"geometry":{"type":"MultiPolygon","coordinates":[[[[42.724,-17.064],[42.738,-17.057],[42.759,-17.061],[42.752,-17.076],[42.724,-17.064]]],[[[40.379,-22.315],[40.386,-22.339],[40.369,-22.363],[40.339,-22.36],[40.336,-22.32],[40.364,-22.319],[40.355,-22.345],[40.374,-22.35],[40.379,-22.315]]],[[[39.729,-21.442],[39.731,-21.444],[39.728,-21.445],[39.729,-21.442]]],[[[54.521,-15.885],[54.521,-15.894],[54.514,-15.89],[54.521,-15.885]]],[[[47.3,-11.551],[47.306,-11.57],[47.288,-11.566],[47.3,-11.551]]]]}},{"type":"Feature","properties":{"name":"Seychelles","iso":"SYC"},"geometry":{"type":"MultiPolygon","coordinates":[[[[46.51,-9.72],[46.49,-9.756],[46.48,-9.751],[46.487,-9.73],[46.51,-9.72]]],[[[47.507,-9.698],[47.516,-9.7],[47.507,-9.713],[47.507,-9.698]]],[[[53.342,-5.43],[53.345,-5.441],[53.334,-5.42],[53.342,-5.43]]],[[[55.666,-3.812],[55.652,-3.801],[55.66,-3.791],[55.666,-3.812]]],[[[46.448,-9.338],[46.525,-9.381],[46.455,-9.426],[46.381,-9.425],[46.234,-9.452],[46.207,-9.386],[46.23,-9.414],[46.274,-9.426],[46.32,-9.424],[46.435,-9.378],[46.469,-9.386],[46.448,-9.338]]],[[[46.379,-9.357],[46.276,-9.339],[46.315,-9.326],[46.427,-9.338],[46.379,-9.357]]],[[[56.259,-7.14],[56.287,-7.11],[56.247,-7.193],[56.259,-7.14]]],[[[55.449,-4.678],[55.367,-4.639],[55.418,-4.611],[55.434,-4.563],[55.455,-4.562],[55.467,-4.583],[55.457,-4.626],[55.529,-4.68],[55.517,-4.75],[55.538,-4.804],[55.504,-4.796],[55.487,-4.762],[55.463,-4.76],[55.468,-4.742],[55.492,-4.736],[55.478,-4.706],[55.449,-4.678]]],[[[55.242,-4.504],[55.228,-4.487],[55.225,-4.445],[55.269,-4.48],[55.242,-4.504]]],[[[55.747,-4.358],[55.677,-4.296],[55.704,-4.29],[55.787,-4.331],[55.747,-4.358]]],[[[52.747,-7.005],[52.742,-7.002],[52.742,-6.994],[52.747,-7.005]]],[[[55.382,-5.865],[55.38,-5.869],[55.383,-5.854],[55.382,-5.865]]],[[[55.361,-4.661],[55.374,-4.666],[55.373,-4.668],[55.361,-4.661]]],[[[55.398,-4.673],[55.407,-4.675],[55.405,-4.68],[55.398,-4.673]]],[[[55.494,-4.628],[55.506,-4.64],[55.492,-4.634],[55.494,-4.628]]],[[[55.505,-4.626],[55.512,-4.625],[55.511,-4.63],[55.505,-4.626]]],[[[55.497,-4.603],[55.514,-4.601],[55.497,-4.615],[55.497,-4.603]]],[[[55.733,-4.292],[55.722,-4.277],[55.743,-4.278],[55.733,-4.292]]],[[[55.66,-4.33],[55.666,-4.334],[55.66,-4.335],[55.66,-4.33]]],[[[55.649,-4.349],[55.651,-4.353],[55.644,-4.349],[55.649,-4.349]]],[[[55.66,-4.21],[55.675,-4.212],[55.659,-4.213],[55.66,-4.21]]],[[[55.832,-4.337],[55.857,-4.365],[55.841,-4.383],[55.823,-4.36],[55.832,-4.337]]],[[[55.867,-4.323],[55.883,-4.329],[55.885,-4.337],[55.867,-4.323]]],[[[55.866,-4.289],[55.871,-4.29],[55.874,-4.296],[55.866,-4.289]]],[[[55.918,-4.34],[55.924,-4.343],[55.923,-4.35],[55.918,-4.34]]],[[[55.933,-4.582],[55.95,-4.591],[55.939,-4.592],[55.933,-4.582]]]]}},{"type":"Feature","properties":{"name":"Mauritius","iso":"MUS"},"geometry":{"type":"MultiPolygon","coordinates":[[[[57.791,-20.212],[57.782,-20.336],[57.729,-20.364],[57.712,-20.387],[57.723,-20.434],[57.672,-20.48],[57.504,-20.517],[57.399,-20.498],[57.378,-20.507],[57.308,-20.444],[57.303,-20.431],[57.358,-20.427],[57.364,-20.414],[57.371,-20.261],[57.4,-20.201],[57.491,-20.141],[57.528,-20.031],[57.597,-19.983],[57.68,-20.0],[57.709,-20.09],[57.745,-20.105],[57.744,-20.144],[57.791,-20.212]]],[[[56.53,-10.353],[56.536,-10.324],[56.569,-10.407],[56.53,-10.353]]],[[[63.494,-19.682],[63.469,-19.723],[63.366,-19.767],[63.332,-19.736],[63.343,-19.71],[63.389,-19.685],[63.454,-19.67],[63.494,-19.682]]]]}},{"type":"Feature","properties":{"name":"Comoros","iso":"COM"},"geometry":{"type":"MultiPolygon","coordinates":[[[[43.727,-12.264],[43.85,-12.346],[43.858,-12.371],[43.665,-12.352],[43.659,-12.318],[43.634,-12.301],[43.636,-12.237],[43.727,-12.264]]],[[[44.526,-12.219],[44.523,-12.373],[44.503,-12.377],[44.473,-12.33],[44.4,-12.28],[44.385,-12.252],[44.268,-12.205],[44.206,-12.161],[44.323,-12.188],[44.344,-12.174],[44.374,-12.18],[44.415,-12.119],[44.412,-12.086],[44.467,-12.064],[44.526,-12.219]]],[[[43.431,-11.708],[43.498,-11.882],[43.48,-11.923],[43.438,-11.932],[43.37,-11.861],[43.302,-11.85],[43.271,-11.828],[43.218,-11.75],[43.216,-11.716],[43.244,-11.673],[43.247,-11.441],[43.277,-11.38],[43.356,-11.361],[43.395,-11.4],[43.377,-11.605],[43.386,-11.646],[43.431,-11.708]]]]}},{"type":"Feature","properties":{"name":"Australian Indian Ocean Territories","iso":"IOA"},"geometry":{"type":"MultiPolygon","coordinates":[[[[96.869,-12.188],[96.845,-12.198],[96.831,-12.18],[96.822,-12.127],[96.836,-12.182],[96.869,-12.188]]],[[[96.914,-12.195],[96.889,-12.187],[96.916,-12.162],[96.914,-12.195]]],[[[105.715,-10.437],[105.695,-10.565],[105.679,-10.566],[105.664,-10.518],[105.585,-10.516],[105.594,-10.454],[105.655,-10.47],[105.685,-10.44],[105.715,-10.437]]]]}},{"type":"Feature","properties":{"name":"British Indian Ocean Territory","iso":"IOT"},"geometry":{"type":"MultiPolygon","coordinates":[[[[72.433,-7.425],[72.48,-7.365],[72.481,-7.391],[72.433,-7.432],[72.426,-7.323],[72.358,-7.268],[72.433,-7.316],[72.433,-7.425]]],[[[72.495,-7.296],[72.474,-7.34],[72.479,-7.362],[72.468,-7.341],[72.487,-7.302],[72.44,-7.227],[72.495,-7.296]]],[[[71.35,-6.653],[71.355,-6.656],[71.35,-6.653],[71.35,-6.653]]],[[[71.261,-6.378],[71.267,-6.37],[71.261,-6.389],[71.261,-6.378]]],[[[71.345,-6.205],[71.353,-6.178],[71.361,-6.177],[71.345,-6.205]]],[[[71.765,-5.434],[71.772,-5.433],[71.773,-5.44],[71.765,-5.434]]],[[[72.231,-5.319],[72.228,-5.325],[72.221,-5.328],[72.231,-5.319]]],[[[71.747,-5.27],[71.745,-5.279],[71.737,-5.285],[71.747,-5.27]]],[[[71.769,-5.234],[71.766,-5.239],[71.76,-5.237],[71.769,-5.234]]],[[[71.966,-5.227],[71.962,-5.23],[71.963,-5.227],[71.966,-5.227]]]]}},{"type":"Feature","properties":{"name":"Singapore","iso":"SGP"},"geometry":{"type":"Polygon","coordinates":[[[103.805,1.449],[104.003,1.374],[103.975,1.334],[103.839,1.266],[103.79,1.268],[103.755,1.297],[103.665,1.304],[103.64,1.322],[103.695,1.421],[103.805,1.449]]]}},{"type":"Feature","properties":{"name":"Maldives","iso":"MDV"},"geometry":{"type":"MultiPolygon","coordinates":[[[[73.173,-0.689],[73.166,-0.688],[73.163,-0.682],[73.173,-0.689]]],[[[73.204,-0.671],[73.196,-0.681],[73.191,-0.683],[73.204,-0.671]]],[[[73.127,-0.666],[73.124,-0.665],[73.124,-0.656],[73.127,-0.666]]],[[[73.227,-0.643],[73.227,-0.633],[73.235,-0.619],[73.24,-0.626],[73.227,-0.643]]],[[[73.245,-0.607],[73.236,-0.592],[73.247,-0.578],[73.248,-0.581],[73.245,-0.607]]],[[[73.443,-0.293],[73.445,-0.304],[73.435,-0.284],[73.443,-0.293]]],[[[73.095,0.228],[73.104,0.22],[73.103,0.213],[73.095,0.228]]],[[[73.217,0.238],[73.211,0.232],[73.209,0.24],[73.217,0.238]]],[[[73.036,0.261],[73.04,0.259],[73.04,0.259],[73.036,0.261]]],[[[73.379,0.285],[73.37,0.28],[73.371,0.286],[73.379,0.285]]],[[[72.981,0.304],[72.988,0.302],[72.986,0.3],[72.981,0.304]]],[[[73.507,0.388],[73.509,0.381],[73.509,0.381],[73.507,0.388]]],[[[72.958,0.397],[72.961,0.394],[72.961,0.394],[72.958,0.397]]],[[[72.941,0.487],[72.937,0.494],[72.941,0.496],[72.941,0.487]]],[[[73.492,0.508],[73.495,0.499],[73.49,0.503],[73.492,0.508]]],[[[73.384,0.64],[73.387,0.635],[73.385,0.636],[73.384,0.64]]],[[[73.369,0.76],[73.372,0.757],[73.37,0.757],[73.369,0.76]]],[[[73.35,0.844],[73.353,0.842],[73.351,0.841],[73.35,0.844]]],[[[72.828,3.505],[72.835,3.505],[72.831,3.504],[72.828,3.505]]],[[[72.791,3.511],[72.795,3.515],[72.799,3.512],[72.791,3.511]]],[[[72.912,3.542],[72.92,3.552],[72.928,3.552],[72.912,3.542]]],[[[72.942,3.619],[72.946,3.614],[72.938,3.614],[72.942,3.619]]],[[[72.69,3.718],[72.697,3.719],[72.695,3.715],[72.69,3.718]]],[[[73.469,3.937],[73.47,3.935],[73.468,3.934],[73.469,3.937]]],[[[72.703,4.003],[72.705,3.996],[72.699,3.998],[72.703,4.003]]],[[[73.508,4.093],[73.502,4.101],[73.508,4.104],[73.508,4.093]]],[[[72.973,4.26],[72.976,4.262],[72.976,4.26],[72.973,4.26]]],[[[73.703,4.435],[73.698,4.431],[73.697,4.431],[73.703,4.435]]],[[[73.703,4.453],[73.7,4.449],[73.7,4.452],[73.703,4.453]]],[[[73.377,4.465],[73.374,4.467],[73.377,4.474],[73.377,4.465]]],[[[73.401,4.63],[73.405,4.628],[73.403,4.627],[73.401,4.63]]],[[[73.49,4.723],[73.491,4.717],[73.488,4.716],[73.49,4.723]]],[[[72.973,4.894],[72.97,4.881],[72.969,4.881],[72.973,4.894]]],[[[72.923,4.899],[72.921,4.898],[72.917,4.899],[72.923,4.899]]],[[[73.437,4.97],[73.441,4.975],[73.447,4.971],[73.437,4.97]]],[[[72.909,5.031],[72.91,5.033],[72.913,5.034],[72.909,5.031]]],[[[72.928,5.037],[72.927,5.034],[72.924,5.033],[72.928,5.037]]],[[[73.045,5.122],[73.043,5.119],[73.041,5.118],[73.045,5.122]]],[[[73.045,5.129],[73.051,5.127],[73.048,5.126],[73.045,5.129]]],[[[73.091,5.161],[73.088,5.158],[73.088,5.158],[73.091,5.161]]],[[[73.107,5.171],[73.107,5.172],[73.111,5.17],[73.107,5.171]]],[[[72.86,5.238],[72.859,5.236],[72.857,5.234],[72.86,5.238]]],[[[73.132,5.242],[73.128,5.241],[73.132,5.245],[73.132,5.242]]],[[[73.5,5.247],[73.497,5.245],[73.494,5.246],[73.5,5.247]]],[[[73.594,5.283],[73.578,5.275],[73.57,5.277],[73.594,5.283]]],[[[73.113,5.298],[73.109,5.295],[73.109,5.297],[73.113,5.298]]],[[[73.467,5.308],[73.464,5.307],[73.464,5.307],[73.467,5.308]]],[[[73.63,5.333],[73.627,5.331],[73.623,5.332],[73.63,5.333]]],[[[73.643,5.344],[73.64,5.342],[73.64,5.342],[73.643,5.344]]],[[[72.952,5.35],[72.95,5.349],[72.953,5.353],[72.952,5.35]]],[[[73.396,5.357],[73.401,5.358],[73.401,5.356],[73.396,5.357]]],[[[73.323,5.368],[73.33,5.367],[73.318,5.366],[73.323,5.368]]],[[[73.345,5.427],[73.348,5.429],[73.351,5.428],[73.345,5.427]]],[[[73.535,5.45],[73.531,5.45],[73.537,5.451],[73.535,5.45]]],[[[73.363,5.463],[73.363,5.459],[73.361,5.458],[73.363,5.463]]],[[[72.937,5.466],[72.94,5.462],[72.938,5.461],[72.937,5.466]]],[[[73.01,5.491],[73.013,5.487],[73.011,5.487],[73.01,5.491]]],[[[73.459,5.542],[73.456,5.543],[73.462,5.544],[73.459,5.542]]],[[[72.999,5.712],[73.002,5.707],[73.0,5.707],[72.999,5.712]]],[[[72.948,6.344],[72.954,6.346],[72.953,6.343],[72.948,6.344]]],[[[72.891,6.448],[72.897,6.448],[72.896,6.446],[72.891,6.448]]],[[[73.105,-0.579],[73.112,-0.617],[73.119,-0.641],[73.095,-0.605],[73.091,-0.586],[73.105,-0.579]]],[[[73.365,1.791],[73.376,1.789],[73.368,1.783],[73.365,1.791]]],[[[73.395,1.799],[73.402,1.796],[73.394,1.795],[73.395,1.799]]],[[[73.453,1.827],[73.457,1.82],[73.454,1.821],[73.453,1.827]]],[[[73.518,1.843],[73.499,1.828],[73.498,1.829],[73.518,1.843]]],[[[73.532,1.864],[73.533,1.862],[73.532,1.86],[73.532,1.864]]],[[[73.244,1.889],[73.244,1.894],[73.252,1.892],[73.244,1.889]]],[[[73.549,1.911],[73.541,1.892],[73.553,1.932],[73.549,1.911]]],[[[73.55,1.966],[73.548,1.968],[73.55,1.976],[73.55,1.966]]],[[[73.317,1.991],[73.323,1.986],[73.318,1.983],[73.317,1.991]]],[[[73.543,2.022],[73.54,2.023],[73.544,2.027],[73.543,2.022]]],[[[73.387,2.029],[73.386,2.03],[73.387,2.033],[73.387,2.029]]],[[[73.551,2.073],[73.551,2.078],[73.556,2.083],[73.551,2.073]]],[[[73.568,2.11],[73.58,2.106],[73.562,2.095],[73.568,2.11]]],[[[73.044,2.166],[73.04,2.165],[73.038,2.165],[73.044,2.166]]],[[[73.099,2.185],[73.102,2.181],[73.099,2.182],[73.099,2.185]]],[[[73.117,2.198],[73.121,2.192],[73.115,2.192],[73.117,2.198]]],[[[72.948,2.275],[72.946,2.272],[72.943,2.273],[72.948,2.275]]],[[[72.927,2.316],[72.923,2.32],[72.926,2.327],[72.927,2.316]]],[[[73.344,2.348],[73.344,2.344],[73.342,2.342],[73.344,2.348]]],[[[73.354,2.437],[73.367,2.398],[73.363,2.385],[73.354,2.437]]],[[[73.315,2.494],[73.312,2.499],[73.315,2.506],[73.315,2.494]]],[[[73.144,2.55],[73.141,2.55],[73.146,2.553],[73.144,2.55]]],[[[72.901,2.678],[72.906,2.68],[72.904,2.676],[72.901,2.678]]],[[[72.874,2.684],[72.867,2.689],[72.873,2.694],[72.874,2.684]]],[[[73.032,2.745],[73.028,2.738],[73.022,2.742],[73.032,2.745]]],[[[73.348,2.775],[73.354,2.772],[73.351,2.771],[73.348,2.775]]],[[[73.391,2.775],[73.392,2.781],[73.399,2.786],[73.391,2.775]]],[[[73.549,2.893],[73.551,2.891],[73.549,2.888],[73.549,2.893]]],[[[73.36,2.904],[73.363,2.898],[73.357,2.9],[73.36,2.904]]],[[[73.015,2.947],[73.009,2.946],[73.008,2.953],[73.015,2.947]]],[[[73.564,2.955],[73.562,2.946],[73.562,2.95],[73.564,2.955]]],[[[73.586,2.962],[73.577,2.951],[73.578,2.957],[73.586,2.962]]],[[[72.865,2.961],[72.868,2.961],[72.865,2.958],[72.865,2.961]]],[[[72.902,3.084],[72.904,3.077],[72.9,3.077],[72.902,3.084]]],[[[73.613,3.103],[73.608,3.1],[73.613,3.107],[73.613,3.103]]],[[[72.975,3.104],[72.982,3.105],[72.978,3.103],[72.975,3.104]]],[[[73.042,3.205],[73.047,3.202],[73.041,3.198],[73.042,3.205]]],[[[73.029,3.247],[73.036,3.248],[73.032,3.246],[73.029,3.247]]],[[[72.833,3.312],[72.836,3.306],[72.831,3.306],[72.833,3.312]]],[[[73.516,3.361],[73.519,3.359],[73.519,3.356],[73.516,3.361]]],[[[73.749,3.448],[73.753,3.446],[73.753,3.446],[73.749,3.448]]],[[[73.508,3.497],[73.506,3.498],[73.506,3.501],[73.508,3.497]]],[[[72.952,3.734],[72.956,3.729],[72.949,3.729],[72.952,3.734]]],[[[72.946,3.772],[72.949,3.767],[72.942,3.767],[72.946,3.772]]],[[[72.945,3.837],[72.948,3.832],[72.941,3.832],[72.945,3.837]]],[[[73.432,3.847],[73.433,3.843],[73.432,3.842],[73.432,3.847]]],[[[73.444,3.921],[73.443,3.919],[73.438,3.916],[73.444,3.921]]],[[[73.345,3.945],[73.341,3.942],[73.341,3.943],[73.345,3.945]]],[[[73.423,4.118],[73.421,4.116],[73.419,4.116],[73.423,4.118]]],[[[73.553,4.237],[73.538,4.183],[73.511,4.162],[73.431,4.185],[73.512,4.186],[73.533,4.231],[73.553,4.237]]],[[[72.959,4.263],[72.954,4.261],[72.945,4.266],[72.959,4.263]]],[[[73.596,4.342],[73.592,4.34],[73.589,4.341],[73.596,4.342]]],[[[73.608,4.358],[73.612,4.357],[73.61,4.356],[73.608,4.358]]],[[[73.632,4.368],[73.637,4.364],[73.634,4.365],[73.632,4.368]]],[[[73.668,4.394],[73.668,4.387],[73.666,4.386],[73.668,4.394]]],[[[72.956,4.422],[72.943,4.432],[72.957,4.438],[72.956,4.422]]],[[[73.55,4.615],[73.554,4.614],[73.552,4.613],[73.55,4.615]]],[[[73.63,5.419],[73.637,5.403],[73.632,5.386],[73.63,5.419]]],[[[72.999,5.461],[73.003,5.458],[73.001,5.456],[72.999,5.461]]],[[[72.878,5.492],[72.881,5.488],[72.879,5.488],[72.878,5.492]]],[[[73.013,5.616],[73.016,5.612],[73.014,5.612],[73.013,5.616]]],[[[73.009,5.675],[73.012,5.672],[73.01,5.671],[73.009,5.675]]],[[[73.393,5.738],[73.381,5.715],[73.38,5.715],[73.393,5.738]]],[[[72.986,5.766],[72.983,5.763],[72.987,5.771],[72.986,5.766]]],[[[73.377,5.787],[73.385,5.787],[73.381,5.784],[73.377,5.787]]],[[[72.971,5.81],[72.975,5.805],[72.975,5.804],[72.971,5.81]]],[[[73.443,5.841],[73.434,5.831],[73.433,5.831],[73.443,5.841]]],[[[72.964,5.864],[72.966,5.85],[72.962,5.857],[72.964,5.864]]],[[[73.423,5.907],[73.428,5.904],[73.426,5.903],[73.423,5.907]]],[[[72.93,5.957],[72.926,5.963],[72.932,5.969],[72.93,5.957]]],[[[73.395,5.958],[73.385,5.965],[73.39,5.97],[73.395,5.958]]],[[[72.91,5.982],[72.913,5.976],[72.91,5.978],[72.91,5.982]]],[[[73.251,6.083],[73.249,6.08],[73.245,6.08],[73.251,6.083]]],[[[73.249,6.11],[73.247,6.108],[73.247,6.108],[73.249,6.11]]],[[[73.22,6.132],[73.219,6.129],[73.215,6.129],[73.22,6.132]]],[[[73.265,6.154],[73.267,6.151],[73.265,6.151],[73.265,6.154]]],[[[73.219,6.172],[73.214,6.169],[73.216,6.171],[73.219,6.172]]],[[[73.271,6.189],[73.268,6.179],[73.266,6.185],[73.271,6.189]]],[[[73.03,6.221],[73.029,6.219],[73.029,6.219],[73.03,6.221]]],[[[73.236,6.232],[73.244,6.232],[73.24,6.229],[73.236,6.232]]],[[[73.126,6.284],[73.123,6.283],[73.128,6.287],[73.126,6.284]]],[[[73.209,6.287],[73.213,6.289],[73.209,6.286],[73.209,6.287]]],[[[73.083,6.309],[73.081,6.306],[73.078,6.305],[73.083,6.309]]],[[[73.194,6.322],[73.202,6.322],[73.201,6.318],[73.194,6.322]]],[[[73.121,6.331],[73.12,6.329],[73.119,6.329],[73.121,6.331]]],[[[73.187,6.351],[73.182,6.346],[73.18,6.347],[73.187,6.351]]],[[[73.019,6.364],[73.025,6.365],[73.024,6.363],[73.019,6.364]]],[[[72.686,6.412],[72.687,6.407],[72.686,6.406],[72.686,6.412]]],[[[72.901,6.436],[72.907,6.436],[72.907,6.434],[72.901,6.436]]],[[[73.046,6.436],[73.043,6.434],[73.049,6.441],[73.046,6.436]]],[[[72.957,6.56],[72.958,6.554],[72.956,6.555],[72.957,6.56]]],[[[72.923,6.56],[72.929,6.561],[72.928,6.559],[72.923,6.56]]],[[[73.026,6.579],[73.03,6.576],[73.028,6.575],[73.026,6.579]]],[[[73.039,6.623],[73.041,6.617],[73.038,6.618],[73.039,6.623]]],[[[73.062,6.661],[73.062,6.667],[73.07,6.668],[73.062,6.661]]],[[[73.099,6.709],[73.1,6.7],[73.096,6.698],[73.099,6.709]]],[[[73.032,6.757],[73.037,6.753],[73.035,6.753],[73.032,6.757]]],[[[72.913,6.765],[72.914,6.759],[72.912,6.76],[72.913,6.765]]],[[[73.16,6.787],[73.153,6.749],[73.132,6.725],[73.16,6.787]]],[[[73.197,6.828],[73.184,6.821],[73.181,6.823],[73.182,6.831],[73.197,6.828]]],[[[72.99,6.842],[72.992,6.837],[72.989,6.838],[72.99,6.842]]],[[[73.139,6.844],[73.14,6.839],[73.138,6.84],[73.139,6.844]]],[[[72.972,6.85],[72.976,6.847],[72.974,6.846],[72.972,6.85]]],[[[73.093,6.853],[73.094,6.848],[73.092,6.848],[73.093,6.853]]],[[[72.959,6.862],[72.961,6.856],[72.958,6.857],[72.959,6.862]]],[[[73.102,6.894],[73.107,6.89],[73.104,6.89],[73.102,6.894]]],[[[73.214,6.919],[73.213,6.905],[73.204,6.885],[73.202,6.902],[73.214,6.919]]],[[[72.926,6.957],[72.926,6.954],[72.925,6.952],[72.926,6.957]]],[[[73.195,6.951],[73.192,6.968],[73.198,6.971],[73.195,6.951]]],[[[72.892,6.988],[72.89,6.985],[72.892,6.991],[72.892,6.988]]],[[[72.98,7.028],[72.981,7.014],[72.977,7.019],[72.98,7.028]]],[[[72.95,7.056],[72.948,7.051],[72.948,7.054],[72.95,7.056]]],[[[72.913,7.093],[72.912,7.083],[72.907,7.091],[72.913,7.093]]],[[[72.884,7.107],[72.885,7.104],[72.882,7.102],[72.884,7.107]]]]}},{"type":"Feature","properties":{"name":"Bahrain","iso":"BHR"},"geometry":{"type":"MultiPolygon","coordinates":[[[[50.595,26.16],[50.62,26.185],[50.633,26.147],[50.646,26.146],[50.635,26.116],[50.615,26.111],[50.618,25.965],[50.604,25.855],[50.565,25.79],[50.531,25.885],[50.468,25.958],[50.46,25.985],[50.491,26.048],[50.449,26.162],[50.461,26.225],[50.481,26.243],[50.545,26.228],[50.587,26.242],[50.604,26.198],[50.552,26.194],[50.595,26.16]]],[[[50.383,26.16],[50.419,26.166],[50.423,26.12],[50.386,26.123],[50.381,26.139],[50.383,26.16]]],[[[50.602,26.279],[50.655,26.277],[50.656,26.247],[50.684,26.222],[50.674,26.203],[50.648,26.239],[50.612,26.241],[50.6,26.263],[50.602,26.279]]],[[[50.741,25.674],[50.801,25.731],[50.783,25.697],[50.796,25.685],[50.762,25.668],[50.776,25.639],[50.757,25.58],[50.738,25.596],[50.749,25.621],[50.741,25.674]]],[[[50.776,25.753],[50.791,25.749],[50.781,25.745],[50.776,25.753]]],[[[50.805,25.679],[50.817,25.669],[50.808,25.664],[50.805,25.679]]],[[[50.785,25.648],[50.817,25.644],[50.812,25.632],[50.791,25.631],[50.785,25.648]]]]}},{"type":"Feature","properties":{"name":"Wake Island","iso":"PGA"},"geometry":{"type":"MultiPolygon","coordinates":[[[[115.366,10.239],[115.368,10.239],[115.367,10.237],[115.366,10.239]]],[[[114.371,9.684],[114.382,9.69],[114.373,9.68],[114.371,9.684]]],[[[114.034,10.012],[114.038,10.021],[114.04,10.019],[114.034,10.012]]],[[[114.371,10.18],[114.359,10.183],[114.366,10.187],[114.371,10.18]]],[[[114.468,10.368],[114.465,10.378],[114.47,10.377],[114.468,10.368]]],[[[114.364,10.368],[114.36,10.379],[114.367,10.368],[114.364,10.368]]],[[[114.455,10.388],[114.452,10.397],[114.458,10.396],[114.455,10.388]]],[[[115.815,10.734],[115.833,10.728],[115.815,10.723],[115.815,10.734]]],[[[115.846,10.822],[115.831,10.833],[115.849,10.826],[115.846,10.822]]],[[[114.283,11.041],[114.279,11.05],[114.287,11.047],[114.283,11.041]]],[[[115.02,11.109],[115.01,11.116],[115.021,11.118],[115.02,11.109]]],[[[114.36,9.77],[114.363,9.769],[114.361,9.767],[114.36,9.77]]]]}},{"type":"Feature","properties":{"name":"Macau","iso":"MAC"},"geometry":{"type":"MultiPolygon","coordinates":[[[[113.569,22.161],[113.56,22.142],[113.587,22.125],[113.547,22.105],[113.534,22.161],[113.569,22.161]]],[[[113.539,22.221],[113.557,22.202],[113.525,22.174],[113.535,22.208],[113.524,22.213],[113.539,22.221]]]]}},{"type":"Feature","properties":{"name":"Ashmore and Cartier Islands","iso":"ATC"},"geometry":{"type":"Polygon","coordinates":[[[123.597,-12.428],[123.576,-12.437],[123.575,-12.427],[123.597,-12.428]]]}},{"type":"Feature","properties":{"name":"Scarborough Shoal","iso":"SCR"},"geometry":{"type":"Polygon","coordinates":[[[117.754,15.154],[117.754,15.15],[117.752,15.152],[117.754,15.154]]]}}]}