storm,time,sensor,scene,fold,cnn_EYE,stat_EYE,cnn_CRVBND,stat_CRVBND,cnn_SHEAR,stat_SHEAR,cnn_EMBC,stat_EMBC,cnn_IRRCDO,stat_IRRCDO
200501B,2005-01-09 01:00:00,gridsat,EMBC,1,0.02550419047474861,0.003650205908343196,0.8882240056991577,0.3475918471813202,0.017829297110438347,0.0034420336596667767,0.02268376760184765,0.008442314341664314,0.04575871303677559,0.6368735432624817
200501B,2005-01-09 07:00:00,gridsat,CRVBND,1,0.03278269246220589,0.44289231300354004,0.4295446276664734,0.038448307663202286,0.008206713013350964,7.270145943039097e-06,0.42208269238471985,0.5115989446640015,0.10738327354192734,0.007053143810480833
200501B,2005-01-09 11:30:00,gridsat,SHEAR,1,0.03920970857143402,0.3714168071746826,0.8200411200523376,0.23080457746982574,0.037703853100538254,0.00025253623607568443,0.06662740558385849,0.3758072257041931,0.03641792759299278,0.021718889474868774
200501B,2005-01-09 18:00:00,gridsat,CRVBND,1,0.03349149227142334,0.04663912579417229,0.8550407290458679,0.7628684043884277,0.0309767983853817,0.00383537239395082,0.032526202499866486,0.14730188250541687,0.04796483367681503,0.039355311542749405
200501B,2005-01-10 00:00:00,gridsat,SHEAR,1,0.052067022770643234,0.0008764648227952421,0.5987919569015503,0.7441075444221497,0.2730163633823395,0.24582244455814362,0.029332691803574562,0.0023229802027344704,0.04679199680685997,0.0068705277517437935
200501B,2005-01-10 05:30:00,gridsat,CRVBND,1,0.03825543820858002,0.04909559339284897,0.759808361530304,0.5446262955665588,0.07947712391614914,0.010618436150252819,0.051952213048934937,0.017102161422371864,0.07050687819719315,0.3785575032234192
200501B,2005-01-10 18:00:00,gridsat,CRVBND,1,0.02452854812145233,0.3417416512966156,0.8971111178398132,0.26448652148246765,0.024578312411904335,0.00029036542400717735,0.02236216701567173,0.3412208557128906,0.03141986206173897,0.05226067081093788
200501B,2005-01-10 23:30:00,gridsat,SHEAR,1,0.028912879526615143,0.023784730583429337,0.8819207549095154,0.7225956916809082,0.033059462904930115,0.038347117602825165,0.016560040414333344,0.005760287865996361,0.039546892046928406,0.20951220393180847
200502B,2005-01-14 21:30:00,gridsat,CRVBND,2,0.011938484385609627,0.3707563281059265,0.743916928768158,0.10874667763710022,0.014721561223268509,0.0001085534313460812,0.14378249645233154,0.35876646637916565,0.08564059436321259,0.16162195801734924
200502B,2005-01-15 02:00:00,gridsat,CRVBND,2,0.006502452306449413,0.04926474019885063,0.6690206527709961,0.2389584332704544,0.010458199307322502,0.0005971334758214653,0.017598960548639297,0.06791149824857712,0.2964196801185608,0.6432681679725647
200502B,2005-01-15 15:00:00,gridsat,CRVBND,2,0.018957853317260742,0.05086241289973259,0.16667118668556213,0.440611332654953,0.47211286425590515,0.02033395506441593,0.011789816431701183,0.03360048681497574,0.3304682672023773,0.4545918107032776
200502B,2005-01-15 21:00:00,gridsat,CRVBND,2,0.014739632606506348,0.004820478148758411,0.3233112096786499,0.8237115740776062,0.4431665241718292,0.045786719769239426,0.014526658691465855,0.02871621586382389,0.20425598323345184,0.09696511179208755
200502B,2005-01-16 03:00:00,gridsat,IRRCDO,2,0.04912913218140602,0.024598613381385803,0.40695345401763916,0.5005064606666565,0.44049781560897827,0.008680778555572033,0.041405417025089264,0.07013656198978424,0.06201425567269325,0.39607760310173035
200502B,2005-01-16 15:00:00,gridsat,SHEAR,2,0.022020641714334488,2.4716822736081667e-05,0.14155296981334686,0.18165341019630432,0.7530365586280823,0.8159606456756592,0.05649430677294731,0.00019280429114587605,0.02689553238451481,0.0021683976519852877
200502B,2005-01-16 20:30:00,gridsat,IRRCDO,2,0.046892255544662476,0.0008784536039456725,0.6617826819419861,0.779415488243103,0.029318423941731453,0.1145712286233902,0.020896878093481064,0.0050919572822749615,0.24110975861549377,0.10004283487796783
200502B,2005-01-17 03:00:00,gridsat,CRVBND,2,0.016631372272968292,0.004036994185298681,0.47319987416267395,0.7666142582893372,0.4061112701892853,0.1953069567680359,0.012730048038065434,0.008847023360431194,0.09132743626832962,0.02519482746720314
200502B,2005-01-17 08:30:00,gridsat,SHEAR,2,0.010172763839364052,0.011802543886005878,0.4755305051803589,0.3856593370437622,0.4345342516899109,0.0554574579000473,0.042511843144893646,0.0077873230911791325,0.03725063055753708,0.5392933487892151
200502B,2005-01-17 15:00:00,gridsat,IRRCDO,2,0.07066817581653595,0.002323207911103964,0.27320393919944763,0.7668792009353638,0.5146658420562744,0.13620419800281525,0.07639870047569275,0.005005816929042339,0.06506333500146866,0.08958757668733597
200502B,2005-01-17 21:00:00,gridsat,CRVBND,2,0.02086958847939968,0.0076681021600961685,0.6699727773666382,0.862339973449707,0.13369117677211761,0.06131116300821304,0.027471572160720825,0.014708874747157097,0.14799481630325317,0.053971897810697556
200505B,2005-11-28 02:00:00,gridsat,IRRCDO,3,0.02201804146170616,0.000586453068535775,0.07455329596996307,0.45143285393714905,0.014362613670527935,0.02021431364119053,0.00781700573861599,0.005430926568806171,0.881248950958252,0.5223354697227478
200505B,2005-11-28 09:00:00,gridsat,CRVBND,3,0.023968573659658432,0.0042365724220871925,0.7930605411529541,0.5516670942306519,0.021999100223183632,0.0483475960791111,0.0424579419195652,0.012626659125089645,0.11851394176483154,0.3831220269203186
200505B,2005-11-28 15:00:00,gridsat,IRRCDO,3,0.020571330562233925,1.7427355487598106e-05,0.06412037461996078,0.03021753579378128,0.017806127667427063,0.0013417026493698359,0.17967528104782104,0.00025758377159945667,0.7178268432617188,0.9681656956672668
200505B,2005-11-28 20:00:00,gridsat,IRRCDO,3,0.012277340516448021,0.0060334824956953526,0.007882609963417053,0.012136951088905334,0.009054521098732948,3.053565160371363e-05,0.009896093048155308,0.0222224909812212,0.960889458656311,0.9595764875411987
200505B,2005-11-29 09:00:00,gridsat,CRVBND,3,0.027757864445447922,0.01767151430249214,0.878989040851593,0.3340618908405304,0.011854718439280987,0.0009968020021915436,0.05111469700932503,0.25963473320007324,0.03028370440006256,0.3876350224018097
200505B,2005-11-29 15:00:00,gridsat,CRVBND,3,0.03820690140128136,0.0007264548330567777,0.8803388476371765,0.7660386562347412,0.018643362447619438,0.2070368379354477,0.02557428926229477,0.009217402897775173,0.037236664444208145,0.01698063127696514
200505B,2005-11-29 21:00:00,gridsat,EMBC,3,0.039655815809965134,0.019666574895381927,0.8258485794067383,0.1456449031829834,0.09023840725421906,0.0017844842514023185,0.01852240227162838,0.0370640754699707,0.02573489025235176,0.7958400249481201
200505B,2005-11-30 02:00:00,gridsat,EMBC,3,0.03165597468614578,0.5670946836471558,0.5218083262443542,0.06203635409474373,0.016548067331314087,6.0200924053788185e-05,0.3829197287559509,0.30783867835998535,0.04706789180636406,0.06297005712985992
200505B,2005-11-30 09:00:00,gridsat,CRVBND,3,0.046030350029468536,0.015986425802111626,0.1364690661430359,0.15013623237609863,0.02453174628317356,0.002251371508464217,0.10113715380430222,0.021369382739067078,0.691831648349762,0.8102565407752991
200505B,2005-11-30 14:30:00,gridsat,CRVBND,3,0.029177997261285782,0.011937657371163368,0.8753729462623596,0.29276949167251587,0.020529530942440033,0.008894771337509155,0.03885360062122345,0.027994994074106216,0.036065906286239624,0.6584030985832214
200505B,2005-11-30 22:00:00,gridsat,CRVBND,3,0.04937802255153656,0.3387492597103119,0.5061175227165222,0.21003660559654236,0.019327854737639427,0.00023722245532553643,0.3354089856147766,0.3209804892539978,0.08976762741804123,0.1299964189529419
200505B,2005-12-01 09:00:00,gridsat,IRRCDO,3,0.02819928154349327,0.015995586290955544,0.8007321953773499,0.35026025772094727,0.01600239798426628,0.009503966197371483,0.07407654076814651,0.01902811974287033,0.08098950982093811,0.6052120327949524
200505B,2005-12-01 15:00:00,gridsat,SHEAR,3,0.01493584644049406,0.00022923819778952748,0.008874690160155296,0.32669639587402344,0.9354804754257202,0.6701281070709229,0.017174558714032173,0.00013200720422901213,0.023534344509243965,0.0028143092058598995
200505B,2005-12-01 21:00:00,gridsat,SHEAR,3,0.009419919922947884,0.0002566674374975264,0.002930666087195277,0.7231524586677551,0.9564047455787659,0.1578255593776703,0.009280349127948284,0.0029513537883758545,0.021964292973279953,0.11581405252218246
200505B,2005-12-02 03:00:00,gridsat,CRVBND,3,0.035988543182611465,0.1797792613506317,0.847844660282135,0.5114991664886475,0.024796105921268463,0.006020905915647745,0.047150760889053345,0.11098727583885193,0.04421999678015709,0.1917133778333664
200505B,2005-12-02 09:00:00,gridsat,CRVBND,3,0.030093900859355927,0.0023982166312634945,0.22256632149219513,0.5969699025154114,0.68082594871521,0.053098954260349274,0.028385436162352562,0.019256405532360077,0.03812835365533829,0.32827651500701904
200505B,2005-12-02 15:00:00,gridsat,CRVBND,3,0.030251482501626015,0.0020573860965669155,0.8419739007949829,0.688307523727417,0.07624240964651108,0.06415024399757385,0.019607558846473694,0.011625191196799278,0.031924642622470856,0.23385962843894958
200506B,2005-12-06 06:00:00,gridsat,CRVBND,0,0.014839219860732555,0.001984316622838378,0.9564110040664673,0.8782143592834473,0.005999754182994366,0.07602972537279129,0.012122426182031631,0.014581921510398388,0.01062763947993517,0.02918962575495243
200506B,2005-12-06 18:00:00,gridsat,EMBC,0,0.045423995703458786,0.4035714566707611,0.10200989991426468,0.05594364553689957,0.03627908229827881,6.35165924904868e-05,0.4278760850429535,0.4862079620361328,0.38841092586517334,0.054213445633649826
200506B,2005-12-07 01:00:00,gridsat,EMBC,0,0.03413647413253784,0.499274343252182,0.532882571220398,0.09033823013305664,0.01751088723540306,0.0002755377790890634,0.40137016773223877,0.3419724106788635,0.014099911786615849,0.06813940405845642
200506B,2005-12-10 06:00:00,gridsat,EMBC,0,0.027035286650061607,0.017277875915169716,0.7447826266288757,0.5073937177658081,0.024221301078796387,0.009841067716479301,0.03694075345993042,0.09463649988174438,0.1670200228691101,0.3708508014678955
200506B,2005-12-10 12:00:00,gridsat,SHEAR,0,0.03437285125255585,0.00024141622998286039,0.8660070300102234,0.6333490610122681,0.05335400626063347,0.2615010142326355,0.017263263463974,0.001237186836078763,0.029002854600548744,0.10367126017808914
200506B,2005-12-10 18:00:00,gridsat,SHEAR,0,0.02387145720422268,1.7636537563703314e-07,0.02945273369550705,0.19096416234970093,0.9189819693565369,0.8084401488304138,0.018682021647691727,7.31069958419539e-05,0.009011861868202686,0.0005223237094469368
200506B,2005-12-11 05:00:00,gridsat,SHEAR,0,0.009174326434731483,2.6108587292128504e-08,0.002882573986425996,0.038794729858636856,0.9778667092323303,0.9611961841583252,0.006233528256416321,1.5808302578079747e-06,0.0038429538253694773,7.462889698217623e-06
200507B,2005-12-17 06:00:00,gridsat,SHEAR,1,0.045205965638160706,9.543759369989857e-05,0.3742729425430298,0.7212538719177246,0.507702648639679,0.2637036144733429,0.022945307195186615,0.002333824522793293,0.049873195588588715,0.012613245286047459
200507B,2005-12-17 12:00:00,gridsat,CRVBND,1,0.03721652552485466,0.005426317919045687,0.8304809927940369,0.6922990679740906,0.08702652156352997,0.002530522644519806,0.028628185391426086,0.10265090316534042,0.016647694632411003,0.197093203663826
200507B,2005-12-17 18:00:00,gridsat,CRVBND,1,0.08208125084638596,0.024877198040485382,0.32171761989593506,0.5597900152206421,0.050864581018686295,0.0009678730275481939,0.19624975323677063,0.2253286987543106,0.3490867614746094,0.18903613090515137
200507B,2005-12-18 06:00:00,gridsat,CRVBND,1,0.022802986204624176,0.09283764660358429,0.9154490828514099,0.4764777421951294,0.014796786941587925,0.001082803588360548,0.019959934055805206,0.19180458784103394,0.026991264894604683,0.23779726028442383
200507B,2005-12-18 12:00:00,gridsat,CRVBND,1,0.028556041419506073,0.04939432814717293,0.9022709727287292,0.7560269832611084,0.023442193865776062,0.013958154246211052,0.017411155626177788,0.07519485056400299,0.028319718316197395,0.10542570799589157
200507B,2005-12-19 07:00:00,gridsat,CRVBND,1,0.021473729982972145,0.21797578036785126,0.031135408207774162,0.17666812241077423,0.013314979150891304,0.00016172145842574537,0.025641897693276405,0.38923579454421997,0.9084340333938599,0.2159586101770401
200507B,2005-12-19 11:00:00,gridsat,EMBC,1,0.029745059087872505,0.13530287146568298,0.8930864930152893,0.1199248731136322,0.01631750725209713,8.651807002024725e-05,0.030478207394480705,0.5187513828277588,0.030372628942131996,0.22593437135219574
200507B,2005-12-19 18:00:00,gridsat,EMBC,1,0.027528084814548492,0.2921072244644165,0.8721057176589966,0.13642416894435883,0.019174868240952492,8.623315807199106e-05,0.05681522563099861,0.5095239281654358,0.024376148357987404,0.061858437955379486
200507B,2005-12-20 00:00:00,gridsat,SHEAR,1,0.017863119021058083,0.0002524364972487092,0.031368330121040344,0.5670321583747864,0.9227972626686096,0.17210660874843597,0.01273970864713192,0.0005175849073566496,0.01523167360574007,0.2600911855697632
200507B,2005-12-20 06:00:00,gridsat,SHEAR,1,0.03845663368701935,0.000155688714585267,0.884368896484375,0.7102896571159363,0.032862339168787,0.28230080008506775,0.01223694533109665,0.0010538364294916391,0.03207509592175484,0.006200055126100779
200507B,2005-12-20 12:00:00,gridsat,EMBC,1,0.0268524382263422,0.0028593747410923243,0.8973115086555481,0.7500344514846802,0.017913304269313812,0.01897653006017208,0.014303826726973057,0.01823491044342518,0.04361889511346817,0.20989470183849335
200507B,2005-12-20 18:00:00,gridsat,IRRCDO,1,0.08772576600313187,0.018762601539492607,0.6323341727256775,0.4515749514102936,0.0702623799443245,0.0013134607579559088,0.02917596511542797,0.045739974826574326,0.1805017739534378,0.48260897397994995
200507B,2005-12-20 23:00:00,gridsat,EMBC,1,0.048081304877996445,0.546489953994751,0.8054739832878113,0.023762959986925125,0.02055538259446621,2.405743771305424e-06,0.08702807128429413,0.4200662672519684,0.038861192762851715,0.009678375907242298
200507B,2005-12-21 06:00:00,gridsat,SHEAR,1,0.03291185945272446,0.0002652995171956718,0.8611248135566711,0.7319098114967346,0.05053521320223808,0.07762196660041809,0.013546302914619446,0.002567833987995982,0.041881710290908813,0.18763506412506104
200507B,2005-12-21 13:00:00,gridsat,CRVBND,1,0.03205634281039238,0.07012831419706345,0.8901949524879456,0.6924416422843933,0.014255320653319359,0.002890652744099498,0.01779867149889469,0.08759266138076782,0.045694682747125626,0.14694669842720032
200507B,2005-12-21 18:00:00,gridsat,SHEAR,1,0.016404325142502785,0.00010707229375839233,0.9126550555229187,0.6819964051246643,0.019119245931506157,0.11834195256233215,0.02774707041680813,0.0009338079835288227,0.02407427504658699,0.19862081110477448
200507B,2005-12-22 00:00:00,gridsat,SHEAR,1,0.046716805547475815,0.0002546616306062788,0.24522219598293304,0.7981054782867432,0.6430768370628357,0.16221119463443756,0.028595246374607086,0.0014271994587033987,0.03638895973563194,0.038001466542482376
200507B,2005-12-22 06:00:00,gridsat,SHEAR,1,0.01792256534099579,0.001416971324943006,0.9420870542526245,0.5618211030960083,0.008621172048151493,0.02061326801776886,0.014216911047697067,0.002359457779675722,0.017152296379208565,0.4137892425060272
200507B,2005-12-22 12:00:00,gridsat,SHEAR,1,0.034477509558200836,9.69703687587753e-05,0.560705840587616,0.5832798480987549,0.011761038564145565,0.1264204978942871,0.012695364654064178,0.0005184657056815922,0.38036027550697327,0.2896841764450073
200507B,2005-12-22 18:00:00,gridsat,CRVBND,1,0.028972584754228592,0.1518843173980713,0.8740020394325256,0.47743499279022217,0.02254481241106987,0.0005816397606395185,0.024716144427657127,0.14988626539707184,0.04976438358426094,0.22021272778511047
200601A,2006-01-14 06:00:00,gridsat,CRVBND,0,0.03431526571512222,0.050761912018060684,0.8032664656639099,0.6069902181625366,0.013802680186927319,0.010512975975871086,0.019208336248993874,0.18464280664920807,0.12940725684165955,0.1470920294523239
200601A,2006-01-14 12:00:00,gridsat,SHEAR,0,0.04475928470492363,0.00017162147560156882,0.2711053788661957,0.5105628371238708,0.6535688638687134,0.48690280318260193,0.015680626034736633,0.0006572905695065856,0.014885878190398216,0.0017054592026397586
200601A,2006-01-14 17:00:00,gridsat,SHEAR,0,0.009948266670107841,1.883597633423051e-08,0.004258050117641687,0.025889720767736435,0.9774489998817444,0.9740939736366272,0.0055855801329016685,1.2240091109561035e-06,0.002759171649813652,1.4939636457711458e-05
200601A,2006-01-15 00:00:00,gridsat,SHEAR,0,0.007114396896213293,3.267454085076338e-09,0.0033840385731309652,0.00839237030595541,0.9814077019691467,0.9916073083877563,0.0053084129467606544,1.1986094783367207e-08,0.002785369986668229,4.121635015508218e-07
200601A,2006-01-15 06:00:00,gridsat,SHEAR,0,0.011419580318033695,2.4550459443162254e-07,0.03336944058537483,0.03233552724123001,0.9407363533973694,0.9676607847213745,0.008510442450642586,6.721473937432165e-07,0.005964166950434446,2.737149770837277e-06
200601A,2006-01-15 12:00:00,gridsat,SHEAR,0,0.012111582793295383,2.5066675846119324e-08,0.004414675757288933,0.04918139427900314,0.9704797863960266,0.9508143663406372,0.008444428443908691,4.3342006961211155e-07,0.004549503792077303,3.7612921914842445e-06
200601A,2006-01-15 17:00:00,gridsat,SHEAR,0,0.013556316494941711,4.509408668695869e-08,0.0063645909540355206,0.07494565099477768,0.9586684703826904,0.9248750805854797,0.011065661907196045,5.608941137325019e-06,0.010344987735152245,0.0001735687837935984
200602B,2006-04-25 09:00:00,gridsat,IRRCDO,2,0.015298658981919289,0.012128842063248158,0.06619711220264435,0.331007719039917,0.03333880752325058,0.0004138536751270294,0.6506808996200562,0.035424135625362396,0.2344845086336136,0.6210254430770874
200602B,2006-04-25 21:00:00,gridsat,CRVBND,2,0.08343665301799774,0.01838858239352703,0.12530572712421417,0.29751649498939514,0.059752702713012695,0.00020458140352275223,0.625548779964447,0.5756869316101074,0.10595615208148956,0.10820343345403671
200602B,2006-04-26 09:00:00,gridsat,CRVBND,2,0.02649153769016266,3.185503010172397e-05,0.8564673066139221,0.7799272537231445,0.03877783194184303,0.14592714607715607,0.028036566451191902,0.0020601272117346525,0.050226785242557526,0.07205358147621155
200602B,2006-04-26 20:00:00,gridsat,EMBC,2,0.02706063725054264,0.11916448920965195,0.053223833441734314,0.06351406872272491,0.05172993615269661,1.4986573660280555e-05,0.1621285080909729,0.5630328059196472,0.7058571577072144,0.2542736828327179
200602B,2006-04-27 04:00:00,gridsat,EMBC,2,0.7850425839424133,0.16367511451244354,0.004278378561139107,0.0280776210129261,0.029340803623199463,4.562957201414974e-06,0.148403599858284,0.7993143796920776,0.03293469548225403,0.008928309194743633
200602B,2006-04-27 15:00:00,gridsat,EMBC,2,0.02155941352248192,0.29374974966049194,0.002556421095505357,0.021335221827030182,0.007907925173640251,4.349502887635026e-06,0.9494987726211548,0.6619345545768738,0.018477540463209152,0.022976087406277657
200602B,2006-04-27 21:00:00,gridsat,EMBC,2,0.007542885839939117,0.23432619869709015,0.0003952379629481584,0.005520965903997421,0.007105551194399595,3.900903777775966e-07,0.971299409866333,0.7550801038742065,0.013656924478709698,0.005072271917015314
200603B,2006-07-03 00:00:00,gridsat,CRVBND,4,0.0341450572013855,0.032930321991443634,0.46338051557540894,0.15794090926647186,0.010566618293523788,5.448410956887528e-05,0.25403913855552673,0.7407479882240295,0.23786863684654236,0.06832632422447205
200603B,2006-07-03 04:30:00,gridsat,CRVBND,4,0.01675918698310852,3.4148932172684e-05,0.6567553877830505,0.8311914205551147,0.01522595901042223,0.05263308063149452,0.05431874841451645,0.0014860891969874501,0.256940633058548,0.11465530097484589
200604A,2006-09-21 15:00:00,gridsat,CRVBND,3,0.009494774974882603,0.06608107686042786,0.004206210840493441,0.06695657223463058,0.008149917237460613,0.0007927563856355846,0.006724714767187834,0.052504055202007294,0.9714242815971375,0.8136655688285828
200604A,2006-09-22 09:00:00,gridsat,EMBC,3,0.016050491482019424,0.8513305187225342,0.004514248110353947,0.012729273177683353,0.011209964752197266,3.72767353837844e-05,0.9469988942146301,0.1129588708281517,0.021226385608315468,0.02294418402016163
200604A,2006-09-22 15:00:00,gridsat,EYE,3,0.976159930229187,0.7078593969345093,0.002232640516012907,0.013099652715027332,0.006702020764350891,4.099182478967123e-05,0.005039912648499012,0.16221846640110016,0.009865444153547287,0.11678139120340347
200604A,2006-09-23 09:00:00,gridsat,CRVBND,3,0.05118807405233383,0.025640659034252167,0.8230140805244446,0.7715719938278198,0.04180407524108887,0.10669185221195221,0.039015963673591614,0.037992775440216064,0.04497777670621872,0.058102719485759735
200604A,2006-09-23 15:00:00,gridsat,CRVBND,3,0.021742112934589386,0.007847624830901623,0.9084147810935974,0.6060229539871216,0.009271327406167984,0.37808316946029663,0.029693515971302986,0.0021790198516100645,0.030878324061632156,0.005867241881787777
200604A,2006-09-23 21:00:00,gridsat,CRVBND,3,0.033138807862997055,0.004375480581074953,0.8960456252098083,0.5386025905609131,0.022084902971982956,0.4496602416038513,0.021428773179650307,0.0017477445071563125,0.027301862835884094,0.005613943561911583
200604A,2006-09-24 03:00:00,gridsat,CRVBND,3,0.03513270244002342,0.03206881508231163,0.902412474155426,0.6336545944213867,0.02120555192232132,0.31481868028640747,0.01747756637632847,0.0006456490373238921,0.023771746084094048,0.0188122671097517
200605B,2006-09-29 03:00:00,gridsat,CRVBND,2,0.03616268187761307,0.0010752775706350803,0.7362664341926575,0.45094072818756104,0.0578109547495842,0.03318580612540245,0.037133801728487015,0.007524827029556036,0.13262610137462616,0.5072733759880066
200701B,2007-05-14 07:00:00,gridsat,EMBC,2,0.03305252641439438,0.33849602937698364,0.1386139839887619,0.08288941532373428,0.015413257293403149,7.348600047407672e-05,0.7884425520896912,0.5740779638290405,0.024477651342749596,0.004463084973394871
200702A,2007-06-02 06:00:00,gridsat,EMBC,4,0.02974076010286808,0.3203568458557129,0.07496646791696548,0.0480167418718338,0.006436199881136417,6.866453622933477e-05,0.8710375428199768,0.6075155138969421,0.017819028347730637,0.024042226374149323
200702A,2007-06-02 16:30:00,gridsat,CRVBND,4,0.02007235214114189,0.13989804685115814,0.07196388393640518,0.12083159387111664,0.00523495115339756,0.0003671446756925434,0.08737267553806305,0.36271727085113525,0.8153560161590576,0.3761860132217407
200702A,2007-06-03 00:30:00,gridsat,EMBC,4,0.01632305234670639,0.28159239888191223,0.020411187782883644,0.016337165609002113,0.004812436178326607,9.403634066984523e-06,0.5826119780540466,0.6859240531921387,0.37584128975868225,0.016137026250362396
200702A,2007-06-03 19:00:00,gridsat,EYE,4,0.701709508895874,0.3109741508960724,0.013267875649034977,0.010038817301392555,0.012133155949413776,3.9147003008110914e-06,0.25004279613494873,0.6617357134819031,0.022846661508083344,0.017247412353754044
200702A,2007-06-04 00:00:00,gridsat,EYE,4,0.9759668707847595,0.18976862728595734,0.0029362584464251995,0.007328532636165619,0.006226732395589352,1.198068957819487e-06,0.00674078892916441,0.788693368434906,0.008129284717142582,0.014208290725946426
200702A,2007-06-04 06:00:00,gridsat,EYE,4,0.9721851944923401,0.28195351362228394,0.0029640670400112867,0.010611825622618198,0.007864676415920258,2.904609118559165e-06,0.008594940416514874,0.6819749474525452,0.008391104638576508,0.025456862524151802
200702A,2007-06-04 12:00:00,gridsat,EYE,4,0.9665859341621399,0.8022213578224182,0.0039287409745156765,0.0029672395903617144,0.013335011899471283,2.6085012905241456e-06,0.0061902571469545364,0.1913985162973404,0.009960017167031765,0.003410218982025981
200702A,2007-06-04 18:00:00,gridsat,EYE,4,0.979051947593689,0.4194281995296478,0.001937506953254342,0.0017781349597498775,0.007688368670642376,4.370035071588063e-07,0.004003486130386591,0.5738505125045776,0.00731870299205184,0.004942607134580612
200702A,2007-06-05 00:00:00,gridsat,EMBC,4,0.39381736516952515,0.6790315508842468,0.008154059760272503,0.0016017785528674722,0.029948322102427483,5.987695885778521e-07,0.5460533499717712,0.317917138338089,0.02202683500945568,0.001448948634788394
200702A,2007-06-05 06:00:00,gridsat,EMBC,4,0.8994032144546509,0.8845895528793335,0.009635880589485168,0.0029526585713028908,0.025223340839147568,6.185776783240726e-06,0.04747241362929344,0.11170053482055664,0.018265044316649437,0.0007510485011152923
200702A,2007-06-06 07:00:00,gridsat,EMBC,4,0.023672906681895256,0.3551431894302368,0.04230767861008644,0.17239537835121155,0.009561307728290558,0.0009108895901590586,0.824725329875946,0.35454118251800537,0.09973273426294327,0.11700932681560516
200702A,2007-06-06 18:00:00,gridsat,CRVBND,4,0.02783675491809845,0.006188719067722559,0.838344395160675,0.8616249561309814,0.02933339960873127,0.11035832017660141,0.0602603405714035,0.0112388264387846,0.04422508925199509,0.010589275509119034
200702A,2007-06-07 00:00:00,gridsat,CRVBND,4,0.02231862023472786,0.0007864636136218905,0.6348370909690857,0.296120822429657,0.31772157549858093,0.7015606164932251,0.012684131041169167,0.00031294923974201083,0.012438503094017506,0.0012191944988444448
200702A,2007-06-07 06:00:00,gridsat,SHEAR,4,0.009065822698175907,4.141873068874702e-05,0.00849066860973835,0.09210840612649918,0.9710845351219177,0.9076826572418213,0.006176050752401352,1.9668124878080562e-05,0.0051828972063958645,0.00014776170428376645
200702A,2007-06-07 12:00:00,gridsat,SHEAR,4,0.005620609503239393,0.00016114414029289037,0.0018391150515526533,0.160262793302536,0.9836102724075317,0.8388872146606445,0.004830025136470795,0.00011778442421928048,0.004100033547729254,0.0005710041150450706
200703B,2007-06-21 15:00:00,gridsat,SHEAR,2,0.0315391980111599,3.397249415115766e-08,0.15881235897541046,0.5641170740127563,0.11626668274402618,0.43112993240356445,0.015843115746974945,6.314527854556218e-05,0.6775386333465576,0.00468973396345973
200703B,2007-06-21 20:30:00,gridsat,CRVBND,2,0.0035922492388635874,4.095103122381261e-06,0.00896784570068121,0.5573471784591675,0.008300050161778927,0.006973922252655029,0.001379297929815948,0.0006963986088521779,0.9777606129646301,0.4349784255027771
200703B,2007-06-22 03:00:00,gridsat,CRVBND,2,0.009872033260762691,0.05309947580099106,0.7063962817192078,0.5886085629463196,0.2123897522687912,0.0007179047097451985,0.010410749353468418,0.24927610158920288,0.06093112379312515,0.1082979217171669
200703B,2007-06-22 09:00:00,gridsat,CRVBND,2,0.01570812240242958,0.0008980161510407925,0.8724250793457031,0.7538080811500549,0.03614698722958565,0.005479652900248766,0.008384575136005878,0.01782045140862465,0.06733524054288864,0.2219938486814499
200703B,2007-06-25 09:00:00,gridsat,CRVBND,2,0.010633478872478008,0.010029262863099575,0.787871241569519,0.7996895909309387,0.16682399809360504,0.014532892033457756,0.023456241935491562,0.10705361515283585,0.011215007863938808,0.06869462877511978
200703B,2007-06-25 15:00:00,gridsat,CRVBND,2,0.04089714214205742,0.0030874297954142094,0.7574177384376526,0.5110163688659668,0.0931551456451416,0.006816979963332415,0.03880373761057854,0.026496922597289085,0.06972623616456985,0.45258229970932007
200704B,2007-06-28 17:00:00,gridsat,IRRCDO,4,0.023639505729079247,0.0057539064437150955,0.05334295704960823,0.04715650901198387,0.008657091297209263,1.636731940379832e-05,0.5724599957466125,0.16305777430534363,0.34190043807029724,0.7840154767036438
200705A,2007-10-28 03:00:00,gridsat,CRVBND,0,0.018872234970331192,8.278740097011905e-06,0.9163455963134766,0.12112466245889664,0.01064053550362587,0.007353555876761675,0.046217236667871475,0.0010192784247919917,0.007924363948404789,0.8704941868782043
200705A,2007-10-28 09:00:00,gridsat,CRVBND,0,0.08378574252128601,7.999332751751353e-07,0.6810844540596008,0.4687758684158325,0.1794828325510025,0.5200498104095459,0.03910614550113678,0.0004735068359877914,0.016540758311748505,0.010700076818466187
200705A,2007-10-28 15:00:00,gridsat,CRVBND,0,0.0800170823931694,7.68129848438548e-06,0.6134136915206909,0.18039579689502716,0.018986815586686134,0.03676164895296097,0.02915923483669758,0.00046298967208713293,0.2584231495857239,0.7823718190193176
200705A,2007-10-28 21:00:00,gridsat,CRVBND,0,0.02758759632706642,7.754394027870148e-05,0.8831036686897278,0.6992949843406677,0.02772199548780918,0.06691378355026245,0.047184109687805176,0.0016947132535278797,0.014402603730559349,0.23201896250247955
200705A,2007-10-29 03:00:00,gridsat,SHEAR,0,0.08136669546365738,3.4286731676047566e-08,0.6140369176864624,0.18023638427257538,0.25223925709724426,0.792529821395874,0.015386884100735188,1.702453118923586e-05,0.03697027638554573,0.027216747403144836
200705A,2007-10-29 09:00:00,gridsat,CRVBND,0,0.039242278784513474,9.832146315602586e-05,0.8610784411430359,0.7065066695213318,0.009619197808206081,0.04743953421711922,0.05235552042722702,0.010424377396702766,0.03770459070801735,0.23553118109703064
200705A,2007-10-29 15:00:00,gridsat,CRVBND,0,0.019017118960618973,2.736771648415015e-06,0.3846488296985626,0.438546746969223,0.01922168955206871,0.15298010408878326,0.0331537239253521,0.0005536727840080857,0.5439586043357849,0.40791669487953186
200705A,2007-10-29 21:00:00,gridsat,CRVBND,0,0.021616574376821518,2.1212237697909586e-05,0.8712331056594849,0.7641313076019287,0.026906659826636314,0.22022542357444763,0.07408415526151657,0.001273547182790935,0.006159515585750341,0.014348573982715607
200705A,2007-10-30 03:00:00,gridsat,SHEAR,0,0.04025940224528313,1.3439531709735775e-09,0.7602624297142029,0.07762607932090759,0.0889858603477478,0.9221996068954468,0.08040934056043625,3.5460514027363388e-06,0.030083009973168373,0.00017087883315980434
200705A,2007-10-30 09:00:00,gridsat,SHEAR,0,0.03672853112220764,6.881646918976969e-10,0.16183093190193176,0.04081945866346359,0.7378425002098083,0.9591695070266724,0.04560021311044693,2.8519868919829605e-06,0.01799788326025009,8.096585588646121e-06
200705A,2007-10-30 15:30:00,gridsat,SHEAR,0,0.017362220212817192,4.453937496595728e-10,0.03547555208206177,0.03622497618198395,0.9187286496162415,0.9637674689292908,0.020566537976264954,2.4054063487710664e-06,0.007867014966905117,5.183137091080425e-06
200705A,2007-10-30 21:30:00,gridsat,CRVBND,0,0.06711183488368988,1.7777514926820004e-07,0.5851548910140991,0.30146461725234985,0.18092085421085358,0.6201774477958679,0.1046261414885521,7.078002818161622e-05,0.06218625605106354,0.07828698307275772
200705A,2007-10-31 03:30:00,gridsat,SHEAR,0,0.08374598622322083,9.253150329291415e-11,0.21811330318450928,0.017609741538763046,0.2544920742511749,0.9823878407478333,0.0616186186671257,1.3136806842339865e-07,0.38203001022338867,2.221884415121167e-06
200705A,2007-10-31 09:00:00,gridsat,SHEAR,0,0.007455301005393267,1.1341255712338238e-09,0.0015111288521438837,2.423879413981922e-05,0.9668297171592712,0.9999758005142212,0.008687851950526237,5.29524514514268e-12,0.015515977516770363,4.303181509041076e-12
200705A,2007-10-31 21:30:00,gridsat,SHEAR,0,0.008186432532966137,1.940313687498474e-08,0.0019941905047744513,6.821908027632162e-05,0.9595457315444946,0.999931812286377,0.011138852685689926,1.4417769755858956e-10,0.01913474127650261,3.863752633809225e-12
200705A,2007-11-01 03:00:00,gridsat,SHEAR,0,0.007697879336774349,2.3888487632461874e-08,0.0018434851663187146,0.00015406633610837162,0.9617992043495178,0.9998458623886108,0.01000641006976366,2.763715367670727e-10,0.018653010949492455,6.091546104342038e-12
200705A,2007-11-01 09:30:00,gridsat,SHEAR,0,0.007724045775830746,1.2493175383099242e-09,0.001669145654886961,0.00018775160424411297,0.9633227586746216,0.9998123049736023,0.008482585661113262,8.530613992974168e-10,0.01880141906440258,3.962375566546328e-11
200705A,2007-11-01 15:00:00,gridsat,SHEAR,0,0.007869565859436989,8.173820731371961e-08,0.0019247967284172773,0.0016619506059214473,0.9601477980613708,0.998337984085083,0.009984062053263187,1.2085136225081783e-09,0.02007380686700344,1.3079453319020384e-11
200706B,2007-11-12 00:00:00,gridsat,EMBC,3,0.02294829860329628,0.24454531073570251,0.010581123642623425,0.03440345451235771,0.011838175356388092,3.3456963137723505e-05,0.9367759823799133,0.7074375152587891,0.017856411635875702,0.013580267317593098
200706B,2007-11-12 05:30:00,gridsat,EMBC,3,0.016390623524785042,0.3825090229511261,0.005188812501728535,0.014751523733139038,0.012855839915573597,1.2649128620978445e-05,0.947191059589386,0.5952960848808289,0.0183736402541399,0.007430803496390581
200706B,2007-11-12 12:00:00,gridsat,EYE,3,0.9723069071769714,0.3856547176837921,0.002756098983809352,0.007468611001968384,0.006797746289521456,3.309035719212261e-06,0.005692111793905497,0.5999773144721985,0.012447117827832699,0.0068960972130298615
200706B,2007-11-12 18:00:00,gridsat,EYE,3,0.9751681685447693,0.24995864927768707,0.002144773490726948,0.0032456067856401205,0.0068538920022547245,8.857467719280976e-07,0.004626227077096701,0.7435746788978577,0.011206906288862228,0.003220121841877699
200706B,2007-11-13 00:00:00,gridsat,EYE,3,0.9674948453903198,0.6427416205406189,0.0034901697654277086,0.009485204704105854,0.007882768288254738,7.703441042394843e-06,0.005847401916980743,0.3455502688884735,0.01528478879481554,0.0022151607554405928
200706B,2007-11-13 05:30:00,gridsat,EYE,3,0.9504580497741699,0.5417777895927429,0.0025546683464199305,0.018145477399230003,0.007500196807086468,2.319180748600047e-05,0.025661110877990723,0.424760639667511,0.013825957663357258,0.015292949043214321
200706B,2007-11-13 18:00:00,gridsat,EYE,3,0.9709218144416809,0.7310692071914673,0.002563645364716649,0.002761852229014039,0.005908599589020014,1.3363181778913713e-06,0.007719675078988075,0.26450830698013306,0.01288640033453703,0.0016592976171523333
200706B,2007-11-13 23:30:00,gridsat,EYE,3,0.969414234161377,0.7258464097976685,0.003108458360657096,0.002041189931333065,0.008057722821831703,8.467628163089103e-07,0.004844300914555788,0.2713371217250824,0.014575325883924961,0.0007743989699520171
200706B,2007-11-14 06:30:00,gridsat,EYE,3,0.9739465117454529,0.7162631154060364,0.0030245636589825153,0.002295691752806306,0.006982424762099981,1.0917198096649372e-06,0.003979397471994162,0.2806866765022278,0.0120670972391963,0.0007534465985372663
200706B,2007-11-14 12:30:00,gridsat,EYE,3,0.9660113453865051,0.7784334421157837,0.0038457626942545176,0.0008475134964101017,0.008646540343761444,2.9448548843902245e-07,0.004983651917427778,0.22024545073509216,0.016512766480445862,0.0004733359382953495
200706B,2007-11-14 18:30:00,gridsat,EYE,3,0.9689683318138123,0.6383998394012451,0.0033236779272556305,0.0020627176854759455,0.008272870443761349,4.833423759009747e-07,0.004535883665084839,0.35813581943511963,0.014899292960762978,0.001401165733113885
200706B,2007-11-14 23:30:00,gridsat,EYE,3,0.9737429022789001,0.7605026364326477,0.0027518770657479763,0.0017276847502216697,0.007050887681543827,6.053715537746029e-07,0.004993111826479435,0.23671114444732666,0.011461143381893635,0.0010579340159893036
200706B,2007-11-15 06:30:00,gridsat,EYE,3,0.9742295145988464,0.6988461017608643,0.0026311934925615788,0.0030250484123826027,0.006784707773476839,1.8396973473500111e-06,0.0054501197300851345,0.29667070508003235,0.010904460214078426,0.001456284080632031
200706B,2007-11-15 11:30:00,gridsat,EYE,3,0.9644036889076233,0.7941578030586243,0.002665213542059064,0.0023485759738832712,0.007824534550309181,1.3992438425702858e-06,0.011056626215577126,0.20266112685203552,0.014049913734197617,0.000831042358186096
200801B,2008-04-28 14:30:00,gridsat,EMBC,0,0.9704903364181519,0.1580607146024704,0.002855260157957673,0.012834266759455204,0.007201075088232756,1.2706061625067377e-06,0.012582485564053059,0.7975272536277771,0.006870746612548828,0.031576499342918396
200801B,2008-04-28 21:30:00,gridsat,EMBC,0,0.004703302402049303,0.131323903799057,0.0017814409220591187,0.004160006996244192,0.00908212922513485,3.6840256711911934e-07,0.9808939695358276,0.8517671227455139,0.0035391543060541153,0.012748615816235542
200801B,2008-04-29 09:30:00,gridsat,EMBC,0,0.07121946662664413,0.26699262857437134,0.6624581813812256,0.22460857033729553,0.0247853584587574,0.0010389303788542747,0.21566323935985565,0.3859610855579376,0.025873739272356033,0.12139882147312164
200801B,2008-04-29 20:30:00,gridsat,IRRCDO,0,0.0033511181827634573,0.0012119404273107648,0.0028674649074673653,0.0937206968665123,0.001566454884596169,0.00021309942530933768,0.009295194409787655,0.04975941404700279,0.9829196929931641,0.855094850063324
200801B,2008-04-30 20:30:00,gridsat,EMBC,0,0.011222407221794128,0.1855434775352478,0.00035262657911516726,0.06559335440397263,0.006763944402337074,9.659507486503571e-05,0.9807807803153992,0.5069193840026855,0.0008802979136817157,0.2418471723794937
200801B,2008-05-01 09:30:00,gridsat,EMBC,0,0.2539677619934082,0.3894243836402893,0.003559849224984646,0.04875170439481735,0.013153386302292347,6.842768198112026e-05,0.7269284725189209,0.3312273323535919,0.002390496199950576,0.2305280566215515
200801B,2008-05-01 15:30:00,gridsat,EMBC,0,0.9755886793136597,0.2341117560863495,0.0024634841829538345,0.05862211436033249,0.007545147556811571,6.362438580254093e-05,0.007590207736939192,0.2897317409515381,0.006812453735619783,0.4174707531929016
200801B,2008-05-02 02:30:00,gridsat,EMBC,0,0.9616324305534363,0.3559296131134033,0.0029005471151322126,0.004851941484957933,0.0077584958635270596,6.462851160904393e-07,0.02340061590075493,0.6233868598937988,0.004307892173528671,0.01583097130060196
200801B,2008-05-02 08:30:00,gridsat,EYE,0,0.9625337719917297,0.6077682375907898,0.003450565505772829,0.008897045627236366,0.010922805406153202,3.941856448363978e-06,0.018227528780698776,0.37753865122795105,0.0048653860576450825,0.0057921214029192924
200803B,2008-10-21 01:00:00,gridsat,EMBC,1,0.01366876345127821,0.09020266681909561,0.009210042655467987,0.01678333804011345,0.010468896478414536,2.8516748784568335e-07,0.06912419945001602,0.8166677951812744,0.8975280523300171,0.07634598016738892
200803B,2008-10-21 06:00:00,gridsat,CRVBND,1,0.036856286227703094,1.0750300134532154e-05,0.6258426308631897,0.4550551474094391,0.26327550411224365,0.5394439697265625,0.01568508893251419,0.00021034512610640377,0.05834057554602623,0.0052797868847846985
200803B,2008-10-21 12:00:00,gridsat,CRVBND,1,0.059478722512722015,0.00502488948404789,0.7017390131950378,0.32096436619758606,0.05518990010023117,0.0010738821001723409,0.03410940617322922,0.03297451138496399,0.14948289096355438,0.6399623155593872
200803B,2008-10-21 18:00:00,gridsat,SHEAR,1,0.014255343936383724,2.298272875123075e-06,0.00806388072669506,0.08729404211044312,0.9524440169334412,0.9126263856887817,0.007509513758122921,2.4054555979091674e-05,0.0177271980792284,5.3173600463196635e-05
200803B,2008-10-22 00:00:00,gridsat,SHEAR,1,0.01175672560930252,2.1310746944891434e-07,0.003138314001262188,0.00955994613468647,0.9604413509368896,0.9904387593269348,0.008679760619997978,1.4188952945914934e-07,0.015983909368515015,9.315940019405389e-07
200803B,2008-10-22 06:00:00,gridsat,SHEAR,1,0.012678376398980618,3.694893990768833e-08,0.002746318932622671,0.00535556860268116,0.9592152833938599,0.9946439266204834,0.009182512760162354,9.083949237265188e-08,0.01617756113409996,3.2507239211554406e-07
200803B,2008-10-22 13:00:00,gridsat,CRVBND,1,0.021137965843081474,0.19271160662174225,0.8834232091903687,0.4535275101661682,0.04493086412549019,0.0018984349444508553,0.02264055795967579,0.18457843363285065,0.027867423370480537,0.1672840267419815
200803B,2008-10-22 18:00:00,gridsat,CRVBND,1,0.011919921264052391,0.00020572726498357952,0.008466046303510666,0.37424150109291077,0.954209566116333,0.6110936403274536,0.009076923131942749,0.00024339029914699495,0.01632758043706417,0.014215711504220963
200803B,2008-10-23 00:00:00,gridsat,CRVBND,1,0.025019176304340363,0.000383233476895839,0.8873462677001953,0.6550177335739136,0.030037451535463333,0.3348143696784973,0.0286391768604517,0.0014773946022614837,0.02895796112716198,0.008307183161377907
200803B,2008-10-23 05:30:00,gridsat,CRVBND,1,0.05242488905787468,0.004256409592926502,0.6999212503433228,0.41590163111686707,0.029893578961491585,0.0054533942602574825,0.07669106870889664,0.00668401550501585,0.14106926321983337,0.5677044987678528
200803B,2008-10-23 17:00:00,gridsat,CRVBND,1,0.02510903961956501,0.029841583222150803,0.8886168599128723,0.8249274492263794,0.022664174437522888,0.027036065235733986,0.012081131339073181,0.014927679672837257,0.051528774201869965,0.10326731204986572
200805B,2008-11-14 06:00:00,gridsat,CRVBND,0,0.03077976033091545,0.0038637917023152113,0.9072412848472595,0.6428893804550171,0.011198815889656544,0.006291333585977554,0.018821312114596367,0.06675683706998825,0.03195885568857193,0.28019869327545166
200805B,2008-11-14 12:00:00,gridsat,CRVBND,0,0.012624773196876049,0.0004029130795970559,0.6734768152236938,0.13561563193798065,0.008994514122605324,0.0009023628663271666,0.02018745057284832,0.005781594663858414,0.2847164273262024,0.8572974801063538
200805B,2008-11-14 18:00:00,gridsat,EMBC,0,0.018504321575164795,0.046409837901592255,0.014537788927555084,0.03917701169848442,0.013036449439823627,5.990089903207263e-06,0.9042214751243591,0.2869642972946167,0.049699995666742325,0.6274428367614746
200805B,2008-11-15 01:30:00,gridsat,IRRCDO,0,0.05135679990053177,0.0025088682305067778,0.5102113485336304,0.05033326894044876,0.021408332511782646,3.425620525376871e-05,0.2024388611316681,0.08503013849258423,0.214584618806839,0.862093448638916
200805B,2008-11-15 06:00:00,gridsat,CRVBND,0,0.028317449614405632,2.5530101993354037e-05,0.8607535362243652,0.7440125346183777,0.09410618990659714,0.21655024588108063,0.011615474708378315,0.005535758100450039,0.005207427311688662,0.03387593850493431
200805B,2008-11-15 11:00:00,gridsat,IRRCDO,0,0.022577164694666862,0.0005722043570131063,0.04503757879137993,0.019262302666902542,0.0220824982970953,2.5703913706820458e-05,0.7202112078666687,0.010620445013046265,0.1900915652513504,0.969519317150116
200805B,2008-11-15 19:00:00,gridsat,CRVBND,0,0.022992020472884178,0.000285095302388072,0.17617546021938324,0.2831462323665619,0.02014610916376114,0.0031084709335118532,0.6302497386932373,0.013766554184257984,0.15043669939041138,0.6996936202049255
200805B,2008-11-15 23:00:00,gridsat,CRVBND,0,0.015748076140880585,0.00015051878290250897,0.006342874839901924,0.44663378596305847,0.005605013575404882,0.025420747697353363,0.02905804105103016,0.009197049774229527,0.943246066570282,0.5185979604721069
200806B,2008-11-25 19:30:00,gridsat,CRVBND,3,0.05581628531217575,0.11073891073465347,0.3252444267272949,0.541895866394043,0.046552397310733795,0.0035086560528725386,0.4986127018928528,0.1910751610994339,0.07377419620752335,0.1527814120054245
200806B,2008-11-25 23:30:00,gridsat,CRVBND,3,0.011838873848319054,0.07801532000303268,0.9508548378944397,0.5178797245025635,0.00698285736143589,0.004414120223373175,0.013631782494485378,0.13290593028068542,0.01669163629412651,0.2667849063873291
200806B,2008-11-26 06:30:00,gridsat,EMBC,3,0.0339282751083374,0.3154764175415039,0.1297701746225357,0.06956429779529572,0.017129287123680115,0.00026891165180131793,0.7861740589141846,0.5624597072601318,0.03299825266003609,0.05223061516880989
200806B,2008-11-26 12:00:00,gridsat,CRVBND,3,0.01735234633088112,0.23655956983566284,0.004523941315710545,0.17726272344589233,0.011748314835131168,0.0012069192016497254,0.950355589389801,0.5330950021743774,0.016019802540540695,0.05187578499317169
200806B,2008-11-26 19:30:00,gridsat,CRVBND,3,0.04425374045968056,0.03429987281560898,0.8522825241088867,0.7647244930267334,0.028410501778125763,0.01929757371544838,0.03388369455933571,0.1171269416809082,0.04116947576403618,0.06455112248659134
200806B,2008-11-27 00:00:00,gridsat,CRVBND,3,0.07926987111568451,0.06871025264263153,0.6978213787078857,0.5711460113525391,0.046979617327451706,0.005042922217398882,0.1279594451189041,0.2954719364643097,0.04796969145536423,0.05962890759110451
200807B,2008-12-04 06:00:00,gridsat,CRVBND,0,0.022294851019978523,0.0030882987193763256,0.7968490123748779,0.3776644170284271,0.0190128181129694,0.029598090797662735,0.04032513499259949,0.009846009314060211,0.12151817232370377,0.5798032283782959
200807B,2008-12-04 12:00:00,gridsat,CRVBND,0,0.01792629435658455,0.00441190879791975,0.8922261595726013,0.37696361541748047,0.020208990201354027,0.00845758244395256,0.017967306077480316,0.037517983466386795,0.05167121812701225,0.5726489424705505
200807B,2008-12-04 18:00:00,gridsat,CRVBND,0,0.0514298677444458,0.00010923836089204997,0.7692353129386902,0.5649130344390869,0.16162897646427155,0.28355851769447327,0.003975570201873779,0.0015730931190773845,0.013730290345847607,0.149846151471138
200807B,2008-12-05 00:00:00,gridsat,CRVBND,0,0.048820383846759796,4.2126132029807195e-05,0.6460787057876587,0.4272412955760956,0.013140968047082424,0.05752372369170189,0.15023478865623474,0.0014863446122035384,0.14172516763210297,0.5137065052986145
200807B,2008-12-05 06:00:00,gridsat,IRRCDO,0,0.07440120726823807,1.1237685612286441e-05,0.49812793731689453,0.3786506950855255,0.03344837203621864,0.1917840838432312,0.015963148325681686,0.00032195591484196484,0.37805935740470886,0.42923200130462646
200807B,2008-12-05 12:00:00,gridsat,SHEAR,0,0.01704576052725315,9.000017620053313e-09,0.03347207233309746,0.06964145600795746,0.9252306222915649,0.9301735162734985,0.015020553022623062,6.291188583418261e-06,0.009230999276041985,0.00017875558114610612
200807B,2008-12-05 18:00:00,gridsat,SHEAR,0,0.013142184354364872,5.536556546559268e-09,0.011275318451225758,0.02528819628059864,0.9604287147521973,0.9747070074081421,0.009073465131223202,4.557110173664114e-07,0.0060803452506661415,4.301764874981018e-06
200807B,2008-12-06 00:00:00,gridsat,SHEAR,0,0.03767622262239456,9.740519857359686e-08,0.17861981689929962,0.10253734141588211,0.7493605017662048,0.8879725337028503,0.014156613498926163,9.483129360887688e-06,0.02018682286143303,0.009480521082878113
200807B,2008-12-06 06:00:00,gridsat,SHEAR,0,0.06341034173965454,7.1671766299630235e-09,0.5297874808311462,0.20557311177253723,0.35735878348350525,0.7937036156654358,0.022114712744951248,3.622220901888795e-05,0.027328699827194214,0.0006871033692732453
200807B,2008-12-06 12:00:00,gridsat,CRVBND,0,0.023739676922559738,2.39780310948845e-05,0.9248126149177551,0.6702268123626709,0.034217849373817444,0.25656235218048096,0.006159680895507336,0.001451601623557508,0.011070147156715393,0.07173526287078857
200807B,2008-12-06 18:00:00,gridsat,IRRCDO,0,0.042461544275283813,1.0918141697402461e-06,0.7705450654029846,0.21252813935279846,0.05851183086633682,0.7540854811668396,0.01882314495742321,0.0002513627696316689,0.10965844243764877,0.03313395753502846
200807B,2008-12-07 00:00:00,gridsat,CRVBND,0,0.042828161269426346,2.2210952010937035e-07,0.762413501739502,0.10125992447137833,0.0933520495891571,0.8969712853431702,0.02021932415664196,1.3774690160062164e-05,0.081186942756176,0.001754813245497644
200807B,2008-12-07 06:00:00,gridsat,SHEAR,0,0.021905681118369102,5.677371177625901e-07,0.07378298789262772,0.05466408655047417,0.8680310845375061,0.9427729249000549,0.023037929087877274,9.494491678196937e-06,0.013242344371974468,0.002552945399656892
200807B,2008-12-07 12:00:00,gridsat,CRVBND,0,0.11434177309274673,1.3656130249728449e-05,0.6691514849662781,0.315378874540329,0.10279214382171631,0.2804281711578369,0.04052656516432762,0.0002943848667200655,0.07318800687789917,0.4038849174976349
200807B,2008-12-07 16:30:00,gridsat,SHEAR,0,0.07305249571800232,3.7758811686217086e-06,0.35112789273262024,0.24929970502853394,0.5180021524429321,0.7422845959663391,0.023437680676579475,0.00023144717852119356,0.03437969461083412,0.008180352859199047
200904A,2009-11-10 03:00:00,gridsat,CRVBND,1,0.036864254623651505,0.15625013411045074,0.8418644666671753,0.21503935754299164,0.03933703154325485,5.87719478062354e-05,0.04131217673420906,0.3826669752597809,0.04062201827764511,0.24598470330238342
200904A,2009-11-10 09:00:00,gridsat,CRVBND,1,0.051257893443107605,0.24278545379638672,0.7972393035888672,0.15381960570812225,0.0622958205640316,2.6677638743421994e-05,0.04752342402935028,0.4541361629962921,0.04168356955051422,0.14923211932182312
200904A,2009-11-10 21:30:00,gridsat,EMBC,1,0.01566438563168049,0.4411371350288391,0.007483383174985647,0.02124965377151966,0.015165908262133598,1.0406720321043395e-06,0.9385469555854797,0.5078099370002747,0.023139361292123795,0.029802214354276657
200904A,2009-11-11 09:00:00,gridsat,CRVBND,1,0.01653262786567211,0.27855774760246277,0.8727301359176636,0.344673752784729,0.049487173557281494,0.0013904208317399025,0.02975410595536232,0.3261430859565735,0.03149595484137535,0.04923500865697861
200905B,2009-12-12 00:00:00,gridsat,CRVBND,2,0.01971898041665554,0.3857622742652893,0.7437216639518738,0.24524033069610596,0.017587706446647644,0.001967523479834199,0.1909097284078598,0.347787082195282,0.028061918914318085,0.019242869690060616
200905B,2009-12-12 06:00:00,gridsat,CRVBND,2,0.04309482499957085,0.005468496587127447,0.6966733336448669,0.8124800324440002,0.07729603350162506,0.1480477899312973,0.07917189598083496,0.02981070801615715,0.1037638708949089,0.0041929990984499454
200905B,2009-12-12 12:00:00,gridsat,CRVBND,2,0.14156444370746613,0.006951950490474701,0.4706628918647766,0.7247554063796997,0.16055485606193542,0.08595436811447144,0.0855756402015686,0.0484640970826149,0.14164218306541443,0.13387417793273926
200905B,2009-12-12 18:00:00,gridsat,CRVBND,2,0.014349611476063728,0.00029551051557064056,0.8751813769340515,0.6720610857009888,0.046027179807424545,0.3167533576488495,0.03213541582226753,0.0052192322909832,0.032306376844644547,0.0056708017364144325
200905B,2009-12-13 00:00:00,gridsat,CRVBND,2,0.0189303457736969,0.00048344850074499846,0.7898374199867249,0.7634934782981873,0.08923913538455963,0.17270848155021667,0.004090528003871441,0.008426596410572529,0.09790258854627609,0.05488797277212143
200905B,2009-12-13 12:00:00,gridsat,CRVBND,2,0.02858484722673893,0.000362707010935992,0.19259069859981537,0.5604112148284912,0.25805315375328064,0.4271221160888672,0.1582474410533905,0.003082792041823268,0.3625238537788391,0.00902118906378746
200905B,2009-12-13 18:00:00,gridsat,CRVBND,2,0.029036033898591995,0.0004312923992983997,0.220293328166008,0.36008667945861816,0.3396124541759491,0.0502675361931324,0.02083946391940117,0.003136787097901106,0.39021870493888855,0.5860776305198669
200905B,2009-12-14 00:30:00,gridsat,CRVBND,2,0.03712020069360733,0.024974236264824867,0.19461707770824432,0.6176559925079346,0.588010311126709,0.0185463335365057,0.04010973870754242,0.06393676996231079,0.14014264941215515,0.27488669753074646
201001B,2010-05-17 22:00:00,gridsat,EMBC,3,0.004521024413406849,0.4125586450099945,0.005671069957315922,0.009571641683578491,0.005352247040718794,9.623904588806909e-07,0.9594473242759705,0.5685680508613586,0.025008348748087883,0.009300708770751953
201001B,2010-05-19 03:30:00,gridsat,EMBC,3,0.006514753680676222,0.24336159229278564,0.003391185775399208,0.0028141208458691835,0.010247749276459217,2.659184872300102e-07,0.9556280374526978,0.751272976398468,0.024218326434493065,0.002551067853346467
201002A,2010-05-19 15:00:00,gridsat,CRVBND,2,0.008183935657143593,0.052495863288640976,0.9747476577758789,0.6202957034111023,0.007636170834302902,0.2697694003582001,0.005495815072208643,0.036518197506666183,0.0039364248514175415,0.020920924842357635
201001B,2010-05-19 20:30:00,gridsat,EMBC,3,0.006534873973578215,0.328175812959671,0.006614692974835634,0.21088233590126038,0.0035373803693801165,0.0003495013224892318,0.019842233508825302,0.33026862144470215,0.9634708166122437,0.1303236484527588
201002A,2010-05-19 21:00:00,gridsat,CRVBND,2,0.0474398247897625,0.5127478837966919,0.834350049495697,0.16745541989803314,0.011884165927767754,0.0015376582741737366,0.09023182839155197,0.2810716927051544,0.01609417051076889,0.03718729689717293
201002A,2010-05-20 03:00:00,gridsat,IRRCDO,2,0.017127376049757004,0.039734359830617905,0.8467850089073181,0.23951049149036407,0.003114972496405244,0.0039934320375323296,0.05861319601535797,0.07276833057403564,0.07435939460992813,0.6439933776855469
201001B,2010-05-20 08:00:00,gridsat,EMBC,3,0.0324198342859745,0.013199388980865479,0.45120763778686523,0.6564207077026367,0.035132765769958496,0.011127323843538761,0.10206501185894012,0.09998176991939545,0.37917473912239075,0.21927079558372498
201001B,2010-05-20 20:30:00,gridsat,CRVBND,3,0.02173743024468422,0.025843637064099312,0.06538229435682297,0.14571119844913483,0.010145893320441246,0.0006958448211662471,0.03654191270470619,0.07402734458446503,0.8661924600601196,0.7537220120429993
201002A,2010-05-20 21:00:00,gridsat,IRRCDO,2,0.07899540662765503,0.23138169944286346,0.4427393078804016,0.044152189046144485,0.31645867228507996,0.0002587393973954022,0.0413929708302021,0.059959184378385544,0.12041366845369339,0.6642481684684753
201002A,2010-05-21 15:00:00,gridsat,CRVBND,2,0.012391828000545502,0.4972827434539795,0.5129591822624207,0.1611400544643402,0.01928263157606125,0.0017616236582398415,0.39563122391700745,0.3305836021900177,0.05973513424396515,0.009231899864971638
201002A,2010-05-21 21:30:00,gridsat,IRRCDO,2,0.010193204507231712,0.04624200984835625,0.028782524168491364,0.4007304012775421,0.9221057295799255,0.045897018164396286,0.0209937896579504,0.008099479600787163,0.017924675717949867,0.4990311563014984
201002A,2010-05-22 09:00:00,gridsat,IRRCDO,2,0.005668304860591888,0.08437064290046692,0.9431565403938293,0.7383269667625427,0.019844084978103638,0.018743185326457024,0.007021772675216198,0.02068401500582695,0.024309245869517326,0.1378752589225769
201002A,2010-05-22 15:00:00,gridsat,CRVBND,2,0.017454544082283974,8.735917799640447e-05,0.055817801505327225,0.21197724342346191,0.9042152166366577,0.7810853123664856,0.006407853681594133,0.00018456690304446965,0.01610461249947548,0.0066655464470386505
201002A,2010-05-22 21:00:00,gridsat,SHEAR,2,0.008943656459450722,2.8763606607640213e-08,0.0017998127732425928,0.0019111832370981574,0.9708036184310913,0.9980886578559875,0.003742880653589964,6.940010166545107e-08,0.01470999326556921,9.400239697754387e-09
201002A,2010-05-23 03:00:00,gridsat,SHEAR,2,0.014259600080549717,1.5951199472397093e-08,0.03737758472561836,0.06697823107242584,0.9012370109558105,0.9326107501983643,0.0020309039391577244,4.061074832861777e-06,0.04509487748146057,0.00040695597999729216
201002A,2010-05-23 09:00:00,gridsat,SHEAR,2,0.02210664004087448,1.4173686668783603e-09,0.31100863218307495,0.022320711985230446,0.542843759059906,0.9776759147644043,0.008630471304059029,1.7694828784442507e-06,0.11541049927473068,1.6387327832489973e-06
201002A,2010-05-23 15:00:00,gridsat,SHEAR,2,0.00926315225660801,5.809004832713072e-09,0.01220861915498972,0.0010491861030459404,0.9491254687309265,0.998950719833374,0.006383874919265509,4.1699543373852066e-08,0.023018965497612953,1.9976923226749932e-08
201003A,2010-06-01 16:00:00,gridsat,EMBC,4,0.038984302431344986,0.7399580478668213,0.056777797639369965,0.013438887894153595,0.009950386360287666,5.711292760679498e-05,0.6891912817955017,0.23689289391040802,0.20509621500968933,0.009653103537857533
201003A,2010-06-01 21:30:00,gridsat,EMBC,4,0.060018185526132584,0.22829297184944153,0.010725894011557102,0.01904008910059929,0.013537146151065826,1.1890060704899952e-05,0.9040959477424622,0.7377221584320068,0.011622772552073002,0.014932856895029545
201003A,2010-06-02 03:00:00,gridsat,EYE,4,0.9779816269874573,0.20821359753608704,0.002236130880191922,0.020595092326402664,0.008345525711774826,1.2007827535853721e-05,0.00327105144970119,0.7525448203086853,0.008165639825165272,0.018634438514709473
201003A,2010-06-02 09:00:00,gridsat,EYE,4,0.962444543838501,0.5400283336639404,0.005999417044222355,0.010278260335326195,0.01055629551410675,9.444159331906121e-06,0.00882912427186966,0.4444883167743683,0.012170564383268356,0.0051955911330878735
201003A,2010-06-02 14:00:00,gridsat,EYE,4,0.04620221629738808,0.3171338737010956,0.03332376852631569,0.010953167453408241,0.010431155562400818,9.729737030284014e-06,0.7910394668579102,0.6508213877677917,0.11900345236063004,0.02108180895447731
201003A,2010-06-02 21:00:00,gridsat,EMBC,4,0.01817924901843071,0.22954592108726501,0.021255197003483772,0.014538534916937351,0.005701250396668911,7.98605105956085e-06,0.9100130796432495,0.739259660243988,0.044851262122392654,0.01664789393544197
201003A,2010-06-03 02:00:00,gridsat,EMBC,4,0.01371170487254858,0.5555548071861267,0.029955830425024033,0.00515761086717248,0.005414842627942562,2.5042759261850733e-06,0.428440660238266,0.43625423312187195,0.5224769711494446,0.0030308424029499292
201003A,2010-06-03 14:00:00,gridsat,EMBC,4,0.02145983837544918,0.7741574048995972,0.0039009260945022106,0.0017067673616111279,0.004837846849113703,9.456143743591383e-07,0.9480268359184265,0.22320230305194855,0.021774567663669586,0.0009325891151092947
201003A,2010-06-03 22:00:00,gridsat,EMBC,4,0.3539635241031647,0.8492982387542725,0.04323766008019447,0.03156258538365364,0.026269039139151573,0.00014415282930713147,0.5447046756744385,0.11533117294311523,0.03182515874505043,0.0036638558376580477
201003A,2010-06-04 15:00:00,gridsat,CRVBND,4,0.009532255120575428,0.0009983633644878864,0.8967744708061218,0.34901535511016846,0.06626956909894943,0.6466647386550903,0.010605625808238983,0.000508120923768729,0.016818106174468994,0.002813421655446291
201003A,2010-06-04 21:00:00,gridsat,CRVBND,4,0.018446113914251328,0.0002170129300793633,0.3728131055831909,0.5237584114074707,0.5816338062286377,0.47197768092155457,0.01107434369623661,0.000550764671061188,0.01603260636329651,0.003496122546494007
201003A,2010-06-05 03:00:00,gridsat,SHEAR,4,0.008464825339615345,4.560978595691267e-06,0.031018374487757683,0.10531098395586014,0.9495093822479248,0.8946351408958435,0.0058174338191747665,8.760499440541025e-06,0.0051900045946240425,4.0622409869683906e-05
201003A,2010-06-05 09:00:00,gridsat,SHEAR,4,0.006867961958050728,5.360320756153669e-07,0.011379892937839031,0.03610191121697426,0.9745436906814575,0.9638903737068176,0.004049681127071381,8.537176086065301e-07,0.003158676205202937,6.365383796946844e-06
201003A,2010-06-05 15:00:00,gridsat,SHEAR,4,0.005026955157518387,6.031631869518606e-07,0.0013364111073315144,0.01101213414222002,0.9866138100624084,0.9889843463897705,0.004004796966910362,2.3740577148601005e-07,0.0030181037727743387,2.561697328928858e-06
201003A,2010-06-05 21:00:00,gridsat,SHEAR,4,0.0046239448711276054,9.865850643109297e-07,0.000910328992176801,0.005479772575199604,0.9868480563163757,0.9945185780525208,0.0036464850418269634,1.6510654177182005e-07,0.0039711399003863335,5.469311190609005e-07
201003A,2010-06-06 03:00:00,gridsat,CRVBND,4,0.005864956881850958,4.8749850975582376e-05,0.0022478075698018074,0.1549323946237564,0.9841804504394531,0.8216028809547424,0.004256491083651781,0.0001376421860186383,0.003450339660048485,0.023278329521417618
201003A,2010-06-06 09:00:00,gridsat,CRVBND,4,0.01039588451385498,0.00013049969857092947,0.04319750890135765,0.4513400197029114,0.9290246963500977,0.5415847897529602,0.006128543056547642,0.0005462699336931109,0.01125344354659319,0.006398393772542477
201004B,2010-10-21 06:00:00,gridsat,CRVBND,4,0.020285675302147865,0.18264293670654297,0.03888271003961563,0.4010922610759735,0.0060277520678937435,0.0021845910232514143,0.8970539569854736,0.35509032011032104,0.03774990886449814,0.05898994579911232
201004B,2010-10-21 19:00:00,gridsat,EMBC,4,0.04743398353457451,0.22135703265666962,0.10397812724113464,0.010547743178904057,0.01580711640417576,9.437701010028832e-06,0.6351917386054993,0.7079384922981262,0.19758901000022888,0.06014727056026459
201004B,2010-10-22 06:00:00,gridsat,EYE,4,0.9490867853164673,0.46887385845184326,0.007743258494883776,0.04730677604675293,0.018458129838109016,6.422076694434509e-05,0.013327987864613533,0.4370171129703522,0.011383774690330029,0.04673812910914421
201004B,2010-10-22 12:00:00,gridsat,EYE,4,0.9680705070495605,0.7280289530754089,0.004023925866931677,0.003677164437249303,0.008657092228531837,3.154662636006833e-06,0.006549268029630184,0.26212453842163086,0.012699163518846035,0.006166201084852219
201005B,2010-11-06 08:30:00,gridsat,CRVBND,2,0.015618172474205494,0.00017874005425255746,0.06914668530225754,0.3471144735813141,0.03346078470349312,0.0043352143839001656,0.31784334778785706,0.0038060853257775307,0.5639309883117676,0.6445654630661011
201005B,2010-11-06 21:00:00,gridsat,CRVBND,2,0.01161105278879404,0.0007602715049870312,0.005887097213417292,0.8098821043968201,0.02792879194021225,0.0022422384936362505,0.15554270148277283,0.06534365564584732,0.7990304231643677,0.1217716857790947
201005B,2010-11-07 03:00:00,gridsat,CRVBND,2,0.024007953703403473,2.4969480364234187e-05,0.18326331675052643,0.8893848061561584,0.35527628660202026,0.03248106688261032,0.014471336267888546,0.0050949109718203545,0.4229810833930969,0.07301422208547592
201005B,2010-11-07 09:00:00,gridsat,CRVBND,2,0.02806752175092697,6.080022558307974e-06,0.3037113547325134,0.7952637076377869,0.39615124464035034,0.1914578676223755,0.07750741392374039,0.0021124030463397503,0.19456245005130768,0.011159920133650303
201005B,2010-11-07 15:00:00,gridsat,SHEAR,2,0.005901244934648275,2.010124973139682e-07,0.01084106881171465,0.02976803481578827,0.9632897973060608,0.9702211618423462,0.0067365737631917,6.0737265812349506e-06,0.013231373392045498,4.4843445721198805e-06
201101A,2011-06-11 15:00:00,gridsat,CRVBND,3,0.02868077903985977,0.0006995364092290401,0.9133551120758057,0.5825366377830505,0.018038621172308922,0.41353872418403625,0.011029287241399288,0.0011091091437265277,0.028896179050207138,0.0021160119213163853
201101A,2011-06-11 21:00:00,gridsat,CRVBND,3,0.04927744343876839,0.0006268124561756849,0.7379366755485535,0.3518756031990051,0.03846012428402901,0.221886545419693,0.016219154000282288,0.0003913231485057622,0.15810661017894745,0.42521968483924866
201101A,2011-06-12 03:00:00,gridsat,CRVBND,3,0.07043720781803131,0.03233961760997772,0.7025548219680786,0.39131781458854675,0.021278660744428635,0.0200203824788332,0.020101623609662056,0.010996898636221886,0.18562768399715424,0.5453253388404846
201101A,2011-06-12 09:00:00,gridsat,CRVBND,3,0.04662451148033142,0.011006765998899937,0.2465595304965973,0.5662916898727417,0.025545133277773857,0.028549261391162872,0.009469063021242619,0.01828964799642563,0.671801745891571,0.3758625388145447
201101A,2011-06-12 15:00:00,gridsat,CRVBND,3,0.006691893097013235,0.4998195171356201,0.003188464557752013,0.21505075693130493,0.005897467955946922,0.003414945909753442,0.0027046510949730873,0.10818056017160416,0.981517493724823,0.17353416979312897
201102B,2011-10-19 12:00:00,gridsat,CRVBND,2,0.03530167043209076,0.015269744209945202,0.3474234342575073,0.6941388845443726,0.02861824445426464,0.016188563778996468,0.4997144043445587,0.16348016262054443,0.08894230425357819,0.11092265695333481
201103A,2011-11-02 07:30:00,gridsat,CRVBND,0,0.019448179751634598,0.6782640218734741,0.130980983376503,0.015149128623306751,0.03422430902719498,1.5521893146797083e-05,0.8003529906272888,0.2960699796676636,0.014993580058217049,0.010501297190785408
201103A,2011-11-02 12:00:00,gridsat,CRVBND,0,0.017290113493800163,0.1224353015422821,0.592487096786499,0.31667137145996094,0.03382571041584015,0.01411473099142313,0.1918482482433319,0.45002976059913635,0.16454878449440002,0.09674888849258423
201104A,2011-11-08 00:00:00,gridsat,CRVBND,1,0.0841369554400444,0.011375431902706623,0.6154676675796509,0.632295548915863,0.04757308214902878,0.0032651808578521013,0.0864015519618988,0.03723643720149994,0.16642072796821594,0.3158273994922638
201104A,2011-11-08 12:00:00,gridsat,CRVBND,1,0.017574232071638107,0.12759660184383392,0.8256785273551941,0.5673937797546387,0.03570403903722763,0.0026654922403395176,0.08144628256559372,0.20537464320659637,0.039596978574991226,0.09696948528289795
201104A,2011-11-09 07:30:00,gridsat,IRRCDO,1,0.02778312936425209,0.35526221990585327,0.9051728844642639,0.15442109107971191,0.026740824803709984,0.0001452433061785996,0.01781340315937996,0.36848291754722595,0.022489795461297035,0.12168847024440765
201104A,2011-11-09 12:00:00,gridsat,SHEAR,1,0.03526810184121132,0.0001384418865200132,0.5399543046951294,0.6413180828094482,0.3580078184604645,0.3374781012535095,0.015351556241512299,0.001246182480826974,0.051418229937553406,0.019819259643554688
201104A,2011-11-09 18:00:00,gridsat,SHEAR,1,0.016212796792387962,1.450484745646463e-07,0.0134885273873806,0.08171507716178894,0.932607114315033,0.9176724553108215,0.010179023258388042,6.317739916994469e-06,0.0275124479085207,0.000606052577495575
201104A,2011-11-09 23:00:00,gridsat,SHEAR,1,0.016071897000074387,7.604035801023201e-08,0.03080124408006668,0.06581386178731918,0.913551390171051,0.9338575601577759,0.007730049546808004,3.040052888536593e-06,0.03184540942311287,0.0003255271876696497
201105A,2011-11-27 15:30:00,gridsat,CRVBND,2,0.023321252316236496,8.290053301607259e-06,0.8654175400733948,0.5389712452888489,0.041678525507450104,0.019017254933714867,0.01307615265250206,0.001196787809021771,0.056506503373384476,0.44080638885498047
201105B,2011-11-27 15:30:00,gridsat,CRVBND,0,0.02271266281604767,3.234757286918466e-06,0.6921905875205994,0.43694648146629333,0.026494713500142097,0.026192983612418175,0.013981605879962444,0.0009005512692965567,0.24462048709392548,0.5359567403793335
201105A,2011-11-28 03:00:00,gridsat,IRRCDO,2,0.034328948706388474,0.04022368788719177,0.024969477206468582,0.06780827790498734,0.0026622603181749582,4.0535975131206214e-05,0.019367080181837082,0.14991338551044464,0.9186722040176392,0.7420141696929932
201105A,2011-11-28 14:30:00,gridsat,IRRCDO,2,0.001200882950797677,5.4376730986405164e-05,0.0026429444551467896,0.29307451844215393,0.003580524120479822,0.006762978620827198,0.006031389348208904,0.002060712082311511,0.9865443110466003,0.698047399520874
201105A,2011-11-28 21:00:00,gridsat,CRVBND,2,0.013496202416718006,0.0001337817229796201,0.06481326371431351,0.4067821204662323,0.6876797676086426,0.01267873216420412,0.093164823949337,0.006137247662991285,0.14084599912166595,0.5742681622505188
201105A,2011-11-29 03:00:00,gridsat,CRVBND,2,0.019639702513813972,2.081375896523241e-05,0.11947833746671677,0.6145326495170593,0.8412714004516602,0.21053294837474823,0.00932063814252615,0.0007920698262751102,0.01028995867818594,0.17412155866622925
201105A,2011-11-29 09:00:00,gridsat,SHEAR,2,0.006332732737064362,6.024177423569199e-08,0.004178896080702543,0.0024258322082459927,0.9759422540664673,0.9975740313529968,0.0035996348597109318,1.07964559958873e-07,0.009946462698280811,4.291945288059651e-08
201105A,2011-11-29 15:00:00,gridsat,SHEAR,2,0.0039856918156147,7.089378328828388e-08,0.0004280814900994301,0.006622061599045992,0.9870093464851379,0.9933737516403198,0.0019750597421079874,3.562843176041497e-06,0.006601919885724783,5.83473706683435e-07
201105A,2011-11-29 21:00:00,gridsat,SHEAR,2,0.0095652611926198,1.322165821271426e-09,0.05102944374084473,0.020360033959150314,0.9186487793922424,0.9796317219734192,0.015306103974580765,1.50088089867495e-06,0.0054503921419382095,6.80969287714106e-06
201105A,2011-11-30 02:30:00,gridsat,CRVBND,2,0.007755869999527931,6.233297608559951e-05,0.33811280131340027,0.13201072812080383,0.2077968567609787,0.004357660189270973,0.017337411642074585,0.00043140549678355455,0.4289970397949219,0.8631378412246704
201105A,2011-11-30 09:00:00,gridsat,SHEAR,2,0.002659642370417714,8.497099024395993e-09,0.0041781263425946236,0.009150520898401737,0.9798897504806519,0.9908458590507507,0.009405864402651787,7.239695491989551e-07,0.003866682294756174,2.9986767913214862e-06
201105A,2011-11-30 15:00:00,gridsat,SHEAR,2,0.0025453129783272743,3.4622045230747744e-09,0.0013129785656929016,0.0019387751817703247,0.9860637784004211,0.9980612397193909,0.003359390189871192,2.575092672429946e-08,0.006718549411743879,4.623539773263019e-09
201105A,2011-11-30 21:00:00,gridsat,SHEAR,2,0.01623454876244068,7.557450776296548e-10,0.06295283138751984,0.00354725681245327,0.861075222492218,0.996452808380127,0.010185811668634415,5.6025957206884414e-08,0.049551572650671005,2.165661072695002e-08
201106B,2011-12-26 00:00:00,gridsat,CRVBND,0,0.008317887783050537,0.00037656340282410383,0.9320364594459534,0.7483410835266113,0.008591757155954838,0.05875135213136673,0.009753843769431114,0.01025500986725092,0.04129994288086891,0.18227598071098328
201106B,2011-12-26 07:30:00,gridsat,CRVBND,0,0.023711051791906357,8.00728885224089e-05,0.9365289807319641,0.8363317251205444,0.01831735484302044,0.14234821498394012,0.013054495677351952,0.0029246655758470297,0.008388112299144268,0.018315324559807777
201106B,2011-12-26 12:00:00,gridsat,EYE,0,0.006505313795059919,0.16913828253746033,0.08280404657125473,0.20353542268276215,0.01075839065015316,0.00028893243870697916,0.8950849175453186,0.5699166059494019,0.004847302101552486,0.05712068825960159
201106B,2011-12-26 18:00:00,gridsat,EYE,0,0.010866928845643997,0.01793108694255352,0.243877112865448,0.6951656937599182,0.018951544538140297,0.005906434264034033,0.7122520208358765,0.14064496755599976,0.014052449725568295,0.1403518170118332
201106B,2011-12-26 22:30:00,gridsat,EMBC,0,0.02236058935523033,0.06022893264889717,0.10959257185459137,0.22319258749485016,0.017021270468831062,0.0005847928114235401,0.8448626399040222,0.26149117946624756,0.006162949372082949,0.45450255274772644
201106B,2011-12-27 06:00:00,gridsat,EMBC,0,0.9748311042785645,0.07126324623823166,0.001655078143812716,0.4296479821205139,0.003597263479605317,0.004763560835272074,0.013544647954404354,0.1313236653804779,0.0063718948513269424,0.3630015254020691
201106B,2011-12-27 13:00:00,gridsat,EMBC,0,0.024593345820903778,0.2477237433195114,0.0015919923316687346,0.13734717667102814,0.008144841529428959,0.00036702590296044946,0.964259684085846,0.5087903141975403,0.001410098047927022,0.10577170550823212
201106B,2011-12-27 18:00:00,gridsat,EMBC,0,0.010780087672173977,0.24423331022262573,0.0021855770610272884,0.03636587783694267,0.005554553586989641,2.1643152649630792e-05,0.9724598526954651,0.5852084755897522,0.009019926190376282,0.13417071104049683
201106B,2011-12-28 04:30:00,gridsat,EMBC,0,0.00989567767828703,0.40362653136253357,0.002493390114977956,0.00801471620798111,0.010375358164310455,2.6743362013803562e-06,0.9733065366744995,0.5738584399223328,0.00392901198938489,0.014497600495815277
201106B,2011-12-29 00:00:00,gridsat,EMBC,0,0.026494424790143967,0.37090441584587097,0.0009235605248250067,0.025989798828959465,0.0048618377186357975,2.1837957319803536e-05,0.966475248336792,0.5445353984832764,0.0012448867782950401,0.05854857340455055
201106B,2011-12-29 05:00:00,gridsat,EYE,0,0.5227062702178955,0.614142119884491,0.0007999296067282557,0.010384082794189453,0.010621821507811546,1.894721390272025e-05,0.4642384648323059,0.3658055365085602,0.0016335435211658478,0.009649236686527729
201106B,2011-12-29 12:00:00,gridsat,EMBC,0,0.7537339925765991,0.7653692364692688,0.001118494663387537,0.011769654229283333,0.008499606512486935,3.9182523323688656e-05,0.23504523932933807,0.21631281077861786,0.0016025700606405735,0.006509140599519014
201106B,2011-12-29 18:30:00,gridsat,EMBC,0,0.9054300785064697,0.6452876925468445,0.001102365436963737,0.08271616697311401,0.005939051043242216,0.0005576199037022889,0.08574724942445755,0.2262086272239685,0.0017812983132898808,0.045229941606521606
201201A,2012-10-24 18:00:00,gridsat,CRVBND,3,0.04482536017894745,0.007850238122045994,0.8492422699928284,0.8630845546722412,0.03741196542978287,0.09252307564020157,0.026704341173171997,0.025697048753499985,0.04181608185172081,0.010845035314559937
201201A,2012-10-25 00:00:00,gridsat,CRVBND,3,0.027834422886371613,7.334541442105547e-05,0.9217780828475952,0.7407522201538086,0.015481540933251381,0.2523370385169983,0.016477996483445168,0.0014583526644855738,0.018428053706884384,0.00537895830348134
201201A,2012-10-25 06:00:00,gridsat,CRVBND,3,0.03954904526472092,0.001280787168070674,0.8314532041549683,0.8926048278808594,0.041424307972192764,0.06892559677362442,0.0315905325114727,0.018557749688625336,0.055982932448387146,0.018630988895893097
201201A,2012-10-25 12:00:00,gridsat,CRVBND,3,0.05887174606323242,0.5147048234939575,0.6223850846290588,0.16157695651054382,0.024296239018440247,0.002208747435361147,0.2427300363779068,0.313446044921875,0.05171697214245796,0.008063435554504395
201202B,2012-10-30 01:30:00,gridsat,CRVBND,3,0.04085128381848335,4.0138675103662536e-05,0.9075649380683899,0.8974297642707825,0.02248811349272728,0.08712972700595856,0.010435514152050018,0.003338059177622199,0.01866023987531662,0.012062338180840015
201202B,2012-10-30 06:00:00,gridsat,EMBC,3,0.01848153956234455,0.038588181138038635,0.028923016041517258,0.0656394436955452,0.016222912818193436,1.7384934835718013e-05,0.8890640139579773,0.835649311542511,0.04730851948261261,0.060105662792921066
201202B,2012-10-30 11:30:00,gridsat,CRVBND,3,0.02590934932231903,0.03446592390537262,0.25416237115859985,0.322616308927536,0.01411224715411663,0.0008775045862421393,0.014113379642367363,0.15661825239658356,0.691702663898468,0.4854220747947693
201202B,2012-10-31 12:00:00,gridsat,EMBC,3,0.017472876235842705,0.18716558814048767,0.02881692722439766,0.05576682835817337,0.009346025064587593,1.5165848708420526e-05,0.8820658922195435,0.7281322479248047,0.062298309057950974,0.028920181095600128
201203B,2012-11-17 21:30:00,gridsat,IRRCDO,4,0.0030735149048268795,0.05123278498649597,0.008876034058630466,0.04785902053117752,0.0014708252856507897,0.00012808041356038302,0.017409998923540115,0.12806259095668793,0.9691694974899292,0.7727174758911133
201203B,2012-11-18 09:00:00,gridsat,CRVBND,4,0.014090790413320065,0.013789902441203594,0.8861028552055359,0.8458072543144226,0.021789105609059334,0.046013135462999344,0.054563961923122406,0.06708275526762009,0.023453326895833015,0.027307026088237762
201203B,2012-11-18 15:00:00,gridsat,SHEAR,4,0.004832930862903595,5.898838253415306e-07,0.0012465891195461154,0.04650982841849327,0.9870567321777344,0.9534804821014404,0.0035178984981030226,1.8565123127700645e-06,0.0033457933459430933,7.305022791115334e-06
201203B,2012-11-18 21:00:00,gridsat,SHEAR,4,0.0043434579856693745,2.268977965513841e-07,0.0008268624660558999,0.002543496433645487,0.9872028231620789,0.997455894947052,0.0034576961770653725,1.4723659091941954e-07,0.004169179126620293,2.1480448708643962e-07
201203B,2012-11-19 03:00:00,gridsat,SHEAR,4,0.004535186570137739,5.50678237232205e-07,0.0007922077784314752,0.002748763421550393,0.9867656230926514,0.997250497341156,0.0037333201617002487,2.1114162862545527e-08,0.004173710476607084,8.580931876167597e-08
201203B,2012-11-19 09:00:00,gridsat,SHEAR,4,0.004624190740287304,3.9385068362207676e-07,0.0008795866160653532,0.0026551606133580208,0.9867249727249146,0.9973441958427429,0.003829937893897295,6.044863454235383e-08,0.003941321279853582,1.4438265338867495e-07
201204A,2012-12-23 06:00:00,gridsat,CRVBND,2,0.021086180582642555,0.11976305395364761,0.8612401485443115,0.4118989408016205,0.012615937739610672,0.0020231534726917744,0.047740813344717026,0.33139702677726746,0.05731687322258949,0.1349177360534668
201204A,2012-12-23 12:00:00,gridsat,CRVBND,2,0.0841040313243866,3.553891019691946e-06,0.4713917076587677,0.2609158754348755,0.30936017632484436,0.7370533347129822,0.028558902442455292,0.00021573886624537408,0.10658526420593262,0.001811549416743219
201204A,2012-12-23 18:00:00,gridsat,CRVBND,2,0.05531749874353409,6.661553470621584e-06,0.10004124045372009,0.4731878638267517,0.1468384563922882,0.48264703154563904,0.07396992295980453,0.00024258473422378302,0.6238328814506531,0.04391580447554588
201204A,2012-12-24 00:00:00,gridsat,CRVBND,2,0.006252750288695097,3.50209629687015e-05,0.012101343832910061,0.6303540468215942,0.009855158627033234,0.22356592118740082,0.008569242432713509,0.0008120925049297512,0.9632214307785034,0.1452329307794571
201204A,2012-12-24 06:00:00,gridsat,CRVBND,2,0.2856990694999695,3.5166888210369507e-06,0.09737091511487961,0.14585749804973602,0.178253173828125,0.8536555171012878,0.25615444779396057,7.906859536888078e-05,0.18252241611480713,0.0004044308152515441
201204A,2012-12-24 12:00:00,gridsat,SHEAR,2,0.005753366742283106,4.5298256168280204e-07,0.004827685654163361,0.011907024309039116,0.9610005021095276,0.9880877137184143,0.00381835806183517,3.853738689940656e-06,0.024599991738796234,9.205949140778102e-07
201204A,2012-12-24 18:00:00,gridsat,CRVBND,2,0.01484684832394123,8.427447755821049e-05,0.03806392103433609,0.29846516251564026,0.8104454278945923,0.6622462272644043,0.08423365652561188,0.00021857510728295892,0.05241017043590546,0.03898577392101288
201204A,2012-12-24 23:00:00,gridsat,SHEAR,2,0.006325987633317709,4.827215960290232e-08,0.0011636136332526803,0.0044809686951339245,0.9798980355262756,0.9955182671546936,0.0045717330649495125,5.414262318481633e-07,0.008040581829845905,1.506418385588404e-07
201301B,2013-05-10 08:30:00,gridsat,EMBC,2,0.0703430324792862,0.0774458795785904,0.5868690609931946,0.5299229621887207,0.07590153068304062,0.0001479506609030068,0.14495441317558289,0.385474294424057,0.12193192541599274,0.007008922286331654
201301B,2013-05-10 20:00:00,gridsat,IRRCDO,2,0.03832520544528961,0.0067568994127213955,0.004883136134594679,0.585794985294342,0.008365713059902191,0.0001913803134812042,0.6851558089256287,0.07146482169628143,0.2632700800895691,0.3357919156551361
201301B,2013-05-11 02:00:00,gridsat,EMBC,2,0.061062417924404144,0.023837938904762268,0.032212190330028534,0.6980109810829163,0.02221035026013851,0.00011354420712450519,0.33613404631614685,0.2252059280872345,0.548380970954895,0.05283161625266075
201301B,2013-05-11 08:30:00,gridsat,EMBC,2,0.07889101654291153,0.18596699833869934,0.039902184158563614,0.3375960886478424,0.03801245987415314,2.8661730539170094e-05,0.75932377576828,0.4479365348815918,0.08387059718370438,0.028471754863858223
201301B,2013-05-12 15:00:00,gridsat,IRRCDO,2,0.00871554110199213,0.0009105514618568122,0.017607562243938446,0.33188891410827637,0.007030184380710125,0.0009643285884521902,0.0010060295462608337,0.01931985653936863,0.9656406044960022,0.6469163298606873
201301B,2013-05-13 03:30:00,gridsat,IRRCDO,2,0.017419440671801567,0.0003181335923727602,0.07019630819559097,0.7019716501235962,0.38012832403182983,0.000838180014397949,0.014799486845731735,0.03675474971532822,0.5174563527107239,0.2601172924041748
201301B,2013-05-13 16:00:00,gridsat,CRVBND,2,0.01582515798509121,0.02293136902153492,0.02712574414908886,0.3531973958015442,0.027562186121940613,0.0005002915277145803,0.13465048372745514,0.21378766000270844,0.7948364019393921,0.40958327054977417
201301B,2013-05-14 03:00:00,gridsat,CRVBND,2,0.014619831927120686,0.0029788026586174965,0.1963336020708084,0.7257441282272339,0.38530433177948,0.006604125257581472,0.047080110758543015,0.044054847210645676,0.3566620945930481,0.22061803936958313
201301B,2013-05-14 09:00:00,gridsat,CRVBND,2,0.01741424947977066,5.88297598369536e-06,0.3491860628128052,0.5374910235404968,0.49210482835769653,0.43826842308044434,0.025158284232020378,0.0010930345160886645,0.1161365732550621,0.023141585290431976
201301B,2013-05-14 15:00:00,gridsat,IRRCDO,2,0.04346165433526039,0.0002489443577360362,0.16271251440048218,0.21077631413936615,0.06031212583184242,0.0016515067545697093,0.010660098865628242,0.004132050089538097,0.7228536605834961,0.7831912040710449
201301B,2013-05-14 21:30:00,gridsat,IRRCDO,2,0.02024170011281967,0.0004211357736494392,0.0027431417256593704,0.03370162472128868,0.048015594482421875,7.595473289256915e-05,0.31471315026283264,0.004029549658298492,0.6142864227294922,0.9617717862129211
201301B,2013-05-15 08:00:00,gridsat,EMBC,2,0.008058745414018631,0.16368433833122253,0.7900215983390808,0.1820867508649826,0.04829300194978714,0.0002726058883126825,0.047361280769109726,0.5674430727958679,0.10626537352800369,0.08651325851678848
201302B,2013-10-09 08:30:00,gridsat,CRVBND,2,0.010798785835504532,0.07286743819713593,0.45755189657211304,0.2718926668167114,0.023835022002458572,0.0005362593801692128,0.3928665816783905,0.34222471714019775,0.11494780331850052,0.3124789297580719
201302B,2013-10-09 15:00:00,gridsat,IRRCDO,2,0.011532342992722988,0.16641998291015625,0.8696207404136658,0.24520014226436615,0.03548043966293335,0.0002786329132504761,0.046029068529605865,0.4383068382740021,0.03733744099736214,0.14979444444179535
201302B,2013-10-09 21:30:00,gridsat,EMBC,2,0.05038987100124359,0.1518571823835373,0.4487520754337311,0.010170304216444492,0.013708038255572319,1.0347505394747714e-06,0.4561935365200043,0.833233118057251,0.030956555157899857,0.004738339222967625
201302B,2013-10-10 02:30:00,gridsat,EMBC,2,0.02152217924594879,0.3130490183830261,0.044601161032915115,0.0628209039568901,0.011051150970160961,2.1076391931273974e-05,0.9033348560333252,0.609753429889679,0.019490692764520645,0.014355562627315521
201302B,2013-10-10 09:00:00,gridsat,EYE,2,0.7540835738182068,0.6759019494056702,0.00497367512434721,0.02508406527340412,0.020386086776852608,1.2321970643824898e-05,0.19656804203987122,0.2942090928554535,0.02398856170475483,0.004792510531842709
201302B,2013-10-10 15:00:00,gridsat,EYE,2,0.9051319360733032,0.7422280311584473,0.002705478807911277,0.007049232255667448,0.01519016083329916,1.7162549283966655e-06,0.0454825796186924,0.2500412166118622,0.031489770859479904,0.0006797572132200003
201302B,2013-10-10 21:00:00,gridsat,EYE,2,0.9316103458404541,0.7619255781173706,0.004074284341186285,0.011043215170502663,0.012363890185952187,3.6289059153205017e-06,0.03283116593956947,0.2259819656610489,0.019120240584015846,0.0010456627933308482
201302B,2013-10-11 03:00:00,gridsat,EYE,2,0.03769484907388687,0.4965061843395233,0.015376432798802853,0.21660423278808594,0.006815286818891764,0.0005319709307514131,0.9311046004295349,0.2752637565135956,0.009008863940834999,0.011093816719949245
201302B,2013-10-11 09:00:00,gridsat,EYE,2,0.8475443124771118,0.5347287058830261,0.0033881196286529303,0.07412951439619064,0.017900878563523293,4.494946188060567e-05,0.10295262187719345,0.3725660741329193,0.028214117512106895,0.01853078417479992
201302B,2013-10-11 15:00:00,gridsat,EYE,2,0.966079592704773,0.43309271335601807,0.0010726199252530932,0.007216876372694969,0.0060983821749687195,2.9517397592826455e-07,0.015940356999635696,0.5579586625099182,0.010809141211211681,0.0017314414726570249
201302B,2013-10-11 21:00:00,gridsat,EYE,2,0.9676104784011841,0.6996580958366394,0.0014088955940678716,0.02389923855662346,0.009244161657989025,7.1063495852286e-06,0.008433403447270393,0.27335941791534424,0.013303141109645367,0.0030761591624468565
201302B,2013-10-12 03:00:00,gridsat,EYE,2,0.9736933708190918,0.6605072617530823,0.0013699086848646402,0.06479683518409729,0.00833044946193695,0.00014324981020763516,0.003267031628638506,0.268037885427475,0.013339294120669365,0.006514799315482378
201302B,2013-10-12 09:00:00,gridsat,EYE,2,0.4617709815502167,0.4812397360801697,0.006947917398065329,0.08684287220239639,0.025446096435189247,0.0002670904796104878,0.47175124287605286,0.4266550540924072,0.03408372774720192,0.004995251540094614
201303A,2013-11-09 21:00:00,gridsat,IRRCDO,0,0.004081219434738159,7.577566429972649e-05,0.006181772332638502,0.037586916238069534,0.003494685748592019,0.0026808911934494972,0.00912273395806551,0.00042826589196920395,0.9771196246147156,0.9592280983924866
201303A,2013-11-10 09:00:00,gridsat,IRRCDO,0,0.012759193778038025,0.006421077996492386,0.8623535633087158,0.6272304058074951,0.014035209082067013,0.04858415573835373,0.06366705894470215,0.023362087085843086,0.047185033559799194,0.294402152299881
201303A,2013-11-10 14:30:00,gridsat,IRRCDO,0,0.01645335927605629,0.002241473412141204,0.02655741013586521,0.3442380726337433,0.00394845986738801,0.029712872579693794,0.013666311278939247,0.007913188077509403,0.9393744468688965,0.6158943772315979
201304B,2013-11-19 13:00:00,gridsat,EMBC,2,0.023592840880155563,0.033133622258901596,0.5598158836364746,0.45367249846458435,0.03202524408698082,0.006488485727459192,0.2697475254535675,0.11971338093280792,0.1148185133934021,0.38699203729629517
201304B,2013-11-19 19:30:00,gridsat,EMBC,2,0.02561054565012455,0.20025525987148285,0.027619561180472374,0.053021885454654694,0.012155687436461449,2.9326551157282665e-05,0.8660068511962891,0.7065439224243164,0.06860734522342682,0.04014961048960686
201304B,2013-11-20 00:30:00,gridsat,EMBC,2,0.07244297862052917,0.5427943468093872,0.7153742909431458,0.07675477862358093,0.010912712663412094,0.00016003623022697866,0.15162570774555206,0.35396814346313477,0.049644336104393005,0.026322713121771812
201304B,2013-11-20 06:30:00,gridsat,IRRCDO,2,0.04793485626578331,0.19695980846881866,0.8376433849334717,0.27077019214630127,0.021717494353652,0.0023650790099054575,0.05693229287862778,0.13580849766731262,0.03577202185988426,0.3940964639186859
201304B,2013-11-20 19:30:00,gridsat,EMBC,2,0.07518428564071655,0.4446103870868683,0.19828060269355774,0.012506718747317791,0.03208816424012184,4.604544756148243e-06,0.605341911315918,0.5286062359809875,0.089105024933815,0.014272027648985386
201304B,2013-11-21 00:00:00,gridsat,EMBC,2,0.015261474996805191,0.3031315505504608,0.07137620449066162,0.027995474636554718,0.004571951925754547,1.178555885417154e-05,0.014729898422956467,0.4892270565032959,0.8940604329109192,0.17963407933712006
201304B,2013-11-21 18:00:00,gridsat,CRVBND,2,0.030345819890499115,0.03512676805257797,0.5925400853157043,0.23631712794303894,0.16365762054920197,0.003895377041772008,0.009809011593461037,0.02563491091132164,0.20364750921726227,0.6990258097648621
201304B,2013-11-22 00:00:00,gridsat,IRRCDO,2,0.0016493371222168207,0.8029875755310059,0.0021116286516189575,0.002638803096488118,0.0010013676946982741,5.180794460102334e-07,0.0030549573712050915,0.1677410751581192,0.9921826720237732,0.02663208544254303
201304B,2013-11-22 06:00:00,gridsat,CRVBND,2,0.021513603627681732,0.010853631421923637,0.5854687094688416,0.472734659910202,0.3054995834827423,0.012817874550819397,0.00463554123416543,0.014752304181456566,0.08288255333900452,0.4888415038585663
201305B,2013-11-23 19:00:00,gridsat,EMBC,2,0.018397387117147446,0.40901967883110046,0.060791850090026855,0.12019862979650497,0.027834979817271233,9.651217987993732e-05,0.7810683846473694,0.4289950132369995,0.11190740019083023,0.04169011116027832
201305B,2013-11-25 07:00:00,gridsat,EMBC,2,0.05770479887723923,0.6374870538711548,0.03560104966163635,0.007579310797154903,0.016126051545143127,4.042091859446373e-06,0.8234076499938965,0.3516170382499695,0.06716041266918182,0.003312589367851615
201305B,2013-11-26 01:30:00,gridsat,EMBC,2,0.03656306117773056,0.6862216591835022,0.046948906034231186,0.005765310488641262,0.008311896584928036,1.490978888796235e-06,0.3952513635158539,0.30507975816726685,0.5129247307777405,0.0029318395536392927
201305B,2013-11-26 06:00:00,gridsat,EMBC,2,0.01584155485033989,0.5369401574134827,0.7873936295509338,0.008315009996294975,0.036470863968133926,2.0042593860125635e-06,0.10902191698551178,0.4523937702178955,0.051272064447402954,0.002349077956750989
201305B,2013-11-27 06:30:00,gridsat,EMBC,2,0.02159310132265091,0.38583889603614807,0.6094841361045837,0.036731261759996414,0.023136207833886147,1.8121152606909163e-05,0.0831993967294693,0.5697750449180603,0.26258721947669983,0.007636665366590023
201305B,2013-11-27 12:30:00,gridsat,CRVBND,2,0.03072461672127247,0.005188987124711275,0.8470417857170105,0.5975632667541504,0.013016796670854092,0.3814842402935028,0.10058853030204773,0.01211803313344717,0.008628268726170063,0.003645512042567134
201305B,2013-11-27 18:00:00,gridsat,CRVBND,2,0.06638535857200623,0.008123186416924,0.5736820697784424,0.6769009232521057,0.2536168098449707,0.29501405358314514,0.016546940430998802,0.0054003954865038395,0.08976881951093674,0.014561460353434086
201305B,2013-11-28 00:00:00,gridsat,CRVBND,2,0.021809907630085945,0.0008532514329999685,0.4555497169494629,0.4571344554424286,0.2796124815940857,0.51911860704422,0.02039768546819687,0.001512763905338943,0.22263026237487793,0.021380901336669922
201305B,2013-11-28 06:00:00,gridsat,SHEAR,2,0.013434682972729206,4.698344491771422e-05,0.05965038388967514,0.2882242500782013,0.866443932056427,0.7099189758300781,0.006487100385129452,0.00045382470125332475,0.05398387834429741,0.001355936168693006
201305B,2013-11-28 12:00:00,gridsat,CRVBND,2,0.005118515342473984,7.265583690241328e-08,0.003221487393602729,0.026936382055282593,0.9776393175125122,0.9730530977249146,0.007461123168468475,7.291510428331094e-06,0.0065595172345638275,3.1669146665080916e-06
201306B,2013-12-06 03:00:00,gridsat,CRVBND,3,0.0448358915746212,0.10294554382562637,0.8707830905914307,0.28767284750938416,0.02547718584537506,0.0013288498157635331,0.024740055203437805,0.5034934282302856,0.034163735806941986,0.10455940663814545
201306B,2013-12-06 09:00:00,gridsat,CRVBND,3,0.027467800304293633,0.1684846729040146,0.9014630913734436,0.2739045023918152,0.017268234863877296,0.001174143748357892,0.031018441542983055,0.43149667978286743,0.02278243377804756,0.12494000047445297
201306B,2013-12-07 08:30:00,gridsat,EMBC,3,0.042690496891736984,0.6613916754722595,0.005256015807390213,0.07356933504343033,0.011065292172133923,9.461698937229812e-05,0.9216505289077759,0.24477334320545197,0.019337618723511696,0.020170988515019417
201306B,2013-12-07 14:00:00,gridsat,EMBC,3,0.027315953746438026,0.3119225800037384,0.009265091270208359,0.12716183066368103,0.009733823128044605,0.0001411795528838411,0.9379057884216309,0.5256983041763306,0.01577933132648468,0.035076141357421875
201306B,2013-12-08 02:30:00,gridsat,EMBC,3,0.03696071729063988,0.38099774718284607,0.007226328831166029,0.09499815106391907,0.01190442405641079,0.0001436753518646583,0.9220307469367981,0.47575250267982483,0.021877750754356384,0.04810800030827522
201306B,2013-12-08 09:00:00,gridsat,EMBC,3,0.012925725430250168,0.594565212726593,0.00410554651170969,0.09547144174575806,0.016239499673247337,0.00038921908708289266,0.9499172568321228,0.295734703540802,0.01681189052760601,0.013839534483850002
201306B,2013-12-08 15:00:00,gridsat,EMBC,3,0.015028748661279678,0.0457538366317749,0.026376130059361458,0.6085361838340759,0.014025685377418995,0.0030787698924541473,0.9083861112594604,0.2984426021575928,0.03618324175477028,0.04418857395648956
201306B,2013-12-08 20:00:00,gridsat,EMBC,3,0.01575179398059845,0.4577144980430603,0.0034696885850280523,0.05293525755405426,0.011423252522945404,5.3423416829900816e-05,0.9502764344215393,0.45343834161758423,0.0190788134932518,0.03585843741893768
201306B,2013-12-09 14:00:00,gridsat,EMBC,3,0.009933962486684322,0.6519277095794678,0.0060262298211455345,0.007008545566350222,0.010835726745426655,6.3605275499867275e-06,0.9491256475448608,0.32954028248786926,0.024078505113720894,0.01151705626398325
201306B,2013-12-10 03:00:00,gridsat,EYE,3,0.9785207509994507,0.4654904901981354,0.0017181034199893475,0.016962697729468346,0.004795289132744074,1.7949194443644956e-05,0.007158399093896151,0.5046589970588684,0.007807457819581032,0.01286987029016018
201306B,2013-12-10 09:00:00,gridsat,EMBC,3,0.014567043632268906,0.7001368999481201,0.022213883697986603,0.02050403505563736,0.006260954309254885,5.0814789574360475e-05,0.9286366701126099,0.26126629114151,0.028321385383605957,0.018041908740997314
201306B,2013-12-10 15:00:00,gridsat,CRVBND,3,0.02546318806707859,0.0036907577887177467,0.027051247656345367,0.5071611404418945,0.8863093852996826,0.46363767981529236,0.026272645220160484,0.002907457994297147,0.034903500229120255,0.022602953016757965
201306B,2013-12-10 21:00:00,gridsat,SHEAR,3,0.010545991361141205,2.4405057047260925e-05,0.004604843445122242,0.05095313861966133,0.9676600098609924,0.948789119720459,0.008028213866055012,2.4150469471351244e-05,0.00916096568107605,0.0002091790665872395
201306B,2013-12-11 03:00:00,gridsat,SHEAR,3,0.023008987307548523,6.4920648583211e-05,0.10863994061946869,0.1523994505405426,0.8228945136070251,0.8381310105323792,0.018552863970398903,4.880659616901539e-05,0.026903649792075157,0.009355899877846241
201306B,2013-12-11 09:00:00,gridsat,CRVBND,3,0.03801371157169342,0.005374801345169544,0.3218807876110077,0.5210834741592407,0.5904643535614014,0.3415760099887848,0.021675921976566315,0.0012521229218691587,0.02796521969139576,0.1307135671377182
201306B,2013-12-11 15:30:00,gridsat,CRVBND,3,0.0481695681810379,0.22940979897975922,0.5880302786827087,0.41682714223861694,0.018191540613770485,0.019993672147393227,0.014564648270606995,0.011339616030454636,0.33104395866394043,0.3224297761917114
201306B,2013-12-11 21:00:00,gridsat,SHEAR,3,0.01197829470038414,0.00013723198208026588,0.0034806434996426105,0.03763001039624214,0.9576998353004456,0.962226390838623,0.008755737915635109,3.0255669116741046e-06,0.018085459247231483,3.339505838084733e-06
201306B,2013-12-12 03:00:00,gridsat,SHEAR,3,0.04846520721912384,2.2150679797050543e-06,0.6439680457115173,0.1264222115278244,0.2754039168357849,0.8728778958320618,0.013845091685652733,7.406374606944155e-06,0.018317729234695435,0.0006902747554704547
201306B,2013-12-12 08:00:00,gridsat,IRRCDO,3,0.024519169703125954,0.18376563489437103,0.047514259815216064,0.0835782065987587,0.009042056277394295,0.0007948090205900371,0.015178704634308815,0.05458187684416771,0.9037457704544067,0.6772794723510742
201306B,2013-12-12 15:00:00,gridsat,SHEAR,3,0.029519878327846527,0.00015737376816105098,0.8932196497917175,0.24741338193416595,0.04416156932711601,0.7491801977157593,0.014172197319567204,0.0001417283492628485,0.01892676018178463,0.003107310738414526
201401B,2014-01-04 07:30:00,gridsat,CRVBND,1,0.0256150234490633,0.00017728478997014463,0.8162493705749512,0.7149598598480225,0.09780605882406235,0.17586830258369446,0.015615344047546387,0.0011258467566221952,0.04471416026353836,0.10786869376897812
201401B,2014-01-04 12:00:00,gridsat,CRVBND,1,0.03671706095337868,1.1699700735334773e-05,0.8184167742729187,0.3557280898094177,0.08762913197278976,0.6329596638679504,0.010966058820486069,4.9646561819827184e-05,0.04627097025513649,0.011250892654061317
201401B,2014-01-04 18:00:00,gridsat,CRVBND,1,0.017501475289463997,1.4116481906967238e-05,0.8883088827133179,0.3272915184497833,0.023274647071957588,0.5388063788414001,0.011267690919339657,5.439537562779151e-05,0.05964727699756622,0.13383355736732483
201401B,2014-01-05 00:00:00,gridsat,CRVBND,1,0.032604578882455826,0.003702116198837757,0.9113252758979797,0.6186836361885071,0.018960222601890564,0.3183092772960663,0.012157383374869823,0.001525431522168219,0.024952536448836327,0.057779498398303986
201401B,2014-01-05 06:00:00,gridsat,CRVBND,1,0.02766999416053295,0.00021010222553741187,0.8730397820472717,0.2128579020500183,0.03651197999715805,0.7504626512527466,0.02267584018409252,9.688321006251499e-05,0.04010239243507385,0.036372411996126175
201401B,2014-01-05 12:00:00,gridsat,CRVBND,1,0.033935219049453735,5.669791335094487e-06,0.5439571738243103,0.13640937209129333,0.36526888608932495,0.860981822013855,0.016371900215744972,2.0428977222763933e-05,0.040466826409101486,0.002582704881206155
201401B,2014-01-05 18:00:00,gridsat,CRVBND,1,0.01848442107439041,0.00034795666579157114,0.03837938606739044,0.28821274638175964,0.9055665731430054,0.6924450993537903,0.013107597827911377,0.0002585550246294588,0.024462038651108742,0.018735716119408607
201401B,2014-01-06 00:00:00,gridsat,CRVBND,1,0.018687231466174126,0.12289354205131531,0.9044173955917358,0.5975501537322998,0.0258454792201519,0.02200458012521267,0.027874890714883804,0.021936094388365746,0.023175008594989777,0.23561567068099976
201402A,2014-06-10 03:00:00,gridsat,IRRCDO,1,0.019555969163775444,0.0003507969086058438,0.034479934722185135,0.10618188232183456,0.02480470947921276,0.0022828762885183096,0.008274384774267673,0.0027620091568678617,0.9128851294517517,0.888422429561615
201402A,2014-06-10 20:00:00,gridsat,EMBC,1,0.012157708406448364,0.14429742097854614,0.009324478916823864,0.16821078956127167,0.015990320593118668,3.726757859112695e-05,0.9430044293403625,0.553892195224762,0.019523121416568756,0.13356232643127441
201402A,2014-06-11 03:00:00,gridsat,EMBC,1,0.8897560834884644,0.18418572843074799,0.046719860285520554,0.09041104465723038,0.009380817413330078,1.6432186384918168e-05,0.031194208189845085,0.629482626914978,0.022949036210775375,0.09590421617031097
201402A,2014-06-11 09:30:00,gridsat,EMBC,1,0.017133858054876328,0.34596192836761475,0.07339214533567429,0.006651901174336672,0.01618516445159912,1.234362230206898e-07,0.7616825103759766,0.6246136426925659,0.1316063553094864,0.02277238294482231
201402A,2014-06-12 03:30:00,gridsat,EMBC,1,0.011709324084222317,0.25581520795822144,0.00807812251150608,0.10410226136445999,0.016586387529969215,1.0079707863042131e-05,0.9484032988548279,0.5942921042442322,0.01522283349186182,0.04578037187457085
201402A,2014-06-12 15:00:00,gridsat,EMBC,1,0.029834724962711334,0.00580035662278533,0.03431478515267372,0.45624226331710815,0.029449544847011566,0.001387980068102479,0.8153344988822937,0.037591494619846344,0.09106644988059998,0.4989778995513916
201402A,2014-06-13 09:00:00,gridsat,SHEAR,1,0.054985612630844116,2.400131791091553e-07,0.3516537845134735,0.03185660392045975,0.5348808765411377,0.9680995941162109,0.028570260852575302,1.8960126908496022e-06,0.029909467324614525,4.1749648516997695e-05
201402A,2014-06-13 15:00:00,gridsat,SHEAR,1,0.01205759309232235,3.062305253820341e-08,0.006365619134157896,0.0024828629102557898,0.9585837721824646,0.9975168704986572,0.009579312987625599,2.443001356766672e-08,0.013413657434284687,2.3871868393143814e-07
201402A,2014-06-13 21:00:00,gridsat,SHEAR,1,0.009944695048034191,2.1652127202287375e-08,0.0015892644878476858,0.000904823886230588,0.9675009846687317,0.9990952014923096,0.007441852241754532,1.6052843498925995e-09,0.013523275032639503,2.5083346955057095e-08
201402A,2014-06-14 02:30:00,gridsat,SHEAR,1,0.009607590734958649,3.9735881252056515e-10,0.0028442933689802885,0.0021092677488923073,0.9667125940322876,0.9978905320167542,0.007634282112121582,6.432651389332023e-08,0.01320123951882124,7.775050647751414e-08
201403B,2014-10-08 10:30:00,gridsat,EMBC,1,0.010022515431046486,0.2165893167257309,0.00726438919082284,0.034403856843709946,0.013588295318186283,4.647494733944768e-06,0.9496673345565796,0.7160043120384216,0.019457504153251648,0.03299780189990997
201403B,2014-10-09 01:30:00,gridsat,EMBC,1,0.008221105672419071,0.4820057451725006,0.0053322529420256615,0.0065101999789476395,0.015477347187697887,1.2647933544940315e-07,0.9445269107818604,0.5075218677520752,0.02644244022667408,0.003962015267461538
201403B,2014-10-09 05:00:00,gridsat,EMBC,1,0.007206643931567669,0.5377964377403259,0.0036032546777278185,0.004381073173135519,0.011204112321138382,1.172761727730176e-07,0.9540148973464966,0.45468321442604065,0.023971175774931908,0.0031391349621117115
201403B,2014-10-10 18:00:00,gridsat,EMBC,1,0.011455902829766273,0.6780654191970825,0.0035585113801062107,0.0015052312519401312,0.009717459790408611,1.8587911654321942e-08,0.9553771615028381,0.31976741552352905,0.019890952855348587,0.0006619314663112164
201403B,2014-10-11 06:00:00,gridsat,EYE,1,0.9665430784225464,0.4209047257900238,0.003096557455137372,0.010440608486533165,0.00913036335259676,2.6859373747356585e-07,0.007426530122756958,0.5610283613204956,0.013803448528051376,0.007626041769981384
201403B,2014-10-11 12:00:00,gridsat,EYE,1,0.9682152271270752,0.6178817749023438,0.0037558141630142927,0.0045696524903178215,0.007683933712542057,1.361469941230098e-07,0.007131349295377731,0.37464025616645813,0.013213654980063438,0.002908184891566634
201403B,2014-10-11 17:00:00,gridsat,EYE,1,0.34152087569236755,0.4438171684741974,0.002249421551823616,0.0100328978151083,0.015160300768911839,2.880223348711297e-07,0.6307413578033447,0.5423972010612488,0.010328074917197227,0.0037524953950196505
201403B,2014-10-11 23:30:00,gridsat,EYE,1,0.38341599702835083,0.6328138113021851,0.0025958882179111242,0.006189784500747919,0.018423505127429962,1.7201946889144892e-07,0.5837942361831665,0.3586883544921875,0.01177038811147213,0.0023078955709934235
201403B,2014-10-12 06:00:00,gridsat,EYE,1,0.9667525887489319,0.7861027717590332,0.0037294882349669933,0.006997245829552412,0.008605743758380413,5.199781298870221e-07,0.007531661540269852,0.20397110283374786,0.013380506075918674,0.0029282658360898495
201404A,2014-10-25 18:00:00,gridsat,CRVBND,0,0.040812812745571136,0.0049507529474794865,0.905363917350769,0.22479531168937683,0.018876895308494568,0.012259245850145817,0.011833276599645615,0.012418247759342194,0.023112976923584938,0.7455764412879944
201404A,2014-10-25 23:30:00,gridsat,CRVBND,0,0.02045527845621109,0.07134435325860977,0.024534044787287712,0.1470714658498764,0.017694592475891113,0.0006752953049726784,0.7488015294075012,0.11684934794902802,0.18851448595523834,0.6640595197677612
201404A,2014-10-26 06:00:00,gridsat,EMBC,0,0.08921336382627487,0.21861335635185242,0.041381604969501495,0.12455569952726364,0.008812556974589825,0.00034331914503127337,0.8271675705909729,0.5012771487236023,0.033424947410821915,0.15521052479743958
201404A,2014-10-26 13:30:00,gridsat,EMBC,0,0.02311086282134056,0.4497360289096832,0.05927243083715439,0.12452089041471481,0.005198161583393812,0.0005745672970078886,0.9090004563331604,0.3267650306224823,0.003418095875531435,0.09840340912342072
201404A,2014-10-26 18:00:00,gridsat,CRVBND,0,0.03903598710894585,0.02818955108523369,0.37497279047966003,0.487737774848938,0.012964476831257343,0.008136178366839886,0.5564451813697815,0.2031768560409546,0.016581561416387558,0.27275967597961426
201404A,2014-10-27 00:00:00,gridsat,EYE,0,0.9752258658409119,0.49212515354156494,0.005042827222496271,0.0939013883471489,0.004503748845309019,0.00039339682552963495,0.011406585574150085,0.3232508599758148,0.0038209371268749237,0.09032921493053436
201404A,2014-10-27 05:00:00,gridsat,EYE,0,0.8526470065116882,0.23699747025966644,0.004833202809095383,0.08272283524274826,0.006313539110124111,0.0002692723064683378,0.11753048002719879,0.5883370041847229,0.01867571286857128,0.09167337417602539
201404A,2014-10-27 12:30:00,gridsat,EMBC,0,0.02688588574528694,0.22231611609458923,0.012912513688206673,0.13188870251178741,0.007625026162713766,0.0008176857954822481,0.9499300122261047,0.4930228292942047,0.00264653074555099,0.15195463597774506
201404A,2014-10-27 18:30:00,gridsat,EYE,0,0.2400411069393158,0.2634440064430237,0.005673895124346018,0.0877755880355835,0.003676544176414609,0.00020719792519230396,0.7250112891197205,0.4991423189640045,0.025597138330340385,0.14943082630634308
201404A,2014-10-28 01:00:00,gridsat,EMBC,0,0.012941394001245499,0.231679767370224,0.009081832133233547,0.10448286682367325,0.006408037152141333,0.00036268142866902053,0.965388834476471,0.37919482588768005,0.0061799813993275166,0.28427988290786743
201404A,2014-10-28 06:00:00,gridsat,EYE,0,0.9828086495399475,0.2525113523006439,0.001878230832517147,0.00523288594558835,0.006316150072962046,1.5042115819596802e-06,0.004677549935877323,0.7380636930465698,0.004319360479712486,0.004190586972981691
201404A,2014-10-28 12:00:00,gridsat,EYE,0,0.9806907773017883,0.7699750065803528,0.002593888435512781,0.00689714914187789,0.006907552480697632,7.151671070459997e-06,0.003716861829161644,0.2179044932126999,0.00609082356095314,0.005216254852712154
201404A,2014-10-28 18:30:00,gridsat,EMBC,0,0.6890117526054382,0.8014053702354431,0.0014019537484273314,0.0030164537020027637,0.010438019409775734,2.1995126644469565e-06,0.29717209935188293,0.19384168088436127,0.0019761936273425817,0.0017343551153317094
201404A,2014-10-29 00:00:00,gridsat,EMBC,0,0.006037112325429916,0.8935493230819702,0.005371487699449062,0.009446995332837105,0.00695806322619319,3.450413714745082e-05,0.9792777895927429,0.09474345296621323,0.0023554821964353323,0.0022257647942751646
201404A,2014-10-29 12:30:00,gridsat,EMBC,0,0.015749219805002213,0.6526299715042114,0.14516374468803406,0.09109862893819809,0.01635783724486828,0.0004936507320962846,0.8127003312110901,0.24774937331676483,0.010028917342424393,0.008028450421988964
201404A,2014-10-29 18:00:00,gridsat,CRVBND,0,0.11882878839969635,0.0002621450985316187,0.8047475218772888,0.5468685030937195,0.024875091388821602,0.3950927257537842,0.004810869228094816,0.0032005005050450563,0.04673769697546959,0.054576124995946884
201404A,2014-10-30 00:00:00,gridsat,IRRCDO,0,0.021050583571195602,0.02937539666891098,0.19925545156002045,0.14701610803604126,0.026871634647250175,0.001242930768057704,0.09990322589874268,0.060906652361154556,0.6529191136360168,0.7614589333534241
201404A,2014-10-30 12:00:00,gridsat,CRVBND,0,0.022054262459278107,0.03139167279005051,0.41186758875846863,0.33621540665626526,0.04739164933562279,0.006291030440479517,0.03181181848049164,0.06483598053455353,0.4868747293949127,0.5612659454345703
201404A,2014-10-30 18:00:00,gridsat,SHEAR,0,0.0069711944088339806,1.6668009195086597e-08,0.0025729017797857523,0.03117276169359684,0.9812321066856384,0.9688156843185425,0.004527070093899965,9.566002745486912e-07,0.004696742165833712,1.0671988093235996e-05
201404A,2014-10-31 00:00:00,gridsat,SHEAR,0,0.007108648307621479,8.648645355435747e-09,0.0015522621106356382,0.015972526744008064,0.9760597348213196,0.9840266704559326,0.00662764860317111,3.2003472938413324e-07,0.008651691488921642,4.914764986096998e-07
201404A,2014-10-31 05:30:00,gridsat,SHEAR,0,0.007461761590093374,5.478740128239679e-09,0.0014793839072808623,0.010380013845860958,0.973800778388977,0.9895812273025513,0.0061020683497190475,1.1381310969227343e-06,0.011156043969094753,3.7539492041105404e-05
201405B,2014-11-06 05:00:00,gridsat,EMBC,3,0.02449743077158928,0.41522812843322754,0.06996175646781921,0.12659834325313568,0.00929067749530077,0.00048041940317489207,0.7364015579223633,0.32852622866630554,0.15984861552715302,0.12916675209999084
201405B,2014-11-06 12:00:00,gridsat,CRVBND,3,0.03265141695737839,3.0971699743531644e-05,0.906869649887085,0.6449273228645325,0.04016437754034996,0.28007498383522034,0.0062272087670862675,0.001052854466252029,0.014087338000535965,0.07391388714313507
201405B,2014-11-06 18:00:00,gridsat,CRVBND,3,0.03474682942032814,2.037416834355099e-06,0.8928836584091187,0.17667941749095917,0.012303481809794903,0.8219452500343323,0.011755368672311306,1.8323291442357004e-05,0.04831068217754364,0.0013550318544730544
201405B,2014-11-07 06:00:00,gridsat,CRVBND,3,0.02229737862944603,3.9344642573269084e-05,0.025277171283960342,0.5321260094642639,0.9274330735206604,0.32156234979629517,0.008320883847773075,0.0004910364514216781,0.016671402379870415,0.14578130841255188
201405B,2014-11-07 12:00:00,gridsat,CRVBND,3,0.02926105260848999,0.0015386785380542278,0.855528712272644,0.5334473848342896,0.07043520361185074,0.4307263493537903,0.010086890310049057,0.0007079645292833447,0.03468812257051468,0.033579617738723755
201405B,2014-11-07 18:00:00,gridsat,SHEAR,3,0.03678155690431595,4.7415704784725676e-07,0.1709408462047577,0.04062877222895622,0.7442379593849182,0.9593695998191833,0.01617092452943325,4.6958584221101773e-07,0.03186872601509094,6.566176580236061e-07
201405B,2014-11-08 00:00:00,gridsat,SHEAR,3,0.013918460346758366,1.246594081294461e-07,0.0027206488884985447,0.012596762739121914,0.9568015933036804,0.9874025583267212,0.008583149872720242,1.0304660946758304e-07,0.01797613687813282,3.7145508713365416e-07
201405B,2014-11-08 05:30:00,gridsat,SHEAR,3,0.012607083655893803,1.3495211703684618e-07,0.0022474052384495735,0.006834793835878372,0.9588975310325623,0.9931648373603821,0.00806790217757225,9.894988295400253e-08,0.018180115148425102,7.744358754280256e-08
201501A,2015-06-07 09:00:00,gridsat,CRVBND,4,0.017477329820394516,0.11639400571584702,0.9199338555335999,0.7302805185317993,0.013955813832581043,0.03455567732453346,0.03551056981086731,0.10326819866895676,0.013122446835041046,0.015501664020121098
201501A,2015-06-07 15:00:00,gridsat,CRVBND,4,0.01098053902387619,3.857297087961342e-06,0.3519303500652313,0.5702753067016602,0.052206747233867645,0.1593303680419922,0.009827949106693268,0.0004468057304620743,0.5750543475151062,0.2699437141418457
201501A,2015-06-07 21:00:00,gridsat,IRRCDO,4,0.013760630041360855,2.533610131649766e-05,0.2410402148962021,0.22983938455581665,0.012066326104104519,0.0011506935115903616,0.09457173198461533,0.007221907377243042,0.6385610699653625,0.7617626786231995
201501A,2015-06-08 03:00:00,gridsat,EMBC,4,0.01123765204101801,0.002584346802905202,0.019052406772971153,0.12700806558132172,0.005751784425228834,4.6775905502727255e-05,0.8657266497612,0.3236134350299835,0.0982314720749855,0.5467473864555359
201501A,2015-06-08 21:00:00,gridsat,IRRCDO,4,0.006085752975195646,6.726821447955444e-05,0.03155171871185303,0.09067836403846741,0.0033502045553177595,0.0013376548886299133,0.031004566699266434,0.009735560044646263,0.9280077219009399,0.8981812000274658
201501A,2015-06-09 03:00:00,gridsat,IRRCDO,4,0.005549787078052759,0.00016434026474598795,0.011809684336185455,0.047059256583452225,0.001660601352341473,0.00026404220261611044,0.03084675222635269,0.00973079726099968,0.9501332640647888,0.9427815079689026
201501A,2015-06-09 15:00:00,gridsat,CRVBND,4,0.014393219724297523,0.018049001693725586,0.8659828901290894,0.6844308972358704,0.034264519810676575,0.014036392793059349,0.04141159728169441,0.11325071007013321,0.04394780099391937,0.17023302614688873
201501A,2015-06-09 21:00:00,gridsat,IRRCDO,4,0.017502224072813988,0.0008295357692986727,0.042547110468149185,0.13131675124168396,0.004784496501088142,0.0008873677579686046,0.35511794686317444,0.027512462809681892,0.5800482034683228,0.8394538760185242
201501A,2015-06-10 03:00:00,gridsat,EMBC,4,0.01084839180111885,0.38237065076828003,0.004766153171658516,0.018357383087277412,0.004349901340901852,1.1965707926719915e-05,0.9734386801719666,0.5749021172523499,0.00659692520275712,0.024357886984944344
201501A,2015-06-10 21:00:00,gridsat,SHEAR,4,0.011968915350735188,2.214738060501986e-06,0.08495386689901352,0.2995876371860504,0.882767379283905,0.6830366253852844,0.0070518613792955875,5.345751196728088e-05,0.013257961720228195,0.01731998100876808
201501A,2015-06-11 03:00:00,gridsat,CRVBND,4,0.018197076395154,0.006238053552806377,0.06985712051391602,0.15644459426403046,0.009312785230576992,0.0003502136969473213,0.7668178081512451,0.07660017162561417,0.13581521809101105,0.7603669762611389
201501A,2015-06-11 09:00:00,gridsat,EMBC,4,0.019479122012853622,0.36913520097732544,0.07474097609519958,0.09518187493085861,0.015671661123633385,0.00020931041217409074,0.8463874459266663,0.5254729986190796,0.04372080788016319,0.010000590234994888
201501A,2015-06-11 15:00:00,gridsat,CRVBND,4,0.027727868407964706,0.39130353927612305,0.680389404296875,0.42842531204223633,0.027868904173374176,0.028802277520298958,0.23059959709644318,0.11931908875703812,0.033414263278245926,0.032149769365787506
201501A,2015-06-11 21:00:00,gridsat,CRVBND,4,0.013391577638685703,0.004088052082806826,0.08622877299785614,0.6385021209716797,0.8788050413131714,0.23527905344963074,0.007413358427584171,0.005658587906509638,0.014161292463541031,0.11647212505340576
201502B,2015-07-29 01:00:00,gridsat,CRVBND,3,0.04744085296988487,0.0009805590379983187,0.8719862699508667,0.8571524620056152,0.03239089623093605,0.1254415661096573,0.01862625777721405,0.005565444938838482,0.029555676504969597,0.010860064066946507
201502B,2015-07-29 06:00:00,gridsat,CRVBND,3,0.03640378266572952,0.000390986300772056,0.9001712799072266,0.8251199722290039,0.02512292191386223,0.1315082162618637,0.012080728076398373,0.0028352425433695316,0.026221297681331635,0.040145546197891235
201502B,2015-07-29 12:00:00,gridsat,CRVBND,3,0.04298197850584984,0.09087579697370529,0.8605397939682007,0.7675336599349976,0.012075891718268394,0.0016048168763518333,0.019348837435245514,0.06513933092355728,0.06505350023508072,0.07484643906354904
201502B,2015-07-29 18:00:00,gridsat,CRVBND,3,0.04187214374542236,0.011003367602825165,0.8867576122283936,0.9287094473838806,0.02571495994925499,0.007291269488632679,0.009284072555601597,0.02111530490219593,0.03637123107910156,0.031880561262369156
201502B,2015-07-30 00:00:00,gridsat,CRVBND,3,0.04661734029650688,0.00014841831580270082,0.5276709198951721,0.883513867855072,0.018111903220415115,0.07748754322528839,0.01539513561874628,0.0013376208953559399,0.3922047019004822,0.03751259297132492
201502B,2015-07-30 06:00:00,gridsat,CRVBND,3,0.0393461138010025,0.07213401049375534,0.9067374467849731,0.7159275412559509,0.013878904283046722,0.006247775629162788,0.011277160607278347,0.13000953197479248,0.028760362416505814,0.0756811574101448
201503A,2015-10-09 21:00:00,gridsat,CRVBND,2,0.006156853400170803,0.00022844797058496624,0.9464253783226013,0.14279566705226898,0.01520489901304245,0.005416328553110361,0.0024841667618602514,0.0005713100545108318,0.029728766530752182,0.8509882092475891
201503A,2015-10-10 03:30:00,gridsat,IRRCDO,2,0.0036519388668239117,0.007499914616346359,0.7455143332481384,0.3799038827419281,0.023465795442461967,0.0022765786852687597,0.015386924147605896,0.026542583480477333,0.21198105812072754,0.5837770700454712
201503A,2015-10-10 09:00:00,gridsat,CRVBND,2,0.014460033737123013,0.0011998784029856324,0.4509623944759369,0.8249107599258423,0.4920767843723297,0.14479047060012817,0.009887604042887688,0.015467643737792969,0.03261324390769005,0.013631264679133892
201503A,2015-10-10 15:00:00,gridsat,CRVBND,2,0.04307706654071808,0.0020107757300138474,0.380615234375,0.6342560052871704,0.17885330319404602,0.34045103192329407,0.029786469414830208,0.0035332797560840845,0.3676679730415344,0.0197488721460104
201503A,2015-10-10 21:00:00,gridsat,CRVBND,2,0.008063712157309055,5.789217539131641e-06,0.021752318367362022,0.07947872579097748,0.932060182094574,0.9203191995620728,0.013042308390140533,4.691044523497112e-05,0.02508147992193699,0.00014936886145733297
201503A,2015-10-11 03:00:00,gridsat,CRVBND,2,0.027532553300261497,1.726506343402434e-05,0.22126062214374542,0.3137109577655792,0.6607409715652466,0.6248935461044312,0.02292707748711109,6.728236621711403e-05,0.06753882765769958,0.061310939490795135
201503A,2015-10-11 09:00:00,gridsat,CRVBND,2,0.0012910370714962482,0.0006613633595407009,0.022174449637532234,0.5410822629928589,0.0004676446260418743,0.020258815959095955,0.00037790057831443846,0.0027374543715268373,0.9756888747215271,0.435260146856308
201503A,2015-10-11 15:00:00,gridsat,CRVBND,2,0.010572615079581738,0.0003805507440119982,0.13348516821861267,0.4776975214481354,0.8074578642845154,0.5116376876831055,0.01522025652229786,0.004377775359898806,0.03326411917805672,0.005906450096517801
201503A,2015-10-11 21:00:00,gridsat,CRVBND,2,0.05368539318442345,0.0005333381704986095,0.5712528228759766,0.39264431595802307,0.22788378596305847,0.12941060960292816,0.06227333843708038,0.0004295554826967418,0.08490465581417084,0.4769822061061859
201504A,2015-10-28 20:30:00,gridsat,EMBC,2,0.8442949652671814,0.20694726705551147,0.00604111747816205,0.36892250180244446,0.014253626577556133,0.0016618199879303575,0.07885778695344925,0.35216447710990906,0.056552499532699585,0.07030393183231354
201504A,2015-10-29 03:00:00,gridsat,CRVBND,2,0.9785047769546509,0.12919016182422638,0.009127636440098286,0.664556086063385,0.005429893732070923,0.019142774865031242,0.002045000670477748,0.11784128844738007,0.004892642609775066,0.06926963478326797
201504A,2015-10-29 09:00:00,gridsat,EMBC,2,0.05212083086371422,0.3675086796283722,0.07776746898889542,0.15554820001125336,0.019925089552998543,0.0005721051129512489,0.8158122301101685,0.3391117751598358,0.034374356269836426,0.13725930452346802
201504A,2015-10-29 15:00:00,gridsat,EYE,2,0.9781137704849243,0.5515480041503906,0.003257749369367957,0.06146015226840973,0.005288086365908384,8.840345253702253e-05,0.0017689052037894726,0.3455202579498291,0.011571472510695457,0.041383203119039536
201504A,2015-10-29 21:30:00,gridsat,EMBC,2,0.576414942741394,0.35786768794059753,0.10197461396455765,0.012758355587720871,0.04759531468153,2.7741559733840404e-06,0.23336341977119446,0.6015093326568604,0.04065173119306564,0.027861827984452248
201504A,2015-10-30 03:00:00,gridsat,EYE,2,0.9698331952095032,0.6492160558700562,0.003412689780816436,0.016201993450522423,0.0058571225963532925,8.265757060144097e-06,0.0042094034142792225,0.32750794291496277,0.016687585040926933,0.007065696641802788
201504A,2015-10-30 15:00:00,gridsat,EYE,2,0.9678709506988525,0.7470083832740784,0.004500202368944883,0.030554702505469322,0.00774109922349453,6.746275903424248e-05,0.0039128889329731464,0.2143801599740982,0.015974881127476692,0.007989306934177876
201504A,2015-10-31 03:00:00,gridsat,EYE,2,0.9515830278396606,0.5538811683654785,0.0020039710216224194,0.03588142618536949,0.011693335138261318,3.143279900541529e-05,0.012873566709458828,0.4042823016643524,0.02184608019888401,0.0059236567467451096
201504A,2015-10-31 09:00:00,gridsat,EYE,2,0.9722353219985962,0.7819446325302124,0.00245432136580348,0.031238852068781853,0.0070302365347743034,8.734725997783244e-05,0.004098841454833746,0.18234676122665405,0.014181269332766533,0.004382389131933451
201504A,2015-10-31 15:00:00,gridsat,EYE,2,0.9730789661407471,0.7998617887496948,0.0022767672780901194,0.015893487259745598,0.007665060460567474,3.10024552163668e-05,0.0033154103439301252,0.18110570311546326,0.01366383396089077,0.003108083503320813
201504A,2015-10-31 21:00:00,gridsat,EYE,2,0.9748104810714722,0.7743505835533142,0.0016058087348937988,0.01717173494398594,0.00671531492844224,2.579208194219973e-05,0.002512135077267885,0.20505283772945404,0.01435621827840805,0.003399039851501584
201504A,2015-11-01 04:00:00,gridsat,EYE,2,0.9555054903030396,0.6332294940948486,0.0017766940873116255,0.013552457094192505,0.011044477112591267,1.7513049897388555e-05,0.005293949972838163,0.35111433267593384,0.026379387825727463,0.0020862361416220665
201504A,2015-11-01 09:00:00,gridsat,EYE,2,0.9718104004859924,0.8204359412193298,0.0023435396142303944,0.02214510552585125,0.005386297591030598,9.399330156156793e-05,0.003577358555048704,0.15514935553073883,0.016882386058568954,0.0021756549831479788
201504A,2015-11-01 15:00:00,gridsat,EYE,2,0.9735791087150574,0.8534879684448242,0.0030424229335039854,0.029856575652956963,0.005856615956872702,0.0001408161042490974,0.0038707542698830366,0.11268756538629532,0.013651094399392605,0.003827070351690054
201504A,2015-11-01 21:00:00,gridsat,EYE,2,0.9711942672729492,0.7614255547523499,0.003485735272988677,0.054728470742702484,0.00790709350258112,0.00012655694445129484,0.004118649289011955,0.15965096652507782,0.013294282369315624,0.024068478494882584
201504A,2015-11-02 03:00:00,gridsat,EYE,2,0.9728233218193054,0.7057828903198242,0.003722413443028927,0.13403978943824768,0.0059540756046772,0.0008168970234692097,0.0032138305250555277,0.1504381150007248,0.014286245219409466,0.00892228726297617
201504A,2015-11-02 09:00:00,gridsat,EYE,2,0.9693620204925537,0.4663219153881073,0.0036521637812256813,0.35100680589675903,0.008525139652192593,0.018375743180513382,0.0033084333408623934,0.14657914638519287,0.0151522783562541,0.017716430127620697
201504A,2015-11-02 15:00:00,gridsat,EYE,2,0.9698886871337891,0.6445493698120117,0.0031693654600530863,0.1256336122751236,0.006441332865506411,0.0012640085769817233,0.0036641510669142008,0.20778338611125946,0.016836514696478844,0.020769590511918068
201504A,2015-11-03 03:30:00,gridsat,CRVBND,2,0.022406980395317078,0.0013225272996351123,0.4382942318916321,0.5640617609024048,0.1582898497581482,0.42199331521987915,0.0890950858592987,0.0038858228363096714,0.29191383719444275,0.008736588060855865
201505A,2015-11-05 08:00:00,gridsat,CRVBND,0,0.017894001677632332,0.15411953628063202,0.4658644497394562,0.36013469099998474,0.02671816572546959,0.0036521772854030132,0.41736268997192383,0.19709166884422302,0.07216071337461472,0.2850019335746765
201505A,2015-11-05 14:30:00,gridsat,CRVBND,0,0.018430327996611595,0.46557819843292236,0.7735934257507324,0.17900881171226501,0.026091577485203743,0.0011981548741459846,0.13851414620876312,0.23688602447509766,0.04337049275636673,0.11732875555753708
201505A,2015-11-06 09:00:00,gridsat,CRVBND,0,0.019784139469265938,0.4828207492828369,0.4300174415111542,0.13108178973197937,0.01758478581905365,0.0007890149718150496,0.34514328837394714,0.27789488434791565,0.18747034668922424,0.10741354525089264
201505A,2015-11-06 15:00:00,gridsat,CRVBND,0,0.0245780348777771,0.16117756068706512,0.8619524836540222,0.6929287314414978,0.01349601149559021,0.04045660048723221,0.06905154883861542,0.05554916337132454,0.030921874567866325,0.049888040870428085
201505A,2015-11-07 09:00:00,gridsat,EMBC,0,0.28158196806907654,0.6837624907493591,0.0004990396555513144,0.018379967659711838,0.005590831860899925,3.625320459832437e-05,0.710858941078186,0.2815093994140625,0.0014692405238747597,0.01631184294819832
201505A,2015-11-07 21:00:00,gridsat,EYE,0,0.8683456778526306,0.5370444655418396,0.01748170331120491,0.01681053824722767,0.012652573175728321,7.689674384891987e-05,0.004384858068078756,0.21344763040542603,0.09713516384363174,0.2326204776763916
201505A,2015-11-08 03:00:00,gridsat,EYE,0,0.978968620300293,0.6475383639335632,0.002238108078017831,0.0011039578821510077,0.00632677786052227,2.065312969534716e-07,0.006127044092863798,0.346556693315506,0.006339482497423887,0.004800733178853989
201505A,2015-11-08 08:00:00,gridsat,EYE,0,0.9126634001731873,0.6434024572372437,0.0012009559432044625,0.0446774885058403,0.007524336688220501,0.00017464306438341737,0.07474798709154129,0.10533176362514496,0.0038632641080766916,0.2064136564731598
201505A,2015-11-09 03:30:00,gridsat,EMBC,0,0.010673502460122108,0.5001659393310547,0.13490039110183716,0.02352178655564785,0.04151984676718712,2.1352461772039533e-05,0.7960222959518433,0.4649577736854553,0.01688394881784916,0.011333184316754341
201505A,2015-11-09 09:00:00,gridsat,IRRCDO,0,0.01663643680512905,0.285152792930603,0.7511789202690125,0.24904508888721466,0.012664851732552052,0.007779376581311226,0.04086167365312576,0.049050554633140564,0.1786581128835678,0.40897223353385925
201505A,2015-11-09 15:00:00,gridsat,CRVBND,0,0.019259804859757423,0.06647683680057526,0.8839576840400696,0.6649354100227356,0.02434733882546425,0.06129122152924538,0.03552815690636635,0.14911344647407532,0.03690705448389053,0.05818311497569084
201505A,2015-11-09 21:00:00,gridsat,SHEAR,0,0.030541423708200455,0.0005819031503051519,0.8284351229667664,0.46229374408721924,0.11072985827922821,0.5268132090568542,0.017463328316807747,0.004390927962958813,0.012830330990254879,0.005920258350670338
201601B,2016-05-19 15:00:00,gridsat,IRRCDO,4,0.017124366015195847,0.00987094733864069,0.9101503491401672,0.6574127078056335,0.030823634937405586,0.029502086341381073,0.018143074586987495,0.05263033136725426,0.02375859022140503,0.25058382749557495
201601B,2016-05-19 21:00:00,gridsat,CRVBND,4,0.019659504294395447,0.000958927848841995,0.8502036929130554,0.22492656111717224,0.06298074871301651,0.002559082815423608,0.01819993369281292,0.03110472857952118,0.048956166952848434,0.7404506802558899
201601B,2016-05-20 10:00:00,gridsat,EMBC,4,0.042673494666814804,0.5932436585426331,0.10241015255451202,0.007571755442768335,0.009316305629909039,3.0832172797090607e-06,0.7326245903968811,0.39517444372177124,0.11297546327114105,0.004006990231573582
201601B,2016-05-20 15:00:00,gridsat,CRVBND,4,0.010879036970436573,0.0035356832668185234,0.8826023936271667,0.8375290632247925,0.023334844037890434,0.024783072993159294,0.007558600977063179,0.07149071246385574,0.07562516629695892,0.06266143918037415
201602A,2016-06-27 09:00:00,gridsat,CRVBND,0,0.04523896425962448,0.02142053283751011,0.45636388659477234,0.4128524959087372,0.027295520529150963,0.007009900640696287,0.1007973775267601,0.4449509084224701,0.3703042268753052,0.11376616358757019
201602A,2016-06-27 15:00:00,gridsat,IRRCDO,0,0.010744970291852951,2.817329550452996e-05,0.9099417924880981,0.5350708365440369,0.009395075961947441,0.40099793672561646,0.009966040030121803,0.0006672823219560087,0.05995211377739906,0.06323576718568802
201602A,2016-06-28 03:00:00,gridsat,CRVBND,0,0.016692398115992546,1.016874193737749e-06,0.920233964920044,0.1785813271999359,0.03678959235548973,0.8167776465415955,0.005796751007437706,6.714977644151077e-05,0.020487254485487938,0.00457273842766881
201602A,2016-06-28 09:00:00,gridsat,CRVBND,0,0.020951444283127785,6.214375753188506e-05,0.6560474634170532,0.41212546825408936,0.09513653069734573,0.568483829498291,0.014309595339000225,0.0005530660273507237,0.21355493366718292,0.018775466829538345
201602A,2016-06-28 15:00:00,gridsat,SHEAR,0,0.007845231331884861,1.3578901891797557e-10,0.005433813668787479,0.007179141044616699,0.9743053317070007,0.9928203225135803,0.007054331246763468,3.01958635873234e-08,0.005361288320273161,4.213598572277988e-07
201602A,2016-06-28 21:00:00,gridsat,SHEAR,0,0.04399440065026283,3.840738838079005e-11,0.5641735792160034,0.015661753714084625,0.34646570682525635,0.9843364953994751,0.007881306111812592,1.1039404625989846e-06,0.037485018372535706,6.915684025443625e-07
201603B,2016-10-25 04:30:00,gridsat,EMBC,3,0.018639463931322098,0.13200582563877106,0.03507671877741814,0.017998693510890007,0.01038368884474039,6.024584308761405e-06,0.8719793558120728,0.8081080317497253,0.063920758664608,0.04188144952058792
201603B,2016-10-25 11:30:00,gridsat,EMBC,3,0.04327331483364105,0.4426601529121399,0.10297278314828873,0.03326721861958504,0.013349734246730804,3.1809839128982276e-05,0.7631554007530212,0.5154106616973877,0.07724878191947937,0.008630194701254368
201603B,2016-10-25 17:30:00,gridsat,IRRCDO,3,0.045407894998788834,0.0006020365399308503,0.7932367324829102,0.5557551383972168,0.018273355439305305,0.01943705976009369,0.03268812969326973,0.007161810994148254,0.11039392650127411,0.4170439839363098
201603B,2016-10-26 12:00:00,gridsat,CRVBND,3,0.020898401737213135,0.4275200068950653,0.9033979177474976,0.31285297870635986,0.013253620825707912,0.004116353113204241,0.015248031355440617,0.1715085208415985,0.04720205068588257,0.08400211483240128
201603B,2016-10-26 18:00:00,gridsat,CRVBND,3,0.03247564285993576,0.01636335253715515,0.6247575879096985,0.6888043284416199,0.2543613016605377,0.18762513995170593,0.04041152074933052,0.028164761140942574,0.04799385368824005,0.0790424570441246
201603B,2016-10-27 00:00:00,gridsat,IRRCDO,3,0.032898757606744766,0.00125901831779629,0.7704867720603943,0.02695591188967228,0.17075055837631226,0.005933930166065693,0.008581084199249744,0.00016956367471721023,0.017282787710428238,0.9656815528869629
201603B,2016-10-27 04:30:00,gridsat,CRVBND,3,0.03537318855524063,0.0006779365940019488,0.9048832654953003,0.7630730867385864,0.02512669377028942,0.04981401562690735,0.004771838430315256,0.00518030533567071,0.029844963923096657,0.18125468492507935
201604B,2016-11-30 03:30:00,gridsat,IRRCDO,2,0.0189654603600502,0.02055273950099945,0.5003066062927246,0.31991899013519287,0.03421603515744209,0.0013023364590480924,0.06719741970300674,0.15939082205295563,0.37931448221206665,0.49883517622947693
201604B,2016-11-30 09:00:00,gridsat,CRVBND,2,0.06942477077245712,0.0002867038710974157,0.6544552445411682,0.7361505031585693,0.16964545845985413,0.23496942222118378,0.04539888724684715,0.0048418184742331505,0.06107565388083458,0.02375153638422489
201604B,2016-11-30 15:00:00,gridsat,CRVBND,2,0.05321025848388672,0.0003315417270641774,0.34732383489608765,0.7595691680908203,0.47396498918533325,0.12594760954380035,0.026562456041574478,0.01789635233581066,0.09893849492073059,0.09625525772571564
201604B,2016-11-30 21:00:00,gridsat,SHEAR,2,0.03617934510111809,7.353469754889375e-06,0.596563458442688,0.256161630153656,0.31188303232192993,0.7412158846855164,0.01619824208319187,0.000403981568524614,0.03917592018842697,0.0022111129947006702
201604B,2016-12-01 03:00:00,gridsat,SHEAR,2,0.004754927940666676,2.121470743077225e-06,0.024817805737257004,0.058970872312784195,0.9417398571968079,0.9409652948379517,0.00951420608907938,2.6020641598734073e-05,0.019173117354512215,3.567511521396227e-05
201604B,2016-12-01 09:00:00,gridsat,SHEAR,2,0.010354331694543362,3.2782452308310894e-07,0.0046344478614628315,0.007475953083485365,0.9521785378456116,0.9925157427787781,0.006678434554487467,6.1248629208421335e-06,0.026154350489377975,1.7373963601130527e-06
201604B,2016-12-01 15:00:00,gridsat,SHEAR,2,0.007115944288671017,3.706524012159207e-07,0.005150095093995333,0.006992285139858723,0.9653767943382263,0.99299556016922,0.004228433594107628,1.0415880751679651e-05,0.01812877133488655,1.460448288526095e-06
201604B,2016-12-01 21:00:00,gridsat,SHEAR,2,0.009131585247814655,5.76741115310142e-07,0.0047349450178444386,0.010452011600136757,0.9256107211112976,0.989531397819519,0.013693539425730705,1.4511077097267844e-05,0.04682930186390877,1.5571699805150274e-06
201605B,2016-12-07 15:00:00,gridsat,CRVBND,4,0.023792516440153122,0.5588977932929993,0.692934513092041,0.04467543214559555,0.01973751373589039,0.0001792755356291309,0.2274450957775116,0.35517022013664246,0.036090269684791565,0.04107724502682686
201605B,2016-12-07 20:30:00,gridsat,IRRCDO,4,0.014278525486588478,0.2702231705188751,0.013769573532044888,0.0556832030415535,0.002707863925024867,0.00010078374907607213,0.8740825057029724,0.3088003396987915,0.09516157954931259,0.3651925325393677
201605B,2016-12-08 03:30:00,gridsat,CRVBND,4,0.03468713164329529,0.3919048011302948,0.6531855463981628,0.21330611407756805,0.021147243678569794,0.001894617103971541,0.24593998491764069,0.3057042956352234,0.04504004865884781,0.0871901735663414
201605B,2016-12-08 09:00:00,gridsat,CRVBND,4,0.014446419663727283,0.0022814644034951925,0.9087487459182739,0.693556547164917,0.05082372575998306,0.281148225069046,0.015344520099461079,0.0031186046544462442,0.010636620223522186,0.01989520713686943
201605B,2016-12-08 15:00:00,gridsat,CRVBND,4,0.014232807792723179,8.343851732206531e-06,0.4897482693195343,0.07046855986118317,0.03926195949316025,0.0036353496834635735,0.02056335285305977,0.0007273827213793993,0.4361935257911682,0.9251604080200195
201605B,2016-12-08 20:30:00,gridsat,IRRCDO,4,0.02028178982436657,0.0002150230429833755,0.011504999361932278,0.039325445890426636,0.005537324119359255,9.269094152841717e-05,0.6899919509887695,0.011632046662271023,0.27268391847610474,0.9487348198890686
201605B,2016-12-09 09:00:00,gridsat,IRRCDO,4,0.009901441633701324,0.0016068307450041175,0.05508216470479965,0.16143803298473358,0.004376085475087166,0.002101748716086149,0.03407052531838417,0.027064107358455658,0.8965697884559631,0.8077892661094666
201605B,2016-12-10 02:30:00,gridsat,EMBC,4,0.008583142422139645,0.7192829847335815,0.0064490255899727345,0.003093255218118429,0.0021901491563767195,2.2430640456150286e-06,0.9767040014266968,0.27631106972694397,0.006073683965951204,0.001310426276177168
201605B,2016-12-10 15:00:00,gridsat,EMBC,4,0.005790646653622389,0.25880104303359985,0.0021807807497680187,0.006284437607973814,0.0015831880737096071,2.011224978559767e-06,0.9764153361320496,0.7150586843490601,0.01402999460697174,0.019853763282299042
201605B,2016-12-10 21:00:00,gridsat,EMBC,4,0.007277939468622208,0.1647220402956009,0.00474087567999959,0.07488439232110977,0.003055884735658765,0.00012760129175148904,0.9602283835411072,0.6954322457313538,0.02469680830836296,0.06483376771211624
201605B,2016-12-11 21:00:00,gridsat,EYE,4,0.02273624576628208,0.4364962577819824,0.008648586459457874,0.0058364467695355415,0.008338354527950287,2.2083581825427245e-06,0.9543761014938354,0.5447518229484558,0.005900659132748842,0.012913276441395283
201605B,2016-12-12 04:00:00,gridsat,EYE,4,0.013638515025377274,0.7329181432723999,0.0073560867458581924,0.003656890708953142,0.004089784808456898,3.4741731269605225e-06,0.9308317303657532,0.24817360937595367,0.04408387467265129,0.01524780597537756
201701B,2017-04-15 21:10:00,gridsat,IRRCDO,3,0.030973166227340698,0.04513800889253616,0.8784239888191223,0.4625973105430603,0.016134923323988914,0.010022753849625587,0.012067840434610844,0.12985928356647491,0.062400080263614655,0.35238268971443176
201701B,2017-04-16 03:00:00,gridsat,IRRCDO,3,0.02724856697022915,0.2608341872692108,0.9066345691680908,0.4476105272769928,0.01588413119316101,0.016176892444491386,0.022110244259238243,0.08512575924396515,0.02812252566218376,0.1902526319026947
201701B,2017-04-16 09:10:00,gridsat,IRRCDO,3,0.02642526663839817,0.309194952249527,0.904289186000824,0.07745654881000519,0.011915496550500393,0.00053161516552791,0.021609671413898468,0.5807316899299622,0.03576036915183067,0.03208521753549576
201701B,2017-04-16 15:40:00,gridsat,IRRCDO,3,0.02208256907761097,0.11377204954624176,0.9168096780776978,0.2636948525905609,0.024892913177609444,0.006555741652846336,0.009344072081148624,0.26074254512786865,0.026870792731642723,0.3552348017692566
201702B,2017-05-28 07:00:00,gridsat,EMBC,2,0.035447679460048676,0.34123852849006653,0.7839038968086243,0.007406479679048061,0.015833940356969833,8.37070288639552e-08,0.10126467049121857,0.6508026123046875,0.06354980915784836,0.0005523026338778436
201702B,2017-05-28 12:10:00,gridsat,IRRCDO,2,0.0342869758605957,0.004733048379421234,0.23220613598823547,0.7622085213661194,0.01939784362912178,0.0008381895604543388,0.4219525456428528,0.021994788199663162,0.292156457901001,0.21022549271583557
201702B,2017-05-28 18:10:00,gridsat,IRRCDO,2,0.008923538029193878,0.00597345782443881,0.9268327951431274,0.6107712388038635,0.020757267251610756,4.639629696612246e-05,0.024066466838121414,0.32098817825317383,0.019419921562075615,0.062220703810453415
201702B,2017-05-29 00:10:00,gridsat,IRRCDO,2,0.0620468333363533,0.05054225027561188,0.672173798084259,0.6116108298301697,0.01518744882196188,0.0004806586657650769,0.1954604685306549,0.322638601064682,0.05513141304254532,0.014727594330906868
201702B,2017-05-29 13:10:00,gridsat,IRRCDO,2,0.014511853456497192,0.007205932401120663,0.034806184470653534,0.75550377368927,0.10854969918727875,0.0008476505754515529,0.7924174666404724,0.12556219100952148,0.04971479997038841,0.11088041961193085
201702B,2017-05-29 22:40:00,gridsat,EYE,2,0.020478006452322006,0.6318293213844299,0.0030873322393745184,0.07135134190320969,0.007195616606622934,3.2228479540208355e-05,0.9433102607727051,0.24533045291900635,0.025928732007741928,0.051456715911626816
201703B,2017-11-30 03:00:00,gridsat,EMBC,3,0.04514710232615471,0.21094346046447754,0.006312232930213213,0.012980063445866108,0.022480200976133347,6.657389349129517e-06,0.8806430101394653,0.7672053575515747,0.04541754350066185,0.00886448659002781
201703A,2017-11-30 08:30:00,gridsat,EMBC,1,0.02024872601032257,0.28116464614868164,0.011653956025838852,0.020848941057920456,0.017631392925977707,2.592157215985935e-06,0.9340648055076599,0.6692585349082947,0.01640111766755581,0.028725290670990944
201703B,2017-11-30 14:30:00,gridsat,EYE,3,0.020651401951909065,0.14885570108890533,0.0021648395340889692,0.00701076490804553,0.021595781669020653,1.2438430303518544e-06,0.9253687262535095,0.8293071985244751,0.03021928109228611,0.01482516061514616
201703B,2017-11-30 21:00:00,gridsat,EMBC,3,0.008306505158543587,0.18016210198402405,0.0036354782059788704,0.011979581788182259,0.009213320910930634,3.902959178958554e-06,0.9548760652542114,0.8031111359596252,0.02396862581372261,0.004743301775306463
201703B,2017-12-01 03:00:00,gridsat,EYE,3,0.01492841076105833,0.058263134211301804,0.010419156402349472,0.009881456382572651,0.012166623026132584,2.3634108856640523e-06,0.9389013051986694,0.9144956469535828,0.02358446642756462,0.017357399687170982
201703B,2017-12-01 09:30:00,gridsat,EMBC,3,0.007621276658028364,0.15024776756763458,0.003993836697191,0.10738040506839752,0.013700464740395546,8.668639202369377e-05,0.9531412720680237,0.7032938003540039,0.02154315635561943,0.03899136185646057
201703B,2017-12-01 15:30:00,gridsat,EYE,3,0.023472486063838005,0.16385260224342346,0.0014621062437072396,0.08118277043104172,0.010752140544354916,0.00010985421249642968,0.9467462301254272,0.6919293403625488,0.017567019909620285,0.06292542815208435
201703B,2017-12-01 22:00:00,gridsat,EYE,3,0.09603208303451538,0.07005071640014648,0.003899151226505637,0.025322601199150085,0.024243103340268135,1.263857393496437e-05,0.8357776999473572,0.8350303769111633,0.0400480218231678,0.06958365440368652
201703B,2017-12-02 03:00:00,gridsat,EYE,3,0.9773061871528625,0.1206674724817276,0.0024521532468497753,0.024949392303824425,0.004971268121153116,2.3289943783311173e-05,0.003941894043236971,0.7785722017288208,0.01132847648113966,0.07578764855861664
201703B,2017-12-02 09:00:00,gridsat,EYE,3,0.9773201942443848,0.13456974923610687,0.0026869552675634623,0.019424207508563995,0.005097260233014822,2.2376731067197397e-05,0.004911903757601976,0.7443256974220276,0.009983706288039684,0.10165798664093018
201703B,2017-12-03 04:00:00,gridsat,IRRCDO,3,0.08358277380466461,0.2748890817165375,0.07928154617547989,0.14194998145103455,0.027211371809244156,0.0004078874480910599,0.6464073061943054,0.4672703742980957,0.16351698338985443,0.11548259854316711
201703B,2017-12-03 14:30:00,gridsat,EMBC,3,0.014958665706217289,0.2738437056541443,0.013239619322121143,0.002157500945031643,0.012769951485097408,4.346626383266994e-07,0.9298647046089172,0.7219525575637817,0.0291670523583889,0.0020458430517464876
201703B,2017-12-03 21:00:00,gridsat,EMBC,3,0.04203369468450546,0.1255219280719757,0.007246657740324736,0.00557806808501482,0.02713801898062229,3.999027285317425e-06,0.896079421043396,0.8628147840499878,0.027502240613102913,0.006081237457692623
201703B,2017-12-04 04:00:00,gridsat,EMBC,3,0.039116986095905304,0.31286221742630005,0.31128984689712524,0.02954334020614624,0.014845293015241623,2.4326476705027744e-05,0.5987322330474854,0.6396558284759521,0.03601563721895218,0.01791435480117798
201703B,2017-12-05 09:00:00,gridsat,SHEAR,3,0.01165179256349802,4.9521782784722745e-05,0.002548603108152747,0.04540400579571724,0.9551859498023987,0.9545148015022278,0.011404882185161114,1.5694293324486353e-05,0.019208822399377823,1.599367351445835e-05
201703B,2017-12-05 17:00:00,gridsat,SHEAR,3,0.011006240732967854,9.356854206998833e-06,0.002477737609297037,0.006106353830546141,0.9594643115997314,0.993884265422821,0.010315852239727974,4.415621646103318e-08,0.016735820099711418,4.919456131347033e-08
201704B,2017-12-08 21:00:00,gridsat,CRVBND,0,0.047547731548547745,0.00029995886143296957,0.90121990442276,0.8271825313568115,0.014020055532455444,0.13695627450942993,0.008374880068004131,0.006466435734182596,0.0288374200463295,0.029094833880662918
201704B,2017-12-09 03:00:00,gridsat,CRVBND,0,0.010823512449860573,0.00025416607968509197,0.9392933249473572,0.6935763359069824,0.020010780543088913,0.19256290793418884,0.0197113249450922,0.0019466272788122296,0.010161040350794792,0.11165990680456161
201704B,2017-12-09 09:00:00,gridsat,SHEAR,0,0.00584746478125453,1.7949429320651689e-07,0.0013700670097023249,0.02511456049978733,0.9794225096702576,0.9748831391334534,0.007215722929686308,4.792338472725532e-07,0.00614421209320426,1.6500951005582465e-06
201704B,2017-12-09 15:00:00,gridsat,SHEAR,0,0.007293446455150843,7.78027313685925e-08,0.0018351885955780745,0.014829873107373714,0.9658856987953186,0.9851688146591187,0.011029361747205257,5.224935648584506e-07,0.01395630743354559,8.17268812625116e-07
201704B,2017-12-09 21:00:00,gridsat,SHEAR,0,0.005977723281830549,4.263039556917647e-07,0.0011445999843999743,0.01347639411687851,0.9746112823486328,0.9865232110023499,0.007320019882172346,1.4660844982472554e-08,0.010946333408355713,3.605427778552439e-08
201704B,2017-12-10 03:45:00,gridsat,SHEAR,0,0.0069101834669709206,6.700065569020808e-07,0.001541569596156478,0.019945595413446426,0.9661444425582886,0.980052649974823,0.0093364417552948,9.479077220930776e-07,0.01606736332178116,6.897164439578773e-08
201801A,2018-05-17 00:00:00,gridsat,CRVBND,2,0.12877458333969116,0.024664361029863358,0.5791959762573242,0.18407580256462097,0.15916846692562103,0.001383555238135159,0.013471225276589394,0.04546230286359787,0.11938977241516113,0.7444140315055847
201801A,2018-05-17 11:00:00,gridsat,IRRCDO,2,0.0428706556558609,0.032134346663951874,0.2181115597486496,0.36883577704429626,0.04011499136686325,0.010121453553438187,0.4772181808948517,0.06363321095705032,0.22168461978435516,0.5252751708030701
201801A,2018-05-17 18:00:00,gridsat,CRVBND,2,0.030668659135699272,0.01525462232530117,0.7009440660476685,0.696439266204834,0.04466381296515465,0.03769301623106003,0.10082951933145523,0.1272229552268982,0.12289392203092575,0.12339019030332565
201801A,2018-05-18 00:00:00,gridsat,EMBC,2,0.01153438538312912,0.479617178440094,0.04005008935928345,0.0606127604842186,0.0042671202681958675,4.1161925764754415e-05,0.024565020576119423,0.34754136204719543,0.9195833802223206,0.11218754202127457
201801A,2018-05-18 18:00:00,gridsat,IRRCDO,2,0.01880185678601265,0.02123206853866577,0.03424149751663208,0.035395458340644836,0.007772661745548248,0.00021354079945012927,0.01857246272265911,0.012878336943686008,0.920611560344696,0.9302805662155151
201802A,2018-05-22 06:00:00,gridsat,CRVBND,1,0.023902693763375282,7.564765837742016e-05,0.9239288568496704,0.7241594195365906,0.017095383256673813,0.03851255029439926,0.014737126417458057,0.002385922009125352,0.02033599279820919,0.23486648499965668
201802A,2018-05-22 12:00:00,gridsat,CRVBND,1,0.017891328781843185,0.008730827830731869,0.20928071439266205,0.3200546205043793,0.041644301265478134,0.000324724183883518,0.5871039628982544,0.1028909832239151,0.14407970011234283,0.5679988265037537
201802A,2018-05-23 19:00:00,gridsat,EMBC,1,0.011857667937874794,0.28229767084121704,0.0037478567101061344,0.010230159386992455,0.010664144530892372,2.067795747962009e-07,0.9535276293754578,0.6965022087097168,0.02020259015262127,0.010969781316816807
201802A,2018-05-24 12:30:00,gridsat,EMBC,1,0.021687030792236328,0.2781355381011963,0.008836602792143822,0.21958933770656586,0.01755996234714985,0.00020649995713029057,0.9342080354690552,0.41781407594680786,0.017708398401737213,0.08425452560186386
201802A,2018-05-24 16:45:00,gridsat,EYE,1,0.042524561285972595,0.629673421382904,0.005380937363952398,0.022915858775377274,0.0128373634070158,2.2406743482861202e-06,0.9250321984291077,0.3175468146800995,0.01422493252903223,0.029861602932214737
201802A,2018-05-24 23:00:00,gridsat,EMBC,1,0.9449592232704163,0.5453797578811646,0.004096700344234705,0.034792087972164154,0.011192074045538902,6.211758773133624e-06,0.01922735385596752,0.370911180973053,0.020524658262729645,0.04891077056527138
201802A,2018-05-25 19:00:00,gridsat,EYE,1,0.02797938697040081,0.6588916778564453,0.003002842189744115,0.011050733737647533,0.012062945403158665,1.048568719852483e-06,0.9442039132118225,0.32254093885421753,0.012750886380672455,0.007515677250921726
201804B,2018-09-20 18:15:00,gridsat,CRVBND,4,0.029820555821061134,3.955207830586005e-06,0.7936490178108215,0.35754814743995667,0.04363996535539627,0.011713155545294285,0.022663451731204987,0.0007868991233408451,0.11022701859474182,0.6299479007720947
201805A,2018-10-08 06:00:00,gridsat,CRVBND,2,0.043216221034526825,0.09632395952939987,0.3782729208469391,0.4581414759159088,0.01274658553302288,0.0034420217853039503,0.204641655087471,0.3301105499267578,0.36112263798713684,0.11198193579912186
201805A,2018-10-08 12:00:00,gridsat,CRVBND,2,0.03811352327466011,0.1717269867658615,0.7348311543464661,0.3532550036907196,0.011920719407498837,0.004415481351315975,0.05589528754353523,0.3058989644050598,0.1592392921447754,0.16470356285572052
201805A,2018-10-08 23:00:00,gridsat,EMBC,2,0.010950794443488121,0.5139119625091553,0.006085378583520651,0.004231284838169813,0.01095055416226387,6.073643703530252e-07,0.9315785765647888,0.4721677005290985,0.04043474420905113,0.00968845933675766
201805A,2018-10-09 06:30:00,gridsat,CRVBND,2,0.02382544055581093,0.49217459559440613,0.06557770818471909,0.14770710468292236,0.020651964470744133,0.00041990261524915695,0.8512566089630127,0.33035367727279663,0.03868824988603592,0.02934464067220688
201805A,2018-10-09 12:00:00,gridsat,EMBC,2,0.0226560328155756,0.6670862436294556,0.031306806951761246,0.020925862714648247,0.009128285571932793,4.6859742724336684e-05,0.9125534892082214,0.272500604391098,0.024355385452508926,0.03944050148129463
201805A,2018-10-09 17:30:00,gridsat,CRVBND,2,0.14755119383335114,0.2503308057785034,0.02446356974542141,0.22701498866081238,0.016354361549019814,0.0018928662175312638,0.7725961804389954,0.17109695076942444,0.039034705609083176,0.3496643900871277
201805A,2018-10-10 05:30:00,gridsat,EYE,2,0.7101934552192688,0.3442997634410858,0.009173231199383736,0.3656464219093323,0.0187836941331625,0.00897018238902092,0.22821393609046936,0.18603624403476715,0.03363562747836113,0.09504739940166473
201806B,2018-10-10 06:00:00,gridsat,EMBC,0,0.9753977656364441,0.3960890471935272,0.003956964705139399,0.026753615587949753,0.007350719068199396,1.0583737093838863e-05,0.005106689408421516,0.5678657293319702,0.008187801577150822,0.009280962869524956
201805A,2018-10-10 12:00:00,gridsat,CRVBND,2,0.8447378277778625,0.40454983711242676,0.004870317876338959,0.4065008759498596,0.020544666796922684,0.03342582657933235,0.06657566875219345,0.11563771218061447,0.06327154487371445,0.039885785430669785
201806B,2018-10-10 12:00:00,gridsat,EYE,0,0.9694951176643372,0.41320541501045227,0.0031532130669802427,0.029418952763080597,0.011596151627600193,8.500125659338664e-06,0.004344755783677101,0.5247241854667664,0.011410747654736042,0.032642919570207596
201805A,2018-10-10 18:00:00,gridsat,EYE,2,0.9740619659423828,0.1746039092540741,0.0023860945366322994,0.5561615228652954,0.005963652394711971,0.057135000824928284,0.003011016407981515,0.17588645219802856,0.014577261172235012,0.03621306270360947
201806B,2018-10-10 17:15:00,gridsat,EMBC,0,0.051525432616472244,0.5571372509002686,0.002116650342941284,0.002006933791562915,0.005703166127204895,1.1036338776193588e-07,0.9389028549194336,0.4379280209541321,0.001751936273649335,0.002927587367594242
201805A,2018-10-10 23:45:00,gridsat,CRVBND,2,0.10472579300403595,0.061523422598838806,0.8105790615081787,0.7294823527336121,0.011676132678985596,0.08667223900556564,0.047908250242471695,0.05578863248229027,0.025110745802521706,0.06653328239917755
201806B,2018-10-10 23:15:00,gridsat,EMBC,0,0.978539228439331,0.678947925567627,0.000644350191578269,0.006195624824613333,0.003908827900886536,1.1969308388870559e-06,0.015372078865766525,0.31227001547813416,0.0015354863135144114,0.0025851752143353224
201805A,2018-10-11 05:45:00,gridsat,CRVBND,2,0.03125952556729317,0.005839592311531305,0.934657096862793,0.577998161315918,0.004488017875701189,0.3942170739173889,0.020118150860071182,0.009204973466694355,0.009477180428802967,0.012740200385451317
201805A,2018-10-11 12:15:00,gridsat,CRVBND,2,0.06530419737100601,0.00746150640770793,0.8009740710258484,0.49702218174934387,0.007507760543376207,0.47648656368255615,0.10987020283937454,0.009027588181197643,0.016343705356121063,0.010002220049500465
201805A,2018-10-11 18:15:00,gridsat,CRVBND,2,0.01419319398701191,0.001327721169218421,0.9252001047134399,0.5120445489883423,0.01351427473127842,0.4759892523288727,0.020282242447137833,0.0042536016553640366,0.026810195297002792,0.0063849245198071
201805A,2018-10-11 23:45:00,gridsat,CRVBND,2,0.017591679468750954,0.028924990445375443,0.956610918045044,0.7825050950050354,0.006637153215706348,0.1404624879360199,0.007764388807117939,0.022198574617505074,0.011395832523703575,0.025908874347805977
201805A,2018-10-12 06:15:00,gridsat,CRVBND,2,0.04980778321623802,0.031610291451215744,0.8698355555534363,0.749493420124054,0.009821608662605286,0.09457702189683914,0.008214054629206657,0.028366046026349068,0.062320973724126816,0.09595327079296112
201805A,2018-10-12 12:00:00,gridsat,CRVBND,2,0.019600659608840942,0.013165215030312538,0.9070205092430115,0.6550400853157043,0.012755321338772774,0.3091178834438324,0.007706295698881149,0.014869528822600842,0.05291726440191269,0.007807294372469187
201805A,2018-10-12 18:15:00,gridsat,CRVBND,2,0.023803656920790672,8.834109758026898e-05,0.5785164833068848,0.2477828860282898,0.1891995370388031,0.7511569261550903,0.010906687937676907,0.0003827946784440428,0.1975736916065216,0.0005890370230190456
201805A,2018-10-13 00:15:00,gridsat,SHEAR,2,0.0035661389119923115,5.4684192036802415e-06,0.9439470171928406,0.15923254191875458,0.017054131254553795,0.840336263179779,0.008257411420345306,0.0001744790788507089,0.027175316587090492,0.00025126762920990586
201805A,2018-10-13 06:15:00,gridsat,CRVBND,2,0.062487296760082245,9.048323590832297e-06,0.683690071105957,0.12922027707099915,0.19271516799926758,0.8697769045829773,0.011770922690629959,0.0001513485622126609,0.0493365079164505,0.0008423886029049754
201805A,2018-10-13 12:00:00,gridsat,CRVBND,2,0.004647215828299522,0.002263219328597188,0.9732974171638489,0.6439827680587769,0.006685318890959024,0.3120277523994446,0.006595527287572622,0.007208193186670542,0.008774546906352043,0.034518055617809296
201805A,2018-10-13 18:15:00,gridsat,CRVBND,2,0.02800588309764862,0.0028657587245106697,0.21729709208011627,0.7347220182418823,0.6862161755561829,0.18152469396591187,0.030739018693566322,0.00890521053224802,0.037741854786872864,0.07198235392570496
201805A,2018-10-14 00:00:00,gridsat,CRVBND,2,0.01797076314687729,0.0030487540643662214,0.8432042002677917,0.6000188589096069,0.06866279989480972,0.34496796131134033,0.02211795374751091,0.005714275408536196,0.04804428294301033,0.046250149607658386
201807B,2018-11-10 20:45:00,gridsat,IRRCDO,3,0.04663560539484024,0.025467481464147568,0.5243494510650635,0.15419000387191772,0.020022323355078697,0.0020406690891832113,0.012109161354601383,0.04471040889620781,0.39688342809677124,0.7735913991928101
201807B,2018-11-11 03:15:00,gridsat,CRVBND,3,0.027157919481396675,0.10123386234045029,0.3123205900192261,0.1208527535200119,0.01741495542228222,0.0005043052951805294,0.15559691190719604,0.17541858553886414,0.48750966787338257,0.6019904613494873
201807B,2018-11-11 09:15:00,gridsat,CRVBND,3,0.023148709908127785,0.04473080858588219,0.8694320917129517,0.14501993358135223,0.014951839111745358,0.0007997881039045751,0.0560724213719368,0.09757857769727707,0.03639493137598038,0.7118709087371826
201807B,2018-11-11 15:15:00,gridsat,CRVBND,3,0.030930716544389725,0.009994092397391796,0.8987087607383728,0.3868308961391449,0.020305085927248,0.005746051203459501,0.017412355169653893,0.062386415898799896,0.03264303132891655,0.5350425839424133
201807B,2018-11-11 20:45:00,gridsat,IRRCDO,3,0.04352118447422981,0.03945155814290047,0.4263646900653839,0.13864684104919434,0.010915622115135193,0.00028706647572107613,0.04363458976149559,0.3710266053676605,0.4755639135837555,0.45058801770210266
201807B,2018-11-12 02:45:00,gridsat,CRVBND,3,0.033463504165410995,0.004256578162312508,0.9118409156799316,0.40642327070236206,0.025215575471520424,0.01769092120230198,0.007978894747793674,0.03770056366920471,0.021501149982213974,0.533928632736206
201807B,2018-11-12 08:45:00,gridsat,CRVBND,3,0.02802380733191967,0.0002127585612470284,0.9193493723869324,0.47772806882858276,0.018943199887871742,0.06010536104440689,0.013643617741763592,0.002053339034318924,0.020040025934576988,0.45990049839019775
201807B,2018-11-12 15:15:00,gridsat,CRVBND,3,0.023936357349157333,0.00038463386590592563,0.9048884510993958,0.8306178450584412,0.019288968294858932,0.10995296388864517,0.014604234136641026,0.005223756190389395,0.03728201985359192,0.05382082611322403
201807B,2018-11-12 21:15:00,gridsat,CRVBND,3,0.06949955224990845,0.0708639919757843,0.4376576244831085,0.11461890488862991,0.021285491064190865,0.00014748105604667217,0.10811352729797363,0.1846734583377838,0.3634437918663025,0.6296961307525635
201807B,2018-11-13 03:15:00,gridsat,CRVBND,3,0.030298424884676933,0.22241660952568054,0.8953663110733032,0.12171957641839981,0.014210409484803677,0.0002056700614048168,0.021504534408450127,0.4715566039085388,0.03862031176686287,0.18410152196884155
201807B,2018-11-13 09:15:00,gridsat,CRVBND,3,0.052769243717193604,0.13321524858474731,0.8131594061851501,0.1651008576154709,0.02286413311958313,0.0003876280097756535,0.07361896336078644,0.5760538578033447,0.0375882089138031,0.1252424120903015
201807B,2018-11-13 15:15:00,gridsat,EYE,3,0.052918076515197754,0.3794763684272766,0.8729404211044312,0.09735962003469467,0.01745327189564705,0.0002693291462492198,0.02013484574854374,0.2288656234741211,0.036553408950567245,0.2940290868282318
201807B,2018-11-14 09:00:00,gridsat,EMBC,3,0.03306930139660835,0.4797382056713104,0.8849719166755676,0.08749296516180038,0.016177553683519363,0.0002546235336922109,0.026479505002498627,0.3918042480945587,0.039301786571741104,0.0407099612057209
201807B,2018-11-14 15:45:00,gridsat,EMBC,3,0.027733448892831802,0.510937511920929,0.9176410436630249,0.15285830199718475,0.013108110055327415,0.0010019858600571752,0.012087381444871426,0.180946484208107,0.02942998893558979,0.15425577759742737
201807B,2018-11-15 08:45:00,gridsat,EMBC,3,0.02833626978099346,0.31145572662353516,0.0069051156751811504,0.008705172687768936,0.01908480003476143,6.76909985486418e-06,0.878803014755249,0.627626359462738,0.06687074154615402,0.0522058941423893
201807B,2018-11-15 15:45:00,gridsat,EMBC,3,0.0327349416911602,0.4581794738769531,0.00392903620377183,0.0065759834833443165,0.01691342145204544,2.745227675404749e-06,0.9205067157745361,0.44561082124710083,0.02591591142117977,0.08963100612163544
201807B,2018-11-16 19:45:00,gridsat,CRVBND,3,0.04622329771518707,0.4029020667076111,0.33361807465553284,0.11385267227888107,0.015797270461916924,0.00023048811999615282,0.2979772686958313,0.2397671639919281,0.30638405680656433,0.2432475984096527
201807B,2018-11-17 03:15:00,gridsat,CRVBND,3,0.02854720689356327,0.17265208065509796,0.810816764831543,0.32881271839141846,0.019634101539850235,0.0011321762576699257,0.02571137808263302,0.3178742527961731,0.11529053747653961,0.17952874302864075
201807B,2018-11-17 10:15:00,gridsat,CRVBND,3,0.0122238053008914,0.6644221544265747,0.04817838594317436,0.0574725978076458,0.00830537173897028,0.00012365846487227827,0.9039062261581421,0.25353989005088806,0.027386223897337914,0.02444169670343399
201807B,2018-11-17 13:45:00,gridsat,CRVBND,3,0.023310892283916473,0.04961394891142845,0.9033306241035461,0.18047912418842316,0.022168604657053947,0.003152810735628009,0.012294870801270008,0.10652555525302887,0.03889508545398712,0.6602285504341125
201807B,2018-11-18 09:15:00,gridsat,CRVBND,3,0.03755936026573181,0.40746012330055237,0.7588970065116882,0.2628088891506195,0.023801440373063087,0.0016729155322536826,0.10045239329338074,0.3044344484806061,0.0792897418141365,0.023623576387763023
201807B,2018-11-18 15:15:00,gridsat,SHEAR,3,0.03336586058139801,0.00021210357954259962,0.8874279856681824,0.5730797052383423,0.02968723513185978,0.42055171728134155,0.015919381752610207,0.0006975422729738057,0.03359958156943321,0.005458966828882694
201807B,2018-11-18 21:15:00,gridsat,SHEAR,3,0.062317389994859695,5.7340329817634483e-08,0.36236172914505005,0.022342480719089508,0.5112007856369019,0.9776546359062195,0.015051314607262611,1.1682449212457868e-06,0.04906880855560303,1.6279072951874696e-06
201807B,2018-11-19 03:15:00,gridsat,SHEAR,3,0.031062280759215355,2.7231396870774915e-06,0.8798566460609436,0.36110252141952515,0.05207356810569763,0.4505356550216675,0.014678267762064934,0.0002993794623762369,0.022329194471240044,0.1880597174167633
201807B,2018-11-19 09:15:00,gridsat,CRVBND,3,0.027540631592273712,0.02112494967877865,0.9080299735069275,0.8711661696434021,0.015510453842580318,0.03532958775758743,0.018733710050582886,0.0337846502661705,0.0301851574331522,0.038594577461481094
201807B,2018-11-19 15:15:00,gridsat,SHEAR,3,0.032612740993499756,0.00035123719135299325,0.5588478446006775,0.4618825912475586,0.36523187160491943,0.46522414684295654,0.01615849696099758,0.00032397054019384086,0.027149077504873276,0.07221802324056625
201808B,2018-12-15 15:15:00,gridsat,IRRCDO,4,0.0182245671749115,0.00012208358384668827,0.44944658875465393,0.10870407521724701,0.012965804897248745,0.0004744645266328007,0.04946810007095337,0.010703166015446186,0.4698949456214905,0.8799962401390076
201808B,2018-12-16 21:00:00,gridsat,EMBC,4,0.02542024478316307,0.5780493021011353,0.08420384675264359,0.018899252638220787,0.007475704420357943,2.6719639208749868e-05,0.8459652066230774,0.39514097571372986,0.03693497180938721,0.007883704267442226
201808B,2018-12-17 09:15:00,gridsat,CRVBND,4,0.011818090453743935,0.03726382553577423,0.9079873561859131,0.7409459948539734,0.05864167958498001,0.1108066737651825,0.010646384209394455,0.052788734436035156,0.010906441137194633,0.05819476768374443
201901B,2019-04-27 14:45:00,gridsat,IRRCDO,0,0.016114171594381332,0.004520501010119915,0.06787995994091034,0.14211879670619965,0.0036943568848073483,0.0004918039194308221,0.030263472348451614,0.028421903029084206,0.8820480108261108,0.824446976184845
201901B,2019-04-27 21:15:00,gridsat,CRVBND,0,0.041894324123859406,4.2836680222535506e-05,0.6904690861701965,0.8100039958953857,0.2484719455242157,0.13623759150505066,0.0047391499392688274,0.0036123846657574177,0.014425409026443958,0.05010314658284187
201901B,2019-04-28 02:45:00,gridsat,CRVBND,0,0.15191717445850372,0.0039753541350364685,0.5866891145706177,0.1431422382593155,0.0559857040643692,0.000379761157091707,0.033243656158447266,0.06303528696298599,0.17216438055038452,0.7894672751426697
201901B,2019-04-28 09:15:00,gridsat,EMBC,0,0.037142205983400345,0.04028065502643585,0.8661068677902222,0.23067359626293182,0.012191138230264187,0.0003871321096085012,0.02043919451534748,0.7002120018005371,0.06412061303853989,0.028446566313505173
201901B,2019-04-28 15:15:00,gridsat,CRVBND,0,0.04715282842516899,0.00552167184650898,0.787187397480011,0.7716882228851318,0.018940238282084465,0.08661499619483948,0.005205302964895964,0.02872997149825096,0.14151427149772644,0.10744515806436539
201901B,2019-04-29 22:15:00,gridsat,EMBC,0,0.19618616998195648,0.18018698692321777,0.003022509627044201,0.022112570703029633,0.00935839768499136,6.358660357363988e-06,0.7892602682113647,0.7606652975082397,0.0021726007107645273,0.037028808146715164
201901B,2019-04-30 08:45:00,gridsat,EMBC,0,0.1539282202720642,0.28260427713394165,0.00042208796367049217,0.04074135050177574,0.006594398524612188,4.719865319202654e-05,0.8376129269599915,0.6178179383277893,0.0014424280961975455,0.05878918990492821
201901B,2019-04-30 20:15:00,gridsat,EMBC,0,0.4852589964866638,0.2363995760679245,0.001712548779323697,0.014074055477976799,0.008523929864168167,1.7068709894374479e-06,0.18004083633422852,0.5780103206634521,0.32446369528770447,0.1715143769979477
201901B,2019-05-01 04:15:00,gridsat,EMBC,0,0.09381866455078125,0.06687620282173157,0.00919880997389555,0.0649704858660698,0.013426479883491993,4.688217813964002e-05,0.338938444852829,0.37279626727104187,0.5446175932884216,0.49531012773513794
201901B,2019-05-01 09:15:00,gridsat,EYE,0,0.9684098362922668,0.7471603155136108,0.005698609631508589,0.0371687076985836,0.010175916366279125,0.0001013364308164455,0.005586843006312847,0.17926687002182007,0.010128899477422237,0.03630269318819046
201901B,2019-05-01 15:15:00,gridsat,EYE,0,0.9847958087921143,0.5447108149528503,0.00135796086397022,0.021633613854646683,0.004705939907580614,1.9624254491645843e-05,0.004975369665771723,0.34931012988090515,0.004164875950664282,0.08432582020759583
201901B,2019-05-02 03:45:00,gridsat,EMBC,0,0.9650834798812866,0.27630504965782166,0.0008605198236182332,0.002376437885686755,0.0055685448460280895,2.826997729243885e-07,0.02625320479273796,0.7120797038078308,0.002234269632026553,0.009238507598638535
201901B,2019-05-02 09:15:00,gridsat,EYE,0,0.9871093034744263,0.7943624258041382,0.0012460143771022558,0.0016111524309962988,0.0038937986828386784,3.9896823977869644e-07,0.0030569930095225573,0.20065809786319733,0.004693880211561918,0.0033679569605737925
201901B,2019-05-02 14:45:00,gridsat,EYE,0,0.9867908358573914,0.9065250754356384,0.0013242722488939762,0.0029456503689289093,0.003321439493447542,1.5150933450058801e-06,0.0028771990910172462,0.08541887253522873,0.005686359945684671,0.005108875222504139
201901B,2019-05-02 21:15:00,gridsat,EYE,0,0.9790216684341431,0.8119514584541321,0.0026453821919858456,0.020917721092700958,0.00651930458843708,3.923487747670151e-05,0.0048281108029186726,0.15853364765644073,0.006985411047935486,0.008557945489883423
201902A,2019-06-10 14:45:00,gridsat,IRRCDO,2,0.012233879417181015,0.00021057587582617998,0.7927047610282898,0.10375548899173737,0.013412047177553177,0.0017586380708962679,0.018757358193397522,0.00212030834518373,0.1628919243812561,0.8921549916267395
201902A,2019-06-10 20:45:00,gridsat,CRVBND,2,0.02725186012685299,0.0019173402106389403,0.8184349536895752,0.5147995948791504,0.08200520277023315,0.00902639701962471,0.013336707837879658,0.0364849790930748,0.05897124856710434,0.4377717077732086
201902A,2019-06-11 03:45:00,gridsat,IRRCDO,2,0.01638844795525074,0.0026567503809928894,0.49912962317466736,0.1740063577890396,0.011096575297415257,0.0009501263266429305,0.015710769221186638,0.016340915113687515,0.457674503326416,0.8060458898544312
201902A,2019-06-11 09:15:00,gridsat,EMBC,2,0.008281217887997627,0.14619912207126617,0.9377829432487488,0.014976056292653084,0.012412277981638908,2.8394254059094237e-06,0.014404633082449436,0.8348120450973511,0.027118908241391182,0.004009989555925131
201902A,2019-06-11 14:45:00,gridsat,EYE,2,0.02631940133869648,0.1419886201620102,0.1388218253850937,0.03768021985888481,0.022055530920624733,1.2532074833870865e-05,0.49057626724243164,0.7082903385162354,0.32222694158554077,0.11202836781740189
201902A,2019-06-11 20:45:00,gridsat,IRRCDO,2,0.016624273732304573,0.010674059391021729,0.5551124215126038,0.0962250679731369,0.006134773138910532,0.00011970138439210132,0.010495675727725029,0.03627452254295349,0.41163280606269836,0.8567066788673401
201902A,2019-06-12 10:15:00,gridsat,EMBC,2,0.0975489392876625,0.2657398283481598,0.4501688778400421,0.15883783996105194,0.038644805550575256,0.0002218324225395918,0.24163934588432312,0.355401873588562,0.1719980388879776,0.21979857981204987
201902A,2019-06-12 16:15:00,gridsat,IRRCDO,2,0.017245102673768997,0.007210433017462492,0.1000201478600502,0.039818692952394485,0.00496247224509716,0.00022230864851735532,0.021651074290275574,0.007099305745214224,0.8561212420463562,0.945649266242981
201902A,2019-06-13 08:15:00,gridsat,EYE,2,0.9469597339630127,0.3794816732406616,0.0019545943941920996,0.01713036559522152,0.01107858493924141,1.419741784047801e-05,0.00868354830890894,0.5694087147712708,0.03132348135113716,0.03396507352590561
201902A,2019-06-13 15:15:00,gridsat,EYE,2,0.9724571704864502,0.5871359705924988,0.0033347972203046083,0.049290768802165985,0.005886960308998823,8.357474871445447e-05,0.002360094338655472,0.2928118407726288,0.0159610528498888,0.07067785412073135
201902A,2019-06-14 01:45:00,gridsat,EMBC,2,0.18721498548984528,0.22747275233268738,0.08067803829908371,0.340747207403183,0.027339410036802292,0.005760683212429285,0.651966392993927,0.11262718588113785,0.05280117318034172,0.31339216232299805
201902A,2019-06-14 09:15:00,gridsat,EYE,2,0.08167469501495361,0.4411434233188629,0.014759146608412266,0.1811332404613495,0.010180553421378136,0.0008265631040558219,0.8795256018638611,0.3052392303943634,0.013859950937330723,0.07165750861167908
201902A,2019-06-14 14:45:00,gridsat,CRVBND,2,0.13242477178573608,0.02415521815419197,0.0215903352946043,0.7576345801353455,0.028599422425031662,0.09112117439508438,0.7831980586051941,0.04214879497885704,0.03418736532330513,0.08494022488594055
201902A,2019-06-15 03:15:00,gridsat,EYE,2,0.1160895824432373,0.23859567940235138,0.005540781654417515,0.07576346397399902,0.019787803292274475,3.82308462576475e-05,0.8188558220863342,0.6642451882362366,0.039726052433252335,0.021357428282499313
201902A,2019-06-15 07:45:00,gridsat,EYE,2,0.010467464104294777,0.4208252429962158,0.0033920225687325,0.019314788281917572,0.010709777474403381,1.1410758816055022e-05,0.9656838774681091,0.5332391262054443,0.00974695198237896,0.02660941332578659
201902A,2019-06-15 15:15:00,gridsat,CRVBND,2,0.06322906166315079,0.007598499301820993,0.05623019486665726,0.6501523852348328,0.049907609820365906,0.03508786857128143,0.8001931309700012,0.05032509192824364,0.030440019443631172,0.2568361163139343
201902A,2019-06-15 20:45:00,gridsat,IRRCDO,2,0.02222578227519989,0.0019186340505257249,0.7296444177627563,0.5232670903205872,0.155737966299057,0.03935997933149338,0.0471772663295269,0.016881732270121574,0.045214567333459854,0.4185725450515747
201902A,2019-06-16 03:15:00,gridsat,CRVBND,2,0.009901930578052998,0.00012769363820552826,0.6043544411659241,0.07615873962640762,0.11688314378261566,0.0011185698676854372,0.01508273184299469,0.001271899905987084,0.2537776827812195,0.9213230609893799
201902A,2019-06-16 08:15:00,gridsat,IRRCDO,2,0.008296061307191849,0.0008143856539390981,0.1680803745985031,0.42324021458625793,0.6035628318786621,0.011160966008901596,0.20386448502540588,0.00829598680138588,0.016196219250559807,0.5564884543418884
201902A,2019-06-16 14:45:00,gridsat,SHEAR,2,0.013238116167485714,3.861810569105728e-07,0.055526696145534515,0.20586849749088287,0.7401633858680725,0.7807138562202454,0.010450192727148533,4.099627767573111e-05,0.18062159419059753,0.013376343995332718
201902A,2019-06-16 21:15:00,gridsat,SHEAR,2,0.014340241439640522,1.8137495061409936e-08,0.006601463072001934,0.0012899276334792376,0.9357377290725708,0.998710036277771,0.005276322830468416,1.2898136780847835e-08,0.03804426267743111,9.275501255956442e-09
201902A,2019-06-17 03:15:00,gridsat,SHEAR,2,0.0025419804733246565,1.2553239336909883e-08,0.0003186211979482323,0.0011916636722162366,0.9836633205413818,0.9988083839416504,0.0017087636515498161,1.0002035644163243e-08,0.011767306365072727,6.374996974756186e-09
201902A,2019-06-17 09:15:00,gridsat,SHEAR,2,0.005968475714325905,4.011885579302543e-08,0.0007531072478741407,0.0007145521230995655,0.9665133357048035,0.9992853999137878,0.005224443040788174,3.2045932130131405e-08,0.02154059149324894,1.4411899229571645e-08
201903A,2019-09-23 03:45:00,gridsat,EMBC,1,0.029422234743833542,0.20697623491287231,0.8127040863037109,0.2202119678258896,0.02320868708193302,9.82888595899567e-05,0.07287780195474625,0.33769407868385315,0.06178710609674454,0.23501941561698914
201903A,2019-09-23 09:15:00,gridsat,CRVBND,1,0.8609528541564941,0.012107322923839092,0.009768567979335785,0.36172690987586975,0.00851302221417427,0.003686537966132164,0.06569264084100723,0.019518591463565826,0.05507291480898857,0.6029606461524963
201903A,2019-09-23 14:45:00,gridsat,EMBC,1,0.01994120515882969,0.11224575340747833,0.021810129284858704,0.047577984631061554,0.01906869374215603,3.977230517193675e-05,0.8743425011634827,0.051627904176712036,0.06483738124370575,0.7885085940361023
201903A,2019-09-24 01:45:00,gridsat,EYE,1,0.07300787419080734,0.6361986994743347,0.07276802510023117,0.02825319394469261,0.020511077716946602,1.1258000085945241e-05,0.13003936409950256,0.11427703499794006,0.7036736011505127,0.22125986218452454
201903A,2019-09-24 14:15:00,gridsat,EMBC,1,0.0530066080391407,0.719275176525116,0.007736812345683575,0.08349289745092392,0.013346471823751926,0.0002209988160757348,0.8988453149795532,0.09613723307847977,0.027064736932516098,0.10087370127439499
201904A,2019-10-25 12:45:00,gridsat,EMBC,1,0.013152994215488434,0.3258701264858246,0.007204524241387844,0.0024611447006464005,0.013011888600885868,6.580477673878704e-08,0.9482410550117493,0.6604014039039612,0.018389539793133736,0.011267237365245819
201904A,2019-10-25 16:45:00,gridsat,EMBC,1,0.012883284129202366,0.37004995346069336,0.003750717733055353,0.0011298182653263211,0.01151901762932539,4.531032438137572e-09,0.9494824409484863,0.6264446973800659,0.022364575415849686,0.0023755249567329884
201904A,2019-10-25 22:45:00,gridsat,EMBC,1,0.020150024443864822,0.3335035741329193,0.003446485148742795,0.002001464134082198,0.010264256969094276,9.302306480662992e-09,0.9437810182571411,0.6604886054992676,0.022358205169439316,0.004006306175142527
201904A,2019-10-26 07:15:00,gridsat,EMBC,1,0.24473170936107635,0.24912184476852417,0.0032463902607560158,0.099338099360466,0.01690157689154148,9.010925168695394e-06,0.7117679715156555,0.47602516412734985,0.02335234172642231,0.17550580203533173
201904A,2019-10-26 12:15:00,gridsat,EYE,1,0.9691007733345032,0.434260755777359,0.002479536458849907,0.0019092799630016088,0.010887364856898785,1.9626080316470507e-08,0.0048984503373503685,0.5592975616455078,0.012633882462978363,0.004532373510301113
201904A,2019-10-26 18:15:00,gridsat,EYE,1,0.9699627161026001,0.39317554235458374,0.0028323859442025423,0.002627864247187972,0.009726698510348797,2.775673735300188e-08,0.004327710252255201,0.5990510582923889,0.013150581158697605,0.005145461764186621
201904A,2019-10-27 00:15:00,gridsat,EYE,1,0.9668439626693726,0.786693811416626,0.0036809383891522884,0.0035411501303315163,0.010030084289610386,7.800851875572334e-08,0.006116445641964674,0.19832129776477814,0.013328520581126213,0.011443695984780788
201904A,2019-10-27 06:15:00,gridsat,EYE,1,0.9604014158248901,0.845457136631012,0.004671572241932154,0.014009330421686172,0.01169746182858944,1.0595460935292067e-06,0.007682404946535826,0.1231994554400444,0.015547119081020355,0.0173330195248127
201904A,2019-10-27 11:45:00,gridsat,EYE,1,0.9614237546920776,0.8019509315490723,0.004587187897413969,0.01631046086549759,0.011054991744458675,1.278582544728124e-06,0.007588483858853579,0.14309394359588623,0.015345553867518902,0.038643304258584976
201904A,2019-10-27 18:15:00,gridsat,EYE,1,0.969002366065979,0.6958496570587158,0.0029757856391370296,0.019160883501172066,0.010839599184691906,1.624164269742323e-06,0.005177557934075594,0.23321594297885895,0.012004677206277847,0.05177188292145729
201904A,2019-10-28 00:15:00,gridsat,EYE,1,0.9628773927688599,0.5393792986869812,0.0038978555239737034,0.012381970882415771,0.01120884157717228,3.147897018607182e-07,0.0067436411045491695,0.38149210810661316,0.015272274613380432,0.06674625724554062
201904A,2019-10-28 06:15:00,gridsat,EYE,1,0.9659078121185303,0.8130975365638733,0.0037913809064775705,0.014900881797075272,0.010658049955964088,1.053817982210603e-06,0.006286767777055502,0.15002600848674774,0.013355917297303677,0.021974515169858932
201904A,2019-10-28 12:15:00,gridsat,EYE,1,0.9616934657096863,0.7770974040031433,0.004646050278097391,0.04386638104915619,0.010674197226762772,6.148222382762469e-06,0.007119206245988607,0.1383194774389267,0.015867162495851517,0.04071054235100746
201904A,2019-10-28 17:45:00,gridsat,EYE,1,0.9699077606201172,0.5611295700073242,0.0032884934917092323,0.028190823271870613,0.009321320801973343,2.683701723071863e-06,0.00468481658026576,0.3756258189678192,0.012797611765563488,0.03505104035139084
201904A,2019-10-29 06:15:00,gridsat,EYE,1,0.9648218750953674,0.7008515000343323,0.0036954653915017843,0.006731427740305662,0.011133960448205471,4.2765074681483384e-07,0.005766469053924084,0.28808829188346863,0.014582226052880287,0.004328323062509298
201904A,2019-10-29 11:45:00,gridsat,EYE,1,0.017313575372099876,0.674889087677002,0.004444988910108805,0.007717606145888567,0.012373166158795357,5.83063695103192e-07,0.9524497985839844,0.3146166205406189,0.013418450020253658,0.002776151755824685
201904A,2019-10-29 17:45:00,gridsat,EMBC,1,0.012929939664900303,0.6095791459083557,0.009620969183743,0.00841085147112608,0.011547228321433067,2.89424804122973e-07,0.946691632270813,0.37262415885925293,0.01921030692756176,0.009385591372847557
201904A,2019-10-29 23:15:00,gridsat,EMBC,1,0.01858261600136757,0.40391671657562256,0.00867517665028572,0.013940712437033653,0.017365682870149612,1.0328033113182755e-06,0.9276614785194397,0.5499802827835083,0.027715126052498817,0.032161224633455276
201904A,2019-10-30 12:15:00,gridsat,CRVBND,1,0.025566164404153824,0.022840749472379684,0.9207412004470825,0.7936204671859741,0.017944782972335815,0.010254581458866596,0.012351101264357567,0.04627705737948418,0.023396778851747513,0.1270071566104889
201905A,2019-10-30 12:15:00,gridsat,CRVBND,0,0.034661535173654556,0.0010700460989028215,0.9151919484138489,0.8688167333602905,0.03066985309123993,0.015168408863246441,0.0067608654499053955,0.0260237455368042,0.012715830467641354,0.08892103284597397
201904A,2019-10-30 18:15:00,gridsat,SHEAR,1,0.046688467264175415,1.7200874253830989e-06,0.7529062628746033,0.08658532053232193,0.14850705862045288,0.9127453565597534,0.01844007894396782,9.059492185770068e-06,0.03345811739563942,0.0006585888331755996
201905A,2019-10-30 18:15:00,gridsat,CRVBND,0,0.07772120088338852,0.0012219127966091037,0.8333094716072083,0.5139668583869934,0.06241069361567497,0.008076604455709457,0.01164665911346674,0.025750108063220978,0.014912016689777374,0.45098450779914856
201904A,2019-10-30 23:45:00,gridsat,CRVBND,1,0.04976906254887581,1.7470287275500596e-05,0.3376385569572449,0.4381347894668579,0.543297290802002,0.5500110387802124,0.021466432139277458,0.0001325463963439688,0.047828663140535355,0.011704164557158947
201904A,2019-10-31 05:45:00,gridsat,SHEAR,1,0.05446852371096611,5.8845376571525776e-08,0.7000173330307007,0.025394324213266373,0.1709926426410675,0.9745674729347229,0.017123408615589142,6.775649126211647e-07,0.057398125529289246,3.743657362065278e-05
201904A,2019-10-31 11:45:00,gridsat,SHEAR,1,0.026153171434998512,2.2555973373528104e-06,0.8332568407058716,0.19585920870304108,0.025267139077186584,0.7893397808074951,0.014472811482846737,2.3050270101521164e-05,0.10085013508796692,0.014775707386434078
201905A,2019-10-31 12:45:00,gridsat,CRVBND,0,0.05004788562655449,0.016837844625115395,0.6116675138473511,0.3612787425518036,0.012407642789185047,0.003299860516563058,0.05978245288133621,0.05495472997426987,0.26609447598457336,0.5636288523674011
201904A,2019-10-31 17:45:00,gridsat,CRVBND,1,0.046699658036231995,8.564080781070516e-05,0.3805105984210968,0.38334736227989197,0.5029159784317017,0.601629376411438,0.02956063486635685,0.00017832811863627285,0.040313128381967545,0.014759263023734093
201905A,2019-10-31 17:45:00,gridsat,IRRCDO,0,0.004013759084045887,0.0006257687928155065,0.003328446764498949,0.06098998337984085,0.0017958346288651228,0.0010237031383439898,0.0013398559531196952,0.0021735834889113903,0.9895221590995789,0.9351869225502014
201904A,2019-11-01 00:15:00,gridsat,CRVBND,1,0.01743755303323269,2.76781775028212e-05,0.021665871143341064,0.21823880076408386,0.9348864555358887,0.7759474515914917,0.011199245229363441,0.00010393805132480338,0.014810889028012753,0.005682054907083511
201905A,2019-11-01 00:45:00,gridsat,CRVBND,0,0.07442598044872284,0.006417063996195793,0.5096234679222107,0.2155517041683197,0.024084674194455147,0.0017725771758705378,0.13247188925743103,0.2688514292240143,0.25939399003982544,0.5074072480201721
201904A,2019-11-01 05:45:00,gridsat,SHEAR,1,0.049819234758615494,8.548654295736924e-05,0.4326343238353729,0.4727517366409302,0.41209617257118225,0.4755430519580841,0.07120770215988159,0.00045214840793050826,0.0342426523566246,0.05116759613156319
201905A,2019-11-01 06:15:00,gridsat,CRVBND,0,0.024937134236097336,1.5775063729961403e-05,0.4417273998260498,0.5776787996292114,0.015314468182623386,0.3097829222679138,0.008955071680247784,0.001716437516734004,0.5090659856796265,0.11080606281757355
201904A,2019-11-01 11:45:00,gridsat,CRVBND,1,0.0203244648873806,0.019073380157351494,0.8345358967781067,0.22820255160331726,0.02676236629486084,0.0001718236890155822,0.04231894016265869,0.0682368129491806,0.0760582759976387,0.6843154430389404
201905A,2019-11-01 12:45:00,gridsat,CRVBND,0,0.058904387056827545,0.03307896479964256,0.08450724929571152,0.4324459433555603,0.05046930909156799,0.004397258162498474,0.7068755626678467,0.20818963646888733,0.09924352914094925,0.3218882083892822
201905A,2019-11-02 13:15:00,gridsat,CRVBND,0,0.030421433970332146,0.6788997054100037,0.006516782101243734,0.0473104789853096,0.009644479490816593,0.000225774958380498,0.9501976370811462,0.2570804953575134,0.00321963126771152,0.01648361049592495
201905A,2019-11-02 18:15:00,gridsat,CRVBND,0,0.012372157536447048,0.022447960451245308,0.8958888053894043,0.5438263416290283,0.0078079537488520145,0.08857213705778122,0.057076096534729004,0.02570628933608532,0.026855023577809334,0.31944727897644043
201905A,2019-11-02 23:45:00,gridsat,CRVBND,0,0.03584086522459984,0.00816260650753975,0.19535678625106812,0.06600333005189896,0.009440023452043533,0.001741391490213573,0.01106697041541338,0.00745359156280756,0.7482954263687134,0.9166390895843506
201905A,2019-11-03 13:15:00,gridsat,EYE,0,0.06483209878206253,0.7418503165245056,0.0009312626789323986,0.01442389003932476,0.005685110110789537,2.4752629542490467e-05,0.9278317093849182,0.2165234088897705,0.0007198128150776029,0.027177657932043076
201905A,2019-11-03 17:45:00,gridsat,EYE,0,0.9697067141532898,0.503653883934021,0.009463527239859104,0.17763283848762512,0.008969313465058804,0.0014641486341133714,0.004023646470159292,0.16302810609340668,0.007836719043552876,0.15422101318836212
201905A,2019-11-03 23:45:00,gridsat,EYE,0,0.9613023400306702,0.814171314239502,0.007910768501460552,0.035345833748579025,0.01084272563457489,0.00013054614828433841,0.0038766260258853436,0.09511525928974152,0.016067493706941605,0.055237047374248505
201905A,2019-11-04 06:15:00,gridsat,EYE,0,0.9773474335670471,0.598308801651001,0.004090914502739906,0.1454978883266449,0.009347609244287014,0.0012227253755554557,0.0026855890173465014,0.2340259701013565,0.0065284306183457375,0.020944645628333092
201905A,2019-11-04 11:45:00,gridsat,EYE,0,0.9822754859924316,0.7507355809211731,0.004087644163519144,0.031687963753938675,0.006365147884935141,0.00010015492443926632,0.0020368085242807865,0.17337381839752197,0.005234911572188139,0.04410252720117569
201905A,2019-11-04 17:45:00,gridsat,EYE,0,0.9802768230438232,0.31380265951156616,0.0035269102081656456,0.011812903918325901,0.008151590824127197,2.3177912225946784e-05,0.0020134171936661005,0.6183866858482361,0.006031234748661518,0.05597463995218277
201905A,2019-11-05 05:45:00,gridsat,EYE,0,0.6543551683425903,0.8865046501159668,0.05055367574095726,0.004105335101485252,0.012224921956658363,5.039748884883011e-06,0.17639316618442535,0.10624928772449493,0.1064731553196907,0.0031356194522231817
201905A,2019-11-05 11:15:00,gridsat,EMBC,0,0.7788490653038025,0.34911179542541504,0.0012048442149534822,0.019809706136584282,0.01133797038346529,4.610176256392151e-05,0.20413589477539062,0.6140999794006348,0.004472180735319853,0.016932416707277298
201905A,2019-11-05 17:45:00,gridsat,CRVBND,0,0.04566282778978348,0.011020801961421967,0.01614045724272728,0.3054504692554474,0.025903671979904175,0.025359196588397026,0.664231538772583,0.023327112197875977,0.24806150794029236,0.6348423957824707
201905A,2019-11-05 23:45:00,gridsat,CRVBND,0,0.04086989909410477,0.00321228732354939,0.3243866562843323,0.6035977005958557,0.02479976788163185,0.3679988980293274,0.244371697306633,0.005547984968870878,0.3655720055103302,0.019643131643533707
201905A,2019-11-06 05:15:00,gridsat,CRVBND,0,0.03993312269449234,0.052794840186834335,0.44877490401268005,0.09142358601093292,0.047893915325403214,0.0034144199453294277,0.1314655989408493,0.05258306488394737,0.3319324851036072,0.7997840642929077
201905A,2019-11-06 18:00:00,gridsat,SHEAR,0,0.006570222321897745,5.15260126121575e-07,0.003021858399733901,0.05487056449055672,0.974175214767456,0.9447686076164246,0.008709577843546867,1.4740672668267507e-05,0.007523141335695982,0.0003454895340837538
201905A,2019-11-06 23:45:00,gridsat,SHEAR,0,0.006421685218811035,1.3120736441774028e-10,0.0008791527361609042,0.002866569207981229,0.9787948131561279,0.9971333742141724,0.00545757869258523,2.554501610241289e-10,0.008446779102087021,3.256106140270276e-08
201905A,2019-11-07 05:15:00,gridsat,SHEAR,0,0.007328770123422146,4.712167545051216e-09,0.0014330955455079675,0.0019010195974260569,0.9645378589630127,0.9980990290641785,0.009326114319264889,7.635174159581481e-10,0.017374128103256226,7.760638354170624e-09
201906A,2019-12-03 09:15:00,gridsat,CRVBND,3,0.03083638846874237,0.0006655645556747913,0.8674533367156982,0.7025042176246643,0.021438822150230408,0.05344973877072334,0.04298887774348259,0.02545928582549095,0.03728252649307251,0.21792104840278625
201906A,2019-12-03 15:15:00,gridsat,SHEAR,3,0.021561238914728165,1.5068070752022322e-05,0.018453536555171013,0.4584314525127411,0.9160209894180298,0.535323441028595,0.013425932265818119,0.0019727544859051704,0.030538341030478477,0.004257317632436752
201907A,2019-12-03 15:15:00,gridsat,CRVBND,1,0.03138924390077591,0.21254780888557434,0.8579642176628113,0.1966124027967453,0.03347494825720787,0.00014149407797958702,0.02297709695994854,0.4290892481803894,0.054194461554288864,0.16160906851291656
201906A,2019-12-03 20:15:00,gridsat,CRVBND,3,0.07690789550542831,0.0024848717730492353,0.28126972913742065,0.044595394283533096,0.049702756106853485,0.00014596541586797684,0.25800803303718567,0.030346274375915527,0.33411166071891785,0.9224274754524231
201907A,2019-12-03 20:45:00,gridsat,IRRCDO,1,0.5449538230895996,0.0020636161789298058,0.31072935461997986,0.2528138756752014,0.04185622185468674,0.002412241417914629,0.025189541280269623,0.006751840002834797,0.07727102935314178,0.735958456993103
201906A,2019-12-04 02:45:00,gridsat,EMBC,3,0.03854162618517876,0.040291424840688705,0.6039485931396484,0.01857060007750988,0.029086176306009293,5.090680133434944e-06,0.2530945837497711,0.84077388048172,0.07532906532287598,0.10035891085863113
201907A,2019-12-04 03:15:00,gridsat,CRVBND,1,0.04853501915931702,0.00010238315735477954,0.5697861313819885,0.7168789505958557,0.3062642514705658,0.1553991436958313,0.029637660831212997,0.0005570679786615074,0.04577694460749626,0.12706241011619568
201906A,2019-12-04 09:15:00,gridsat,CRVBND,3,0.0530490018427372,0.09896213561296463,0.30186569690704346,0.04765823110938072,0.0288851298391819,6.32992887403816e-05,0.5656722784042358,0.8425514101982117,0.050527844578027725,0.010764886625111103
201907A,2019-12-04 08:45:00,gridsat,SHEAR,1,0.015333103947341442,3.349036958866236e-08,0.009385424666106701,0.028998708352446556,0.9512898325920105,0.9709776639938354,0.008533632382750511,6.216092742761248e-07,0.015457959845662117,2.2988122509559616e-05
201906A,2019-12-04 14:45:00,gridsat,CRVBND,3,0.0434391163289547,0.0010738103883340955,0.763057291507721,0.691160261631012,0.10413237661123276,0.2871222198009491,0.041676267981529236,0.007010361645370722,0.04769492521882057,0.013633240014314651
201907A,2019-12-04 15:15:00,gridsat,SHEAR,1,0.011638222262263298,1.8583632410695827e-08,0.0033140205778181553,0.002918469486758113,0.9627060890197754,0.9970809817314148,0.007627307437360287,4.7785576384740125e-08,0.014714309014379978,4.264805397724558e-07
201906A,2019-12-04 20:45:00,gridsat,CRVBND,3,0.01993425376713276,0.0003304201236460358,0.9132818579673767,0.29024380445480347,0.019605640321969986,0.006243206560611725,0.018424903973937035,0.02501080557703972,0.028753360733389854,0.6781718134880066
201907A,2019-12-04 20:45:00,gridsat,SHEAR,1,0.011187039315700531,1.1104784869431228e-09,0.005908401682972908,0.0018439911073073745,0.9612244963645935,0.9981536269187927,0.008299527689814568,8.5822016160364e-08,0.013380510732531548,2.3006393803370884e-06
201906A,2019-12-05 02:45:00,gridsat,CRVBND,3,0.025908051058650017,0.009705393575131893,0.8420286774635315,0.41429615020751953,0.018624067306518555,0.0031889427918940783,0.08267998695373535,0.05594571679830551,0.030759194865822792,0.5168638229370117
201906A,2019-12-05 15:00:00,gridsat,CRVBND,3,0.03507007285952568,0.02498636394739151,0.8958313465118408,0.8155107498168945,0.026097523048520088,0.06196038797497749,0.011415827088057995,0.058935411274433136,0.031585242599248886,0.038607027381658554
201906A,2019-12-05 20:45:00,gridsat,IRRCDO,3,0.03624459356069565,0.005760456435382366,0.8519750833511353,0.024928046390414238,0.022301362827420235,7.787692447891459e-05,0.036400385200977325,0.023011619225144386,0.0530785471200943,0.9462220072746277
201906A,2019-12-06 09:45:00,gridsat,CRVBND,3,0.03840257599949837,0.14610329270362854,0.6868529319763184,0.09275440126657486,0.03053041361272335,0.0004659107362385839,0.2083163559436798,0.7406413555145264,0.03589766472578049,0.02003495953977108
201906A,2019-12-06 14:45:00,gridsat,CRVBND,3,0.026339435949921608,0.0022029762621968985,0.9251599907875061,0.7041051983833313,0.013638402335345745,0.153951033949852,0.01503020990639925,0.0071327341720461845,0.019831949844956398,0.13260811567306519
201906A,2019-12-06 20:45:00,gridsat,CRVBND,3,0.041331566870212555,0.00010129679139936343,0.8815359473228455,0.577516496181488,0.042958348989486694,0.3663634955883026,0.013417252339422703,0.00084247364429757,0.02075694315135479,0.05517623946070671
202001B,2020-05-17 09:15:00,gridsat,EMBC,4,0.03893475979566574,0.1758180856704712,0.05576595664024353,0.1222231462597847,0.0049120597541332245,7.877034659031779e-05,0.8459093570709229,0.5762721300125122,0.05447790026664734,0.12560787796974182
202001B,2020-05-17 15:15:00,gridsat,EMBC,4,0.7993320822715759,0.09235035628080368,0.013106036931276321,0.05228758975863457,0.011208991520106792,1.4987659596954472e-05,0.16393619775772095,0.6131985783576965,0.012416678480803967,0.2421485334634781
202001B,2020-05-17 20:45:00,gridsat,EYE,4,0.9739102125167847,0.09946200996637344,0.003403889946639538,0.002945548389106989,0.006165056489408016,1.0018511886755732e-07,0.00972666870802641,0.890291690826416,0.006794091779738665,0.007300645112991333
202001B,2020-05-18 02:45:00,gridsat,EYE,4,0.9746560454368591,0.24942821264266968,0.0037775677628815174,0.003275786992162466,0.005773965269327164,2.2187985848631797e-07,0.010037093423306942,0.744403064250946,0.005755366757512093,0.002892744494602084
202001B,2020-05-18 08:45:00,gridsat,EYE,4,0.9803495407104492,0.37495526671409607,0.003269472625106573,0.0030225934460759163,0.0056127868592739105,9.720075411223661e-08,0.005180882755666971,0.6191690564155579,0.005587288178503513,0.0028529539704322815
202001B,2020-05-18 15:15:00,gridsat,EYE,4,0.9433606266975403,0.436547189950943,0.008357033133506775,0.006830911617726088,0.0088872779160738,4.737079279948375e-07,0.03323466330766678,0.5533572435379028,0.006160395219922066,0.003264209721237421
202001B,2020-05-18 22:15:00,gridsat,EMBC,4,0.030506817623972893,0.38738104701042175,0.0034812644589692354,0.0036070176865905523,0.005260153207927942,2.9085984465382353e-07,0.9565784931182861,0.6049075722694397,0.00417317496612668,0.004104106221348047
202001B,2020-05-19 07:45:00,gridsat,EMBC,4,0.009458501823246479,0.7119036912918091,0.005882143974304199,0.00306888110935688,0.002751573221758008,3.7497048310797254e-07,0.9746708273887634,0.2833113372325897,0.007236978970468044,0.0017156917601823807
202001B,2020-05-19 15:15:00,gridsat,EMBC,4,0.008995491079986095,0.6958319544792175,0.0049275122582912445,0.0008942484273575246,0.0024121692404150963,7.028992854429816e-08,0.9733223915100098,0.3023323118686676,0.010342426598072052,0.0009413505322299898
202001B,2020-05-20 01:45:00,gridsat,EMBC,4,0.008057859726250172,0.7756600379943848,0.0036710547283291817,0.0014137225225567818,0.0026342447381466627,2.9304729309842514e-07,0.9808922410011292,0.22222937643527985,0.004744617268443108,0.0006966082146391273
202002A,2020-06-02 23:45:00,gridsat,EYE,4,0.13751162588596344,0.058000653982162476,0.04111728444695473,0.15486420691013336,0.018258240073919296,0.0005332049913704395,0.7814115285873413,0.38970714807510376,0.021701384335756302,0.3968948423862457
202002A,2020-06-03 06:15:00,gridsat,EYE,4,0.15309086441993713,0.1277915984392166,0.06329017877578735,0.22170628607273102,0.021054474636912346,0.0006378572434186935,0.7434206008911133,0.4773172438144684,0.01914379931986332,0.17254705727100372
202003A,2020-11-22 06:15:00,gridsat,EYE,4,0.929963231086731,0.47378239035606384,0.020493634045124054,0.10248992592096329,0.009467968717217445,0.0001791187096387148,0.02427251636981964,0.3791966140270233,0.01580256037414074,0.04435195401310921
202003A,2020-11-22 11:45:00,gridsat,EYE,4,0.7550061345100403,0.16108085215091705,0.057193052023649216,0.6569319367408752,0.021403979510068893,0.018586978316307068,0.13527809083461761,0.07663625478744507,0.03111875243484974,0.08676397055387497
202003A,2020-11-23 11:45:00,gridsat,SHEAR,4,0.005252788309007883,6.539931405313837e-07,0.0009313076734542847,0.0778946802020073,0.9857337474822998,0.9220523238182068,0.004321177955716848,8.295534826174844e-06,0.0037608982529491186,4.404101491672918e-05
202003A,2020-11-23 17:45:00,gridsat,SHEAR,4,0.00494390120729804,6.2299463934323285e-06,0.0010020838817581534,0.11631926894187927,0.9857012033462524,0.8835936188697815,0.004668220411986113,8.278832865471486e-06,0.0036846380680799484,7.253348303493112e-05
202004B,2020-11-23 18:15:00,gridsat,CRVBND,2,0.03012087382376194,6.61681333440356e-05,0.6702165007591248,0.7543455958366394,0.21793298423290253,0.21464844048023224,0.004155690316110849,0.0030349474400281906,0.07757394015789032,0.027904799208045006
202003A,2020-11-23 23:45:00,gridsat,CRVBND,4,0.005728036165237427,0.004779251758009195,0.005069140810519457,0.6297528147697449,0.9780054688453674,0.28461140394210815,0.004414604045450687,0.000989654567092657,0.0067827655002474785,0.07986679673194885
202004B,2020-11-23 23:45:00,gridsat,CRVBND,2,0.013037553057074547,0.07990285009145737,0.9461780190467834,0.3853672444820404,0.0038263823371380568,0.0009342256817035377,0.011603593826293945,0.24143370985984802,0.025354433804750443,0.2923619747161865
202003A,2020-11-24 05:15:00,gridsat,CRVBND,4,0.006798713933676481,0.005693349055945873,0.011809240095317364,0.7264587879180908,0.9648860096931458,0.23864690959453583,0.0061376322992146015,0.0010907085379585624,0.010368451476097107,0.02811015583574772
202004B,2020-11-25 06:45:00,gridsat,EMBC,2,0.086485356092453,0.32341620326042175,0.10382339358329773,0.048844244331121445,0.02385333552956581,8.133093797368929e-05,0.7613216638565063,0.6208701133728027,0.024516301229596138,0.0067881206050515175
202004B,2020-11-25 13:15:00,gridsat,EMBC,2,0.03885753080248833,0.618380069732666,0.3369702994823456,0.014339124783873558,0.011954138986766338,8.056880687945522e-06,0.5008176565170288,0.3618878722190857,0.11140038818120956,0.005384818185120821
202004B,2020-11-25 18:45:00,gridsat,IRRCDO,2,0.028537563979625702,0.05700252577662468,0.03763169050216675,0.34356454014778137,0.019607029855251312,0.00448983209207654,0.8272659182548523,0.3416718542575836,0.08695787191390991,0.25327128171920776
202005B,2020-12-01 19:30:00,gridsat,EMBC,1,0.03030952252447605,0.35213276743888855,0.9124829173088074,0.01870613731443882,0.01808054745197296,6.88928821546142e-07,0.019766608253121376,0.5961859226226807,0.01936034858226776,0.0329744927585125
202005B,2020-12-02 01:15:00,gridsat,EMBC,1,0.01668735407292843,0.6216762065887451,0.01793658174574375,0.007883487269282341,0.022460997104644775,3.5726284863812907e-07,0.9239691495895386,0.3638837933540344,0.018945880234241486,0.006556163541972637
202005B,2020-12-02 11:15:00,gridsat,CRVBND,1,0.017624687403440475,0.007281419821083546,0.9300270676612854,0.6890538334846497,0.013533703982830048,0.004256089683622122,0.009832283481955528,0.12470653653144836,0.02898225747048855,0.17470218241214752
202005B,2020-12-02 17:45:00,gridsat,CRVBND,1,0.02872760407626629,0.00020780556951649487,0.9011989831924438,0.6909300684928894,0.022113937884569168,0.01802537962794304,0.014944263733923435,0.0057381149381399155,0.03301527351140976,0.2850985527038574
202005B,2020-12-02 22:45:00,gridsat,EMBC,1,0.011733239516615868,0.09468737989664078,0.008228891529142857,0.06814133375883102,0.015698838979005814,8.022157089726534e-06,0.9390760064125061,0.7675883173942566,0.0252631064504385,0.0695749819278717
202005B,2020-12-03 06:45:00,gridsat,CRVBND,1,0.0380399189889431,0.07480727881193161,0.7767870426177979,0.6390863656997681,0.01751251332461834,0.002214019652456045,0.13346125185489655,0.1440717726945877,0.03419924154877663,0.13982056081295013
202005B,2020-12-03 12:00:00,gridsat,CRVBND,1,0.03097454272210598,0.0003296353970654309,0.8494136333465576,0.6132966876029968,0.06030566990375519,0.37218809127807617,0.01706618443131447,0.002657587407156825,0.042239874601364136,0.011527987197041512
202005B,2020-12-03 23:45:00,gridsat,CRVBND,1,0.03606612980365753,0.00013780964945908636,0.8917418718338013,0.7771787047386169,0.031925786286592484,0.07198483496904373,0.01705748215317726,0.0021452174987643957,0.023208685219287872,0.1485535055398941
202005B,2020-12-04 06:15:00,gridsat,CRVBND,1,0.04912915453314781,0.0001477097684983164,0.16449624300003052,0.7806046009063721,0.7129158973693848,0.1992579996585846,0.03392213210463524,0.002118743723258376,0.03953658416867256,0.017870992422103882
202005B,2020-12-04 11:45:00,gridsat,CRVBND,1,0.049842797219753265,0.00484401173889637,0.6054521799087524,0.8223094940185547,0.27108442783355713,0.036183301359415054,0.016577061265707016,0.03573571518063545,0.05704357102513313,0.10092741250991821
202005B,2020-12-05 05:15:00,gridsat,CRVBND,1,0.03418245539069176,0.07867597043514252,0.8958561420440674,0.7891166806221008,0.018875082954764366,0.014554223977029324,0.010628372430801392,0.09132632613182068,0.040457937866449356,0.02632683888077736
202101A,2021-05-14 09:45:00,gridsat,CRVBND,1,0.03395760431885719,0.0005884900456294417,0.8771411776542664,0.7836984395980835,0.026279499754309654,0.0208921879529953,0.025027556344866753,0.011390375904738903,0.037594154477119446,0.1834305077791214
202101A,2021-05-14 15:15:00,gridsat,CRVBND,1,0.02622988447546959,0.0010905361268669367,0.8999441266059875,0.2733044922351837,0.02861792966723442,0.00025187007850036025,0.013979041948914528,0.03308597207069397,0.03122897259891033,0.692267119884491
202101A,2021-05-14 20:15:00,gridsat,CRVBND,1,0.03804576024413109,0.029498720541596413,0.0212648194283247,0.11435750126838684,0.016213033348321915,1.225814594363328e-05,0.12701426446437836,0.29064229130744934,0.7974621653556824,0.5654892921447754
202101A,2021-05-15 03:15:00,gridsat,EMBC,1,0.015722759068012238,0.25670403242111206,0.010398240759968758,0.00545121356844902,0.0184291061013937,8.034682252855418e-08,0.933300256729126,0.732880175113678,0.022149596363306046,0.004964524880051613
202101A,2021-05-15 21:15:00,gridsat,EMBC,1,0.016028055921196938,0.25560635328292847,0.0016895991284400225,0.001820275792852044,0.012501045130193233,8.253464578444891e-09,0.9501427412033081,0.7396243214607239,0.019638551399111748,0.002949127461761236
202101A,2021-05-16 09:15:00,gridsat,EYE,1,0.970488429069519,0.41754788160324097,0.002856350503861904,0.008450600318610668,0.007443437352776527,2.0714062998195004e-07,0.005664588883519173,0.5657909512519836,0.013547237031161785,0.008210370317101479
202101A,2021-05-16 15:15:00,gridsat,EYE,1,0.9708607792854309,0.5347278118133545,0.004586227238178253,0.006552339997142553,0.009258272126317024,1.0347946499678073e-07,0.0047526066191494465,0.44907256960868835,0.010542131029069424,0.009647095575928688
202101A,2021-05-16 21:15:00,gridsat,EYE,1,0.9728948473930359,0.6536983847618103,0.004035058431327343,0.004895699210464954,0.007906324230134487,9.271907686070335e-08,0.004169536288827658,0.3383403718471527,0.01099419966340065,0.0030655001755803823
202101A,2021-05-17 02:45:00,gridsat,EYE,1,0.9775896668434143,0.7881547212600708,0.0018525957129895687,0.002239261521026492,0.006256683263927698,5.2791634175264335e-08,0.0023663481697440147,0.20858362317085266,0.011934703215956688,0.0010223216377198696
202101A,2021-05-17 09:15:00,gridsat,EYE,1,0.9795569181442261,0.6088563203811646,0.0018606067169457674,0.021023578941822052,0.004913927521556616,1.8672693613552838e-06,0.003220365149900317,0.3631010949611664,0.010448162443935871,0.007017198484390974
202101A,2021-05-17 15:15:00,gridsat,EYE,1,0.9752203226089478,0.6379607915878296,0.003098192857578397,0.026332320645451546,0.00808000098913908,1.884498487925157e-06,0.0036785670090466738,0.32128238677978516,0.00992298498749733,0.014422586187720299
202102B,2021-05-24 03:15:00,gridsat,CRVBND,3,0.021421192213892937,1.2720933000309742e-06,0.9262778162956238,0.6379321217536926,0.020654721185564995,0.3378753662109375,0.0053969514556229115,0.0004350059316493571,0.026249384507536888,0.023756276816129684
202102B,2021-05-24 08:45:00,gridsat,CRVBND,3,0.023793138563632965,9.084626981348265e-06,0.9270756840705872,0.8146287202835083,0.025412023067474365,0.11034288257360458,0.005748366937041283,0.0007487810798920691,0.017970800399780273,0.07427038997411728
202102B,2021-05-24 15:15:00,gridsat,CRVBND,3,0.024785151705145836,6.70789995638188e-06,0.48567137122154236,0.7278326749801636,0.0280788354575634,0.06578885763883591,0.0037777796387672424,0.0016717822290956974,0.4576868712902069,0.2047000378370285
202102B,2021-05-25 15:15:00,gridsat,EMBC,3,0.2346593141555786,0.017948638647794724,0.2598012685775757,0.4343404471874237,0.026425950229167938,0.0016136141493916512,0.1986321359872818,0.23502278327941895,0.28048133850097656,0.31107455492019653
202103B,2021-09-24 12:10:00,gridsat,CRVBND,2,0.00967036746442318,0.009351128712296486,0.39221611618995667,0.662756085395813,0.04583722725510597,0.028793329373002052,0.010248875245451927,0.05106574296951294,0.542027473449707,0.24803364276885986
202103B,2021-09-24 18:15:00,gridsat,CRVBND,2,0.012406513094902039,0.15478689968585968,0.0923938900232315,0.19807089865207672,0.03726891055703163,0.0011637461138889194,0.03022211231291294,0.23407848179340363,0.8277084827423096,0.41190001368522644
202103B,2021-09-25 18:15:00,gridsat,IRRCDO,2,0.0007591336616314948,0.056032124906778336,0.0008489239262416959,0.02929086983203888,0.00017484577256254852,2.079598380078096e-05,0.00027756518102250993,0.04872509092092514,0.9979395270347595,0.8659310936927795
202103B,2021-09-26 00:15:00,gridsat,IRRCDO,2,0.035150196403265,0.0003769581380765885,0.16393157839775085,0.4420163631439209,0.018316486850380898,0.01079393271356821,0.08323308080434799,0.005221011117100716,0.6993686556816101,0.5415917038917542
202103B,2021-09-26 06:15:00,gridsat,EMBC,2,0.008425113745033741,0.01306406781077385,0.004396424628794193,0.08978644758462906,0.006582377944141626,2.4502895030309446e-05,0.10182716697454453,0.08536646515130997,0.8787689208984375,0.8117585182189941
202103A,2021-10-01 00:45:00,gridsat,EMBC,4,0.03072122111916542,0.10443153977394104,0.13584917783737183,0.15125654637813568,0.014588678255677223,0.0003093373670708388,0.7657078504562378,0.6074713468551636,0.05313314497470856,0.13653124868869781
202103A,2021-10-01 06:15:00,gridsat,EMBC,4,0.023528166115283966,0.37833693623542786,0.011662687174975872,0.011332521215081215,0.006322813685983419,7.765217560518067e-06,0.9536640048027039,0.5953496694564819,0.004822319373488426,0.014973059296607971
202103A,2021-10-01 12:45:00,gridsat,EMBC,4,0.032371636480093,0.7083866596221924,0.03860937058925629,0.029596325010061264,0.017222711816430092,0.00011647053179331124,0.8960873484611511,0.25342124700546265,0.015708841383457184,0.0084793446585536
202103A,2021-10-01 18:15:00,gridsat,EYE,4,0.9253197908401489,0.2627280652523041,0.013844103552401066,0.1845410168170929,0.01481639500707388,0.0017236456042155623,0.020000118762254715,0.2323402613401413,0.026019636541604996,0.3186670243740082
202103A,2021-10-02 00:15:00,gridsat,CRVBND,4,0.05594806373119354,0.028924012556672096,0.35816237330436707,0.42752760648727417,0.03197059780359268,0.022925203666090965,0.4121445417404175,0.038614384829998016,0.14177441596984863,0.4820087254047394
202103A,2021-10-02 06:15:00,gridsat,EYE,4,0.5538697838783264,0.023047305643558502,0.15395388007164001,0.2919052541255951,0.04806562885642052,0.006114918272942305,0.1884557604789734,0.07785026729106903,0.05565492436289787,0.6010822057723999
202103A,2021-10-02 18:15:00,gridsat,EMBC,4,0.023603811860084534,0.10308550298213959,0.6641013622283936,0.6889355182647705,0.19347868859767914,0.03666592016816139,0.07240400463342667,0.058921679854393005,0.04641221836209297,0.1123913899064064
202103A,2021-10-03 00:15:00,gridsat,CRVBND,4,0.015878787264227867,0.06344975531101227,0.7947704195976257,0.6912318468093872,0.07821089774370193,0.05647215247154236,0.07244240492582321,0.04530514404177666,0.038697436451911926,0.14354106783866882
202103A,2021-10-03 06:15:00,gridsat,EYE,4,0.046846989542245865,0.05005117133259773,0.5760520100593567,0.8164364695549011,0.06945283710956573,0.02539796009659767,0.2261315882205963,0.025886638090014458,0.08151658624410629,0.08222779631614685
202104B,2021-11-11 11:45:00,gridsat,CRVBND,3,0.04426322877407074,6.224629032658413e-05,0.8895042538642883,0.8308022618293762,0.027490967884659767,0.1445099413394928,0.01664690487086773,0.004301170818507671,0.02209467440843582,0.0203242264688015
202105B,2021-12-03 08:45:00,gridsat,CRVBND,4,0.033418282866477966,0.001783926971256733,0.48462629318237305,0.6876379251480103,0.04602106660604477,0.01236373744904995,0.21906347572803497,0.08717091381549835,0.21687091886997223,0.2110435664653778
202105B,2021-12-03 21:15:00,gridsat,CRVBND,4,0.016284974291920662,4.285247086954769e-06,0.07228115946054459,0.31739622354507446,0.8863698840141296,0.6773543953895569,0.011702341958880424,0.00026935985079035163,0.01336169708520174,0.004975718446075916
202105B,2021-12-04 03:15:00,gridsat,CRVBND,4,0.01403521467000246,0.0003657451889012009,0.31147828698158264,0.15282131731510162,0.04161781445145607,0.00474409107118845,0.006555423140525818,0.0075580705888569355,0.6263132691383362,0.8345108032226562
202105B,2021-12-04 08:15:00,gridsat,IRRCDO,4,0.005634536035358906,0.011853148229420185,0.07535461336374283,0.16308246552944183,0.007451222278177738,0.0008880590903572738,0.011828568764030933,0.07984867691993713,0.8997310996055603,0.7443276047706604
202105B,2021-12-04 15:15:00,gridsat,CRVBND,4,0.02244872786104679,0.00012080492888344452,0.6374901533126831,0.6829724907875061,0.23556602001190186,0.05130184069275856,0.021954713389277458,0.004216596484184265,0.08254034072160721,0.2613883316516876
202105B,2021-12-04 21:15:00,gridsat,CRVBND,4,0.030100397765636444,4.707325388153549e-06,0.47139331698417664,0.5900969505310059,0.3093111217021942,0.34611690044403076,0.027969803661108017,0.0004686139873228967,0.16122537851333618,0.06331279128789902
202105B,2021-12-05 09:15:00,gridsat,CRVBND,4,0.026307152584195137,0.08517012745141983,0.6402046084403992,0.11952130496501923,0.07200085371732712,0.00019103108206763864,0.18063540756702423,0.43559905886650085,0.0808519497513771,0.359518438577652
202105B,2021-12-05 14:45:00,gridsat,IRRCDO,4,0.01617111824452877,5.772714575869031e-05,0.8036083579063416,0.640399158000946,0.10696647316217422,0.06389731913805008,0.013560239225625992,0.0011701304465532303,0.05969379097223282,0.29447561502456665
202201B,2022-03-04 20:45:00,gridsat,CRVBND,2,0.009822527877986431,0.11307090520858765,0.9560900330543518,0.6743568181991577,0.003356943605467677,0.041023071855306625,0.01984012871980667,0.09864845126867294,0.010890277102589607,0.07290076464414597
202201B,2022-03-05 03:15:00,gridsat,CRVBND,2,0.006176493596285582,0.026405056938529015,0.971535325050354,0.6891676783561707,0.0034173214808106422,0.026244785636663437,0.0059354668483138084,0.026209717616438866,0.012935378588736057,0.23197269439697266
202201B,2022-03-05 09:15:00,gridsat,CRVBND,2,0.0195896178483963,0.0010061666835099459,0.7878227829933167,0.7337188124656677,0.08030076324939728,0.23540888726711273,0.020333709195256233,0.004920815583318472,0.09195312112569809,0.02494526095688343
202201B,2022-03-05 15:15:00,gridsat,CRVBND,2,0.01888509839773178,0.00023105036234483123,0.06435267627239227,0.40314897894859314,0.8405282497406006,0.5938892364501953,0.006821946706622839,0.0008896056679077446,0.06941204518079758,0.0018410793272778392
202201B,2022-03-05 21:15:00,gridsat,SHEAR,2,0.029417451471090317,8.011097088456154e-05,0.04164551943540573,0.2284640371799469,0.7972902655601501,0.7705754637718201,0.01103197131305933,0.00036698096664622426,0.12061476707458496,0.0005133782397024333
202201B,2022-03-06 03:15:00,gridsat,SHEAR,2,0.017489587888121605,7.100427865225356e-06,0.006643382832407951,0.052107952535152435,0.8774996399879456,0.947807788848877,0.011670724488794804,2.787123594316654e-05,0.08669668436050415,4.930243449052796e-05
202201B,2022-03-06 09:15:00,gridsat,SHEAR,2,0.010290421545505524,3.2811990990921913e-07,0.0009756428771652281,0.00547628803178668,0.9391731023788452,0.9945229291915894,0.007722355425357819,4.856360646954272e-07,0.041838448494672775,5.085227527956704e-08
202202B,2022-05-07 09:10:00,gridsat,IRRCDO,0,0.005061627831310034,0.011609348468482494,0.0027449962217360735,0.14391545951366425,0.0015942512545734644,5.8460256695980206e-05,0.0023628021590411663,0.14599232375621796,0.9882363677024841,0.6984243988990784
202202B,2022-05-08 03:15:00,gridsat,EMBC,0,0.007857481017708778,0.1414383351802826,0.0020038685761392117,0.0018816638039425015,0.0023579997941851616,2.160329515277226e-08,0.9839782118797302,0.8549613356590271,0.003802436636760831,0.0017186199547722936
202202B,2022-05-08 19:45:00,gridsat,IRRCDO,0,0.013959803618490696,0.000780915783252567,0.016019079834222794,0.07674166560173035,0.007768212351948023,5.0486039981478825e-05,0.09074760973453522,0.040854986757040024,0.8715053200721741,0.881571888923645
202202B,2022-05-09 03:45:00,gridsat,IRRCDO,0,0.02214243821799755,0.019993320107460022,0.003545474261045456,0.0411725714802742,0.008595048449933529,8.716616321180481e-06,0.8766067028045654,0.46277058124542236,0.08911038190126419,0.4760547876358032
202202B,2022-05-10 02:15:00,gridsat,EMBC,0,0.04577553644776344,0.1575978547334671,0.11019770056009293,0.023961279541254044,0.031210845336318016,4.946674835082376e-06,0.715392529964447,0.7831951975822449,0.09742335230112076,0.035240672528743744
202202B,2022-05-10 10:15:00,gridsat,EMBC,0,0.01762443222105503,0.124664306640625,0.009432001039385796,0.06662343442440033,0.005187632516026497,9.357508679386228e-05,0.19665777683258057,0.3101508319377899,0.771098256111145,0.4984678626060486
202202B,2022-05-10 20:45:00,gridsat,CRVBND,0,0.09132138639688492,0.0014102283166721463,0.7457926869392395,0.7767581939697266,0.041093163192272186,0.04890625178813934,0.013826628215610981,0.062109824270009995,0.10796614736318588,0.11081539839506149
202202B,2022-05-11 02:45:00,gridsat,EMBC,0,0.15053938329219818,0.25898876786231995,0.045563895255327225,0.01781301386654377,0.019445063546299934,1.4503591955872253e-05,0.7033417820930481,0.6815032362937927,0.08110985159873962,0.04168050363659859
202202B,2022-05-11 07:45:00,gridsat,IRRCDO,0,0.03087620809674263,0.009699411690235138,0.14379408955574036,0.38317352533340454,0.011061176657676697,0.00508413789793849,0.18297190964221954,0.08954501897096634,0.6312965750694275,0.5124978423118591
202203A,2022-08-12 08:15:00,gridsat,CRVBND,3,0.03928934782743454,0.0023058876395225525,0.8863198757171631,0.8271684646606445,0.036198411136865616,0.09443123638629913,0.018636921420693398,0.013475347310304642,0.01955544389784336,0.06261908262968063
202203A,2022-08-12 15:15:00,gridsat,SHEAR,3,0.02872701920568943,4.799572934643948e-07,0.1080998033285141,0.05843081325292587,0.8322243094444275,0.9415526390075684,0.013735360465943813,7.475110123777995e-06,0.017213568091392517,8.520471055817325e-06
202203A,2022-08-12 21:15:00,gridsat,SHEAR,3,0.01965724118053913,5.357879899747786e-07,0.004519032780081034,0.03112679161131382,0.939881443977356,0.9688693284988403,0.012953446246683598,1.736287458697916e-06,0.022988833487033844,1.5612667993991636e-06
202203A,2022-08-13 09:15:00,gridsat,SHEAR,3,0.011430061422288418,3.6716173212880676e-07,0.0015941193560138345,0.003501889295876026,0.9638185501098633,0.9964972138404846,0.009012002497911453,4.85125667637476e-07,0.01414528302848339,1.7118107109581615e-07
202203A,2022-08-13 15:15:00,gridsat,SHEAR,3,0.012574419379234314,1.3919334662659821e-07,0.0018018061527982354,0.001620195573195815,0.9631814360618591,0.9983793497085571,0.008983109146356583,2.0507154374627135e-07,0.013459200970828533,7.866862006267183e-08
202203A,2022-08-13 21:15:00,gridsat,SHEAR,3,0.00997581984847784,3.399534762138501e-05,0.0023112501949071884,0.03348424285650253,0.9596613645553589,0.9663993120193481,0.011319965124130249,4.365775384940207e-05,0.016731688752770424,3.87869295082055e-05
202204B,2022-08-19 00:15:00,gridsat,CRVBND,1,0.04536620154976845,2.687234200493549e-06,0.9033740162849426,0.6361643075942993,0.018725574016571045,0.30389344692230225,0.011030266061425209,0.00018881108553614467,0.02150394581258297,0.05975073575973511
202204B,2022-08-19 06:45:00,gridsat,CRVBND,1,0.024667665362358093,0.06293728202581406,0.9020611047744751,0.37619078159332275,0.02421003393828869,0.00031726303859613836,0.022570395842194557,0.4179033935070038,0.026490744203329086,0.14265131950378418
202204B,2022-08-19 11:15:00,gridsat,CRVBND,1,0.026630427688360214,0.027494996786117554,0.05542726814746857,0.4271848201751709,0.01936541683971882,0.0009370811167173088,0.0106709785759449,0.09595515578985214,0.8879059553146362,0.4484279453754425
202205B,2022-10-23 15:15:00,gridsat,CRVBND,2,0.013999653980135918,0.0006286556017585099,0.7559280395507812,0.8901085257530212,0.054989270865917206,0.03568827360868454,0.09352198988199234,0.01721358671784401,0.08156104385852814,0.05636096000671387
202205B,2022-10-23 20:15:00,gridsat,CRVBND,2,0.02267085202038288,0.0032667159102857113,0.8316677808761597,0.7088032364845276,0.0037388980854302645,0.005785982124507427,0.07974298298358917,0.023752247914671898,0.06217949092388153,0.2583918869495392
202205B,2022-10-24 01:45:00,gridsat,CRVBND,2,0.008519529365003109,0.017350688576698303,0.016735384240746498,0.5187624096870422,0.008327430114150047,0.0010356656275689602,0.49163293838500977,0.15625987946987152,0.4747847020626068,0.30659130215644836
202205B,2022-10-24 09:15:00,gridsat,CRVBND,2,0.031924810260534286,0.10454485565423965,0.13162179291248322,0.27611392736434937,0.06344721466302872,0.0005870086024515331,0.6250461339950562,0.5472548007965088,0.14796003699302673,0.07149936258792877
202205B,2022-10-24 15:15:00,gridsat,CRVBND,2,0.012141304090619087,0.0048395744524896145,0.15872794389724731,0.7750475406646729,0.0866677537560463,0.01040793675929308,0.31341445446014404,0.0673191174864769,0.4290485382080078,0.1423858255147934
202206B,2022-12-08 12:15:00,gridsat,IRRCDO,3,0.049374546855688095,0.010268420912325382,0.5639291405677795,0.294216513633728,0.022400198504328728,0.0010047408286482096,0.14702333509922028,0.045127034187316895,0.2172727882862091,0.6493832468986511
202206B,2022-12-08 18:15:00,gridsat,EMBC,3,0.08792497217655182,0.05125413462519646,0.7328675985336304,0.7111372947692871,0.02424587681889534,0.0038595523219555616,0.11107055097818375,0.15801984071731567,0.043890900909900665,0.07572930306196213
202206B,2022-12-09 00:15:00,gridsat,CRVBND,3,0.0864960178732872,0.019644252955913544,0.18678662180900574,0.46352988481521606,0.014238239265978336,0.0026481314562261105,0.6074399948120117,0.1554195135831833,0.10503910481929779,0.35875824093818665
202206B,2022-12-09 06:15:00,gridsat,CRVBND,3,0.04733668640255928,0.005917669273912907,0.8613038063049316,0.5875874757766724,0.023951958864927292,0.04715397581458092,0.030409447848796844,0.09213699400424957,0.03699804097414017,0.2672039270401001
202206B,2022-12-09 12:15:00,gridsat,CRVBND,3,0.04020238667726517,0.00015305606939364225,0.8805403709411621,0.5640044808387756,0.015501050278544426,0.17393912374973297,0.014652682468295097,0.0015782174887135625,0.049103520810604095,0.2603251338005066
202206B,2022-12-09 17:45:00,gridsat,CRVBND,3,0.010910428129136562,3.419480344746262e-05,0.01804712973535061,0.39025190472602844,0.9442112445831299,0.5875731110572815,0.011604895815253258,0.0008303087088279426,0.015226230956614017,0.021310441195964813
202207A,2022-12-15 15:15:00,gridsat,CRVBND,4,0.007005857303738594,0.0011385694378986955,0.22449660301208496,0.6518142223358154,0.033218950033187866,0.05699450522661209,0.003437350271269679,0.003766197245568037,0.7318412661552429,0.28628644347190857
202207A,2022-12-15 21:15:00,gridsat,SHEAR,4,0.007737081032246351,2.6706254629971227e-06,0.014030936174094677,0.43562379479408264,0.9662709832191467,0.5049882531166077,0.005421451758593321,7.558867218904197e-05,0.006539625581353903,0.059309687465429306
202207A,2022-12-16 03:15:00,gridsat,SHEAR,4,0.009530385956168175,6.354761694638e-08,0.015139116905629635,0.13473758101463318,0.960426390171051,0.8649358749389648,0.006792986765503883,6.5565282056923024e-06,0.008111082017421722,0.00031993177253752947
202207A,2022-12-16 08:45:00,gridsat,SHEAR,4,0.00498602632433176,3.038876883465491e-08,0.0031288748141378164,0.072907954454422,0.9840725064277649,0.9267063736915588,0.0037514586001634598,1.408720208928571e-06,0.004061060957610607,0.00038419000338763
202207A,2022-12-16 15:15:00,gridsat,SHEAR,4,0.004701858852058649,7.018661207780497e-09,0.000900859187822789,0.022558853030204773,0.9868244528770447,0.9774232506752014,0.00385490246117115,2.543528410114959e-07,0.0037178790662437677,1.766826244420372e-05
202207A,2022-12-16 21:15:00,gridsat,SHEAR,4,0.004992431495338678,1.8534231571720738e-07,0.0008108506444841623,0.003317645750939846,0.9859111309051514,0.9966819882392883,0.004102483857423067,1.8556471914621397e-08,0.004183120559900999,6.844487643320463e-08
202207A,2022-12-17 03:15:00,gridsat,SHEAR,4,0.0056518311612308025,3.510997703415342e-05,0.0025581992231309414,0.3077729344367981,0.9844309687614441,0.5532273054122925,0.0038537229411303997,2.914151809818577e-05,0.0035052660387009382,0.13893549144268036
202301B,2023-05-11 08:30:00,gridsat,EMBC,1,0.0463116392493248,0.1570519655942917,0.00957686360925436,0.045034829527139664,0.023517940193414688,3.8240154935920145e-06,0.903737485408783,0.7704070806503296,0.016856016591191292,0.027502266690135002
202301B,2023-05-11 14:30:00,gridsat,EYE,1,0.014178051613271236,0.3526220917701721,0.013955419883131981,0.02602502517402172,0.02503497526049614,1.3402823242358863e-06,0.9246842861175537,0.565332293510437,0.02214724011719227,0.056019265204668045
202301B,2023-05-12 09:00:00,gridsat,EMBC,1,0.26996737718582153,0.31645774841308594,0.00704009598121047,0.01134803518652916,0.016692692413926125,5.037995833845343e-07,0.6840843558311462,0.6599417328834534,0.022215576842427254,0.012251950800418854
202301B,2023-05-12 15:00:00,gridsat,EYE,1,0.9769565463066101,0.489494651556015,0.002251238329336047,0.007435156963765621,0.006268055643886328,1.497201367328671e-07,0.003786585060879588,0.4852256178855896,0.010737639851868153,0.017844386398792267
202301B,2023-05-12 20:30:00,gridsat,EYE,1,0.18631687760353088,0.33399519324302673,0.0032079312950372696,0.0056821187026798725,0.020275812596082687,8.175541665877972e-08,0.7693743109703064,0.6539801359176636,0.020825086161494255,0.006342511158436537
202301B,2023-05-13 03:00:00,gridsat,EMBC,1,0.3328285813331604,0.5229935646057129,0.0029398142360150814,0.0010727758053690195,0.023916427046060562,8.100080606254778e-09,0.6172752976417542,0.4748917520046234,0.023039888590574265,0.0010419205063953996
202301B,2023-05-13 15:30:00,gridsat,EMBC,1,0.9546030759811401,0.33586710691452026,0.006046914029866457,0.002033011754974723,0.009182157926261425,9.477259865775522e-09,0.01176464557647705,0.6595004200935364,0.018403152003884315,0.0025994470342993736
202301B,2023-05-13 21:30:00,gridsat,EYE,1,0.9630817770957947,0.5561612844467163,0.004882224835455418,0.001458883285522461,0.01017291285097599,6.559670140404705e-09,0.006116689648479223,0.4411778450012207,0.01574639603495598,0.0012020308058708906
202302A,2023-06-06 09:00:00,gridsat,CRVBND,0,0.0684700608253479,0.11000729352235794,0.8859243988990784,0.31423813104629517,0.01688714325428009,0.003953541163355112,0.012004991061985493,0.4068309962749481,0.01671348698437214,0.16496990621089935
202302A,2023-06-06 15:30:00,gridsat,EMBC,0,0.591803789138794,0.3304559886455536,0.007777240592986345,0.008978880941867828,0.01006806269288063,4.580021595756989e-06,0.1930481642484665,0.6080852746963501,0.1973027139902115,0.05247528478503227
202302A,2023-06-07 16:00:00,gridsat,IRRCDO,0,0.016158338636159897,0.03660236671566963,0.03713822364807129,0.070827916264534,0.002630823291838169,0.00036622825427912176,0.008884526789188385,0.21735882759094238,0.9351880550384521,0.6748446822166443
202302A,2023-06-08 03:00:00,gridsat,EYE,0,0.019847819581627846,0.018526382744312286,0.627555251121521,0.3224281072616577,0.007707522716373205,0.004720511380583048,0.27079522609710693,0.12085399776697159,0.07409422099590302,0.5334709882736206
202302A,2023-06-08 09:00:00,gridsat,IRRCDO,0,0.021129939705133438,0.0018583355704322457,0.058594197034835815,0.07850492745637894,0.0053744446486234665,0.0022371201775968075,0.014193425886332989,0.0052184308879077435,0.9007079005241394,0.9121811985969543
202302A,2023-06-08 15:00:00,gridsat,IRRCDO,0,0.016938762739300728,6.912681419635192e-05,0.047366511076688766,0.06269676983356476,0.0060281106270849705,0.0027996250428259373,0.005462375935167074,0.0013207100564613938,0.9242042303085327,0.9331137537956238
202302A,2023-06-09 03:00:00,gridsat,EMBC,0,0.042243145406246185,0.0631365105509758,0.012469361536204815,0.014061104506254196,0.021217726171016693,4.3789282244688366e-06,0.7667907476425171,0.4991909861564636,0.15727907419204712,0.4236069917678833
202303B,2023-06-09 09:00:00,gridsat,SHEAR,2,0.007104689255356789,2.5910051135724643e-06,0.030225301161408424,0.35904601216316223,0.9394572377204895,0.22111916542053223,0.006012388039380312,0.00021378851670306176,0.01720038428902626,0.4196184277534485
202302A,2023-06-09 15:00:00,gridsat,IRRCDO,0,0.15385186672210693,0.0005942729767411947,0.14647088944911957,0.032764967530965805,0.012601666152477264,0.0011143787996843457,0.005928239319473505,0.005938097834587097,0.6811473965644836,0.959588348865509
202303B,2023-06-09 15:00:00,gridsat,SHEAR,2,0.009493471123278141,1.6675465303706005e-05,0.026698172092437744,0.32255226373672485,0.8901280164718628,0.360105961561203,0.024270683526992798,0.0005198728176765144,0.049409691244363785,0.31680524349212646
202302A,2023-06-09 20:30:00,gridsat,EMBC,0,0.011270557530224323,0.1295011043548584,0.004652256611734629,0.001747729373164475,0.0038534151390194893,9.022990354878857e-08,0.058246344327926636,0.8534796237945557,0.9219774603843689,0.015271496959030628
202303B,2023-06-09 21:00:00,gridsat,CRVBND,2,0.013701401650905609,0.0005051662446931005,0.1576177030801773,0.3639691174030304,0.08219552040100098,0.010212339460849762,0.10516031086444855,0.005560028366744518,0.6413251161575317,0.619753360748291
202302A,2023-06-10 03:00:00,gridsat,EMBC,0,0.027416307479143143,0.19184735417366028,0.0006811553030274808,0.01938890665769577,0.0021726014092564583,7.871099114709068e-06,0.9687315821647644,0.7180883884429932,0.0009983829222619534,0.07066749036312103
202303B,2023-06-10 03:10:00,gridsat,CRVBND,2,0.02340110018849373,0.01880715787410736,0.5999085903167725,0.4280657470226288,0.2888343334197998,0.004855384584516287,0.030740130692720413,0.10592160373926163,0.05711577460169792,0.4423501491546631
202302A,2023-06-10 09:00:00,gridsat,CRVBND,0,0.10680792480707169,4.063178948854329e-08,0.5252251625061035,0.13104978203773499,0.15987630188465118,0.8671593070030212,0.1427222192287445,3.6122146411798894e-05,0.0653683990240097,0.0017547880997881293
202303B,2023-06-10 08:10:00,gridsat,CRVBND,2,0.013881363905966282,0.0005615499103441834,0.31010258197784424,0.6647354364395142,0.6133471727371216,0.28645747900009155,0.010833856649696827,0.004806382581591606,0.051835089921951294,0.043439220637083054
202302A,2023-06-10 14:00:00,gridsat,EMBC,0,0.09495891630649567,0.17058975994586945,0.0010783739853650331,0.027366317808628082,0.006354126613587141,2.202392352046445e-05,0.07046392560005188,0.4163382947444916,0.8271446228027344,0.3856835961341858
202302A,2023-06-11 02:00:00,gridsat,SHEAR,0,0.044446587562561035,1.792151778090556e-07,0.7522052526473999,0.22359108924865723,0.14642298221588135,0.7751756906509399,0.013225252740085125,0.00023658447025809437,0.04369991272687912,0.0009964469354599714
202302A,2023-06-11 08:30:00,gridsat,EMBC,0,0.7000130414962769,0.18351569771766663,0.0019618398509919643,0.03891918435692787,0.004061040934175253,5.989290002617054e-05,0.15089063346385956,0.6443999409675598,0.1430734395980835,0.13310523331165314
202302A,2023-06-11 15:00:00,gridsat,SHEAR,0,0.08522361516952515,3.5025298217306045e-09,0.04014601185917854,0.021357059478759766,0.7972584962844849,0.9786306023597717,0.01735444739460945,2.9746686891485297e-07,0.06001745164394379,1.2057702406309545e-05
202302A,2023-06-12 02:00:00,gridsat,EMBC,0,0.009708622470498085,0.29409700632095337,0.0013521929504349828,0.005198800470679998,0.009750884026288986,1.53407904690539e-06,0.9778634905815125,0.6913681030273438,0.0013247592141851783,0.009334493428468704
202302A,2023-06-12 08:00:00,gridsat,EYE,0,0.02006962150335312,0.6738994121551514,0.0009113715495914221,0.01045058574527502,0.016244497150182724,3.7567500839941204e-05,0.9605557322502136,0.2907713055610657,0.0022188343573361635,0.024841107428073883
202302A,2023-06-12 15:00:00,gridsat,EYE,0,0.9770141243934631,0.5451469421386719,0.0038637565448880196,0.059013474732637405,0.006920162588357925,0.0003112435224466026,0.006148056127130985,0.3104146718978882,0.0060538942925632,0.0851137563586235
202302A,2023-06-13 15:00:00,gridsat,EMBC,0,0.04614996910095215,0.26890403032302856,0.016891758888959885,0.04565555602312088,0.013094745576381683,8.415050979238003e-05,0.918597936630249,0.6390237808227539,0.005265544634312391,0.04633248597383499
202302A,2023-06-13 21:00:00,gridsat,CRVBND,0,0.5910065174102783,0.001596378511749208,0.0187689196318388,0.6656410098075867,0.004666808992624283,0.03590841963887215,0.02131303772330284,0.06505148112773895,0.3642447292804718,0.23180273175239563
202302A,2023-06-14 09:00:00,gridsat,CRVBND,0,0.018374191597104073,0.00047374688438139856,0.8976293802261353,0.5637127757072449,0.010635662823915482,0.15511566400527954,0.06281080096960068,0.00869287271052599,0.010550003498792648,0.2720049023628235
202302A,2023-06-14 15:00:00,gridsat,SHEAR,0,0.126725971698761,3.667445369615052e-08,0.5741147398948669,0.10137604176998138,0.17985577881336212,0.8974034786224365,0.049964599311351776,3.6623794585466385e-05,0.06933891773223877,0.0011839760700240731
202302A,2023-06-14 21:00:00,gridsat,CRVBND,0,0.023261720314621925,1.4619308785768226e-05,0.9299849271774292,0.5284656286239624,0.012123523280024529,0.4491243362426758,0.023840323090553284,0.0007409892859868705,0.010789576917886734,0.021654462441802025
202302A,2023-06-15 03:00:00,gridsat,SHEAR,0,0.019830971956253052,5.131544185132952e-06,0.9482058882713318,0.3274790346622467,0.013171856291592121,0.6717348098754883,0.012704028747975826,0.0005180736188776791,0.006087280344218016,0.00026294513372704387
202302A,2023-06-15 09:00:00,gridsat,CRVBND,0,0.02064988762140274,0.026778820902109146,0.9343379139900208,0.7110704779624939,0.013139753602445126,0.023797689005732536,0.019099948927760124,0.1788274496793747,0.012772529385983944,0.059525515884160995
202302A,2023-06-15 15:00:00,gridsat,CRVBND,0,0.041592422872781754,0.06648144870996475,0.7174795269966125,0.6124434471130371,0.022414688020944595,0.024420643225312233,0.191560298204422,0.24075445532798767,0.02695300616323948,0.05590004846453667
202304B,2023-08-01 00:00:00,gridsat,CRVBND,4,0.023394055664539337,3.003081246788497e-06,0.1453411728143692,0.8057849407196045,0.7875466346740723,0.11423791199922562,0.02059270441532135,0.002701075281947851,0.02312549203634262,0.0772731751203537
202304B,2023-08-01 06:00:00,gridsat,SHEAR,4,0.027948491275310516,3.61516931945971e-08,0.5635865330696106,0.6139693260192871,0.3232092261314392,0.35868725180625916,0.036975979804992676,6.012820449541323e-05,0.048279762268066406,0.027283212170004845
202305A,2023-10-21 15:30:00,gridsat,EYE,3,0.9680744409561157,0.6190139651298523,0.004144096281379461,0.008244954980909824,0.008988626301288605,9.188622243527789e-06,0.004910991992801428,0.3665159344673157,0.013881712220609188,0.0062158601358532906
202305A,2023-10-21 21:00:00,gridsat,EYE,3,0.9713497757911682,0.5795890092849731,0.002693353919312358,0.047831352800130844,0.007036722730845213,9.928509098244831e-05,0.005798253230750561,0.3542521595954895,0.013121879659593105,0.018228156492114067
202305A,2023-10-22 03:00:00,gridsat,EYE,3,0.9656198620796204,0.6815233826637268,0.0045450422912836075,0.013791336677968502,0.00788112822920084,2.649998896231409e-05,0.0056199138052761555,0.3013318181037903,0.016334043815732002,0.0033270304556936026
202305A,2023-10-22 09:00:00,gridsat,EYE,3,0.9651197791099548,0.8090147972106934,0.005146924871951342,0.023253442719578743,0.007521835155785084,0.00013961680815555155,0.004926917143166065,0.16507387161254883,0.017284471541643143,0.002518304856494069
202305A,2023-10-22 15:00:00,gridsat,EYE,3,0.9733397364616394,0.7805402874946594,0.0032814987935125828,0.05213186889886856,0.006675428245216608,0.0002986110339406878,0.003552315989509225,0.15429340302944183,0.013151124119758606,0.01273582223802805
202305A,2023-10-22 21:00:00,gridsat,EYE,3,0.9673352241516113,0.6124094128608704,0.003855632385239005,0.07946783304214478,0.006055484060198069,0.00029051461024209857,0.006122346501797438,0.2723827660083771,0.016631321981549263,0.03544943034648895
202305A,2023-10-23 09:30:00,gridsat,SHEAR,3,0.046246156096458435,0.00012282074021641165,0.35853999853134155,0.33714452385902405,0.5406749248504639,0.6619070172309875,0.017066555097699165,0.00014752706920262426,0.03747240826487541,0.000678019248880446
202305A,2023-10-23 15:00:00,gridsat,EYE,3,0.049074891954660416,0.36724767088890076,0.8229876756668091,0.26952242851257324,0.023626171052455902,0.0008288063108921051,0.05034820735454559,0.24049603939056396,0.05396305397152901,0.12190514802932739
202306B,2023-10-24 03:00:00,gridsat,EMBC,1,0.022045768797397614,0.419147789478302,0.004492423962801695,0.010063563473522663,0.011984808370471,4.131722164402163e-07,0.9440385103225708,0.5650289058685303,0.017438499256968498,0.005759354215115309
202306B,2023-10-24 08:30:00,gridsat,EMBC,1,0.03519697114825249,0.6144681572914124,0.2077745795249939,0.004702532663941383,0.03826837241649628,1.6720144913051627e-07,0.6387906670570374,0.37583044171333313,0.07996941357851028,0.004998759366571903
202306B,2023-10-24 15:00:00,gridsat,EMBC,1,0.009267392568290234,0.45918312668800354,0.009926917031407356,0.0022554262541234493,0.009051932021975517,1.5646099527089063e-08,0.9561913013458252,0.5362758040428162,0.015562431886792183,0.0022856909781694412
202307B,2023-11-17 00:00:00,gridsat,CRVBND,3,0.023235226050019264,8.847408025758341e-05,0.8361882567405701,0.14987929165363312,0.022658605128526688,0.008063320070505142,0.01080957893282175,0.0006888092029839754,0.10710833221673965,0.8412800431251526
202307B,2023-11-17 06:00:00,gridsat,SHEAR,3,0.010134795680642128,2.994123349253641e-07,0.0012044869363307953,0.08994698524475098,0.9533398747444153,0.9096226096153259,0.013581361621618271,1.1379224815755151e-05,0.021739566698670387,0.00041871797293424606
202308B,2023-12-03 03:00:00,gridsat,CRVBND,2,0.11172784864902496,0.2115442454814911,0.7111029028892517,0.41322487592697144,0.011174454353749752,0.0010776858543977141,0.1388435661792755,0.35711079835891724,0.027151234447956085,0.017042357474565506
202308B,2023-12-03 09:00:00,gridsat,CRVBND,2,0.03109193779528141,0.007872672751545906,0.9236644506454468,0.8220985531806946,0.004277282394468784,0.048510100692510605,0.021694950759410858,0.013102225959300995,0.019271332770586014,0.10841643065214157
202308B,2023-12-03 14:30:00,gridsat,CRVBND,2,0.14274689555168152,0.04785974696278572,0.5173332095146179,0.6959227323532104,0.025157494470477104,0.0044645811431109905,0.28584739565849304,0.17410752177238464,0.028914980590343475,0.0776454359292984
202308B,2023-12-03 20:00:00,gridsat,CRVBND,2,0.19093813002109528,0.015671242028474808,0.1177750751376152,0.8410372138023376,0.02138201892375946,0.004506231751292944,0.540793240070343,0.0643693059682846,0.12911149859428406,0.07441598176956177
202308B,2023-12-04 03:00:00,gridsat,CRVBND,2,0.17288823425769806,0.019644085317850113,0.49015793204307556,0.8535504937171936,0.023385168984532356,0.012183839455246925,0.24141351878643036,0.09143097698688507,0.07215521484613419,0.02319062501192093
202401B,2024-05-25 18:30:00,gridsat,CRVBND,0,0.0453503243625164,4.6692319301655516e-05,0.7267662882804871,0.8799375891685486,0.0388755165040493,0.03270397707819939,0.009493796154856682,0.0071224188432097435,0.1795140504837036,0.08018936961889267
202401B,2024-05-26 00:00:00,gridsat,CRVBND,0,0.02205616980791092,0.009638940915465355,0.8030133247375488,0.30603423714637756,0.007035343442112207,0.0002039431856246665,0.010783652774989605,0.4730229675769806,0.15711160004138947,0.21109984815120697
202401B,2024-05-26 06:00:00,gridsat,CRVBND,0,0.0441674143075943,0.09331663697957993,0.4404028654098511,0.16835559904575348,0.028233513236045837,0.00012697647616732866,0.42355361580848694,0.5939452648162842,0.06364265829324722,0.14425548911094666
202401B,2024-05-26 12:00:00,gridsat,CRVBND,0,0.01348764356225729,0.004192063119262457,0.029530372470617294,0.38620075583457947,0.005197421181946993,0.0015495599946007133,0.01824871078133583,0.09583982080221176,0.9335359334945679,0.5122177600860596
202402A,2024-08-30 06:00:00,gridsat,CRVBND,1,0.021459806710481644,0.0001542571553727612,0.9034681916236877,0.7051801681518555,0.03967306390404701,0.26267850399017334,0.01084192842245102,0.0010103901149705052,0.02455698885023594,0.03097679279744625
202402A,2024-08-30 12:00:00,gridsat,CRVBND,1,0.03428266569972038,0.00015841415734030306,0.7821307182312012,0.737781286239624,0.1394548863172531,0.2544609308242798,0.022856805473566055,0.0009747525327838957,0.021274898201227188,0.006624611094594002
202402A,2024-08-30 18:00:00,gridsat,CRVBND,1,0.0328436940908432,0.0007092258892953396,0.8330187797546387,0.5717617869377136,0.08326857537031174,0.4236229360103607,0.019048213958740234,0.0006473514367826283,0.03182080015540123,0.0032587414607405663
202402A,2024-08-31 00:00:00,gridsat,CRVBND,1,0.014664548449218273,0.0006312813493423164,0.9383404850959778,0.7506471276283264,0.023731201887130737,0.2366020530462265,0.010795083828270435,0.0027256705798208714,0.012468693777918816,0.009393787942826748
202402A,2024-08-31 06:00:00,gridsat,CRVBND,1,0.025256160646677017,0.012426325120031834,0.8938632607460022,0.704441249370575,0.026870694011449814,0.25462666153907776,0.016421029344201088,0.005173988174647093,0.03758884221315384,0.023331809788942337
202402A,2024-08-31 12:00:00,gridsat,CRVBND,1,0.04398796334862709,0.0004982607206329703,0.06972671300172806,0.4843524098396301,0.027343710884451866,0.12774264812469482,0.006269240751862526,0.0006959830061532557,0.8526723980903625,0.3867107331752777
202402A,2024-08-31 18:00:00,gridsat,CRVBND,1,0.07906942069530487,0.0006296687060967088,0.5098503232002258,0.4525059163570404,0.04513116553425789,0.06218067929148674,0.013180254027247429,0.0010490651475265622,0.35276880860328674,0.48363468050956726
202402A,2024-09-01 00:00:00,gridsat,CRVBND,1,0.02502533793449402,0.010985644534230232,0.9073851704597473,0.6567571759223938,0.01915529929101467,0.05611197277903557,0.017720989882946014,0.01223970390856266,0.030713215470314026,0.2639055848121643
202402A,2024-09-01 06:00:00,gridsat,SHEAR,1,0.04816863685846329,5.783603228337597e-06,0.48098576068878174,0.030336257070302963,0.4075421690940857,0.969569981098175,0.02752249874174595,6.033688805473503e-06,0.035780906677246094,8.194246038328856e-05
202402A,2024-09-01 12:00:00,gridsat,SHEAR,1,0.03736251965165138,1.8397743133391486e-06,0.8202081322669983,0.030026864260435104,0.08407597243785858,0.9698584079742432,0.013283714652061462,8.874193554220255e-06,0.04506969079375267,0.00010388709779363126
202402A,2024-09-01 18:00:00,gridsat,SHEAR,1,0.012781640514731407,1.2802823903257377e-06,0.0022820159792900085,0.001597601454705,0.9630314707756042,0.9984011054039001,0.007949098944664001,1.7178257039063283e-08,0.013955852948129177,7.137917812372052e-09
202402A,2024-09-01 22:30:00,gridsat,SHEAR,1,0.01308892946690321,1.910021865114686e-06,0.0035021440126001835,0.0011931252665817738,0.9593702554702759,0.9988049268722534,0.008588908240199089,4.142576415233634e-08,0.015449730679392815,9.724068661398633e-09
202403B,2024-10-23 13:00:00,gridsat,IRRCDO,4,0.017895661294460297,9.989275895350147e-06,0.8350235223770142,0.5364134907722473,0.04440196603536606,0.008610098622739315,0.014803996309638023,0.07117246836423874,0.08787491917610168,0.3837939202785492
202403B,2024-10-24 00:30:00,gridsat,EMBC,4,0.021672969684004784,0.0017460520612075925,0.5590035915374756,0.02208736166357994,0.02239893563091755,4.184180943411775e-05,0.042397428303956985,0.930886447429657,0.3545270264148712,0.04523831978440285
202403B,2024-10-24 05:30:00,gridsat,CRVBND,4,0.017036855220794678,6.980508828746679e-07,0.5534996390342712,0.816315233707428,0.018005209043622017,0.09986405074596405,0.02761048451066017,0.019986553117632866,0.38384777307510376,0.06383337080478668
202403B,2024-10-25 00:30:00,gridsat,IRRCDO,4,0.016179310157895088,1.9555167455109768e-05,0.5083661675453186,0.22741244733333588,0.02384996972978115,0.023216525092720985,0.014990410767495632,0.013882037252187729,0.43661415576934814,0.7354694604873657
202404B,2024-11-30 09:30:00,gridsat,CRVBND,2,0.01634550653398037,0.0003158430045004934,0.04892082139849663,0.26925140619277954,0.012972033582627773,0.02327153831720352,0.20200799405574799,0.19722391664981842,0.7197536826133728,0.5099372863769531
202404B,2024-11-30 15:00:00,gridsat,CRVBND,2,0.015103182755410671,6.143422215387773e-09,0.0491972491145134,0.026081407442688942,0.01045337412506342,0.9663782715797424,0.20635047554969788,5.288738975650631e-05,0.7188957333564758,0.007487394846975803
202404B,2024-11-30 21:00:00,gridsat,IRRCDO,2,0.015950936824083328,3.6392600577528356e-07,0.04874416068196297,0.011142447590827942,0.01593131013214588,0.013247792609035969,0.17081144452095032,0.0001384608040098101,0.7485620975494385,0.9754709005355835
202501B,2025-10-01 12:00:00,gridsat,SHEAR,3,0.013620457611978054,2.4590343983277307e-08,0.0038339535240083933,0.05249794200062752,0.9524285793304443,0.9474025368690491,0.011944700963795185,6.656453933828743e-06,0.01817237213253975,9.28620938793756e-05
202501B,2025-10-01 18:00:00,gridsat,SHEAR,3,0.016228802502155304,3.2054963128302916e-09,0.02358585223555565,0.02872968651354313,0.9415415525436401,0.9712673425674438,0.005248582921922207,1.2619395874935435e-06,0.013395192101597786,1.6761407550802687e-06
202501B,2025-10-02 00:00:00,gridsat,CRVBND,3,0.03732150420546532,3.47317927662516e-06,0.875364363193512,0.22509051859378815,0.029883673414587975,0.03302948549389839,0.009735406376421452,0.0002504129079170525,0.0476951040327549,0.7416260838508606
202501B,2025-10-02 06:00:00,gridsat,CRVBND,3,0.0258902907371521,1.4895723325025756e-05,0.33253371715545654,0.24035434424877167,0.03732398897409439,0.030874447897076607,0.01826130971312523,0.0008273571147583425,0.5859906673431396,0.7279289364814758
202502A,2025-10-03 05:30:00,gridsat,CRVBND,0,0.17809593677520752,0.30392226576805115,0.42777150869369507,0.19182367622852325,0.07272069901227951,0.002889660419896245,0.2510479688644409,0.2864502966403961,0.07036386430263519,0.21491405367851257
202502A,2025-10-03 12:30:00,gridsat,IRRCDO,0,0.12136974930763245,0.2575381398200989,0.05532748997211456,0.05179427191615105,0.035557039082050323,0.0004268876800779253,0.7245073318481445,0.2600553631782532,0.06323841959238052,0.43018537759780884
202502A,2025-10-03 18:00:00,gridsat,IRRCDO,0,0.07290411740541458,0.015539519488811493,0.031216580420732498,0.282021164894104,0.02451636642217636,0.009941864758729935,0.5570045113563538,0.035196345299482346,0.3143584728240967,0.6573010683059692
202502A,2025-10-04 00:00:00,gridsat,CRVBND,0,0.013718968257308006,0.06120330095291138,0.014846102334558964,0.7606114745140076,0.0263189859688282,0.03178424760699272,0.9408456683158875,0.057137902826070786,0.004270290024578571,0.08926305174827576
202502A,2025-10-04 06:00:00,gridsat,CRVBND,0,0.489513635635376,0.012675113044679165,0.19030098617076874,0.7168193459510803,0.050801388919353485,0.07565104961395264,0.25128981471061707,0.12853218615055084,0.018094200640916824,0.06632232666015625
202502A,2025-10-04 12:00:00,gridsat,EMBC,0,0.8018893003463745,0.0562325045466423,0.008419016376137733,0.13729792833328247,0.015074505470693111,0.0031570347491651773,0.12835542857646942,0.05101247504353523,0.046261776238679886,0.7523000836372375
202502A,2025-10-04 17:00:00,gridsat,IRRCDO,0,0.06995054334402084,0.3945094048976898,0.029112979769706726,0.0031729701440781355,0.03997665271162987,1.032754539664893e-06,0.3815453052520752,0.4419011175632477,0.47941455245018005,0.16041547060012817
202502A,2025-10-05 05:30:00,gridsat,EMBC,0,0.017132529988884926,0.11307599395513535,0.046178292483091354,0.060286447405815125,0.0262910183519125,0.0001372864207951352,0.10799551010131836,0.705476701259613,0.8024026155471802,0.12102359533309937
202502A,2025-10-05 18:00:00,gridsat,CRVBND,0,0.040323738008737564,0.025032298639416695,0.5036460161209106,0.8362355828285217,0.04469472914934158,0.05914410948753357,0.06970708817243576,0.026921246200799942,0.34162840247154236,0.052666693925857544
202502A,2025-10-06 00:00:00,gridsat,SHEAR,0,0.010975834913551807,6.274047336773947e-05,0.007921392098069191,0.19981323182582855,0.9428378939628601,0.7999735474586487,0.01922251284122467,8.739658369449899e-05,0.019042396917939186,6.310598109848797e-05
202502A,2025-10-06 06:00:00,gridsat,SHEAR,0,0.008296472020447254,4.021947574983642e-08,0.0021944334730505943,0.04105357453227043,0.9690446853637695,0.9587884545326233,0.007225880865007639,1.0727453627623618e-05,0.013238450512290001,0.00014718022430315614
202502A,2025-10-06 12:00:00,gridsat,SHEAR,0,0.0074346973560750484,3.0188182620349835e-08,0.0030988380312919617,0.03408917784690857,0.9716492891311646,0.965889036655426,0.009383167140185833,6.737363037245814e-06,0.008433992974460125,1.5009045455371961e-05
202502A,2025-10-06 18:00:00,gridsat,SHEAR,0,0.007353245746344328,3.56233755383073e-07,0.002959141507744789,0.027762586250901222,0.969553530216217,0.9722368121147156,0.01054894644767046,6.653478124007961e-08,0.009585170075297356,8.787988292624505e-08
202502A,2025-10-06 22:30:00,gridsat,SHEAR,0,0.007372308522462845,1.5494777471758425e-05,0.0028590436559170485,0.06597626954317093,0.9559912085533142,0.934007465839386,0.01099482737481594,6.230469580259523e-07,0.02278251014649868,7.867684104212458e-08
202503B,2025-10-26 18:00:00,gridsat,CRVBND,1,0.022823119536042213,1.5847776012378745e-05,0.906588077545166,0.7357559204101562,0.028179137036204338,0.03986465185880661,0.009163347072899342,0.0015453958185389638,0.03324633464217186,0.22281812131404877
202503B,2025-10-27 00:00:00,gridsat,CRVBND,1,0.053737934678792953,0.00023100529506336898,0.6797279715538025,0.4846019744873047,0.03679721802473068,0.0013449833495542407,0.03784977272152901,0.010139821097254753,0.19188708066940308,0.5036821961402893
202503B,2025-10-27 06:00:00,gridsat,CRVBND,1,0.03215637430548668,6.864161719022377e-07,0.7156780362129211,0.51090407371521,0.051387935876846313,0.48354271054267883,0.010787577368319035,0.0001184465509140864,0.1899901032447815,0.005434063728898764
202503B,2025-10-27 13:00:00,gridsat,IRRCDO,1,0.00782964937388897,0.00030274633900262415,0.007287328131496906,0.07754338532686234,0.005172074772417545,6.375546945491806e-05,0.009148485027253628,0.004802456591278315,0.9705625176429749,0.9172877073287964
202503B,2025-10-27 18:00:00,gridsat,CRVBND,1,0.02014554664492607,1.8422572338749887e-06,0.8017732501029968,0.7074352502822876,0.03381306678056717,0.11416394263505936,0.02385924756526947,0.00035707675851881504,0.12040886282920837,0.17804193496704102
202503B,2025-10-27 23:30:00,gridsat,IRRCDO,1,0.027329571545124054,0.0005374632310122252,0.06259512901306152,0.03357553109526634,0.024560296908020973,1.2956087402926642e-06,0.12895654141902924,0.013994826003909111,0.7565584778785706,0.9518908858299255
202503B,2025-10-28 06:00:00,gridsat,CRVBND,1,0.016924772411584854,2.1200165065238252e-05,0.04698646813631058,0.6206203699111938,0.027383867651224136,0.017750510945916176,0.5265744924545288,0.001022603246383369,0.38213035464286804,0.3605852425098419
202503B,2025-10-28 12:00:00,gridsat,CRVBND,1,0.034573644399642944,0.00018698711937759072,0.4717951714992523,0.557884156703949,0.1354815810918808,0.0029001415241509676,0.254608690738678,0.008013430051505566,0.10354088991880417,0.4310152232646942
202503B,2025-10-28 17:00:00,gridsat,CRVBND,1,0.017487090080976486,6.028599273122381e-06,0.321673184633255,0.6660758852958679,0.03538075461983681,0.30398550629615784,0.011268284171819687,0.0011499328538775444,0.6141906976699829,0.028782648965716362
202504B,2025-11-25 20:00:00,gridsat,EMBC,2,0.020971767604351044,0.20791907608509064,0.7661997675895691,0.03816866874694824,0.010504446923732758,7.291453698599071e-07,0.1155770868062973,0.5064229965209961,0.08674688637256622,0.24748854339122772
202505B,2025-11-27 09:00:00,gridsat,CRVBND,1,0.06373325735330582,0.09677639603614807,0.07979610562324524,0.5191639065742493,0.029641402885317802,0.002249033423140645,0.7999310493469238,0.13958199322223663,0.026898207142949104,0.24222861230373383
202505B,2025-11-29 03:00:00,gridsat,SHEAR,1,0.012259074486792088,3.6861514729480405e-08,0.002686029765754938,0.015504124574363232,0.9604660868644714,0.9844914078712463,0.008296139538288116,1.161015688921907e-06,0.01629272848367691,3.2769930840004236e-06
202505B,2025-11-29 09:00:00,gridsat,SHEAR,1,0.019233733415603638,2.25051799418452e-08,0.01495560072362423,0.02707173116505146,0.9332946538925171,0.9729205965995789,0.012474208138883114,1.0730117310231435e-06,0.020041827112436295,6.651730018347735e-06
202505B,2025-11-29 15:00:00,gridsat,SHEAR,1,0.012465013191103935,7.58044009785408e-08,0.003642414463683963,0.01457422599196434,0.9613357186317444,0.9854242205619812,0.008881308138370514,1.9692903663326433e-07,0.013675556518137455,1.24143866742088e-06
202505B,2025-11-29 21:00:00,gridsat,SHEAR,1,0.015057262033224106,7.432178250610377e-08,0.0039701503701508045,0.006135621573776007,0.9529411196708679,0.9938638210296631,0.010330797173082829,6.458888179849964e-08,0.017700761556625366,4.096885106719128e-07
202505B,2025-11-30 03:00:00,gridsat,SHEAR,1,0.012662755325436592,7.704912263761798e-08,0.0036397920921444893,0.002925001783296466,0.9627393484115601,0.9970742464065552,0.00813553761690855,1.1334174843113942e-07,0.012822465039789677,5.568649044107588e-07
202505B,2025-11-30 09:00:00,gridsat,SHEAR,1,0.01232080813497305,2.4884803906388697e-07,0.0027672636788338423,0.005687943194061518,0.9630838632583618,0.994310736656189,0.00889215711504221,1.1907792440979392e-07,0.012935877777636051,9.119947890212643e-07
202505B,2025-11-30 15:00:00,gridsat,SHEAR,1,0.012080770917236805,9.859513738774695e-06,0.005494991783052683,0.03796808421611786,0.9575679898262024,0.9609444737434387,0.008478793315589428,1.8829228793038055e-05,0.016377395018935204,0.0010587964206933975
201401B,2014-01-04 07:30:00,insat,CRVBND,1,0.0303726214915514,2.2980518679105444e-06,0.7687766551971436,0.1899869590997696,0.13194164633750916,0.8055198788642883,0.015920590609312057,3.134796497761272e-05,0.05298849195241928,0.004459618590772152
201401B,2014-01-04 12:00:00,insat,CRVBND,1,0.030172601342201233,3.242683078497066e-06,0.7388716340065002,0.15279506146907806,0.16448993980884552,0.8456666469573975,0.019746385514736176,1.743002576404251e-05,0.046719420701265335,0.0015176287852227688
201401B,2014-01-04 18:00:00,insat,CRVBND,1,0.018007023259997368,1.7319983669494832e-07,0.9123331904411316,0.05095914751291275,0.02601785957813263,0.9481194019317627,0.007165292277932167,1.785232825568528e-06,0.03647662699222565,0.0009194699232466519
201401B,2014-01-05 00:00:00,insat,CRVBND,1,0.03381006047129631,4.618563980329782e-05,0.8415818810462952,0.13596536219120026,0.025706585496664047,0.8618441820144653,0.011480423621833324,3.441616354393773e-05,0.08742102235555649,0.0021098325960338116
201401B,2014-01-05 06:00:00,insat,CRVBND,1,0.04361623525619507,3.054369517485611e-05,0.5337771773338318,0.08444174379110336,0.32404404878616333,0.9128009676933289,0.0315365232527256,3.049317456316203e-05,0.06702601164579391,0.0026962612755596638
201401B,2014-01-05 12:00:00,insat,CRVBND,1,0.02503640204668045,0.0004446594975888729,0.41114020347595215,0.44399887323379517,0.0180014967918396,0.4989137351512909,0.016441822052001953,0.00019189789600204676,0.5293801426887512,0.0564507432281971
201401B,2014-01-05 18:00:00,insat,CRVBND,1,0.021089620888233185,0.0013867240631952882,0.8262313008308411,0.3575049638748169,0.08270633965730667,0.6199114918708801,0.023443257436156273,0.0004341920430306345,0.04652947187423706,0.020762743428349495
201401B,2014-01-06 00:00:00,insat,CRVBND,1,0.014466202817857265,0.048944372683763504,0.9182746410369873,0.577879011631012,0.01823807880282402,0.033495306968688965,0.025366201996803284,0.014196977950632572,0.023654794320464134,0.32548433542251587
201402A,2014-06-10 03:00:00,insat,IRRCDO,1,0.03781577944755554,5.244977364782244e-05,0.30308493971824646,0.04071449860930443,0.033445652574300766,0.0005437815561890602,0.017114264890551567,0.0004115587507840246,0.608539342880249,0.958277702331543
201402A,2014-06-10 20:00:00,insat,EMBC,1,0.019869307056069374,0.046016011387109756,0.07659073173999786,0.3807581961154938,0.024128422141075134,0.00022677304514218122,0.833576500415802,0.3550160229206085,0.045834947377443314,0.2179829478263855
201402A,2014-06-11 03:00:00,insat,EMBC,1,0.11610659956932068,0.047026652842760086,0.028977887704968452,0.4395218789577484,0.01462387666106224,0.00037353046354837716,0.035923488438129425,0.3821386396884918,0.8043681383132935,0.1309392750263214
201402A,2014-06-11 09:30:00,insat,EMBC,1,0.007850073277950287,0.2471703290939331,0.011382821947336197,0.018393350765109062,0.005802180618047714,2.4717658675399434e-07,0.02786209061741829,0.6283875703811646,0.9471027851104736,0.10604844987392426
201402A,2014-06-12 03:30:00,insat,EMBC,1,0.04673329368233681,0.0013121803058311343,0.098768450319767,0.9069665670394897,0.03210078179836273,0.003973561804741621,0.2785247564315796,0.015651484951376915,0.5438727736473083,0.07209625095129013
201402A,2014-06-12 15:00:00,insat,EMBC,1,0.027149837464094162,0.005544178653508425,0.14186279475688934,0.5509397983551025,0.028237968683242798,0.0017065478023141623,0.0943157747387886,0.04574833810329437,0.7084336280822754,0.39606109261512756
201402A,2014-06-13 09:00:00,insat,SHEAR,1,0.03352125361561775,1.220084016040346e-07,0.1922222077846527,0.01597999408841133,0.7151035666465759,0.9840095043182373,0.016648590564727783,8.753353881729709e-07,0.04250442236661911,9.632368346501607e-06
201402A,2014-06-13 15:00:00,insat,SHEAR,1,0.011199883185327053,2.2122442544514342e-08,0.006627422291785479,0.0018563573248684406,0.9611100554466248,0.9981435537338257,0.007847130298614502,1.873583244105248e-08,0.013215585611760616,6.66073631805375e-08
201402A,2014-06-13 21:00:00,insat,SHEAR,1,0.009680138900876045,1.6822323090082136e-08,0.0021131744142621756,0.0007404561620205641,0.9690882563591003,0.9992595314979553,0.006837165914475918,8.944766594076725e-10,0.012281217612326145,1.2627508816365207e-08
201402A,2014-06-14 02:30:00,insat,SHEAR,1,0.03977565839886665,7.827997694498379e-10,0.23966309428215027,0.002130853943526745,0.607291042804718,0.9978691339492798,0.03063408099114895,2.015911215735855e-09,0.08263606578111649,3.7668876018415176e-08
201403B,2014-10-08 10:30:00,insat,EMBC,1,0.02618837170302868,0.013398667797446251,0.6678392887115479,0.39734697341918945,0.031288426369428635,0.0004458012117538601,0.10906273871660233,0.16387109458446503,0.16562117636203766,0.42493751645088196
201403B,2014-10-09 01:30:00,insat,EMBC,1,0.011495816521346569,0.10380307585000992,0.006754137109965086,0.048626430332660675,0.01592080481350422,1.0007536275224993e-06,0.8066048622131348,0.5882112979888916,0.1592244654893875,0.2593582272529602
201403B,2014-10-09 05:00:00,insat,EMBC,1,0.012462695129215717,0.18578653037548065,0.044828321784734726,0.0782843753695488,0.026216896250844002,5.800482540507801e-06,0.6577188372612,0.48376813530921936,0.25877317786216736,0.2521551251411438
201403B,2014-10-11 06:00:00,insat,EYE,1,0.9557477831840515,0.16454081237316132,0.0036075201351195574,0.056854672729969025,0.012321285903453827,3.0053693080844823e-06,0.00866419356316328,0.6714807748794556,0.019659187644720078,0.10712071508169174
201403B,2014-10-11 12:00:00,insat,EYE,1,0.9614002108573914,0.4032941460609436,0.0036819574888795614,0.012310014106333256,0.008163406513631344,1.584264879284092e-07,0.007104537449777126,0.545012891292572,0.019649911671876907,0.03938281536102295
201403B,2014-10-11 23:30:00,insat,EYE,1,0.8234720230102539,0.38429901003837585,0.0032992984633892775,0.008330494165420532,0.021800434216856956,8.329229927994675e-08,0.1220739334821701,0.5897144079208374,0.029354361817240715,0.01765604130923748
201403B,2014-10-12 06:00:00,insat,EYE,1,0.9624741673469543,0.7524930238723755,0.0035126321017742157,0.004625565372407436,0.008784545585513115,1.5362297745014075e-07,0.007171839941293001,0.23994384706020355,0.018056925386190414,0.002937394194304943
201404A,2014-10-25 23:30:00,insat,CRVBND,0,0.024764936417341232,0.030274227261543274,0.008418464101850986,0.03539301082491875,0.008823134005069733,7.562910468550399e-05,0.8891653418540955,0.1094018816947937,0.06882814317941666,0.8248552680015564
201404A,2014-10-26 06:00:00,insat,EMBC,0,0.12310677021741867,0.002055969787761569,0.4912183880805969,0.24450397491455078,0.011923439800739288,0.006548124831169844,0.3568287491798401,0.05159639194607735,0.01692265272140503,0.6952955722808838
201404A,2014-10-26 13:30:00,insat,EMBC,0,0.0649370402097702,0.04599418863654137,0.34758490324020386,0.4311988055706024,0.011834542267024517,0.006413606461137533,0.5628780722618103,0.29890763759613037,0.01276546623557806,0.21748581528663635
201404A,2014-10-27 00:00:00,insat,EYE,0,0.9483277797698975,0.00915739219635725,0.017741220071911812,0.3078545928001404,0.005089201964437962,0.006456507835537195,0.017828255891799927,0.08931761980056763,0.011013674549758434,0.5872138738632202
201404A,2014-10-27 05:00:00,insat,EYE,0,0.9602968692779541,0.0077055576257407665,0.007960505783557892,0.49000343680381775,0.006993460468947887,0.009634377434849739,0.01963338442146778,0.19069190323352814,0.005115661770105362,0.30196475982666016
201404A,2014-10-27 12:30:00,insat,EMBC,0,0.3995412290096283,0.0007847679662518203,0.3377240002155304,0.6560218930244446,0.03880971670150757,0.21943360567092896,0.19144481420516968,0.011242778040468693,0.03248021751642227,0.11251698434352875
201404A,2014-10-28 01:00:00,insat,EMBC,0,0.04357412829995155,0.00010584117262624204,0.5952070355415344,0.47416073083877563,0.00855632871389389,0.05625878646969795,0.2677413821220398,0.01121352706104517,0.08492113649845123,0.4582611322402954
201404A,2014-10-28 06:00:00,insat,EYE,0,0.9815308451652527,0.0020108954049646854,0.0026656542904675007,0.19299766421318054,0.005710124969482422,0.002989827422425151,0.004019536543637514,0.024737870320677757,0.006073870696127415,0.7772637605667114
201404A,2014-10-28 12:00:00,insat,EYE,0,0.9834377765655518,0.45007556676864624,0.0033746177796274424,0.012919383123517036,0.005119393114000559,8.79070648807101e-06,0.004713894333690405,0.5136925578117371,0.003354349173605442,0.023303698748350143
201404A,2014-10-29 00:00:00,insat,EMBC,0,0.02035231702029705,0.41501161456108093,0.008997621946036816,0.2547031342983246,0.012368092313408852,0.0027250784914940596,0.9552136659622192,0.2757599353790283,0.003068341175094247,0.051800165325403214
201404A,2014-10-29 12:30:00,insat,EMBC,0,0.033630482852458954,0.006571628153324127,0.7914600968360901,0.8652060627937317,0.045286376029253006,0.0766332671046257,0.08560282737016678,0.024501893669366837,0.044020239263772964,0.027087241411209106
201404A,2014-10-30 00:00:00,insat,IRRCDO,0,0.022518735378980637,0.057828374207019806,0.3211664855480194,0.015489052049815655,0.027888057753443718,2.0386867618071847e-05,0.12210078537464142,0.15394160151481628,0.506325900554657,0.7727205753326416
201404A,2014-10-30 12:00:00,insat,CRVBND,0,0.03344808891415596,1.7078558812499978e-05,0.758485734462738,0.4007115662097931,0.073604054749012,0.38651782274246216,0.01800602301955223,0.0005222808104008436,0.1164560317993164,0.21223123371601105
201404A,2014-10-31 00:00:00,insat,SHEAR,0,0.007116330321878195,4.299708677990566e-08,0.0017403297824785113,0.01639431342482567,0.9788436889648438,0.9836049675941467,0.005712373647838831,5.714699824466152e-08,0.006587328389286995,7.352077773248311e-07
201404A,2014-10-31 05:30:00,insat,SHEAR,0,0.007509488612413406,7.35192813294816e-08,0.0029492273461073637,0.02065187692642212,0.9696593284606934,0.9792097806930542,0.008770645596086979,2.471318111929577e-06,0.011111273430287838,0.0001358211156912148
201405B,2014-11-06 05:00:00,insat,EMBC,3,0.03780649974942207,0.05008785426616669,0.397605299949646,0.24257411062717438,0.022180816158652306,0.005198267288506031,0.02878461964428425,0.11401014775037766,0.5136227607727051,0.5881296396255493
201405B,2014-11-06 12:00:00,insat,CRVBND,3,0.04683573544025421,5.781117579317652e-06,0.25945228338241577,0.4279382526874542,0.6578142642974854,0.3049643933773041,0.008864783681929111,0.0003387060423847288,0.027032935991883278,0.26675286889076233
201405B,2014-11-07 06:00:00,insat,CRVBND,3,0.010868261568248272,2.2143462956591975e-06,0.0034217601642012596,0.19710205495357513,0.9575966596603394,0.7858664393424988,0.008129737339913845,2.8971624487894587e-05,0.019983552396297455,0.017000265419483185
201405B,2014-11-07 12:00:00,insat,CRVBND,3,0.026298994198441505,5.882502955500968e-05,0.9077137112617493,0.15942122042179108,0.012770173139870167,0.8374289870262146,0.00813379418104887,3.598303010221571e-05,0.04508332535624504,0.00305503630079329
201405B,2014-11-08 00:00:00,insat,SHEAR,3,0.012755675241351128,8.240962756644876e-08,0.0016451036790385842,0.005842089187353849,0.9603738188743591,0.9941576719284058,0.008842190727591515,2.322458136916339e-08,0.01638318970799446,1.0359437396800786e-07
201405B,2014-11-08 05:30:00,insat,SHEAR,3,0.009627023711800575,1.5222188665120484e-07,0.001699925516732037,0.009909647516906261,0.9615609645843506,0.9900844097137451,0.009031832218170166,1.124659547713236e-07,0.018080221489071846,5.656842859025346e-06
201501A,2015-06-07 09:00:00,insat,CRVBND,4,0.016497889533638954,0.3312477767467499,0.912869930267334,0.41633349657058716,0.00821619387716055,0.017201369628310204,0.05241867154836655,0.2085815668106079,0.009997370652854443,0.026635732501745224
201501A,2015-06-07 15:00:00,insat,CRVBND,4,0.007627028506249189,4.730067666969262e-05,0.07905738055706024,0.05533201992511749,0.0054583437740802765,0.0022844753693789244,0.013162113726139069,0.0010216201189905405,0.8946951627731323,0.9413146376609802
201501A,2015-06-07 21:00:00,insat,IRRCDO,4,0.007118265610188246,0.0017446111887693405,0.21546411514282227,0.05816856026649475,0.0055835493840277195,5.972703729639761e-05,0.02084241807460785,0.08472461998462677,0.750991702079773,0.8553024530410767
201501A,2015-06-08 03:00:00,insat,EMBC,4,0.010679053142666817,0.010685187764465809,0.09850359708070755,0.08021251112222672,0.005373847670853138,5.43386850040406e-05,0.08408471941947937,0.3865346610546112,0.8013588190078735,0.5225132703781128
201501A,2015-06-08 21:00:00,insat,IRRCDO,4,0.003818145953118801,0.00020336901070550084,0.07216690480709076,0.10796483606100082,0.002043230691924691,0.001797202625311911,0.007310883142054081,0.010913031175732613,0.9146608710289001,0.8791216015815735
201501A,2015-06-09 03:00:00,insat,IRRCDO,4,0.007105513475835323,4.908857590635307e-05,0.18497774004936218,0.13662470877170563,0.004749079700559378,0.0017437711358070374,0.013355481438338757,0.008249263279139996,0.7898122072219849,0.8533331751823425
201501A,2015-06-09 15:00:00,insat,CRVBND,4,0.030398407950997353,3.403830487513915e-05,0.6460323929786682,0.585704505443573,0.03353102505207062,0.2868112325668335,0.15231609344482422,0.00218470161780715,0.13772203028202057,0.12526550889015198
201501A,2015-06-09 21:00:00,insat,IRRCDO,4,0.04548758268356323,0.00031501305056735873,0.23571345210075378,0.482600599527359,0.027050713077187538,0.02626519463956356,0.14468272030353546,0.013867266476154327,0.5470654964447021,0.4769518971443176
201501A,2015-06-10 03:00:00,insat,EMBC,4,0.030208367854356766,0.013493342325091362,0.09429600089788437,0.536637008190155,0.018845897167921066,0.008853176608681679,0.6909279823303223,0.08900619298219681,0.16572169959545135,0.3520103096961975
201501A,2015-06-10 21:00:00,insat,SHEAR,4,0.01439585443586111,2.3703210899839178e-05,0.2580379843711853,0.3230595588684082,0.7018659710884094,0.6738830208778381,0.009642055258154869,0.00017386327090207487,0.016058098524808884,0.0028598483186215162
201501A,2015-06-11 03:00:00,insat,CRVBND,4,0.014660530723631382,0.0001616127701709047,0.5063738822937012,0.5137647986412048,0.02600855939090252,0.01854625903069973,0.021141845732927322,0.007240082137286663,0.43181517720222473,0.46028727293014526
201501A,2015-06-11 09:00:00,insat,EMBC,4,0.017558610066771507,0.005503621883690357,0.7984317541122437,0.6924596428871155,0.03282808139920235,0.008622386492788792,0.03400108590722084,0.14794200658798218,0.1171804815530777,0.14547236263751984
201501A,2015-06-11 15:00:00,insat,CRVBND,4,0.02023543231189251,0.10945573449134827,0.8276857137680054,0.7132958769798279,0.06875225901603699,0.06258205324411392,0.04913001134991646,0.07727605849504471,0.034196577966213226,0.03739025071263313
201501A,2015-06-11 21:00:00,insat,CRVBND,4,0.015816226601600647,0.017843622714281082,0.7782210111618042,0.711571455001831,0.15318064391613007,0.20825164020061493,0.015623302198946476,0.014341617003083229,0.037158768624067307,0.04799165204167366
201502B,2015-07-29 01:00:00,insat,CRVBND,3,0.05088161677122116,0.00013288087211549282,0.8706798553466797,0.6943314671516418,0.045090705156326294,0.2844846546649933,0.010726998560130596,0.00660150358453393,0.022620758041739464,0.01444951817393303
201502B,2015-07-29 06:00:00,insat,CRVBND,3,0.05133042484521866,7.420862675644457e-05,0.7902191877365112,0.7580850124359131,0.12194198369979858,0.19847427308559418,0.007647600490599871,0.00708464439958334,0.0288609117269516,0.036281902343034744
201502B,2015-07-29 12:00:00,insat,CRVBND,3,0.045746661722660065,0.0002952949143946171,0.8819652795791626,0.6816220283508301,0.025259722024202347,0.006291963625699282,0.02108597941696644,0.024347277358174324,0.025942357257008553,0.28744345903396606
201502B,2015-07-29 18:00:00,insat,CRVBND,3,0.04418303817510605,0.0018135657301172614,0.8819707632064819,0.8846338987350464,0.02447616681456566,0.051339950412511826,0.010375205427408218,0.010170998051762581,0.03899484872817993,0.05204163119196892
201502B,2015-07-30 00:00:00,insat,CRVBND,3,0.035765860229730606,2.1938560166745447e-05,0.893478512763977,0.7918944358825684,0.021810919046401978,0.17875705659389496,0.015388555824756622,0.0057538095861673355,0.033556099981069565,0.02357286401093006
201502B,2015-07-30 06:00:00,insat,CRVBND,3,0.12574058771133423,0.006724734324961901,0.5840036273002625,0.7211629152297974,0.025866040959954262,0.025789065286517143,0.1731337010860443,0.10540980845689774,0.0912560448050499,0.14091351628303528
201503A,2015-10-09 21:00:00,insat,CRVBND,2,0.004603471606969833,0.010037814266979694,0.04201336205005646,0.04001651704311371,0.006106596905738115,7.832479604985565e-05,0.0023242495954036713,0.01038387231528759,0.9449523091316223,0.9394835233688354
201503A,2015-10-10 03:30:00,insat,IRRCDO,2,0.013150765560567379,0.20122291147708893,0.5371589660644531,0.06570887565612793,0.08839280158281326,2.126704202964902e-05,0.06492861360311508,0.2598262429237366,0.296368807554245,0.47322067618370056
201503A,2015-10-10 09:00:00,insat,CRVBND,2,0.011213552206754684,0.004023779649287462,0.8524688482284546,0.7593296766281128,0.06594289094209671,0.04668910801410675,0.028101667761802673,0.02936209924519062,0.042273033410310745,0.1605953723192215
201503A,2015-10-10 15:00:00,insat,CRVBND,2,0.02617451921105385,0.00021246516553219408,0.1090492308139801,0.3348201513290405,0.01657307893037796,0.6465082168579102,0.006720678880810738,0.000430618179962039,0.8414825201034546,0.018028585240244865
201503A,2015-10-10 21:00:00,insat,CRVBND,2,0.010862176306545734,3.4498727927712025e-06,0.06762464344501495,0.06861530244350433,0.8618721961975098,0.9312096238136292,0.020339740440249443,2.773212872853037e-05,0.03930121660232544,0.00014384611858986318
201503A,2015-10-11 03:00:00,insat,CRVBND,2,0.00888191070407629,2.8598858534678584e-06,0.029014823958277702,0.2078031599521637,0.9048932194709778,0.7543931603431702,0.010557135567069054,2.357244557060767e-05,0.046652939170598984,0.037777263671159744
201503A,2015-10-11 09:00:00,insat,CRVBND,2,0.002293605590239167,0.0014308555983006954,0.035096749663352966,0.4807058870792389,0.0007225314620882273,0.009421934373676777,0.003094554878771305,0.006203450262546539,0.958792507648468,0.502237856388092
201503A,2015-10-11 15:00:00,insat,CRVBND,2,0.019529586657881737,0.004897980950772762,0.6432154774665833,0.5310943722724915,0.2136051058769226,0.45607790350914,0.023192035034298897,0.004469691775739193,0.1004578098654747,0.0034600470680743456
201503A,2015-10-11 21:00:00,insat,CRVBND,2,0.02647659182548523,0.00034865023917518556,0.5446484684944153,0.37974080443382263,0.33653903007507324,0.18153485655784607,0.055741406977176666,0.0002549132623244077,0.03659452497959137,0.4381207227706909
201504A,2015-10-28 20:30:00,insat,EMBC,2,0.49924683570861816,0.2604925036430359,0.012281644158065319,0.1368376463651657,0.038901686668395996,0.00043143206858076155,0.3636937141418457,0.5803956985473633,0.08587611466646194,0.021842725574970245
201504A,2015-10-29 03:00:00,insat,CRVBND,2,0.5042082071304321,0.008777792565524578,0.3296355605125427,0.7612084746360779,0.020766550675034523,0.12266362458467484,0.06895460933446884,0.053383611142635345,0.07643505930900574,0.05396648868918419
201504A,2015-10-29 09:00:00,insat,EMBC,2,0.25672999024391174,0.3754492998123169,0.22210268676280975,0.04713686928153038,0.040657591074705124,7.933886081445962e-05,0.4131579101085663,0.29717326164245605,0.06735178083181381,0.28016120195388794
201504A,2015-10-29 15:00:00,insat,EYE,2,0.974475085735321,0.2702464461326599,0.003497867379337549,0.17014682292938232,0.006726798601448536,0.0006862577865831554,0.0036915470845997334,0.3580540716648102,0.011608670465648174,0.2008664309978485
201504A,2015-10-29 21:30:00,insat,EMBC,2,0.06849540770053864,0.45396098494529724,0.05396536365151405,0.022083496674895287,0.019990863278508186,9.403100193594582e-06,0.7409157156944275,0.4470663070678711,0.1166326254606247,0.07687973976135254
201504A,2015-10-30 03:00:00,insat,EYE,2,0.9589494466781616,0.4643615186214447,0.003909447230398655,0.022935280576348305,0.008251923136413097,6.039092113496736e-06,0.007379495073109865,0.4696703851222992,0.0215098038315773,0.043026722967624664
201504A,2015-10-30 15:00:00,insat,EYE,2,0.9403572082519531,0.3618263006210327,0.008611686527729034,0.3666711449623108,0.012903532944619656,0.005203112494200468,0.012968187220394611,0.19751018285751343,0.025159306824207306,0.06878924369812012
201504A,2015-10-31 03:00:00,insat,EYE,2,0.9455134868621826,0.05511079728603363,0.002498842077329755,0.24915561079978943,0.01189915556460619,0.0008364269160665572,0.016936270520091057,0.13443942368030548,0.023152276873588562,0.5604577660560608
201504A,2015-10-31 09:00:00,insat,EYE,2,0.9427955150604248,0.1205112487077713,0.002972240326926112,0.5133951902389526,0.013394306413829327,0.0046309297904372215,0.01792002283036709,0.25842875242233276,0.022917836904525757,0.10303391516208649
201504A,2015-10-31 15:00:00,insat,EYE,2,0.9531351327896118,0.3029332458972931,0.00402525719255209,0.32332152128219604,0.013979834504425526,0.002131897024810314,0.011454993858933449,0.24540500342845917,0.017404822632670403,0.1262083798646927
201504A,2015-10-31 21:00:00,insat,EYE,2,0.958561897277832,0.1441025733947754,0.0025597228668630123,0.07865943759679794,0.01227971725165844,6.481043237727135e-05,0.00799718126654625,0.7431418299674988,0.018601497635245323,0.03403139486908913
201504A,2015-11-01 04:00:00,insat,EYE,2,0.9379079937934875,0.2427407056093216,0.0028782689478248358,0.05438041314482689,0.012733178213238716,4.814249768969603e-05,0.012470846995711327,0.6850336790084839,0.03400963544845581,0.01779705472290516
201504A,2015-11-01 09:00:00,insat,EYE,2,0.929560661315918,0.1884194314479828,0.003067339537665248,0.14922748506069183,0.015980571508407593,0.00030567176872864366,0.009972791187465191,0.641563355922699,0.041418612003326416,0.020484112203121185
201504A,2015-11-01 15:00:00,insat,EYE,2,0.9599015116691589,0.4401344060897827,0.0033615485299378633,0.2437572181224823,0.010614744387567043,0.001991039840504527,0.007751875557005405,0.287363737821579,0.018370216712355614,0.026753559708595276
201504A,2015-11-01 21:00:00,insat,EYE,2,0.9630038142204285,0.39422643184661865,0.0034457130823284388,0.2136370837688446,0.009955247864127159,0.001078749424777925,0.007449000142514706,0.2778932452201843,0.016146183013916016,0.1131645143032074
201504A,2015-11-02 03:00:00,insat,EYE,2,0.95977783203125,0.6861655116081238,0.004355756100267172,0.040866345167160034,0.009009749628603458,9.120067988988012e-05,0.006515344604849815,0.2599067687988281,0.020341236144304276,0.012970213778316975
201504A,2015-11-02 09:00:00,insat,EYE,2,0.9591922163963318,0.6383208632469177,0.004351191222667694,0.17307904362678528,0.011075979098677635,0.0070853037759661674,0.006643451750278473,0.15421730279922485,0.018737081438302994,0.027297480031847954
201504A,2015-11-02 15:00:00,insat,EYE,2,0.9563273787498474,0.638373076915741,0.004967560525983572,0.22333326935768127,0.009296609088778496,0.0419253371655941,0.011196363717317581,0.07400568574666977,0.018212104216217995,0.02236267551779747
201504A,2015-11-03 03:30:00,insat,CRVBND,2,0.015361031517386436,0.002697767224162817,0.013916408643126488,0.4450496733188629,0.20833855867385864,0.44331055879592896,0.04325786232948303,0.006931191310286522,0.7191261649131775,0.1020108088850975
201505A,2015-11-05 08:00:00,insat,CRVBND,0,0.024235066026449203,0.1932544857263565,0.8239326477050781,0.05992792174220085,0.03264746442437172,0.00016035157022997737,0.0712955966591835,0.5925754308700562,0.047889284789562225,0.1540818214416504
201505A,2015-11-05 14:30:00,insat,CRVBND,0,0.008496928960084915,0.045196495950222015,0.9602231383323669,0.5793877840042114,0.006268260534852743,0.03729955852031708,0.01302459929138422,0.025414327159523964,0.01198712270706892,0.31270185112953186
201505A,2015-11-06 09:00:00,insat,CRVBND,0,0.02475310117006302,0.2417592704296112,0.7807334661483765,0.18524807691574097,0.01809791661798954,0.0023228218778967857,0.006584474351257086,0.11751116067171097,0.1698310226202011,0.4531586468219757
201505A,2015-11-06 15:00:00,insat,CRVBND,0,0.018837690353393555,0.07655958831310272,0.948724627494812,0.809940755367279,0.009005335159599781,0.06795956194400787,0.01581650972366333,0.025886211544275284,0.007615883834660053,0.019653882831335068
201505A,2015-11-07 09:00:00,insat,EMBC,0,0.4732719361782074,0.5705609321594238,0.042204439640045166,0.11418105661869049,0.03798685595393181,0.0009759991662576795,0.43453100323677063,0.15724316239356995,0.01200579572468996,0.1570388227701187
201505A,2015-11-07 21:00:00,insat,EYE,0,0.6502792835235596,0.0002110053028445691,0.1731622964143753,0.42815420031547546,0.056015998125076294,0.32843661308288574,0.006680947262793779,0.0005853526527062058,0.11386151611804962,0.2426127791404724
201505A,2015-11-08 03:00:00,insat,EYE,0,0.961880624294281,0.0007444847142323852,0.008439738303422928,0.04832819104194641,0.011847027577459812,0.0026013285387307405,0.0030394969508051872,0.0014067008160054684,0.014793025329709053,0.9469192624092102
201505A,2015-11-08 08:00:00,insat,EYE,0,0.9699077606201172,0.7160918712615967,0.008227120153605938,0.03087468259036541,0.008776482194662094,0.00010714520612964407,0.005685574375092983,0.12290942668914795,0.007403063587844372,0.13001693785190582
201505A,2015-11-09 03:30:00,insat,EMBC,0,0.019082941114902496,0.1517898440361023,0.7338689565658569,0.34704726934432983,0.025164075195789337,0.07047195732593536,0.19350941479206085,0.018256543204188347,0.02837461791932583,0.4124343693256378
201505A,2015-11-09 09:00:00,insat,IRRCDO,0,0.010304214432835579,0.22488977015018463,0.9287388324737549,0.35312408208847046,0.019724061712622643,0.16623036563396454,0.003577712457627058,0.02174399606883526,0.037655144929885864,0.23401178419589996
201505A,2015-11-09 15:00:00,insat,CRVBND,0,0.023826071992516518,9.273742762161419e-05,0.8548819422721863,0.043719030916690826,0.09027671068906784,0.9560434222221375,0.018509650602936745,2.9554317734437063e-05,0.012505541555583477,0.00011533535871421918
201505A,2015-11-09 21:00:00,insat,SHEAR,0,0.011591112241148949,1.5898225456112414e-06,0.004552479833364487,0.005120189860463142,0.9581062197685242,0.9948240518569946,0.012066426686942577,1.6222746523908427e-07,0.013683749362826347,5.405221236287616e-05
201601B,2016-05-19 15:00:00,insat,IRRCDO,4,0.009982161223888397,0.0010865338845178485,0.9449536800384521,0.6931104063987732,0.022579755634069443,0.21711280941963196,0.014131843112409115,0.016712607815861702,0.008352582342922688,0.07197760045528412
201601B,2016-05-19 21:00:00,insat,CRVBND,4,0.018797479569911957,0.00041068968130275607,0.7390676140785217,0.06321864575147629,0.023713376373052597,0.0005409024888649583,0.03538169711828232,0.010808467864990234,0.1830398440361023,0.925021231174469
201601B,2016-05-20 10:00:00,insat,EMBC,4,0.023426249623298645,0.538637638092041,0.04142172262072563,0.002526497235521674,0.008092321455478668,3.894220981237595e-07,0.9089101552963257,0.4533143639564514,0.01814958080649376,0.005521106533706188
201601B,2016-05-20 15:00:00,insat,CRVBND,4,0.009727520868182182,0.0016762939048931003,0.9108534455299377,0.28092312812805176,0.018057428300380707,0.002188744256272912,0.01909211277961731,0.03230878338217735,0.04226946830749512,0.6829030513763428
201602A,2016-06-27 09:00:00,insat,CRVBND,0,0.05423653498291969,0.002155514433979988,0.12706772983074188,0.3953804671764374,0.023679962381720543,0.010327229276299477,0.7385629415512085,0.2145024687051773,0.056452810764312744,0.37763428688049316
201602A,2016-06-27 15:00:00,insat,IRRCDO,0,0.020097821950912476,0.00012144936772529036,0.83438640832901,0.7277493476867676,0.01608235016465187,0.2513642907142639,0.04569045826792717,0.0017266490031033754,0.08374297618865967,0.019038192927837372
201602A,2016-06-28 03:00:00,insat,CRVBND,0,0.03236967325210571,0.00018826629093382508,0.7131472229957581,0.5968891978263855,0.05158549174666405,0.24896475672721863,0.013955840840935707,0.003846453269943595,0.18894173204898834,0.15011130273342133
201602A,2016-06-28 21:00:00,insat,SHEAR,0,0.020679736509919167,1.105631211584246e-11,0.03521566465497017,0.006857985630631447,0.9244273900985718,0.9931420683860779,0.00976576004177332,1.152752004962565e-09,0.009911449626088142,4.969091449424923e-08
201603B,2016-10-25 04:30:00,insat,EMBC,3,0.027918236330151558,0.06745047867298126,0.6897311210632324,0.21237684786319733,0.018096819519996643,0.00038991679321043193,0.030117854475975037,0.1756584644317627,0.23413589596748352,0.5441243052482605
201603B,2016-10-25 11:30:00,insat,EMBC,3,0.04610222950577736,0.06554511934518814,0.556198000907898,0.591647744178772,0.03632465377449989,0.007252245210111141,0.07161010801792145,0.12568791210651398,0.28976500034332275,0.2098669707775116
201603B,2016-10-26 12:00:00,insat,CRVBND,3,0.03551161289215088,0.005416295025497675,0.25955748558044434,0.7707929015159607,0.015134045854210854,0.17298045754432678,0.008508449420332909,0.007192527875304222,0.6812884211540222,0.043617770075798035
201603B,2016-10-27 00:00:00,insat,IRRCDO,3,0.07539498060941696,8.579962013754994e-06,0.42150500416755676,0.1611408293247223,0.45862072706222534,0.6517243981361389,0.01940932683646679,2.6843970772461034e-05,0.02507002092897892,0.18709933757781982
201603B,2016-10-27 04:30:00,insat,CRVBND,3,0.054292965680360794,0.002022573258727789,0.8520084023475647,0.73209148645401,0.019560888409614563,0.0942925438284874,0.01944456435739994,0.0031771366484463215,0.05469319969415665,0.16841627657413483
201604B,2016-11-30 03:30:00,insat,IRRCDO,2,0.016649045050144196,0.00020759442122653127,0.6640775203704834,0.7257773280143738,0.2671920657157898,0.17030172049999237,0.01682661660015583,0.004552153404802084,0.03525475040078163,0.09916115552186966
201604B,2016-11-30 09:00:00,insat,CRVBND,2,0.03308398649096489,1.81573886948172e-06,0.18372832238674164,0.16394272446632385,0.6399718523025513,0.8355064988136292,0.026847392320632935,0.00019036023877561092,0.11636843532323837,0.0003586522943805903
201604B,2016-11-30 15:00:00,insat,CRVBND,2,0.011467979289591312,1.0118673117176513e-06,0.055390115827322006,0.17824199795722961,0.8595011234283447,0.8210278153419495,0.007398262619972229,0.00026754586724564433,0.066242516040802,0.0004615703073795885
201604B,2016-11-30 21:00:00,insat,SHEAR,2,0.020859302952885628,1.2051270914525958e-07,0.07132462412118912,0.04367107152938843,0.8584210276603699,0.9562603235244751,0.010759755037724972,2.770430000964552e-05,0.0386352576315403,4.0863709728000686e-05
201604B,2016-12-01 03:00:00,insat,SHEAR,2,0.0027070899959653616,1.7597005808056565e-07,0.00739990035071969,0.01972445659339428,0.964543879032135,0.980268120765686,0.014945266768336296,3.189998324160115e-06,0.010403883643448353,4.053228622069582e-06
201604B,2016-12-01 09:00:00,insat,SHEAR,2,0.006451149936765432,5.0685535768479895e-08,0.007674436084926128,0.002242863178253174,0.9677888751029968,0.9977568984031677,0.004812320694327354,1.0593190324925672e-07,0.013273242861032486,7.394053369580433e-08
201604B,2016-12-01 15:00:00,insat,SHEAR,2,0.003952743951231241,1.2511800662196038e-07,0.0019012857228517532,0.001630889717489481,0.9777325391769409,0.9983687996864319,0.005128248129040003,1.3608917015517363e-07,0.011285116896033287,1.115432155529561e-07
201604B,2016-12-01 21:00:00,insat,SHEAR,2,0.005604558624327183,1.5098385119927116e-07,0.003928814083337784,0.008675488643348217,0.949852705001831,0.9912983775138855,0.006344967056065798,2.481088085914962e-05,0.034268926829099655,1.2310215424804483e-06
201605B,2016-12-07 15:00:00,insat,CRVBND,4,0.025599433109164238,0.4953455328941345,0.4672810435295105,0.026610391214489937,0.022886142134666443,6.418921111617237e-05,0.4399045407772064,0.42906415462493896,0.04432887211441994,0.04891572892665863
201605B,2016-12-07 20:30:00,insat,IRRCDO,4,0.02650056965649128,0.22354646027088165,0.0845150426030159,0.06505883485078812,0.0096783097833395,0.00010942715016426519,0.5370553731918335,0.547741174697876,0.3422507345676422,0.16354413330554962
201605B,2016-12-08 03:30:00,insat,CRVBND,4,0.02497667819261551,0.46551328897476196,0.825334370136261,0.17848365008831024,0.02311149425804615,0.0031900780741125345,0.08181052654981613,0.22568057477474213,0.04476690664887428,0.12713240087032318
201605B,2016-12-08 09:00:00,insat,CRVBND,4,0.01756262592971325,0.0020739156752824783,0.8902052640914917,0.5673854351043701,0.05901114642620087,0.3721730411052704,0.01638082228600979,0.009578077122569084,0.0168401338160038,0.04878957197070122
201605B,2016-12-08 15:00:00,insat,CRVBND,4,0.021059101447463036,5.045972102379892e-06,0.7063053846359253,0.39363086223602295,0.06338562071323395,0.1253051459789276,0.01958460733294487,0.0006075382698327303,0.18966534733772278,0.480451375246048
201605B,2016-12-08 20:30:00,insat,IRRCDO,4,0.03971020504832268,7.2667389758862555e-06,0.07522457093000412,0.2240261733531952,0.023187881335616112,0.015078285709023476,0.6295566558837891,0.0011485398281365633,0.2323206663131714,0.7597397565841675
201605B,2016-12-09 09:00:00,insat,IRRCDO,4,0.016478488221764565,4.044638262712397e-05,0.5322868824005127,0.5943414568901062,0.01596720702946186,0.2233618050813675,0.015810789540410042,0.0019946894608438015,0.41945669054985046,0.18026159703731537
201605B,2016-12-10 02:30:00,insat,EMBC,4,0.023818951100111008,0.5705437064170837,0.043543774634599686,0.006401124410331249,0.006536248605698347,5.764819889009232e-06,0.8753806948661804,0.41934657096862793,0.05072031542658806,0.0037028442602604628
201605B,2016-12-10 15:00:00,insat,EMBC,4,0.053154002875089645,0.029116561636328697,0.010564926080405712,0.1922551542520523,0.011472067795693874,0.0008893151534721255,0.8768681883811951,0.22209659218788147,0.047940757125616074,0.5556423664093018
201605B,2016-12-10 21:00:00,insat,EMBC,4,0.029571566730737686,0.04048939794301987,0.09934709966182709,0.1535397469997406,0.018700234591960907,0.00039337383350357413,0.5845836400985718,0.686208963394165,0.2677974998950958,0.11936857551336288
201605B,2016-12-11 21:00:00,insat,EYE,4,0.03644992783665657,0.2881985306739807,0.010303222574293613,0.009509969502687454,0.014989263378083706,5.1255119615234435e-06,0.9292283654212952,0.6613183617591858,0.009029248729348183,0.04096806049346924
201605B,2016-12-12 04:00:00,insat,EYE,4,0.02656766027212143,0.6429775357246399,0.05655670166015625,0.04264231398701668,0.010324104689061642,0.0001321428280789405,0.8190563321113586,0.26342064142227173,0.08749522268772125,0.05082743614912033
201701B,2017-04-16 03:00:00,insat,IRRCDO,3,0.054900556802749634,0.08521955460309982,0.8593847751617432,0.12995873391628265,0.025034837424755096,0.0009508887305855751,0.022811435163021088,0.2528529763221741,0.03786836192011833,0.5310178399085999
201701B,2017-04-16 09:10:00,insat,IRRCDO,3,0.05690191313624382,0.1996636539697647,0.21376071870326996,0.01164504699409008,0.014832654967904091,1.1608252862060908e-05,0.2937396764755249,0.4947555959224701,0.42076507210731506,0.29392409324645996
201701B,2017-04-16 15:40:00,insat,IRRCDO,3,0.03372848778963089,0.0331554152071476,0.8624748587608337,0.00578136183321476,0.015956265851855278,6.937071702850517e-06,0.037750184535980225,0.8799058794975281,0.050090231001377106,0.08115039020776749
201702B,2017-05-28 07:00:00,insat,EMBC,2,0.07524213939905167,0.18083173036575317,0.49819087982177734,0.1270119696855545,0.2602558732032776,5.408467131928774e-06,0.12644687294960022,0.5664645433425903,0.039864279329776764,0.12568628787994385
201702B,2017-05-28 12:10:00,insat,IRRCDO,2,0.02290230058133602,0.0008302224450744689,0.5755963921546936,0.8689400553703308,0.020325103774666786,0.0005517498357221484,0.05207664147019386,0.04707730934023857,0.32909950613975525,0.08260055631399155
201702B,2017-05-28 18:10:00,insat,IRRCDO,2,0.05240408331155777,0.0010265609016641974,0.6882089376449585,0.5642872452735901,0.09159637242555618,0.00010087153350468725,0.021467166021466255,0.06926202028989792,0.14632344245910645,0.3653232455253601
201702B,2017-05-29 00:10:00,insat,IRRCDO,2,0.03620174527168274,0.08949486911296844,0.8271923661231995,0.25909876823425293,0.02814035303890705,4.8029283789219335e-05,0.057248521596193314,0.48955801129341125,0.05121702328324318,0.161800354719162
201702B,2017-05-29 13:10:00,insat,IRRCDO,2,0.29297545552253723,3.252641181461513e-05,0.2231472134590149,0.9432389736175537,0.10191568732261658,0.028321411460638046,0.09494930505752563,0.020748214796185493,0.28701233863830566,0.007658931892365217
201702B,2017-05-29 22:40:00,insat,EYE,2,0.16577017307281494,0.03785163164138794,0.08180495351552963,0.2495836317539215,0.030659867450594902,0.0001814489223761484,0.3835454285144806,0.19574086368083954,0.3382195830345154,0.5166424512863159
201703B,2017-11-30 03:00:00,insat,EMBC,3,0.06991229206323624,0.5520488023757935,0.11024444550275803,0.028622077777981758,0.020132852718234062,4.793044718098827e-05,0.7630072832107544,0.41134291887283325,0.036703113466501236,0.007938312366604805
201703A,2017-11-30 08:30:00,insat,EMBC,1,0.014550549909472466,0.5351399183273315,0.02039230428636074,0.013338951393961906,0.019327206537127495,1.4719664704898605e-06,0.9264085292816162,0.44482922554016113,0.01932133175432682,0.006690473295748234
201703B,2017-11-30 14:30:00,insat,EYE,3,0.02071264572441578,0.5730701088905334,0.031560979783535004,0.019713323563337326,0.008645173162221909,2.026286892942153e-05,0.918602705001831,0.39331746101379395,0.020478567108511925,0.013878808356821537
201703B,2017-12-01 03:00:00,insat,EYE,3,0.03885018453001976,0.26055434346199036,0.005207417067140341,0.024950385093688965,0.005460632499307394,1.709018397377804e-05,0.9371599555015564,0.6974042654037476,0.013321787118911743,0.01707391068339348
201703B,2017-12-01 09:30:00,insat,EMBC,3,0.03071589581668377,0.2908285856246948,0.8797198534011841,0.2153709977865219,0.015401518903672695,0.0007483537192456424,0.01836853288114071,0.47039955854415894,0.05579424649477005,0.022652534767985344
201703B,2017-12-01 15:30:00,insat,EYE,3,0.22509677708148956,0.3574107587337494,0.016610799357295036,0.27533581852912903,0.011485540308058262,0.00197627698071301,0.7154170274734497,0.3363279700279236,0.031389832496643066,0.028949223458766937
201703B,2017-12-01 22:00:00,insat,EYE,3,0.06259065121412277,0.16944457590579987,0.01352705154567957,0.3203544020652771,0.017320090904831886,0.001443442772142589,0.8772040009498596,0.3853748142719269,0.02935812994837761,0.12338271737098694
201703B,2017-12-02 03:00:00,insat,EYE,3,0.956718921661377,0.3153979182243347,0.005472698714584112,0.13003435730934143,0.008532914333045483,0.0006694560288451612,0.010635355487465858,0.5034739971160889,0.018640218302607536,0.050424277782440186
201703B,2017-12-02 09:00:00,insat,EYE,3,0.3868846595287323,0.22814902663230896,0.014162709005177021,0.3262585699558258,0.012726626358926296,0.004288313910365105,0.5474510192871094,0.3042072653770447,0.03877494856715202,0.1370968520641327
201703B,2017-12-03 04:00:00,insat,IRRCDO,3,0.021235469728708267,0.1798544079065323,0.9093211889266968,0.6609545946121216,0.008851094171404839,0.021214643493294716,0.019080813974142075,0.12181176990270615,0.041511420160532,0.01616465300321579
201703B,2017-12-03 14:30:00,insat,EMBC,3,0.06283831596374512,0.465555876493454,0.14899557828903198,0.02585846744477749,0.014932549558579922,3.444164030952379e-05,0.6935617327690125,0.5031265020370483,0.07967182248830795,0.005424728617072105
201703B,2017-12-03 21:00:00,insat,EMBC,3,0.021264735609292984,0.6306299567222595,0.012342175468802452,0.08917228132486343,0.012673581950366497,0.0002742321521509439,0.9283967614173889,0.26879802346229553,0.02532265894114971,0.011125537566840649
201703B,2017-12-04 04:00:00,insat,EMBC,3,0.03492110222578049,0.5926793813705444,0.8362470269203186,0.07956808805465698,0.01581808552145958,0.00019417237490415573,0.051729343831539154,0.3178160786628723,0.06128452345728874,0.009742284193634987
201703B,2017-12-05 09:00:00,insat,SHEAR,3,0.011189479380846024,8.496511145494878e-05,0.0020684830378741026,0.036620546132326126,0.9517608880996704,0.9632842540740967,0.01597701758146286,4.906626600131858e-06,0.01900411769747734,5.229805083217798e-06
201703B,2017-12-05 17:00:00,insat,SHEAR,3,0.01337628997862339,5.4040333452576306e-06,0.0030626985244452953,0.008216716349124908,0.9548665881156921,0.9917776584625244,0.0103734927251935,9.712159254604558e-08,0.018320921808481216,7.209402497210249e-08
201704B,2017-12-08 21:00:00,insat,CRVBND,0,0.03247084096074104,0.013886667788028717,0.9295470118522644,0.7656275033950806,0.01202000118792057,0.044243887066841125,0.012135238386690617,0.021671701222658157,0.013826929032802582,0.15457022190093994
201704B,2017-12-09 03:00:00,insat,CRVBND,0,0.02339206077158451,0.11606380343437195,0.8966473937034607,0.6865034699440002,0.025893298909068108,0.011358129791915417,0.03686398267745972,0.11527955532073975,0.017203310504555702,0.07079506665468216
201704B,2017-12-09 09:00:00,insat,SHEAR,0,0.008181003853678703,3.7597510527120903e-07,0.001644901349209249,0.03618643060326576,0.9721588492393494,0.9638090133666992,0.009758352302014828,8.177578934009944e-07,0.008256926201283932,3.3726580568327336e-06
201704B,2017-12-09 15:00:00,insat,SHEAR,0,0.00882660411298275,2.521930468901701e-07,0.0020301099866628647,0.02327963151037693,0.9697248935699463,0.9767160415649414,0.009992308914661407,8.270968123724742e-07,0.009426102973520756,3.306945245640236e-06
201704B,2017-12-09 21:00:00,insat,SHEAR,0,0.007478137034922838,1.6421068949057371e-07,0.0018173069693148136,0.01021293643862009,0.9689374566078186,0.9897867441177368,0.009344542399048805,1.7219843329030482e-08,0.012422582134604454,8.322355427026196e-08
201704B,2017-12-10 03:45:00,insat,SHEAR,0,0.008012522011995316,1.6131069457969716e-07,0.0020517699886113405,0.01432205643504858,0.9665877223014832,0.9856773614883423,0.009562722407281399,3.9473488300245663e-07,0.013785338960587978,1.3868847759113123e-07
201801A,2018-05-17 00:00:00,insat,CRVBND,2,0.062757208943367,0.0024733180180191994,0.2538107931613922,0.002820253139361739,0.17323975265026093,0.00010503819794394076,0.01021112222224474,0.0004913079319521785,0.4999811053276062,0.9941100478172302
201801A,2018-05-17 11:00:00,insat,IRRCDO,2,0.05411141365766525,0.13697703182697296,0.12484846264123917,0.09667883068323135,0.6661150455474854,0.001032605767250061,0.06026097759604454,0.5112020373344421,0.09466416388750076,0.2541094422340393
201801A,2018-05-17 18:00:00,insat,CRVBND,2,0.013413306325674057,0.008450343273580074,0.006985015235841274,0.05777973309159279,0.8606411218643188,0.0007484294474124908,0.010337276384234428,0.060185689479112625,0.10862323641777039,0.8728357553482056
201801A,2018-05-18 00:00:00,insat,EMBC,2,0.023277737200260162,4.844431487072143e-07,0.011125760152935982,0.0006712466711178422,0.43233197927474976,2.811359263432678e-05,0.004168471321463585,1.5696317632318824e-06,0.5290960669517517,0.9992985725402832
201801A,2018-05-18 18:00:00,insat,IRRCDO,2,0.009446699172258377,2.3961621871252704e-15,0.002427906496450305,6.726552965119481e-05,0.9389046430587769,0.9999326467514038,0.002473067259415984,9.413250040557486e-11,0.04674762114882469,6.323372758743062e-08
201802A,2018-05-22 12:00:00,insat,CRVBND,1,0.01572130247950554,0.17830049991607666,0.020527875050902367,0.011680494993925095,0.03166017681360245,4.90673528474872e-08,0.7895437479019165,0.6954892873764038,0.1425469070672989,0.11452969908714294
201802A,2018-05-23 19:00:00,insat,EMBC,1,0.04798009991645813,0.1504538357257843,0.006738369818776846,0.03252539038658142,0.01951933279633522,5.373897238314385e-07,0.8817753195762634,0.7555391192436218,0.04398689046502113,0.06148106977343559
201802A,2018-05-24 12:30:00,insat,EMBC,1,0.23223701119422913,0.148725226521492,0.15775200724601746,0.17571412026882172,0.05551402270793915,9.147211676463485e-05,0.5066291093826294,0.5446482300758362,0.04786785691976547,0.13082093000411987
201802A,2018-05-24 16:45:00,insat,EYE,1,0.936102569103241,0.07957405596971512,0.006287086755037308,0.07073324173688889,0.010363222099840641,5.581664026976796e-06,0.021070776507258415,0.26189714670181274,0.02617635577917099,0.5877899527549744
201802A,2018-05-24 23:00:00,insat,EMBC,1,0.9262722730636597,0.06817741692066193,0.004233368206769228,0.12569764256477356,0.010224290192127228,3.096705040661618e-05,0.0162883959710598,0.34012624621391296,0.042981769889593124,0.4659677743911743
201802A,2018-05-25 19:00:00,insat,EYE,1,0.897619903087616,0.12285289913415909,0.0051703909412026405,0.0412377305328846,0.010770288296043873,2.0567861156450817e-06,0.06893833726644516,0.7853695750236511,0.017501043155789375,0.05053764954209328
201805A,2018-10-08 06:00:00,insat,CRVBND,2,0.16261179745197296,0.26681017875671387,0.3197173774242401,0.220272496342659,0.040989719331264496,0.0019819685257971287,0.37475696206092834,0.44608309864997864,0.10192416608333588,0.06485233455896378
201805A,2018-10-08 12:00:00,insat,CRVBND,2,0.09048023819923401,0.05952625349164009,0.6467525362968445,0.6120620369911194,0.036853253841400146,0.23175151646137238,0.15447545051574707,0.07595598697662354,0.0714385062456131,0.02070416323840618
201805A,2018-10-08 23:00:00,insat,EMBC,2,0.02307208627462387,0.16465280950069427,0.008246294222772121,0.14249446988105774,0.013676649890840054,0.0005138720734976232,0.9376850128173828,0.34131622314453125,0.017319947481155396,0.3510226905345917
201805A,2018-10-09 06:30:00,insat,CRVBND,2,0.04498367756605148,0.0007641426636837423,0.05531878396868706,0.653213620185852,0.023179393261671066,0.2156289517879486,0.8480145335197449,0.00568343186751008,0.028503620997071266,0.124709852039814
201805A,2018-10-09 12:00:00,insat,EMBC,2,0.03856902942061424,0.23056314885616302,0.03325267508625984,0.2265266627073288,0.01722978614270687,0.0026009855791926384,0.887123703956604,0.40448546409606934,0.02382478304207325,0.13582368195056915
201805A,2018-10-10 05:30:00,insat,EYE,2,0.646541953086853,0.08815661072731018,0.007289753295481205,0.6537630558013916,0.021741094067692757,0.03553640842437744,0.2708836793899536,0.146017923951149,0.05354347452521324,0.07652600109577179
201806B,2018-10-10 06:00:00,insat,EMBC,0,0.8392364978790283,0.4092314839363098,0.06143888086080551,0.10150685906410217,0.025888716802001,0.001039867172949016,0.04872377589344978,0.4322400391101837,0.024712128564715385,0.05598176643252373
201805A,2018-10-10 12:00:00,insat,CRVBND,2,0.7626168727874756,0.06704925000667572,0.00943384412676096,0.7005033493041992,0.02495652250945568,0.043123576790094376,0.1466735452413559,0.13788443803787231,0.05631914734840393,0.051439400762319565
201806B,2018-10-10 12:00:00,insat,EYE,0,0.9453568458557129,0.39799344539642334,0.010158746503293514,0.20460540056228638,0.018112169578671455,0.004958613775670528,0.005648704245686531,0.29145926237106323,0.02072349563241005,0.10098327696323395
201805A,2018-10-10 23:45:00,insat,CRVBND,2,0.3245004415512085,0.014440308324992657,0.5807675123214722,0.6547209024429321,0.030637040734291077,0.24201329052448273,0.025273757055401802,0.01572263613343239,0.038821227848529816,0.07310282438993454
201806B,2018-10-10 23:15:00,insat,EMBC,0,0.9786635637283325,0.9338792562484741,0.0027503438759595156,0.0024692860897630453,0.007096601650118828,1.4826363440079149e-05,0.005072941537946463,0.05824211239814758,0.006416585762053728,0.005394563544541597
201805A,2018-10-11 05:45:00,insat,CRVBND,2,0.14094264805316925,0.0004821641487069428,0.657128632068634,0.44650799036026,0.028944043442606926,0.5457616448402405,0.13010989129543304,0.004757934715598822,0.0428747683763504,0.002490323968231678
201805A,2018-10-11 12:15:00,insat,CRVBND,2,0.05668823793530464,0.1628185510635376,0.7413116693496704,0.5654387474060059,0.012654348276555538,0.055459149181842804,0.1674572378396988,0.09488051384687424,0.021888548508286476,0.12140302360057831
201805A,2018-10-11 23:45:00,insat,CRVBND,2,0.05032291263341904,0.0007788809598423541,0.8112461566925049,0.5850837826728821,0.10137765854597092,0.3917502164840698,0.008338026702404022,0.0034860463347285986,0.02871519699692726,0.018901070579886436
201805A,2018-10-12 06:15:00,insat,CRVBND,2,0.05703756958246231,0.009255134500563145,0.605812132358551,0.7409236431121826,0.024850714951753616,0.19232438504695892,0.2671007812023163,0.011913588270545006,0.04519885405898094,0.045583177357912064
201805A,2018-10-12 12:00:00,insat,CRVBND,2,0.01168464682996273,0.0001307855563936755,0.8448825478553772,0.16588430106639862,0.02857697755098343,0.833268404006958,0.01785471849143505,0.0002691095578484237,0.0970011055469513,0.000447407946921885
201805A,2018-10-13 00:15:00,insat,SHEAR,2,0.0040520429611206055,0.0006926523637957871,0.8960508704185486,0.6859443783760071,0.015225732699036598,0.2501601576805115,0.008875422179698944,0.0029906565323472023,0.07579589635133743,0.06021212413907051
201805A,2018-10-13 06:15:00,insat,CRVBND,2,0.04497099295258522,0.01079572830349207,0.6456289887428284,0.7304529547691345,0.14233383536338806,0.20338286459445953,0.044692087918519974,0.01623127982020378,0.1223740503191948,0.039137180894613266
201805A,2018-10-13 12:00:00,insat,CRVBND,2,0.0215854924172163,0.0008938061073422432,0.9280202388763428,0.5441640019416809,0.014932475052773952,0.4363250136375427,0.020013485103845596,0.005485830828547478,0.015448251739144325,0.013131297193467617
201805A,2018-10-14 00:00:00,insat,CRVBND,2,0.04750387743115425,1.086692691387725e-06,0.20622871816158295,0.020861467346549034,0.6359273791313171,0.9791168570518494,0.026189111173152924,1.7356102034682408e-05,0.0841510221362114,3.2144159831659636e-06
201807B,2018-11-10 20:45:00,insat,IRRCDO,3,0.04784417152404785,0.07521793246269226,0.17605845630168915,0.016918210312724113,0.023767627775669098,5.979075649520382e-05,0.11978055536746979,0.1040596067905426,0.6325491070747375,0.8037444949150085
201807B,2018-11-11 03:15:00,insat,CRVBND,3,0.025187740102410316,0.21475893259048462,0.07161357253789902,0.004969658330082893,0.016412680968642235,4.187508238828741e-06,0.5721985101699829,0.46135735511779785,0.3145875334739685,0.3189098834991455
201807B,2018-11-11 09:15:00,insat,CRVBND,3,0.04621456190943718,0.18341106176376343,0.29758936166763306,0.004763403907418251,0.018654856830835342,3.3183857794938376e-06,0.3026612401008606,0.6759710907936096,0.33487990498542786,0.1358511596918106
201807B,2018-11-11 15:15:00,insat,CRVBND,3,0.06784768402576447,0.19450174272060394,0.46853482723236084,0.011547406204044819,0.019234325736761093,5.516909368452616e-06,0.3517642915248871,0.5979552865028381,0.09261886775493622,0.19599007070064545
201807B,2018-11-11 20:45:00,insat,IRRCDO,3,0.05205026641488075,0.06360038369894028,0.6095075011253357,0.1021006628870964,0.020866423845291138,0.00028283600113354623,0.21768313646316528,0.4611898958683014,0.09989266842603683,0.3728262186050415
201807B,2018-11-12 02:45:00,insat,CRVBND,3,0.05470931529998779,0.0004028947732876986,0.8650496602058411,0.5298223495483398,0.029605643823742867,0.12151995301246643,0.018896501511335373,0.011784554459154606,0.03173888102173805,0.33647027611732483
201807B,2018-11-12 08:45:00,insat,CRVBND,3,0.042001061141490936,0.00013289102935232222,0.8661719560623169,0.06505728513002396,0.025483842939138412,0.0030188742093741894,0.030393507331609726,0.0010150658199563622,0.035949598997831345,0.9307758212089539
201807B,2018-11-12 15:15:00,insat,CRVBND,3,0.06015295907855034,0.007415512576699257,0.565338671207428,0.773444414138794,0.3285984694957733,0.0882052481174469,0.012786814011633396,0.03400406986474991,0.033123087137937546,0.09693072736263275
201807B,2018-11-12 21:15:00,insat,CRVBND,3,0.05055205523967743,0.8080061078071594,0.08789719641208649,0.0004468303523026407,0.011260021477937698,5.408714542909365e-08,0.20503012835979462,0.16719816625118256,0.6452605724334717,0.02434876561164856
201807B,2018-11-13 03:15:00,insat,CRVBND,3,0.04990360140800476,0.8842043876647949,0.5953271985054016,0.0016647838056087494,0.014741934835910797,1.871733729785774e-06,0.26162898540496826,0.08788230270147324,0.07839827984571457,0.026246648281812668
201807B,2018-11-13 09:15:00,insat,CRVBND,3,0.039132896810770035,0.25985169410705566,0.8960909843444824,0.17799866199493408,0.025685785338282585,0.002597157144919038,0.017560603097081184,0.2804013788700104,0.02152971737086773,0.2791510820388794
201807B,2018-11-13 15:15:00,insat,EYE,3,0.04864116013050079,0.36594459414482117,0.8256920576095581,0.03420942649245262,0.015737950801849365,0.00022701677517034113,0.011045039631426334,0.06423493474721909,0.0988837480545044,0.535383939743042
201807B,2018-11-14 09:00:00,insat,EMBC,3,0.08030812442302704,0.4981176555156708,0.3711223900318146,0.011956846341490746,0.014743255451321602,2.4643350116093643e-05,0.48456645011901855,0.4786509871482849,0.04925985261797905,0.011249766685068607
201807B,2018-11-14 15:45:00,insat,EMBC,3,0.07977654784917831,0.4943307638168335,0.3532775044441223,0.11105643957853317,0.019712431356310844,0.0007786917849443853,0.08265486359596252,0.27375528216362,0.4645787179470062,0.12007878720760345
201807B,2018-11-15 08:45:00,insat,EMBC,3,0.043186500668525696,0.24936090409755707,0.008572228252887726,0.06578371673822403,0.024674199521541595,0.00019496695313137025,0.2784743010997772,0.47557714581489563,0.6450928449630737,0.20908325910568237
201807B,2018-11-15 15:45:00,insat,EMBC,3,0.07471933215856552,0.6730529069900513,0.0027121000457555056,0.007286162115633488,0.01922515593469143,1.045131739374483e-05,0.8621757626533508,0.1071939766407013,0.04116757959127426,0.2124565690755844
201807B,2018-11-16 19:45:00,insat,CRVBND,3,0.014850908890366554,0.08712490648031235,0.0343560054898262,0.3397820293903351,0.011616045609116554,0.0024491921067237854,0.02488621510565281,0.10605195164680481,0.9142907857894897,0.46459197998046875
201807B,2018-11-17 03:15:00,insat,CRVBND,3,0.07548508048057556,0.034237492829561234,0.5633708834648132,0.3337430953979492,0.0302311722189188,0.0020164840389043093,0.12735439836978912,0.0827445238828659,0.20355841517448425,0.5472584366798401
201807B,2018-11-17 10:15:00,insat,CRVBND,3,0.03174068406224251,0.26986798644065857,0.5800816416740417,0.2233932912349701,0.011730004101991653,0.0014317076420411468,0.3011499345302582,0.3354541063308716,0.07529772073030472,0.1698528528213501
201807B,2018-11-17 13:45:00,insat,CRVBND,3,0.033368829637765884,0.16665378212928772,0.3121819794178009,0.2207559496164322,0.02731175720691681,0.004271137528121471,0.019909648224711418,0.12034448981285095,0.6072278022766113,0.4879746437072754
201807B,2018-11-18 09:15:00,insat,CRVBND,3,0.015212982892990112,0.31471624970436096,0.07182776927947998,0.08428069949150085,0.010586781427264214,0.0001558083895361051,0.8731551170349121,0.45702075958251953,0.0292174331843853,0.1438264548778534
201807B,2018-11-18 15:15:00,insat,SHEAR,3,0.023890335112810135,0.0017192517407238483,0.8848998546600342,0.766039252281189,0.017448823899030685,0.127604141831398,0.024050051346421242,0.005533740855753422,0.049710966646671295,0.09910360723733902
201807B,2018-11-18 21:15:00,insat,SHEAR,3,0.05434948578476906,1.688908639607689e-07,0.7473813891410828,0.07239501178264618,0.16266857087612152,0.927447497844696,0.009095244109630585,2.7892081106983824e-06,0.02650531381368637,0.00015451436047442257
201807B,2018-11-19 03:15:00,insat,SHEAR,3,0.08756384998559952,6.23526721028611e-05,0.7378565073013306,0.05131979659199715,0.05639112368226051,0.00341355730779469,0.04176453873515129,0.0008895586943253875,0.07642406225204468,0.9443146586418152
201807B,2018-11-19 09:15:00,insat,CRVBND,3,0.04113834723830223,0.023031819611787796,0.8657846450805664,0.7377557158470154,0.017833709716796875,0.018029646947979927,0.025609292089939117,0.13284505903720856,0.04963408038020134,0.0883377194404602
201807B,2018-11-19 15:15:00,insat,SHEAR,3,0.012822797521948814,0.0009799599647521973,0.0024143739137798548,0.48208239674568176,0.9551576375961304,0.4271085560321808,0.008923831395804882,0.0002904216817114502,0.02068132720887661,0.08953869342803955
201808B,2018-12-15 15:15:00,insat,IRRCDO,4,0.012462425045669079,3.568736428860575e-05,0.7838242650032043,0.03792380169034004,0.036054231226444244,0.0002486088196747005,0.01203312911093235,0.0023930715397000313,0.15562598407268524,0.9593988060951233
201808B,2018-12-16 21:00:00,insat,EMBC,4,0.026384854689240456,0.4294005334377289,0.28661781549453735,0.0284064169973135,0.02190568670630455,4.0586084651295096e-05,0.6231234073638916,0.45283880829811096,0.04196824133396149,0.08931368589401245
201808B,2018-12-17 09:15:00,insat,CRVBND,4,0.022146428003907204,0.047402482479810715,0.7379235625267029,0.72419673204422,0.20678973197937012,0.16298481822013855,0.014831135980784893,0.03836718574166298,0.01830916851758957,0.027048824355006218
201901B,2019-04-27 14:45:00,insat,IRRCDO,0,0.03623871132731438,8.068350871326402e-05,0.10031071305274963,0.5432075262069702,0.022704465314745903,0.10864365100860596,0.016184527426958084,0.008202188648283482,0.824561595916748,0.3398659825325012
201901B,2019-04-28 02:45:00,insat,CRVBND,0,0.04517539218068123,6.164823571452871e-05,0.83211350440979,0.33836236596107483,0.04818335920572281,0.16502420604228973,0.023768464103341103,0.0026598291005939245,0.050759218633174896,0.4938919246196747
201901B,2019-04-28 09:15:00,insat,EMBC,0,0.04218203201889992,0.05279288813471794,0.7803187370300293,0.36440035700798035,0.0171604473143816,0.01643221825361252,0.031262267380952835,0.17746932804584503,0.1290765106678009,0.3889051675796509
201901B,2019-04-28 15:15:00,insat,CRVBND,0,0.10856181383132935,0.0038567385636270046,0.623012363910675,0.33342328667640686,0.02320416457951069,0.4955807328224182,0.004657648503780365,0.008029923774302006,0.2405640333890915,0.15910927951335907
201901B,2019-04-30 08:45:00,insat,EMBC,0,0.047830142080783844,0.017208658158779144,0.02026708610355854,0.4845285415649414,0.0377013199031353,0.07780808210372925,0.7439516186714172,0.0699075385928154,0.15024982392787933,0.3505472242832184
201901B,2019-05-01 04:15:00,insat,EMBC,0,0.006502932868897915,0.00045776652405038476,0.035546109080314636,0.3267901539802551,0.0015064042527228594,0.1422499269247055,0.006817888002842665,0.007288116030395031,0.9496266841888428,0.5232140421867371
201901B,2019-05-01 09:15:00,insat,EYE,0,0.9001350402832031,0.5535539984703064,0.02499130554497242,0.11384078115224838,0.014590777456760406,0.011229848489165306,0.04635785520076752,0.11645922064781189,0.013925053179264069,0.20491616427898407
201901B,2019-05-01 15:15:00,insat,EYE,0,0.9799069166183472,0.21245770156383514,0.0023852442391216755,0.07576189935207367,0.005065471399575472,0.011879298835992813,0.005062752868980169,0.02634911984205246,0.0075796255841851234,0.6735519766807556
201901B,2019-05-02 03:45:00,insat,EMBC,0,0.8740430474281311,0.013647779822349548,0.001289296429604292,0.025827428326010704,0.009111850522458553,0.0007668003672733903,0.10880574584007263,0.009511112235486507,0.006749975960701704,0.9502468109130859
201901B,2019-05-02 09:15:00,insat,EYE,0,0.9801186323165894,0.9427829384803772,0.0005988168413750827,0.00030981568852439523,0.002838247688487172,2.4369145990021934e-07,0.012760275974869728,0.050061486661434174,0.0036840022075921297,0.006845514755696058
201901B,2019-05-02 14:45:00,insat,EYE,0,0.980342447757721,0.9053848385810852,0.0009360176627524197,0.00027428288012742996,0.003478940110653639,4.8964238885673694e-08,0.011452759616076946,0.08784476667642593,0.0037897999864071608,0.0064961276948452
201902A,2019-06-10 14:45:00,insat,IRRCDO,2,0.041713520884513855,1.364290369565424e-06,0.41568294167518616,0.08581465482711792,0.0975002571940422,0.012273697182536125,0.08523079752922058,0.00010131818271474913,0.35987257957458496,0.9018089771270752
201902A,2019-06-10 20:45:00,insat,CRVBND,2,0.07394171506166458,4.032960350741632e-05,0.41074109077453613,0.34140312671661377,0.28949427604675293,0.022432750090956688,0.03852832689881325,0.0032622371800243855,0.187294602394104,0.6328615546226501
201902A,2019-06-11 03:45:00,insat,IRRCDO,2,0.029050305485725403,1.5398104551422875e-06,0.16394488513469696,0.6429662704467773,0.3089424669742584,0.29599472880363464,0.019815251231193542,0.0013417229056358337,0.4782470464706421,0.05969574302434921
201902A,2019-06-11 09:15:00,insat,EMBC,2,0.03935772925615311,0.013114048168063164,0.7542593479156494,0.2698167860507965,0.06240501627326012,0.0005330855492502451,0.08736646175384521,0.3016454577445984,0.05661141127347946,0.4148906171321869
201902A,2019-06-11 14:45:00,insat,EYE,2,0.6453622579574585,0.00060181476874277,0.07078206539154053,0.16754452884197235,0.05450189858675003,0.0010317594278603792,0.10394905507564545,0.029475098475813866,0.12540479004383087,0.8013467788696289
201902A,2019-06-11 20:45:00,insat,IRRCDO,2,0.031127439811825752,2.4931545340223238e-05,0.08060438185930252,0.31220507621765137,0.038629285991191864,0.014335277490317822,0.006606088485568762,0.0033981986343860626,0.8430327773094177,0.6700364947319031
201902A,2019-06-12 10:15:00,insat,EMBC,2,0.14575926959514618,0.01723526418209076,0.2655993700027466,0.06349755078554153,0.2070625275373459,8.98602738743648e-05,0.14307378232479095,0.11548890173435211,0.23850500583648682,0.8036884069442749
201902A,2019-06-12 16:15:00,insat,IRRCDO,2,0.11933660507202148,0.00010056926839752123,0.10167902708053589,0.3423941135406494,0.04004962742328644,0.1072385162115097,0.01791043020784855,0.005073335953056812,0.7210242748260498,0.5451934337615967
201902A,2019-06-13 08:15:00,insat,EYE,2,0.9527656435966492,0.0603521391749382,0.002261342480778694,0.03626051917672157,0.010601747781038284,6.162178760860115e-05,0.0055721355602145195,0.17621591687202454,0.028799114748835564,0.7271098494529724
201902A,2019-06-13 15:15:00,insat,EYE,2,0.9562336802482605,0.0024063237942755222,0.005398646462708712,0.10624056309461594,0.007834036834537983,0.0015164515934884548,0.004009336233139038,0.016732048243284225,0.02652437798678875,0.8731046915054321
201902A,2019-06-14 01:45:00,insat,EMBC,2,0.4695902466773987,0.0030688231345266104,0.021586991846561432,0.549969494342804,0.02600262686610222,0.03674034774303436,0.410359263420105,0.06106792762875557,0.07246083766222,0.34915345907211304
201902A,2019-06-14 09:15:00,insat,EYE,2,0.36923372745513916,0.011297381483018398,0.009270989336073399,0.5254950523376465,0.0170051921159029,0.011499431915581226,0.5653598308563232,0.06926250457763672,0.03913019225001335,0.38244563341140747
201902A,2019-06-14 14:45:00,insat,CRVBND,2,0.3898686468601227,0.0017137607792392373,0.03159588202834129,0.7292835116386414,0.038061708211898804,0.1645420789718628,0.48198968172073364,0.033913590013980865,0.05848398432135582,0.07054697722196579
201902A,2019-06-15 03:15:00,insat,EYE,2,0.20632849633693695,0.002682833932340145,0.01861613430082798,0.07533279806375504,0.022126968950033188,5.6037551985355094e-05,0.7010563015937805,0.0803101658821106,0.05187205970287323,0.8416181206703186
201902A,2019-06-15 07:45:00,insat,EYE,2,0.027849411591887474,0.0022456212900578976,0.006118273362517357,0.16710050404071808,0.023390721529722214,0.004563556052744389,0.9272362589836121,0.014937339350581169,0.015405422076582909,0.8111530542373657
201902A,2019-06-15 15:15:00,insat,CRVBND,2,0.5837543606758118,0.0015102301258593798,0.023980040103197098,0.7166933417320251,0.07764945924282074,0.13049395382404327,0.2210608571767807,0.023859336972236633,0.09355533123016357,0.1274431198835373
201902A,2019-06-15 20:45:00,insat,IRRCDO,2,0.6389248371124268,0.0003207328263670206,0.07833264768123627,0.6953508257865906,0.13019202649593353,0.0862833708524704,0.09263183176517487,0.018765507265925407,0.05991869047284126,0.1992795765399933
201902A,2019-06-16 03:15:00,insat,CRVBND,2,0.01124696247279644,1.338544848294987e-07,0.38650718331336975,0.25634509325027466,0.5068615078926086,0.7393935322761536,0.016846664249897003,0.0002808116842061281,0.07853766530752182,0.0039804307743906975
201902A,2019-06-16 08:15:00,insat,IRRCDO,2,0.012725300155580044,9.808303502722993e-07,0.03423915058374405,0.32067978382110596,0.8927081227302551,0.6102458834648132,0.046675991266965866,8.699552563484758e-05,0.013651414774358273,0.06898637861013412
201902A,2019-06-16 14:45:00,insat,SHEAR,2,0.014680434949696064,5.85613246784078e-09,0.02117893658578396,0.04499867931008339,0.8366311192512512,0.9541409611701965,0.006341154687106609,1.8751370589598082e-06,0.12116837501525879,0.0008584794704802334
201902A,2019-06-16 21:15:00,insat,SHEAR,2,0.02041587419807911,2.347704430860631e-08,0.0027940995059907436,0.00047971567255444825,0.9336155652999878,0.9995203018188477,0.009610651060938835,1.046234121560019e-08,0.033563777804374695,1.657253712039619e-08
201902A,2019-06-17 03:15:00,insat,SHEAR,2,0.002239971188828349,4.627512151245128e-09,0.0013297119876369834,0.00019503208750393242,0.9897115230560303,0.9998050332069397,0.0014428693102672696,2.868616233442367e-09,0.005275886971503496,4.268970954512952e-09
201902A,2019-06-17 09:15:00,insat,SHEAR,2,0.006533410400152206,1.3739229753895188e-09,0.0007592912879772484,0.0003677586209960282,0.9630998373031616,0.9996321201324463,0.005907777231186628,1.5416999588069302e-07,0.023699790239334106,2.843680491082523e-08
201903A,2019-09-23 03:45:00,insat,EMBC,1,0.03874337673187256,0.00018389010801911354,0.8729007244110107,0.6248847842216492,0.01801026239991188,0.02293062023818493,0.014334168285131454,0.0035649966448545456,0.056011464446783066,0.3484356999397278
201903A,2019-09-23 09:15:00,insat,CRVBND,1,0.3460030257701874,6.0210080846445635e-05,0.051297351717948914,0.687582790851593,0.01037780474871397,0.2697039246559143,0.0140535281971097,0.0018034540116786957,0.57826828956604,0.04084962606430054
201903A,2019-09-23 14:45:00,insat,EMBC,1,0.08276905119419098,3.768003807635978e-05,0.11355462670326233,0.48290857672691345,0.03581686690449715,0.13354279100894928,0.057285431772470474,0.0007040071650408208,0.7105740308761597,0.3828068971633911
201903A,2019-09-24 01:45:00,insat,EYE,1,0.032337553799152374,0.00017764593940228224,0.01413069386035204,0.07528604567050934,0.017619095742702484,0.0024921323638409376,0.010411623865365982,0.00040966359665617347,0.9255010485649109,0.9216345548629761
201903A,2019-09-24 14:15:00,insat,EMBC,1,0.023625900968909264,0.00036026339512318373,0.7983980774879456,0.6312436461448669,0.019569896161556244,0.3116948902606964,0.01841455139219761,0.0011431603925302625,0.13999159634113312,0.05555807426571846
201904A,2019-10-25 12:45:00,insat,EMBC,1,0.014796183444559574,0.4678545594215393,0.00611661234870553,0.009097651578485966,0.011727460660040379,2.2368490704138821e-07,0.9486722946166992,0.3004434108734131,0.01868746243417263,0.22260411083698273
201904A,2019-10-25 22:45:00,insat,EMBC,1,0.00973073486238718,0.11439448595046997,0.00396824860945344,0.01763695850968361,0.010912582278251648,7.485079578373188e-08,0.952027440071106,0.6507441401481628,0.02336101606488228,0.2172243446111679
201904A,2019-10-26 07:15:00,insat,EMBC,1,0.07450376451015472,0.0022442908957600594,0.01856423355638981,0.46404796838760376,0.016720309853553772,0.0008174965623766184,0.014491303823888302,0.07542320340871811,0.8757203817367554,0.45746710896492004
201904A,2019-10-26 12:15:00,insat,EYE,1,0.9571937918663025,0.0011506725568324327,0.002049329923465848,0.023826077580451965,0.009725973941385746,1.0230447514913976e-05,0.005555480252951384,0.00337943690828979,0.02547534741461277,0.9716335535049438
201904A,2019-10-27 00:15:00,insat,EYE,1,0.9703031182289124,0.27553820610046387,0.0026782609056681395,0.03348598629236221,0.00788791012018919,1.081386244550231e-06,0.005476007238030434,0.31663694977760315,0.013654761016368866,0.3743378221988678
201904A,2019-10-27 06:15:00,insat,EYE,1,0.9572962522506714,0.5030592083930969,0.003980046138167381,0.0776597261428833,0.011263442225754261,1.363844330626307e-05,0.00820222869515419,0.23950618505477905,0.019258037209510803,0.17976124584674835
201904A,2019-10-27 11:45:00,insat,EYE,1,0.9596738815307617,0.382782906293869,0.005076526198536158,0.12973198294639587,0.010584663599729538,4.941150837112218e-05,0.008117064833641052,0.1684878021478653,0.01654776744544506,0.3189479112625122
201904A,2019-10-28 00:15:00,insat,EYE,1,0.9639023542404175,0.405985563993454,0.0033606570214033127,0.009105435572564602,0.009019782766699791,9.858639060666974e-08,0.0056137824431061745,0.35232824087142944,0.01810349151492119,0.23258066177368164
201904A,2019-10-28 06:15:00,insat,EYE,1,0.963827908039093,0.2696276903152466,0.0032248094212263823,0.15050868690013885,0.010241299867630005,3.495209966786206e-05,0.006171093322336674,0.39065852761268616,0.016534879803657532,0.18917016685009003
201904A,2019-10-28 12:15:00,insat,EYE,1,0.9674507975578308,0.09199904650449753,0.0035197893157601357,0.31941190361976624,0.0103886928409338,0.00023085183056537062,0.005027782637625933,0.15349426865577698,0.013612907379865646,0.4348638951778412
201904A,2019-10-29 06:15:00,insat,EYE,1,0.9675641655921936,0.1395561546087265,0.0038267280906438828,0.3552625775337219,0.010891316458582878,0.00016960268840193748,0.005494773853570223,0.20616476237773895,0.01222302857786417,0.29884687066078186
201904A,2019-10-29 11:45:00,insat,EYE,1,0.9713348746299744,0.0016810548258945346,0.0022938952315598726,0.24918517470359802,0.011242810636758804,0.0014819793868809938,0.004213409498333931,0.004202667623758316,0.01091503445059061,0.7434491515159607
201904A,2019-10-29 23:15:00,insat,EMBC,1,0.030953424051404,0.22107450664043427,0.25087934732437134,0.08005401492118835,0.040290046483278275,9.067893188330345e-06,0.4207921326160431,0.1256817877292633,0.25708502531051636,0.5731806755065918
201904A,2019-10-30 12:15:00,insat,CRVBND,1,0.02298690937459469,0.00036252749850973487,0.9014294743537903,0.8559204339981079,0.01920759677886963,0.11860588192939758,0.00872854609042406,0.003527484368532896,0.04764749854803085,0.021583739668130875
201905A,2019-10-30 12:15:00,insat,CRVBND,0,0.04674047604203224,0.002131755230948329,0.6545108556747437,0.27719366550445557,0.263376921415329,0.37315940856933594,0.008531949482858181,0.009337017312645912,0.026839712634682655,0.3381781578063965
201904A,2019-10-30 23:45:00,insat,CRVBND,1,0.029406758025288582,6.327806545414205e-07,0.29355236887931824,0.08009025454521179,0.6329769492149353,0.9198805689811707,0.01722652278840542,8.971696274784335e-07,0.02683740295469761,2.7602914997260086e-05
201904A,2019-10-31 05:45:00,insat,SHEAR,1,0.02827216498553753,8.448798638482913e-08,0.13711696863174438,0.013975422829389572,0.7981112599372864,0.986019492149353,0.017299817875027657,9.429002290062272e-08,0.019199851900339127,4.916034868074348e-06
201906A,2019-12-03 09:15:00,insat,CRVBND,3,0.04832124710083008,0.024965975433588028,0.5855233669281006,0.3139958083629608,0.03315895050764084,0.002822653856128454,0.27994784712791443,0.4207943081855774,0.05304865166544914,0.23742127418518066
201906A,2019-12-03 15:15:00,insat,SHEAR,3,0.03614378347992897,0.00041959297959692776,0.09740523248910904,0.7149515151977539,0.8296186923980713,0.2162753939628601,0.011567055247724056,0.01801222749054432,0.025265192613005638,0.05034129321575165
201907A,2019-12-03 15:15:00,insat,CRVBND,1,0.027657005935907364,0.0025142161175608635,0.8629711866378784,0.37213942408561707,0.032733455300331116,0.0037255457136780024,0.012267585843801498,0.020745685324072838,0.0643707811832428,0.6008751392364502
201906A,2019-12-03 20:15:00,insat,CRVBND,3,0.010033927857875824,0.018149083480238914,0.0006452927482314408,0.01135130412876606,0.007950092665851116,8.942863132688217e-06,0.016207782551646233,0.0883454978466034,0.9651628732681274,0.8821451663970947
201907A,2019-12-03 20:45:00,insat,IRRCDO,1,0.08783713728189468,8.299086039187387e-05,0.6391894817352295,0.17486031353473663,0.02545723132789135,0.007324945647269487,0.011974731460213661,0.0007682489231228828,0.2355414628982544,0.8169634938240051
201906A,2019-12-04 02:45:00,insat,EMBC,3,0.04961384832859039,0.7261127829551697,0.7550629377365112,0.0012461087899282575,0.10072018951177597,6.012674020894337e-07,0.038151923567056656,0.21424421668052673,0.05645107850432396,0.05839620903134346
201907A,2019-12-04 03:15:00,insat,CRVBND,1,0.04097919166088104,1.9708440959220752e-06,0.5467299222946167,0.33100080490112305,0.334529310464859,0.62599778175354,0.022908898070454597,3.889941581292078e-05,0.05485272407531738,0.042960572987794876
201906A,2019-12-04 09:15:00,insat,CRVBND,3,0.061049070209264755,0.6926999688148499,0.3537813425064087,0.0164499469101429,0.016119537875056267,9.052690438693389e-05,0.47434964776039124,0.2684640884399414,0.09470035880804062,0.022295411676168442
201907A,2019-12-04 08:45:00,insat,SHEAR,1,0.00951541867107153,8.61993676437578e-09,0.00372064346447587,0.00816583726555109,0.96883225440979,0.9918328523635864,0.006554612424224615,1.6729978824514546e-07,0.011377084068953991,1.202834368996264e-06
201906A,2019-12-04 14:45:00,insat,CRVBND,3,0.0752471312880516,0.6614272594451904,0.4730239808559418,0.1663484275341034,0.2880442440509796,0.13494142889976501,0.10061603039503098,0.02359294518828392,0.06306861340999603,0.013689938001334667
201907A,2019-12-04 15:15:00,insat,SHEAR,1,0.011149096302688122,4.385904972536991e-09,0.002791738137602806,0.002122690435498953,0.9632208943367004,0.9978768825531006,0.007464359048753977,3.369899559402256e-08,0.015373989008367062,4.43661065219203e-07
201906A,2019-12-04 20:45:00,insat,CRVBND,3,0.03147093206644058,0.0005952785140834749,0.8908154964447021,0.25170472264289856,0.050845272839069366,0.6958695650100708,0.008156479336321354,0.0009798234095796943,0.018711790442466736,0.05085061490535736
201907A,2019-12-04 20:45:00,insat,SHEAR,1,0.009284346364438534,4.743465176204609e-09,0.004458267241716385,0.001307169790379703,0.969975471496582,0.9986926913261414,0.005393559578806162,5.7604641057196204e-09,0.01088838279247284,1.5079972115472629e-07
201906A,2019-12-05 02:45:00,insat,CRVBND,3,0.02201928198337555,4.603918569046073e-05,0.020881250500679016,0.13701345026493073,0.9273194670677185,0.855769157409668,0.010447677224874496,0.00012766240979544818,0.01933237910270691,0.007043773308396339
201906A,2019-12-05 15:00:00,insat,CRVBND,3,0.05767686292529106,0.014368053525686264,0.11873789876699448,0.17423799633979797,0.746328592300415,0.8032737374305725,0.022999068722128868,0.002018589526414871,0.05425751581788063,0.006101544480770826
201906A,2019-12-05 20:45:00,insat,IRRCDO,3,0.03216944634914398,0.008227143436670303,0.05654718726873398,0.17779488861560822,0.8358290195465088,0.10346654057502747,0.02728983387351036,0.0022093169391155243,0.04816453531384468,0.7083021402359009
201906A,2019-12-06 09:45:00,insat,CRVBND,3,0.03954397141933441,0.8466296195983887,0.5907183289527893,0.020187068730592728,0.023998577147722244,0.0005774087621830404,0.3069784939289093,0.1161118671298027,0.03876063600182533,0.016494037583470345
201906A,2019-12-06 14:45:00,insat,CRVBND,3,0.03454521298408508,0.932568371295929,0.305052250623703,0.01963185891509056,0.011931461282074451,0.0034615620970726013,0.04820448160171509,0.019475607201457024,0.6002665758132935,0.024862688034772873
201906A,2019-12-06 20:45:00,insat,CRVBND,3,0.035325344651937485,0.3472124934196472,0.8935054540634155,0.1426672488451004,0.015956318005919456,0.16200149059295654,0.024361034855246544,0.007537731900811195,0.030851803719997406,0.34058108925819397
202001B,2020-05-18 08:45:00,insat,EYE,4,0.7660515308380127,0.9713661074638367,0.015868360176682472,0.0005710619734600186,0.018016621470451355,2.458666870097659e-07,0.17051631212234497,0.024310288950800896,0.029547184705734253,0.0037522355560213327
202001B,2020-05-18 15:15:00,insat,EYE,4,0.7638766169548035,0.7847562432289124,0.015243755653500557,0.00034483071067370474,0.024686340242624283,1.2091322609819599e-08,0.17673775553703308,0.21282070875167847,0.019455626606941223,0.0020782509818673134
202001B,2020-05-18 22:15:00,insat,EMBC,4,0.022040218114852905,0.014735146425664425,0.012001746334135532,0.060360293835401535,0.0105867525562644,1.2909534234495368e-05,0.8510268926620483,0.2668941915035248,0.10434437543153763,0.6579974293708801
202001B,2020-05-19 07:45:00,insat,EMBC,4,0.00982869416475296,0.3924334943294525,0.012116983532905579,0.004470574203878641,0.004161502700299025,3.205486223123444e-07,0.8938189744949341,0.5915278792381287,0.08007395267486572,0.011567749083042145
202001B,2020-05-19 15:15:00,insat,EMBC,4,0.007584095932543278,0.8684815764427185,0.008699928410351276,9.042119199875742e-05,0.0037748245522379875,3.707955276155417e-09,0.9060680270195007,0.13128985464572906,0.07387315481901169,0.0001381975889671594
202001B,2020-05-20 01:45:00,insat,EMBC,4,0.011384783312678337,0.9854525923728943,0.018450262024998665,4.944120883010328e-05,0.005830364767462015,2.814444499676938e-08,0.9080498218536377,0.014365144073963165,0.056284815073013306,0.00013291162031237036
202002A,2020-06-02 23:45:00,insat,EYE,4,0.02893618680536747,0.0005029545282013714,0.10680694133043289,0.4769640862941742,0.019772538915276527,0.01878448948264122,0.7383665442466736,0.04819447919726372,0.10611787438392639,0.45555397868156433
202002A,2020-06-03 06:15:00,insat,EYE,4,0.6324340105056763,0.004023815039545298,0.07808762043714523,0.3416355550289154,0.050564900040626526,0.008251680061221123,0.20369160175323486,0.11501872539520264,0.035221897065639496,0.5310701727867126
202003A,2020-11-22 06:15:00,insat,EYE,4,0.06449867784976959,0.6573116779327393,0.17221614718437195,0.2576248347759247,0.0228695310652256,0.011553519405424595,0.6878223419189453,0.01937456615269184,0.05259323865175247,0.05413542315363884
202003A,2020-11-22 11:45:00,insat,EYE,4,0.07951263338327408,0.9775329232215881,0.14943554997444153,0.015514022670686245,0.0525449737906456,0.0015542848268523812,0.65805983543396,0.0027242344804108143,0.060446929186582565,0.0026745039504021406
202003A,2020-11-23 11:45:00,insat,SHEAR,4,0.005757730919867754,0.06910192966461182,0.0036952642258256674,0.09030622988939285,0.9799743890762329,0.8252253532409668,0.005145401693880558,0.00040614130557514727,0.005427245981991291,0.014960267581045628
202003A,2020-11-23 17:45:00,insat,SHEAR,4,0.012426511384546757,0.5579955577850342,0.14581410586833954,0.0739365890622139,0.8078743815422058,0.2940288782119751,0.008154632523655891,0.0014686307404190302,0.025730397552251816,0.07257037609815598
202004B,2020-11-23 18:15:00,insat,CRVBND,2,0.049922846257686615,5.805412456538761e-06,0.18847428262233734,0.15355530381202698,0.5926664471626282,0.8313512206077576,0.023415807634592056,0.00025770036154426634,0.14552059769630432,0.014830086380243301
202003A,2020-11-23 23:45:00,insat,CRVBND,4,0.006931377574801445,0.01631738618016243,0.02966473065316677,0.07821453362703323,0.941466212272644,0.5490596294403076,0.006542478688061237,0.00010754247341537848,0.015395131893455982,0.35630083084106445
202004B,2020-11-23 23:45:00,insat,CRVBND,2,0.007695510983467102,0.0007468200637958944,0.9598894119262695,0.38255244493484497,0.010456914082169533,0.1578247994184494,0.014956044033169746,0.008842612616717815,0.00700205285102129,0.45003339648246765
202003A,2020-11-24 05:15:00,insat,CRVBND,4,0.009157459251582623,4.231625325701316e-07,0.018982388079166412,0.0020790311973541975,0.9444072842597961,0.9975263476371765,0.009980137459933758,7.0104988481034525e-09,0.01747271977365017,0.0003941762843169272
202004B,2020-11-25 06:45:00,insat,EMBC,2,0.0913202241063118,0.23217372596263885,0.7984858155250549,0.27443304657936096,0.03461073338985443,0.009036912582814693,0.05682805925607681,0.42423227429389954,0.018755141645669937,0.06012406945228577
202004B,2020-11-25 13:15:00,insat,EMBC,2,0.02090151235461235,0.20216506719589233,0.8939602971076965,0.2504526376724243,0.0231246929615736,0.007416063454002142,0.04519128426909447,0.27891746163368225,0.016822224482893944,0.2610487937927246
202004B,2020-11-25 18:45:00,insat,IRRCDO,2,0.04143989086151123,0.006978522054851055,0.6391791701316833,0.5737820267677307,0.03638578578829765,0.16037814319133759,0.01794007234275341,0.03455784544348717,0.2650550901889801,0.2243034690618515
202005B,2020-12-01 19:30:00,insat,EMBC,1,0.02006932534277439,0.2562548518180847,0.8747719526290894,0.04133129492402077,0.024388479068875313,6.146726150291215e-07,0.025445513427257538,0.523904025554657,0.05532480776309967,0.1785091906785965
202005B,2020-12-02 11:15:00,insat,CRVBND,1,0.023516714572906494,0.0024894012603908777,0.8844203948974609,0.7561344504356384,0.040306899696588516,0.00762790534645319,0.011178309097886086,0.042612019926309586,0.04057769849896431,0.19113607704639435
202005B,2020-12-02 17:45:00,insat,CRVBND,1,0.01502425130456686,0.00584522495046258,0.9084408283233643,0.15288101136684418,0.036379020661115646,6.039508298272267e-05,0.01073527056723833,0.05474165454506874,0.029420657083392143,0.7864717245101929
202005B,2020-12-02 22:45:00,insat,EMBC,1,0.017341649159789085,0.0014356307219713926,0.746592104434967,0.6887312531471252,0.031659312546253204,0.003841750556603074,0.07593072205781937,0.03467998281121254,0.12847627699375153,0.2713114023208618
202005B,2020-12-03 06:45:00,insat,CRVBND,1,0.02625097520649433,0.018873006105422974,0.8914846777915955,0.7037080526351929,0.02450411207973957,0.005092043895274401,0.020196503028273582,0.04498392343521118,0.037563685327768326,0.22734305262565613
202005B,2020-12-03 12:00:00,insat,CRVBND,1,0.045391056686639786,0.00021083118917886168,0.5959076881408691,0.6059232950210571,0.26241594552993774,0.2691386938095093,0.026085082441568375,0.0010726682376116514,0.07020025700330734,0.1236545592546463
202005B,2020-12-03 23:45:00,insat,CRVBND,1,0.022795189172029495,9.393866639584303e-05,0.8722536563873291,0.8109706044197083,0.06903953105211258,0.07948405295610428,0.013073352165520191,0.0013360936427488923,0.02283821813762188,0.10811526328325272
202005B,2020-12-04 06:15:00,insat,CRVBND,1,0.023081133142113686,0.00023138364485930651,0.04809750244021416,0.6958470940589905,0.881493330001831,0.07297273725271225,0.02285759523510933,0.0018393239006400108,0.02447044849395752,0.2291094958782196
202005B,2020-12-04 11:45:00,insat,CRVBND,1,0.03864496573805809,0.023592226207256317,0.3074651062488556,0.6305589079856873,0.5903574228286743,0.009518980048596859,0.01688382960855961,0.1771942675113678,0.046648744493722916,0.1591356247663498
202005B,2020-12-05 05:15:00,insat,CRVBND,1,0.042321257293224335,0.029806461185216904,0.7787699103355408,0.8511501550674438,0.11909402161836624,0.02076598070561886,0.01456046849489212,0.05399253964424133,0.04525431618094444,0.044284846633672714
202101A,2021-05-14 09:45:00,insat,CRVBND,1,0.03661699965596199,0.00022889007232151926,0.8333795666694641,0.6167912483215332,0.04139512777328491,0.010838047601282597,0.03873635083436966,0.005711320787668228,0.04987192898988724,0.36643052101135254
202101A,2021-05-14 15:15:00,insat,CRVBND,1,0.054791808128356934,0.001223794766701758,0.6819210648536682,0.3611006438732147,0.02393246442079544,8.228005026467144e-05,0.05141838267445564,0.015767522156238556,0.18793626129627228,0.6218256950378418
202101A,2021-05-15 03:15:00,insat,EMBC,1,0.01612713932991028,0.5082706212997437,0.01999676413834095,0.015771660953760147,0.023994481191039085,5.0936545648028186e-08,0.9113416075706482,0.46154916286468506,0.028540030121803284,0.014408520422875881
202101A,2021-05-16 15:15:00,insat,EYE,1,0.9657698273658752,0.5378320813179016,0.004033001605421305,0.012337776832282543,0.011651579290628433,6.042259315108822e-08,0.005326721351593733,0.40378430485725403,0.013218812644481659,0.04604579880833626
202101A,2021-05-16 21:15:00,insat,EYE,1,0.9687801003456116,0.24554535746574402,0.004452188964933157,0.007912581786513329,0.011992250569164753,5.446416295740164e-08,0.004413070157170296,0.7373484373092651,0.010362311266362667,0.009193576872348785
202101A,2021-05-17 02:45:00,insat,EYE,1,0.9672830104827881,0.27126193046569824,0.0035574508365243673,0.019129646942019463,0.011493727564811707,4.5816986471436394e-07,0.004111536778509617,0.6838839650154114,0.013554265722632408,0.025724045932292938
202101A,2021-05-17 09:15:00,insat,EYE,1,0.9725489616394043,0.2435542345046997,0.0022153567988425493,0.05397805571556091,0.008350970223546028,4.080418420926435e-06,0.004160965792834759,0.6804299354553223,0.012723804451525211,0.022033674642443657
202101A,2021-05-17 15:15:00,insat,EYE,1,0.9694232940673828,0.28733715415000916,0.0029970405157655478,0.04673737660050392,0.009774086065590382,1.8794310108205536e-06,0.005000899080187082,0.5698742866516113,0.012804646044969559,0.09604930132627487
202102B,2021-05-24 03:15:00,insat,CRVBND,3,0.0762161985039711,8.60829718618561e-09,0.40878817439079285,0.09811209887266159,0.4640054404735565,0.9017789959907532,0.015436271205544472,2.3963999410625547e-05,0.0355539508163929,8.489666652167216e-05
202102B,2021-05-24 08:45:00,insat,CRVBND,3,0.06249694153666496,9.7153973754871e-09,0.34255459904670715,0.1174921840429306,0.5434316396713257,0.8823897838592529,0.013243400491774082,6.893429235788062e-05,0.038273442536592484,4.914574674330652e-05
202102B,2021-05-24 15:15:00,insat,CRVBND,3,0.015930622816085815,2.6155217369705497e-07,0.046886760741472244,0.5963324308395386,0.016907518729567528,0.2884782552719116,0.004673407878726721,0.0005009665619581938,0.9156016707420349,0.11468809098005295
202103B,2021-09-24 12:10:00,insat,CRVBND,2,0.037227217108011246,5.865723505849019e-05,0.05700923502445221,0.5237442255020142,0.4675697982311249,0.3027905225753784,0.023373330011963844,0.0033152734395116568,0.41482052206993103,0.17009137570858002
202103B,2021-09-26 00:15:00,insat,IRRCDO,2,0.04302646964788437,4.404823172876604e-09,0.1830027848482132,0.03350072354078293,0.48187798261642456,0.9654586911201477,0.007331777364015579,5.347638307284797e-06,0.284760981798172,0.0010352106764912605
202103B,2021-09-26 06:15:00,insat,EMBC,2,0.012112169526517391,2.913670186899253e-06,0.14526334404945374,0.12877124547958374,0.036300137639045715,0.03559168800711632,0.07889004051685333,0.00014460763486567885,0.7274342775344849,0.8354895114898682
202103A,2021-10-01 00:45:00,insat,EMBC,4,0.03493775054812431,6.555309664690867e-05,0.6630682945251465,0.4721406102180481,0.052347078919410706,0.39831677079200745,0.14509454369544983,0.0006607762770727277,0.10455238074064255,0.12881621718406677
202103A,2021-10-01 06:15:00,insat,EMBC,4,0.01928735338151455,0.011027752421796322,0.01846698671579361,0.21946299076080322,0.009071615524590015,0.006226467899978161,0.9369636178016663,0.008550288155674934,0.016210466623306274,0.7547324299812317
202103A,2021-10-01 12:45:00,insat,EMBC,4,0.03370586037635803,0.40272799134254456,0.3306939899921417,0.3625527024269104,0.04532457888126373,0.03679525479674339,0.5248252749443054,0.06723354756832123,0.0654502734541893,0.13069050014019012
202103A,2021-10-02 00:15:00,insat,CRVBND,4,0.03578152507543564,0.005397118628025055,0.6203339695930481,0.3255351185798645,0.052626561373472214,0.6513354182243347,0.13217903673648834,0.003007297171279788,0.15907897055149078,0.014725101180374622
202103A,2021-10-02 06:15:00,insat,EYE,4,0.07352738082408905,0.00010173393093282357,0.23826496303081512,0.18636709451675415,0.0464925579726696,0.8108137845993042,0.5726437568664551,0.0001425494410796091,0.06907133013010025,0.00257484195753932
202103A,2021-10-03 00:15:00,insat,CRVBND,4,0.0269077830016613,0.02036135271191597,0.5734875798225403,0.257536917924881,0.0941489040851593,0.6912350058555603,0.13729527592658997,0.0012712052557617426,0.16816048324108124,0.029595552012324333
202103A,2021-10-03 06:15:00,insat,EYE,4,0.08031538128852844,0.021320844069123268,0.13233472406864166,0.5751068592071533,0.0494963638484478,0.3196127116680145,0.6764737963676453,0.0036143045872449875,0.061379726976156235,0.0803452581167221
202104B,2021-11-11 11:45:00,insat,CRVBND,3,0.052737217396497726,5.6321492593269795e-05,0.8209689259529114,0.735487699508667,0.09060490876436234,0.23764759302139282,0.014695352874696255,0.008532969281077385,0.020993560552597046,0.018275490030646324
202105B,2021-12-03 08:45:00,insat,CRVBND,4,0.04167377948760986,0.012335075996816158,0.34026166796684265,0.23363667726516724,0.03155321627855301,0.0018257732735946774,0.2710649073123932,0.217569500207901,0.3154464662075043,0.5346330404281616
202105B,2021-12-03 21:15:00,insat,CRVBND,4,0.018269823864102364,2.5377867132192478e-05,0.825293779373169,0.5214983224868774,0.05208063870668411,0.24500536918640137,0.01584094762802124,0.0028238575905561447,0.08851473778486252,0.23064710199832916
202105B,2021-12-04 03:15:00,insat,CRVBND,4,0.0043968092650175095,0.0010675379307940602,0.06743966042995453,0.01767563819885254,0.005096188746392727,0.00047713093226775527,0.011993790045380592,0.0017228310462087393,0.9110735058784485,0.9790568351745605
202105B,2021-12-04 08:15:00,insat,IRRCDO,4,0.007131045684218407,0.6313254237174988,0.11064989119768143,0.04500070586800575,0.005744718015193939,0.0005911822081543505,0.03277583792805672,0.056944340467453,0.8436985015869141,0.26613837480545044
202105B,2021-12-05 09:15:00,insat,CRVBND,4,0.025995410978794098,0.4059869945049286,0.4139479994773865,0.017852352932095528,0.040551118552684784,2.7032992875319906e-05,0.35896846652030945,0.5296429395675659,0.16053704917430878,0.04649064689874649
202105B,2021-12-05 14:45:00,insat,IRRCDO,4,0.02933485619723797,0.021572213619947433,0.25171422958374023,0.23071202635765076,0.03176586329936981,0.0014340386260300875,0.5196483135223389,0.23149384558200836,0.16753673553466797,0.5147879123687744
202201B,2022-03-04 20:45:00,insat,CRVBND,2,0.017680011689662933,0.07386640459299088,0.892926037311554,0.5790486335754395,0.020351877436041832,0.044829193502664566,0.04083622246980667,0.07377786189317703,0.028205806389451027,0.22847791016101837
202201B,2022-03-05 03:15:00,insat,CRVBND,2,0.026298629119992256,0.1561756581068039,0.6648885011672974,0.3656488358974457,0.011162697337567806,0.0029880849178880453,0.1057693287730217,0.19771552085876465,0.19188083708286285,0.2774718999862671
202201B,2022-03-05 09:15:00,insat,CRVBND,2,0.010274787433445454,0.002086146967485547,0.505185067653656,0.7623564004898071,0.27245625853538513,0.18905359506607056,0.018170764669775963,0.010080465115606785,0.19391310214996338,0.036423321813344955
202201B,2022-03-05 15:15:00,insat,CRVBND,2,0.0059278495609760284,4.161590550211258e-05,0.026794135570526123,0.2018163502216339,0.8653333187103271,0.7976180911064148,0.00804588757455349,0.00023414294992107898,0.09389880299568176,0.00028982030926272273
202201B,2022-03-05 21:15:00,insat,SHEAR,2,0.02101568877696991,0.00010080618812935427,0.08336920291185379,0.1583309918642044,0.722689688205719,0.840901255607605,0.017943000420928,0.0002406972780590877,0.15498243272304535,0.0004261867725290358
202201B,2022-03-06 03:15:00,insat,SHEAR,2,0.01886056177318096,9.859260899247602e-06,0.01575459912419319,0.03935987502336502,0.8596828579902649,0.9605854153633118,0.011466296389698982,2.9761376936221495e-05,0.09423565864562988,1.5096577044459991e-05
202201B,2022-03-06 09:15:00,insat,SHEAR,2,0.009268376044929028,3.6790274293707625e-07,0.0008230780949816108,0.008009962737560272,0.9455505609512329,0.9919857978820801,0.003915964625775814,3.738045734280604e-06,0.040442075580358505,1.0834119024139e-07
202202B,2022-05-07 09:10:00,insat,IRRCDO,0,0.024639302864670753,6.931682582944632e-05,0.09776051342487335,0.13424021005630493,0.0058775609359145164,0.00046384058077819645,0.03809963911771774,0.009978068992495537,0.8336229920387268,0.8552485704421997
202202B,2022-05-08 03:15:00,insat,EMBC,0,0.10563230514526367,0.25969433784484863,0.04605472460389137,0.0005816150223836303,0.006548448000103235,1.3092634532085867e-08,0.6088476777076721,0.7366610765457153,0.23291684687137604,0.003062956966459751
202202B,2022-05-09 03:45:00,insat,IRRCDO,0,0.03453589230775833,4.911270821139624e-07,0.1189294308423996,0.6028978824615479,0.020322570577263832,0.21374273300170898,0.024671973660588264,0.001984346192330122,0.801540195941925,0.18137450516223907
202202B,2022-05-10 02:15:00,insat,EMBC,0,0.03479401767253876,0.0040395730175077915,0.06071176007390022,0.4656509757041931,0.00755364540964365,0.009638363495469093,0.05716586485505104,0.1961624026298523,0.8397747278213501,0.3245086967945099
202202B,2022-05-10 10:15:00,insat,EMBC,0,0.020526930689811707,0.007612971123307943,0.010467717424035072,0.20185503363609314,0.00543765164911747,0.00803454127162695,0.0392916239798069,0.0360853374004364,0.9242761135101318,0.7464121580123901
202202B,2022-05-11 02:45:00,insat,EMBC,0,0.16956663131713867,0.01096209604293108,0.238756462931633,0.282149076461792,0.010509650222957134,0.016980018466711044,0.07438825070858002,0.056952815502882004,0.5067789554595947,0.6329559683799744
202202B,2022-05-11 07:45:00,insat,IRRCDO,0,0.00840775016695261,0.008619429543614388,0.16666440665721893,0.4479219913482666,0.004412912297993898,0.0405082032084465,0.003481917316094041,0.10542341321706772,0.817033052444458,0.39752689003944397
202203A,2022-08-12 08:15:00,insat,CRVBND,3,0.05264334753155708,0.0001294790708925575,0.8107998371124268,0.6995032429695129,0.05704706534743309,0.23941107094287872,0.05472462996840477,0.025304479524493217,0.0247851200401783,0.03565172106027603
202203A,2022-08-12 15:15:00,insat,SHEAR,3,0.05733567103743553,2.126661684087594e-06,0.3135688304901123,0.060829877853393555,0.5725201964378357,0.9391379356384277,0.020005634054541588,9.325214705313556e-06,0.03656965121626854,2.0809417037526146e-05
202203A,2022-08-12 21:15:00,insat,SHEAR,3,0.02278374321758747,1.8035108951153234e-05,0.0237768292427063,0.26731306314468384,0.9287083148956299,0.7297459840774536,0.008243945427238941,0.00089645991101861,0.016487229615449905,0.002026456408202648
202203A,2022-08-13 09:15:00,insat,SHEAR,3,0.014077449217438698,5.108897198624618e-07,0.002399295102804899,0.006336758378893137,0.9548612833023071,0.9936591982841492,0.009412536397576332,1.5632226677553263e-06,0.01924940012395382,1.9771844108618097e-06
202203A,2022-08-13 15:15:00,insat,SHEAR,3,0.01072685606777668,5.9312789346677164e-08,0.0009744416456669569,0.002142075914889574,0.9636574387550354,0.9978575110435486,0.009404629468917847,1.4251212121507706e-07,0.015236757695674896,1.996112359847757e-07
202203A,2022-08-13 21:15:00,insat,SHEAR,3,0.06405908614397049,7.069018920446979e-06,0.5038231611251831,0.04170069843530655,0.37587422132492065,0.9579285383224487,0.016635583713650703,0.0002322164218639955,0.03960798680782318,0.00013140651572030038
202204B,2022-08-19 00:15:00,insat,CRVBND,1,0.03647937253117561,8.08226445769833e-08,0.755510687828064,0.23744931817054749,0.12415853142738342,0.761793851852417,0.012488165870308876,9.437349945073947e-05,0.07136324048042297,0.0006623826920986176
202204B,2022-08-19 06:45:00,insat,CRVBND,1,0.0628441646695137,0.00023402433726005256,0.7396141886711121,0.8403412103652954,0.08264970779418945,0.012068884447216988,0.07775866985321045,0.028629258275032043,0.03713325783610344,0.1187266856431961
202204B,2022-08-19 11:15:00,insat,CRVBND,1,0.037245526909828186,3.377613757038489e-05,0.49354055523872375,0.8058872818946838,0.037768736481666565,0.021510429680347443,0.022113583981990814,0.00457749655470252,0.40933164954185486,0.16799099743366241
202205B,2022-10-23 15:15:00,insat,CRVBND,2,0.031425345689058304,0.0014534690417349339,0.8627414107322693,0.6775907874107361,0.06645618379116058,0.006067770533263683,0.022756051272153854,0.07515937834978104,0.016620947048068047,0.23972856998443604
202205B,2022-10-23 20:15:00,insat,CRVBND,2,0.058860328048467636,0.008846953511238098,0.7921844720840454,0.15743736922740936,0.017300564795732498,0.0002061188279185444,0.034842364490032196,0.030951224267482758,0.09681230038404465,0.8025583624839783
202205B,2022-10-24 01:45:00,insat,CRVBND,2,0.06875462830066681,0.07656815648078918,0.19341175258159637,0.03562324866652489,0.05070546269416809,2.7217149636271643e-06,0.4495558440685272,0.7077378630638123,0.2375723272562027,0.1800680160522461
202205B,2022-10-24 09:15:00,insat,CRVBND,2,0.02277519553899765,0.254565566778183,0.026270685717463493,0.033545996993780136,0.020712070167064667,2.3180518837762065e-05,0.7416202425956726,0.4240117073059082,0.18862181901931763,0.28785353899002075
202205B,2022-10-24 15:15:00,insat,CRVBND,2,0.01001217495650053,0.05483135208487511,0.029082993045449257,0.04384529963135719,0.03577288240194321,2.0656254491768777e-05,0.8883857131004333,0.1676662415266037,0.036746203899383545,0.7336364388465881
202206B,2022-12-08 12:15:00,insat,IRRCDO,3,0.02901727519929409,0.0037408352363854647,0.8716768026351929,0.5818799138069153,0.018530402332544327,0.08631250262260437,0.0083410469815135,0.0065608457662165165,0.0724344328045845,0.32150590419769287
202206B,2022-12-08 18:15:00,insat,EMBC,3,0.03549055755138397,0.41471943259239197,0.8608307242393494,0.3554607927799225,0.011041180230677128,0.011585190892219543,0.01816093735396862,0.1405174434185028,0.07447666674852371,0.07771716266870499
202206B,2022-12-09 00:15:00,insat,CRVBND,3,0.09851345419883728,0.2836616337299347,0.43624547123908997,0.1889011412858963,0.013778919354081154,0.005286555737257004,0.28576168417930603,0.10782250016927719,0.16570042073726654,0.41432812809944153
202206B,2022-12-09 06:15:00,insat,CRVBND,3,0.05264659225940704,0.4394990801811218,0.8504883646965027,0.13801513612270355,0.022910166531801224,0.03275005519390106,0.03709741309285164,0.13867826759815216,0.03685756027698517,0.2510574758052826
202206B,2022-12-09 12:15:00,insat,CRVBND,3,0.048159655183553696,0.02624577470123768,0.11347026377916336,0.05252855643630028,0.04562439024448395,0.027440737932920456,0.014642268419265747,0.0024589826352894306,0.7781035304069519,0.8913259506225586
202206B,2022-12-09 17:45:00,insat,CRVBND,3,0.035771097987890244,0.008190460503101349,0.8252565860748291,0.10130302608013153,0.03517904132604599,0.8435662388801575,0.04700942710042,0.0011446154676377773,0.05678378790616989,0.04579579830169678
202207A,2022-12-15 15:15:00,insat,CRVBND,4,0.010262535884976387,0.00017850127187557518,0.34207722544670105,0.6595427393913269,0.1896425187587738,0.19392815232276917,0.005306454841047525,0.000852677330840379,0.452711284160614,0.14549791812896729
202207A,2022-12-15 21:15:00,insat,SHEAR,4,0.010921282693743706,1.1934017152270826e-07,0.023179490119218826,0.16672638058662415,0.9432052373886108,0.8307332396507263,0.009408981539309025,9.66933021118166e-06,0.013284952379763126,0.002530548023059964
202207A,2022-12-16 03:15:00,insat,SHEAR,4,0.008244270458817482,1.4543751092332968e-08,0.009953816421329975,0.025562303140759468,0.9660993814468384,0.9744344353675842,0.006782855372875929,3.144542120026017e-07,0.008919671177864075,2.951015176222427e-06
202207A,2022-12-16 08:45:00,insat,SHEAR,4,0.005783479660749435,3.327149444842803e-09,0.006522851064801216,0.01845729909837246,0.9763910174369812,0.981540322303772,0.005206249188631773,1.7176341771119041e-07,0.006096315570175648,2.2516951503348537e-06
202207A,2022-12-16 15:15:00,insat,SHEAR,4,0.004990227520465851,7.028522208685217e-09,0.0015242656227201223,0.00828890223056078,0.9850934743881226,0.9917102456092834,0.0042180586606264114,1.210121922667895e-07,0.004173917695879936,6.712926392538066e-07
202207A,2022-12-16 21:15:00,insat,SHEAR,4,0.004756907932460308,1.9363575631814456e-07,0.0008423702674917877,0.003333799773827195,0.9868723154067993,0.9966656565666199,0.003689797129482031,7.22754336379694e-08,0.003838704898953438,2.1968145347273094e-07
202207A,2022-12-17 03:15:00,insat,SHEAR,4,0.03133605793118477,4.701733632828109e-05,0.5215359926223755,0.23655788600444794,0.3063419759273529,0.544697642326355,0.03174930810928345,2.7980873710475862e-05,0.10903667658567429,0.21866954863071442
202301B,2023-05-11 08:30:00,insat,EMBC,1,0.09501152485609055,0.10639814287424088,0.09590510278940201,0.12713919579982758,0.06798292696475983,2.5135227588179987e-06,0.6581698060035706,0.6480124592781067,0.08293058723211288,0.11844765394926071
202301B,2023-05-11 14:30:00,insat,EYE,1,0.029230743646621704,0.35109299421310425,0.04833301901817322,0.028138337656855583,0.03029741160571575,1.680056982422684e-07,0.7935545444488525,0.4860624074935913,0.09858423471450806,0.13470607995986938
202301B,2023-05-12 09:00:00,insat,EMBC,1,0.9461252093315125,0.31148314476013184,0.003735228441655636,0.012709029950201511,0.005124703515321016,7.878518459847328e-08,0.02609882690012455,0.6230600476264954,0.01891607977449894,0.05274767056107521
202301B,2023-05-12 15:00:00,insat,EYE,1,0.8959763050079346,0.5344963669776917,0.004071700386703014,0.006727517582476139,0.012989425100386143,1.3779548169168265e-08,0.014766229316592216,0.39813292026519775,0.07219627499580383,0.06064315140247345
202301B,2023-05-13 03:00:00,insat,EMBC,1,0.9547396302223206,0.5534225702285767,0.002141553210094571,0.00045133265666663647,0.008697940967977047,1.2583593889115008e-10,0.013157551176846027,0.4452211260795593,0.021263323724269867,0.0009049499640241265
202301B,2023-05-13 15:30:00,insat,EMBC,1,0.5531920194625854,0.5167165398597717,0.004363573156297207,0.0007013685535639524,0.013633312657475471,1.5858757362874343e-10,0.03602558374404907,0.4811626076698303,0.3927854597568512,0.0014195359544828534
202302A,2023-06-06 09:00:00,insat,CRVBND,0,0.04706425964832306,0.24473974108695984,0.12030033022165298,0.05037853866815567,0.012550492770969868,0.00013891725393477827,0.765007734298706,0.5317668318748474,0.055077191442251205,0.17297601699829102
202302A,2023-06-06 15:30:00,insat,EMBC,0,0.09202826023101807,0.47729355096817017,0.023691073060035706,0.06344648450613022,0.005014875438064337,0.0014067093143239617,0.033729806542396545,0.2193576693534851,0.8455359935760498,0.23849566280841827
202302A,2023-06-07 16:00:00,insat,IRRCDO,0,0.020054969936609268,0.004085630644112825,0.4504670798778534,0.07548999041318893,0.012747922912240028,0.0006453786627389491,0.006803255993872881,0.055381085723638535,0.5099267959594727,0.8643978834152222
202302A,2023-06-08 03:00:00,insat,EYE,0,0.012823534198105335,0.053920745849609375,0.05141746252775192,0.04261190816760063,0.013352276757359505,7.433015707647428e-05,0.87613445520401,0.5940467715263367,0.04627227038145065,0.3093462586402893
202302A,2023-06-08 09:00:00,insat,IRRCDO,0,0.042203668504953384,0.00042767601553350687,0.21392996609210968,0.11779683083295822,0.015716008841991425,0.007369311526417732,0.021094273775815964,0.008814613334834576,0.7070560455322266,0.8655915856361389
202302A,2023-06-08 15:00:00,insat,IRRCDO,0,0.01761380396783352,6.535631200677017e-06,0.591208279132843,0.10112058371305466,0.008912610821425915,0.01302232127636671,0.017516404390335083,0.000787820725236088,0.36474892497062683,0.8850627541542053
202302A,2023-06-09 03:00:00,insat,EMBC,0,0.015949156135320663,0.0011086872546002269,0.008740224875509739,0.0033605117350816727,0.006618944928050041,7.730042852927e-06,0.34599485993385315,0.0035312161780893803,0.6226967573165894,0.9919919371604919
202303B,2023-06-09 09:00:00,insat,SHEAR,2,0.002758682006970048,8.495418951648404e-11,0.00023998641700018197,0.0037042018957436085,0.9916297793388367,0.9962900876998901,0.0017984688747674227,1.3207699112172122e-06,0.003573136404156685,4.3355389607313555e-06
202302A,2023-06-09 15:00:00,insat,IRRCDO,0,0.12394540756940842,0.0008635881822556257,0.13989336788654327,0.04116153344511986,0.004790943115949631,0.002513050800189376,0.016669701784849167,0.004265025723725557,0.7147006392478943,0.9511967301368713
202303B,2023-06-09 15:00:00,insat,SHEAR,2,0.00970107689499855,2.931243914261472e-09,0.0017782151699066162,0.00537934759631753,0.9540334343910217,0.9937896132469177,0.0044072153978049755,9.149151196652383e-07,0.030080044642090797,0.0008301169727928936
202302A,2023-06-09 20:30:00,insat,EMBC,0,0.003241312224417925,0.07899840921163559,0.003450059797614813,0.00442534452304244,0.0008082796703092754,2.5154192826448707e-06,0.013247464783489704,0.09344514459371567,0.9792528748512268,0.8231285810470581
202303B,2023-06-09 21:00:00,insat,CRVBND,2,0.006928243208676577,6.405777241980104e-08,0.023173481225967407,0.06206304207444191,0.912287712097168,0.9140093922615051,0.004652693402022123,1.7857029888546094e-05,0.05295788496732712,0.023909607902169228
202302A,2023-06-10 03:00:00,insat,EMBC,0,0.010565118864178658,0.15378201007843018,0.10878480225801468,0.03234511613845825,0.012480710633099079,0.00010275503154844046,0.8089633584022522,0.7344558835029602,0.0592060312628746,0.07931419461965561
202303B,2023-06-10 03:10:00,insat,CRVBND,2,0.004826268646866083,1.7850146605269401e-06,0.003978284541517496,0.07306579500436783,0.9270197153091431,0.14712615311145782,0.015023239888250828,0.00011071555491071194,0.04915250465273857,0.7796955704689026
202302A,2023-06-10 09:00:00,insat,CRVBND,0,0.020348673686385155,6.078833791889338e-08,0.8241657614707947,0.031036337837576866,0.030765853822231293,0.9654800295829773,0.038408149033784866,8.31543184176553e-06,0.08631155639886856,0.0034753051586449146
202303B,2023-06-10 08:10:00,insat,CRVBND,2,0.004230199847370386,8.157011848197726e-07,0.000849967822432518,0.03927786275744438,0.9610134959220886,0.7447472214698792,0.002759236376732588,4.141499084653333e-05,0.031147148460149765,0.215932697057724
202302A,2023-06-10 14:00:00,insat,EMBC,0,0.025244273245334625,0.0009083529002964497,0.010846944525837898,0.06385300308465958,0.005025298334658146,0.010671840980648994,0.05716518685221672,0.0034676475916057825,0.9017183184623718,0.9210991859436035
202302A,2023-06-11 02:00:00,insat,SHEAR,0,0.031690288335084915,2.8492155301762523e-09,0.060296688228845596,0.003357885405421257,0.24618788063526154,0.9966390132904053,0.011653615161776543,2.2216829265175875e-08,0.6501715183258057,3.0468106615444412e-06
202302A,2023-06-11 08:30:00,insat,EMBC,0,0.977401852607727,0.017908897250890732,0.0015066540800035,0.08007678389549255,0.005071776919066906,0.0003049801161978394,0.0093075605109334,0.49068114161491394,0.006712108850479126,0.41102826595306396
202302A,2023-06-11 15:00:00,insat,SHEAR,0,0.024688614532351494,3.524963654299995e-11,0.020190205425024033,0.0022025136277079582,0.8934063911437988,0.9977971315383911,0.011502698995172977,1.703366780958504e-09,0.05021218955516815,3.52391907654237e-07
202302A,2023-06-12 02:00:00,insat,EMBC,0,0.006555721629410982,0.020685497671365738,0.004563358146697283,0.034768618643283844,0.018546340987086296,3.4582335501909256e-05,0.9653013944625854,0.6786201596260071,0.005033183377236128,0.26589110493659973
202302A,2023-06-12 08:00:00,insat,EYE,0,0.009147620759904385,0.07860229164361954,0.004518314730376005,0.11751582473516464,0.012156374752521515,0.0011579181300476193,0.9702889919281006,0.6776323318481445,0.003888767445459962,0.1250915825366974
202302A,2023-06-12 15:00:00,insat,EYE,0,0.9648000001907349,0.03908473625779152,0.005801430903375149,0.39721083641052246,0.007623117417097092,0.00881999172270298,0.014346531592309475,0.22731372714042664,0.007428887765854597,0.32757070660591125
202302A,2023-06-13 15:00:00,insat,EMBC,0,0.026581302285194397,0.014198887161910534,0.08954811096191406,0.20804575085639954,0.02018141560256481,0.009050355292856693,0.8251621723175049,0.06807664036750793,0.03852693736553192,0.7006283402442932
202302A,2023-06-13 21:00:00,insat,CRVBND,0,0.07557573914527893,1.3811571079713758e-05,0.3948545455932617,0.32324573397636414,0.004729791544377804,0.671184241771698,0.03663994371891022,0.00038775999564677477,0.48820000886917114,0.005168477073311806
202302A,2023-06-14 09:00:00,insat,CRVBND,0,0.019964411854743958,2.2266810901783174e-06,0.881353497505188,0.21035687625408173,0.006023709662258625,0.7832244038581848,0.07027144730091095,0.0003333476197440177,0.02238704264163971,0.006083177402615547
202302A,2023-06-14 15:00:00,insat,SHEAR,0,0.07206641882658005,2.7861776774606994e-10,0.5092357993125916,0.009186544455587864,0.11064011603593826,0.9908075928688049,0.014747921377420425,1.246699667944995e-07,0.2933097183704376,5.7900224419427104e-06
202302A,2023-06-14 21:00:00,insat,CRVBND,0,0.05341407656669617,1.4377727453052103e-08,0.8251563310623169,0.015142740681767464,0.027749767526984215,0.9846665859222412,0.022155165672302246,1.369117057947733e-06,0.07152467221021652,0.00018921223818324506
202302A,2023-06-15 03:00:00,insat,SHEAR,0,0.025933390483260155,2.9302653636875675e-09,0.9154773950576782,0.003396972781047225,0.02129763923585415,0.9966008067131042,0.010316908359527588,3.3215616923598645e-08,0.026974665001034737,2.274142843816662e-06
202302A,2023-06-15 09:00:00,insat,CRVBND,0,0.02195863611996174,0.00017144213779829443,0.9027376174926758,0.4020847976207733,0.01104108989238739,0.5757491588592529,0.055866386741399765,0.0028763774316757917,0.008396274410188198,0.019118133932352066
202304B,2023-08-01 00:00:00,insat,CRVBND,4,0.011011910624802113,3.9642198856881805e-08,0.02257939986884594,0.05800981447100639,0.9418025612831116,0.941955029964447,0.009245624765753746,8.182898454833776e-06,0.015360514633357525,2.699775723158382e-05
202304B,2023-08-01 06:00:00,insat,SHEAR,4,0.01733979396522045,7.873083851528406e-10,0.11667969822883606,0.1692533940076828,0.8349583148956299,0.8306223750114441,0.01233074814081192,3.88769076380413e-05,0.018691524863243103,8.53805904625915e-05
202305A,2023-10-21 15:30:00,insat,EYE,3,0.9325382709503174,0.16825364530086517,0.004000484477728605,0.12379877269268036,0.017891239374876022,0.0005315496819093823,0.024577539414167404,0.6339079737663269,0.020992469042539597,0.07350806891918182
202305A,2023-10-21 21:00:00,insat,EYE,3,0.9321746230125427,0.12953516840934753,0.0028581477236002684,0.2232741266489029,0.014736953191459179,0.000824818795081228,0.029275259003043175,0.4816127121448517,0.0209550429135561,0.16475313901901245
202305A,2023-10-22 03:00:00,insat,EYE,3,0.9557129740715027,0.10865716636180878,0.006203869823366404,0.07942413538694382,0.011535114608705044,9.477847925154492e-05,0.007129827979952097,0.7625076770782471,0.019418207928538322,0.04931614175438881
202305A,2023-10-22 09:00:00,insat,EYE,3,0.9527142643928528,0.29510989785194397,0.005348851904273033,0.35111522674560547,0.010971322655677795,0.009118692018091679,0.00615320960059762,0.3144083619117737,0.024812396615743637,0.030247807502746582
202305A,2023-10-22 15:00:00,insat,EYE,3,0.9636290669441223,0.3253158628940582,0.004272115882486105,0.436596542596817,0.009809463284909725,0.0352805070579052,0.006174134556204081,0.13061405718326569,0.016115156933665276,0.07219298183917999
202305A,2023-10-23 09:30:00,insat,SHEAR,3,0.01561297383159399,6.148279499029741e-05,0.0045634000562131405,0.003241904778406024,0.9517525434494019,0.9966956377029419,0.007913622073829174,1.9135745787934866e-07,0.02015743963420391,7.248714268826006e-07
202305A,2023-10-23 15:00:00,insat,EYE,3,0.11907105892896652,0.5969123244285583,0.2530239522457123,0.13956889510154724,0.036605458706617355,0.02142546884715557,0.5113976001739502,0.0035108185838907957,0.07990188151597977,0.23858246207237244
202306B,2023-10-24 03:00:00,insat,EMBC,1,0.5368368625640869,0.5104625225067139,0.022881893441081047,0.014015914872288704,0.022591890767216682,5.211443294683704e-07,0.3859090507030487,0.46656113862991333,0.03178028762340546,0.008959941565990448
202306B,2023-10-24 08:30:00,insat,EMBC,1,0.0211628470569849,0.27640846371650696,0.019430598244071007,0.012130341492593288,0.021248936653137207,6.651453077211045e-07,0.9060518741607666,0.6919432282447815,0.032105691730976105,0.019517309963703156
202306B,2023-10-24 15:00:00,insat,EMBC,1,0.016739308834075928,0.3638518154621124,0.0032578615937381983,0.0034081609919667244,0.010142466053366661,2.1572596153873747e-08,0.9488186240196228,0.6188415884971619,0.021041737869381905,0.013898422941565514
202307B,2023-11-17 00:00:00,insat,CRVBND,3,0.03902864083647728,0.04265879839658737,0.49437591433525085,0.006171677261590958,0.01944628916680813,1.3857049907528562e-06,0.0255457554012537,0.5010160803794861,0.4216034412384033,0.45015212893486023
202307B,2023-11-17 06:00:00,insat,SHEAR,3,0.027486532926559448,0.00042007252341136336,0.013790595345199108,0.43453487753868103,0.9177348613739014,0.13470609486103058,0.012176891788840294,0.001523022074252367,0.028811126947402954,0.42881593108177185
202308B,2023-12-03 03:00:00,insat,CRVBND,2,0.14207829535007477,0.18924367427825928,0.7988646030426025,0.23884859681129456,0.008766722865402699,0.0022928277030587196,0.029585078358650208,0.46398958563804626,0.02070530503988266,0.10562530905008316
202308B,2023-12-03 09:00:00,insat,CRVBND,2,0.04159410297870636,0.011763429269194603,0.9134257435798645,0.11942161619663239,0.017352819442749023,0.010676519013941288,0.015886997804045677,0.008130072616040707,0.011740368790924549,0.8500083088874817
202308B,2023-12-03 14:30:00,insat,CRVBND,2,0.143239364027977,0.0416104793548584,0.6256441473960876,0.47615277767181396,0.11574961245059967,0.010889869183301926,0.07886391878128052,0.14177058637142181,0.036502934992313385,0.32957637310028076
202308B,2023-12-03 20:00:00,insat,CRVBND,2,0.12336039543151855,0.018470585346221924,0.34342849254608154,0.6963023543357849,0.02809259481728077,0.00802570953965187,0.40426844358444214,0.11703155189752579,0.10085004568099976,0.16016970574855804
202308B,2023-12-04 03:00:00,insat,CRVBND,2,0.06692792475223541,0.003063816577196121,0.8376837968826294,0.8407760858535767,0.02403336577117443,0.034479089081287384,0.05085916072130203,0.04019620269536972,0.020495763048529625,0.08148494362831116
202401B,2024-05-25 18:30:00,insat,CRVBND,0,0.03178035840392113,0.0003226383123546839,0.7523106336593628,0.37018725275993347,0.07887402176856995,0.03566018119454384,0.005696344655007124,0.014019204303622246,0.13133859634399414,0.5798107385635376
202401B,2024-05-26 00:00:00,insat,CRVBND,0,0.01464856043457985,0.008609812706708908,0.9172448515892029,0.13880477845668793,0.012764059007167816,0.0010605850256979465,0.003901870222762227,0.12460961937904358,0.05144070088863373,0.7269152402877808
202401B,2024-05-26 06:00:00,insat,CRVBND,0,0.012764554470777512,0.025671029463410378,0.9091944694519043,0.15900541841983795,0.012846285477280617,0.004555835854262114,0.01766110584139824,0.12502209842205048,0.04753363877534866,0.6857455968856812
202401B,2024-05-26 12:00:00,insat,CRVBND,0,0.02815738134086132,8.054361387621611e-05,0.04989757761359215,0.49934807419776917,0.0035386772360652685,0.4816230535507202,0.006818422582000494,0.011820750311017036,0.9115878343582153,0.00712758069857955
202402A,2024-08-30 06:00:00,insat,CRVBND,1,0.02831564098596573,1.010634846920766e-07,0.23503665626049042,0.05003664270043373,0.6817760467529297,0.9499068260192871,0.012949923053383827,5.409171990322648e-06,0.0419217124581337,5.0970975280506536e-05
202402A,2024-08-30 12:00:00,insat,CRVBND,1,0.024478986859321594,1.462375394112314e-07,0.09654027223587036,0.06414434313774109,0.835663378238678,0.9358181953430176,0.013410271145403385,5.671259259543149e-06,0.02990712597966194,3.160659980494529e-05
202402A,2024-08-31 00:00:00,insat,CRVBND,1,0.017056360840797424,1.38112466174789e-06,0.9430279731750488,0.1948811113834381,0.013991497457027435,0.8040932416915894,0.007238897029310465,1.4738783647771925e-05,0.01868525892496109,0.0010094859171658754
202402A,2024-08-31 06:00:00,insat,CRVBND,1,0.026147941127419472,0.005427845288068056,0.8943480253219604,0.6956788301467896,0.031501539051532745,0.25382131338119507,0.015284840948879719,0.010118327103555202,0.032717641443014145,0.03495372459292412
202402A,2024-08-31 12:00:00,insat,CRVBND,1,0.03567308560013771,0.007950518280267715,0.8487591743469238,0.4249289631843567,0.01609545573592186,0.006195744499564171,0.010065941140055656,0.03573273867368698,0.08940621465444565,0.5251920819282532
202402A,2024-09-01 00:00:00,insat,CRVBND,1,0.028930779546499252,0.0018401718698441982,0.8721628785133362,0.3556513786315918,0.028127767145633698,0.02185141108930111,0.011777326464653015,0.012828067876398563,0.05900132283568382,0.6078289747238159
202402A,2024-09-01 06:00:00,insat,SHEAR,1,0.021464360877871513,0.0043547856621444225,0.8859797716140747,0.40637776255607605,0.02331492491066456,0.49936625361442566,0.04139165207743645,0.0018853640649467707,0.027849294245243073,0.08801587671041489
202402A,2024-09-01 12:00:00,insat,SHEAR,1,0.021180303767323494,0.0663510337471962,0.9127523899078369,0.6279990673065186,0.014587034471333027,0.09328294545412064,0.013509373180568218,0.00806720182299614,0.03797091916203499,0.20429977774620056
202402A,2024-09-01 22:30:00,insat,SHEAR,1,0.012850395403802395,7.426461365866999e-07,0.002565062837675214,0.0016110814176499844,0.9605268836021423,0.9983881711959839,0.008334977552294731,4.001744358106407e-08,0.01572260633111,1.177816333353121e-08
202403B,2024-10-23 13:00:00,insat,IRRCDO,4,0.019625701010227203,5.381096707424149e-05,0.6417486071586609,0.82892245054245,0.01720634661614895,0.1530482918024063,0.08062762767076492,0.007990967482328415,0.2407917082309723,0.009984432719647884
202403B,2024-10-24 00:30:00,insat,EMBC,4,0.014621244743466377,0.026237575337290764,0.014138095080852509,0.15917320549488068,0.006421061232686043,0.00047510446165688336,0.8953600525856018,0.20819008350372314,0.06945953518152237,0.6059240102767944
202403B,2024-10-24 05:30:00,insat,CRVBND,4,0.032243866473436356,0.007493861019611359,0.472922682762146,0.5498554706573486,0.03070295788347721,0.019253656268119812,0.2990236282348633,0.15869469940662384,0.1651068478822708,0.26470232009887695
202403B,2024-10-25 00:30:00,insat,IRRCDO,4,0.01950404979288578,0.027040300890803337,0.8051738739013672,0.20071779191493988,0.04360917955636978,0.0051567708142101765,0.0523792989552021,0.09039943665266037,0.07933352887630463,0.6766857504844666
202404B,2024-11-30 09:30:00,insat,CRVBND,2,0.023691194131970406,0.005078441463410854,0.8802974820137024,0.7534775733947754,0.030625831335783005,0.0045174709521234035,0.039591122418642044,0.161718487739563,0.02579440549015999,0.07520798593759537
202404B,2024-11-30 15:00:00,insat,CRVBND,2,0.07550779730081558,1.8838032701751217e-05,0.7125356793403625,0.7374383211135864,0.04806305468082428,0.21481534838676453,0.11416783183813095,0.0036491623613983393,0.04972558841109276,0.04407842084765434
202404B,2024-11-30 21:00:00,insat,IRRCDO,2,0.014749418944120407,0.00014309832477010787,0.17342345416545868,0.039323288947343826,0.0881040096282959,0.00044273771345615387,0.598879337310791,0.0008380335639230907,0.12484381347894669,0.9592528939247131
202501B,2025-10-01 12:00:00,insat,SHEAR,3,0.011508322320878506,1.7403650742764398e-09,0.0015694452449679375,0.01353404950350523,0.9633750915527344,0.9864545464515686,0.008451328612864017,4.111963335162727e-06,0.015095798298716545,7.289848781510955e-06
202501B,2025-10-02 00:00:00,insat,CRVBND,3,0.024417195469141006,7.441403226948751e-08,0.9252321720123291,0.4070535898208618,0.027578651905059814,0.5695766806602478,0.002222481882199645,0.00010944504174403846,0.020549580454826355,0.023260265588760376
202501B,2025-10-02 06:00:00,insat,CRVBND,3,0.04320327565073967,1.3203921298554633e-06,0.27258095145225525,0.3209701180458069,0.05266491323709488,0.16179408133029938,0.02261284552514553,0.00018800520047079772,0.6089379787445068,0.5170464515686035
202502A,2025-10-03 05:30:00,insat,CRVBND,0,0.061113763600587845,0.13386526703834534,0.43055763840675354,0.5062046647071838,0.03579236567020416,0.01628255657851696,0.3080584406852722,0.1114848330616951,0.16447782516479492,0.23216260969638824
202502A,2025-10-03 12:30:00,insat,IRRCDO,0,0.03467774763703346,0.18360573053359985,0.04151259735226631,0.13396437466144562,0.013839076273143291,0.0012445281026884913,0.8813034892082214,0.38851621747016907,0.02866702899336815,0.2926691770553589
202502A,2025-10-04 00:00:00,insat,CRVBND,0,0.22251196205615997,1.1845067092508543e-05,0.6401828527450562,0.29386386275291443,0.06773356348276138,0.7043877243995667,0.057601217180490494,0.00018375775835011154,0.011970357038080692,0.0015528587391600013
202502A,2025-10-04 06:00:00,insat,CRVBND,0,0.526960015296936,3.765308792935684e-05,0.30419179797172546,0.3698488771915436,0.08937930315732956,0.62643963098526,0.05055464059114456,0.00023196230176836252,0.028914326801896095,0.0034418860450387
202502A,2025-10-04 12:00:00,insat,EMBC,0,0.9315694570541382,9.938456969393883e-06,0.023045266047120094,0.3537738621234894,0.027974948287010193,0.6378195285797119,0.006811368279159069,0.0002819283108692616,0.010598982684314251,0.00811473187059164
202502A,2025-10-05 05:30:00,insat,EMBC,0,0.022820869460701942,2.950766884168843e-06,0.8197163343429565,0.3413468599319458,0.0745481625199318,0.6212171316146851,0.013501658104360104,5.520725608221255e-05,0.06941300630569458,0.037377920001745224
202502A,2025-10-06 00:00:00,insat,SHEAR,0,0.01067466288805008,4.627177622751333e-05,0.011265698820352554,0.15997964143753052,0.9450410604476929,0.83986496925354,0.01656845398247242,4.8024405259639025e-05,0.0164501816034317,6.105877400841564e-05
202502A,2025-10-06 06:00:00,insat,SHEAR,0,0.006204425357282162,5.018857773819718e-09,0.002328026806935668,0.010576519183814526,0.9731773734092712,0.9894229769706726,0.007099952083081007,6.714206524094379e-09,0.01119026355445385,5.25194423062203e-07
202502A,2025-10-06 12:00:00,insat,SHEAR,0,0.00686628557741642,2.3635866597260247e-08,0.002387311076745391,0.019345995038747787,0.9723106026649475,0.9806514382362366,0.00950959324836731,1.1044158299000628e-07,0.008926133625209332,2.4015569124458125e-06
202502A,2025-10-06 22:30:00,insat,SHEAR,0,0.007338793482631445,3.411818454424065e-07,0.0025795588735491037,0.01590144820511341,0.9563252925872803,0.9840982556343079,0.010655376128852367,1.5193998947893306e-08,0.023100988939404488,5.6084864752392605e-08
202503B,2025-10-27 00:00:00,insat,CRVBND,1,0.02567293494939804,4.495049324759748e-06,0.8468930721282959,0.8698750734329224,0.059895019978284836,0.034673817455768585,0.012395555153489113,0.00211192830465734,0.05514344573020935,0.09333473443984985
202503B,2025-10-27 06:00:00,insat,CRVBND,1,0.023571690544486046,1.1741623495709064e-07,0.7872411608695984,0.36013898253440857,0.06689628213644028,0.6387596130371094,0.016182441264390945,4.018384061055258e-05,0.10610844939947128,0.001061038114130497
202503B,2025-10-27 13:00:00,insat,IRRCDO,1,0.02167080156505108,3.302760944734473e-07,0.6896457672119141,0.5859767198562622,0.02602499909698963,0.2572988271713257,0.01593918725848198,0.0001182486885227263,0.24671924114227295,0.1566057950258255
202503B,2025-10-27 23:30:00,insat,IRRCDO,1,0.02508684992790222,3.625575345722609e-06,0.11779366433620453,0.04109638184309006,0.016720997169613838,4.8214667913271114e-05,0.023406023159623146,0.00022629601880908012,0.8169925212860107,0.9586255550384521
202503B,2025-10-28 06:00:00,insat,CRVBND,1,0.012116530910134315,5.819086368319404e-07,0.04263811931014061,0.6995562314987183,0.018633296713232994,0.26628056168556213,0.022702978923916817,0.0002501013514120132,0.9039090871810913,0.033912576735019684
202503B,2025-10-28 12:00:00,insat,CRVBND,1,0.019522760063409805,9.200173735735007e-06,0.5231035351753235,0.829663872718811,0.05020666494965553,0.04404740035533905,0.01860017701983452,0.0019359290599822998,0.388566792011261,0.12434352934360504
202504B,2025-11-25 20:00:00,insat,EMBC,2,0.035093024373054504,0.00020701436733361334,0.709326982498169,0.31539490818977356,0.05227665975689888,0.0007147997966967523,0.02378249727189541,0.0031815876718610525,0.17952083051204681,0.6805016398429871
202505B,2025-11-27 09:00:00,insat,CRVBND,1,0.9300161600112915,0.03850585222244263,0.027820998802781105,0.39531585574150085,0.007001696154475212,0.0021678716875612736,0.024845555424690247,0.13255064189434052,0.01031557284295559,0.4314597547054291
202505B,2025-11-29 03:00:00,insat,SHEAR,1,0.010420024394989014,9.243747456366691e-08,0.0034725992009043694,0.03157035633921623,0.9660517573356628,0.9683352708816528,0.007497839163988829,2.250038278361899e-06,0.012557757087051868,9.215312456944957e-05
202505B,2025-11-29 09:00:00,insat,SHEAR,1,0.05619899928569794,2.4774234930191597e-07,0.18044617772102356,0.08065538853406906,0.6788474917411804,0.919185996055603,0.02914327383041382,5.8769537645275705e-06,0.05536408722400665,0.00015238537162076682
202505B,2025-11-29 15:00:00,insat,SHEAR,1,0.01227546390146017,1.782536429573156e-08,0.007667910773307085,0.02149229124188423,0.9579763412475586,0.978496789932251,0.008662976324558258,1.8392482843410107e-06,0.013417249545454979,8.95667471922934e-06
202505B,2025-11-29 21:00:00,insat,SHEAR,1,0.010894222185015678,5.537368963359768e-08,0.0037854097317904234,0.006654324010014534,0.9606831073760986,0.9933450222015381,0.008474667556583881,8.014689001356601e-08,0.016162637621164322,4.806398123946565e-07
202505B,2025-11-30 03:00:00,insat,SHEAR,1,0.011944252997636795,7.127773926640657e-08,0.005067002959549427,0.0032799162436276674,0.9570335745811462,0.9967194199562073,0.009355979040265083,1.0516339443711331e-07,0.016599154099822044,4.626029124210618e-07
202505B,2025-11-30 09:00:00,insat,SHEAR,1,0.012246863916516304,1.5617813176049822e-07,0.005190274678170681,0.006543143652379513,0.9619689583778381,0.993455708026886,0.007870958186686039,1.2109531155601871e-07,0.012723003514111042,8.555689987588266e-07
202505B,2025-11-30 15:00:00,insat,SHEAR,1,0.01101660169661045,8.675437129568309e-06,0.007711431942880154,0.04100757837295532,0.9554604291915894,0.9588600397109985,0.008959188126027584,8.959441402112134e-06,0.016852442175149918,0.00011478633678052574
