storm,time,sensor,scene,fold,cnn_EYE,stat_EYE,cnn_CRVBND,stat_CRVBND,cnn_SHEAR,stat_SHEAR,cnn_EMBC,stat_EMBC,cnn_IRRCDO,stat_IRRCDO
200501B,2005-01-09 01:00:00,gridsat,EMBC,1,0.03496716544032097,0.012502970173954964,0.8273330926895142,0.46704500913619995,0.038125693798065186,0.017481906339526176,0.05951792746782303,0.013603147119283676,0.04005616530776024,0.48936688899993896
200501B,2005-01-09 07:00:00,gridsat,CRVBND,1,0.03976554051041603,0.471873939037323,0.4470422863960266,0.10142228752374649,0.05231356620788574,0.00022284207807388157,0.36362728476524353,0.39812126755714417,0.09725134074687958,0.02835969068109989
200501B,2005-01-09 11:30:00,gridsat,SHEAR,1,0.017378773540258408,0.41841599345207214,0.2115720808506012,0.26430782675743103,0.012938996776938438,0.0017261586617678404,0.7363185286521912,0.2676968276500702,0.021791579201817513,0.04785320535302162
200501B,2005-01-09 18:00:00,gridsat,CRVBND,1,0.03268022835254669,0.16347604990005493,0.7096282243728638,0.5557829141616821,0.06246695667505264,0.009550823830068111,0.10484407097101212,0.18302884697914124,0.09038051962852478,0.08816138654947281
200501B,2005-01-10 00:00:00,gridsat,SHEAR,1,0.029061686247587204,0.008426059037446976,0.19604824483394623,0.6251997947692871,0.6892257332801819,0.3301915228366852,0.026134412735700607,0.006516558583825827,0.05952991172671318,0.02966604195535183
200501B,2005-01-10 05:30:00,gridsat,CRVBND,1,0.04976234957575798,0.03747105970978737,0.6429762244224548,0.6556421518325806,0.1593349426984787,0.0533304400742054,0.06199000030755997,0.011031446978449821,0.08593647927045822,0.2425249218940735
200501B,2005-01-10 18:00:00,gridsat,CRVBND,1,0.03380614146590233,0.37406471371650696,0.6712544560432434,0.28953006863594055,0.08194362372159958,0.003042509313672781,0.12620623409748077,0.2557474374771118,0.08678951859474182,0.07761523872613907
200501B,2005-01-10 23:30:00,gridsat,SHEAR,1,0.028201423585414886,0.026568418368697166,0.7351887226104736,0.7321807742118835,0.05315479263663292,0.10084943473339081,0.08189457654953003,0.005726349074393511,0.10156044363975525,0.1346750408411026
200502B,2005-01-14 21:30:00,gridsat,CRVBND,2,0.01566149853169918,0.2602388262748718,0.5333094000816345,0.1711711287498474,0.015919923782348633,0.0008171960362233222,0.24801449477672577,0.30655553936958313,0.18709462881088257,0.26121729612350464
200502B,2005-01-15 02:00:00,gridsat,CRVBND,2,0.008935634978115559,0.09400369226932526,0.507160484790802,0.23938260972499847,0.09100150316953659,0.002061730483546853,0.05180468410253525,0.09919556230306625,0.34109774231910706,0.565356433391571
200502B,2005-01-15 15:00:00,gridsat,CRVBND,2,0.023879457265138626,0.024128496646881104,0.6339724659919739,0.5033849477767944,0.21886689960956573,0.0747375637292862,0.0510726273059845,0.012342343106865883,0.07220857590436935,0.38540658354759216
200502B,2005-01-15 21:00:00,gridsat,CRVBND,2,0.01982462778687477,0.02878432534635067,0.5185374021530151,0.6326872110366821,0.26927679777145386,0.053507886826992035,0.11087927967309952,0.0653952807188034,0.08148190379142761,0.2196252942085266
200502B,2005-01-16 03:00:00,gridsat,IRRCDO,2,0.01636796072125435,0.11835933476686478,0.7599632143974304,0.3860625624656677,0.160557359457016,0.010174509137868881,0.024930452927947044,0.12964436411857605,0.03818092122673988,0.3557591736316681
200502B,2005-01-16 15:00:00,gridsat,SHEAR,2,0.021433528512716293,0.0009818936232477427,0.39369070529937744,0.2919192314147949,0.541885256767273,0.6837927103042603,0.020032165572047234,0.001404745620675385,0.022958381101489067,0.021901430562138557
200502B,2005-01-16 20:30:00,gridsat,IRRCDO,2,0.006207657512277365,0.025257086381316185,0.6984763741493225,0.5835452079772949,0.08375224471092224,0.07170156389474869,0.017134759575128555,0.041745588183403015,0.1944289654493332,0.27775055170059204
200502B,2005-01-17 03:00:00,gridsat,CRVBND,2,0.008125506341457367,0.018755991011857986,0.5502973794937134,0.6678719520568848,0.34963831305503845,0.2332266867160797,0.011369554325938225,0.018997741863131523,0.08056925982236862,0.061147548258304596
200502B,2005-01-17 08:30:00,gridsat,SHEAR,2,0.01319932658225298,0.011085276491940022,0.39723044633865356,0.4572664201259613,0.5083910226821899,0.16024412214756012,0.03333444520831108,0.0042910510674119,0.0478447750210762,0.3671130836009979
200502B,2005-01-17 15:00:00,gridsat,IRRCDO,2,0.013889881782233715,0.014919321984052658,0.7935377359390259,0.6656017303466797,0.11788807064294815,0.13943925499916077,0.05370037257671356,0.014667809009552002,0.020983947440981865,0.165371835231781
200502B,2005-01-17 21:00:00,gridsat,CRVBND,2,0.02107846736907959,0.05262470245361328,0.45824843645095825,0.7136018872261047,0.46578463912010193,0.07700130343437195,0.02843020297586918,0.054544851183891296,0.02645823545753956,0.10222732275724411
200505B,2005-11-28 02:00:00,gridsat,IRRCDO,3,0.006206244230270386,0.036588430404663086,0.12680132687091827,0.41572195291519165,0.011532203294336796,0.02562912181019783,0.01870870776474476,0.0492127425968647,0.8367515206336975,0.4728477895259857
200505B,2005-11-28 09:00:00,gridsat,CRVBND,3,0.007372528314590454,0.011911174282431602,0.4813440442085266,0.5642372369766235,0.013511786237359047,0.09730099886655807,0.02400662750005722,0.014069460332393646,0.47376492619514465,0.312481164932251
200505B,2005-11-28 15:00:00,gridsat,IRRCDO,3,0.007847658358514309,0.0012538367882370949,0.24097886681556702,0.08798027038574219,0.04106005281209946,0.005246388725936413,0.052103571593761444,0.002371479757130146,0.6580098271369934,0.9031480550765991
200505B,2005-11-28 20:00:00,gridsat,IRRCDO,3,0.0042100329883396626,0.041402533650398254,0.09186447411775589,0.06719745695590973,0.018446866422891617,0.0005600563017651439,0.014812235720455647,0.0465475432574749,0.8706664443016052,0.844292402267456
200505B,2005-11-29 09:00:00,gridsat,CRVBND,3,0.005762837361544371,0.10044289380311966,0.8500558733940125,0.2110559493303299,0.05229464918375015,0.0016701786080375314,0.06462012231349945,0.304593950510025,0.02726648561656475,0.3822370171546936
200505B,2005-11-29 15:00:00,gridsat,CRVBND,3,0.009854395873844624,0.001936916378326714,0.6968570947647095,0.6276483535766602,0.2639145255088806,0.2705605924129486,0.010823468677699566,0.0070521030575037,0.018550511449575424,0.09280209243297577
200505B,2005-11-29 21:00:00,gridsat,EMBC,3,0.01956864632666111,0.04677048325538635,0.622090756893158,0.2565288245677948,0.271587997674942,0.011182663962244987,0.02712954953312874,0.03194217383861542,0.05962298437952995,0.6535758376121521
200505B,2005-11-30 02:00:00,gridsat,EMBC,3,0.01692439429461956,0.6829183101654053,0.8305602073669434,0.05476703122258186,0.022766660898923874,0.00026090003666467965,0.046892207115888596,0.21590854227542877,0.08285664767026901,0.0461452379822731
200505B,2005-11-30 09:00:00,gridsat,CRVBND,3,0.02355138771235943,0.09900746494531631,0.43884506821632385,0.2613489329814911,0.1502038538455963,0.013012695126235485,0.10219768434762955,0.045892003923654556,0.28520193696022034,0.58073890209198
200505B,2005-11-30 14:30:00,gridsat,CRVBND,3,0.015132774598896503,0.031701479107141495,0.7014073729515076,0.3322609066963196,0.23099848628044128,0.03133466839790344,0.020400451496243477,0.02964312583208084,0.03206086903810501,0.5750598311424255
200505B,2005-11-30 22:00:00,gridsat,CRVBND,3,0.022830912843346596,0.5839095115661621,0.5517227053642273,0.08235252648591995,0.009705147705972195,0.00028223564731888473,0.20241223275661469,0.27203434705734253,0.21332904696464539,0.06142129749059677
200505B,2005-12-01 09:00:00,gridsat,IRRCDO,3,0.00957577396184206,0.17052623629570007,0.4091043472290039,0.3896409571170807,0.01154946070164442,0.022763974964618683,0.06253465265035629,0.06115765869617462,0.5072357654571533,0.35591113567352295
200505B,2005-12-01 15:00:00,gridsat,SHEAR,3,0.01782933808863163,0.0008517098613083363,0.49922555685043335,0.2669617235660553,0.42530953884124756,0.7241937518119812,0.02801278978586197,0.0002562871668487787,0.029622714966535568,0.007736432831734419
200505B,2005-12-01 21:00:00,gridsat,SHEAR,3,0.018386587500572205,0.008017306216061115,0.2625218629837036,0.5710359215736389,0.6728283166885376,0.1656123846769333,0.018482986837625504,0.013350876048207283,0.027780305594205856,0.241983562707901
200505B,2005-12-02 03:00:00,gridsat,CRVBND,3,0.012498486787080765,0.4172840118408203,0.9030815362930298,0.34760504961013794,0.05889265239238739,0.011972224339842796,0.009820898063480854,0.1009337455034256,0.015706393867731094,0.12220501154661179
200505B,2005-12-02 09:00:00,gridsat,CRVBND,3,0.011498775333166122,0.018491875380277634,0.8038623929023743,0.4586082100868225,0.16250091791152954,0.08939988166093826,0.008309944532811642,0.029793420806527138,0.013827990740537643,0.4037065804004669
200505B,2005-12-02 15:00:00,gridsat,CRVBND,3,0.007860860787332058,0.051398009061813354,0.917073130607605,0.5185550451278687,0.04303378239274025,0.09483160078525543,0.00829800870269537,0.04192545637488365,0.023734303191304207,0.2932899296283722
200506B,2005-12-06 06:00:00,gridsat,CRVBND,0,0.03872762620449066,0.04189335182309151,0.829633355140686,0.7348461747169495,0.01974436454474926,0.10028640925884247,0.08461123704910278,0.05600719526410103,0.027283458039164543,0.06696680188179016
200506B,2005-12-06 18:00:00,gridsat,EMBC,0,0.02120303176343441,0.45745009183883667,0.09285672754049301,0.08493509143590927,0.023096274584531784,0.0006011140649206936,0.6422216296195984,0.39036983251571655,0.22062231600284576,0.06664392352104187
200506B,2005-12-07 01:00:00,gridsat,EMBC,0,0.01562255248427391,0.4694984257221222,0.2917528450489044,0.16238100826740265,0.016142621636390686,0.0030463733710348606,0.564266562461853,0.2760709524154663,0.11221540719270706,0.08900321274995804
200506B,2005-12-10 06:00:00,gridsat,EMBC,0,0.013691660016775131,0.13779231905937195,0.7605676054954529,0.36391565203666687,0.011769289150834084,0.018850307911634445,0.018573079258203506,0.16792096197605133,0.19539839029312134,0.3115207254886627
200506B,2005-12-10 12:00:00,gridsat,SHEAR,0,0.021583791822195053,0.001112652476876974,0.9026448726654053,0.5465684533119202,0.014515485614538193,0.27139320969581604,0.010952611453831196,0.0012000631541013718,0.050303179770708084,0.17972566187381744
200506B,2005-12-10 18:00:00,gridsat,SHEAR,0,0.023188337683677673,3.827057662419975e-05,0.4630815386772156,0.23384860157966614,0.4874231517314911,0.746850311756134,0.01747126504778862,0.0005649832892231643,0.008835740387439728,0.01869783364236355
200506B,2005-12-11 05:00:00,gridsat,SHEAR,0,0.01605880632996559,6.351616320898756e-06,0.07532018423080444,0.045207053422927856,0.8910871744155884,0.9543918371200562,0.009493224322795868,1.825982690206729e-05,0.008040683344006538,0.00037653621984645724
200507B,2005-12-17 06:00:00,gridsat,SHEAR,1,0.040006861090660095,0.0068176318891346455,0.5910273790359497,0.5911564230918884,0.23352371156215668,0.29853785037994385,0.0801021084189415,0.02082255482673645,0.055339958518743515,0.08266553282737732
200507B,2005-12-17 12:00:00,gridsat,CRVBND,1,0.06908192485570908,0.068684421479702,0.6979219317436218,0.37461140751838684,0.03664280101656914,0.005267460364848375,0.10436828434467316,0.277271568775177,0.0919850617647171,0.27416518330574036
200507B,2005-12-17 18:00:00,gridsat,CRVBND,1,0.021914653480052948,0.1264716386795044,0.3552166521549225,0.3377903699874878,0.011245924979448318,0.0019780071452260017,0.2149793952703476,0.3135198652744293,0.3966433107852936,0.22024010121822357
200507B,2005-12-18 06:00:00,gridsat,CRVBND,1,0.023015789687633514,0.16003848612308502,0.8878998756408691,0.4502410292625427,0.010454396717250347,0.004952273331582546,0.020659716799855232,0.17872825264930725,0.05797025188803673,0.20604002475738525
200507B,2005-12-18 12:00:00,gridsat,CRVBND,1,0.037705205380916595,0.05863479897379875,0.9010540843009949,0.6968131065368652,0.01687202788889408,0.06890211254358292,0.013336917385458946,0.04959569126367569,0.03103172779083252,0.12605434656143188
200507B,2005-12-19 07:00:00,gridsat,CRVBND,1,0.013244646601378918,0.25426989793777466,0.0347972996532917,0.250492662191391,0.0025982207152992487,0.0024469937197864056,0.045946184545755386,0.24658672511577606,0.9034135937690735,0.24620366096496582
200507B,2005-12-19 11:00:00,gridsat,EMBC,1,0.010040019638836384,0.23556840419769287,0.056178946048021317,0.1474011242389679,0.002276701619848609,0.0014755750307813287,0.004907452501356602,0.3336743414402008,0.9265969395637512,0.28188055753707886
200507B,2005-12-19 18:00:00,gridsat,EMBC,1,0.026231056079268456,0.3840681314468384,0.7279333472251892,0.16261203587055206,0.019199268892407417,0.0013195121427997947,0.040449902415275574,0.34475117921829224,0.18618641793727875,0.1072491705417633
200507B,2005-12-20 00:00:00,gridsat,SHEAR,1,0.020146427676081657,0.003853285452350974,0.04321438446640968,0.5429549217224121,0.8796837329864502,0.1744801253080368,0.020768534392118454,0.0021990458481013775,0.03618691861629486,0.27651259303092957
200507B,2005-12-20 06:00:00,gridsat,SHEAR,1,0.05433617904782295,0.0142095647752285,0.36504340171813965,0.7109135389328003,0.39578187465667725,0.216391921043396,0.07094163447618484,0.017435546964406967,0.11389697343111038,0.04104945808649063
200507B,2005-12-20 12:00:00,gridsat,EMBC,1,0.022118816152215004,0.03400208055973053,0.7897695899009705,0.5636314749717712,0.01590811274945736,0.04510873183608055,0.014448962174355984,0.057068031281232834,0.15775452554225922,0.3001896142959595
200507B,2005-12-20 18:00:00,gridsat,IRRCDO,1,0.03898899629712105,0.12872546911239624,0.18170182406902313,0.3830094337463379,0.020088989287614822,0.0031405899208039045,0.024607008323073387,0.12580379843711853,0.7346131205558777,0.3593207001686096
200507B,2005-12-20 23:00:00,gridsat,EMBC,1,0.03299963101744652,0.5282578468322754,0.7057852745056152,0.07558956742286682,0.029705489054322243,0.0001215361844515428,0.1803211271762848,0.36462631821632385,0.05118850991129875,0.03140478581190109
200507B,2005-12-21 06:00:00,gridsat,SHEAR,1,0.0419963113963604,0.015033618547022343,0.7581983804702759,0.5569790601730347,0.1588716059923172,0.07678378373384476,0.022407881915569305,0.024596402421593666,0.018525846302509308,0.32660719752311707
200507B,2005-12-21 13:00:00,gridsat,CRVBND,1,0.024946162477135658,0.19915972650051117,0.8011079430580139,0.4976974427700043,0.012046337127685547,0.009722873568534851,0.035310015082359314,0.1512136310338974,0.12658952176570892,0.1422063410282135
200507B,2005-12-21 18:00:00,gridsat,SHEAR,1,0.03857859969139099,0.005859748460352421,0.4122619330883026,0.5476663112640381,0.016181543469429016,0.10851375013589859,0.01838166080415249,0.008849082514643669,0.5145962238311768,0.32911112904548645
200507B,2005-12-22 00:00:00,gridsat,SHEAR,1,0.035893384367227554,0.007223987020552158,0.7669752836227417,0.706133246421814,0.07412072271108627,0.16533870995044708,0.04306843504309654,0.008182871155440807,0.07994218915700912,0.11312122642993927
200507B,2005-12-22 06:00:00,gridsat,SHEAR,1,0.033792078495025635,0.017977869138121605,0.7380536198616028,0.563676655292511,0.0964059829711914,0.036896832287311554,0.013724508695304394,0.011668156832456589,0.11802385002374649,0.36978039145469666
200507B,2005-12-22 12:00:00,gridsat,SHEAR,1,0.09770501405000687,0.0037919138558208942,0.41813939809799194,0.49040138721466064,0.07359778136014938,0.10738441348075867,0.007840685546398163,0.0036569254007190466,0.40271711349487305,0.39476531744003296
200507B,2005-12-22 18:00:00,gridsat,CRVBND,1,0.008293498307466507,0.22045382857322693,0.8096120357513428,0.4448118209838867,0.004639734048396349,0.002725856378674507,0.15910741686820984,0.13345670700073242,0.01834730990231037,0.19855178892612457
200601A,2006-01-14 06:00:00,gridsat,CRVBND,0,0.014318407513201237,0.10685765743255615,0.945956289768219,0.5164487957954407,0.015259834937751293,0.031974826008081436,0.006345667410641909,0.16177260875701904,0.018119867891073227,0.18294602632522583
200601A,2006-01-14 12:00:00,gridsat,SHEAR,0,0.037529125809669495,0.0008921640110202134,0.7933142781257629,0.32566773891448975,0.13662764430046082,0.663914680480957,0.009364237077534199,0.000845075526740402,0.02316475659608841,0.00868031196296215
200601A,2006-01-14 17:00:00,gridsat,SHEAR,0,0.019976548850536346,1.3375371281654225e-06,0.017100932076573372,0.03519564867019653,0.9500934481620789,0.9641162753105164,0.0065758503042161465,5.831039743497968e-06,0.006253181956708431,0.000680898257996887
200601A,2006-01-15 00:00:00,gridsat,SHEAR,0,0.009587700478732586,1.0875046427827328e-06,0.003900263225659728,0.016669070348143578,0.968991756439209,0.9833046197891235,0.010313342325389385,3.027648745046463e-07,0.007206987123936415,2.4880875571398064e-05
200601A,2006-01-15 06:00:00,gridsat,SHEAR,0,0.007650676183402538,2.4016246698010946e-06,0.0037659851368516684,0.030663620680570602,0.9656965136528015,0.9692798256874084,0.012004461139440536,1.2131569064877112e-06,0.010882399044930935,5.308824256644584e-05
200601A,2006-01-15 12:00:00,gridsat,SHEAR,0,0.01825922727584839,4.120981611777097e-05,0.6620439291000366,0.07613563537597656,0.27159833908081055,0.9236087203025818,0.018687961623072624,2.9111124604241922e-05,0.029410503804683685,0.0001853452413342893
200601A,2006-01-15 17:00:00,gridsat,SHEAR,0,0.02007022127509117,3.687891876325011e-05,0.23505878448486328,0.13313733041286469,0.7115581035614014,0.8619453310966492,0.0107905687764287,0.00017230365483555943,0.022522371262311935,0.004708063323050737
200602B,2006-04-25 09:00:00,gridsat,IRRCDO,2,0.015169840306043625,0.0413091778755188,0.21401898562908173,0.4725310802459717,0.0074294693768024445,0.0013969001593068242,0.589152991771698,0.08167602121829987,0.17422878742218018,0.4030868411064148
200602B,2006-04-25 21:00:00,gridsat,CRVBND,2,0.11946943402290344,0.0404556505382061,0.21106965839862823,0.2109547108411789,0.01942681334912777,0.0006260381196625531,0.5283457040786743,0.4438253343105316,0.12168842554092407,0.30413827300071716
200602B,2006-04-26 09:00:00,gridsat,CRVBND,2,0.0037104892544448376,0.0018617023015394807,0.8431921005249023,0.7296788096427917,0.021285176277160645,0.13195057213306427,0.018308520317077637,0.013339207507669926,0.11350367218255997,0.12316959351301193
200602B,2006-04-26 20:00:00,gridsat,EMBC,2,0.015239158645272255,0.18619050085544586,0.2259351760149002,0.05786246806383133,0.026990776881575584,3.880048097926192e-05,0.03939671441912651,0.4727337956428528,0.6924382448196411,0.2831745147705078
200602B,2006-04-27 04:00:00,gridsat,EMBC,2,0.12159164994955063,0.21075104176998138,0.0065223099663853645,0.029494047164916992,0.004617174621671438,1.2241916920174845e-05,0.8560237288475037,0.7382047176361084,0.011245127767324448,0.021537939086556435
200602B,2006-04-27 15:00:00,gridsat,EMBC,2,0.07763069123029709,0.31789669394493103,0.0074820551089942455,0.037711743265390396,0.001977066043764353,2.9012884624535218e-05,0.9044209122657776,0.5802857279777527,0.008489270694553852,0.0640767440199852
200602B,2006-04-27 21:00:00,gridsat,EMBC,2,0.10006219148635864,0.26922357082366943,0.00302117713727057,0.011205474846065044,0.001971519086509943,2.9014381652814336e-06,0.8875953555107117,0.6946923136711121,0.007349685300141573,0.024875691160559654
200603B,2006-07-03 00:00:00,gridsat,CRVBND,4,0.04389401152729988,0.04236958548426628,0.5235048532485962,0.25890836119651794,0.026460055261850357,0.0003926968201994896,0.11064177751541138,0.5431849956512451,0.295499324798584,0.15514437854290009
200603B,2006-07-03 04:30:00,gridsat,CRVBND,4,0.016177965328097343,0.0011146641336381435,0.46675819158554077,0.769725501537323,0.2952401638031006,0.08116113394498825,0.05056458339095116,0.009656761772930622,0.1712590456008911,0.13834188878536224
200604A,2006-09-21 15:00:00,gridsat,CRVBND,3,0.008403360843658447,0.11385497450828552,0.1306629180908203,0.1815771609544754,0.025411022827029228,0.004660308826714754,0.04755958169698715,0.05585267022252083,0.7879630923271179,0.6440549492835999
200604A,2006-09-22 09:00:00,gridsat,EMBC,3,0.03650776669383049,0.7616312503814697,0.11062521487474442,0.055650413036346436,0.00648231478407979,0.0006183357327245176,0.6724008321762085,0.13876910507678986,0.17398382723331451,0.04333097115159035
200604A,2006-09-22 15:00:00,gridsat,EYE,3,0.9377744197845459,0.46494343876838684,0.0049212537705898285,0.08834993094205856,0.01248053926974535,0.0013409159146249294,0.007616820279508829,0.1618310809135437,0.03720695897936821,0.2835347056388855
200604A,2006-09-23 09:00:00,gridsat,CRVBND,3,0.008437921293079853,0.05058032646775246,0.8762937188148499,0.5833458304405212,0.05660016089677811,0.17013931274414062,0.023473607376217842,0.05197523161768913,0.03519457206130028,0.14395937323570251
200604A,2006-09-23 15:00:00,gridsat,CRVBND,3,0.011767799034714699,0.030445266515016556,0.8371317982673645,0.600803554058075,0.07634294778108597,0.34421801567077637,0.02541748248040676,0.006839345209300518,0.04933999106287956,0.01769382506608963
200604A,2006-09-23 21:00:00,gridsat,CRVBND,3,0.014393795281648636,0.004098702222108841,0.26857802271842957,0.5020714402198792,0.6727904081344604,0.46776899695396423,0.018778447061777115,0.002166980179026723,0.025459354743361473,0.02389386296272278
200604A,2006-09-24 03:00:00,gridsat,CRVBND,3,0.0288369320333004,0.015604270622134209,0.4675068259239197,0.5787338018417358,0.4452281892299652,0.3837534487247467,0.030680034309625626,0.0009940514573827386,0.02774796634912491,0.02091442234814167
200605B,2006-09-29 03:00:00,gridsat,CRVBND,2,0.03416997939348221,0.018824895843863487,0.5679826140403748,0.43628227710723877,0.06333840638399124,0.030125226825475693,0.08435897529125214,0.029222823679447174,0.25015008449554443,0.4855448007583618
200701B,2007-05-14 07:00:00,gridsat,EMBC,2,0.042347777634859085,0.3617931008338928,0.035902079194784164,0.1033526360988617,0.0021614080760627985,0.00024177093291655183,0.9134752750396729,0.5224496722221375,0.006113430485129356,0.01216280460357666
200702A,2007-06-02 06:00:00,gridsat,EMBC,4,0.026832636445760727,0.30479344725608826,0.2723236382007599,0.08936575800180435,0.009121982380747795,0.0002515365486033261,0.6313185691833496,0.5566385388374329,0.06040322035551071,0.04895069822669029
200702A,2007-06-02 16:30:00,gridsat,CRVBND,4,0.051592014729976654,0.14775602519512177,0.04574020579457283,0.20141863822937012,0.004682398866862059,0.0012100152671337128,0.1671743541955948,0.21526458859443665,0.7308111190795898,0.43435072898864746
200702A,2007-06-03 00:30:00,gridsat,EMBC,4,0.035952188074588776,0.349477618932724,0.013894333504140377,0.042304668575525284,0.005081051494926214,5.4827280109748244e-05,0.9335063099861145,0.5684393048286438,0.011566135101020336,0.039723578840494156
200702A,2007-06-03 19:00:00,gridsat,EYE,4,0.9526594877243042,0.36405375599861145,0.002513122046366334,0.03411637619137764,0.015771962702274323,3.0127959689707495e-05,0.021784817799925804,0.5585662126541138,0.007270586211234331,0.04323352128267288
200702A,2007-06-04 00:00:00,gridsat,EYE,4,0.9583730697631836,0.28112056851387024,0.0027732644230127335,0.02157316915690899,0.016819626092910767,1.0980897059198469e-05,0.007216631900519133,0.6656153202056885,0.014817378483712673,0.031679946929216385
200702A,2007-06-04 06:00:00,gridsat,EYE,4,0.9624142050743103,0.4485820531845093,0.0032093978952616453,0.01597900688648224,0.008813501335680485,1.1499198990350123e-05,0.006039869040250778,0.5151235461235046,0.019523022696375847,0.020303916186094284
200702A,2007-06-04 12:00:00,gridsat,EYE,4,0.9518854022026062,0.6777324676513672,0.003765910631045699,0.02167236991226673,0.015876106917858124,5.350670107873157e-05,0.00537059735506773,0.2872377634048462,0.02310202829539776,0.013303829357028008
200702A,2007-06-04 18:00:00,gridsat,EYE,4,0.963312029838562,0.364469975233078,0.0022616556379944086,0.010832836851477623,0.013408162631094456,8.01116675575031e-06,0.0060346657410264015,0.6046942472457886,0.014983534812927246,0.019994940608739853
200702A,2007-06-05 00:00:00,gridsat,EMBC,4,0.786350429058075,0.5564836859703064,0.002867907052859664,0.011331719346344471,0.03883687034249306,8.395958502660505e-06,0.16642728447914124,0.42471301555633545,0.0055174436420202255,0.007463149260729551
200702A,2007-06-05 06:00:00,gridsat,EMBC,4,0.9333534836769104,0.8176449537277222,0.004931218456476927,0.009379192255437374,0.02953658439218998,2.848600888682995e-05,0.02336522936820984,0.1712094247341156,0.00881345383822918,0.0017378946067765355
200702A,2007-06-06 07:00:00,gridsat,EMBC,4,0.007850605063140392,0.4332819879055023,0.004006787668913603,0.19510269165039062,0.0032734337728470564,0.0035828680265694857,0.9825665354728699,0.2575894296169281,0.0023026124108582735,0.11044295132160187
200702A,2007-06-06 18:00:00,gridsat,CRVBND,4,0.011861491948366165,0.032741397619247437,0.8795990943908691,0.7573115825653076,0.009169141761958599,0.14153896272182465,0.05698829144239426,0.03447268158197403,0.04238199070096016,0.03393532335758209
200702A,2007-06-07 00:00:00,gridsat,CRVBND,4,0.004499352537095547,0.0028743133880198,0.9587616920471191,0.28622686862945557,0.020028693601489067,0.7043308615684509,0.008480384945869446,0.0010360117303207517,0.00822992343455553,0.005531971342861652
200702A,2007-06-07 06:00:00,gridsat,SHEAR,4,0.016192486509680748,0.00029551819898188114,0.6321927905082703,0.05398058146238327,0.3250733017921448,0.9450375437736511,0.016825586557388306,8.957927639130503e-05,0.009715797379612923,0.0005967010511085391
200702A,2007-06-07 12:00:00,gridsat,SHEAR,4,0.011178912594914436,8.7138861999847e-05,0.07644329965114594,0.06922436505556107,0.8903703093528748,0.9288579225540161,0.01573142223060131,9.361723641632125e-05,0.006276033353060484,0.0017370445420965552
200703B,2007-06-21 15:00:00,gridsat,SHEAR,2,0.011771663092076778,4.960431397194043e-05,0.34139060974121094,0.7152525186538696,0.14737902581691742,0.2322278916835785,0.007722644601017237,0.0033157479483634233,0.4917360544204712,0.04915419593453407
200703B,2007-06-21 20:30:00,gridsat,CRVBND,2,0.007463964633643627,0.0004553697945084423,0.34513258934020996,0.47724997997283936,0.06594561040401459,0.004327052738517523,0.012952020391821861,0.00932332593947649,0.5685058236122131,0.5086443424224854
200703B,2007-06-22 03:00:00,gridsat,CRVBND,2,0.012639484368264675,0.11164325475692749,0.6644911170005798,0.4580790400505066,0.09155481308698654,0.0016462481580674648,0.07273585349321365,0.3305027484893799,0.1585787534713745,0.09812871366739273
200703B,2007-06-22 09:00:00,gridsat,CRVBND,2,0.005671919789165258,0.016695335507392883,0.8500484824180603,0.669700026512146,0.04878264665603638,0.010777288116514683,0.04252822697162628,0.08053712546825409,0.05296871438622475,0.22229035198688507
200703B,2007-06-25 09:00:00,gridsat,CRVBND,2,0.021842110902071,0.06727917492389679,0.7198637127876282,0.5402199029922485,0.1517084389925003,0.012551874853670597,0.08540309965610504,0.2441859394311905,0.02118261158466339,0.13576310873031616
200703B,2007-06-25 15:00:00,gridsat,CRVBND,2,0.0034444991033524275,0.018987683579325676,0.9667323231697083,0.46669670939445496,0.02076985314488411,0.0071539985947310925,0.004737187176942825,0.04840913414955139,0.004316132515668869,0.45875245332717896
200704B,2007-06-28 17:00:00,gridsat,IRRCDO,4,0.029328947886824608,0.031424835324287415,0.12296696752309799,0.09437713772058487,0.015764500945806503,0.00019183151016477495,0.17256487905979156,0.1860065907239914,0.6593746542930603,0.6879995465278625
200705A,2007-10-28 03:00:00,gridsat,CRVBND,0,0.011014619842171669,0.001334183500148356,0.1689729392528534,0.14737892150878906,0.016947055235505104,0.0045282295905053616,0.04842251166701317,0.011075668036937714,0.7546429634094238,0.8356830477714539
200705A,2007-10-28 09:00:00,gridsat,CRVBND,0,0.018415939062833786,0.000551694945897907,0.9085232019424438,0.4882517158985138,0.014064512215554714,0.3813678026199341,0.020855000242590904,0.010423551313579082,0.03814135491847992,0.11940526962280273
200705A,2007-10-28 15:00:00,gridsat,CRVBND,0,0.020122865214943886,0.0007746300543658435,0.509073793888092,0.18983931839466095,0.03325365483760834,0.030387114733457565,0.021034421399235725,0.00338681205175817,0.4165152609348297,0.7756121158599854
200705A,2007-10-28 21:00:00,gridsat,CRVBND,0,0.021867528557777405,0.004112644121050835,0.7359146475791931,0.623347818851471,0.08539173007011414,0.06051136180758476,0.09715733677148819,0.00967892725020647,0.05966869369149208,0.3023492991924286
200705A,2007-10-29 03:00:00,gridsat,SHEAR,0,0.02698207087814808,3.919984374078922e-05,0.8516159057617188,0.25899696350097656,0.09676493704319,0.5138423442840576,0.006163865327835083,0.0004758028080686927,0.0184733085334301,0.22664566338062286
200705A,2007-10-29 09:00:00,gridsat,CRVBND,0,0.022562293335795403,0.004562068730592728,0.3688070774078369,0.482502818107605,0.04935604706406593,0.031896352767944336,0.1799032837152481,0.040080681443214417,0.3793712258338928,0.44095805287361145
200705A,2007-10-29 15:00:00,gridsat,CRVBND,0,0.013671761378645897,0.001289679785259068,0.03188536316156387,0.32070887088775635,0.020420938730239868,0.04196285456418991,0.03246273100376129,0.009739591740071774,0.9015591740608215,0.6262989640235901
200705A,2007-10-29 21:00:00,gridsat,CRVBND,0,0.02735251374542713,0.005307614803314209,0.8551887273788452,0.7698639035224915,0.023692864924669266,0.10702316462993622,0.05153321847319603,0.021351369097828865,0.042232658714056015,0.09645397961139679
200705A,2007-10-30 03:00:00,gridsat,SHEAR,0,0.02909560687839985,5.219036029302515e-05,0.6459496021270752,0.2834765315055847,0.07992837578058243,0.6898853182792664,0.11702916771173477,0.0014881249517202377,0.12799718976020813,0.025097806006669998
200705A,2007-10-30 09:00:00,gridsat,SHEAR,0,0.02187763899564743,8.48561103339307e-06,0.765486478805542,0.10778887569904327,0.047350116074085236,0.8888203501701355,0.06582961231470108,0.0004382655897643417,0.09945620596408844,0.002944102743640542
200705A,2007-10-30 15:30:00,gridsat,SHEAR,0,0.030817102640867233,1.0920953172899317e-05,0.5874497890472412,0.11054113507270813,0.1281406283378601,0.8862113356590271,0.1292722523212433,0.000579990039113909,0.12432025372982025,0.002656597178429365
200705A,2007-10-30 21:30:00,gridsat,CRVBND,0,0.025735905393958092,0.0002822413225658238,0.7392111420631409,0.39540162682533264,0.0814676433801651,0.2029271274805069,0.013501628302037716,0.002971253590658307,0.1400837004184723,0.39841777086257935
200705A,2007-10-31 03:30:00,gridsat,SHEAR,0,0.022373056039214134,3.071373612328898e-06,0.036585528403520584,0.06832883507013321,0.7097097039222717,0.9307295680046082,0.0747404545545578,5.288172542350367e-05,0.1565912365913391,0.0008856491185724735
200705A,2007-10-31 09:00:00,gridsat,SHEAR,0,0.044143956154584885,2.475200915341702e-07,0.2275460958480835,0.009146357886493206,0.6384647488594055,0.9908532500267029,0.0386212021112442,5.648812084757537e-09,0.0512239933013916,6.045816292044037e-08
200705A,2007-10-31 21:30:00,gridsat,SHEAR,0,0.052949074655771255,1.0047280341041187e-07,0.20653484761714935,0.005341555457562208,0.624608039855957,0.9946582913398743,0.025014694780111313,4.874389780695765e-09,0.09089334309101105,1.581330622002497e-08
200705A,2007-11-01 03:00:00,gridsat,SHEAR,0,0.06465930491685867,6.123220686049535e-08,0.430216521024704,0.0030675216112285852,0.2835245430469513,0.9969323873519897,0.07582364976406097,2.4049906510725805e-09,0.14577600359916687,5.9457025969322785e-09
200705A,2007-11-01 09:30:00,gridsat,SHEAR,0,0.06326267868280411,1.6718246342861676e-08,0.6079235076904297,0.0005570276407524943,0.13593466579914093,0.999442994594574,0.05471884086728096,3.948221305449806e-09,0.1381603181362152,8.729124978401614e-09
200705A,2007-11-01 15:00:00,gridsat,SHEAR,0,0.06555622071027756,7.414940217387311e-09,0.5968582630157471,0.0008848895668052137,0.14648249745368958,0.9991150498390198,0.048254840075969696,1.2219027178961284e-10,0.14284810423851013,3.1465763328242247e-10
200706B,2007-11-12 00:00:00,gridsat,EMBC,3,0.0582575686275959,0.378058522939682,0.2836403548717499,0.04370248317718506,0.008468547835946083,0.00013104437675792724,0.5918253064155579,0.5520198345184326,0.05780824273824692,0.026088101789355278
200706B,2007-11-12 05:30:00,gridsat,EMBC,3,0.02138432115316391,0.47261184453964233,0.008650575764477253,0.03156357258558273,0.0042896210215985775,0.00010306893091183156,0.9630643129348755,0.4775976240634918,0.002611191477626562,0.018123779445886612
200706B,2007-11-12 12:00:00,gridsat,EYE,3,0.970592200756073,0.46588292717933655,0.0018390859477221966,0.0200634878128767,0.007226539775729179,3.907974678440951e-05,0.004112986382097006,0.4946158826351166,0.01622922718524933,0.01939861662685871
200706B,2007-11-12 18:00:00,gridsat,EYE,3,0.9553368091583252,0.3836190402507782,0.00236877822317183,0.009108848869800568,0.01117525715380907,9.805302397580817e-06,0.011673620902001858,0.5943217277526855,0.019445527344942093,0.012940606102347374
200706B,2007-11-13 00:00:00,gridsat,EYE,3,0.9734751582145691,0.5903343558311462,0.0023530840408056974,0.03750848025083542,0.008928936906158924,0.00010402876068837941,0.0029969748575240374,0.3642463684082031,0.012245891615748405,0.007806731387972832
200706B,2007-11-13 05:30:00,gridsat,EYE,3,0.8909937143325806,0.5658643245697021,0.013157431967556477,0.046716924756765366,0.010091588832437992,0.00022019694733899087,0.07538885623216629,0.363334983587265,0.010368410497903824,0.02386351302266121
200706B,2007-11-13 18:00:00,gridsat,EYE,3,0.979626476764679,0.6709189414978027,0.001843330217525363,0.016605116426944733,0.0058221169747412205,2.4609638785477728e-05,0.002617612946778536,0.30552050471305847,0.010090496391057968,0.006930903531610966
200706B,2007-11-13 23:30:00,gridsat,EYE,3,0.9589006900787354,0.6820574402809143,0.0021256455220282078,0.012672550044953823,0.012755418196320534,1.4262600416259374e-05,0.010511635802686214,0.30077818036079407,0.015706611797213554,0.00447760010138154
200706B,2007-11-14 06:30:00,gridsat,EYE,3,0.9592740535736084,0.7109406590461731,0.003018552903085947,0.00876904558390379,0.012256605550646782,9.59651697485242e-06,0.005120897199958563,0.27796798944473267,0.020329978317022324,0.002312666969373822
200706B,2007-11-14 12:30:00,gridsat,EYE,3,0.969334602355957,0.742918848991394,0.0017584440065547824,0.0052333311177790165,0.008472483605146408,4.114280727662845e-06,0.0038352368865162134,0.25013431906700134,0.016599223017692566,0.0017093473579734564
200706B,2007-11-14 18:30:00,gridsat,EYE,3,0.9530089497566223,0.6391887068748474,0.002447218867018819,0.0060508945025503635,0.00919361412525177,2.704819053178653e-06,0.005554135423153639,0.3513849675655365,0.029796026647090912,0.003372789593413472
200706B,2007-11-14 23:30:00,gridsat,EYE,3,0.9356473684310913,0.7275355458259583,0.002889030147343874,0.006911533884704113,0.013652801513671875,3.5794125778920716e-06,0.014574206434190273,0.26256176829338074,0.033236585557460785,0.0029875740874558687
200706B,2007-11-15 06:30:00,gridsat,EYE,3,0.9594014286994934,0.6594669222831726,0.0026457870844751596,0.01139114424586296,0.009582893922924995,1.2083424735465087e-05,0.007558866869658232,0.3242582678794861,0.020811017602682114,0.00487152487039566
200706B,2007-11-15 11:30:00,gridsat,EYE,3,0.9639948606491089,0.7166943550109863,0.0022313480731099844,0.01663830317556858,0.012602400034666061,1.7850992662715726e-05,0.00813487358391285,0.26190468668937683,0.013036594726145267,0.0047448123805224895
200801B,2008-04-28 14:30:00,gridsat,EMBC,0,0.23139578104019165,0.19384649395942688,0.0041221571154892445,0.027655312791466713,0.020835768431425095,2.9680682928301394e-05,0.7137527465820312,0.7242545485496521,0.029893560335040092,0.05421394854784012
200801B,2008-04-28 21:30:00,gridsat,EMBC,0,0.013001791201531887,0.1486242115497589,0.009304473176598549,0.015894856303930283,0.008777677081525326,1.753640935930889e-05,0.9595380425453186,0.7932950258255005,0.009377989917993546,0.0421682633459568
200801B,2008-04-29 09:30:00,gridsat,EMBC,0,0.028279559686779976,0.16231520473957062,0.3737422227859497,0.4105781316757202,0.06930438429117203,0.014768531545996666,0.4212469756603241,0.22274300456047058,0.10742679238319397,0.18959517776966095
200801B,2008-04-29 20:30:00,gridsat,IRRCDO,0,0.01068107970058918,0.01740197464823723,0.0038509301375597715,0.11953023821115494,0.010374325327575207,0.0003468140494078398,0.004843502305448055,0.12495836615562439,0.970250129699707,0.7377626299858093
200801B,2008-04-30 20:30:00,gridsat,EMBC,0,0.009751646779477596,0.26343807578086853,0.000663195678498596,0.09317045658826828,0.014599562622606754,0.00037744006840512156,0.96924889087677,0.4045509696006775,0.005736602004617453,0.23846302926540375
200801B,2008-05-01 09:30:00,gridsat,EMBC,0,0.004862293601036072,0.358489453792572,0.005586901213973761,0.10614422708749771,0.008315738290548325,0.0003058084985241294,0.9736915826797485,0.3599989116191864,0.007543420884758234,0.17506159842014313
200801B,2008-05-01 15:30:00,gridsat,EMBC,0,0.5253782868385315,0.18293510377407074,0.005880336742848158,0.16168932616710663,0.030673138797283173,0.0006369304610416293,0.42245396971702576,0.23866723477840424,0.015614285133779049,0.41607141494750977
200801B,2008-05-02 02:30:00,gridsat,EMBC,0,0.005968734622001648,0.34253695607185364,0.005454719997942448,0.013085981830954552,0.012660055421292782,8.307604730362073e-06,0.9682928919792175,0.6191645860671997,0.007623516488820314,0.025204135105013847
200801B,2008-05-02 08:30:00,gridsat,EYE,0,0.9191331267356873,0.49742335081100464,0.002873896388337016,0.028113659471273422,0.017526356503367424,3.971473779529333e-05,0.04159161448478699,0.4589769244194031,0.01887502148747444,0.015446297824382782
200803B,2008-10-21 01:00:00,gridsat,EMBC,1,0.035375550389289856,0.16466856002807617,0.22984245419502258,0.03662526234984398,0.008809751830995083,1.5837846149224788e-05,0.07331901788711548,0.65397047996521,0.6526532173156738,0.14471982419490814
200803B,2008-10-21 06:00:00,gridsat,CRVBND,1,0.009834438562393188,0.0013179429806768894,0.7889569997787476,0.5124159455299377,0.037197742611169815,0.44551438093185425,0.012974237091839314,0.003372341161593795,0.1510366052389145,0.03737935796380043
200803B,2008-10-21 12:00:00,gridsat,CRVBND,1,0.01975315622985363,0.03698352724313736,0.8994641900062561,0.33215785026550293,0.01587762124836445,0.006256497465074062,0.02960415743291378,0.07446779310703278,0.03530094400048256,0.5501343607902527
200803B,2008-10-21 18:00:00,gridsat,SHEAR,1,0.008012630045413971,9.94303627521731e-05,0.007245248183608055,0.08948729932308197,0.9726001024246216,0.9092079401016235,0.005968057084828615,0.00012767646694555879,0.0061738998629152775,0.0010776874842122197
200803B,2008-10-22 00:00:00,gridsat,SHEAR,1,0.007610837463289499,6.655492597928969e-06,0.005059677641838789,0.018472930416464806,0.9671302437782288,0.9814897179603577,0.009755450300872326,1.5718402437414625e-06,0.010443845763802528,2.918669633800164e-05
200803B,2008-10-22 06:00:00,gridsat,SHEAR,1,0.0080386558547616,1.2548686754598748e-05,0.004742710385471582,0.01397740188986063,0.968709409236908,0.9859733581542969,0.008401717990636826,5.795472134195734e-06,0.010107501409947872,3.0914030503481627e-05
200803B,2008-10-22 13:00:00,gridsat,CRVBND,1,0.01927577704191208,0.30449438095092773,0.7312061190605164,0.3596063256263733,0.04706650599837303,0.009710428304970264,0.09011821448802948,0.16994807124137878,0.11233340948820114,0.15624083578586578
200803B,2008-10-22 18:00:00,gridsat,CRVBND,1,0.006766327191144228,0.003433901583775878,0.010505609214305878,0.3717465400695801,0.9674927592277527,0.5817699432373047,0.004730185028165579,0.0011635731207206845,0.010505163110792637,0.04188597947359085
200803B,2008-10-23 00:00:00,gridsat,CRVBND,1,0.022064220160245895,0.018690278753638268,0.3230448365211487,0.6298657655715942,0.6013154983520508,0.28447288274765015,0.028113657608628273,0.01304667815566063,0.025461748242378235,0.05392433702945709
200803B,2008-10-23 05:30:00,gridsat,CRVBND,1,0.03125805780291557,0.1018461361527443,0.6165636777877808,0.4117417335510254,0.02820022590458393,0.01086463127285242,0.0759764015674591,0.07382621616125107,0.24800163507461548,0.401721328496933
200803B,2008-10-23 17:00:00,gridsat,CRVBND,1,0.03016388602554798,0.11417979747056961,0.830695390701294,0.6966820359230042,0.05480659008026123,0.04208405315876007,0.02022349089384079,0.035227928310632706,0.06411062180995941,0.11182617396116257
200805B,2008-11-14 06:00:00,gridsat,CRVBND,0,0.03634774312376976,0.0372685045003891,0.9059320092201233,0.5116179585456848,0.012101633474230766,0.010910134762525558,0.025468483567237854,0.12639808654785156,0.020150166004896164,0.31380531191825867
200805B,2008-11-14 12:00:00,gridsat,CRVBND,0,0.01929597184062004,0.008651179261505604,0.46505287289619446,0.2341834157705307,0.014371638186275959,0.0038362222258001566,0.03150852024555206,0.021032650023698807,0.46977096796035767,0.7322965860366821
200805B,2008-11-14 18:00:00,gridsat,EMBC,0,0.010836935602128506,0.1368742436170578,0.00532420864328742,0.08125977218151093,0.015933221206068993,7.537281635450199e-05,0.4917543828487396,0.3476206064224243,0.4761511981487274,0.43417003750801086
200805B,2008-11-15 01:30:00,gridsat,IRRCDO,0,0.018152350559830666,0.033999159932136536,0.6542126536369324,0.07818496227264404,0.013223947025835514,0.0002505974262021482,0.15680229663848877,0.19570060074329376,0.157608762383461,0.6918647289276123
200805B,2008-11-15 06:00:00,gridsat,CRVBND,0,0.006149321794509888,0.002547971671447158,0.9783958196640015,0.5019677877426147,0.007623801939189434,0.2744283974170685,0.002505570650100708,0.02841564640402794,0.00532557163387537,0.19264011085033417
200805B,2008-11-15 11:00:00,gridsat,IRRCDO,0,0.024063363671302795,0.01020642090588808,0.14553174376487732,0.05708150938153267,0.013990383595228195,0.00016417945153079927,0.46499210596084595,0.0403604656457901,0.35142239928245544,0.8921874761581421
200805B,2008-11-15 19:00:00,gridsat,CRVBND,0,0.026473520323634148,0.01494450680911541,0.010755869559943676,0.2740934491157532,0.025666512548923492,0.004111796151846647,0.4534597098827362,0.072083480656147,0.4836443364620209,0.6347667574882507
200805B,2008-11-15 23:00:00,gridsat,CRVBND,0,0.01936614140868187,0.0075988490134477615,0.5260634422302246,0.31518319249153137,0.03148248419165611,0.018522536382079124,0.02088807336986065,0.037816520780324936,0.4021998643875122,0.6208788752555847
200806B,2008-11-25 19:30:00,gridsat,CRVBND,3,0.046990007162094116,0.26021838188171387,0.55573570728302,0.4418351650238037,0.013803987763822079,0.004633959382772446,0.3754623532295227,0.17127911746501923,0.008007926866412163,0.12203340977430344
200806B,2008-11-25 23:30:00,gridsat,CRVBND,3,0.009713239967823029,0.20685455203056335,0.935970664024353,0.4781439006328583,0.025398585945367813,0.006681464146822691,0.021895961835980415,0.14748215675354004,0.007021530531346798,0.16083799302577972
200806B,2008-11-26 06:30:00,gridsat,EMBC,3,0.018387440592050552,0.32778200507164,0.5836889743804932,0.19963359832763672,0.014450318180024624,0.0033596688881516457,0.3279651403427124,0.3578670918941498,0.05550812929868698,0.11135756969451904
200806B,2008-11-26 12:00:00,gridsat,CRVBND,3,0.0731075257062912,0.16665513813495636,0.03238601237535477,0.3713478446006775,0.007158479653298855,0.010741122998297215,0.7993698716163635,0.2598571479320526,0.08797813951969147,0.1913987398147583
200806B,2008-11-26 19:30:00,gridsat,CRVBND,3,0.010771957226097584,0.044657133519649506,0.907919704914093,0.7037719488143921,0.04978827014565468,0.04167524352669716,0.016070300713181496,0.07347792387008667,0.015449757687747478,0.13641777634620667
200806B,2008-11-27 00:00:00,gridsat,CRVBND,3,0.019297106191515923,0.17157204449176788,0.792645275592804,0.45550447702407837,0.009476508013904095,0.008220282383263111,0.04918908327817917,0.2751392424106598,0.12939196825027466,0.08956395089626312
200807B,2008-12-04 06:00:00,gridsat,CRVBND,0,0.029395416378974915,0.02526675909757614,0.2316342294216156,0.44361385703086853,0.014365051873028278,0.05518852546811104,0.7068421244621277,0.023794297128915787,0.0177631638944149,0.4521366059780121
200807B,2008-12-04 12:00:00,gridsat,CRVBND,0,0.01877155527472496,0.02782844565808773,0.6941675543785095,0.32668691873550415,0.010940948501229286,0.022018101066350937,0.04216718673706055,0.05869279429316521,0.23395270109176636,0.5647737383842468
200807B,2008-12-04 18:00:00,gridsat,CRVBND,0,0.07104367017745972,0.0007893825531937182,0.6176515221595764,0.45762860774993896,0.24752309918403625,0.2860468029975891,0.017675703391432762,0.0019379265140742064,0.046106018126010895,0.25359728932380676
200807B,2008-12-05 00:00:00,gridsat,CRVBND,0,0.029963968321681023,0.001689220662228763,0.16710321605205536,0.4109092056751251,0.024008432403206825,0.03508166968822479,0.16163663566112518,0.0064495038241147995,0.6172876954078674,0.5458704233169556
200807B,2008-12-05 06:00:00,gridsat,IRRCDO,0,0.03365034610033035,0.0004411560657899827,0.7511488199234009,0.3798493444919586,0.014278823509812355,0.16901837289333344,0.04185929521918297,0.0012823070865124464,0.1590627133846283,0.4494088590145111
200807B,2008-12-05 12:00:00,gridsat,SHEAR,0,0.036282703280448914,4.0540930967836175e-06,0.7620595693588257,0.07384912669658661,0.1741102635860443,0.9195494055747986,0.016778836026787758,7.50302424421534e-05,0.010768655687570572,0.00652247155085206
200807B,2008-12-05 18:00:00,gridsat,SHEAR,0,0.02919633872807026,1.3354164138945634e-06,0.20656760036945343,0.04278142750263214,0.6906734108924866,0.956817090511322,0.03167958930134773,5.569183031184366e-06,0.04188299924135208,0.0003945809439755976
200807B,2008-12-06 00:00:00,gridsat,SHEAR,0,0.024882061406970024,1.1933411769859958e-05,0.17491492629051208,0.1757010668516159,0.6926267743110657,0.7585668563842773,0.07735142856836319,7.21811011317186e-05,0.03022485412657261,0.06564801931381226
200807B,2008-12-06 06:00:00,gridsat,SHEAR,0,0.034446366131305695,0.00011705369979608804,0.6677465438842773,0.3837033808231354,0.22633560001850128,0.5581198334693909,0.030408699065446854,0.005534037481993437,0.04106282442808151,0.05252567678689957
200807B,2008-12-06 12:00:00,gridsat,CRVBND,0,0.017286568880081177,0.002387742744758725,0.9152669906616211,0.548875629901886,0.022185739129781723,0.2277955710887909,0.03085685893893242,0.010064412839710712,0.014403868466615677,0.2108766883611679
200807B,2008-12-06 18:00:00,gridsat,IRRCDO,0,0.021605413407087326,5.608230276266113e-05,0.41299939155578613,0.16608954966068268,0.5211338996887207,0.6888419985771179,0.020806219428777695,0.00068108324194327,0.023455040529370308,0.14433124661445618
200807B,2008-12-07 00:00:00,gridsat,CRVBND,0,0.016470734030008316,2.6106727091246285e-05,0.5531702041625977,0.13054245710372925,0.3724152147769928,0.8527930378913879,0.01982233300805092,0.0001017292306642048,0.03812147676944733,0.016536680981516838
200807B,2008-12-07 06:00:00,gridsat,SHEAR,0,0.03787651285529137,1.34197198349284e-05,0.19420000910758972,0.059991504997015,0.7178758382797241,0.9285518527030945,0.02775849588215351,2.6611216526362114e-05,0.02228916622698307,0.011416612192988396
200807B,2008-12-07 12:00:00,gridsat,CRVBND,0,0.015202697366476059,0.0005807949346490204,0.9296342730522156,0.32159659266471863,0.03729710355401039,0.21713875234127045,0.00880611315369606,0.0013371128588914871,0.009059886448085308,0.4593467116355896
200807B,2008-12-07 16:30:00,gridsat,SHEAR,0,0.023440346121788025,0.00018443547014612705,0.8379178047180176,0.23134152591228485,0.11302228271961212,0.7161170840263367,0.009822327643632889,0.0008737421594560146,0.015797190368175507,0.051483165472745895
200904A,2009-11-10 03:00:00,gridsat,CRVBND,1,0.05759141221642494,0.19397014379501343,0.8170297741889954,0.25785109400749207,0.009849936701357365,0.00046028572251088917,0.009764354676008224,0.2925911843776703,0.10576450824737549,0.25512731075286865
200904A,2009-11-10 09:00:00,gridsat,CRVBND,1,0.024032728746533394,0.27041101455688477,0.4457252025604248,0.19038429856300354,0.006235120352357626,0.00030006200540810823,0.020366914570331573,0.3946436643600464,0.5036400556564331,0.14426098763942719
200904A,2009-11-10 21:30:00,gridsat,EMBC,1,0.030272148549556732,0.43062153458595276,0.005277179181575775,0.07519152760505676,0.005236880853772163,6.122443301137537e-05,0.9530981779098511,0.4126760959625244,0.006115584168583155,0.08144962787628174
200904A,2009-11-11 09:00:00,gridsat,CRVBND,1,0.006107645574957132,0.31355389952659607,0.855309247970581,0.3882315754890442,0.005844751838594675,0.011651793494820595,0.10637147724628448,0.1704973727464676,0.026366950944066048,0.1160653829574585
200905B,2009-12-12 00:00:00,gridsat,CRVBND,2,0.022514425218105316,0.5619655251502991,0.5435651540756226,0.11946582794189453,0.012897440232336521,0.000840039923787117,0.38080161809921265,0.2995908260345459,0.04022136703133583,0.018137821927666664
200905B,2009-12-12 06:00:00,gridsat,CRVBND,2,0.012043901719152927,0.09144935756921768,0.7056944370269775,0.6423850059509277,0.21588818728923798,0.0912993922829628,0.03711584210395813,0.1598583608865738,0.02925766259431839,0.01500788889825344
200905B,2009-12-12 12:00:00,gridsat,CRVBND,2,0.005388469435274601,0.03169390931725502,0.6667415499687195,0.6251622438430786,0.10078725218772888,0.07756984233856201,0.009735996834933758,0.05331685394048691,0.21734677255153656,0.21225711703300476
200905B,2009-12-12 18:00:00,gridsat,CRVBND,2,0.004966392181813717,0.01745804026722908,0.822028398513794,0.7226853966712952,0.12955516576766968,0.16173803806304932,0.007687412202358246,0.05317072197794914,0.035762719810009,0.04494777321815491
200905B,2009-12-13 00:00:00,gridsat,CRVBND,2,0.009174409322440624,0.009600983001291752,0.8017193675041199,0.6765899062156677,0.12962669134140015,0.12605257332324982,0.007426787167787552,0.03144228085875511,0.0520528182387352,0.15631426870822906
200905B,2009-12-13 12:00:00,gridsat,CRVBND,2,0.02583703212440014,0.029426276683807373,0.5480971932411194,0.6519450545310974,0.30085939168930054,0.1876550018787384,0.05763734504580498,0.047829724848270416,0.06756895780563354,0.0831439197063446
200905B,2009-12-13 18:00:00,gridsat,CRVBND,2,0.004244016017764807,0.007269938010722399,0.4294661581516266,0.38330700993537903,0.010234367102384567,0.048830095678567886,0.011372706852853298,0.009954074397683144,0.5446826815605164,0.5506389141082764
200905B,2009-12-14 00:30:00,gridsat,CRVBND,2,0.003600222058594227,0.07145125418901443,0.8064442276954651,0.531976044178009,0.05441457778215408,0.03196041285991669,0.005634824279695749,0.0783977285027504,0.12990613281726837,0.2862146198749542
201001B,2010-05-17 22:00:00,gridsat,EMBC,3,0.005951595492660999,0.3724862337112427,0.03762129321694374,0.023542633280158043,0.003031731816008687,8.598975000495557e-06,0.8875533938407898,0.5784826278686523,0.06584201753139496,0.02547992207109928
201001B,2010-05-19 03:30:00,gridsat,EMBC,3,0.003483546432107687,0.2522527575492859,0.011670912615954876,0.010057639330625534,0.0013474842999130487,4.547218850348145e-06,0.950092613697052,0.7232162952423096,0.03340549021959305,0.014468788169324398
201002A,2010-05-19 15:00:00,gridsat,CRVBND,2,0.007553914561867714,0.09736596047878265,0.9227114915847778,0.5447478294372559,0.04972187057137489,0.28291943669319153,0.011617821641266346,0.03904854878783226,0.00839485228061676,0.03591825067996979
201001B,2010-05-19 20:30:00,gridsat,EMBC,3,0.0032628406770527363,0.32976141571998596,0.08745386451482773,0.22500942647457123,0.0018533369293436408,0.0009514606208540499,0.0737856850028038,0.30772772431373596,0.8336442708969116,0.1365499198436737
201002A,2010-05-19 21:00:00,gridsat,CRVBND,2,0.07427797466516495,0.3233608305454254,0.6047149300575256,0.3496096730232239,0.018012534826993942,0.012335210107266903,0.2862749695777893,0.19721619784832,0.0167195163667202,0.11747805774211884
201002A,2010-05-20 03:00:00,gridsat,IRRCDO,2,0.037670984864234924,0.20349115133285522,0.30139094591140747,0.27894777059555054,0.003654638072475791,0.007755419239401817,0.6072923541069031,0.11841676384210587,0.049991048872470856,0.3913889229297638
201001B,2010-05-20 08:00:00,gridsat,EMBC,3,0.0054273586720228195,0.06058025732636452,0.25475963950157166,0.43373775482177734,0.01228353101760149,0.009796281345188618,0.11871317028999329,0.19486142694950104,0.608816385269165,0.3010242283344269
201001B,2010-05-20 20:30:00,gridsat,CRVBND,3,0.00815239455550909,0.03940485045313835,0.4562588334083557,0.1933012306690216,0.01966528408229351,0.0019468421814963222,0.035798002034425735,0.07689987868070602,0.4801255762577057,0.6884471774101257
201002A,2010-05-20 21:00:00,gridsat,IRRCDO,2,0.02306099608540535,0.2090565711259842,0.5354816317558289,0.15293221175670624,0.03711198270320892,0.003431122750043869,0.061736222356557846,0.043284013867378235,0.3426092267036438,0.5912960767745972
201002A,2010-05-21 15:00:00,gridsat,CRVBND,2,0.057277411222457886,0.4870855510234833,0.44628795981407166,0.2096482813358307,0.040041159838438034,0.009307656437158585,0.43868061900138855,0.2756187319755554,0.01771276444196701,0.018339794129133224
201002A,2010-05-21 21:30:00,gridsat,IRRCDO,2,0.03575700521469116,0.10559196770191193,0.3807884752750397,0.49663612246513367,0.461824506521225,0.07909110933542252,0.07684915512800217,0.011341724544763565,0.044780950993299484,0.3073391616344452
201002A,2010-05-22 09:00:00,gridsat,IRRCDO,2,0.020883219316601753,0.2329721450805664,0.6746456623077393,0.5841056108474731,0.020128745585680008,0.042360808700323105,0.2421817183494568,0.05523305386304855,0.042160701006650925,0.0853283479809761
201002A,2010-05-22 15:00:00,gridsat,CRVBND,2,0.010758859105408192,0.003287435742095113,0.09952051192522049,0.21613973379135132,0.875557541847229,0.7678492069244385,0.0062666162848472595,0.0012142163468524814,0.007896488532423973,0.011509501375257969
201002A,2010-05-22 21:00:00,gridsat,SHEAR,2,0.01231643371284008,4.515090495260665e-06,0.018717164173722267,0.004752806853502989,0.9576176404953003,0.9952392578125,0.00397399440407753,2.148336989193922e-06,0.007374775595963001,1.283650590266916e-06
201002A,2010-05-23 03:00:00,gridsat,SHEAR,2,0.013528319075703621,3.864080281346105e-05,0.5732585191726685,0.13972485065460205,0.2239791750907898,0.8540279865264893,0.013698711059987545,0.0003448559727985412,0.17553529143333435,0.005863728933036327
201002A,2010-05-23 09:00:00,gridsat,SHEAR,2,0.010255994275212288,3.9780520637577865e-06,0.39599961042404175,0.03405168280005455,0.4279809594154358,0.9657480120658875,0.019663969054818153,0.0001481028739362955,0.1460995078086853,4.8270794650306925e-05
201002A,2010-05-23 15:00:00,gridsat,SHEAR,2,0.004572928883135319,3.7381958009063965e-06,0.08440176397562027,0.002629117574542761,0.880166232585907,0.9973625540733337,0.013814141042530537,2.653583123901626e-06,0.01704493537545204,2.051560841209721e-06
201003A,2010-06-01 16:00:00,gridsat,EMBC,4,0.01746281050145626,0.5937009453773499,0.003983210772275925,0.05000237748026848,0.0031162758823484182,0.00047666847240179777,0.9685533046722412,0.33231934905052185,0.006884435191750526,0.023500671610236168
201003A,2010-06-01 21:30:00,gridsat,EMBC,4,0.5478304028511047,0.27077144384384155,0.004701207857578993,0.03466938063502312,0.017156345769762993,4.62948446511291e-05,0.42394372820854187,0.6652904748916626,0.0063682664185762405,0.02922244742512703
201003A,2010-06-02 03:00:00,gridsat,EYE,4,0.9606905579566956,0.25932493805885315,0.0028026748914271593,0.028352929279208183,0.01307392306625843,3.2404663215857e-05,0.010037822648882866,0.6873663663864136,0.013394943438470364,0.024923359975218773
201003A,2010-06-02 09:00:00,gridsat,EYE,4,0.9454736113548279,0.4678903818130493,0.003947421442717314,0.02000764198601246,0.016611002385616302,4.4337426515994594e-05,0.009249921888113022,0.5038118958473206,0.02471807599067688,0.008245723322033882
201003A,2010-06-02 14:00:00,gridsat,EYE,4,0.8579073548316956,0.29763826727867126,0.007448540534824133,0.024324357509613037,0.015165386721491814,4.3431598896859214e-05,0.09928404539823532,0.6400180459022522,0.020194634795188904,0.03797587379813194
201003A,2010-06-02 21:00:00,gridsat,EMBC,4,0.10954093933105469,0.24883988499641418,0.010846163146197796,0.02607572078704834,0.007912454195320606,3.019020914507564e-05,0.7881403565406799,0.6962584853172302,0.08356009423732758,0.028795698657631874
201003A,2010-06-03 02:00:00,gridsat,EMBC,4,0.0044692084193229675,0.4270547926425934,0.004981503821909428,0.015584898181259632,0.0031251872424036264,1.9402363250264898e-05,0.9710469841957092,0.5478194952011108,0.016377121210098267,0.009521341882646084
201003A,2010-06-03 14:00:00,gridsat,EMBC,4,0.018207697197794914,0.6161801218986511,0.0011119263945147395,0.010320525616407394,0.004413192626088858,1.3244562978798058e-05,0.9739460349082947,0.3689979016780853,0.0023211243096739054,0.004488278646022081
201003A,2010-06-03 22:00:00,gridsat,EMBC,4,0.6973649859428406,0.7800909876823425,0.014103570953011513,0.05358702316880226,0.05421467497944832,0.0004548568103928119,0.2255171239376068,0.15978407859802246,0.00879966001957655,0.00608302466571331
201003A,2010-06-04 15:00:00,gridsat,CRVBND,4,0.007481984328478575,0.007161347661167383,0.9635512828826904,0.36362597346305847,0.0057342080399394035,0.6113057136535645,0.012153903022408485,0.0034832290839403868,0.011078614741563797,0.014423728920519352
201003A,2010-06-04 21:00:00,gridsat,CRVBND,4,0.022359000518918037,0.005226511042565107,0.7155619263648987,0.5680094361305237,0.22584791481494904,0.39978334307670593,0.013454129919409752,0.006430549081414938,0.022777048870921135,0.02055010385811329
201003A,2010-06-05 03:00:00,gridsat,SHEAR,4,0.024425944313406944,0.00031632071477361023,0.38904115557670593,0.15995590388774872,0.5222260355949402,0.8384183645248413,0.016939159482717514,0.00033583922777324915,0.047367628663778305,0.0009736099746078253
201003A,2010-06-05 09:00:00,gridsat,SHEAR,4,0.013270052149891853,8.620574226370081e-05,0.42585673928260803,0.04011324420571327,0.5311616659164429,0.9595968127250671,0.018772367388010025,6.05654095124919e-05,0.010939196683466434,0.00014319126785267144
201003A,2010-06-05 15:00:00,gridsat,SHEAR,4,0.009440908208489418,1.4581753930542618e-05,0.0561315156519413,0.01183953508734703,0.917129635810852,0.9881006479263306,0.009117767214775085,4.526427801465616e-06,0.00818020198494196,4.070274735568091e-05
201003A,2010-06-05 21:00:00,gridsat,SHEAR,4,0.004793423227965832,8.83438769960776e-06,0.0043878331780433655,0.005404501687735319,0.9849274158477783,0.9945762157440186,0.003973175305873156,1.3841440704709385e-06,0.0019181135576218367,8.979399353847839e-06
201003A,2010-06-06 03:00:00,gridsat,CRVBND,4,0.015213760547339916,0.00020900488016195595,0.04363816976547241,0.12308467924594879,0.9208061695098877,0.8330355286598206,0.010424572974443436,0.00038241123547777534,0.009917297400534153,0.04328842833638191
201003A,2010-06-06 09:00:00,gridsat,CRVBND,4,0.01824423298239708,0.005409258883446455,0.18859197199344635,0.3480643033981323,0.7661276459693909,0.6185545325279236,0.014847757294774055,0.005798011552542448,0.012188449501991272,0.022173922508955002
201004B,2010-10-21 06:00:00,gridsat,CRVBND,4,0.027377210557460785,0.36243176460266113,0.7402586340904236,0.22122244536876678,0.020106317475438118,0.001608472317457199,0.08484454452991486,0.374591588973999,0.12741327285766602,0.04014570638537407
201004B,2010-10-21 19:00:00,gridsat,EMBC,4,0.06673029810190201,0.15162791311740875,0.17811718583106995,0.09874891489744186,0.021514035761356354,0.00048513419460505247,0.7018941044807434,0.40384095907211304,0.031744301319122314,0.34529706835746765
201004B,2010-10-22 06:00:00,gridsat,EYE,4,0.9301780462265015,0.5326557159423828,0.004362807609140873,0.08351437747478485,0.028042210265994072,0.0002814737381413579,0.01461026445031166,0.33633193373680115,0.022806517779827118,0.0472165048122406
201004B,2010-10-22 12:00:00,gridsat,EYE,4,0.936052143573761,0.5586239695549011,0.0029581733979284763,0.054303791373968124,0.027592170983552933,0.00019201792019885033,0.0087569085881114,0.3334301710128784,0.024640636518597603,0.0534500852227211
201005B,2010-11-06 08:30:00,gridsat,CRVBND,2,0.018406294286251068,0.005557069089263678,0.1298018842935562,0.28758567571640015,0.022304734215140343,0.0038914168253540993,0.133732870221138,0.026139238849282265,0.6957541704177856,0.6768265962600708
201005B,2010-11-06 21:00:00,gridsat,CRVBND,2,0.0358443446457386,0.012916146777570248,0.2995108366012573,0.45463308691978455,0.06590656191110611,0.001614067587070167,0.46774500608444214,0.21437762677669525,0.13099324703216553,0.3164590001106262
201005B,2010-11-07 03:00:00,gridsat,CRVBND,2,0.010137028992176056,0.0028713394422084093,0.552289605140686,0.6943690180778503,0.1425766944885254,0.020895104855298996,0.016358697786927223,0.06088249012827873,0.27863794565200806,0.22098210453987122
201005B,2010-11-07 09:00:00,gridsat,CRVBND,2,0.01422241423279047,0.0003987510281149298,0.6953290104866028,0.7108092904090881,0.13813266158103943,0.21684563159942627,0.06116252392530441,0.012692977674305439,0.09115327149629593,0.05925334244966507
201005B,2010-11-07 15:00:00,gridsat,SHEAR,2,0.0064874389208853245,7.810504030203447e-05,0.03638017550110817,0.05208102986216545,0.9388274550437927,0.9471997022628784,0.006180187687277794,0.00025500543415546417,0.012124848552048206,0.00038617817335762084
201101A,2011-06-11 15:00:00,gridsat,CRVBND,3,0.011604893021285534,0.02084803208708763,0.42294153571128845,0.7329382300376892,0.5536901354789734,0.19910019636154175,0.002824258292093873,0.02170722931623459,0.008939151652157307,0.025406358763575554
201101A,2011-06-11 21:00:00,gridsat,CRVBND,3,0.014066691510379314,0.005306595005095005,0.674328625202179,0.4946356415748596,0.252506285905838,0.1632590889930725,0.005730451084673405,0.002201177878305316,0.053367942571640015,0.33459755778312683
201101A,2011-06-12 03:00:00,gridsat,CRVBND,3,0.009936605580151081,0.1001347154378891,0.8947040438652039,0.4421427547931671,0.052975695580244064,0.02442624419927597,0.010085810907185078,0.036136675626039505,0.03229786083102226,0.3971596360206604
201101A,2011-06-12 09:00:00,gridsat,CRVBND,3,0.008557070977985859,0.10533535480499268,0.961131751537323,0.40325766801834106,0.008392898365855217,0.022270895540714264,0.0048520066775381565,0.10230676829814911,0.017066223546862602,0.36682939529418945
201101A,2011-06-12 15:00:00,gridsat,CRVBND,3,0.003696263302117586,0.2758413255214691,0.10815542191267014,0.3863205313682556,0.002098460914567113,0.008137845434248447,0.009389060549438,0.10595954954624176,0.8766607642173767,0.22374077141284943
201102B,2011-10-19 12:00:00,gridsat,CRVBND,2,0.020206976681947708,0.07658349722623825,0.7797868847846985,0.46209385991096497,0.0631100982427597,0.017110317945480347,0.11512477695941925,0.25191745162010193,0.021771306172013283,0.1922948956489563
201103A,2011-11-02 07:30:00,gridsat,CRVBND,0,0.004738959018141031,0.6277069449424744,0.001344803487882018,0.03621694818139076,0.004582395311444998,0.0002413915062788874,0.9831566214561462,0.31923216581344604,0.006177188362926245,0.016602542251348495
201103A,2011-11-02 12:00:00,gridsat,CRVBND,0,0.012270541861653328,0.1542588621377945,0.897169291973114,0.31691163778305054,0.028931889683008194,0.06087590381503105,0.043095339089632034,0.29038238525390625,0.01853298395872116,0.17757119238376617
201104A,2011-11-08 00:00:00,gridsat,CRVBND,1,0.056115053594112396,0.16393214464187622,0.864480197429657,0.38428303599357605,0.04022371023893356,0.004096107557415962,0.022520890459418297,0.1957710236310959,0.016660084947943687,0.25191769003868103
201104A,2011-11-08 12:00:00,gridsat,CRVBND,1,0.013883762992918491,0.3350861668586731,0.6518818140029907,0.3077196478843689,0.020130738615989685,0.006386288907378912,0.26770666241645813,0.2641519010066986,0.04639697074890137,0.08665596693754196
201104A,2011-11-09 07:30:00,gridsat,IRRCDO,1,0.02594800665974617,0.3601539433002472,0.8565061688423157,0.2339155375957489,0.013866701163351536,0.002948504639789462,0.06563016027212143,0.25677385926246643,0.03804890438914299,0.14620812237262726
201104A,2011-11-09 12:00:00,gridsat,SHEAR,1,0.011001228354871273,0.009623831138014793,0.5888800621032715,0.5246164798736572,0.007562220096588135,0.37478703260421753,0.01165453065186739,0.014183021150529385,0.3809019923210144,0.07678962498903275
201104A,2011-11-09 18:00:00,gridsat,SHEAR,1,0.017136044800281525,0.00020904012490063906,0.4814012348651886,0.13650158047676086,0.4106085002422333,0.8496882915496826,0.019438426941633224,0.0006083136540837586,0.07141579687595367,0.012992792762815952
201104A,2011-11-09 23:00:00,gridsat,SHEAR,1,0.008733960799872875,0.00014410891162697226,0.008701257407665253,0.12066391110420227,0.968726634979248,0.87071692943573,0.006473864894360304,0.000411669141612947,0.0073642064817249775,0.008063388988375664
201105A,2011-11-27 15:30:00,gridsat,CRVBND,2,0.006526113022118807,0.0006369505426846445,0.5850695371627808,0.3054475486278534,0.007143788505345583,0.008325901813805103,0.026457352563738823,0.011353571899235249,0.37480321526527405,0.674235999584198
201105B,2011-11-27 15:30:00,gridsat,CRVBND,0,0.01987481862306595,0.0007294489187188447,0.8423252105712891,0.29206612706184387,0.010370712727308273,0.017098654061555862,0.01812402904033661,0.008084624074399471,0.10930519551038742,0.6820211410522461
201105A,2011-11-28 03:00:00,gridsat,IRRCDO,2,0.02672659046947956,0.11219187825918198,0.3022032380104065,0.08506137877702713,0.007795322686433792,0.00011639713920885697,0.09739721566438675,0.2118789404630661,0.5658776164054871,0.5907514095306396
201105A,2011-11-28 14:30:00,gridsat,IRRCDO,2,0.003907559439539909,0.0016679571708664298,0.16158008575439453,0.207132488489151,0.008423625491559505,0.004038622602820396,0.013675417751073837,0.012158272787928581,0.8124132752418518,0.775002658367157
201105A,2011-11-28 21:00:00,gridsat,CRVBND,2,0.06893488764762878,0.0030333774629980326,0.3815058171749115,0.22027583420276642,0.2012372612953186,0.007460217922925949,0.1965392827987671,0.023988015949726105,0.15178275108337402,0.7452425360679626
201105A,2011-11-29 03:00:00,gridsat,CRVBND,2,0.008198595605790615,0.0019764420576393604,0.7714923620223999,0.5316511988639832,0.13952486217021942,0.14169591665267944,0.01901843398809433,0.010200466960668564,0.061765700578689575,0.31447601318359375
201105A,2011-11-29 09:00:00,gridsat,SHEAR,2,0.005143440328538418,4.380316568131093e-06,0.012225908227264881,0.004303031601011753,0.9700471758842468,0.9956880211830139,0.003719343338161707,2.057391611742787e-06,0.008864136412739754,2.546975565564935e-06
201105A,2011-11-29 15:00:00,gridsat,SHEAR,2,0.00452658673748374,1.6265773865598021e-06,0.019346602261066437,0.0061767250299453735,0.9663562178611755,0.9938045740127563,0.0036874343641102314,5.357056124921655e-06,0.00608309218659997,1.1715267646650318e-05
201105A,2011-11-29 21:00:00,gridsat,SHEAR,2,0.0060537527315318584,1.3664142898051068e-05,0.11167416721582413,0.06084996089339256,0.8622115850448608,0.938241720199585,0.011707231402397156,0.00037125873495824635,0.0083532789722085,0.000523423426784575
201105A,2011-11-30 02:30:00,gridsat,CRVBND,2,0.0036134456750005484,0.006694384850561619,0.09525054693222046,0.22574646770954132,0.03692792356014252,0.005159497726708651,0.014058748260140419,0.013392939232289791,0.8501492738723755,0.7490066885948181
201105A,2011-11-30 09:00:00,gridsat,SHEAR,2,0.005694268271327019,1.7002126696752384e-05,0.09859072417020798,0.021641239523887634,0.8606957197189331,0.9781522154808044,0.027341751381754875,7.317299605347216e-05,0.00767755089327693,0.00011619721772149205
201105A,2011-11-30 15:00:00,gridsat,SHEAR,2,0.004816403146833181,1.1546965652087238e-05,0.0073410565964877605,0.01080412045121193,0.9742675423622131,0.989165723323822,0.0033361183013767004,1.5333718693000264e-05,0.010238917544484138,3.345435516166617e-06
201105A,2011-11-30 21:00:00,gridsat,SHEAR,2,0.009371619671583176,4.7019231715239584e-05,0.2308242917060852,0.027480917051434517,0.6519891619682312,0.9722369313240051,0.009791451506316662,0.00020650083024520427,0.0980234369635582,2.857479739759583e-05
201106B,2011-12-26 00:00:00,gridsat,CRVBND,0,0.011061569675803185,0.00925641693174839,0.7891894578933716,0.6285251379013062,0.019120149314403534,0.02708970569074154,0.08312124013900757,0.03478773683309555,0.0975075513124466,0.3003409206867218
201106B,2011-12-26 07:30:00,gridsat,CRVBND,0,0.02309785783290863,0.0031748986802995205,0.9015024304389954,0.7277007102966309,0.02177141234278679,0.17833952605724335,0.02274007350206375,0.012850279919803143,0.0308881476521492,0.07793460786342621
201106B,2011-12-26 12:00:00,gridsat,EYE,0,0.009373210370540619,0.23779356479644775,0.042053744196891785,0.23730389773845673,0.021305393427610397,0.002461751690134406,0.906021237373352,0.40628668665885925,0.02124638855457306,0.11615413427352905
201106B,2011-12-26 18:00:00,gridsat,EYE,0,0.019947515800595284,0.1369158774614334,0.28423285484313965,0.4302343726158142,0.02844243310391903,0.004140062723308802,0.5924714803695679,0.24575841426849365,0.07490576803684235,0.1829511970281601
201106B,2011-12-26 22:30:00,gridsat,EMBC,0,0.02495356649160385,0.1370873600244522,0.15219569206237793,0.22775255143642426,0.033270128071308136,0.0014668910298496485,0.7478544116020203,0.23863528668880463,0.041726239025592804,0.39505788683891296
201106B,2011-12-27 06:00:00,gridsat,EMBC,0,0.8517654538154602,0.19563961029052734,0.006011550780385733,0.36064213514328003,0.010908093303442001,0.010098039172589779,0.11433310061693192,0.1463218778371811,0.016981784254312515,0.28729838132858276
201106B,2011-12-27 13:00:00,gridsat,EMBC,0,0.011791213415563107,0.3099178075790405,0.0013169939629733562,0.17038550972938538,0.00812547653913498,0.0019295011879876256,0.9734256863594055,0.36746227741241455,0.005340664181858301,0.15030494332313538
201106B,2011-12-27 18:00:00,gridsat,EMBC,0,0.0015917923301458359,0.36087238788604736,0.00019479243201203644,0.04549291357398033,0.003128316253423691,9.093224798562005e-05,0.981050431728363,0.47703179717063904,0.01403460931032896,0.11651194840669632
201106B,2011-12-28 04:30:00,gridsat,EMBC,0,0.005100824870169163,0.4441346824169159,0.0008167692576535046,0.014540797099471092,0.006175669841468334,2.586697337392252e-05,0.9830564856529236,0.5215678811073303,0.004850145895034075,0.019730716943740845
201106B,2011-12-29 00:00:00,gridsat,EMBC,0,0.025591466575860977,0.4591711163520813,0.0032549318857491016,0.0407504178583622,0.013349179178476334,0.00011267047375440598,0.9466829895973206,0.43282127380371094,0.011121504940092564,0.06714455783367157
201106B,2011-12-29 05:00:00,gridsat,EYE,0,0.5501871109008789,0.6295838356018066,0.003344363532960415,0.012816333211958408,0.03282753750681877,7.091600855346769e-05,0.3945067524909973,0.34854090213775635,0.01913417875766754,0.008988002315163612
201106B,2011-12-29 12:00:00,gridsat,EMBC,0,0.1268167346715927,0.6629475355148315,0.006097722332924604,0.041005801409482956,0.033156346529722214,0.0005984980962239206,0.8102354407310486,0.2781667113304138,0.02369368076324463,0.01728145033121109
201106B,2011-12-29 18:30:00,gridsat,EMBC,0,0.08834905922412872,0.4872535765171051,0.001791368587873876,0.2156931310892105,0.02260695770382881,0.006476179696619511,0.8680475950241089,0.19316710531711578,0.019205091521143913,0.09740996360778809
201201A,2012-10-24 18:00:00,gridsat,CRVBND,3,0.005135887768119574,0.06418930739164352,0.9725868105888367,0.7097368240356445,0.012764529325067997,0.10482756793498993,0.006499661598354578,0.07192482054233551,0.003013073932379484,0.049321435391902924
201201A,2012-10-25 00:00:00,gridsat,CRVBND,3,0.006052394863218069,0.012587596662342548,0.8295122981071472,0.728175699710846,0.1494920700788498,0.16747206449508667,0.0061121974140405655,0.03371582552790642,0.00883101299405098,0.05804877728223801
201201A,2012-10-25 06:00:00,gridsat,CRVBND,3,0.009859984740614891,0.05891330912709236,0.8988152146339417,0.6451305747032166,0.06302090734243393,0.05723292753100395,0.023025212809443474,0.1553017646074295,0.0052787670865654945,0.08342140913009644
201201A,2012-10-25 12:00:00,gridsat,CRVBND,3,0.017006918787956238,0.49174171686172485,0.8972583413124084,0.24705870449543,0.006969648413360119,0.010484310798346996,0.0725276991724968,0.22787028551101685,0.006237378343939781,0.022844983264803886
201202B,2012-10-30 01:30:00,gridsat,CRVBND,3,0.011118468828499317,0.0027208589017391205,0.9488361477851868,0.7813635468482971,0.005966841243207455,0.10365322977304459,0.028052089735865593,0.02766592800617218,0.006026419810950756,0.08459647744894028
201202B,2012-10-30 06:00:00,gridsat,EMBC,3,0.00983383134007454,0.09519695490598679,0.07470864802598953,0.06922800838947296,0.004478728398680687,0.00015562184853479266,0.8129947185516357,0.6971253156661987,0.09798408299684525,0.1382940709590912
201202B,2012-10-30 11:30:00,gridsat,CRVBND,3,0.017312118783593178,0.14051254093647003,0.055166248232126236,0.2875235676765442,0.007837962359189987,0.0027388508897274733,0.4990220069885254,0.20146583020687103,0.420661598443985,0.36775919795036316
201202B,2012-10-31 12:00:00,gridsat,EMBC,3,0.043156448751688004,0.21750770509243011,0.13087201118469238,0.09016895294189453,0.004312034230679274,0.00024157956067938358,0.8048277497291565,0.5999022722244263,0.016831673681735992,0.09217951446771622
201203B,2012-11-17 21:30:00,gridsat,IRRCDO,4,0.00277943373657763,0.18751467764377594,0.11043784022331238,0.1097199022769928,0.01202341914176941,0.0011057807132601738,0.03337891399860382,0.1437767744064331,0.8413804173469543,0.5578828454017639
201203B,2012-11-18 09:00:00,gridsat,CRVBND,4,0.008888479322195053,0.04337294399738312,0.9041765928268433,0.6476439237594604,0.06723808497190475,0.12763509154319763,0.008640814572572708,0.10311059653759003,0.011056069284677505,0.07823741436004639
201203B,2012-11-18 15:00:00,gridsat,SHEAR,4,0.0071900528855621815,7.007541626080638e-06,0.008781690150499344,0.03581998869776726,0.9737794995307922,0.9640100002288818,0.006703042425215244,1.4345847375807352e-05,0.0035457483027130365,0.00014861891395412385
201203B,2012-11-18 21:00:00,gridsat,SHEAR,4,0.005937453359365463,5.40725181963353e-07,0.0024391973856836557,0.003303991397842765,0.9837356209754944,0.9966843724250793,0.004475945141166449,9.062838444151566e-07,0.0034118336625397205,1.0075478712678887e-05
201203B,2012-11-19 03:00:00,gridsat,SHEAR,4,0.010365001857280731,3.8054959077271633e-06,0.005005073267966509,0.0030003064312040806,0.9676377177238464,0.9969935417175293,0.010423830710351467,2.853958847026661e-07,0.006568302866071463,2.172300810343586e-06
201203B,2012-11-19 09:00:00,gridsat,SHEAR,4,0.007208504248410463,1.43226463933388e-06,0.006991847418248653,0.002632914111018181,0.9729909300804138,0.9973612427711487,0.008736368268728256,4.796881967195077e-07,0.004072451498359442,3.954130988859106e-06
201204A,2012-12-23 06:00:00,gridsat,CRVBND,2,0.023627961054444313,0.19109465181827545,0.43338343501091003,0.29753512144088745,0.012094974517822266,0.0034635590855032206,0.3080633282661438,0.3482722342014313,0.22283022105693817,0.15963433682918549
201204A,2012-12-23 12:00:00,gridsat,CRVBND,2,0.013802054338157177,0.000326671201037243,0.6723198294639587,0.329661101102829,0.2543163299560547,0.6500594019889832,0.043492160737514496,0.002646390115842223,0.016069648787379265,0.017306461930274963
201204A,2012-12-23 18:00:00,gridsat,CRVBND,2,0.009297198615968227,0.0005164219764992595,0.6801515221595764,0.546007513999939,0.03676075488328934,0.3188542425632477,0.012298875488340855,0.002910519717261195,0.26149171590805054,0.13171125948429108
201204A,2012-12-24 00:00:00,gridsat,CRVBND,2,0.003047147300094366,0.0022414757404476404,0.05879322066903114,0.5948582887649536,0.0012841307325288653,0.1531607210636139,0.008347535505890846,0.009492381475865841,0.9285280108451843,0.2402471899986267
201204A,2012-12-24 06:00:00,gridsat,CRVBND,2,0.1986037939786911,0.0001407909585395828,0.3404521942138672,0.16811731457710266,0.055085934698581696,0.8279855251312256,0.3452220857143402,0.0006007429328747094,0.06063603609800339,0.003155685728415847
201204A,2012-12-24 12:00:00,gridsat,SHEAR,2,0.006026710383594036,9.18045134312706e-06,0.018146323040127754,0.01255061011761427,0.9656656384468079,0.9873946905136108,0.003957241307944059,1.606790829100646e-05,0.0062040043994784355,2.9380640626186505e-05
201204A,2012-12-24 18:00:00,gridsat,CRVBND,2,0.02796090766787529,0.00014590364298783243,0.176733136177063,0.209639310836792,0.7237815260887146,0.7452996373176575,0.027976807206869125,0.00013766113261226565,0.04354759678244591,0.04477759078145027
201204A,2012-12-24 23:00:00,gridsat,SHEAR,2,0.009434770792722702,1.126252641370229e-06,0.010042772628366947,0.0051475754007697105,0.9721071124076843,0.9948439598083496,0.0034054319839924574,1.9751369109144434e-06,0.005009803920984268,5.330459316610359e-06
201301B,2013-05-10 08:30:00,gridsat,EMBC,2,0.04513627663254738,0.13234956562519073,0.5957760214805603,0.5178844332695007,0.018678590655326843,0.00030611251713708043,0.3105517625808716,0.33547577261924744,0.029857315123081207,0.013984140008687973
201301B,2013-05-10 20:00:00,gridsat,IRRCDO,2,0.030272111296653748,0.023806460201740265,0.16123493015766144,0.4221457540988922,0.00623654667288065,0.000291032629320398,0.4444223642349243,0.10847246646881104,0.35783401131629944,0.4452842175960541
201301B,2013-05-11 02:00:00,gridsat,EMBC,2,0.024942506104707718,0.06630835682153702,0.18540503084659576,0.4558394253253937,0.005032781511545181,0.00013730450882576406,0.6928535103797913,0.36464354395866394,0.09176622331142426,0.11307132989168167
201301B,2013-05-11 08:30:00,gridsat,EMBC,2,0.020525392144918442,0.20313474535942078,0.2508726119995117,0.29355388879776,0.006535153836011887,3.752837801584974e-05,0.693483293056488,0.44902274012565613,0.028583591803908348,0.05425101891160011
201301B,2013-05-12 15:00:00,gridsat,IRRCDO,2,0.005904672667384148,0.010338683612644672,0.4401988685131073,0.2528393864631653,0.024079181253910065,0.0009815568337216973,0.008721365593373775,0.06024372950196266,0.5210959911346436,0.6755966544151306
201301B,2013-05-13 03:30:00,gridsat,IRRCDO,2,0.007663418538868427,0.0052273995243012905,0.6787878274917603,0.46725955605506897,0.08852487802505493,0.0008780522039160132,0.038549233227968216,0.132326140999794,0.18647457659244537,0.3943088948726654
201301B,2013-05-13 16:00:00,gridsat,CRVBND,2,0.026668597012758255,0.08926890045404434,0.23227985203266144,0.186237633228302,0.04380990192294121,0.0003760589170269668,0.393595427274704,0.35843920707702637,0.3036462366580963,0.36567819118499756
201301B,2013-05-14 03:00:00,gridsat,CRVBND,2,0.012675833888351917,0.045963067561388016,0.3173716068267822,0.4171430468559265,0.04593603312969208,0.003518644254654646,0.1475287824869156,0.1859503537416458,0.47648775577545166,0.3474248945713043
201301B,2013-05-14 09:00:00,gridsat,CRVBND,2,0.006633987184613943,0.0005784100503660738,0.5902241468429565,0.5379857420921326,0.08586260676383972,0.3800809979438782,0.026605725288391113,0.00716985622420907,0.29067352414131165,0.07418493926525116
201301B,2013-05-14 15:00:00,gridsat,IRRCDO,2,0.008634143508970737,0.009401464834809303,0.36722084879875183,0.1872880607843399,0.01726723648607731,0.0008004348492249846,0.047007426619529724,0.037075139582157135,0.5598703622817993,0.7654349207878113
201301B,2013-05-14 21:30:00,gridsat,IRRCDO,2,0.006313484162092209,0.006424922030419111,0.03306346759200096,0.054691921919584274,0.003587585175409913,0.0001920989598147571,0.060493580996990204,0.01925065368413925,0.8965418934822083,0.9194403886795044
201301B,2013-05-15 08:00:00,gridsat,EMBC,2,0.005120827816426754,0.3538646996021271,0.8117226362228394,0.05496829375624657,0.02026253007352352,0.0001016338137560524,0.09609869867563248,0.5477914810180664,0.0667952224612236,0.043273862451314926
201302B,2013-10-09 08:30:00,gridsat,CRVBND,2,0.005733210127800703,0.09855111688375473,0.8925421237945557,0.38332584500312805,0.004586723167449236,0.0033268118277192116,0.04543609172105789,0.222066268324852,0.05170183628797531,0.2927300035953522
201302B,2013-10-09 15:00:00,gridsat,IRRCDO,2,0.05129816383123398,0.16844061017036438,0.27959972620010376,0.2577700614929199,0.016737444326281548,0.001111989258788526,0.6140111684799194,0.35562559962272644,0.03835345432162285,0.21705181896686554
201302B,2013-10-09 21:30:00,gridsat,EMBC,2,0.15239520370960236,0.24100522696971893,0.04179701209068298,0.018187856301665306,0.0047565121203660965,8.612202691438142e-06,0.790514349937439,0.7284890413284302,0.010536953806877136,0.01230926625430584
201302B,2013-10-10 02:30:00,gridsat,EMBC,2,0.11591353267431259,0.31662702560424805,0.05174053832888603,0.11982913315296173,0.006588345859199762,0.00016375916311517358,0.8151395916938782,0.5377361178398132,0.010618058033287525,0.025643963366746902
201302B,2013-10-10 09:00:00,gridsat,EYE,2,0.8788014650344849,0.5619190335273743,0.00623321020975709,0.1062132939696312,0.011474281549453735,0.0003012186207342893,0.08651909232139587,0.32140812277793884,0.016971943899989128,0.010158342309296131
201302B,2013-10-10 15:00:00,gridsat,EYE,2,0.8907900452613831,0.6273859143257141,0.005541346967220306,0.034561190754175186,0.009020430967211723,2.194831358792726e-05,0.0780748575925827,0.33208712935447693,0.016573350876569748,0.005943953990936279
201302B,2013-10-10 21:00:00,gridsat,EYE,2,0.8789465427398682,0.7119884490966797,0.00820903666317463,0.027297360822558403,0.012487334199249744,1.612211053725332e-05,0.08195549994707108,0.2573900818824768,0.018401656299829483,0.0033079273998737335
201302B,2013-10-11 03:00:00,gridsat,EYE,2,0.48272785544395447,0.5456992983818054,0.02208521030843258,0.20088326930999756,0.007795695681124926,0.0006410162895917892,0.47828811407089233,0.24366362392902374,0.009103168733417988,0.009112807922065258
201302B,2013-10-11 09:00:00,gridsat,EYE,2,0.9497547149658203,0.39989033341407776,0.002602183958515525,0.271532267332077,0.0060048215091228485,0.000820451183244586,0.030286727473139763,0.29158344864845276,0.011351464316248894,0.03617357090115547
201302B,2013-10-11 15:00:00,gridsat,EYE,2,0.9452670812606812,0.3344442844390869,0.002822148147970438,0.03157438337802887,0.00628826254978776,1.0244899385725148e-05,0.03200484439730644,0.6167521476745605,0.013617693446576595,0.017218904569745064
201302B,2013-10-11 21:00:00,gridsat,EYE,2,0.944545328617096,0.5971068143844604,0.0031653454061597586,0.046895842999219894,0.008855133317410946,2.263782334921416e-05,0.025965405628085136,0.3436238467693329,0.017468828707933426,0.012350860983133316
201302B,2013-10-12 03:00:00,gridsat,EYE,2,0.9402177929878235,0.6677413582801819,0.0038721011951565742,0.07250654697418213,0.008533391170203686,0.00022312217333819717,0.03226099908351898,0.24957849085330963,0.015115669928491116,0.009950454346835613
201302B,2013-10-12 09:00:00,gridsat,EYE,2,0.5153140425682068,0.5368698239326477,0.010882742702960968,0.1176934689283371,0.00940911564975977,0.000973638379946351,0.45456966757774353,0.3359183073043823,0.00982434581965208,0.008544770069420338
201303A,2013-11-09 21:00:00,gridsat,IRRCDO,0,0.006351409945636988,0.0012507614446803927,0.009318280965089798,0.13314062356948853,0.01012260839343071,0.013085942715406418,0.010048451833426952,0.0016965107060968876,0.9641592502593994,0.8508261442184448
201303A,2013-11-10 09:00:00,gridsat,IRRCDO,0,0.01940741576254368,0.04108325019478798,0.5472413301467896,0.5489375591278076,0.014061626978218555,0.09325673431158066,0.05645187944173813,0.04096393659710884,0.3628377616405487,0.2757584750652313
201303A,2013-11-10 14:30:00,gridsat,IRRCDO,0,0.014525611884891987,0.009200796484947205,0.8173689246177673,0.40125906467437744,0.008739608339965343,0.0641864463686943,0.09493393450975418,0.009193622507154942,0.06443200260400772,0.5161600112915039
201304B,2013-11-19 13:00:00,gridsat,EMBC,2,0.16061149537563324,0.08602962642908096,0.23107030987739563,0.4107113778591156,0.03490977734327316,0.01147625595331192,0.5483622550964355,0.12850236892700195,0.02504616416990757,0.36328038573265076
201304B,2013-11-19 19:30:00,gridsat,EMBC,2,0.10592781007289886,0.2306891679763794,0.06673713028430939,0.09026094526052475,0.00648686895146966,0.00021142573677934706,0.805503249168396,0.5635958909988403,0.015344902873039246,0.11524257808923721
201304B,2013-11-20 00:30:00,gridsat,EMBC,2,0.11871515959501266,0.5081342458724976,0.18235985934734344,0.09729437530040741,0.013125772587954998,0.0004704380698967725,0.6613568067550659,0.3403071463108063,0.024442389607429504,0.053793858736753464
201304B,2013-11-20 06:30:00,gridsat,IRRCDO,2,0.1293141096830368,0.24149571359157562,0.3227851688861847,0.34121930599212646,0.019321398809552193,0.009509740397334099,0.5034564137458801,0.13031409680843353,0.02512284554541111,0.2774612009525299
201304B,2013-11-20 19:30:00,gridsat,EMBC,2,0.019796855747699738,0.4182458519935608,0.16634072363376617,0.04040861502289772,0.006542583927512169,8.85455883690156e-05,0.12626251578330994,0.49030840396881104,0.6810572743415833,0.05094856023788452
201304B,2013-11-21 00:00:00,gridsat,EMBC,2,0.008017472922801971,0.35265517234802246,0.01983696036040783,0.05324452742934227,0.0023269609082490206,0.00012027963384753093,0.02508619986474514,0.3871949017047882,0.9447324275970459,0.20678506791591644
201304B,2013-11-21 18:00:00,gridsat,CRVBND,2,0.027565879747271538,0.08892982453107834,0.7185173630714417,0.28863808512687683,0.049549996852874756,0.009772783145308495,0.09399831295013428,0.039876773953437805,0.11036843061447144,0.5727824568748474
201304B,2013-11-22 00:00:00,gridsat,IRRCDO,2,0.03105878457427025,0.6301650404930115,0.14049182832241058,0.02801048941910267,0.006849290337413549,4.312509190640412e-05,0.05785761773586273,0.20702655613422394,0.7637424468994141,0.13475477695465088
201304B,2013-11-22 06:00:00,gridsat,CRVBND,2,0.01341011468321085,0.07279945909976959,0.5162672996520996,0.4826449751853943,0.03701384738087654,0.02208482287824154,0.16885775327682495,0.05781778320670128,0.2644509971141815,0.36465296149253845
201305B,2013-11-23 19:00:00,gridsat,EMBC,2,0.02445140667259693,0.4162200093269348,0.15957693755626678,0.1487298160791397,0.007701214402914047,0.0002359499630983919,0.7631182670593262,0.36441829800605774,0.04515215754508972,0.07039589434862137
201305B,2013-11-25 07:00:00,gridsat,EMBC,2,0.02182045951485634,0.6806742548942566,0.016279540956020355,0.013627936132252216,0.0023580938577651978,1.9461289411992766e-05,0.9324477910995483,0.2999518811702728,0.027094097808003426,0.005726368632167578
201305B,2013-11-26 01:30:00,gridsat,EMBC,2,0.02751808427274227,0.685361385345459,0.051208678632974625,0.007536724209785461,0.0037395586259663105,3.3159910799440695e-06,0.5674983263015747,0.30204325914382935,0.35003533959388733,0.0050553190521895885
201305B,2013-11-26 06:00:00,gridsat,EMBC,2,0.018206635490059853,0.5511075258255005,0.07497870922088623,0.010856984183192253,0.004639139864593744,4.999917564418865e-06,0.8016934990882874,0.432100772857666,0.10048200190067291,0.005929743871092796
201305B,2013-11-27 06:30:00,gridsat,EMBC,2,0.022306855767965317,0.4590974450111389,0.3578011095523834,0.02188103087246418,0.01879354566335678,1.5341325706685893e-05,0.41761842370033264,0.5105701684951782,0.18348009884357452,0.008436028845608234
201305B,2013-11-27 12:30:00,gridsat,CRVBND,2,0.08889707922935486,0.13683024048805237,0.6351596713066101,0.5762864351272583,0.017628341913223267,0.1761789172887802,0.2445223331451416,0.08191706985235214,0.013792592100799084,0.028787361457943916
201305B,2013-11-27 18:00:00,gridsat,CRVBND,2,0.011350993067026138,0.015192011371254921,0.8812406063079834,0.6540602445602417,0.07273393124341965,0.2674235999584198,0.0179839339107275,0.006558331660926342,0.016690440475940704,0.05676586180925369
201305B,2013-11-28 00:00:00,gridsat,CRVBND,2,0.008840878494083881,0.007769942283630371,0.6314066052436829,0.4786139726638794,0.32716289162635803,0.42478230595588684,0.019972695037722588,0.0033997821155935526,0.01261692401021719,0.08543398231267929
201305B,2013-11-28 06:00:00,gridsat,SHEAR,2,0.019666621461510658,0.0012507833307608962,0.5896642208099365,0.3038243055343628,0.33099082112312317,0.6842266321182251,0.03741869330406189,0.00212751398794353,0.022259647026658058,0.008570820093154907
201305B,2013-11-28 12:00:00,gridsat,CRVBND,2,0.02911253646016121,3.980674227932468e-05,0.22995871305465698,0.05750234052538872,0.6951550245285034,0.9419422745704651,0.026622852310538292,0.00022511057613883168,0.019150884822010994,0.0002905024157371372
201306B,2013-12-06 03:00:00,gridsat,CRVBND,3,0.008630718104541302,0.14201967418193817,0.9500067234039307,0.3044262230396271,0.025794852524995804,0.0033795784693211317,0.006200740579515696,0.3668195307254791,0.009366962127387524,0.18335497379302979
201306B,2013-12-06 09:00:00,gridsat,CRVBND,3,0.007113953586667776,0.14533987641334534,0.9713241457939148,0.388251394033432,0.00788414478302002,0.004983625840395689,0.010279804468154907,0.27755647897720337,0.0033979984000325203,0.1838686168193817
201306B,2013-12-07 08:30:00,gridsat,EMBC,3,0.07904379814863205,0.36040064692497253,0.2712199091911316,0.28113919496536255,0.009534609504044056,0.0016725927125662565,0.6288442015647888,0.2685946822166443,0.011357457377016544,0.088192880153656
201306B,2013-12-07 14:00:00,gridsat,EMBC,3,0.05874533951282501,0.2767316699028015,0.04575834423303604,0.1910283863544464,0.005763200111687183,0.000447485304903239,0.8655747771263123,0.4127922058105469,0.02415836788713932,0.11900018155574799
201306B,2013-12-08 02:30:00,gridsat,EMBC,3,0.1859288364648819,0.3150719106197357,0.23650644719600677,0.14977602660655975,0.01603003218770027,0.00045895163202658296,0.5305202603340149,0.4398607909679413,0.03101438656449318,0.09483236819505692
201306B,2013-12-08 09:00:00,gridsat,EMBC,3,0.035196829587221146,0.32464101910591125,0.13377153873443604,0.2907918691635132,0.007301190868020058,0.0034025718923658133,0.803473949432373,0.3216742277145386,0.020256489515304565,0.059490274637937546
201306B,2013-12-08 15:00:00,gridsat,EMBC,3,0.01191907748579979,0.09240081906318665,0.3417457640171051,0.37330320477485657,0.015609254129230976,0.003897744696587324,0.3671543002128601,0.3958262801170349,0.263571560382843,0.13457190990447998
201306B,2013-12-08 20:00:00,gridsat,EMBC,3,0.023456411436200142,0.2965451180934906,0.03833570331335068,0.12487363070249557,0.0035708853974938393,0.00034152125590480864,0.9041740894317627,0.4631136953830719,0.030462954193353653,0.11512599885463715
201306B,2013-12-09 14:00:00,gridsat,EMBC,3,0.02261750027537346,0.4522897005081177,0.17036494612693787,0.040383536368608475,0.009014332666993141,7.75740627432242e-05,0.3173481225967407,0.4475489854812622,0.48065510392189026,0.059700191020965576
201306B,2013-12-10 03:00:00,gridsat,EYE,3,0.9000562429428101,0.4213312566280365,0.00435319310054183,0.030992906540632248,0.01553552970290184,4.783676558872685e-05,0.03637778013944626,0.5142356157302856,0.0436771921813488,0.03339235857129097
201306B,2013-12-10 09:00:00,gridsat,EMBC,3,0.006374794989824295,0.526454746723175,0.04887421056628227,0.08019014447927475,0.010132688097655773,0.000376656447770074,0.043668482452631,0.33537429571151733,0.8909498453140259,0.05760405957698822
201306B,2013-12-10 15:00:00,gridsat,CRVBND,3,0.021524714305996895,0.003562642028555274,0.17657606303691864,0.5937955379486084,0.7430722117424011,0.3326926827430725,0.029236942529678345,0.003295524511486292,0.02959016151726246,0.06665361672639847
201306B,2013-12-10 21:00:00,gridsat,SHEAR,3,0.007856925949454308,4.236282256897539e-05,0.003045962657779455,0.09438467025756836,0.9663640260696411,0.9034033417701721,0.006942469161003828,3.7701531255152076e-05,0.015790646895766258,0.0021319352090358734
201306B,2013-12-11 03:00:00,gridsat,SHEAR,3,0.008646131493151188,0.00025573704624548554,0.02584289200603962,0.21983718872070312,0.9425013661384583,0.7540321350097656,0.008841779083013535,0.00014251841639634222,0.01416789647191763,0.02573237381875515
201306B,2013-12-11 09:00:00,gridsat,CRVBND,3,0.02779383212327957,0.00948864221572876,0.2754957377910614,0.5649173855781555,0.6510436534881592,0.3200182020664215,0.015280352905392647,0.0021695338655263186,0.030386406928300858,0.10340627282857895
201306B,2013-12-11 15:30:00,gridsat,CRVBND,3,0.019026512280106544,0.08643683791160583,0.7153740525245667,0.6446524262428284,0.18965023756027222,0.03677638620138168,0.013928246684372425,0.010248991660773754,0.062020912766456604,0.22188535332679749
201306B,2013-12-11 21:00:00,gridsat,SHEAR,3,0.005693691782653332,3.162421489832923e-05,0.0015189310070127249,0.05019282177090645,0.9765738248825073,0.9497209787368774,0.005139401648193598,3.469448301984812e-06,0.011074117384850979,5.104223237140104e-05
201306B,2013-12-12 03:00:00,gridsat,SHEAR,3,0.026937609538435936,0.00033594464184716344,0.1123664453625679,0.18735209107398987,0.7878463268280029,0.8011845946311951,0.011983773671090603,0.00035710696829482913,0.06086583808064461,0.010770183056592941
201306B,2013-12-12 08:00:00,gridsat,IRRCDO,3,0.015851080417633057,0.2845959961414337,0.7194802761077881,0.16600969433784485,0.050528742372989655,0.004328486043959856,0.015167657285928726,0.08573424071073532,0.19897224009037018,0.4593316316604614
201306B,2013-12-12 15:00:00,gridsat,SHEAR,3,0.015406071208417416,0.0018862865399569273,0.0696529820561409,0.28198617696762085,0.8790995478630066,0.701076865196228,0.010756253264844418,0.0009250026778317988,0.025085093453526497,0.014125701040029526
201401B,2014-01-04 07:30:00,gridsat,CRVBND,1,0.009249359369277954,0.01609770767390728,0.7427813410758972,0.5949011445045471,0.01133153960108757,0.13049198687076569,0.011726249009370804,0.018739469349384308,0.22491155564785004,0.23976975679397583
201401B,2014-01-04 12:00:00,gridsat,CRVBND,1,0.014469966292381287,0.0017248493386432528,0.500127911567688,0.5094545483589172,0.0145063865929842,0.4347960650920868,0.016277799382805824,0.0014593483647331595,0.454617977142334,0.05256522446870804
201401B,2014-01-04 18:00:00,gridsat,CRVBND,1,0.021097319200634956,0.001015775720588863,0.08524122834205627,0.3529002070426941,0.8244867920875549,0.4175131320953369,0.01561184972524643,0.0007281103171408176,0.053562894463539124,0.227842777967453
201401B,2014-01-05 00:00:00,gridsat,CRVBND,1,0.031038906425237656,0.011653905734419823,0.8975498080253601,0.5341819524765015,0.029316019266843796,0.37976837158203125,0.026865435764193535,0.002322434913367033,0.015229770913720131,0.07207328081130981
201401B,2014-01-05 06:00:00,gridsat,CRVBND,1,0.02870183438062668,0.0016285275341942906,0.09606460481882095,0.1953507363796234,0.6832123398780823,0.7631441950798035,0.014917243272066116,0.000316933001158759,0.1771039366722107,0.039559584110975266
201401B,2014-01-05 12:00:00,gridsat,CRVBND,1,0.03051987662911415,0.0010037512984126806,0.3139229118824005,0.21543270349502563,0.5012565851211548,0.7627407312393188,0.016046401113271713,0.0006323532434180379,0.13825422525405884,0.020190466195344925
201401B,2014-01-05 18:00:00,gridsat,CRVBND,1,0.029523340985178947,0.003285415470600128,0.2085389941930771,0.2575409710407257,0.6951661109924316,0.7018070220947266,0.0323956236243248,0.0008045078720897436,0.034375958144664764,0.03656208887696266
201401B,2014-01-06 00:00:00,gridsat,CRVBND,1,0.07389476895332336,0.14373192191123962,0.48192331194877625,0.5928537249565125,0.30339744687080383,0.08266232162714005,0.09217634052038193,0.02519306167960167,0.048608116805553436,0.1555589735507965
201402A,2014-06-10 03:00:00,gridsat,IRRCDO,1,0.012051011435687542,0.0024101343005895615,0.07406380772590637,0.17385825514793396,0.004211180843412876,0.022085918113589287,0.004457611124962568,0.005006539635360241,0.90521639585495,0.7966391444206238
201402A,2014-06-10 20:00:00,gridsat,EMBC,1,0.006351085379719734,0.20579783618450165,0.0318462997674942,0.20399048924446106,0.004280936438590288,0.0005180390435270965,0.9526820182800293,0.4264989495277405,0.004839642904698849,0.1631946712732315
201402A,2014-06-11 03:00:00,gridsat,EMBC,1,0.7809298038482666,0.2622750699520111,0.1257621943950653,0.11333109438419342,0.014466868713498116,0.00035257451236248016,0.06554903090000153,0.505469799041748,0.013292038813233376,0.11857146769762039
201402A,2014-06-11 09:30:00,gridsat,EMBC,1,0.05284121632575989,0.3767411410808563,0.044328488409519196,0.018757276237010956,0.01739937998354435,1.1860845916089602e-05,0.5024281144142151,0.5673131346702576,0.3830028772354126,0.03717650845646858
201402A,2014-06-12 03:30:00,gridsat,EMBC,1,0.008724319748580456,0.3827957212924957,0.007073070388287306,0.045622553676366806,0.009331431239843369,2.6845254978979938e-05,0.9653967022895813,0.5460083484649658,0.009474434889853,0.025546520948410034
201402A,2014-06-12 15:00:00,gridsat,EMBC,1,0.01206863485276699,0.08435674011707306,0.10424865782260895,0.30321618914604187,0.016323773190379143,0.0030231501441448927,0.6448848247528076,0.1400027573108673,0.22247414290905,0.46940115094184875
201402A,2014-06-13 09:00:00,gridsat,SHEAR,1,0.008323636837303638,6.5954118326772e-05,0.010590318590402603,0.0443839468061924,0.9681286215782166,0.9547649621963501,0.0052883741445839405,7.93284852989018e-05,0.007669095881283283,0.0007057508919388056
201402A,2014-06-13 15:00:00,gridsat,SHEAR,1,0.006683483719825745,2.520104999348405e-06,0.005067829508334398,0.005383642390370369,0.9741732478141785,0.9946039319038391,0.006486459635198116,5.510746632353403e-07,0.007588902022689581,9.196041901304852e-06
201402A,2014-06-13 21:00:00,gridsat,SHEAR,1,0.007058092392981052,6.160038310554228e-07,0.0033006921876221895,0.001933888765051961,0.9732219576835632,0.9980649352073669,0.007335140369832516,4.285319832320056e-08,0.009084073826670647,6.098121048125904e-07
201402A,2014-06-14 02:30:00,gridsat,SHEAR,1,0.005490297917276621,2.9662851375178434e-06,0.004937228746712208,0.004557161126285791,0.9814789295196533,0.9953965544700623,0.0034720520488917828,1.0786347047542222e-05,0.004621597006917,3.254524199292064e-05
201403B,2014-10-08 10:30:00,gridsat,EMBC,1,0.0051167672500014305,0.2657983601093292,0.007474909536540508,0.10058378428220749,0.0058520021848380566,0.00032729774829931557,0.9752449989318848,0.518852710723877,0.006311299744993448,0.11443788558244705
201403B,2014-10-09 01:30:00,gridsat,EMBC,1,0.005181127227842808,0.4579129219055176,0.0042825439013540745,0.02692311257123947,0.008027679286897182,8.58217663335381e-06,0.9723753333091736,0.5002248883247375,0.010133382864296436,0.014930551871657372
201403B,2014-10-09 05:00:00,gridsat,EMBC,1,0.00857557076960802,0.4619050920009613,0.005464356392621994,0.02927660010755062,0.0071983374655246735,2.262968337163329e-05,0.9623841643333435,0.492837518453598,0.016377590596675873,0.015958137810230255
201403B,2014-10-10 18:00:00,gridsat,EMBC,1,0.009709999896585941,0.570442795753479,0.005909712053835392,0.023765897378325462,0.015742378309369087,4.742850705952151e-06,0.9614486694335938,0.397022545337677,0.007189225405454636,0.008764038793742657
201403B,2014-10-11 06:00:00,gridsat,EYE,1,0.9603926539421082,0.40104278922080994,0.0017660119337961078,0.03770288825035095,0.0073361084796488285,1.5686962797190063e-05,0.01296310592442751,0.536870539188385,0.017542116343975067,0.024368124082684517
201403B,2014-10-11 12:00:00,gridsat,EYE,1,0.9709595441818237,0.48408016562461853,0.0014687415678054094,0.04654088616371155,0.005112960934638977,3.541174010024406e-05,0.0057613784447312355,0.4496574401855469,0.01669740118086338,0.019686169922351837
201403B,2014-10-11 17:00:00,gridsat,EYE,1,0.08800630271434784,0.4337528347969055,0.003592211287468672,0.041863348335027695,0.009870323352515697,1.8108667063643225e-05,0.8870787620544434,0.503341555595398,0.01145230419933796,0.02102414146065712
201403B,2014-10-11 23:30:00,gridsat,EYE,1,0.4661965072154999,0.5267022848129272,0.004247164353728294,0.040847379714250565,0.014868674799799919,1.8402963178232312e-05,0.4949234426021576,0.41923779249191284,0.019764138385653496,0.013194145634770393
201403B,2014-10-12 06:00:00,gridsat,EYE,1,0.9479600787162781,0.6336623430252075,0.0017281704349443316,0.062880739569664,0.007658036425709724,7.832419214537367e-05,0.02671714499592781,0.28684133291244507,0.015936460345983505,0.01653723604977131
201404A,2014-10-25 18:00:00,gridsat,CRVBND,0,0.01878667250275612,0.01701240986585617,0.9305441379547119,0.33487582206726074,0.025615552440285683,0.024270854890346527,0.006454163230955601,0.016766972839832306,0.01859940215945244,0.6070740222930908
201404A,2014-10-25 23:30:00,gridsat,CRVBND,0,0.021831143647432327,0.2004775106906891,0.11219716817140579,0.20525678992271423,0.05153242498636246,0.001238046563230455,0.4787929654121399,0.17007726430892944,0.33564627170562744,0.42295041680336
201404A,2014-10-26 06:00:00,gridsat,EMBC,0,0.004449763800948858,0.335740327835083,0.005875506438314915,0.10545907914638519,0.009376611560583115,0.0007075699977576733,0.9487873911857605,0.46224847435951233,0.03151063248515129,0.09584459662437439
201404A,2014-10-26 13:30:00,gridsat,EMBC,0,0.005655575543642044,0.438908189535141,0.01130999717861414,0.16981488466262817,0.00539674237370491,0.003379089292138815,0.9686698317527771,0.2892080247402191,0.008967868983745575,0.09868989139795303
201404A,2014-10-26 18:00:00,gridsat,CRVBND,0,0.06447552889585495,0.09203284978866577,0.5794801115989685,0.37962648272514343,0.034307800233364105,0.01099246647208929,0.2933867275714874,0.21888311207294464,0.028349826112389565,0.2984650433063507
201404A,2014-10-27 00:00:00,gridsat,EYE,0,0.9389368295669556,0.38022807240486145,0.007810479961335659,0.21188737452030182,0.01351916790008545,0.0029360069893300533,0.025618847459554672,0.2659160792827606,0.01411468256264925,0.13903246819972992
201404A,2014-10-27 05:00:00,gridsat,EYE,0,0.1817975789308548,0.3995497226715088,0.002223554067313671,0.04981182888150215,0.013688230887055397,0.000381121615646407,0.7840321063995361,0.500557541847229,0.018258443102240562,0.04969976842403412
201404A,2014-10-27 12:30:00,gridsat,EMBC,0,0.0041193654760718346,0.37782490253448486,0.0028659640811383724,0.08514503389596939,0.0037993662990629673,0.0011133465450257063,0.9848489165306091,0.4509398341178894,0.004366482142359018,0.08497695624828339
201404A,2014-10-27 18:30:00,gridsat,EYE,0,0.012128457427024841,0.35982075333595276,0.006843079347163439,0.09548956900835037,0.003103450406342745,0.0005359427304938436,0.9618553519248962,0.4304662048816681,0.016069676727056503,0.11368753015995026
201404A,2014-10-28 01:00:00,gridsat,EMBC,0,0.01133336778730154,0.4009378254413605,0.04538861662149429,0.08926820009946823,0.006574856583029032,0.0005988766788505018,0.9160168170928955,0.37015500664711,0.020686417818069458,0.13904009759426117
201404A,2014-10-28 06:00:00,gridsat,EYE,0,0.9495715498924255,0.32719048857688904,0.0038717228453606367,0.004841156769543886,0.013178630731999874,5.37313553650165e-06,0.017817297950387,0.6636807918548584,0.015560878440737724,0.004282134585082531
201404A,2014-10-28 12:00:00,gridsat,EYE,0,0.9463722109794617,0.685660719871521,0.004259064793586731,0.017589710652828217,0.014893813990056515,6.576437590410933e-05,0.016993751749396324,0.2887252867221832,0.017481278628110886,0.007958435453474522
201404A,2014-10-28 18:30:00,gridsat,EMBC,0,0.013187181204557419,0.6802551746368408,0.011529674753546715,0.016058944165706635,0.012742345221340656,6.915871927049011e-05,0.9528983235359192,0.29699158668518066,0.00964239239692688,0.006625148933380842
201404A,2014-10-29 00:00:00,gridsat,EMBC,0,0.009901647455990314,0.7435534000396729,0.005162833724170923,0.07126910984516144,0.011815465986728668,0.0010442178463563323,0.9661213755607605,0.1705283522605896,0.006998609751462936,0.013604882173240185
201404A,2014-10-29 12:30:00,gridsat,EMBC,0,0.017786923795938492,0.589048445224762,0.26563602685928345,0.143081933259964,0.01679578796029091,0.003660948248580098,0.6753666400909424,0.24837486445903778,0.024414611980319023,0.01583385281264782
201404A,2014-10-29 18:00:00,gridsat,CRVBND,0,0.010405763052403927,0.005155401770025492,0.9378696084022522,0.5086459517478943,0.03822501003742218,0.3428572118282318,0.007080832030624151,0.009920725598931313,0.0064188214018940926,0.13342070579528809
201404A,2014-10-30 00:00:00,gridsat,IRRCDO,0,0.06068284437060356,0.1685371696949005,0.3241916000843048,0.24101272225379944,0.49101147055625916,0.005003494676202536,0.08266373723745346,0.1411050409078598,0.04145033657550812,0.4443415701389313
201404A,2014-10-30 12:00:00,gridsat,CRVBND,0,0.013181978836655617,0.14970149099826813,0.9184224605560303,0.3894745707511902,0.03983686864376068,0.014562446624040604,0.01528258714824915,0.12687017023563385,0.013276107609272003,0.31939125061035156
201404A,2014-10-30 18:00:00,gridsat,SHEAR,0,0.027414483949542046,2.130541361111682e-05,0.023552119731903076,0.05711521953344345,0.9247720241546631,0.9422686696052551,0.01379080954939127,5.015688657294959e-05,0.010470579378306866,0.0005445413407869637
201404A,2014-10-31 00:00:00,gridsat,SHEAR,0,0.008284686133265495,2.4502971882611746e-06,0.002569221192970872,0.021700529381632805,0.9723109602928162,0.9782471060752869,0.009555000811815262,4.807772256754106e-06,0.007280060090124607,4.510162762016989e-05
201404A,2014-10-31 05:30:00,gridsat,SHEAR,0,0.006525615230202675,1.6133202507262467e-06,0.0019969590939581394,0.011479887180030346,0.9775326251983643,0.9877589344978333,0.008420029655098915,1.2272808817215264e-05,0.005524865351617336,0.000747373909689486
201405B,2014-11-06 05:00:00,gridsat,EMBC,3,0.00596912344917655,0.32045385241508484,0.07605400681495667,0.22725772857666016,0.004858546890318394,0.0018245975952595472,0.7630235552787781,0.25493329763412476,0.15009477734565735,0.1955304592847824
201405B,2014-11-06 12:00:00,gridsat,CRVBND,3,0.012630827724933624,0.0027472777292132378,0.4975523352622986,0.5460777878761292,0.4494827389717102,0.1435244381427765,0.007283747661858797,0.012143876403570175,0.03305033966898918,0.29550662636756897
201405B,2014-11-06 18:00:00,gridsat,CRVBND,3,0.010412096977233887,8.768639963818714e-05,0.8167433738708496,0.2954416871070862,0.15694290399551392,0.6877664923667908,0.007484343368560076,0.00020690618839580566,0.00841725803911686,0.016497157514095306
201405B,2014-11-07 06:00:00,gridsat,CRVBND,3,0.018294842913746834,0.0019937781617045403,0.5003294944763184,0.45809105038642883,0.4580015242099762,0.2530405521392822,0.006940271705389023,0.0047754691913723946,0.016433842480182648,0.2820991277694702
201405B,2014-11-07 12:00:00,gridsat,CRVBND,3,0.018678976222872734,0.007922008633613586,0.5019618272781372,0.4930664300918579,0.4172632694244385,0.44883304834365845,0.022282468155026436,0.002081468468531966,0.039813436567783356,0.04809708520770073
201405B,2014-11-07 18:00:00,gridsat,SHEAR,3,0.01752220280468464,8.970795897766948e-05,0.2219114750623703,0.07354529947042465,0.7445810437202454,0.9262625575065613,0.0063489750027656555,3.822381404461339e-05,0.009636283852159977,6.426724576158449e-05
201405B,2014-11-08 00:00:00,gridsat,SHEAR,3,0.007170987781137228,1.4666502465843223e-05,0.004622618202120066,0.018602533265948296,0.9731560349464417,0.9813603162765503,0.0052952757105231285,4.574116701405728e-06,0.00975516065955162,1.785983295121696e-05
201405B,2014-11-08 05:30:00,gridsat,SHEAR,3,0.00804984662681818,5.153328402229818e-06,0.004161186050623655,0.005963311996310949,0.9672990441322327,0.9940261840820312,0.006314352620393038,1.73080047716212e-06,0.014175523072481155,3.576915560188354e-06
201501A,2015-06-07 09:00:00,gridsat,CRVBND,4,0.01438166107982397,0.11465975642204285,0.9178723692893982,0.6816140413284302,0.015664586797356606,0.06803490221500397,0.014897145330905914,0.10834266990423203,0.03718423843383789,0.027348648756742477
201501A,2015-06-07 15:00:00,gridsat,CRVBND,4,0.017357412725687027,0.0006880001164972782,0.3788660168647766,0.4256243407726288,0.04195227473974228,0.10714060068130493,0.06817739456892014,0.00493019400164485,0.49364686012268066,0.4616168141365051
201501A,2015-06-07 21:00:00,gridsat,IRRCDO,4,0.01810624822974205,0.0023165736347436905,0.11077392101287842,0.2433636486530304,0.011328521184623241,0.0015300195664167404,0.10282229632139206,0.031184367835521698,0.7569689750671387,0.7216054201126099
201501A,2015-06-08 03:00:00,gridsat,EMBC,4,0.027870047837495804,0.021302171051502228,0.15211981534957886,0.13524964451789856,0.013705244287848473,9.617533214623109e-05,0.5815132260322571,0.329081654548645,0.22479166090488434,0.5142703652381897
201501A,2015-06-08 21:00:00,gridsat,IRRCDO,4,0.03273925557732582,0.002419636119157076,0.10338050127029419,0.10469071567058563,0.008720972575247288,0.0024321938399225473,0.5225876569747925,0.018948454409837723,0.3325716555118561,0.8715090155601501
201501A,2015-06-09 03:00:00,gridsat,IRRCDO,4,0.009584012441337109,0.011578980833292007,0.2465655505657196,0.10139699280261993,0.013353749178349972,0.0011335627641528845,0.27643370628356934,0.04273253679275513,0.4540630578994751,0.843157947063446
201501A,2015-06-09 15:00:00,gridsat,CRVBND,4,0.004406007006764412,0.10233291238546371,0.9558643102645874,0.4771674871444702,0.01049201563000679,0.02442975901067257,0.007822527550160885,0.1873120814561844,0.021415116265416145,0.20875780284404755
201501A,2015-06-09 21:00:00,gridsat,IRRCDO,4,0.011328427121043205,0.05462263897061348,0.33594560623168945,0.1571711301803589,0.019710538908839226,0.0015595429576933384,0.28584542870521545,0.1582898497581482,0.3471699655056,0.6283568739891052
201501A,2015-06-10 03:00:00,gridsat,EMBC,4,0.005720634013414383,0.4908505976200104,0.001782114035449922,0.014885909855365753,0.0029613273218274117,2.138726085831877e-05,0.986868679523468,0.4798628091812134,0.0026673050597310066,0.014379284344613552
201501A,2015-06-10 21:00:00,gridsat,SHEAR,4,0.01926230825483799,0.0012088818475604057,0.48332470655441284,0.4233328104019165,0.45783093571662903,0.48285073041915894,0.022758731618523598,0.003386649303138256,0.0168233010917902,0.08922098577022552
201501A,2015-06-11 03:00:00,gridsat,CRVBND,4,0.003950186539441347,0.25560230016708374,0.5662686228752136,0.09115714579820633,0.013166416436433792,0.0002803726529236883,0.2582972049713135,0.3956942558288574,0.15831753611564636,0.25726592540740967
201501A,2015-06-11 09:00:00,gridsat,EMBC,4,0.012148566544055939,0.48836666345596313,0.24514377117156982,0.03151482716202736,0.011497764848172665,0.00014660412853118032,0.657543420791626,0.4747197926044464,0.07366647571325302,0.0052520534954965115
201501A,2015-06-11 15:00:00,gridsat,CRVBND,4,0.015354332514107227,0.6905521154403687,0.8628448843955994,0.1499096304178238,0.008473998866975307,0.010733193717896938,0.07712942361831665,0.13205809891223907,0.036197345703840256,0.016746969893574715
201501A,2015-06-11 21:00:00,gridsat,CRVBND,4,0.03021864779293537,0.026790311560034752,0.6562462449073792,0.549055278301239,0.2513605058193207,0.25141850113868713,0.028502600267529488,0.016886183992028236,0.03367195650935173,0.15584973990917206
201502B,2015-07-29 01:00:00,gridsat,CRVBND,3,0.011943572200834751,0.002943240338936448,0.9525447487831116,0.844894289970398,0.021095430478453636,0.07584384828805923,0.004607195500284433,0.017621060833334923,0.009809155017137527,0.058697640895843506
201502B,2015-07-29 06:00:00,gridsat,CRVBND,3,0.01244447287172079,0.0014277240261435509,0.8814662098884583,0.7744430303573608,0.09655135869979858,0.08822783082723618,0.005596731789410114,0.010366804897785187,0.003941207658499479,0.1255345642566681
201502B,2015-07-29 12:00:00,gridsat,CRVBND,3,0.017829010263085365,0.03786585479974747,0.9311720728874207,0.6562091112136841,0.010704017244279385,0.006344427354633808,0.010075953789055347,0.13727162778377533,0.03021891787648201,0.162308931350708
201502B,2015-07-29 18:00:00,gridsat,CRVBND,3,0.008464870043098927,0.015568885952234268,0.9397122263908386,0.7520434260368347,0.011769614182412624,0.013531701639294624,0.006268458906561136,0.07434013485908508,0.03378487005829811,0.14451591670513153
201502B,2015-07-30 00:00:00,gridsat,CRVBND,3,0.015793878585100174,0.0008104252046905458,0.7302858829498291,0.767873227596283,0.01790112815797329,0.0558931790292263,0.15162625908851624,0.009466016665101051,0.08439282327890396,0.16595719754695892
201502B,2015-07-30 06:00:00,gridsat,CRVBND,3,0.014393098652362823,0.03306441009044647,0.9409726858139038,0.6559342741966248,0.010938170365989208,0.015060331672430038,0.01888119988143444,0.13014459609985352,0.014814743772149086,0.1657963991165161
201503A,2015-10-09 21:00:00,gridsat,CRVBND,2,0.012975378893315792,0.014638974331319332,0.8876424431800842,0.2042076289653778,0.019779177382588387,0.004771173000335693,0.019704943522810936,0.011732888408005238,0.05989804491400719,0.7646493911743164
201503A,2015-10-10 03:30:00,gridsat,IRRCDO,2,0.009282363578677177,0.11278834939002991,0.5439510941505432,0.3088134527206421,0.04662449657917023,0.0020550924818962812,0.025522436946630478,0.18176022171974182,0.37461960315704346,0.3945828378200531
201503A,2015-10-10 09:00:00,gridsat,CRVBND,2,0.015826251357793808,0.039510149508714676,0.36316147446632385,0.6794887781143188,0.5868362188339233,0.10664919018745422,0.01342984288930893,0.1233915239572525,0.02074618637561798,0.05096049979329109
201503A,2015-10-10 15:00:00,gridsat,CRVBND,2,0.012135714292526245,0.022716443985700607,0.2717331051826477,0.6177114248275757,0.6335507035255432,0.2701341211795807,0.03515200689435005,0.014987380243837833,0.04742845892906189,0.07445061206817627
201503A,2015-10-10 21:00:00,gridsat,CRVBND,2,0.005418640561401844,0.00010922471119556576,0.05703917145729065,0.09425012022256851,0.9211776852607727,0.90435791015625,0.007474811282008886,0.00015730204177089036,0.00888969749212265,0.0011254502460360527
201503A,2015-10-11 03:00:00,gridsat,CRVBND,2,0.018547531217336655,0.0014833242166787386,0.5727314352989197,0.41941186785697937,0.37510183453559875,0.45781204104423523,0.012600609101355076,0.0009829396149143577,0.021018575876951218,0.12030981481075287
201503A,2015-10-11 09:00:00,gridsat,CRVBND,2,0.00600819569081068,0.049890849739313126,0.4810445010662079,0.4859654903411865,0.012229892425239086,0.012670476920902729,0.027267245575785637,0.06551114469766617,0.4734501838684082,0.38596203923225403
201503A,2015-10-11 15:00:00,gridsat,CRVBND,2,0.01806805469095707,0.00260002538561821,0.4072263240814209,0.4044227600097656,0.5192288756370544,0.5701696872711182,0.019613515585660934,0.0057713957503438,0.03586319833993912,0.017036115750670433
201503A,2015-10-11 21:00:00,gridsat,CRVBND,2,0.04782678931951523,0.007999892346560955,0.4712216258049011,0.4613291919231415,0.41400864720344543,0.15279272198677063,0.05116742104291916,0.002247635507956147,0.01577555388212204,0.37563052773475647
201504A,2015-10-28 20:30:00,gridsat,EMBC,2,0.28353351354599,0.2803135812282562,0.012274408712983131,0.23882916569709778,0.004903948865830898,0.002506438409909606,0.679864227771759,0.40870988368988037,0.019423848018050194,0.06964093446731567
201504A,2015-10-29 03:00:00,gridsat,CRVBND,2,0.8519586324691772,0.21064411103725433,0.07892221212387085,0.5077557563781738,0.013230365701019764,0.030129916965961456,0.036801110953092575,0.16268104314804077,0.019087674096226692,0.08878911286592484
201504A,2015-10-29 09:00:00,gridsat,EMBC,2,0.07805677503347397,0.33311858773231506,0.5301849842071533,0.23664990067481995,0.012628857977688313,0.003982785623520613,0.3467099666595459,0.2683473229408264,0.03241945803165436,0.15790139138698578
201504A,2015-10-29 15:00:00,gridsat,EYE,2,0.9724091291427612,0.4327832758426666,0.0027238940820097923,0.14470429718494415,0.00443106098100543,0.001158829894848168,0.007647061720490456,0.32995980978012085,0.012788910418748856,0.09139367938041687
201504A,2015-10-29 21:30:00,gridsat,EMBC,2,0.23776370286941528,0.3992542028427124,0.03977935388684273,0.026399996131658554,0.020553506910800934,4.332025127951056e-05,0.6783509850502014,0.5222486257553101,0.0235524233430624,0.05205385759472847
201504A,2015-10-30 03:00:00,gridsat,EYE,2,0.9680246114730835,0.6009731292724609,0.0025325892493128777,0.019391337409615517,0.007094998843967915,3.330448453198187e-05,0.005006556399166584,0.37087178230285645,0.017341256141662598,0.00873038824647665
201504A,2015-10-30 15:00:00,gridsat,EYE,2,0.962638258934021,0.6077486872673035,0.004017711617052555,0.09814969450235367,0.007338504772633314,0.0008742382633499801,0.009033550508320332,0.26365894079208374,0.016972018405795097,0.02956843189895153
201504A,2015-10-31 03:00:00,gridsat,EYE,2,0.9382250308990479,0.5749780535697937,0.002166045131161809,0.02414327673614025,0.00746442936360836,6.623101944569498e-05,0.03385179117321968,0.39508309960365295,0.018292713910341263,0.005729336757212877
201504A,2015-10-31 09:00:00,gridsat,EYE,2,0.9697345495223999,0.7256161570549011,0.0020233034156262875,0.04077655449509621,0.005848194006830454,0.0003530774265527725,0.008282666094601154,0.22685666382312775,0.014111390337347984,0.006397545337677002
201504A,2015-10-31 15:00:00,gridsat,EYE,2,0.9699917435646057,0.7310260534286499,0.0020307665690779686,0.03511325269937515,0.006211520172655582,0.0002186803030781448,0.0070363059639930725,0.22406060993671417,0.014729628339409828,0.009581420570611954
201504A,2015-10-31 21:00:00,gridsat,EYE,2,0.926427960395813,0.7346569895744324,0.005089557729661465,0.021725594997406006,0.008742740377783775,7.626921433256939e-05,0.04215865954756737,0.2375398874282837,0.017580987885594368,0.00600121496245265
201504A,2015-11-01 04:00:00,gridsat,EYE,2,0.6717314720153809,0.6565040349960327,0.010111433453857899,0.01716909185051918,0.023311465978622437,4.658712350646965e-05,0.27773478627204895,0.3227337598800659,0.017110906541347504,0.0035465487744659185
201504A,2015-11-01 09:00:00,gridsat,EYE,2,0.9683462381362915,0.7593674063682556,0.001694818027317524,0.03684895858168602,0.005672215949743986,0.00037669047014787793,0.007030471693724394,0.1994171291589737,0.01725626550614834,0.003989844117313623
201504A,2015-11-01 15:00:00,gridsat,EYE,2,0.9690473675727844,0.7446857690811157,0.002712232293561101,0.07417000830173492,0.006548953242599964,0.0006168282707221806,0.005276835523545742,0.16670913994312286,0.016414666548371315,0.013818291015923023
201504A,2015-11-01 21:00:00,gridsat,EYE,2,0.9674150943756104,0.582072377204895,0.0024879772681742907,0.12845416367053986,0.008383233100175858,0.0006449863431043923,0.005394143518060446,0.2128058671951294,0.01631958968937397,0.07602262496948242
201504A,2015-11-02 03:00:00,gridsat,EYE,2,0.9719753265380859,0.6309824585914612,0.002424053382128477,0.13770391047000885,0.006941963452845812,0.0012531181564554572,0.004232289269566536,0.210884690284729,0.01442648470401764,0.019175823777914047
201504A,2015-11-02 09:00:00,gridsat,EYE,2,0.9675664901733398,0.44040757417678833,0.0029099415987730026,0.36262890696525574,0.007759281899780035,0.04544706270098686,0.006975582800805569,0.13045988976955414,0.014788646250963211,0.02105654403567314
201504A,2015-11-02 15:00:00,gridsat,EYE,2,0.9574215412139893,0.4780450761318207,0.0051208436489105225,0.26127713918685913,0.007088521495461464,0.009019256569445133,0.014128528535366058,0.18351013958454132,0.016240471974015236,0.06814835220575333
201504A,2015-11-03 03:30:00,gridsat,CRVBND,2,0.03612317144870758,0.012967567890882492,0.6149296164512634,0.5360578298568726,0.23726105690002441,0.4071287214756012,0.08263270556926727,0.012903017923235893,0.02905341051518917,0.030942892655730247
201505A,2015-11-05 08:00:00,gridsat,CRVBND,0,0.017897654324769974,0.43347668647766113,0.9149892926216125,0.22072207927703857,0.011927366256713867,0.009500879794359207,0.027168409898877144,0.22692471742630005,0.02801724523305893,0.10937554389238358
201505A,2015-11-05 14:30:00,gridsat,CRVBND,0,0.05705776810646057,0.5415017604827881,0.5410508513450623,0.1910526305437088,0.030275288969278336,0.009797888807952404,0.3373505175113678,0.18236954510211945,0.03426554054021835,0.07527828216552734
201505A,2015-11-06 09:00:00,gridsat,CRVBND,0,0.013349313288927078,0.5581195950508118,0.9145457744598389,0.14409345388412476,0.017103765159845352,0.007725302595645189,0.03875954821705818,0.22331300377845764,0.016241619363427162,0.06674870103597641
201505A,2015-11-06 15:00:00,gridsat,CRVBND,0,0.009371679276227951,0.18011699616909027,0.9489695429801941,0.5848388075828552,0.017006348818540573,0.14965003728866577,0.018730681389570236,0.038939330726861954,0.005921739153563976,0.04645483195781708
201505A,2015-11-07 09:00:00,gridsat,EMBC,0,0.039222054183483124,0.6818996667861938,0.0009832052746787667,0.03346795216202736,0.01780548505485058,0.0007350068772211671,0.931664764881134,0.2676658034324646,0.0103244474157691,0.016231605783104897
201505A,2015-11-07 21:00:00,gridsat,EYE,0,0.21796229481697083,0.3488845229148865,0.04286835342645645,0.12136272341012955,0.06929463893175125,0.008877785876393318,0.4851053059101105,0.1745283305644989,0.18476934731006622,0.3463466465473175
201505A,2015-11-08 03:00:00,gridsat,EYE,0,0.8410965800285339,0.56910640001297,0.0017453741747885942,0.0076110768131911755,0.03274573013186455,4.2066239984706044e-05,0.09429559111595154,0.4117170572280884,0.030116675421595573,0.011523408815264702
201505A,2015-11-08 08:00:00,gridsat,EYE,0,0.25340399146080017,0.7068143486976624,0.003200290724635124,0.09162481129169464,0.02896302379667759,0.003010126296430826,0.684436023235321,0.12216373533010483,0.029996637254953384,0.0763869658112526
201505A,2015-11-09 03:30:00,gridsat,EMBC,0,0.018654555082321167,0.5711969137191772,0.07275140285491943,0.034739408642053604,0.03033609315752983,0.00032645586179569364,0.8742255568504333,0.37916406989097595,0.004032351542264223,0.014573115855455399
201505A,2015-11-09 09:00:00,gridsat,IRRCDO,0,0.017740454524755478,0.4528311789035797,0.9507992267608643,0.3053697347640991,0.008884772658348083,0.046537961810827255,0.014382760040462017,0.059976253658533096,0.008192670531570911,0.13528482615947723
201505A,2015-11-09 15:00:00,gridsat,CRVBND,0,0.013026897795498371,0.04700634256005287,0.9497396945953369,0.5345463156700134,0.0148573974147439,0.2688361406326294,0.010236436501145363,0.050942618399858475,0.012139525264501572,0.09866856783628464
201505A,2015-11-09 21:00:00,gridsat,SHEAR,0,0.021874161437153816,0.0009534396813251078,0.1413930356502533,0.1910548359155655,0.7906306982040405,0.7929869890213013,0.02858535759150982,0.00151623017154634,0.017516810446977615,0.013488597236573696
201601B,2016-05-19 15:00:00,gridsat,IRRCDO,4,0.038201745599508286,0.034895479679107666,0.6365382075309753,0.5696285963058472,0.1647404283285141,0.05292182415723801,0.06948075443506241,0.07013040781021118,0.09103884547948837,0.2724236845970154
201601B,2016-05-19 21:00:00,gridsat,CRVBND,4,0.023116813972592354,0.013896739110350609,0.23951441049575806,0.2332278937101364,0.22623273730278015,0.004684243816882372,0.007077605929225683,0.053671251982450485,0.5040584802627563,0.6945198774337769
201601B,2016-05-20 10:00:00,gridsat,EMBC,4,0.012323965318500996,0.281737357378006,0.024849606677889824,0.04482864588499069,0.0056258938275277615,2.5667357476777397e-05,0.9427919387817383,0.6528028249740601,0.01440864335745573,0.020605502650141716
201601B,2016-05-20 15:00:00,gridsat,CRVBND,4,0.029872462153434753,0.01634717360138893,0.46003392338752747,0.5358218550682068,0.366925448179245,0.01075852569192648,0.010103939101099968,0.22489815950393677,0.13306429982185364,0.2121742218732834
201602A,2016-06-27 09:00:00,gridsat,CRVBND,0,0.018474390730261803,0.10533609986305237,0.5967005491256714,0.18137606978416443,0.015958623960614204,0.007382828276604414,0.30096688866615295,0.5735655426979065,0.06789953261613846,0.13233940303325653
201602A,2016-06-27 15:00:00,gridsat,IRRCDO,0,0.006111667491495609,0.0017467133002355695,0.981605589389801,0.5770691633224487,0.0050522577948868275,0.20545169711112976,0.003210886847227812,0.004628278780728579,0.0040195477195084095,0.21110421419143677
201602A,2016-06-28 03:00:00,gridsat,CRVBND,0,0.030984051525592804,0.00035303563345223665,0.5571635365486145,0.3436722159385681,0.31428948044776917,0.5942241549491882,0.04458451271057129,0.001500921556726098,0.052978403866291046,0.060249630361795425
201602A,2016-06-28 09:00:00,gridsat,CRVBND,0,0.016131917014718056,0.003839208045974374,0.9265044331550598,0.4796300232410431,0.02532200515270233,0.44060149788856506,0.013798346742987633,0.005370624829083681,0.018243329599499702,0.07055862247943878
201602A,2016-06-28 15:00:00,gridsat,SHEAR,0,0.03627130389213562,5.346429929886654e-07,0.13641349971294403,0.023465756326913834,0.7967053055763245,0.9763944745063782,0.018125761300325394,3.592699158616597e-06,0.012484162114560604,0.0001355770364170894
201602A,2016-06-28 21:00:00,gridsat,SHEAR,0,0.023400072008371353,5.566971026382816e-07,0.8003831505775452,0.03160269185900688,0.1479802429676056,0.9675621390342712,0.015573982149362564,0.00011464623094070703,0.012662511318922043,0.0007199501851573586
201603B,2016-10-25 04:30:00,gridsat,EMBC,3,0.012427731417119503,0.3977856934070587,0.10068288445472717,0.011538228020071983,0.0040708500891923904,1.0423668754810933e-05,0.6467602849006653,0.5653639435768127,0.23605820536613464,0.025301683694124222
201603B,2016-10-25 11:30:00,gridsat,EMBC,3,0.0065689608454704285,0.6167508959770203,0.013050864450633526,0.030810395255684853,0.0026927406433969736,6.896157719893381e-05,0.9720755815505981,0.3428557813167572,0.005611795000731945,0.009513926692306995
201603B,2016-10-25 17:30:00,gridsat,IRRCDO,3,0.00996982678771019,0.035586368292570114,0.6398433446884155,0.42380762100219727,0.008377397432923317,0.012735678814351559,0.18920445442199707,0.05596683546900749,0.15260493755340576,0.47190341353416443
201603B,2016-10-26 12:00:00,gridsat,CRVBND,3,0.011621642857789993,0.5076406002044678,0.6244023442268372,0.2803694009780884,0.008120931684970856,0.008040259592235088,0.02508879266679287,0.13579216599464417,0.3307662904262543,0.06815755367279053
201603B,2016-10-26 18:00:00,gridsat,CRVBND,3,0.015780983492732048,0.012109448201954365,0.6712443828582764,0.547731339931488,0.24130608141422272,0.2908153533935547,0.02941913716495037,0.012255233712494373,0.04224936664104462,0.1370886117219925
201603B,2016-10-27 00:00:00,gridsat,IRRCDO,3,0.016845274716615677,0.011256380937993526,0.06162261590361595,0.25886666774749756,0.8709562420845032,0.1130199283361435,0.008261562325060368,0.0010403402848169208,0.0423143245279789,0.6158166527748108
201603B,2016-10-27 04:30:00,gridsat,CRVBND,3,0.02186422049999237,0.04340410977602005,0.7390797734260559,0.5539056062698364,0.08792254328727722,0.03481897711753845,0.011069477535784245,0.061645615845918655,0.1400640308856964,0.3062257170677185
201604B,2016-11-30 03:30:00,gridsat,IRRCDO,2,0.016780735924839973,0.033520884811878204,0.3308248519897461,0.24455751478672028,0.006533909123390913,0.0029098931699991226,0.3510451316833496,0.11596310138702393,0.29481545090675354,0.6030486226081848
201604B,2016-11-30 09:00:00,gridsat,CRVBND,2,0.02805301547050476,0.009400070644915104,0.6727999448776245,0.6904820799827576,0.1533617079257965,0.18243293464183807,0.11183824390172958,0.03295976296067238,0.03394707664847374,0.08472515642642975
201604B,2016-11-30 15:00:00,gridsat,CRVBND,2,0.035271093249320984,0.00470748683437705,0.2715780735015869,0.6014178395271301,0.5717706084251404,0.15949298441410065,0.048276085406541824,0.03286971151828766,0.07310418039560318,0.20151205360889435
201604B,2016-11-30 21:00:00,gridsat,SHEAR,2,0.012035196647047997,0.00016556403716094792,0.3872905969619751,0.22175908088684082,0.5768235921859741,0.7654476165771484,0.010207509621977806,0.0011019364465028048,0.013643049634993076,0.011525800451636314
201604B,2016-12-01 03:00:00,gridsat,SHEAR,2,0.004971892572939396,8.909813914215192e-05,0.034716274589300156,0.060701414942741394,0.9480994939804077,0.9385257363319397,0.006216184236109257,0.00017625876353122294,0.005996091291308403,0.0005074860528111458
201604B,2016-12-01 09:00:00,gridsat,SHEAR,2,0.005509107373654842,7.397645276796538e-06,0.008448075503110886,0.00655570812523365,0.970219075679779,0.9934046864509583,0.0048042540438473225,9.351436347060371e-06,0.011019508354365826,2.2874444766785018e-05
201604B,2016-12-01 15:00:00,gridsat,SHEAR,2,0.009496972896158695,1.551735863358772e-06,0.006696646101772785,0.005299312528222799,0.968994677066803,0.9946797490119934,0.004004241898655891,3.130935738226981e-06,0.010807421989738941,1.6299853086820804e-05
201604B,2016-12-01 21:00:00,gridsat,SHEAR,2,0.010351323522627354,2.7032649541069986e-06,0.007438750471919775,0.009038416668772697,0.970604658126831,0.9909284710884094,0.003264947794377804,5.614360361505533e-06,0.008340362459421158,2.4746363123995252e-05
201605B,2016-12-07 15:00:00,gridsat,CRVBND,4,0.015826242044568062,0.6586629748344421,0.8275616765022278,0.05263013392686844,0.02199172042310238,0.00017096167721319944,0.067629374563694,0.2606799006462097,0.0669909119606018,0.027856016531586647
201605B,2016-12-07 20:30:00,gridsat,IRRCDO,4,0.03436218574643135,0.6402418613433838,0.13327370584011078,0.0461791567504406,0.015538815408945084,5.3714076784672216e-05,0.21974003314971924,0.22470904886722565,0.5970852971076965,0.08881614357233047
201605B,2016-12-08 03:30:00,gridsat,CRVBND,4,0.020982589572668076,0.5283809900283813,0.8441076874732971,0.1740708202123642,0.012409822084009647,0.001198784913867712,0.07404892146587372,0.2431463599205017,0.04845106229186058,0.05320306867361069
201605B,2016-12-08 09:00:00,gridsat,CRVBND,4,0.0287750456482172,0.015273512341082096,0.8030573129653931,0.7357207536697388,0.07387189567089081,0.18708927929401398,0.036740370094776154,0.011845400556921959,0.05755544826388359,0.050071120262145996
201605B,2016-12-08 15:00:00,gridsat,CRVBND,4,0.025070548057556152,0.0007669245824217796,0.18830761313438416,0.11059094220399857,0.08348415046930313,0.0052947355434298515,0.027306899428367615,0.003893323242664337,0.6758307814598083,0.8794541358947754
201605B,2016-12-08 20:30:00,gridsat,IRRCDO,4,0.10850740224123001,0.012391519732773304,0.05087931454181671,0.09443355351686478,0.015818700194358826,0.0003034271067008376,0.3575468361377716,0.058669593185186386,0.46724772453308105,0.8342019319534302
201605B,2016-12-09 09:00:00,gridsat,IRRCDO,4,0.005268302280455828,0.03323325887322426,0.3284524381160736,0.2559323310852051,0.013078524731099606,0.005695561412721872,0.006418325938284397,0.07701297849416733,0.646782398223877,0.6281259059906006
201605B,2016-12-10 02:30:00,gridsat,EMBC,4,0.008037487976253033,0.6074141263961792,0.012743819504976273,0.014972589910030365,0.005213549826294184,1.3462753486237489e-05,0.9728811979293823,0.3724799156188965,0.0011239438317716122,0.0051199463196098804
201605B,2016-12-10 15:00:00,gridsat,EMBC,4,0.006211998872458935,0.43016859889030457,0.017943816259503365,0.009907584637403488,0.0037892351392656565,4.634212018572725e-06,0.957391083240509,0.5427042841911316,0.014663799665868282,0.01721492037177086
201605B,2016-12-10 21:00:00,gridsat,EMBC,4,0.008070575073361397,0.43129485845565796,0.07480909675359726,0.04572761803865433,0.004128222353756428,8.267685916507617e-05,0.7994644641876221,0.4851519465446472,0.11352758854627609,0.037742920219898224
201605B,2016-12-11 21:00:00,gridsat,EYE,4,0.012330086901783943,0.5613024830818176,0.002240298315882683,0.012378686107695103,0.006029649171978235,1.2739342309942003e-05,0.977552056312561,0.4114927053451538,0.0018478187266737223,0.014813442714512348
201605B,2016-12-12 04:00:00,gridsat,EYE,4,0.0057198964059352875,0.7272000312805176,0.00639454135671258,0.014667808078229427,0.0031776793766766787,5.1293496653670445e-05,0.9797724485397339,0.23395441472530365,0.004935405682772398,0.024126490578055382
201701B,2017-04-15 21:10:00,gridsat,IRRCDO,3,0.016379104927182198,0.0571272075176239,0.6300903558731079,0.40400561690330505,0.021069560199975967,0.010321692563593388,0.02859714813530445,0.12690100073814392,0.3038637638092041,0.4016445279121399
201701B,2017-04-16 03:00:00,gridsat,IRRCDO,3,0.021090779453516006,0.16384783387184143,0.690697431564331,0.5483067631721497,0.24805530905723572,0.02319316752254963,0.01602243259549141,0.07625041902065277,0.024134114384651184,0.18840177357196808
201701B,2017-04-16 09:10:00,gridsat,IRRCDO,3,0.0244159996509552,0.2393212765455246,0.8259029388427734,0.14456547796726227,0.03625016659498215,0.001972597325220704,0.06183310225605965,0.508232057094574,0.05159781873226166,0.1059085801243782
201701B,2017-04-16 15:40:00,gridsat,IRRCDO,3,0.027741916477680206,0.04410058632493019,0.23068638145923615,0.3154456615447998,0.5819679498672485,0.011921290308237076,0.021473977714776993,0.11223820596933365,0.1381298452615738,0.5162942409515381
201702B,2017-05-28 07:00:00,gridsat,EMBC,2,0.01113515067845583,0.26871898770332336,0.4797273278236389,0.028365932404994965,0.00462732370942831,1.3326255157153355e-06,0.43785667419433594,0.6995787024497986,0.06665349006652832,0.0033350989688187838
201702B,2017-05-28 12:10:00,gridsat,IRRCDO,2,0.021603917703032494,0.04226619005203247,0.16515576839447021,0.6070516109466553,0.004184218123555183,0.0006671040318906307,0.7094939351081848,0.08537275344133377,0.09956205636262894,0.2646423578262329
201702B,2017-05-28 18:10:00,gridsat,IRRCDO,2,0.004343525506556034,0.024972399696707726,0.8753189444541931,0.25844746828079224,0.02185348980128765,2.873694756999612e-05,0.048707690089941025,0.5393705368041992,0.04977623373270035,0.17718079686164856
201702B,2017-05-29 00:10:00,gridsat,IRRCDO,2,0.04625635966658592,0.18094386160373688,0.20345191657543182,0.26603958010673523,0.0064911008812487125,0.00014415620535146445,0.7170663475990295,0.5288392305374146,0.026734253391623497,0.024033233523368835
201702B,2017-05-29 13:10:00,gridsat,IRRCDO,2,0.046013373881578445,0.050498418509960175,0.3962644338607788,0.4496273696422577,0.03959880396723747,0.0008826292469166219,0.42596790194511414,0.2956741750240326,0.09215547889471054,0.20331743359565735
201702B,2017-05-29 22:40:00,gridsat,EYE,2,0.038517363369464874,0.5997747778892517,0.006228861398994923,0.08395491540431976,0.0015174817526713014,3.521071630530059e-05,0.9475746154785156,0.23651690781116486,0.006161691155284643,0.07971817255020142
201703B,2017-11-30 03:00:00,gridsat,EMBC,3,0.14452625811100006,0.37177178263664246,0.470124751329422,0.03276286646723747,0.028505560010671616,5.529774716706015e-05,0.33929136395454407,0.57627272605896,0.017552021890878677,0.01913725957274437
201703A,2017-11-30 08:30:00,gridsat,EMBC,1,0.06685540080070496,0.30326640605926514,0.7417105436325073,0.08459969609975815,0.022722231224179268,0.0002753336157184094,0.1445041298866272,0.5206219553947449,0.024207687005400658,0.09123653173446655
201703B,2017-11-30 14:30:00,gridsat,EYE,3,0.04574063792824745,0.2526823580265045,0.015287195332348347,0.01762940175831318,0.004257899709045887,1.528816210338846e-05,0.8696483373641968,0.6826010346412659,0.0650658905506134,0.04707198590040207
201703B,2017-11-30 21:00:00,gridsat,EMBC,3,0.007422991096973419,0.30648157000541687,0.019495099782943726,0.03448335453867912,0.0056503163650631905,4.2962346924468875e-05,0.9340314865112305,0.6397673487663269,0.0334000326693058,0.01922483742237091
201703B,2017-12-01 03:00:00,gridsat,EYE,3,0.013910161331295967,0.1329398900270462,0.11127884685993195,0.036144938319921494,0.008127596229314804,6.380544073181227e-05,0.6408026814460754,0.7553607225418091,0.2258806973695755,0.07549060881137848
201703B,2017-12-01 09:30:00,gridsat,EMBC,3,0.00670590391382575,0.21841679513454437,0.05662672221660614,0.1318717896938324,0.002900050487369299,0.000656592077575624,0.7263372540473938,0.555866003036499,0.20743000507354736,0.09318877756595612
201703B,2017-12-01 15:30:00,gridsat,EYE,3,0.05100858211517334,0.29618039727211,0.025679374113678932,0.12364312261343002,0.004231895785778761,0.0006494817207567394,0.8837313652038574,0.4620235562324524,0.03534875065088272,0.11750348657369614
201703B,2017-12-01 22:00:00,gridsat,EYE,3,0.03749743103981018,0.21934619545936584,0.008077900856733322,0.04271690547466278,0.005240476690232754,9.169318218482658e-05,0.9349023103713989,0.6281328797340393,0.01428188756108284,0.10971227288246155
201703B,2017-12-02 03:00:00,gridsat,EYE,3,0.8871369361877441,0.3163264989852905,0.005701743066310883,0.04719061776995659,0.015612849965691566,0.00019823567708954215,0.06784946471452713,0.5435441136360168,0.023699041455984116,0.0927404910326004
201703B,2017-12-02 09:00:00,gridsat,EYE,3,0.9520969390869141,0.3611278831958771,0.003653040388599038,0.03779156878590584,0.0075702243484556675,0.0002054461947409436,0.023389365524053574,0.47395429015159607,0.013290380127727985,0.12692075967788696
201703B,2017-12-03 04:00:00,gridsat,IRRCDO,3,0.008177496492862701,0.6228688359260559,0.04776403680443764,0.0643913671374321,0.006734208669513464,0.0003586341626942158,0.8778634667396545,0.28252217173576355,0.05946078896522522,0.029858993366360664
201703B,2017-12-03 14:30:00,gridsat,EMBC,3,0.00818000826984644,0.45178940892219543,0.022826962172985077,0.004677101969718933,0.005227978341281414,3.820730853476562e-06,0.9526982307434082,0.5379169583320618,0.011066838167607784,0.005612722598016262
201703B,2017-12-03 21:00:00,gridsat,EMBC,3,0.03044744022190571,0.29150646924972534,0.013993966393172741,0.013626047410070896,0.007520567625761032,4.207069650874473e-05,0.9242873191833496,0.6760761737823486,0.02375068888068199,0.018749253824353218
201703B,2017-12-04 04:00:00,gridsat,EMBC,3,0.015422036871314049,0.47364306449890137,0.21553856134414673,0.026541726663708687,0.006134846713393927,5.623547258437611e-05,0.5652890801429749,0.47928401827812195,0.19761544466018677,0.020475085824728012
201703B,2017-12-05 09:00:00,gridsat,SHEAR,3,0.00542827695608139,6.207515980349854e-05,0.002067624358460307,0.06435821205377579,0.9828018546104431,0.935329258441925,0.0049934000708162785,2.703274913073983e-05,0.004708793945610523,0.00022347988851834089
201703B,2017-12-05 17:00:00,gridsat,SHEAR,3,0.005050775595009327,1.7402518324161065e-06,0.0012134809512645006,0.008988510817289352,0.9832416772842407,0.9910090565681458,0.003536973614245653,3.95951254006377e-08,0.0069570764899253845,7.596140108034888e-07
201704B,2017-12-08 21:00:00,gridsat,CRVBND,0,0.020325331017374992,0.014078616164624691,0.7128171920776367,0.7242940664291382,0.2051411271095276,0.11138059198856354,0.03016088716685772,0.03394912928342819,0.03155545890331268,0.11629761010408401
201704B,2017-12-09 03:00:00,gridsat,CRVBND,0,0.01437151338905096,0.013681017793715,0.33620360493659973,0.67316073179245,0.021461596712470055,0.09920649230480194,0.013326672837138176,0.013684169389307499,0.6146365404129028,0.20026756823062897
201704B,2017-12-09 09:00:00,gridsat,SHEAR,0,0.015946971252560616,1.2340117791609373e-05,0.02762307971715927,0.038577716797590256,0.9214457273483276,0.9613395929336548,0.022270238026976585,5.322091510606697e-06,0.012713938020169735,6.510259117931128e-05
201704B,2017-12-09 15:00:00,gridsat,SHEAR,0,0.010986841283738613,1.984240725505515e-06,0.0017008469440042973,0.017467651516199112,0.9660521745681763,0.9824888706207275,0.010448015294969082,1.7710551674099406e-06,0.010812164284288883,3.9659131289226934e-05
201704B,2017-12-09 21:00:00,gridsat,SHEAR,0,0.0077018761076033115,8.694631787875551e-07,0.0012541956966742873,0.016990670934319496,0.9720568060874939,0.983007550239563,0.009330231696367264,1.8096486087415542e-08,0.009656890295445919,9.595009942131583e-07
201704B,2017-12-10 03:45:00,gridsat,SHEAR,0,0.013085384853184223,5.032842977925611e-07,0.0011626612395048141,0.00982021726667881,0.9517800807952881,0.9901769757270813,0.012358470819890499,2.3672859583712125e-07,0.021613331511616707,2.1511166323762154e-06
201801A,2018-05-17 00:00:00,gridsat,CRVBND,2,0.019997211173176765,0.045663464814424515,0.6536707878112793,0.1755819171667099,0.033318523317575455,0.0028191017918288708,0.024775691330432892,0.040926042944192886,0.2682378590106964,0.735009491443634
201801A,2018-05-17 11:00:00,gridsat,IRRCDO,2,0.04731597378849983,0.16835272312164307,0.6854168772697449,0.4701673984527588,0.029969826340675354,0.030969562008976936,0.15962089598178864,0.12125684320926666,0.07767649739980698,0.2092534303665161
201801A,2018-05-17 18:00:00,gridsat,CRVBND,2,0.0040314276702702045,0.07014090567827225,0.8952988982200623,0.5736575126647949,0.008624542504549026,0.04655783623456955,0.012448750436306,0.1346549242734909,0.07959633320569992,0.17498888075351715
201801A,2018-05-18 00:00:00,gridsat,EMBC,2,0.02991095371544361,0.4513532519340515,0.5562337636947632,0.07942328602075577,0.04404682293534279,0.00016302644507959485,0.08868025243282318,0.3247373402118683,0.28112825751304626,0.14432309567928314
201801A,2018-05-18 18:00:00,gridsat,IRRCDO,2,0.002637692494317889,0.0754542425274849,0.07667376846075058,0.1408204883337021,0.003853008383885026,0.001905666897073388,0.007533333729952574,0.028169039636850357,0.9093021750450134,0.7536506056785583
201802A,2018-05-22 06:00:00,gridsat,CRVBND,1,0.01338749099522829,0.003963463008403778,0.9331200122833252,0.5710729956626892,0.026555940508842468,0.02635515108704567,0.01129844319075346,0.019976189360022545,0.015638135373592377,0.37863224744796753
201802A,2018-05-22 12:00:00,gridsat,CRVBND,1,0.008047961629927158,0.051072217524051666,0.2779207229614258,0.29791608452796936,0.004201033152639866,0.001965781906619668,0.10077083110809326,0.2509564161300659,0.6090595126152039,0.3980894684791565
201802A,2018-05-23 19:00:00,gridsat,EMBC,1,0.009403017349541187,0.32837438583374023,0.0027194225694984198,0.03302251920104027,0.006597442086786032,1.433424222341273e-05,0.9730615615844727,0.6039777994155884,0.008218541741371155,0.03461103513836861
201802A,2018-05-24 12:30:00,gridsat,EMBC,1,0.9488596320152283,0.32076072692871094,0.0033317238558083773,0.2634866535663605,0.004157200455665588,0.0023531289771199226,0.033726003021001816,0.29912638664245605,0.009925467893481255,0.11427310109138489
201802A,2018-05-24 16:45:00,gridsat,EYE,1,0.8093310594558716,0.5681967735290527,0.005967231467366219,0.07986126840114594,0.01056278683245182,9.694227628642693e-05,0.1592312455177307,0.28729745745658875,0.014907636679708958,0.06454749405384064
201802A,2018-05-24 23:00:00,gridsat,EMBC,1,0.913413941860199,0.5022808313369751,0.003315847599878907,0.10344929993152618,0.00601142318919301,0.00024455340462736785,0.06376348435878754,0.2943798005580902,0.013495270162820816,0.09964559227228165
201802A,2018-05-25 19:00:00,gridsat,EYE,1,0.07696382701396942,0.6360782980918884,0.0057637980207800865,0.018742043524980545,0.017210830003023148,2.6953339329338633e-05,0.887151300907135,0.3344675600528717,0.012910227291285992,0.010685225948691368
201804B,2018-09-20 18:15:00,gridsat,CRVBND,4,0.024310849606990814,0.0005661969189532101,0.5163631439208984,0.30215075612068176,0.38407382369041443,0.016714494675397873,0.019064046442508698,0.006593171041458845,0.0561881922185421,0.67397540807724
201805A,2018-10-08 06:00:00,gridsat,CRVBND,2,0.023802272975444794,0.26760515570640564,0.5892667174339294,0.25263383984565735,0.00953813549131155,0.002498624147847295,0.3080073893070221,0.3898804187774658,0.06938546150922775,0.08738190680742264
201805A,2018-10-08 12:00:00,gridsat,CRVBND,2,0.0787881389260292,0.3743588626384735,0.3185146749019623,0.2594606578350067,0.011129485443234444,0.006194740068167448,0.5162930488586426,0.27042362093925476,0.07527456432580948,0.08956215530633926
201805A,2018-10-08 23:00:00,gridsat,EMBC,2,0.05940480902791023,0.5017667412757874,0.008058077655732632,0.013624392449855804,0.002081838669255376,8.755286216910463e-06,0.9178891181945801,0.44909578561782837,0.01256613153964281,0.03550431504845619
201805A,2018-10-09 06:30:00,gridsat,CRVBND,2,0.11661053448915482,0.5889953374862671,0.08071356266736984,0.06322149932384491,0.0069988262839615345,0.0003033622051589191,0.7847124934196472,0.32586467266082764,0.010964563116431236,0.02161509543657303
201805A,2018-10-09 12:00:00,gridsat,EMBC,2,0.18438754975795746,0.7251802682876587,0.08987440913915634,0.040231164544820786,0.006689845584332943,0.0003255941846873611,0.707964301109314,0.20688305795192719,0.011083900928497314,0.02737993188202381
201805A,2018-10-09 17:30:00,gridsat,CRVBND,2,0.3758333921432495,0.46576544642448425,0.03330259397625923,0.1475469470024109,0.006556709762662649,0.0012516798451542854,0.5714336633682251,0.18071125447750092,0.012873630970716476,0.2047247290611267
201805A,2018-10-10 05:30:00,gridsat,EYE,2,0.5120234489440918,0.5507792234420776,0.03897610679268837,0.19657257199287415,0.011163362301886082,0.006920425686985254,0.4263187646865845,0.1974373608827591,0.01151836384087801,0.0482904352247715
201806B,2018-10-10 06:00:00,gridsat,EMBC,0,0.9422398805618286,0.34191077947616577,0.005934525281190872,0.08504067361354828,0.014056514017283916,0.0004309075593482703,0.018773019313812256,0.5412537455558777,0.018996112048625946,0.031363870948553085
201805A,2018-10-10 12:00:00,gridsat,CRVBND,2,0.6520378589630127,0.5146672129631042,0.030756734311580658,0.3036823868751526,0.011674590408802032,0.03289041668176651,0.28967785835266113,0.11899183690547943,0.015853002667427063,0.02976807951927185
201806B,2018-10-10 12:00:00,gridsat,EYE,0,0.9435806274414062,0.3327411711215973,0.006873921491205692,0.11000815778970718,0.014585291035473347,0.0006261699018068612,0.015181714668869972,0.4730229675769806,0.019778486341238022,0.08360153436660767
201805A,2018-10-10 18:00:00,gridsat,EYE,2,0.8720771074295044,0.14427845180034637,0.017727304250001907,0.5848544239997864,0.014077529311180115,0.09859021008014679,0.07655267417430878,0.09552882611751556,0.019565410912036896,0.0767480880022049
201806B,2018-10-10 17:15:00,gridsat,EMBC,0,0.0065000164322555065,0.4383121728897095,0.0006158407195471227,0.014614582061767578,0.005603182595223188,1.66576101037208e-05,0.9832481145858765,0.5329063534736633,0.004032845143228769,0.014150258153676987
201805A,2018-10-10 23:45:00,gridsat,CRVBND,2,0.04409176856279373,0.07725600153207779,0.8585063219070435,0.6477769613265991,0.01846821792423725,0.09845878183841705,0.0663294717669487,0.04927007481455803,0.01260425802320242,0.1272381693124771
201806B,2018-10-10 23:15:00,gridsat,EMBC,0,0.80265212059021,0.5339018106460571,0.0016169422306120396,0.0421440564095974,0.021161727607250214,7.46916193747893e-05,0.15764032304286957,0.4083622097969055,0.016928862780332565,0.015517186373472214
201805A,2018-10-11 05:45:00,gridsat,CRVBND,2,0.030711423605680466,0.07780771702528,0.8790881633758545,0.5734630227088928,0.03543984889984131,0.269706130027771,0.04539291560649872,0.0460214801132679,0.009367670863866806,0.033001694828271866
201805A,2018-10-11 12:15:00,gridsat,CRVBND,2,0.036609817296266556,0.04959476739168167,0.8433504700660706,0.5350705981254578,0.02450604736804962,0.3654804229736328,0.08414534479379654,0.027096522971987724,0.011388309299945831,0.022757599130272865
201805A,2018-10-11 18:15:00,gridsat,CRVBND,2,0.034887537360191345,0.015536402352154255,0.7455026507377625,0.5750961899757385,0.08197459578514099,0.36167287826538086,0.09903529286384583,0.017903001978993416,0.038600001484155655,0.029791470617055893
201805A,2018-10-11 23:45:00,gridsat,CRVBND,2,0.023743584752082825,0.062399204820394516,0.9090893864631653,0.7078994512557983,0.02460985817015171,0.13194233179092407,0.02897484041750431,0.03714879974722862,0.013582245446741581,0.060610294342041016
201805A,2018-10-12 06:15:00,gridsat,CRVBND,2,0.01632443442940712,0.07935653626918793,0.930871307849884,0.644141674041748,0.022040288895368576,0.14418601989746094,0.01942826434969902,0.04301811382174492,0.011335775256156921,0.0892975851893425
201805A,2018-10-12 12:00:00,gridsat,CRVBND,2,0.026747040450572968,0.06296174228191376,0.6873629093170166,0.5662949681282043,0.24230767786502838,0.31000375747680664,0.02489490620791912,0.03901194781064987,0.018687428906559944,0.02172761783003807
201805A,2018-10-12 18:15:00,gridsat,CRVBND,2,0.014554993249475956,0.0023118306417018175,0.43896031379699707,0.3336120545864105,0.4945463538169861,0.6552523970603943,0.026721017435193062,0.003124306909739971,0.02521740458905697,0.005699397996068001
201805A,2018-10-13 00:15:00,gridsat,SHEAR,2,0.008446507155895233,0.000991045031696558,0.7198024392127991,0.28745776414871216,0.23684161901474,0.7036368250846863,0.014311342500150204,0.0038884012028574944,0.02059810608625412,0.004025956150144339
201805A,2018-10-13 06:15:00,gridsat,CRVBND,2,0.020875340327620506,0.002335122087970376,0.3199445605278015,0.21634601056575775,0.5986579060554504,0.7717733979225159,0.026473641395568848,0.004474713932722807,0.03404855355620384,0.0050706942565739155
201805A,2018-10-13 12:00:00,gridsat,CRVBND,2,0.005368300713598728,0.017866225913167,0.9181987643241882,0.6203110814094543,0.025400353595614433,0.2717600166797638,0.04286443814635277,0.023387501016259193,0.008168069645762444,0.06667519360780716
201805A,2018-10-13 18:15:00,gridsat,CRVBND,2,0.014402120374143124,0.026385489851236343,0.5333434343338013,0.636852502822876,0.3648223876953125,0.12333713471889496,0.0670260488986969,0.029583033174276352,0.020406002178788185,0.18384186923503876
201805A,2018-10-14 00:00:00,gridsat,CRVBND,2,0.017184574156999588,0.013899758458137512,0.7470189929008484,0.5961079001426697,0.1650743931531906,0.26496899127960205,0.029278483241796494,0.010703063569962978,0.041443563997745514,0.11432018876075745
201807B,2018-11-10 20:45:00,gridsat,IRRCDO,3,0.009543203748762608,0.02632126584649086,0.2655765414237976,0.3005458414554596,0.0360214002430439,0.006027330178767443,0.015206030569970608,0.04330625757575035,0.6736527681350708,0.6237992644309998
201807B,2018-11-11 03:15:00,gridsat,CRVBND,3,0.002054872689768672,0.07812665402889252,0.029770318418741226,0.21576760709285736,0.002233559498563409,0.0018497530836611986,0.0065529560670256615,0.13259156048297882,0.959388256072998,0.5716643929481506
201807B,2018-11-11 09:15:00,gridsat,CRVBND,3,0.009896141476929188,0.0421936996281147,0.8256590366363525,0.25243955850601196,0.024202758446335793,0.0032366642262786627,0.036463748663663864,0.09450065344572067,0.10377829521894455,0.6076294183731079
201807B,2018-11-11 15:15:00,gridsat,CRVBND,3,0.007218102924525738,0.026359887793660164,0.9125264286994934,0.3200313448905945,0.01459790300577879,0.005780210718512535,0.011428705416619778,0.08238521963357925,0.05422886461019516,0.5654432773590088
201807B,2018-11-11 20:45:00,gridsat,IRRCDO,3,0.009250875562429428,0.06733426451683044,0.9521588683128357,0.1317266970872879,0.007343699689954519,0.0004830255056731403,0.00920514389872551,0.2867462933063507,0.02204146981239319,0.5137096643447876
201807B,2018-11-12 02:45:00,gridsat,CRVBND,3,0.008051339536905289,0.005219629500061274,0.9247321486473083,0.4026258587837219,0.060737330466508865,0.036259859800338745,0.0040412466041743755,0.025266757234930992,0.0024378483649343252,0.5306278467178345
201807B,2018-11-12 08:45:00,gridsat,CRVBND,3,0.0039061764255166054,0.0013726168544963002,0.8982419371604919,0.44385674595832825,0.07700140029191971,0.08708745986223221,0.002030664589256048,0.005586250685155392,0.01881979964673519,0.4620969295501709
201807B,2018-11-12 15:15:00,gridsat,CRVBND,3,0.004758204333484173,0.006211893633008003,0.9214743971824646,0.6999963521957397,0.02114822529256344,0.08321662992238998,0.003962667193263769,0.025229541584849358,0.048656534403562546,0.18534564971923828
201807B,2018-11-12 21:15:00,gridsat,CRVBND,3,0.005061283707618713,0.12730613350868225,0.2484915554523468,0.13677997887134552,0.0074098133482038975,0.00035265705082565546,0.0108405239880085,0.21786099672317505,0.7281968593597412,0.5177001953125
201807B,2018-11-13 03:15:00,gridsat,CRVBND,3,0.014993918128311634,0.2136402577161789,0.5694708824157715,0.1489686369895935,0.02309400402009487,0.0005535260424949229,0.03591974452137947,0.4091332256793976,0.35652145743370056,0.22770439088344574
201807B,2018-11-13 09:15:00,gridsat,CRVBND,3,0.00965175125747919,0.177071675658226,0.919084370136261,0.11121159791946411,0.02642948366701603,0.0005952619831077754,0.01587599143385887,0.5872398614883423,0.02895839884877205,0.12388161569833755
201807B,2018-11-13 15:15:00,gridsat,EYE,3,0.009306942112743855,0.2818334698677063,0.901233434677124,0.18536916375160217,0.06094137951731682,0.000921000842936337,0.009169586934149265,0.24078865349292755,0.01934860832989216,0.29108771681785583
201807B,2018-11-14 09:00:00,gridsat,EMBC,3,0.016426727175712585,0.48951420187950134,0.8897240161895752,0.08337405323982239,0.010679473169147968,0.0004528233257587999,0.048754725605249405,0.379550963640213,0.0344151146709919,0.04710793495178223
201807B,2018-11-14 15:45:00,gridsat,EMBC,3,0.013699904084205627,0.36187171936035156,0.9067385196685791,0.2523517310619354,0.02306566946208477,0.003241876373067498,0.019450079649686813,0.17915265262126923,0.03704582154750824,0.20338201522827148
201807B,2018-11-15 08:45:00,gridsat,EMBC,3,0.0054912203922867775,0.4320548176765442,0.03289399668574333,0.011247419752180576,0.0038890207652002573,4.039598206873052e-05,0.1511053442955017,0.5046523809432983,0.8066204190254211,0.052004992961883545
201807B,2018-11-15 15:45:00,gridsat,EMBC,3,0.036757610738277435,0.5380271077156067,0.04137742146849632,0.010010397993028164,0.010556924156844616,1.4948594980523922e-05,0.836121141910553,0.3852272629737854,0.07518690079450607,0.06672031432390213
201807B,2018-11-16 19:45:00,gridsat,CRVBND,3,0.017194285988807678,0.6007487773895264,0.45016202330589294,0.0561080127954483,0.01456516794860363,0.0002565823670011014,0.03765973448753357,0.24431949853897095,0.48041868209838867,0.09856714308261871
201807B,2018-11-17 03:15:00,gridsat,CRVBND,3,0.012744458392262459,0.4301552474498749,0.6241387128829956,0.0880877897143364,0.005615041591227055,0.0004119823279324919,0.022627441212534904,0.3942134380340576,0.33487436175346375,0.08713153004646301
201807B,2018-11-17 10:15:00,gridsat,CRVBND,3,0.008684774860739708,0.7089828848838806,0.4021785259246826,0.031821269541978836,0.00942352507263422,0.00013181200483813882,0.10918064415454865,0.24421651661396027,0.4705325961112976,0.014847485348582268
201807B,2018-11-17 13:45:00,gridsat,CRVBND,3,0.006133552175015211,0.08246836066246033,0.8899365067481995,0.2080543488264084,0.012556567788124084,0.007418740075081587,0.009866060689091682,0.1033085510134697,0.08150740712881088,0.5987499952316284
201807B,2018-11-18 09:15:00,gridsat,CRVBND,3,0.022003766149282455,0.6018199324607849,0.8159934878349304,0.0750579908490181,0.010525957681238651,0.0006021301378495991,0.109523244202137,0.30873942375183105,0.04195353016257286,0.013780571520328522
201807B,2018-11-18 15:15:00,gridsat,SHEAR,3,0.012019739486277103,0.006952451542019844,0.9021603465080261,0.6536539793014526,0.0489453561604023,0.28760650753974915,0.01771625317633152,0.010064329952001572,0.01915825717151165,0.04172267019748688
201807B,2018-11-18 21:15:00,gridsat,SHEAR,3,0.02038491889834404,3.316906440886669e-05,0.17941772937774658,0.04605673998594284,0.7838640809059143,0.9535675644874573,0.010045906528830528,0.00011683787306537852,0.006287320517003536,0.00022572996385861188
201807B,2018-11-19 03:15:00,gridsat,SHEAR,3,0.031409911811351776,0.0008140354184433818,0.567144513130188,0.27037984132766724,0.36013907194137573,0.23692204058170319,0.01970272697508335,0.008367947302758694,0.021603845059871674,0.4835160970687866
201807B,2018-11-19 09:15:00,gridsat,CRVBND,3,0.012849679216742516,0.21431005001068115,0.9359411001205444,0.4946637749671936,0.02955583855509758,0.022520070895552635,0.013304016552865505,0.1797482967376709,0.008349373936653137,0.08875785768032074
201807B,2018-11-19 15:15:00,gridsat,SHEAR,3,0.03343445435166359,0.003695298219099641,0.2852662205696106,0.4427012503147125,0.6034354567527771,0.4343512952327728,0.02912655845284462,0.0020884699188172817,0.0487373061478138,0.11716365069150925
201808B,2018-12-15 15:15:00,gridsat,IRRCDO,4,0.008968979120254517,0.020944420248270035,0.2636401653289795,0.15395809710025787,0.014261528849601746,0.0006912564858794212,0.03745175153017044,0.09821414947509766,0.6756775975227356,0.7261921167373657
201808B,2018-12-16 21:00:00,gridsat,EMBC,4,0.020334474742412567,0.4727768898010254,0.04733173921704292,0.07952011376619339,0.005084709729999304,0.00021692841255571693,0.9235934019088745,0.41783642768859863,0.003655713750049472,0.029649706557393074
201808B,2018-12-17 09:15:00,gridsat,CRVBND,4,0.006853311788290739,0.01738615706562996,0.952189028263092,0.6089915037155151,0.02540706843137741,0.22726351022720337,0.008006609044969082,0.024446722120046616,0.007543994579464197,0.12191210687160492
201901B,2019-04-27 14:45:00,gridsat,IRRCDO,0,0.028401177376508713,0.021701492369174957,0.709782063961029,0.22079801559448242,0.01914752647280693,0.00430048955604434,0.07049989700317383,0.04612669721245766,0.17216932773590088,0.7070733308792114
201901B,2019-04-27 21:15:00,gridsat,CRVBND,0,0.019033195450901985,0.0031454863492399454,0.9424455761909485,0.65705406665802,0.02130621112883091,0.08699458837509155,0.008335358463227749,0.020307958126068115,0.008879664354026318,0.23249784111976624
201901B,2019-04-28 02:45:00,gridsat,CRVBND,0,0.04501798376441002,0.03142573684453964,0.5634465217590332,0.18563152849674225,0.016522567719221115,0.0014173787785694003,0.23754023015499115,0.12020028382539749,0.13747264444828033,0.6613250374794006
201901B,2019-04-28 09:15:00,gridsat,EMBC,0,0.03489776328206062,0.11846600472927094,0.8030896782875061,0.16446369886398315,0.01558528933674097,0.0017876623896881938,0.08977796882390976,0.6551781892776489,0.056649349629879,0.06010444089770317
201901B,2019-04-28 15:15:00,gridsat,CRVBND,0,0.016935376450419426,0.022760728374123573,0.88764488697052,0.6183571219444275,0.06991623342037201,0.14613927900791168,0.005595044232904911,0.041010431945323944,0.01990853250026703,0.17173239588737488
201901B,2019-04-29 22:15:00,gridsat,EMBC,0,0.10768014937639236,0.19464047253131866,0.010084185749292374,0.049976516515016556,0.018757835030555725,8.27625481178984e-05,0.8407608270645142,0.6798940896987915,0.02271699719130993,0.07540619373321533
201901B,2019-04-30 08:45:00,gridsat,EMBC,0,0.02122441865503788,0.204899400472641,0.0014265838544815779,0.13720913231372833,0.012513387948274612,0.000916328513994813,0.9551949501037598,0.5300666689872742,0.009640761651098728,0.12690852582454681
201901B,2019-04-30 20:15:00,gridsat,EMBC,0,0.02538059651851654,0.2738085687160492,0.005492162425071001,0.03186230733990669,0.014839795418083668,2.8888320230180398e-05,0.7871719598770142,0.5549116134643555,0.1671154499053955,0.13938866555690765
201901B,2019-05-01 04:15:00,gridsat,EMBC,0,0.04222451150417328,0.2018948644399643,0.0031636145431548357,0.0635475218296051,0.02156265266239643,7.393032137770206e-05,0.2262028306722641,0.4826519191265106,0.7068463563919067,0.25183185935020447
201901B,2019-05-01 09:15:00,gridsat,EYE,0,0.932081937789917,0.5522202253341675,0.002680394798517227,0.1518518477678299,0.015504668466746807,0.001728730509057641,0.033180154860019684,0.2149209827184677,0.016552835702896118,0.0792781338095665
201901B,2019-05-01 15:15:00,gridsat,EYE,0,0.9540972113609314,0.42012399435043335,0.0024084323085844517,0.09103525429964066,0.012995659373700619,0.0006379528786055744,0.015402995981276035,0.3224286437034607,0.015095649287104607,0.1657741814851761
201901B,2019-05-02 03:45:00,gridsat,EMBC,0,0.008805864490568638,0.31085342168807983,0.0006327718147076666,0.005042738746851683,0.008451320230960846,5.896410584682599e-06,0.9758955836296082,0.6722494959831238,0.006214493419975042,0.011848464608192444
201901B,2019-05-02 09:15:00,gridsat,EYE,0,0.9432973861694336,0.6508298516273499,0.0037270309403538704,0.011407940648496151,0.01606566645205021,1.7849632058641873e-05,0.0206539798527956,0.327185720205307,0.01625581830739975,0.010558581911027431
201901B,2019-05-02 14:45:00,gridsat,EYE,0,0.946937620639801,0.7905738353729248,0.0034668848384171724,0.0237371027469635,0.013755770400166512,3.357064997544512e-05,0.0210044514387846,0.1695183962583542,0.014835348352789879,0.016137193888425827
201901B,2019-05-02 21:15:00,gridsat,EYE,0,0.9467501640319824,0.7210522294044495,0.0032014509197324514,0.06104031950235367,0.016029665246605873,0.00030121702002361417,0.016369547694921494,0.19801773130893707,0.01764919050037861,0.019588520750403404
201902A,2019-06-10 14:45:00,gridsat,IRRCDO,2,0.006393881049007177,0.002889061812311411,0.66236811876297,0.2031029611825943,0.007029459811747074,0.0061835902743041515,0.024984506890177727,0.006993126589804888,0.2992240786552429,0.7808312177658081
201902A,2019-06-10 20:45:00,gridsat,CRVBND,2,0.014888912439346313,0.011644704267382622,0.6596484780311584,0.4355103075504303,0.013640174642205238,0.011567151173949242,0.00822950154542923,0.04504053667187691,0.3035929203033447,0.49623730778694153
201902A,2019-06-11 03:45:00,gridsat,IRRCDO,2,0.005462836939841509,0.02860882505774498,0.21879231929779053,0.3005183935165405,0.005324085708707571,0.0025478918105363846,0.014786857180297375,0.05602753162384033,0.7556338906288147,0.6122973561286926
201902A,2019-06-11 09:15:00,gridsat,EMBC,2,0.014649253338575363,0.18522146344184875,0.8140814900398254,0.04060450196266174,0.00845187809318304,6.662082159891725e-05,0.1475478857755661,0.7652772068977356,0.01526948343962431,0.008830253034830093
201902A,2019-06-11 14:45:00,gridsat,EYE,2,0.22193604707717896,0.2046291083097458,0.15524058043956757,0.07453961670398712,0.009989392012357712,0.00014505702711176127,0.5230334401130676,0.5817105174064636,0.08980057388544083,0.13897567987442017
201902A,2019-06-11 20:45:00,gridsat,IRRCDO,2,0.0593998059630394,0.14097073674201965,0.054474685341119766,0.11640458554029465,0.00411310326308012,0.00011750555859180167,0.8207834362983704,0.20293459296226501,0.0612289123237133,0.5395725965499878
201902A,2019-06-12 10:15:00,gridsat,EMBC,2,0.05241956189274788,0.43514740467071533,0.010697348043322563,0.11240866780281067,0.0025039089377969503,0.0002225024945801124,0.9267712831497192,0.38566330075263977,0.0076079778373241425,0.06655815988779068
201902A,2019-06-12 16:15:00,gridsat,IRRCDO,2,0.04469471052289009,0.0490570142865181,0.16523241996765137,0.10766784846782684,0.007121602538973093,0.000549528282135725,0.15988662838935852,0.029060963541269302,0.6230646371841431,0.8136646151542664
201902A,2019-06-13 08:15:00,gridsat,EYE,2,0.8233833312988281,0.4311380088329315,0.005662199575453997,0.041879937052726746,0.01131205540150404,0.00014594347157981247,0.13887770473957062,0.4748731255531311,0.0207646656781435,0.05196305736899376
201902A,2019-06-13 15:15:00,gridsat,EYE,2,0.9632755517959595,0.6128435730934143,0.0025230394676327705,0.04815049096941948,0.006006109528243542,0.00016411837714258581,0.007011922542005777,0.26762866973876953,0.021183358505368233,0.07121323049068451
201902A,2019-06-14 01:45:00,gridsat,EMBC,2,0.1702696532011032,0.6278616189956665,0.06809812784194946,0.12457326799631119,0.008007937110960484,0.0020176388788968325,0.7432152032852173,0.1653408706188202,0.010409118607640266,0.08020655810832977
201902A,2019-06-14 09:15:00,gridsat,EYE,2,0.14995130896568298,0.5816754698753357,0.04458707571029663,0.0851915255188942,0.004581355955451727,0.0006741185788996518,0.7948174476623535,0.30640727281570435,0.006062790751457214,0.02605159766972065
201902A,2019-06-14 14:45:00,gridsat,CRVBND,2,0.5241805911064148,0.277217835187912,0.044189438223838806,0.4460614323616028,0.01157261524349451,0.029291348531842232,0.40618962049484253,0.16357877850532532,0.0138676967471838,0.08385062962770462
201902A,2019-06-15 03:15:00,gridsat,EYE,2,0.3834139108657837,0.373396635055542,0.007409474812448025,0.013076352886855602,0.008541980758309364,6.578510692634154e-06,0.589736819267273,0.607643187046051,0.010897810570895672,0.005877281539142132
201902A,2019-06-15 07:45:00,gridsat,EYE,2,0.17383775115013123,0.5115482211112976,0.00964599009603262,0.01839684508740902,0.0038520426023751497,2.8278054742258973e-05,0.8068643808364868,0.4547090530395508,0.0057998704724013805,0.015317588113248348
201902A,2019-06-15 15:15:00,gridsat,CRVBND,2,0.2977530062198639,0.09639360755681992,0.022259868681430817,0.4918645918369293,0.007932581938803196,0.02165505848824978,0.6649243831634521,0.1603054702281952,0.007130159065127373,0.22978125512599945
201902A,2019-06-15 20:45:00,gridsat,IRRCDO,2,0.2678508162498474,0.07303673028945923,0.02861344814300537,0.42585304379463196,0.00875239446759224,0.021040523424744606,0.6828952431678772,0.10765420645475388,0.011888150125741959,0.37241554260253906
201902A,2019-06-16 03:15:00,gridsat,CRVBND,2,0.009539664722979069,0.030898064374923706,0.7998329401016235,0.14936943352222443,0.02299540489912033,0.0011612125672399998,0.08219705522060394,0.05582656338810921,0.08543486893177032,0.7627447247505188
201902A,2019-06-16 08:15:00,gridsat,IRRCDO,2,0.06997373700141907,0.07368061691522598,0.2193174660205841,0.4384351074695587,0.42229193449020386,0.012281285598874092,0.2734282612800598,0.1591358184814453,0.014988531358540058,0.31646719574928284
201902A,2019-06-16 14:45:00,gridsat,SHEAR,2,0.026783635839819908,0.0009413242223672569,0.5128704905509949,0.36953362822532654,0.15626895427703857,0.562943696975708,0.015901662409305573,0.0052031115628778934,0.28817522525787354,0.061378296464681625
201902A,2019-06-16 21:15:00,gridsat,SHEAR,2,0.01723397709429264,6.605656380997971e-05,0.09178442507982254,0.007552561350166798,0.8626953363418579,0.9923674464225769,0.013049885630607605,9.41625239647692e-06,0.015236440114676952,4.462534434424015e-06
201902A,2019-06-17 03:15:00,gridsat,SHEAR,2,0.0036510471254587173,0.00013256979582365602,0.011191857978701591,0.008325140923261642,0.9772531390190125,0.9915214776992798,0.0029203223530203104,1.6599229638813995e-05,0.004983612336218357,4.311213615437737e-06
201902A,2019-06-17 09:15:00,gridsat,SHEAR,2,0.0029356342274695635,1.2647406947507989e-05,0.0013711524661630392,0.0018416371895000339,0.992350161075592,0.9981436729431152,0.0012042690068483353,1.196411290038668e-06,0.002138709183782339,8.00969075953617e-07
201903A,2019-09-23 03:45:00,gridsat,EMBC,1,0.02510080859065056,0.4347873032093048,0.363961786031723,0.0748850554227829,0.011779135093092918,0.00026745052309706807,0.5843135714530945,0.4085064232349396,0.014844619669020176,0.08155375719070435
201903A,2019-09-23 09:15:00,gridsat,CRVBND,1,0.9592718482017517,0.18109071254730225,0.017414413392543793,0.2914682626724243,0.0060130939818918705,0.010785257443785667,0.002246195450425148,0.1299506425857544,0.0150544922798872,0.3867051303386688
201903A,2019-09-23 14:45:00,gridsat,EMBC,1,0.01850236766040325,0.24260345101356506,0.04967571422457695,0.11902084946632385,0.005202430300414562,0.0012516049901023507,0.05274171754717827,0.0964433029294014,0.8738777041435242,0.5406807661056519
201903A,2019-09-24 01:45:00,gridsat,EYE,1,0.2588139772415161,0.572516143321991,0.5102664232254028,0.08911601454019547,0.011632471345365047,0.0007015246665105224,0.0350845605134964,0.14592736959457397,0.18420252203941345,0.19173887372016907
201903A,2019-09-24 14:15:00,gridsat,EMBC,1,0.7162631750106812,0.5437353253364563,0.13972362875938416,0.2255280613899231,0.015436245128512383,0.007773162331432104,0.10829702764749527,0.10071587562561035,0.020279882475733757,0.12224756926298141
201904A,2019-10-25 12:45:00,gridsat,EMBC,1,0.04080593213438988,0.39426445960998535,0.017189232632517815,0.02275657095015049,0.024304471909999847,3.0096231057541445e-05,0.9013444185256958,0.5017663240432739,0.01635599322617054,0.08118254691362381
201904A,2019-10-25 16:45:00,gridsat,EMBC,1,0.0066511561162769794,0.4256649613380432,0.0033369611483067274,0.007170307915657759,0.008752666413784027,8.406170763919363e-07,0.9749691486358643,0.5527142286300659,0.006290148012340069,0.014449645765125751
201904A,2019-10-25 22:45:00,gridsat,EMBC,1,0.019431397318840027,0.41800668835639954,0.0060877250507473946,0.006419746205210686,0.019784068688750267,6.13795634762937e-07,0.9407997727394104,0.5622615814208984,0.013897079974412918,0.013311382383108139
201904A,2019-10-26 07:15:00,gridsat,EMBC,1,0.02800709754228592,0.3696904480457306,0.009939238429069519,0.08206406980752945,0.009841972030699253,6.109210517024621e-05,0.9472540616989136,0.4215084910392761,0.004957633558660746,0.12667584419250488
201904A,2019-10-26 12:15:00,gridsat,EYE,1,0.900657057762146,0.4570378363132477,0.0016087919939309359,0.013659350574016571,0.009996197186410427,5.418353794084396e-06,0.06922663003206253,0.5023545026779175,0.018511449918150902,0.026942899450659752
201904A,2019-10-26 18:15:00,gridsat,EYE,1,0.9664415121078491,0.4360075294971466,0.0011622270103543997,0.013336186297237873,0.008352403528988361,4.574896138365148e-06,0.007835883647203445,0.5274969339370728,0.01620793342590332,0.02315475046634674
201904A,2019-10-27 00:15:00,gridsat,EYE,1,0.9725022315979004,0.6884363889694214,0.0018427157774567604,0.020704779773950577,0.006395073141902685,8.201469427149277e-06,0.002856334438547492,0.2660062909126282,0.01640360616147518,0.024844270199537277
201904A,2019-10-27 06:15:00,gridsat,EYE,1,0.9658565521240234,0.7045310735702515,0.0021909016650170088,0.05767359584569931,0.007680156733840704,4.9157744797412306e-05,0.0035494891926646233,0.2133723646402359,0.020722972229123116,0.024373764172196388
201904A,2019-10-27 11:45:00,gridsat,EYE,1,0.9686505794525146,0.6506235003471375,0.0025339245330542326,0.07225803285837173,0.006467567756772041,7.289917266461998e-05,0.0032105990685522556,0.2278079390525818,0.019137294963002205,0.04923756420612335
201904A,2019-10-27 18:15:00,gridsat,EYE,1,0.9693138599395752,0.6045907735824585,0.001730922027491033,0.06599892675876617,0.006460751406848431,8.082959539024159e-05,0.003458738559857011,0.2527436316013336,0.019035739824175835,0.07658588141202927
201904A,2019-10-28 00:15:00,gridsat,EYE,1,0.9683213829994202,0.5621549487113953,0.0022054503206163645,0.02006075531244278,0.008045600727200508,8.115703167277388e-06,0.003348336322233081,0.36600038409233093,0.018079249188303947,0.05177576467394829
201904A,2019-10-28 06:15:00,gridsat,EYE,1,0.9595571756362915,0.7226210832595825,0.0030357791110873222,0.03121887519955635,0.010421980172395706,2.355485594307538e-05,0.0036573896650224924,0.2287513017654419,0.023327670991420746,0.017385251820087433
201904A,2019-10-28 12:15:00,gridsat,EYE,1,0.9607540965080261,0.7003271579742432,0.002640564925968647,0.0694819912314415,0.009617311879992485,6.0795064200647175e-05,0.0034870514646172523,0.20209167897701263,0.02350102737545967,0.02803846076130867
201904A,2019-10-28 17:45:00,gridsat,EYE,1,0.9641424417495728,0.5644323825836182,0.001910197315737605,0.057790376245975494,0.008655834011733532,7.02165998518467e-05,0.0029345739167183638,0.32582125067710876,0.022356946021318436,0.051885757595300674
201904A,2019-10-29 06:15:00,gridsat,EYE,1,0.9651658535003662,0.6643037796020508,0.001423881622031331,0.024382125586271286,0.008838540874421597,2.972216680063866e-05,0.004183496814221144,0.2987396717071533,0.020388200879096985,0.012544731609523296
201904A,2019-10-29 11:45:00,gridsat,EYE,1,0.209666907787323,0.6500561237335205,0.0035755708813667297,0.024883434176445007,0.012660673819482327,3.296300565125421e-05,0.7605265378952026,0.3158455789089203,0.013570243492722511,0.009181881323456764
201904A,2019-10-29 17:45:00,gridsat,EMBC,1,0.012342334724962711,0.6104815006256104,0.11298605054616928,0.017037570476531982,0.005805735010653734,9.899122233036906e-06,0.849742591381073,0.35726210474967957,0.019123192876577377,0.01520887017250061
201904A,2019-10-29 23:15:00,gridsat,EMBC,1,0.013788490556180477,0.517662763595581,0.05614807829260826,0.020774440839886665,0.011967389844357967,3.235671465517953e-05,0.9062029123306274,0.41706064343452454,0.011893077753484249,0.04446987062692642
201904A,2019-10-30 12:15:00,gridsat,CRVBND,1,0.026840511709451675,0.19483725726604462,0.7390557527542114,0.49309203028678894,0.03826324641704559,0.0143689950928092,0.0741533488035202,0.14599424600601196,0.12168718874454498,0.1517075151205063
201905A,2019-10-30 12:15:00,gridsat,CRVBND,0,0.008901254273951054,0.018084123730659485,0.9556849598884583,0.6750568151473999,0.015016292221844196,0.039913177490234375,0.0038469815626740456,0.06695406138896942,0.016550514847040176,0.1999918818473816
201904A,2019-10-30 18:15:00,gridsat,SHEAR,1,0.013709310442209244,0.0007799235172569752,0.0432739332318306,0.20976078510284424,0.9262791275978088,0.7746535539627075,0.005351293832063675,0.0004684652085416019,0.01138625293970108,0.014337243512272835
201905A,2019-10-30 18:15:00,gridsat,CRVBND,0,0.027948863804340363,0.011380312964320183,0.830659031867981,0.42974093556404114,0.09438323229551315,0.015406753867864609,0.01687767170369625,0.04044568911194801,0.030131248757243156,0.5030263066291809
201904A,2019-10-30 23:45:00,gridsat,CRVBND,1,0.0058441548608243465,0.007304004859179258,0.006150771863758564,0.5100160241127014,0.9768850803375244,0.39436158537864685,0.005204183515161276,0.008141801692545414,0.005915805231779814,0.08017663657665253
201904A,2019-10-31 05:45:00,gridsat,SHEAR,1,0.009956062771379948,0.0001940970978466794,0.01116215530782938,0.05997871235013008,0.9625069499015808,0.9379713535308838,0.007058585993945599,0.00024307993589900434,0.009316201321780682,0.001612747902981937
201904A,2019-10-31 11:45:00,gridsat,SHEAR,1,0.009769032709300518,0.0013431473635137081,0.024024028331041336,0.2635950744152069,0.9460880756378174,0.6561362743377686,0.007071297150105238,0.001671746838837862,0.013047562912106514,0.07725375890731812
201905A,2019-10-31 12:45:00,gridsat,CRVBND,0,0.04031031206250191,0.07235852628946304,0.165413960814476,0.37416496872901917,0.016095224767923355,0.009629810228943825,0.6110454797744751,0.0740477666258812,0.1671350747346878,0.4697989523410797
201904A,2019-10-31 17:45:00,gridsat,CRVBND,1,0.009959058836102486,0.005645566154271364,0.01914128288626671,0.37063783407211304,0.9471230506896973,0.5712343454360962,0.008790955878794193,0.0029860842041671276,0.014985725283622742,0.04949614778161049
201905A,2019-10-31 17:45:00,gridsat,IRRCDO,0,0.027429360896348953,0.00963560026139021,0.17112894356250763,0.1704660952091217,0.01746814139187336,0.002690432593226433,0.023873841390013695,0.008126286789774895,0.7600996494293213,0.8090815544128418
201904A,2019-11-01 00:15:00,gridsat,CRVBND,1,0.009221566841006279,0.002135347342118621,0.007895088754594326,0.20703205466270447,0.9646618962287903,0.7609450221061707,0.006816206034272909,0.0013631480978801847,0.011405221186578274,0.028524380177259445
201905A,2019-11-01 00:45:00,gridsat,CRVBND,0,0.037027452141046524,0.07234425097703934,0.5919802188873291,0.12043755501508713,0.024391120299696922,0.0023299583699554205,0.07874435931444168,0.40240809321403503,0.26785680651664734,0.4024801552295685
201904A,2019-11-01 05:45:00,gridsat,SHEAR,1,0.011441176757216454,0.008954801596701145,0.018195638433098793,0.37284716963768005,0.9508862495422363,0.47867631912231445,0.008020792156457901,0.008457401767373085,0.011456145904958248,0.13106423616409302
201905A,2019-11-01 06:15:00,gridsat,CRVBND,0,0.012145601212978363,0.00856323167681694,0.07864876091480255,0.4832572937011719,0.013942386955022812,0.1365882307291031,0.0959588810801506,0.03798799589276314,0.7993043661117554,0.3336031436920166
201904A,2019-11-01 11:45:00,gridsat,CRVBND,1,0.026232527568936348,0.24190080165863037,0.4637908935546875,0.11195160448551178,0.24485155940055847,0.0004454106092453003,0.10818707197904587,0.38571715354919434,0.1569378674030304,0.2599850296974182
201905A,2019-11-01 12:45:00,gridsat,CRVBND,0,0.0315740741789341,0.2319551557302475,0.4593057632446289,0.22020027041435242,0.011058283038437366,0.004190298728644848,0.46495476365089417,0.35907894372940063,0.03310706838965416,0.1845753788948059
201905A,2019-11-02 13:15:00,gridsat,CRVBND,0,0.04581492394208908,0.603481650352478,0.2593589723110199,0.10568241775035858,0.019804319366812706,0.002103735925629735,0.6558831334114075,0.2552606463432312,0.019138697534799576,0.03347150236368179
201905A,2019-11-02 18:15:00,gridsat,CRVBND,0,0.005826042499393225,0.030769960954785347,0.9717982411384583,0.5348999500274658,0.011104017496109009,0.1671634167432785,0.005366568919271231,0.017550162971019745,0.005905183497816324,0.24961650371551514
201905A,2019-11-02 23:45:00,gridsat,CRVBND,0,0.019973108544945717,0.09097690880298615,0.30328133702278137,0.23922570049762726,0.3687856197357178,0.011947525665163994,0.022576486691832542,0.03560890257358551,0.2853834331035614,0.6222409605979919
201905A,2019-11-03 13:15:00,gridsat,EYE,0,0.1979365050792694,0.7317336797714233,0.002595815807580948,0.021626988425850868,0.025517061352729797,0.00017776337335817516,0.7600337266921997,0.23023919761180878,0.013916905038058758,0.016222376376390457
201905A,2019-11-03 17:45:00,gridsat,EYE,0,0.9562378525733948,0.5562317967414856,0.0031558824703097343,0.21013976633548737,0.014390172436833382,0.010064547881484032,0.012638239189982414,0.14146102964878082,0.01357781421393156,0.08210287243127823
201905A,2019-11-03 23:45:00,gridsat,EYE,0,0.946397602558136,0.6720162630081177,0.002268232638016343,0.14668573439121246,0.018214523792266846,0.00559058366343379,0.013710898347198963,0.11151915043592453,0.019408680498600006,0.06418822705745697
201905A,2019-11-04 06:15:00,gridsat,EYE,0,0.9449284672737122,0.6685476899147034,0.004545106552541256,0.11367838084697723,0.020506596192717552,0.006397005636245012,0.01294072438031435,0.1960357427597046,0.01707909256219864,0.015341321006417274
201905A,2019-11-04 11:45:00,gridsat,EYE,0,0.9496331214904785,0.7035284042358398,0.004519072826951742,0.07277418673038483,0.016964571550488472,0.002063262974843383,0.013032717630267143,0.18414030969142914,0.015850495547056198,0.03749377280473709
201905A,2019-11-04 17:45:00,gridsat,EYE,0,0.9493164420127869,0.36608225107192993,0.004308934323489666,0.03184429556131363,0.018673943355679512,0.0011026290012523532,0.014091777615249157,0.5270600318908691,0.01360898744314909,0.07391084730625153
201905A,2019-11-05 05:45:00,gridsat,EYE,0,0.08696196228265762,0.7792157530784607,0.7427924871444702,0.03228844702243805,0.010152420960366726,0.0008974916418083012,0.06873983144760132,0.17841970920562744,0.09135337918996811,0.009178598411381245
201905A,2019-11-05 11:15:00,gridsat,EMBC,0,0.06151478365063667,0.4266909956932068,0.3786161243915558,0.028729569166898727,0.025766868144273758,0.0007509267888963223,0.4423183500766754,0.5215628147125244,0.09178386628627777,0.022265661507844925
201905A,2019-11-05 17:45:00,gridsat,CRVBND,0,0.03465856984257698,0.07494858652353287,0.1021542176604271,0.38749781250953674,0.02325589396059513,0.07215818017721176,0.6691794991493225,0.048800304532051086,0.17075179517269135,0.41659513115882874
201905A,2019-11-05 23:45:00,gridsat,CRVBND,0,0.014428828842937946,0.004555188585072756,0.9274762272834778,0.3521856665611267,0.008533496409654617,0.616021454334259,0.012532170861959457,0.002865173853933811,0.03702923655509949,0.024372484534978867
201905A,2019-11-06 05:15:00,gridsat,CRVBND,0,0.007145223207771778,0.12220034748315811,0.8012136816978455,0.23853425681591034,0.012302380986511707,0.06420908868312836,0.00342521071434021,0.06688190251588821,0.1759134829044342,0.5081744194030762
201905A,2019-11-06 18:00:00,gridsat,SHEAR,0,0.010783682577311993,1.9800636437139474e-05,0.03694169595837593,0.04270026460289955,0.9282260537147522,0.9549480080604553,0.0110374940559268,4.839200482820161e-05,0.01301110815256834,0.002283642068505287
201905A,2019-11-06 23:45:00,gridsat,SHEAR,0,0.007960506714880466,1.1817321592388907e-06,0.00041722998139448464,0.006481505930423737,0.9688398838043213,0.993514895439148,0.007438248489052057,8.188504097006444e-08,0.015344174578785896,2.2944857391848927e-06
201905A,2019-11-07 05:15:00,gridsat,SHEAR,0,0.007874117232859135,2.463114014972234e-07,0.000706215447280556,0.0015834190417081118,0.9763169288635254,0.9984161853790283,0.007567472290247679,7.233290411079452e-09,0.007535224314779043,1.5826428523268987e-07
201906A,2019-12-03 09:15:00,gridsat,CRVBND,3,0.011245929636061192,0.018775811418890953,0.7324191927909851,0.4779765009880066,0.23048309981822968,0.054652392864227295,0.02200714498758316,0.09212620556354523,0.0038446553517132998,0.356469064950943
201906A,2019-12-03 15:15:00,gridsat,SHEAR,3,0.00842352770268917,0.0006784386932849884,0.04393867403268814,0.4419949948787689,0.935197114944458,0.4753309488296509,0.004934764467179775,0.010238210670650005,0.007505903486162424,0.07175745069980621
201907A,2019-12-03 15:15:00,gridsat,CRVBND,1,0.03603170067071915,0.29081714153289795,0.5579653382301331,0.2235858291387558,0.013993983156979084,0.0013514775782823563,0.02572784759104252,0.2539856731891632,0.3662811815738678,0.23025986552238464
201906A,2019-12-03 20:15:00,gridsat,CRVBND,3,0.007648516912013292,0.04334668815135956,0.1434875726699829,0.10278133302927017,0.013529259711503983,0.0006571871927008033,0.016583962365984917,0.09842361509799957,0.8187506198883057,0.7547912001609802
201907A,2019-12-03 20:45:00,gridsat,IRRCDO,1,0.07167903333902359,0.03016585111618042,0.8642453551292419,0.30497175455093384,0.020474251359701157,0.009472857229411602,0.022640297189354897,0.03557046502828598,0.020961062982678413,0.6198189854621887
201906A,2019-12-04 02:45:00,gridsat,EMBC,3,0.009247509762644768,0.21110503375530243,0.5886927247047424,0.010526328347623348,0.019504569470882416,7.722126611042768e-06,0.26709678769111633,0.721509575843811,0.11545837670564651,0.056851282715797424
201907A,2019-12-04 03:15:00,gridsat,CRVBND,1,0.039796359837055206,0.009354736655950546,0.6623273491859436,0.6220716834068298,0.20909641683101654,0.11692647635936737,0.040358155965805054,0.011253428645431995,0.04842165857553482,0.24039366841316223
201906A,2019-12-04 09:15:00,gridsat,CRVBND,3,0.022152338176965714,0.268907368183136,0.6499947905540466,0.035888999700546265,0.01156312320381403,0.00012313642946537584,0.2906400263309479,0.6782849431037903,0.02564970962703228,0.016795502975583076
201907A,2019-12-04 08:45:00,gridsat,SHEAR,1,0.008241337724030018,7.304038444999605e-05,0.0069796922616660595,0.09037619084119797,0.9713114500045776,0.9076838493347168,0.006632035598158836,0.00011744003131752834,0.006835495587438345,0.0017495477804914117
201906A,2019-12-04 14:45:00,gridsat,CRVBND,3,0.016954617574810982,0.03212643414735794,0.4298044443130493,0.5886165499687195,0.514388918876648,0.2913902699947357,0.028263656422495842,0.03928745910525322,0.010588339529931545,0.04857925325632095
201907A,2019-12-04 15:15:00,gridsat,SHEAR,1,0.00891085620969534,8.583089083913364e-07,0.008794993162155151,0.005998412147164345,0.9581215381622314,0.9939776659011841,0.011911063455045223,3.518423454806907e-07,0.012261522933840752,2.2793168682255782e-05
201906A,2019-12-04 20:45:00,gridsat,CRVBND,3,0.01260574534535408,0.021344540640711784,0.7617132663726807,0.17119906842708588,0.08456669002771378,0.0031406290363520384,0.036909136921167374,0.13712678849697113,0.10420511662960052,0.6671890020370483
201907A,2019-12-04 20:45:00,gridsat,SHEAR,1,0.007328140549361706,2.35929391578793e-07,0.004626776557415724,0.003172558732330799,0.974393367767334,0.9966285824775696,0.006392092444002628,4.377090760954161e-07,0.007259641773998737,0.0001981680834433064
201906A,2019-12-05 02:45:00,gridsat,CRVBND,3,0.012434449046850204,0.18346364796161652,0.7411006093025208,0.2651676833629608,0.0882253423333168,0.0017103460850194097,0.08365994691848755,0.2539997100830078,0.07457966357469559,0.29565858840942383
201906A,2019-12-05 15:00:00,gridsat,CRVBND,3,0.014290427789092064,0.09623055905103683,0.3634050786495209,0.6336093544960022,0.5429603457450867,0.057703979313373566,0.03483965992927551,0.11097998172044754,0.04450448974967003,0.10147613286972046
201906A,2019-12-05 20:45:00,gridsat,IRRCDO,3,0.015271066688001156,0.09170281887054443,0.7571033835411072,0.06495130062103271,0.06723060458898544,0.00024836312513798475,0.03526706621050835,0.09567882865667343,0.12512780725955963,0.7474187612533569
201906A,2019-12-06 09:45:00,gridsat,CRVBND,3,0.01603946089744568,0.3256681263446808,0.8323564529418945,0.053282491862773895,0.014228638261556625,0.0005635220441035926,0.12087174504995346,0.5966392159461975,0.01650368794798851,0.02384672872722149
201906A,2019-12-06 14:45:00,gridsat,CRVBND,3,0.011819050647318363,0.022406764328479767,0.8848633170127869,0.639687180519104,0.02781660109758377,0.10872384905815125,0.013589328154921532,0.023063408210873604,0.061911676079034805,0.20611873269081116
201906A,2019-12-06 20:45:00,gridsat,CRVBND,3,0.010917135514318943,0.005629078019410372,0.8949382305145264,0.6031625270843506,0.07672740519046783,0.2277296483516693,0.011163659393787384,0.008058384992182255,0.006253588944673538,0.15542031824588776
202001B,2020-05-17 09:15:00,gridsat,EMBC,4,0.021472370252013206,0.16236154735088348,0.029099801555275917,0.29140615463256836,0.004624208901077509,0.0008962159627117217,0.9403359293937683,0.3895057141780853,0.004467689897865057,0.15583041310310364
202001B,2020-05-17 15:15:00,gridsat,EMBC,4,0.9610368609428406,0.19754526019096375,0.0034236526116728783,0.10704024136066437,0.008096663281321526,0.00016728015907574445,0.01974804513156414,0.4415135383605957,0.007694822736084461,0.25373369455337524
202001B,2020-05-17 20:45:00,gridsat,EYE,4,0.9638780951499939,0.16050948202610016,0.0036415578797459602,0.01997237280011177,0.010012743063271046,4.722209268948063e-06,0.010250940918922424,0.7778754234313965,0.012216650880873203,0.04163800925016403
202001B,2020-05-18 02:45:00,gridsat,EYE,4,0.966067910194397,0.3115760087966919,0.00449071591719985,0.024822603911161423,0.007997950538992882,7.315399216167862e-06,0.008235665038228035,0.6426214575767517,0.01320787612348795,0.0209726020693779
202001B,2020-05-18 08:45:00,gridsat,EYE,4,0.976905882358551,0.28668075799942017,0.00271418783813715,0.0353468619287014,0.006635377649217844,7.646132871741429e-06,0.0084190983325243,0.65706467628479,0.005325394216924906,0.020900065079331398
202001B,2020-05-18 15:15:00,gridsat,EYE,4,0.9671449065208435,0.3398441970348358,0.003688179887831211,0.05933288857340813,0.011346692219376564,2.8513137294794433e-05,0.010212567634880543,0.5823647379875183,0.00760768074542284,0.018429718911647797
202001B,2020-05-18 22:15:00,gridsat,EMBC,4,0.19190479815006256,0.35488948225975037,0.0012695107143372297,0.027900218963623047,0.011926268227398396,1.118350792239653e-05,0.7905601263046265,0.5953686237335205,0.004339340142905712,0.021830487996339798
202001B,2020-05-19 07:45:00,gridsat,EMBC,4,0.021894877776503563,0.500577986240387,0.00936095230281353,0.041061993688344955,0.0061635044403374195,1.8922419258160517e-05,0.9579962491989136,0.44604364037513733,0.004584400448948145,0.012297549284994602
202001B,2020-05-19 15:15:00,gridsat,EMBC,4,0.030755579471588135,0.4893759787082672,0.004626629874110222,0.016753368079662323,0.003628215752542019,3.5991847653349396e-06,0.9582039713859558,0.4833221733570099,0.0027855553198605776,0.010544903576374054
202001B,2020-05-20 01:45:00,gridsat,EMBC,4,0.013134380802512169,0.5920856595039368,0.00303053786046803,0.025981968268752098,0.0027470875065773726,1.1643190191534813e-05,0.9788015484809875,0.3727988302707672,0.0022864213678985834,0.009121900424361229
202002A,2020-06-02 23:45:00,gridsat,EYE,4,0.06740689277648926,0.15498656034469604,0.18844355642795563,0.17328064143657684,0.012597131542861462,0.0009121408220380545,0.41365429759025574,0.3210051655769348,0.317898154258728,0.3498154580593109
202002A,2020-06-03 06:15:00,gridsat,EYE,4,0.4299091398715973,0.2485886961221695,0.27676889300346375,0.2565631568431854,0.05567589029669762,0.0015139395836740732,0.0398445725440979,0.3346526622772217,0.19780144095420837,0.15868158638477325
202003A,2020-11-22 06:15:00,gridsat,EYE,4,0.9131672978401184,0.5557184815406799,0.01513694692403078,0.07086531817913055,0.018579304218292236,0.0004618098319042474,0.0413886234164238,0.3453540503978729,0.011727760545909405,0.027600357308983803
202003A,2020-11-22 11:45:00,gridsat,EYE,4,0.8286992311477661,0.37292805314064026,0.012716169469058514,0.41457587480545044,0.032459795475006104,0.036090441048145294,0.115243099629879,0.10600978136062622,0.010881733149290085,0.07039578258991241
202003A,2020-11-23 11:45:00,gridsat,SHEAR,4,0.010220727883279324,3.1143848900683224e-05,0.019399940967559814,0.06673342734575272,0.9562028646469116,0.9321240782737732,0.009358655661344528,0.00018017899128608406,0.004817912355065346,0.0009310352033935487
202003A,2020-11-23 17:45:00,gridsat,SHEAR,4,0.012553450651466846,0.00012131084804423153,0.04939020797610283,0.13407644629478455,0.921981155872345,0.8645026683807373,0.009773350320756435,0.00012653345766011626,0.00630177790299058,0.0011730873957276344
202004B,2020-11-23 18:15:00,gridsat,CRVBND,2,0.011285778135061264,0.0013917319010943174,0.569191038608551,0.6629945039749146,0.20422908663749695,0.2512725293636322,0.021991563960909843,0.010635114274919033,0.1933024823665619,0.07370603829622269
202003A,2020-11-23 23:45:00,gridsat,CRVBND,4,0.03610047698020935,0.014284017495810986,0.3086271584033966,0.5352031588554382,0.6094123125076294,0.36478355526924133,0.0249602273106575,0.002045878442004323,0.02089986763894558,0.08368343114852905
202004B,2020-11-23 23:45:00,gridsat,CRVBND,2,0.0096449488773942,0.09812688082456589,0.7900828719139099,0.4190737307071686,0.018169019371271133,0.004351491574198008,0.13549405336380005,0.2163759469985962,0.04660903662443161,0.2620719373226166
202003A,2020-11-24 05:15:00,gridsat,CRVBND,4,0.022520795464515686,0.008299275301396847,0.09274101257324219,0.4692157208919525,0.8590722680091858,0.47974270582199097,0.015056625008583069,0.0021406186278909445,0.010609299875795841,0.04060177505016327
202004B,2020-11-25 06:45:00,gridsat,EMBC,2,0.05998620018362999,0.43402647972106934,0.021860742941498756,0.05356033146381378,0.0031850284431129694,0.000195070548215881,0.9086551666259766,0.5012674927711487,0.006312894634902477,0.01095061469823122
202004B,2020-11-25 13:15:00,gridsat,EMBC,2,0.01741667464375496,0.5719456076622009,0.31471386551856995,0.04101943597197533,0.008821804076433182,9.192093421006575e-05,0.5061676502227783,0.37525638937950134,0.152879998087883,0.01168667059391737
202004B,2020-11-25 18:45:00,gridsat,IRRCDO,2,0.056753262877464294,0.18944738805294037,0.05329633504152298,0.3131926357746124,0.008018875494599342,0.008242432959377766,0.8354930877685547,0.28333809971809387,0.04643842205405235,0.20577949285507202
202005B,2020-12-01 19:30:00,gridsat,EMBC,1,0.027544576674699783,0.3703620135784149,0.8549163937568665,0.06117991730570793,0.007708466611802578,2.8771413781214505e-05,0.07421863824129105,0.48667457699775696,0.03561191260814667,0.08175474405288696
202005B,2020-12-02 01:15:00,gridsat,EMBC,1,0.01309816725552082,0.5331012606620789,0.04553639516234398,0.05030345916748047,0.009247894398868084,3.516950164339505e-05,0.9163562059402466,0.38816389441490173,0.015761375427246094,0.02839626744389534
202005B,2020-12-02 11:15:00,gridsat,CRVBND,1,0.010160297155380249,0.05219085514545441,0.6720889806747437,0.4482581913471222,0.00958332046866417,0.01051756925880909,0.27735158801078796,0.1814735233783722,0.030815789476037025,0.3075598180294037
202005B,2020-12-02 17:45:00,gridsat,CRVBND,1,0.01699453964829445,0.008698883466422558,0.9093011617660522,0.4873443841934204,0.010288286954164505,0.018922792747616768,0.01073128916323185,0.03627648577094078,0.05268462747335434,0.44875749945640564
202005B,2020-12-02 22:45:00,gridsat,EMBC,1,0.0627155676484108,0.19853061437606812,0.018125005066394806,0.07639787346124649,0.018188852816820145,0.00010991399904014543,0.8538652658462524,0.611580491065979,0.047105371952056885,0.11338108777999878
202005B,2020-12-03 06:45:00,gridsat,CRVBND,1,0.021095290780067444,0.15304401516914368,0.40106165409088135,0.5254099369049072,0.015057125128805637,0.007873444817960262,0.5146410465240479,0.16570207476615906,0.0481448695063591,0.14797049760818481
202005B,2020-12-03 12:00:00,gridsat,CRVBND,1,0.0158342607319355,0.004862857982516289,0.9293620586395264,0.4237881302833557,0.012753240764141083,0.5105547308921814,0.006940588355064392,0.006916396785527468,0.035109832882881165,0.05387790501117706
202005B,2020-12-03 23:45:00,gridsat,CRVBND,1,0.022888831794261932,0.012055346742272377,0.7568347454071045,0.5853728652000427,0.013991208747029305,0.05716243013739586,0.02781829424202442,0.0286922175437212,0.17846690118312836,0.31671708822250366
202005B,2020-12-04 06:15:00,gridsat,CRVBND,1,0.04620935022830963,0.010614948347210884,0.4808063805103302,0.680209219455719,0.3248760998249054,0.18449558317661285,0.0631459504365921,0.02218770608305931,0.0849621444940567,0.10249249637126923
202005B,2020-12-04 11:45:00,gridsat,CRVBND,1,0.02904912456870079,0.0321299247443676,0.7365366816520691,0.583431601524353,0.047729767858982086,0.10015375167131424,0.06159162148833275,0.055201053619384766,0.1250927746295929,0.22908367216587067
202005B,2020-12-05 05:15:00,gridsat,CRVBND,1,0.0345451720058918,0.12234122306108475,0.7356758117675781,0.6820023059844971,0.016565566882491112,0.0523807667195797,0.04972453415393829,0.0906488373875618,0.1634889543056488,0.052626870572566986
202101A,2021-05-14 09:45:00,gridsat,CRVBND,1,0.0316605307161808,0.009471479803323746,0.887111246585846,0.6737419962882996,0.02187059260904789,0.03741936758160591,0.03142614662647247,0.05013309046626091,0.027931494638323784,0.2292340248823166
202101A,2021-05-14 15:15:00,gridsat,CRVBND,1,0.045632775872945786,0.016496408730745316,0.6612321734428406,0.22582793235778809,0.010914347134530544,0.0007298205164261162,0.24858827888965607,0.1245066374540329,0.033632490783929825,0.6324391961097717
202101A,2021-05-14 20:15:00,gridsat,CRVBND,1,0.0024478451814502478,0.07792514562606812,0.00899509433656931,0.14261631667613983,0.001209082081913948,0.0001356499269604683,0.0014955117367208004,0.3704541027545929,0.9858524799346924,0.40886881947517395
202101A,2021-05-15 03:15:00,gridsat,EMBC,1,0.008746573701500893,0.2711791396141052,0.08062533289194107,0.03219221532344818,0.007405570708215237,1.317131409450667e-05,0.8937331438064575,0.6675664782524109,0.009489382617175579,0.029049012809991837
202101A,2021-05-15 21:15:00,gridsat,EMBC,1,0.055679772049188614,0.31671956181526184,0.0012157895835116506,0.012030907906591892,0.010520719923079014,1.2148459518357413e-06,0.9251018762588501,0.6513197422027588,0.007481888867914677,0.01992863230407238
202101A,2021-05-16 09:15:00,gridsat,EYE,1,0.9595455527305603,0.43875086307525635,0.0026518343947827816,0.034890152513980865,0.007317373529076576,1.2832987522415351e-05,0.010363219305872917,0.49532684683799744,0.020122170448303223,0.03101937845349312
202101A,2021-05-16 15:15:00,gridsat,EYE,1,0.977575421333313,0.4693157970905304,0.001950577599927783,0.03663913160562515,0.0053534614853560925,1.086559768737061e-05,0.0032842091750353575,0.46039918065071106,0.011836303398013115,0.033635132014751434
202101A,2021-05-16 21:15:00,gridsat,EYE,1,0.9685524702072144,0.6144985556602478,0.0021834983490407467,0.018146062269806862,0.006549155339598656,3.7701115616073366e-06,0.008487786166369915,0.35659483075141907,0.014226987026631832,0.010756885632872581
202101A,2021-05-17 02:45:00,gridsat,EYE,1,0.9573419094085693,0.6899651288986206,0.0019321019062772393,0.021875524893403053,0.009168456308543682,6.461289103754098e-06,0.016603592783212662,0.28081998229026794,0.014953924342989922,0.0073328339494764805
202101A,2021-05-17 09:15:00,gridsat,EYE,1,0.9238438010215759,0.5732856392860413,0.0023693121038377285,0.03742634132504463,0.011337870731949806,3.903737888322212e-05,0.04208376258611679,0.3755218982696533,0.020365266129374504,0.013727090321481228
202101A,2021-05-17 15:15:00,gridsat,EYE,1,0.9706416130065918,0.5621581077575684,0.0022358184214681387,0.06755940616130829,0.006533087231218815,6.0376067267498e-05,0.004432443995028734,0.3415219485759735,0.016157101839780807,0.028700171038508415
202102B,2021-05-24 03:15:00,gridsat,CRVBND,3,0.0045492518693208694,0.0001343673066003248,0.921360194683075,0.657183825969696,0.013765787705779076,0.19726039469242096,0.017778389155864716,0.003247220302000642,0.042546357959508896,0.14217419922351837
202102B,2021-05-24 08:45:00,gridsat,CRVBND,3,0.010906066745519638,0.00027728735585696995,0.9044815897941589,0.7147592902183533,0.06822095066308975,0.1255473643541336,0.0044897738844156265,0.0035061920061707497,0.011901664547622204,0.15590988099575043
202102B,2021-05-24 15:15:00,gridsat,CRVBND,3,0.0018179347971454263,0.00047181197442114353,0.09032691270112991,0.3139878511428833,0.004718184471130371,0.022944675758481026,0.0006442932062782347,0.012547346763312817,0.9024926424026489,0.6500483155250549
202102B,2021-05-25 15:15:00,gridsat,EMBC,3,0.09849240630865097,0.03304533287882805,0.6364386677742004,0.25154387950897217,0.01206328347325325,0.0024939521681517363,0.09177177399396896,0.2267560362815857,0.16123385727405548,0.4861607849597931
202103B,2021-09-24 12:10:00,gridsat,CRVBND,2,0.005837588105350733,0.028155343607068062,0.2237684726715088,0.5069952607154846,0.012877566739916801,0.043814364820718765,0.0170731320977211,0.04923459514975548,0.740443229675293,0.3718004524707794
202103B,2021-09-24 18:15:00,gridsat,CRVBND,2,0.02032073773443699,0.10435307770967484,0.6577900052070618,0.32161176204681396,0.0879090204834938,0.00808099564164877,0.04347451403737068,0.07511789351701736,0.1905057430267334,0.4908362925052643
202103B,2021-09-25 18:15:00,gridsat,IRRCDO,2,0.0016324621392413974,0.05663951486349106,0.12745407223701477,0.05393960699439049,0.0022921336349099874,0.0001223302388098091,0.01948329247534275,0.0369994230568409,0.8491380214691162,0.8522990942001343
202103B,2021-09-26 00:15:00,gridsat,IRRCDO,2,0.018982918933033943,0.00664000166580081,0.7405397891998291,0.42240414023399353,0.11537101119756699,0.010125548578798771,0.04223718121647835,0.020207470282912254,0.08286915719509125,0.5406228303909302
202103B,2021-09-26 06:15:00,gridsat,EMBC,2,0.01621386781334877,0.05501343682408333,0.22154441475868225,0.16272254288196564,0.02354130521416664,0.00018413389625493437,0.26678016781806946,0.20508483052253723,0.4719202518463135,0.5769950747489929
202103A,2021-10-01 00:45:00,gridsat,EMBC,4,0.014870235696434975,0.32832828164100647,0.4456423223018646,0.07418728619813919,0.015086888335645199,0.00020265612693037838,0.35090261697769165,0.5384494066238403,0.1734979748725891,0.058832358568906784
202103A,2021-10-01 06:15:00,gridsat,EMBC,4,0.02106039598584175,0.5047855377197266,0.004289811477065086,0.012165910564363003,0.00581875117495656,2.538390072004404e-05,0.9651174545288086,0.4713713526725769,0.0037136466708034277,0.011651810258626938
202103A,2021-10-01 12:45:00,gridsat,EMBC,4,0.012187637388706207,0.6643203496932983,0.004876354243606329,0.055113282054662704,0.0037195351906120777,0.0005797380581498146,0.9771031141281128,0.26387903094291687,0.002113357186317444,0.01610756665468216
202103A,2021-10-01 18:15:00,gridsat,EYE,4,0.5134876370429993,0.38793933391571045,0.0312943197786808,0.1877419352531433,0.01917445659637451,0.002721341559663415,0.41553783416748047,0.22317567467689514,0.020505743101239204,0.1984216570854187
202103A,2021-10-02 00:15:00,gridsat,CRVBND,4,0.014861422590911388,0.10644263029098511,0.6288529634475708,0.4306163489818573,0.008001379668712616,0.02329290471971035,0.08025345206260681,0.06515084207057953,0.2680307626724243,0.3744972050189972
202103A,2021-10-02 06:15:00,gridsat,EYE,4,0.5065826773643494,0.21176797151565552,0.038562946021556854,0.2232702225446701,0.020625516772270203,0.008406675420701504,0.3984126150608063,0.22640439867973328,0.0358162485063076,0.3301507234573364
202103A,2021-10-02 18:15:00,gridsat,EMBC,4,0.025885580107569695,0.12807974219322205,0.703652024269104,0.6072798371315002,0.01848153956234455,0.05439778044819832,0.22013157606124878,0.06887438893318176,0.03184927999973297,0.1413683295249939
202103A,2021-10-03 00:15:00,gridsat,CRVBND,4,0.007016453426331282,0.08010634779930115,0.9189666509628296,0.601228654384613,0.013685271143913269,0.07126425206661224,0.029568878933787346,0.05849155783653259,0.03076270781457424,0.18890926241874695
202103A,2021-10-03 06:15:00,gridsat,EYE,4,0.10334795713424683,0.230424702167511,0.6151387095451355,0.5113686919212341,0.09614838659763336,0.05798982083797455,0.11946006119251251,0.10928851366043091,0.0659048855304718,0.09092827141284943
202104B,2021-11-11 11:45:00,gridsat,CRVBND,3,0.002645297674462199,0.001622201525606215,0.9525383710861206,0.6207939982414246,0.026206035166978836,0.1957150250673294,0.007615522015839815,0.02025839313864708,0.01099474634975195,0.16161039471626282
202105B,2021-12-03 08:45:00,gridsat,CRVBND,4,0.005520799197256565,0.05996843799948692,0.6078056693077087,0.4354461431503296,0.03903556615114212,0.02142578549683094,0.08436296135187149,0.23955321311950684,0.26327499747276306,0.2436063438653946
202105B,2021-12-03 21:15:00,gridsat,CRVBND,4,0.011967578902840614,0.00034831088851206005,0.7366644740104675,0.2305230349302292,0.2250186949968338,0.7452352643013,0.009718435816466808,0.0022523757070302963,0.01663082279264927,0.021641042083501816
202105B,2021-12-04 03:15:00,gridsat,CRVBND,4,0.003976996056735516,0.021262917667627335,0.5283482074737549,0.20808802545070648,0.19764985144138336,0.017291320487856865,0.022218171507120132,0.03988426551222801,0.24780672788619995,0.7134735584259033
202105B,2021-12-04 08:15:00,gridsat,IRRCDO,4,0.006092357914894819,0.1165839210152626,0.1821756809949875,0.19621261954307556,0.14337661862373352,0.004914516117423773,0.018422389402985573,0.15157637000083923,0.6499329805374146,0.5307126045227051
202105B,2021-12-04 15:15:00,gridsat,CRVBND,4,0.005917775444686413,0.0198189839720726,0.552602231502533,0.5426921844482422,0.3323497474193573,0.05389091745018959,0.01895434968173504,0.05082344636321068,0.09017590433359146,0.3327745199203491
202105B,2021-12-04 21:15:00,gridsat,CRVBND,4,0.006423197686672211,0.0010281570721417665,0.15731188654899597,0.5235925912857056,0.7043686509132385,0.25933516025543213,0.017849978059530258,0.008990565314888954,0.11404624581336975,0.2070535570383072
202105B,2021-12-05 09:15:00,gridsat,CRVBND,4,0.02104273810982704,0.2887447476387024,0.22019098699092865,0.08231709897518158,0.03889145329594612,0.00040216700290329754,0.5067377090454102,0.4602634608745575,0.21313710510730743,0.16827252507209778
202105B,2021-12-05 14:45:00,gridsat,IRRCDO,4,0.0030840567778795958,0.008324396796524525,0.6479400992393494,0.570122480392456,0.23943528532981873,0.06322261691093445,0.018003450706601143,0.016900235787034035,0.09153714030981064,0.3414301872253418
202201B,2022-03-04 20:45:00,gridsat,CRVBND,2,0.01017756201326847,0.21616916358470917,0.9388890862464905,0.5156927704811096,0.011478731408715248,0.035386521369218826,0.026922065764665604,0.10695602744817734,0.012532598339021206,0.12579552829265594
202201B,2022-03-05 03:15:00,gridsat,CRVBND,2,0.018824605271220207,0.13505706191062927,0.8244521617889404,0.5184842348098755,0.08091770857572556,0.02300785481929779,0.03812588006258011,0.07170315831899643,0.037679579108953476,0.2517476975917816
202201B,2022-03-05 09:15:00,gridsat,CRVBND,2,0.01752452366054058,0.023348042741417885,0.07760100066661835,0.626783013343811,0.8771927356719971,0.2590329349040985,0.012547900900244713,0.029854629188776016,0.015133904293179512,0.060981422662734985
202201B,2022-03-05 15:15:00,gridsat,CRVBND,2,0.005343873053789139,0.0027848773170262575,0.12055721879005432,0.3186759352684021,0.8456376791000366,0.6665981411933899,0.007425150368362665,0.002749114064499736,0.02103615365922451,0.009191975928843021
202201B,2022-03-05 21:15:00,gridsat,SHEAR,2,0.018855035305023193,0.00045685196528211236,0.10907655954360962,0.17475031316280365,0.8336329460144043,0.8211992383003235,0.012012009508907795,0.000504397030454129,0.026423558592796326,0.003089301288127899
202201B,2022-03-06 03:15:00,gridsat,SHEAR,2,0.006634160876274109,3.341791307320818e-05,0.00873357243835926,0.04346587508916855,0.9740617275238037,0.9562243223190308,0.004009493626654148,2.0605661120498553e-05,0.006561017129570246,0.00025577956694178283
202201B,2022-03-06 09:15:00,gridsat,SHEAR,2,0.006217014975845814,9.689113539934624e-06,0.004007714334875345,0.008328648284077644,0.9841115474700928,0.9916554689407349,0.002614472294226289,3.2771956739452435e-06,0.0030492807272821665,2.8372019187372644e-06
202202B,2022-05-07 09:10:00,gridsat,IRRCDO,0,0.014246811158955097,0.050609223544597626,0.005605480633676052,0.25304892659187317,0.007047247141599655,0.0007553232717327774,0.06235523521900177,0.21882079541683197,0.9107452630996704,0.4767657220363617
202202B,2022-05-08 03:15:00,gridsat,EMBC,0,0.0035380215849727392,0.1436302214860916,0.002251442987471819,0.009792652912437916,0.009050684981048107,1.7554095848026918e-06,0.9591473937034607,0.8382330536842346,0.026012497022747993,0.0083423787727952
202202B,2022-05-08 19:45:00,gridsat,IRRCDO,0,0.014163860119879246,0.010973379947245121,0.08077117800712585,0.12997664511203766,0.03904762491583824,0.00027156664873473346,0.22631844878196716,0.10437218844890594,0.63969886302948,0.754406213760376
202202B,2022-05-09 03:45:00,gridsat,IRRCDO,0,0.008232387714087963,0.07844547182321548,0.003262392245233059,0.04984836280345917,0.01489576231688261,4.9657832278171554e-05,0.7232386469841003,0.554520845413208,0.2503708600997925,0.3171357214450836
202202B,2022-05-10 02:15:00,gridsat,EMBC,0,0.00498544005677104,0.22157737612724304,0.008484981022775173,0.03785238787531853,0.007786463480442762,6.998564640525728e-05,0.909128725528717,0.7018336057662964,0.06961435079574585,0.03866667300462723
202202B,2022-05-10 10:15:00,gridsat,EMBC,0,0.011287614703178406,0.2691327929496765,0.023473070934414864,0.08666897565126419,0.011198753491044044,0.00039317074697464705,0.7454228401184082,0.38946229219436646,0.2086176723241806,0.25434279441833496
202202B,2022-05-10 20:45:00,gridsat,CRVBND,0,0.01671658083796501,0.039629243314266205,0.9557031393051147,0.44609197974205017,0.007279412820935249,0.050727877765893936,0.008123580366373062,0.20377884805202484,0.012177309021353722,0.25977206230163574
202202B,2022-05-11 02:45:00,gridsat,EMBC,0,0.00941555853933096,0.33101844787597656,0.0028790058568120003,0.02450244128704071,0.003849957138299942,0.00010078371269628406,0.9716891646385193,0.5958393216133118,0.012166263535618782,0.04853900149464607
202202B,2022-05-11 07:45:00,gridsat,IRRCDO,0,0.008124462328851223,0.08576624095439911,0.040901269763708115,0.29679927229881287,0.007683816831558943,0.005689920857548714,0.5214911699295044,0.19508418440818787,0.42179930210113525,0.4166604280471802
202203A,2022-08-12 08:15:00,gridsat,CRVBND,3,0.01842988096177578,0.021334417164325714,0.8894972205162048,0.7334150671958923,0.08494160324335098,0.10465897619724274,0.005589497275650501,0.035044483840465546,0.001541798934340477,0.10554700344800949
202203A,2022-08-12 15:15:00,gridsat,SHEAR,3,0.020321080461144447,5.454719939734787e-05,0.7260962128639221,0.11004750430583954,0.2475917786359787,0.8893023729324341,0.003354961983859539,0.000163895936566405,0.002635957906022668,0.00043172796722501516
202203A,2022-08-12 21:15:00,gridsat,SHEAR,3,0.011950656771659851,2.5131339498329908e-05,0.03719153627753258,0.07110297679901123,0.9476562738418579,0.928728461265564,0.001731106429360807,2.955674244731199e-05,0.0014704492641612887,0.00011382055527064949
202203A,2022-08-13 09:15:00,gridsat,SHEAR,3,0.005294167436659336,1.443816927348962e-06,0.010415790602564812,0.004496667999774218,0.9773645997047424,0.9954973459243774,0.0037351674400269985,9.415842896487447e-07,0.003190315328538418,3.5802147522190353e-06
202203A,2022-08-13 15:15:00,gridsat,SHEAR,3,0.004281892441213131,1.8563322612408228e-07,0.0016361323650926352,0.002266415860503912,0.9860053062438965,0.9977306723594666,0.0027612026315182447,1.8149931690913945e-07,0.0053154537454247475,2.4687049062777078e-06
202203A,2022-08-13 21:15:00,gridsat,SHEAR,3,0.005132193211466074,1.1034127965103835e-05,0.00210594548843801,0.031986359506845474,0.9795780777931213,0.9677019119262695,0.004593004938215017,1.0265272976539563e-05,0.008590889163315296,0.0002905291912611574
202204B,2022-08-19 00:15:00,gridsat,CRVBND,1,0.016002759337425232,0.0004817345179617405,0.8998792767524719,0.6126892566680908,0.031215129420161247,0.1688813418149948,0.008541024290025234,0.0035389678087085485,0.04436184838414192,0.21440857648849487
202204B,2022-08-19 06:45:00,gridsat,CRVBND,1,0.022351479157805443,0.09068071842193604,0.9090949296951294,0.42900362610816956,0.004757389426231384,0.002095164032652974,0.036853525787591934,0.2669004201889038,0.026942651718854904,0.21132013201713562
202204B,2022-08-19 11:15:00,gridsat,CRVBND,1,0.003139930311590433,0.03159951791167259,0.011456682346761227,0.5249538421630859,0.0013649340253323317,0.007920736446976662,0.00485967705026269,0.07079585641622543,0.979178786277771,0.36473000049591064
202205B,2022-10-23 15:15:00,gridsat,CRVBND,2,0.009468365460634232,0.019283289089798927,0.8751187920570374,0.6586794853210449,0.054323162883520126,0.011128607206046581,0.024257125332951546,0.09599048644304276,0.03683258220553398,0.21491819620132446
202205B,2022-10-23 20:15:00,gridsat,CRVBND,2,0.005287896376103163,0.042550213634967804,0.6918871998786926,0.524824857711792,0.0038581425324082375,0.002943020546808839,0.041517943143844604,0.09817681461572647,0.2574487626552582,0.3315051794052124
202205B,2022-10-24 01:45:00,gridsat,CRVBND,2,0.004838744178414345,0.12668362259864807,0.07339899986982346,0.2111235409975052,0.003543602302670479,0.00039749013376422226,0.09152329713106155,0.40756669640541077,0.8266953229904175,0.2542286217212677
202205B,2022-10-24 09:15:00,gridsat,CRVBND,2,0.020767131820321083,0.23904740810394287,0.33049726486206055,0.14493881165981293,0.029252812266349792,0.0005040020332671702,0.5625256299972534,0.5424308776855469,0.0569571889936924,0.07307885587215424
202205B,2022-10-24 15:15:00,gridsat,CRVBND,2,0.012188713997602463,0.05299106240272522,0.44292107224464417,0.47330746054649353,0.03193803131580353,0.0041960459202528,0.17923210561275482,0.20146317780017853,0.33372002840042114,0.2680422067642212
202206B,2022-12-08 12:15:00,gridsat,IRRCDO,3,0.02276718243956566,0.03997083753347397,0.2622784376144409,0.3394058048725128,0.010295446030795574,0.004301102831959724,0.3676680326461792,0.08685402572154999,0.33699092268943787,0.5294682383537292
202206B,2022-12-08 18:15:00,gridsat,EMBC,3,0.12260407954454422,0.09096501022577286,0.45018270611763,0.5639450550079346,0.01279518473893404,0.008672296069562435,0.3586975634098053,0.18188907206058502,0.055720459669828415,0.1545286476612091
202206B,2022-12-09 00:15:00,gridsat,CRVBND,3,0.0778786838054657,0.04033876582980156,0.8171623349189758,0.4166850745677948,0.012356257066130638,0.007287763524800539,0.03806338086724281,0.14985637366771698,0.05453935265541077,0.3858319818973541
202206B,2022-12-09 06:15:00,gridsat,CRVBND,3,0.011192665435373783,0.008889345452189445,0.9371356964111328,0.4654456079006195,0.025266392156481743,0.11648280173540115,0.019091147929430008,0.04809611663222313,0.0073140691965818405,0.3610861301422119
202206B,2022-12-09 12:15:00,gridsat,CRVBND,3,0.013569577597081661,0.0010129779111593962,0.7667078971862793,0.44262659549713135,0.0703037828207016,0.22220028936862946,0.02202693186700344,0.0033435591030865908,0.12739180028438568,0.3308165371417999
202206B,2022-12-09 17:45:00,gridsat,CRVBND,3,0.007394437678158283,0.00015791207260917872,0.051367126405239105,0.3583531379699707,0.9272916913032532,0.5495703816413879,0.004967362619936466,0.0009046187624335289,0.008979300037026405,0.09101393073797226
202207A,2022-12-15 15:15:00,gridsat,CRVBND,4,0.00640476681292057,0.02479293756186962,0.3333624005317688,0.5543175935745239,0.08095747232437134,0.07478899508714676,0.0248715803027153,0.026162393391132355,0.5544037818908691,0.3199380338191986
202207A,2022-12-15 21:15:00,gridsat,SHEAR,4,0.006399666890501976,0.0011814424069598317,0.25417834520339966,0.4506586194038391,0.7157270312309265,0.37514129281044006,0.008540155366063118,0.003888558130711317,0.015154801309108734,0.16913016140460968
202207A,2022-12-16 03:15:00,gridsat,SHEAR,4,0.0031848172657191753,6.311329343589023e-05,0.2497008591890335,0.22015580534934998,0.7268726825714111,0.7702583074569702,0.007452270481735468,0.0008404158288612962,0.012789323925971985,0.008682288229465485
202207A,2022-12-16 08:45:00,gridsat,SHEAR,4,0.006249135360121727,1.81529248948209e-05,0.05969618633389473,0.11844270676374435,0.9192496538162231,0.8743396401405334,0.007232979405671358,0.00015303134568966925,0.007572022266685963,0.00704641779884696
202207A,2022-12-16 15:15:00,gridsat,SHEAR,4,0.009244555607438087,3.551755980879534e-06,0.01562635973095894,0.043183207511901855,0.9616439938545227,0.9558849334716797,0.008723669685423374,3.9305305108428e-05,0.00476139085367322,0.000889013463165611
202207A,2022-12-16 21:15:00,gridsat,SHEAR,4,0.009692615829408169,6.823845069447998e-06,0.010933338664472103,0.0039231907576322556,0.9584336280822754,0.9960669875144958,0.015240383334457874,6.014494715600449e-07,0.005700014065951109,2.4035848582570907e-06
202207A,2022-12-17 03:15:00,gridsat,SHEAR,4,0.030979499220848083,0.0008497529197484255,0.10891074687242508,0.2611525356769562,0.8168774247169495,0.6206857562065125,0.023672176524996758,0.00022797957353759557,0.01956016570329666,0.11708394438028336
202301B,2023-05-11 08:30:00,gridsat,EMBC,1,0.04935410991311073,0.20659539103507996,0.03284157067537308,0.11940441280603409,0.013334630988538265,8.074736251728609e-05,0.8921195268630981,0.5908212661743164,0.0123501131311059,0.0830981656908989
202301B,2023-05-11 14:30:00,gridsat,EYE,1,0.00314118224196136,0.27846068143844604,0.008815022185444832,0.0948140025138855,0.0045536174438893795,8.820038783596829e-05,0.9790401458740234,0.5297408699989319,0.004449956584721804,0.09689626097679138
202301B,2023-05-12 09:00:00,gridsat,EMBC,1,0.01406684797257185,0.3258801996707916,0.0027436676900833845,0.07001122087240219,0.004252996761351824,4.247088509146124e-05,0.9732533693313599,0.5415996313095093,0.005683127790689468,0.06246645376086235
202301B,2023-05-12 15:00:00,gridsat,EYE,1,0.8585014343261719,0.4104817509651184,0.002935385564342141,0.04218367114663124,0.010537524707615376,1.6436015357612632e-05,0.1055012196302414,0.4925619065761566,0.022524505853652954,0.054756294935941696
202301B,2023-05-12 20:30:00,gridsat,EYE,1,0.6713303327560425,0.335750013589859,0.004101740662008524,0.02798154391348362,0.01868729293346405,7.315336006286088e-06,0.2856591045856476,0.6075571179389954,0.020221520215272903,0.02870398573577404
202301B,2023-05-13 03:00:00,gridsat,EMBC,1,0.04359906166791916,0.48189595341682434,0.002974877366796136,0.011800198815762997,0.01549575850367546,1.5300656741601415e-06,0.9289504885673523,0.49645599722862244,0.008979734033346176,0.009846317581832409
202301B,2023-05-13 15:30:00,gridsat,EMBC,1,0.9354411959648132,0.33452364802360535,0.006716471631079912,0.012303581461310387,0.012141545303165913,1.1004998441421776e-06,0.012429030612111092,0.6377958059310913,0.03327178210020065,0.015375826507806778
202301B,2023-05-13 21:30:00,gridsat,EYE,1,0.9154679775238037,0.4647081196308136,0.00759134953841567,0.014529713429510593,0.015604106709361076,1.0026537893281784e-06,0.027895869687199593,0.5109114050865173,0.03344075009226799,0.009849720634520054
202302A,2023-06-06 09:00:00,gridsat,CRVBND,0,0.02559519000351429,0.32613351941108704,0.8356500864028931,0.14377634227275848,0.014367291703820229,0.004355741199105978,0.07007227092981339,0.4373456835746765,0.0543152280151844,0.08838868886232376
202302A,2023-06-06 15:30:00,gridsat,EMBC,0,0.00485750799998641,0.3232562243938446,0.0036876536905765533,0.02544058859348297,0.009347990155220032,0.00011655841808533296,0.16588756442070007,0.5787271857261658,0.8162192106246948,0.07245948910713196
202302A,2023-06-07 16:00:00,gridsat,IRRCDO,0,0.01200118288397789,0.07324103266000748,0.05647624656558037,0.1192539855837822,0.025188961997628212,0.0031065791845321655,0.018596256151795387,0.2093495875597,0.8877373933792114,0.5950488448143005
202302A,2023-06-08 03:00:00,gridsat,EYE,0,0.02618900127708912,0.04917046055197716,0.7789739966392517,0.3515140414237976,0.03526131808757782,0.012497635558247566,0.12195410579442978,0.12459277361631393,0.03762165457010269,0.462225079536438
202302A,2023-06-08 09:00:00,gridsat,IRRCDO,0,0.025557473301887512,0.020683197304606438,0.4108629524707794,0.21450084447860718,0.020310239866375923,0.007445971481502056,0.016079850494861603,0.021550022065639496,0.5271894931793213,0.735819935798645
202302A,2023-06-08 15:00:00,gridsat,IRRCDO,0,0.030045948922634125,0.0032101611141115427,0.4840421974658966,0.1337350308895111,0.027733581140637398,0.004855072591453791,0.015998326241970062,0.01007719524204731,0.4421800374984741,0.8481225371360779
202302A,2023-06-09 03:00:00,gridsat,EMBC,0,0.010858718305826187,0.1334131360054016,0.008258882910013199,0.026863738894462585,0.017316581681370735,4.947043998981826e-05,0.43477746844291687,0.598369300365448,0.5287883281707764,0.24130432307720184
202303B,2023-06-09 09:00:00,gridsat,SHEAR,2,0.006127252243459225,0.00010179342643823475,0.5329148173332214,0.41032519936561584,0.13319768011569977,0.2884537875652313,0.022289268672466278,0.000611433177255094,0.3054710328578949,0.3005077838897705
202302A,2023-06-09 15:00:00,gridsat,IRRCDO,0,0.040204036980867386,0.005770168732851744,0.7976512908935547,0.08943139761686325,0.01432595681399107,0.003553240094333887,0.0174503643065691,0.018843330442905426,0.13036833703517914,0.8824018836021423
202303B,2023-06-09 15:00:00,gridsat,SHEAR,2,0.008814934641122818,0.0001808720699045807,0.18580904603004456,0.2847323715686798,0.4961085319519043,0.42662596702575684,0.011547337286174297,0.0005273483111523092,0.29772019386291504,0.2879333794116974
202302A,2023-06-09 20:30:00,gridsat,EMBC,0,0.05035187676548958,0.15240024030208588,0.2817804515361786,0.004141565877944231,0.029666520655155182,1.6472134802825167e-06,0.034452784806489944,0.8239363431930542,0.6037483215332031,0.019520228728652
202303B,2023-06-09 21:00:00,gridsat,CRVBND,2,0.0036899989936500788,0.005377808585762978,0.464453786611557,0.2445715367794037,0.05823584645986557,0.008054631762206554,0.008551503531634808,0.014049620367586613,0.46506887674331665,0.7279464602470398
202302A,2023-06-10 03:00:00,gridsat,EMBC,0,0.016104549169540405,0.2636103630065918,0.0009676519548520446,0.02019171416759491,0.013273924589157104,2.3717993826721795e-05,0.8973885774612427,0.6709426641464233,0.07226532697677612,0.04523162171244621
202303B,2023-06-10 03:10:00,gridsat,CRVBND,2,0.005899015814065933,0.03098515421152115,0.7630137801170349,0.36729153990745544,0.11729888617992401,0.009874841198325157,0.017964810132980347,0.06084495782852173,0.0958234891295433,0.531003475189209
202302A,2023-06-10 09:00:00,gridsat,CRVBND,0,0.0416196808218956,8.804819663055241e-05,0.5671730637550354,0.3196546733379364,0.12222790718078613,0.6100841164588928,0.05126945301890373,0.0024688842240720987,0.21770988404750824,0.06770429760217667
202303B,2023-06-10 08:10:00,gridsat,CRVBND,2,0.00730286817997694,0.005979620851576328,0.8284505009651184,0.6082537174224854,0.10308776795864105,0.25511810183525085,0.02506064809858799,0.010885349474847317,0.036098215728998184,0.11976324021816254
202302A,2023-06-10 14:00:00,gridsat,EMBC,0,0.010587286204099655,0.21010281145572662,0.0003280307282693684,0.06224483624100685,0.015530691482126713,0.00016711416537873447,0.060505468398332596,0.4328567087650299,0.9130485653877258,0.2946285903453827
202302A,2023-06-11 02:00:00,gridsat,SHEAR,0,0.042316801846027374,0.00039578796713612974,0.5088600516319275,0.36856594681739807,0.30119866132736206,0.5723482370376587,0.007986070588231087,0.013039005920290947,0.13963839411735535,0.045650992542505264
202302A,2023-06-11 08:30:00,gridsat,EMBC,0,0.010736679658293724,0.3076510429382324,0.0007925303652882576,0.029107650741934776,0.005127284675836563,0.00020742430933751166,0.866828441619873,0.5968764424324036,0.11651501059532166,0.06615738570690155
202302A,2023-06-11 15:00:00,gridsat,SHEAR,0,0.05615302920341492,2.5672774427221157e-05,0.681343674659729,0.08596272021532059,0.15287338197231293,0.9126527905464172,0.017395496368408203,7.919317431515083e-05,0.09223439544439316,0.0012795792426913977
202302A,2023-06-12 02:00:00,gridsat,EMBC,0,0.02365807443857193,0.3220084309577942,0.0019546591211110353,0.006483511533588171,0.008023848757147789,5.718424745282391e-06,0.932953417301178,0.6621811985969543,0.03341004252433777,0.009321211837232113
202302A,2023-06-12 08:00:00,gridsat,EYE,0,0.054322730749845505,0.5950832366943359,0.0018024977762252092,0.022303184494376183,0.020453782752156258,0.0002459659008309245,0.9104918241500854,0.35667288303375244,0.01292918249964714,0.025694776326417923
202302A,2023-06-12 15:00:00,gridsat,EYE,0,0.9533872008323669,0.5567551255226135,0.004378497134894133,0.07162676751613617,0.012259339913725853,0.0010136779164895415,0.015386455692350864,0.3004017174243927,0.01458844356238842,0.07020269334316254
202302A,2023-06-13 15:00:00,gridsat,EMBC,0,0.22192348539829254,0.3802035450935364,0.033257436007261276,0.030981244519352913,0.034476444125175476,0.0001581168471602723,0.6498284339904785,0.5565063953399658,0.06051421910524368,0.032150689512491226
202302A,2023-06-13 21:00:00,gridsat,CRVBND,0,0.3089369237422943,0.04559166729450226,0.017694255337119102,0.3659360408782959,0.029055476188659668,0.01575428433716297,0.08607004582881927,0.23755700886249542,0.5582432746887207,0.3351609706878662
202302A,2023-06-14 09:00:00,gridsat,CRVBND,0,0.05373676121234894,0.035812973976135254,0.7011897563934326,0.4553789794445038,0.06095204874873161,0.06445079296827316,0.1056901216506958,0.08590757101774216,0.0784313827753067,0.3584497570991516
202302A,2023-06-14 15:00:00,gridsat,SHEAR,0,0.06549198180437088,0.00021475914400070906,0.6338503360748291,0.2834537625312805,0.15841680765151978,0.6515792608261108,0.024391336366534233,0.00500602787360549,0.11784951388835907,0.059746209532022476
202302A,2023-06-14 21:00:00,gridsat,CRVBND,0,0.03646890074014664,0.006462720222771168,0.8272916078567505,0.6290360689163208,0.07176465541124344,0.21946677565574646,0.01300653163343668,0.02091732621192932,0.05146828666329384,0.12411711364984512
202302A,2023-06-15 03:00:00,gridsat,SHEAR,0,0.01857678033411503,0.00155348249245435,0.040407389402389526,0.3809584677219391,0.8857877254486084,0.59972083568573,0.047421786934137344,0.010247686877846718,0.007806298788636923,0.007519501727074385
202302A,2023-06-15 09:00:00,gridsat,CRVBND,0,0.020713267847895622,0.24608583748340607,0.8619609475135803,0.2920871078968048,0.05662129074335098,0.01508229598402977,0.010975232347846031,0.3914906084537506,0.04972928762435913,0.05525416135787964
202302A,2023-06-15 15:00:00,gridsat,CRVBND,0,0.017246298491954803,0.22733870148658752,0.10428968071937561,0.3713154196739197,0.018293164670467377,0.02829301916062832,0.8067382574081421,0.2889954149723053,0.053432587534189224,0.08405741304159164
202304B,2023-08-01 00:00:00,gridsat,CRVBND,4,0.0040621631778776646,8.320150664076209e-05,0.05129050835967064,0.5769816637039185,0.9340335130691528,0.1665666252374649,0.0022194443736225367,0.006428726017475128,0.008394352160394192,0.24993975460529327
202304B,2023-08-01 06:00:00,gridsat,SHEAR,4,0.01676943153142929,7.2429115789418574e-06,0.17101076245307922,0.5007986426353455,0.7667723298072815,0.3915530741214752,0.0159935113042593,0.0006251713493838906,0.029453933238983154,0.10701587051153183
202305A,2023-10-21 15:30:00,gridsat,EYE,3,0.9751399159431458,0.5741878747940063,0.004149317275732756,0.04517269507050514,0.008110163733363152,0.00022449232346843928,0.006530522368848324,0.35932889580726624,0.006070128176361322,0.0210860725492239
202305A,2023-10-21 21:00:00,gridsat,EYE,3,0.9007221460342407,0.5076107978820801,0.014312129467725754,0.13079217076301575,0.010720609687268734,0.0008111593197099864,0.06752979755401611,0.31655800342559814,0.006715426687151194,0.044227804988622665
202305A,2023-10-22 03:00:00,gridsat,EYE,3,0.9749726057052612,0.6750590205192566,0.004696448799222708,0.04430431127548218,0.008952027186751366,0.00024154070706572384,0.004689066670835018,0.2719773054122925,0.006689880043268204,0.008417765609920025
202305A,2023-10-22 09:00:00,gridsat,EYE,3,0.9539503455162048,0.6733619570732117,0.009458042681217194,0.11146631836891174,0.015283304266631603,0.0025243053678423166,0.011912353336811066,0.20361781120300293,0.009395960718393326,0.009029632434248924
202305A,2023-10-22 15:00:00,gridsat,EYE,3,0.9698449373245239,0.7650508284568787,0.006840130314230919,0.08370531350374222,0.008090940304100513,0.001361848204396665,0.004999109078198671,0.13450127840042114,0.010224863886833191,0.015380734577775002
202305A,2023-10-22 21:00:00,gridsat,EYE,3,0.9606232643127441,0.4392566978931427,0.0068168616853654385,0.22395579516887665,0.007323398720473051,0.003018713556230068,0.015342358499765396,0.22337578237056732,0.009894140064716339,0.11039314419031143
202305A,2023-10-23 09:30:00,gridsat,SHEAR,3,0.038389526307582855,0.002816098276525736,0.5972457528114319,0.26898473501205444,0.3323012590408325,0.7232618927955627,0.024772178381681442,0.0012732066679745913,0.0072912792675197124,0.003663991577923298
202305A,2023-10-23 15:00:00,gridsat,EYE,3,0.24541741609573364,0.5522989630699158,0.18762457370758057,0.13973379135131836,0.009410234168171883,0.0012361856643110514,0.46923622488975525,0.23134304583072662,0.088311567902565,0.07538808137178421
202306B,2023-10-24 03:00:00,gridsat,EMBC,1,0.8600208163261414,0.4592909514904022,0.0057049402967095375,0.021953456103801727,0.014391166158020496,1.535751835035626e-05,0.10393497347831726,0.5037650465965271,0.015948045998811722,0.014975186437368393
202306B,2023-10-24 08:30:00,gridsat,EMBC,1,0.020183533430099487,0.5769394040107727,0.05927738919854164,0.024787908419966698,0.025338271632790565,1.8704293324844912e-05,0.765787661075592,0.3764282763004303,0.12941311299800873,0.021825669333338737
202306B,2023-10-24 15:00:00,gridsat,EMBC,1,0.004652835428714752,0.4633744955062866,0.01573994942009449,0.007651233114302158,0.0027008315082639456,1.2394341410981724e-06,0.968959629535675,0.520544171333313,0.007946740835905075,0.008428895846009254
202307B,2023-11-17 00:00:00,gridsat,CRVBND,3,0.007850428111851215,0.0029642849694937468,0.2785787880420685,0.20440827310085297,0.27606844902038574,0.0066557168029248714,0.008816198445856571,0.008038792759180069,0.42868611216545105,0.7779329419136047
202307B,2023-11-17 06:00:00,gridsat,SHEAR,3,0.004206269048154354,2.787354969768785e-05,0.012954139150679111,0.17955997586250305,0.9759706258773804,0.8061757683753967,0.004255469422787428,0.0003260935191065073,0.0026134930085390806,0.01391037181019783
202308B,2023-12-03 03:00:00,gridsat,CRVBND,2,0.0199354849755764,0.2727588713169098,0.8130637407302856,0.3696233034133911,0.01184043101966381,0.001548970933072269,0.11358994245529175,0.3291459083557129,0.04157032072544098,0.02692291885614395
202308B,2023-12-03 09:00:00,gridsat,CRVBND,2,0.00503108324483037,0.04043297842144966,0.9301085472106934,0.7823558449745178,0.008020170032978058,0.045395318418741226,0.031064460054039955,0.031647052615880966,0.025775717571377754,0.10016883164644241
202308B,2023-12-03 14:30:00,gridsat,CRVBND,2,0.05450090020895004,0.12621168792247772,0.6161065101623535,0.5258304476737976,0.027284638956189156,0.004193041007965803,0.2818009853363037,0.22934086620807648,0.020306944847106934,0.11442394554615021
202308B,2023-12-03 20:00:00,gridsat,CRVBND,2,0.07569665461778641,0.09523072838783264,0.07084871083498001,0.6242912411689758,0.003768535563722253,0.0024270755238831043,0.8196474313735962,0.1938169151544571,0.0300386231392622,0.08423397690057755
202308B,2023-12-04 03:00:00,gridsat,CRVBND,2,0.09912243485450745,0.07606304436922073,0.2578834593296051,0.7011677622795105,0.010279813781380653,0.012873439118266106,0.612845778465271,0.16442246735095978,0.019868524745106697,0.04547334089875221
202401B,2024-05-25 18:30:00,gridsat,CRVBND,0,0.015041081234812737,0.002608983311802149,0.9146721363067627,0.708101749420166,0.014278666116297245,0.031130623072385788,0.0041172862984240055,0.037544071674346924,0.051890939474105835,0.22061455249786377
202401B,2024-05-26 00:00:00,gridsat,CRVBND,0,0.03273400291800499,0.031508754938840866,0.42741119861602783,0.28258922696113586,0.018341021612286568,0.00039626966463401914,0.23322702944278717,0.4333118498325348,0.28828680515289307,0.2521939277648926
202401B,2024-05-26 06:00:00,gridsat,CRVBND,0,0.029470205307006836,0.12209883332252502,0.08327111601829529,0.22940555214881897,0.029758939519524574,0.0004947613924741745,0.8248565793037415,0.4915968179702759,0.032643143087625504,0.15640398859977722
202401B,2024-05-26 12:00:00,gridsat,CRVBND,0,0.02123693935573101,0.0423482321202755,0.34867894649505615,0.32372334599494934,0.01981879211962223,0.0018104416085407138,0.0735917016863823,0.23007641732692719,0.5366736054420471,0.40204155445098877
202402A,2024-08-30 06:00:00,gridsat,CRVBND,1,0.02620347961783409,0.007264405023306608,0.3461848199367523,0.6249473094940186,0.48802119493484497,0.24812576174736023,0.023151161149144173,0.008763552643358707,0.1164393424987793,0.11089903861284256
202402A,2024-08-30 12:00:00,gridsat,CRVBND,1,0.031467292457818985,0.011266729794442654,0.3830195367336273,0.7352996468544006,0.49570849537849426,0.1992112398147583,0.06291086971759796,0.014633414335548878,0.026893865317106247,0.03958890214562416
202402A,2024-08-30 18:00:00,gridsat,CRVBND,1,0.02580263279378414,0.007290602196007967,0.5845445990562439,0.5228963494300842,0.32030677795410156,0.4523845613002777,0.029308417811989784,0.0029138056561350822,0.04003753885626793,0.014514672569930553
202402A,2024-08-31 00:00:00,gridsat,CRVBND,1,0.038079384714365005,0.021368784829974174,0.8659334182739258,0.6730412840843201,0.06010938435792923,0.2272353172302246,0.024143382906913757,0.01717260293662548,0.011734377592802048,0.061181992292404175
202402A,2024-08-31 06:00:00,gridsat,CRVBND,1,0.029178064316511154,0.04797033593058586,0.8692936301231384,0.5480375289916992,0.0432104654610157,0.3517822325229645,0.037204399704933167,0.01038976851850748,0.02111346460878849,0.04182015731930733
202402A,2024-08-31 12:00:00,gridsat,CRVBND,1,0.00931551493704319,0.016371367499232292,0.02265133708715439,0.47978484630584717,0.003469102317467332,0.14676623046398163,0.0013373043620958924,0.0076947081834077835,0.9632266759872437,0.34938281774520874
202402A,2024-08-31 18:00:00,gridsat,CRVBND,1,0.024623895063996315,0.020283261314034462,0.24358299374580383,0.42611485719680786,0.012549220584332943,0.08031199872493744,0.009921046905219555,0.010652716271579266,0.7093228697776794,0.46263718605041504
202402A,2024-09-01 00:00:00,gridsat,CRVBND,1,0.023945117369294167,0.0543203204870224,0.9133996963500977,0.4946579933166504,0.019611647352576256,0.1328229457139969,0.035094670951366425,0.02214764431118965,0.00794893316924572,0.2960510849952698
202402A,2024-09-01 06:00:00,gridsat,SHEAR,1,0.011877372860908508,0.00039842238766141236,0.06275724619626999,0.045069802552461624,0.908211886882782,0.9534255862236023,0.007859022356569767,9.734676859807223e-05,0.00929456390440464,0.0010088938288390636
202402A,2024-09-01 12:00:00,gridsat,SHEAR,1,0.016911553218960762,0.00029726960929110646,0.10685461014509201,0.03498022258281708,0.8385050296783447,0.9629666805267334,0.017379065975546837,0.00017548409232404083,0.020349742844700813,0.001580271520651877
202402A,2024-09-01 18:00:00,gridsat,SHEAR,1,0.008215898647904396,1.0408816706330981e-05,0.0037775959353893995,0.007197185885161161,0.9680938720703125,0.9927916526794434,0.009278693236410618,1.9789190730534756e-07,0.010633875615894794,4.941142037750978e-07
202402A,2024-09-01 22:30:00,gridsat,SHEAR,1,0.009782467037439346,4.19039088228601e-06,0.011845877394080162,0.0034485971555113792,0.9591954350471497,0.9965466856956482,0.00741490488871932,8.392150618874439e-08,0.011761422269046307,5.025877953812596e-07
202403B,2024-10-23 13:00:00,gridsat,IRRCDO,4,0.0286665428429842,0.20750950276851654,0.42574700713157654,0.26288729906082153,0.010965139605104923,0.007667076773941517,0.26108863949775696,0.012073696590960026,0.2735326588153839,0.5098624229431152
202403B,2024-10-24 00:30:00,gridsat,EMBC,4,0.018958518281579018,0.969502329826355,0.05975158140063286,0.005158446729183197,0.00755511038005352,2.1381327314884402e-05,0.8038899898529053,0.013558551669120789,0.10984475910663605,0.011759400367736816
202403B,2024-10-24 05:30:00,gridsat,CRVBND,4,0.01373210083693266,0.10831299424171448,0.40957215428352356,0.5163417458534241,0.0127207450568676,0.07174408435821533,0.17640024423599243,0.014832863584160805,0.38757482171058655,0.28876829147338867
202403B,2024-10-25 00:30:00,gridsat,IRRCDO,4,0.033304933458566666,0.13916650414466858,0.11537729948759079,0.18007661402225494,0.013745440170168877,0.029504159465432167,0.6776934266090393,0.0036201411858201027,0.1598789244890213,0.6476325988769531
202404B,2024-11-30 09:30:00,gridsat,CRVBND,2,0.011536692269146442,6.442722224164754e-05,0.055579815059900284,0.2747010886669159,0.02736770361661911,0.13565698266029358,0.050070684403181076,0.05553138628602028,0.855445146560669,0.5340461730957031
202404B,2024-11-30 15:00:00,gridsat,CRVBND,2,0.010892295278608799,4.5512191348962006e-08,0.0671456828713417,0.024631958454847336,0.008566251955926418,0.9483616948127747,0.041019733995199203,0.00011057564552174881,0.872376024723053,0.02689581923186779
202404B,2024-11-30 21:00:00,gridsat,IRRCDO,2,0.008978514932096004,1.1241932043049019e-06,0.1281559020280838,0.03350864350795746,0.025072390213608742,0.071452297270298,0.021161982789635658,0.0004205070436000824,0.8166311979293823,0.8946173787117004
202501B,2025-10-01 12:00:00,gridsat,SHEAR,3,0.007751558441668749,6.48851084861235e-07,0.15360108017921448,0.05781840533018112,0.8270600438117981,0.9374678730964661,0.004025519359856844,5.0448652473278344e-05,0.007561749778687954,0.0046625928953289986
202501B,2025-10-01 18:00:00,gridsat,SHEAR,3,0.006704988423734903,3.2203670343733393e-06,0.21257230639457703,0.07685959339141846,0.7642078995704651,0.922174870967865,0.001848422223702073,0.0001465396344428882,0.01466629933565855,0.0008158550481311977
202501B,2025-10-02 00:00:00,gridsat,CRVBND,3,0.006274550687521696,0.00041702811722643673,0.4777841866016388,0.19828277826309204,0.09096090495586395,0.01016018632799387,0.008068338967859745,0.00467907777056098,0.4169120788574219,0.7864609360694885
202501B,2025-10-02 06:00:00,gridsat,CRVBND,3,0.002132043242454529,0.0009333129855804145,0.23481018841266632,0.1970604956150055,0.019885627552866936,0.01464388333261013,0.002437459072098136,0.008946551941335201,0.7407346367835999,0.7784157395362854
202502A,2025-10-03 05:30:00,gridsat,CRVBND,0,0.035832393914461136,0.5264660120010376,0.8671343326568604,0.1213376373052597,0.00699468282982707,0.005384436342865229,0.03267982602119446,0.2722369134426117,0.0573587529361248,0.0745750367641449
202502A,2025-10-03 12:30:00,gridsat,IRRCDO,0,0.007918459363281727,0.4650484025478363,0.05363218113780022,0.056122828274965286,0.005245632026344538,0.0009356570662930608,0.9266901016235352,0.3263116478919983,0.006513643078505993,0.15158149600028992
202502A,2025-10-03 18:00:00,gridsat,IRRCDO,0,0.03330747038125992,0.16950754821300507,0.1639491617679596,0.30624306201934814,0.033332496881484985,0.007723875809460878,0.5240411162376404,0.11686774343252182,0.2453698217868805,0.39965781569480896
202502A,2025-10-04 00:00:00,gridsat,CRVBND,0,0.02104537934064865,0.22008880972862244,0.1851557195186615,0.5807055830955505,0.02869405411183834,0.03137557581067085,0.7460686564445496,0.08765758574008942,0.019036173820495605,0.0801725685596466
202502A,2025-10-04 06:00:00,gridsat,CRVBND,0,0.13172920048236847,0.23137709498405457,0.44597530364990234,0.27584749460220337,0.035945966839790344,0.05956017225980759,0.26252561807632446,0.36816683411598206,0.12382396310567856,0.06504835188388824
202502A,2025-10-04 12:00:00,gridsat,EMBC,0,0.8791617751121521,0.3322863280773163,0.0267474465072155,0.20810024440288544,0.011292622424662113,0.00882288720458746,0.06307785212993622,0.14400769770145416,0.019720304757356644,0.3067828416824341
202502A,2025-10-04 17:00:00,gridsat,IRRCDO,0,0.04201240837574005,0.4714983403682709,0.18651491403579712,0.007383591495454311,0.022956544533371925,2.2037100279703736e-05,0.04879957064986229,0.46326568722724915,0.6997166275978088,0.05783035606145859
202502A,2025-10-05 05:30:00,gridsat,EMBC,0,0.0336279571056366,0.36275655031204224,0.7908972501754761,0.011412959545850754,0.033974889665842056,0.00014670644304715097,0.05448342487215996,0.6100280284881592,0.08701655268669128,0.0156557559967041
202502A,2025-10-05 18:00:00,gridsat,CRVBND,0,0.01716468669474125,0.1212768405675888,0.9104520082473755,0.6885014772415161,0.02129897102713585,0.08312024921178818,0.016492445021867752,0.049377746880054474,0.0345919243991375,0.05772363021969795
202502A,2025-10-06 00:00:00,gridsat,SHEAR,0,0.03866302967071533,0.0002057925594272092,0.20571471750736237,0.17118503153324127,0.7237873673439026,0.8279670476913452,0.019118495285511017,9.316187060903758e-05,0.01271633431315422,0.0005489728064276278
202502A,2025-10-06 06:00:00,gridsat,SHEAR,0,0.00567814102396369,5.46873634448275e-05,0.0015857861144468188,0.03223507106304169,0.9836342334747314,0.9656112790107727,0.0037379947025328875,0.00031679231324233115,0.005363839212805033,0.0017820929642766714
202502A,2025-10-06 12:00:00,gridsat,SHEAR,0,0.01531523559242487,3.7593017623294145e-05,0.004032824654132128,0.02606949955224991,0.9553167819976807,0.9733207821846008,0.011634544469416142,0.00019893741409759969,0.0137005764991045,0.000373128306819126
202502A,2025-10-06 18:00:00,gridsat,SHEAR,0,0.010735969990491867,8.90183036972303e-06,0.004126671701669693,0.02065945602953434,0.9655409455299377,0.9793298840522766,0.012863226234912872,3.5064471148871235e-07,0.006733160000294447,1.4064860351936659e-06
202502A,2025-10-06 22:30:00,gridsat,SHEAR,0,0.012038885615766048,5.501302439370193e-06,0.0012444681487977505,0.033890947699546814,0.9615593552589417,0.9661024808883667,0.01084326021373272,1.8680103153201344e-07,0.014314033091068268,7.563919552922016e-07
202503B,2025-10-26 18:00:00,gridsat,CRVBND,1,0.008722096681594849,0.0021285107359290123,0.9435261487960815,0.4485653042793274,0.007049670908600092,0.028790468350052834,0.007617391645908356,0.019864382222294807,0.03308470547199249,0.5006512999534607
202503B,2025-10-27 00:00:00,gridsat,CRVBND,1,0.00962197594344616,0.009793066419661045,0.3947826027870178,0.34933969378471375,0.0037235207855701447,0.0018290947191417217,0.028697792440652847,0.08575014024972916,0.5631740689277649,0.5532879829406738
202503B,2025-10-27 06:00:00,gridsat,CRVBND,1,0.004972412716597319,0.0005701708141714334,0.04587741196155548,0.5685807466506958,0.0014544391306117177,0.36021971702575684,0.0029586395248770714,0.007398334797471762,0.9447371363639832,0.06323104351758957
202503B,2025-10-27 13:00:00,gridsat,IRRCDO,1,0.004440961871296167,0.006707910913974047,0.01723666675388813,0.13293631374835968,0.0014151333598420024,0.0005507089663296938,0.008628654293715954,0.03542131185531616,0.9682785868644714,0.8243837356567383
202503B,2025-10-27 18:00:00,gridsat,CRVBND,1,0.007440624758601189,0.0006421246798709035,0.06930746138095856,0.43467745184898376,0.002902292413637042,0.06732318550348282,0.012329532764852047,0.008766653016209602,0.9080201387405396,0.4885905981063843
202503B,2025-10-27 23:30:00,gridsat,IRRCDO,1,0.004548009485006332,0.01492394134402275,0.01696094498038292,0.05824361369013786,0.005362891126424074,9.956092981155962e-06,0.934101939201355,0.12027685344219208,0.03902623802423477,0.8065456748008728
202503B,2025-10-28 06:00:00,gridsat,CRVBND,1,0.006312005687505007,0.002985806670039892,0.07078513503074646,0.44419413805007935,0.002494893502444029,0.012736434116959572,0.024096135050058365,0.021177947521209717,0.8963117599487305,0.5189056396484375
202503B,2025-10-28 12:00:00,gridsat,CRVBND,1,0.00586151797324419,0.008938988670706749,0.02400951460003853,0.35834911465644836,0.01324954442679882,0.00305878440849483,0.8878081440925598,0.06381142139434814,0.06907132267951965,0.5658417344093323
202503B,2025-10-28 17:00:00,gridsat,CRVBND,1,0.008149722591042519,0.0014492234913632274,0.12130142003297806,0.4554015100002289,0.00980562437325716,0.2678663730621338,0.006098317448049784,0.012893331237137318,0.8546449542045593,0.26238957047462463
202504B,2025-11-25 20:00:00,gridsat,EMBC,2,0.004960655700415373,0.21292486786842346,0.7041878700256348,0.059450194239616394,0.0030227096285670996,3.318373728689039e-06,0.057044900953769684,0.47460246086120605,0.2307838499546051,0.253019243478775
202505B,2025-11-27 09:00:00,gridsat,CRVBND,1,0.6081929802894592,0.11498049646615982,0.34867560863494873,0.5265891551971436,0.007242890540510416,0.01907319575548172,0.02856506034731865,0.10618717968463898,0.0073234569281339645,0.23316994309425354
202505B,2025-11-29 03:00:00,gridsat,SHEAR,1,0.007759792730212212,2.80514814221533e-05,0.007816148921847343,0.03469812870025635,0.9675018787384033,0.9648535847663879,0.006684034131467342,4.7034416638780385e-05,0.010238155722618103,0.00037317286478355527
202505B,2025-11-29 09:00:00,gridsat,SHEAR,1,0.009309298358857632,7.737331179669127e-05,0.012447616085410118,0.07449112832546234,0.9611386060714722,0.924336314201355,0.007018948905169964,0.000208480836590752,0.010085607878863811,0.000886647030711174
202505B,2025-11-29 15:00:00,gridsat,SHEAR,1,0.008821381255984306,1.7547716197441332e-05,0.007362183649092913,0.030315537005662918,0.9641726016998291,0.9695923924446106,0.009142594411969185,1.1823332897620276e-05,0.01050128135830164,6.279867375269532e-05
202505B,2025-11-29 21:00:00,gridsat,SHEAR,1,0.007533607073128223,5.404950115917018e-06,0.004933606833219528,0.011447464115917683,0.9704473614692688,0.9885309934616089,0.007604875601828098,1.7450560108045465e-06,0.009480604901909828,1.4380453649209812e-05
202505B,2025-11-30 03:00:00,gridsat,SHEAR,1,0.009577016346156597,1.5132729913602816e-06,0.0037337651010602713,0.0036501772701740265,0.9678344130516052,0.9963330030441284,0.009379955008625984,4.2351331330792163e-07,0.009474877268075943,1.489694659539964e-05
202505B,2025-11-30 09:00:00,gridsat,SHEAR,1,0.008983456529676914,2.9032551083219005e-06,0.0054751294665038586,0.007408947683870792,0.9691234827041626,0.9925734996795654,0.007642665877938271,6.1442369769793e-07,0.00877524632960558,1.4119661500444636e-05
202505B,2025-11-30 15:00:00,gridsat,SHEAR,1,0.006824484094977379,2.3553400751552545e-05,0.00418725423514843,0.027259696274995804,0.973856508731842,0.969394326210022,0.005552580114454031,6.636589660047321e-06,0.009579154662787914,0.003315916284918785
201401B,2014-01-04 07:30:00,insat,CRVBND,1,0.013103514909744263,0.001944873365573585,0.21356309950351715,0.26383185386657715,0.005376353394240141,0.682293713092804,0.007037249393761158,0.002959125442430377,0.7609198093414307,0.04897037148475647
201401B,2014-01-04 12:00:00,insat,CRVBND,1,0.009420639835298061,0.0009322091937065125,0.7053406238555908,0.2662218511104584,0.008337580598890781,0.7135767936706543,0.018934935331344604,0.0007882076315581799,0.2579662799835205,0.018480952829122543
201401B,2014-01-04 18:00:00,insat,CRVBND,1,0.032350361347198486,0.00011934546637348831,0.35502079129219055,0.11299671232700348,0.4430907368659973,0.8726315498352051,0.021124880760908127,0.00011494921636767685,0.14841316640377045,0.014137385413050652
201401B,2014-01-05 00:00:00,insat,CRVBND,1,0.008202309720218182,0.0009095240966416895,0.9572906494140625,0.17914068698883057,0.020663350820541382,0.8100078105926514,0.002690838649868965,0.00020834041060879827,0.011152886785566807,0.00973358005285263
201401B,2014-01-05 06:00:00,insat,CRVBND,1,0.029219472780823708,0.0006008406635373831,0.6098893284797668,0.08321206271648407,0.16994117200374603,0.907370924949646,0.009180672466754913,0.00015551474643871188,0.18176931142807007,0.008660600520670414
201401B,2014-01-05 12:00:00,insat,CRVBND,1,0.018108854070305824,0.007986747659742832,0.5075388550758362,0.4558124542236328,0.027350256219506264,0.45793214440345764,0.005167642142623663,0.0017653744434937835,0.44183436036109924,0.07650329172611237
201401B,2014-01-05 18:00:00,insat,CRVBND,1,0.025413954630494118,0.004657041281461716,0.3607853055000305,0.2710263431072235,0.5429704189300537,0.6978917121887207,0.023283669725060463,0.0007072106236591935,0.04754666984081268,0.02571769244968891
201401B,2014-01-06 00:00:00,insat,CRVBND,1,0.0229130070656538,0.08961383253335953,0.8769831657409668,0.5348608493804932,0.0652754008769989,0.12619143724441528,0.017537416890263557,0.01964464783668518,0.017290977761149406,0.2296893298625946
201402A,2014-06-10 03:00:00,insat,IRRCDO,1,0.011106195859611034,0.0014242371544241905,0.016219330951571465,0.0980772003531456,0.0038542943075299263,0.0060283830389380455,0.00155329005792737,0.0032702814787626266,0.9672669172286987,0.8911998867988586
201402A,2014-06-10 20:00:00,insat,EMBC,1,0.01209521759301424,0.1383076012134552,0.04048949480056763,0.2449434995651245,0.004374274984002113,0.0014417881611734629,0.9358264803886414,0.3981934189796448,0.007214487995952368,0.21711373329162598
201402A,2014-06-11 03:00:00,insat,EMBC,1,0.434892475605011,0.17741654813289642,0.11274617910385132,0.18070180714130402,0.008542094379663467,0.0014334074221551418,0.053827837109565735,0.5198813080787659,0.38999143242836,0.12056697905063629
201402A,2014-06-11 09:30:00,insat,EMBC,1,0.08065677434206009,0.3151356279850006,0.04886789992451668,0.015101215802133083,0.00705333985388279,4.589613126881886e-06,0.06932877749204636,0.6230505704879761,0.7940931916236877,0.04670792073011398
201402A,2014-06-12 03:30:00,insat,EMBC,1,0.00772304879501462,0.10755016654729843,0.00991165079176426,0.4025008976459503,0.0081083495169878,0.0025478778406977654,0.9660668969154358,0.37262406945228577,0.008190130814909935,0.11477696150541306
201402A,2014-06-12 15:00:00,insat,EMBC,1,0.006364312954246998,0.09611161798238754,0.021845009177923203,0.2994915843009949,0.008269412443041801,0.0033718058839440346,0.6812717318534851,0.18761517107486725,0.2822495102882385,0.4134098291397095
201402A,2014-06-13 09:00:00,insat,SHEAR,1,0.008724303916096687,2.3918100851005875e-05,0.008380596525967121,0.01715172827243805,0.9658605456352234,0.9826117753982544,0.008732066489756107,2.7296968255541287e-05,0.00830249022692442,0.00018535526760388166
201402A,2014-06-13 15:00:00,insat,SHEAR,1,0.0074707381427288055,1.8425730559101794e-06,0.006759691517800093,0.0041336361318826675,0.969977080821991,0.9958601593971252,0.00793175958096981,3.779177006890677e-07,0.007860797457396984,4.0848058233677875e-06
201402A,2014-06-13 21:00:00,insat,SHEAR,1,0.006465555634349585,5.015935471419652e-07,0.003371908562257886,0.001797749544493854,0.9750913977622986,0.9982013702392578,0.00694833742454648,2.6709988887319014e-08,0.008122849278151989,3.593596318296477e-07
201402A,2014-06-14 02:30:00,insat,SHEAR,1,0.0072273993864655495,4.070016075274907e-06,0.010888040997087955,0.007363148964941502,0.9514935612678528,0.9926245808601379,0.00672524468973279,2.613853439470404e-06,0.023665795102715492,5.539746780414134e-06
201403B,2014-10-08 10:30:00,insat,EMBC,1,0.19403816759586334,0.07692564278841019,0.2829909920692444,0.2404959797859192,0.024864131584763527,0.0018413661746308208,0.06459472328424454,0.26478105783462524,0.4335119128227234,0.41595593094825745
201403B,2014-10-09 01:30:00,insat,EMBC,1,0.06538406759500504,0.21510282158851624,0.1300753802061081,0.0398869588971138,0.023598112165927887,9.034291906573344e-06,0.1837090104818344,0.6002737879753113,0.5972334146499634,0.144727423787117
201403B,2014-10-09 05:00:00,insat,EMBC,1,0.04355299472808838,0.28025850653648376,0.06328120827674866,0.07636017352342606,0.010029854252934456,7.237448153318837e-05,0.3975048065185547,0.49400174617767334,0.4856311082839966,0.1493072211742401
201403B,2014-10-11 06:00:00,insat,EYE,1,0.9630833268165588,0.2598123550415039,0.0011301523772999644,0.06123838201165199,0.006014091894030571,3.6842538975179195e-05,0.01158514991402626,0.5691903829574585,0.018187319859862328,0.10972203314304352
201403B,2014-10-11 12:00:00,insat,EYE,1,0.9686928391456604,0.35766512155532837,0.0009339502430520952,0.03460328280925751,0.006487683858722448,8.978495316114277e-06,0.008230151608586311,0.5486663579940796,0.015655184164643288,0.05905620753765106
201403B,2014-10-11 23:30:00,insat,EYE,1,0.7383531332015991,0.3947914242744446,0.0028578441124409437,0.026901155710220337,0.01272980310022831,4.596207418217091e-06,0.22748899459838867,0.5399630665779114,0.01857021264731884,0.038339775055646896
201403B,2014-10-12 06:00:00,insat,EYE,1,0.9656405448913574,0.6356953978538513,0.0010010743280872703,0.03219619765877724,0.005085426848381758,2.0896557543892413e-05,0.01760074496269226,0.3192393481731415,0.010672169737517834,0.012848084792494774
201404A,2014-10-25 23:30:00,insat,CRVBND,0,0.04743367061018944,0.15435346961021423,0.02526230737566948,0.06917613744735718,0.03780203312635422,0.00016358766879420727,0.4973028600215912,0.2531638443470001,0.3921990990638733,0.5231429934501648
201404A,2014-10-26 06:00:00,insat,EMBC,0,0.19465896487236023,0.050448089838027954,0.011774065904319286,0.20485955476760864,0.027644310146570206,0.0034931309055536985,0.7305377125740051,0.22262971103191376,0.035385001450777054,0.5185694694519043
201404A,2014-10-26 13:30:00,insat,EMBC,0,0.26960209012031555,0.22779791057109833,0.21045641601085663,0.17793279886245728,0.03424756973981857,0.0036984984762966633,0.44937166571617126,0.4536511301994324,0.036322228610515594,0.13691970705986023
201404A,2014-10-27 00:00:00,insat,EYE,0,0.9451196789741516,0.06649690866470337,0.011164521798491478,0.2720252275466919,0.013494026847183704,0.005854362156242132,0.016411811113357544,0.16256019473075867,0.013809891417622566,0.49306339025497437
201404A,2014-10-27 05:00:00,insat,EYE,0,0.059167154133319855,0.14186912775039673,0.015576980076730251,0.1700918972492218,0.014060375280678272,0.002823085291311145,0.8849536180496216,0.5080485343933105,0.02624182030558586,0.17716732621192932
201404A,2014-10-27 12:30:00,insat,EMBC,0,0.04120983928442001,0.08807043731212616,0.281000018119812,0.4965236485004425,0.014778968878090382,0.044849298894405365,0.496473103761673,0.1566338688135147,0.16653816401958466,0.21392269432544708
201404A,2014-10-28 01:00:00,insat,EMBC,0,0.02731795608997345,0.017223548144102097,0.7111272811889648,0.28809982538223267,0.015674078837037086,0.011801660060882568,0.20821237564086914,0.10939682275056839,0.03766835853457451,0.5734781622886658
201404A,2014-10-28 06:00:00,insat,EYE,0,0.9461967945098877,0.10656189918518066,0.004868857562541962,0.20300278067588806,0.014302562922239304,0.0011326216626912355,0.017013806849718094,0.22043532133102417,0.017617981880903244,0.46886739134788513
201404A,2014-10-28 12:00:00,insat,EYE,0,0.9507039785385132,0.5069462060928345,0.0046729883179068565,0.008156598545610905,0.01403613667935133,1.0829903658304829e-05,0.014175103046000004,0.475911021232605,0.01641171984374523,0.008975353091955185
201404A,2014-10-29 00:00:00,insat,EMBC,0,0.038964949548244476,0.5088262557983398,0.14939987659454346,0.19930428266525269,0.03951732814311981,0.003164761234074831,0.7009615302085876,0.2407812476158142,0.0711563304066658,0.047923408448696136
201404A,2014-10-29 12:30:00,insat,EMBC,0,0.013744591735303402,0.1221492737531662,0.8493784666061401,0.650611937046051,0.034129220992326736,0.062178198248147964,0.07710863649845123,0.11077006906270981,0.025639090687036514,0.05429050326347351
201404A,2014-10-30 00:00:00,insat,IRRCDO,0,0.021198337897658348,0.20511169731616974,0.8588721752166748,0.04728544130921364,0.05386742576956749,0.00028082478092983365,0.04885956645011902,0.2890240550041199,0.017202463001012802,0.4582979083061218
201404A,2014-10-30 12:00:00,insat,CRVBND,0,0.03079128824174404,0.003502464387565851,0.23432166874408722,0.4834308922290802,0.664121150970459,0.14818225800991058,0.056770890951156616,0.008836736902594566,0.013995019719004631,0.3560476303100586
201404A,2014-10-31 00:00:00,insat,SHEAR,0,0.005461328197270632,4.499020633375039e-06,0.0014154702657833695,0.031040091067552567,0.9787342548370361,0.9689231514930725,0.007365228608250618,7.609937142660783e-07,0.0070237889885902405,3.143569119856693e-05
201404A,2014-10-31 05:30:00,insat,SHEAR,0,0.00885894987732172,6.048345767339924e-06,0.007763861678540707,0.023289108648896217,0.9627798199653625,0.9754465222358704,0.00908088218420744,1.4919817658665124e-05,0.011516427621245384,0.0012433555675670505
201405B,2014-11-06 05:00:00,insat,EMBC,3,0.005802267696708441,0.09696140140295029,0.04702884703874588,0.2803969979286194,0.004419979639351368,0.00701860198751092,0.30758222937583923,0.12736308574676514,0.6351667046546936,0.4882599115371704
201405B,2014-11-06 12:00:00,insat,CRVBND,3,0.007614626549184322,0.0010478772455826402,0.7891984581947327,0.30279839038848877,0.03303349390625954,0.06409315019845963,0.005806013010442257,0.007215653546154499,0.16434738039970398,0.6248449087142944
201405B,2014-11-07 06:00:00,insat,CRVBND,3,0.017862392589449883,0.00025599225773476064,0.612061083316803,0.28938785195350647,0.351948618888855,0.6241006255149841,0.006515895947813988,0.0006466889753937721,0.011612036265432835,0.08560888469219208
201405B,2014-11-07 12:00:00,insat,CRVBND,3,0.01212043035775423,0.0014126746682450175,0.7999206781387329,0.2242475003004074,0.1423739492893219,0.7627530694007874,0.009066838771104813,0.00038315224810503423,0.03651809319853783,0.011203636415302753
201405B,2014-11-08 00:00:00,insat,SHEAR,3,0.016643542796373367,1.1253575394221116e-05,0.05784248188138008,0.011923769488930702,0.9030821323394775,0.9880586266517639,0.007406748831272125,1.275676936529635e-06,0.015025180764496326,5.0573903536133e-06
201405B,2014-11-08 05:30:00,insat,SHEAR,3,0.009321392513811588,4.203166099614464e-06,0.006888022646307945,0.011736936867237091,0.9552322626113892,0.9881880879402161,0.00779544934630394,1.53602456975932e-06,0.020762868225574493,6.925096386112273e-05
201501A,2015-06-07 09:00:00,insat,CRVBND,4,0.031357135623693466,0.2667597830295563,0.8970511555671692,0.4002399742603302,0.008751088753342628,0.01660292223095894,0.03164296969771385,0.2810063362121582,0.031197641044855118,0.03539099916815758
201501A,2015-06-07 15:00:00,insat,CRVBND,4,0.04689275845885277,0.0035489320289343596,0.18159393966197968,0.11671286821365356,0.01873089373111725,0.0029333692509680986,0.4554812014102936,0.011495913378894329,0.29730114340782166,0.865308940410614
201501A,2015-06-07 21:00:00,insat,IRRCDO,4,0.015705877915024757,0.0215983334928751,0.13950982689857483,0.09364544600248337,0.00843260157853365,9.567759843776003e-05,0.30635204911231995,0.2404809296131134,0.5299996137619019,0.64417964220047
201501A,2015-06-08 03:00:00,insat,EMBC,4,0.017484163865447044,0.04128614440560341,0.2235584557056427,0.06876920163631439,0.011386865749955177,2.8420154194463976e-05,0.4145407974720001,0.5814921259880066,0.33302968740463257,0.30842405557632446
201501A,2015-06-08 21:00:00,insat,IRRCDO,4,0.014089479111135006,0.00872409250587225,0.1514262706041336,0.14163914322853088,0.010843660682439804,0.0017701148753985763,0.5145790576934814,0.044007204473018646,0.30906155705451965,0.8038594722747803
201501A,2015-06-09 03:00:00,insat,IRRCDO,4,0.005022631958127022,0.009775474667549133,0.5062618851661682,0.14050312340259552,0.007097144611179829,0.0009674665052443743,0.16811908781528473,0.10658694803714752,0.31349921226501465,0.7421669960021973
201501A,2015-06-09 15:00:00,insat,CRVBND,4,0.018423831090331078,0.007359640207141638,0.7977706789970398,0.5110393762588501,0.013846303336322308,0.12042314559221268,0.07349873334169388,0.04851588234305382,0.09646044671535492,0.31266194581985474
201501A,2015-06-09 21:00:00,insat,IRRCDO,4,0.01984921656548977,0.027206726372241974,0.2174551784992218,0.33886992931365967,0.012909105978906155,0.008772012777626514,0.4403356909751892,0.13545925915241241,0.30945083498954773,0.4896921217441559
201501A,2015-06-10 03:00:00,insat,EMBC,4,0.030923062935471535,0.2634356617927551,0.024711137637495995,0.16550010442733765,0.004594284575432539,0.001501272665336728,0.815717875957489,0.4414268732070923,0.12405358999967575,0.12813611328601837
201501A,2015-06-10 21:00:00,insat,SHEAR,4,0.011721687391400337,0.004283793270587921,0.8279544115066528,0.5706076622009277,0.12803404033184052,0.38353025913238525,0.012334613129496574,0.008858578279614449,0.019955245777964592,0.032719649374485016
201501A,2015-06-11 03:00:00,insat,CRVBND,4,0.005796459503471851,0.05634187161922455,0.6634297966957092,0.2824392020702362,0.01628423109650612,0.0027587255463004112,0.0657314658164978,0.2905467450618744,0.24875801801681519,0.3679133951663971
201501A,2015-06-11 09:00:00,insat,EMBC,4,0.010656573809683323,0.1610235720872879,0.6853280067443848,0.11934200674295425,0.030075006186962128,0.0010023521026596427,0.07875579595565796,0.6655791401863098,0.19518466293811798,0.05305296927690506
201501A,2015-06-11 15:00:00,insat,CRVBND,4,0.02275535836815834,0.3451613783836365,0.78480064868927,0.37918248772621155,0.00800016988068819,0.017944497987627983,0.130207821726799,0.2133699506521225,0.0542360283434391,0.04434172064065933
201501A,2015-06-11 21:00:00,insat,CRVBND,4,0.022624891251325607,0.0783393383026123,0.7590621113777161,0.654751718044281,0.13242915272712708,0.11566463112831116,0.028362954035401344,0.052249617874622345,0.05752093717455864,0.09899475425481796
201502B,2015-07-29 01:00:00,insat,CRVBND,3,0.011280899867415428,0.0021231381688266993,0.927026093006134,0.7163071036338806,0.055130429565906525,0.1399306058883667,0.003028706880286336,0.022894615307450294,0.0035338476300239563,0.11874449998140335
201502B,2015-07-29 06:00:00,insat,CRVBND,3,0.010108213871717453,0.0013041760539636016,0.9407696723937988,0.6435016393661499,0.04207765311002731,0.11412886530160904,0.0016090588178485632,0.029650695621967316,0.0054353633895516396,0.2114146202802658
201502B,2015-07-29 12:00:00,insat,CRVBND,3,0.018191853538155556,0.0016510413261130452,0.8975663185119629,0.34721726179122925,0.014471403323113918,0.007965488359332085,0.010590611025691032,0.04893573746085167,0.0591798834502697,0.5942304730415344
201502B,2015-07-29 18:00:00,insat,CRVBND,3,0.012687957845628262,0.005378261674195528,0.9606902599334717,0.7017881274223328,0.007842151448130608,0.03321058303117752,0.0037973406724631786,0.033560995012521744,0.014982239343225956,0.22606214880943298
201502B,2015-07-30 00:00:00,insat,CRVBND,3,0.06823233515024185,0.0006667952402494848,0.676531195640564,0.5998542904853821,0.08900729566812515,0.08640123158693314,0.15328291058540344,0.03168394789099693,0.01294630579650402,0.28139370679855347
201502B,2015-07-30 06:00:00,insat,CRVBND,3,0.024863291531801224,0.013795825652778149,0.9094612002372742,0.5441949963569641,0.016989169642329216,0.03345406427979469,0.02867821417748928,0.11228463053703308,0.020008131861686707,0.2962704598903656
201503A,2015-10-09 21:00:00,insat,CRVBND,2,0.006166256032884121,0.08354502171278,0.4951153099536896,0.0875987559556961,0.012238377705216408,0.0003110927063971758,0.017852317541837692,0.058913975954055786,0.4686277210712433,0.7696311473846436
201503A,2015-10-10 03:30:00,insat,IRRCDO,2,0.00869523361325264,0.3656071722507477,0.19425024092197418,0.04213763028383255,0.018081560730934143,3.4397402487229556e-05,0.04923280328512192,0.42458927631378174,0.7297401428222656,0.16763149201869965
201503A,2015-10-10 09:00:00,insat,CRVBND,2,0.03536945953965187,0.1664845496416092,0.5735257267951965,0.37741824984550476,0.07709867507219315,0.015972360968589783,0.19152948260307312,0.26588499546051025,0.12247666716575623,0.1742398589849472
201503A,2015-10-10 15:00:00,insat,CRVBND,2,0.015717824921011925,0.0072622657753527164,0.40495064854621887,0.4668380916118622,0.3216870427131653,0.4584333896636963,0.05649188533425331,0.003786245593801141,0.20115265250205994,0.06367991119623184
201503A,2015-10-10 21:00:00,insat,CRVBND,2,0.011205525137484074,0.00010311078949598595,0.2278195023536682,0.10135768353939056,0.6517452001571655,0.8969535231590271,0.02032124064862728,0.0001642559509491548,0.08890849351882935,0.0014214477268978953
201503A,2015-10-11 03:00:00,insat,CRVBND,2,0.017237164080142975,0.0008296867017634213,0.4846297800540924,0.3522491753101349,0.20718534290790558,0.5400046110153198,0.02499450370669365,0.0008463517879135907,0.26595327258110046,0.10607011616230011
201503A,2015-10-11 09:00:00,insat,CRVBND,2,0.004292995203286409,0.07650961726903915,0.19942229986190796,0.3961215913295746,0.005018608178943396,0.006275095045566559,0.020744221284985542,0.1191243901848793,0.7705219984054565,0.4019693434238434
201503A,2015-10-11 15:00:00,insat,CRVBND,2,0.020815366879105568,0.011915055103600025,0.29264014959335327,0.4825988709926605,0.6175790429115295,0.4866305887699127,0.02781420387327671,0.006697730161249638,0.041151225566864014,0.012157752178609371
201503A,2015-10-11 21:00:00,insat,CRVBND,2,0.03704975172877312,0.005035155452787876,0.27355241775512695,0.45551180839538574,0.6374672055244446,0.19527459144592285,0.041457269340753555,0.0014810572611168027,0.010473370552062988,0.342697411775589
201504A,2015-10-28 20:30:00,insat,EMBC,2,0.2143201380968094,0.3287205100059509,0.015224154107272625,0.10054132342338562,0.005561511032283306,0.0007512981537729502,0.7522543668746948,0.5399665236473083,0.012639857828617096,0.030020345002412796
201504A,2015-10-29 03:00:00,insat,CRVBND,2,0.5597183704376221,0.09684085845947266,0.17838230729103088,0.594616711139679,0.015577721409499645,0.08154682070016861,0.22236788272857666,0.14801132678985596,0.023953702300786972,0.0789843201637268
201504A,2015-10-29 09:00:00,insat,EMBC,2,0.20154155790805817,0.44984057545661926,0.33506035804748535,0.09987296909093857,0.0075303493067622185,0.0006641073268838227,0.4215533435344696,0.24997691810131073,0.034314367920160294,0.19964544475078583
201504A,2015-10-29 15:00:00,insat,EYE,2,0.9380806684494019,0.3258395493030548,0.0066831959411501884,0.20473520457744598,0.0062078130431473255,0.0028062856290489435,0.0336199514567852,0.274747371673584,0.015408401377499104,0.1918715536594391
201504A,2015-10-29 21:30:00,insat,EMBC,2,0.2895126938819885,0.4750860035419464,0.015147642232477665,0.035151805728673935,0.008137134835124016,7.214013749035075e-05,0.6699344515800476,0.4031362533569336,0.017268098890781403,0.08655381947755814
201504A,2015-10-30 03:00:00,insat,EYE,2,0.9602291584014893,0.48229771852493286,0.002666225889697671,0.015605827793478966,0.007600837387144566,1.1159916539327241e-05,0.008955813944339752,0.4772770404815674,0.020548006519675255,0.02480820193886757
201504A,2015-10-30 15:00:00,insat,EYE,2,0.945275604724884,0.5051735639572144,0.006571012083441019,0.21052592992782593,0.007938067428767681,0.00430501950904727,0.020369475707411766,0.22225524485111237,0.01984584890305996,0.057740189135074615
201504A,2015-10-31 03:00:00,insat,EYE,2,0.9552344083786011,0.35973498225212097,0.002416165778413415,0.10221292078495026,0.005969397723674774,0.00038340859464369714,0.02237432636320591,0.3600621223449707,0.014005675911903381,0.17760656774044037
201504A,2015-10-31 09:00:00,insat,EYE,2,0.9442803263664246,0.43929341435432434,0.0037265359424054623,0.10912724584341049,0.006637565325945616,0.001304895500652492,0.03362547606229782,0.4192512631416321,0.011730103753507137,0.031023243442177773
201504A,2015-10-31 15:00:00,insat,EYE,2,0.9630985856056213,0.4723548889160156,0.002449481515213847,0.16387639939785004,0.006693142466247082,0.0017133619403466582,0.012563916854560375,0.27697646617889404,0.01519493293017149,0.08507884293794632
201504A,2015-10-31 21:00:00,insat,EYE,2,0.9380373358726501,0.25505000352859497,0.0031752418726682663,0.035383544862270355,0.008246553130447865,6.560432666447014e-05,0.031490508466959,0.6786679625511169,0.01905032806098461,0.03083289973437786
201504A,2015-11-01 04:00:00,insat,EYE,2,0.5381900072097778,0.39441749453544617,0.009900569915771484,0.016582652926445007,0.010571964085102081,1.70286057254998e-05,0.42968082427978516,0.5781177282333374,0.011656636372208595,0.010865077376365662
201504A,2015-11-01 09:00:00,insat,EYE,2,0.8810561895370483,0.325429230928421,0.004874057602137327,0.04872450605034828,0.008985872380435467,0.00020098581444472075,0.08743355423212051,0.6144359707832336,0.017650438472628593,0.011209324933588505
201504A,2015-11-01 15:00:00,insat,EYE,2,0.9616220593452454,0.5299181938171387,0.0030797033105045557,0.1420309692621231,0.007165651302784681,0.0011614641407504678,0.012391789816319942,0.2950577437877655,0.015740765258669853,0.03183164820075035
201504A,2015-11-01 21:00:00,insat,EYE,2,0.9601097106933594,0.5142746567726135,0.0024144069757312536,0.1018703281879425,0.007836874574422836,0.0002971627109218389,0.010751810856163502,0.3040463924407959,0.01888720691204071,0.07951147854328156
201504A,2015-11-02 03:00:00,insat,EYE,2,0.9633203148841858,0.6976698637008667,0.0025858001317828894,0.017631202936172485,0.00791699718683958,1.5039395293570124e-05,0.0070611899718642235,0.2779058814048767,0.019115706905722618,0.006778043229132891
201504A,2015-11-02 09:00:00,insat,EYE,2,0.9601583480834961,0.8294744491577148,0.0029803733341395855,0.03353822976350784,0.007908334955573082,0.0003530837711878121,0.013038242235779762,0.1332099288702011,0.01591464877128601,0.003424363676458597
201504A,2015-11-02 15:00:00,insat,EYE,2,0.9282183647155762,0.8729515671730042,0.0069180321879684925,0.04662543162703514,0.006838853470981121,0.0009763697162270546,0.043527934700250626,0.07515433430671692,0.014496872201561928,0.004292336758226156
201504A,2015-11-03 03:30:00,insat,CRVBND,2,0.042973149567842484,0.2127193659543991,0.5563764572143555,0.5176305174827576,0.02037917636334896,0.04832692816853523,0.24291446805000305,0.1423182636499405,0.13735675811767578,0.07900489866733551
201505A,2015-11-05 08:00:00,insat,CRVBND,0,0.021746346727013588,0.3707016408443451,0.6927279829978943,0.043600182980298996,0.012017476372420788,0.0007256997632794082,0.2367166131734848,0.518420398235321,0.036791592836380005,0.06655213981866837
201505A,2015-11-05 14:30:00,insat,CRVBND,0,0.013079973869025707,0.14424900710582733,0.9225763082504272,0.5644636750221252,0.030124440789222717,0.08783316612243652,0.02544274367392063,0.036466360092163086,0.008776575326919556,0.16698776185512543
201505A,2015-11-06 09:00:00,insat,CRVBND,0,0.006152759306132793,0.38574159145355225,0.9674015641212463,0.26072990894317627,0.007793531287461519,0.01424237061291933,0.012899202294647694,0.13012906908988953,0.005752920173108578,0.2091570794582367
201505A,2015-11-06 15:00:00,insat,CRVBND,0,0.019319241866469383,0.1387840360403061,0.9246504306793213,0.6257128119468689,0.01868370734155178,0.18720076978206635,0.02509048767387867,0.0248876865953207,0.012256142683327198,0.023414744064211845
201505A,2015-11-07 09:00:00,insat,EMBC,0,0.31014636158943176,0.7171214818954468,0.0036873011849820614,0.08639669418334961,0.04979916289448738,0.0025549547281116247,0.5608183741569519,0.14805355668067932,0.07554876804351807,0.04587329179048538
201505A,2015-11-07 21:00:00,insat,EYE,0,0.9004071354866028,0.0086010517552495,0.005024505779147148,0.46965909004211426,0.02847151830792427,0.3157557547092438,0.02554900385439396,0.003267762018367648,0.040547844022512436,0.20271632075309753
201505A,2015-11-08 03:00:00,insat,EYE,0,0.925496518611908,0.04343254864215851,0.0025012448895722628,0.19542038440704346,0.022827619686722755,0.011100233532488346,0.026735369116067886,0.017990799620747566,0.022439202293753624,0.7320560216903687
201505A,2015-11-08 08:00:00,insat,EYE,0,0.6758890151977539,0.7439219355583191,0.0024697622284293175,0.058979861438274384,0.025677764788269997,0.0013092937879264355,0.2757300138473511,0.14443069696426392,0.02023346535861492,0.05135832354426384
201505A,2015-11-09 03:30:00,insat,EMBC,0,0.0646863654255867,0.43224748969078064,0.19570066034793854,0.3422837555408478,0.0704428181052208,0.001772772055119276,0.643463671207428,0.0837603509426117,0.025706466287374496,0.13993564248085022
201505A,2015-11-09 09:00:00,insat,IRRCDO,0,0.018302083015441895,0.5275237560272217,0.9395878911018372,0.29549965262413025,0.006474329624325037,0.0042209988459944725,0.020572680979967117,0.09821978956460953,0.01506305392831564,0.07453582435846329
201505A,2015-11-09 15:00:00,insat,CRVBND,0,0.03469669073820114,0.010098964907228947,0.8648927807807922,0.7999494671821594,0.04974525049328804,0.1781383603811264,0.03232598677277565,0.0036772890016436577,0.018339287489652634,0.008135873824357986
201505A,2015-11-09 21:00:00,insat,SHEAR,0,0.07644113153219223,0.0013193209888413548,0.5773497819900513,0.4542008638381958,0.26516151428222656,0.5367515087127686,0.06164638698101044,0.00013724218297284096,0.01940113492310047,0.007591027766466141
201601B,2016-05-19 15:00:00,insat,IRRCDO,4,0.034464284777641296,0.01621118374168873,0.5223957300186157,0.5894383788108826,0.349213570356369,0.14750634133815765,0.039203815162181854,0.05620568245649338,0.05472264066338539,0.1906384378671646
201601B,2016-05-19 21:00:00,insat,CRVBND,4,0.012374138459563255,0.015284126624464989,0.13137517869472504,0.11978671699762344,0.013377956114709377,0.0008750582346692681,0.005705148912966251,0.04043750837445259,0.8371675610542297,0.8236165642738342
201601B,2016-05-20 10:00:00,insat,EMBC,4,0.021907666698098183,0.3735398054122925,0.03883329778909683,0.016697809100151062,0.003365451470017433,3.5015857520193094e-06,0.9152783751487732,0.5884504318237305,0.02061513252556324,0.02130839228630066
201601B,2016-05-20 15:00:00,insat,CRVBND,4,0.015916230157017708,0.030373498797416687,0.4358934164047241,0.22874300181865692,0.010504921898245811,0.0008324473164975643,0.013203185051679611,0.11144223809242249,0.5244823098182678,0.6286088228225708
201602A,2016-06-27 09:00:00,insat,CRVBND,0,0.004965818487107754,0.047684069722890854,0.020239951089024544,0.14021015167236328,0.013242795132100582,0.00714716175571084,0.9292211532592773,0.5175328850746155,0.032330222427845,0.287425696849823
201602A,2016-06-27 15:00:00,insat,IRRCDO,0,0.008574683219194412,0.009048551321029663,0.9533425569534302,0.7088120579719543,0.008787507191300392,0.1788538545370102,0.0036764461547136307,0.013896062038838863,0.02561875432729721,0.08938954770565033
201602A,2016-06-28 03:00:00,insat,CRVBND,0,0.010801861993968487,0.006601633969694376,0.9344626665115356,0.5344448685646057,0.01561566349118948,0.16477638483047485,0.011655962094664574,0.016686424612998962,0.027463767677545547,0.2774907350540161
201602A,2016-06-28 21:00:00,insat,SHEAR,0,0.011764220893383026,1.1816531468866742e-06,0.9340924620628357,0.03835050389170647,0.04365316405892372,0.9616076946258545,0.0052300309762358665,1.5135266266952385e-06,0.005260125733911991,3.9109934732550755e-05
201603B,2016-10-25 04:30:00,insat,EMBC,3,0.0067735998891294,0.35886290669441223,0.1305314302444458,0.07895882427692413,0.0062837153673172,0.00012269661237951368,0.7971963882446289,0.37201738357543945,0.05921485647559166,0.19003809988498688
201603B,2016-10-25 11:30:00,insat,EMBC,3,0.004886210896074772,0.3943730294704437,0.042574670165777206,0.16628925502300262,0.005486723966896534,0.0010553873144090176,0.9326328635215759,0.34015563130378723,0.014419580809772015,0.09812669456005096
201603B,2016-10-26 12:00:00,insat,CRVBND,3,0.00368391047231853,0.11460532248020172,0.9552098512649536,0.6445063352584839,0.006128057837486267,0.0857677236199379,0.0021731455344706774,0.06050567328929901,0.03280504420399666,0.0946149080991745
201603B,2016-10-27 00:00:00,insat,IRRCDO,3,0.032063815742731094,0.0008452921756543219,0.45392802357673645,0.23143529891967773,0.44110119342803955,0.598029613494873,0.01162666454911232,0.0004315825062803924,0.061280257999897,0.16925816237926483
201603B,2016-10-27 04:30:00,insat,CRVBND,3,0.016579801216721535,0.03240658715367317,0.8768936991691589,0.6344327330589294,0.06162372604012489,0.06115959957242012,0.007312601897865534,0.024144254624843597,0.03759025037288666,0.2478567659854889
201604B,2016-11-30 03:30:00,insat,IRRCDO,2,0.012667321600019932,0.005557461176067591,0.8017474412918091,0.5904549360275269,0.009968739002943039,0.09165546298027039,0.0699743777513504,0.02624555490911007,0.10564219951629639,0.28608664870262146
201604B,2016-11-30 09:00:00,insat,CRVBND,2,0.021494228392839432,0.002010303782299161,0.39190176129341125,0.3655625581741333,0.5022153854370117,0.6082437038421631,0.03609386831521988,0.014070691540837288,0.048294778913259506,0.010112729854881763
201604B,2016-11-30 15:00:00,insat,CRVBND,2,0.01010832004249096,0.00041004791273735464,0.48429325222969055,0.2960030436515808,0.3299371600151062,0.6875133514404297,0.010261349380016327,0.006666127592325211,0.16540002822875977,0.009407498873770237
201604B,2016-11-30 21:00:00,insat,SHEAR,2,0.017445703968405724,1.413230893376749e-05,0.6690218448638916,0.05267011746764183,0.2758035957813263,0.9464049339294434,0.014421134255826473,0.00020157129620201886,0.023307781666517258,0.0007091997540555894
201604B,2016-12-01 03:00:00,insat,SHEAR,2,0.006758998613804579,1.8825903680408373e-05,0.11893673986196518,0.029179004952311516,0.8375328779220581,0.970634400844574,0.01077100820839405,5.203369437367655e-05,0.02600039914250374,0.00011569937487365678
201604B,2016-12-01 09:00:00,insat,SHEAR,2,0.00590697443112731,2.022816079261247e-05,0.015023649670183659,0.0068691750057041645,0.9667176008224487,0.9930932521820068,0.007288539782166481,7.356553396675736e-06,0.005063226446509361,1.0032696081907488e-05
201604B,2016-12-01 15:00:00,insat,SHEAR,2,0.0067816623486578465,1.0371519238105975e-05,0.012219631113111973,0.004461505450308323,0.9660155773162842,0.9955164790153503,0.00484912795946002,2.2137251107778866e-06,0.0101340152323246,9.371289706905372e-06
201604B,2016-12-01 21:00:00,insat,SHEAR,2,0.012452082708477974,4.4324539771878335e-07,0.030233105644583702,0.005067240912467241,0.936735212802887,0.9949179887771606,0.0074859377928078175,3.3959358916035853e-06,0.013093613088130951,1.0925819879048504e-05
201605B,2016-12-07 15:00:00,insat,CRVBND,4,0.02954975515604019,0.6501146554946899,0.6129087805747986,0.022200098261237144,0.024393634870648384,3.078923327848315e-05,0.27137237787246704,0.3060450851917267,0.06177543103694916,0.021609386429190636
201605B,2016-12-07 20:30:00,insat,IRRCDO,4,0.05004166439175606,0.6057190299034119,0.10627980530261993,0.02967737428843975,0.02507970854640007,1.9295242964290082e-05,0.2620539665222168,0.32723483443260193,0.5565447807312012,0.03734952211380005
201605B,2016-12-08 03:30:00,insat,CRVBND,4,0.04713013023138046,0.6203805208206177,0.4612727761268616,0.12810149788856506,0.015226233750581741,0.0011259212624281645,0.41305163502693176,0.1892843246459961,0.06331922113895416,0.0611078180372715
201605B,2016-12-08 09:00:00,insat,CRVBND,4,0.03548823297023773,0.02603566274046898,0.8030818700790405,0.6534510850906372,0.05287233367562294,0.11305466294288635,0.024949559941887856,0.06000274047255516,0.08360803872346878,0.14745579659938812
201605B,2016-12-08 15:00:00,insat,CRVBND,4,0.014443946070969105,0.001317202695645392,0.1664303094148636,0.3452610373497009,0.03207707032561302,0.030465994030237198,0.010387900285422802,0.0074828751385211945,0.7766607403755188,0.6154729127883911
201605B,2016-12-08 20:30:00,insat,IRRCDO,4,0.06741063296794891,0.0026489105075597763,0.0633939802646637,0.2318851351737976,0.014844337478280067,0.005795289762318134,0.49372097849845886,0.016515517607331276,0.3606300354003906,0.7431551814079285
201605B,2016-12-09 09:00:00,insat,IRRCDO,4,0.012225687503814697,0.005617673508822918,0.6852576732635498,0.5845583081245422,0.015393487177789211,0.060815997421741486,0.04816548526287079,0.03828727453947067,0.23895765841007233,0.3107207417488098
201605B,2016-12-10 02:30:00,insat,EMBC,4,0.02741587907075882,0.5137236714363098,0.03727973625063896,0.012557156383991241,0.0063248793594539165,9.536122888675891e-06,0.9227912425994873,0.4671764671802521,0.006188276223838329,0.006533170118927956
201605B,2016-12-10 15:00:00,insat,EMBC,4,0.5356077551841736,0.2685559391975403,0.030898937955498695,0.09514406323432922,0.016241135075688362,0.00017977588868234307,0.2704184949398041,0.45307883620262146,0.14683368802070618,0.18304140865802765
201605B,2016-12-10 21:00:00,insat,EMBC,4,0.04366886988282204,0.28852733969688416,0.02370828203856945,0.05291737988591194,0.006656244862824678,9.500247688265517e-05,0.8600680232048035,0.6046833992004395,0.06589854508638382,0.053776904940605164
201605B,2016-12-11 21:00:00,insat,EYE,4,0.33007094264030457,0.5825700759887695,0.0029488708823919296,0.009963324293494225,0.02159331738948822,1.1462515431048814e-05,0.6382777690887451,0.386216938495636,0.007109111174941063,0.021238267421722412
201605B,2016-12-12 04:00:00,insat,EYE,4,0.01701965741813183,0.6845794320106506,0.011842477135360241,0.048694342374801636,0.004443163517862558,0.00030621743644587696,0.9501239061355591,0.22627320885658264,0.016570784151554108,0.04014688357710838
201701B,2017-04-16 03:00:00,insat,IRRCDO,3,0.00728694349527359,0.28374817967414856,0.9262586832046509,0.14798901975154877,0.013520915061235428,0.0016102505614981055,0.009010646492242813,0.25919845700263977,0.04392286762595177,0.30745407938957214
201701B,2017-04-16 09:10:00,insat,IRRCDO,3,0.06033385545015335,0.38366228342056274,0.5602113604545593,0.024396445602178574,0.018774403259158134,5.528341353056021e-05,0.17603260278701782,0.40407121181488037,0.1846478283405304,0.18781475722789764
201701B,2017-04-16 15:40:00,insat,IRRCDO,3,0.014360332861542702,0.06065608188509941,0.41113391518592834,0.017698727548122406,0.01963031105697155,6.251583545235917e-05,0.04525037854909897,0.595613420009613,0.5096250772476196,0.32596927881240845
201702B,2017-05-28 07:00:00,insat,EMBC,2,0.02956889569759369,0.15675956010818481,0.2694830894470215,0.11933576315641403,0.010815955698490143,3.9796104829292744e-06,0.6038443446159363,0.5945580005645752,0.086287721991539,0.12934273481369019
201702B,2017-05-28 12:10:00,insat,IRRCDO,2,0.040980663150548935,0.008553705178201199,0.23296058177947998,0.5845731496810913,0.010853015817701817,0.0002413881302345544,0.46303272247314453,0.17386655509471893,0.2521730363368988,0.2327653020620346
201702B,2017-05-28 18:10:00,insat,IRRCDO,2,0.019742997363209724,0.005959209520369768,0.7075058221817017,0.22434507310390472,0.015136348083615303,1.5618519682902843e-05,0.13241371512413025,0.15631543099880219,0.12520118057727814,0.6133646965026855
201702B,2017-05-29 00:10:00,insat,IRRCDO,2,0.09753072261810303,0.12182478606700897,0.07727765291929245,0.15006333589553833,0.008209982886910439,1.1647837709460873e-05,0.798132598400116,0.5405233502388,0.018849072977900505,0.18757691979408264
201702B,2017-05-29 13:10:00,insat,IRRCDO,2,0.05766352638602257,0.0017427935963496566,0.5051829218864441,0.7760253548622131,0.04799887537956238,0.015358243137598038,0.26552286744117737,0.11622634530067444,0.12363184243440628,0.09064733237028122
201702B,2017-05-29 22:40:00,insat,EYE,2,0.053763411939144135,0.08079095929861069,0.012312707491219044,0.12812811136245728,0.00243944744579494,5.840379526489414e-05,0.9190874099731445,0.2612169086933136,0.012397099286317825,0.529805600643158
201703B,2017-11-30 03:00:00,insat,EMBC,3,0.0656379833817482,0.4546568989753723,0.3947954475879669,0.07358279079198837,0.01737888902425766,0.0001943052775459364,0.4826164245605469,0.4483208954334259,0.03957126662135124,0.02324516512453556
201703A,2017-11-30 08:30:00,insat,EMBC,1,0.021453898400068283,0.4852146804332733,0.3320687413215637,0.07452712953090668,0.012419774197041988,0.00021996856958139688,0.21506550908088684,0.4044828712940216,0.41899213194847107,0.035555362701416016
201703B,2017-11-30 14:30:00,insat,EYE,3,0.017564257606863976,0.43212780356407166,0.032101064920425415,0.059214357286691666,0.0022589697036892176,0.0001057217305060476,0.8153417706489563,0.45737960934638977,0.13273394107818604,0.05117248371243477
201703B,2017-12-01 03:00:00,insat,EYE,3,0.05048219487071037,0.21671679615974426,0.0471905879676342,0.07165443152189255,0.007820205762982368,0.0001785845961421728,0.735142171382904,0.6385205388069153,0.15936489403247833,0.07292971014976501
201703B,2017-12-01 09:30:00,insat,EMBC,3,0.006896500941365957,0.2705378830432892,0.05222701281309128,0.22350803017616272,0.0018124337075278163,0.0020485715940594673,0.8917572498321533,0.4276913106441498,0.04730670899152756,0.07621419429779053
201703B,2017-12-01 15:30:00,insat,EYE,3,0.2620566487312317,0.3611597716808319,0.04124293848872185,0.3040662705898285,0.007369359489530325,0.00339361815713346,0.6325121521949768,0.26851534843444824,0.0568188838660717,0.06286504119634628
201703B,2017-12-01 22:00:00,insat,EYE,3,0.17241668701171875,0.24606892466545105,0.02046140655875206,0.28593364357948303,0.009436385706067085,0.002142395358532667,0.7595818042755127,0.31364426016807556,0.03810371086001396,0.1522107720375061
201703B,2017-12-02 03:00:00,insat,EYE,3,0.7608595490455627,0.3567279577255249,0.02171899564564228,0.1958303600549698,0.017159324139356613,0.0021976258140057325,0.15039779245853424,0.35418039560317993,0.04986437037587166,0.09106361120939255
201703B,2017-12-02 09:00:00,insat,EYE,3,0.04017738252878189,0.27198174595832825,0.013121328316628933,0.35906240344047546,0.004521593917161226,0.00874906312674284,0.919023334980011,0.18480448424816132,0.023156333714723587,0.17540234327316284
201703B,2017-12-03 04:00:00,insat,IRRCDO,3,0.008696830831468105,0.3286983072757721,0.159040167927742,0.4820249080657959,0.006318670231848955,0.014690525829792023,0.7574288845062256,0.14898015558719635,0.06851554661989212,0.025606166571378708
201703B,2017-12-03 14:30:00,insat,EMBC,3,0.012246700003743172,0.4638013243675232,0.04737483337521553,0.04040297120809555,0.004544766619801521,9.94019937934354e-05,0.9147890210151672,0.47822773456573486,0.021044639870524406,0.017468564212322235
201703B,2017-12-03 21:00:00,insat,EMBC,3,0.025880157947540283,0.541964590549469,0.017722776159644127,0.14443594217300415,0.00438271788880229,0.0007294053793884814,0.9212607741355896,0.28526052832603455,0.03075356036424637,0.027609435841441154
201703B,2017-12-04 04:00:00,insat,EMBC,3,0.007103634066879749,0.48350897431373596,0.15944628417491913,0.1267489194869995,0.005001661833375692,0.0004766562778968364,0.25997310876846313,0.3578246235847473,0.5684753060340881,0.031440798193216324
201703B,2017-12-05 09:00:00,insat,SHEAR,3,0.006381072569638491,5.119504203321412e-05,0.006529605481773615,0.07210393995046616,0.9733873009681702,0.9277478456497192,0.006979647092521191,7.232307325466536e-06,0.006722389254719019,8.981070277513936e-05
201703B,2017-12-05 17:00:00,insat,SHEAR,3,0.005629327613860369,8.564505833419389e-07,0.0011907346779480577,0.012667965143918991,0.9797533750534058,0.9873296022415161,0.004361721687018871,4.3715335351635076e-08,0.00906487088650465,1.4881395600241376e-06
201704B,2017-12-08 21:00:00,insat,CRVBND,0,0.009826906956732273,0.044610437005758286,0.8895300030708313,0.710911750793457,0.07545189559459686,0.037244655191898346,0.016425278037786484,0.026457617059350014,0.00876582134515047,0.18077553808689117
201704B,2017-12-09 03:00:00,insat,CRVBND,0,0.021311655640602112,0.19802892208099365,0.8150268197059631,0.5958976149559021,0.029444638639688492,0.014517533592879772,0.03868483006954193,0.10241391509771347,0.09553207457065582,0.08914194256067276
201704B,2017-12-09 09:00:00,insat,SHEAR,0,0.01858992874622345,3.163070141454227e-05,0.09741061925888062,0.08209866285324097,0.8440439701080322,0.9177085757255554,0.024339944124221802,1.1478573469503317e-05,0.015615548007190228,0.00014967676543164998
201704B,2017-12-09 15:00:00,insat,SHEAR,0,0.006309097167104483,5.411483925854554e-06,0.002156104426831007,0.03804956004023552,0.9711010456085205,0.9618265628814697,0.011781606823205948,2.8907193154736888e-06,0.008652180433273315,0.0001155416393885389
201704B,2017-12-09 21:00:00,insat,SHEAR,0,0.008004005067050457,7.365690066762909e-07,0.001005680300295353,0.01735839806497097,0.967930793762207,0.9826379418373108,0.008964894339442253,3.073856191804225e-08,0.014094709418714046,2.8957310860278085e-06
201704B,2017-12-10 03:45:00,insat,SHEAR,0,0.012473494745790958,6.73561430630798e-07,0.0010344628244638443,0.010602119378745556,0.9543124437332153,0.9893918037414551,0.012268821708858013,3.1142090506364184e-07,0.019910767674446106,5.079784386907704e-06
201801A,2018-05-17 00:00:00,insat,CRVBND,2,0.04069192707538605,0.28791892528533936,0.4216250777244568,0.038316093385219574,0.02421891689300537,0.00017025231500156224,0.0835302546620369,0.02421242743730545,0.4299338161945343,0.6493822336196899
201801A,2018-05-17 11:00:00,insat,IRRCDO,2,0.15931034088134766,0.4877950847148895,0.4625680148601532,0.01700466126203537,0.022010136395692825,4.8012334445957094e-05,0.29354962706565857,0.48795732855796814,0.06256187707185745,0.007194906007498503
201801A,2018-05-17 18:00:00,insat,CRVBND,2,0.005860116332769394,0.3365403711795807,0.5665867924690247,0.04066094383597374,0.02703213319182396,7.578763325000182e-05,0.019967956468462944,0.5264481902122498,0.3805530071258545,0.0962747186422348
201801A,2018-05-18 00:00:00,insat,EMBC,2,0.002153741428628564,0.011692342348396778,0.024547792971134186,0.01754574105143547,0.0010810508392751217,3.4722150303423405e-05,0.003195609198883176,0.008843579329550266,0.9690219759941101,0.9618836045265198
201801A,2018-05-18 18:00:00,insat,IRRCDO,2,0.0022836492862552404,7.833151727254517e-08,0.0523899607360363,0.004864425398409367,0.010596686974167824,0.9951028823852539,0.0034321071580052376,7.591768280690303e-06,0.9312976002693176,2.5021256078616716e-05
201802A,2018-05-22 12:00:00,insat,CRVBND,1,0.00657322583720088,0.19669292867183685,0.014760071411728859,0.02316882275044918,0.009534304030239582,1.6392965562772588e-06,0.9196895360946655,0.7101720571517944,0.04944273456931114,0.06996447592973709
201802A,2018-05-23 19:00:00,insat,EMBC,1,0.01177055574953556,0.2554180920124054,0.005639312788844109,0.026495546102523804,0.004626925103366375,4.152942892687861e-06,0.9663192629814148,0.6687354445457458,0.011643935926258564,0.04934673011302948
201802A,2018-05-24 12:30:00,insat,EMBC,1,0.15733444690704346,0.2869897186756134,0.02702028863132,0.13447897136211395,0.013216215185821056,0.0007251643692143261,0.7871994376182556,0.4466782212257385,0.015229672193527222,0.1311279684305191
201802A,2018-05-24 16:45:00,insat,EYE,1,0.9123480916023254,0.20763568580150604,0.003401008900254965,0.08325547724962234,0.01072990894317627,6.083817424951121e-05,0.0559600405395031,0.3300234377384186,0.01756095141172409,0.37902453541755676
201802A,2018-05-24 23:00:00,insat,EMBC,1,0.9145841598510742,0.19479899108409882,0.004732902627438307,0.10626872628927231,0.006801312789320946,0.0002554878010414541,0.06044473499059677,0.3445485830307007,0.013436947017908096,0.3541282117366791
201802A,2018-05-25 19:00:00,insat,EYE,1,0.09619403630495071,0.27751824259757996,0.011191152967512608,0.015617260709404945,0.011211422272026539,1.0207926607108675e-05,0.8733917474746704,0.6767279505729675,0.00801167730242014,0.030126340687274933
201805A,2018-10-08 06:00:00,insat,CRVBND,2,0.0908135399222374,0.6081988215446472,0.1304028332233429,0.021491125226020813,0.009506084024906158,6.59703800920397e-05,0.7446337342262268,0.3634848892688751,0.02464384026825428,0.006759249605238438
201805A,2018-10-08 12:00:00,insat,CRVBND,2,0.09573987871408463,0.7034274935722351,0.3341030776500702,0.08952070772647858,0.015720928087830544,0.005142762325704098,0.5079813599586487,0.19748744368553162,0.046454738825559616,0.004421602003276348
201805A,2018-10-08 23:00:00,insat,EMBC,2,0.08712289482355118,0.5263957977294922,0.01352811511605978,0.02943171001970768,0.0026946766301989555,4.0760587580734864e-05,0.8850617408752441,0.3808285593986511,0.01159259956330061,0.06330319494009018
201805A,2018-10-09 06:30:00,insat,CRVBND,2,0.15918771922588348,0.2339673489332199,0.07322079688310623,0.42272093892097473,0.008672063238918781,0.02598104067146778,0.7486052513122559,0.20080330967903137,0.01031409576535225,0.11652738600969315
201805A,2018-10-09 12:00:00,insat,EMBC,2,0.2075442671775818,0.6204652190208435,0.13629604876041412,0.036952052265405655,0.008362697437405586,0.0004748344363179058,0.6379594206809998,0.32576143741607666,0.009837535209953785,0.01634642481803894
201805A,2018-10-10 05:30:00,insat,EYE,2,0.6637343764305115,0.47495174407958984,0.022315658628940582,0.1862952560186386,0.010423624888062477,0.013565167784690857,0.29064974188804626,0.2928319275379181,0.012876640073955059,0.03235587105154991
201806B,2018-10-10 06:00:00,insat,EMBC,0,0.9504003524780273,0.3307211697101593,0.006368730682879686,0.09254391491413116,0.01250853668898344,0.000255248392932117,0.014251954853534698,0.5200419425964355,0.01647050306200981,0.05643776059150696
201805A,2018-10-10 12:00:00,insat,CRVBND,2,0.6883904933929443,0.19291119277477264,0.021369442343711853,0.4808289408683777,0.009587590582668781,0.052692629396915436,0.2666335105895996,0.22478517889976501,0.014018951915204525,0.04878208413720131
201806B,2018-10-10 12:00:00,insat,EYE,0,0.9383209347724915,0.3064834177494049,0.01151856780052185,0.16610181331634521,0.013558832928538322,0.0002990779175888747,0.014419997110962868,0.4376419186592102,0.022181684151291847,0.08947381377220154
201805A,2018-10-10 23:45:00,insat,CRVBND,2,0.04457654431462288,0.05056576430797577,0.8685988187789917,0.598967969417572,0.019324343651533127,0.1880980283021927,0.05917003005743027,0.027015862986445427,0.008330309763550758,0.13535240292549133
201806B,2018-10-10 23:15:00,insat,EMBC,0,0.9544954299926758,0.6800799369812012,0.0031277048401534557,0.016158634796738625,0.01191925723105669,5.697536380466772e-06,0.015921270474791527,0.29150083661079407,0.01453635934740305,0.012254836037755013
201805A,2018-10-11 05:45:00,insat,CRVBND,2,0.07720955461263657,0.018513148650527,0.7417334318161011,0.4548295736312866,0.049486193805933,0.4725792109966278,0.11737403273582458,0.0410514734685421,0.01419678796082735,0.013026604428887367
201805A,2018-10-11 12:15:00,insat,CRVBND,2,0.03447934612631798,0.19309696555137634,0.8222705721855164,0.5342380404472351,0.027684057131409645,0.08723056316375732,0.10350724309682846,0.08916181325912476,0.012058760970830917,0.09627261012792587
201805A,2018-10-11 23:45:00,insat,CRVBND,2,0.010964819230139256,0.007255509030073881,0.9467642903327942,0.5817267298698425,0.025306060910224915,0.3450012803077698,0.010720159858465195,0.011655671522021294,0.006244673393666744,0.05436081066727638
201805A,2018-10-12 06:15:00,insat,CRVBND,2,0.019350657239556313,0.03303114324808121,0.9323551058769226,0.6177177429199219,0.013881178572773933,0.27427148818969727,0.022566836327314377,0.025238974019885063,0.011846124194562435,0.0497407428920269
201805A,2018-10-12 12:00:00,insat,CRVBND,2,0.011901515536010265,0.008369791321456432,0.9171811938285828,0.2644728124141693,0.03766283765435219,0.7175573110580444,0.022010045126080513,0.005732743535190821,0.011244324035942554,0.0038673183880746365
201805A,2018-10-13 00:15:00,insat,SHEAR,2,0.005244098138064146,0.02177109569311142,0.7641339302062988,0.6600013375282288,0.17219999432563782,0.14625586569309235,0.02931242249906063,0.029674112796783447,0.02910953387618065,0.14229752123355865
201805A,2018-10-13 06:15:00,insat,CRVBND,2,0.0545584112405777,0.12340857833623886,0.3775678873062134,0.5746069550514221,0.4880206286907196,0.16864000260829926,0.04088212177157402,0.08589956909418106,0.038970913738012314,0.04744492098689079
201805A,2018-10-13 12:00:00,insat,CRVBND,2,0.0063646091148257256,0.013927575200796127,0.913631796836853,0.5687433481216431,0.041062962263822556,0.3527158498764038,0.03243297338485718,0.0268561951816082,0.0065076518803834915,0.03775705024600029
201805A,2018-10-14 00:00:00,insat,CRVBND,2,0.02259254828095436,0.0020936045330017805,0.5784460306167603,0.1649474948644638,0.3345669209957123,0.8284071087837219,0.038026537746191025,0.0038355360738933086,0.026367967948317528,0.0007162424735724926
201807B,2018-11-10 20:45:00,insat,IRRCDO,3,0.005289558786898851,0.12893959879875183,0.8460267186164856,0.0799376368522644,0.021194716915488243,0.0002993738162331283,0.0078091928735375404,0.14563307166099548,0.11967987567186356,0.6451902985572815
201807B,2018-11-11 03:15:00,insat,CRVBND,3,0.00558316009119153,0.23288030922412872,0.0734545961022377,0.0301570612937212,0.004759253468364477,5.561117723118514e-05,0.0816262885928154,0.3366120457649231,0.8345767259597778,0.4002949297428131
201807B,2018-11-11 09:15:00,insat,CRVBND,3,0.006536694709211588,0.18984881043434143,0.8976670503616333,0.02425304986536503,0.016630161553621292,4.410079418448731e-05,0.025274023413658142,0.5250712037086487,0.053892068564891815,0.2607828378677368
201807B,2018-11-11 15:15:00,insat,CRVBND,3,0.008747076615691185,0.24197053909301758,0.8168423175811768,0.021013319492340088,0.009666544385254383,1.2681959560723044e-05,0.019448956474661827,0.5309858918190002,0.14529511332511902,0.2060176134109497
201807B,2018-11-11 20:45:00,insat,IRRCDO,3,0.005676365457475185,0.14887666702270508,0.962263822555542,0.0826820433139801,0.003713591955602169,0.00016365227929782122,0.004672144073992968,0.4648649990558624,0.023674102500081062,0.30341261625289917
201807B,2018-11-12 02:45:00,insat,CRVBND,3,0.005095258820801973,0.0051397220231592655,0.972585916519165,0.47700342535972595,0.017103176563978195,0.06737957894802094,0.002941420068964362,0.027416830882430077,0.0022741849534213543,0.42306047677993774
201807B,2018-11-12 08:45:00,insat,CRVBND,3,0.008021173998713493,0.004408128093928099,0.9108592867851257,0.17047907412052155,0.028546221554279327,0.006781337317079306,0.017018072307109833,0.00886327214539051,0.03555521368980408,0.8094682097434998
201807B,2018-11-12 15:15:00,insat,CRVBND,3,0.005298194009810686,0.04798175022006035,0.8974087238311768,0.49797865748405457,0.009222470223903656,0.012507653795182705,0.011716554872691631,0.19222506880760193,0.07635397464036942,0.24930687248706818
201807B,2018-11-12 21:15:00,insat,CRVBND,3,0.0012494208058342338,0.4306320548057556,0.016610542312264442,0.0038094313349574804,0.0004255917447153479,3.3941540777959744e-07,0.009720440953969955,0.4988732635974884,0.9719940423965454,0.06668485701084137
201807B,2018-11-13 03:15:00,insat,CRVBND,3,0.014724384061992168,0.5179600119590759,0.33196210861206055,0.011196031235158443,0.010899173095822334,4.818890374735929e-06,0.3506925404071808,0.41092848777770996,0.29172182083129883,0.05991069972515106
201807B,2018-11-13 09:15:00,insat,CRVBND,3,0.009605774655938148,0.14119146764278412,0.8960520625114441,0.07178597152233124,0.025745445862412453,0.00019748239719774574,0.030947281047701836,0.6049191951751709,0.03764953464269638,0.1819058656692505
201807B,2018-11-13 15:15:00,insat,EYE,3,0.004749365616589785,0.309129536151886,0.909186840057373,0.06823326647281647,0.007303768768906593,0.0001206170636578463,0.006170371547341347,0.25309431552886963,0.07258959859609604,0.3694222569465637
201807B,2018-11-14 09:00:00,insat,EMBC,3,0.027847373858094215,0.5142620205879211,0.6131471395492554,0.010010032914578915,0.012046311981976032,2.7424166546552442e-05,0.27544283866882324,0.4636181890964508,0.07151634991168976,0.01208234578371048
201807B,2018-11-14 15:45:00,insat,EMBC,3,0.025054307654500008,0.5080111622810364,0.699327826499939,0.13796237111091614,0.013567536137998104,0.0018163619097322226,0.0581999197602272,0.22788242995738983,0.2038504034280777,0.12432762235403061
201807B,2018-11-15 08:45:00,insat,EMBC,3,0.007618119940161705,0.4878426194190979,0.03887660428881645,0.033650755882263184,0.007979359477758408,0.000288084294879809,0.6132491827011108,0.3849330246448517,0.33227673172950745,0.09328553080558777
201807B,2018-11-15 15:45:00,insat,EMBC,3,0.029480470344424248,0.7492355704307556,0.011492288671433926,0.01202466618269682,0.005761552136391401,2.731575477810111e-05,0.8820977807044983,0.16377794742584229,0.07116791605949402,0.0749344527721405
201807B,2018-11-16 19:45:00,insat,CRVBND,3,0.01900128647685051,0.47664543986320496,0.6695821285247803,0.134149432182312,0.005278266035020351,0.0016577673377469182,0.05558890849351883,0.20487003028392792,0.2505493760108948,0.18267735838890076
201807B,2018-11-17 03:15:00,insat,CRVBND,3,0.0432029590010643,0.5034464001655579,0.852691650390625,0.08925523608922958,0.007823521271348,0.0006592056597582996,0.06354141235351562,0.2622016966342926,0.032740429043769836,0.1444375067949295
201807B,2018-11-17 10:15:00,insat,CRVBND,3,0.005837410222738981,0.5910674333572388,0.5191808938980103,0.06310096383094788,0.0067664822563529015,0.0007151175523176789,0.03446919098496437,0.29236161708831787,0.4337460398674011,0.05275484174489975
201807B,2018-11-17 13:45:00,insat,CRVBND,3,0.007343127392232418,0.1970123052597046,0.8232744932174683,0.28048256039619446,0.011815843172371387,0.0123909842222929,0.013797334395349026,0.10066259652376175,0.1437692642211914,0.4094514846801758
201807B,2018-11-18 09:15:00,insat,CRVBND,3,0.013587811030447483,0.6015937924385071,0.11304932832717896,0.0206583421677351,0.0029190925415605307,6.489369116025046e-05,0.8253163695335388,0.3467264175415039,0.04512740299105644,0.030956584960222244
201807B,2018-11-18 15:15:00,insat,SHEAR,3,0.010758456774055958,0.07143322378396988,0.8414111733436584,0.5992748737335205,0.01613105647265911,0.08309336006641388,0.033892761915922165,0.06055111438035965,0.09780655801296234,0.18564747273921967
201807B,2018-11-18 21:15:00,insat,SHEAR,3,0.006693886127322912,0.00044098880607634783,0.9544097781181335,0.16295193135738373,0.028789786621928215,0.8306307196617126,0.0027782218530774117,0.0007344753830693662,0.007328314241021872,0.005241840612143278
201807B,2018-11-19 03:15:00,insat,SHEAR,3,0.016206827014684677,0.00825909711420536,0.7617695927619934,0.09582895785570145,0.026357829570770264,0.007034610956907272,0.01609405130147934,0.01751050353050232,0.179571732878685,0.8713667988777161
201807B,2018-11-19 09:15:00,insat,CRVBND,3,0.007074625696986914,0.2570851743221283,0.9007400274276733,0.2436799854040146,0.012444818392395973,0.009312083944678307,0.01798592507839203,0.3684339225292206,0.06175464019179344,0.1214887797832489
201807B,2018-11-19 15:15:00,insat,SHEAR,3,0.023029910400509834,0.006655771750956774,0.21886049211025238,0.4574238061904907,0.6917946338653564,0.4496898353099823,0.019331077113747597,0.0013645364670082927,0.046983882784843445,0.08486604690551758
201808B,2018-12-15 15:15:00,insat,IRRCDO,4,0.005800099577754736,0.013594385236501694,0.27786487340927124,0.09082239866256714,0.013307633809745312,0.0002864343405235559,0.013042367994785309,0.047524239867925644,0.6899850368499756,0.8477725982666016
201808B,2018-12-16 21:00:00,insat,EMBC,4,0.038417838513851166,0.5516676306724548,0.1985011100769043,0.058028314262628555,0.00959982629865408,0.0001022102587739937,0.7347593307495117,0.30205202102661133,0.018721804022789,0.08814984560012817
201808B,2018-12-17 09:15:00,insat,CRVBND,4,0.006146292667835951,0.01290841680020094,0.9535661339759827,0.6083799600601196,0.024918043985962868,0.2931874096393585,0.006185696925967932,0.01049850881099701,0.00918384175747633,0.07502569258213043
201901B,2019-04-27 14:45:00,insat,IRRCDO,0,0.020441589877009392,0.0018134257989004254,0.9198142290115356,0.3296636641025543,0.01921636052429676,0.011291599832475185,0.020556354895234108,0.028678735718131065,0.019971419125795364,0.6285525560379028
201901B,2019-04-28 02:45:00,insat,CRVBND,0,0.02990628220140934,0.003151786280795932,0.7869842052459717,0.2955036759376526,0.015061568468809128,0.003985376562923193,0.03295349329710007,0.027450336143374443,0.1350945085287094,0.6699088215827942
201901B,2019-04-28 09:15:00,insat,EMBC,0,0.03180624172091484,0.11209635436534882,0.8687220811843872,0.25933969020843506,0.016373950988054276,0.000779102323576808,0.036493975669145584,0.3397779166698456,0.04660382494330406,0.28800687193870544
201901B,2019-04-28 15:15:00,insat,CRVBND,0,0.022676123306155205,0.020883137360215187,0.8350184559822083,0.5606898665428162,0.09875635802745819,0.016791095957159996,0.009026519022881985,0.04571002721786499,0.034522514790296555,0.35592594742774963
201901B,2019-04-30 08:45:00,insat,EMBC,0,0.05978252738714218,0.036849115043878555,0.02631223015487194,0.46281903982162476,0.02594076469540596,0.006020504981279373,0.8400951623916626,0.12380403280258179,0.04786928743124008,0.3705073595046997
201901B,2019-05-01 04:15:00,insat,EMBC,0,0.03727661445736885,0.019655026495456696,0.00861740205436945,0.2880110442638397,0.02497132681310177,0.0007130440790206194,0.18198734521865845,0.10477181524038315,0.747147262096405,0.5868490934371948
201901B,2019-05-01 09:15:00,insat,EYE,0,0.9198184609413147,0.4121546745300293,0.004766167141497135,0.17082646489143372,0.015739494934678078,0.0004530321166384965,0.04497269541025162,0.2556922435760498,0.014703233726322651,0.16087359189987183
201901B,2019-05-01 15:15:00,insat,EYE,0,0.9473412036895752,0.28315606713294983,0.0034948154352605343,0.1951894760131836,0.011514165438711643,0.0006106103537604213,0.023050852119922638,0.10593876987695694,0.014598981477320194,0.4151051640510559
201901B,2019-05-02 03:45:00,insat,EMBC,0,0.8117515444755554,0.20171518623828888,0.0030373637564480305,0.09773825854063034,0.022139891982078552,0.00012831611093133688,0.1454174816608429,0.14547854661941528,0.017653724178671837,0.5549397468566895
201901B,2019-05-02 09:15:00,insat,EYE,0,0.9497799873352051,0.7479438185691833,0.0029870523139834404,0.0020464411936700344,0.013703001663088799,1.7758867443262716e-07,0.019611068069934845,0.24378332495689392,0.01391894556581974,0.00622630026191473
201901B,2019-05-02 14:45:00,insat,EYE,0,0.9496282935142517,0.7458049058914185,0.0032929335720837116,0.0019045647932216525,0.012950019910931587,1.573930887843744e-07,0.021120864897966385,0.24428990483283997,0.013007860630750656,0.008000357076525688
201902A,2019-06-10 14:45:00,insat,IRRCDO,2,0.0043026842176914215,0.00020125754235778004,0.46718621253967285,0.16025473177433014,0.01761488988995552,0.01669972762465477,0.019071092829108238,0.0015544305788353086,0.49182507395744324,0.8212898969650269
201902A,2019-06-10 20:45:00,insat,CRVBND,2,0.009510461241006851,0.0013703362783417106,0.7073984146118164,0.33105799555778503,0.03416348993778229,0.01667664386332035,0.014079430140554905,0.013310011476278305,0.23484820127487183,0.6375850439071655
201902A,2019-06-11 03:45:00,insat,IRRCDO,2,0.0066199819557368755,0.0009807163150981069,0.595013439655304,0.6682014465332031,0.018369007855653763,0.13909317553043365,0.02262803353369236,0.03793546184897423,0.357369601726532,0.15378916263580322
201902A,2019-06-11 09:15:00,insat,EMBC,2,0.10315784066915512,0.09212324023246765,0.47986987233161926,0.17101994156837463,0.053184542804956436,0.0009352161432616413,0.3321942687034607,0.6004327535629272,0.03159349784255028,0.13548894226551056
201902A,2019-06-11 14:45:00,insat,EYE,2,0.49644964933395386,0.016935091465711594,0.07827331125736237,0.1962771713733673,0.019147615879774094,0.0018743817927315831,0.35823822021484375,0.1624658703804016,0.04789123311638832,0.6224474906921387
201902A,2019-06-11 20:45:00,insat,IRRCDO,2,0.09439782798290253,0.002543011913076043,0.062267448753118515,0.3158806562423706,0.015683038160204887,0.006583113223314285,0.7289526462554932,0.03723770007491112,0.09869911521673203,0.6377554535865784
201902A,2019-06-12 10:15:00,insat,EMBC,2,0.08931102603673935,0.21808135509490967,0.008983440697193146,0.06825622171163559,0.0036080230493098497,5.877428702660836e-05,0.8921703696250916,0.5137348175048828,0.005927072372287512,0.19986887276172638
201902A,2019-06-12 16:15:00,insat,IRRCDO,2,0.13699401915073395,0.03068370185792446,0.1532227247953415,0.38719892501831055,0.030968129634857178,0.011614079587161541,0.32480764389038086,0.13072797656059265,0.3540074825286865,0.4397753179073334
201902A,2019-06-13 08:15:00,insat,EYE,2,0.8004047870635986,0.26159244775772095,0.008596246130764484,0.054925527423620224,0.012534253299236298,0.0002908820169977844,0.1505165994167328,0.3339363634586334,0.02794814296066761,0.3492547869682312
201902A,2019-06-13 15:15:00,insat,EYE,2,0.9512013792991638,0.06715292483568192,0.005754812154918909,0.1298925131559372,0.008192582987248898,0.0016118076164275408,0.01123371347784996,0.11057215183973312,0.02361748367547989,0.6907706260681152
201902A,2019-06-14 01:45:00,insat,EMBC,2,0.4310179650783539,0.14118798077106476,0.023329230025410652,0.2918667495250702,0.007395013701170683,0.014293220825493336,0.5285602807998657,0.36097073554992676,0.009697468020021915,0.19168126583099365
201902A,2019-06-14 09:15:00,insat,EYE,2,0.4860695004463196,0.13939787447452545,0.015217706561088562,0.3775329291820526,0.005974558647722006,0.012792007997632027,0.4850361943244934,0.2813817858695984,0.00770200602710247,0.18889540433883667
201902A,2019-06-14 14:45:00,insat,CRVBND,2,0.19812767207622528,0.1020052507519722,0.059599101543426514,0.46538543701171875,0.007580032106488943,0.05578523129224777,0.7263529300689697,0.25730884075164795,0.00834017526358366,0.11951527744531631
201902A,2019-06-15 03:15:00,insat,EYE,2,0.3979324996471405,0.06537921726703644,0.006005971692502499,0.05804866924881935,0.007860826328396797,5.105926902615465e-05,0.5780435800552368,0.5549615025520325,0.010157085955142975,0.32155951857566833
201902A,2019-06-15 07:45:00,insat,EYE,2,0.16342192888259888,0.11120449006557465,0.022245751693844795,0.2482268214225769,0.009074502624571323,0.005412971135228872,0.7953618168830872,0.17250385880470276,0.009895935654640198,0.46265190839767456
201902A,2019-06-15 15:15:00,insat,CRVBND,2,0.31482356786727905,0.09774129837751389,0.016937026754021645,0.45645731687545776,0.00792778842151165,0.03749796748161316,0.6516657471656799,0.22291579842567444,0.008645803667604923,0.18538762629032135
201902A,2019-06-15 20:45:00,insat,IRRCDO,2,0.3784492015838623,0.031883347779512405,0.04325791075825691,0.44290390610694885,0.011370367370545864,0.03242013603448868,0.5538368225097656,0.18919400870800018,0.013085690326988697,0.30359864234924316
201902A,2019-06-16 03:15:00,insat,CRVBND,2,0.03035924583673477,0.0013116103364154696,0.6665963530540466,0.5633357167243958,0.1270093321800232,0.3297046720981598,0.1106812134385109,0.06102175638079643,0.06535381823778152,0.04462628439068794
201902A,2019-06-16 08:15:00,insat,IRRCDO,2,0.12382718920707703,0.0030657064635306597,0.20230723917484283,0.5147987008094788,0.37377870082855225,0.33921101689338684,0.28279101848602295,0.01735680177807808,0.017295800149440765,0.12556776404380798
201902A,2019-06-16 14:45:00,insat,SHEAR,2,0.028095362707972527,0.00013228910393081605,0.2931511700153351,0.16041933000087738,0.14918941259384155,0.8225964903831482,0.04284191504120827,0.0013831970281898975,0.48672205209732056,0.015468710102140903
201902A,2019-06-16 21:15:00,insat,SHEAR,2,0.017306871712207794,4.949015055899508e-05,0.0781552642583847,0.0031830945517867804,0.8555294275283813,0.9967603087425232,0.032044991850852966,3.029306753887795e-06,0.016963476315140724,4.12726194554125e-06
201902A,2019-06-17 03:15:00,insat,SHEAR,2,0.003567517502233386,6.423807644750923e-05,0.01091582328081131,0.0031042066402733326,0.9772132635116577,0.996826171875,0.004242002032697201,3.7250283639878035e-06,0.0040613869205117226,1.8042974261334166e-06
201902A,2019-06-17 09:15:00,insat,SHEAR,2,0.004347158130258322,1.2382167824398493e-06,0.0026793470606207848,0.0011526651214808226,0.98689866065979,0.9988436698913574,0.0018428595503792167,1.695766627562989e-06,0.004231962841004133,6.920006967447989e-07
201903A,2019-09-23 03:45:00,insat,EMBC,1,0.06103150174021721,0.04520178213715553,0.8830015063285828,0.3515501320362091,0.02242002822458744,0.02230861410498619,0.02779979258775711,0.1164739578962326,0.005747181363403797,0.46446552872657776
201903A,2019-09-23 09:15:00,insat,CRVBND,1,0.2466011345386505,0.029236985370516777,0.2581540644168854,0.4437406361103058,0.012881327420473099,0.2688579559326172,0.01155103649944067,0.07985037565231323,0.4708123803138733,0.1783140003681183
201903A,2019-09-23 14:45:00,insat,EMBC,1,0.4668053686618805,0.007336862850934267,0.05691972002387047,0.2892299294471741,0.029528139159083366,0.1372520923614502,0.3056938648223877,0.01450316607952118,0.14105290174484253,0.551677942276001
201903A,2019-09-24 01:45:00,insat,EYE,1,0.05729662626981735,0.0150828892365098,0.7193955183029175,0.15444961190223694,0.015585365705192089,0.017576733604073524,0.1620834618806839,0.011658878065645695,0.04563896358013153,0.8012319207191467
201903A,2019-09-24 14:15:00,insat,EMBC,1,0.06129467859864235,0.023540887981653214,0.7205451130867004,0.46174636483192444,0.015973346307873726,0.3823819160461426,0.15681546926498413,0.017111072316765785,0.04537143185734749,0.11521972715854645
201904A,2019-10-25 12:45:00,insat,EMBC,1,0.507941484451294,0.42199987173080444,0.04776362329721451,0.04205607250332832,0.04790380969643593,3.330343679408543e-05,0.319274365901947,0.3030130863189697,0.07711672782897949,0.23289771378040314
201904A,2019-10-25 22:45:00,insat,EMBC,1,0.003496396355330944,0.2468498945236206,0.0044847396202385426,0.01028075534850359,0.0060164909809827805,5.607014941233501e-07,0.9760063886642456,0.6715707182884216,0.009995924308896065,0.07129807770252228
201904A,2019-10-26 07:15:00,insat,EMBC,1,0.08113621920347214,0.08092860877513885,0.5351446866989136,0.16220687329769135,0.011505714617669582,0.0009811632335186005,0.3141683340072632,0.36254236102104187,0.058045048266649246,0.3933410048484802
201904A,2019-10-26 12:15:00,insat,EYE,1,0.8021877408027649,0.04337030276656151,0.005027350038290024,0.08171026408672333,0.014090189710259438,0.00018226187967229635,0.12437071651220322,0.06182871758937836,0.05432404950261116,0.8129084706306458
201904A,2019-10-27 00:15:00,insat,EYE,1,0.9763758182525635,0.4527849853038788,0.0016071177087724209,0.027040598914027214,0.00454366160556674,1.050022547133267e-05,0.005665933713316917,0.4159851372241974,0.011807451955974102,0.10417873412370682
201904A,2019-10-27 06:15:00,insat,EYE,1,0.9731166362762451,0.5838220715522766,0.002110537840053439,0.059376202523708344,0.006157096475362778,9.244231478078291e-05,0.0045828805305063725,0.3016108572483063,0.014032871462404728,0.05509846284985542
201904A,2019-10-27 11:45:00,insat,EYE,1,0.9773310422897339,0.542575478553772,0.0021917454432696104,0.1034729927778244,0.005333980079740286,0.0002996872062794864,0.004071187227964401,0.25533509254455566,0.011072044260799885,0.0983167514204979
201904A,2019-10-28 00:15:00,insat,EYE,1,0.9702523946762085,0.5006735324859619,0.0021128649823367596,0.011922755278646946,0.008017509244382381,2.814079834934091e-06,0.0037117779720574617,0.40539947152137756,0.01590544544160366,0.08200136572122574
201904A,2019-10-28 06:15:00,insat,EYE,1,0.974045991897583,0.4690950810909271,0.001845728955231607,0.04304223507642746,0.006605830043554306,8.436635107500479e-05,0.0037140273489058018,0.44765505194664,0.013788427226245403,0.040123142302036285
201904A,2019-10-28 12:15:00,insat,EYE,1,0.9743050932884216,0.3998768627643585,0.0017037380021065474,0.10740543901920319,0.006140190176665783,0.00041028353734873235,0.003265873296186328,0.37314745783805847,0.014585022814571857,0.11915988475084305
201904A,2019-10-29 06:15:00,insat,EYE,1,0.9739601612091064,0.4284958839416504,0.001796334283426404,0.09765029698610306,0.006963653024286032,0.00032804429065436125,0.0074059367179870605,0.3974336087703705,0.009873871691524982,0.0760921835899353
201904A,2019-10-29 11:45:00,insat,EYE,1,0.7133865356445312,0.10690152645111084,0.014272374100983143,0.2626304626464844,0.013654135167598724,0.005352981388568878,0.1808607578277588,0.11484508216381073,0.07782617211341858,0.5102699398994446
201904A,2019-10-29 23:15:00,insat,EMBC,1,0.013586812652647495,0.5241422057151794,0.19567365944385529,0.04574907571077347,0.011291910894215107,5.967298784526065e-05,0.1270960420370102,0.306882381439209,0.6523516178131104,0.12316662073135376
201904A,2019-10-30 12:15:00,insat,CRVBND,1,0.022659791633486748,0.0697949156165123,0.7967625856399536,0.5788863301277161,0.03788226470351219,0.13235339522361755,0.03771190345287323,0.12560921907424927,0.1049833819270134,0.09335611015558243
201905A,2019-10-30 12:15:00,insat,CRVBND,0,0.032148636877536774,0.06590484082698822,0.8277270197868347,0.3582901358604431,0.09455057978630066,0.005668082740157843,0.017060305923223495,0.1722572147846222,0.028513427823781967,0.3978797197341919
201904A,2019-10-30 23:45:00,insat,CRVBND,1,0.010892251506447792,0.00155342323705554,0.022999750450253487,0.1446148306131363,0.9471933841705322,0.8521797060966492,0.008912024088203907,0.0008210460655391216,0.010002543218433857,0.0008310131379403174
201904A,2019-10-31 05:45:00,insat,SHEAR,1,0.01057349517941475,9.69447210081853e-05,0.007827864959836006,0.021045750007033348,0.960773229598999,0.9787052273750305,0.010079557076096535,3.9470771298510954e-05,0.01074578333646059,0.00011261442705290392
201906A,2019-12-03 09:15:00,insat,CRVBND,3,0.007714023347944021,0.1351660192012787,0.9133029580116272,0.1548871099948883,0.04935009405016899,0.0024705221876502037,0.025319600477814674,0.48496392369270325,0.004313400946557522,0.22251248359680176
201906A,2019-12-03 15:15:00,insat,SHEAR,3,0.008717196993529797,0.014971013180911541,0.8349839448928833,0.5446766018867493,0.14377440512180328,0.12112709879875183,0.003323944751173258,0.08810938894748688,0.00920043233782053,0.2311159074306488
201907A,2019-12-03 15:15:00,insat,CRVBND,1,0.009280400350689888,0.029910027980804443,0.1307384967803955,0.27555426955223083,0.0024505772162228823,0.011617468670010567,0.005018355790525675,0.04839397966861725,0.8525121808052063,0.6345242857933044
201906A,2019-12-03 20:15:00,insat,CRVBND,3,0.0020242026075720787,0.16982142627239227,0.03299611434340477,0.0375746414065361,0.0010050754062831402,4.877504034084268e-05,0.005758096929639578,0.23466214537620544,0.9582164287567139,0.5578929781913757
201907A,2019-12-03 20:45:00,insat,IRRCDO,1,0.0806887149810791,0.004861805588006973,0.7911421060562134,0.194722518324852,0.014557776972651482,0.021312590688467026,0.011501941829919815,0.009055759757757187,0.1021094098687172,0.7700473070144653
201906A,2019-12-04 02:45:00,insat,EMBC,3,0.007360890507698059,0.15945124626159668,0.04498210921883583,0.0005895036738365889,0.006244997959583998,8.660998140896936e-09,0.8700671792030334,0.8161280155181885,0.0713447853922844,0.023831214755773544
201907A,2019-12-04 03:15:00,insat,CRVBND,1,0.023437345400452614,0.0010755454422906041,0.1403404176235199,0.3421310484409332,0.7863213419914246,0.481039434671402,0.025170033797621727,0.0022207333240658045,0.024730948731303215,0.17353320121765137
201906A,2019-12-04 09:15:00,insat,CRVBND,3,0.02511182799935341,0.148396834731102,0.6260466575622559,0.003050380852073431,0.025627806782722473,4.931999910695595e-07,0.22778038680553436,0.8378318548202515,0.0954333171248436,0.010720386169850826
201907A,2019-12-04 08:45:00,insat,SHEAR,1,0.008320679888129234,1.2259654795343522e-05,0.013844707049429417,0.02137504704296589,0.9640631079673767,0.97844398021698,0.0067731402814388275,1.7575654055690393e-05,0.006998366676270962,0.0001511384907644242
201906A,2019-12-04 14:45:00,insat,CRVBND,3,0.012087452225387096,0.3658694922924042,0.7972657680511475,0.21898384392261505,0.15575197339057922,0.00461935717612505,0.01905645802617073,0.3579915463924408,0.015838345512747765,0.05253580957651138
201907A,2019-12-04 15:15:00,insat,SHEAR,1,0.0093865180388093,5.03470573676168e-07,0.010540304705500603,0.0030053630471229553,0.949767529964447,0.9969708919525146,0.015405658632516861,3.926338933979423e-07,0.01489994116127491,2.28770513786003e-05
201906A,2019-12-04 20:45:00,insat,CRVBND,3,0.020081548020243645,0.01482409331947565,0.6662038564682007,0.4285512864589691,0.13292889297008514,0.010470980778336525,0.06489893794059753,0.1298946589231491,0.11588674038648605,0.41625896096229553
201907A,2019-12-04 20:45:00,insat,SHEAR,1,0.009158658795058727,1.7683484543340455e-07,0.004475858528167009,0.0020970143377780914,0.9695485830307007,0.997897744178772,0.007230606395751238,5.873998532024416e-08,0.009586331434547901,5.045861598773627e-06
201906A,2019-12-05 02:45:00,insat,CRVBND,3,0.018113717436790466,0.008194847032427788,0.343903124332428,0.6469891667366028,0.5898170471191406,0.0434635654091835,0.03723304346203804,0.06993559747934341,0.010933047160506248,0.2314167469739914
201906A,2019-12-05 15:00:00,insat,CRVBND,3,0.015164460055530071,0.08416000008583069,0.6892844438552856,0.6048430800437927,0.2445150911808014,0.07286570966243744,0.014893883839249611,0.1351848542690277,0.03614216670393944,0.10294638574123383
201906A,2019-12-05 20:45:00,insat,IRRCDO,3,0.02017347514629364,0.04197457805275917,0.530405580997467,0.19310696423053741,0.33937492966651917,0.001560191623866558,0.021562036126852036,0.07210136950016022,0.08848399668931961,0.6912568807601929
201906A,2019-12-06 09:45:00,insat,CRVBND,3,0.010878835804760456,0.27699214220046997,0.7945051193237305,0.014113509096205235,0.026816342025995255,1.5273697499651462e-05,0.1303919106721878,0.6847854852676392,0.03740786015987396,0.02409357763826847
201906A,2019-12-06 14:45:00,insat,CRVBND,3,0.02790112793445587,0.4123136103153229,0.24431076645851135,0.09012658149003983,0.00837854016572237,0.0003341253031976521,0.18306589126586914,0.37706008553504944,0.5363436937332153,0.12016554921865463
201906A,2019-12-06 20:45:00,insat,CRVBND,3,0.020079128444194794,0.20079901814460754,0.6961323022842407,0.26013824343681335,0.04056110978126526,0.0034222875256091356,0.07257222384214401,0.14002090692520142,0.17065522074699402,0.39561963081359863
202001B,2020-05-18 08:45:00,insat,EYE,4,0.9700459241867065,0.46723055839538574,0.0017360636265948415,0.019255222752690315,0.0036359515506774187,5.365500328480266e-07,0.019267717376351357,0.4793855845928192,0.005314353853464127,0.03412817046046257
202001B,2020-05-18 15:15:00,insat,EYE,4,0.9583620429039001,0.32394054532051086,0.002100741257891059,0.006809046026319265,0.005518411751836538,1.271625222898365e-07,0.030047815293073654,0.6562077403068542,0.0039709461852908134,0.013042540289461613
202001B,2020-05-18 22:15:00,insat,EMBC,4,0.4719274640083313,0.07091707736253738,0.00321480305865407,0.09735733270645142,0.00842994824051857,1.6454299839097075e-05,0.4909929037094116,0.3607275187969208,0.02543479949235916,0.4709817171096802
202001B,2020-05-19 07:45:00,insat,EMBC,4,0.10036281496286392,0.5073615908622742,0.00965755246579647,0.022041238844394684,0.0021318718791007996,2.276659415656468e-06,0.8416116237640381,0.44550833106040955,0.046236105263233185,0.025086581707000732
202001B,2020-05-19 15:15:00,insat,EMBC,4,0.035137444734573364,0.48859670758247375,0.005322338547557592,0.004077817313373089,0.0009642965742386878,7.638866605930161e-08,0.9431970715522766,0.5036987066268921,0.015378857962787151,0.003626714926213026
202001B,2020-05-20 01:45:00,insat,EMBC,4,0.0768757313489914,0.6362206339836121,0.02324497327208519,0.0027500095311552286,0.002968102926388383,7.160307546882905e-08,0.8239374756813049,0.3584291636943817,0.07297373563051224,0.00260013435035944
202002A,2020-06-02 23:45:00,insat,EYE,4,0.13114149868488312,0.010919859632849693,0.14498968422412872,0.2648831307888031,0.006558248307555914,0.00220158277079463,0.5052871108055115,0.2040245234966278,0.2120235115289688,0.5179709196090698
202002A,2020-06-03 06:15:00,insat,EYE,4,0.9278734922409058,0.02913789637386799,0.018034961074590683,0.19942936301231384,0.012823637574911118,0.0011594791430979967,0.020351946353912354,0.35913243889808655,0.02091602236032486,0.41114088892936707
202003A,2020-11-22 06:15:00,insat,EYE,4,0.4517839252948761,0.5037506818771362,0.2721444368362427,0.24392767250537872,0.03630067780613899,0.0016106334514915943,0.11295197159051895,0.20291124284267426,0.12681889533996582,0.047799788415431976
202003A,2020-11-22 11:45:00,insat,EYE,4,0.2900286018848419,0.5580902695655823,0.1164318174123764,0.25679075717926025,0.036529723554849625,0.0025768904015421867,0.53044193983078,0.14069287478923798,0.02656790427863598,0.04184918478131294
202003A,2020-11-23 11:45:00,insat,SHEAR,4,0.016844114288687706,0.19812989234924316,0.1583964228630066,0.4968614876270294,0.798160195350647,0.040771808475255966,0.013496148400008678,0.10758508741855621,0.013103082776069641,0.15665169060230255
202003A,2020-11-23 17:45:00,insat,SHEAR,4,0.034567173570394516,0.21824140846729279,0.4664991497993469,0.3551500737667084,0.45340386033058167,0.0165758915245533,0.020209334790706635,0.08751806616783142,0.025320449844002724,0.32251453399658203
202004B,2020-11-23 18:15:00,insat,CRVBND,2,0.008158927783370018,0.0421907939016819,0.22761963307857513,0.6658813953399658,0.019131220877170563,0.12426847964525223,0.009397747926414013,0.08869618922472,0.7356924414634705,0.07896322757005692
202003A,2020-11-23 23:45:00,insat,CRVBND,4,0.024370713159441948,0.06738193333148956,0.368014931678772,0.28536203503608704,0.5250027775764465,0.027057882398366928,0.025507738813757896,0.011866480112075806,0.05710386112332344,0.6083316802978516
202004B,2020-11-23 23:45:00,insat,CRVBND,2,0.028554067015647888,0.19999843835830688,0.7752952575683594,0.3782944977283478,0.015703629702329636,0.010969900526106358,0.15694205462932587,0.24267171323299408,0.02350492589175701,0.16806551814079285
202003A,2020-11-24 05:15:00,insat,CRVBND,4,0.02535642497241497,0.00128942693118006,0.22337135672569275,0.23548278212547302,0.712374746799469,0.6776479482650757,0.021072080358862877,0.00032298447331413627,0.017825407907366753,0.08525696396827698
202004B,2020-11-25 06:45:00,insat,EMBC,2,0.0870245024561882,0.6537767052650452,0.051638342440128326,0.020362613722682,0.006382628809660673,7.413433195324615e-05,0.8462604284286499,0.32246240973472595,0.008694102056324482,0.003324126126244664
202004B,2020-11-25 13:15:00,insat,EMBC,2,0.031661588698625565,0.6588941216468811,0.5822380185127258,0.052820321172475815,0.011536176316440105,0.0003077509463764727,0.3111366629600525,0.2670018672943115,0.06342758983373642,0.020975837484002113
202004B,2020-11-25 18:45:00,insat,IRRCDO,2,0.10159436613321304,0.38823580741882324,0.22024524211883545,0.27723848819732666,0.01856108196079731,0.008949115872383118,0.4194408059120178,0.24398691952228546,0.24015845358371735,0.08158966898918152
202005B,2020-12-01 19:30:00,insat,EMBC,1,0.03684445470571518,0.32295525074005127,0.8608289957046509,0.034558769315481186,0.004576155450195074,5.593387413682649e-06,0.020498888567090034,0.5476267337799072,0.07725146412849426,0.09485363960266113
202005B,2020-12-02 11:15:00,insat,CRVBND,1,0.012752138078212738,0.05397368222475052,0.8229392170906067,0.44148746132850647,0.008092142641544342,0.011537616141140461,0.06643615663051605,0.1541200578212738,0.089780293405056,0.33888113498687744
202005B,2020-12-02 17:45:00,insat,CRVBND,1,0.008037996478378773,0.06219351664185524,0.2660241723060608,0.15055599808692932,0.0019339756108820438,0.0003395848907530308,0.004617472644895315,0.1976650357246399,0.7193863987922668,0.5892458558082581
202005B,2020-12-02 22:45:00,insat,EMBC,1,0.046944476664066315,0.051292527467012405,0.049295537173748016,0.353671133518219,0.004626670852303505,0.0053896293975412846,0.21065615117549896,0.21191316843032837,0.6884771585464478,0.3777335584163666
202005B,2020-12-03 06:45:00,insat,CRVBND,1,0.020083684474229813,0.11224079132080078,0.5422139763832092,0.5361574292182922,0.01197841577231884,0.013189464807510376,0.1887253224849701,0.11524565517902374,0.23699851334095,0.2231665998697281
202005B,2020-12-03 12:00:00,insat,CRVBND,1,0.01755317486822605,0.0044580260291695595,0.11635909974575043,0.4476577639579773,0.8261827230453491,0.3151296079158783,0.012118859216570854,0.0040870653465390205,0.027786139398813248,0.2286675125360489
202005B,2020-12-03 23:45:00,insat,CRVBND,1,0.027084408327937126,0.016799170523881912,0.674706220626831,0.6216109991073608,0.07066222280263901,0.061844602227211,0.05386688560247421,0.037344321608543396,0.17368026077747345,0.26240089535713196
202005B,2020-12-04 06:15:00,insat,CRVBND,1,0.046939752995967865,0.012023143470287323,0.4697186052799225,0.5318619608879089,0.27374228835105896,0.07930916547775269,0.07659292221069336,0.017731236293911934,0.13300646841526031,0.35907450318336487
202005B,2020-12-04 11:45:00,insat,CRVBND,1,0.03325962647795677,0.0931224524974823,0.6902286410331726,0.38959813117980957,0.0304361954331398,0.043316226452589035,0.0324837788939476,0.13587459921836853,0.21359173953533173,0.33808860182762146
202005B,2020-12-05 05:15:00,insat,CRVBND,1,0.032312970608472824,0.10882575809955597,0.6740657687187195,0.6462885141372681,0.02430086024105549,0.06609635055065155,0.0771765485405922,0.09092456847429276,0.19214391708374023,0.08786479383707047
202101A,2021-05-14 09:45:00,insat,CRVBND,1,0.01874597743153572,0.010467899031937122,0.7805718779563904,0.5311419367790222,0.018598156049847603,0.01769554242491722,0.007183137349784374,0.0631088986992836,0.1749008446931839,0.37758582830429077
202101A,2021-05-14 15:15:00,insat,CRVBND,1,0.1591460406780243,0.058580439537763596,0.6435590982437134,0.22418637573719025,0.01137456577271223,9.332517947768793e-05,0.09386715292930603,0.31645917892456055,0.09205317497253418,0.40068063139915466
202101A,2021-05-15 03:15:00,insat,EMBC,1,0.008102376945316792,0.3927189111709595,0.2880074679851532,0.009450428187847137,0.007448913529515266,4.309934524826531e-07,0.686382532119751,0.59152752161026,0.010058719664812088,0.0063026887364685535
202101A,2021-05-16 15:15:00,insat,EYE,1,0.9718210697174072,0.4673578143119812,0.0023104995489120483,0.016968971118330956,0.005748126655817032,1.2755848501910805e-06,0.007177789229899645,0.4867226779460907,0.012942491099238396,0.028949255123734474
202101A,2021-05-16 21:15:00,insat,EYE,1,0.8340262770652771,0.3699573576450348,0.002868868876248598,0.009953285567462444,0.012708421796560287,8.068356009971467e-07,0.1351507157087326,0.6041785478591919,0.01524572167545557,0.015909962356090546
202101A,2021-05-17 02:45:00,insat,EYE,1,0.9568760395050049,0.382805198431015,0.0014893730403855443,0.02224421687424183,0.01299496553838253,6.46260377834551e-06,0.01314176619052887,0.5636990666389465,0.01549788098782301,0.031245050951838493
202101A,2021-05-17 09:15:00,insat,EYE,1,0.8832534551620483,0.35341793298721313,0.0022268788889050484,0.03543458133935928,0.011790039949119091,3.6647310480475426e-05,0.08729968965053558,0.5882453918457031,0.015429890714585781,0.022865481674671173
202101A,2021-05-17 15:15:00,insat,EYE,1,0.9739554524421692,0.36603230237960815,0.0015137364389374852,0.050094541162252426,0.006854304578155279,3.073404513997957e-05,0.006516105495393276,0.5007022023200989,0.011160459369421005,0.08314021676778793
202102B,2021-05-24 03:15:00,insat,CRVBND,3,0.007039740681648254,3.211789589840919e-05,0.8791821002960205,0.4350336790084839,0.01210782676935196,0.548119306564331,0.014915907755494118,0.002312159864231944,0.08675440400838852,0.01450271438807249
202102B,2021-05-24 08:45:00,insat,CRVBND,3,0.010501888580620289,7.124788226064993e-06,0.9017799496650696,0.2515444755554199,0.03797805309295654,0.7398473024368286,0.0017535843653604388,0.00138764304574579,0.04798659682273865,0.0072134737856686115
202102B,2021-05-24 15:15:00,insat,CRVBND,3,0.002315482124686241,4.071372313774191e-05,0.05809876322746277,0.2601945996284485,0.0012997443554922938,0.03068295493721962,0.008245062083005905,0.005376092623919249,0.9300408959388733,0.7037056088447571
202103B,2021-09-24 12:10:00,insat,CRVBND,2,0.009128297679126263,0.003290596418082714,0.2810600697994232,0.42038434743881226,0.1376286745071411,0.24988514184951782,0.009501727297902107,0.014866297133266926,0.5626813173294067,0.3115735650062561
202103B,2021-09-26 00:15:00,insat,IRRCDO,2,0.01837068237364292,0.0003352189378347248,0.601241946220398,0.45625171065330505,0.11193209886550903,0.5072867274284363,0.012396191246807575,0.005826018750667572,0.25605908036231995,0.030300326645374298
202103B,2021-09-26 06:15:00,insat,EMBC,2,0.03532901406288147,0.008880563080310822,0.24040313065052032,0.3622247278690338,0.03937068581581116,0.007483441848307848,0.47590693831443787,0.03370695188641548,0.2089901864528656,0.5877043008804321
202103A,2021-10-01 00:45:00,insat,EMBC,4,0.010115786455571651,0.012877839617431164,0.42664995789527893,0.5832709670066833,0.02232934534549713,0.049403514713048935,0.020763061940670013,0.058623071759939194,0.5201418399810791,0.2958246171474457
202103A,2021-10-01 06:15:00,insat,EMBC,4,0.1276172250509262,0.19707031548023224,0.014952363446354866,0.23396684229373932,0.01356600783765316,0.0019438315648585558,0.7800491452217102,0.18092507123947144,0.06381522864103317,0.38609403371810913
202103A,2021-10-01 12:45:00,insat,EMBC,4,0.029952790588140488,0.43435290455818176,0.03439926356077194,0.1650504171848297,0.004693056922405958,0.002870890311896801,0.9200915694236755,0.3317108154296875,0.010863397270441055,0.06601500511169434
202103A,2021-10-02 00:15:00,insat,CRVBND,4,0.014996912330389023,0.038829561322927475,0.670680046081543,0.6273661851882935,0.00806967169046402,0.05023759603500366,0.1257290542125702,0.16940882802009583,0.1805242896080017,0.11415785551071167
202103A,2021-10-02 06:15:00,insat,EYE,4,0.08106903731822968,0.01382370013743639,0.17258496582508087,0.69590824842453,0.00803364161401987,0.11496202647686005,0.6437280178070068,0.11025340110063553,0.09458433836698532,0.06505262851715088
202103A,2021-10-03 00:15:00,insat,CRVBND,4,0.010888909921050072,0.0780385211110115,0.899577796459198,0.6188800930976868,0.03438309207558632,0.07414888590574265,0.01894458383321762,0.0815228819847107,0.03620558977127075,0.1474096029996872
202103A,2021-10-03 06:15:00,insat,EYE,4,0.19748343527317047,0.09132291376590729,0.3451310098171234,0.47212615609169006,0.18475234508514404,0.033670440316200256,0.16736720502376556,0.23059000074863434,0.1052660122513771,0.17229051887989044
202104B,2021-11-11 11:45:00,insat,CRVBND,3,0.0026715523563325405,0.003237626515328884,0.9582926034927368,0.5688076019287109,0.012174839153885841,0.1866382360458374,0.0079512819647789,0.051664549857378006,0.018909703940153122,0.18965201079845428
202105B,2021-12-03 08:45:00,insat,CRVBND,4,0.01682491973042488,0.13747987151145935,0.25975897908210754,0.15827108919620514,0.010801319032907486,0.002091295551508665,0.5996288657188416,0.3900764584541321,0.11298589408397675,0.31208136677742004
202105B,2021-12-03 21:15:00,insat,CRVBND,4,0.007702413015067577,0.0014627043856307864,0.8829113841056824,0.39293867349624634,0.03935401141643524,0.167930468916893,0.010112492367625237,0.018832657486200333,0.05991962179541588,0.41883552074432373
202105B,2021-12-04 03:15:00,insat,CRVBND,4,0.014317738823592663,0.03866226598620415,0.24501590430736542,0.07205415517091751,0.03654967248439789,0.0010962889064103365,0.33693599700927734,0.031434591859579086,0.367180734872818,0.8567526936531067
202105B,2021-12-04 08:15:00,insat,IRRCDO,4,0.020626263692975044,0.4237443804740906,0.11315453797578812,0.11771144717931747,0.03394151106476784,0.000968230830039829,0.09155969321727753,0.1907249391078949,0.740717887878418,0.2668509781360626
202105B,2021-12-05 09:15:00,insat,CRVBND,4,0.01776781864464283,0.5354596376419067,0.07346347719430923,0.02350505441427231,0.01491488702595234,9.085120109375566e-05,0.7805365920066833,0.39774230122566223,0.11331719160079956,0.043202247470617294
202105B,2021-12-05 14:45:00,insat,IRRCDO,4,0.018832916393876076,0.1471579670906067,0.4986855983734131,0.18036788702011108,0.0625365599989891,0.001601169933564961,0.10415151715278625,0.3071673810482025,0.31579333543777466,0.363705575466156
202201B,2022-03-04 20:45:00,insat,CRVBND,2,0.007972910068929195,0.27355971932411194,0.9529841542243958,0.359904944896698,0.013176463544368744,0.022882763296365738,0.0053864275105297565,0.10904861241579056,0.020479992032051086,0.23460394144058228
202201B,2022-03-05 03:15:00,insat,CRVBND,2,0.05346051603555679,0.3039036989212036,0.7039992809295654,0.26575881242752075,0.05295243486762047,0.0048980796709656715,0.1002972424030304,0.21828828752040863,0.089290551841259,0.2071511298418045
202201B,2022-03-05 09:15:00,insat,CRVBND,2,0.0097460076212883,0.034929610788822174,0.09634286910295486,0.639807939529419,0.8562663197517395,0.20631808042526245,0.0165090374648571,0.05120578408241272,0.021135833114385605,0.06773857027292252
202201B,2022-03-05 15:15:00,insat,CRVBND,2,0.010160750709474087,0.0034351181238889694,0.21172624826431274,0.2406729757785797,0.7032373547554016,0.7479526996612549,0.03374198451638222,0.003832160495221615,0.04113367944955826,0.004107089247554541
202201B,2022-03-05 21:15:00,insat,SHEAR,2,0.013306074775755405,0.0003779962717089802,0.05002540349960327,0.13504257798194885,0.9051458239555359,0.8621546030044556,0.009715992957353592,0.0002827022399287671,0.02180669642984867,0.002142038196325302
202201B,2022-03-06 03:15:00,insat,SHEAR,2,0.011936906725168228,2.1075647964607924e-05,0.027064858004450798,0.029222799465060234,0.9333989024162292,0.9706677794456482,0.01245263684540987,1.4370533790497575e-05,0.015146715566515923,7.401526090689003e-05
202201B,2022-03-06 09:15:00,insat,SHEAR,2,0.006180034950375557,1.929016889334889e-06,0.005065229721367359,0.005918567068874836,0.9817687273025513,0.9940749406814575,0.002476403024047613,2.8348524665489094e-06,0.0045095765963196754,1.6808553482405841e-06
202202B,2022-05-07 09:10:00,insat,IRRCDO,0,0.0050585619173944,0.00273520452901721,0.020524809136986732,0.17157082259655,0.005899347830563784,0.0005696861771866679,0.9422030448913574,0.041547875851392746,0.02631426230072975,0.7835764288902283
202202B,2022-05-08 03:15:00,insat,EMBC,0,0.0017944115679711103,0.11467362940311432,0.0004182120319455862,0.0024891418870538473,0.0031399214640259743,2.0848306192533528e-08,0.9867618083953857,0.8755089640617371,0.007885655388236046,0.007328208535909653
202202B,2022-05-09 03:45:00,insat,IRRCDO,0,0.036527764052152634,0.0001446952810510993,0.11871372163295746,0.299346923828125,0.05290466547012329,0.012732633389532566,0.6649314165115356,0.01739230565726757,0.12692244350910187,0.6703835129737854
202202B,2022-05-10 02:15:00,insat,EMBC,0,0.03882024064660072,0.026811201125383377,0.1293436586856842,0.24352037906646729,0.020554836839437485,0.0006807766621932387,0.6479238867759705,0.4042462110519409,0.16335734724998474,0.3247414231300354
202202B,2022-05-10 10:15:00,insat,EMBC,0,0.012580285780131817,0.08037766814231873,0.020391572266817093,0.22021064162254333,0.007315170951187611,0.0008440176607109606,0.9238230586051941,0.18223226070404053,0.0358898863196373,0.5163354277610779
202202B,2022-05-11 02:45:00,insat,EMBC,0,0.21000492572784424,0.150076761841774,0.08786262571811676,0.18238258361816406,0.006277396343648434,0.0008886030409485102,0.6107993125915527,0.3056681752204895,0.08505571633577347,0.3609839081764221
202202B,2022-05-11 07:45:00,insat,IRRCDO,0,0.015074262395501137,0.08788145333528519,0.3402458131313324,0.22227290272712708,0.008703759871423244,0.0020215599797666073,0.13364151120185852,0.3662101626396179,0.5023346543312073,0.3216139078140259
202203A,2022-08-12 08:15:00,insat,CRVBND,3,0.012087234295904636,0.007984491065144539,0.9564946293830872,0.5288815498352051,0.018850263208150864,0.14108996093273163,0.00896286591887474,0.12720781564712524,0.0036049545742571354,0.19483625888824463
202203A,2022-08-12 15:15:00,insat,SHEAR,3,0.014766287989914417,0.0005705974181182683,0.9237198829650879,0.19521848857402802,0.045507073402404785,0.8027529120445251,0.00503205880522728,0.0005525482119992375,0.010974708944559097,0.0009054607362486422
202203A,2022-08-12 21:15:00,insat,SHEAR,3,0.007933905348181725,0.001187973073683679,0.7735278606414795,0.3990899622440338,0.19395330548286438,0.5534771680831909,0.0011887148721143603,0.008313667960464954,0.023396218195557594,0.03793131932616234
202203A,2022-08-13 09:15:00,insat,SHEAR,3,0.003038582857698202,9.165923984255642e-06,0.011446792632341385,0.011298906058073044,0.9822341799736023,0.9886490106582642,0.002022652653977275,8.341196007677354e-06,0.001257709925994277,3.453296812949702e-05
202203A,2022-08-13 15:15:00,insat,SHEAR,3,0.003969019278883934,2.1238656700006686e-06,0.011644800193607807,0.005373293533921242,0.9738232493400574,0.9946141839027405,0.0030398881062865257,1.4620910633311723e-06,0.007523019798099995,9.060871889232658e-06
202203A,2022-08-13 21:15:00,insat,SHEAR,3,0.013412777334451675,1.5302082829293795e-05,0.04947478696703911,0.04306052625179291,0.9043089151382446,0.9548465609550476,0.006526808254420757,9.91871565929614e-05,0.026276730000972748,0.0019784041214734316
202204B,2022-08-19 00:15:00,insat,CRVBND,1,0.04563946649432182,7.09162195562385e-05,0.47693967819213867,0.33368733525276184,0.3965471088886261,0.6182451248168945,0.017036743462085724,0.0017182001611217856,0.06383700668811798,0.046278394758701324
202204B,2022-08-19 06:45:00,insat,CRVBND,1,0.038849860429763794,0.006344140972942114,0.9220417737960815,0.5390511751174927,0.004866815637797117,0.01780998334288597,0.012545089237391949,0.07449942827224731,0.021696481853723526,0.36229535937309265
202204B,2022-08-19 11:15:00,insat,CRVBND,1,0.02524575963616371,0.0028843481559306383,0.32323363423347473,0.5126038789749146,0.011696964502334595,0.019788166508078575,0.33134445548057556,0.03650695085525513,0.3084791302680969,0.42821672558784485
202205B,2022-10-23 15:15:00,insat,CRVBND,2,0.031322844326496124,0.05278652161359787,0.8179821372032166,0.23949533700942993,0.025256885215640068,0.00042768940329551697,0.10043458640575409,0.43917110562324524,0.025003576651215553,0.26811936497688293
202205B,2022-10-23 20:15:00,insat,CRVBND,2,0.00854145921766758,0.10931680351495743,0.6362776756286621,0.15373094379901886,0.007530126720666885,9.067966311704367e-05,0.01831330917775631,0.17696022987365723,0.3293374478816986,0.5599013566970825
202205B,2022-10-24 01:45:00,insat,CRVBND,2,0.015174586325883865,0.1332201510667801,0.298396497964859,0.018299873918294907,0.012556754052639008,2.6659160994313424e-06,0.32382500171661377,0.7549793720245361,0.35004720091819763,0.09349795430898666
202205B,2022-10-24 09:15:00,insat,CRVBND,2,0.01658327504992485,0.4872407615184784,0.04865454137325287,0.015679990872740746,0.00835171714425087,6.262905571929878e-06,0.8271161913871765,0.44910940527915955,0.09929429739713669,0.04796361178159714
202205B,2022-10-24 15:15:00,insat,CRVBND,2,0.030967317521572113,0.19292348623275757,0.06337075680494308,0.03824444115161896,0.020134538412094116,1.3338662938622292e-05,0.8376607894897461,0.3351183831691742,0.04786662384867668,0.4337003529071808
202206B,2022-12-08 12:15:00,insat,IRRCDO,3,0.030164292082190514,0.010659195482730865,0.32170405983924866,0.4599825441837311,0.023482048884034157,0.009917964227497578,0.2975695729255676,0.05105343088507652,0.3270800709724426,0.4683869481086731
202206B,2022-12-08 18:15:00,insat,EMBC,3,0.053567077964544296,0.13301485776901245,0.20040297508239746,0.2737949788570404,0.008261431939899921,0.0015250996220856905,0.3708515465259552,0.4147883355617523,0.3669170141220093,0.17687669396400452
202206B,2022-12-09 00:15:00,insat,CRVBND,3,0.047111835330724716,0.09196499735116959,0.7151491641998291,0.21328935027122498,0.010599060915410519,0.0011323019862174988,0.073943592607975,0.2647345960140228,0.1531963050365448,0.4288787841796875
202206B,2022-12-09 06:15:00,insat,CRVBND,3,0.011343318037688732,0.05138302966952324,0.9473784565925598,0.24864791333675385,0.015774229541420937,0.009699339978396893,0.017139680683612823,0.19276021420955658,0.008364301174879074,0.4975094199180603
202206B,2022-12-09 12:15:00,insat,CRVBND,3,0.0057672481052577496,0.012709983624517918,0.15484316647052765,0.15816660225391388,0.010470901615917683,0.007593771442770958,0.012915059924125671,0.016686098650097847,0.8160036206245422,0.804843544960022
202206B,2022-12-09 17:45:00,insat,CRVBND,3,0.01065540686249733,0.005583750084042549,0.42245978116989136,0.49106067419052124,0.4871944189071655,0.15533797442913055,0.010884672403335571,0.013384939171373844,0.06880572438240051,0.3346326947212219
202207A,2022-12-15 15:15:00,insat,CRVBND,4,0.010556457564234734,0.016784781590104103,0.37898603081703186,0.5902277827262878,0.086423359811306,0.12631195783615112,0.04645440727472305,0.017770301550626755,0.4775797426700592,0.24890507757663727
202207A,2022-12-15 21:15:00,insat,SHEAR,4,0.007780234329402447,0.00048329480341635644,0.2322067767381668,0.35227102041244507,0.720267117023468,0.5996537208557129,0.009613378904759884,0.0030790758319199085,0.03013252653181553,0.04451293125748634
202207A,2022-12-16 03:15:00,insat,SHEAR,4,0.0027980534359812737,4.915041790809482e-05,0.10702329128980637,0.06700490415096283,0.870211124420166,0.9325430393218994,0.00695398123934865,0.00012049854558426887,0.013013621792197227,0.0002823296235874295
202207A,2022-12-16 08:45:00,insat,SHEAR,4,0.010396403260529041,3.0432568109972635e-06,0.10347893834114075,0.04310314357280731,0.8581165075302124,0.9565565586090088,0.012255396693944931,4.13938396377489e-05,0.015752799808979034,0.0002957882534246892
202207A,2022-12-16 15:15:00,insat,SHEAR,4,0.013172555714845657,3.905081939592492e-06,0.016043556854128838,0.019650883972644806,0.9525997638702393,0.9802272319793701,0.012110860086977482,2.4503526219632477e-05,0.006073239725083113,9.352090273750946e-05
202207A,2022-12-16 21:15:00,insat,SHEAR,4,0.007099740207195282,1.4856344705549418e-06,0.009722832590341568,0.004567299969494343,0.9669588804244995,0.9954200983047485,0.0121002783998847,8.912451789910847e-07,0.004118237178772688,1.0153505172638688e-05
202207A,2022-12-17 03:15:00,insat,SHEAR,4,0.03992605581879616,0.0012565996730700135,0.41123706102371216,0.2493550330400467,0.45586684346199036,0.5719300508499146,0.041975390166044235,0.00022498509497381747,0.05099468678236008,0.17723329365253448
202301B,2023-05-11 08:30:00,insat,EMBC,1,0.02317359298467636,0.18144510686397552,0.057364996522665024,0.06718996167182922,0.009009072557091713,6.606060196645558e-06,0.900646984577179,0.6865808367729187,0.009805398993194103,0.06477747857570648
202301B,2023-05-11 14:30:00,insat,EYE,1,0.012913350947201252,0.3007583022117615,0.010254700668156147,0.04025056213140488,0.014384865760803223,2.5266699594794773e-06,0.9499205946922302,0.5881789922714233,0.012526526115834713,0.07080955803394318
202301B,2023-05-12 09:00:00,insat,EMBC,1,0.6827775239944458,0.31674671173095703,0.0048329210840165615,0.040714576840400696,0.009545842185616493,2.1899018065596465e-06,0.28529420495033264,0.5641344785690308,0.017549555748701096,0.07840210944414139
202301B,2023-05-12 15:00:00,insat,EYE,1,0.8125450015068054,0.4073432385921478,0.008017431944608688,0.01895531825721264,0.013051862828433514,5.734997898798611e-07,0.0970562994480133,0.528579831123352,0.06932942569255829,0.045121099799871445
202301B,2023-05-13 03:00:00,insat,EMBC,1,0.5768717527389526,0.428801029920578,0.011661411263048649,0.001629582024179399,0.038236141204833984,8.582449417815496e-09,0.35090354084968567,0.5675944685935974,0.022327177226543427,0.001974933547899127
202301B,2023-05-13 15:30:00,insat,EMBC,1,0.9319164752960205,0.33823439478874207,0.010389401577413082,0.002105989493429661,0.012526440434157848,1.0712627229736427e-08,0.007967322133481503,0.6574380397796631,0.037200357764959335,0.0022215188946574926
202302A,2023-06-06 09:00:00,insat,CRVBND,0,0.01907362975180149,0.44297128915786743,0.24969972670078278,0.020227588713169098,0.03498401120305061,8.121947030304e-05,0.6513765454292297,0.49846211075782776,0.044866133481264114,0.03825783357024193
202302A,2023-06-06 15:30:00,insat,EMBC,0,0.01153331995010376,0.45277315378189087,0.003564812708646059,0.03420793637633324,0.007707828190177679,1.617106499907095e-05,0.22289656102657318,0.46013161540031433,0.7542975544929504,0.05287112668156624
202302A,2023-06-07 16:00:00,insat,IRRCDO,0,0.029204200953245163,0.04025734215974808,0.5966745615005493,0.11657458543777466,0.06948626041412354,0.0017812519799917936,0.04831229895353317,0.150971919298172,0.2563226819038391,0.6904149055480957
202302A,2023-06-08 03:00:00,insat,EYE,0,0.017470119521021843,0.12563732266426086,0.013291832990944386,0.04761282727122307,0.01584516279399395,0.0002400324447080493,0.20596739649772644,0.6092178225517273,0.7474254369735718,0.21729198098182678
202302A,2023-06-08 09:00:00,insat,IRRCDO,0,0.03897720202803612,0.02067420817911625,0.574781060218811,0.15247900784015656,0.013333754613995552,0.0026289557572454214,0.05702681094408035,0.07804121822118759,0.31588122248649597,0.746176540851593
202302A,2023-06-08 15:00:00,insat,IRRCDO,0,0.03105379268527031,0.0021439404226839542,0.48706379532814026,0.1142076849937439,0.01960241049528122,0.0017715522553771734,0.046932462602853775,0.019321855157613754,0.41534751653671265,0.8625549077987671
202302A,2023-06-09 03:00:00,insat,EMBC,0,0.008121347986161709,0.05215771496295929,0.0007125650881789625,0.03307861089706421,0.01716802455484867,1.984503433050122e-05,0.16320671141147614,0.09630019962787628,0.8107913732528687,0.8184435963630676
202303B,2023-06-09 09:00:00,insat,SHEAR,2,0.006780711933970451,2.4605080398032442e-05,0.22234156727790833,0.09335740655660629,0.5093377828598022,0.9036632180213928,0.013835103251039982,0.0024219145998358727,0.24770480394363403,0.0005329007399268448
202302A,2023-06-09 15:00:00,insat,IRRCDO,0,0.07644489407539368,0.014885998331010342,0.20267832279205322,0.11656409502029419,0.020090514793992043,0.000551805307622999,0.04175453633069992,0.04020039364695549,0.6590317487716675,0.8277977108955383
202303B,2023-06-09 15:00:00,insat,SHEAR,2,0.01308883260935545,0.0002948167093563825,0.29117992520332336,0.17772804200649261,0.3498411774635315,0.7958944439888,0.014028588309884071,0.0016431979602202773,0.3318615257740021,0.024439577013254166
202302A,2023-06-09 20:30:00,insat,EMBC,0,0.041223909705877304,0.22875311970710754,0.25319576263427734,0.015923665836453438,0.020891258493065834,8.304798484459752e-07,0.04938424378633499,0.4544496536254883,0.6353048086166382,0.3008727729320526
202303B,2023-06-09 21:00:00,insat,CRVBND,2,0.0032757495064288378,0.0028526349924504757,0.646037220954895,0.584367036819458,0.033389125019311905,0.19748559594154358,0.010535234585404396,0.02748316526412964,0.3067626655101776,0.18781156837940216
202302A,2023-06-10 03:00:00,insat,EMBC,0,0.028010200709104538,0.15829069912433624,0.002163022058084607,0.010662974789738655,0.011407663114368916,2.340201035622158e-06,0.3880811333656311,0.8076167106628418,0.5703380107879639,0.02342722937464714
202303B,2023-06-10 03:10:00,insat,CRVBND,2,0.00777225149795413,0.007597253657877445,0.377766877412796,0.30153438448905945,0.40910086035728455,0.029963698238134384,0.04728732258081436,0.029094833880662918,0.15807268023490906,0.6318098306655884
202302A,2023-06-10 09:00:00,insat,CRVBND,0,0.03230602294206619,0.00031965490779839456,0.7921885848045349,0.5266244411468506,0.029163891449570656,0.15723715722560883,0.0267845056951046,0.004809694364666939,0.11955699324607849,0.3110089600086212
202303B,2023-06-10 08:10:00,insat,CRVBND,2,0.007551942951977253,0.001742506050504744,0.14777769148349762,0.3191881477832794,0.7057515382766724,0.44361379742622375,0.034481581300497055,0.004048957023769617,0.1044372096657753,0.2314065396785736
202302A,2023-06-10 14:00:00,insat,EMBC,0,0.040786776691675186,0.020907962694764137,0.003174044191837311,0.1502474695444107,0.024556726217269897,0.00036698865005746484,0.07005506008863449,0.05259878188371658,0.8614274263381958,0.7758788466453552
202302A,2023-06-11 02:00:00,insat,SHEAR,0,0.0557694286108017,0.0005441978573799133,0.14260761439800262,0.6046228408813477,0.03185304254293442,0.3871500790119171,0.04868897795677185,0.0006692743045277894,0.7210808992385864,0.007013543974608183
202302A,2023-06-11 08:30:00,insat,EMBC,0,0.937740683555603,0.10614484548568726,0.003751658136025071,0.037286289036273956,0.012971432879567146,0.000351403490640223,0.023570340126752853,0.6878339052200317,0.0219658762216568,0.16838349401950836
202302A,2023-06-11 15:00:00,insat,SHEAR,0,0.03724977374076843,1.1618641337918234e-06,0.025742745026946068,0.023441165685653687,0.5979962944984436,0.976421058177948,0.0388735830783844,1.8649744788490352e-06,0.30013760924339294,0.00013476125604938716
202302A,2023-06-12 02:00:00,insat,EMBC,0,0.09779766947031021,0.09314780682325363,0.057127419859170914,0.013073922134935856,0.046854570508003235,1.2413455806381535e-05,0.7039931416511536,0.8140071034431458,0.0942271277308464,0.07975879311561584
202302A,2023-06-12 08:00:00,insat,EYE,0,0.3166006803512573,0.21959680318832397,0.008628837764263153,0.03788229450583458,0.05247391015291214,0.0004344638145994395,0.567462146282196,0.6899170875549316,0.05483446270227432,0.0521693117916584
202302A,2023-06-12 15:00:00,insat,EYE,0,0.957127034664154,0.2241729348897934,0.003841628786176443,0.17868316173553467,0.012047222815454006,0.0026806434616446495,0.01290514413267374,0.39087310433387756,0.014078962616622448,0.20359013974666595
202302A,2023-06-13 15:00:00,insat,EMBC,0,0.16280196607112885,0.13031268119812012,0.006194335408508778,0.17348210513591766,0.027298960834741592,0.0010286117903888226,0.7631845474243164,0.267836332321167,0.04052014648914337,0.42734020948410034
202302A,2023-06-13 21:00:00,insat,CRVBND,0,0.05825620889663696,0.012153143994510174,0.017760664224624634,0.7949692606925964,0.016073035076260567,0.05896948650479317,0.05915626138448715,0.03928263485431671,0.848753809928894,0.09462545067071915
202302A,2023-06-14 09:00:00,insat,CRVBND,0,0.06922481209039688,0.005475158337503672,0.5457502007484436,0.6421898007392883,0.1402936428785324,0.14087606966495514,0.14349928498268127,0.05833999067544937,0.1012321263551712,0.15311898291110992
202302A,2023-06-14 15:00:00,insat,SHEAR,0,0.08354495465755463,6.233190651983023e-05,0.17134466767311096,0.3010186553001404,0.35684317350387573,0.6896553635597229,0.07934828102588654,0.0007846507942304015,0.30891889333724976,0.00847898330539465
202302A,2023-06-14 21:00:00,insat,CRVBND,0,0.044568102806806564,0.00023740420874673873,0.7072630524635315,0.4002702534198761,0.05241478979587555,0.5438671708106995,0.048100441694259644,0.0016627699369564652,0.14765356481075287,0.05396236851811409
202302A,2023-06-15 03:00:00,insat,SHEAR,0,0.04510529711842537,0.0001219578625750728,0.49620091915130615,0.13706627488136292,0.3838330805301666,0.8611698150634766,0.05033938214182854,0.0001352785766357556,0.024521280080080032,0.0015066228806972504
202302A,2023-06-15 09:00:00,insat,CRVBND,0,0.03363427519798279,0.0737496167421341,0.870688259601593,0.5787258744239807,0.04917073994874954,0.05840881168842316,0.013074799440801144,0.1857941895723343,0.03343183174729347,0.10332152247428894
202304B,2023-08-01 00:00:00,insat,CRVBND,4,0.005234426818788052,4.210040970065165e-06,0.012305926531553268,0.0821196436882019,0.9743320345878601,0.9166695475578308,0.001793809700757265,7.320875010918826e-05,0.00633376557379961,0.0011333927977830172
202304B,2023-08-01 06:00:00,insat,SHEAR,4,0.02480662800371647,5.553825985771255e-07,0.0622970275580883,0.25871437788009644,0.8461266756057739,0.7282482385635376,0.022016242146492004,0.001018643844872713,0.04475352168083191,0.01201812457293272
202305A,2023-10-21 15:30:00,insat,EYE,3,0.9590504169464111,0.3236313760280609,0.0066025699488818645,0.07292621582746506,0.007806228008121252,0.0004507191479206085,0.019284188747406006,0.5486670136451721,0.007256658747792244,0.054324641823768616
202305A,2023-10-21 21:00:00,insat,EYE,3,0.42289891839027405,0.2818332612514496,0.024851737543940544,0.1246614083647728,0.02448631078004837,0.0006442231242544949,0.5164756774902344,0.4704621732234955,0.011287428438663483,0.12239884585142136
202305A,2023-10-22 03:00:00,insat,EYE,3,0.9578458666801453,0.28697219491004944,0.005822072271257639,0.034136272966861725,0.01639617420732975,6.346284499159083e-05,0.00661409180611372,0.6368493437767029,0.01332190539687872,0.04197866469621658
202305A,2023-10-22 09:00:00,insat,EYE,3,0.9289827942848206,0.26557132601737976,0.014417540282011032,0.14284348487854004,0.02197469212114811,0.0027760653756558895,0.02127837762236595,0.5445319414138794,0.013346533291041851,0.04427720233798027
202305A,2023-10-22 15:00:00,insat,EYE,3,0.9592916965484619,0.18764182925224304,0.007393197156488895,0.3084195852279663,0.011656839400529861,0.007060387637466192,0.007658683229237795,0.33230581879615784,0.013999678194522858,0.16457240283489227
202305A,2023-10-23 09:30:00,insat,SHEAR,3,0.04489787295460701,0.0024201988708227873,0.20040401816368103,0.10118433833122253,0.7120164632797241,0.8958098292350769,0.03160344064235687,0.0003050391096621752,0.011078212410211563,0.0002806934935506433
202305A,2023-10-23 15:00:00,insat,EYE,3,0.2369767129421234,0.35259830951690674,0.05828528851270676,0.24420811235904694,0.014365113340318203,0.0016743186861276627,0.5166082382202148,0.10200343281030655,0.1737646758556366,0.29951584339141846
202306B,2023-10-24 03:00:00,insat,EMBC,1,0.02124132588505745,0.5216239094734192,0.023563329130411148,0.02825375832617283,0.00566483661532402,1.8007765902439132e-05,0.9406107068061829,0.432506263256073,0.008919828571379185,0.017597991973161697
202306B,2023-10-24 08:30:00,insat,EMBC,1,0.01361379586160183,0.41364234685897827,0.02848769538104534,0.02871011383831501,0.009474112652242184,3.937667497666553e-05,0.9253449440002441,0.49974656105041504,0.023079415783286095,0.05786151438951492
202306B,2023-10-24 15:00:00,insat,EMBC,1,0.005039752461016178,0.45054611563682556,0.0028082767967134714,0.00834133941680193,0.002777183661237359,1.4227026667867904e-06,0.9863033890724182,0.513314425945282,0.00307138217613101,0.027796722948551178
202307B,2023-11-17 00:00:00,insat,CRVBND,3,0.0011135753011330962,0.09246256947517395,0.011456979438662529,0.009459677152335644,0.004534249193966389,4.876551429333631e-06,0.01281774789094925,0.5097131133079529,0.9700775742530823,0.3883597254753113
202307B,2023-11-17 06:00:00,insat,SHEAR,3,0.018791742622852325,0.002713659545406699,0.6013590097427368,0.4448343813419342,0.3379962146282196,0.08772088587284088,0.024476712569594383,0.00565950246527791,0.01737634465098381,0.4590716063976288
202308B,2023-12-03 03:00:00,insat,CRVBND,2,0.07139579206705093,0.5263952016830444,0.4751475155353546,0.047963015735149384,0.01601657271385193,6.064412809791975e-05,0.41052955389022827,0.41023924946784973,0.026910608634352684,0.015341956168413162
202308B,2023-12-03 09:00:00,insat,CRVBND,2,0.012842986732721329,0.4428420960903168,0.9228801727294922,0.20084258913993835,0.004156049340963364,0.0021181534975767136,0.03420494869351387,0.08967173844575882,0.025915849953889847,0.26452553272247314
202308B,2023-12-03 14:30:00,insat,CRVBND,2,0.02474997006356716,0.4126034080982208,0.8037537932395935,0.14190414547920227,0.024525832384824753,0.0004233697836752981,0.06630706042051315,0.35445186495780945,0.08066333830356598,0.09061720967292786
202308B,2023-12-03 20:00:00,insat,CRVBND,2,0.13434720039367676,0.28445199131965637,0.0524715892970562,0.219382181763649,0.005260698031634092,0.00035984977148473263,0.777794599533081,0.436737060546875,0.030125930905342102,0.05906889587640762
202308B,2023-12-04 03:00:00,insat,CRVBND,2,0.08914550393819809,0.08564687520265579,0.39009353518486023,0.5371068120002747,0.01015162467956543,0.007684547454118729,0.47387054562568665,0.22977063059806824,0.03673887252807617,0.13979119062423706
202401B,2024-05-25 18:30:00,insat,CRVBND,0,0.019713735207915306,0.0009649493149481714,0.8278570771217346,0.340339720249176,0.01627245731651783,0.0014904962154105306,0.04681092128157616,0.021840229630470276,0.0893457680940628,0.6353645920753479
202401B,2024-05-26 00:00:00,insat,CRVBND,0,0.05875261500477791,0.009680867195129395,0.22053936123847961,0.18396832048892975,0.023335322737693787,3.4180473448941484e-05,0.20768189430236816,0.1469414085149765,0.4896908402442932,0.6593752503395081
202401B,2024-05-26 06:00:00,insat,CRVBND,0,0.11564145982265472,0.03151576220989227,0.4633979797363281,0.21220029890537262,0.044303640723228455,0.000124333833809942,0.248628169298172,0.22755885124206543,0.12802883982658386,0.5286006927490234
202401B,2024-05-26 12:00:00,insat,CRVBND,0,0.013273523189127445,0.006104291416704655,0.052979543805122375,0.633283257484436,0.014622321352362633,0.004324006848037243,0.14843502640724182,0.24305948615074158,0.7706896066665649,0.11322889477014542
202402A,2024-08-30 06:00:00,insat,CRVBND,1,0.007004434708505869,0.00012032184167765081,0.025089317932724953,0.0813489556312561,0.9561600089073181,0.9153185486793518,0.005448316223919392,0.00034073065035045147,0.00629782909527421,0.0028714051004499197
202402A,2024-08-30 12:00:00,insat,CRVBND,1,0.008321051485836506,0.0001802462647901848,0.029446052387356758,0.11253193020820618,0.944088339805603,0.8848243355751038,0.008949617855250835,0.0005094123771414161,0.009194964542984962,0.001954045845195651
202402A,2024-08-31 00:00:00,insat,CRVBND,1,0.01834193244576454,0.0010397906880825758,0.4730399250984192,0.2962336540222168,0.4659840762615204,0.6832748651504517,0.021233221516013145,0.0013887792592868209,0.02140083536505699,0.018062911927700043
202402A,2024-08-31 06:00:00,insat,CRVBND,1,0.04071670398116112,0.03491727262735367,0.8381946682929993,0.42304036021232605,0.06239347159862518,0.45261308550834656,0.043607715517282486,0.016817819327116013,0.015087388455867767,0.07261147350072861
202402A,2024-08-31 12:00:00,insat,CRVBND,1,0.06533852219581604,0.11425569653511047,0.23823897540569305,0.2675997018814087,0.01673058606684208,0.019676558673381805,0.012753906659781933,0.1282433569431305,0.666938066482544,0.47022467851638794
202402A,2024-09-01 00:00:00,insat,CRVBND,1,0.03907012939453125,0.022877825424075127,0.7914924025535583,0.21307753026485443,0.024881040677428246,0.05481252819299698,0.02240912616252899,0.022242501378059387,0.12214731425046921,0.6869896650314331
202402A,2024-09-01 06:00:00,insat,SHEAR,1,0.02077375538647175,0.013812150806188583,0.14907078444957733,0.23493064939975739,0.7949934005737305,0.6830692887306213,0.016781015321612358,0.002403022488579154,0.01838112063705921,0.06578484177589417
202402A,2024-09-01 12:00:00,insat,SHEAR,1,0.016897214576601982,0.08796107769012451,0.9291425943374634,0.48108142614364624,0.016244569793343544,0.32255664467811584,0.0225982628762722,0.011895005591213703,0.015117306262254715,0.09650591015815735
202402A,2024-09-01 22:30:00,insat,SHEAR,1,0.008856255561113358,6.320259672065731e-06,0.003709855955094099,0.0057219285517930984,0.9686828851699829,0.9942705631256104,0.008118560537695885,2.020637737132347e-07,0.010632438585162163,9.685899158284883e-07
202403B,2024-10-23 13:00:00,insat,IRRCDO,4,0.009451374411582947,0.008988783694803715,0.6368505358695984,0.7326108813285828,0.024205965921282768,0.024635206907987595,0.023304376751184464,0.1538156270980835,0.3061876893043518,0.0799495056271553
202403B,2024-10-24 00:30:00,insat,EMBC,4,0.04922489821910858,0.24756351113319397,0.025235777720808983,0.10342305153608322,0.00421843072399497,8.619384607300162e-05,0.670428454875946,0.41779959201812744,0.2508924603462219,0.23112763464450836
202403B,2024-10-24 05:30:00,insat,CRVBND,4,0.012854875065386295,0.05926445499062538,0.42785072326660156,0.36115574836730957,0.0475282222032547,0.004957251716405153,0.07373417913913727,0.2838761508464813,0.438031941652298,0.2907463014125824
202403B,2024-10-25 00:30:00,insat,IRRCDO,4,0.011334601789712906,0.07999688386917114,0.8312849402427673,0.23338377475738525,0.03528999909758568,0.0031312040518969297,0.014476478099822998,0.1299542635679245,0.10761397331953049,0.5535339117050171
202404B,2024-11-30 09:30:00,insat,CRVBND,2,0.04967580363154411,0.04282981529831886,0.26015132665634155,0.49142545461654663,0.010525661520659924,0.0032673203386366367,0.6282917857170105,0.29819706082344055,0.051355402916669846,0.16428034007549286
202404B,2024-11-30 15:00:00,insat,CRVBND,2,0.057039108127355576,0.0027703566011041403,0.5699593424797058,0.6330419182777405,0.011746145784854889,0.0703338012099266,0.21558617055416107,0.037428468465805054,0.14566925168037415,0.2564253807067871
202404B,2024-11-30 21:00:00,insat,IRRCDO,2,0.005470662843436003,0.004812774248421192,0.12678933143615723,0.08410429954528809,0.0027221404016017914,0.0007301263976842165,0.041509371250867844,0.007529309950768948,0.8235084414482117,0.9028235077857971
202501B,2025-10-01 12:00:00,insat,SHEAR,3,0.007584307808429003,1.1009786504700969e-07,0.3392964005470276,0.013753071427345276,0.6414346098899841,0.9853571057319641,0.0034435796551406384,2.1229452613624744e-05,0.00824108999222517,0.0008683525375090539
202501B,2025-10-02 00:00:00,insat,CRVBND,3,0.004172838293015957,0.00010835438297362998,0.7841851115226746,0.4892716705799103,0.050778716802597046,0.1523130238056183,0.0031846894416958094,0.006690089125186205,0.15767867863178253,0.3516167998313904
202501B,2025-10-02 06:00:00,insat,CRVBND,3,0.000740360701456666,0.0003093952254857868,0.0559927336871624,0.2544657289981842,0.0026023925747722387,0.05645793676376343,0.006241390015929937,0.0032767856027930975,0.9344232082366943,0.6854901909828186
202502A,2025-10-03 05:30:00,insat,CRVBND,0,0.05092380940914154,0.44315609335899353,0.7152719497680664,0.2892123758792877,0.0077455067075788975,0.02190352976322174,0.045926906168460846,0.16300751268863678,0.18013185262680054,0.08272047340869904
202502A,2025-10-03 12:30:00,insat,IRRCDO,0,0.011064412072300911,0.4002489745616913,0.09283407032489777,0.08365731686353683,0.008302954956889153,0.001813893555663526,0.8416422009468079,0.40714582800865173,0.0461563766002655,0.10713403671979904
202502A,2025-10-04 00:00:00,insat,CRVBND,0,0.035809848457574844,0.002196230925619602,0.8152107000350952,0.4681689441204071,0.030147327110171318,0.5084838271141052,0.09860828518867493,0.003053823718801141,0.020223818719387054,0.018097160384058952
202502A,2025-10-04 06:00:00,insat,CRVBND,0,0.05398435518145561,0.015798276290297508,0.23239101469516754,0.41436100006103516,0.06584398448467255,0.54709392786026,0.2619451582431793,0.008407004177570343,0.38583555817604065,0.014339742250740528
202502A,2025-10-04 12:00:00,insat,EMBC,0,0.8799577355384827,0.008960927836596966,0.05143514648079872,0.41886863112449646,0.024448668584227562,0.5179361701011658,0.018448306247591972,0.013167912140488625,0.02571015991270542,0.04106636345386505
202502A,2025-10-05 05:30:00,insat,EMBC,0,0.013462685979902744,0.010603431612253189,0.9393685460090637,0.5084196925163269,0.024217668920755386,0.38362935185432434,0.010257315821945667,0.008347784169018269,0.012693804688751698,0.08899971097707748
202502A,2025-10-06 00:00:00,insat,SHEAR,0,0.02572634443640709,0.00011377585906302556,0.618498682975769,0.1574276089668274,0.3176652193069458,0.8418720960617065,0.02287190593779087,4.484899545786902e-05,0.015237835235893726,0.000541665474884212
202502A,2025-10-06 06:00:00,insat,SHEAR,0,0.00460011325776577,1.7331691196886823e-05,0.0006781017873436213,0.01829800009727478,0.9805927276611328,0.9816712737083435,0.004513837397098541,1.2009679721813882e-06,0.009615273214876652,1.2122465705033392e-05
202502A,2025-10-06 12:00:00,insat,SHEAR,0,0.013070691376924515,2.695775401662104e-05,0.0030353423207998276,0.022355759516358376,0.9576589465141296,0.9775691628456116,0.011066329665482044,6.557704182341695e-06,0.015168614685535431,4.1659997805254534e-05
202502A,2025-10-06 22:30:00,insat,SHEAR,0,0.0168756190687418,2.190739223806304e-06,0.0017995027592405677,0.014063757844269276,0.9502109885215759,0.9859333634376526,0.011736963875591755,3.755359756496546e-08,0.019376950338482857,6.948837381060002e-07
202503B,2025-10-27 00:00:00,insat,CRVBND,1,0.02347313053905964,0.002920153783634305,0.37028372287750244,0.48803210258483887,0.0033350747544318438,0.011778454296290874,0.007258357014507055,0.06357138603925705,0.5956497192382812,0.4336979389190674
202503B,2025-10-27 06:00:00,insat,CRVBND,1,0.004530539270490408,0.0005206663627177477,0.045985978096723557,0.5479089617729187,0.001958527835085988,0.4059661328792572,0.0025043452624231577,0.008669950999319553,0.9450206160545349,0.03693420812487602
202503B,2025-10-27 13:00:00,insat,IRRCDO,1,0.007500343956053257,0.00031916494481265545,0.03135291486978531,0.34050053358078003,0.004313421435654163,0.09399660676717758,0.0017288662493228912,0.004603928420692682,0.9551044702529907,0.560579776763916
202503B,2025-10-27 23:30:00,insat,IRRCDO,1,0.008900404907763004,0.0009526454959996045,0.022808048874139786,0.06767844408750534,0.004799989052116871,8.760231139604002e-05,0.07580840587615967,0.008918465115129948,0.887683093547821,0.9223628640174866
202503B,2025-10-28 06:00:00,insat,CRVBND,1,0.0028813756071031094,0.0010700480779632926,0.016764478757977486,0.5692716836929321,0.0028165364637970924,0.097676120698452,0.004660348873585463,0.016981929540634155,0.9728771448135376,0.3150002956390381
202503B,2025-10-28 12:00:00,insat,CRVBND,1,0.005335027817636728,0.003065267810598016,0.024840377271175385,0.4646501839160919,0.004024049732834101,0.02135198935866356,0.03369387239217758,0.03725139796733856,0.9321067333221436,0.4736812114715576
202504B,2025-11-25 20:00:00,insat,EMBC,2,0.003949262667447329,0.00693272752687335,0.07917281240224838,0.25924938917160034,0.003385615535080433,0.00015717702626716346,0.030790405347943306,0.03078319877386093,0.8827018737792969,0.7028775215148926
202505B,2025-11-27 09:00:00,insat,CRVBND,1,0.9207866787910461,0.08400249481201172,0.058298517018556595,0.35639047622680664,0.0048994990065693855,0.016238175332546234,0.008917933329939842,0.10091326385736465,0.007097423076629639,0.44245555996894836
202505B,2025-11-29 03:00:00,insat,SHEAR,1,0.0055651310831308365,5.780079300166108e-05,0.0075155929662287235,0.06078371778130531,0.9767962694168091,0.9358727335929871,0.004120788536965847,8.749570406507701e-05,0.0060022249817848206,0.003198314690962434
202505B,2025-11-29 09:00:00,insat,SHEAR,1,0.014001951552927494,0.0003844217862933874,0.06842315942049026,0.17546416819095612,0.8727684020996094,0.817168653011322,0.01978994719684124,0.000706140068359673,0.02501649595797062,0.006276617757976055
202505B,2025-11-29 15:00:00,insat,SHEAR,1,0.009775602258741856,5.128365955897607e-05,0.012288006953895092,0.0376010537147522,0.9527619481086731,0.9610600471496582,0.011966608464717865,0.00019263525609858334,0.013207790441811085,0.00109507713932544
202505B,2025-11-29 21:00:00,insat,SHEAR,1,0.008181540295481682,9.910332664730959e-06,0.006538285408169031,0.014572201296687126,0.9623915553092957,0.9853888154029846,0.01112802978605032,4.0014074329519644e-06,0.011760538443922997,2.5165600163745694e-05
202505B,2025-11-30 03:00:00,insat,SHEAR,1,0.008666431531310081,2.9475256724253995e-06,0.004581586457788944,0.0054549602791666985,0.9639980792999268,0.9945231676101685,0.011757689528167248,8.128486115310807e-07,0.010996181517839432,1.8128372175851837e-05
202505B,2025-11-30 09:00:00,insat,SHEAR,1,0.007789290975779295,6.7090704760630615e-06,0.00441611185669899,0.011483938433229923,0.9726219773292542,0.9884836077690125,0.007438318803906441,1.7406410961484653e-06,0.007734258659183979,2.3915710698929615e-05
202505B,2025-11-30 15:00:00,insat,SHEAR,1,0.007309813983738422,8.116233220789582e-05,0.006338121835142374,0.04642949253320694,0.97216796875,0.952528715133667,0.006039370782673359,1.969934419321362e-05,0.008144816383719444,0.0009409511694684625
