storm,time,sensor,scene,fold,cnn_EYE,stat_EYE,cnn_CRVBND,stat_CRVBND,cnn_SHEAR,stat_SHEAR,cnn_EMBC,stat_EMBC,cnn_IRRCDO,stat_IRRCDO
200501B,2005-01-09 01:00:00,gridsat,EMBC,1,0.08575061708688736,0.003650205908343196,0.2591695487499237,0.3475918471813202,0.302922785282135,0.0034420336596667767,0.1676052361726761,0.008442314341664314,0.18455184996128082,0.6368735432624817
200501B,2005-01-09 07:00:00,gridsat,CRVBND,1,0.09137613326311111,0.44289231300354004,0.25209951400756836,0.038448307663202286,0.30435433983802795,7.270145943039097e-06,0.17678703367710114,0.5115989446640015,0.17538297176361084,0.007053143810480833
200501B,2005-01-09 11:30:00,gridsat,SHEAR,1,0.08524701744318008,0.3714168071746826,0.2593628168106079,0.23080457746982574,0.3140920102596283,0.00025253623607568443,0.16224877536296844,0.3758072257041931,0.17904938757419586,0.021718889474868774
200501B,2005-01-09 18:00:00,gridsat,CRVBND,1,0.08397454768419266,0.04663912579417229,0.2593376040458679,0.7628684043884277,0.32024863362312317,0.00383537239395082,0.15458263456821442,0.14730188250541687,0.18185654282569885,0.039355311542749405
200501B,2005-01-10 00:00:00,gridsat,SHEAR,1,0.08721853792667389,0.0008764648227952421,0.2519979476928711,0.7441075444221497,0.32135361433029175,0.24582244455814362,0.15779903531074524,0.0023229802027344704,0.18163086473941803,0.0068705277517437935
200501B,2005-01-10 05:30:00,gridsat,CRVBND,1,0.08709891885519028,0.04909559339284897,0.2583373486995697,0.5446262955665588,0.3220197856426239,0.010618436150252819,0.15545596182346344,0.017102161422371864,0.1770879328250885,0.3785575032234192
200501B,2005-01-10 18:00:00,gridsat,CRVBND,1,0.08457877486944199,0.3417416512966156,0.26567357778549194,0.26448652148246765,0.3220536708831787,0.00029036542400717735,0.15262188017368317,0.3412208557128906,0.17507204413414001,0.05226067081093788
200501B,2005-01-10 23:30:00,gridsat,SHEAR,1,0.08545523136854172,0.023784730583429337,0.26569777727127075,0.7225956916809082,0.33091720938682556,0.038347117602825165,0.14873698353767395,0.005760287865996361,0.1691928207874298,0.20951220393180847
200502B,2005-01-14 21:30:00,gridsat,CRVBND,2,0.04486598074436188,0.3707563281059265,0.6813298463821411,0.10874667763710022,0.05914568528532982,0.0001085534313460812,0.1259937882423401,0.35876646637916565,0.08866477757692337,0.16162195801734924
200502B,2005-01-15 02:00:00,gridsat,CRVBND,2,0.040922947227954865,0.04926474019885063,0.5622201561927795,0.2389584332704544,0.13655886054039001,0.0005971334758214653,0.14328213036060333,0.06791149824857712,0.11701592057943344,0.6432681679725647
200502B,2005-01-15 15:00:00,gridsat,CRVBND,2,0.04886002466082573,0.05086241289973259,0.6285529732704163,0.440611332654953,0.0861557200551033,0.02033395506441593,0.14658835530281067,0.03360048681497574,0.08984289318323135,0.4545918107032776
200502B,2005-01-15 21:00:00,gridsat,CRVBND,2,0.0441884770989418,0.004820478148758411,0.6173808574676514,0.8237115740776062,0.0988212302327156,0.045786719769239426,0.10435054451227188,0.02871621586382389,0.13525888323783875,0.09696511179208755
200502B,2005-01-16 03:00:00,gridsat,IRRCDO,2,0.028842832893133163,0.024598613381385803,0.653076708316803,0.5005064606666565,0.09884230047464371,0.008680778555572033,0.1242930069565773,0.07013656198978424,0.09494511783123016,0.39607760310173035
200502B,2005-01-16 15:00:00,gridsat,SHEAR,2,0.036920033395290375,2.4716822736081667e-05,0.5651519298553467,0.18165341019630432,0.15531101822853088,0.8159606456756592,0.13779626786708832,0.00019280429114587605,0.10482078045606613,0.0021683976519852877
200502B,2005-01-16 20:30:00,gridsat,IRRCDO,2,0.027860505506396294,0.0008784536039456725,0.6933417916297913,0.779415488243103,0.10554751008749008,0.1145712286233902,0.1073639914393425,0.0050919572822749615,0.06588618457317352,0.10004283487796783
200502B,2005-01-17 03:00:00,gridsat,CRVBND,2,0.04618394747376442,0.004036994185298681,0.633421003818512,0.7666142582893372,0.0755579024553299,0.1953069567680359,0.13309194147586823,0.008847023360431194,0.11174512654542923,0.02519482746720314
200502B,2005-01-17 08:30:00,gridsat,SHEAR,2,0.03219835087656975,0.011802543886005878,0.5740585923194885,0.3856593370437622,0.10463690757751465,0.0554574579000473,0.1810981184244156,0.0077873230911791325,0.10800806432962418,0.5392933487892151
200502B,2005-01-17 15:00:00,gridsat,IRRCDO,2,0.033849552273750305,0.002323207911103964,0.6598451137542725,0.7668792009353638,0.09284718334674835,0.13620419800281525,0.12545154988765717,0.005005816929042339,0.08800654113292694,0.08958757668733597
200502B,2005-01-17 21:00:00,gridsat,CRVBND,2,0.025876935571432114,0.0076681021600961685,0.678130030632019,0.862339973449707,0.10474046319723129,0.06131116300821304,0.11720789968967438,0.014708874747157097,0.0740446224808693,0.053971897810697556
200505B,2005-11-28 02:00:00,gridsat,IRRCDO,3,0.13202017545700073,0.000586453068535775,0.15089823305606842,0.45143285393714905,0.27459150552749634,0.02021431364119053,0.3033449053764343,0.005430926568806171,0.13914518058300018,0.5223354697227478
200505B,2005-11-28 09:00:00,gridsat,CRVBND,3,0.13848765194416046,0.0042365724220871925,0.16941724717617035,0.5516670942306519,0.2636299431324005,0.0483475960791111,0.2949329614639282,0.012626659125089645,0.13353215157985687,0.3831220269203186
200505B,2005-11-28 15:00:00,gridsat,IRRCDO,3,0.13286811113357544,1.7427355487598106e-05,0.1514783501625061,0.03021753579378128,0.2712438702583313,0.0013417026493698359,0.29200658202171326,0.00025758377159945667,0.15240313112735748,0.9681656956672668
200505B,2005-11-28 20:00:00,gridsat,IRRCDO,3,0.1437501609325409,0.0060334824956953526,0.16865773499011993,0.012136951088905334,0.257378488779068,3.053565160371363e-05,0.2950623333454132,0.0222224909812212,0.13515126705169678,0.9595764875411987
200505B,2005-11-29 09:00:00,gridsat,CRVBND,3,0.15921282768249512,0.01767151430249214,0.17826813459396362,0.3340618908405304,0.23547615110874176,0.0009968020021915436,0.2881646454334259,0.25963473320007324,0.1388782113790512,0.3876350224018097
200505B,2005-11-29 15:00:00,gridsat,CRVBND,3,0.13372951745986938,0.0007264548330567777,0.18151256442070007,0.7660386562347412,0.28502559661865234,0.2070368379354477,0.28747594356536865,0.009217402897775173,0.11225636303424835,0.01698063127696514
200505B,2005-11-29 21:00:00,gridsat,EMBC,3,0.14371056854724884,0.019666574895381927,0.2087465524673462,0.1456449031829834,0.23703324794769287,0.0017844842514023185,0.26526668667793274,0.0370640754699707,0.14524298906326294,0.7958400249481201
200505B,2005-11-30 02:00:00,gridsat,EMBC,3,0.14685450494289398,0.5670946836471558,0.17638593912124634,0.06203635409474373,0.2513549029827118,6.0200924053788185e-05,0.26437926292419434,0.30783867835998535,0.16102537512779236,0.06297005712985992
200505B,2005-11-30 09:00:00,gridsat,CRVBND,3,0.15121451020240784,0.015986425802111626,0.1635356992483139,0.15013623237609863,0.2734754681587219,0.002251371508464217,0.24658721685409546,0.021369382739067078,0.16518710553646088,0.8102565407752991
200505B,2005-11-30 14:30:00,gridsat,CRVBND,3,0.1439393162727356,0.011937657371163368,0.18897831439971924,0.29276949167251587,0.26840969920158386,0.008894771337509155,0.2626977562904358,0.027994994074106216,0.13597488403320312,0.6584030985832214
200505B,2005-11-30 22:00:00,gridsat,CRVBND,3,0.1494777500629425,0.3387492597103119,0.16793379187583923,0.21003660559654236,0.2418091744184494,0.00023722245532553643,0.2763800323009491,0.3209804892539978,0.16439928114414215,0.1299964189529419
200505B,2005-12-01 09:00:00,gridsat,IRRCDO,3,0.14611274003982544,0.015995586290955544,0.16578996181488037,0.35026025772094727,0.2542404234409332,0.009503966197371483,0.275311142206192,0.01902811974287033,0.15854570269584656,0.6052120327949524
200505B,2005-12-01 15:00:00,gridsat,SHEAR,3,0.1437835991382599,0.00022923819778952748,0.17880913615226746,0.32669639587402344,0.27332717180252075,0.6701281070709229,0.25298628211021423,0.00013200720422901213,0.15109381079673767,0.0028143092058598995
200505B,2005-12-01 21:00:00,gridsat,SHEAR,3,0.14415037631988525,0.0002566674374975264,0.20264266431331635,0.7231524586677551,0.264261394739151,0.1578255593776703,0.23920969665050507,0.0029513537883758545,0.14973586797714233,0.11581405252218246
200505B,2005-12-02 03:00:00,gridsat,CRVBND,3,0.1401461660861969,0.1797792613506317,0.16992837190628052,0.5114991664886475,0.26156893372535706,0.006020905915647745,0.28290754556655884,0.11098727583885193,0.1454489380121231,0.1917133778333664
200505B,2005-12-02 09:00:00,gridsat,CRVBND,3,0.1421457827091217,0.0023982166312634945,0.19337785243988037,0.5969699025154114,0.28756803274154663,0.053098954260349274,0.23647630214691162,0.019256405532360077,0.14043207466602325,0.32827651500701904
200505B,2005-12-02 15:00:00,gridsat,CRVBND,3,0.1527651995420456,0.0020573860965669155,0.18311242759227753,0.688307523727417,0.26891598105430603,0.06415024399757385,0.25853198766708374,0.011625191196799278,0.13667437434196472,0.23385962843894958
200506B,2005-12-06 06:00:00,gridsat,CRVBND,0,0.17635340988636017,0.001984316622838378,0.14187945425510406,0.8782143592834473,0.15288564562797546,0.07602972537279129,0.3234862983226776,0.014581921510398388,0.2053951919078827,0.02918962575495243
200506B,2005-12-06 18:00:00,gridsat,EMBC,0,0.19437703490257263,0.4035714566707611,0.13924387097358704,0.05594364553689957,0.15918919444084167,6.35165924904868e-05,0.30721068382263184,0.4862079620361328,0.19997915625572205,0.054213445633649826
200506B,2005-12-07 01:00:00,gridsat,EMBC,0,0.1774822175502777,0.499274343252182,0.1340717077255249,0.09033823013305664,0.16446921229362488,0.0002755377790890634,0.323562353849411,0.3419724106788635,0.2004145085811615,0.06813940405845642
200506B,2005-12-10 06:00:00,gridsat,EMBC,0,0.1567312479019165,0.017277875915169716,0.1289825439453125,0.5073937177658081,0.1844402253627777,0.009841067716479301,0.33212077617645264,0.09463649988174438,0.19772523641586304,0.3708508014678955
200506B,2005-12-10 12:00:00,gridsat,SHEAR,0,0.14285778999328613,0.00024141622998286039,0.1482648253440857,0.6333490610122681,0.18410296738147736,0.2615010142326355,0.303269624710083,0.001237186836078763,0.2215047925710678,0.10367126017808914
200506B,2005-12-10 18:00:00,gridsat,SHEAR,0,0.1382465660572052,1.7636537563703314e-07,0.12928837537765503,0.19096416234970093,0.19959944486618042,0.8084401488304138,0.32581984996795654,7.31069958419539e-05,0.2070457637310028,0.0005223237094469368
200506B,2005-12-11 05:00:00,gridsat,SHEAR,0,0.12596334517002106,2.6108587292128504e-08,0.1363794058561325,0.038794729858636856,0.1866719275712967,0.9611961841583252,0.3214527368545532,1.5808302578079747e-06,0.22953259944915771,7.462889698217623e-06
200507B,2005-12-17 06:00:00,gridsat,SHEAR,1,0.08457423001527786,9.543759369989857e-05,0.2681148052215576,0.7212538719177246,0.3242231607437134,0.2637036144733429,0.14985843002796173,0.002333824522793293,0.17322932183742523,0.012613245286047459
200507B,2005-12-17 12:00:00,gridsat,CRVBND,1,0.0836528092622757,0.005426317919045687,0.2716653645038605,0.6922990679740906,0.32237711548805237,0.002530522644519806,0.1438157707452774,0.10265090316534042,0.17848891019821167,0.197093203663826
200507B,2005-12-17 18:00:00,gridsat,CRVBND,1,0.0826401561498642,0.024877198040485382,0.2736247777938843,0.5597900152206421,0.3222866356372833,0.0009678730275481939,0.14384965598583221,0.2253286987543106,0.1775987148284912,0.18903613090515137
200507B,2005-12-18 06:00:00,gridsat,CRVBND,1,0.08458933234214783,0.09283764660358429,0.2716623842716217,0.4764777421951294,0.32655298709869385,0.001082803588360548,0.14716824889183044,0.19180458784103394,0.17002706229686737,0.23779726028442383
200507B,2005-12-18 12:00:00,gridsat,CRVBND,1,0.08381842076778412,0.04939432814717293,0.2674165368080139,0.7560269832611084,0.3281383812427521,0.013958154246211052,0.1501748114824295,0.07519485056400299,0.17045190930366516,0.10542570799589157
200507B,2005-12-19 07:00:00,gridsat,CRVBND,1,0.08528566360473633,0.21797578036785126,0.2689444124698639,0.17666812241077423,0.3229275047779083,0.00016172145842574537,0.14862382411956787,0.38923579454421997,0.1742185652256012,0.2159586101770401
200507B,2005-12-19 11:00:00,gridsat,EMBC,1,0.08340979367494583,0.13530287146568298,0.2689187824726105,0.1199248731136322,0.3253479301929474,8.651807002024725e-05,0.14624731242656708,0.5187513828277588,0.17607618868350983,0.22593437135219574
200507B,2005-12-19 18:00:00,gridsat,EMBC,1,0.08611197024583817,0.2921072244644165,0.266887903213501,0.13642416894435883,0.31857484579086304,8.623315807199106e-05,0.1525571346282959,0.5095239281654358,0.17586815357208252,0.061858437955379486
200507B,2005-12-20 00:00:00,gridsat,SHEAR,1,0.08736957609653473,0.0002524364972487092,0.2673117518424988,0.5670321583747864,0.3214511275291443,0.17210660874843597,0.15064780414104462,0.0005175849073566496,0.1732197105884552,0.2600911855697632
200507B,2005-12-20 06:00:00,gridsat,SHEAR,1,0.08540710061788559,0.000155688714585267,0.27176186442375183,0.7102896571159363,0.32564038038253784,0.28230080008506775,0.14850959181785583,0.0010538364294916391,0.16868112981319427,0.006200055126100779
200507B,2005-12-20 12:00:00,gridsat,EMBC,1,0.08387917280197144,0.0028593747410923243,0.26839274168014526,0.7500344514846802,0.3272680640220642,0.01897653006017208,0.1474529355764389,0.01823491044342518,0.1730070263147354,0.20989470183849335
200507B,2005-12-20 18:00:00,gridsat,IRRCDO,1,0.08381259441375732,0.018762601539492607,0.2714068293571472,0.4515749514102936,0.32057985663414,0.0013134607579559088,0.14756713807582855,0.045739974826574326,0.1766335368156433,0.48260897397994995
200507B,2005-12-20 23:00:00,gridsat,EMBC,1,0.08418216556310654,0.546489953994751,0.2678692042827606,0.023762959986925125,0.322878897190094,2.405743771305424e-06,0.1481325626373291,0.4200662672519684,0.17693714797496796,0.009678375907242298
200507B,2005-12-21 06:00:00,gridsat,SHEAR,1,0.08287891000509262,0.0002652995171956718,0.2725214660167694,0.7319098114967346,0.32330477237701416,0.07762196660041809,0.14499922096729279,0.002567833987995982,0.17629559338092804,0.18763506412506104
200507B,2005-12-21 13:00:00,gridsat,CRVBND,1,0.08358580619096756,0.07012831419706345,0.27158838510513306,0.6924416422843933,0.32221582531929016,0.002890652744099498,0.14658696949481964,0.08759266138076782,0.17602300643920898,0.14694669842720032
200507B,2005-12-21 18:00:00,gridsat,SHEAR,1,0.08343712985515594,0.00010707229375839233,0.2716312110424042,0.6819964051246643,0.32100024819374084,0.11834195256233215,0.14581534266471863,0.0009338079835288227,0.1781160682439804,0.19862081110477448
200507B,2005-12-22 00:00:00,gridsat,SHEAR,1,0.08229082077741623,0.0002546616306062788,0.27220097184181213,0.7981054782867432,0.33114370703697205,0.16221119463443756,0.143304705619812,0.0014271994587033987,0.17105978727340698,0.038001466542482376
200507B,2005-12-22 06:00:00,gridsat,SHEAR,1,0.08536439388990402,0.001416971324943006,0.2708158493041992,0.5618211030960083,0.3289414346218109,0.02061326801776886,0.1473817527294159,0.002359457779675722,0.16749657690525055,0.4137892425060272
200507B,2005-12-22 12:00:00,gridsat,SHEAR,1,0.08385077118873596,9.69703687587753e-05,0.26781681180000305,0.5832798480987549,0.3259989023208618,0.1264204978942871,0.1473909467458725,0.0005184657056815922,0.17494253814220428,0.2896841764450073
200507B,2005-12-22 18:00:00,gridsat,CRVBND,1,0.08555227518081665,0.1518843173980713,0.26938173174858093,0.47743499279022217,0.32279491424560547,0.0005816397606395185,0.1481017768383026,0.14988626539707184,0.17416930198669434,0.22021272778511047
200601A,2006-01-14 06:00:00,gridsat,CRVBND,0,0.1363077610731125,0.050761912018060684,0.14960844814777374,0.6069902181625366,0.15237218141555786,0.010512975975871086,0.2824278771877289,0.18464280664920807,0.27928370237350464,0.1470920294523239
200601A,2006-01-14 12:00:00,gridsat,SHEAR,0,0.1391700953245163,0.00017162147560156882,0.16035373508930206,0.5105628371238708,0.137983500957489,0.48690280318260193,0.30286508798599243,0.0006572905695065856,0.2596276104450226,0.0017054592026397586
200601A,2006-01-14 17:00:00,gridsat,SHEAR,0,0.1362810730934143,1.883597633423051e-08,0.1440178006887436,0.025889720767736435,0.17242403328418732,0.9740939736366272,0.30914321541786194,1.2240091109561035e-06,0.23813387751579285,1.4939636457711458e-05
200601A,2006-01-15 00:00:00,gridsat,SHEAR,0,0.14478352665901184,3.267454085076338e-09,0.13900190591812134,0.00839237030595541,0.1876899003982544,0.9916073083877563,0.3023931086063385,1.1986094783367207e-08,0.22613151371479034,4.121635015508218e-07
200601A,2006-01-15 06:00:00,gridsat,SHEAR,0,0.1617617905139923,2.4550459443162254e-07,0.1438332200050354,0.03233552724123001,0.18602468073368073,0.9676607847213745,0.30641037225723267,6.721473937432165e-07,0.2019699513912201,2.737149770837277e-06
200601A,2006-01-15 12:00:00,gridsat,SHEAR,0,0.1531149446964264,2.5066675846119324e-08,0.12332228571176529,0.04918139427900314,0.21481993794441223,0.9508143663406372,0.3143619894981384,4.3342006961211155e-07,0.19438086450099945,3.7612921914842445e-06
200601A,2006-01-15 17:00:00,gridsat,SHEAR,0,0.15218499302864075,4.509408668695869e-08,0.1236725002527237,0.07494565099477768,0.22855857014656067,0.9248750805854797,0.3099556565284729,5.608941137325019e-06,0.1856282651424408,0.0001735687837935984
200602B,2006-04-25 09:00:00,gridsat,IRRCDO,2,0.07675579190254211,0.012128842063248158,0.5387020707130432,0.331007719039917,0.09145329147577286,0.0004138536751270294,0.11963444203138351,0.035424135625362396,0.17345444858074188,0.6210254430770874
200602B,2006-04-25 21:00:00,gridsat,CRVBND,2,0.11441276222467422,0.01838858239352703,0.5206024646759033,0.29751649498939514,0.08506012707948685,0.00020458140352275223,0.14371277391910553,0.5756869316101074,0.13621188700199127,0.10820343345403671
200602B,2006-04-26 09:00:00,gridsat,CRVBND,2,0.08345920592546463,3.185503010172397e-05,0.5547235012054443,0.7799272537231445,0.07545888423919678,0.14592714607715607,0.1202150285243988,0.0020601272117346525,0.16614337265491486,0.07205358147621155
200602B,2006-04-26 20:00:00,gridsat,EMBC,2,0.07441581040620804,0.11916448920965195,0.6050891876220703,0.06351406872272491,0.07916561514139175,1.4986573660280555e-05,0.1343141496181488,0.5630328059196472,0.1070152148604393,0.2542736828327179
200602B,2006-04-27 04:00:00,gridsat,EMBC,2,0.13199150562286377,0.16367511451244354,0.5471116304397583,0.0280776210129261,0.06408710032701492,4.562957201414974e-06,0.196640744805336,0.7993143796920776,0.060169048607349396,0.008928309194743633
200602B,2006-04-27 15:00:00,gridsat,EMBC,2,0.0702037364244461,0.29374974966049194,0.6093851327896118,0.021335221827030182,0.062463100999593735,4.349502887635026e-06,0.18828913569450378,0.6619345545768738,0.06965888291597366,0.022976087406277657
200602B,2006-04-27 21:00:00,gridsat,EMBC,2,0.09392686933279037,0.23432619869709015,0.5360767245292664,0.005520965903997421,0.09490424394607544,3.900903777775966e-07,0.1606847494840622,0.7550801038742065,0.11440744251012802,0.005072271917015314
200603B,2006-07-03 00:00:00,gridsat,CRVBND,4,0.07370227575302124,0.032930321991443634,0.10896240174770355,0.15794090926647186,0.5920190215110779,5.448410956887528e-05,0.10300498455762863,0.7407479882240295,0.12231127172708511,0.06832632422447205
200603B,2006-07-03 04:30:00,gridsat,CRVBND,4,0.037813037633895874,3.4148932172684e-05,0.1473950892686844,0.8311914205551147,0.633423924446106,0.05263308063149452,0.07514859735965729,0.0014860891969874501,0.10621926188468933,0.11465530097484589
200604A,2006-09-21 15:00:00,gridsat,CRVBND,3,0.14135277271270752,0.06608107686042786,0.19295160472393036,0.06695657223463058,0.24697156250476837,0.0007927563856355846,0.2655939757823944,0.052504055202007294,0.15313003957271576,0.8136655688285828
200604A,2006-09-22 09:00:00,gridsat,EMBC,3,0.1556139439344406,0.8513305187225342,0.14969025552272797,0.012729273177683353,0.24126718938350677,3.72767353837844e-05,0.3027092516422272,0.1129588708281517,0.1507193148136139,0.02294418402016163
200604A,2006-09-22 15:00:00,gridsat,EYE,3,0.14560210704803467,0.7078593969345093,0.1848606914281845,0.013099652715027332,0.2337578386068344,4.099182478967123e-05,0.27671948075294495,0.16221846640110016,0.15905985236167908,0.11678139120340347
200604A,2006-09-23 09:00:00,gridsat,CRVBND,3,0.1467290222644806,0.025640659034252167,0.16923634707927704,0.7715719938278198,0.2628490626811981,0.10669185221195221,0.26432156562805176,0.037992775440216064,0.15686394274234772,0.058102719485759735
200604A,2006-09-23 15:00:00,gridsat,CRVBND,3,0.1425800621509552,0.007847624830901623,0.16928651928901672,0.6060229539871216,0.24942396581172943,0.37808316946029663,0.26826274394989014,0.0021790198516100645,0.17044664919376373,0.005867241881787777
200604A,2006-09-23 21:00:00,gridsat,CRVBND,3,0.14243988692760468,0.004375480581074953,0.16607734560966492,0.5386025905609131,0.2804924249649048,0.4496602416038513,0.26003050804138184,0.0017477445071563125,0.15095986425876617,0.005613943561911583
200604A,2006-09-24 03:00:00,gridsat,CRVBND,3,0.12493054568767548,0.03206881508231163,0.1754312515258789,0.6336545944213867,0.31073111295700073,0.31481868028640747,0.2513521909713745,0.0006456490373238921,0.1375548541545868,0.0188122671097517
200605B,2006-09-29 03:00:00,gridsat,CRVBND,2,0.02500918321311474,0.0010752775706350803,0.5822360515594482,0.45094072818756104,0.18593508005142212,0.03318580612540245,0.10137604176998138,0.007524827029556036,0.10544364154338837,0.5072733759880066
200701B,2007-05-14 07:00:00,gridsat,EMBC,2,0.09783203899860382,0.33849602937698364,0.5222353339195251,0.08288941532373428,0.06850963830947876,7.348600047407672e-05,0.21737830340862274,0.5740779638290405,0.09404473006725311,0.004463084973394871
200702A,2007-06-02 06:00:00,gridsat,EMBC,4,0.06360944360494614,0.3203568458557129,0.13248488306999207,0.0480167418718338,0.6310815215110779,6.866453622933477e-05,0.062479596585035324,0.6075155138969421,0.1103445291519165,0.024042226374149323
200702A,2007-06-02 16:30:00,gridsat,CRVBND,4,0.24950607120990753,0.13989804685115814,0.14232756197452545,0.12083159387111664,0.33705002069473267,0.0003671446756925434,0.14696021378040314,0.36271727085113525,0.12415619194507599,0.3761860132217407
200702A,2007-06-03 00:30:00,gridsat,EMBC,4,0.16610322892665863,0.28159239888191223,0.1283198595046997,0.016337165609002113,0.3346298336982727,9.403634066984523e-06,0.16725212335586548,0.6859240531921387,0.20369498431682587,0.016137026250362396
200702A,2007-06-03 19:00:00,gridsat,EYE,4,0.3472892642021179,0.3109741508960724,0.09303533285856247,0.010038817301392555,0.20040300488471985,3.9147003008110914e-06,0.22918009757995605,0.6617357134819031,0.1300923228263855,0.017247412353754044
200702A,2007-06-04 00:00:00,gridsat,EYE,4,0.20507515966892242,0.18976862728595734,0.09411874413490295,0.007328532636165619,0.34635958075523376,1.198068957819487e-06,0.15025798976421356,0.788693368434906,0.20418855547904968,0.014208290725946426
200702A,2007-06-04 06:00:00,gridsat,EYE,4,0.3985835909843445,0.28195351362228394,0.07640662044286728,0.010611825622618198,0.15260644257068634,2.904609118559165e-06,0.16913895308971405,0.6819749474525452,0.20326437056064606,0.025456862524151802
200702A,2007-06-04 12:00:00,gridsat,EYE,4,0.34326791763305664,0.8022213578224182,0.08502700924873352,0.0029672395903617144,0.2629653513431549,2.6085012905241456e-06,0.14097192883491516,0.1913985162973404,0.16776782274246216,0.003410218982025981
200702A,2007-06-04 18:00:00,gridsat,EYE,4,0.4095490574836731,0.4194281995296478,0.08787675201892853,0.0017781349597498775,0.20723378658294678,4.370035071588063e-07,0.15221668779850006,0.5738505125045776,0.14312370121479034,0.004942607134580612
200702A,2007-06-05 00:00:00,gridsat,EMBC,4,0.3897615075111389,0.6790315508842468,0.060319121927022934,0.0016017785528674722,0.2426852583885193,5.987695885778521e-07,0.1889975219964981,0.317917138338089,0.11823656409978867,0.001448948634788394
200702A,2007-06-05 06:00:00,gridsat,EMBC,4,0.437880277633667,0.8845895528793335,0.05475598946213722,0.0029526585713028908,0.2658074200153351,6.185776783240726e-06,0.1542596071958542,0.11170053482055664,0.08729669451713562,0.0007510485011152923
200702A,2007-06-06 07:00:00,gridsat,EMBC,4,0.17668302357196808,0.3551431894302368,0.0695839524269104,0.17239537835121155,0.49835634231567383,0.0009108895901590586,0.13479693233966827,0.35454118251800537,0.120579794049263,0.11700932681560516
200702A,2007-06-06 18:00:00,gridsat,CRVBND,4,0.44557827711105347,0.006188719067722559,0.053683631122112274,0.8616249561309814,0.2514408826828003,0.11035832017660141,0.1919877976179123,0.0112388264387846,0.057309359312057495,0.010589275509119034
200702A,2007-06-07 00:00:00,gridsat,CRVBND,4,0.0641685277223587,0.0007864636136218905,0.13400965929031372,0.296120822429657,0.6240025162696838,0.7015606164932251,0.08406824618577957,0.00031294923974201083,0.09375107288360596,0.0012191944988444448
200702A,2007-06-07 06:00:00,gridsat,SHEAR,4,0.07081718742847443,4.141873068874702e-05,0.18338756263256073,0.09210840612649918,0.5574348568916321,0.9076826572418213,0.07910659909248352,1.9668124878080562e-05,0.10925381630659103,0.00014776170428376645
200702A,2007-06-07 12:00:00,gridsat,SHEAR,4,0.053130801767110825,0.00016114414029289037,0.15047183632850647,0.160262793302536,0.6308594942092896,0.8388872146606445,0.07064037770032883,0.00011778442421928048,0.09489742666482925,0.0005710041150450706
200703B,2007-06-21 15:00:00,gridsat,SHEAR,2,0.06467927992343903,3.397249415115766e-08,0.5800185799598694,0.5641170740127563,0.08340956270694733,0.43112993240356445,0.11766557395458221,6.314527854556218e-05,0.15422701835632324,0.00468973396345973
200703B,2007-06-21 20:30:00,gridsat,CRVBND,2,0.05637536197900772,4.095103122381261e-06,0.5290709137916565,0.5573471784591675,0.10644858330488205,0.006973922252655029,0.1306067705154419,0.0006963986088521779,0.17749838531017303,0.4349784255027771
200703B,2007-06-22 03:00:00,gridsat,CRVBND,2,0.06813506036996841,0.05309947580099106,0.5938966274261475,0.5886085629463196,0.07488024979829788,0.0007179047097451985,0.1346484124660492,0.24927610158920288,0.12843959033489227,0.1082979217171669
200703B,2007-06-22 09:00:00,gridsat,CRVBND,2,0.05336252599954605,0.0008980161510407925,0.6070473194122314,0.7538080811500549,0.07029573619365692,0.005479652900248766,0.13514165580272675,0.01782045140862465,0.13415272533893585,0.2219938486814499
200703B,2007-06-25 09:00:00,gridsat,CRVBND,2,0.05314932391047478,0.010029262863099575,0.6382826566696167,0.7996895909309387,0.09004896879196167,0.014532892033457756,0.11723748594522476,0.10705361515283585,0.10128158330917358,0.06869462877511978
200703B,2007-06-25 15:00:00,gridsat,CRVBND,2,0.0663180872797966,0.0030874297954142094,0.5344374179840088,0.5110163688659668,0.09779363125562668,0.006816979963332415,0.13700497150421143,0.026496922597289085,0.16444586217403412,0.45258229970932007
200704B,2007-06-28 17:00:00,gridsat,IRRCDO,4,0.0964253842830658,0.0057539064437150955,0.08730515837669373,0.04715650901198387,0.5016415119171143,1.636731940379832e-05,0.14247767627239227,0.16305777430534363,0.17215028405189514,0.7840154767036438
200705A,2007-10-28 03:00:00,gridsat,CRVBND,0,0.1473522037267685,8.278740097011905e-06,0.12983818352222443,0.12112466245889664,0.1809004247188568,0.007353555876761675,0.33109211921691895,0.0010192784247919917,0.2108171284198761,0.8704941868782043
200705A,2007-10-28 09:00:00,gridsat,CRVBND,0,0.14914372563362122,7.999332751751353e-07,0.13239194452762604,0.4687758684158325,0.1658349186182022,0.5200498104095459,0.3251239061355591,0.0004735068359877914,0.22750546038150787,0.010700076818466187
200705A,2007-10-28 15:00:00,gridsat,CRVBND,0,0.17090052366256714,7.68129848438548e-06,0.1434667557477951,0.18039579689502716,0.15096807479858398,0.03676164895296097,0.3037983477115631,0.00046298967208713293,0.23086632788181305,0.7823718190193176
200705A,2007-10-28 21:00:00,gridsat,CRVBND,0,0.15421372652053833,7.754394027870148e-05,0.1372186541557312,0.6992949843406677,0.1684781163930893,0.06691378355026245,0.3362870216369629,0.0016947132535278797,0.2038024663925171,0.23201896250247955
200705A,2007-10-29 03:00:00,gridsat,SHEAR,0,0.14072513580322266,3.4286731676047566e-08,0.14305520057678223,0.18023638427257538,0.1447729766368866,0.792529821395874,0.3187601566314697,1.702453118923586e-05,0.2526865303516388,0.027216747403144836
200705A,2007-10-29 09:00:00,gridsat,CRVBND,0,0.12294638901948929,9.832146315602586e-05,0.15509167313575745,0.7065066695213318,0.1503365933895111,0.04743953421711922,0.32017698884010315,0.010424377396702766,0.25144827365875244,0.23553118109703064
200705A,2007-10-29 15:00:00,gridsat,CRVBND,0,0.15946900844573975,2.736771648415015e-06,0.13226401805877686,0.438546746969223,0.17128418385982513,0.15298010408878326,0.32357075810432434,0.0005536727840080857,0.21341200172901154,0.40791669487953186
200705A,2007-10-29 21:00:00,gridsat,CRVBND,0,0.14626066386699677,2.1212237697909586e-05,0.14210040867328644,0.7641313076019287,0.2038237303495407,0.22022542357444763,0.315144807100296,0.001273547182790935,0.19267039000988007,0.014348573982715607
200705A,2007-10-30 03:00:00,gridsat,SHEAR,0,0.19874277710914612,1.3439531709735775e-09,0.12861394882202148,0.07762607932090759,0.1761990487575531,0.9221996068954468,0.3135424554347992,3.5460514027363388e-06,0.1829017549753189,0.00017087883315980434
200705A,2007-10-30 09:00:00,gridsat,SHEAR,0,0.14970284700393677,6.881646918976969e-10,0.13181643187999725,0.04081945866346359,0.1706750988960266,0.9591695070266724,0.3381260335445404,2.8519868919829605e-06,0.20967954397201538,8.096585588646121e-06
200705A,2007-10-30 15:30:00,gridsat,SHEAR,0,0.15771722793579102,4.453937496595728e-10,0.13133832812309265,0.03622497618198395,0.18314911425113678,0.9637674689292908,0.33403560519218445,2.4054063487710664e-06,0.1937597393989563,5.183137091080425e-06
200705A,2007-10-30 21:30:00,gridsat,CRVBND,0,0.14283815026283264,1.7777514926820004e-07,0.1308247447013855,0.30146461725234985,0.19069373607635498,0.6201774477958679,0.3339422643184662,7.078002818161622e-05,0.20170114934444427,0.07828698307275772
200705A,2007-10-31 03:30:00,gridsat,SHEAR,0,0.2197362780570984,9.253150329291415e-11,0.13923533260822296,0.017609741538763046,0.16866189241409302,0.9823878407478333,0.28875285387039185,1.3136806842339865e-07,0.1836136430501938,2.221884415121167e-06
200705A,2007-10-31 09:00:00,gridsat,SHEAR,0,0.15097662806510925,1.1341255712338238e-09,0.11932801455259323,2.423879413981922e-05,0.25662434101104736,0.9999758005142212,0.2598043382167816,5.29524514514268e-12,0.21326665580272675,4.303181509041076e-12
200705A,2007-10-31 21:30:00,gridsat,SHEAR,0,0.14494089782238007,1.940313687498474e-08,0.1172025054693222,6.821908027632162e-05,0.2430885136127472,0.999931812286377,0.29862019419670105,1.4417769755858956e-10,0.19614790380001068,3.863752633809225e-12
200705A,2007-11-01 03:00:00,gridsat,SHEAR,0,0.13063271343708038,2.3888487632461874e-08,0.11836058646440506,0.00015406633610837162,0.23311446607112885,0.9998458623886108,0.3068608045578003,2.763715367670727e-10,0.21103143692016602,6.091546104342038e-12
200705A,2007-11-01 09:30:00,gridsat,SHEAR,0,0.13759012520313263,1.2493175383099242e-09,0.12467297166585922,0.00018775160424411297,0.22358569502830505,0.9998123049736023,0.30660852789878845,8.530613992974168e-10,0.20754262804985046,3.962375566546328e-11
200705A,2007-11-01 15:00:00,gridsat,SHEAR,0,0.1493460237979889,8.173820731371961e-08,0.10887456685304642,0.0016619506059214473,0.24502025544643402,0.998337984085083,0.3113447427749634,1.2085136225081783e-09,0.1854143887758255,1.3079453319020384e-11
200706B,2007-11-12 00:00:00,gridsat,EMBC,3,0.14218151569366455,0.24454531073570251,0.15514777600765228,0.03440345451235771,0.27523374557495117,3.3456963137723505e-05,0.296733021736145,0.7074375152587891,0.13070395588874817,0.013580267317593098
200706B,2007-11-12 05:30:00,gridsat,EMBC,3,0.13898327946662903,0.3825090229511261,0.17418110370635986,0.014751523733139038,0.2755352556705475,1.2649128620978445e-05,0.2866460680961609,0.5952960848808289,0.12465430051088333,0.007430803496390581
200706B,2007-11-12 12:00:00,gridsat,EYE,3,0.14677175879478455,0.3856547176837921,0.15396089851856232,0.007468611001968384,0.2509833574295044,3.309035719212261e-06,0.3088477551937103,0.5999773144721985,0.13943620026111603,0.0068960972130298615
200706B,2007-11-12 18:00:00,gridsat,EYE,3,0.17544788122177124,0.24995864927768707,0.13326525688171387,0.0032456067856401205,0.22172120213508606,8.857467719280976e-07,0.3136528432369232,0.7435746788978577,0.15591277182102203,0.003220121841877699
200706B,2007-11-13 00:00:00,gridsat,EYE,3,0.13342884182929993,0.6427416205406189,0.16941478848457336,0.009485204704105854,0.2897317409515381,7.703441042394843e-06,0.28639036417007446,0.3455502688884735,0.12103421986103058,0.0022151607554405928
200706B,2007-11-13 05:30:00,gridsat,EYE,3,0.14447011053562164,0.5417777895927429,0.15667088329792023,0.018145477399230003,0.27176347374916077,2.319180748600047e-05,0.29384881258010864,0.424760639667511,0.1332467496395111,0.015292949043214321
200706B,2007-11-13 18:00:00,gridsat,EYE,3,0.14348208904266357,0.7310692071914673,0.14398451149463654,0.002761852229014039,0.2635381519794464,1.3363181778913713e-06,0.30435216426849365,0.26450830698013306,0.1446431428194046,0.0016592976171523333
200706B,2007-11-13 23:30:00,gridsat,EYE,3,0.14112339913845062,0.7258464097976685,0.16495732963085175,0.002041189931333065,0.27077341079711914,8.467628163089103e-07,0.28700876235961914,0.2713371217250824,0.13613714277744293,0.0007743989699520171
200706B,2007-11-14 06:30:00,gridsat,EYE,3,0.13939854502677917,0.7162631154060364,0.16540926694869995,0.002295691752806306,0.27824047207832336,1.0917198096649372e-06,0.28756657242774963,0.2806866765022278,0.1293851137161255,0.0007534465985372663
200706B,2007-11-14 12:30:00,gridsat,EYE,3,0.13964416086673737,0.7784334421157837,0.1686507910490036,0.0008475134964101017,0.2752554714679718,2.9448548843902245e-07,0.2854374349117279,0.22024545073509216,0.13101215660572052,0.0004733359382953495
200706B,2007-11-14 18:30:00,gridsat,EYE,3,0.14158518612384796,0.6383998394012451,0.1697700470685959,0.0020627176854759455,0.2675134837627411,4.833423759009747e-07,0.28620773553848267,0.35813581943511963,0.13492357730865479,0.001401165733113885
200706B,2007-11-14 23:30:00,gridsat,EYE,3,0.1412545144557953,0.7605026364326477,0.17585766315460205,0.0017276847502216697,0.2637425661087036,6.053715537746029e-07,0.27981048822402954,0.23671114444732666,0.13933470845222473,0.0010579340159893036
200706B,2007-11-15 06:30:00,gridsat,EYE,3,0.14266499876976013,0.6988461017608643,0.17580269277095795,0.0030250484123826027,0.26858454942703247,1.8396973473500111e-06,0.2766493558883667,0.29667070508003235,0.13629837334156036,0.001456284080632031
200706B,2007-11-15 11:30:00,gridsat,EYE,3,0.14460469782352448,0.7941578030586243,0.1677013337612152,0.0023485759738832712,0.2670643627643585,1.3992438425702858e-06,0.2824184000492096,0.20266112685203552,0.1382111757993698,0.000831042358186096
200801B,2008-04-28 14:30:00,gridsat,EMBC,0,0.15704768896102905,0.1580607146024704,0.16087988018989563,0.012834266759455204,0.1335386484861374,1.2706061625067377e-06,0.2946305274963379,0.7975272536277771,0.253903329372406,0.031576499342918396
200801B,2008-04-28 21:30:00,gridsat,EMBC,0,0.18549898266792297,0.131323903799057,0.14825421571731567,0.004160006996244192,0.15650787949562073,3.6840256711911934e-07,0.3066295385360718,0.8517671227455139,0.20310935378074646,0.012748615816235542
200801B,2008-04-29 09:30:00,gridsat,EMBC,0,0.1684121936559677,0.26699262857437134,0.16042852401733398,0.22460857033729553,0.14758150279521942,0.0010389303788542747,0.2983088791370392,0.3859610855579376,0.22526884078979492,0.12139882147312164
200801B,2008-04-29 20:30:00,gridsat,IRRCDO,0,0.1834007054567337,0.0012119404273107648,0.14785125851631165,0.0937206968665123,0.1522689163684845,0.00021309942530933768,0.3040024936199188,0.04975941404700279,0.21247658133506775,0.855094850063324
200801B,2008-04-30 20:30:00,gridsat,EMBC,0,0.2643454074859619,0.1855434775352478,0.1298666149377823,0.06559335440397263,0.1661907434463501,9.659507486503571e-05,0.2741686701774597,0.5069193840026855,0.16542857885360718,0.2418471723794937
200801B,2008-05-01 09:30:00,gridsat,EMBC,0,0.17534922063350677,0.3894243836402893,0.14415141940116882,0.04875170439481735,0.16489742696285248,6.842768198112026e-05,0.3139863908290863,0.3312273323535919,0.20161554217338562,0.2305280566215515
200801B,2008-05-01 15:30:00,gridsat,EMBC,0,0.2865743339061737,0.2341117560863495,0.14145229756832123,0.05862211436033249,0.12924611568450928,6.362438580254093e-05,0.2618412673473358,0.2897317409515381,0.18088600039482117,0.4174707531929016
200801B,2008-05-02 02:30:00,gridsat,EMBC,0,0.15923485159873962,0.3559296131134033,0.12859046459197998,0.004851941484957933,0.1724301129579544,6.462851160904393e-07,0.3350469172000885,0.6233868598937988,0.2046976536512375,0.01583097130060196
200801B,2008-05-02 08:30:00,gridsat,EYE,0,0.1539772003889084,0.6077682375907898,0.1529577225446701,0.008897045627236366,0.17792800068855286,3.941856448363978e-06,0.30432748794555664,0.37753865122795105,0.21080957353115082,0.0057921214029192924
200803B,2008-10-21 01:00:00,gridsat,EMBC,1,0.08709730207920074,0.09020266681909561,0.2627842426300049,0.01678333804011345,0.32120004296302795,2.8516748784568335e-07,0.1528918296098709,0.8166677951812744,0.1760265976190567,0.07634598016738892
200803B,2008-10-21 06:00:00,gridsat,CRVBND,1,0.08501981943845749,1.0750300134532154e-05,0.26559653878211975,0.4550551474094391,0.32173973321914673,0.5394439697265625,0.1496417224407196,0.00021034512610640377,0.17800217866897583,0.0052797868847846985
200803B,2008-10-21 12:00:00,gridsat,CRVBND,1,0.08771605789661407,0.00502488948404789,0.2609119117259979,0.32096436619758606,0.31685733795166016,0.0010738821001723409,0.15730807185173035,0.03297451138496399,0.1772066354751587,0.6399623155593872
200803B,2008-10-21 18:00:00,gridsat,SHEAR,1,0.08821560442447662,2.298272875123075e-06,0.25948402285575867,0.08729404211044312,0.3219618499279022,0.9126263856887817,0.154302179813385,2.4054555979091674e-05,0.17603635787963867,5.3173600463196635e-05
200803B,2008-10-22 00:00:00,gridsat,SHEAR,1,0.08776184171438217,2.1310746944891434e-07,0.25704115629196167,0.00955994613468647,0.3243771195411682,0.9904387593269348,0.15399183332920074,1.4188952945914934e-07,0.1768280416727066,9.315940019405389e-07
200803B,2008-10-22 06:00:00,gridsat,SHEAR,1,0.08520849794149399,3.694893990768833e-08,0.2627210319042206,0.00535556860268116,0.32659152150154114,0.9946439266204834,0.14873315393924713,9.083949237265188e-08,0.17674575746059418,3.2507239211554406e-07
200803B,2008-10-22 13:00:00,gridsat,CRVBND,1,0.08370621502399445,0.19271160662174225,0.26531416177749634,0.4535275101661682,0.3159578740596771,0.0018984349444508553,0.15030476450920105,0.18457843363285065,0.18471701443195343,0.1672840267419815
200803B,2008-10-22 18:00:00,gridsat,CRVBND,1,0.08490999788045883,0.00020572726498357952,0.2605434060096741,0.37424150109291077,0.3245064318180084,0.6110936403274536,0.14805951714515686,0.00024339029914699495,0.181980699300766,0.014215711504220963
200803B,2008-10-23 00:00:00,gridsat,CRVBND,1,0.0846589207649231,0.000383233476895839,0.2665162682533264,0.6550177335739136,0.3242117464542389,0.3348143696784973,0.14559558033943176,0.0014773946022614837,0.17901749908924103,0.008307183161377907
200803B,2008-10-23 05:30:00,gridsat,CRVBND,1,0.08270838856697083,0.004256409592926502,0.27451881766319275,0.41590163111686707,0.3192754089832306,0.0054533942602574825,0.1392345279455185,0.00668401550501585,0.18426287174224854,0.5677044987678528
200803B,2008-10-23 17:00:00,gridsat,CRVBND,1,0.08551205694675446,0.029841583222150803,0.2671256363391876,0.8249274492263794,0.32047683000564575,0.027036065235733986,0.14928285777568817,0.014927679672837257,0.1776026487350464,0.10326731204986572
200805B,2008-11-14 06:00:00,gridsat,CRVBND,0,0.13973303139209747,0.0038637917023152113,0.1515117883682251,0.6428893804550171,0.14697882533073425,0.006291333585977554,0.3155364692211151,0.06675683706998825,0.24623988568782806,0.28019869327545166
200805B,2008-11-14 12:00:00,gridsat,CRVBND,0,0.12315870076417923,0.0004029130795970559,0.16502492129802704,0.13561563193798065,0.140547513961792,0.0009023628663271666,0.30068644881248474,0.005781594663858414,0.270582377910614,0.8572974801063538
200805B,2008-11-14 18:00:00,gridsat,EMBC,0,0.13484832644462585,0.046409837901592255,0.15950489044189453,0.03917701169848442,0.14203591644763947,5.990089903207263e-06,0.3068757951259613,0.2869642972946167,0.25673505663871765,0.6274428367614746
200805B,2008-11-15 01:30:00,gridsat,IRRCDO,0,0.13509704172611237,0.0025088682305067778,0.15332794189453125,0.05033326894044876,0.12809902429580688,3.425620525376871e-05,0.28927427530288696,0.08503013849258423,0.29420167207717896,0.862093448638916
200805B,2008-11-15 06:00:00,gridsat,CRVBND,0,0.11676409840583801,2.5530101993354037e-05,0.14717617630958557,0.7440125346183777,0.14837799966335297,0.21655024588108063,0.31015855073928833,0.005535758100450039,0.2775231599807739,0.03387593850493431
200805B,2008-11-15 11:00:00,gridsat,IRRCDO,0,0.16503602266311646,0.0005722043570131063,0.15512767434120178,0.019262302666902542,0.13633723556995392,2.5703913706820458e-05,0.3071720004081726,0.010620445013046265,0.23632702231407166,0.969519317150116
200805B,2008-11-15 19:00:00,gridsat,CRVBND,0,0.13830922544002533,0.000285095302388072,0.13530007004737854,0.2831462323665619,0.1729298233985901,0.0031084709335118532,0.33516961336135864,0.013766554184257984,0.2182912677526474,0.6996936202049255
200805B,2008-11-15 23:00:00,gridsat,CRVBND,0,0.1840086728334427,0.00015051878290250897,0.12762117385864258,0.44663378596305847,0.16380885243415833,0.025420747697353363,0.34253016114234924,0.009197049774229527,0.18203115463256836,0.5185979604721069
200806B,2008-11-25 19:30:00,gridsat,CRVBND,3,0.1552232950925827,0.11073891073465347,0.16012093424797058,0.541895866394043,0.24953195452690125,0.0035086560528725386,0.29893773794174194,0.1910751610994339,0.13618610799312592,0.1527814120054245
200806B,2008-11-25 23:30:00,gridsat,CRVBND,3,0.14223738014698029,0.07801532000303268,0.17336279153823853,0.5178797245025635,0.2634742856025696,0.004414120223373175,0.28143927454948425,0.13290593028068542,0.13948625326156616,0.2667849063873291
200806B,2008-11-26 06:30:00,gridsat,EMBC,3,0.1295967847108841,0.3154764175415039,0.15823586285114288,0.06956429779529572,0.3067205548286438,0.00026891165180131793,0.2942661643028259,0.5624597072601318,0.1111806258559227,0.05223061516880989
200806B,2008-11-26 12:00:00,gridsat,CRVBND,3,0.14191177487373352,0.23655956983566284,0.15928395092487335,0.17726272344589233,0.255497008562088,0.0012069192016497254,0.30111581087112427,0.5330950021743774,0.14219141006469727,0.05187578499317169
200806B,2008-11-26 19:30:00,gridsat,CRVBND,3,0.15346065163612366,0.03429987281560898,0.1851038932800293,0.7647244930267334,0.2317761480808258,0.01929757371544838,0.29902392625808716,0.1171269416809082,0.13063539564609528,0.06455112248659134
200806B,2008-11-27 00:00:00,gridsat,CRVBND,3,0.13684235513210297,0.06871025264263153,0.1610916703939438,0.5711460113525391,0.26883894205093384,0.005042922217398882,0.30226966738700867,0.2954719364643097,0.13095737993717194,0.05962890759110451
200807B,2008-12-04 06:00:00,gridsat,CRVBND,0,0.16111113131046295,0.0030882987193763256,0.13180699944496155,0.3776644170284271,0.18393965065479279,0.029598090797662735,0.328315407037735,0.009846009314060211,0.19482675194740295,0.5798032283782959
200807B,2008-12-04 12:00:00,gridsat,CRVBND,0,0.1640746295452118,0.00441190879791975,0.12976309657096863,0.37696361541748047,0.1769058257341385,0.00845758244395256,0.32233819365501404,0.037517983466386795,0.20691828429698944,0.5726489424705505
200807B,2008-12-04 18:00:00,gridsat,CRVBND,0,0.16023965179920197,0.00010923836089204997,0.14926554262638092,0.5649130344390869,0.1586516946554184,0.28355851769447327,0.3096294403076172,0.0015730931190773845,0.22221370041370392,0.149846151471138
200807B,2008-12-05 00:00:00,gridsat,CRVBND,0,0.16023826599121094,4.2126132029807195e-05,0.15534831583499908,0.4272412955760956,0.16758008301258087,0.05752372369170189,0.3217090368270874,0.0014863446122035384,0.19512434303760529,0.5137065052986145
200807B,2008-12-05 06:00:00,gridsat,IRRCDO,0,0.141452357172966,1.1237685612286441e-05,0.14804859459400177,0.3786506950855255,0.1422848254442215,0.1917840838432312,0.30215558409690857,0.00032195591484196484,0.2660585641860962,0.42923200130462646
200807B,2008-12-05 12:00:00,gridsat,SHEAR,0,0.13138636946678162,9.000017620053313e-09,0.162594273686409,0.06964145600795746,0.13074247539043427,0.9301735162734985,0.29646962881088257,6.291188583418261e-06,0.27880728244781494,0.00017875558114610612
200807B,2008-12-05 18:00:00,gridsat,SHEAR,0,0.13891835510730743,5.536556546559268e-09,0.1545642614364624,0.02528819628059864,0.16925223171710968,0.9747070074081421,0.31329110264778137,4.557110173664114e-07,0.22397401928901672,4.301764874981018e-06
200807B,2008-12-06 00:00:00,gridsat,SHEAR,0,0.13793788850307465,9.740519857359686e-08,0.13989394903182983,0.10253734141588211,0.18659433722496033,0.8879725337028503,0.310790479183197,9.483129360887688e-06,0.22478339076042175,0.009480521082878113
200807B,2008-12-06 06:00:00,gridsat,SHEAR,0,0.1375570297241211,7.1671766299630235e-09,0.14262907207012177,0.20557311177253723,0.171591654419899,0.7937036156654358,0.3146207928657532,3.622220901888795e-05,0.23360146582126617,0.0006871033692732453
200807B,2008-12-06 12:00:00,gridsat,CRVBND,0,0.15011033415794373,2.39780310948845e-05,0.13601571321487427,0.6702268123626709,0.1830083131790161,0.25656235218048096,0.31898316740989685,0.001451601623557508,0.21188247203826904,0.07173526287078857
200807B,2008-12-06 18:00:00,gridsat,IRRCDO,0,0.1631125807762146,1.0918141697402461e-06,0.12092099338769913,0.21252813935279846,0.18580150604248047,0.7540854811668396,0.33621349930763245,0.0002513627696316689,0.19395139813423157,0.03313395753502846
200807B,2008-12-07 00:00:00,gridsat,CRVBND,0,0.14853806793689728,2.2210952010937035e-07,0.1231769472360611,0.10125992447137833,0.18390442430973053,0.8969712853431702,0.3546465039253235,1.3774690160062164e-05,0.18973401188850403,0.001754813245497644
200807B,2008-12-07 06:00:00,gridsat,SHEAR,0,0.14745081961154938,5.677371177625901e-07,0.12575697898864746,0.05466408655047417,0.16290536522865295,0.9427729249000549,0.3491675555706024,9.494491678196937e-06,0.2147192358970642,0.002552945399656892
200807B,2008-12-07 12:00:00,gridsat,CRVBND,0,0.1599343866109848,1.3656130249728449e-05,0.1409749537706375,0.315378874540329,0.16948837041854858,0.2804281711578369,0.33054131269454956,0.0002943848667200655,0.1990610510110855,0.4038849174976349
200807B,2008-12-07 16:30:00,gridsat,SHEAR,0,0.1623205840587616,3.7758811686217086e-06,0.1356111466884613,0.24929970502853394,0.18230699002742767,0.7422845959663391,0.318825364112854,0.00023144717852119356,0.2009359449148178,0.008180352859199047
200904A,2009-11-10 03:00:00,gridsat,CRVBND,1,0.08744287490844727,0.15625013411045074,0.2575814127922058,0.21503935754299164,0.3273787200450897,5.87719478062354e-05,0.155781090259552,0.3826669752597809,0.17181585729122162,0.24598470330238342
200904A,2009-11-10 09:00:00,gridsat,CRVBND,1,0.09192787110805511,0.24278545379638672,0.25395816564559937,0.15381960570812225,0.3175431191921234,2.6677638743421994e-05,0.1646520048379898,0.4541361629962921,0.17191877961158752,0.14923211932182312
200904A,2009-11-10 21:30:00,gridsat,EMBC,1,0.08847949653863907,0.4411371350288391,0.2630879580974579,0.02124965377151966,0.3190843164920807,1.0406720321043395e-06,0.15520380437374115,0.5078099370002747,0.17414438724517822,0.029802214354276657
200904A,2009-11-11 09:00:00,gridsat,CRVBND,1,0.08733605593442917,0.27855774760246277,0.26735714077949524,0.344673752784729,0.32339924573898315,0.0013904208317399025,0.1498260200023651,0.3261430859565735,0.17208147048950195,0.04923500865697861
200905B,2009-12-12 00:00:00,gridsat,CRVBND,2,0.042850311845541,0.3857622742652893,0.6185147166252136,0.24524033069610596,0.08242182433605194,0.001967523479834199,0.15598709881305695,0.347787082195282,0.10022597014904022,0.019242869690060616
200905B,2009-12-12 06:00:00,gridsat,CRVBND,2,0.027651363983750343,0.005468496587127447,0.7130526304244995,0.8124800324440002,0.06542089581489563,0.1480477899312973,0.1404682695865631,0.02981070801615715,0.05340686812996864,0.0041929990984499454
200905B,2009-12-12 12:00:00,gridsat,CRVBND,2,0.039403341710567474,0.006951950490474701,0.6621108651161194,0.7247554063796997,0.07869814336299896,0.08595436811447144,0.14058507978916168,0.0484640970826149,0.07920258492231369,0.13387417793273926
200905B,2009-12-12 18:00:00,gridsat,CRVBND,2,0.026835070922970772,0.00029551051557064056,0.6364564299583435,0.6720610857009888,0.10125336796045303,0.3167533576488495,0.16007749736309052,0.0052192322909832,0.07537757605314255,0.0056708017364144325
200905B,2009-12-13 00:00:00,gridsat,CRVBND,2,0.04365973547101021,0.00048344850074499846,0.5847532749176025,0.7634934782981873,0.12044762820005417,0.17270848155021667,0.1732502430677414,0.008426596410572529,0.07788913697004318,0.05488797277212143
200905B,2009-12-13 12:00:00,gridsat,CRVBND,2,0.03569097816944122,0.000362707010935992,0.5743569731712341,0.5604112148284912,0.11879683285951614,0.4271221160888672,0.1567377895116806,0.003082792041823268,0.1144174113869667,0.00902118906378746
200905B,2009-12-13 18:00:00,gridsat,CRVBND,2,0.04547093063592911,0.0004312923992983997,0.5950801372528076,0.36008667945861816,0.10290248692035675,0.0502675361931324,0.12964431941509247,0.003136787097901106,0.12690210342407227,0.5860776305198669
200905B,2009-12-14 00:30:00,gridsat,CRVBND,2,0.035383522510528564,0.024974236264824867,0.5435293316841125,0.6176559925079346,0.16462907195091248,0.0185463335365057,0.13015545904636383,0.06393676996231079,0.126302570104599,0.27488669753074646
201001B,2010-05-17 22:00:00,gridsat,EMBC,3,0.1650114804506302,0.4125586450099945,0.18432734906673431,0.009571641683578491,0.21264100074768066,9.623904588806909e-07,0.29521510004997253,0.5685680508613586,0.1428050547838211,0.009300708770751953
201001B,2010-05-19 03:30:00,gridsat,EMBC,3,0.17921048402786255,0.24336159229278564,0.17665889859199524,0.0028141208458691835,0.18967004120349884,2.659184872300102e-07,0.32542741298675537,0.751272976398468,0.1290331482887268,0.002551067853346467
201002A,2010-05-19 15:00:00,gridsat,CRVBND,2,0.0442044772207737,0.052495863288640976,0.6247332096099854,0.6202957034111023,0.09433509409427643,0.2697694003582001,0.15324217081069946,0.036518197506666183,0.08348503708839417,0.020920924842357635
201001B,2010-05-19 20:30:00,gridsat,EMBC,3,0.1336888074874878,0.328175812959671,0.15875369310379028,0.21088233590126038,0.23356670141220093,0.0003495013224892318,0.3318144381046295,0.33026862144470215,0.14217635989189148,0.1303236484527588
201002A,2010-05-19 21:00:00,gridsat,CRVBND,2,0.03721021115779877,0.5127478837966919,0.5965907573699951,0.16745541989803314,0.11648685485124588,0.0015376582741737366,0.16604018211364746,0.2810716927051544,0.08367190510034561,0.03718729689717293
201002A,2010-05-20 03:00:00,gridsat,IRRCDO,2,0.04102931171655655,0.039734359830617905,0.5792871713638306,0.23951049149036407,0.11001881957054138,0.0039934320375323296,0.16909770667552948,0.07276833057403564,0.10056696832180023,0.6439933776855469
201001B,2010-05-20 08:00:00,gridsat,EMBC,3,0.13525155186653137,0.013199388980865479,0.16572485864162445,0.6564207077026367,0.2554958462715149,0.011127323843538761,0.318340539932251,0.09998176991939545,0.12518718838691711,0.21927079558372498
201001B,2010-05-20 20:30:00,gridsat,CRVBND,3,0.14628808200359344,0.025843637064099312,0.163465216755867,0.14571119844913483,0.24830836057662964,0.0006958448211662471,0.30037781596183777,0.07402734458446503,0.14156052470207214,0.7537220120429993
201002A,2010-05-20 21:00:00,gridsat,IRRCDO,2,0.0445295087993145,0.23138169944286346,0.6414278149604797,0.044152189046144485,0.10355392843484879,0.0002587393973954022,0.14928758144378662,0.059959184378385544,0.06120118126273155,0.6642481684684753
201002A,2010-05-21 15:00:00,gridsat,CRVBND,2,0.051284510642290115,0.4972827434539795,0.5424440503120422,0.1611400544643402,0.11538819223642349,0.0017616236582398415,0.20170734822750092,0.3305836021900177,0.08917590975761414,0.009231899864971638
201002A,2010-05-21 21:30:00,gridsat,IRRCDO,2,0.0399681031703949,0.04624200984835625,0.6033144593238831,0.4007304012775421,0.18837690353393555,0.045897018164396286,0.11091525107622147,0.008099479600787163,0.057425301522016525,0.4990311563014984
201002A,2010-05-22 09:00:00,gridsat,IRRCDO,2,0.04104938358068466,0.08437064290046692,0.5086267590522766,0.7383269667625427,0.246268630027771,0.018743185326457024,0.1444312334060669,0.02068401500582695,0.05962403118610382,0.1378752589225769
201002A,2010-05-22 15:00:00,gridsat,CRVBND,2,0.027873829007148743,8.735917799640447e-05,0.6414111852645874,0.21197724342346191,0.1448514759540558,0.7810853123664856,0.10755587369203568,0.00018456690304446965,0.07830759137868881,0.0066655464470386505
201002A,2010-05-22 21:00:00,gridsat,SHEAR,2,0.02722930908203125,2.8763606607640213e-08,0.6669241786003113,0.0019111832370981574,0.15180987119674683,0.9980886578559875,0.08948547393083572,6.940010166545107e-08,0.0645512044429779,9.400239697754387e-09
201002A,2010-05-23 03:00:00,gridsat,SHEAR,2,0.05085200443863869,1.5951199472397093e-08,0.6350172162055969,0.06697823107242584,0.1420918107032776,0.9326107501983643,0.09155262261629105,4.061074832861777e-06,0.08048633486032486,0.00040695597999729216
201002A,2010-05-23 09:00:00,gridsat,SHEAR,2,0.038332995027303696,1.4173686668783603e-09,0.6403209567070007,0.022320711985230446,0.13196346163749695,0.9776759147644043,0.10618533939123154,1.7694828784442507e-06,0.08319725096225739,1.6387327832489973e-06
201002A,2010-05-23 15:00:00,gridsat,SHEAR,2,0.040370915085077286,5.809004832713072e-09,0.628175675868988,0.0010491861030459404,0.0822150930762291,0.998950719833374,0.14860005676746368,4.1699543373852066e-08,0.10063830018043518,1.9976923226749932e-08
201003A,2010-06-01 16:00:00,gridsat,EMBC,4,0.35822758078575134,0.7399580478668213,0.08458080142736435,0.013438887894153595,0.23144333064556122,5.711292760679498e-05,0.17074361443519592,0.23689289391040802,0.15500466525554657,0.009653103537857533
201003A,2010-06-01 21:30:00,gridsat,EMBC,4,0.43093955516815186,0.22829297184944153,0.09338237345218658,0.01904008910059929,0.12791210412979126,1.1890060704899952e-05,0.1806643009185791,0.7377221584320068,0.1671016663312912,0.014932856895029545
201003A,2010-06-02 03:00:00,gridsat,EYE,4,0.35184547305107117,0.20821359753608704,0.06973239034414291,0.020595092326402664,0.23021520674228668,1.2007827535853721e-05,0.1807873696088791,0.7525448203086853,0.16741962730884552,0.018634438514709473
201003A,2010-06-02 09:00:00,gridsat,EYE,4,0.1745409220457077,0.5400283336639404,0.07372719049453735,0.010278260335326195,0.49763375520706177,9.444159331906121e-06,0.09575611352920532,0.4444883167743683,0.15834204852581024,0.0051955911330878735
201003A,2010-06-02 14:00:00,gridsat,EYE,4,0.07340116798877716,0.3171338737010956,0.06672213971614838,0.010953167453408241,0.677433967590332,9.729737030284014e-06,0.07103189826011658,0.6508213877677917,0.11141081154346466,0.02108180895447731
201003A,2010-06-02 21:00:00,gridsat,EMBC,4,0.12885107100009918,0.22954592108726501,0.08201221376657486,0.014538534916937351,0.5721133947372437,7.98605105956085e-06,0.09621740132570267,0.739259660243988,0.12080595642328262,0.01664789393544197
201003A,2010-06-03 02:00:00,gridsat,EMBC,4,0.06189778447151184,0.5555548071861267,0.0939028337597847,0.00515761086717248,0.6748144626617432,2.5042759261850733e-06,0.08062385022640228,0.43625423312187195,0.08876103162765503,0.0030308424029499292
201003A,2010-06-03 14:00:00,gridsat,EMBC,4,0.29159989953041077,0.7741574048995972,0.07171078771352768,0.0017067673616111279,0.23010481894016266,9.456143743591383e-07,0.19471415877342224,0.22320230305194855,0.2118702530860901,0.0009325891151092947
201003A,2010-06-03 22:00:00,gridsat,EMBC,4,0.18401670455932617,0.8492982387542725,0.06317798793315887,0.03156258538365364,0.4028935432434082,0.00014415282930713147,0.17180457711219788,0.11533117294311523,0.17810718715190887,0.0036638558376580477
201003A,2010-06-04 15:00:00,gridsat,CRVBND,4,0.05615471675992012,0.0009983633644878864,0.16375426948070526,0.34901535511016846,0.6363593935966492,0.6466647386550903,0.07134297490119934,0.000508120923768729,0.0723886713385582,0.002813421655446291
201003A,2010-06-04 21:00:00,gridsat,CRVBND,4,0.039402496069669724,0.0002170129300793633,0.10303947329521179,0.5237584114074707,0.7047626972198486,0.47197768092155457,0.07006710022687912,0.000550764671061188,0.08272822201251984,0.003496122546494007
201003A,2010-06-05 03:00:00,gridsat,SHEAR,4,0.043667782098054886,4.560978595691267e-06,0.12492609769105911,0.10531098395586014,0.6534583568572998,0.8946351408958435,0.08164641261100769,8.760499440541025e-06,0.09630133956670761,4.0622409869683906e-05
201003A,2010-06-05 09:00:00,gridsat,SHEAR,4,0.03704839572310448,5.360320756153669e-07,0.12120760232210159,0.03610191121697426,0.6837818026542664,0.9638903737068176,0.054456520825624466,8.537176086065301e-07,0.1035057082772255,6.365383796946844e-06
201003A,2010-06-05 15:00:00,gridsat,SHEAR,4,0.0354350320994854,6.031631869518606e-07,0.12551569938659668,0.01101213414222002,0.6928898096084595,0.9889843463897705,0.05615102872252464,2.3740577148601005e-07,0.0900084525346756,2.561697328928858e-06
201003A,2010-06-05 21:00:00,gridsat,SHEAR,4,0.03164945915341377,9.865850643109297e-07,0.11660892516374588,0.005479772575199604,0.7025299668312073,0.9945185780525208,0.06195465475320816,1.6510654177182005e-07,0.0872570052742958,5.469311190609005e-07
201003A,2010-06-06 03:00:00,gridsat,CRVBND,4,0.041280850768089294,4.8749850975582376e-05,0.12796512246131897,0.1549323946237564,0.6791149377822876,0.8216028809547424,0.06544947624206543,0.0001376421860186383,0.08618969470262527,0.023278329521417618
201003A,2010-06-06 09:00:00,gridsat,CRVBND,4,0.04369732737541199,0.00013049969857092947,0.1409868448972702,0.4513400197029114,0.656638503074646,0.5415847897529602,0.06282513588666916,0.0005462699336931109,0.09585216641426086,0.006398393772542477
201004B,2010-10-21 06:00:00,gridsat,CRVBND,4,0.061482347548007965,0.18264293670654297,0.12306275218725204,0.4010922610759735,0.6367130875587463,0.0021845910232514143,0.08293292671442032,0.35509032011032104,0.09580890089273453,0.05898994579911232
201004B,2010-10-21 19:00:00,gridsat,EMBC,4,0.051644351333379745,0.22135703265666962,0.08337728679180145,0.010547743178904057,0.6902127265930176,9.437701010028832e-06,0.06790925562381744,0.7079384922981262,0.10685642808675766,0.06014727056026459
201004B,2010-10-22 06:00:00,gridsat,EYE,4,0.4376601576805115,0.46887385845184326,0.0637582466006279,0.04730677604675293,0.31324660778045654,6.422076694434509e-05,0.08845147490501404,0.4370171129703522,0.09688354283571243,0.04673812910914421
201004B,2010-10-22 12:00:00,gridsat,EYE,4,0.19793349504470825,0.7280289530754089,0.11509759724140167,0.003677164437249303,0.340652197599411,3.154662636006833e-06,0.15622137486934662,0.26212453842163086,0.19009530544281006,0.006166201084852219
201005B,2010-11-06 08:30:00,gridsat,CRVBND,2,0.07745865732431412,0.00017874005425255746,0.5672695636749268,0.3471144735813141,0.07417812198400497,0.0043352143839001656,0.14527322351932526,0.0038060853257775307,0.1358204036951065,0.6445654630661011
201005B,2010-11-06 21:00:00,gridsat,CRVBND,2,0.06944934278726578,0.0007602715049870312,0.5407012104988098,0.8098821043968201,0.06765249371528625,0.0022422384936362505,0.17523008584976196,0.06534365564584732,0.14696691930294037,0.1217716857790947
201005B,2010-11-07 03:00:00,gridsat,CRVBND,2,0.06290310621261597,2.4969480364234187e-05,0.5501797199249268,0.8893848061561584,0.07934598624706268,0.03248106688261032,0.14358273148536682,0.0050949109718203545,0.16398845613002777,0.07301422208547592
201005B,2010-11-07 09:00:00,gridsat,CRVBND,2,0.09812327474355698,6.080022558307974e-06,0.5821033120155334,0.7952637076377869,0.053907644003629684,0.1914578676223755,0.17977431416511536,0.0021124030463397503,0.08609139919281006,0.011159920133650303
201005B,2010-11-07 15:00:00,gridsat,SHEAR,2,0.05717899650335312,2.010124973139682e-07,0.630923867225647,0.02976803481578827,0.07118384540081024,0.9702211618423462,0.12934690713882446,6.0737265812349506e-06,0.11136642843484879,4.4843445721198805e-06
201101A,2011-06-11 15:00:00,gridsat,CRVBND,3,0.12820114195346832,0.0006995364092290401,0.1702084243297577,0.5825366377830505,0.25653335452079773,0.41353872418403625,0.2790577709674835,0.0011091091437265277,0.16599929332733154,0.0021160119213163853
201101A,2011-06-11 21:00:00,gridsat,CRVBND,3,0.13330864906311035,0.0006268124561756849,0.18872298300266266,0.3518756031990051,0.25287672877311707,0.221886545419693,0.27977341413497925,0.0003913231485057622,0.14531822502613068,0.42521968483924866
201101A,2011-06-12 03:00:00,gridsat,CRVBND,3,0.1399751752614975,0.03233961760997772,0.16691184043884277,0.39131781458854675,0.2706834673881531,0.0200203824788332,0.2809601426124573,0.010996898636221886,0.141469344496727,0.5453253388404846
201101A,2011-06-12 09:00:00,gridsat,CRVBND,3,0.13399086892604828,0.011006765998899937,0.16436094045639038,0.5662916898727417,0.2755548655986786,0.028549261391162872,0.2854765057563782,0.01828964799642563,0.14061686396598816,0.3758625388145447
201101A,2011-06-12 15:00:00,gridsat,CRVBND,3,0.13650508224964142,0.4998195171356201,0.19346503913402557,0.21505075693130493,0.24496078491210938,0.003414945909753442,0.26908573508262634,0.10818056017160416,0.1559833437204361,0.17353416979312897
201102B,2011-10-19 12:00:00,gridsat,CRVBND,2,0.06859641522169113,0.015269744209945202,0.5740640759468079,0.6941388845443726,0.0971473753452301,0.016188563778996468,0.1804712414741516,0.16348016262054443,0.0797208622097969,0.11092265695333481
201103A,2011-11-02 07:30:00,gridsat,CRVBND,0,0.18674254417419434,0.6782640218734741,0.12454935163259506,0.015149128623306751,0.19484685361385345,1.5521893146797083e-05,0.3152630627155304,0.2960699796676636,0.17859821021556854,0.010501297190785408
201103A,2011-11-02 12:00:00,gridsat,CRVBND,0,0.1756434291601181,0.1224353015422821,0.12994864583015442,0.31667137145996094,0.17865613102912903,0.01411473099142313,0.3214575946331024,0.45002976059913635,0.19429421424865723,0.09674888849258423
201104A,2011-11-08 00:00:00,gridsat,CRVBND,1,0.08601302653551102,0.011375431902706623,0.2697090804576874,0.632295548915863,0.322951078414917,0.0032651808578521013,0.14611884951591492,0.03723643720149994,0.17520788311958313,0.3158273994922638
201104A,2011-11-08 12:00:00,gridsat,CRVBND,1,0.0879862830042839,0.12759660184383392,0.2649524211883545,0.5673937797546387,0.3186638057231903,0.0026654922403395176,0.1524875909090042,0.20537464320659637,0.17590990662574768,0.09696948528289795
201104A,2011-11-09 07:30:00,gridsat,IRRCDO,1,0.08533918112516403,0.35526221990585327,0.2686823606491089,0.15442109107971191,0.32216453552246094,0.0001452433061785996,0.14633706212043762,0.36848291754722595,0.1774768829345703,0.12168847024440765
201104A,2011-11-09 12:00:00,gridsat,SHEAR,1,0.08586495369672775,0.0001384418865200132,0.26700156927108765,0.6413180828094482,0.3207775056362152,0.3374781012535095,0.149649977684021,0.001246182480826974,0.17670601606369019,0.019819259643554688
201104A,2011-11-09 18:00:00,gridsat,SHEAR,1,0.08402394503355026,1.450484745646463e-07,0.2700292766094208,0.08171507716178894,0.32197046279907227,0.9176724553108215,0.14458617568016052,6.317739916994469e-06,0.17939014732837677,0.000606052577495575
201104A,2011-11-09 23:00:00,gridsat,SHEAR,1,0.08436727523803711,7.604035801023201e-08,0.2696091830730438,0.06581386178731918,0.3204059600830078,0.9338575601577759,0.14572033286094666,3.040052888536593e-06,0.1798972338438034,0.0003255271876696497
201105A,2011-11-27 15:30:00,gridsat,CRVBND,2,0.0565381720662117,8.290053301607259e-06,0.6049239635467529,0.5389712452888489,0.09728168696165085,0.019017254933714867,0.12224821001291275,0.001196787809021771,0.11900795251131058,0.44080638885498047
201105B,2011-11-27 15:30:00,gridsat,CRVBND,0,0.14746543765068054,3.234757286918466e-06,0.14041617512702942,0.43694648146629333,0.1659465879201889,0.026192983612418175,0.31551089882850647,0.0009005512692965567,0.23066091537475586,0.5359567403793335
201105A,2011-11-28 03:00:00,gridsat,IRRCDO,2,0.06518636643886566,0.04022368788719177,0.6433060765266418,0.06780827790498734,0.0799223855137825,4.0535975131206214e-05,0.12962405383586884,0.14991338551044464,0.08196117728948593,0.7420141696929932
201105A,2011-11-28 14:30:00,gridsat,IRRCDO,2,0.06927014142274857,5.4376730986405164e-05,0.5572165250778198,0.29307451844215393,0.09113094210624695,0.006762978620827198,0.1347241848707199,0.002060712082311511,0.14765822887420654,0.698047399520874
201105A,2011-11-28 21:00:00,gridsat,CRVBND,2,0.059868600219488144,0.0001337817229796201,0.5712338089942932,0.4067821204662323,0.09392814338207245,0.01267873216420412,0.1571245789527893,0.006137247662991285,0.11784490197896957,0.5742681622505188
201105A,2011-11-29 03:00:00,gridsat,CRVBND,2,0.04317978397011757,2.081375896523241e-05,0.6672806739807129,0.6145326495170593,0.07296423614025116,0.21053294837474823,0.1311541646718979,0.0007920698262751102,0.08542118221521378,0.17412155866622925
201105A,2011-11-29 09:00:00,gridsat,SHEAR,2,0.04352867975831032,6.024177423569199e-08,0.5690288543701172,0.0024258322082459927,0.13728982210159302,0.9975740313529968,0.10799737274646759,1.07964559958873e-07,0.14215528964996338,4.291945288059651e-08
201105A,2011-11-29 15:00:00,gridsat,SHEAR,2,0.05238886550068855,7.089378328828388e-08,0.5386833548545837,0.006622061599045992,0.14080604910850525,0.9933737516403198,0.1297600120306015,3.562843176041497e-06,0.13836175203323364,5.83473706683435e-07
201105A,2011-11-29 21:00:00,gridsat,SHEAR,2,0.03390904888510704,1.322165821271426e-09,0.6973980665206909,0.020360033959150314,0.10144495218992233,0.9796317219734192,0.08750313520431519,1.50088089867495e-06,0.07974474877119064,6.80969287714106e-06
201105A,2011-11-30 02:30:00,gridsat,CRVBND,2,0.038534678518772125,6.233297608559951e-05,0.6365199089050293,0.13201072812080383,0.10630185902118683,0.004357660189270973,0.1255863904953003,0.00043140549678355455,0.09305717051029205,0.8631378412246704
201105A,2011-11-30 09:00:00,gridsat,SHEAR,2,0.03039010986685753,8.497099024395993e-09,0.6476353406906128,0.009150520898401737,0.13815227150917053,0.9908458590507507,0.10440193116664886,7.239695491989551e-07,0.07942034304141998,2.9986767913214862e-06
201105A,2011-11-30 15:00:00,gridsat,SHEAR,2,0.023331284523010254,3.4622045230747744e-09,0.6679157018661499,0.0019387751817703247,0.1321367621421814,0.9980612397193909,0.11897486448287964,2.575092672429946e-08,0.05764133483171463,4.623539773263019e-09
201105A,2011-11-30 21:00:00,gridsat,SHEAR,2,0.024719655513763428,7.557450776296548e-10,0.6520971655845642,0.00354725681245327,0.14537514746189117,0.996452808380127,0.14446315169334412,5.6025957206884414e-08,0.03334488347172737,2.165661072695002e-08
201106B,2011-12-26 00:00:00,gridsat,CRVBND,0,0.1953912228345871,0.00037656340282410383,0.13521189987659454,0.7483410835266113,0.17839772999286652,0.05875135213136673,0.3266027867794037,0.01025500986725092,0.16439634561538696,0.18227598071098328
201106B,2011-12-26 07:30:00,gridsat,CRVBND,0,0.1491292417049408,8.00728885224089e-05,0.16288761794567108,0.8363317251205444,0.1661759614944458,0.14234821498394012,0.29600855708122253,0.0029246655758470297,0.2257985919713974,0.018315324559807777
201106B,2011-12-26 12:00:00,gridsat,EYE,0,0.19143465161323547,0.16913828253746033,0.14518819749355316,0.20353542268276215,0.13336816430091858,0.00028893243870697916,0.3084713816642761,0.5699166059494019,0.2215375453233719,0.05712068825960159
201106B,2011-12-26 18:00:00,gridsat,EYE,0,0.1876371055841446,0.01793108694255352,0.13962635397911072,0.6951656937599182,0.1611289530992508,0.005906434264034033,0.30914661288261414,0.14064496755599976,0.20246098935604095,0.1403518170118332
201106B,2011-12-26 22:30:00,gridsat,EMBC,0,0.1934637576341629,0.06022893264889717,0.15998342633247375,0.22319258749485016,0.16783739626407623,0.0005847928114235401,0.27673986554145813,0.26149117946624756,0.20197558403015137,0.45450255274772644
201106B,2011-12-27 06:00:00,gridsat,EMBC,0,0.2388572096824646,0.07126324623823166,0.15645739436149597,0.4296479821205139,0.11593181639909744,0.004763560835272074,0.27305713295936584,0.1313236653804779,0.21569643914699554,0.3630015254020691
201106B,2011-12-27 13:00:00,gridsat,EMBC,0,0.19703128933906555,0.2477237433195114,0.16365014016628265,0.13734717667102814,0.14597009122371674,0.00036702590296044946,0.27389079332351685,0.5087903141975403,0.2194577306509018,0.10577170550823212
201106B,2011-12-27 18:00:00,gridsat,EMBC,0,0.19666831195354462,0.24423331022262573,0.15560275316238403,0.03636587783694267,0.14375844597816467,2.1643152649630792e-05,0.29031065106391907,0.5852084755897522,0.21365980803966522,0.13417071104049683
201106B,2011-12-28 04:30:00,gridsat,EMBC,0,0.17295639216899872,0.40362653136253357,0.1304233819246292,0.00801471620798111,0.1836870312690735,2.6743362013803562e-06,0.32751500606536865,0.5738584399223328,0.1854182630777359,0.014497600495815277
201106B,2011-12-29 00:00:00,gridsat,EMBC,0,0.22104375064373016,0.37090441584587097,0.13854782283306122,0.025989798828959465,0.17076250910758972,2.1837957319803536e-05,0.3168915808200836,0.5445353984832764,0.15275439620018005,0.05854857340455055
201106B,2011-12-29 05:00:00,gridsat,EYE,0,0.28555116057395935,0.614142119884491,0.13203445076942444,0.010384082794189453,0.1566113531589508,1.894721390272025e-05,0.27217116951942444,0.3658055365085602,0.15363188087940216,0.009649236686527729
201106B,2011-12-29 12:00:00,gridsat,EMBC,0,0.306871622800827,0.7653692364692688,0.13066436350345612,0.011769654229283333,0.15063005685806274,3.9182523323688656e-05,0.26247209310531616,0.21631281077861786,0.14936190843582153,0.006509140599519014
201106B,2011-12-29 18:30:00,gridsat,EMBC,0,0.34814903140068054,0.6452876925468445,0.1105952188372612,0.08271616697311401,0.14640197157859802,0.0005576199037022889,0.25772473216056824,0.2262086272239685,0.13712909817695618,0.045229941606521606
201201A,2012-10-24 18:00:00,gridsat,CRVBND,3,0.1368434876203537,0.007850238122045994,0.17084799706935883,0.8630845546722412,0.2804577052593231,0.09252307564020157,0.27187201380729675,0.025697048753499985,0.1399788111448288,0.010845035314559937
201201A,2012-10-25 00:00:00,gridsat,CRVBND,3,0.13586752116680145,7.334541442105547e-05,0.17418067157268524,0.7407522201538086,0.29900994896888733,0.2523370385169983,0.25117290019989014,0.0014583526644855738,0.13976900279521942,0.00537895830348134
201201A,2012-10-25 06:00:00,gridsat,CRVBND,3,0.136226087808609,0.001280787168070674,0.16311390697956085,0.8926048278808594,0.28136011958122253,0.06892559677362442,0.28005778789520264,0.018557749688625336,0.13924206793308258,0.018630988895893097
201201A,2012-10-25 12:00:00,gridsat,CRVBND,3,0.13061974942684174,0.5147048234939575,0.17340406775474548,0.16157695651054382,0.2944408059120178,0.002208747435361147,0.27732551097869873,0.313446044921875,0.12420983612537384,0.008063435554504395
201202B,2012-10-30 01:30:00,gridsat,CRVBND,3,0.14096176624298096,4.0138675103662536e-05,0.17146773636341095,0.8974297642707825,0.25142741203308105,0.08712972700595856,0.31034570932388306,0.003338059177622199,0.12579742074012756,0.012062338180840015
201202B,2012-10-30 06:00:00,gridsat,EMBC,3,0.13074161112308502,0.038588181138038635,0.15353569388389587,0.0656394436955452,0.249828040599823,1.7384934835718013e-05,0.3411314785480499,0.835649311542511,0.12476316839456558,0.060105662792921066
201202B,2012-10-30 11:30:00,gridsat,CRVBND,3,0.1540982872247696,0.03446592390537262,0.1717996597290039,0.322616308927536,0.25478214025497437,0.0008775045862421393,0.290591299533844,0.15661825239658356,0.12872862815856934,0.4854220747947693
201202B,2012-10-31 12:00:00,gridsat,EMBC,3,0.13730786740779877,0.18716558814048767,0.1542934775352478,0.05576682835817337,0.26303762197494507,1.5165848708420526e-05,0.332810640335083,0.7281322479248047,0.11255033314228058,0.028920181095600128
201203B,2012-11-17 21:30:00,gridsat,IRRCDO,4,0.15683336555957794,0.05123278498649597,0.12348035722970963,0.04785902053117752,0.3109407424926758,0.00012808041356038302,0.216644749045372,0.12806259095668793,0.19210076332092285,0.7727174758911133
201203B,2012-11-18 09:00:00,gridsat,CRVBND,4,0.046833980828523636,0.013789902441203594,0.1492757946252823,0.8458072543144226,0.6734382510185242,0.046013135462999344,0.06041065976023674,0.06708275526762009,0.07004129886627197,0.027307026088237762
201203B,2012-11-18 15:00:00,gridsat,SHEAR,4,0.0435318648815155,5.898838253415306e-07,0.12953020632266998,0.04650982841849327,0.6892297267913818,0.9534804821014404,0.0690685510635376,1.8565123127700645e-06,0.0686396136879921,7.305022791115334e-06
201203B,2012-11-18 21:00:00,gridsat,SHEAR,4,0.04608456790447235,2.268977965513841e-07,0.09644947201013565,0.002543496433645487,0.7194954752922058,0.997455894947052,0.05812275409698486,1.4723659091941954e-07,0.07984772324562073,2.1480448708643962e-07
201203B,2012-11-19 03:00:00,gridsat,SHEAR,4,0.03556281700730324,5.50678237232205e-07,0.09897908568382263,0.002748763421550393,0.7343213558197021,0.997250497341156,0.05662862956523895,2.1114162862545527e-08,0.07450805604457855,8.580931876167597e-08
201203B,2012-11-19 09:00:00,gridsat,SHEAR,4,0.03354387730360031,3.9385068362207676e-07,0.10470977425575256,0.0026551606133580208,0.7153782248497009,0.9973441958427429,0.06114242598414421,6.044863454235383e-08,0.0852256715297699,1.4438265338867495e-07
201204A,2012-12-23 06:00:00,gridsat,CRVBND,2,0.06827348470687866,0.11976305395364761,0.6186532378196716,0.4118989408016205,0.06061939150094986,0.0020231534726917744,0.1659669578075409,0.33139702677726746,0.08648689091205597,0.1349177360534668
201204A,2012-12-23 12:00:00,gridsat,CRVBND,2,0.0671919509768486,3.553891019691946e-06,0.5762754082679749,0.2609158754348755,0.07731999456882477,0.7370533347129822,0.16645385324954987,0.00021573886624537408,0.11275877803564072,0.001811549416743219
201204A,2012-12-23 18:00:00,gridsat,CRVBND,2,0.073384128510952,6.661553470621584e-06,0.6219782829284668,0.4731878638267517,0.05602751672267914,0.48264703154563904,0.16746725142002106,0.00024258473422378302,0.0811428502202034,0.04391580447554588
201204A,2012-12-24 00:00:00,gridsat,CRVBND,2,0.05901908129453659,3.50209629687015e-05,0.6140868663787842,0.6303540468215942,0.057883672416210175,0.22356592118740082,0.17466187477111816,0.0008120925049297512,0.09434845298528671,0.1452329307794571
201204A,2012-12-24 06:00:00,gridsat,CRVBND,2,0.0593365803360939,3.5166888210369507e-06,0.582399845123291,0.14585749804973602,0.0916014313697815,0.8536555171012878,0.1503683626651764,7.906859536888078e-05,0.11629371345043182,0.0004044308152515441
201204A,2012-12-24 12:00:00,gridsat,SHEAR,2,0.04733103886246681,4.5298256168280204e-07,0.6690602898597717,0.011907024309039116,0.07859484851360321,0.9880877137184143,0.1303246021270752,3.853738689940656e-06,0.07468928396701813,9.205949140778102e-07
201204A,2012-12-24 18:00:00,gridsat,CRVBND,2,0.03826185315847397,8.427447755821049e-05,0.5826020836830139,0.29846516251564026,0.13198146224021912,0.6622462272644043,0.11581992357969284,0.00021857510728295892,0.13133466243743896,0.03898577392101288
201204A,2012-12-24 23:00:00,gridsat,SHEAR,2,0.04126244783401489,4.827215960290232e-08,0.6229977607727051,0.0044809686951339245,0.10688187927007675,0.9955182671546936,0.0942942425608635,5.414262318481633e-07,0.13456372916698456,1.506418385588404e-07
201301B,2013-05-10 08:30:00,gridsat,EMBC,2,0.0782712772488594,0.0774458795785904,0.5246672630310059,0.5299229621887207,0.0703427791595459,0.0001479506609030068,0.12947699427604675,0.385474294424057,0.1972416788339615,0.007008922286331654
201301B,2013-05-10 20:00:00,gridsat,IRRCDO,2,0.09384649246931076,0.0067568994127213955,0.4993305206298828,0.585794985294342,0.07800665497779846,0.0001913803134812042,0.12132664024829865,0.07146482169628143,0.2074897140264511,0.3357919156551361
201301B,2013-05-11 02:00:00,gridsat,EMBC,2,0.080569326877594,0.023837938904762268,0.4796965420246124,0.6980109810829163,0.09382865577936172,0.00011354420712450519,0.10128244012594223,0.2252059280872345,0.24462302029132843,0.05283161625266075
201301B,2013-05-11 08:30:00,gridsat,EMBC,2,0.0643773153424263,0.18596699833869934,0.4950082004070282,0.3375960886478424,0.0918862521648407,2.8661730539170094e-05,0.1446632742881775,0.4479365348815918,0.20406493544578552,0.028471754863858223
201301B,2013-05-12 15:00:00,gridsat,IRRCDO,2,0.06307942420244217,0.0009105514618568122,0.5491740107536316,0.33188891410827637,0.10052589327096939,0.0009643285884521902,0.13307563960552216,0.01931985653936863,0.15414507687091827,0.6469163298606873
201301B,2013-05-13 03:30:00,gridsat,IRRCDO,2,0.07429508119821548,0.0003181335923727602,0.575646698474884,0.7019716501235962,0.07404205203056335,0.000838180014397949,0.16601231694221497,0.03675474971532822,0.11000382900238037,0.2601172924041748
201301B,2013-05-13 16:00:00,gridsat,CRVBND,2,0.05680972337722778,0.02293136902153492,0.6093672513961792,0.3531973958015442,0.07998500764369965,0.0005002915277145803,0.13890638947486877,0.21378766000270844,0.11493157595396042,0.40958327054977417
201301B,2013-05-14 03:00:00,gridsat,CRVBND,2,0.059843238443136215,0.0029788026586174965,0.6271981000900269,0.7257441282272339,0.09376279264688492,0.006604125257581472,0.12341450899839401,0.044054847210645676,0.09578132629394531,0.22061803936958313
201301B,2013-05-14 09:00:00,gridsat,CRVBND,2,0.07654156535863876,5.88297598369536e-06,0.5667029619216919,0.5374910235404968,0.07858981937170029,0.43826842308044434,0.1614326685667038,0.0010930345160886645,0.11673297733068466,0.023141585290431976
201301B,2013-05-14 15:00:00,gridsat,IRRCDO,2,0.05223642289638519,0.0002489443577360362,0.6724345088005066,0.21077631413936615,0.06627275794744492,0.0016515067545697093,0.14108851552009583,0.004132050089538097,0.0679677426815033,0.7831912040710449
201301B,2013-05-14 21:30:00,gridsat,IRRCDO,2,0.3672081530094147,0.0004211357736494392,0.4415377676486969,0.03370162472128868,0.0507541187107563,7.595473289256915e-05,0.11533328145742416,0.004029549658298492,0.025166677311062813,0.9617717862129211
201301B,2013-05-15 08:00:00,gridsat,EMBC,2,0.0669519305229187,0.16368433833122253,0.5808874368667603,0.1820867508649826,0.08724871277809143,0.0002726058883126825,0.12798291444778442,0.5674430727958679,0.13692907989025116,0.08651325851678848
201302B,2013-10-09 08:30:00,gridsat,CRVBND,2,0.0931367427110672,0.07286743819713593,0.5737638473510742,0.2718926668167114,0.06712041795253754,0.0005362593801692128,0.17025066912174225,0.34222471714019775,0.09572837501764297,0.3124789297580719
201302B,2013-10-09 15:00:00,gridsat,IRRCDO,2,0.06532121449708939,0.16641998291015625,0.5830928683280945,0.24520014226436615,0.08560816943645477,0.0002786329132504761,0.1139577180147171,0.4383068382740021,0.15202003717422485,0.14979444444179535
201302B,2013-10-09 21:30:00,gridsat,EMBC,2,0.22608497738838196,0.1518571823835373,0.4601457118988037,0.010170304216444492,0.06278901547193527,1.0347505394747714e-06,0.17820250988006592,0.833233118057251,0.07277781516313553,0.004738339222967625
201302B,2013-10-10 02:30:00,gridsat,EMBC,2,0.19322462379932404,0.3130490183830261,0.48186108469963074,0.0628209039568901,0.05794176086783409,2.1076391931273974e-05,0.19737038016319275,0.609753429889679,0.06960218399763107,0.014355562627315521
201302B,2013-10-10 09:00:00,gridsat,EYE,2,0.517616868019104,0.6759019494056702,0.3063913881778717,0.02508406527340412,0.03249463811516762,1.2321970643824898e-05,0.10584420710802078,0.2942090928554535,0.037652887403964996,0.004792510531842709
201302B,2013-10-10 15:00:00,gridsat,EYE,2,0.2879672050476074,0.7422280311584473,0.4393821656703949,0.007049232255667448,0.04458671063184738,1.7162549283966655e-06,0.19594135880470276,0.2500412166118622,0.03212257847189903,0.0006797572132200003
201302B,2013-10-10 21:00:00,gridsat,EYE,2,0.43179386854171753,0.7619255781173706,0.37046146392822266,0.011043215170502663,0.03664408624172211,3.6289059153205017e-06,0.13234098255634308,0.2259819656610489,0.028759606182575226,0.0010456627933308482
201302B,2013-10-11 03:00:00,gridsat,EYE,2,0.5312436819076538,0.4965061843395233,0.28943005204200745,0.21660423278808594,0.035114310681819916,0.0005319709307514131,0.12424300611019135,0.2752637565135956,0.019968954846262932,0.011093816719949245
201302B,2013-10-11 09:00:00,gridsat,EYE,2,0.517098069190979,0.5347287058830261,0.3096996247768402,0.07412951439619064,0.03107369691133499,4.494946188060567e-05,0.1208898276090622,0.3725660741329193,0.02123880386352539,0.01853078417479992
201302B,2013-10-11 15:00:00,gridsat,EYE,2,0.7353463768959045,0.43309271335601807,0.14472411572933197,0.007216876372694969,0.014272519387304783,2.9517397592826455e-07,0.08398696035146713,0.5579586625099182,0.021669985726475716,0.0017314414726570249
201302B,2013-10-11 21:00:00,gridsat,EYE,2,0.46389302611351013,0.6996580958366394,0.28639525175094604,0.02389923855662346,0.03406795859336853,7.1063495852286e-06,0.1832876354455948,0.27335941791534424,0.032356102019548416,0.0030761591624468565
201302B,2013-10-12 03:00:00,gridsat,EYE,2,0.7309052348136902,0.6605072617530823,0.15545834600925446,0.06479683518409729,0.022121580317616463,0.00014324981020763516,0.07888602465391159,0.268037885427475,0.012628789059817791,0.006514799315482378
201302B,2013-10-12 09:00:00,gridsat,EYE,2,0.5665782690048218,0.4812397360801697,0.23010115325450897,0.08684287220239639,0.030510172247886658,0.0002670904796104878,0.14981220662593842,0.4266550540924072,0.022998154163360596,0.004995251540094614
201303A,2013-11-09 21:00:00,gridsat,IRRCDO,0,0.15983840823173523,7.577566429972649e-05,0.15869863331317902,0.037586916238069534,0.1884680539369583,0.0026808911934494972,0.28397372364997864,0.00042826589196920395,0.20902119576931,0.9592280983924866
201303A,2013-11-10 09:00:00,gridsat,IRRCDO,0,0.15360182523727417,0.006421077996492386,0.13279765844345093,0.6272304058074951,0.15299567580223083,0.04858415573835373,0.3424602746963501,0.023362087085843086,0.21814458072185516,0.294402152299881
201303A,2013-11-10 14:30:00,gridsat,IRRCDO,0,0.18911494314670563,0.002241473412141204,0.14178578555583954,0.3442380726337433,0.176071897149086,0.029712872579693794,0.30204930901527405,0.007913188077509403,0.1909780353307724,0.6158943772315979
201304B,2013-11-19 13:00:00,gridsat,EMBC,2,0.1533297598361969,0.033133622258901596,0.5827714204788208,0.45367249846458435,0.08098116517066956,0.006488485727459192,0.1288621872663498,0.11971338093280792,0.05405546352267265,0.38699203729629517
201304B,2013-11-19 19:30:00,gridsat,EMBC,2,0.10840116441249847,0.20025525987148285,0.5563444495201111,0.053021885454654694,0.0806521326303482,2.9326551157282665e-05,0.17076750099658966,0.7065439224243164,0.08383479714393616,0.04014961048960686
201304B,2013-11-20 00:30:00,gridsat,EMBC,2,0.12810161709785461,0.5427943468093872,0.5766240358352661,0.07675477862358093,0.06386276334524155,0.00016003623022697866,0.17333905398845673,0.35396814346313477,0.058072496205568314,0.026322713121771812
201304B,2013-11-20 06:30:00,gridsat,IRRCDO,2,0.04495784267783165,0.19695980846881866,0.5757709741592407,0.27077019214630127,0.14333315193653107,0.0023650790099054575,0.17674052715301514,0.13580849766731262,0.05919754505157471,0.3940964639186859
201304B,2013-11-20 19:30:00,gridsat,EMBC,2,0.05700511857867241,0.4446103870868683,0.578907310962677,0.012506718747317791,0.11630246788263321,4.604544756148243e-06,0.16003695130348206,0.5286062359809875,0.08774816989898682,0.014272027648985386
201304B,2013-11-21 00:00:00,gridsat,EMBC,2,0.09529325366020203,0.3031315505504608,0.5013020634651184,0.027995474636554718,0.14186541736125946,1.178555885417154e-05,0.1921452432870865,0.4892270565032959,0.06939404457807541,0.17963407933712006
201304B,2013-11-21 18:00:00,gridsat,CRVBND,2,0.05868034437298775,0.03512676805257797,0.5587118864059448,0.23631712794303894,0.12115375697612762,0.003895377041772008,0.16308431327342987,0.02563491091132164,0.09836973249912262,0.6990258097648621
201304B,2013-11-22 00:00:00,gridsat,IRRCDO,2,0.10757915675640106,0.8029875755310059,0.5439493060112,0.002638803096488118,0.14628903567790985,5.180794460102334e-07,0.13414950668811798,0.1677410751581192,0.06803300976753235,0.02663208544254303
201304B,2013-11-22 06:00:00,gridsat,CRVBND,2,0.04435506463050842,0.010853631421923637,0.5501897931098938,0.472734659910202,0.1359550654888153,0.012817874550819397,0.17198510468006134,0.014752304181456566,0.0975150316953659,0.4888415038585663
201305B,2013-11-23 19:00:00,gridsat,EMBC,2,0.044506821781396866,0.40901967883110046,0.654405415058136,0.12019862979650497,0.07625528424978256,9.651217987993732e-05,0.12385203689336777,0.4289950132369995,0.10098046809434891,0.04169011116027832
201305B,2013-11-25 07:00:00,gridsat,EMBC,2,0.06736451387405396,0.6374870538711548,0.5833351612091064,0.007579310797154903,0.08777783811092377,4.042091859446373e-06,0.15648016333580017,0.3516170382499695,0.10504230856895447,0.003312589367851615
201305B,2013-11-26 01:30:00,gridsat,EMBC,2,0.05510454997420311,0.6862216591835022,0.5887226462364197,0.005765310488641262,0.0715695172548294,1.490978888796235e-06,0.1617867648601532,0.30507975816726685,0.12281649559736252,0.0029318395536392927
201305B,2013-11-26 06:00:00,gridsat,EMBC,2,0.05301018804311752,0.5369401574134827,0.6177939772605896,0.008315009996294975,0.07034758478403091,2.0042593860125635e-06,0.15682664513587952,0.4523937702178955,0.10202158987522125,0.002349077956750989
201305B,2013-11-27 06:30:00,gridsat,EMBC,2,0.06162312626838684,0.38583889603614807,0.5820766687393188,0.036731261759996414,0.08567775785923004,1.8121152606909163e-05,0.14367523789405823,0.5697750449180603,0.126947283744812,0.007636665366590023
201305B,2013-11-27 12:30:00,gridsat,CRVBND,2,0.17233245074748993,0.005188987124711275,0.48854705691337585,0.5975632667541504,0.08485567569732666,0.3814842402935028,0.1879817694425583,0.01211803313344717,0.06628306210041046,0.003645512042567134
201305B,2013-11-27 18:00:00,gridsat,CRVBND,2,0.05705570802092552,0.008123186416924,0.4904654324054718,0.6769009232521057,0.184090718626976,0.29501405358314514,0.19768689572811127,0.0054003954865038395,0.0707012489438057,0.014561460353434086
201305B,2013-11-28 00:00:00,gridsat,CRVBND,2,0.026290489360690117,0.0008532514329999685,0.6055930852890015,0.4571344554424286,0.15496188402175903,0.51911860704422,0.09789837151765823,0.001512763905338943,0.11525621265172958,0.021380901336669922
201305B,2013-11-28 06:00:00,gridsat,SHEAR,2,0.03575780615210533,4.698344491771422e-05,0.5826162099838257,0.2882242500782013,0.12840460240840912,0.7099189758300781,0.13366875052452087,0.00045382470125332475,0.11955263465642929,0.001355936168693006
201305B,2013-11-28 12:00:00,gridsat,CRVBND,2,0.038224633783102036,7.265583690241328e-08,0.5939562320709229,0.026936382055282593,0.13454921543598175,0.9730530977249146,0.12969109416007996,7.291510428331094e-06,0.10357879102230072,3.1669146665080916e-06
201306B,2013-12-06 03:00:00,gridsat,CRVBND,3,0.13716578483581543,0.10294554382562637,0.1723220944404602,0.28767284750938416,0.26894012093544006,0.0013288498157635331,0.29630786180496216,0.5034934282302856,0.12526410818099976,0.10455940663814545
201306B,2013-12-06 09:00:00,gridsat,CRVBND,3,0.16447989642620087,0.1684846729040146,0.1750517189502716,0.2739045023918152,0.24051731824874878,0.001174143748357892,0.2895173132419586,0.43149667978286743,0.13043373823165894,0.12494000047445297
201306B,2013-12-07 08:30:00,gridsat,EMBC,3,0.14607898890972137,0.6613916754722595,0.15826277434825897,0.07356933504343033,0.2557033598423004,9.461698937229812e-05,0.3312425911426544,0.24477334320545197,0.10871227085590363,0.020170988515019417
201306B,2013-12-07 14:00:00,gridsat,EMBC,3,0.17417921125888824,0.3119225800037384,0.17126061022281647,0.12716183066368103,0.20431388914585114,0.0001411795528838411,0.3093588054180145,0.5256983041763306,0.14088746905326843,0.035076141357421875
201306B,2013-12-08 02:30:00,gridsat,EMBC,3,0.14649124443531036,0.38099774718284607,0.15527863800525665,0.09499815106391907,0.24845391511917114,0.0001436753518646583,0.31303924322128296,0.47575250267982483,0.13673697412014008,0.04810800030827522
201306B,2013-12-08 09:00:00,gridsat,EMBC,3,0.1478278785943985,0.594565212726593,0.16320067644119263,0.09547144174575806,0.24119730293750763,0.00038921908708289266,0.3240053057670593,0.295734703540802,0.12376879900693893,0.013839534483850002
201306B,2013-12-08 15:00:00,gridsat,EMBC,3,0.15488329529762268,0.0457538366317749,0.1575123369693756,0.6085361838340759,0.24109533429145813,0.0030787698924541473,0.30963706970214844,0.2984426021575928,0.13687199354171753,0.04418857395648956
201306B,2013-12-08 20:00:00,gridsat,EMBC,3,0.15893937647342682,0.4577144980430603,0.170597106218338,0.05293525755405426,0.23954947292804718,5.3423416829900816e-05,0.29333093762397766,0.45343834161758423,0.13758307695388794,0.03585843741893768
201306B,2013-12-09 14:00:00,gridsat,EMBC,3,0.15777024626731873,0.6519277095794678,0.1547752320766449,0.007008545566350222,0.23624487221240997,6.3605275499867275e-06,0.3073720633983612,0.32954028248786926,0.1438375860452652,0.01151705626398325
201306B,2013-12-10 03:00:00,gridsat,EYE,3,0.144487202167511,0.4654904901981354,0.18511846661567688,0.016962697729468346,0.24960622191429138,1.7949194443644956e-05,0.2829536199569702,0.5046589970588684,0.13783447444438934,0.01286987029016018
201306B,2013-12-10 09:00:00,gridsat,EMBC,3,0.13370738923549652,0.7001368999481201,0.16712406277656555,0.02050403505563736,0.26670321822166443,5.0814789574360475e-05,0.29129713773727417,0.26126629114151,0.1411682367324829,0.018041908740997314
201306B,2013-12-10 15:00:00,gridsat,CRVBND,3,0.146392360329628,0.0036907577887177467,0.17857405543327332,0.5071611404418945,0.25850701332092285,0.46363767981529236,0.2752574682235718,0.002907457994297147,0.1412690430879593,0.022602953016757965
201306B,2013-12-10 21:00:00,gridsat,SHEAR,3,0.143478661775589,2.4405057047260925e-05,0.19679047167301178,0.05095313861966133,0.26824456453323364,0.948789119720459,0.25605231523513794,2.4150469471351244e-05,0.13543398678302765,0.0002091790665872395
201306B,2013-12-11 03:00:00,gridsat,SHEAR,3,0.12664765119552612,6.4920648583211e-05,0.19440339505672455,0.1523994505405426,0.28677868843078613,0.8381310105323792,0.254077285528183,4.880659616901539e-05,0.1380929797887802,0.009355899877846241
201306B,2013-12-11 09:00:00,gridsat,CRVBND,3,0.13609763979911804,0.005374801345169544,0.1813320815563202,0.5210834741592407,0.29202181100845337,0.3415760099887848,0.25294190645217896,0.0012521229218691587,0.13760651648044586,0.1307135671377182
201306B,2013-12-11 15:30:00,gridsat,CRVBND,3,0.13969600200653076,0.22940979897975922,0.20136459171772003,0.41682714223861694,0.24701178073883057,0.019993672147393227,0.2672984302043915,0.011339616030454636,0.14462922513484955,0.3224297761917114
201306B,2013-12-11 21:00:00,gridsat,SHEAR,3,0.10850603878498077,0.00013723198208026588,0.15505093336105347,0.03763001039624214,0.31648293137550354,0.962226390838623,0.29000842571258545,3.0255669116741046e-06,0.12995168566703796,3.339505838084733e-06
201306B,2013-12-12 03:00:00,gridsat,SHEAR,3,0.12687823176383972,2.2150679797050543e-06,0.15772463381290436,0.1264222115278244,0.27920809388160706,0.8728778958320618,0.31006863713264465,7.406374606944155e-06,0.12612037360668182,0.0006902747554704547
201306B,2013-12-12 08:00:00,gridsat,IRRCDO,3,0.12274525314569473,0.18376563489437103,0.19143317639827728,0.0835782065987587,0.2871982753276825,0.0007948090205900371,0.26639851927757263,0.05458187684416771,0.13222481310367584,0.6772794723510742
201306B,2013-12-12 15:00:00,gridsat,SHEAR,3,0.12146437168121338,0.00015737376816105098,0.180466890335083,0.24741338193416595,0.2997516393661499,0.7491801977157593,0.269036203622818,0.0001417283492628485,0.1292809098958969,0.003107310738414526
201401B,2014-01-04 07:30:00,gridsat,CRVBND,1,0.08502209931612015,0.00017728478997014463,0.2669066786766052,0.7149598598480225,0.3156266212463379,0.17586830258369446,0.14845827221870422,0.0011258467566221952,0.18398629128932953,0.10786869376897812
201401B,2014-01-04 12:00:00,gridsat,CRVBND,1,0.08511029183864594,1.1699700735334773e-05,0.2661880552768707,0.3557280898094177,0.31519368290901184,0.6329596638679504,0.14941291511058807,4.9646561819827184e-05,0.1840950846672058,0.011250892654061317
201401B,2014-01-04 18:00:00,gridsat,CRVBND,1,0.08762626349925995,1.4116481906967238e-05,0.2664022445678711,0.3272915184497833,0.31368812918663025,0.5388063788414001,0.15286307036876678,5.439537562779151e-05,0.17942021787166595,0.13383355736732483
201401B,2014-01-05 00:00:00,gridsat,CRVBND,1,0.08426493406295776,0.003702116198837757,0.27224767208099365,0.6186836361885071,0.3224325180053711,0.3183092772960663,0.1427801251411438,0.001525431522168219,0.1782747209072113,0.057779498398303986
201401B,2014-01-05 06:00:00,gridsat,CRVBND,1,0.08450140804052353,0.00021010222553741187,0.27019837498664856,0.2128579020500183,0.32321420311927795,0.7504626512527466,0.14305922389030457,9.688321006251499e-05,0.1790267378091812,0.036372411996126175
201401B,2014-01-05 12:00:00,gridsat,CRVBND,1,0.08431187272071838,5.669791335094487e-06,0.26562657952308655,0.13640937209129333,0.3185060918331146,0.860981822013855,0.14725519716739655,2.0428977222763933e-05,0.1843002736568451,0.002582704881206155
201401B,2014-01-05 18:00:00,gridsat,CRVBND,1,0.08277539908885956,0.00034795666579157114,0.2695826590061188,0.28821274638175964,0.32459357380867004,0.6924450993537903,0.1449194848537445,0.0002585550246294588,0.17812883853912354,0.018735716119408607
201401B,2014-01-06 00:00:00,gridsat,CRVBND,1,0.08278214931488037,0.12289354205131531,0.270963191986084,0.5975501537322998,0.3272830843925476,0.02200458012521267,0.14144425094127655,0.021936094388365746,0.1775273233652115,0.23561567068099976
201402A,2014-06-10 03:00:00,gridsat,IRRCDO,1,0.08354061096906662,0.0003507969086058438,0.2675182819366455,0.10618188232183456,0.3225937783718109,0.0022828762885183096,0.14915776252746582,0.0027620091568678617,0.17718957364559174,0.888422429561615
201402A,2014-06-10 20:00:00,gridsat,EMBC,1,0.08573443442583084,0.14429742097854614,0.2639648914337158,0.16821078956127167,0.32344937324523926,3.726757859112695e-05,0.15111275017261505,0.553892195224762,0.17573852837085724,0.13356232643127441
201402A,2014-06-11 03:00:00,gridsat,EMBC,1,0.08565163612365723,0.18418572843074799,0.2628113329410553,0.09041104465723038,0.3271721303462982,1.6432186384918168e-05,0.14774425327777863,0.629482626914978,0.1766207218170166,0.09590421617031097
201402A,2014-06-11 09:30:00,gridsat,EMBC,1,0.08465027064085007,0.34596192836761475,0.26368311047554016,0.006651901174336672,0.3261689841747284,1.234362230206898e-07,0.14845451712608337,0.6246136426925659,0.1770430952310562,0.02277238294482231
201402A,2014-06-12 03:30:00,gridsat,EMBC,1,0.08177594095468521,0.25581520795822144,0.2748548984527588,0.10410226136445999,0.3278766870498657,1.0079707863042131e-05,0.14249996840953827,0.5942921042442322,0.17299248278141022,0.04578037187457085
201402A,2014-06-12 15:00:00,gridsat,EMBC,1,0.08239530026912689,0.00580035662278533,0.26650309562683105,0.45624226331710815,0.32331591844558716,0.001387980068102479,0.14470471441745758,0.037591494619846344,0.18308095633983612,0.4989778995513916
201402A,2014-06-13 09:00:00,gridsat,SHEAR,1,0.08261886984109879,2.400131791091553e-07,0.2744612395763397,0.03185660392045975,0.33078885078430176,0.9680995941162109,0.13787910342216492,1.8960126908496022e-06,0.17425188422203064,4.1749648516997695e-05
201402A,2014-06-13 15:00:00,gridsat,SHEAR,1,0.0825553685426712,3.062305253820341e-08,0.2735195755958557,0.0024828629102557898,0.3281714916229248,0.9975168704986572,0.13980229198932648,2.443001356766672e-08,0.1759512722492218,2.3871868393143814e-07
201402A,2014-06-13 21:00:00,gridsat,SHEAR,1,0.08154643326997757,2.1652127202287375e-08,0.2740013301372528,0.000904823886230588,0.3298203647136688,0.9990952014923096,0.13829703629016876,1.6052843498925995e-09,0.17633484303951263,2.5083346955057095e-08
201402A,2014-06-14 02:30:00,gridsat,SHEAR,1,0.0812983438372612,3.9735881252056515e-10,0.27519509196281433,0.0021092677488923073,0.33186522126197815,0.9978905320167542,0.13932383060455322,6.432651389332023e-08,0.1723175346851349,7.775050647751414e-08
201403B,2014-10-08 10:30:00,gridsat,EMBC,1,0.08581777662038803,0.2165893167257309,0.2560218572616577,0.034403856843709946,0.3198896050453186,4.647494733944768e-06,0.15976622700691223,0.7160043120384216,0.1785045564174652,0.03299780189990997
201403B,2014-10-09 01:30:00,gridsat,EMBC,1,0.08650702238082886,0.4820057451725006,0.2635732889175415,0.0065101999789476395,0.3199014961719513,1.2647933544940315e-07,0.15639376640319824,0.5075218677520752,0.1736244559288025,0.003962015267461538
201403B,2014-10-09 05:00:00,gridsat,EMBC,1,0.08693787455558777,0.5377964377403259,0.25780218839645386,0.004381073173135519,0.32722657918930054,1.172761727730176e-07,0.15501639246940613,0.45468321442604065,0.1730169653892517,0.0031391349621117115
201403B,2014-10-10 18:00:00,gridsat,EMBC,1,0.08809652924537659,0.6780654191970825,0.25739848613739014,0.0015052312519401312,0.3202262818813324,1.8587911654321942e-08,0.1600184291601181,0.31976741552352905,0.17426027357578278,0.0006619314663112164
201403B,2014-10-11 06:00:00,gridsat,EYE,1,0.08628127723932266,0.4209047257900238,0.2613528072834015,0.010440608486533165,0.32582002878189087,2.6859373747356585e-07,0.15372242033481598,0.5610283613204956,0.1728234738111496,0.007626041769981384
201403B,2014-10-11 12:00:00,gridsat,EYE,1,0.08491802960634232,0.6178817749023438,0.2587229609489441,0.0045696524903178215,0.32855165004730225,1.361469941230098e-07,0.15378504991531372,0.37464025616645813,0.174022376537323,0.002908184891566634
201403B,2014-10-11 17:00:00,gridsat,EYE,1,0.08820018172264099,0.4438171684741974,0.2560965418815613,0.0100328978151083,0.3216935694217682,2.880223348711297e-07,0.16026973724365234,0.5423972010612488,0.1737399697303772,0.0037524953950196505
201403B,2014-10-11 23:30:00,gridsat,EYE,1,0.08561711758375168,0.6328138113021851,0.26350128650665283,0.006189784500747919,0.32547667622566223,1.7201946889144892e-07,0.15522992610931396,0.3586883544921875,0.17017503082752228,0.0023078955709934235
201403B,2014-10-12 06:00:00,gridsat,EYE,1,0.08327166736125946,0.7861027717590332,0.26491841673851013,0.006997245829552412,0.33043015003204346,5.199781298870221e-07,0.14749965071678162,0.20397110283374786,0.17388005554676056,0.0029282658360898495
201404A,2014-10-25 18:00:00,gridsat,CRVBND,0,0.15952375531196594,0.0049507529474794865,0.13364283740520477,0.22479531168937683,0.17796914279460907,0.012259245850145817,0.3136315643787384,0.012418247759342194,0.2152327001094818,0.7455764412879944
201404A,2014-10-25 23:30:00,gridsat,CRVBND,0,0.17071589827537537,0.07134435325860977,0.13200530409812927,0.1470714658498764,0.18807321786880493,0.0006752953049726784,0.3198819160461426,0.11684934794902802,0.18932373821735382,0.6640595197677612
201404A,2014-10-26 06:00:00,gridsat,EMBC,0,0.1750432699918747,0.21861335635185242,0.12669239938259125,0.12455569952726364,0.1727224588394165,0.00034331914503127337,0.33321744203567505,0.5012771487236023,0.1923244446516037,0.15521052479743958
201404A,2014-10-26 13:30:00,gridsat,EMBC,0,0.14632117748260498,0.4497360289096832,0.1502966284751892,0.12452089041471481,0.16439011693000793,0.0005745672970078886,0.32044821977615356,0.3267650306224823,0.21854384243488312,0.09840340912342072
201404A,2014-10-26 18:00:00,gridsat,CRVBND,0,0.24283164739608765,0.02818955108523369,0.1416996568441391,0.487737774848938,0.1510295867919922,0.008136178366839886,0.28222185373306274,0.2031768560409546,0.18221722543239594,0.27275967597961426
201404A,2014-10-27 00:00:00,gridsat,EYE,0,0.263601690530777,0.49212515354156494,0.1255006045103073,0.0939013883471489,0.13405248522758484,0.00039339682552963495,0.29184186458587646,0.3232508599758148,0.1850033849477768,0.09032921493053436
201404A,2014-10-27 05:00:00,gridsat,EYE,0,0.19637194275856018,0.23699747025966644,0.1282121241092682,0.08272283524274826,0.15683327615261078,0.0002692723064683378,0.332337886095047,0.5883370041847229,0.18624475598335266,0.09167337417602539
201404A,2014-10-27 12:30:00,gridsat,EMBC,0,0.22329027950763702,0.22231611609458923,0.1268606334924698,0.13188870251178741,0.1996217966079712,0.0008176857954822481,0.30840566754341125,0.4930228292942047,0.14182159304618835,0.15195463597774506
201404A,2014-10-27 18:30:00,gridsat,EYE,0,0.2429492324590683,0.2634440064430237,0.13199353218078613,0.0877755880355835,0.18406939506530762,0.00020719792519230396,0.2899872660636902,0.4991423189640045,0.15100054442882538,0.14943082630634308
201404A,2014-10-28 01:00:00,gridsat,EMBC,0,0.22395962476730347,0.231679767370224,0.13141022622585297,0.10448286682367325,0.15706372261047363,0.00036268142866902053,0.31482818722724915,0.37919482588768005,0.1727382093667984,0.28427988290786743
201404A,2014-10-28 06:00:00,gridsat,EYE,0,0.18474945425987244,0.2525113523006439,0.12851247191429138,0.00523288594558835,0.19026964902877808,1.5042115819596802e-06,0.3242205083370209,0.7380636930465698,0.17224787175655365,0.004190586972981691
201404A,2014-10-28 12:00:00,gridsat,EYE,0,0.23244819045066833,0.7699750065803528,0.1264977604150772,0.00689714914187789,0.1702178418636322,7.151671070459997e-06,0.309561550617218,0.2179044932126999,0.16127464175224304,0.005216254852712154
201404A,2014-10-28 18:30:00,gridsat,EMBC,0,0.2575203776359558,0.8014053702354431,0.1263899952173233,0.0030164537020027637,0.1641213744878769,2.1995126644469565e-06,0.30118486285209656,0.19384168088436127,0.15078341960906982,0.0017343551153317094
201404A,2014-10-29 00:00:00,gridsat,EMBC,0,0.26623308658599854,0.8935493230819702,0.1287979781627655,0.009446995332837105,0.14637640118598938,3.450413714745082e-05,0.313847154378891,0.09474345296621323,0.144745334982872,0.0022257647942751646
201404A,2014-10-29 12:30:00,gridsat,EMBC,0,0.234795480966568,0.6526299715042114,0.1276821345090866,0.09109862893819809,0.20723463594913483,0.0004936507320962846,0.2911670207977295,0.24774937331676483,0.1391206979751587,0.008028450421988964
201404A,2014-10-29 18:00:00,gridsat,CRVBND,0,0.21525509655475616,0.0002621450985316187,0.1250571459531784,0.5468685030937195,0.19720204174518585,0.3950927257537842,0.3088505268096924,0.0032005005050450563,0.1536352038383484,0.054576124995946884
201404A,2014-10-30 00:00:00,gridsat,IRRCDO,0,0.16759374737739563,0.02937539666891098,0.1122397631406784,0.14701610803604126,0.2078118771314621,0.001242930768057704,0.3326267600059509,0.060906652361154556,0.17972789704799652,0.7614589333534241
201404A,2014-10-30 12:00:00,gridsat,CRVBND,0,0.16750875115394592,0.03139167279005051,0.11818582564592361,0.33621540665626526,0.21535274386405945,0.006291030440479517,0.30654504895210266,0.06483598053455353,0.19240762293338776,0.5612659454345703
201404A,2014-10-30 18:00:00,gridsat,SHEAR,0,0.14847822487354279,1.6668009195086597e-08,0.1284702718257904,0.03117276169359684,0.22388845682144165,0.9688156843185425,0.3130560517311096,9.566002745486912e-07,0.18610700964927673,1.0671988093235996e-05
201404A,2014-10-31 00:00:00,gridsat,SHEAR,0,0.12943628430366516,8.648645355435747e-09,0.13049669563770294,0.015972526744008064,0.25836238265037537,0.9840266704559326,0.2694888710975647,3.2003472938413324e-07,0.21221575140953064,4.914764986096998e-07
201404A,2014-10-31 05:30:00,gridsat,SHEAR,0,0.1182774230837822,5.478740128239679e-09,0.11795143038034439,0.010380013845860958,0.25314584374427795,0.9895812273025513,0.2803303003311157,1.1381310969227343e-06,0.23029504716396332,3.7539492041105404e-05
201405B,2014-11-06 05:00:00,gridsat,EMBC,3,0.14123426377773285,0.41522812843322754,0.16202646493911743,0.12659834325313568,0.263839453458786,0.00048041940317489207,0.30477070808410645,0.32852622866630554,0.12812910974025726,0.12916675209999084
201405B,2014-11-06 12:00:00,gridsat,CRVBND,3,0.13654009997844696,3.0971699743531644e-05,0.16701017320156097,0.6449273228645325,0.2554172873497009,0.28007498383522034,0.3029751777648926,0.001052854466252029,0.13805726170539856,0.07391388714313507
201405B,2014-11-06 18:00:00,gridsat,CRVBND,3,0.12981072068214417,2.037416834355099e-06,0.18159309029579163,0.17667941749095917,0.2571012079715729,0.8219452500343323,0.3010752201080322,1.8323291442357004e-05,0.1304197907447815,0.0013550318544730544
201405B,2014-11-07 06:00:00,gridsat,CRVBND,3,0.13040946424007416,3.9344642573269084e-05,0.1727745682001114,0.5321260094642639,0.2628800570964813,0.32156234979629517,0.29533106088638306,0.0004910364514216781,0.13860483467578888,0.14578130841255188
201405B,2014-11-07 12:00:00,gridsat,CRVBND,3,0.12574656307697296,0.0015386785380542278,0.18791422247886658,0.5334473848342896,0.28349569439888,0.4307263493537903,0.2667214274406433,0.0007079645292833447,0.13612206280231476,0.033579617738723755
201405B,2014-11-07 18:00:00,gridsat,SHEAR,3,0.1200934424996376,4.7415704784725676e-07,0.18968398869037628,0.04062877222895622,0.2902003824710846,0.9593695998191833,0.27077391743659973,4.6958584221101773e-07,0.12924824655056,6.566176580236061e-07
201405B,2014-11-08 00:00:00,gridsat,SHEAR,3,0.12341412901878357,1.246594081294461e-07,0.19173525273799896,0.012596762739121914,0.29976630210876465,0.9874025583267212,0.23263010382652283,1.0304660946758304e-07,0.15245424211025238,3.7145508713365416e-07
201405B,2014-11-08 05:30:00,gridsat,SHEAR,3,0.13054220378398895,1.3495211703684618e-07,0.19055452942848206,0.006834793835878372,0.2886732816696167,0.9931648373603821,0.24101144075393677,9.894988295400253e-08,0.14921854436397552,7.744358754280256e-08
201501A,2015-06-07 09:00:00,gridsat,CRVBND,4,0.06812050193548203,0.11639400571584702,0.15673379600048065,0.7302805185317993,0.5567771196365356,0.03455567732453346,0.09023677557706833,0.10326819866895676,0.12813182175159454,0.015501664020121098
201501A,2015-06-07 15:00:00,gridsat,CRVBND,4,0.13328178226947784,3.857297087961342e-06,0.10789398849010468,0.5702753067016602,0.2567896246910095,0.1593303680419922,0.1888691931962967,0.0004468057304620743,0.3131653964519501,0.2699437141418457
201501A,2015-06-07 21:00:00,gridsat,IRRCDO,4,0.04975009337067604,2.533610131649766e-05,0.11457721143960953,0.22983938455581665,0.6726424694061279,0.0011506935115903616,0.06614992767572403,0.007221907377243042,0.09688027203083038,0.7617626786231995
201501A,2015-06-08 03:00:00,gridsat,EMBC,4,0.09634070098400116,0.002584346802905202,0.1325979381799698,0.12700806558132172,0.5548084378242493,4.6775905502727255e-05,0.09363528341054916,0.3236134350299835,0.12261766940355301,0.5467473864555359
201501A,2015-06-08 21:00:00,gridsat,IRRCDO,4,0.0614713616669178,6.726821447955444e-05,0.1253228783607483,0.09067836403846741,0.5586299300193787,0.0013376548886299133,0.10068238526582718,0.009735560044646263,0.15389342606067657,0.8981812000274658
201501A,2015-06-09 03:00:00,gridsat,IRRCDO,4,0.1190309226512909,0.00016434026474598795,0.10221326351165771,0.047059256583452225,0.3024022579193115,0.00026404220261611044,0.17245571315288544,0.00973079726099968,0.3038978576660156,0.9427815079689026
201501A,2015-06-09 15:00:00,gridsat,CRVBND,4,0.0571560300886631,0.018049001693725586,0.10572616010904312,0.6844308972358704,0.6813872456550598,0.014036392793059349,0.07685060799121857,0.11325071007013321,0.07887998223304749,0.17023302614688873
201501A,2015-06-09 21:00:00,gridsat,IRRCDO,4,0.24235939979553223,0.0008295357692986727,0.07989145815372467,0.13131675124168396,0.32908809185028076,0.0008873677579686046,0.17505967617034912,0.027512462809681892,0.17360134422779083,0.8394538760185242
201501A,2015-06-10 03:00:00,gridsat,EMBC,4,0.36259931325912476,0.38237065076828003,0.07515966892242432,0.018357383087277412,0.26764923334121704,1.1965707926719915e-05,0.1570606827735901,0.5749021172523499,0.13753116130828857,0.024357886984944344
201501A,2015-06-10 21:00:00,gridsat,SHEAR,4,0.0456961989402771,2.214738060501986e-06,0.07817225158214569,0.2995876371860504,0.7370983362197876,0.6830366253852844,0.06711948662996292,5.345751196728088e-05,0.07191366702318192,0.01731998100876808
201501A,2015-06-11 03:00:00,gridsat,CRVBND,4,0.05894314497709274,0.006238053552806377,0.11156655848026276,0.15644459426403046,0.6897847056388855,0.0003502136969473213,0.07897844165563583,0.07660017162561417,0.06072719395160675,0.7603669762611389
201501A,2015-06-11 09:00:00,gridsat,EMBC,4,0.18307001888751984,0.36913520097732544,0.1080285981297493,0.09518187493085861,0.5533987283706665,0.00020931041217409074,0.09594201296567917,0.5254729986190796,0.05956073850393295,0.010000590234994888
201501A,2015-06-11 15:00:00,gridsat,CRVBND,4,0.09972365200519562,0.39130353927612305,0.08637267351150513,0.42842531204223633,0.6373549103736877,0.028802277520298958,0.09395617991685867,0.11931908875703812,0.08259262144565582,0.032149769365787506
201501A,2015-06-11 21:00:00,gridsat,CRVBND,4,0.07058978825807571,0.004088052082806826,0.1227755919098854,0.6385021209716797,0.6588727831840515,0.23527905344963074,0.07350652664899826,0.005658587906509638,0.07425536960363388,0.11647212505340576
201502B,2015-07-29 01:00:00,gridsat,CRVBND,3,0.14788682758808136,0.0009805590379983187,0.17605172097682953,0.8571524620056152,0.2542252242565155,0.1254415661096573,0.29009678959846497,0.005565444938838482,0.13173948228359222,0.010860064066946507
201502B,2015-07-29 06:00:00,gridsat,CRVBND,3,0.15654043853282928,0.000390986300772056,0.1817520558834076,0.8251199722290039,0.24204745888710022,0.1315082162618637,0.27751845121383667,0.0028352425433695316,0.14214158058166504,0.040145546197891235
201502B,2015-07-29 12:00:00,gridsat,CRVBND,3,0.178812175989151,0.09087579697370529,0.19160260260105133,0.7675336599349976,0.22491608560085297,0.0016048168763518333,0.2666492462158203,0.06513933092355728,0.13801993429660797,0.07484643906354904
201502B,2015-07-29 18:00:00,gridsat,CRVBND,3,0.174935445189476,0.011003367602825165,0.18090185523033142,0.9287094473838806,0.21922041475772858,0.007291269488632679,0.28897416591644287,0.02111530490219593,0.13596811890602112,0.031880561262369156
201502B,2015-07-30 00:00:00,gridsat,CRVBND,3,0.15959984064102173,0.00014841831580270082,0.17967088520526886,0.883513867855072,0.2531241178512573,0.07748754322528839,0.2745981514453888,0.0013376208953559399,0.1330070197582245,0.03751259297132492
201502B,2015-07-30 06:00:00,gridsat,CRVBND,3,0.15755803883075714,0.07213401049375534,0.18324755132198334,0.7159275412559509,0.2321351021528244,0.006247775629162788,0.2859842777252197,0.13000953197479248,0.1410750448703766,0.0756811574101448
201503A,2015-10-09 21:00:00,gridsat,CRVBND,2,0.05346795171499252,0.00022844797058496624,0.6294118762016296,0.14279566705226898,0.09799569845199585,0.005416328553110361,0.11184850335121155,0.0005713100545108318,0.10727596282958984,0.8509882092475891
201503A,2015-10-10 03:30:00,gridsat,IRRCDO,2,0.05490611493587494,0.007499914616346359,0.6071105599403381,0.3799038827419281,0.08565810322761536,0.0022765786852687597,0.13074404001235962,0.026542583480477333,0.12158123403787613,0.5837770700454712
201503A,2015-10-10 09:00:00,gridsat,CRVBND,2,0.04981246590614319,0.0011998784029856324,0.6548300981521606,0.8249107599258423,0.0746505856513977,0.14479047060012817,0.12819842994213104,0.015467643737792969,0.09250844269990921,0.013631264679133892
201503A,2015-10-10 15:00:00,gridsat,CRVBND,2,0.04517742991447449,0.0020107757300138474,0.5433810353279114,0.6342560052871704,0.14028210937976837,0.34045103192329407,0.13502056896686554,0.0035332797560840845,0.13613885641098022,0.0197488721460104
201503A,2015-10-10 21:00:00,gridsat,CRVBND,2,0.03086945414543152,5.789217539131641e-06,0.559169590473175,0.07947872579097748,0.15199747681617737,0.9203191995620728,0.13441532850265503,4.691044523497112e-05,0.12354812026023865,0.00014936886145733297
201503A,2015-10-11 03:00:00,gridsat,CRVBND,2,0.034672945737838745,1.726506343402434e-05,0.5827062726020813,0.3137109577655792,0.1702163964509964,0.6248935461044312,0.09978000819683075,6.728236621711403e-05,0.11262433975934982,0.061310939490795135
201503A,2015-10-11 09:00:00,gridsat,CRVBND,2,0.049304328858852386,0.0006613633595407009,0.6478253602981567,0.5410822629928589,0.12542898952960968,0.020258815959095955,0.09677369892597198,0.0027374543715268373,0.08066767454147339,0.435260146856308
201503A,2015-10-11 15:00:00,gridsat,CRVBND,2,0.03852641209959984,0.0003805507440119982,0.6253382563591003,0.4776975214481354,0.13009870052337646,0.5116376876831055,0.11181675642728806,0.004377775359898806,0.09421992301940918,0.005906450096517801
201503A,2015-10-11 21:00:00,gridsat,CRVBND,2,0.03467569872736931,0.0005333381704986095,0.6143311858177185,0.39264431595802307,0.14895114302635193,0.12941060960292816,0.11183986067771912,0.0004295554826967418,0.09020211547613144,0.4769822061061859
201504A,2015-10-28 20:30:00,gridsat,EMBC,2,0.0823119506239891,0.20694726705551147,0.603345513343811,0.36892250180244446,0.08520914614200592,0.0016618199879303575,0.1245393455028534,0.35216447710990906,0.10459405928850174,0.07030393183231354
201504A,2015-10-29 03:00:00,gridsat,CRVBND,2,0.04707181826233864,0.12919016182422638,0.6347996592521667,0.664556086063385,0.09883728623390198,0.019142774865031242,0.1322445273399353,0.11784128844738007,0.0870467945933342,0.06926963478326797
201504A,2015-10-29 09:00:00,gridsat,EMBC,2,0.05652992054820061,0.3675086796283722,0.626958966255188,0.15554820001125336,0.08564122766256332,0.0005721051129512489,0.16744188964366913,0.3391117751598358,0.06342799216508865,0.13725930452346802
201504A,2015-10-29 15:00:00,gridsat,EYE,2,0.28027936816215515,0.5515480041503906,0.42093101143836975,0.06146015226840973,0.08686736226081848,8.840345253702253e-05,0.18736118078231812,0.3455202579498291,0.024561014026403427,0.041383203119039536
201504A,2015-10-29 21:30:00,gridsat,EMBC,2,0.16085684299468994,0.35786768794059753,0.5466762185096741,0.012758355587720871,0.07376181334257126,2.7741559733840404e-06,0.16644859313964844,0.6015093326568604,0.052256517112255096,0.027861827984452248
201504A,2015-10-30 03:00:00,gridsat,EYE,2,0.5307079553604126,0.6492160558700562,0.3357389569282532,0.016201993450522423,0.05465742573142052,8.265757060144097e-06,0.06864456832408905,0.32750794291496277,0.01025108527392149,0.007065696641802788
201504A,2015-10-30 15:00:00,gridsat,EYE,2,0.5052425265312195,0.7470083832740784,0.2999992072582245,0.030554702505469322,0.050867706537246704,6.746275903424248e-05,0.12000074237585068,0.2143801599740982,0.023889852687716484,0.007989306934177876
201504A,2015-10-31 03:00:00,gridsat,EYE,2,0.383877158164978,0.5538811683654785,0.3953854441642761,0.03588142618536949,0.06885529309511185,3.143279900541529e-05,0.1349664330482483,0.4042823016643524,0.016915658488869667,0.0059236567467451096
201504A,2015-10-31 09:00:00,gridsat,EYE,2,0.6250327825546265,0.7819446325302124,0.23892255127429962,0.031238852068781853,0.04887908324599266,8.734725997783244e-05,0.07006962597370148,0.18234676122665405,0.017095986753702164,0.004382389131933451
201504A,2015-10-31 15:00:00,gridsat,EYE,2,0.6674176454544067,0.7998617887496948,0.20214711129665375,0.015893487259745598,0.03375321999192238,3.10024552163668e-05,0.08565477281808853,0.18110570311546326,0.011027277447283268,0.003108083503320813
201504A,2015-10-31 21:00:00,gridsat,EYE,2,0.657031238079071,0.7743505835533142,0.22158536314964294,0.01717173494398594,0.03716763108968735,2.579208194219973e-05,0.07557825744152069,0.20505283772945404,0.008637496270239353,0.003399039851501584
201504A,2015-11-01 04:00:00,gridsat,EYE,2,0.6616653800010681,0.6332294940948486,0.23075364530086517,0.013552457094192505,0.026658114045858383,1.7513049897388555e-05,0.07026808708906174,0.35111433267593384,0.010654781013727188,0.0020862361416220665
201504A,2015-11-01 09:00:00,gridsat,EYE,2,0.7176192998886108,0.8204359412193298,0.16953976452350616,0.02214510552585125,0.029353618621826172,9.399330156156793e-05,0.07086533308029175,0.15514935553073883,0.012622025795280933,0.0021756549831479788
201504A,2015-11-01 15:00:00,gridsat,EYE,2,0.6513090133666992,0.8534879684448242,0.2426191121339798,0.029856575652956963,0.0273235272616148,0.0001408161042490974,0.07046763598918915,0.11268756538629532,0.008280741050839424,0.003827070351690054
201504A,2015-11-01 21:00:00,gridsat,EYE,2,0.7092232704162598,0.7614255547523499,0.1786656677722931,0.054728470742702484,0.03781948611140251,0.00012655694445129484,0.06087604910135269,0.15965096652507782,0.013415571302175522,0.024068478494882584
201504A,2015-11-02 03:00:00,gridsat,EYE,2,0.6170823574066162,0.7057828903198242,0.25574228167533875,0.13403978943824768,0.0550219863653183,0.0008168970234692097,0.05336066335439682,0.1504381150007248,0.01879265159368515,0.00892228726297617
201504A,2015-11-02 09:00:00,gridsat,EYE,2,0.6372981667518616,0.4663219153881073,0.26038289070129395,0.35100680589675903,0.037903863936662674,0.018375743180513382,0.05601809173822403,0.14657914638519287,0.008396962657570839,0.017716430127620697
201504A,2015-11-02 15:00:00,gridsat,EYE,2,0.6640105843544006,0.6445493698120117,0.21546369791030884,0.1256336122751236,0.03806499391794205,0.0012640085769817233,0.0740726962685585,0.20778338611125946,0.008388003334403038,0.020769590511918068
201504A,2015-11-03 03:30:00,gridsat,CRVBND,2,0.022927729412913322,0.0013225272996351123,0.5684479475021362,0.5640617609024048,0.1829938143491745,0.42199331521987915,0.14551542699337006,0.0038858228363096714,0.08011508733034134,0.008736588060855865
201505A,2015-11-05 08:00:00,gridsat,CRVBND,0,0.17117814719676971,0.15411953628063202,0.13318900763988495,0.36013469099998474,0.1984557807445526,0.0036521772854030132,0.30854612588882446,0.19709166884422302,0.1886308789253235,0.2850019335746765
201505A,2015-11-05 14:30:00,gridsat,CRVBND,0,0.22301237285137177,0.46557819843292236,0.14133742451667786,0.17900881171226501,0.16970837116241455,0.0011981548741459846,0.29234620928764343,0.23688602447509766,0.17359566688537598,0.11732875555753708
201505A,2015-11-06 09:00:00,gridsat,CRVBND,0,0.1953916698694229,0.4828207492828369,0.14216990768909454,0.13108178973197937,0.19123928248882294,0.0007890149718150496,0.2970135807991028,0.27789488434791565,0.17418557405471802,0.10741354525089264
201505A,2015-11-06 15:00:00,gridsat,CRVBND,0,0.2678341269493103,0.16117756068706512,0.12914159893989563,0.6929287314414978,0.17723514139652252,0.04045660048723221,0.27814239263534546,0.05554916337132454,0.1476467251777649,0.049888040870428085
201505A,2015-11-07 09:00:00,gridsat,EMBC,0,0.3186809718608856,0.6837624907493591,0.11424542963504791,0.018379967659711838,0.16940391063690186,3.625320459832437e-05,0.2833877205848694,0.2815093994140625,0.11428196728229523,0.01631184294819832
201505A,2015-11-07 21:00:00,gridsat,EYE,0,0.2830437421798706,0.5370444655418396,0.11637306213378906,0.01681053824722767,0.18460772931575775,7.689674384891987e-05,0.28009897470474243,0.21344763040542603,0.13587644696235657,0.2326204776763916
201505A,2015-11-08 03:00:00,gridsat,EYE,0,0.31441107392311096,0.6475383639335632,0.12350008636713028,0.0011039578821510077,0.15583977103233337,2.065312969534716e-07,0.28009966015815735,0.346556693315506,0.12614940106868744,0.004800733178853989
201505A,2015-11-08 08:00:00,gridsat,EYE,0,0.32733863592147827,0.6434024572372437,0.1250368058681488,0.0446774885058403,0.16929924488067627,0.00017464306438341737,0.25684380531311035,0.10533176362514496,0.12148147821426392,0.2064136564731598
201505A,2015-11-09 03:30:00,gridsat,EMBC,0,0.3089875876903534,0.5001659393310547,0.12875325977802277,0.02352178655564785,0.15938986837863922,2.1352461772039533e-05,0.27416518330574036,0.4649577736854553,0.12870413064956665,0.011333184316754341
201505A,2015-11-09 09:00:00,gridsat,IRRCDO,0,0.22814621031284332,0.285152792930603,0.1313295215368271,0.24904508888721466,0.1803518533706665,0.007779376581311226,0.31579625606536865,0.049050554633140564,0.14437614381313324,0.40897223353385925
201505A,2015-11-09 15:00:00,gridsat,CRVBND,0,0.2226089984178543,0.06647683680057526,0.12733392417430878,0.6649354100227356,0.16275560855865479,0.06129122152924538,0.3042300343513489,0.14911344647407532,0.1830713450908661,0.05818311497569084
201505A,2015-11-09 21:00:00,gridsat,SHEAR,0,0.2464991956949234,0.0005819031503051519,0.14503787457942963,0.46229374408721924,0.17310425639152527,0.5268132090568542,0.26536765694618225,0.004390927962958813,0.16999103128910065,0.005920258350670338
201601B,2016-05-19 15:00:00,gridsat,IRRCDO,4,0.04140344262123108,0.00987094733864069,0.11509913206100464,0.6574127078056335,0.5956605672836304,0.029502086341381073,0.07776014506816864,0.05263033136725426,0.1700766235589981,0.25058382749557495
201601B,2016-05-19 21:00:00,gridsat,CRVBND,4,0.03498809039592743,0.000958927848841995,0.106010302901268,0.22492656111717224,0.6020131707191467,0.002559082815423608,0.0858101099729538,0.03110472857952118,0.17117837071418762,0.7404506802558899
201601B,2016-05-20 10:00:00,gridsat,EMBC,4,0.05051055923104286,0.5932436585426331,0.09548667073249817,0.007571755442768335,0.6393198370933533,3.0832172797090607e-06,0.08431850373744965,0.39517444372177124,0.13036437332630157,0.004006990231573582
201601B,2016-05-20 15:00:00,gridsat,CRVBND,4,0.05300607159733772,0.0035356832668185234,0.11778299510478973,0.8375290632247925,0.6123883724212646,0.024783072993159294,0.07520369440317154,0.07149071246385574,0.14161887764930725,0.06266143918037415
201602A,2016-06-27 09:00:00,gridsat,CRVBND,0,0.17100603878498077,0.02142053283751011,0.14805752038955688,0.4128524959087372,0.18971793353557587,0.007009900640696287,0.2934005856513977,0.4449509084224701,0.19781795144081116,0.11376616358757019
201602A,2016-06-27 15:00:00,gridsat,IRRCDO,0,0.15311971306800842,2.817329550452996e-05,0.15920837223529816,0.5350708365440369,0.18618109822273254,0.40099793672561646,0.28632447123527527,0.0006672823219560087,0.2151663452386856,0.06323576718568802
201602A,2016-06-28 03:00:00,gridsat,CRVBND,0,0.16566136479377747,1.016874193737749e-06,0.1369067281484604,0.1785813271999359,0.2091086506843567,0.8167776465415955,0.30141064524650574,6.714977644151077e-05,0.18691258132457733,0.00457273842766881
201602A,2016-06-28 09:00:00,gridsat,CRVBND,0,0.14023131132125854,6.214375753188506e-05,0.14409759640693665,0.41212546825408936,0.20327851176261902,0.568483829498291,0.3100256621837616,0.0005530660273507237,0.20236694812774658,0.018775466829538345
201602A,2016-06-28 15:00:00,gridsat,SHEAR,0,0.1346018761396408,1.3578901891797557e-10,0.14890456199645996,0.007179141044616699,0.1989213228225708,0.9928203225135803,0.2870084345340729,3.01958635873234e-08,0.23056381940841675,4.213598572277988e-07
201602A,2016-06-28 21:00:00,gridsat,SHEAR,0,0.1285792738199234,3.840738838079005e-11,0.161387100815773,0.015661753714084625,0.19437141716480255,0.9843364953994751,0.2800297737121582,1.1039404625989846e-06,0.23563247919082642,6.915684025443625e-07
201603B,2016-10-25 04:30:00,gridsat,EMBC,3,0.13429443538188934,0.13200582563877106,0.1765451580286026,0.017998693510890007,0.2774887979030609,6.024584308761405e-06,0.280426949262619,0.8081080317497253,0.13124467432498932,0.04188144952058792
201603B,2016-10-25 11:30:00,gridsat,EMBC,3,0.14009377360343933,0.4426601529121399,0.17598849534988403,0.03326721861958504,0.27638503909111023,3.1809839128982276e-05,0.2762823700904846,0.5154106616973877,0.1312503218650818,0.008630194701254368
201603B,2016-10-25 17:30:00,gridsat,IRRCDO,3,0.13628973066806793,0.0006020365399308503,0.17115572094917297,0.5557551383972168,0.28106942772865295,0.01943705976009369,0.27954816818237305,0.007161810994148254,0.1319369226694107,0.4170439839363098
201603B,2016-10-26 12:00:00,gridsat,CRVBND,3,0.1525881588459015,0.4275200068950653,0.15037336945533752,0.31285297870635986,0.24967028200626373,0.004116353113204241,0.2932125926017761,0.1715085208415985,0.15415562689304352,0.08400211483240128
201603B,2016-10-26 18:00:00,gridsat,CRVBND,3,0.14334453642368317,0.01636335253715515,0.1880529522895813,0.6888043284416199,0.2604838013648987,0.18762513995170593,0.26124319434165955,0.028164761140942574,0.1468755602836609,0.0790424570441246
201603B,2016-10-27 00:00:00,gridsat,IRRCDO,3,0.12008392810821533,0.00125901831779629,0.15305429697036743,0.02695591188967228,0.28871411085128784,0.005933930166065693,0.28166311979293823,0.00016956367471721023,0.15648451447486877,0.9656815528869629
201603B,2016-10-27 04:30:00,gridsat,CRVBND,3,0.13531839847564697,0.0006779365940019488,0.1727382391691208,0.7630730867385864,0.2784692347049713,0.04981401562690735,0.26640766859054565,0.00518030533567071,0.14706644415855408,0.18125468492507935
201604B,2016-11-30 03:30:00,gridsat,IRRCDO,2,0.06657684594392776,0.02055273950099945,0.5973379015922546,0.31991899013519287,0.08046659827232361,0.0013023364590480924,0.12319665402173996,0.15939082205295563,0.13242202997207642,0.49883517622947693
201604B,2016-11-30 09:00:00,gridsat,CRVBND,2,0.0544327013194561,0.0002867038710974157,0.6261633038520813,0.7361505031585693,0.07827380299568176,0.23496942222118378,0.12464208900928497,0.0048418184742331505,0.11648814380168915,0.02375153638422489
201604B,2016-11-30 15:00:00,gridsat,CRVBND,2,0.05007964372634888,0.0003315417270641774,0.6350189447402954,0.7595691680908203,0.07656621187925339,0.12594760954380035,0.1104726493358612,0.01789635233581066,0.12786251306533813,0.09625525772571564
201604B,2016-11-30 21:00:00,gridsat,SHEAR,2,0.04277195781469345,7.353469754889375e-06,0.6321472525596619,0.256161630153656,0.09280575066804886,0.7412158846855164,0.11511705070734024,0.000403981568524614,0.117157943546772,0.0022111129947006702
201604B,2016-12-01 03:00:00,gridsat,SHEAR,2,0.04671664908528328,2.121470743077225e-06,0.6001023054122925,0.058970872312784195,0.1014341413974762,0.9409652948379517,0.11850818991661072,2.6020641598734073e-05,0.1332387626171112,3.567511521396227e-05
201604B,2016-12-01 09:00:00,gridsat,SHEAR,2,0.04865621402859688,3.2782452308310894e-07,0.6422255039215088,0.007475953083485365,0.0933348685503006,0.9925157427787781,0.10156997293233871,6.1248629208421335e-06,0.11421338468790054,1.7373963601130527e-06
201604B,2016-12-01 15:00:00,gridsat,SHEAR,2,0.050818461924791336,3.706524012159207e-07,0.6077911853790283,0.006992285139858723,0.10810068249702454,0.99299556016922,0.12460804730653763,1.0415880751679651e-05,0.10868168622255325,1.460448288526095e-06
201604B,2016-12-01 21:00:00,gridsat,SHEAR,2,0.022316936403512955,5.76741115310142e-07,0.5402374267578125,0.010452011600136757,0.1855625957250595,0.989531397819519,0.06887291371822357,1.4511077097267844e-05,0.18301016092300415,1.5571699805150274e-06
201605B,2016-12-07 15:00:00,gridsat,CRVBND,4,0.05975836515426636,0.5588977932929993,0.15146404504776,0.04467543214559555,0.6046459674835205,0.0001792755356291309,0.09579860419034958,0.35517022013664246,0.08833304047584534,0.04107724502682686
201605B,2016-12-07 20:30:00,gridsat,IRRCDO,4,0.1783108115196228,0.2702231705188751,0.12173249572515488,0.0556832030415535,0.2276928871870041,0.00010078374907607213,0.2671799063682556,0.3088003396987915,0.20508389174938202,0.3651925325393677
201605B,2016-12-08 03:30:00,gridsat,CRVBND,4,0.047419190406799316,0.3919048011302948,0.12314135581254959,0.21330611407756805,0.6090173721313477,0.001894617103971541,0.09455523639917374,0.3057042956352234,0.1258668452501297,0.0871901735663414
201605B,2016-12-08 09:00:00,gridsat,CRVBND,4,0.0506349578499794,0.0022814644034951925,0.16844868659973145,0.693556547164917,0.5519048571586609,0.281148225069046,0.09705211967229843,0.0031186046544462442,0.13195940852165222,0.01989520713686943
201605B,2016-12-08 15:00:00,gridsat,CRVBND,4,0.04500294476747513,8.343851732206531e-06,0.16183684766292572,0.07046855986118317,0.5654850006103516,0.0036353496834635735,0.09256745129823685,0.0007273827213793993,0.13510775566101074,0.9251604080200195
201605B,2016-12-08 20:30:00,gridsat,IRRCDO,4,0.15589921176433563,0.0002150230429833755,0.0991138145327568,0.039325445890426636,0.2903682589530945,9.269094152841717e-05,0.23418982326984406,0.011632046662271023,0.22042891383171082,0.9487348198890686
201605B,2016-12-09 09:00:00,gridsat,IRRCDO,4,0.08944931626319885,0.0016068307450041175,0.1597159057855606,0.16143803298473358,0.36771199107170105,0.002101748716086149,0.18662157654762268,0.027064107358455658,0.1965012103319168,0.8077892661094666
201605B,2016-12-10 02:30:00,gridsat,EMBC,4,0.1581156700849533,0.7192829847335815,0.13635468482971191,0.003093255218118429,0.49608805775642395,2.2430640456150286e-06,0.12250342965126038,0.27631106972694397,0.08693815767765045,0.001310426276177168
201605B,2016-12-10 15:00:00,gridsat,EMBC,4,0.20373795926570892,0.25880104303359985,0.08405525237321854,0.006284437607973814,0.475719153881073,2.011224978559767e-06,0.12476003170013428,0.7150586843490601,0.11172762513160706,0.019853763282299042
201605B,2016-12-10 21:00:00,gridsat,EMBC,4,0.11082103848457336,0.1647220402956009,0.10453212261199951,0.07488439232110977,0.44991931319236755,0.00012760129175148904,0.1556524932384491,0.6954322457313538,0.17907506227493286,0.06483376771211624
201605B,2016-12-11 21:00:00,gridsat,EYE,4,0.4584415853023529,0.4364962577819824,0.04468587785959244,0.0058364467695355415,0.2048739641904831,2.2083581825427245e-06,0.2261536419391632,0.5447518229484558,0.06584486365318298,0.012913276441395283
201605B,2016-12-12 04:00:00,gridsat,EYE,4,0.28170260787010193,0.7329181432723999,0.05018957331776619,0.003656890708953142,0.2639246881008148,3.4741731269605225e-06,0.276641309261322,0.24817360937595367,0.12754184007644653,0.01524780597537756
201701B,2017-04-15 21:10:00,gridsat,IRRCDO,3,0.15222680568695068,0.04513800889253616,0.17842327058315277,0.4625973105430603,0.24594718217849731,0.010022753849625587,0.27779510617256165,0.12985928356647491,0.14560766518115997,0.35238268971443176
201701B,2017-04-16 03:00:00,gridsat,IRRCDO,3,0.1488245725631714,0.2608341872692108,0.17507308721542358,0.4476105272769928,0.25549206137657166,0.016176892444491386,0.2742711901664734,0.08512575924396515,0.14633899927139282,0.1902526319026947
201701B,2017-04-16 09:10:00,gridsat,IRRCDO,3,0.14378690719604492,0.309194952249527,0.1627599149942398,0.07745654881000519,0.26424309611320496,0.00053161516552791,0.290188193321228,0.5807316899299622,0.13902194797992706,0.03208521753549576
201701B,2017-04-16 15:40:00,gridsat,IRRCDO,3,0.14875006675720215,0.11377204954624176,0.17414161562919617,0.2636948525905609,0.26459604501724243,0.006555741652846336,0.26979660987854004,0.26074254512786865,0.1427156776189804,0.3552348017692566
201702B,2017-05-28 07:00:00,gridsat,EMBC,2,0.05506793037056923,0.34123852849006653,0.6481726169586182,0.007406479679048061,0.09240831434726715,8.37070288639552e-08,0.11611431837081909,0.6508026123046875,0.08823681622743607,0.0005523026338778436
201702B,2017-05-28 12:10:00,gridsat,IRRCDO,2,0.06966989487409592,0.004733048379421234,0.5506438612937927,0.7622085213661194,0.07195629179477692,0.0008381895604543388,0.12466372549533844,0.021994788199663162,0.1830662190914154,0.21022549271583557
201702B,2017-05-28 18:10:00,gridsat,IRRCDO,2,0.07634933292865753,0.00597345782443881,0.5960744023323059,0.6107712388038635,0.06855637580156326,4.639629696612246e-05,0.11546006053686142,0.32098817825317383,0.14355981349945068,0.062220703810453415
201702B,2017-05-29 00:10:00,gridsat,IRRCDO,2,0.05147714912891388,0.05054225027561188,0.6549618244171143,0.6116108298301697,0.07878321409225464,0.0004806586657650769,0.11230726540088654,0.322638601064682,0.10247055441141129,0.014727594330906868
201702B,2017-05-29 13:10:00,gridsat,IRRCDO,2,0.06419961154460907,0.007205932401120663,0.6001986861228943,0.75550377368927,0.07641948014497757,0.0008476505754515529,0.13463863730430603,0.12556219100952148,0.12454361468553543,0.11088041961193085
201702B,2017-05-29 22:40:00,gridsat,EYE,2,0.2511480152606964,0.6318293213844299,0.4846296012401581,0.07135134190320969,0.06212678924202919,3.2228479540208355e-05,0.1423434466123581,0.24533045291900635,0.059752095490694046,0.051456715911626816
201703B,2017-11-30 03:00:00,gridsat,EMBC,3,0.13957273960113525,0.21094346046447754,0.17356692254543304,0.012980063445866108,0.2612193524837494,6.657389349129517e-06,0.291810005903244,0.7672053575515747,0.1338309943675995,0.00886448659002781
201703A,2017-11-30 08:30:00,gridsat,EMBC,1,0.08578521758317947,0.28116464614868164,0.2647206783294678,0.020848941057920456,0.3221907317638397,2.592157215985935e-06,0.15024223923683167,0.6692585349082947,0.17706114053726196,0.028725290670990944
201703B,2017-11-30 14:30:00,gridsat,EYE,3,0.14225010573863983,0.14885570108890533,0.17356450855731964,0.00701076490804553,0.26339489221572876,1.2438430303518544e-06,0.30261287093162537,0.8293071985244751,0.11817759275436401,0.01482516061514616
201703B,2017-11-30 21:00:00,gridsat,EMBC,3,0.1384885460138321,0.18016210198402405,0.16542227566242218,0.011979581788182259,0.2517872154712677,3.902959178958554e-06,0.32500267028808594,0.8031111359596252,0.11929928511381149,0.004743301775306463
201703B,2017-12-01 03:00:00,gridsat,EYE,3,0.15343688428401947,0.058263134211301804,0.1746925562620163,0.009881456382572651,0.23576943576335907,2.3634108856640523e-06,0.30402958393096924,0.9144956469535828,0.13207153975963593,0.017357399687170982
201703B,2017-12-01 09:30:00,gridsat,EMBC,3,0.13793803751468658,0.15024776756763458,0.15636031329631805,0.10738040506839752,0.279249370098114,8.668639202369377e-05,0.320608526468277,0.7032938003540039,0.10584370791912079,0.03899136185646057
201703B,2017-12-01 15:30:00,gridsat,EYE,3,0.14592210948467255,0.16385260224342346,0.17637334764003754,0.08118277043104172,0.2533957362174988,0.00010985421249642968,0.2944599986076355,0.6919293403625488,0.12984882295131683,0.06292542815208435
201703B,2017-12-01 22:00:00,gridsat,EYE,3,0.15035627782344818,0.07005071640014648,0.17695951461791992,0.025322601199150085,0.22921200096607208,1.263857393496437e-05,0.2940281927585602,0.8350303769111633,0.14944396913051605,0.06958365440368652
201703B,2017-12-02 03:00:00,gridsat,EYE,3,0.14410300552845,0.1206674724817276,0.1755862683057785,0.024949392303824425,0.25182202458381653,2.3289943783311173e-05,0.2893044352531433,0.7785722017288208,0.13918428122997284,0.07578764855861664
201703B,2017-12-02 09:00:00,gridsat,EYE,3,0.13599395751953125,0.13456974923610687,0.1613321155309677,0.019424207508563995,0.23115602135658264,2.2376731067197397e-05,0.34206658601760864,0.7443256974220276,0.12945136427879333,0.10165798664093018
201703B,2017-12-03 04:00:00,gridsat,IRRCDO,3,0.15790678560733795,0.2748890817165375,0.18267163634300232,0.14194998145103455,0.22902095317840576,0.0004078874480910599,0.2866763174533844,0.4672703742980957,0.14372432231903076,0.11548259854316711
201703B,2017-12-03 14:30:00,gridsat,EMBC,3,0.140656977891922,0.2738437056541443,0.16521486639976501,0.002157500945031643,0.27151814103126526,4.346626383266994e-07,0.28674060106277466,0.7219525575637817,0.13586942851543427,0.0020458430517464876
201703B,2017-12-03 21:00:00,gridsat,EMBC,3,0.16347187757492065,0.1255219280719757,0.18041609227657318,0.00557806808501482,0.24015948176383972,3.999027285317425e-06,0.27346736192703247,0.8628147840499878,0.14248520135879517,0.006081237457692623
201703B,2017-12-04 04:00:00,gridsat,EMBC,3,0.14584730565547943,0.31286221742630005,0.1689399629831314,0.02954334020614624,0.2739059627056122,2.4326476705027744e-05,0.28274786472320557,0.6396558284759521,0.1285589188337326,0.01791435480117798
201703B,2017-12-05 09:00:00,gridsat,SHEAR,3,0.14652276039123535,4.9521782784722745e-05,0.17303550243377686,0.04540400579571724,0.27477240562438965,0.9545148015022278,0.2640022039413452,1.5694293324486353e-05,0.1416671723127365,1.599367351445835e-05
201703B,2017-12-05 17:00:00,gridsat,SHEAR,3,0.1392708271741867,9.356854206998833e-06,0.18090632557868958,0.006106353830546141,0.3004118502140045,0.993884265422821,0.2448732554912567,4.415621646103318e-08,0.13453777134418488,4.919456131347033e-08
201704B,2017-12-08 21:00:00,gridsat,CRVBND,0,0.15510261058807373,0.00029995886143296957,0.12552671134471893,0.8271825313568115,0.19978654384613037,0.13695627450942993,0.327838659286499,0.006466435734182596,0.19174548983573914,0.029094833880662918
201704B,2017-12-09 03:00:00,gridsat,CRVBND,0,0.1424797773361206,0.00025416607968509197,0.1398201733827591,0.6935763359069824,0.2156374156475067,0.19256290793418884,0.31238365173339844,0.0019466272788122296,0.18967901170253754,0.11165990680456161
201704B,2017-12-09 09:00:00,gridsat,SHEAR,0,0.14604820311069489,1.7949429320651689e-07,0.13240060210227966,0.02511456049978733,0.2137252688407898,0.9748831391334534,0.3018612861633301,4.792338472725532e-07,0.20596462488174438,1.6500951005582465e-06
201704B,2017-12-09 15:00:00,gridsat,SHEAR,0,0.12715686857700348,7.78027313685925e-08,0.1256224513053894,0.014829873107373714,0.2494353950023651,0.9851688146591187,0.27971503138542175,5.224935648584506e-07,0.21807026863098145,8.17268812625116e-07
201704B,2017-12-09 21:00:00,gridsat,SHEAR,0,0.13015472888946533,4.263039556917647e-07,0.14129866659641266,0.01347639411687851,0.26149916648864746,0.9865232110023499,0.2633913457393646,1.4660844982472554e-08,0.2036561220884323,3.605427778552439e-08
201704B,2017-12-10 03:45:00,gridsat,SHEAR,0,0.12732842564582825,6.700065569020808e-07,0.14265836775302887,0.019945595413446426,0.2620249390602112,0.980052649974823,0.26823848485946655,9.479077220930776e-07,0.19974972307682037,6.897164439578773e-08
201801A,2018-05-17 00:00:00,gridsat,CRVBND,2,0.08073858916759491,0.024664361029863358,0.527116596698761,0.18407580256462097,0.09713853150606155,0.001383555238135159,0.19999879598617554,0.04546230286359787,0.09500748664140701,0.7444140315055847
201801A,2018-05-17 11:00:00,gridsat,IRRCDO,2,0.061938200145959854,0.032134346663951874,0.6791169047355652,0.36883577704429626,0.05762356147170067,0.010121453553438187,0.1273539513349533,0.06363321095705032,0.07396744191646576,0.5252751708030701
201801A,2018-05-17 18:00:00,gridsat,CRVBND,2,0.04826422408223152,0.01525462232530117,0.6266839504241943,0.696439266204834,0.06979569047689438,0.03769301623106003,0.17914937436580658,0.1272229552268982,0.07610680907964706,0.12339019030332565
201801A,2018-05-18 00:00:00,gridsat,EMBC,2,0.041193313896656036,0.479617178440094,0.5932916402816772,0.0606127604842186,0.11931655555963516,4.1161925764754415e-05,0.17980873584747314,0.34754136204719543,0.0663897693157196,0.11218754202127457
201801A,2018-05-18 18:00:00,gridsat,IRRCDO,2,0.05158229544758797,0.02123206853866577,0.6377504467964172,0.035395458340644836,0.07519303262233734,0.00021354079945012927,0.16382719576358795,0.012878336943686008,0.07164699584245682,0.9302805662155151
201802A,2018-05-22 06:00:00,gridsat,CRVBND,1,0.08554845303297043,7.564765837742016e-05,0.2661881744861603,0.7241594195365906,0.3212084174156189,0.03851255029439926,0.15250998735427856,0.002385922009125352,0.17454499006271362,0.23486648499965668
201802A,2018-05-22 12:00:00,gridsat,CRVBND,1,0.08487765491008759,0.008730827830731869,0.26607048511505127,0.3200546205043793,0.32725992798805237,0.000324724183883518,0.14610892534255981,0.1028909832239151,0.17568299174308777,0.5679988265037537
201802A,2018-05-23 19:00:00,gridsat,EMBC,1,0.08923958241939545,0.28229767084121704,0.2594282925128937,0.010230159386992455,0.32213202118873596,2.067795747962009e-07,0.15938816964626312,0.6965022087097168,0.16981187462806702,0.010969781316816807
201802A,2018-05-24 12:30:00,gridsat,EMBC,1,0.09409576654434204,0.2781355381011963,0.2561712861061096,0.21958933770656586,0.32221153378486633,0.00020649995713029057,0.16201484203338623,0.41781407594680786,0.16550657153129578,0.08425452560186386
201802A,2018-05-24 16:45:00,gridsat,EYE,1,0.09086646884679794,0.629673421382904,0.25753501057624817,0.022915858775377274,0.3263820707798004,2.2406743482861202e-06,0.1594294309616089,0.3175468146800995,0.16578702628612518,0.029861602932214737
201802A,2018-05-24 23:00:00,gridsat,EMBC,1,0.09068881720304489,0.5453797578811646,0.2597111165523529,0.034792087972164154,0.3178330957889557,6.211758773133624e-06,0.15940360724925995,0.370911180973053,0.17236334085464478,0.04891077056527138
201802A,2018-05-25 19:00:00,gridsat,EYE,1,0.08653447777032852,0.6588916778564453,0.2708684504032135,0.011050733737647533,0.32652267813682556,1.048568719852483e-06,0.1453474760055542,0.32254093885421753,0.1707269251346588,0.007515677250921726
201804B,2018-09-20 18:15:00,gridsat,CRVBND,4,0.04740351065993309,3.955207830586005e-06,0.11141026020050049,0.35754814743995667,0.5913933515548706,0.011713155545294285,0.08156874775886536,0.0007868991233408451,0.16822411119937897,0.6299479007720947
201805A,2018-10-08 06:00:00,gridsat,CRVBND,2,0.07036085426807404,0.09632395952939987,0.6567838191986084,0.4581414759159088,0.056158896535634995,0.0034420217853039503,0.12834925949573517,0.3301105499267578,0.08834715932607651,0.11198193579912186
201805A,2018-10-08 12:00:00,gridsat,CRVBND,2,0.054325129836797714,0.1717269867658615,0.6484277248382568,0.3532550036907196,0.06848032027482986,0.004415481351315975,0.15664710104465485,0.3058989644050598,0.07211969047784805,0.16470356285572052
201805A,2018-10-08 23:00:00,gridsat,EMBC,2,0.16221868991851807,0.5139119625091553,0.5224786400794983,0.004231284838169813,0.06347036361694336,6.073643703530252e-07,0.17767004668712616,0.4721677005290985,0.07416223734617233,0.00968845933675766
201805A,2018-10-09 06:30:00,gridsat,CRVBND,2,0.07700826972723007,0.49217459559440613,0.5895049571990967,0.14770710468292236,0.0881919339299202,0.00041990261524915695,0.1721670776605606,0.33035367727279663,0.07312781363725662,0.02934464067220688
201805A,2018-10-09 12:00:00,gridsat,EMBC,2,0.10383712500333786,0.6670862436294556,0.5481671094894409,0.020925862714648247,0.0831393450498581,4.6859742724336684e-05,0.18876267969608307,0.272500604391098,0.07609368860721588,0.03944050148129463
201805A,2018-10-09 17:30:00,gridsat,CRVBND,2,0.571348249912262,0.2503308057785034,0.28002679347991943,0.22701498866081238,0.04083051532506943,0.0018928662175312638,0.09576979279518127,0.17109695076942444,0.012024645693600178,0.3496643900871277
201805A,2018-10-10 05:30:00,gridsat,EYE,2,0.4218958020210266,0.3442997634410858,0.3945634365081787,0.3656464219093323,0.05883088335394859,0.00897018238902092,0.11548241972923279,0.18603624403476715,0.009227451868355274,0.09504739940166473
201806B,2018-10-10 06:00:00,gridsat,EMBC,0,0.16239315271377563,0.3960890471935272,0.16404078900814056,0.026753615587949753,0.12107232958078384,1.0583737093838863e-05,0.30002686381340027,0.5678657293319702,0.2524668276309967,0.009280962869524956
201805A,2018-10-10 12:00:00,gridsat,CRVBND,2,0.6527093052864075,0.40454983711242676,0.19565746188163757,0.4065008759498596,0.03993399441242218,0.03342582657933235,0.09678371995687485,0.11563771218061447,0.014915503561496735,0.039885785430669785
201806B,2018-10-10 12:00:00,gridsat,EYE,0,0.20202557742595673,0.41320541501045227,0.1625046730041504,0.029418952763080597,0.10951947420835495,8.500125659338664e-06,0.28652089834213257,0.5247241854667664,0.23942939937114716,0.032642919570207596
201805A,2018-10-10 18:00:00,gridsat,EYE,2,0.6276906132698059,0.1746039092540741,0.21319305896759033,0.5561615228652954,0.0393998846411705,0.057135000824928284,0.10734394192695618,0.17588645219802856,0.012372469529509544,0.03621306270360947
201806B,2018-10-10 17:15:00,gridsat,EMBC,0,0.17003178596496582,0.5571372509002686,0.1533832848072052,0.002006933791562915,0.12313204258680344,1.1036338776193588e-07,0.2903745770454407,0.4379280209541321,0.26307833194732666,0.002927587367594242
201805A,2018-10-10 23:45:00,gridsat,CRVBND,2,0.12761226296424866,0.061523422598838806,0.5056147575378418,0.7294823527336121,0.10859669744968414,0.08667223900556564,0.20489534735679626,0.05578863248229027,0.05328094959259033,0.06653328239917755
201806B,2018-10-10 23:15:00,gridsat,EMBC,0,0.18360905349254608,0.678947925567627,0.15436410903930664,0.006195624824613333,0.1361239105463028,1.1969308388870559e-06,0.30555638670921326,0.31227001547813416,0.2203465849161148,0.0025851752143353224
201805A,2018-10-11 05:45:00,gridsat,CRVBND,2,0.13329729437828064,0.005839592311531305,0.4850541651248932,0.577998161315918,0.06280405074357986,0.3942170739173889,0.27754583954811096,0.009204973466694355,0.04129868373274803,0.012740200385451317
201805A,2018-10-11 12:15:00,gridsat,CRVBND,2,0.3948475122451782,0.00746150640770793,0.3715812861919403,0.49702218174934387,0.06851010024547577,0.47648656368255615,0.14210674166679382,0.009027588181197643,0.022954262793064117,0.010002220049500465
201805A,2018-10-11 18:15:00,gridsat,CRVBND,2,0.1325703114271164,0.001327721169218421,0.4985660910606384,0.5120445489883423,0.09220322966575623,0.4759892523288727,0.23350441455841064,0.0042536016553640366,0.04315594211220741,0.0063849245198071
201805A,2018-10-11 23:45:00,gridsat,CRVBND,2,0.09368667751550674,0.028924990445375443,0.5340931415557861,0.7825050950050354,0.12342530488967896,0.1404624879360199,0.19287312030792236,0.022198574617505074,0.05592181533575058,0.025908874347805977
201805A,2018-10-12 06:15:00,gridsat,CRVBND,2,0.10473409295082092,0.031610291451215744,0.5417672991752625,0.749493420124054,0.05557405576109886,0.09457702189683914,0.2435152530670166,0.028366046026349068,0.05440927669405937,0.09595327079296112
201805A,2018-10-12 12:00:00,gridsat,CRVBND,2,0.041455600410699844,0.013165215030312538,0.5787345170974731,0.6550400853157043,0.10899551957845688,0.3091178834438324,0.2039848119020462,0.014869528822600842,0.06682951003313065,0.007807294372469187
201805A,2018-10-12 18:15:00,gridsat,CRVBND,2,0.05320435389876366,8.834109758026898e-05,0.577125072479248,0.2477828860282898,0.12227265536785126,0.7511569261550903,0.18385301530361176,0.0003827946784440428,0.06354492157697678,0.0005890370230190456
201805A,2018-10-13 00:15:00,gridsat,SHEAR,2,0.03541099652647972,5.4684192036802415e-06,0.6784290075302124,0.15923254191875458,0.07613000273704529,0.840336263179779,0.1264527142047882,0.0001744790788507089,0.0835772305727005,0.00025126762920990586
201805A,2018-10-13 06:15:00,gridsat,CRVBND,2,0.05399897322058678,9.048323590832297e-06,0.5938158631324768,0.12922027707099915,0.0811324194073677,0.8697769045829773,0.19427694380283356,0.0001513485622126609,0.07677578181028366,0.0008423886029049754
201805A,2018-10-13 12:00:00,gridsat,CRVBND,2,0.03256435692310333,0.002263219328597188,0.6563560962677002,0.6439827680587769,0.06043412908911705,0.3120277523994446,0.17499591410160065,0.007208193186670542,0.07564949244260788,0.034518055617809296
201805A,2018-10-13 18:15:00,gridsat,CRVBND,2,0.03973311930894852,0.0028657587245106697,0.5478842854499817,0.7347220182418823,0.09229645878076553,0.18152469396591187,0.26195597648620605,0.00890521053224802,0.058130137622356415,0.07198235392570496
201805A,2018-10-14 00:00:00,gridsat,CRVBND,2,0.045558612793684006,0.0030487540643662214,0.5988146662712097,0.6000188589096069,0.10472280532121658,0.34496796131134033,0.16909530758857727,0.005714275408536196,0.08180853724479675,0.046250149607658386
201807B,2018-11-10 20:45:00,gridsat,IRRCDO,3,0.14554880559444427,0.025467481464147568,0.16878193616867065,0.15419000387191772,0.24780964851379395,0.0020406690891832113,0.31901484727859497,0.04471040889620781,0.11884474754333496,0.7735913991928101
201807B,2018-11-11 03:15:00,gridsat,CRVBND,3,0.14317065477371216,0.10123386234045029,0.1667424440383911,0.1208527535200119,0.26851704716682434,0.0005043052951805294,0.30291154980659485,0.17541858553886414,0.11865828186273575,0.6019904613494873
201807B,2018-11-11 09:15:00,gridsat,CRVBND,3,0.14575493335723877,0.04473080858588219,0.1618879735469818,0.14501993358135223,0.2476905882358551,0.0007997881039045751,0.3206798732280731,0.09757857769727707,0.12398665398359299,0.7118709087371826
201807B,2018-11-11 15:15:00,gridsat,CRVBND,3,0.14268381893634796,0.009994092397391796,0.164230614900589,0.3868308961391449,0.24831850826740265,0.005746051203459501,0.33117568492889404,0.062386415898799896,0.11359133571386337,0.5350425839424133
201807B,2018-11-11 20:45:00,gridsat,IRRCDO,3,0.1363178789615631,0.03945155814290047,0.1711016446352005,0.13864684104919434,0.2631911337375641,0.00028706647572107613,0.31133830547332764,0.3710266053676605,0.11805107444524765,0.45058801770210266
201807B,2018-11-12 02:45:00,gridsat,CRVBND,3,0.14804399013519287,0.004256578162312508,0.16290777921676636,0.40642327070236206,0.238180011510849,0.01769092120230198,0.3317438066005707,0.03770056366920471,0.11912436038255692,0.533928632736206
201807B,2018-11-12 08:45:00,gridsat,CRVBND,3,0.16350789368152618,0.0002127585612470284,0.16590899229049683,0.47772806882858276,0.2261042296886444,0.06010536104440689,0.3168869614601135,0.002053339034318924,0.12759195268154144,0.45990049839019775
201807B,2018-11-12 15:15:00,gridsat,CRVBND,3,0.14205583930015564,0.00038463386590592563,0.16451504826545715,0.8306178450584412,0.25494909286499023,0.10995296388864517,0.31096556782722473,0.005223756190389395,0.1275145262479782,0.05382082611322403
201807B,2018-11-12 21:15:00,gridsat,CRVBND,3,0.1496092528104782,0.0708639919757843,0.16902707517147064,0.11461890488862991,0.2645723223686218,0.00014748105604667217,0.29107245802879333,0.1846734583377838,0.1257188767194748,0.6296961307525635
201807B,2018-11-13 03:15:00,gridsat,CRVBND,3,0.14304421842098236,0.22241660952568054,0.1606944501399994,0.12171957641839981,0.28001901507377625,0.0002056700614048168,0.2987365424633026,0.4715566039085388,0.11750572919845581,0.18410152196884155
201807B,2018-11-13 09:15:00,gridsat,CRVBND,3,0.15014800429344177,0.13321524858474731,0.17148961126804352,0.1651008576154709,0.2539982795715332,0.0003876280097756535,0.29245904088020325,0.5760538578033447,0.13190506398677826,0.1252424120903015
201807B,2018-11-13 15:15:00,gridsat,EYE,3,0.1437147855758667,0.3794763684272766,0.1725204586982727,0.09735962003469467,0.2567054331302643,0.0002693291462492198,0.2945302426815033,0.2288656234741211,0.13252900540828705,0.2940290868282318
201807B,2018-11-14 09:00:00,gridsat,EMBC,3,0.14036308228969574,0.4797382056713104,0.17639994621276855,0.08749296516180038,0.26976490020751953,0.0002546235336922109,0.2794318199157715,0.3918042480945587,0.1340402215719223,0.0407099612057209
201807B,2018-11-14 15:45:00,gridsat,EMBC,3,0.13344669342041016,0.510937511920929,0.1698881834745407,0.15285830199718475,0.2750187814235687,0.0010019858600571752,0.2957671880722046,0.180946484208107,0.12587912380695343,0.15425577759742737
201807B,2018-11-15 08:45:00,gridsat,EMBC,3,0.1291944831609726,0.31145572662353516,0.16587203741073608,0.008705172687768936,0.281049907207489,6.76909985486418e-06,0.2916308641433716,0.627626359462738,0.13225270807743073,0.0522058941423893
201807B,2018-11-15 15:45:00,gridsat,EMBC,3,0.13559623062610626,0.4581794738769531,0.17824390530586243,0.0065759834833443165,0.2385929822921753,2.745227675404749e-06,0.3215579390525818,0.44561082124710083,0.1260090172290802,0.08963100612163544
201807B,2018-11-16 19:45:00,gridsat,CRVBND,3,0.13833127915859222,0.4029020667076111,0.1706206351518631,0.11385267227888107,0.25830724835395813,0.00023048811999615282,0.2887589931488037,0.2397671639919281,0.14398181438446045,0.2432475984096527
201807B,2018-11-17 03:15:00,gridsat,CRVBND,3,0.13190749287605286,0.17265208065509796,0.1806669980287552,0.32881271839141846,0.2722306549549103,0.0011321762576699257,0.27232298254966736,0.3178742527961731,0.14287187159061432,0.17952874302864075
201807B,2018-11-17 10:15:00,gridsat,CRVBND,3,0.13985870778560638,0.6644221544265747,0.16671323776245117,0.0574725978076458,0.26637306809425354,0.00012365846487227827,0.2889517545700073,0.25353989005088806,0.13810329139232635,0.02444169670343399
201807B,2018-11-17 13:45:00,gridsat,CRVBND,3,0.13141068816184998,0.04961394891142845,0.16643653810024261,0.18047912418842316,0.2738812565803528,0.003152810735628009,0.2886250913143158,0.10652555525302887,0.13964644074440002,0.6602285504341125
201807B,2018-11-18 09:15:00,gridsat,CRVBND,3,0.13467974960803986,0.40746012330055237,0.15978436172008514,0.2628088891506195,0.28240466117858887,0.0016729155322536826,0.2950780689716339,0.3044344484806061,0.12805311381816864,0.023623576387763023
201807B,2018-11-18 15:15:00,gridsat,SHEAR,3,0.1378796249628067,0.00021210357954259962,0.16844859719276428,0.5730797052383423,0.2875025272369385,0.42055171728134155,0.27808094024658203,0.0006975422729738057,0.12808828055858612,0.005458966828882694
201807B,2018-11-18 21:15:00,gridsat,SHEAR,3,0.1236247643828392,5.7340329817634483e-08,0.16292497515678406,0.022342480719089508,0.2706663906574249,0.9776546359062195,0.30900031328201294,1.1682449212457868e-06,0.1337835043668747,1.6279072951874696e-06
201807B,2018-11-19 03:15:00,gridsat,SHEAR,3,0.13294589519500732,2.7231396870774915e-06,0.17426185309886932,0.36110252141952515,0.2796704173088074,0.4505356550216675,0.2738896906375885,0.0002993794623762369,0.1392320692539215,0.1880597174167633
201807B,2018-11-19 09:15:00,gridsat,CRVBND,3,0.1309838593006134,0.02112494967877865,0.18396373093128204,0.8711661696434021,0.2679363489151001,0.03532958775758743,0.2768130600452423,0.0337846502661705,0.14030298590660095,0.038594577461481094
201807B,2018-11-19 15:15:00,gridsat,SHEAR,3,0.1339588612318039,0.00035123719135299325,0.18148289620876312,0.4618825912475586,0.28219470381736755,0.46522414684295654,0.2593865394592285,0.00032397054019384086,0.14297699928283691,0.07221802324056625
201808B,2018-12-15 15:15:00,gridsat,IRRCDO,4,0.052236735820770264,0.00012208358384668827,0.14616423845291138,0.10870407521724701,0.6099527478218079,0.0004744645266328007,0.09067393094301224,0.010703166015446186,0.10097236186265945,0.8799962401390076
201808B,2018-12-16 21:00:00,gridsat,EMBC,4,0.08229273557662964,0.5780493021011353,0.1237979605793953,0.018899252638220787,0.5826178789138794,2.6719639208749868e-05,0.09819168597459793,0.39514097571372986,0.11309969425201416,0.007883704267442226
201808B,2018-12-17 09:15:00,gridsat,CRVBND,4,0.048266250640153885,0.03726382553577423,0.14152951538562775,0.7409459948539734,0.6453357338905334,0.1108066737651825,0.07529822736978531,0.052788734436035156,0.08957034349441528,0.05819476768374443
201901B,2019-04-27 14:45:00,gridsat,IRRCDO,0,0.1261003166437149,0.004520501010119915,0.1596706360578537,0.14211879670619965,0.136785626411438,0.0004918039194308221,0.27065491676330566,0.028421903029084206,0.30678850412368774,0.824446976184845
201901B,2019-04-27 21:15:00,gridsat,CRVBND,0,0.13757924735546112,4.2836680222535506e-05,0.17463523149490356,0.8100039958953857,0.1538340300321579,0.13623759150505066,0.2730543613433838,0.0036123846657574177,0.2608971893787384,0.05010314658284187
201901B,2019-04-28 02:45:00,gridsat,CRVBND,0,0.12056253850460052,0.0039753541350364685,0.17958061397075653,0.1431422382593155,0.15213458240032196,0.000379761157091707,0.2930183410644531,0.06303528696298599,0.25470393896102905,0.7894672751426697
201901B,2019-04-28 09:15:00,gridsat,EMBC,0,0.13008685410022736,0.04028065502643585,0.17456232011318207,0.23067359626293182,0.12593643367290497,0.0003871321096085012,0.27606043219566345,0.7002120018005371,0.2933539152145386,0.028446566313505173
201901B,2019-04-28 15:15:00,gridsat,CRVBND,0,0.13355299830436707,0.00552167184650898,0.16434705257415771,0.7716882228851318,0.14494849741458893,0.08661499619483948,0.2963617742061615,0.02872997149825096,0.2607896625995636,0.10744515806436539
201901B,2019-04-29 22:15:00,gridsat,EMBC,0,0.17795266211032867,0.18018698692321777,0.1611146479845047,0.022112570703029633,0.1612720936536789,6.358660357363988e-06,0.289236843585968,0.7606652975082397,0.21042372286319733,0.037028808146715164
201901B,2019-04-30 08:45:00,gridsat,EMBC,0,0.20211318135261536,0.28260427713394165,0.17014238238334656,0.04074135050177574,0.14065861701965332,4.719865319202654e-05,0.28429147601127625,0.6178179383277893,0.20279435813426971,0.05878918990492821
201901B,2019-04-30 20:15:00,gridsat,EMBC,0,0.16428227722644806,0.2363995760679245,0.16718131303787231,0.014074055477976799,0.14354227483272552,1.7068709894374479e-06,0.2935324013233185,0.5780103206634521,0.23146173357963562,0.1715143769979477
201901B,2019-05-01 04:15:00,gridsat,EMBC,0,0.17844413220882416,0.06687620282173157,0.1448233425617218,0.0649704858660698,0.1761760413646698,4.688217813964002e-05,0.3035723865032196,0.37279626727104187,0.19698406755924225,0.49531012773513794
201901B,2019-05-01 09:15:00,gridsat,EYE,0,0.20936062932014465,0.7471603155136108,0.15867124497890472,0.0371687076985836,0.1556834876537323,0.0001013364308164455,0.2625732719898224,0.17926687002182007,0.21371139585971832,0.03630269318819046
201901B,2019-05-01 15:15:00,gridsat,EYE,0,0.22932970523834229,0.5447108149528503,0.14889183640480042,0.021633613854646683,0.15481525659561157,1.9624254491645843e-05,0.28779035806655884,0.34931012988090515,0.1791728436946869,0.08432582020759583
201901B,2019-05-02 03:45:00,gridsat,EMBC,0,0.2355404943227768,0.27630504965782166,0.14654764533042908,0.002376437885686755,0.16210335493087769,2.826997729243885e-07,0.27700039744377136,0.7120797038078308,0.17880813777446747,0.009238507598638535
201901B,2019-05-02 09:15:00,gridsat,EYE,0,0.21712391078472137,0.7943624258041382,0.14613597095012665,0.0016111524309962988,0.14039193093776703,3.9896823977869644e-07,0.2972348928451538,0.20065809786319733,0.19911326467990875,0.0033679569605737925
201901B,2019-05-02 14:45:00,gridsat,EYE,0,0.26318156719207764,0.9065250754356384,0.14271503686904907,0.0029456503689289093,0.14438897371292114,1.5150933450058801e-06,0.2748366892337799,0.08541887253522873,0.17487774789333344,0.005108875222504139
201901B,2019-05-02 21:15:00,gridsat,EYE,0,0.3370101749897003,0.8119514584541321,0.13365446031093597,0.020917721092700958,0.14162273705005646,3.923487747670151e-05,0.2528981566429138,0.15853364765644073,0.13481445610523224,0.008557945489883423
201902A,2019-06-10 14:45:00,gridsat,IRRCDO,2,0.06307564675807953,0.00021057587582617998,0.6321762204170227,0.10375548899173737,0.07475107908248901,0.0017586380708962679,0.11252356320619583,0.00212030834518373,0.11747349053621292,0.8921549916267395
201902A,2019-06-10 20:45:00,gridsat,CRVBND,2,0.0607760064303875,0.0019173402106389403,0.6341950297355652,0.5147995948791504,0.08051615953445435,0.00902639701962471,0.12221010774374008,0.0364849790930748,0.10230276733636856,0.4377717077732086
201902A,2019-06-11 03:45:00,gridsat,IRRCDO,2,0.04204875975847244,0.0026567503809928894,0.667845606803894,0.1740063577890396,0.07759318500757217,0.0009501263266429305,0.1167507991194725,0.016340915113687515,0.09576164931058884,0.8060458898544312
201902A,2019-06-11 09:15:00,gridsat,EMBC,2,0.051734909415245056,0.14619912207126617,0.6482614278793335,0.014976056292653084,0.08008529990911484,2.8394254059094237e-06,0.10668077319860458,0.8348120450973511,0.11323758959770203,0.004009989555925131
201902A,2019-06-11 14:45:00,gridsat,EYE,2,0.05802398547530174,0.1419886201620102,0.6897395849227905,0.03768021985888481,0.056068263947963715,1.2532074833870865e-05,0.13604438304901123,0.7082903385162354,0.06012377142906189,0.11202836781740189
201902A,2019-06-11 20:45:00,gridsat,IRRCDO,2,0.04674934595823288,0.010674059391021729,0.6362116932868958,0.0962250679731369,0.08256163448095322,0.00011970138439210132,0.14809443056583405,0.03627452254295349,0.08638286590576172,0.8567066788673401
201902A,2019-06-12 10:15:00,gridsat,EMBC,2,0.1281525045633316,0.2657398283481598,0.5825743079185486,0.15883783996105194,0.061599332839250565,0.0002218324225395918,0.17290149629116058,0.355401873588562,0.054772377014160156,0.21979857981204987
201902A,2019-06-12 16:15:00,gridsat,IRRCDO,2,0.08818450570106506,0.007210433017462492,0.6441349983215332,0.039818692952394485,0.06140711531043053,0.00022230864851735532,0.15384350717067719,0.007099305745214224,0.052429866045713425,0.945649266242981
201902A,2019-06-13 08:15:00,gridsat,EYE,2,0.3914121091365814,0.3794816732406616,0.4142329692840576,0.01713036559522152,0.04386981576681137,1.419741784047801e-05,0.12180989980697632,0.5694087147712708,0.028675220906734467,0.03396507352590561
201902A,2019-06-13 15:15:00,gridsat,EYE,2,0.5107572078704834,0.5871359705924988,0.34497174620628357,0.049290768802165985,0.04070998728275299,8.357474871445447e-05,0.0733606293797493,0.2928118407726288,0.030200451612472534,0.07067785412073135
201902A,2019-06-14 01:45:00,gridsat,EMBC,2,0.1323460042476654,0.22747275233268738,0.5949741005897522,0.340747207403183,0.06621036678552628,0.005760683212429285,0.16970568895339966,0.11262718588113785,0.03676387667655945,0.31339216232299805
201902A,2019-06-14 09:15:00,gridsat,EYE,2,0.049060024321079254,0.4411434233188629,0.6392518877983093,0.1811332404613495,0.08318358659744263,0.0008265631040558219,0.15190353989601135,0.3052392303943634,0.07660096883773804,0.07165750861167908
201902A,2019-06-14 14:45:00,gridsat,CRVBND,2,0.633253812789917,0.02415521815419197,0.24766606092453003,0.7576345801353455,0.0286520067602396,0.09112117439508438,0.08057739585638046,0.04214879497885704,0.009850772097706795,0.08494022488594055
201902A,2019-06-15 03:15:00,gridsat,EYE,2,0.2631183862686157,0.23859567940235138,0.4613209366798401,0.07576346397399902,0.05573229119181633,3.82308462576475e-05,0.17785367369651794,0.6642451882362366,0.041974835097789764,0.021357428282499313
201902A,2019-06-15 07:45:00,gridsat,EYE,2,0.09803470224142075,0.4208252429962158,0.42139819264411926,0.019314788281917572,0.0848453938961029,1.1410758816055022e-05,0.3296441435813904,0.5332391262054443,0.06607754528522491,0.02660941332578659
201902A,2019-06-15 15:15:00,gridsat,CRVBND,2,0.1556103527545929,0.007598499301820993,0.4788884222507477,0.6501523852348328,0.05635968968272209,0.03508786857128143,0.256887823343277,0.05032509192824364,0.05225371941924095,0.2568361163139343
201902A,2019-06-15 20:45:00,gridsat,IRRCDO,2,0.17085696756839752,0.0019186340505257249,0.5283302068710327,0.5232670903205872,0.0717998817563057,0.03935997933149338,0.18252681195735931,0.016881732270121574,0.04648619517683983,0.4185725450515747
201902A,2019-06-16 03:15:00,gridsat,CRVBND,2,0.09578242897987366,0.00012769363820552826,0.577617883682251,0.07615873962640762,0.09131661057472229,0.0011185698676854372,0.15955238044261932,0.001271899905987084,0.07573064416646957,0.9213230609893799
201902A,2019-06-16 08:15:00,gridsat,IRRCDO,2,0.3847820460796356,0.0008143856539390981,0.4172443747520447,0.42324021458625793,0.06689590215682983,0.011160966008901596,0.11015608161687851,0.00829598680138588,0.02092164196074009,0.5564884543418884
201902A,2019-06-16 14:45:00,gridsat,SHEAR,2,0.04541963338851929,3.861810569105728e-07,0.6307430863380432,0.20586849749088287,0.13572712242603302,0.7807138562202454,0.1128983348608017,4.099627767573111e-05,0.07521181553602219,0.013376343995332718
201902A,2019-06-16 21:15:00,gridsat,SHEAR,2,0.03653471916913986,1.8137495061409936e-08,0.6463468074798584,0.0012899276334792376,0.14513468742370605,0.998710036277771,0.09519758075475693,1.2898136780847835e-08,0.07678625732660294,9.275501255956442e-09
201902A,2019-06-17 03:15:00,gridsat,SHEAR,2,0.05153042823076248,1.2553239336909883e-08,0.6162669658660889,0.0011916636722162366,0.12345490604639053,0.9988083839416504,0.11524881422519684,1.0002035644163243e-08,0.09349885582923889,6.374996974756186e-09
201902A,2019-06-17 09:15:00,gridsat,SHEAR,2,0.03346531093120575,4.011885579302543e-08,0.585991621017456,0.0007145521230995655,0.14409971237182617,0.9992853999137878,0.1081109493970871,3.2045932130131405e-08,0.12833242118358612,1.4411899229571645e-08
201903A,2019-09-23 03:45:00,gridsat,EMBC,1,0.0845981240272522,0.20697623491287231,0.2711717486381531,0.2202119678258896,0.32261165976524353,9.82888595899567e-05,0.14144954085350037,0.33769407868385315,0.1801689863204956,0.23501941561698914
201903A,2019-09-23 09:15:00,gridsat,CRVBND,1,0.08776133507490158,0.012107322923839092,0.2651260197162628,0.36172690987586975,0.3186780512332916,0.003686537966132164,0.1501680463552475,0.019518591463565826,0.1782665103673935,0.6029606461524963
201903A,2019-09-23 14:45:00,gridsat,EMBC,1,0.08640795946121216,0.11224575340747833,0.2663867771625519,0.047577984631061554,0.31925028562545776,3.977230517193675e-05,0.14795881509780884,0.051627904176712036,0.17999620735645294,0.7885085940361023
201903A,2019-09-24 01:45:00,gridsat,EYE,1,0.08033856749534607,0.6361986994743347,0.2753993272781372,0.02825319394469261,0.32837024331092834,1.1258000085945241e-05,0.13429072499275208,0.11427703499794006,0.1816011220216751,0.22125986218452454
201903A,2019-09-24 14:15:00,gridsat,EMBC,1,0.0888412818312645,0.719275176525116,0.26480838656425476,0.08349289745092392,0.31912437081336975,0.0002209988160757348,0.14660252630710602,0.09613723307847977,0.180623397231102,0.10087370127439499
201904A,2019-10-25 12:45:00,gridsat,EMBC,1,0.08932165801525116,0.3258701264858246,0.2606435716152191,0.0024611447006464005,0.3171428442001343,6.580477673878704e-08,0.16063903272151947,0.6604014039039612,0.17225295305252075,0.011267237365245819
201904A,2019-10-25 16:45:00,gridsat,EMBC,1,0.09063014388084412,0.37004995346069336,0.2604379653930664,0.0011298182653263211,0.3153744339942932,4.531032438137572e-09,0.16056230664253235,0.6264446973800659,0.17299507558345795,0.0023755249567329884
201904A,2019-10-25 22:45:00,gridsat,EMBC,1,0.08904603123664856,0.3335035741329193,0.2607983946800232,0.002001464134082198,0.31608545780181885,9.302306480662992e-09,0.15945298969745636,0.6604886054992676,0.17461714148521423,0.004006306175142527
201904A,2019-10-26 07:15:00,gridsat,EMBC,1,0.09020330756902695,0.24912184476852417,0.26024049520492554,0.099338099360466,0.32024309039115906,9.010925168695394e-06,0.1624138206243515,0.47602516412734985,0.16689927875995636,0.17550580203533173
201904A,2019-10-26 12:15:00,gridsat,EYE,1,0.09042968600988388,0.434260755777359,0.25942039489746094,0.0019092799630016088,0.31935712695121765,1.9626080316470507e-08,0.16085615754127502,0.5592975616455078,0.16993659734725952,0.004532373510301113
201904A,2019-10-26 18:15:00,gridsat,EYE,1,0.09224575757980347,0.39317554235458374,0.25926870107650757,0.002627864247187972,0.3129490911960602,2.775673735300188e-08,0.16380582749843597,0.5990510582923889,0.1717306673526764,0.005145461764186621
201904A,2019-10-27 00:15:00,gridsat,EYE,1,0.09152887761592865,0.786693811416626,0.264865905046463,0.0035411501303315163,0.3143765330314636,7.800851875572334e-08,0.1549900621175766,0.19832129776477814,0.1742386519908905,0.011443695984780788
201904A,2019-10-27 06:15:00,gridsat,EYE,1,0.09100551903247833,0.845457136631012,0.2605475187301636,0.014009330421686172,0.32418158650398254,1.0595460935292067e-06,0.15590892732143402,0.1231994554400444,0.1683565080165863,0.0173330195248127
201904A,2019-10-27 11:45:00,gridsat,EYE,1,0.09170176088809967,0.8019509315490723,0.2587628662586212,0.01631046086549759,0.3274151384830475,1.278582544728124e-06,0.1582784354686737,0.14309394359588623,0.1638418585062027,0.038643304258584976
201904A,2019-10-27 18:15:00,gridsat,EYE,1,0.09715220332145691,0.6958496570587158,0.2634906768798828,0.019160883501172066,0.30877020955085754,1.624164269742323e-06,0.16075968742370605,0.23321594297885895,0.16982720792293549,0.05177188292145729
201904A,2019-10-28 00:15:00,gridsat,EYE,1,0.08847329020500183,0.5393792986869812,0.2677918076515198,0.012381970882415771,0.3201446533203125,3.147897018607182e-07,0.14945003390312195,0.38149210810661316,0.17414020001888275,0.06674625724554062
201904A,2019-10-28 06:15:00,gridsat,EYE,1,0.09063292294740677,0.8130975365638733,0.26812416315078735,0.014900881797075272,0.3186410963535309,1.053817982210603e-06,0.149457648396492,0.15002600848674774,0.17314413189888,0.021974515169858932
201904A,2019-10-28 12:15:00,gridsat,EYE,1,0.08973174542188644,0.7770974040031433,0.26825231313705444,0.04386638104915619,0.3207191824913025,6.148222382762469e-06,0.14961543679237366,0.1383194774389267,0.17168129980564117,0.04071054235100746
201904A,2019-10-28 17:45:00,gridsat,EYE,1,0.09124505519866943,0.5611295700073242,0.2634665369987488,0.028190823271870613,0.32503002882003784,2.683701723071863e-06,0.15131214261054993,0.3756258189678192,0.16894620656967163,0.03505104035139084
201904A,2019-10-29 06:15:00,gridsat,EYE,1,0.08605219423770905,0.7008515000343323,0.2680402994155884,0.006731427740305662,0.3294784426689148,4.2765074681483384e-07,0.1475842297077179,0.28808829188346863,0.16884489357471466,0.004328323062509298
201904A,2019-10-29 11:45:00,gridsat,EYE,1,0.08750469982624054,0.674889087677002,0.2650783360004425,0.007717606145888567,0.323143869638443,5.83063695103192e-07,0.1511298567056656,0.3146166205406189,0.17314329743385315,0.002776151755824685
201904A,2019-10-29 17:45:00,gridsat,EMBC,1,0.08704635500907898,0.6095791459083557,0.26621001958847046,0.00841085147112608,0.32096195220947266,2.89424804122973e-07,0.15299642086029053,0.37262415885925293,0.17278529703617096,0.009385591372847557
201904A,2019-10-29 23:15:00,gridsat,EMBC,1,0.08731324225664139,0.40391671657562256,0.2661094069480896,0.013940712437033653,0.31733253598213196,1.0328033113182755e-06,0.14968790113925934,0.5499802827835083,0.17955689132213593,0.032161224633455276
201904A,2019-10-30 12:15:00,gridsat,CRVBND,1,0.08572561293840408,0.022840749472379684,0.26877596974372864,0.7936204671859741,0.3221837878227234,0.010254581458866596,0.14817291498184204,0.04627705737948418,0.17514167726039886,0.1270071566104889
201905A,2019-10-30 12:15:00,gridsat,CRVBND,0,0.12315162271261215,0.0010700460989028215,0.15935824811458588,0.8688167333602905,0.149077370762825,0.015168408863246441,0.2987879812717438,0.0260237455368042,0.2696247696876526,0.08892103284597397
201904A,2019-10-30 18:15:00,gridsat,SHEAR,1,0.08906961977481842,1.7200874253830989e-06,0.2646924555301666,0.08658532053232193,0.3246193528175354,0.9127453565597534,0.1517062932252884,9.059492185770068e-06,0.16991224884986877,0.0006585888331755996
201905A,2019-10-30 18:15:00,gridsat,CRVBND,0,0.15371252596378326,0.0012219127966091037,0.15172070264816284,0.5139668583869934,0.1530383974313736,0.008076604455709457,0.28117835521698,0.025750108063220978,0.26034992933273315,0.45098450779914856
201904A,2019-10-30 23:45:00,gridsat,CRVBND,1,0.08624402433633804,1.7470287275500596e-05,0.2686276435852051,0.4381347894668579,0.3224068284034729,0.5500110387802124,0.14849917590618134,0.0001325463963439688,0.17422233521938324,0.011704164557158947
201904A,2019-10-31 05:45:00,gridsat,SHEAR,1,0.08362647891044617,5.8845376571525776e-08,0.2692309021949768,0.025394324213266373,0.3253476619720459,0.9745674729347229,0.1434030681848526,6.775649126211647e-07,0.17839191854000092,3.743657362065278e-05
201904A,2019-10-31 11:45:00,gridsat,SHEAR,1,0.08503151684999466,2.2555973373528104e-06,0.27079829573631287,0.19585920870304108,0.3230331540107727,0.7893397808074951,0.14683391153812408,2.3050270101521164e-05,0.1743030846118927,0.014775707386434078
201905A,2019-10-31 12:45:00,gridsat,CRVBND,0,0.1472461223602295,0.016837844625115395,0.1627134382724762,0.3612787425518036,0.16483141481876373,0.003299860516563058,0.285861998796463,0.05495472997426987,0.23934704065322876,0.5636288523674011
201904A,2019-10-31 17:45:00,gridsat,CRVBND,1,0.08514182269573212,8.564080781070516e-05,0.27007266879081726,0.38334736227989197,0.32604604959487915,0.601629376411438,0.14620459079742432,0.00017832811863627285,0.17253488302230835,0.014759263023734093
201905A,2019-10-31 17:45:00,gridsat,IRRCDO,0,0.17731846868991852,0.0006257687928155065,0.15324142575263977,0.06098998337984085,0.20090770721435547,0.0010237031383439898,0.26641523838043213,0.0021735834889113903,0.20211714506149292,0.9351869225502014
201904A,2019-11-01 00:15:00,gridsat,CRVBND,1,0.08491864055395126,2.76781775028212e-05,0.269860178232193,0.21823880076408386,0.3278437554836273,0.7759474515914917,0.14478793740272522,0.00010393805132480338,0.1725894957780838,0.005682054907083511
201905A,2019-11-01 00:45:00,gridsat,CRVBND,0,0.2360302209854126,0.006417063996195793,0.1351928412914276,0.2155517041683197,0.20300628244876862,0.0017725771758705378,0.27642399072647095,0.2688514292240143,0.1493467092514038,0.5074072480201721
201904A,2019-11-01 05:45:00,gridsat,SHEAR,1,0.08596223592758179,8.548654295736924e-05,0.2687068283557892,0.4727517366409302,0.32450246810913086,0.4755430519580841,0.1488775610923767,0.00045214840793050826,0.17195087671279907,0.05116759613156319
201905A,2019-11-01 06:15:00,gridsat,CRVBND,0,0.19393160939216614,1.5775063729961403e-05,0.13820835947990417,0.5776787996292114,0.20368817448616028,0.3097829222679138,0.296635240316391,0.001716437516734004,0.16753661632537842,0.11080606281757355
201904A,2019-11-01 11:45:00,gridsat,CRVBND,1,0.0825074315071106,0.019073380157351494,0.27214255928993225,0.22820255160331726,0.32203182578086853,0.0001718236890155822,0.1431332528591156,0.0682368129491806,0.18018494546413422,0.6843154430389404
201905A,2019-11-01 12:45:00,gridsat,CRVBND,0,0.2164430469274521,0.03307896479964256,0.13494572043418884,0.4324459433555603,0.1864025592803955,0.004397258162498474,0.29393288493156433,0.20818963646888733,0.16827580332756042,0.3218882083892822
201905A,2019-11-02 13:15:00,gridsat,CRVBND,0,0.24403075873851776,0.6788997054100037,0.13210010528564453,0.0473104789853096,0.17584861814975739,0.000225774958380498,0.29688143730163574,0.2570804953575134,0.15113909542560577,0.01648361049592495
201905A,2019-11-02 18:15:00,gridsat,CRVBND,0,0.23479364812374115,0.022447960451245308,0.12507322430610657,0.5438263416290283,0.17866677045822144,0.08857213705778122,0.29991137981414795,0.02570628933608532,0.16155500710010529,0.31944727897644043
201905A,2019-11-02 23:45:00,gridsat,CRVBND,0,0.20347949862480164,0.00816260650753975,0.1355634331703186,0.06600333005189896,0.1899598240852356,0.001741391490213573,0.2997801601886749,0.00745359156280756,0.17121709883213043,0.9166390895843506
201905A,2019-11-03 13:15:00,gridsat,EYE,0,0.25009194016456604,0.7418503165245056,0.1327349990606308,0.01442389003932476,0.19070982933044434,2.4752629542490467e-05,0.2795688509941101,0.2165234088897705,0.1468944102525711,0.027177657932043076
201905A,2019-11-03 17:45:00,gridsat,EYE,0,0.31724813580513,0.503653883934021,0.1273372322320938,0.17763283848762512,0.16736730933189392,0.0014641486341133714,0.250055730342865,0.16302810609340668,0.13799163699150085,0.15422101318836212
201905A,2019-11-03 23:45:00,gridsat,EYE,0,0.29161104559898376,0.814171314239502,0.11558394879102707,0.035345833748579025,0.1754225641489029,0.00013054614828433841,0.26206904649734497,0.09511525928974152,0.1553134024143219,0.055237047374248505
201905A,2019-11-04 06:15:00,gridsat,EYE,0,0.25796350836753845,0.598308801651001,0.1342507153749466,0.1454978883266449,0.18594209849834442,0.0012227253755554557,0.2713913321495056,0.2340259701013565,0.1504524201154709,0.020944645628333092
201905A,2019-11-04 11:45:00,gridsat,EYE,0,0.31360894441604614,0.7507355809211731,0.11896996945142746,0.031687963753938675,0.17913678288459778,0.00010015492443926632,0.25366321206092834,0.17337381839752197,0.13462106883525848,0.04410252720117569
201905A,2019-11-04 17:45:00,gridsat,EYE,0,0.4030485451221466,0.31380265951156616,0.11612394452095032,0.011812903918325901,0.14251384139060974,2.3177912225946784e-05,0.221949964761734,0.6183866858482361,0.11636373400688171,0.05597463995218277
201905A,2019-11-05 05:45:00,gridsat,EYE,0,0.18317027390003204,0.8865046501159668,0.1388971209526062,0.004105335101485252,0.22759093344211578,5.039748884883011e-06,0.27936995029449463,0.10624928772449493,0.17097178101539612,0.0031356194522231817
201905A,2019-11-05 11:15:00,gridsat,EMBC,0,0.28039416670799255,0.34911179542541504,0.11991766095161438,0.019809706136584282,0.1939868927001953,4.610176256392151e-05,0.26606816053390503,0.6140999794006348,0.13963310420513153,0.016932416707277298
201905A,2019-11-05 17:45:00,gridsat,CRVBND,0,0.3005474805831909,0.011020801961421967,0.13011999428272247,0.3054504692554474,0.16356782615184784,0.025359196588397026,0.25151440501213074,0.023327112197875977,0.1542503535747528,0.6348423957824707
201905A,2019-11-05 23:45:00,gridsat,CRVBND,0,0.3088954985141754,0.00321228732354939,0.12071220576763153,0.6035977005958557,0.17275148630142212,0.3679988980293274,0.25125816464424133,0.005547984968870878,0.146382674574852,0.019643131643533707
201905A,2019-11-06 05:15:00,gridsat,CRVBND,0,0.1780632585287094,0.052794840186834335,0.13091596961021423,0.09142358601093292,0.2138354480266571,0.0034144199453294277,0.2822105884552002,0.05258306488394737,0.19497472047805786,0.7997840642929077
201905A,2019-11-06 18:00:00,gridsat,SHEAR,0,0.13155987858772278,5.15260126121575e-07,0.12258464843034744,0.05487056449055672,0.22306400537490845,0.9447686076164246,0.2994581460952759,1.4740672668267507e-05,0.22333332896232605,0.0003454895340837538
201905A,2019-11-06 23:45:00,gridsat,SHEAR,0,0.13187263906002045,1.3120736441774028e-10,0.13592343032360077,0.002866569207981229,0.231208935379982,0.9971333742141724,0.30995437502861023,2.554501610241289e-10,0.19104066491127014,3.256106140270276e-08
201905A,2019-11-07 05:15:00,gridsat,SHEAR,0,0.12766467034816742,4.712167545051216e-09,0.13738274574279785,0.0019010195974260569,0.24988749623298645,0.9980990290641785,0.26381421089172363,7.635174159581481e-10,0.22125092148780823,7.760638354170624e-09
201906A,2019-12-03 09:15:00,gridsat,CRVBND,3,0.14552251994609833,0.0006655645556747913,0.17622728645801544,0.7025042176246643,0.2430683672428131,0.05344973877072334,0.2987951934337616,0.02545928582549095,0.13638658821582794,0.21792104840278625
201906A,2019-12-03 15:15:00,gridsat,SHEAR,3,0.13610027730464935,1.5068070752022322e-05,0.17419202625751495,0.4584314525127411,0.2685994505882263,0.535323441028595,0.29221007227897644,0.0019727544859051704,0.12889817357063293,0.004257317632436752
201907A,2019-12-03 15:15:00,gridsat,CRVBND,1,0.08394429832696915,0.21254780888557434,0.27053600549697876,0.1966124027967453,0.31637656688690186,0.00014149407797958702,0.14878961443901062,0.4290892481803894,0.18035347759723663,0.16160906851291656
201906A,2019-12-03 20:15:00,gridsat,CRVBND,3,0.1372053027153015,0.0024848717730492353,0.1759912371635437,0.044595394283533096,0.27369925379753113,0.00014596541586797684,0.2847117483615875,0.030346274375915527,0.12839242815971375,0.9224274754524231
201907A,2019-12-03 20:45:00,gridsat,IRRCDO,1,0.0809570848941803,0.0020636161789298058,0.2713721692562103,0.2528138756752014,0.31627172231674194,0.002412241417914629,0.1439369022846222,0.006751840002834797,0.18746215105056763,0.735958456993103
201906A,2019-12-04 02:45:00,gridsat,EMBC,3,0.15361632406711578,0.040291424840688705,0.1771463006734848,0.01857060007750988,0.2586601674556732,5.090680133434944e-06,0.2753271162509918,0.84077388048172,0.13525007665157318,0.10035891085863113
201907A,2019-12-04 03:15:00,gridsat,CRVBND,1,0.08172719180583954,0.00010238315735477954,0.27214816212654114,0.7168789505958557,0.31423473358154297,0.1553991436958313,0.14476549625396729,0.0005570679786615074,0.18712447583675385,0.12706241011619568
201906A,2019-12-04 09:15:00,gridsat,CRVBND,3,0.14641553163528442,0.09896213561296463,0.17041943967342377,0.04765823110938072,0.2687145471572876,6.32992887403816e-05,0.2916111946105957,0.8425514101982117,0.12283928692340851,0.010764886625111103
201907A,2019-12-04 08:45:00,gridsat,SHEAR,1,0.08580933511257172,3.349036958866236e-08,0.2708359658718109,0.028998708352446556,0.31784775853157043,0.9709776639938354,0.1451036036014557,6.216092742761248e-07,0.18040333688259125,2.2988122509559616e-05
201906A,2019-12-04 14:45:00,gridsat,CRVBND,3,0.1429206132888794,0.0010738103883340955,0.20018796622753143,0.691160261631012,0.28584951162338257,0.2871222198009491,0.2321995049715042,0.007010361645370722,0.1388423889875412,0.013633240014314651
201907A,2019-12-04 15:15:00,gridsat,SHEAR,1,0.09068600088357925,1.8583632410695827e-08,0.25873103737831116,0.002918469486758113,0.3130801022052765,0.9970809817314148,0.1683511734008789,4.7785576384740125e-08,0.16915173828601837,4.264805397724558e-07
201906A,2019-12-04 20:45:00,gridsat,CRVBND,3,0.14682728052139282,0.0003304201236460358,0.1767013520002365,0.29024380445480347,0.2612292766571045,0.006243206560611725,0.26634839177131653,0.02501080557703972,0.14889371395111084,0.6781718134880066
201907A,2019-12-04 20:45:00,gridsat,SHEAR,1,0.08978824317455292,1.1104784869431228e-09,0.25773632526397705,0.0018439911073073745,0.3116965889930725,0.9981536269187927,0.16653749346733093,8.5822016160364e-08,0.1742413491010666,2.3006393803370884e-06
201906A,2019-12-05 02:45:00,gridsat,CRVBND,3,0.1437538117170334,0.009705393575131893,0.1703735738992691,0.41429615020751953,0.2743538022041321,0.0031889427918940783,0.2782813310623169,0.05594571679830551,0.13323745131492615,0.5168638229370117
201906A,2019-12-05 15:00:00,gridsat,CRVBND,3,0.13707676529884338,0.02498636394739151,0.17904388904571533,0.8155107498168945,0.2699069678783417,0.06196038797497749,0.2830337882041931,0.058935411274433136,0.1309385746717453,0.038607027381658554
201906A,2019-12-05 20:45:00,gridsat,IRRCDO,3,0.13199719786643982,0.005760456435382366,0.18371909856796265,0.024928046390414238,0.2754436433315277,7.787692447891459e-05,0.2684917747974396,0.023011619225144386,0.14034830033779144,0.9462220072746277
201906A,2019-12-06 09:45:00,gridsat,CRVBND,3,0.13025042414665222,0.14610329270362854,0.17281363904476166,0.09275440126657486,0.2773803770542145,0.0004659107362385839,0.28530406951904297,0.7406413555145264,0.13425150513648987,0.02003495953977108
201906A,2019-12-06 14:45:00,gridsat,CRVBND,3,0.1328681856393814,0.0022029762621968985,0.17976509034633636,0.7041051983833313,0.27638325095176697,0.153951033949852,0.2763558626174927,0.0071327341720461845,0.13462764024734497,0.13260811567306519
201906A,2019-12-06 20:45:00,gridsat,CRVBND,3,0.13904909789562225,0.00010129679139936343,0.16030459105968475,0.577516496181488,0.2819019854068756,0.3663634955883026,0.28689244389533997,0.00084247364429757,0.13185186684131622,0.05517623946070671
202001B,2020-05-17 09:15:00,gridsat,EMBC,4,0.09965573996305466,0.1758180856704712,0.1204918622970581,0.1222231462597847,0.46961042284965515,7.877034659031779e-05,0.09945142269134521,0.5762721300125122,0.21079057455062866,0.12560787796974182
202001B,2020-05-17 15:15:00,gridsat,EMBC,4,0.29092493653297424,0.09235035628080368,0.10289862751960754,0.05228758975863457,0.15173177421092987,1.4987659596954472e-05,0.2790285348892212,0.6131985783576965,0.17541615664958954,0.2421485334634781
202001B,2020-05-17 20:45:00,gridsat,EYE,4,0.4022156596183777,0.09946200996637344,0.07042878121137619,0.002945548389106989,0.1623467057943344,1.0018511886755732e-07,0.24500241875648499,0.890291690826416,0.12000644952058792,0.007300645112991333
202001B,2020-05-18 02:45:00,gridsat,EYE,4,0.30461835861206055,0.24942821264266968,0.1014639288187027,0.003275786992162466,0.16220365464687347,2.2187985848631797e-07,0.2076440304517746,0.744403064250946,0.22407008707523346,0.002892744494602084
202001B,2020-05-18 08:45:00,gridsat,EYE,4,0.28723621368408203,0.37495526671409607,0.09767510741949081,0.0030225934460759163,0.1614570915699005,9.720075411223661e-08,0.1916724145412445,0.6191690564155579,0.2619591951370239,0.0028529539704322815
202001B,2020-05-18 15:15:00,gridsat,EYE,4,0.4166765809059143,0.436547189950943,0.06361553072929382,0.006830911617726088,0.11786429584026337,4.737079279948375e-07,0.2444515973329544,0.5533572435379028,0.15739195048809052,0.003264209721237421
202001B,2020-05-18 22:15:00,gridsat,EMBC,4,0.2718198895454407,0.38738104701042175,0.07958849519491196,0.0036070176865905523,0.1236700788140297,2.9085984465382353e-07,0.37065839767456055,0.6049075722694397,0.15426316857337952,0.004104106221348047
202001B,2020-05-19 07:45:00,gridsat,EMBC,4,0.059616271406412125,0.7119036912918091,0.14570669829845428,0.00306888110935688,0.4766150414943695,3.7497048310797254e-07,0.10324817150831223,0.2833113372325897,0.21481375396251678,0.0017156917601823807
202001B,2020-05-19 15:15:00,gridsat,EMBC,4,0.28216901421546936,0.6958319544792175,0.10651053488254547,0.0008942484273575246,0.2689823508262634,7.028992854429816e-08,0.15248005092144012,0.3023323118686676,0.1898580938577652,0.0009413505322299898
202001B,2020-05-20 01:45:00,gridsat,EMBC,4,0.22292035818099976,0.7756600379943848,0.07834452390670776,0.0014137225225567818,0.40198633074760437,2.9304729309842514e-07,0.14814740419387817,0.22222937643527985,0.14860141277313232,0.0006966082146391273
202002A,2020-06-02 23:45:00,gridsat,EYE,4,0.15651185810565948,0.058000653982162476,0.10084423422813416,0.15486420691013336,0.44220903515815735,0.0005332049913704395,0.11410961300134659,0.38970714807510376,0.18632522225379944,0.3968948423862457
202002A,2020-06-03 06:15:00,gridsat,EYE,4,0.36224067211151123,0.1277915984392166,0.07500913739204407,0.22170628607273102,0.2981546223163605,0.0006378572434186935,0.14199887216091156,0.4773172438144684,0.12259670346975327,0.17254705727100372
202003A,2020-11-22 06:15:00,gridsat,EYE,4,0.29274600744247437,0.47378239035606384,0.07685482501983643,0.10248992592096329,0.4437424838542938,0.0001791187096387148,0.12702853977680206,0.3791966140270233,0.05962818115949631,0.04435195401310921
202003A,2020-11-22 11:45:00,gridsat,EYE,4,0.4505700170993805,0.16108085215091705,0.0670786127448082,0.6569319367408752,0.2889957129955292,0.018586978316307068,0.12112145870923996,0.07663625478744507,0.0722341537475586,0.08676397055387497
202003A,2020-11-23 11:45:00,gridsat,SHEAR,4,0.044670432806015015,6.539931405313837e-07,0.11037799715995789,0.0778946802020073,0.7355056405067444,0.9220523238182068,0.05308632180094719,8.295534826174844e-06,0.0563596747815609,4.404101491672918e-05
202003A,2020-11-23 17:45:00,gridsat,SHEAR,4,0.04056607186794281,6.2299463934323285e-06,0.09778609871864319,0.11631926894187927,0.7216218113899231,0.8835936188697815,0.0682661235332489,8.278832865471486e-06,0.07175998389720917,7.253348303493112e-05
202004B,2020-11-23 18:15:00,gridsat,CRVBND,2,0.07454857975244522,6.61681333440356e-05,0.61158287525177,0.7543455958366394,0.07242688536643982,0.21464844048023224,0.11955055594444275,0.0030349474400281906,0.12189111113548279,0.027904799208045006
202003A,2020-11-23 23:45:00,gridsat,CRVBND,4,0.04257166013121605,0.004779251758009195,0.11115801334381104,0.6297528147697449,0.7338987588882446,0.28461140394210815,0.047754015773534775,0.000989654567092657,0.0646175891160965,0.07986679673194885
202004B,2020-11-23 23:45:00,gridsat,CRVBND,2,0.04882798716425896,0.07990285009145737,0.6861650943756104,0.3853672444820404,0.05716649070382118,0.0009342256817035377,0.10633449256420135,0.24143370985984802,0.10150592774152756,0.2923619747161865
202003A,2020-11-24 05:15:00,gridsat,CRVBND,4,0.04841037094593048,0.005693349055945873,0.12316558510065079,0.7264587879180908,0.7206107378005981,0.23864690959453583,0.04815227538347244,0.0010907085379585624,0.05966107174754143,0.02811015583574772
202004B,2020-11-25 06:45:00,gridsat,EMBC,2,0.09181613475084305,0.32341620326042175,0.5388940572738647,0.048844244331121445,0.07822757959365845,8.133093797368929e-05,0.17871136963367462,0.6208701133728027,0.11235080659389496,0.0067881206050515175
202004B,2020-11-25 13:15:00,gridsat,EMBC,2,0.06458277255296707,0.618380069732666,0.5753507614135742,0.014339124783873558,0.08830221742391586,8.056880687945522e-06,0.14607472717761993,0.3618878722190857,0.12568950653076172,0.005384818185120821
202004B,2020-11-25 18:45:00,gridsat,IRRCDO,2,0.1214926615357399,0.05700252577662468,0.6176928281784058,0.34356454014778137,0.0722644180059433,0.00448983209207654,0.13748447597026825,0.3416718542575836,0.05106554925441742,0.25327128171920776
202005B,2020-12-01 19:30:00,gridsat,EMBC,1,0.08692498505115509,0.35213276743888855,0.2630208730697632,0.01870613731443882,0.3101200461387634,6.88928821546142e-07,0.15898194909095764,0.5961859226226807,0.18095216155052185,0.0329744927585125
202005B,2020-12-02 01:15:00,gridsat,EMBC,1,0.08397071808576584,0.6216762065887451,0.27033302187919617,0.007883487269282341,0.3174920678138733,3.5726284863812907e-07,0.14774198830127716,0.3638837933540344,0.18046218156814575,0.006556163541972637
202005B,2020-12-02 11:15:00,gridsat,CRVBND,1,0.08426489681005478,0.007281419821083546,0.26472774147987366,0.6890538334846497,0.3275913596153259,0.004256089683622122,0.14877565205097198,0.12470653653144836,0.17464037239551544,0.17470218241214752
202005B,2020-12-02 17:45:00,gridsat,CRVBND,1,0.0851399376988411,0.00020780556951649487,0.2637738883495331,0.6909300684928894,0.3174419701099396,0.01802537962794304,0.15334416925907135,0.0057381149381399155,0.18030007183551788,0.2850985527038574
202005B,2020-12-02 22:45:00,gridsat,EMBC,1,0.0871809870004654,0.09468737989664078,0.2649872601032257,0.06814133375883102,0.320860892534256,8.022157089726534e-06,0.15221543610095978,0.7675883173942566,0.17475543916225433,0.0695749819278717
202005B,2020-12-03 06:45:00,gridsat,CRVBND,1,0.08863028883934021,0.07480727881193161,0.26141321659088135,0.6390863656997681,0.3191235065460205,0.002214019652456045,0.157538041472435,0.1440717726945877,0.17329493165016174,0.13982056081295013
202005B,2020-12-03 12:00:00,gridsat,CRVBND,1,0.08886595815420151,0.0003296353970654309,0.26031821966171265,0.6132966876029968,0.31655052304267883,0.37218809127807617,0.15760546922683716,0.002657587407156825,0.17665976285934448,0.011527987197041512
202005B,2020-12-03 23:45:00,gridsat,CRVBND,1,0.08216491341590881,0.00013780964945908636,0.269664466381073,0.7771787047386169,0.3112291991710663,0.07198483496904373,0.14884507656097412,0.0021452174987643957,0.1880963295698166,0.1485535055398941
202005B,2020-12-04 06:15:00,gridsat,CRVBND,1,0.08506454527378082,0.0001477097684983164,0.26415690779685974,0.7806046009063721,0.3111681640148163,0.1992579996585846,0.15689614415168762,0.002118743723258376,0.18271423876285553,0.017870992422103882
202005B,2020-12-04 11:45:00,gridsat,CRVBND,1,0.0841188058257103,0.00484401173889637,0.26153355836868286,0.8223094940185547,0.31873881816864014,0.036183301359415054,0.1525869369506836,0.03573571518063545,0.1830219030380249,0.10092741250991821
202005B,2020-12-05 05:15:00,gridsat,CRVBND,1,0.08802036941051483,0.07867597043514252,0.2605498731136322,0.7891166806221008,0.3176186978816986,0.014554223977029324,0.15787756443023682,0.09132632613182068,0.17593349516391754,0.02632683888077736
202101A,2021-05-14 09:45:00,gridsat,CRVBND,1,0.0885297879576683,0.0005884900456294417,0.2604178190231323,0.7836984395980835,0.32735511660575867,0.0208921879529953,0.1546066850423813,0.011390375904738903,0.16909055411815643,0.1834305077791214
202101A,2021-05-14 15:15:00,gridsat,CRVBND,1,0.08444236218929291,0.0010905361268669367,0.2655167579650879,0.2733044922351837,0.3151402473449707,0.00025187007850036025,0.15252912044525146,0.03308597207069397,0.18237151205539703,0.692267119884491
202101A,2021-05-14 20:15:00,gridsat,CRVBND,1,0.08414442837238312,0.029498720541596413,0.2655930817127228,0.11435750126838684,0.31940150260925293,1.225814594363328e-05,0.1519080400466919,0.29064229130744934,0.17895296216011047,0.5654892921447754
202101A,2021-05-15 03:15:00,gridsat,EMBC,1,0.09033910185098648,0.25670403242111206,0.25583958625793457,0.00545121356844902,0.31484583020210266,8.034682252855418e-08,0.16337540745735168,0.732880175113678,0.1756000816822052,0.004964524880051613
202101A,2021-05-15 21:15:00,gridsat,EMBC,1,0.08393176645040512,0.25560635328292847,0.2679932415485382,0.001820275792852044,0.3274852931499481,8.253464578444891e-09,0.14483080804347992,0.7396243214607239,0.17575883865356445,0.002949127461761236
202101A,2021-05-16 09:15:00,gridsat,EYE,1,0.08544018864631653,0.41754788160324097,0.26255524158477783,0.008450600318610668,0.320176362991333,2.0714062998195004e-07,0.153873011469841,0.5657909512519836,0.17795519530773163,0.008210370317101479
202101A,2021-05-16 15:15:00,gridsat,EYE,1,0.08368749916553497,0.5347278118133545,0.26435422897338867,0.006552339997142553,0.32214608788490295,1.0347946499678073e-07,0.15210644900798798,0.44907256960868835,0.17770572006702423,0.009647095575928688
202101A,2021-05-16 21:15:00,gridsat,EYE,1,0.08580337464809418,0.6536983847618103,0.2643842399120331,0.004895699210464954,0.3269774615764618,9.271907686070335e-08,0.14801590144634247,0.3383403718471527,0.17481903731822968,0.0030655001755803823
202101A,2021-05-17 02:45:00,gridsat,EYE,1,0.08245263993740082,0.7881547212600708,0.2689010500907898,0.002239261521026492,0.3340068459510803,5.2791634175264335e-08,0.1429358571767807,0.20858362317085266,0.17170359194278717,0.0010223216377198696
202101A,2021-05-17 09:15:00,gridsat,EYE,1,0.08825904875993729,0.6088563203811646,0.2628209590911865,0.021023578941822052,0.3278326988220215,1.8672693613552838e-06,0.1543576717376709,0.3631010949611664,0.1667296290397644,0.007017198484390974
202101A,2021-05-17 15:15:00,gridsat,EYE,1,0.08549200743436813,0.6379607915878296,0.26460424065589905,0.026332320645451546,0.3284631371498108,1.884498487925157e-06,0.14845019578933716,0.32128238677978516,0.17299044132232666,0.014422586187720299
202102B,2021-05-24 03:15:00,gridsat,CRVBND,3,0.14774952828884125,1.2720933000309742e-06,0.1666223406791687,0.6379321217536926,0.24631831049919128,0.3378753662109375,0.3017120957374573,0.0004350059316493571,0.13759775459766388,0.023756276816129684
202102B,2021-05-24 08:45:00,gridsat,CRVBND,3,0.16804109513759613,9.084626981348265e-06,0.17140533030033112,0.8146287202835083,0.23080840706825256,0.11034288257360458,0.28497016429901123,0.0007487810798920691,0.14477495849132538,0.07427038997411728
202102B,2021-05-24 15:15:00,gridsat,CRVBND,3,0.16892124712467194,6.70789995638188e-06,0.1633646935224533,0.7278326749801636,0.22859680652618408,0.06578885763883591,0.31039705872535706,0.0016717822290956974,0.12872014939785004,0.2047000378370285
202102B,2021-05-25 15:15:00,gridsat,EMBC,3,0.144040048122406,0.017948638647794724,0.15375861525535583,0.4343404471874237,0.24017232656478882,0.0016136141493916512,0.32878077030181885,0.23502278327941895,0.1332482248544693,0.31107455492019653
202103B,2021-09-24 12:10:00,gridsat,CRVBND,2,0.05255590379238129,0.009351128712296486,0.5980938076972961,0.662756085395813,0.08708181977272034,0.028793329373002052,0.12580223381519318,0.05106574296951294,0.13646620512008667,0.24803364276885986
202103B,2021-09-24 18:15:00,gridsat,CRVBND,2,0.03355463221669197,0.15478689968585968,0.6008414030075073,0.19807089865207672,0.12777404487133026,0.0011637461138889194,0.11687535792589188,0.23407848179340363,0.1209544986486435,0.41190001368522644
202103B,2021-09-25 18:15:00,gridsat,IRRCDO,2,0.06237451359629631,0.056032124906778336,0.48126617074012756,0.02929086983203888,0.12311041355133057,2.079598380078096e-05,0.11981771886348724,0.04872509092092514,0.21343126893043518,0.8659310936927795
202103B,2021-09-26 00:15:00,gridsat,IRRCDO,2,0.059943944215774536,0.0003769581380765885,0.5860390663146973,0.4420163631439209,0.10627757757902145,0.01079393271356821,0.11531886458396912,0.005221011117100716,0.13242048025131226,0.5415917038917542
202103B,2021-09-26 06:15:00,gridsat,EMBC,2,0.045556943863630295,0.01306406781077385,0.6133067011833191,0.08978644758462906,0.0972699448466301,2.4502895030309446e-05,0.09656086564064026,0.08536646515130997,0.14730556309223175,0.8117585182189941
202103A,2021-10-01 00:45:00,gridsat,EMBC,4,0.3678279221057892,0.10443153977394104,0.07483489066362381,0.15125654637813568,0.26294800639152527,0.0003093373670708388,0.18384188413619995,0.6074713468551636,0.1105472594499588,0.13653124868869781
202103A,2021-10-01 06:15:00,gridsat,EMBC,4,0.4778079688549042,0.37833693623542786,0.055884040892124176,0.011332521215081215,0.23122847080230713,7.765217560518067e-06,0.12923318147659302,0.5953496694564819,0.10584630817174911,0.014973059296607971
202103A,2021-10-01 12:45:00,gridsat,EMBC,4,0.402556449174881,0.7083866596221924,0.0397539846599102,0.029596325010061264,0.33881908655166626,0.00011647053179331124,0.1282527595758438,0.25342124700546265,0.09061765670776367,0.0084793446585536
202103A,2021-10-01 18:15:00,gridsat,EYE,4,0.2065284699201584,0.2627280652523041,0.07398124039173126,0.1845410168170929,0.5733814835548401,0.0017236456042155623,0.09150233864784241,0.2323402613401413,0.05460637807846069,0.3186670243740082
202103A,2021-10-02 00:15:00,gridsat,CRVBND,4,0.242897167801857,0.028924012556672096,0.0830777958035469,0.42752760648727417,0.3805311918258667,0.022925203666090965,0.16790859401226044,0.038614384829998016,0.12558521330356598,0.4820087254047394
202103A,2021-10-02 06:15:00,gridsat,EYE,4,0.33495059609413147,0.023047305643558502,0.05872241035103798,0.2919052541255951,0.2560461163520813,0.006114918272942305,0.20372959971427917,0.07785026729106903,0.14655131101608276,0.6010822057723999
202103A,2021-10-02 18:15:00,gridsat,EMBC,4,0.5243785381317139,0.10308550298213959,0.045591503381729126,0.6889355182647705,0.241996169090271,0.03666592016816139,0.13711288571357727,0.058921679854393005,0.050920937210321426,0.1123913899064064
202103A,2021-10-03 00:15:00,gridsat,CRVBND,4,0.4223489463329315,0.06344975531101227,0.06739664822816849,0.6912318468093872,0.24156790971755981,0.05647215247154236,0.20121216773986816,0.04530514404177666,0.06747429817914963,0.14354106783866882
202103A,2021-10-03 06:15:00,gridsat,EYE,4,0.45266595482826233,0.05005117133259773,0.04381098598241806,0.8164364695549011,0.2904965877532959,0.02539796009659767,0.13996611535549164,0.025886638090014458,0.07306036353111267,0.08222779631614685
202104B,2021-11-11 11:45:00,gridsat,CRVBND,3,0.15671473741531372,6.224629032658413e-05,0.17890645563602448,0.8308022618293762,0.23268438875675201,0.1445099413394928,0.29673218727111816,0.004301170818507671,0.13496217131614685,0.0203242264688015
202105B,2021-12-03 08:45:00,gridsat,CRVBND,4,0.04667530953884125,0.001783926971256733,0.13429847359657288,0.6876379251480103,0.6487340331077576,0.01236373744904995,0.07952054589986801,0.08717091381549835,0.0907716304063797,0.2110435664653778
202105B,2021-12-03 21:15:00,gridsat,CRVBND,4,0.04506942257285118,4.285247086954769e-06,0.09389080107212067,0.31739622354507446,0.7202022075653076,0.6773543953895569,0.06684554368257523,0.00026935985079035163,0.073992058634758,0.004975718446075916
202105B,2021-12-04 03:15:00,gridsat,CRVBND,4,0.07742147147655487,0.0003657451889012009,0.08295758068561554,0.15282131731510162,0.71419757604599,0.00474409107118845,0.0613236241042614,0.0075580705888569355,0.06409982591867447,0.8345108032226562
202105B,2021-12-04 08:15:00,gridsat,IRRCDO,4,0.06506065279245377,0.011853148229420185,0.11006594449281693,0.16308246552944183,0.7130059003829956,0.0008880590903572738,0.06390061229467392,0.07984867691993713,0.047966938465833664,0.7443276047706604
202105B,2021-12-04 15:15:00,gridsat,CRVBND,4,0.04432199150323868,0.00012080492888344452,0.10064216703176498,0.6829724907875061,0.7456728219985962,0.05130184069275856,0.059339169412851334,0.004216596484184265,0.05002381280064583,0.2613883316516876
202105B,2021-12-04 21:15:00,gridsat,CRVBND,4,0.043391671031713486,4.707325388153549e-06,0.09843458980321884,0.5900969505310059,0.7387285232543945,0.34611690044403076,0.05684443190693855,0.0004686139873228967,0.0626007616519928,0.06331279128789902
202105B,2021-12-05 09:15:00,gridsat,CRVBND,4,0.05693475157022476,0.08517012745141983,0.15206745266914368,0.11952130496501923,0.6524947285652161,0.00019103108206763864,0.06662604212760925,0.43559905886650085,0.07187702506780624,0.359518438577652
202105B,2021-12-05 14:45:00,gridsat,IRRCDO,4,0.04896249994635582,5.772714575869031e-05,0.13006724417209625,0.640399158000946,0.6745442152023315,0.06389731913805008,0.06957823038101196,0.0011701304465532303,0.07684781402349472,0.29447561502456665
202201B,2022-03-04 20:45:00,gridsat,CRVBND,2,0.05236831679940224,0.11307090520858765,0.6776676774024963,0.6743568181991577,0.07238198071718216,0.041023071855306625,0.11651315540075302,0.09864845126867294,0.08106886595487595,0.07290076464414597
202201B,2022-03-05 03:15:00,gridsat,CRVBND,2,0.023922881111502647,0.026405056938529015,0.6302085518836975,0.6891676783561707,0.1368562877178192,0.026244785636663437,0.1353665590286255,0.026209717616438866,0.07364575564861298,0.23197269439697266
202201B,2022-03-05 09:15:00,gridsat,CRVBND,2,0.02757093496620655,0.0010061666835099459,0.6278308033943176,0.7337188124656677,0.10911128669977188,0.23540888726711273,0.14118540287017822,0.004920815583318472,0.09430163353681564,0.02494526095688343
202201B,2022-03-05 15:15:00,gridsat,CRVBND,2,0.03309177607297897,0.00023105036234483123,0.5763313174247742,0.40314897894859314,0.1383371204137802,0.5938892364501953,0.13490907847881317,0.0008896056679077446,0.11733078211545944,0.0018410793272778392
202201B,2022-03-05 21:15:00,gridsat,SHEAR,2,0.03158086910843849,8.011097088456154e-05,0.5798150300979614,0.2284640371799469,0.14916229248046875,0.7705754637718201,0.10927298665046692,0.00036698096664622426,0.13016881048679352,0.0005133782397024333
202201B,2022-03-06 03:15:00,gridsat,SHEAR,2,0.028552697971463203,7.100427865225356e-06,0.5450814962387085,0.052107952535152435,0.15647456049919128,0.947807788848877,0.15465229749679565,2.787123594316654e-05,0.1152389645576477,4.930243449052796e-05
202201B,2022-03-06 09:15:00,gridsat,SHEAR,2,0.024707265198230743,3.2811990990921913e-07,0.4813104569911957,0.00547628803178668,0.22324737906455994,0.9945229291915894,0.10447339713573456,4.856360646954272e-07,0.1662614494562149,5.085227527956704e-08
202202B,2022-05-07 09:10:00,gridsat,IRRCDO,0,0.09905942529439926,0.011609348468482494,0.1633886694908142,0.14391545951366425,0.11274199187755585,5.8460256695980206e-05,0.27345433831214905,0.14599232375621796,0.35135558247566223,0.6984243988990784
202202B,2022-05-08 03:15:00,gridsat,EMBC,0,0.12401429563760757,0.1414383351802826,0.1528184413909912,0.0018816638039425015,0.14747288823127747,2.160329515277226e-08,0.31052011251449585,0.8549613356590271,0.2651742100715637,0.0017186199547722936
202202B,2022-05-08 19:45:00,gridsat,IRRCDO,0,0.13750877976417542,0.000780915783252567,0.15029564499855042,0.07674166560173035,0.14129970967769623,5.0486039981478825e-05,0.30306413769721985,0.040854986757040024,0.26783180236816406,0.881571888923645
202202B,2022-05-09 03:45:00,gridsat,IRRCDO,0,0.12973587214946747,0.019993320107460022,0.15331213176250458,0.0411725714802742,0.1631965935230255,8.716616321180481e-06,0.32049545645713806,0.46277058124542236,0.23325994610786438,0.4760547876358032
202202B,2022-05-10 02:15:00,gridsat,EMBC,0,0.14175520837306976,0.1575978547334671,0.1457689106464386,0.023961279541254044,0.190463125705719,4.946674835082376e-06,0.3169578015804291,0.7831951975822449,0.20505495369434357,0.035240672528743744
202202B,2022-05-10 10:15:00,gridsat,EMBC,0,0.12812837958335876,0.124664306640625,0.16258375346660614,0.06662343442440033,0.17551641166210175,9.357508679386228e-05,0.2884165942668915,0.3101508319377899,0.24535486102104187,0.4984678626060486
202202B,2022-05-10 20:45:00,gridsat,CRVBND,0,0.15533305704593658,0.0014102283166721463,0.1551038771867752,0.7767581939697266,0.1639617383480072,0.04890625178813934,0.31760141253471375,0.062109824270009995,0.20799997448921204,0.11081539839506149
202202B,2022-05-11 02:45:00,gridsat,EMBC,0,0.14981424808502197,0.25898876786231995,0.13235460221767426,0.01781301386654377,0.18706396222114563,1.4503591955872253e-05,0.3280526101589203,0.6815032362937927,0.20271457731723785,0.04168050363659859
202202B,2022-05-11 07:45:00,gridsat,IRRCDO,0,0.13711781799793243,0.009699411690235138,0.15386849641799927,0.38317352533340454,0.1745671033859253,0.00508413789793849,0.3157099187374115,0.08954501897096634,0.21873663365840912,0.5124978423118591
202203A,2022-08-12 08:15:00,gridsat,CRVBND,3,0.13790510594844818,0.0023058876395225525,0.17401351034641266,0.8271684646606445,0.26660993695259094,0.09443123638629913,0.28286904096603394,0.013475347310304642,0.13860242068767548,0.06261908262968063
202203A,2022-08-12 15:15:00,gridsat,SHEAR,3,0.1317916065454483,4.799572934643948e-07,0.14986032247543335,0.05843081325292587,0.30832600593566895,0.9415526390075684,0.279396116733551,7.475110123777995e-06,0.13062594830989838,8.520471055817325e-06
202203A,2022-08-12 21:15:00,gridsat,SHEAR,3,0.10385926067829132,5.357879899747786e-07,0.15481632947921753,0.03112679161131382,0.33560165762901306,0.9688693284988403,0.29256966710090637,1.736287458697916e-06,0.1131531223654747,1.5612667993991636e-06
202203A,2022-08-13 09:15:00,gridsat,SHEAR,3,0.11174421012401581,3.6716173212880676e-07,0.15736930072307587,0.003501889295876026,0.34613141417503357,0.9964972138404846,0.2696569263935089,4.85125667637476e-07,0.11509820818901062,1.7118107109581615e-07
202203A,2022-08-13 15:15:00,gridsat,SHEAR,3,0.12417919188737869,1.3919334662659821e-07,0.1695617288351059,0.001620195573195815,0.305236279964447,0.9983793497085571,0.2842211127281189,2.0507154374627135e-07,0.11680164188146591,7.866862006267183e-08
202203A,2022-08-13 21:15:00,gridsat,SHEAR,3,0.13720324635505676,3.399534762138501e-05,0.17827939987182617,0.03348424285650253,0.27608150243759155,0.9663993120193481,0.2599652111530304,4.365775384940207e-05,0.14847064018249512,3.87869295082055e-05
202204B,2022-08-19 00:15:00,gridsat,CRVBND,1,0.08177623897790909,2.687234200493549e-06,0.2680921256542206,0.6361643075942993,0.3197348713874817,0.30389344692230225,0.14789561927318573,0.00018881108553614467,0.18250113725662231,0.05975073575973511
202204B,2022-08-19 06:45:00,gridsat,CRVBND,1,0.08241567760705948,0.06293728202581406,0.2699820399284363,0.37619078159332275,0.32186949253082275,0.00031726303859613836,0.14619794487953186,0.4179033935070038,0.17953477799892426,0.14265131950378418
202204B,2022-08-19 11:15:00,gridsat,CRVBND,1,0.0838029608130455,0.027494996786117554,0.2632606625556946,0.4271848201751709,0.3104637563228607,0.0009370811167173088,0.1572200506925583,0.09595515578985214,0.18525254726409912,0.4484279453754425
202205B,2022-10-23 15:15:00,gridsat,CRVBND,2,0.047459766268730164,0.0006286556017585099,0.6630799174308777,0.8901085257530212,0.07049141824245453,0.03568827360868454,0.12880785763263702,0.01721358671784401,0.0901610404253006,0.05636096000671387
202205B,2022-10-23 20:15:00,gridsat,CRVBND,2,0.04812642186880112,0.0032667159102857113,0.6327496767044067,0.7088032364845276,0.07025469839572906,0.005785982124507427,0.14871540665626526,0.023752247914671898,0.10015378147363663,0.2583918869495392
202205B,2022-10-24 01:45:00,gridsat,CRVBND,2,0.05164941027760506,0.017350688576698303,0.5734475255012512,0.5187624096870422,0.08353312313556671,0.0010356656275689602,0.1447473168373108,0.15625987946987152,0.14662261307239532,0.30659130215644836
202205B,2022-10-24 09:15:00,gridsat,CRVBND,2,0.05268764868378639,0.10454485565423965,0.5809171199798584,0.27611392736434937,0.07650487869977951,0.0005870086024515331,0.15524598956108093,0.5472548007965088,0.13464432954788208,0.07149936258792877
202205B,2022-10-24 15:15:00,gridsat,CRVBND,2,0.050241123884916306,0.0048395744524896145,0.631165087223053,0.7750475406646729,0.08489736914634705,0.01040793675929308,0.129850834608078,0.0673191174864769,0.10384560376405716,0.1423858255147934
202206B,2022-12-08 12:15:00,gridsat,IRRCDO,3,0.170701265335083,0.010268420912325382,0.18591062724590302,0.294216513633728,0.21747301518917084,0.0010047408286482096,0.28316399455070496,0.045127034187316895,0.14275109767913818,0.6493832468986511
202206B,2022-12-08 18:15:00,gridsat,EMBC,3,0.1439623385667801,0.05125413462519646,0.1765061616897583,0.7111372947692871,0.2549456059932709,0.0038595523219555616,0.29986271262168884,0.15801984071731567,0.1247231587767601,0.07572930306196213
202206B,2022-12-09 00:15:00,gridsat,CRVBND,3,0.12136286497116089,0.019644252955913544,0.15680977702140808,0.46352988481521606,0.2718545198440552,0.0026481314562261105,0.33965376019477844,0.1554195135831833,0.1103191152215004,0.35875824093818665
202206B,2022-12-09 06:15:00,gridsat,CRVBND,3,0.14451079070568085,0.005917669273912907,0.16781389713287354,0.5875874757766724,0.2564809024333954,0.04715397581458092,0.2982524633407593,0.09213699400424957,0.13294191658496857,0.2672039270401001
202206B,2022-12-09 12:15:00,gridsat,CRVBND,3,0.13923965394496918,0.00015305606939364225,0.1584584265947342,0.5640044808387756,0.25937530398368835,0.17393912374973297,0.3159385919570923,0.0015782174887135625,0.12698794901371002,0.2603251338005066
202206B,2022-12-09 17:45:00,gridsat,CRVBND,3,0.1284661442041397,3.419480344746262e-05,0.18470411002635956,0.39025190472602844,0.2800053358078003,0.5875731110572815,0.27996888756752014,0.0008303087088279426,0.1268555223941803,0.021310441195964813
202207A,2022-12-15 15:15:00,gridsat,CRVBND,4,0.08178658783435822,0.0011385694378986955,0.09138599783182144,0.6518142223358154,0.6662519574165344,0.05699450522661209,0.07485216110944748,0.003766197245568037,0.08572328090667725,0.28628644347190857
202207A,2022-12-15 21:15:00,gridsat,SHEAR,4,0.04329010099172592,2.6706254629971227e-06,0.0979788601398468,0.43562379479408264,0.7438539266586304,0.5049882531166077,0.04948531091213226,7.558867218904197e-05,0.06539181619882584,0.059309687465429306
202207A,2022-12-16 03:15:00,gridsat,SHEAR,4,0.06320251524448395,6.354761694638e-08,0.0760577842593193,0.13473758101463318,0.7373056411743164,0.8649358749389648,0.05831588804721832,6.5565282056923024e-06,0.0651182010769844,0.00031993177253752947
202207A,2022-12-16 08:45:00,gridsat,SHEAR,4,0.03513758257031441,3.038876883465491e-08,0.07462490350008011,0.072907954454422,0.7748233675956726,0.9267063736915588,0.056337591260671616,1.408720208928571e-06,0.059076547622680664,0.00038419000338763
202207A,2022-12-16 15:15:00,gridsat,SHEAR,4,0.044243354350328445,7.018661207780497e-09,0.11277179419994354,0.022558853030204773,0.7346367239952087,0.9774232506752014,0.0518685020506382,2.543528410114959e-07,0.05647963657975197,1.766826244420372e-05
202207A,2022-12-16 21:15:00,gridsat,SHEAR,4,0.03693882003426552,1.8534231571720738e-07,0.08690040558576584,0.003317645750939846,0.7623370885848999,0.9966819882392883,0.05216424539685249,1.8556471914621397e-08,0.06165943294763565,6.844487643320463e-08
202207A,2022-12-17 03:15:00,gridsat,SHEAR,4,0.05584150180220604,3.510997703415342e-05,0.09423717856407166,0.3077729344367981,0.7121524214744568,0.5532273054122925,0.06236415356397629,2.914151809818577e-05,0.07540475577116013,0.13893549144268036
202301B,2023-05-11 08:30:00,gridsat,EMBC,1,0.08322780579328537,0.1570519655942917,0.2684285640716553,0.045034829527139664,0.3144058883190155,3.8240154935920145e-06,0.15067343413829803,0.7704070806503296,0.18326435983181,0.027502266690135002
202301B,2023-05-11 14:30:00,gridsat,EYE,1,0.08215489983558655,0.3526220917701721,0.26883190870285034,0.02602502517402172,0.32360556721687317,1.3402823242358863e-06,0.14455218613147736,0.565332293510437,0.18085548281669617,0.056019265204668045
202301B,2023-05-12 09:00:00,gridsat,EMBC,1,0.0861627385020256,0.31645774841308594,0.26223739981651306,0.01134803518652916,0.32195574045181274,5.037995833845343e-07,0.15716849267482758,0.6599417328834534,0.1724756509065628,0.012251950800418854
202301B,2023-05-12 15:00:00,gridsat,EYE,1,0.08517534285783768,0.489494651556015,0.2643926739692688,0.007435156963765621,0.3170410692691803,1.497201367328671e-07,0.15788552165031433,0.4852256178855896,0.1755053997039795,0.017844386398792267
202301B,2023-05-12 20:30:00,gridsat,EYE,1,0.08816689252853394,0.33399519324302673,0.25886330008506775,0.0056821187026798725,0.3129657506942749,8.175541665877972e-08,0.16416798532009125,0.6539801359176636,0.17583610117435455,0.006342511158436537
202301B,2023-05-13 03:00:00,gridsat,EMBC,1,0.08762611448764801,0.5229935646057129,0.2596103549003601,0.0010727758053690195,0.3218305706977844,8.100080606254778e-09,0.1600748896598816,0.4748917520046234,0.1708579957485199,0.0010419205063953996
202301B,2023-05-13 15:30:00,gridsat,EMBC,1,0.08692527562379837,0.33586710691452026,0.2609163224697113,0.002033011754974723,0.3255782127380371,9.477259865775522e-09,0.1543959677219391,0.6595004200935364,0.17218421399593353,0.0025994470342993736
202301B,2023-05-13 21:30:00,gridsat,EYE,1,0.08262418210506439,0.5561612844467163,0.26346325874328613,0.001458883285522461,0.32806238532066345,6.559670140404705e-09,0.14926791191101074,0.4411778450012207,0.17658227682113647,0.0012020308058708906
202302A,2023-06-06 09:00:00,gridsat,CRVBND,0,0.1715414673089981,0.11000729352235794,0.1368832141160965,0.31423813104629517,0.16509433090686798,0.003953541163355112,0.3252689838409424,0.4068309962749481,0.20121194422245026,0.16496990621089935
202302A,2023-06-06 15:30:00,gridsat,EMBC,0,0.18086037039756775,0.3304559886455536,0.13284732401371002,0.008978880941867828,0.15717455744743347,4.580021595756989e-06,0.32376712560653687,0.6080852746963501,0.20535066723823547,0.05247528478503227
202302A,2023-06-07 16:00:00,gridsat,IRRCDO,0,0.16026194393634796,0.03660236671566963,0.1310192495584488,0.070827916264534,0.1647735983133316,0.00036622825427912176,0.3242863416671753,0.21735882759094238,0.21965882182121277,0.6748446822166443
202302A,2023-06-08 03:00:00,gridsat,EYE,0,0.1876276582479477,0.018526382744312286,0.14847616851329803,0.3224281072616577,0.14976274967193604,0.004720511380583048,0.3126218020915985,0.12085399776697159,0.20151163637638092,0.5334709882736206
202302A,2023-06-08 09:00:00,gridsat,IRRCDO,0,0.15729902684688568,0.0018583355704322457,0.14385855197906494,0.07850492745637894,0.17396020889282227,0.0022371201775968075,0.30305957794189453,0.0052184308879077435,0.221822589635849,0.9121811985969543
202302A,2023-06-08 15:00:00,gridsat,IRRCDO,0,0.16263118386268616,6.912681419635192e-05,0.15027529001235962,0.06269676983356476,0.17414720356464386,0.0027996250428259373,0.3080165684223175,0.0013207100564613938,0.20492972433567047,0.9331137537956238
202302A,2023-06-09 03:00:00,gridsat,EMBC,0,0.17461122572422028,0.0631365105509758,0.13724038004875183,0.014061104506254196,0.1734296679496765,4.3789282244688366e-06,0.30594101548194885,0.4991909861564636,0.2087777704000473,0.4236069917678833
202303B,2023-06-09 09:00:00,gridsat,SHEAR,2,0.045255064964294434,2.5910051135724643e-06,0.6423487067222595,0.35904601216316223,0.09692519903182983,0.22111916542053223,0.11486481130123138,0.00021378851670306176,0.10060621798038483,0.4196184277534485
202302A,2023-06-09 15:00:00,gridsat,IRRCDO,0,0.19143034517765045,0.0005942729767411947,0.14940835535526276,0.032764967530965805,0.1807548850774765,0.0011143787996843457,0.28484874963760376,0.005938097834587097,0.19355766475200653,0.959588348865509
202303B,2023-06-09 15:00:00,gridsat,SHEAR,2,0.05503251776099205,1.6675465303706005e-05,0.6298438906669617,0.32255226373672485,0.07950180023908615,0.360105961561203,0.13125202059745789,0.0005198728176765144,0.10436974465847015,0.31680524349212646
202302A,2023-06-09 20:30:00,gridsat,EMBC,0,0.18196894228458405,0.1295011043548584,0.14602802693843842,0.001747729373164475,0.18557533621788025,9.022990354878857e-08,0.2978067994117737,0.8534796237945557,0.18862086534500122,0.015271496959030628
202303B,2023-06-09 21:00:00,gridsat,CRVBND,2,0.05809938907623291,0.0005051662446931005,0.6320447325706482,0.3639691174030304,0.08126887679100037,0.010212339460849762,0.1319078803062439,0.005560028366744518,0.09667918086051941,0.619753360748291
202302A,2023-06-10 03:00:00,gridsat,EMBC,0,0.222742959856987,0.19184735417366028,0.1433865875005722,0.01938890665769577,0.15355336666107178,7.871099114709068e-06,0.31611669063568115,0.7180883884429932,0.16420038044452667,0.07066749036312103
202303B,2023-06-10 03:10:00,gridsat,CRVBND,2,0.03630509227514267,0.01880715787410736,0.6788491606712341,0.4280657470226288,0.0991315245628357,0.004855384584516287,0.08739772439002991,0.10592160373926163,0.09831653535366058,0.4423501491546631
202302A,2023-06-10 09:00:00,gridsat,CRVBND,0,0.17398220300674438,4.063178948854329e-08,0.15314659476280212,0.13104978203773499,0.17685064673423767,0.8671593070030212,0.2887134253978729,3.6122146411798894e-05,0.2073071002960205,0.0017547880997881293
202303B,2023-06-10 08:10:00,gridsat,CRVBND,2,0.05698661133646965,0.0005615499103441834,0.6581554412841797,0.6647354364395142,0.07613886147737503,0.28645747900009155,0.10387289524078369,0.004806382581591606,0.10484624654054642,0.043439220637083054
202302A,2023-06-10 14:00:00,gridsat,EMBC,0,0.21880827844142914,0.17058975994586945,0.15260405838489532,0.027366317808628082,0.173489511013031,2.202392352046445e-05,0.27465999126434326,0.4163382947444916,0.18043813109397888,0.3856835961341858
202302A,2023-06-11 02:00:00,gridsat,SHEAR,0,0.15159465372562408,1.792151778090556e-07,0.13500909507274628,0.22359108924865723,0.20574504137039185,0.7751756906509399,0.3188822269439697,0.00023658447025809437,0.18876895308494568,0.0009964469354599714
202302A,2023-06-11 08:30:00,gridsat,EMBC,0,0.18465755879878998,0.18351569771766663,0.130826935172081,0.03891918435692787,0.2102537602186203,5.989290002617054e-05,0.2969039976596832,0.6443999409675598,0.1773577630519867,0.13310523331165314
202302A,2023-06-11 15:00:00,gridsat,SHEAR,0,0.2603307068347931,3.5025298217306045e-09,0.1346806287765503,0.021357059478759766,0.18537573516368866,0.9786306023597717,0.28240275382995605,2.9746686891485297e-07,0.13721011579036713,1.2057702406309545e-05
202302A,2023-06-12 02:00:00,gridsat,EMBC,0,0.2465357482433319,0.29409700632095337,0.13636711239814758,0.005198800470679998,0.1839430183172226,1.53407904690539e-06,0.29444974660873413,0.6913681030273438,0.13870444893836975,0.009334493428468704
202302A,2023-06-12 08:00:00,gridsat,EYE,0,0.226262629032135,0.6738994121551514,0.14236094057559967,0.01045058574527502,0.16511955857276917,3.7567500839941204e-05,0.30666980147361755,0.2907713055610657,0.1595870554447174,0.024841107428073883
202302A,2023-06-12 15:00:00,gridsat,EYE,0,0.3012469410896301,0.5451469421386719,0.14143559336662292,0.059013474732637405,0.14496178925037384,0.0003112435224466026,0.26355722546577454,0.3104146718978882,0.14879843592643738,0.0851137563586235
202302A,2023-06-13 15:00:00,gridsat,EMBC,0,0.2545798420906067,0.26890403032302856,0.13334006071090698,0.04565555602312088,0.17689184844493866,8.415050979238003e-05,0.2991378605365753,0.6390237808227539,0.13605043292045593,0.04633248597383499
202302A,2023-06-13 21:00:00,gridsat,CRVBND,0,0.23719477653503418,0.001596378511749208,0.12851494550704956,0.6656410098075867,0.1693112850189209,0.03590841963887215,0.30582061409950256,0.06505148112773895,0.1591583788394928,0.23180273175239563
202302A,2023-06-14 09:00:00,gridsat,CRVBND,0,0.22189313173294067,0.00047374688438139856,0.13926877081394196,0.5637127757072449,0.1773577630519867,0.15511566400527954,0.28753334283828735,0.00869287271052599,0.17394694685935974,0.2720049023628235
202302A,2023-06-14 15:00:00,gridsat,SHEAR,0,0.27884364128112793,3.667445369615052e-08,0.11909198760986328,0.10137604176998138,0.16855274140834808,0.8974034786224365,0.2833678126335144,3.6623794585466385e-05,0.1501438170671463,0.0011839760700240731
202302A,2023-06-14 21:00:00,gridsat,CRVBND,0,0.20295295119285583,1.4619308785768226e-05,0.12256394326686859,0.5284656286239624,0.191092848777771,0.4491243362426758,0.3095824718475342,0.0007409892859868705,0.17380781471729279,0.021654462441802025
202302A,2023-06-15 03:00:00,gridsat,SHEAR,0,0.19273781776428223,5.131544185132952e-06,0.13166171312332153,0.3274790346622467,0.20570077002048492,0.6717348098754883,0.30532097816467285,0.0005180736188776791,0.16457870602607727,0.00026294513372704387
202302A,2023-06-15 09:00:00,gridsat,CRVBND,0,0.16053037345409393,0.026778820902109146,0.13701725006103516,0.7110704779624939,0.21921399235725403,0.023797689005732536,0.2903132438659668,0.1788274496793747,0.19292506575584412,0.059525515884160995
202302A,2023-06-15 15:00:00,gridsat,CRVBND,0,0.23603065311908722,0.06648144870996475,0.1528201848268509,0.6124434471130371,0.17186789214611053,0.024420643225312233,0.27741870284080505,0.24075445532798767,0.1618625968694687,0.05590004846453667
202304B,2023-08-01 00:00:00,gridsat,CRVBND,4,0.03584543988108635,3.003081246788497e-06,0.09447529166936874,0.8057849407196045,0.6323860287666321,0.11423791199922562,0.08258718252182007,0.002701075281947851,0.15470604598522186,0.0772731751203537
202304B,2023-08-01 06:00:00,gridsat,SHEAR,4,0.04139091074466705,3.61516931945971e-08,0.09892009198665619,0.6139693260192871,0.6242879033088684,0.35868725180625916,0.08790332078933716,6.012820449541323e-05,0.14749769866466522,0.027283212170004845
202305A,2023-10-21 15:30:00,gridsat,EYE,3,0.1360076665878296,0.6190139651298523,0.1624293327331543,0.008244954980909824,0.26641786098480225,9.188622243527789e-06,0.30380627512931824,0.3665159344673157,0.13133886456489563,0.0062158601358532906
202305A,2023-10-21 21:00:00,gridsat,EYE,3,0.1441379338502884,0.5795890092849731,0.16797323524951935,0.047831352800130844,0.2367948591709137,9.928509098244831e-05,0.3096165359020233,0.3542521595954895,0.14147745072841644,0.018228156492114067
202305A,2023-10-22 03:00:00,gridsat,EYE,3,0.13883362710475922,0.6815233826637268,0.15946902334690094,0.013791336677968502,0.262513667345047,2.649998896231409e-05,0.3189910650253296,0.3013318181037903,0.12019263952970505,0.0033270304556936026
202305A,2023-10-22 09:00:00,gridsat,EYE,3,0.1751989871263504,0.8090147972106934,0.15516790747642517,0.023253442719578743,0.23807547986507416,0.00013961680815555155,0.30071553587913513,0.16507387161254883,0.13084205985069275,0.002518304856494069
202305A,2023-10-22 15:00:00,gridsat,EYE,3,0.21067532896995544,0.7805402874946594,0.12350506335496902,0.05213186889886856,0.23337207734584808,0.0002986110339406878,0.30701518058776855,0.15429340302944183,0.1254323422908783,0.01273582223802805
202305A,2023-10-22 21:00:00,gridsat,EYE,3,0.175167515873909,0.6124094128608704,0.13040579855442047,0.07946783304214478,0.22940321266651154,0.00029051461024209857,0.33433520793914795,0.2723827660083771,0.13068832457065582,0.03544943034648895
202305A,2023-10-23 09:30:00,gridsat,SHEAR,3,0.18260276317596436,0.00012282074021641165,0.14106804132461548,0.33714452385902405,0.2215263396501541,0.6619070172309875,0.30961960554122925,0.00014752706920262426,0.1451832801103592,0.000678019248880446
202305A,2023-10-23 15:00:00,gridsat,EYE,3,0.14655554294586182,0.36724767088890076,0.14391788840293884,0.26952242851257324,0.24205604195594788,0.0008288063108921051,0.3316879868507385,0.24049603939056396,0.13578255474567413,0.12190514802932739
202306B,2023-10-24 03:00:00,gridsat,EMBC,1,0.08785733580589294,0.419147789478302,0.2686900496482849,0.010063563473522663,0.3184655010700226,4.131722164402163e-07,0.1524873673915863,0.5650289058685303,0.17249974608421326,0.005759354215115309
202306B,2023-10-24 08:30:00,gridsat,EMBC,1,0.08560017496347427,0.6144681572914124,0.26965370774269104,0.004702532663941383,0.32346221804618835,1.6720144913051627e-07,0.14825323224067688,0.37583044171333313,0.17303067445755005,0.004998759366571903
202306B,2023-10-24 15:00:00,gridsat,EMBC,1,0.08460429310798645,0.45918312668800354,0.27003443241119385,0.0022554262541234493,0.326788991689682,1.5646099527089063e-08,0.1447022259235382,0.5362758040428162,0.17387011647224426,0.0022856909781694412
202307B,2023-11-17 00:00:00,gridsat,CRVBND,3,0.14762331545352936,8.847408025758341e-05,0.16248629987239838,0.14987929165363312,0.2762908637523651,0.008063320070505142,0.28587451577186584,0.0006888092029839754,0.1277250051498413,0.8412800431251526
202307B,2023-11-17 06:00:00,gridsat,SHEAR,3,0.1447121500968933,2.994123349253641e-07,0.1717282086610794,0.08994698524475098,0.26883262395858765,0.9096226096153259,0.2763217091560364,1.1379224815755151e-05,0.13840526342391968,0.00041871797293424606
202308B,2023-12-03 03:00:00,gridsat,CRVBND,2,0.050021909177303314,0.2115442454814911,0.6355355381965637,0.41322487592697144,0.08153588324785233,0.0010776858543977141,0.11927487701177597,0.35711079835891724,0.11363179981708527,0.017042357474565506
202308B,2023-12-03 09:00:00,gridsat,CRVBND,2,0.05908169224858284,0.007872672751545906,0.6033440232276917,0.8220985531806946,0.07668688893318176,0.048510100692510605,0.12791801989078522,0.013102225959300995,0.1329694390296936,0.10841643065214157
202308B,2023-12-03 14:30:00,gridsat,CRVBND,2,0.06883958727121353,0.04785974696278572,0.5848384499549866,0.6959227323532104,0.07926303148269653,0.0044645811431109905,0.12331855297088623,0.17410752177238464,0.14374037086963654,0.0776454359292984
202308B,2023-12-03 20:00:00,gridsat,CRVBND,2,0.05549123138189316,0.015671242028474808,0.69941645860672,0.8410372138023376,0.04939836263656616,0.004506231751292944,0.12036603689193726,0.0643693059682846,0.07532786577939987,0.07441598176956177
202308B,2023-12-04 03:00:00,gridsat,CRVBND,2,0.054051924496889114,0.019644085317850113,0.6663463115692139,0.8535504937171936,0.07161718606948853,0.012183839455246925,0.11514472961425781,0.09143097698688507,0.09283988922834396,0.02319062501192093
202401B,2024-05-25 18:30:00,gridsat,CRVBND,0,0.18690618872642517,4.6692319301655516e-05,0.1369636356830597,0.8799375891685486,0.18441329896450043,0.03270397707819939,0.31080177426338196,0.0071224188432097435,0.18091502785682678,0.08018936961889267
202401B,2024-05-26 00:00:00,gridsat,CRVBND,0,0.17038680613040924,0.009638940915465355,0.14261718094348907,0.30603423714637756,0.18814097344875336,0.0002039431856246665,0.31556621193885803,0.4730229675769806,0.18328885734081268,0.21109984815120697
202401B,2024-05-26 06:00:00,gridsat,CRVBND,0,0.17577478289604187,0.09331663697957993,0.14610712230205536,0.16835559904575348,0.17477674782276154,0.00012697647616732866,0.30734989047050476,0.5939452648162842,0.19599144160747528,0.14425548911094666
202401B,2024-05-26 12:00:00,gridsat,CRVBND,0,0.18938583135604858,0.004192063119262457,0.145948126912117,0.38620075583457947,0.18652406334877014,0.0015495599946007133,0.2920132577419281,0.09583982080221176,0.18612873554229736,0.5122177600860596
202402A,2024-08-30 06:00:00,gridsat,CRVBND,1,0.08570189028978348,0.0001542571553727612,0.268057644367218,0.7051801681518555,0.3197384774684906,0.26267850399017334,0.15070398151874542,0.0010103901149705052,0.17579801380634308,0.03097679279744625
202402A,2024-08-30 12:00:00,gridsat,CRVBND,1,0.08667154610157013,0.00015841415734030306,0.26352769136428833,0.737781286239624,0.3155134916305542,0.2544609308242798,0.15634958446025848,0.0009747525327838957,0.17793765664100647,0.006624611094594002
202402A,2024-08-30 18:00:00,gridsat,CRVBND,1,0.08637155592441559,0.0007092258892953396,0.2695560157299042,0.5717617869377136,0.31771156191825867,0.4236229360103607,0.15027238428592682,0.0006473514367826283,0.17608852684497833,0.0032587414607405663
202402A,2024-08-31 00:00:00,gridsat,CRVBND,1,0.08888984471559525,0.0006312813493423164,0.26681607961654663,0.7506471276283264,0.31642645597457886,0.2366020530462265,0.15352782607078552,0.0027256705798208714,0.17433980107307434,0.009393787942826748
202402A,2024-08-31 06:00:00,gridsat,CRVBND,1,0.08674021065235138,0.012426325120031834,0.27375397086143494,0.704441249370575,0.3186216354370117,0.25462666153907776,0.14700646698474884,0.005173988174647093,0.17387771606445312,0.023331809788942337
202402A,2024-08-31 12:00:00,gridsat,CRVBND,1,0.08675883710384369,0.0004982607206329703,0.26872092485427856,0.4843524098396301,0.3158850371837616,0.12774264812469482,0.14547355473041534,0.0006959830061532557,0.18316161632537842,0.3867107331752777
202402A,2024-08-31 18:00:00,gridsat,CRVBND,1,0.08649957180023193,0.0006296687060967088,0.2700900137424469,0.4525059163570404,0.31833305954933167,0.06218067929148674,0.14344103634357452,0.0010490651475265622,0.18163634836673737,0.48363468050956726
202402A,2024-09-01 00:00:00,gridsat,CRVBND,1,0.08440078794956207,0.010985644534230232,0.27429601550102234,0.6567571759223938,0.3266242742538452,0.05611197277903557,0.1393275260925293,0.01223970390856266,0.17535141110420227,0.2639055848121643
202402A,2024-09-01 06:00:00,gridsat,SHEAR,1,0.084413081407547,5.783603228337597e-06,0.27113404870033264,0.030336257070302963,0.3255503177642822,0.969569981098175,0.141792893409729,6.033688805473503e-06,0.17710964381694794,8.194246038328856e-05
202402A,2024-09-01 12:00:00,gridsat,SHEAR,1,0.08386848866939545,1.8397743133391486e-06,0.275774747133255,0.030026864260435104,0.3240622878074646,0.9698584079742432,0.14313927292823792,8.874193554220255e-06,0.17315523326396942,0.00010388709779363126
202402A,2024-09-01 18:00:00,gridsat,SHEAR,1,0.08044404536485672,1.2802823903257377e-06,0.27968740463256836,0.001597601454705,0.331726610660553,0.9984011054039001,0.13185670971870422,1.7178257039063283e-08,0.17628523707389832,7.137917812372052e-09
202402A,2024-09-01 22:30:00,gridsat,SHEAR,1,0.07813215255737305,1.910021865114686e-06,0.2808992564678192,0.0011931252665817738,0.33602237701416016,0.9988049268722534,0.12671034038066864,4.142576415233634e-08,0.17823584377765656,9.724068661398633e-09
202403B,2024-10-23 13:00:00,gridsat,IRRCDO,4,0.0791790634393692,9.989275895350147e-06,0.1385800838470459,0.5364134907722473,0.48479607701301575,0.008610098622739315,0.10395738482475281,0.07117246836423874,0.19348743557929993,0.3837939202785492
202403B,2024-10-24 00:30:00,gridsat,EMBC,4,0.09004504233598709,0.0017460520612075925,0.15731395781040192,0.02208736166357994,0.4681176245212555,4.184180943411775e-05,0.09695027023553848,0.930886447429657,0.1875731348991394,0.04523831978440285
202403B,2024-10-24 05:30:00,gridsat,CRVBND,4,0.07991713285446167,6.980508828746679e-07,0.14694571495056152,0.816315233707428,0.4862557053565979,0.09986405074596405,0.09228366613388062,0.019986553117632866,0.1945977807044983,0.06383337080478668
202403B,2024-10-25 00:30:00,gridsat,IRRCDO,4,0.08685517311096191,1.9555167455109768e-05,0.1473284810781479,0.22741244733333588,0.48498818278312683,0.023216525092720985,0.08961259573698044,0.013882037252187729,0.19121557474136353,0.7354694604873657
202404B,2024-11-30 09:30:00,gridsat,CRVBND,2,0.07120269536972046,0.0003158430045004934,0.5360794067382812,0.26925140619277954,0.12993894517421722,0.02327153831720352,0.0955435186624527,0.19722391664981842,0.16723543405532837,0.5099372863769531
202404B,2024-11-30 15:00:00,gridsat,CRVBND,2,0.08609487861394882,6.143422215387773e-09,0.5136028528213501,0.026081407442688942,0.10603417456150055,0.9663782715797424,0.10984214395284653,5.288738975650631e-05,0.184425950050354,0.007487394846975803
202404B,2024-11-30 21:00:00,gridsat,IRRCDO,2,0.07695772498846054,3.6392600577528356e-07,0.5213775038719177,0.011142447590827942,0.10723108798265457,0.013247792609035969,0.09026511758565903,0.0001384608040098101,0.20416860282421112,0.9754709005355835
202501B,2025-10-01 12:00:00,gridsat,SHEAR,3,0.15999683737754822,2.4590343983277307e-08,0.17511218786239624,0.05249794200062752,0.2280944138765335,0.9474025368690491,0.31347474455833435,6.656453933828743e-06,0.12332175672054291,9.28620938793756e-05
202501B,2025-10-01 18:00:00,gridsat,SHEAR,3,0.14146257936954498,3.2054963128302916e-09,0.17019487917423248,0.02872968651354313,0.2582721412181854,0.9712673425674438,0.32075417041778564,1.2619395874935435e-06,0.10931629687547684,1.6761407550802687e-06
202501B,2025-10-02 00:00:00,gridsat,CRVBND,3,0.15114569664001465,3.47317927662516e-06,0.16969482600688934,0.22509051859378815,0.2526860535144806,0.03302948549389839,0.2931489646434784,0.0002504129079170525,0.1333245038986206,0.7416260838508606
202501B,2025-10-02 06:00:00,gridsat,CRVBND,3,0.15565890073776245,1.4895723325025756e-05,0.16608117520809174,0.24035434424877167,0.23931404948234558,0.030874447897076607,0.3096252977848053,0.0008273571147583425,0.12932057678699493,0.7279289364814758
202502A,2025-10-03 05:30:00,gridsat,CRVBND,0,0.16603246331214905,0.30392226576805115,0.12885093688964844,0.19182367622852325,0.20955616235733032,0.002889660419896245,0.3190714120864868,0.2864502966403961,0.17648905515670776,0.21491405367851257
202502A,2025-10-03 12:30:00,gridsat,IRRCDO,0,0.15979105234146118,0.2575381398200989,0.12498459219932556,0.05179427191615105,0.21678383648395538,0.0004268876800779253,0.32388317584991455,0.2600553631782532,0.17455729842185974,0.43018537759780884
202502A,2025-10-03 18:00:00,gridsat,IRRCDO,0,0.1929386407136917,0.015539519488811493,0.11849606037139893,0.282021164894104,0.2021520584821701,0.009941864758729935,0.3157006800174713,0.035196345299482346,0.17071257531642914,0.6573010683059692
202502A,2025-10-04 00:00:00,gridsat,CRVBND,0,0.2763611078262329,0.06120330095291138,0.11995844542980194,0.7606114745140076,0.20012706518173218,0.03178424760699272,0.2736339867115021,0.057137902826070786,0.1299193948507309,0.08926305174827576
202502A,2025-10-04 06:00:00,gridsat,CRVBND,0,0.33933526277542114,0.012675113044679165,0.11539898812770844,0.7168193459510803,0.15951742231845856,0.07565104961395264,0.25573182106018066,0.12853218615055084,0.1300164759159088,0.06632232666015625
202502A,2025-10-04 12:00:00,gridsat,EMBC,0,0.24119654297828674,0.0562325045466423,0.1286676526069641,0.13729792833328247,0.17875182628631592,0.0031570347491651773,0.30062347650527954,0.05101247504353523,0.1507604867219925,0.7523000836372375
202502A,2025-10-04 17:00:00,gridsat,IRRCDO,0,0.29902684688568115,0.3945094048976898,0.13779902458190918,0.0031729701440781355,0.15734735131263733,1.032754539664893e-06,0.27222582697868347,0.4419011175632477,0.13360093533992767,0.16041547060012817
202502A,2025-10-05 05:30:00,gridsat,EMBC,0,0.21296633780002594,0.11307599395513535,0.11363949626684189,0.060286447405815125,0.24919217824935913,0.0001372864207951352,0.26124101877212524,0.705476701259613,0.1629609316587448,0.12102359533309937
202502A,2025-10-05 18:00:00,gridsat,CRVBND,0,0.2352755218744278,0.025032298639416695,0.15654699504375458,0.8362355828285217,0.16600380837917328,0.05914410948753357,0.27361705899238586,0.026921246200799942,0.16855663061141968,0.052666693925857544
202502A,2025-10-06 00:00:00,gridsat,SHEAR,0,0.15173348784446716,6.274047336773947e-05,0.14789679646492004,0.19981323182582855,0.21187354624271393,0.7999735474586487,0.29063212871551514,8.739658369449899e-05,0.1978640854358673,6.310598109848797e-05
202502A,2025-10-06 06:00:00,gridsat,SHEAR,0,0.1528426706790924,4.021947574983642e-08,0.12828649580478668,0.04105357453227043,0.2727621793746948,0.9587884545326233,0.2702958285808563,1.0727453627623618e-05,0.17581284046173096,0.00014718022430315614
202502A,2025-10-06 12:00:00,gridsat,SHEAR,0,0.1462056040763855,3.0188182620349835e-08,0.14310888946056366,0.03408917784690857,0.25534242391586304,0.965889036655426,0.26926788687705994,6.737363037245814e-06,0.1860751509666443,1.5009045455371961e-05
202502A,2025-10-06 18:00:00,gridsat,SHEAR,0,0.17888696491718292,3.56233755383073e-07,0.16050392389297485,0.027762586250901222,0.233993262052536,0.9722368121147156,0.21674124896526337,6.653478124007961e-08,0.20987467467784882,8.787988292624505e-08
202502A,2025-10-06 22:30:00,gridsat,SHEAR,0,0.13730905950069427,1.5494777471758425e-05,0.15789462625980377,0.06597626954317093,0.2657414972782135,0.934007465839386,0.24181462824344635,6.230469580259523e-07,0.19724015891551971,7.867684104212458e-08
202503B,2025-10-26 18:00:00,gridsat,CRVBND,1,0.08511476963758469,1.5847776012378745e-05,0.2655646502971649,0.7357559204101562,0.31935787200927734,0.03986465185880661,0.1531379371881485,0.0015453958185389638,0.17682483792304993,0.22281812131404877
202503B,2025-10-27 00:00:00,gridsat,CRVBND,1,0.08448922634124756,0.00023100529506336898,0.2653063237667084,0.4846019744873047,0.31813347339630127,0.0013449833495542407,0.15196958184242249,0.010139821097254753,0.1801013946533203,0.5036821961402893
202503B,2025-10-27 06:00:00,gridsat,CRVBND,1,0.08589235693216324,6.864161719022377e-07,0.2629739046096802,0.51090407371521,0.31213387846946716,0.48354271054267883,0.15660397708415985,0.0001184465509140864,0.1823958158493042,0.005434063728898764
202503B,2025-10-27 13:00:00,gridsat,IRRCDO,1,0.08592159301042557,0.00030274633900262415,0.25914672017097473,0.07754338532686234,0.31581127643585205,6.375546945491806e-05,0.15947310626506805,0.004802456591278315,0.1796472817659378,0.9172877073287964
202503B,2025-10-27 18:00:00,gridsat,CRVBND,1,0.08413673937320709,1.8422572338749887e-06,0.26556769013404846,0.7074352502822876,0.3219343423843384,0.11416394263505936,0.14766071736812592,0.00035707675851881504,0.18070051074028015,0.17804193496704102
202503B,2025-10-27 23:30:00,gridsat,IRRCDO,1,0.08138222992420197,0.0005374632310122252,0.2658436894416809,0.03357553109526634,0.3227999806404114,1.2956087402926642e-06,0.14870022237300873,0.013994826003909111,0.18127381801605225,0.9518908858299255
202503B,2025-10-28 06:00:00,gridsat,CRVBND,1,0.08479546010494232,2.1200165065238252e-05,0.2655493915081024,0.6206203699111938,0.32389354705810547,0.017750510945916176,0.1490660011768341,0.001022603246383369,0.17669561505317688,0.3605852425098419
202503B,2025-10-28 12:00:00,gridsat,CRVBND,1,0.08208487927913666,0.00018698711937759072,0.2651272714138031,0.557884156703949,0.3218594789505005,0.0029001415241509676,0.14841577410697937,0.008013430051505566,0.1825125366449356,0.4310152232646942
202503B,2025-10-28 17:00:00,gridsat,CRVBND,1,0.08445927500724792,6.028599273122381e-06,0.26125791668891907,0.6660758852958679,0.32038161158561707,0.30398550629615784,0.15115846693515778,0.0011499328538775444,0.18274274468421936,0.028782648965716362
202504B,2025-11-25 20:00:00,gridsat,EMBC,2,0.0791209265589714,0.20791907608509064,0.5340181589126587,0.03816866874694824,0.07295192778110504,7.291453698599071e-07,0.14603371918201447,0.5064229965209961,0.167875275015831,0.24748854339122772
202505B,2025-11-27 09:00:00,gridsat,CRVBND,1,0.0906740203499794,0.09677639603614807,0.2576228976249695,0.5191639065742493,0.3179692327976227,0.002249033423140645,0.16087864339351654,0.13958199322223663,0.1728551983833313,0.24222861230373383
202505B,2025-11-29 03:00:00,gridsat,SHEAR,1,0.0883391723036766,3.6861514729480405e-08,0.26218196749687195,0.015504124574363232,0.30872151255607605,0.9844914078712463,0.1618691086769104,1.161015688921907e-06,0.1788882166147232,3.2769930840004236e-06
202505B,2025-11-29 09:00:00,gridsat,SHEAR,1,0.08794599771499634,2.25051799418452e-08,0.26420384645462036,0.02707173116505146,0.3092717230319977,0.9729205965995789,0.16220258176326752,1.0730117310231435e-06,0.17637582123279572,6.651730018347735e-06
202505B,2025-11-29 15:00:00,gridsat,SHEAR,1,0.08659075945615768,7.58044009785408e-08,0.2644970118999481,0.01457422599196434,0.31321701407432556,0.9854242205619812,0.15491724014282227,1.9692903663326433e-07,0.18077802658081055,1.24143866742088e-06
202505B,2025-11-29 21:00:00,gridsat,SHEAR,1,0.08451467007398605,7.432178250610377e-08,0.26728421449661255,0.006135621573776007,0.31669124960899353,0.9938638210296631,0.14983293414115906,6.458888179849964e-08,0.1816769242286682,4.096885106719128e-07
202505B,2025-11-30 03:00:00,gridsat,SHEAR,1,0.08689195662736893,7.704912263761798e-08,0.2663286030292511,0.002925001783296466,0.31664904952049255,0.9970742464065552,0.15532486140727997,1.1334174843113942e-07,0.17480553686618805,5.568649044107588e-07
202505B,2025-11-30 09:00:00,gridsat,SHEAR,1,0.08566606044769287,2.4884803906388697e-07,0.2684566080570221,0.005687943194061518,0.30867800116539,0.994310736656189,0.15183432400226593,1.1907792440979392e-07,0.1853649914264679,9.119947890212643e-07
202505B,2025-11-30 15:00:00,gridsat,SHEAR,1,0.08701103180646896,9.859513738774695e-06,0.26607251167297363,0.03796808421611786,0.31448662281036377,0.9609444737434387,0.15425947308540344,1.8829228793038055e-05,0.17817038297653198,0.0010587964206933975
201401B,2014-01-04 07:30:00,insat,CRVBND,1,0.0851568952202797,2.2980518679105444e-06,0.26502442359924316,0.1899869590997696,0.3170420825481415,0.8055198788642883,0.14620573818683624,3.134796497761272e-05,0.18657085299491882,0.004459618590772152
201401B,2014-01-04 12:00:00,insat,CRVBND,1,0.08900274336338043,3.242683078497066e-06,0.2649771571159363,0.15279506146907806,0.3173278868198395,0.8456666469573975,0.15240778028964996,1.743002576404251e-05,0.17628447711467743,0.0015176287852227688
201401B,2014-01-04 18:00:00,insat,CRVBND,1,0.09175679087638855,1.7319983669494832e-07,0.25680220127105713,0.05095914751291275,0.30813753604888916,0.9481194019317627,0.15637607872486115,1.785232825568528e-06,0.18692734837532043,0.0009194699232466519
201401B,2014-01-05 00:00:00,insat,CRVBND,1,0.08946284651756287,4.618563980329782e-05,0.2648282051086426,0.13596536219120026,0.30687418580055237,0.8618441820144653,0.1571207195520401,3.441616354393773e-05,0.18171408772468567,0.0021098325960338116
201401B,2014-01-05 06:00:00,insat,CRVBND,1,0.08811473846435547,3.054369517485611e-05,0.2637268602848053,0.08444174379110336,0.32604360580444336,0.9128009676933289,0.1489201784133911,3.049317456316203e-05,0.17319463193416595,0.0026962612755596638
201401B,2014-01-05 12:00:00,insat,CRVBND,1,0.08447328954935074,0.0004446594975888729,0.2645539343357086,0.44399887323379517,0.33394917845726013,0.4989137351512909,0.14381887018680573,0.00019189789600204676,0.17320473492145538,0.0564507432281971
201401B,2014-01-05 18:00:00,insat,CRVBND,1,0.08689362555742264,0.0013867240631952882,0.2645677328109741,0.3575049638748169,0.31738752126693726,0.6199114918708801,0.152243971824646,0.0004341920430306345,0.17890715599060059,0.020762743428349495
201401B,2014-01-06 00:00:00,insat,CRVBND,1,0.08539684116840363,0.048944372683763504,0.27033209800720215,0.577879011631012,0.31910786032676697,0.033495306968688965,0.1447432041168213,0.014196977950632572,0.18042001128196716,0.32548433542251587
201402A,2014-06-10 03:00:00,insat,IRRCDO,1,0.08777476102113724,5.244977364782244e-05,0.2616438865661621,0.04071449860930443,0.31562483310699463,0.0005437815561890602,0.16107667982578278,0.0004115587507840246,0.17387980222702026,0.958277702331543
201402A,2014-06-10 20:00:00,insat,EMBC,1,0.09027068316936493,0.046016011387109756,0.25751253962516785,0.3807581961154938,0.32140523195266724,0.00022677304514218122,0.16031929850578308,0.3550160229206085,0.17049220204353333,0.2179829478263855
201402A,2014-06-11 03:00:00,insat,EMBC,1,0.09001141786575317,0.047026652842760086,0.2591909170150757,0.4395218789577484,0.320010244846344,0.00037353046354837716,0.15322786569595337,0.3821386396884918,0.17755955457687378,0.1309392750263214
201402A,2014-06-11 09:30:00,insat,EMBC,1,0.08731620013713837,0.2471703290939331,0.2601226568222046,0.018393350765109062,0.32376909255981445,2.4717658675399434e-07,0.15274421870708466,0.6283875703811646,0.17604781687259674,0.10604844987392426
201402A,2014-06-12 03:30:00,insat,EMBC,1,0.08463011682033539,0.0013121803058311343,0.26874998211860657,0.9069665670394897,0.32889875769615173,0.003973561804741621,0.14744269847869873,0.015651484951376915,0.1702784299850464,0.07209625095129013
201402A,2014-06-12 15:00:00,insat,EMBC,1,0.08964978903532028,0.005544178653508425,0.2576904594898224,0.5509397983551025,0.31976306438446045,0.0017065478023141623,0.15238401293754578,0.04574833810329437,0.1805126816034317,0.39606109261512756
201402A,2014-06-13 09:00:00,insat,SHEAR,1,0.08532743901014328,1.220084016040346e-07,0.2685583531856537,0.01597999408841133,0.3299259841442108,0.9840095043182373,0.14237429201602936,8.753353881729709e-07,0.17381390929222107,9.632368346501607e-06
201402A,2014-06-13 15:00:00,insat,SHEAR,1,0.08602187782526016,2.2122442544514342e-08,0.26719823479652405,0.0018563573248684406,0.32549330592155457,0.9981435537338257,0.14485713839530945,1.873583244105248e-08,0.17642946541309357,6.66073631805375e-08
201402A,2014-06-13 21:00:00,insat,SHEAR,1,0.0844341292977333,1.6822323090082136e-08,0.27108287811279297,0.0007404561620205641,0.3217267394065857,0.9992595314979553,0.14580397307872772,8.944766594076725e-10,0.17695224285125732,1.2627508816365207e-08
201402A,2014-06-14 02:30:00,insat,SHEAR,1,0.08354935050010681,7.827997694498379e-10,0.26812267303466797,0.002130853943526745,0.33176854252815247,0.9978691339492798,0.14261774718761444,2.015911215735855e-09,0.17394165694713593,3.7668876018415176e-08
201403B,2014-10-08 10:30:00,insat,EMBC,1,0.09311902523040771,0.013398667797446251,0.2523763179779053,0.39734697341918945,0.31434568762779236,0.0004458012117538601,0.16464988887310028,0.16387109458446503,0.17550909519195557,0.42493751645088196
201403B,2014-10-09 01:30:00,insat,EMBC,1,0.09034557640552521,0.10380307585000992,0.2612066864967346,0.048626430332660675,0.31368082761764526,1.0007536275224993e-06,0.16238409280776978,0.5882112979888916,0.17238283157348633,0.2593582272529602
201403B,2014-10-09 05:00:00,insat,EMBC,1,0.09046228975057602,0.18578653037548065,0.25293949246406555,0.0782843753695488,0.32705214619636536,5.800482540507801e-06,0.15813538432121277,0.48376813530921936,0.1714106947183609,0.2521551251411438
201403B,2014-10-11 06:00:00,insat,EYE,1,0.08917523920536041,0.16454081237316132,0.25911298394203186,0.056854672729969025,0.3210703730583191,3.0053693080844823e-06,0.15867303311824799,0.6714807748794556,0.17196844518184662,0.10712071508169174
201403B,2014-10-11 12:00:00,insat,EYE,1,0.09028757363557816,0.4032941460609436,0.2561701536178589,0.012310014106333256,0.3223486840724945,1.584264879284092e-07,0.16002270579338074,0.545012891292572,0.1711709052324295,0.03938281536102295
201403B,2014-10-11 23:30:00,insat,EYE,1,0.08767109364271164,0.38429901003837585,0.26437580585479736,0.008330494165420532,0.3230004906654358,8.329229927994675e-08,0.1555851846933365,0.5897144079208374,0.16936740279197693,0.01765604130923748
201403B,2014-10-12 06:00:00,insat,EYE,1,0.08589982241392136,0.7524930238723755,0.2631503939628601,0.004625565372407436,0.32941457629203796,1.5362297745014075e-07,0.15082406997680664,0.23994384706020355,0.17071111500263214,0.002937394194304943
201404A,2014-10-25 23:30:00,insat,CRVBND,0,0.1710294485092163,0.030274227261543274,0.12964439392089844,0.03539301082491875,0.1792360246181488,7.562910468550399e-05,0.33742883801460266,0.1094018816947937,0.1826612502336502,0.8248552680015564
201404A,2014-10-26 06:00:00,insat,EMBC,0,0.18645010888576508,0.002055969787761569,0.1129717007279396,0.24450397491455078,0.1935027688741684,0.006548124831169844,0.31815066933631897,0.05159639194607735,0.18892477452754974,0.6952955722808838
201404A,2014-10-26 13:30:00,insat,EMBC,0,0.1895187348127365,0.04599418863654137,0.1228368729352951,0.4311988055706024,0.1784786880016327,0.006413606461137533,0.3274974822998047,0.29890763759613037,0.18166829645633698,0.21748581528663635
201404A,2014-10-27 00:00:00,insat,EYE,0,0.24832476675510406,0.00915739219635725,0.11336464434862137,0.3078545928001404,0.17829258739948273,0.006456507835537195,0.3288365304470062,0.08931761980056763,0.1311814934015274,0.5872138738632202
201404A,2014-10-27 05:00:00,insat,EYE,0,0.24908627569675446,0.0077055576257407665,0.10828973352909088,0.49000343680381775,0.16990266740322113,0.009634377434849739,0.3252464830875397,0.19069190323352814,0.14747485518455505,0.30196475982666016
201404A,2014-10-27 12:30:00,insat,EMBC,0,0.25849995017051697,0.0007847679662518203,0.12643438577651978,0.6560218930244446,0.1795440912246704,0.21943360567092896,0.3091373145580292,0.011242778040468693,0.12638431787490845,0.11251698434352875
201404A,2014-10-28 01:00:00,insat,EMBC,0,0.20565737783908844,0.00010584117262624204,0.10778780281543732,0.47416073083877563,0.17340786755084991,0.05625878646969795,0.34168240427970886,0.01121352706104517,0.17146454751491547,0.4582611322402954
201404A,2014-10-28 06:00:00,insat,EYE,0,0.18512718379497528,0.0020108954049646854,0.11519892513751984,0.19299766421318054,0.19339784979820251,0.002989827422425151,0.3390292227268219,0.024737870320677757,0.16724680364131927,0.7772637605667114
201404A,2014-10-28 12:00:00,insat,EYE,0,0.264951229095459,0.45007556676864624,0.1266574263572693,0.012919383123517036,0.15466482937335968,8.79070648807101e-06,0.30906060338020325,0.5136925578117371,0.14466595649719238,0.023303698748350143
201404A,2014-10-29 00:00:00,insat,EMBC,0,0.37372228503227234,0.41501161456108093,0.10323243588209152,0.2547031342983246,0.12748382985591888,0.0027250784914940596,0.27650296688079834,0.2757599353790283,0.11905854195356369,0.051800165325403214
201404A,2014-10-29 12:30:00,insat,EMBC,0,0.29213449358940125,0.006571628153324127,0.11644767224788666,0.8652060627937317,0.18796662986278534,0.0766332671046257,0.27175408601760864,0.024501893669366837,0.1316971629858017,0.027087241411209106
201404A,2014-10-30 00:00:00,insat,IRRCDO,0,0.17592883110046387,0.057828374207019806,0.11230552196502686,0.015489052049815655,0.22223623096942902,2.0386867618071847e-05,0.31931716203689575,0.15394160151481628,0.1702122539281845,0.7727205753326416
201404A,2014-10-30 12:00:00,insat,CRVBND,0,0.17417556047439575,1.7078558812499978e-05,0.12705352902412415,0.4007115662097931,0.24816769361495972,0.38651782274246216,0.29336652159690857,0.0005222808104008436,0.15723666548728943,0.21223123371601105
201404A,2014-10-31 00:00:00,insat,SHEAR,0,0.1342211812734604,4.299708677990566e-08,0.12529624998569489,0.01639431342482567,0.2640891373157501,0.9836049675941467,0.28819239139556885,5.714699824466152e-08,0.18820104002952576,7.352077773248311e-07
201404A,2014-10-31 05:30:00,insat,SHEAR,0,0.11748801171779633,7.35192813294816e-08,0.11154992878437042,0.02065187692642212,0.27033305168151855,0.9792097806930542,0.28280192613601685,2.471318111929577e-06,0.21782711148262024,0.0001358211156912148
201405B,2014-11-06 05:00:00,insat,EMBC,3,0.1378105878829956,0.05008785426616669,0.15978491306304932,0.24257411062717438,0.30387985706329346,0.005198267288506031,0.29151982069015503,0.11401014775037766,0.10700485855340958,0.5881296396255493
201405B,2014-11-06 12:00:00,insat,CRVBND,3,0.13445144891738892,5.781117579317652e-06,0.1592516154050827,0.4279382526874542,0.27869364619255066,0.3049643933773041,0.29043784737586975,0.0003387060423847288,0.13716547191143036,0.26675286889076233
201405B,2014-11-07 06:00:00,insat,CRVBND,3,0.13800378143787384,2.2143462956591975e-06,0.17878010869026184,0.19710205495357513,0.2992413341999054,0.7858664393424988,0.2507117986679077,2.8971624487894587e-05,0.13326303660869598,0.017000265419483185
201405B,2014-11-07 12:00:00,insat,CRVBND,3,0.1268526017665863,5.882502955500968e-05,0.20342108607292175,0.15942122042179108,0.31077325344085693,0.8374289870262146,0.23279979825019836,3.598303010221571e-05,0.12615320086479187,0.00305503630079329
201405B,2014-11-08 00:00:00,insat,SHEAR,3,0.12694844603538513,8.240962756644876e-08,0.1885431706905365,0.005842089187353849,0.30500978231430054,0.9941576719284058,0.2490932196378708,2.322458136916339e-08,0.13040542602539062,1.0359437396800786e-07
201405B,2014-11-08 05:30:00,insat,SHEAR,3,0.11106401681900024,1.5222188665120484e-07,0.21077054738998413,0.009909647516906261,0.3312962055206299,0.9900844097137451,0.23485304415225983,1.124659547713236e-07,0.1120162382721901,5.656842859025346e-06
201501A,2015-06-07 09:00:00,insat,CRVBND,4,0.07349371910095215,0.3312477767467499,0.17325398325920105,0.41633349657058716,0.5652828812599182,0.017201369628310204,0.08043042570352554,0.2085815668106079,0.10753902792930603,0.026635732501745224
201501A,2015-06-07 15:00:00,insat,CRVBND,4,0.19274699687957764,4.730067666969262e-05,0.1428147256374359,0.05533201992511749,0.2689146101474762,0.0022844753693789244,0.19387544691562653,0.0010216201189905405,0.20164825022220612,0.9413146376609802
201501A,2015-06-07 21:00:00,insat,IRRCDO,4,0.06256673485040665,0.0017446111887693405,0.13083943724632263,0.05816856026649475,0.5567712187767029,5.972703729639761e-05,0.0986335501074791,0.08472461998462677,0.15118905901908875,0.8553024530410767
201501A,2015-06-08 03:00:00,insat,EMBC,4,0.07444543391466141,0.010685187764465809,0.13369883596897125,0.08021251112222672,0.5851545333862305,5.43386850040406e-05,0.08572709560394287,0.3865346610546112,0.1209741160273552,0.5225132703781128
201501A,2015-06-08 21:00:00,insat,IRRCDO,4,0.051953867077827454,0.00020336901070550084,0.1416015475988388,0.10796483606100082,0.644603967666626,0.001797202625311911,0.06348559260368347,0.010913031175732613,0.09835502505302429,0.8791216015815735
201501A,2015-06-09 03:00:00,insat,IRRCDO,4,0.07573425024747849,4.908857590635307e-05,0.13692978024482727,0.13662470877170563,0.5147529244422913,0.0017437711358070374,0.10964036732912064,0.008249263279139996,0.16294270753860474,0.8533331751823425
201501A,2015-06-09 15:00:00,insat,CRVBND,4,0.07481705397367477,3.403830487513915e-05,0.11858565360307693,0.585704505443573,0.6020285487174988,0.2868112325668335,0.08926699310541153,0.00218470161780715,0.11530175805091858,0.12526550889015198
201501A,2015-06-09 21:00:00,insat,IRRCDO,4,0.23136059939861298,0.00031501305056735873,0.10186482965946198,0.482600599527359,0.37291765213012695,0.02626519463956356,0.16434045135974884,0.013867266476154327,0.12951651215553284,0.4769518971443176
201501A,2015-06-10 03:00:00,insat,EMBC,4,0.1877560317516327,0.013493342325091362,0.09255557507276535,0.536637008190155,0.46050572395324707,0.008853176608681679,0.11762180924415588,0.08900619298219681,0.1415608525276184,0.3520103096961975
201501A,2015-06-10 21:00:00,insat,SHEAR,4,0.050968192517757416,2.3703210899839178e-05,0.11518291383981705,0.3230595588684082,0.7083560228347778,0.6738830208778381,0.06345606595277786,0.00017386327090207487,0.06203681603074074,0.0028598483186215162
201501A,2015-06-11 03:00:00,insat,CRVBND,4,0.05450119450688362,0.0001616127701709047,0.15173767507076263,0.5137647986412048,0.6371815800666809,0.01854625903069973,0.07474276423454285,0.007240082137286663,0.08183680474758148,0.46028727293014526
201501A,2015-06-11 09:00:00,insat,EMBC,4,0.22381563484668732,0.005503621883690357,0.1615792065858841,0.6924596428871155,0.41070833802223206,0.008622386492788792,0.12813277542591095,0.14794200658798218,0.07576404511928558,0.14547236263751984
201501A,2015-06-11 15:00:00,insat,CRVBND,4,0.07174494117498398,0.10945573449134827,0.08883515000343323,0.7132958769798279,0.6756646037101746,0.06258205324411392,0.08780234307050705,0.07727605849504471,0.0759529247879982,0.03739025071263313
201501A,2015-06-11 21:00:00,insat,CRVBND,4,0.05646960064768791,0.017843622714281082,0.13502852618694305,0.711571455001831,0.6722220778465271,0.20825164020061493,0.06928912550210953,0.014341617003083229,0.06699061393737793,0.04799165204167366
201502B,2015-07-29 01:00:00,insat,CRVBND,3,0.15615196526050568,0.00013288087211549282,0.17570126056671143,0.6943314671516418,0.25857043266296387,0.2844846546649933,0.27398842573165894,0.00660150358453393,0.1355878859758377,0.01444951817393303
201502B,2015-07-29 06:00:00,insat,CRVBND,3,0.169917032122612,7.420862675644457e-05,0.18632712960243225,0.7580850124359131,0.2333606779575348,0.19847427308559418,0.2502663731575012,0.00708464439958334,0.16012883186340332,0.036281902343034744
201502B,2015-07-29 12:00:00,insat,CRVBND,3,0.15428228676319122,0.0002952949143946171,0.17776943743228912,0.6816220283508301,0.26964452862739563,0.006291963625699282,0.2752561569213867,0.024347277358174324,0.12304753810167313,0.28744345903396606
201502B,2015-07-29 18:00:00,insat,CRVBND,3,0.13726010918617249,0.0018135657301172614,0.1661357432603836,0.8846338987350464,0.27877867221832275,0.051339950412511826,0.2988595962524414,0.010170998051762581,0.11896591633558273,0.05204163119196892
201502B,2015-07-30 00:00:00,insat,CRVBND,3,0.16169464588165283,2.1938560166745447e-05,0.17282427847385406,0.7918944358825684,0.2671775221824646,0.17875705659389496,0.2719809114933014,0.0057538095861673355,0.12632262706756592,0.02357286401093006
201502B,2015-07-30 06:00:00,insat,CRVBND,3,0.1790049523115158,0.006724734324961901,0.19010022282600403,0.7211629152297974,0.22238826751708984,0.025789065286517143,0.2589435875415802,0.10540980845689774,0.14956295490264893,0.14091351628303528
201503A,2015-10-09 21:00:00,insat,CRVBND,2,0.053061001002788544,0.010037814266979694,0.549246072769165,0.04001651704311371,0.13745810091495514,7.832479604985565e-05,0.1386186182498932,0.01038387231528759,0.1216161772608757,0.9394835233688354
201503A,2015-10-10 03:30:00,insat,IRRCDO,2,0.0490402951836586,0.20122291147708893,0.5321861505508423,0.06570887565612793,0.13506707549095154,2.126704202964902e-05,0.18183283507823944,0.2598262429237366,0.10187365114688873,0.47322067618370056
201503A,2015-10-10 09:00:00,insat,CRVBND,2,0.1031818687915802,0.004023779649287462,0.5175800919532776,0.7593296766281128,0.08919373899698257,0.04668910801410675,0.2088274508714676,0.02936209924519062,0.08121687173843384,0.1605953723192215
201503A,2015-10-10 15:00:00,insat,CRVBND,2,0.11998143792152405,0.00021246516553219408,0.48208117485046387,0.3348201513290405,0.13066528737545013,0.6465082168579102,0.16005338728427887,0.000430618179962039,0.10721872001886368,0.018028585240244865
201503A,2015-10-10 21:00:00,insat,CRVBND,2,0.03393707796931267,3.4498727927712025e-06,0.3889455199241638,0.06861530244350433,0.3111267685890198,0.9312096238136292,0.16477958858013153,2.773212872853037e-05,0.1012110635638237,0.00014384611858986318
201503A,2015-10-11 03:00:00,insat,CRVBND,2,0.04386594146490097,2.8598858534678584e-06,0.6021817326545715,0.2078031599521637,0.1309507191181183,0.7543931603431702,0.12749631702899933,2.357244557060767e-05,0.09550526738166809,0.037777263671159744
201503A,2015-10-11 09:00:00,insat,CRVBND,2,0.056679241359233856,0.0014308555983006954,0.5689443945884705,0.4807058870792389,0.12984421849250793,0.009421934373676777,0.13872860372066498,0.006203450262546539,0.10580352693796158,0.502237856388092
201503A,2015-10-11 15:00:00,insat,CRVBND,2,0.03379034623503685,0.004897980950772762,0.5159140229225159,0.5310943722724915,0.16909965872764587,0.45607790350914,0.1315922886133194,0.004469691775739193,0.14960366487503052,0.0034600470680743456
201503A,2015-10-11 21:00:00,insat,CRVBND,2,0.03637393191456795,0.00034865023917518556,0.5894218683242798,0.37974080443382263,0.15771210193634033,0.18153485655784607,0.13767492771148682,0.0002549132623244077,0.07881724089384079,0.4381207227706909
201504A,2015-10-28 20:30:00,insat,EMBC,2,0.18159686028957367,0.2604925036430359,0.43981677293777466,0.1368376463651657,0.10477739572525024,0.00043143206858076155,0.21551375091075897,0.5803956985473633,0.058295272290706635,0.021842725574970245
201504A,2015-10-29 03:00:00,insat,CRVBND,2,0.1347915381193161,0.008777792565524578,0.4412127137184143,0.7612084746360779,0.12557585537433624,0.12266362458467484,0.222105473279953,0.053383611142635345,0.07631438225507736,0.05396648868918419
201504A,2015-10-29 09:00:00,insat,EMBC,2,0.15005487203598022,0.3754492998123169,0.5044931173324585,0.04713686928153038,0.09801138937473297,7.933886081445962e-05,0.18254686892032623,0.29717326164245605,0.0648937001824379,0.28016120195388794
201504A,2015-10-29 15:00:00,insat,EYE,2,0.426467627286911,0.2702464461326599,0.33111652731895447,0.17014682292938232,0.06206735596060753,0.0006862577865831554,0.1587524116039276,0.3580540716648102,0.021596157923340797,0.2008664309978485
201504A,2015-10-29 21:30:00,insat,EMBC,2,0.3510974049568176,0.45396098494529724,0.3485250771045685,0.022083496674895287,0.08473928272724152,9.403100193594582e-06,0.1704811006784439,0.4470663070678711,0.04515718296170235,0.07687973976135254
201504A,2015-10-30 03:00:00,insat,EYE,2,0.5180370211601257,0.4643615186214447,0.2927115857601166,0.022935280576348305,0.06910882145166397,6.039092113496736e-06,0.1001855731010437,0.4696703851222992,0.019956931471824646,0.043026722967624664
201504A,2015-10-30 15:00:00,insat,EYE,2,0.23172403872013092,0.3618263006210327,0.4064711332321167,0.3666711449623108,0.06663132458925247,0.005203112494200468,0.23235803842544556,0.19751018285751343,0.06281547248363495,0.06878924369812012
201504A,2015-10-31 03:00:00,insat,EYE,2,0.39878585934638977,0.05511079728603363,0.3094220459461212,0.24915561079978943,0.06015980616211891,0.0008364269160665572,0.20342789590358734,0.13443942368030548,0.028204388916492462,0.5604577660560608
201504A,2015-10-31 09:00:00,insat,EYE,2,0.6791605949401855,0.1205112487077713,0.19460034370422363,0.5133951902389526,0.04099621996283531,0.0046309297904372215,0.07071142643690109,0.25842875242233276,0.014531406573951244,0.10303391516208649
201504A,2015-10-31 15:00:00,insat,EYE,2,0.5836915373802185,0.3029332458972931,0.24416115880012512,0.32332152128219604,0.03445341810584068,0.002131897024810314,0.11910209059715271,0.24540500342845917,0.018591828644275665,0.1262083798646927
201504A,2015-10-31 21:00:00,insat,EYE,2,0.5876818299293518,0.1441025733947754,0.2704133093357086,0.07865943759679794,0.03022889606654644,6.481043237727135e-05,0.0968092754483223,0.7431418299674988,0.014866744168102741,0.03403139486908913
201504A,2015-11-01 04:00:00,insat,EYE,2,0.6350225210189819,0.2427407056093216,0.23413091897964478,0.05438041314482689,0.03442844748497009,4.814249768969603e-05,0.08465864509344101,0.6850336790084839,0.011759473942220211,0.01779705472290516
201504A,2015-11-01 09:00:00,insat,EYE,2,0.6120054125785828,0.1884194314479828,0.1919112652540207,0.14922748506069183,0.04933537542819977,0.00030567176872864366,0.12418663501739502,0.641563355922699,0.022561276331543922,0.020484112203121185
201504A,2015-11-01 15:00:00,insat,EYE,2,0.7362500429153442,0.4401344060897827,0.15562115609645844,0.2437572181224823,0.031439945101737976,0.001991039840504527,0.0663987323641777,0.287363737821579,0.0102900555357337,0.026753559708595276
201504A,2015-11-01 21:00:00,insat,EYE,2,0.7676345109939575,0.39422643184661865,0.13452604413032532,0.2136370837688446,0.03318221494555473,0.001078749424777925,0.05505964159965515,0.2778932452201843,0.009597591124475002,0.1131645143032074
201504A,2015-11-02 03:00:00,insat,EYE,2,0.587532639503479,0.6861655116081238,0.280070036649704,0.040866345167160034,0.04663236066699028,9.120067988988012e-05,0.0778932049870491,0.2599067687988281,0.007871736772358418,0.012970213778316975
201504A,2015-11-02 09:00:00,insat,EYE,2,0.6417479515075684,0.6383208632469177,0.22696369886398315,0.17307904362678528,0.033585287630558014,0.0070853037759661674,0.08600262552499771,0.15421730279922485,0.011700413189828396,0.027297480031847954
201504A,2015-11-02 15:00:00,insat,EYE,2,0.7017154693603516,0.638373076915741,0.18753527104854584,0.22333326935768127,0.035450298339128494,0.0419253371655941,0.059165168553590775,0.07400568574666977,0.016133777797222137,0.02236267551779747
201504A,2015-11-03 03:30:00,insat,CRVBND,2,0.06903792172670364,0.002697767224162817,0.5240088105201721,0.4450496733188629,0.12667830288410187,0.44331055879592896,0.19894446432590485,0.006931191310286522,0.08133051544427872,0.1020108088850975
201505A,2015-11-05 08:00:00,insat,CRVBND,0,0.19885626435279846,0.1932544857263565,0.11463914066553116,0.05992792174220085,0.20418232679367065,0.00016035157022997737,0.3050336241722107,0.5925754308700562,0.17728868126869202,0.1540818214416504
201505A,2015-11-05 14:30:00,insat,CRVBND,0,0.28562092781066895,0.045196495950222015,0.11701711267232895,0.5793877840042114,0.17491409182548523,0.03729955852031708,0.27918460965156555,0.025414327159523964,0.14326328039169312,0.31270185112953186
201505A,2015-11-06 09:00:00,insat,CRVBND,0,0.18959981203079224,0.2417592704296112,0.12072144448757172,0.18524807691574097,0.20250572264194489,0.0023228218778967857,0.3056393563747406,0.11751116067171097,0.18153364956378937,0.4531586468219757
201505A,2015-11-06 15:00:00,insat,CRVBND,0,0.3005909025669098,0.07655958831310272,0.11751601845026016,0.809940755367279,0.19863787293434143,0.06795956194400787,0.27214497327804565,0.025886211544275284,0.11111027002334595,0.019653882831335068
201505A,2015-11-07 09:00:00,insat,EMBC,0,0.3653651177883148,0.5705609321594238,0.12604950368404388,0.11418105661869049,0.1670529544353485,0.0009759991662576795,0.2325899302959442,0.15724316239356995,0.10894256830215454,0.1570388227701187
201505A,2015-11-07 21:00:00,insat,EYE,0,0.30981531739234924,0.0002110053028445691,0.11277835071086884,0.42815420031547546,0.1574835628271103,0.32843661308288574,0.2965551018714905,0.0005853526527062058,0.12336762249469757,0.2426127791404724
201505A,2015-11-08 03:00:00,insat,EYE,0,0.27637818455696106,0.0007444847142323852,0.12882870435714722,0.04832819104194641,0.18789270520210266,0.0026013285387307405,0.2774965763092041,0.0014067008160054684,0.12940390408039093,0.9469192624092102
201505A,2015-11-08 08:00:00,insat,EYE,0,0.32473793625831604,0.7160918712615967,0.1143462285399437,0.03087468259036541,0.16999904811382294,0.00010714520612964407,0.2637122869491577,0.12290942668914795,0.1272045075893402,0.13001693785190582
201505A,2015-11-09 03:30:00,insat,EMBC,0,0.28876206278800964,0.1517898440361023,0.1410614550113678,0.34704726934432983,0.17170387506484985,0.07047195732593536,0.26770350337028503,0.018256543204188347,0.13076911866664886,0.4124343693256378
201505A,2015-11-09 09:00:00,insat,IRRCDO,0,0.23955360054969788,0.22488977015018463,0.12977935373783112,0.35312408208847046,0.1895618587732315,0.16623036563396454,0.29345670342445374,0.02174399606883526,0.14764849841594696,0.23401178419589996
201505A,2015-11-09 15:00:00,insat,CRVBND,0,0.21969962120056152,9.273742762161419e-05,0.11884301900863647,0.043719030916690826,0.20038479566574097,0.9560434222221375,0.2986562252044678,2.9554317734437063e-05,0.16241636872291565,0.00011533535871421918
201505A,2015-11-09 21:00:00,insat,SHEAR,0,0.1851586550474167,1.5898225456112414e-06,0.10866209864616394,0.005120189860463142,0.2217227667570114,0.9948240518569946,0.30927637219429016,1.6222746523908427e-07,0.1751801073551178,5.405221236287616e-05
201601B,2016-05-19 15:00:00,insat,IRRCDO,4,0.04031151905655861,0.0010865338845178485,0.14867520332336426,0.6931104063987732,0.6237958073616028,0.21711280941963196,0.0870264321565628,0.016712607815861702,0.10019108653068542,0.07197760045528412
201601B,2016-05-19 21:00:00,insat,CRVBND,4,0.058092761784791946,0.00041068968130275607,0.15972238779067993,0.06321864575147629,0.5436614155769348,0.0005409024888649583,0.10185182094573975,0.010808467864990234,0.1366715431213379,0.925021231174469
201601B,2016-05-20 10:00:00,insat,EMBC,4,0.04542506858706474,0.538637638092041,0.09961392730474472,0.002526497235521674,0.6630098819732666,3.894220981237595e-07,0.08132080733776093,0.4533143639564514,0.11063028126955032,0.005521106533706188
201601B,2016-05-20 15:00:00,insat,CRVBND,4,0.06247127056121826,0.0016762939048931003,0.12231411784887314,0.28092312812805176,0.5830760598182678,0.002188744256272912,0.08271580189466476,0.03230878338217735,0.14942269027233124,0.6829030513763428
201602A,2016-06-27 09:00:00,insat,CRVBND,0,0.1634615659713745,0.002155514433979988,0.11873240023851395,0.3953804671764374,0.22453387081623077,0.010327229276299477,0.3136361241340637,0.2145024687051773,0.1796361207962036,0.37763428688049316
201602A,2016-06-27 15:00:00,insat,IRRCDO,0,0.14893700182437897,0.00012144936772529036,0.14288349449634552,0.7277493476867676,0.19744884967803955,0.2513642907142639,0.29865315556526184,0.0017266490031033754,0.21207746863365173,0.019038192927837372
201602A,2016-06-28 03:00:00,insat,CRVBND,0,0.1704540103673935,0.00018826629093382508,0.12384787201881409,0.5968891978263855,0.2336985021829605,0.24896475672721863,0.3123546540737152,0.003846453269943595,0.1596449464559555,0.15011130273342133
201602A,2016-06-28 21:00:00,insat,SHEAR,0,0.1485511064529419,1.105631211584246e-11,0.12470941990613937,0.006857985630631447,0.21886491775512695,0.9931420683860779,0.3113195300102234,1.152752004962565e-09,0.1965550035238266,4.969091449424923e-08
201603B,2016-10-25 04:30:00,insat,EMBC,3,0.14033204317092896,0.06745047867298126,0.18511764705181122,0.21237684786319733,0.2794629633426666,0.00038991679321043193,0.26081687211990356,0.1756584644317627,0.13427045941352844,0.5441243052482605
201603B,2016-10-25 11:30:00,insat,EMBC,3,0.14903469383716583,0.06554511934518814,0.17508912086486816,0.591647744178772,0.25891628861427307,0.007252245210111141,0.2815399169921875,0.12568791210651398,0.13541999459266663,0.2098669707775116
201603B,2016-10-26 12:00:00,insat,CRVBND,3,0.16493506729602814,0.005416295025497675,0.1140933558344841,0.7707929015159607,0.2755463719367981,0.17298045754432678,0.31197860836982727,0.007192527875304222,0.13344663381576538,0.043617770075798035
201603B,2016-10-27 00:00:00,insat,IRRCDO,3,0.13882485032081604,8.579962013754994e-06,0.16302531957626343,0.1611408293247223,0.3031029999256134,0.6517243981361389,0.2595348656177521,2.6843970772461034e-05,0.13551200926303864,0.18709933757781982
201603B,2016-10-27 04:30:00,insat,CRVBND,3,0.13538238406181335,0.002022573258727789,0.17292700707912445,0.73209148645401,0.2853798270225525,0.0942925438284874,0.25866931676864624,0.0031771366484463215,0.14764146506786346,0.16841627657413483
201604B,2016-11-30 03:30:00,insat,IRRCDO,2,0.06723690032958984,0.00020759442122653127,0.49176838994026184,0.7257773280143738,0.12585392594337463,0.17030172049999237,0.17227695882320404,0.004552153404802084,0.14286383986473083,0.09916115552186966
201604B,2016-11-30 09:00:00,insat,CRVBND,2,0.05325514078140259,1.81573886948172e-06,0.5500118732452393,0.16394272446632385,0.11067421734333038,0.8355064988136292,0.1458061933517456,0.00019036023877561092,0.14025263488292694,0.0003586522943805903
201604B,2016-11-30 15:00:00,insat,CRVBND,2,0.03883620724081993,1.0118673117176513e-06,0.4527584910392761,0.17824199795722961,0.16718538105487823,0.8210278153419495,0.21284760534763336,0.00026754586724564433,0.12837237119674683,0.0004615703073795885
201604B,2016-11-30 21:00:00,insat,SHEAR,2,0.053877826780080795,1.2051270914525958e-07,0.5465505719184875,0.04367107152938843,0.1495192050933838,0.9562603235244751,0.15165142714977264,2.770430000964552e-05,0.09840092808008194,4.0863709728000686e-05
201604B,2016-12-01 03:00:00,insat,SHEAR,2,0.05258970335125923,1.7597005808056565e-07,0.5280900597572327,0.01972445659339428,0.13237833976745605,0.980268120765686,0.15888316929340363,3.189998324160115e-06,0.1280587762594223,4.053228622069582e-06
201604B,2016-12-01 09:00:00,insat,SHEAR,2,0.04539582133293152,5.0685535768479895e-08,0.5503977537155151,0.002242863178253174,0.13002651929855347,0.9977568984031677,0.150239497423172,1.0593190324925672e-07,0.12394040077924728,7.394053369580433e-08
201604B,2016-12-01 15:00:00,insat,SHEAR,2,0.06354659795761108,1.2511800662196038e-07,0.5325726270675659,0.001630889717489481,0.12317764014005661,0.9983687996864319,0.16852924227714539,1.3608917015517363e-07,0.1121739000082016,1.115432155529561e-07
201604B,2016-12-01 21:00:00,insat,SHEAR,2,0.02397220954298973,1.5098385119927116e-07,0.5679592490196228,0.008675488643348217,0.19158364832401276,0.9912983775138855,0.07857123762369156,2.481088085914962e-05,0.13791365921497345,1.2310215424804483e-06
201605B,2016-12-07 15:00:00,insat,CRVBND,4,0.05989570915699005,0.4953455328941345,0.13325467705726624,0.026610391214489937,0.6473367214202881,6.418921111617237e-05,0.07857400178909302,0.42906415462493896,0.08093893527984619,0.04891572892665863
201605B,2016-12-07 20:30:00,insat,IRRCDO,4,0.09264832735061646,0.22354646027088165,0.11588391661643982,0.06505883485078812,0.6046679615974426,0.00010942715016426519,0.09204705059528351,0.547741174697876,0.094752736389637,0.16354413330554962
201605B,2016-12-08 03:30:00,insat,CRVBND,4,0.059392575174570084,0.46551328897476196,0.13431823253631592,0.17848365008831024,0.6170396208763123,0.0031900780741125345,0.08226799964904785,0.22568057477474213,0.10698152333498001,0.12713240087032318
201605B,2016-12-08 09:00:00,insat,CRVBND,4,0.06272603571414948,0.0020739156752824783,0.13685859739780426,0.5673854351043701,0.5737937688827515,0.3721730411052704,0.08115489035844803,0.009578077122569084,0.14546672999858856,0.04878957197070122
201605B,2016-12-08 15:00:00,insat,CRVBND,4,0.05892462655901909,5.045972102379892e-06,0.15347334742546082,0.39363086223602295,0.5493839383125305,0.1253051459789276,0.09261789917945862,0.0006075382698327303,0.14560015499591827,0.480451375246048
201605B,2016-12-08 20:30:00,insat,IRRCDO,4,0.11927296221256256,7.2667389758862555e-06,0.08963403105735779,0.2240261733531952,0.5342763662338257,0.015078285709023476,0.12651242315769196,0.0011485398281365633,0.1303042322397232,0.7597397565841675
201605B,2016-12-09 09:00:00,insat,IRRCDO,4,0.06050052493810654,4.044638262712397e-05,0.1374884992837906,0.5943414568901062,0.544712245464325,0.2233618050813675,0.11764644086360931,0.0019946894608438015,0.13965226709842682,0.18026159703731537
201605B,2016-12-10 02:30:00,insat,EMBC,4,0.06618864089250565,0.5705437064170837,0.13743314146995544,0.006401124410331249,0.6229685544967651,5.764819889009232e-06,0.08924219757318497,0.41934657096862793,0.08416743576526642,0.0037028442602604628
201605B,2016-12-10 15:00:00,insat,EMBC,4,0.14678680896759033,0.029116561636328697,0.07623275369405746,0.1922551542520523,0.5862167477607727,0.0008893151534721255,0.08712813258171082,0.22209659218788147,0.10363548994064331,0.5556423664093018
201605B,2016-12-10 21:00:00,insat,EMBC,4,0.11838360875844955,0.04048939794301987,0.07193323969841003,0.1535397469997406,0.5186891555786133,0.00039337383350357413,0.10957448929548264,0.686208963394165,0.18141953647136688,0.11936857551336288
201605B,2016-12-11 21:00:00,insat,EYE,4,0.44324198365211487,0.2881985306739807,0.033021725714206696,0.009509969502687454,0.15502393245697021,5.1255119615234435e-06,0.28253287076950073,0.6613183617591858,0.08617943525314331,0.04096806049346924
201605B,2016-12-12 04:00:00,insat,EYE,4,0.2171075940132141,0.6429775357246399,0.05245232209563255,0.04264231398701668,0.3905348777770996,0.0001321428280789405,0.23574194312095642,0.26342064142227173,0.1041632667183876,0.05082743614912033
201701B,2017-04-16 03:00:00,insat,IRRCDO,3,0.153938889503479,0.08521955460309982,0.17432543635368347,0.12995873391628265,0.26232895255088806,0.0009508887305855751,0.26529136300086975,0.2528529763221741,0.1441153734922409,0.5310178399085999
201701B,2017-04-16 09:10:00,insat,IRRCDO,3,0.14192333817481995,0.1996636539697647,0.16610087454319,0.01164504699409008,0.2892897427082062,1.1608252862060908e-05,0.2782471179962158,0.4947555959224701,0.12443891912698746,0.29392409324645996
201701B,2017-04-16 15:40:00,insat,IRRCDO,3,0.15437524020671844,0.0331554152071476,0.17603102326393127,0.00578136183321476,0.28100937604904175,6.937071702850517e-06,0.25972938537597656,0.8799058794975281,0.12885494530200958,0.08115039020776749
201702B,2017-05-28 07:00:00,insat,EMBC,2,0.04921511933207512,0.18083173036575317,0.6677694320678711,0.1270119696855545,0.09327728301286697,5.408467131928774e-06,0.11785127967596054,0.5664645433425903,0.07188685983419418,0.12568628787994385
201702B,2017-05-28 12:10:00,insat,IRRCDO,2,0.04753262177109718,0.0008302224450744689,0.502020537853241,0.8689400553703308,0.14669674634933472,0.0005517498357221484,0.15523675084114075,0.04707730934023857,0.1485133320093155,0.08260055631399155
201702B,2017-05-28 18:10:00,insat,IRRCDO,2,0.06108662858605385,0.0010265609016641974,0.5529208779335022,0.5642872452735901,0.0933036282658577,0.00010087153350468725,0.13969504833221436,0.06926202028989792,0.15299376845359802,0.3653232455253601
201702B,2017-05-29 00:10:00,insat,IRRCDO,2,0.04081715643405914,0.08949486911296844,0.5038933157920837,0.25909876823425293,0.18232767283916473,4.8029283789219335e-05,0.14497143030166626,0.48955801129341125,0.12799043953418732,0.161800354719162
201702B,2017-05-29 13:10:00,insat,IRRCDO,2,0.08573111891746521,3.252641181461513e-05,0.4982810318470001,0.9432389736175537,0.0989166647195816,0.028321411460638046,0.14384254813194275,0.020748214796185493,0.17322857677936554,0.007658931892365217
201702B,2017-05-29 22:40:00,insat,EYE,2,0.42591944336891174,0.03785163164138794,0.3213096261024475,0.2495836317539215,0.07513215392827988,0.0001814489223761484,0.14125274121761322,0.19574086368083954,0.036386001855134964,0.5166424512863159
201703B,2017-11-30 03:00:00,insat,EMBC,3,0.14530180394649506,0.5520488023757935,0.16049544513225555,0.028622077777981758,0.28875482082366943,4.793044718098827e-05,0.2905021905899048,0.41134291887283325,0.11494569480419159,0.007938312366604805
201703A,2017-11-30 08:30:00,insat,EMBC,1,0.08793146163225174,0.5351399183273315,0.26078855991363525,0.013338951393961906,0.32738956809043884,1.4719664704898605e-06,0.15408499538898468,0.44482922554016113,0.16980545222759247,0.006690473295748234
201703B,2017-11-30 14:30:00,insat,EYE,3,0.141859233379364,0.5730701088905334,0.17057333886623383,0.019713323563337326,0.30047354102134705,2.026286892942153e-05,0.2783430814743042,0.39331746101379395,0.10875086486339569,0.013878808356821537
201703B,2017-12-01 03:00:00,insat,EYE,3,0.15019799768924713,0.26055434346199036,0.17251183092594147,0.024950385093688965,0.2551564574241638,1.709018397377804e-05,0.30601799488067627,0.6974042654037476,0.1161157637834549,0.01707391068339348
201703B,2017-12-01 09:30:00,insat,EMBC,3,0.13259045779705048,0.2908285856246948,0.16061556339263916,0.2153709977865219,0.2781205475330353,0.0007483537192456424,0.31307876110076904,0.47039955854415894,0.11559465527534485,0.022652534767985344
201703B,2017-12-01 15:30:00,insat,EYE,3,0.13694866001605988,0.3574107587337494,0.1641935259103775,0.27533581852912903,0.28626954555511475,0.00197627698071301,0.2941988706588745,0.3363279700279236,0.11838939785957336,0.028949223458766937
201703B,2017-12-01 22:00:00,insat,EYE,3,0.1498839408159256,0.16944457590579987,0.17521560192108154,0.3203544020652771,0.26633089780807495,0.001443442772142589,0.2836598753929138,0.3853748142719269,0.12490971386432648,0.12338271737098694
201703B,2017-12-02 03:00:00,insat,EYE,3,0.17241375148296356,0.3153979182243347,0.14921894669532776,0.13003435730934143,0.24081040918827057,0.0006694560288451612,0.3200043737888336,0.5034739971160889,0.1175525113940239,0.050424277782440186
201703B,2017-12-02 09:00:00,insat,EYE,3,0.19377730786800385,0.22814902663230896,0.13603217899799347,0.3262585699558258,0.225363627076149,0.004288313910365105,0.33434101939201355,0.3042072653770447,0.11048587411642075,0.1370968520641327
201703B,2017-12-03 04:00:00,insat,IRRCDO,3,0.16491307318210602,0.1798544079065323,0.17052201926708221,0.6609545946121216,0.2511495351791382,0.021214643493294716,0.2775701582431793,0.12181176990270615,0.13584518432617188,0.01616465300321579
201703B,2017-12-03 14:30:00,insat,EMBC,3,0.1353251188993454,0.465555876493454,0.17187264561653137,0.02585846744477749,0.2901616394519806,3.444164030952379e-05,0.27818387746810913,0.5031265020370483,0.12445670366287231,0.005424728617072105
201703B,2017-12-03 21:00:00,insat,EMBC,3,0.1646394580602646,0.6306299567222595,0.17345798015594482,0.08917228132486343,0.25368180871009827,0.0002742321521509439,0.2695145010948181,0.26879802346229553,0.1387062668800354,0.011125537566840649
201703B,2017-12-04 04:00:00,insat,EMBC,3,0.14877533912658691,0.5926793813705444,0.16694048047065735,0.07956808805465698,0.27879655361175537,0.00019417237490415573,0.27240613102912903,0.3178160786628723,0.13308149576187134,0.009742284193634987
201703B,2017-12-05 09:00:00,insat,SHEAR,3,0.16000322997570038,8.496511145494878e-05,0.16688384115695953,0.036620546132326126,0.26502132415771484,0.9632842540740967,0.260245144367218,4.906626600131858e-06,0.14784644544124603,5.229805083217798e-06
201703B,2017-12-05 17:00:00,insat,SHEAR,3,0.1445263773202896,5.4040333452576306e-06,0.1879313439130783,0.008216716349124908,0.2776477336883545,0.9917776584625244,0.23731210827827454,9.712159254604558e-08,0.15258243680000305,7.209402497210249e-08
201704B,2017-12-08 21:00:00,insat,CRVBND,0,0.15862396359443665,0.013886667788028717,0.11502321064472198,0.7656275033950806,0.2168768048286438,0.044243887066841125,0.3030177056789398,0.021671701222658157,0.2064582258462906,0.15457022190093994
201704B,2017-12-09 03:00:00,insat,CRVBND,0,0.1789197325706482,0.11606380343437195,0.12342771142721176,0.6865034699440002,0.2105741798877716,0.011358129791915417,0.3021933436393738,0.11527955532073975,0.18488499522209167,0.07079506665468216
201704B,2017-12-09 09:00:00,insat,SHEAR,0,0.14478357136249542,3.7597510527120903e-07,0.12827280163764954,0.03618643060326576,0.2209661900997162,0.9638090133666992,0.31397944688796997,8.177578934009944e-07,0.1919979602098465,3.3726580568327336e-06
201704B,2017-12-09 15:00:00,insat,SHEAR,0,0.10627143085002899,2.521930468901701e-07,0.11949130892753601,0.02327963151037693,0.2943485677242279,0.9767160415649414,0.28718647360801697,8.270968123724742e-07,0.1927022486925125,3.306945245640236e-06
201704B,2017-12-09 21:00:00,insat,SHEAR,0,0.13127870857715607,1.6421068949057371e-07,0.121592216193676,0.01021293643862009,0.2512105405330658,0.9897867441177368,0.30366507172584534,1.7219843329030482e-08,0.1922534704208374,8.322355427026196e-08
201704B,2017-12-10 03:45:00,insat,SHEAR,0,0.12124756723642349,1.6131069457969716e-07,0.1347735971212387,0.01432205643504858,0.25824469327926636,0.9856773614883423,0.26721787452697754,3.9473488300245663e-07,0.2185162603855133,1.3868847759113123e-07
201801A,2018-05-17 00:00:00,insat,CRVBND,2,0.10086488723754883,0.0024733180180191994,0.5257461667060852,0.002820253139361739,0.1062486320734024,0.00010503819794394076,0.1973547488451004,0.0004913079319521785,0.06978560239076614,0.9941100478172302
201801A,2018-05-17 11:00:00,insat,IRRCDO,2,0.05097771808505058,0.13697703182697296,0.5299440026283264,0.09667883068323135,0.13845615088939667,0.001032605767250061,0.18773116171360016,0.5112020373344421,0.09289098531007767,0.2541094422340393
201801A,2018-05-17 18:00:00,insat,CRVBND,2,0.04866807907819748,0.008450343273580074,0.5332089066505432,0.05777973309159279,0.11397837102413177,0.0007484294474124908,0.1807948797941208,0.060185689479112625,0.12334980815649033,0.8728357553482056
201801A,2018-05-18 00:00:00,insat,EMBC,2,0.06535980105400085,4.844431487072143e-07,0.5589832663536072,0.0006712466711178422,0.10550909489393234,2.811359263432678e-05,0.16304732859134674,1.5696317632318824e-06,0.10710042715072632,0.9992985725402832
201801A,2018-05-18 18:00:00,insat,IRRCDO,2,0.05583217367529869,2.3961621871252704e-15,0.6205698847770691,6.726552965119481e-05,0.09989664703607559,0.9999326467514038,0.13864639401435852,9.413250040557486e-11,0.08505488187074661,6.323372758743062e-08
201802A,2018-05-22 12:00:00,insat,CRVBND,1,0.08654354512691498,0.17830049991607666,0.2636343836784363,0.011680494993925095,0.32908350229263306,4.90673528474872e-08,0.15040652453899384,0.6954892873764038,0.17033202946186066,0.11452969908714294
201802A,2018-05-23 19:00:00,insat,EMBC,1,0.09189683198928833,0.1504538357257843,0.25626829266548157,0.03252539038658142,0.3247266411781311,5.373897238314385e-07,0.15711896121501923,0.7555391192436218,0.16998925805091858,0.06148106977343559
201802A,2018-05-24 12:30:00,insat,EMBC,1,0.09818314015865326,0.148725226521492,0.24683809280395508,0.17571412026882172,0.3257039487361908,9.147211676463485e-05,0.1703907698392868,0.5446482300758362,0.15888406336307526,0.13082093000411987
201802A,2018-05-24 16:45:00,insat,EYE,1,0.09609163552522659,0.07957405596971512,0.25127580761909485,0.07073324173688889,0.3166043758392334,5.581664026976796e-06,0.16959121823310852,0.26189714670181274,0.16643694043159485,0.5877899527549744
201802A,2018-05-24 23:00:00,insat,EMBC,1,0.09793122857809067,0.06817741692066193,0.2502613961696625,0.12569764256477356,0.31249648332595825,3.096705040661618e-05,0.16915470361709595,0.34012624621391296,0.17015621066093445,0.4659677743911743
201802A,2018-05-25 19:00:00,insat,EYE,1,0.08967123925685883,0.12285289913415909,0.26315808296203613,0.0412377305328846,0.32435038685798645,2.0567861156450817e-06,0.15133754909038544,0.7853695750236511,0.17148277163505554,0.05053764954209328
201805A,2018-10-08 06:00:00,insat,CRVBND,2,0.05443136394023895,0.26681017875671387,0.5699582099914551,0.220272496342659,0.12725730240345,0.0019819685257971287,0.16946573555469513,0.44608309864997864,0.07888735085725784,0.06485233455896378
201805A,2018-10-08 12:00:00,insat,CRVBND,2,0.06551797688007355,0.05952625349164009,0.4689137041568756,0.6120620369911194,0.1354800909757614,0.23175151646137238,0.2515610456466675,0.07595598697662354,0.07852721959352493,0.02070416323840618
201805A,2018-10-08 23:00:00,insat,EMBC,2,0.07259666919708252,0.16465280950069427,0.5397465229034424,0.14249446988105774,0.0928613469004631,0.0005138720734976232,0.233472540974617,0.34131622314453125,0.061322957277297974,0.3510226905345917
201805A,2018-10-09 06:30:00,insat,CRVBND,2,0.11326072365045547,0.0007641426636837423,0.49052056670188904,0.653213620185852,0.09869126975536346,0.2156289517879486,0.1980242133140564,0.00568343186751008,0.09950319677591324,0.124709852039814
201805A,2018-10-09 12:00:00,insat,EMBC,2,0.14647941291332245,0.23056314885616302,0.4253615438938141,0.2265266627073288,0.1290343850851059,0.0026009855791926384,0.23033474385738373,0.40448546409606934,0.06878991425037384,0.13582368195056915
201805A,2018-10-10 05:30:00,insat,EYE,2,0.3259648084640503,0.08815661072731018,0.3797222673892975,0.6537630558013916,0.061427921056747437,0.03553640842437744,0.1996096968650818,0.146017923951149,0.033275309950113297,0.07652600109577179
201806B,2018-10-10 06:00:00,insat,EMBC,0,0.21787478029727936,0.4092314839363098,0.13356107473373413,0.10150685906410217,0.1664259433746338,0.001039867172949016,0.2938011884689331,0.4322400391101837,0.1883370280265808,0.05598176643252373
201805A,2018-10-10 12:00:00,insat,CRVBND,2,0.3293813169002533,0.06704925000667572,0.3920932710170746,0.7005033493041992,0.06974296271800995,0.043123576790094376,0.17983253300189972,0.13788443803787231,0.028949934989213943,0.051439400762319565
201806B,2018-10-10 12:00:00,insat,EYE,0,0.21622760593891144,0.39799344539642334,0.1420547068119049,0.20460540056228638,0.1605188548564911,0.004958613775670528,0.3136823773384094,0.29145926237106323,0.16751646995544434,0.10098327696323395
201805A,2018-10-10 23:45:00,insat,CRVBND,2,0.36497962474823,0.014440308324992657,0.33746182918548584,0.6547209024429321,0.0828205943107605,0.24201329052448273,0.17948894202709198,0.01572263613343239,0.035249013453722,0.07310282438993454
201806B,2018-10-10 23:15:00,insat,EMBC,0,0.1887008100748062,0.9338792562484741,0.12935771048069,0.0024692860897630453,0.20095452666282654,1.4826363440079149e-05,0.32350316643714905,0.05824211239814758,0.157483771443367,0.005394563544541597
201805A,2018-10-11 05:45:00,insat,CRVBND,2,0.18389971554279327,0.0004821641487069428,0.4735998511314392,0.44650799036026,0.07356542348861694,0.5457616448402405,0.24287444353103638,0.004757934715598822,0.02606063336133957,0.002490323968231678
201805A,2018-10-11 12:15:00,insat,CRVBND,2,0.34574469923973083,0.1628185510635376,0.409304678440094,0.5654387474060059,0.08394011855125427,0.055459149181842804,0.1317482441663742,0.09488051384687424,0.029262227937579155,0.12140302360057831
201805A,2018-10-11 23:45:00,insat,CRVBND,2,0.17661643028259277,0.0007788809598423541,0.47799915075302124,0.5850837826728821,0.1200275868177414,0.3917502164840698,0.17771388590335846,0.0034860463347285986,0.04764287918806076,0.018901070579886436
201805A,2018-10-12 06:15:00,insat,CRVBND,2,0.10478049516677856,0.009255134500563145,0.5407654047012329,0.7409236431121826,0.07431504875421524,0.19232438504695892,0.20072117447853088,0.011913588270545006,0.0794178918004036,0.045583177357912064
201805A,2018-10-12 12:00:00,insat,CRVBND,2,0.07165994495153427,0.0001307855563936755,0.4736957550048828,0.16588430106639862,0.1313929408788681,0.833268404006958,0.2643488347530365,0.0002691095578484237,0.0589025504887104,0.000447407946921885
201805A,2018-10-13 00:15:00,insat,SHEAR,2,0.029120400547981262,0.0006926523637957871,0.5431862473487854,0.6859443783760071,0.16797511279582977,0.2501601576805115,0.1462695151567459,0.0029906565323472023,0.11344871670007706,0.06021212413907051
201805A,2018-10-13 06:15:00,insat,CRVBND,2,0.07326246798038483,0.01079572830349207,0.47886425256729126,0.7304529547691345,0.14991654455661774,0.20338286459445953,0.22020141780376434,0.01623127982020378,0.07775533944368362,0.039137180894613266
201805A,2018-10-13 12:00:00,insat,CRVBND,2,0.04522997513413429,0.0008938061073422432,0.4944453835487366,0.5441640019416809,0.1469380110502243,0.4363250136375427,0.21907182037830353,0.005485830828547478,0.09431478381156921,0.013131297193467617
201805A,2018-10-14 00:00:00,insat,CRVBND,2,0.06564563512802124,1.086692691387725e-06,0.5745994448661804,0.020861467346549034,0.10858002305030823,0.9791168570518494,0.18517257273197174,1.7356102034682408e-05,0.06600231677293777,3.2144159831659636e-06
201807B,2018-11-10 20:45:00,insat,IRRCDO,3,0.15261857211589813,0.07521793246269226,0.15105769038200378,0.016918210312724113,0.2733552157878876,5.979075649520382e-05,0.30906710028648376,0.1040596067905426,0.11390141397714615,0.8037444949150085
201807B,2018-11-11 03:15:00,insat,CRVBND,3,0.14218460023403168,0.21475893259048462,0.1565186083316803,0.004969658330082893,0.2982664406299591,4.187508238828741e-06,0.2929314374923706,0.46135735511779785,0.11009884625673294,0.3189098834991455
201807B,2018-11-11 09:15:00,insat,CRVBND,3,0.14804373681545258,0.18341106176376343,0.1577133685350418,0.004763403907418251,0.2860807776451111,3.3183857794938376e-06,0.2981836497783661,0.6759710907936096,0.10997845977544785,0.1358511596918106
201807B,2018-11-11 15:15:00,insat,CRVBND,3,0.1486559361219406,0.19450174272060394,0.162281796336174,0.011547406204044819,0.2933291494846344,5.516909368452616e-06,0.2887982130050659,0.5979552865028381,0.10693493485450745,0.19599007070064545
201807B,2018-11-11 20:45:00,insat,IRRCDO,3,0.15393798053264618,0.06360038369894028,0.16888974606990814,0.1021006628870964,0.28674834966659546,0.00028283600113354623,0.28054553270339966,0.4611898958683014,0.10987839102745056,0.3728262186050415
201807B,2018-11-12 02:45:00,insat,CRVBND,3,0.1423686295747757,0.0004028947732876986,0.16688218712806702,0.5298223495483398,0.2903492748737335,0.12151995301246643,0.30036017298698425,0.011784554459154606,0.10003974288702011,0.33647027611732483
201807B,2018-11-12 08:45:00,insat,CRVBND,3,0.14513102173805237,0.00013289102935232222,0.14956457912921906,0.06505728513002396,0.2855822741985321,0.0030188742093741894,0.33251428604125977,0.0010150658199563622,0.08720783144235611,0.9307758212089539
201807B,2018-11-12 15:15:00,insat,CRVBND,3,0.16768771409988403,0.007415512576699257,0.1805066168308258,0.773444414138794,0.2663409113883972,0.0882052481174469,0.261376291513443,0.03400406986474991,0.12408850342035294,0.09693072736263275
201807B,2018-11-12 21:15:00,insat,CRVBND,3,0.1415606439113617,0.8080061078071594,0.18110813200473785,0.0004468303523026407,0.2884375751018524,5.408714542909365e-08,0.2731543183326721,0.16719816625118256,0.11573931574821472,0.02434876561164856
201807B,2018-11-13 03:15:00,insat,CRVBND,3,0.13338007032871246,0.8842043876647949,0.1804305464029312,0.0016647838056087494,0.30286213755607605,1.871733729785774e-06,0.27951711416244507,0.08788230270147324,0.10381007939577103,0.026246648281812668
201807B,2018-11-13 09:15:00,insat,CRVBND,3,0.13211452960968018,0.25985169410705566,0.16795258224010468,0.17799866199493408,0.31120362877845764,0.002597157144919038,0.2812224328517914,0.2804013788700104,0.1075068786740303,0.2791510820388794
201807B,2018-11-13 15:15:00,insat,EYE,3,0.12223337590694427,0.36594459414482117,0.1814970225095749,0.03420942649245262,0.3287057876586914,0.00022701677517034113,0.263236939907074,0.06423493474721909,0.10432682931423187,0.535383939743042
201807B,2018-11-14 09:00:00,insat,EMBC,3,0.14979906380176544,0.4981176555156708,0.18056821823120117,0.011956846341490746,0.2743702232837677,2.4643350116093643e-05,0.2694629728794098,0.4786509871482849,0.12579956650733948,0.011249766685068607
201807B,2018-11-14 15:45:00,insat,EMBC,3,0.1381409913301468,0.4943307638168335,0.12700672447681427,0.11105643957853317,0.3126665949821472,0.0007786917849443853,0.2965887784957886,0.27375528216362,0.12559688091278076,0.12007878720760345
201807B,2018-11-15 08:45:00,insat,EMBC,3,0.148744136095047,0.24936090409755707,0.12214130908250809,0.06578371673822403,0.2879554331302643,0.00019496695313137025,0.3082835376262665,0.47557714581489563,0.13287556171417236,0.20908325910568237
201807B,2018-11-15 15:45:00,insat,EMBC,3,0.16988714039325714,0.6730529069900513,0.16832104325294495,0.007286162115633488,0.21469341218471527,1.045131739374483e-05,0.29800766706466675,0.1071939766407013,0.1490907371044159,0.2124565690755844
201807B,2018-11-16 19:45:00,insat,CRVBND,3,0.14247171580791473,0.08712490648031235,0.17209096252918243,0.3397820293903351,0.2594045400619507,0.0024491921067237854,0.27530476450920105,0.10605195164680481,0.1507280170917511,0.46459197998046875
201807B,2018-11-17 03:15:00,insat,CRVBND,3,0.14693477749824524,0.034237492829561234,0.1519068479537964,0.3337430953979492,0.290623277425766,0.0020164840389043093,0.2584434151649475,0.0827445238828659,0.15209166705608368,0.5472584366798401
201807B,2018-11-17 10:15:00,insat,CRVBND,3,0.16134528815746307,0.26986798644065857,0.1210959404706955,0.2233932912349701,0.2738949954509735,0.0014317076420411468,0.2873508930206299,0.3354541063308716,0.15631292760372162,0.1698528528213501
201807B,2018-11-17 13:45:00,insat,CRVBND,3,0.1581641584634781,0.16665378212928772,0.1354057639837265,0.2207559496164322,0.2873336672782898,0.004271137528121471,0.28488460183143616,0.12034448981285095,0.13421177864074707,0.4879746437072754
201807B,2018-11-18 09:15:00,insat,CRVBND,3,0.14369048178195953,0.31471624970436096,0.14310792088508606,0.08428069949150085,0.2942928373813629,0.0001558083895361051,0.28438800573349,0.45702075958251953,0.13452070951461792,0.1438264548778534
201807B,2018-11-18 15:15:00,insat,SHEAR,3,0.126888707280159,0.0017192517407238483,0.154898539185524,0.766039252281189,0.3275110125541687,0.127604141831398,0.2684439718723297,0.005533740855753422,0.1222577840089798,0.09910360723733902
201807B,2018-11-18 21:15:00,insat,SHEAR,3,0.11383429169654846,1.688908639607689e-07,0.1518331915140152,0.07239501178264618,0.28794339299201965,0.927447497844696,0.33370837569236755,2.7892081106983824e-06,0.11268078535795212,0.00015451436047442257
201807B,2018-11-19 03:15:00,insat,SHEAR,3,0.13633662462234497,6.23526721028611e-05,0.17660467326641083,0.05131979659199715,0.2867279350757599,0.00341355730779469,0.2639063596725464,0.0008895586943253875,0.13642442226409912,0.9443146586418152
201807B,2018-11-19 09:15:00,insat,CRVBND,3,0.14042729139328003,0.023031819611787796,0.16288307309150696,0.7377557158470154,0.2893332242965698,0.018029646947979927,0.272485613822937,0.13284505903720856,0.13487082719802856,0.0883377194404602
201807B,2018-11-19 15:15:00,insat,SHEAR,3,0.1353393793106079,0.0009799599647521973,0.1898837685585022,0.48208239674568176,0.32440614700317383,0.4271085560321808,0.22123007476329803,0.0002904216817114502,0.1291406899690628,0.08953869342803955
201808B,2018-12-15 15:15:00,insat,IRRCDO,4,0.06143399700522423,3.568736428860575e-05,0.12230095267295837,0.03792380169034004,0.6716795563697815,0.0002486088196747005,0.08075438439846039,0.0023930715397000313,0.06383112818002701,0.9593988060951233
201808B,2018-12-16 21:00:00,insat,EMBC,4,0.06519521772861481,0.4294005334377289,0.1347973644733429,0.0284064169973135,0.6366197466850281,4.0586084651295096e-05,0.08182132989168167,0.45283880829811096,0.08156635612249374,0.08931368589401245
201808B,2018-12-17 09:15:00,insat,CRVBND,4,0.05788768455386162,0.047402482479810715,0.13868311047554016,0.72419673204422,0.6272660493850708,0.16298481822013855,0.09697961062192917,0.03836718574166298,0.07918353378772736,0.027048824355006218
201901B,2019-04-27 14:45:00,insat,IRRCDO,0,0.15331800282001495,8.068350871326402e-05,0.1445361077785492,0.5432075262069702,0.1783304512500763,0.10864365100860596,0.28617188334465027,0.008202188648283482,0.23764362931251526,0.3398659825325012
201901B,2019-04-28 02:45:00,insat,CRVBND,0,0.16340172290802002,6.164823571452871e-05,0.14597085118293762,0.33836236596107483,0.17291876673698425,0.16502420604228973,0.3065640926361084,0.0026598291005939245,0.21114453673362732,0.4938919246196747
201901B,2019-04-28 09:15:00,insat,EMBC,0,0.15280380845069885,0.05279288813471794,0.15774713456630707,0.36440035700798035,0.1686147004365921,0.01643221825361252,0.29438892006874084,0.17746932804584503,0.22644546627998352,0.3889051675796509
201901B,2019-04-28 15:15:00,insat,CRVBND,0,0.15541628003120422,0.0038567385636270046,0.14705045521259308,0.33342328667640686,0.2147005945444107,0.4955807328224182,0.28451183438301086,0.008029923774302006,0.19832082092761993,0.15910927951335907
201901B,2019-04-30 08:45:00,insat,EMBC,0,0.17979438602924347,0.017208658158779144,0.1443169116973877,0.4845285415649414,0.17730551958084106,0.07780808210372925,0.31050509214401245,0.0699075385928154,0.18807803094387054,0.3505472242832184
201901B,2019-05-01 04:15:00,insat,EMBC,0,0.21319511532783508,0.00045776652405038476,0.12860986590385437,0.3267901539802551,0.20032744109630585,0.1422499269247055,0.29270434379577637,0.007288116030395031,0.16516326367855072,0.5232140421867371
201901B,2019-05-01 09:15:00,insat,EYE,0,0.19925521314144135,0.5535539984703064,0.13685044646263123,0.11384078115224838,0.18576574325561523,0.011229848489165306,0.2841264307498932,0.11645922064781189,0.1940021514892578,0.20491616427898407
201901B,2019-05-01 15:15:00,insat,EYE,0,0.2337861955165863,0.21245770156383514,0.13562999665737152,0.07576189935207367,0.17114421725273132,0.011879298835992813,0.3091663122177124,0.02634911984205246,0.15027326345443726,0.6735519766807556
201901B,2019-05-02 03:45:00,insat,EMBC,0,0.25518909096717834,0.013647779822349548,0.13469403982162476,0.025827428326010704,0.2038058638572693,0.0007668003672733903,0.2655327022075653,0.009511112235486507,0.14077824354171753,0.9502468109130859
201901B,2019-05-02 09:15:00,insat,EYE,0,0.22400730848312378,0.9427829384803772,0.1337534338235855,0.00030981568852439523,0.16774971783161163,2.4369145990021934e-07,0.3033653199672699,0.050061486661434174,0.17112421989440918,0.006845514755696058
201901B,2019-05-02 14:45:00,insat,EYE,0,0.30959779024124146,0.9053848385810852,0.11225230991840363,0.00027428288012742996,0.16554434597492218,4.8964238885673694e-08,0.2662442624568939,0.08784476667642593,0.14636129140853882,0.0064961276948452
201902A,2019-06-10 14:45:00,insat,IRRCDO,2,0.06756965816020966,1.364290369565424e-06,0.5422536730766296,0.08581465482711792,0.10434193909168243,0.012273697182536125,0.14842166006565094,0.00010131818271474913,0.13741302490234375,0.9018089771270752
201902A,2019-06-10 20:45:00,insat,CRVBND,2,0.0762481763958931,4.032960350741632e-05,0.5882127285003662,0.34140312671661377,0.08218982070684433,0.022432750090956688,0.15757118165493011,0.0032622371800243855,0.09577809274196625,0.6328615546226501
201902A,2019-06-11 03:45:00,insat,IRRCDO,2,0.049035701900720596,1.5398104551422875e-06,0.6520621180534363,0.6429662704467773,0.10405921190977097,0.29599472880363464,0.13371431827545166,0.0013417229056358337,0.06112869456410408,0.05969574302434921
201902A,2019-06-11 09:15:00,insat,EMBC,2,0.049561116844415665,0.013114048168063164,0.5008093118667603,0.2698167860507965,0.14352960884571075,0.0005330855492502451,0.18678809702396393,0.3016454577445984,0.1193118765950203,0.4148906171321869
201902A,2019-06-11 14:45:00,insat,EYE,2,0.07740579545497894,0.00060181476874277,0.6182882189750671,0.16754452884197235,0.06935200095176697,0.0010317594278603792,0.1793534904718399,0.029475098475813866,0.055600427091121674,0.8013467788696289
201902A,2019-06-11 20:45:00,insat,IRRCDO,2,0.0653151273727417,2.4931545340223238e-05,0.5577928423881531,0.31220507621765137,0.12219495326280594,0.014335277490317822,0.1914367824792862,0.0033981986343860626,0.06326031684875488,0.6700364947319031
201902A,2019-06-12 10:15:00,insat,EMBC,2,0.09018430858850479,0.01723526418209076,0.4981845021247864,0.06349755078554153,0.13716471195220947,8.98602738743648e-05,0.205422505736351,0.11548890173435211,0.06904404610395432,0.8036884069442749
201902A,2019-06-12 16:15:00,insat,IRRCDO,2,0.08353568613529205,0.00010056926839752123,0.5857630968093872,0.3423941135406494,0.08314052224159241,0.1072385162115097,0.1773664653301239,0.005073335953056812,0.07019419968128204,0.5451934337615967
201902A,2019-06-13 08:15:00,insat,EYE,2,0.31704556941986084,0.0603521391749382,0.4273258447647095,0.03626051917672157,0.057149626314640045,6.162178760860115e-05,0.16355882585048676,0.17621591687202454,0.034920137375593185,0.7271098494529724
201902A,2019-06-13 15:15:00,insat,EYE,2,0.5703743696212769,0.0024063237942755222,0.27868226170539856,0.10624056309461594,0.0369674488902092,0.0015164515934884548,0.09776148200035095,0.016732048243284225,0.016214460134506226,0.8731046915054321
201902A,2019-06-14 01:45:00,insat,EMBC,2,0.21210096776485443,0.0030688231345266104,0.4332082271575928,0.549969494342804,0.07690244913101196,0.03674034774303436,0.2344174087047577,0.06106792762875557,0.04337088391184807,0.34915345907211304
201902A,2019-06-14 09:15:00,insat,EYE,2,0.17264750599861145,0.011297381483018398,0.46725907921791077,0.5254950523376465,0.10064060240983963,0.011499431915581226,0.19672991335391998,0.06926250457763672,0.06272289901971817,0.38244563341140747
201902A,2019-06-14 14:45:00,insat,CRVBND,2,0.3953864276409149,0.0017137607792392373,0.34772956371307373,0.7292835116386414,0.05526280775666237,0.1645420789718628,0.17554649710655212,0.033913590013980865,0.026074722409248352,0.07054697722196579
201902A,2019-06-15 03:15:00,insat,EYE,2,0.1693013310432434,0.002682833932340145,0.48042067885398865,0.07533279806375504,0.06983356922864914,5.6037551985355094e-05,0.22077836096286774,0.0803101658821106,0.05966606363654137,0.8416181206703186
201902A,2019-06-15 07:45:00,insat,EYE,2,0.10293511301279068,0.0022456212900578976,0.4365869462490082,0.16710050404071808,0.11559104174375534,0.004563556052744389,0.2941584587097168,0.014937339350581169,0.0507284551858902,0.8111530542373657
201902A,2019-06-15 15:15:00,insat,CRVBND,2,0.13815651834011078,0.0015102301258593798,0.5186250805854797,0.7166933417320251,0.047057248651981354,0.13049395382404327,0.22891657054424286,0.023859336972236633,0.06724457442760468,0.1274431198835373
201902A,2019-06-15 20:45:00,insat,IRRCDO,2,0.3566490709781647,0.0003207328263670206,0.4042206406593323,0.6953508257865906,0.06310267001390457,0.0862833708524704,0.1365176886320114,0.018765507265925407,0.03950987011194229,0.1992795765399933
201902A,2019-06-16 03:15:00,insat,CRVBND,2,0.320214182138443,1.338544848294987e-07,0.3579657971858978,0.25634509325027466,0.07087967544794083,0.7393935322761536,0.19966769218444824,0.0002808116842061281,0.051272548735141754,0.0039804307743906975
201902A,2019-06-16 08:15:00,insat,IRRCDO,2,0.1468157321214676,9.808303502722993e-07,0.5641970634460449,0.32067978382110596,0.0734899640083313,0.6102458834648132,0.16136518120765686,8.699552563484758e-05,0.05413203313946724,0.06898637861013412
201902A,2019-06-16 14:45:00,insat,SHEAR,2,0.07483144849538803,5.85613246784078e-09,0.5683557987213135,0.04499867931008339,0.14905954897403717,0.9541409611701965,0.15842728316783905,1.8751370589598082e-06,0.04932587966322899,0.0008584794704802334
201902A,2019-06-16 21:15:00,insat,SHEAR,2,0.07721838355064392,2.347704430860631e-08,0.5812861919403076,0.00047971567255444825,0.15008051693439484,0.9995203018188477,0.12964828312397003,1.046234121560019e-08,0.06176663190126419,1.657253712039619e-08
201902A,2019-06-17 03:15:00,insat,SHEAR,2,0.06295623630285263,4.627512151245128e-09,0.5565509796142578,0.00019503208750393242,0.13111992180347443,0.9998050332069397,0.14939957857131958,2.868616233442367e-09,0.09997333586215973,4.268970954512952e-09
201902A,2019-06-17 09:15:00,insat,SHEAR,2,0.05705244466662407,1.3739229753895188e-09,0.5612640380859375,0.0003677586209960282,0.14077824354171753,0.9996321201324463,0.10590997338294983,1.5416999588069302e-07,0.13499531149864197,2.843680491082523e-08
201903A,2019-09-23 03:45:00,insat,EMBC,1,0.08997911214828491,0.00018389010801911354,0.2576678395271301,0.6248847842216492,0.3231254816055298,0.02293062023818493,0.14796487987041473,0.0035649966448545456,0.18126270174980164,0.3484356999397278
201903A,2019-09-23 09:15:00,insat,CRVBND,1,0.09342779219150543,6.0210080846445635e-05,0.2514665126800537,0.687582790851593,0.31724467873573303,0.2697039246559143,0.16330799460411072,0.0018034540116786957,0.17455297708511353,0.04084962606430054
201903A,2019-09-23 14:45:00,insat,EMBC,1,0.09367028623819351,3.768003807635978e-05,0.2517370879650116,0.48290857672691345,0.3169543743133545,0.13354279100894928,0.1632402092218399,0.0007040071650408208,0.1743980497121811,0.3828068971633911
201903A,2019-09-24 01:45:00,insat,EYE,1,0.08833026885986328,0.00017764593940228224,0.26782509684562683,0.07528604567050934,0.31655991077423096,0.0024921323638409376,0.1446736603975296,0.00040966359665617347,0.18261103332042694,0.9216345548629761
201903A,2019-09-24 14:15:00,insat,EMBC,1,0.09186191111803055,0.00036026339512318373,0.24452118575572968,0.6312436461448669,0.32706496119499207,0.3116948902606964,0.16035355627536774,0.0011431603925302625,0.17619842290878296,0.05555807426571846
201904A,2019-10-25 12:45:00,insat,EMBC,1,0.09651914983987808,0.4678545594215393,0.254676878452301,0.009097651578485966,0.3158809542655945,2.2368490704138821e-07,0.16662511229515076,0.3004434108734131,0.16629797220230103,0.22260411083698273
201904A,2019-10-25 22:45:00,insat,EMBC,1,0.09174272418022156,0.11439448595046997,0.25747042894363403,0.01763695850968361,0.31913402676582336,7.485079578373188e-08,0.16237200796604156,0.6507441401481628,0.1692807674407959,0.2172243446111679
201904A,2019-10-26 07:15:00,insat,EMBC,1,0.09124801307916641,0.0022442908957600594,0.2620752155780792,0.46404796838760376,0.31820040941238403,0.0008174965623766184,0.16071581840515137,0.07542320340871811,0.16776056587696075,0.45746710896492004
201904A,2019-10-26 12:15:00,insat,EYE,1,0.0958433523774147,0.0011506725568324327,0.256507933139801,0.023826077580451965,0.31437209248542786,1.0230447514913976e-05,0.1649138480424881,0.00337943690828979,0.1683628410100937,0.9716335535049438
201904A,2019-10-27 00:15:00,insat,EYE,1,0.09713383764028549,0.27553820610046387,0.25857609510421753,0.03348598629236221,0.30828121304512024,1.081386244550231e-06,0.16121308505535126,0.31663694977760315,0.17479579150676727,0.3743378221988678
201904A,2019-10-27 06:15:00,insat,EYE,1,0.09782430529594421,0.5030592083930969,0.25458264350891113,0.0776597261428833,0.3144038915634155,1.363844330626307e-05,0.16275037825107574,0.23950618505477905,0.17043881118297577,0.17976124584674835
201904A,2019-10-27 11:45:00,insat,EYE,1,0.09912806004285812,0.382782906293869,0.2513483762741089,0.12973198294639587,0.3191531300544739,4.941150837112218e-05,0.16626039147377014,0.1684878021478653,0.16411009430885315,0.3189479112625122
201904A,2019-10-28 00:15:00,insat,EYE,1,0.09264698624610901,0.405985563993454,0.2636430561542511,0.009105435572564602,0.3184960186481476,9.858639060666974e-08,0.15148046612739563,0.35232824087142944,0.1737334430217743,0.23258066177368164
201904A,2019-10-28 06:15:00,insat,EYE,1,0.09527063369750977,0.2696276903152466,0.2600759267807007,0.15050868690013885,0.32030415534973145,3.495209966786206e-05,0.1552615612745285,0.39065852761268616,0.169087752699852,0.18917016685009003
201904A,2019-10-28 12:15:00,insat,EYE,1,0.09184686094522476,0.09199904650449753,0.26414111256599426,0.31941190361976624,0.31908556818962097,0.00023085183056537062,0.1546815037727356,0.15349426865577698,0.170244961977005,0.4348638951778412
201904A,2019-10-29 06:15:00,insat,EYE,1,0.08624982088804245,0.1395561546087265,0.2680487334728241,0.3552625775337219,0.32732146978378296,0.00016960268840193748,0.14853660762310028,0.20616476237773895,0.169843390583992,0.29884687066078186
201904A,2019-10-29 11:45:00,insat,EYE,1,0.08742581307888031,0.0016810548258945346,0.2677021920681,0.24918517470359802,0.32173749804496765,0.0014819793868809938,0.1497608721256256,0.004202667623758316,0.17337359488010406,0.7434491515159607
201904A,2019-10-29 23:15:00,insat,EMBC,1,0.08504462987184525,0.22107450664043427,0.2716355323791504,0.08005401492118835,0.3193933367729187,9.067893188330345e-06,0.1440661996603012,0.1256817877292633,0.17986033856868744,0.5731806755065918
201904A,2019-10-30 12:15:00,insat,CRVBND,1,0.08508563786745071,0.00036252749850973487,0.26859283447265625,0.8559204339981079,0.31917086243629456,0.11860588192939758,0.15062789618968964,0.003527484368532896,0.17652276158332825,0.021583739668130875
201905A,2019-10-30 12:15:00,insat,CRVBND,0,0.16943849623203278,0.002131755230948329,0.11787939071655273,0.27719366550445557,0.19357259571552277,0.37315940856933594,0.29689347743988037,0.009337017312645912,0.22221601009368896,0.3381781578063965
201904A,2019-10-30 23:45:00,insat,CRVBND,1,0.08202151209115982,6.327806545414205e-07,0.2706502377986908,0.08009025454521179,0.3331615924835205,0.9198805689811707,0.13795189559459686,8.971696274784335e-07,0.17621469497680664,2.7602914997260086e-05
201904A,2019-10-31 05:45:00,insat,SHEAR,1,0.08130527287721634,8.448798638482913e-08,0.27239564061164856,0.013975422829389572,0.33365917205810547,0.986019492149353,0.1355838179588318,9.429002290062272e-08,0.17705608904361725,4.916034868074348e-06
201906A,2019-12-03 09:15:00,insat,CRVBND,3,0.14085420966148376,0.024965975433588028,0.1616699993610382,0.3139958083629608,0.2882734537124634,0.002822653856128454,0.29529741406440735,0.4207943081855774,0.11390490084886551,0.23742127418518066
201906A,2019-12-03 15:15:00,insat,SHEAR,3,0.12151537835597992,0.00041959297959692776,0.16734816133975983,0.7149515151977539,0.3208221197128296,0.2162753939628601,0.28773733973503113,0.01801222749054432,0.10257694870233536,0.05034129321575165
201907A,2019-12-03 15:15:00,insat,CRVBND,1,0.08462164551019669,0.0025142161175608635,0.2676001191139221,0.37213942408561707,0.3143942058086395,0.0037255457136780024,0.1537824422121048,0.020745685324072838,0.1796015501022339,0.6008751392364502
201906A,2019-12-03 20:15:00,insat,CRVBND,3,0.13147951662540436,0.018149083480238914,0.16481606662273407,0.01135130412876606,0.32635578513145447,8.942863132688217e-06,0.2793385684490204,0.0883454978466034,0.09801004081964493,0.8821451663970947
201907A,2019-12-03 20:45:00,insat,IRRCDO,1,0.08866055309772491,8.299086039187387e-05,0.2605103850364685,0.17486031353473663,0.3076632022857666,0.007324945647269487,0.16529782116413116,0.0007682489231228828,0.1778680831193924,0.8169634938240051
201906A,2019-12-04 02:45:00,insat,EMBC,3,0.15360474586486816,0.7261127829551697,0.17793551087379456,0.0012461087899282575,0.26876795291900635,6.012674020894337e-07,0.26614460349082947,0.21424421668052673,0.13354724645614624,0.05839620903134346
201907A,2019-12-04 03:15:00,insat,CRVBND,1,0.08706536144018173,1.9708440959220752e-06,0.25701481103897095,0.33100080490112305,0.3142281472682953,0.62599778175354,0.1601046323776245,3.889941581292078e-05,0.18158701062202454,0.042960572987794876
201906A,2019-12-04 09:15:00,insat,CRVBND,3,0.14805129170417786,0.6926999688148499,0.17420367896556854,0.0164499469101429,0.27314573526382446,9.052690438693389e-05,0.2712087631225586,0.2684640884399414,0.13339054584503174,0.022295411676168442
201907A,2019-12-04 08:45:00,insat,SHEAR,1,0.09057821333408356,8.61993676437578e-09,0.26076269149780273,0.00816583726555109,0.3100205361843109,0.9918328523635864,0.1676587015390396,1.6729978824514546e-07,0.17097988724708557,1.202834368996264e-06
201906A,2019-12-04 14:45:00,insat,CRVBND,3,0.15602616965770721,0.6614272594451904,0.18924880027770996,0.1663484275341034,0.254015177488327,0.13494142889976501,0.24586163461208344,0.02359294518828392,0.15484821796417236,0.013689938001334667
201907A,2019-12-04 15:15:00,insat,SHEAR,1,0.09838324040174484,4.385904972536991e-09,0.2539295554161072,0.002122690435498953,0.29954490065574646,0.9978768825531006,0.18797041475772858,3.369899559402256e-08,0.16017191112041473,4.43661065219203e-07
201906A,2019-12-04 20:45:00,insat,CRVBND,3,0.15160462260246277,0.0005952785140834749,0.17845289409160614,0.25170472264289856,0.26992303133010864,0.6958695650100708,0.25718429684638977,0.0009798234095796943,0.14283514022827148,0.05085061490535736
201907A,2019-12-04 20:45:00,insat,SHEAR,1,0.09091787040233612,4.743465176204609e-09,0.2521733045578003,0.001307169790379703,0.3007897138595581,0.9986926913261414,0.18826381862163544,5.7604641057196204e-09,0.16785524785518646,1.5079972115472629e-07
201906A,2019-12-05 02:45:00,insat,CRVBND,3,0.14609847962856293,4.603918569046073e-05,0.1718999147415161,0.13701345026493073,0.28076136112213135,0.855769157409668,0.26443639397621155,0.00012766240979544818,0.13680385053157806,0.007043773308396339
201906A,2019-12-05 15:00:00,insat,CRVBND,3,0.14880427718162537,0.014368053525686264,0.17891117930412292,0.17423799633979797,0.27217429876327515,0.8032737374305725,0.2597554922103882,0.002018589526414871,0.14035478234291077,0.006101544480770826
201906A,2019-12-05 20:45:00,insat,IRRCDO,3,0.14613595604896545,0.008227143436670303,0.1858968883752823,0.17779488861560822,0.2846890389919281,0.10346654057502747,0.23855924606323242,0.0022093169391155243,0.14471884071826935,0.7083021402359009
201906A,2019-12-06 09:45:00,insat,CRVBND,3,0.14420439302921295,0.8466296195983887,0.1787947565317154,0.020187068730592728,0.2858803868293762,0.0005774087621830404,0.2554261088371277,0.1161118671298027,0.13569431006908417,0.016494037583470345
201906A,2019-12-06 14:45:00,insat,CRVBND,3,0.14206138253211975,0.932568371295929,0.1739569902420044,0.01963185891509056,0.2776101231575012,0.0034615620970726013,0.26791563630104065,0.019475607201457024,0.13845588266849518,0.024862688034772873
201906A,2019-12-06 20:45:00,insat,CRVBND,3,0.14601190388202667,0.3472124934196472,0.1746993064880371,0.1426672488451004,0.2714563310146332,0.16200149059295654,0.27142825722694397,0.007537731900811195,0.13640418648719788,0.34058108925819397
202001B,2020-05-18 08:45:00,insat,EYE,4,0.15461622178554535,0.9713661074638367,0.09398911893367767,0.0005710619734600186,0.41806402802467346,2.458666870097659e-07,0.11671922355890274,0.024310288950800896,0.21661143004894257,0.0037522355560213327
202001B,2020-05-18 15:15:00,insat,EYE,4,0.43098342418670654,0.7847562432289124,0.07447521388530731,0.00034483071067370474,0.1629938781261444,1.2091322609819599e-08,0.22508448362350464,0.21282070875167847,0.10646292567253113,0.0020782509818673134
202001B,2020-05-18 22:15:00,insat,EMBC,4,0.28381985425949097,0.014735146425664425,0.08538851886987686,0.060360293835401535,0.19792744517326355,1.2909534234495368e-05,0.27705368399620056,0.2668941915035248,0.15581047534942627,0.6579974293708801
202001B,2020-05-19 07:45:00,insat,EMBC,4,0.17704954743385315,0.3924334943294525,0.1439143717288971,0.004470574203878641,0.35013332962989807,3.205486223123444e-07,0.16260036826133728,0.5915278792381287,0.16630242764949799,0.011567749083042145
202001B,2020-05-19 15:15:00,insat,EMBC,4,0.10734803229570389,0.8684815764427185,0.1677844226360321,9.042119199875742e-05,0.4727197289466858,3.707955276155417e-09,0.08335790038108826,0.13128985464572906,0.16878990828990936,0.0001381975889671594
202001B,2020-05-20 01:45:00,insat,EMBC,4,0.07800327986478806,0.9854525923728943,0.09098822623491287,4.944120883010328e-05,0.6195043325424194,2.814444499676938e-08,0.0946592390537262,0.014365144073963165,0.11684494465589523,0.00013291162031237036
202002A,2020-06-02 23:45:00,insat,EYE,4,0.3173341751098633,0.0005029545282013714,0.09652874618768692,0.4769640862941742,0.2219236046075821,0.01878448948264122,0.16931262612342834,0.04819447919726372,0.19490081071853638,0.45555397868156433
202002A,2020-06-03 06:15:00,insat,EYE,4,0.40121158957481384,0.004023815039545298,0.09726347774267197,0.3416355550289154,0.2474004477262497,0.008251680061221123,0.13223394751548767,0.11501872539520264,0.12189048528671265,0.5310701727867126
202003A,2020-11-22 06:15:00,insat,EYE,4,0.23510029911994934,0.6573116779327393,0.06206689402461052,0.2576248347759247,0.5067933797836304,0.011553519405424595,0.13182352483272552,0.01937456615269184,0.06421586126089096,0.05413542315363884
202003A,2020-11-22 11:45:00,insat,EYE,4,0.3308713734149933,0.9775329232215881,0.0678885355591774,0.015514022670686245,0.33201515674591064,0.0015542848268523812,0.19590817391872406,0.0027242344804108143,0.0733167976140976,0.0026745039504021406
202003A,2020-11-23 11:45:00,insat,SHEAR,4,0.057676635682582855,0.06910192966461182,0.10386183857917786,0.09030622988939285,0.7038991451263428,0.8252253532409668,0.06293759495019913,0.00040614130557514727,0.07162483036518097,0.014960267581045628
202003A,2020-11-23 17:45:00,insat,SHEAR,4,0.060864489525556564,0.5579955577850342,0.10239489376544952,0.0739365890622139,0.6610863208770752,0.2940288782119751,0.07291324436664581,0.0014686307404190302,0.10274100303649902,0.07257037609815598
202004B,2020-11-23 18:15:00,insat,CRVBND,2,0.04668654128909111,5.805412456538761e-06,0.6270936727523804,0.15355530381202698,0.08925960212945938,0.8313512206077576,0.14791958034038544,0.00025770036154426634,0.0890405923128128,0.014830086380243301
202003A,2020-11-23 23:45:00,insat,CRVBND,4,0.05882442370057106,0.01631738618016243,0.11631587892770767,0.07821453362703323,0.6547664999961853,0.5490596294403076,0.07272913306951523,0.00010754247341537848,0.09736401587724686,0.35630083084106445
202004B,2020-11-23 23:45:00,insat,CRVBND,2,0.05328663811087608,0.0007468200637958944,0.5910537242889404,0.38255244493484497,0.09423051029443741,0.1578247994184494,0.18187393248081207,0.008842612616717815,0.07955516874790192,0.45003339648246765
202003A,2020-11-24 05:15:00,insat,CRVBND,4,0.05007418617606163,4.231625325701316e-07,0.08896602690219879,0.0020790311973541975,0.7274434566497803,0.9975263476371765,0.056896716356277466,7.0104988481034525e-09,0.07661962509155273,0.0003941762843169272
202004B,2020-11-25 06:45:00,insat,EMBC,2,0.0557984858751297,0.23217372596263885,0.4621420204639435,0.27443304657936096,0.12149618566036224,0.009036912582814693,0.2699347734451294,0.42423227429389954,0.09062863141298294,0.06012406945228577
202004B,2020-11-25 13:15:00,insat,EMBC,2,0.04684736579656601,0.20216506719589233,0.4721522331237793,0.2504526376724243,0.1523657590150833,0.007416063454002142,0.24036641418933868,0.27891746163368225,0.0882682055234909,0.2610487937927246
202004B,2020-11-25 18:45:00,insat,IRRCDO,2,0.11227994412183762,0.006978522054851055,0.5043566226959229,0.5737820267677307,0.08824040740728378,0.16037814319133759,0.23775352537631989,0.03455784544348717,0.057369496673345566,0.2243034690618515
202005B,2020-12-01 19:30:00,insat,EMBC,1,0.08843761682510376,0.2562548518180847,0.2590232491493225,0.04133129492402077,0.3202551007270813,6.146726150291215e-07,0.15806099772453308,0.523904025554657,0.17422303557395935,0.1785091906785965
202005B,2020-12-02 11:15:00,insat,CRVBND,1,0.08870231360197067,0.0024894012603908777,0.2587570548057556,0.7561344504356384,0.3247464597225189,0.00762790534645319,0.1544155776500702,0.042612019926309586,0.173378586769104,0.19113607704639435
202005B,2020-12-02 17:45:00,insat,CRVBND,1,0.09178619086742401,0.00584522495046258,0.2568134665489197,0.15288101136684418,0.3219151496887207,6.039508298272267e-05,0.16368836164474487,0.05474165454506874,0.16579677164554596,0.7864717245101929
202005B,2020-12-02 22:45:00,insat,EMBC,1,0.09198927879333496,0.0014356307219713926,0.2538425624370575,0.6887312531471252,0.32541367411613464,0.003841750556603074,0.16010521352291107,0.03467998281121254,0.16864925622940063,0.2713114023208618
202005B,2020-12-03 06:45:00,insat,CRVBND,1,0.09297128766775131,0.018873006105422974,0.2610011696815491,0.7037080526351929,0.3197364807128906,0.005092043895274401,0.1615191400051117,0.04498392343521118,0.1647719293832779,0.22734305262565613
202005B,2020-12-03 12:00:00,insat,CRVBND,1,0.09413674473762512,0.00021083118917886168,0.2534002661705017,0.6059232950210571,0.3265000581741333,0.2691386938095093,0.1643182784318924,0.0010726682376116514,0.16164465248584747,0.1236545592546463
202005B,2020-12-03 23:45:00,insat,CRVBND,1,0.0877726599574089,9.393866639584303e-05,0.2552609443664551,0.8109706044197083,0.3181036710739136,0.07948405295610428,0.16081275045871735,0.0013360936427488923,0.1780499815940857,0.10811526328325272
202005B,2020-12-04 06:15:00,insat,CRVBND,1,0.09171640872955322,0.00023138364485930651,0.25613585114479065,0.6958470940589905,0.3149223029613495,0.07297273725271225,0.16388559341430664,0.0018393239006400108,0.1733398735523224,0.2291094958782196
202005B,2020-12-04 11:45:00,insat,CRVBND,1,0.09033408761024475,0.023592226207256317,0.2546071410179138,0.6305589079856873,0.31220847368240356,0.009518980048596859,0.1675751805305481,0.1771942675113678,0.17527516186237335,0.1591356247663498
202005B,2020-12-05 05:15:00,insat,CRVBND,1,0.09112822264432907,0.029806461185216904,0.2581402361392975,0.8511501550674438,0.3131197988986969,0.02076598070561886,0.16454942524433136,0.05399253964424133,0.17306232452392578,0.044284846633672714
202101A,2021-05-14 09:45:00,insat,CRVBND,1,0.09045883268117905,0.00022889007232151926,0.25369179248809814,0.6167912483215332,0.33034059405326843,0.010838047601282597,0.1591356247663498,0.005711320787668228,0.16637316346168518,0.36643052101135254
202101A,2021-05-14 15:15:00,insat,CRVBND,1,0.08341430127620697,0.001223794766701758,0.26528266072273254,0.3611006438732147,0.3283544182777405,8.228005026467144e-05,0.14874267578125,0.015767522156238556,0.1742059737443924,0.6218256950378418
202101A,2021-05-15 03:15:00,insat,EMBC,1,0.08436431735754013,0.5082706212997437,0.26257559657096863,0.015771660953760147,0.3322778642177582,5.0936545648028186e-08,0.14777153730392456,0.46154916286468506,0.1730107069015503,0.014408520422875881
202101A,2021-05-16 15:15:00,insat,EYE,1,0.08434450626373291,0.5378320813179016,0.2616935670375824,0.012337776832282543,0.333622545003891,6.042259315108822e-08,0.14857688546180725,0.40378430485725403,0.17176252603530884,0.04604579880833626
202101A,2021-05-16 21:15:00,insat,EYE,1,0.08897949755191803,0.24554535746574402,0.2561957836151123,0.007912581786513329,0.3285137116909027,5.446416295740164e-08,0.15520024299621582,0.7373484373092651,0.17111079394817352,0.009193576872348785
202101A,2021-05-17 02:45:00,insat,EYE,1,0.08913470804691315,0.27126193046569824,0.26485493779182434,0.019129646942019463,0.32619503140449524,4.5816986471436394e-07,0.14951494336128235,0.6838839650154114,0.1703004091978073,0.025724045932292938
202101A,2021-05-17 09:15:00,insat,EYE,1,0.09283225238323212,0.2435542345046997,0.2572467029094696,0.05397805571556091,0.32664090394973755,4.080418420926435e-06,0.15778154134750366,0.6804299354553223,0.16549859941005707,0.022033674642443657
202101A,2021-05-17 15:15:00,insat,EYE,1,0.09267009794712067,0.28733715415000916,0.25753217935562134,0.04673737660050392,0.3223595917224884,1.8794310108205536e-06,0.15593117475509644,0.5698742866516113,0.17150698602199554,0.09604930132627487
202102B,2021-05-24 03:15:00,insat,CRVBND,3,0.14611725509166718,8.60829718618561e-09,0.1657908409833908,0.09811209887266159,0.2605271339416504,0.9017789959907532,0.29210996627807617,2.3963999410625547e-05,0.13545487821102142,8.489666652167216e-05
202102B,2021-05-24 08:45:00,insat,CRVBND,3,0.14811788499355316,9.7153973754871e-09,0.16768306493759155,0.1174921840429306,0.2760242223739624,0.8823897838592529,0.27942314743995667,6.893429235788062e-05,0.12875168025493622,4.914574674330652e-05
202102B,2021-05-24 15:15:00,insat,CRVBND,3,0.14202284812927246,2.6155217369705497e-07,0.17052288353443146,0.5963324308395386,0.2678823173046112,0.2884782552719116,0.29137927293777466,0.0005009665619581938,0.1281926929950714,0.11468809098005295
202103B,2021-09-24 12:10:00,insat,CRVBND,2,0.04918704926967621,5.865723505849019e-05,0.5213959813117981,0.5237442255020142,0.15966902673244476,0.3027905225753784,0.13346828520298004,0.0033152734395116568,0.1362796276807785,0.17009137570858002
202103B,2021-09-26 00:15:00,insat,IRRCDO,2,0.05762586370110512,4.404823172876604e-09,0.5385685563087463,0.03350072354078293,0.14357171952724457,0.9654586911201477,0.1605568677186966,5.347638307284797e-06,0.09967698156833649,0.0010352106764912605
202103B,2021-09-26 06:15:00,insat,EMBC,2,0.05505138635635376,2.913670186899253e-06,0.5772988796234131,0.12877124547958374,0.11254177242517471,0.03559168800711632,0.1398177295923233,0.00014460763486567885,0.11529015004634857,0.8354895114898682
202103A,2021-10-01 00:45:00,insat,EMBC,4,0.08758378773927689,6.555309664690867e-05,0.08787042647600174,0.4721406102180481,0.6636422276496887,0.39831677079200745,0.0695020779967308,0.0006607762770727277,0.09140148758888245,0.12881621718406677
202103A,2021-10-01 06:15:00,insat,EMBC,4,0.3980993628501892,0.011027752421796322,0.04922301322221756,0.21946299076080322,0.28685805201530457,0.006226467899978161,0.1629076451063156,0.008550288155674934,0.10291192680597305,0.7547324299812317
202103A,2021-10-01 12:45:00,insat,EMBC,4,0.2739567458629608,0.40272799134254456,0.05569464713335037,0.3625527024269104,0.40689510107040405,0.03679525479674339,0.1441413164138794,0.06723354756832123,0.11931213736534119,0.13069050014019012
202103A,2021-10-02 00:15:00,insat,CRVBND,4,0.14312024414539337,0.005397118628025055,0.0812726616859436,0.3255351185798645,0.5490822792053223,0.6513354182243347,0.1339932680130005,0.003007297171279788,0.09253157675266266,0.014725101180374622
202103A,2021-10-02 06:15:00,insat,EYE,4,0.32977017760276794,0.00010173393093282357,0.05002297833561897,0.18636709451675415,0.25435277819633484,0.8108137845993042,0.18197312951087952,0.0001425494410796091,0.1838809847831726,0.00257484195753932
202103A,2021-10-03 00:15:00,insat,CRVBND,4,0.08687682449817657,0.02036135271191597,0.08098482340574265,0.257536917924881,0.6985660195350647,0.6912350058555603,0.06651917845010757,0.0012712052557617426,0.06705314666032791,0.029595552012324333
202103A,2021-10-03 06:15:00,insat,EYE,4,0.35817134380340576,0.021320844069123268,0.03459629788994789,0.5751068592071533,0.302878737449646,0.3196127116680145,0.20771488547325134,0.0036143045872449875,0.09663868695497513,0.0803452581167221
202104B,2021-11-11 11:45:00,insat,CRVBND,3,0.15907388925552368,5.6321492593269795e-05,0.17181232571601868,0.735487699508667,0.25647035241127014,0.23764759302139282,0.28676992654800415,0.008532969281077385,0.12587350606918335,0.018275490030646324
202105B,2021-12-03 08:45:00,insat,CRVBND,4,0.057990528643131256,0.012335075996816158,0.1506785750389099,0.23363667726516724,0.6037988066673279,0.0018257732735946774,0.08474109321832657,0.217569500207901,0.10279098153114319,0.5346330404281616
202105B,2021-12-03 21:15:00,insat,CRVBND,4,0.07522452622652054,2.5377867132192478e-05,0.11731436103582382,0.5214983224868774,0.6415490508079529,0.24500536918640137,0.09143779426813126,0.0028238575905561447,0.07447430491447449,0.23064710199832916
202105B,2021-12-04 03:15:00,insat,CRVBND,4,0.06973603367805481,0.0010675379307940602,0.09308174252510071,0.01767563819885254,0.6785784363746643,0.00047713093226775527,0.08700374513864517,0.0017228310462087393,0.07160010188817978,0.9790568351745605
202105B,2021-12-04 08:15:00,insat,IRRCDO,4,0.06110331043601036,0.6313254237174988,0.14804930984973907,0.04500070586800575,0.6490702033042908,0.0005911822081543505,0.07558919489383698,0.056944340467453,0.0661880150437355,0.26613837480545044
202105B,2021-12-05 09:15:00,insat,CRVBND,4,0.051732148975133896,0.4059869945049286,0.13239479064941406,0.017852352932095528,0.6813244223594666,2.7032992875319906e-05,0.06451237201690674,0.5296429395675659,0.07003628462553024,0.04649064689874649
202105B,2021-12-05 14:45:00,insat,IRRCDO,4,0.041113533079624176,0.021572213619947433,0.09952671080827713,0.23071202635765076,0.7353153824806213,0.0014340386260300875,0.055347394198179245,0.23149384558200836,0.06869696080684662,0.5147879123687744
202201B,2022-03-04 20:45:00,insat,CRVBND,2,0.0319388248026371,0.07386640459299088,0.5452604293823242,0.5790486335754395,0.1915498971939087,0.044829193502664566,0.13282054662704468,0.07377786189317703,0.09843022376298904,0.22847791016101837
202201B,2022-03-05 03:15:00,insat,CRVBND,2,0.027017658576369286,0.1561756581068039,0.5381097793579102,0.3656488358974457,0.21477484703063965,0.0029880849178880453,0.13381721079349518,0.19771552085876465,0.08628055453300476,0.2774718999862671
202201B,2022-03-05 09:15:00,insat,CRVBND,2,0.035840075463056564,0.002086146967485547,0.5566073060035706,0.7623564004898071,0.1851782351732254,0.18905359506607056,0.12469750642776489,0.010080465115606785,0.0976768508553505,0.036423321813344955
202201B,2022-03-05 15:15:00,insat,CRVBND,2,0.042804475873708725,4.161590550211258e-05,0.49769386649131775,0.2018163502216339,0.24699917435646057,0.7976180911064148,0.12462978065013885,0.00023414294992107898,0.087872713804245,0.00028982030926272273
202201B,2022-03-05 21:15:00,insat,SHEAR,2,0.032142724841833115,0.00010080618812935427,0.4768175780773163,0.1583309918642044,0.24712130427360535,0.840901255607605,0.1468881368637085,0.0002406972780590877,0.09703024476766586,0.0004261867725290358
202201B,2022-03-06 03:15:00,insat,SHEAR,2,0.04821353405714035,9.859260899247602e-06,0.4466930031776428,0.03935987502336502,0.20629799365997314,0.9605854153633118,0.14559657871723175,2.9761376936221495e-05,0.15319886803627014,1.5096577044459991e-05
202201B,2022-03-06 09:15:00,insat,SHEAR,2,0.0271452683955431,3.6790274293707625e-07,0.47242042422294617,0.008009962737560272,0.29337894916534424,0.9919857978820801,0.10459721833467484,3.738045734280604e-06,0.1024581640958786,1.0834119024139e-07
202202B,2022-05-07 09:10:00,insat,IRRCDO,0,0.1236986517906189,6.931682582944632e-05,0.13461363315582275,0.13424021005630493,0.14043211936950684,0.00046384058077819645,0.31312936544418335,0.009978068992495537,0.28812628984451294,0.8552485704421997
202202B,2022-05-08 03:15:00,insat,EMBC,0,0.16198214888572693,0.25969433784484863,0.14540445804595947,0.0005816150223836303,0.18515197932720184,1.3092634532085867e-08,0.32312852144241333,0.7366610765457153,0.18433289229869843,0.003062956966459751
202202B,2022-05-09 03:45:00,insat,IRRCDO,0,0.15566805005073547,4.911270821139624e-07,0.12334246933460236,0.6028978824615479,0.20693472027778625,0.21374273300170898,0.3259409964084625,0.001984346192330122,0.1881137192249298,0.18137450516223907
202202B,2022-05-10 02:15:00,insat,EMBC,0,0.15020409226417542,0.0040395730175077915,0.12907446920871735,0.4656509757041931,0.22469501197338104,0.009638363495469093,0.31282052397727966,0.1961624026298523,0.18320588767528534,0.3245086967945099
202202B,2022-05-10 10:15:00,insat,EMBC,0,0.14810810983181,0.007612971123307943,0.14388906955718994,0.20185503363609314,0.1997167021036148,0.00803454127162695,0.2984928488731384,0.0360853374004364,0.20979325473308563,0.7464121580123901
202202B,2022-05-11 02:45:00,insat,EMBC,0,0.16553710401058197,0.01096209604293108,0.12915799021720886,0.282149076461792,0.21332670748233795,0.016980018466711044,0.3156088590621948,0.056952815502882004,0.17636927962303162,0.6329559683799744
202202B,2022-05-11 07:45:00,insat,IRRCDO,0,0.15512962639331818,0.008619429543614388,0.12918590009212494,0.4479219913482666,0.19616131484508514,0.0405082032084465,0.3325338065624237,0.10542341321706772,0.18698936700820923,0.39752689003944397
202203A,2022-08-12 08:15:00,insat,CRVBND,3,0.14617212116718292,0.0001294790708925575,0.1717551201581955,0.6995032429695129,0.28233572840690613,0.23941107094287872,0.2782127559185028,0.025304479524493217,0.12152424454689026,0.03565172106027603
202203A,2022-08-12 15:15:00,insat,SHEAR,3,0.1325649470090866,2.126661684087594e-06,0.16768038272857666,0.060829877853393555,0.2949504554271698,0.9391379356384277,0.2585679292678833,9.325214705313556e-06,0.14623631536960602,2.0809417037526146e-05
202203A,2022-08-12 21:15:00,insat,SHEAR,3,0.13815201818943024,1.8035108951153234e-05,0.17145240306854248,0.26731306314468384,0.2934831976890564,0.7297459840774536,0.26737499237060547,0.00089645991101861,0.12953737378120422,0.002026456408202648
202203A,2022-08-13 09:15:00,insat,SHEAR,3,0.12057513743638992,5.108897198624618e-07,0.15760597586631775,0.006336758378893137,0.3429263234138489,0.9936591982841492,0.25617852807044983,1.5632226677553263e-06,0.12271404266357422,1.9771844108618097e-06
202203A,2022-08-13 15:15:00,insat,SHEAR,3,0.1342116743326187,5.9312789346677164e-08,0.16748620569705963,0.002142075914889574,0.26999178528785706,0.9978575110435486,0.29773348569869995,1.4251212121507706e-07,0.13057689368724823,1.996112359847757e-07
202203A,2022-08-13 21:15:00,insat,SHEAR,3,0.16444873809814453,7.069018920446979e-06,0.15333209931850433,0.04170069843530655,0.27465999126434326,0.9579285383224487,0.2639387249946594,0.0002322164218639955,0.14362050592899323,0.00013140651572030038
202204B,2022-08-19 00:15:00,insat,CRVBND,1,0.08527722954750061,8.08226445769833e-08,0.25954341888427734,0.23744931817054749,0.32120248675346375,0.761793851852417,0.15401306748390198,9.437349945073947e-05,0.17996379733085632,0.0006623826920986176
202204B,2022-08-19 06:45:00,insat,CRVBND,1,0.08573567122220993,0.00023402433726005256,0.25788524746894836,0.8403412103652954,0.31402185559272766,0.012068884447216988,0.16415145993232727,0.028629258275032043,0.17820577323436737,0.1187266856431961
202204B,2022-08-19 11:15:00,insat,CRVBND,1,0.08788856118917465,3.377613757038489e-05,0.25030776858329773,0.8058872818946838,0.3089659512042999,0.021510429680347443,0.17125967144966125,0.00457749655470252,0.18157805502414703,0.16799099743366241
202205B,2022-10-23 15:15:00,insat,CRVBND,2,0.03877304494380951,0.0014534690417349339,0.5148046612739563,0.6775907874107361,0.13837650418281555,0.006067770533263683,0.18227480351924896,0.07515937834978104,0.12577098608016968,0.23972856998443604
202205B,2022-10-23 20:15:00,insat,CRVBND,2,0.03836524486541748,0.008846953511238098,0.5236238837242126,0.15743736922740936,0.14718864858150482,0.0002061188279185444,0.1712641566991806,0.030951224267482758,0.11955808103084564,0.8025583624839783
202205B,2022-10-24 01:45:00,insat,CRVBND,2,0.03794102370738983,0.07656815648078918,0.507256269454956,0.03562324866652489,0.15517324209213257,2.7217149636271643e-06,0.16826629638671875,0.7077378630638123,0.131363183259964,0.1800680160522461
202205B,2022-10-24 09:15:00,insat,CRVBND,2,0.054573990404605865,0.254565566778183,0.5097070336341858,0.033545996993780136,0.13720008730888367,2.3180518837762065e-05,0.17882782220840454,0.4240117073059082,0.11969104409217834,0.28785353899002075
202205B,2022-10-24 15:15:00,insat,CRVBND,2,0.046278297901153564,0.05483135208487511,0.5103505849838257,0.04384529963135719,0.1369916796684265,2.0656254491768777e-05,0.1579314023256302,0.1676662415266037,0.14844805002212524,0.7336364388465881
202206B,2022-12-08 12:15:00,insat,IRRCDO,3,0.1594630628824234,0.0037408352363854647,0.18725727498531342,0.5818799138069153,0.2501170337200165,0.08631250262260437,0.27566981315612793,0.0065608457662165165,0.12749281525611877,0.32150590419769287
202206B,2022-12-08 18:15:00,insat,EMBC,3,0.1345062553882599,0.41471943259239197,0.17769424617290497,0.3554607927799225,0.2913689613342285,0.011585190892219543,0.28412312269210815,0.1405174434185028,0.11230742186307907,0.07771716266870499
202206B,2022-12-09 00:15:00,insat,CRVBND,3,0.13203215599060059,0.2836616337299347,0.17597045004367828,0.1889011412858963,0.29096755385398865,0.005286555737257004,0.29290133714675903,0.10782250016927719,0.10812841355800629,0.41432812809944153
202206B,2022-12-09 06:15:00,insat,CRVBND,3,0.14821960031986237,0.4394990801811218,0.18057678639888763,0.13801513612270355,0.2722557783126831,0.03275005519390106,0.2764591574668884,0.13867826759815216,0.12248872965574265,0.2510574758052826
202206B,2022-12-09 12:15:00,insat,CRVBND,3,0.1458105593919754,0.02624577470123768,0.18867838382720947,0.05252855643630028,0.26162827014923096,0.027440737932920456,0.27502772212028503,0.0024589826352894306,0.12885504961013794,0.8913259506225586
202206B,2022-12-09 17:45:00,insat,CRVBND,3,0.15218119323253632,0.008190460503101349,0.19586074352264404,0.10130302608013153,0.25041890144348145,0.8435662388801575,0.26066818833351135,0.0011446154676377773,0.14087098836898804,0.04579579830169678
202207A,2022-12-15 15:15:00,insat,CRVBND,4,0.05747378244996071,0.00017850127187557518,0.1180005893111229,0.6595427393913269,0.6860045790672302,0.19392815232276917,0.07059407234191895,0.000852677330840379,0.06792700290679932,0.14549791812896729
202207A,2022-12-15 21:15:00,insat,SHEAR,4,0.05337093397974968,1.1934017152270826e-07,0.12939271330833435,0.16672638058662415,0.6584495902061462,0.8307332396507263,0.09151192009449005,9.66933021118166e-06,0.06727486848831177,0.002530548023059964
202207A,2022-12-16 03:15:00,insat,SHEAR,4,0.06179211661219597,1.4543751092332968e-08,0.12314800918102264,0.025562303140759468,0.6972633004188538,0.9744344353675842,0.06413829326629639,3.144542120026017e-07,0.053658243268728256,2.951015176222427e-06
202207A,2022-12-16 08:45:00,insat,SHEAR,4,0.04964623227715492,3.327149444842803e-09,0.1030106469988823,0.01845729909837246,0.7144017219543457,0.981540322303772,0.06412853300571442,1.7176341771119041e-07,0.06881284713745117,2.2516951503348537e-06
202207A,2022-12-16 15:15:00,insat,SHEAR,4,0.04559280350804329,7.028522208685217e-09,0.11435739696025848,0.00828890223056078,0.7433127760887146,0.9917102456092834,0.04953405633568764,1.210121922667895e-07,0.047203000634908676,6.712926392538066e-07
202207A,2022-12-16 21:15:00,insat,SHEAR,4,0.034675221890211105,1.9363575631814456e-07,0.10397113859653473,0.003333799773827195,0.750129759311676,0.9966656565666199,0.06025589257478714,7.22754336379694e-08,0.050968073308467865,2.1968145347273094e-07
202207A,2022-12-17 03:15:00,insat,SHEAR,4,0.042750515043735504,4.701733632828109e-05,0.1045839935541153,0.23655788600444794,0.7107810378074646,0.544697642326355,0.07789086550474167,2.7980873710475862e-05,0.06399361789226532,0.21866954863071442
202301B,2023-05-11 08:30:00,insat,EMBC,1,0.08373075723648071,0.10639814287424088,0.2626971900463104,0.12713919579982758,0.3302191197872162,2.5135227588179987e-06,0.14709651470184326,0.6480124592781067,0.1762564331293106,0.11844765394926071
202301B,2023-05-11 14:30:00,insat,EYE,1,0.08542327582836151,0.35109299421310425,0.2576085329055786,0.028138337656855583,0.3321581482887268,1.680056982422684e-07,0.15202690660953522,0.4860624074935913,0.17278315126895905,0.13470607995986938
202301B,2023-05-12 09:00:00,insat,EMBC,1,0.08944432437419891,0.31148314476013184,0.25461041927337646,0.012709029950201511,0.3259563446044922,7.878518459847328e-08,0.1606689840555191,0.6230600476264954,0.16931988298892975,0.05274767056107521
202301B,2023-05-12 15:00:00,insat,EYE,1,0.08957357704639435,0.5344963669776917,0.25502657890319824,0.006727517582476139,0.3230311870574951,1.3779548169168265e-08,0.1631784588098526,0.39813292026519775,0.1691902130842209,0.06064315140247345
202301B,2023-05-13 03:00:00,insat,EMBC,1,0.08583896607160568,0.5534225702285767,0.25823891162872314,0.00045133265666663647,0.3290676176548004,1.2583593889115008e-10,0.15475572645664215,0.4452211260795593,0.172098770737648,0.0009049499640241265
202301B,2023-05-13 15:30:00,insat,EMBC,1,0.08501361310482025,0.5167165398597717,0.25967538356781006,0.0007013685535639524,0.3356401324272156,1.5858757362874343e-10,0.15267536044120789,0.4811626076698303,0.16699551045894623,0.0014195359544828534
202302A,2023-06-06 09:00:00,insat,CRVBND,0,0.20204882323741913,0.24473974108695984,0.1178557425737381,0.05037853866815567,0.1735358089208603,0.00013891725393477827,0.3429645895957947,0.5317668318748474,0.16359500586986542,0.17297601699829102
202302A,2023-06-06 15:30:00,insat,EMBC,0,0.1943797767162323,0.47729355096817017,0.13334369659423828,0.06344648450613022,0.19521532952785492,0.0014067093143239617,0.3029762804508209,0.2193576693534851,0.17408494651317596,0.23849566280841827
202302A,2023-06-07 16:00:00,insat,IRRCDO,0,0.1829017549753189,0.004085630644112825,0.1179431900382042,0.07548999041318893,0.19772952795028687,0.0006453786627389491,0.3107717037200928,0.055381085723638535,0.19065381586551666,0.8643978834152222
202302A,2023-06-08 03:00:00,insat,EYE,0,0.21553122997283936,0.053920745849609375,0.12766796350479126,0.04261190816760063,0.16428929567337036,7.433015707647428e-05,0.3167542517185211,0.5940467715263367,0.1757572889328003,0.3093462586402893
202302A,2023-06-08 09:00:00,insat,IRRCDO,0,0.15352344512939453,0.00042767601553350687,0.11754100024700165,0.11779683083295822,0.18981653451919556,0.007369311526417732,0.35259461402893066,0.008814613334834576,0.18652445077896118,0.8655915856361389
202302A,2023-06-08 15:00:00,insat,IRRCDO,0,0.18607060611248016,6.535631200677017e-06,0.13456428050994873,0.10112058371305466,0.1913142204284668,0.01302232127636671,0.30223268270492554,0.000787820725236088,0.18581822514533997,0.8850627541542053
202302A,2023-06-09 03:00:00,insat,EMBC,0,0.20728453993797302,0.0011086872546002269,0.11298548430204391,0.0033605117350816727,0.18645252287387848,7.730042852927e-06,0.31497126817703247,0.0035312161780893803,0.1783061921596527,0.9919919371604919
202303B,2023-06-09 09:00:00,insat,SHEAR,2,0.04717353731393814,8.495418951648404e-11,0.6119155883789062,0.0037042018957436085,0.09241985529661179,0.9962900876998901,0.13987335562705994,1.3207699112172122e-06,0.1086176186800003,4.3355389607313555e-06
202302A,2023-06-09 15:00:00,insat,IRRCDO,0,0.18074259161949158,0.0008635881822556257,0.13034819066524506,0.04116153344511986,0.19434703886508942,0.002513050800189376,0.30637258291244507,0.004265025723725557,0.18818959593772888,0.9511967301368713
202303B,2023-06-09 15:00:00,insat,SHEAR,2,0.06468401104211807,2.931243914261472e-09,0.5953952074050903,0.00537934759631753,0.08614879101514816,0.9937896132469177,0.1506713628768921,9.149151196652383e-07,0.10310061275959015,0.0008301169727928936
202302A,2023-06-09 20:30:00,insat,EMBC,0,0.18866129219532013,0.07899840921163559,0.1252916008234024,0.00442534452304244,0.20201043784618378,2.5154192826448707e-06,0.3281557857990265,0.09344514459371567,0.155880868434906,0.8231285810470581
202303B,2023-06-09 21:00:00,insat,CRVBND,2,0.03508782014250755,6.405777241980104e-08,0.632474958896637,0.06206304207444191,0.1299140453338623,0.9140093922615051,0.14506162703037262,1.7857029888546094e-05,0.057461488991975784,0.023909607902169228
202302A,2023-06-10 03:00:00,insat,EMBC,0,0.20445120334625244,0.15378201007843018,0.12586677074432373,0.03234511613845825,0.1939830482006073,0.00010275503154844046,0.31128865480422974,0.7344558835029602,0.1644103229045868,0.07931419461965561
202303B,2023-06-10 03:10:00,insat,CRVBND,2,0.053328901529312134,1.7850146605269401e-06,0.6055310368537903,0.07306579500436783,0.10678074508905411,0.14712615311145782,0.12390599399805069,0.00011071555491071194,0.11045332252979279,0.7796955704689026
202302A,2023-06-10 09:00:00,insat,CRVBND,0,0.18487007915973663,6.078833791889338e-08,0.13362303376197815,0.031036337837576866,0.1940259486436844,0.9654800295829773,0.3233209252357483,8.31543184176553e-06,0.16416001319885254,0.0034753051586449146
202303B,2023-06-10 08:10:00,insat,CRVBND,2,0.06632864475250244,8.157011848197726e-07,0.6028872132301331,0.03927786275744438,0.08422891050577164,0.7447472214698792,0.1457047462463379,4.141499084653333e-05,0.10085052996873856,0.215932697057724
202302A,2023-06-10 14:00:00,insat,EMBC,0,0.20312798023223877,0.0009083529002964497,0.12759238481521606,0.06385300308465958,0.21237464249134064,0.010671840980648994,0.29455193877220154,0.0034676475916057825,0.16235308349132538,0.9210991859436035
202302A,2023-06-11 02:00:00,insat,SHEAR,0,0.17154014110565186,2.8492155301762523e-09,0.13188114762306213,0.003357885405421257,0.21623700857162476,0.9966390132904053,0.30877190828323364,2.2216829265175875e-08,0.1715697944164276,3.0468106615444412e-06
202302A,2023-06-11 08:30:00,insat,EMBC,0,0.17772281169891357,0.017908897250890732,0.11824528127908707,0.08007678389549255,0.20135566592216492,0.0003049801161978394,0.3249043822288513,0.49068114161491394,0.17777188122272491,0.41102826595306396
202302A,2023-06-11 15:00:00,insat,SHEAR,0,0.22779151797294617,3.524963654299995e-11,0.13004480302333832,0.0022025136277079582,0.20316357910633087,0.9977971315383911,0.29085633158683777,1.703366780958504e-09,0.14814379811286926,3.52391907654237e-07
202302A,2023-06-12 02:00:00,insat,EMBC,0,0.21564051508903503,0.020685497671365738,0.12005264312028885,0.034768618643283844,0.2030005007982254,3.4582335501909256e-05,0.320941686630249,0.6786201596260071,0.1403646618127823,0.26589110493659973
202302A,2023-06-12 08:00:00,insat,EYE,0,0.2318938672542572,0.07860229164361954,0.11614260822534561,0.11751582473516464,0.17079521715641022,0.0011579181300476193,0.32409054040908813,0.6776323318481445,0.15707775950431824,0.1250915825366974
202302A,2023-06-12 15:00:00,insat,EYE,0,0.30321455001831055,0.03908473625779152,0.11817904561758041,0.39721083641052246,0.132842019200325,0.00881999172270298,0.29883772134780884,0.22731372714042664,0.14692670106887817,0.32757070660591125
202302A,2023-06-13 15:00:00,insat,EMBC,0,0.2580415606498718,0.014198887161910534,0.1313849538564682,0.20804575085639954,0.18425153195858002,0.009050355292856693,0.29175522923469543,0.06807664036750793,0.13456669449806213,0.7006283402442932
202302A,2023-06-13 21:00:00,insat,CRVBND,0,0.26407212018966675,1.3811571079713758e-05,0.1252598911523819,0.32324573397636414,0.17557871341705322,0.671184241771698,0.2892422676086426,0.00038775999564677477,0.14584697782993317,0.005168477073311806
202302A,2023-06-14 09:00:00,insat,CRVBND,0,0.16284078359603882,2.2266810901783174e-06,0.12603798508644104,0.21035687625408173,0.21528132259845734,0.7832244038581848,0.3172711431980133,0.0003333476197440177,0.1785687804222107,0.006083177402615547
202302A,2023-06-14 15:00:00,insat,SHEAR,0,0.19390855729579926,2.7861776774606994e-10,0.12127131968736649,0.009186544455587864,0.1955222636461258,0.9908075928688049,0.31667008996009827,1.246699667944995e-07,0.1726277470588684,5.7900224419427104e-06
202302A,2023-06-14 21:00:00,insat,CRVBND,0,0.20958413183689117,1.4377727453052103e-08,0.11955931037664413,0.015142740681767464,0.19746024906635284,0.9846665859222412,0.3113440275192261,1.369117057947733e-06,0.16205225884914398,0.00018921223818324506
202302A,2023-06-15 03:00:00,insat,SHEAR,0,0.17623087763786316,2.9302653636875675e-09,0.12337807565927505,0.003396972781047225,0.2136424332857132,0.9966008067131042,0.3228442370891571,3.3215616923598645e-08,0.16390438377857208,2.274142843816662e-06
202302A,2023-06-15 09:00:00,insat,CRVBND,0,0.1802394539117813,0.00017144213779829443,0.1303238868713379,0.4020847976207733,0.21575063467025757,0.5757491588592529,0.2968391180038452,0.0028763774316757917,0.1768469363451004,0.019118133932352066
202304B,2023-08-01 00:00:00,insat,CRVBND,4,0.04227083548903465,3.9642198856881805e-08,0.12959764897823334,0.05800981447100639,0.6535012125968933,0.941955029964447,0.060088057070970535,8.182898454833776e-06,0.11454225331544876,2.699775723158382e-05
202304B,2023-08-01 06:00:00,insat,SHEAR,4,0.05831046774983406,7.873083851528406e-10,0.1601281613111496,0.1692533940076828,0.5956342220306396,0.8306223750114441,0.06943049281835556,3.88769076380413e-05,0.11649662256240845,8.53805904625915e-05
202305A,2023-10-21 15:30:00,insat,EYE,3,0.13858014345169067,0.16825364530086517,0.15930591523647308,0.12379877269268036,0.2961188554763794,0.0005315496819093823,0.2823120355606079,0.6339079737663269,0.12368305027484894,0.07350806891918182
202305A,2023-10-21 21:00:00,insat,EYE,3,0.15424489974975586,0.12953516840934753,0.14633497595787048,0.2232741266489029,0.2614811956882477,0.000824818795081228,0.31976693868637085,0.4816127121448517,0.11817194521427155,0.16475313901901245
202305A,2023-10-22 03:00:00,insat,EYE,3,0.17419816553592682,0.10865716636180878,0.1346503645181656,0.07942413538694382,0.24709829688072205,9.477847925154492e-05,0.3170629143714905,0.7625076770782471,0.12699027359485626,0.04931614175438881
202305A,2023-10-22 09:00:00,insat,EYE,3,0.15370973944664001,0.29510989785194397,0.15750253200531006,0.35111522674560547,0.28061196208000183,0.009118692018091679,0.29394790530204773,0.3144083619117737,0.11422780901193619,0.030247807502746582
202305A,2023-10-22 15:00:00,insat,EYE,3,0.17347277700901031,0.3253158628940582,0.14197009801864624,0.436596542596817,0.27622759342193604,0.0352805070579052,0.298361599445343,0.13061405718326569,0.109967902302742,0.07219298183917999
202305A,2023-10-23 09:30:00,insat,SHEAR,3,0.19289694726467133,6.148279499029741e-05,0.12286060303449631,0.003241904778406024,0.2623291611671448,0.9966956377029419,0.2987461984157562,1.9135745787934866e-07,0.12316709756851196,7.248714268826006e-07
202305A,2023-10-23 15:00:00,insat,EYE,3,0.16114604473114014,0.5969123244285583,0.13293291628360748,0.13956889510154724,0.2564919888973236,0.02142546884715557,0.3060377240180969,0.0035108185838907957,0.14339135587215424,0.23858246207237244
202306B,2023-10-24 03:00:00,insat,EMBC,1,0.09282346069812775,0.5104625225067139,0.26486074924468994,0.014015914872288704,0.3148047924041748,5.211443294683704e-07,0.1575423926115036,0.46656113862991333,0.1699686348438263,0.008959941565990448
202306B,2023-10-24 08:30:00,insat,EMBC,1,0.09146111458539963,0.27640846371650696,0.2644253969192505,0.012130341492593288,0.31764012575149536,6.651453077211045e-07,0.1569596230983734,0.6919432282447815,0.16951370239257812,0.019517309963703156
202306B,2023-10-24 15:00:00,insat,EMBC,1,0.09048307687044144,0.3638518154621124,0.2604655623435974,0.0034081609919667244,0.31915608048439026,2.1572596153873747e-08,0.1554989069700241,0.6188415884971619,0.1743963658809662,0.013898422941565514
202307B,2023-11-17 00:00:00,insat,CRVBND,3,0.1553121954202652,0.04265879839658737,0.17958495020866394,0.006171677261590958,0.2750346064567566,1.3857049907528562e-06,0.25183674693107605,0.5010160803794861,0.13823150098323822,0.45015212893486023
202307B,2023-11-17 06:00:00,insat,SHEAR,3,0.1418631374835968,0.00042007252341136336,0.17634975910186768,0.43453487753868103,0.2878522276878357,0.13470609486103058,0.2635067105293274,0.001523022074252367,0.13042815029621124,0.42881593108177185
202308B,2023-12-03 03:00:00,insat,CRVBND,2,0.03260016441345215,0.18924367427825928,0.5682116746902466,0.23884859681129456,0.12436708807945251,0.0022928277030587196,0.18084876239299774,0.46398958563804626,0.093972347676754,0.10562530905008316
202308B,2023-12-03 09:00:00,insat,CRVBND,2,0.03255274519324303,0.011763429269194603,0.5156534910202026,0.11942161619663239,0.16754105687141418,0.010676519013941288,0.18482454121112823,0.008130072616040707,0.09942817687988281,0.8500083088874817
202308B,2023-12-03 14:30:00,insat,CRVBND,2,0.04210807383060455,0.0416104793548584,0.5570089221000671,0.47615277767181396,0.11401050537824631,0.010889869183301926,0.2016495019197464,0.14177058637142181,0.0852230042219162,0.32957637310028076
202308B,2023-12-03 20:00:00,insat,CRVBND,2,0.05757599323987961,0.018470585346221924,0.5747588872909546,0.6963023543357849,0.11805355548858643,0.00802570953965187,0.1655997931957245,0.11703155189752579,0.08401177078485489,0.16016970574855804
202308B,2023-12-04 03:00:00,insat,CRVBND,2,0.06663595139980316,0.003063816577196121,0.5181549787521362,0.8407760858535767,0.11578164994716644,0.034479089081287384,0.22844742238521576,0.04019620269536972,0.07097996771335602,0.08148494362831116
202401B,2024-05-25 18:30:00,insat,CRVBND,0,0.2092496007680893,0.0003226383123546839,0.12674422562122345,0.37018725275993347,0.20403622090816498,0.03566018119454384,0.29582783579826355,0.014019204303622246,0.16414210200309753,0.5798107385635376
202401B,2024-05-26 00:00:00,insat,CRVBND,0,0.16353783011436462,0.008609812706708908,0.1280791163444519,0.13880477845668793,0.22841966152191162,0.0010605850256979465,0.30703258514404297,0.12460961937904358,0.1729307472705841,0.7269152402877808
202401B,2024-05-26 06:00:00,insat,CRVBND,0,0.17068028450012207,0.025671029463410378,0.13175055384635925,0.15900541841983795,0.21130360662937164,0.004555835854262114,0.3128282129764557,0.12502209842205048,0.17343732714653015,0.6857455968856812
202401B,2024-05-26 12:00:00,insat,CRVBND,0,0.1473245918750763,8.054361387621611e-05,0.11995813995599747,0.49934807419776917,0.24350972473621368,0.4816230535507202,0.32133302092552185,0.011820750311017036,0.1678745299577713,0.00712758069857955
202402A,2024-08-30 06:00:00,insat,CRVBND,1,0.08769263327121735,1.010634846920766e-07,0.26071542501449585,0.05003664270043373,0.31884950399398804,0.9499068260192871,0.156106635928154,5.409171990322648e-06,0.1766357719898224,5.0970975280506536e-05
202402A,2024-08-30 12:00:00,insat,CRVBND,1,0.08834809064865112,1.462375394112314e-07,0.2573716342449188,0.06414434313774109,0.31821098923683167,0.9358181953430176,0.15797968208789825,5.671259259543149e-06,0.17808961868286133,3.160659980494529e-05
202402A,2024-08-31 00:00:00,insat,CRVBND,1,0.09467262029647827,1.38112466174789e-06,0.249866783618927,0.1948811113834381,0.3198409080505371,0.8040932416915894,0.166386678814888,1.4738783647771925e-05,0.169233039021492,0.0010094859171658754
202402A,2024-08-31 06:00:00,insat,CRVBND,1,0.09335881471633911,0.005427845288068056,0.25808194279670715,0.6956788301467896,0.31693267822265625,0.25382131338119507,0.16074272990226746,0.010118327103555202,0.1708838939666748,0.03495372459292412
202402A,2024-08-31 12:00:00,insat,CRVBND,1,0.09246145188808441,0.007950518280267715,0.262138307094574,0.4249289631843567,0.308358371257782,0.006195744499564171,0.15061378479003906,0.03573273867368698,0.18642809987068176,0.5251920819282532
202402A,2024-09-01 00:00:00,insat,CRVBND,1,0.09124067425727844,0.0018401718698441982,0.2608790993690491,0.3556513786315918,0.31405600905418396,0.02185141108930111,0.1551123708486557,0.012828067876398563,0.1787118911743164,0.6078289747238159
202402A,2024-09-01 06:00:00,insat,SHEAR,1,0.09493274241685867,0.0043547856621444225,0.25870564579963684,0.40637776255607605,0.3130742013454437,0.49936625361442566,0.15189912915229797,0.0018853640649467707,0.18138830363750458,0.08801587671041489
202402A,2024-09-01 12:00:00,insat,SHEAR,1,0.09029032289981842,0.0663510337471962,0.2657092809677124,0.6279990673065186,0.3146028518676758,0.09328294545412064,0.1487474888563156,0.00806720182299614,0.18065010011196136,0.20429977774620056
202402A,2024-09-01 22:30:00,insat,SHEAR,1,0.0808442160487175,7.426461365866999e-07,0.27741044759750366,0.0016110814176499844,0.3334442675113678,0.9983881711959839,0.1319136917591095,4.001744358106407e-08,0.17638741433620453,1.177816333353121e-08
202403B,2024-10-23 13:00:00,insat,IRRCDO,4,0.07055318355560303,5.381096707424149e-05,0.15307150781154633,0.82892245054245,0.5374522805213928,0.1530482918024063,0.08517561852931976,0.007990967482328415,0.15374740958213806,0.009984432719647884
202403B,2024-10-24 00:30:00,insat,EMBC,4,0.17237809300422668,0.026237575337290764,0.09354809671640396,0.15917320549488068,0.418211966753006,0.00047510446165688336,0.1395232081413269,0.20819008350372314,0.1763385683298111,0.6059240102767944
202403B,2024-10-24 05:30:00,insat,CRVBND,4,0.06996805965900421,0.007493861019611359,0.1224735751748085,0.5498554706573486,0.5528522729873657,0.019253656268119812,0.0975751280784607,0.15869469940662384,0.15713094174861908,0.26470232009887695
202403B,2024-10-25 00:30:00,insat,IRRCDO,4,0.060089047998189926,0.027040300890803337,0.12204445898532867,0.20071779191493988,0.6609928011894226,0.0051567708142101765,0.0757255032658577,0.09039943665266037,0.0811481848359108,0.6766857504844666
202404B,2024-11-30 09:30:00,insat,CRVBND,2,0.05425622686743736,0.005078441463410854,0.4532172977924347,0.7534775733947754,0.14956916868686676,0.0045174709521234035,0.12895336747169495,0.161718487739563,0.2140040248632431,0.07520798593759537
202404B,2024-11-30 15:00:00,insat,CRVBND,2,0.09624414891004562,1.8838032701751217e-05,0.47204601764678955,0.7374383211135864,0.10881506651639938,0.21481534838676453,0.17423082888126373,0.0036491623613983393,0.1486639529466629,0.04407842084765434
202404B,2024-11-30 21:00:00,insat,IRRCDO,2,0.07305233180522919,0.00014309832477010787,0.5650627017021179,0.039323288947343826,0.08560105413198471,0.00044273771345615387,0.1322730928659439,0.0008380335639230907,0.1440107673406601,0.9592528939247131
202501B,2025-10-01 12:00:00,insat,SHEAR,3,0.14262861013412476,1.7403650742764398e-09,0.16026611626148224,0.01353404950350523,0.31961432099342346,0.9864545464515686,0.2796168625354767,4.111963335162727e-06,0.09787404537200928,7.289848781510955e-06
202501B,2025-10-02 00:00:00,insat,CRVBND,3,0.13913984596729279,7.441403226948751e-08,0.15886342525482178,0.4070535898208618,0.29391589760780334,0.5695766806602478,0.28635162115097046,0.00010944504174403846,0.12172923982143402,0.023260265588760376
202501B,2025-10-02 06:00:00,insat,CRVBND,3,0.15493392944335938,1.3203921298554633e-06,0.16119977831840515,0.3209701180458069,0.2613966763019562,0.16179408133029938,0.3119155466556549,0.00018800520047079772,0.1105540469288826,0.5170464515686035
202502A,2025-10-03 05:30:00,insat,CRVBND,0,0.22570647299289703,0.13386526703834534,0.12071938812732697,0.5062046647071838,0.2196146696805954,0.01628255657851696,0.2869187593460083,0.1114848330616951,0.14704066514968872,0.23216260969638824
202502A,2025-10-03 12:30:00,insat,IRRCDO,0,0.20185540616512299,0.18360573053359985,0.11592034250497818,0.13396437466144562,0.21829207241535187,0.0012445281026884913,0.3136984705924988,0.38851621747016907,0.15023364126682281,0.2926691770553589
202502A,2025-10-04 00:00:00,insat,CRVBND,0,0.3736686706542969,1.1845067092508543e-05,0.1067848950624466,0.29386386275291443,0.16995298862457275,0.7043877243995667,0.23321764171123505,0.00018375775835011154,0.11637585610151291,0.0015528587391600013
202502A,2025-10-04 06:00:00,insat,CRVBND,0,0.44357189536094666,3.765308792935684e-05,0.08814019709825516,0.3698488771915436,0.15773779153823853,0.62643963098526,0.19666118919849396,0.00023196230176836252,0.11388896405696869,0.0034418860450387
202502A,2025-10-04 12:00:00,insat,EMBC,0,0.3370659053325653,9.938456969393883e-06,0.1070094183087349,0.3537738621234894,0.1636677086353302,0.6378195285797119,0.2644038796424866,0.0002819283108692616,0.12785308063030243,0.00811473187059164
202502A,2025-10-05 05:30:00,insat,EMBC,0,0.22122739255428314,2.950766884168843e-06,0.1260666400194168,0.3413468599319458,0.23624686896800995,0.6212171316146851,0.2726517617702484,5.520725608221255e-05,0.1438073366880417,0.037377920001745224
202502A,2025-10-06 00:00:00,insat,SHEAR,0,0.18415650725364685,4.627177622751333e-05,0.12884920835494995,0.15997964143753052,0.20026743412017822,0.83986496925354,0.3045351505279541,4.8024405259639025e-05,0.18219171464443207,6.105877400841564e-05
202502A,2025-10-06 06:00:00,insat,SHEAR,0,0.12359140813350677,5.018857773819718e-09,0.13523641228675842,0.010576519183814526,0.28200721740722656,0.9894229769706726,0.26865583658218384,6.714206524094379e-09,0.1905091255903244,5.25194423062203e-07
202502A,2025-10-06 12:00:00,insat,SHEAR,0,0.17689254879951477,2.3635866597260247e-08,0.1373712420463562,0.019345995038747787,0.24104900658130646,0.9806514382362366,0.2517751157283783,1.1044158299000628e-07,0.19291207194328308,2.4015569124458125e-06
202502A,2025-10-06 22:30:00,insat,SHEAR,0,0.1265610307455063,3.411818454424065e-07,0.13847792148590088,0.01590144820511341,0.2708224952220917,0.9840982556343079,0.2684568464756012,1.5193998947893306e-08,0.19568166136741638,5.6084864752392605e-08
202503B,2025-10-27 00:00:00,insat,CRVBND,1,0.08569049090147018,4.495049324759748e-06,0.26287147402763367,0.8698750734329224,0.31938692927360535,0.034673817455768585,0.15679949522018433,0.00211192830465734,0.17525158822536469,0.09333473443984985
202503B,2025-10-27 06:00:00,insat,CRVBND,1,0.08914922922849655,1.1741623495709064e-07,0.2569509744644165,0.36013898253440857,0.3201567232608795,0.6387596130371094,0.15829376876354218,4.018384061055258e-05,0.17544926702976227,0.001061038114130497
202503B,2025-10-27 13:00:00,insat,IRRCDO,1,0.08549370616674423,3.302760944734473e-07,0.25948312878608704,0.5859767198562622,0.3154701292514801,0.2572988271713257,0.15977439284324646,0.0001182486885227263,0.17977860569953918,0.1566057950258255
202503B,2025-10-27 23:30:00,insat,IRRCDO,1,0.08028009533882141,3.625575345722609e-06,0.27204859256744385,0.04109638184309006,0.3214557468891144,4.8214667913271114e-05,0.14486713707447052,0.00022629601880908012,0.18134842813014984,0.9586255550384521
202503B,2025-10-28 06:00:00,insat,CRVBND,1,0.08763857185840607,5.819086368319404e-07,0.2654583752155304,0.6995562314987183,0.3232375979423523,0.26628056168556213,0.15129168331623077,0.0002501013514120132,0.1723737269639969,0.033912576735019684
202503B,2025-10-28 12:00:00,insat,CRVBND,1,0.08413766324520111,9.200173735735007e-06,0.26234549283981323,0.829663872718811,0.3241032063961029,0.04404740035533905,0.14749141037464142,0.0019359290599822998,0.18192224204540253,0.12434352934360504
202504B,2025-11-25 20:00:00,insat,EMBC,2,0.06178773567080498,0.00020701436733361334,0.4706273674964905,0.31539490818977356,0.1390204280614853,0.0007147997966967523,0.22117061913013458,0.0031815876718610525,0.10739381611347198,0.6805016398429871
202505B,2025-11-27 09:00:00,insat,CRVBND,1,0.09808600693941116,0.03850585222244263,0.25603729486465454,0.39531585574150085,0.3217817544937134,0.0021678716875612736,0.1653260588645935,0.13255064189434052,0.1587689220905304,0.4314597547054291
202505B,2025-11-29 03:00:00,insat,SHEAR,1,0.0914258137345314,9.243747456366691e-08,0.26093587279319763,0.03157035633921623,0.3070245385169983,0.9683352708816528,0.16656723618507385,2.250038278361899e-06,0.17404650151729584,9.215312456944957e-05
202505B,2025-11-29 09:00:00,insat,SHEAR,1,0.09235261380672455,2.4774234930191597e-07,0.2592966854572296,0.08065538853406906,0.3016589283943176,0.919185996055603,0.17098219692707062,5.8769537645275705e-06,0.1757095903158188,0.00015238537162076682
202505B,2025-11-29 15:00:00,insat,SHEAR,1,0.09076979756355286,1.782536429573156e-08,0.2596857249736786,0.02149229124188423,0.31258052587509155,0.978496789932251,0.16136109828948975,1.8392482843410107e-06,0.17560285329818726,8.95667471922934e-06
202505B,2025-11-29 21:00:00,insat,SHEAR,1,0.08821515738964081,5.537368963359768e-08,0.26279157400131226,0.006654324010014534,0.3158712089061737,0.9933450222015381,0.1571030467748642,8.014689001356601e-08,0.17601899802684784,4.806398123946565e-07
202505B,2025-11-30 03:00:00,insat,SHEAR,1,0.0924312025308609,7.127773926640657e-08,0.25987809896469116,0.0032799162436276674,0.3081555962562561,0.9967194199562073,0.17378747463226318,1.0516339443711331e-07,0.16574764251708984,4.626029124210618e-07
202505B,2025-11-30 09:00:00,insat,SHEAR,1,0.09186670184135437,1.5617813176049822e-07,0.2608393132686615,0.006543143652379513,0.30840909481048584,0.993455708026886,0.15947167575359344,1.2109531155601871e-07,0.17941324412822723,8.555689987588266e-07
202505B,2025-11-30 15:00:00,insat,SHEAR,1,0.09011030942201614,8.675437129568309e-06,0.2617500424385071,0.04100757837295532,0.3122531771659851,0.9588600397109985,0.16043317317962646,8.959441402112134e-06,0.17545326054096222,0.00011478633678052574
