storm,time,sensor,scene,fold,cnn_EYE,stat_EYE,cnn_CRVBND,stat_CRVBND,cnn_SHEAR,stat_SHEAR,cnn_EMBC,stat_EMBC,cnn_IRRCDO,stat_IRRCDO
200501B,2005-01-09 01:00:00,gridsat,EMBC,1,0.018421031534671783,0.003650205908343196,0.8950379490852356,0.3475918471813202,0.029325593262910843,0.0034420336596667767,0.022676588967442513,0.008442314341664314,0.03453880175948143,0.6368735432624817
200501B,2005-01-09 07:00:00,gridsat,CRVBND,1,0.03085271455347538,0.44289231300354004,0.322292685508728,0.038448307663202286,0.04601243883371353,7.270145943039097e-06,0.511415958404541,0.5115989446640015,0.08942614495754242,0.007053143810480833
200501B,2005-01-09 11:30:00,gridsat,SHEAR,1,0.03346528112888336,0.3714168071746826,0.7144656181335449,0.23080457746982574,0.029092878103256226,0.00025253623607568443,0.14532360434532166,0.3758072257041931,0.07765266299247742,0.021718889474868774
200501B,2005-01-09 18:00:00,gridsat,CRVBND,1,0.034295860677957535,0.04663912579417229,0.7951160669326782,0.7628684043884277,0.021716324612498283,0.00383537239395082,0.05992168188095093,0.14730188250541687,0.0889500230550766,0.039355311542749405
200501B,2005-01-10 00:00:00,gridsat,SHEAR,1,0.027767444029450417,0.0008764648227952421,0.20252765715122223,0.7441075444221497,0.6924270391464233,0.24582244455814362,0.016225401312112808,0.0023229802027344704,0.06105247139930725,0.0068705277517437935
200501B,2005-01-10 05:30:00,gridsat,CRVBND,1,0.030406571924686432,0.04909559339284897,0.7586597800254822,0.5446262955665588,0.12747690081596375,0.010618436150252819,0.017731323838233948,0.017102161422371864,0.06572539359331131,0.3785575032234192
200501B,2005-01-10 18:00:00,gridsat,CRVBND,1,0.021198425441980362,0.3417416512966156,0.8827547430992126,0.26448652148246765,0.03727152571082115,0.00029036542400717735,0.017789874225854874,0.3412208557128906,0.04098540544509888,0.05226067081093788
200501B,2005-01-10 23:30:00,gridsat,SHEAR,1,0.028054196387529373,0.023784730583429337,0.860237181186676,0.7225956916809082,0.03407638892531395,0.038347117602825165,0.021426396444439888,0.005760287865996361,0.05620579794049263,0.20951220393180847
200502B,2005-01-14 21:30:00,gridsat,CRVBND,2,0.0176241397857666,0.3707563281059265,0.4717946946620941,0.10874667763710022,0.014902414754033089,0.0001085534313460812,0.10423655062913895,0.35876646637916565,0.3914421796798706,0.16162195801734924
200502B,2005-01-15 02:00:00,gridsat,CRVBND,2,0.0036873496137559414,0.04926474019885063,0.9232781529426575,0.2389584332704544,0.03638175502419472,0.0005971334758214653,0.002331566996872425,0.06791149824857712,0.0343211367726326,0.6432681679725647
200502B,2005-01-15 15:00:00,gridsat,CRVBND,2,0.027403615415096283,0.05086241289973259,0.5533932447433472,0.440611332654953,0.3464701473712921,0.02033395506441593,0.007845660671591759,0.03360048681497574,0.06488732248544693,0.4545918107032776
200502B,2005-01-15 21:00:00,gridsat,CRVBND,2,0.01678607612848282,0.004820478148758411,0.8808193206787109,0.8237115740776062,0.05028052628040314,0.045786719769239426,0.012430151924490929,0.02871621586382389,0.039683930575847626,0.09696511179208755
200502B,2005-01-16 03:00:00,gridsat,IRRCDO,2,0.05819978192448616,0.024598613381385803,0.6665565967559814,0.5005064606666565,0.11387678235769272,0.008680778555572033,0.008429420180618763,0.07013656198978424,0.15293750166893005,0.39607760310173035
200502B,2005-01-16 15:00:00,gridsat,SHEAR,2,0.020039528608322144,2.4716822736081667e-05,0.1600448042154312,0.18165341019630432,0.7427082061767578,0.8159606456756592,0.022482089698314667,0.00019280429114587605,0.054725341498851776,0.0021683976519852877
200502B,2005-01-16 20:30:00,gridsat,IRRCDO,2,0.012645396403968334,0.0008784536039456725,0.9237943887710571,0.779415488243103,0.011810315772891045,0.1145712286233902,0.008169710636138916,0.0050919572822749615,0.04358018562197685,0.10004283487796783
200502B,2005-01-17 03:00:00,gridsat,CRVBND,2,0.03448208421468735,0.004036994185298681,0.528410017490387,0.7666142582893372,0.05132593959569931,0.1953069567680359,0.05776707082986832,0.008847023360431194,0.32801494002342224,0.02519482746720314
200502B,2005-01-17 08:30:00,gridsat,SHEAR,2,0.0303521566092968,0.011802543886005878,0.3955312967300415,0.3856593370437622,0.3484281599521637,0.0554574579000473,0.042114224284887314,0.0077873230911791325,0.1835741251707077,0.5392933487892151
200502B,2005-01-17 15:00:00,gridsat,IRRCDO,2,0.040258053690195084,0.002323207911103964,0.7137088179588318,0.7668792009353638,0.04690245911478996,0.13620419800281525,0.10657915472984314,0.005005816929042339,0.09255144745111465,0.08958757668733597
200502B,2005-01-17 21:00:00,gridsat,CRVBND,2,0.032560233026742935,0.0076681021600961685,0.843024730682373,0.862339973449707,0.044751882553100586,0.06131116300821304,0.01996098831295967,0.014708874747157097,0.05970211699604988,0.053971897810697556
200505B,2005-11-28 02:00:00,gridsat,IRRCDO,3,0.0038371961563825607,0.000586453068535775,0.07763271033763885,0.45143285393714905,0.008004515431821346,0.02021431364119053,0.013021282851696014,0.005430926568806171,0.8975042700767517,0.5223354697227478
200505B,2005-11-28 09:00:00,gridsat,CRVBND,3,0.016779417172074318,0.0042365724220871925,0.4146628677845001,0.5516670942306519,0.015215814113616943,0.0483475960791111,0.1214599534869194,0.012626659125089645,0.4318819046020508,0.3831220269203186
200505B,2005-11-28 15:00:00,gridsat,IRRCDO,3,0.0014879622031003237,1.7427355487598106e-05,0.026136618107557297,0.03021753579378128,0.0043609607964754105,0.0013417026493698359,0.005717323161661625,0.00025758377159945667,0.9622970223426819,0.9681656956672668
200505B,2005-11-28 20:00:00,gridsat,IRRCDO,3,0.0118334935978055,0.0060334824956953526,0.19383999705314636,0.012136951088905334,0.023325778543949127,3.053565160371363e-05,0.030057786032557487,0.0222224909812212,0.7409428954124451,0.9595764875411987
200505B,2005-11-29 09:00:00,gridsat,CRVBND,3,0.025268200784921646,0.01767151430249214,0.6465674042701721,0.3340618908405304,0.07837807387113571,0.0009968020021915436,0.1134021133184433,0.25963473320007324,0.1363842636346817,0.3876350224018097
200505B,2005-11-29 15:00:00,gridsat,CRVBND,3,0.0263532642275095,0.0007264548330567777,0.5522806644439697,0.7660386562347412,0.32166439294815063,0.2070368379354477,0.04444308951497078,0.009217402897775173,0.055258627980947495,0.01698063127696514
200505B,2005-11-29 21:00:00,gridsat,EMBC,3,0.03360648453235626,0.019666574895381927,0.48492157459259033,0.1456449031829834,0.34194421768188477,0.0017844842514023185,0.046769801527261734,0.0370640754699707,0.09275783598423004,0.7958400249481201
200505B,2005-11-30 02:00:00,gridsat,EMBC,3,0.02608421817421913,0.5670946836471558,0.2684958577156067,0.06203635409474373,0.0186680406332016,6.0200924053788185e-05,0.37257349491119385,0.30783867835998535,0.31417831778526306,0.06297005712985992
200505B,2005-11-30 09:00:00,gridsat,CRVBND,3,0.04404562711715698,0.015986425802111626,0.3823040723800659,0.15013623237609863,0.1379052847623825,0.002251371508464217,0.1496664136648178,0.021369382739067078,0.28607863187789917,0.8102565407752991
200505B,2005-11-30 14:30:00,gridsat,CRVBND,3,0.034594837576150894,0.011937657371163368,0.3181402087211609,0.29276949167251587,0.542059600353241,0.008894771337509155,0.05439520627260208,0.027994994074106216,0.0508100688457489,0.6584030985832214
200505B,2005-11-30 22:00:00,gridsat,CRVBND,3,0.025880761444568634,0.3387492597103119,0.7229982614517212,0.21003660559654236,0.07197630405426025,0.00023722245532553643,0.07947396486997604,0.3209804892539978,0.09967073798179626,0.1299964189529419
200505B,2005-12-01 09:00:00,gridsat,IRRCDO,3,0.011552172712981701,0.015995586290955544,0.18223658204078674,0.35026025772094727,0.006154865492135286,0.009503966197371483,0.1574949026107788,0.01902811974287033,0.6425614953041077,0.6052120327949524
200505B,2005-12-01 15:00:00,gridsat,SHEAR,3,0.020711438730359077,0.00022923819778952748,0.15989109873771667,0.32669639587402344,0.7917044758796692,0.6701281070709229,0.012303666211664677,0.00013200720422901213,0.015389244072139263,0.0028143092058598995
200505B,2005-12-01 21:00:00,gridsat,SHEAR,3,0.03888314589858055,0.0002566674374975264,0.3543408513069153,0.7231524586677551,0.5181633234024048,0.1578255593776703,0.043154411017894745,0.0029513537883758545,0.04545827582478523,0.11581405252218246
200505B,2005-12-02 03:00:00,gridsat,CRVBND,3,0.03417505323886871,0.1797792613506317,0.42152073979377747,0.5114991664886475,0.4632944166660309,0.006020905915647745,0.043260857462882996,0.11098727583885193,0.03774894028902054,0.1917133778333664
200505B,2005-12-02 09:00:00,gridsat,CRVBND,3,0.02785615064203739,0.0023982166312634945,0.2942660450935364,0.5969699025154114,0.6236622929573059,0.053098954260349274,0.027289854362607002,0.019256405532360077,0.02692566066980362,0.32827651500701904
200505B,2005-12-02 15:00:00,gridsat,CRVBND,3,0.04102109372615814,0.0020573860965669155,0.5350237488746643,0.688307523727417,0.26417461037635803,0.06415024399757385,0.0667777806520462,0.011625191196799278,0.09300275146961212,0.23385962843894958
200506B,2005-12-06 06:00:00,gridsat,CRVBND,0,0.016006994992494583,0.001984316622838378,0.7787740230560303,0.8782143592834473,0.018626268953084946,0.07602972537279129,0.09821672737598419,0.014581921510398388,0.08837597072124481,0.02918962575495243
200506B,2005-12-06 18:00:00,gridsat,EMBC,0,0.01823362708091736,0.4035714566707611,0.012510574422776699,0.05594364553689957,0.00769874406978488,6.35165924904868e-05,0.8443087935447693,0.4862079620361328,0.11724833399057388,0.054213445633649826
200506B,2005-12-07 01:00:00,gridsat,EMBC,0,0.028502581641077995,0.499274343252182,0.26104867458343506,0.09033823013305664,0.013530910015106201,0.0002755377790890634,0.5354102253913879,0.3419724106788635,0.16150759160518646,0.06813940405845642
200506B,2005-12-10 06:00:00,gridsat,EMBC,0,0.015966225415468216,0.017277875915169716,0.2213074266910553,0.5073937177658081,0.012192858383059502,0.009841067716479301,0.00870422087609768,0.09463649988174438,0.7418292164802551,0.3708508014678955
200506B,2005-12-10 12:00:00,gridsat,SHEAR,0,0.021047359332442284,0.00024141622998286039,0.7424563765525818,0.6333490610122681,0.11351054906845093,0.2615010142326355,0.008566027507185936,0.001237186836078763,0.11441969126462936,0.10367126017808914
200506B,2005-12-10 18:00:00,gridsat,SHEAR,0,0.020170215517282486,1.7636537563703314e-07,0.6016525030136108,0.19096416234970093,0.2870941162109375,0.8084401488304138,0.005572819616645575,7.31069958419539e-05,0.08551035076379776,0.0005223237094469368
200506B,2005-12-11 05:00:00,gridsat,SHEAR,0,0.016883041709661484,2.6108587292128504e-08,0.3041977882385254,0.038794729858636856,0.6444256901741028,0.9611961841583252,0.0032803548965603113,1.5808302578079747e-06,0.031213076785206795,7.462889698217623e-06
200507B,2005-12-17 06:00:00,gridsat,SHEAR,1,0.033855654299259186,9.543759369989857e-05,0.7452490329742432,0.7212538719177246,0.17428672313690186,0.2637036144733429,0.012760843150317669,0.002333824522793293,0.03384776413440704,0.012613245286047459
200507B,2005-12-17 12:00:00,gridsat,CRVBND,1,0.03418613225221634,0.005426317919045687,0.8276110291481018,0.6922990679740906,0.035078395158052444,0.002530522644519806,0.051682908087968826,0.10265090316534042,0.05144157633185387,0.197093203663826
200507B,2005-12-17 18:00:00,gridsat,CRVBND,1,0.036759503185749054,0.024877198040485382,0.4011548161506653,0.5597900152206421,0.027318816632032394,0.0009678730275481939,0.04711243137717247,0.2253286987543106,0.4876544773578644,0.18903613090515137
200507B,2005-12-18 06:00:00,gridsat,CRVBND,1,0.037817761301994324,0.09283764660358429,0.9058038592338562,0.4764777421951294,0.017685703933238983,0.001082803588360548,0.013841343112289906,0.19180458784103394,0.024851283058524132,0.23779726028442383
200507B,2005-12-18 12:00:00,gridsat,CRVBND,1,0.028320815414190292,0.04939432814717293,0.8994497060775757,0.7560269832611084,0.018803661689162254,0.013958154246211052,0.01144945528358221,0.07519485056400299,0.04197639226913452,0.10542570799589157
200507B,2005-12-19 07:00:00,gridsat,CRVBND,1,0.007453065365552902,0.21797578036785126,0.0013651027111336589,0.17666812241077423,0.004829737823456526,0.00016172145842574537,0.015307762660086155,0.38923579454421997,0.9710443019866943,0.2159586101770401
200507B,2005-12-19 11:00:00,gridsat,EMBC,1,0.07960043847560883,0.13530287146568298,0.598863422870636,0.1199248731136322,0.029290346428751945,8.651807002024725e-05,0.11140237748622894,0.5187513828277588,0.18084344267845154,0.22593437135219574
200507B,2005-12-19 18:00:00,gridsat,EMBC,1,0.0313127376139164,0.2921072244644165,0.8847933411598206,0.13642416894435883,0.023514524102211,8.623315807199106e-05,0.020368101075291634,0.5095239281654358,0.040011271834373474,0.061858437955379486
200507B,2005-12-20 00:00:00,gridsat,SHEAR,1,0.027675775811076164,0.0002524364972487092,0.16986152529716492,0.5670321583747864,0.7469392418861389,0.17210660874843597,0.019936630502343178,0.0005175849073566496,0.0355868898332119,0.2600911855697632
200507B,2005-12-20 06:00:00,gridsat,SHEAR,1,0.03407164663076401,0.000155688714585267,0.879612147808075,0.7102896571159363,0.036966901272535324,0.28230080008506775,0.01987525448203087,0.0010538364294916391,0.02947395294904709,0.006200055126100779
200507B,2005-12-20 12:00:00,gridsat,EMBC,1,0.03120761550962925,0.0028593747410923243,0.8953675627708435,0.7500344514846802,0.020156782120466232,0.01897653006017208,0.011719156056642532,0.01823491044342518,0.04154884070158005,0.20989470183849335
200507B,2005-12-20 18:00:00,gridsat,IRRCDO,1,0.08655297756195068,0.018762601539492607,0.45691317319869995,0.4515749514102936,0.031032150611281395,0.0013134607579559088,0.02178020030260086,0.045739974826574326,0.40372157096862793,0.48260897397994995
200507B,2005-12-20 23:00:00,gridsat,EMBC,1,0.02771144174039364,0.546489953994751,0.8657345175743103,0.023762959986925125,0.05669557675719261,2.405743771305424e-06,0.01211745385080576,0.4200662672519684,0.03774102404713631,0.009678375907242298
200507B,2005-12-21 06:00:00,gridsat,SHEAR,1,0.043303970247507095,0.0002652995171956718,0.8893107771873474,0.7319098114967346,0.021979056298732758,0.07762196660041809,0.011685912497341633,0.002567833987995982,0.03372029960155487,0.18763506412506104
200507B,2005-12-21 13:00:00,gridsat,CRVBND,1,0.04814072325825691,0.07012831419706345,0.8638430833816528,0.6924416422843933,0.02067713439464569,0.002890652744099498,0.023190291598439217,0.08759266138076782,0.04414881765842438,0.14694669842720032
200507B,2005-12-21 18:00:00,gridsat,SHEAR,1,0.04204397648572922,0.00010707229375839233,0.8052619695663452,0.6819964051246643,0.03164392709732056,0.11834195256233215,0.019377712160348892,0.0009338079835288227,0.10167243331670761,0.19862081110477448
200507B,2005-12-22 00:00:00,gridsat,SHEAR,1,0.04077264294028282,0.0002546616306062788,0.718885600566864,0.7981054782867432,0.16931986808776855,0.16221119463443756,0.019789835438132286,0.0014271994587033987,0.0512319914996624,0.038001466542482376
200507B,2005-12-22 06:00:00,gridsat,SHEAR,1,0.020410384982824326,0.001416971324943006,0.9251899719238281,0.5618211030960083,0.02014295384287834,0.02061326801776886,0.010854894295334816,0.002359457779675722,0.023401770740747452,0.4137892425060272
200507B,2005-12-22 12:00:00,gridsat,SHEAR,1,0.058256734162569046,9.69703687587753e-05,0.6223633885383606,0.5832798480987549,0.03656810522079468,0.1264204978942871,0.01613142155110836,0.0005184657056815922,0.2666803002357483,0.2896841764450073
200507B,2005-12-22 18:00:00,gridsat,CRVBND,1,0.02569964900612831,0.1518843173980713,0.8326075077056885,0.47743499279022217,0.02156750299036503,0.0005816397606395185,0.07560174912214279,0.14988626539707184,0.04452355206012726,0.22021272778511047
200601A,2006-01-14 06:00:00,gridsat,CRVBND,0,0.014888349920511246,0.050761912018060684,0.7869634032249451,0.6069902181625366,0.018970999866724014,0.010512975975871086,0.023907193914055824,0.18464280664920807,0.1552700698375702,0.1470920294523239
200601A,2006-01-14 12:00:00,gridsat,SHEAR,0,0.015631429851055145,0.00017162147560156882,0.7485565543174744,0.5105628371238708,0.17169879376888275,0.48690280318260193,0.007730817422270775,0.0006572905695065856,0.05638241767883301,0.0017054592026397586
200601A,2006-01-14 17:00:00,gridsat,SHEAR,0,0.011226768605411053,1.883597633423051e-08,0.19360168278217316,0.025889720767736435,0.7742190957069397,0.9740939736366272,0.0031321572605520487,1.2240091109561035e-06,0.017820296809077263,1.4939636457711458e-05
200601A,2006-01-15 00:00:00,gridsat,SHEAR,0,0.010652569122612476,3.267454085076338e-09,0.13034117221832275,0.00839237030595541,0.842799723148346,0.9916073083877563,0.0030130406375974417,1.1986094783367207e-08,0.013193516060709953,4.121635015508218e-07
200601A,2006-01-15 06:00:00,gridsat,SHEAR,0,0.009802760556340218,2.4550459443162254e-07,0.11121594905853271,0.03233552724123001,0.8645578622817993,0.9676607847213745,0.002669386100023985,6.721473937432165e-07,0.011754084378480911,2.737149770837277e-06
200601A,2006-01-15 12:00:00,gridsat,SHEAR,0,0.009852024726569653,2.5066675846119324e-08,0.09904487431049347,0.04918139427900314,0.8739445805549622,0.9508143663406372,0.0030959288123995066,4.3342006961211155e-07,0.014062649570405483,3.7612921914842445e-06
200601A,2006-01-15 17:00:00,gridsat,SHEAR,0,0.01535763032734394,4.509408668695869e-08,0.15474963188171387,0.07494565099477768,0.7986955046653748,0.9248750805854797,0.004208664875477552,5.608941137325019e-06,0.026988575235009193,0.0001735687837935984
200602B,2006-04-25 09:00:00,gridsat,IRRCDO,2,0.033263109624385834,0.012128842063248158,0.18445949256420135,0.331007719039917,0.010824055410921574,0.0004138536751270294,0.6447615027427673,0.035424135625362396,0.12669187784194946,0.6210254430770874
200602B,2006-04-25 21:00:00,gridsat,CRVBND,2,0.12650026381015778,0.01838858239352703,0.4309270977973938,0.29751649498939514,0.023917796090245247,0.00020458140352275223,0.06558097898960114,0.5756869316101074,0.3530738949775696,0.10820343345403671
200602B,2006-04-26 09:00:00,gridsat,CRVBND,2,0.015646427869796753,3.185503010172397e-05,0.8623614311218262,0.7799272537231445,0.041602134704589844,0.14592714607715607,0.023757576942443848,0.0020601272117346525,0.05663246288895607,0.07205358147621155
200602B,2006-04-26 20:00:00,gridsat,EMBC,2,0.013964504934847355,0.11916448920965195,0.6062929034233093,0.06351406872272491,0.07328660041093826,1.4986573660280555e-05,0.04946296289563179,0.5630328059196472,0.25699299573898315,0.2542736828327179
200602B,2006-04-27 04:00:00,gridsat,EMBC,2,0.10368215292692184,0.16367511451244354,0.037714749574661255,0.0280776210129261,0.012871090322732925,4.562957201414974e-06,0.816865086555481,0.7993143796920776,0.02886691689491272,0.008928309194743633
200602B,2006-04-27 15:00:00,gridsat,EMBC,2,0.018743790686130524,0.29374974966049194,0.009487422183156013,0.021335221827030182,0.002461344236508012,4.349502887635026e-06,0.9608215093612671,0.6619345545768738,0.008485998027026653,0.022976087406277657
200602B,2006-04-27 21:00:00,gridsat,EMBC,2,0.020568761974573135,0.23432619869709015,0.0021858818363398314,0.005520965903997421,0.005438781809061766,3.900903777775966e-07,0.9467461109161377,0.7550801038742065,0.02506048046052456,0.005072271917015314
200603B,2006-07-03 00:00:00,gridsat,CRVBND,4,0.0061376760713756084,0.032930321991443634,0.8378679156303406,0.15794090926647186,0.005445500370115042,5.448410956887528e-05,0.08526349067687988,0.7407479882240295,0.06528544425964355,0.06832632422447205
200603B,2006-07-03 04:30:00,gridsat,CRVBND,4,0.013701967895030975,3.4148932172684e-05,0.6776743531227112,0.8311914205551147,0.11748780310153961,0.05263308063149452,0.06068537384271622,0.0014860891969874501,0.1304505616426468,0.11465530097484589
200604A,2006-09-21 15:00:00,gridsat,CRVBND,3,0.008121593855321407,0.06608107686042786,0.12954874336719513,0.06695657223463058,0.01075137872248888,0.0007927563856355846,0.05387432128190994,0.052504055202007294,0.7977039813995361,0.8136655688285828
200604A,2006-09-22 09:00:00,gridsat,EMBC,3,0.08218461275100708,0.8513305187225342,0.007898358628153801,0.012729273177683353,0.0035534517373889685,3.72767353837844e-05,0.8958852291107178,0.1129588708281517,0.01047837920486927,0.02294418402016163
200604A,2006-09-22 15:00:00,gridsat,EYE,3,0.9649674892425537,0.7078593969345093,0.0047426181845366955,0.013099652715027332,0.005479645915329456,4.099182478967123e-05,0.013374070636928082,0.16221846640110016,0.011436235159635544,0.11678139120340347
200604A,2006-09-23 09:00:00,gridsat,CRVBND,3,0.02953094244003296,0.025640659034252167,0.7299579977989197,0.7715719938278198,0.16625116765499115,0.10669185221195221,0.04870804026722908,0.037992775440216064,0.025551872327923775,0.058102719485759735
200604A,2006-09-23 15:00:00,gridsat,CRVBND,3,0.01941267028450966,0.007847624830901623,0.8600673079490662,0.6060229539871216,0.06186673417687416,0.37808316946029663,0.024539867416024208,0.0021790198516100645,0.034113358706235886,0.005867241881787777
200604A,2006-09-23 21:00:00,gridsat,CRVBND,3,0.033306825906038284,0.004375480581074953,0.3427445888519287,0.5386025905609131,0.5780476331710815,0.4496602416038513,0.027598846703767776,0.0017477445071563125,0.018302107229828835,0.005613943561911583
200604A,2006-09-24 03:00:00,gridsat,CRVBND,3,0.04459252953529358,0.03206881508231163,0.44232094287872314,0.6336545944213867,0.4345099627971649,0.31481868028640747,0.05655628815293312,0.0006456490373238921,0.02202034927904606,0.0188122671097517
200605B,2006-09-29 03:00:00,gridsat,CRVBND,2,0.013340115547180176,0.0010752775706350803,0.8536021709442139,0.45094072818756104,0.00592390401288867,0.03318580612540245,0.013613544404506683,0.007524827029556036,0.11352028697729111,0.5072733759880066
200701B,2007-05-14 07:00:00,gridsat,EMBC,2,0.0209451075643301,0.33849602937698364,0.04066527634859085,0.08288941532373428,0.0069224718026816845,7.348600047407672e-05,0.8914615511894226,0.5740779638290405,0.040005605667829514,0.004463084973394871
200702A,2007-06-02 06:00:00,gridsat,EMBC,4,0.009466717019677162,0.3203568458557129,0.3752828538417816,0.0480167418718338,0.009176569059491158,6.866453622933477e-05,0.5762722492218018,0.6075155138969421,0.029801661148667336,0.024042226374149323
200702A,2007-06-02 16:30:00,gridsat,CRVBND,4,0.0072953407652676105,0.13989804685115814,0.16882272064685822,0.12083159387111664,0.006013919599354267,0.0003671446756925434,0.16347180306911469,0.36271727085113525,0.6543961763381958,0.3761860132217407
200702A,2007-06-03 00:30:00,gridsat,EMBC,4,0.0034440422896295786,0.28159239888191223,0.14347901940345764,0.016337165609002113,0.0010920948116108775,9.403634066984523e-06,0.15954776108264923,0.6859240531921387,0.6924371123313904,0.016137026250362396
200702A,2007-06-03 19:00:00,gridsat,EYE,4,0.6412870287895203,0.3109741508960724,0.010611067526042461,0.010038817301392555,0.009442648850381374,3.9147003008110914e-06,0.3177242875099182,0.6617357134819031,0.02093498222529888,0.017247412353754044
200702A,2007-06-04 00:00:00,gridsat,EYE,4,0.9249110817909241,0.18976862728595734,0.007438417058438063,0.007328532636165619,0.006301909685134888,1.198068957819487e-06,0.027746345847845078,0.788693368434906,0.033602192997932434,0.014208290725946426
200702A,2007-06-04 06:00:00,gridsat,EYE,4,0.9645358920097351,0.28195351362228394,0.002043218817561865,0.010611825622618198,0.003581396071240306,2.904609118559165e-06,0.014338582754135132,0.6819749474525452,0.015500902198255062,0.025456862524151802
200702A,2007-06-04 12:00:00,gridsat,EYE,4,0.964910626411438,0.8022213578224182,0.002492822241038084,0.0029672395903617144,0.0033236609306186438,2.6085012905241456e-06,0.01339677069336176,0.1913985162973404,0.01587603986263275,0.003410218982025981
200702A,2007-06-04 18:00:00,gridsat,EYE,4,0.9752327799797058,0.4194281995296478,0.0015550940297544003,0.0017781349597498775,0.002569703385233879,4.370035071588063e-07,0.009193027392029762,0.5738505125045776,0.011449328623712063,0.004942607134580612
200702A,2007-06-05 00:00:00,gridsat,EMBC,4,0.01387423649430275,0.6790315508842468,0.006146546918898821,0.0016017785528674722,0.002652933821082115,5.987695885778521e-07,0.9726479649543762,0.317917138338089,0.004678352270275354,0.001448948634788394
200702A,2007-06-05 06:00:00,gridsat,EMBC,4,0.21524222195148468,0.8845895528793335,0.024018848314881325,0.0029526585713028908,0.013510486111044884,6.185776783240726e-06,0.7298575043678284,0.11170053482055664,0.017370952293276787,0.0007510485011152923
200702A,2007-06-06 07:00:00,gridsat,EMBC,4,0.01441173069179058,0.3551431894302368,0.08963316679000854,0.17239537835121155,0.008649165742099285,0.0009108895901590586,0.8498551845550537,0.35454118251800537,0.03745071217417717,0.11700932681560516
200702A,2007-06-06 18:00:00,gridsat,CRVBND,4,0.013504477217793465,0.006188719067722559,0.7193564176559448,0.8616249561309814,0.037506021559238434,0.11035832017660141,0.1581447273492813,0.0112388264387846,0.07148837298154831,0.010589275509119034
200702A,2007-06-07 00:00:00,gridsat,CRVBND,4,0.0075755068100988865,0.0007864636136218905,0.9266506433486938,0.296120822429657,0.02693016640841961,0.7015606164932251,0.02178879640996456,0.00031294923974201083,0.017054861411452293,0.0012191944988444448
200702A,2007-06-07 06:00:00,gridsat,SHEAR,4,0.007571796886622906,4.141873068874702e-05,0.8240306973457336,0.09210840612649918,0.07217182219028473,0.9076826572418213,0.04775324836373329,1.9668124878080562e-05,0.04847235232591629,0.00014776170428376645
200702A,2007-06-07 12:00:00,gridsat,SHEAR,4,0.006139230448752642,0.00016114414029289037,0.06458313763141632,0.160262793302536,0.8896579742431641,0.8388872146606445,0.006604437716305256,0.00011778442421928048,0.033015213906764984,0.0005710041150450706
200703B,2007-06-21 15:00:00,gridsat,SHEAR,2,0.005697701591998339,3.397249415115766e-08,0.1964290887117386,0.5641170740127563,0.3903959095478058,0.43112993240356445,0.000964359613135457,6.314527854556218e-05,0.40651291608810425,0.00468973396345973
200703B,2007-06-21 20:30:00,gridsat,CRVBND,2,0.004417340736836195,4.095103122381261e-06,0.3355620503425598,0.5573471784591675,0.1734435260295868,0.006973922252655029,0.00279741152189672,0.0006963986088521779,0.4837796688079834,0.4349784255027771
200703B,2007-06-22 03:00:00,gridsat,CRVBND,2,0.010507534258067608,0.05309947580099106,0.8055722117424011,0.5886085629463196,0.10402297228574753,0.0007179047097451985,0.020638523623347282,0.24927610158920288,0.05925873667001724,0.1082979217171669
200703B,2007-06-22 09:00:00,gridsat,CRVBND,2,0.01944470778107643,0.0008980161510407925,0.8655932545661926,0.7538080811500549,0.02716558799147606,0.005479652900248766,0.013299670070409775,0.01782045140862465,0.0744968056678772,0.2219938486814499
200703B,2007-06-25 09:00:00,gridsat,CRVBND,2,0.049097031354904175,0.010029262863099575,0.6190270185470581,0.7996895909309387,0.057101890444755554,0.014532892033457756,0.1318737119436264,0.10705361515283585,0.14290037751197815,0.06869462877511978
200703B,2007-06-25 15:00:00,gridsat,CRVBND,2,0.008059327490627766,0.0030874297954142094,0.9681177735328674,0.5110163688659668,0.003220608690753579,0.006816979963332415,0.0018526625353842974,0.026496922597289085,0.01874961145222187,0.45258229970932007
200704B,2007-06-28 17:00:00,gridsat,IRRCDO,4,0.002441785763949156,0.0057539064437150955,0.06431344151496887,0.04715650901198387,0.0009102073381654918,1.636731940379832e-05,0.034213095903396606,0.16305777430534363,0.8981214761734009,0.7840154767036438
200705A,2007-10-28 03:00:00,gridsat,CRVBND,0,0.025536520406603813,8.278740097011905e-06,0.34579941630363464,0.12112466245889664,0.021723613142967224,0.007353555876761675,0.057097095996141434,0.0010192784247919917,0.5498433709144592,0.8704941868782043
200705A,2007-10-28 09:00:00,gridsat,CRVBND,0,0.020542411133646965,7.999332751751353e-07,0.7157068252563477,0.4687758684158325,0.05283635854721069,0.5200498104095459,0.012305229902267456,0.0004735068359877914,0.19860921800136566,0.010700076818466187
200705A,2007-10-28 15:00:00,gridsat,CRVBND,0,0.054753925651311874,7.68129848438548e-06,0.22911761701107025,0.18039579689502716,0.025388726964592934,0.03676164895296097,0.3171878755092621,0.00046298967208713293,0.3735518753528595,0.7823718190193176
200705A,2007-10-28 21:00:00,gridsat,CRVBND,0,0.01904144138097763,7.754394027870148e-05,0.6483855247497559,0.6992949843406677,0.05902760475873947,0.06691378355026245,0.18400536477565765,0.0016947132535278797,0.0895400121808052,0.23201896250247955
200705A,2007-10-29 03:00:00,gridsat,SHEAR,0,0.018522540107369423,3.4286731676047566e-08,0.7270206212997437,0.18023638427257538,0.16319884359836578,0.792529821395874,0.005256093107163906,1.702453118923586e-05,0.08600188046693802,0.027216747403144836
200705A,2007-10-29 09:00:00,gridsat,CRVBND,0,0.044214554131031036,9.832146315602586e-05,0.4095248579978943,0.7065066695213318,0.035574860870838165,0.04743953421711922,0.4526238441467285,0.010424377396702766,0.05806191638112068,0.23553118109703064
200705A,2007-10-29 15:00:00,gridsat,CRVBND,0,0.01634208671748638,2.736771648415015e-06,0.03563878685235977,0.438546746969223,0.00875938031822443,0.15298010408878326,0.028855523094534874,0.0005536727840080857,0.9104042053222656,0.40791669487953186
200705A,2007-10-29 21:00:00,gridsat,CRVBND,0,0.01503992173820734,2.1212237697909586e-05,0.7816793918609619,0.7641313076019287,0.0169651061296463,0.22022542357444763,0.09736761450767517,0.001273547182790935,0.08894797414541245,0.014348573982715607
200705A,2007-10-30 03:00:00,gridsat,SHEAR,0,0.021253123879432678,1.3439531709735775e-09,0.06364092230796814,0.07762607932090759,0.027973713353276253,0.9221996068954468,0.6649152636528015,3.5460514027363388e-06,0.22221705317497253,0.00017087883315980434
200705A,2007-10-30 09:00:00,gridsat,SHEAR,0,0.0227765291929245,6.881646918976969e-10,0.7535660862922668,0.04081945866346359,0.08014699071645737,0.9591695070266724,0.03481842204928398,2.8519868919829605e-06,0.10869191586971283,8.096585588646121e-06
200705A,2007-10-30 15:30:00,gridsat,SHEAR,0,0.021884195506572723,4.453937496595728e-10,0.4952618181705475,0.03622497618198395,0.11293856054544449,0.9637674689292908,0.0049997298046946526,2.4054063487710664e-06,0.36491572856903076,5.183137091080425e-06
200705A,2007-10-30 21:30:00,gridsat,CRVBND,0,0.03338992968201637,1.7777514926820004e-07,0.1935100555419922,0.30146461725234985,0.029080349951982498,0.6201774477958679,0.052540894597768784,7.078002818161622e-05,0.6914787888526917,0.07828698307275772
200705A,2007-10-31 03:30:00,gridsat,SHEAR,0,0.017666339874267578,9.253150329291415e-11,0.17272289097309113,0.017609741538763046,0.04381529614329338,0.9823878407478333,0.00406450591981411,1.3136806842339865e-07,0.7617309093475342,2.221884415121167e-06
200705A,2007-10-31 09:00:00,gridsat,SHEAR,0,0.0038583618588745594,1.1341255712338238e-09,0.015117124654352665,2.423879413981922e-05,0.9743409752845764,0.9999758005142212,0.0016533918678760529,5.29524514514268e-12,0.00503018032759428,4.303181509041076e-12
200705A,2007-10-31 21:30:00,gridsat,SHEAR,0,0.003409178229048848,1.940313687498474e-08,0.014777828007936478,6.821908027632162e-05,0.9764940142631531,0.999931812286377,0.001216110889799893,1.4417769755858956e-10,0.004102793522179127,3.863752633809225e-12
200705A,2007-11-01 03:00:00,gridsat,SHEAR,0,0.0034506821539252996,2.3888487632461874e-08,0.016063645482063293,0.00015406633610837162,0.9749865531921387,0.9998458623886108,0.001177778234705329,2.763715367670727e-10,0.004321291111409664,6.091546104342038e-12
200705A,2007-11-01 09:30:00,gridsat,SHEAR,0,0.0038338294252753258,1.2493175383099242e-09,0.023202475160360336,0.00018775160424411297,0.9657905101776123,0.9998123049736023,0.0012831069761887193,8.530613992974168e-10,0.00589018827304244,3.962375566546328e-11
200705A,2007-11-01 15:00:00,gridsat,SHEAR,0,0.003776516066864133,8.173820731371961e-08,0.01759071834385395,0.0016619506059214473,0.9726837873458862,0.998337984085083,0.0013804840855300426,1.2085136225081783e-09,0.004568495787680149,1.3079453319020384e-11
200706B,2007-11-12 00:00:00,gridsat,EMBC,3,0.040664996951818466,0.24454531073570251,0.2616484761238098,0.03440345451235771,0.007575012743473053,3.3456963137723505e-05,0.5975436568260193,0.7074375152587891,0.09256783127784729,0.013580267317593098
200706B,2007-11-12 05:30:00,gridsat,EMBC,3,0.025726571679115295,0.3825090229511261,0.03749995306134224,0.014751523733139038,0.0035049947910010815,1.2649128620978445e-05,0.883152961730957,0.5952960848808289,0.05011556297540665,0.007430803496390581
200706B,2007-11-12 12:00:00,gridsat,EYE,3,0.9412186145782471,0.3856547176837921,0.0048843794502317905,0.007468611001968384,0.009238587692379951,3.309035719212261e-06,0.02878035604953766,0.5999773144721985,0.01587807945907116,0.0068960972130298615
200706B,2007-11-12 18:00:00,gridsat,EYE,3,0.9423457384109497,0.24995864927768707,0.003348124912008643,0.0032456067856401205,0.008198023773729801,8.857467719280976e-07,0.03464864566922188,0.7435746788978577,0.011459512636065483,0.003220121841877699
200706B,2007-11-13 00:00:00,gridsat,EYE,3,0.9410520792007446,0.6427416205406189,0.0053893341682851315,0.009485204704105854,0.009678171016275883,7.703441042394843e-06,0.03034130670130253,0.3455502688884735,0.01353903952986002,0.0022151607554405928
200706B,2007-11-13 05:30:00,gridsat,EYE,3,0.052503202110528946,0.5417777895927429,0.011712305247783661,0.018145477399230003,0.0026801449712365866,2.319180748600047e-05,0.9272365570068359,0.424760639667511,0.005867775063961744,0.015292949043214321
200706B,2007-11-13 18:00:00,gridsat,EYE,3,0.9219073057174683,0.7310692071914673,0.01017248909920454,0.002761852229014039,0.0074935839511454105,1.3363181778913713e-06,0.04671722650527954,0.26450830698013306,0.01370939239859581,0.0016592976171523333
200706B,2007-11-13 23:30:00,gridsat,EYE,3,0.8412969708442688,0.7258464097976685,0.0035331211984157562,0.002041189931333065,0.008788550272583961,8.467628163089103e-07,0.13314291834831238,0.2713371217250824,0.013238450512290001,0.0007743989699520171
200706B,2007-11-14 06:30:00,gridsat,EYE,3,0.911504328250885,0.7162631154060364,0.01004871353507042,0.002295691752806306,0.009060225449502468,1.0917198096649372e-06,0.055282387882471085,0.2806866765022278,0.01410427875816822,0.0007534465985372663
200706B,2007-11-14 12:30:00,gridsat,EYE,3,0.9564973711967468,0.7784334421157837,0.0031449717935174704,0.0008475134964101017,0.0064727808348834515,2.9448548843902245e-07,0.01833619922399521,0.22024545073509216,0.015548694878816605,0.0004733359382953495
200706B,2007-11-14 18:30:00,gridsat,EYE,3,0.9074068665504456,0.6383998394012451,0.0067175645381212234,0.0020627176854759455,0.0073464843444526196,4.833423759009747e-07,0.05819220468401909,0.35813581943511963,0.020336825400590897,0.001401165733113885
200706B,2007-11-14 23:30:00,gridsat,EYE,3,0.8975539207458496,0.7605026364326477,0.007291377987712622,0.0017276847502216697,0.00681318761780858,6.053715537746029e-07,0.06866228580474854,0.23671114444732666,0.019679132848978043,0.0010579340159893036
200706B,2007-11-15 06:30:00,gridsat,EYE,3,0.8429841995239258,0.6988461017608643,0.008024257607758045,0.0030250484123826027,0.006396172102540731,1.8396973473500111e-06,0.12036561965942383,0.29667070508003235,0.02222977764904499,0.001456284080632031
200706B,2007-11-15 11:30:00,gridsat,EYE,3,0.9407820105552673,0.7941578030586243,0.0040724920108914375,0.0023485759738832712,0.007610971573740244,1.3992438425702858e-06,0.03282598778605461,0.20266112685203552,0.0147085664793849,0.000831042358186096
200801B,2008-04-28 14:30:00,gridsat,EMBC,0,0.8096402287483215,0.1580607146024704,0.002084866864606738,0.012834266759455204,0.010953052900731564,1.2706061625067377e-06,0.1673772633075714,0.7975272536277771,0.009944508783519268,0.031576499342918396
200801B,2008-04-28 21:30:00,gridsat,EMBC,0,0.019396035000681877,0.131323903799057,0.0033573871478438377,0.004160006996244192,0.0026987746823579073,3.6840256711911934e-07,0.9711810350418091,0.8517671227455139,0.003366791410371661,0.012748615816235542
200801B,2008-04-29 09:30:00,gridsat,EMBC,0,0.031426046043634415,0.26699262857437134,0.5764737129211426,0.22460857033729553,0.027717525139451027,0.0010389303788542747,0.29022055864334106,0.3859610855579376,0.07416214793920517,0.12139882147312164
200801B,2008-04-29 20:30:00,gridsat,IRRCDO,0,0.005760352127254009,0.0012119404273107648,0.007485035341233015,0.0937206968665123,0.004502544179558754,0.00021309942530933768,0.010762026533484459,0.04975941404700279,0.9714900851249695,0.855094850063324
200801B,2008-04-30 20:30:00,gridsat,EMBC,0,0.020182110369205475,0.1855434775352478,0.0006400280981324613,0.06559335440397263,0.005544636864215136,9.659507486503571e-05,0.9703219532966614,0.5069193840026855,0.0033113276585936546,0.2418471723794937
200801B,2008-05-01 09:30:00,gridsat,EMBC,0,0.0017794932937249541,0.3894243836402893,0.0007330497028306127,0.04875170439481735,0.0034901476465165615,6.842768198112026e-05,0.9934843182563782,0.3312273323535919,0.0005129167111590505,0.2305280566215515
200801B,2008-05-01 15:30:00,gridsat,EMBC,0,0.6347054243087769,0.2341117560863495,0.0008632111712358892,0.05862211436033249,0.013946646824479103,6.362438580254093e-05,0.34179359674453735,0.2897317409515381,0.008691136725246906,0.4174707531929016
200801B,2008-05-02 02:30:00,gridsat,EMBC,0,0.9162605404853821,0.3559296131134033,0.0012904583709314466,0.004851941484957933,0.008661666885018349,6.462851160904393e-07,0.06644753366708755,0.6233868598937988,0.007339841686189175,0.01583097130060196
200801B,2008-05-02 08:30:00,gridsat,EYE,0,0.7954090237617493,0.6077682375907898,0.0008664528140798211,0.008897045627236366,0.009103108197450638,3.941856448363978e-06,0.18868277966976166,0.37753865122795105,0.0059385765343904495,0.0057921214029192924
200803B,2008-10-21 01:00:00,gridsat,EMBC,1,0.04950223118066788,0.09020266681909561,0.3981444835662842,0.01678333804011345,0.06256315857172012,2.8516748784568335e-07,0.08832299709320068,0.8166677951812744,0.40146714448928833,0.07634598016738892
200803B,2008-10-21 06:00:00,gridsat,CRVBND,1,0.03206296265125275,1.0750300134532154e-05,0.34084996581077576,0.4550551474094391,0.5750571489334106,0.5394439697265625,0.014921922236680984,0.00021034512610640377,0.03710800036787987,0.0052797868847846985
200803B,2008-10-21 12:00:00,gridsat,CRVBND,1,0.023317482322454453,0.00502488948404789,0.8975910544395447,0.32096436619758606,0.012901787646114826,0.0010738821001723409,0.011346165090799332,0.03297451138496399,0.05484343692660332,0.6399623155593872
200803B,2008-10-21 18:00:00,gridsat,SHEAR,1,0.015425876714289188,2.298272875123075e-06,0.03745380416512489,0.08729404211044312,0.9065309762954712,0.9126263856887817,0.007909595966339111,2.4054555979091674e-05,0.03267979994416237,5.3173600463196635e-05
200803B,2008-10-22 00:00:00,gridsat,SHEAR,1,0.012338214553892612,2.1310746944891434e-07,0.003962050657719374,0.00955994613468647,0.9583780169487,0.9904387593269348,0.007024432998150587,1.4188952945914934e-07,0.018297217786312103,9.315940019405389e-07
200803B,2008-10-22 06:00:00,gridsat,SHEAR,1,0.011340335942804813,3.694893990768833e-08,0.005168961361050606,0.00535556860268116,0.9564787149429321,0.9946439266204834,0.010844102129340172,9.083949237265188e-08,0.016167938709259033,3.2507239211554406e-07
200803B,2008-10-22 13:00:00,gridsat,CRVBND,1,0.03984866291284561,0.19271160662174225,0.8181890249252319,0.4535275101661682,0.04209534451365471,0.0018984349444508553,0.030259013175964355,0.18457843363285065,0.0696079432964325,0.1672840267419815
200803B,2008-10-22 18:00:00,gridsat,CRVBND,1,0.041303858160972595,0.00020572726498357952,0.8066756725311279,0.37424150109291077,0.06972396373748779,0.6110936403274536,0.022291632369160652,0.00024339029914699495,0.06000492349267006,0.014215711504220963
200803B,2008-10-23 00:00:00,gridsat,CRVBND,1,0.02279287576675415,0.000383233476895839,0.8925584554672241,0.6550177335739136,0.04320454224944115,0.3348143696784973,0.018579743802547455,0.0014773946022614837,0.02286430075764656,0.008307183161377907
200803B,2008-10-23 05:30:00,gridsat,CRVBND,1,0.014332007616758347,0.004256409592926502,0.023857971653342247,0.41590163111686707,0.02667776308953762,0.0054533942602574825,0.009459896944463253,0.00668401550501585,0.9256724119186401,0.5677044987678528
200803B,2008-10-23 17:00:00,gridsat,CRVBND,1,0.026081133633852005,0.029841583222150803,0.8801405429840088,0.8249274492263794,0.03431970253586769,0.027036065235733986,0.015387214720249176,0.014927679672837257,0.04407142102718353,0.10326731204986572
200805B,2008-11-14 06:00:00,gridsat,CRVBND,0,0.010920816101133823,0.0038637917023152113,0.9314565062522888,0.6428893804550171,0.009453888051211834,0.006291333585977554,0.02745133824646473,0.06675683706998825,0.020717428997159004,0.28019869327545166
200805B,2008-11-14 12:00:00,gridsat,CRVBND,0,0.02402040921151638,0.0004029130795970559,0.47703951597213745,0.13561563193798065,0.03161616995930672,0.0009023628663271666,0.24995939433574677,0.005781594663858414,0.21736451983451843,0.8572974801063538
200805B,2008-11-14 18:00:00,gridsat,EMBC,0,0.01760539412498474,0.046409837901592255,0.019552156329154968,0.03917701169848442,0.011387511156499386,5.990089903207263e-06,0.24200695753097534,0.2869642972946167,0.709447979927063,0.6274428367614746
200805B,2008-11-15 01:30:00,gridsat,IRRCDO,0,0.02928195148706436,0.0025088682305067778,0.2766973674297333,0.05033326894044876,0.026517348363995552,3.425620525376871e-05,0.22515705227851868,0.08503013849258423,0.4423462748527527,0.862093448638916
200805B,2008-11-15 06:00:00,gridsat,CRVBND,0,0.01665901206433773,2.5530101993354037e-05,0.8549677133560181,0.7440125346183777,0.04890427365899086,0.21655024588108063,0.005007570143789053,0.005535758100450039,0.07446146756410599,0.03387593850493431
200805B,2008-11-15 11:00:00,gridsat,IRRCDO,0,0.015212573111057281,0.0005722043570131063,0.011284956708550453,0.019262302666902542,0.010179665870964527,2.5703913706820458e-05,0.8587337136268616,0.010620445013046265,0.104589082300663,0.969519317150116
200805B,2008-11-15 19:00:00,gridsat,CRVBND,0,0.01778206042945385,0.000285095302388072,0.030811619013547897,0.2831462323665619,0.006619529332965612,0.0031084709335118532,0.18043752014636993,0.013766554184257984,0.7643492817878723,0.6996936202049255
200805B,2008-11-15 23:00:00,gridsat,CRVBND,0,0.008673145435750484,0.00015051878290250897,0.024176452308893204,0.44663378596305847,0.0020724874921143055,0.025420747697353363,0.005779091734439135,0.009197049774229527,0.959298849105835,0.5185979604721069
200806B,2008-11-25 19:30:00,gridsat,CRVBND,3,0.049791984260082245,0.11073891073465347,0.6280670166015625,0.541895866394043,0.00860548671334982,0.0035086560528725386,0.2570610046386719,0.1910751610994339,0.05647452175617218,0.1527814120054245
200806B,2008-11-25 23:30:00,gridsat,CRVBND,3,0.027932241559028625,0.07801532000303268,0.724286675453186,0.5178797245025635,0.011560840532183647,0.004414120223373175,0.17628814280033112,0.13290593028068542,0.05993206799030304,0.2667849063873291
200806B,2008-11-26 06:30:00,gridsat,EMBC,3,0.048413872718811035,0.3154764175415039,0.2847009301185608,0.06956429779529572,0.006082118954509497,0.00026891165180131793,0.5180925726890564,0.5624597072601318,0.1427105814218521,0.05223061516880989
200806B,2008-11-26 12:00:00,gridsat,CRVBND,3,0.02890024520456791,0.23655956983566284,0.24170123040676117,0.17726272344589233,0.012436159886419773,0.0012069192016497254,0.3323189318180084,0.5330950021743774,0.38464340567588806,0.05187578499317169
200806B,2008-11-26 19:30:00,gridsat,CRVBND,3,0.023639848455786705,0.03429987281560898,0.8248105049133301,0.7647244930267334,0.08686184883117676,0.01929757371544838,0.0369894839823246,0.1171269416809082,0.027698365971446037,0.06455112248659134
200806B,2008-11-27 00:00:00,gridsat,CRVBND,3,0.023770427331328392,0.06871025264263153,0.6474817395210266,0.5711460113525391,0.0060164048336446285,0.005042922217398882,0.06827957183122635,0.2954719364643097,0.25445181131362915,0.05962890759110451
200807B,2008-12-04 06:00:00,gridsat,CRVBND,0,0.024888623505830765,0.0030882987193763256,0.6608869433403015,0.3776644170284271,0.00930648110806942,0.029598090797662735,0.03123396821320057,0.009846009314060211,0.2736840546131134,0.5798032283782959
200807B,2008-12-04 12:00:00,gridsat,CRVBND,0,0.023911526426672935,0.00441190879791975,0.8555202484130859,0.37696361541748047,0.014869513921439648,0.00845758244395256,0.027949122712016106,0.037517983466386795,0.07774953544139862,0.5726489424705505
200807B,2008-12-04 18:00:00,gridsat,CRVBND,0,0.02110486477613449,0.00010923836089204997,0.6749735474586487,0.5649130344390869,0.21376313269138336,0.28355851769447327,0.006325083319097757,0.0015730931190773845,0.08383342623710632,0.149846151471138
200807B,2008-12-05 00:00:00,gridsat,CRVBND,0,0.03234326094388962,4.2126132029807195e-05,0.1721617728471756,0.4272412955760956,0.026926450431346893,0.05752372369170189,0.2253320962190628,0.0014863446122035384,0.5432364344596863,0.5137065052986145
200807B,2008-12-05 06:00:00,gridsat,IRRCDO,0,0.022187642753124237,1.1237685612286441e-05,0.23609907925128937,0.3786506950855255,0.021879367530345917,0.1917840838432312,0.005361263640224934,0.00032195591484196484,0.7144725918769836,0.42923200130462646
200807B,2008-12-05 12:00:00,gridsat,SHEAR,0,0.023008150979876518,9.000017620053313e-09,0.7270433902740479,0.06964145600795746,0.16203494369983673,0.9301735162734985,0.007202303037047386,6.291188583418261e-06,0.08071115612983704,0.00017875558114610612
200807B,2008-12-05 18:00:00,gridsat,SHEAR,0,0.011287103407084942,5.536556546559268e-09,0.15355367958545685,0.02528819628059864,0.8159011602401733,0.9747070074081421,0.0037579103372991085,4.557110173664114e-07,0.015500087291002274,4.301764874981018e-06
200807B,2008-12-06 00:00:00,gridsat,SHEAR,0,0.009728952310979366,9.740519857359686e-08,0.13278716802597046,0.10253734141588211,0.8357829451560974,0.8879725337028503,0.0024808445014059544,9.483129360887688e-06,0.019220124930143356,0.009480521082878113
200807B,2008-12-06 06:00:00,gridsat,SHEAR,0,0.02393442951142788,7.1671766299630235e-09,0.6161537170410156,0.20557311177253723,0.2535284161567688,0.7937036156654358,0.007081170100718737,3.622220901888795e-05,0.09930230677127838,0.0006871033692732453
200807B,2008-12-06 12:00:00,gridsat,CRVBND,0,0.022275352850556374,2.39780310948845e-05,0.8179715871810913,0.6702268123626709,0.011823955923318863,0.25656235218048096,0.04499637335538864,0.001451601623557508,0.10293273627758026,0.07173526287078857
200807B,2008-12-06 18:00:00,gridsat,IRRCDO,0,0.02327680215239525,1.0918141697402461e-06,0.9159348011016846,0.21252813935279846,0.019301196560263634,0.7540854811668396,0.005784661043435335,0.0002513627696316689,0.03570254147052765,0.03313395753502846
200807B,2008-12-07 00:00:00,gridsat,CRVBND,0,0.022130107507109642,2.2210952010937035e-07,0.6026335954666138,0.10125992447137833,0.3240819275379181,0.8969712853431702,0.004764928016811609,1.3774690160062164e-05,0.04638950526714325,0.001754813245497644
200807B,2008-12-07 06:00:00,gridsat,SHEAR,0,0.024404238909482956,5.677371177625901e-07,0.5989039540290833,0.05466408655047417,0.33747947216033936,0.9427729249000549,0.005625291261821985,9.494491678196937e-06,0.033587079495191574,0.002552945399656892
200807B,2008-12-07 12:00:00,gridsat,CRVBND,0,0.021916387602686882,1.3656130249728449e-05,0.7598029971122742,0.315378874540329,0.015511388890445232,0.2804281711578369,0.009513437747955322,0.0002943848667200655,0.19325585663318634,0.4038849174976349
200807B,2008-12-07 16:30:00,gridsat,SHEAR,0,0.018753377720713615,3.7758811686217086e-06,0.3690093159675598,0.24929970502853394,0.5607928037643433,0.7422845959663391,0.004945964086800814,0.00023144717852119356,0.04649854823946953,0.008180352859199047
200904A,2009-11-10 03:00:00,gridsat,CRVBND,1,0.02462911605834961,0.15625013411045074,0.8969793319702148,0.21503935754299164,0.012598786503076553,5.87719478062354e-05,0.031226104125380516,0.3826669752597809,0.034566670656204224,0.24598470330238342
200904A,2009-11-10 09:00:00,gridsat,CRVBND,1,0.053717877715826035,0.24278545379638672,0.7989664077758789,0.15381960570812225,0.02080368809401989,2.6677638743421994e-05,0.04224912077188492,0.4541361629962921,0.0842628926038742,0.14923211932182312
200904A,2009-11-10 21:30:00,gridsat,EMBC,1,0.013219686225056648,0.4411371350288391,0.0019844623748213053,0.02124965377151966,0.018415967002511024,1.0406720321043395e-06,0.9295735359191895,0.5078099370002747,0.03680643066763878,0.029802214354276657
200904A,2009-11-11 09:00:00,gridsat,CRVBND,1,0.01926744170486927,0.27855774760246277,0.863143801689148,0.344673752784729,0.020915333181619644,0.0013904208317399025,0.04968121275305748,0.3261430859565735,0.046992186456918716,0.04923500865697861
200905B,2009-12-12 00:00:00,gridsat,CRVBND,2,0.03120066225528717,0.3857622742652893,0.6268506050109863,0.24524033069610596,0.017165470868349075,0.001967523479834199,0.23961296677589417,0.347787082195282,0.08517031371593475,0.019242869690060616
200905B,2009-12-12 06:00:00,gridsat,CRVBND,2,0.015033966861665249,0.005468496587127447,0.8866980075836182,0.8124800324440002,0.025067303329706192,0.1480477899312973,0.028316929936408997,0.02981070801615715,0.04488389566540718,0.0041929990984499454
200905B,2009-12-12 12:00:00,gridsat,CRVBND,2,0.023511258885264397,0.006951950490474701,0.5764952301979065,0.7247554063796997,0.16470693051815033,0.08595436811447144,0.06172925606369972,0.0484640970826149,0.1735573410987854,0.13387417793273926
200905B,2009-12-12 18:00:00,gridsat,CRVBND,2,0.007586441468447447,0.00029551051557064056,0.7548204064369202,0.6720610857009888,0.08382485061883926,0.3167533576488495,0.005171394906938076,0.0052192322909832,0.14859691262245178,0.0056708017364144325
200905B,2009-12-13 00:00:00,gridsat,CRVBND,2,0.0065202717669308186,0.00048344850074499846,0.9222044944763184,0.7634934782981873,0.03571765124797821,0.17270848155021667,0.0026393115986138582,0.008426596410572529,0.032918237149715424,0.05488797277212143
200905B,2009-12-13 12:00:00,gridsat,CRVBND,2,0.040029898285865784,0.000362707010935992,0.4564474821090698,0.5604112148284912,0.37409913539886475,0.4271221160888672,0.058182235807180405,0.003082792041823268,0.07124121487140656,0.00902118906378746
200905B,2009-12-13 18:00:00,gridsat,CRVBND,2,0.010287233628332615,0.0004312923992983997,0.6480419635772705,0.36008667945861816,0.13350382447242737,0.0502675361931324,0.015544449910521507,0.003136787097901106,0.19262252748012543,0.5860776305198669
200905B,2009-12-14 00:30:00,gridsat,CRVBND,2,0.02058267593383789,0.024974236264824867,0.2030441164970398,0.6176559925079346,0.01346449926495552,0.0185463335365057,0.007102042902261019,0.06393676996231079,0.7558066248893738,0.27488669753074646
201001B,2010-05-17 22:00:00,gridsat,EMBC,3,0.01911669410765171,0.4125586450099945,0.4136088490486145,0.009571641683578491,0.016926852986216545,9.623904588806909e-07,0.33113861083984375,0.5685680508613586,0.21920894086360931,0.009300708770751953
201001B,2010-05-19 03:30:00,gridsat,EMBC,3,0.011842088773846626,0.24336159229278564,0.1226402148604393,0.0028141208458691835,0.005381725262850523,2.659184872300102e-07,0.3721003234386444,0.751272976398468,0.4880356788635254,0.002551067853346467
201002A,2010-05-19 15:00:00,gridsat,CRVBND,2,0.017817383632063866,0.052495863288640976,0.9489777088165283,0.6202957034111023,0.016311276704072952,0.2697694003582001,0.006137411575764418,0.036518197506666183,0.010756243951618671,0.020920924842357635
201001B,2010-05-19 20:30:00,gridsat,EMBC,3,0.002698750700801611,0.328175812959671,0.036577336490154266,0.21088233590126038,0.002059060148894787,0.0003495013224892318,0.01666962541639805,0.33026862144470215,0.9419952630996704,0.1303236484527588
201002A,2010-05-19 21:00:00,gridsat,CRVBND,2,0.01677236706018448,0.5127478837966919,0.8825627565383911,0.16745541989803314,0.008771066553890705,0.0015376582741737366,0.03533463180065155,0.2810716927051544,0.05655919015407562,0.03718729689717293
201002A,2010-05-20 03:00:00,gridsat,IRRCDO,2,0.008937289007008076,0.039734359830617905,0.555992066860199,0.23951049149036407,0.005891731940209866,0.0039934320375323296,0.057667795568704605,0.07276833057403564,0.3715110719203949,0.6439933776855469
201001B,2010-05-20 08:00:00,gridsat,EMBC,3,0.013960308395326138,0.013199388980865479,0.48907342553138733,0.6564207077026367,0.06376375257968903,0.011127323843538761,0.036351002752780914,0.09998176991939545,0.39685148000717163,0.21927079558372498
201001B,2010-05-20 20:30:00,gridsat,CRVBND,3,0.020589517429471016,0.025843637064099312,0.36810600757598877,0.14571119844913483,0.029397716745734215,0.0006958448211662471,0.08352161198854446,0.07402734458446503,0.4983851909637451,0.7537220120429993
201002A,2010-05-20 21:00:00,gridsat,IRRCDO,2,0.03747599571943283,0.23138169944286346,0.4295048713684082,0.044152189046144485,0.4095781445503235,0.0002587393973954022,0.03395905718207359,0.059959184378385544,0.08948193490505219,0.6642481684684753
201002A,2010-05-21 15:00:00,gridsat,CRVBND,2,0.021997489035129547,0.4972827434539795,0.8126154541969299,0.1611400544643402,0.013534332625567913,0.0017616236582398415,0.11259830743074417,0.3305836021900177,0.03925442323088646,0.009231899864971638
201002A,2010-05-21 21:30:00,gridsat,IRRCDO,2,0.03214804455637932,0.04624200984835625,0.685102105140686,0.4007304012775421,0.21368497610092163,0.045897018164396286,0.01413328293710947,0.008099479600787163,0.054931674152612686,0.4990311563014984
201002A,2010-05-22 09:00:00,gridsat,IRRCDO,2,0.016801632940769196,0.08437064290046692,0.6462286114692688,0.7383269667625427,0.09464527666568756,0.018743185326457024,0.0032373457215726376,0.02068401500582695,0.2390870749950409,0.1378752589225769
201002A,2010-05-22 15:00:00,gridsat,CRVBND,2,0.01220647431910038,8.735917799640447e-05,0.13640746474266052,0.21197724342346191,0.8240294456481934,0.7810853123664856,0.00577958021312952,0.00018456690304446965,0.021577024832367897,0.0066655464470386505
201002A,2010-05-22 21:00:00,gridsat,SHEAR,2,0.023880649358034134,2.8763606607640213e-08,0.10162375122308731,0.0019111832370981574,0.8521533012390137,0.9980886578559875,0.008493253961205482,6.940010166545107e-08,0.013849071227014065,9.400239697754387e-09
201002A,2010-05-23 03:00:00,gridsat,SHEAR,2,0.031009215861558914,1.5951199472397093e-08,0.4387887418270111,0.06697823107242584,0.4532787799835205,0.9326107501983643,0.008003485389053822,4.061074832861777e-06,0.06891981512308121,0.00040695597999729216
201002A,2010-05-23 09:00:00,gridsat,SHEAR,2,0.019333798438310623,1.4173686668783603e-09,0.3058508336544037,0.022320711985230446,0.3706075847148895,0.9776759147644043,0.0021957478020340204,1.7694828784442507e-06,0.30201199650764465,1.6387327832489973e-06
201002A,2010-05-23 15:00:00,gridsat,SHEAR,2,0.005919562187045813,5.809004832713072e-09,0.0501103401184082,0.0010491861030459404,0.9302602410316467,0.998950719833374,0.0042523653246462345,4.1699543373852066e-08,0.009457485750317574,1.9976923226749932e-08
201003A,2010-06-01 16:00:00,gridsat,EMBC,4,0.0050637489184737206,0.7399580478668213,0.005147121846675873,0.013438887894153595,0.0008729082765057683,5.711292760679498e-05,0.9837175607681274,0.23689289391040802,0.005198644939810038,0.009653103537857533
201003A,2010-06-01 21:30:00,gridsat,EMBC,4,0.017647642642259598,0.22829297184944153,0.005541522987186909,0.01904008910059929,0.002264136914163828,1.1890060704899952e-05,0.9708643555641174,0.7377221584320068,0.0036823416594415903,0.014932856895029545
201003A,2010-06-02 03:00:00,gridsat,EYE,4,0.9262332916259766,0.20821359753608704,0.005347203463315964,0.020595092326402664,0.008939146064221859,1.2007827535853721e-05,0.03743145242333412,0.7525448203086853,0.02204888127744198,0.018634438514709473
201003A,2010-06-02 09:00:00,gridsat,EYE,4,0.9035943746566772,0.5400283336639404,0.009824276901781559,0.010278260335326195,0.01012700330466032,9.444159331906121e-06,0.04556018486618996,0.4444883167743683,0.0308942012488842,0.0051955911330878735
201003A,2010-06-02 14:00:00,gridsat,EYE,4,0.019340986385941505,0.3171338737010956,0.053139399737119675,0.010953167453408241,0.003826990956440568,9.729737030284014e-06,0.8977084755897522,0.6508213877677917,0.02598416991531849,0.02108180895447731
201003A,2010-06-02 21:00:00,gridsat,EMBC,4,0.011276292614638805,0.22954592108726501,0.2085886299610138,0.014538534916937351,0.010834220796823502,7.98605105956085e-06,0.6568474769592285,0.739259660243988,0.11245343089103699,0.01664789393544197
201003A,2010-06-03 02:00:00,gridsat,EMBC,4,0.004101553466171026,0.5555548071861267,0.22477135062217712,0.00515761086717248,0.0061301481910049915,2.5042759261850733e-06,0.5579555034637451,0.43625423312187195,0.2070414274930954,0.0030308424029499292
201003A,2010-06-03 14:00:00,gridsat,EMBC,4,0.004420493263751268,0.7741574048995972,0.004974423907697201,0.0017067673616111279,0.00144492881372571,9.456143743591383e-07,0.9873901605606079,0.22320230305194855,0.0017700043972581625,0.0009325891151092947
201003A,2010-06-03 22:00:00,gridsat,EMBC,4,0.6334292888641357,0.8492982387542725,0.039484236389398575,0.03156258538365364,0.009737075306475163,0.00014415282930713147,0.27632221579551697,0.11533117294311523,0.04102715849876404,0.0036638558376580477
201003A,2010-06-04 15:00:00,gridsat,CRVBND,4,0.006037948653101921,0.0009983633644878864,0.9184524416923523,0.34901535511016846,0.0025895345024764538,0.6466647386550903,0.04325990006327629,0.000508120923768729,0.029660120606422424,0.002813421655446291
201003A,2010-06-04 21:00:00,gridsat,CRVBND,4,0.021879326552152634,0.0002170129300793633,0.6377652883529663,0.5237584114074707,0.2547951340675354,0.47197768092155457,0.018464013934135437,0.000550764671061188,0.06709618121385574,0.003496122546494007
201003A,2010-06-05 03:00:00,gridsat,SHEAR,4,0.01126751396805048,4.560978595691267e-06,0.3764098584651947,0.10531098395586014,0.5617212057113647,0.8946351408958435,0.01363222487270832,8.760499440541025e-06,0.03696918860077858,4.0622409869683906e-05
201003A,2010-06-05 09:00:00,gridsat,SHEAR,4,0.009585637599229813,5.360320756153669e-07,0.22244997322559357,0.03610191121697426,0.7263585329055786,0.9638903737068176,0.00865574087947607,8.537176086065301e-07,0.032950129359960556,6.365383796946844e-06
201003A,2010-06-05 15:00:00,gridsat,SHEAR,4,0.007200177293270826,6.031631869518606e-07,0.10457810014486313,0.01101213414222002,0.8478051424026489,0.9889843463897705,0.005228398833423853,2.3740577148601005e-07,0.03518817201256752,2.561697328928858e-06
201003A,2010-06-05 21:00:00,gridsat,SHEAR,4,0.00410918565467,9.865850643109297e-07,0.04267188534140587,0.005479772575199604,0.9050418734550476,0.9945185780525208,0.0035758197773247957,1.6510654177182005e-07,0.04460124298930168,5.469311190609005e-07
201003A,2010-06-06 03:00:00,gridsat,CRVBND,4,0.005240676924586296,4.8749850975582376e-05,0.023855023086071014,0.1549323946237564,0.9363986849784851,0.8216028809547424,0.003122135531157255,0.0001376421860186383,0.0313834547996521,0.023278329521417618
201003A,2010-06-06 09:00:00,gridsat,CRVBND,4,0.007276593241840601,0.00013049969857092947,0.0839938148856163,0.4513400197029114,0.8471755981445312,0.5415847897529602,0.007346061989665031,0.0005462699336931109,0.054207999259233475,0.006398393772542477
201004B,2010-10-21 06:00:00,gridsat,CRVBND,4,0.01683797314763069,0.18264293670654297,0.5849874019622803,0.4010922610759735,0.0059270369820296764,0.0021845910232514143,0.33600273728370667,0.35509032011032104,0.056244853883981705,0.05898994579911232
201004B,2010-10-21 19:00:00,gridsat,EMBC,4,0.033816833049058914,0.22135703265666962,0.6446663737297058,0.010547743178904057,0.007527315989136696,9.437701010028832e-06,0.1256408840417862,0.7079384922981262,0.18834862112998962,0.06014727056026459
201004B,2010-10-22 06:00:00,gridsat,EYE,4,0.9214863181114197,0.46887385845184326,0.005412635393440723,0.04730677604675293,0.007861283607780933,6.422076694434509e-05,0.030529530718922615,0.4370171129703522,0.03471025452017784,0.04673812910914421
201004B,2010-10-22 12:00:00,gridsat,EYE,4,0.9625974297523499,0.7280289530754089,0.0016913445433601737,0.003677164437249303,0.0036119509022682905,3.154662636006833e-06,0.0130109628662467,0.26212453842163086,0.01908828318119049,0.006166201084852219
201005B,2010-11-06 08:30:00,gridsat,CRVBND,2,0.015225665643811226,0.00017874005425255746,0.12775011360645294,0.3471144735813141,0.012583968229591846,0.0043352143839001656,0.09275814890861511,0.0038060853257775307,0.7516822218894958,0.6445654630661011
201005B,2010-11-06 21:00:00,gridsat,CRVBND,2,0.007215262856334448,0.0007602715049870312,0.44063422083854675,0.8098821043968201,0.024320216849446297,0.0022422384936362505,0.05150747299194336,0.06534365564584732,0.4763227701187134,0.1217716857790947
201005B,2010-11-07 03:00:00,gridsat,CRVBND,2,0.007839096710085869,2.4969480364234187e-05,0.8447751402854919,0.8893848061561584,0.04950349032878876,0.03248106688261032,0.016337839886546135,0.0050949109718203545,0.08154438436031342,0.07301422208547592
201005B,2010-11-07 09:00:00,gridsat,CRVBND,2,0.010611436329782009,6.080022558307974e-06,0.8507871627807617,0.7952637076377869,0.07196025550365448,0.1914578676223755,0.012210427783429623,0.0021124030463397503,0.05443068966269493,0.011159920133650303
201005B,2010-11-07 15:00:00,gridsat,SHEAR,2,0.011163965798914433,2.010124973139682e-07,0.5610832571983337,0.02976803481578827,0.3533326983451843,0.9702211618423462,0.010405725799500942,6.0737265812349506e-06,0.06401430070400238,4.4843445721198805e-06
201101A,2011-06-11 15:00:00,gridsat,CRVBND,3,0.01771966926753521,0.0006995364092290401,0.6302905082702637,0.5825366377830505,0.057507406920194626,0.41353872418403625,0.02697022631764412,0.0011091091437265277,0.2675122022628784,0.0021160119213163853
201101A,2011-06-11 21:00:00,gridsat,CRVBND,3,0.021731536835432053,0.0006268124561756849,0.25637906789779663,0.3518756031990051,0.02098676562309265,0.221886545419693,0.06793665885925293,0.0003913231485057622,0.6329659819602966,0.42521968483924866
201101A,2011-06-12 03:00:00,gridsat,CRVBND,3,0.013465773314237595,0.03233961760997772,0.2620229721069336,0.39131781458854675,0.023540429770946503,0.0200203824788332,0.05140914395451546,0.010996898636221886,0.6495617628097534,0.5453253388404846
201101A,2011-06-12 09:00:00,gridsat,CRVBND,3,0.027432046830654144,0.011006765998899937,0.6106340885162354,0.5662916898727417,0.08414614945650101,0.028549261391162872,0.12636078894138336,0.01828964799642563,0.15142688155174255,0.3758625388145447
201101A,2011-06-12 15:00:00,gridsat,CRVBND,3,0.007597252260893583,0.4998195171356201,0.0806698426604271,0.21505075693130493,0.0021389792673289776,0.003414945909753442,0.12979534268379211,0.10818056017160416,0.7797985672950745,0.17353416979312897
201102B,2011-10-19 12:00:00,gridsat,CRVBND,2,0.0240895114839077,0.015269744209945202,0.822191059589386,0.6941388845443726,0.01717256009578705,0.016188563778996468,0.011919932439923286,0.16348016262054443,0.1246270090341568,0.11092265695333481
201103A,2011-11-02 07:30:00,gridsat,CRVBND,0,0.008248603902757168,0.6782640218734741,0.011733601801097393,0.015149128623306751,0.007412911858409643,1.5521893146797083e-05,0.9546003937721252,0.2960699796676636,0.018004534766077995,0.010501297190785408
201103A,2011-11-02 12:00:00,gridsat,CRVBND,0,0.02146982215344906,0.1224353015422821,0.40336039662361145,0.31667137145996094,0.023390451446175575,0.01411473099142313,0.4544951617717743,0.45002976059913635,0.09728417545557022,0.09674888849258423
201104A,2011-11-08 00:00:00,gridsat,CRVBND,1,0.1460707187652588,0.011375431902706623,0.4695722758769989,0.632295548915863,0.05574753135442734,0.0032651808578521013,0.07455582171678543,0.03723643720149994,0.25405365228652954,0.3158273994922638
201104A,2011-11-08 12:00:00,gridsat,CRVBND,1,0.023269779980182648,0.12759660184383392,0.8740851879119873,0.5673937797546387,0.029893510043621063,0.0026654922403395176,0.029144035652279854,0.20537464320659637,0.04360748082399368,0.09696948528289795
201104A,2011-11-09 07:30:00,gridsat,IRRCDO,1,0.01990463398396969,0.35526221990585327,0.9274426102638245,0.15442109107971191,0.013660895638167858,0.0001452433061785996,0.013732599094510078,0.36848291754722595,0.025259211659431458,0.12168847024440765
201104A,2011-11-09 12:00:00,gridsat,SHEAR,1,0.009153889492154121,0.0001384418865200132,0.0037887522485107183,0.6413180828094482,0.024559078738093376,0.3374781012535095,0.004888181574642658,0.001246182480826974,0.9576101303100586,0.019819259643554688
201104A,2011-11-09 18:00:00,gridsat,SHEAR,1,0.013870246708393097,1.450484745646463e-07,0.010778902098536491,0.08171507716178894,0.05661103129386902,0.9176724553108215,0.004377616569399834,6.317739916994469e-06,0.9143622517585754,0.000606052577495575
201104A,2011-11-09 23:00:00,gridsat,SHEAR,1,0.050368767231702805,7.604035801023201e-08,0.08952641487121582,0.06581386178731918,0.66187983751297,0.9338575601577759,0.0139096574857831,3.040052888536593e-06,0.18431532382965088,0.0003255271876696497
201105A,2011-11-27 15:30:00,gridsat,CRVBND,2,0.009997445158660412,8.290053301607259e-06,0.8028956651687622,0.5389712452888489,0.0421634316444397,0.019017254933714867,0.006223003845661879,0.001196787809021771,0.13872042298316956,0.44080638885498047
201105B,2011-11-27 15:30:00,gridsat,CRVBND,0,0.012310299091041088,3.234757286918466e-06,0.34055790305137634,0.43694648146629333,0.010436257347464561,0.026192983612418175,0.014467659406363964,0.0009005512692965567,0.6222278475761414,0.5359567403793335
201105A,2011-11-28 03:00:00,gridsat,IRRCDO,2,0.017544209957122803,0.04022368788719177,0.23970617353916168,0.06780827790498734,0.001252552610822022,4.0535975131206214e-05,0.06352955847978592,0.14991338551044464,0.6779674887657166,0.7420141696929932
201105A,2011-11-28 14:30:00,gridsat,IRRCDO,2,0.010341690853238106,5.4376730986405164e-05,0.47488510608673096,0.29307451844215393,0.17750035226345062,0.006762978620827198,0.04005664587020874,0.002060712082311511,0.2972162365913391,0.698047399520874
201105A,2011-11-28 21:00:00,gridsat,CRVBND,2,0.02401496283710003,0.0001337817229796201,0.6144354343414307,0.4067821204662323,0.06494514644145966,0.01267873216420412,0.044199708849191666,0.006137247662991285,0.25240468978881836,0.5742681622505188
201105A,2011-11-29 03:00:00,gridsat,CRVBND,2,0.008251309394836426,2.081375896523241e-05,0.04696562886238098,0.6145326495170593,0.9198103547096252,0.21053294837474823,0.005010249558836222,0.0007920698262751102,0.01996251940727234,0.17412155866622925
201105A,2011-11-29 09:00:00,gridsat,SHEAR,2,0.009914926253259182,6.024177423569199e-08,0.06678418070077896,0.0024258322082459927,0.8774948716163635,0.9975740313529968,0.007664082571864128,1.07964559958873e-07,0.0381418913602829,4.291945288059651e-08
201105A,2011-11-29 15:00:00,gridsat,SHEAR,2,0.008310160599648952,7.089378328828388e-08,0.01760660856962204,0.006622061599045992,0.9461095929145813,0.9933737516403198,0.004787923768162727,3.562843176041497e-06,0.02318570949137211,5.83473706683435e-07
201105A,2011-11-29 21:00:00,gridsat,SHEAR,2,0.010115495882928371,1.322165821271426e-09,0.07667034864425659,0.020360033959150314,0.8579311370849609,0.9796317219734192,0.01956060342490673,1.50088089867495e-06,0.035722456872463226,6.80969287714106e-06
201105A,2011-11-30 02:30:00,gridsat,CRVBND,2,0.00603112205862999,6.233297608559951e-05,0.20428793132305145,0.13201072812080383,0.10052105039358139,0.004357660189270973,0.017567286267876625,0.00043140549678355455,0.671592652797699,0.8631378412246704
201105A,2011-11-30 09:00:00,gridsat,SHEAR,2,0.0038642550352960825,8.497099024395993e-09,0.024834806099534035,0.009150520898401737,0.9458649754524231,0.9908458590507507,0.006655089557170868,7.239695491989551e-07,0.018780892714858055,2.9986767913214862e-06
201105A,2011-11-30 15:00:00,gridsat,SHEAR,2,0.006765116471797228,3.4622045230747744e-09,0.008679546415805817,0.0019387751817703247,0.9666887521743774,0.9980612397193909,0.004981084261089563,2.575092672429946e-08,0.012885568663477898,4.623539773263019e-09
201105A,2011-11-30 21:00:00,gridsat,SHEAR,2,0.006909422110766172,7.557450776296548e-10,0.07238923758268356,0.00354725681245327,0.8789913058280945,0.996452808380127,0.010101919062435627,5.6025957206884414e-08,0.031608060002326965,2.165661072695002e-08
201106B,2011-12-26 00:00:00,gridsat,CRVBND,0,0.014047004282474518,0.00037656340282410383,0.8332390785217285,0.7483410835266113,0.011821900494396687,0.05875135213136673,0.07664243876934052,0.01025500986725092,0.06424956023693085,0.18227598071098328
201106B,2011-12-26 07:30:00,gridsat,CRVBND,0,0.021903272718191147,8.00728885224089e-05,0.6468157768249512,0.8363317251205444,0.13655970990657806,0.14234821498394012,0.013253064826130867,0.0029246655758470297,0.18146823346614838,0.018315324559807777
201106B,2011-12-26 12:00:00,gridsat,EYE,0,0.025920623913407326,0.16913828253746033,0.18752527236938477,0.20353542268276215,0.021514080464839935,0.00028893243870697916,0.7459610104560852,0.5699166059494019,0.019079023972153664,0.05712068825960159
201106B,2011-12-26 18:00:00,gridsat,EYE,0,0.013182396069169044,0.01793108694255352,0.1477857232093811,0.6951656937599182,0.011006943881511688,0.005906434264034033,0.7988770604133606,0.14064496755599976,0.029147811233997345,0.1403518170118332
201106B,2011-12-26 22:30:00,gridsat,EMBC,0,0.006842471659183502,0.06022893264889717,0.033879637718200684,0.22319258749485016,0.006770530249923468,0.0005847928114235401,0.9470125436782837,0.26149117946624756,0.005494804121553898,0.45450255274772644
201106B,2011-12-27 06:00:00,gridsat,EMBC,0,0.8684378862380981,0.07126324623823166,0.005759887862950563,0.4296479821205139,0.014607439748942852,0.004763560835272074,0.09463302046060562,0.1313236653804779,0.016561774536967278,0.3630015254020691
201106B,2011-12-27 13:00:00,gridsat,EMBC,0,0.007290645036846399,0.2477237433195114,0.0019384005572646856,0.13734717667102814,0.004896178375929594,0.00036702590296044946,0.9844056963920593,0.5087903141975403,0.0014690874377265573,0.10577170550823212
201106B,2011-12-27 18:00:00,gridsat,EMBC,0,0.032530371099710464,0.24423331022262573,0.0023848428390920162,0.03636587783694267,0.0116902906447649,2.1643152649630792e-05,0.46576592326164246,0.5852084755897522,0.4876285791397095,0.13417071104049683
201106B,2011-12-28 04:30:00,gridsat,EMBC,0,0.010144688189029694,0.40362653136253357,0.0007920029456727207,0.00801471620798111,0.004523199517279863,2.6743362013803562e-06,0.9738028049468994,0.5738584399223328,0.010737257078289986,0.014497600495815277
201106B,2011-12-29 00:00:00,gridsat,EMBC,0,0.02892819419503212,0.37090441584587097,0.0010611313628032804,0.025989798828959465,0.006499009672552347,2.1837957319803536e-05,0.9604336619377136,0.5445353984832764,0.003078074660152197,0.05854857340455055
201106B,2011-12-29 05:00:00,gridsat,EYE,0,0.05123531073331833,0.614142119884491,0.0006191023858264089,0.010384082794189453,0.005754505749791861,1.894721390272025e-05,0.9411581158638,0.3658055365085602,0.0012330417521297932,0.009649236686527729
201106B,2011-12-29 12:00:00,gridsat,EMBC,0,0.15698620676994324,0.7653692364692688,0.001660622307099402,0.011769654229283333,0.015312222763895988,3.9182523323688656e-05,0.8228321075439453,0.21631281077861786,0.003208847949281335,0.006509140599519014
201106B,2011-12-29 18:30:00,gridsat,EMBC,0,0.05343787744641304,0.6452876925468445,0.0016227714950218797,0.08271616697311401,0.010160730220377445,0.0005576199037022889,0.9311673045158386,0.2262086272239685,0.0036112796515226364,0.045229941606521606
201201A,2012-10-24 18:00:00,gridsat,CRVBND,3,0.014052300713956356,0.007850238122045994,0.9337316751480103,0.8630845546722412,0.008974181488156319,0.09252307564020157,0.035593267530202866,0.025697048753499985,0.007648584432899952,0.010845035314559937
201201A,2012-10-25 00:00:00,gridsat,CRVBND,3,0.02775680087506771,7.334541442105547e-05,0.7722533941268921,0.7407522201538086,0.10334103554487228,0.2523370385169983,0.047647565603256226,0.0014583526644855738,0.04900116100907326,0.00537895830348134
201201A,2012-10-25 06:00:00,gridsat,CRVBND,3,0.016475558280944824,0.001280787168070674,0.8244426846504211,0.8926048278808594,0.035778582096099854,0.06892559677362442,0.09952010959386826,0.018557749688625336,0.023783080279827118,0.018630988895893097
201201A,2012-10-25 12:00:00,gridsat,CRVBND,3,0.014781893230974674,0.5147048234939575,0.6447092294692993,0.16157695651054382,0.006175534799695015,0.002208747435361147,0.3038998246192932,0.313446044921875,0.03043360449373722,0.008063435554504395
201202B,2012-10-30 01:30:00,gridsat,CRVBND,3,0.026263967156410217,4.0138675103662536e-05,0.8415144085884094,0.8974297642707825,0.06899349391460419,0.08712972700595856,0.04474087432026863,0.003338059177622199,0.01848720572888851,0.012062338180840015
201202B,2012-10-30 06:00:00,gridsat,EMBC,3,0.024154439568519592,0.038588181138038635,0.09987114369869232,0.0656394436955452,0.003708540229126811,1.7384934835718013e-05,0.5401130318641663,0.835649311542511,0.3321528434753418,0.060105662792921066
201202B,2012-10-30 11:30:00,gridsat,CRVBND,3,0.015907427296042442,0.03446592390537262,0.1177850142121315,0.322616308927536,0.006432683672755957,0.0008775045862421393,0.2575828731060028,0.15661825239658356,0.6022919416427612,0.4854220747947693
201202B,2012-10-31 12:00:00,gridsat,EMBC,3,0.02333410643041134,0.18716558814048767,0.19833500683307648,0.05576682835817337,0.006118025165051222,1.5165848708420526e-05,0.6862686276435852,0.7281322479248047,0.08594419807195663,0.028920181095600128
201203B,2012-11-17 21:30:00,gridsat,IRRCDO,4,0.013842662796378136,0.05123278498649597,0.35676172375679016,0.04785902053117752,0.051381200551986694,0.00012808041356038302,0.0197661891579628,0.12806259095668793,0.5582482218742371,0.7727174758911133
201203B,2012-11-18 09:00:00,gridsat,CRVBND,4,0.008054915815591812,0.013789902441203594,0.7357535362243652,0.8458072543144226,0.09125413745641708,0.046013135462999344,0.08121481537818909,0.06708275526762009,0.08372257649898529,0.027307026088237762
201203B,2012-11-18 15:00:00,gridsat,SHEAR,4,0.0026269652880728245,5.898838253415306e-07,0.0523674413561821,0.04650982841849327,0.9185218811035156,0.9534804821014404,0.0026738999877125025,1.8565123127700645e-06,0.023809874430298805,7.305022791115334e-06
201203B,2012-11-18 21:00:00,gridsat,SHEAR,4,0.0018576912116259336,2.268977965513841e-07,0.01675867661833763,0.002543496433645487,0.9670624136924744,0.997455894947052,0.0010132851311936975,1.4723659091941954e-07,0.013307916931807995,2.1480448708643962e-07
201203B,2012-11-19 03:00:00,gridsat,SHEAR,4,0.00206796289421618,5.50678237232205e-07,0.02165364846587181,0.002748763421550393,0.9584742784500122,0.997250497341156,0.00176112016197294,2.1114162862545527e-08,0.016043012961745262,8.580931876167597e-08
201203B,2012-11-19 09:00:00,gridsat,SHEAR,4,0.0025156198535114527,3.9385068362207676e-07,0.01854597218334675,0.0026551606133580208,0.9606860876083374,0.9973441958427429,0.0014577367110177875,6.044863454235383e-08,0.016794655472040176,1.4438265338867495e-07
201204A,2012-12-23 06:00:00,gridsat,CRVBND,2,0.022570820525288582,0.11976305395364761,0.7414184212684631,0.4118989408016205,0.0035566312726587057,0.0020231534726917744,0.013815291225910187,0.33139702677726746,0.2186388075351715,0.1349177360534668
201204A,2012-12-23 12:00:00,gridsat,CRVBND,2,0.021473979577422142,3.553891019691946e-06,0.5684940218925476,0.2609158754348755,0.34047311544418335,0.7370533347129822,0.02504434995353222,0.00021573886624537408,0.04451451823115349,0.001811549416743219
201204A,2012-12-23 18:00:00,gridsat,CRVBND,2,0.026784801855683327,6.661553470621584e-06,0.5828613638877869,0.4731878638267517,0.16675114631652832,0.48264703154563904,0.023823870345950127,0.00024258473422378302,0.19977879524230957,0.04391580447554588
201204A,2012-12-24 00:00:00,gridsat,CRVBND,2,0.0049020471051335335,3.50209629687015e-05,0.07922135293483734,0.6303540468215942,0.0072210547514259815,0.22356592118740082,0.009006584994494915,0.0008120925049297512,0.8996490240097046,0.1452329307794571
201204A,2012-12-24 06:00:00,gridsat,CRVBND,2,0.10226994007825851,3.5166888210369507e-06,0.590309739112854,0.14585749804973602,0.028785893693566322,0.8536555171012878,0.1715121567249298,7.906859536888078e-05,0.10712224245071411,0.0004044308152515441
201204A,2012-12-24 12:00:00,gridsat,SHEAR,2,0.016496555879712105,4.5298256168280204e-07,0.08573805540800095,0.011907024309039116,0.7667647004127502,0.9880877137184143,0.00661248667165637,3.853738689940656e-06,0.12438825517892838,9.205949140778102e-07
201204A,2012-12-24 18:00:00,gridsat,CRVBND,2,0.05091878026723862,8.427447755821049e-05,0.5427103638648987,0.29846516251564026,0.27812013030052185,0.6622462272644043,0.02082178369164467,0.00021857510728295892,0.10742893815040588,0.03898577392101288
201204A,2012-12-24 23:00:00,gridsat,SHEAR,2,0.07711382955312729,4.827215960290232e-08,0.12830722332000732,0.0044809686951339245,0.6938709020614624,0.9955182671546936,0.02039884217083454,5.414262318481633e-07,0.08030916750431061,1.506418385588404e-07
201301B,2013-05-10 08:30:00,gridsat,EMBC,2,0.042771562933921814,0.0774458795785904,0.7576948404312134,0.5299229621887207,0.03261479362845421,0.0001479506609030068,0.04156322777271271,0.385474294424057,0.1253555417060852,0.007008922286331654
201301B,2013-05-10 20:00:00,gridsat,IRRCDO,2,0.060290366411209106,0.0067568994127213955,0.20006237924098969,0.585794985294342,0.017550811171531677,0.0001913803134812042,0.5701746344566345,0.07146482169628143,0.15192177891731262,0.3357919156551361
201301B,2013-05-11 02:00:00,gridsat,EMBC,2,0.019441066309809685,0.023837938904762268,0.6585589647293091,0.6980109810829163,0.017232069745659828,0.00011354420712450519,0.10844097286462784,0.2252059280872345,0.19632695615291595,0.05283161625266075
201301B,2013-05-11 08:30:00,gridsat,EMBC,2,0.01674972102046013,0.18596699833869934,0.049866847693920135,0.3375960886478424,0.004378587938845158,2.8661730539170094e-05,0.8646906614303589,0.4479365348815918,0.06431423127651215,0.028471754863858223
201301B,2013-05-12 15:00:00,gridsat,IRRCDO,2,0.008886687457561493,0.0009105514618568122,0.7157016396522522,0.33188891410827637,0.003636726876720786,0.0009643285884521902,0.006023031193763018,0.01931985653936863,0.2657518982887268,0.6469163298606873
201301B,2013-05-13 03:30:00,gridsat,IRRCDO,2,0.021441027522087097,0.0003181335923727602,0.504422128200531,0.7019716501235962,0.033343274146318436,0.000838180014397949,0.016821131110191345,0.03675474971532822,0.4239724278450012,0.2601172924041748
201301B,2013-05-13 16:00:00,gridsat,CRVBND,2,0.018177887424826622,0.02293136902153492,0.5946622490882874,0.3531973958015442,0.07484560459852219,0.0005002915277145803,0.18282990157604218,0.21378766000270844,0.12948426604270935,0.40958327054977417
201301B,2013-05-14 03:00:00,gridsat,CRVBND,2,0.007622247561812401,0.0029788026586174965,0.5726264715194702,0.7257441282272339,0.27910116314888,0.006604125257581472,0.013876283541321754,0.044054847210645676,0.12677383422851562,0.22061803936958313
201301B,2013-05-14 09:00:00,gridsat,CRVBND,2,0.004527371842414141,5.88297598369536e-06,0.7839677929878235,0.5374910235404968,0.031627338379621506,0.43826842308044434,0.00660567544400692,0.0010930345160886645,0.17327183485031128,0.023141585290431976
201301B,2013-05-14 15:00:00,gridsat,IRRCDO,2,0.008839459158480167,0.0002489443577360362,0.31301483511924744,0.21077631413936615,0.020707454532384872,0.0016515067545697093,0.010084174573421478,0.004132050089538097,0.6473541259765625,0.7831912040710449
201301B,2013-05-14 21:30:00,gridsat,IRRCDO,2,0.00450128735974431,0.0004211357736494392,0.01883508637547493,0.03370162472128868,0.002046693116426468,7.595473289256915e-05,0.031156165525317192,0.004029549658298492,0.9434607625007629,0.9617717862129211
201301B,2013-05-15 08:00:00,gridsat,EMBC,2,0.005337489303201437,0.16368433833122253,0.7605185508728027,0.1820867508649826,0.003690975485369563,0.0002726058883126825,0.05076362192630768,0.5674430727958679,0.17968928813934326,0.08651325851678848
201302B,2013-10-09 08:30:00,gridsat,CRVBND,2,0.05055384710431099,0.07286743819713593,0.3454405963420868,0.2718926668167114,0.010819900780916214,0.0005362593801692128,0.15153877437114716,0.34222471714019775,0.44164690375328064,0.3124789297580719
201302B,2013-10-09 15:00:00,gridsat,IRRCDO,2,0.03170153871178627,0.16641998291015625,0.6242863535881042,0.24520014226436615,0.015074314549565315,0.0002786329132504761,0.16440576314926147,0.4383068382740021,0.16453209519386292,0.14979444444179535
201302B,2013-10-09 21:30:00,gridsat,EMBC,2,0.06104167923331261,0.1518571823835373,0.3230730891227722,0.010170304216444492,0.005957703106105328,1.0347505394747714e-06,0.4564998745918274,0.833233118057251,0.15342770516872406,0.004738339222967625
201302B,2013-10-10 02:30:00,gridsat,EMBC,2,0.12185586243867874,0.3130490183830261,0.053946513682603836,0.0628209039568901,0.010542950592935085,2.1076391931273974e-05,0.7523631453514099,0.609753429889679,0.06129155680537224,0.014355562627315521
201302B,2013-10-10 09:00:00,gridsat,EYE,2,0.9887430667877197,0.6759019494056702,0.0014368369011208415,0.02508406527340412,0.0014116627862676978,1.2321970643824898e-05,0.0007566657732240856,0.2942090928554535,0.007651664782315493,0.004792510531842709
201302B,2013-10-10 15:00:00,gridsat,EYE,2,0.9853025674819946,0.7422280311584473,0.002581477863714099,0.007049232255667448,0.0008827642886899412,1.7162549283966655e-06,0.0015613326104357839,0.2500412166118622,0.009671781212091446,0.0006797572132200003
201302B,2013-10-10 21:00:00,gridsat,EYE,2,0.9813604354858398,0.7619255781173706,0.005615491885691881,0.011043215170502663,0.0020219848956912756,3.6289059153205017e-06,0.0017648295033723116,0.2259819656610489,0.009237156249582767,0.0010456627933308482
201302B,2013-10-11 03:00:00,gridsat,EYE,2,0.6572961807250977,0.4965061843395233,0.22729937732219696,0.21660423278808594,0.006237932480871677,0.0005319709307514131,0.09808533638715744,0.2752637565135956,0.011081136763095856,0.011093816719949245
201302B,2013-10-11 09:00:00,gridsat,EYE,2,0.9854661226272583,0.5347287058830261,0.0018482547020539641,0.07412951439619064,0.002006388735026121,4.494946188060567e-05,0.0036803637631237507,0.3725660741329193,0.006998928729444742,0.01853078417479992
201302B,2013-10-11 15:00:00,gridsat,EYE,2,0.9771032333374023,0.43309271335601807,0.0020159317646175623,0.007216876372694969,0.0038638340774923563,2.9517397592826455e-07,0.0021507989149540663,0.5579586625099182,0.014866157434880733,0.0017314414726570249
201302B,2013-10-11 21:00:00,gridsat,EYE,2,0.9743221998214722,0.6996580958366394,0.002027502516284585,0.02389923855662346,0.00584116205573082,7.1063495852286e-06,0.004544687457382679,0.27335941791534424,0.013264473527669907,0.0030761591624468565
201302B,2013-10-12 03:00:00,gridsat,EYE,2,0.9793118238449097,0.6605072617530823,0.0017585516907274723,0.06479683518409729,0.0035364478826522827,0.00014324981020763516,0.0032339964527636766,0.268037885427475,0.012159161269664764,0.006514799315482378
201302B,2013-10-12 09:00:00,gridsat,EYE,2,0.9431090354919434,0.4812397360801697,0.0033019986003637314,0.08684287220239639,0.0070358808152377605,0.0002670904796104878,0.02869543619453907,0.4266550540924072,0.017857640981674194,0.004995251540094614
201303A,2013-11-09 21:00:00,gridsat,IRRCDO,0,0.007228234317153692,7.577566429972649e-05,0.011981325224041939,0.037586916238069534,0.0019819450099021196,0.0026808911934494972,0.007394166197627783,0.00042826589196920395,0.9714143872261047,0.9592280983924866
201303A,2013-11-10 09:00:00,gridsat,IRRCDO,0,0.018112948164343834,0.006421077996492386,0.3337126672267914,0.6272304058074951,0.012154683470726013,0.04858415573835373,0.022707071155309677,0.023362087085843086,0.6133126020431519,0.294402152299881
201303A,2013-11-10 14:30:00,gridsat,IRRCDO,0,0.024739520624279976,0.002241473412141204,0.17342378199100494,0.3442380726337433,0.007978414185345173,0.029712872579693794,0.011324942111968994,0.007913188077509403,0.7825333476066589,0.6158943772315979
201304B,2013-11-19 13:00:00,gridsat,EMBC,2,0.018805401399731636,0.033133622258901596,0.3552938997745514,0.45367249846458435,0.021473607048392296,0.006488485727459192,0.12123724818229675,0.11971338093280792,0.48318982124328613,0.38699203729629517
201304B,2013-11-19 19:30:00,gridsat,EMBC,2,0.09353745728731155,0.20025525987148285,0.4230468273162842,0.053021885454654694,0.014062623493373394,2.9326551157282665e-05,0.2819184362888336,0.7065439224243164,0.18743468821048737,0.04014961048960686
201304B,2013-11-20 00:30:00,gridsat,EMBC,2,0.01305905357003212,0.5427943468093872,0.885044276714325,0.07675477862358093,0.007250505965203047,0.00016003623022697866,0.049007438123226166,0.35396814346313477,0.045638807117938995,0.026322713121771812
201304B,2013-11-20 06:30:00,gridsat,IRRCDO,2,0.02421935461461544,0.19695980846881866,0.7576178908348083,0.27077019214630127,0.01860213093459606,0.0023650790099054575,0.06378625333309174,0.13580849766731262,0.1357743740081787,0.3940964639186859
201304B,2013-11-20 19:30:00,gridsat,EMBC,2,0.023462409153580666,0.4446103870868683,0.12242050468921661,0.012506718747317791,0.007020460441708565,4.604544756148243e-06,0.720450758934021,0.5286062359809875,0.12664587795734406,0.014272027648985386
201304B,2013-11-21 00:00:00,gridsat,EMBC,2,0.009977143257856369,0.3031315505504608,0.04164624586701393,0.027995474636554718,0.003364941105246544,1.178555885417154e-05,0.010037838481366634,0.4892270565032959,0.9349738955497742,0.17963407933712006
201304B,2013-11-21 18:00:00,gridsat,CRVBND,2,0.01880010776221752,0.03512676805257797,0.7235302329063416,0.23631712794303894,0.10013311356306076,0.003895377041772008,0.011742810718715191,0.02563491091132164,0.14579378068447113,0.6990258097648621
201304B,2013-11-22 00:00:00,gridsat,IRRCDO,2,0.024512426927685738,0.8029875755310059,0.08846389502286911,0.002638803096488118,0.04574969783425331,5.180794460102334e-07,0.048856671899557114,0.1677410751581192,0.7924172878265381,0.02663208544254303
201304B,2013-11-22 06:00:00,gridsat,CRVBND,2,0.010400716215372086,0.010853631421923637,0.8073949217796326,0.472734659910202,0.12166553735733032,0.012817874550819397,0.0033840793184936047,0.014752304181456566,0.05715467035770416,0.4888415038585663
201305B,2013-11-23 19:00:00,gridsat,EMBC,2,0.04955272004008293,0.40901967883110046,0.3431311249732971,0.12019862979650497,0.013330760411918163,9.651217987993732e-05,0.559341311454773,0.4289950132369995,0.034644052386283875,0.04169011116027832
201305B,2013-11-25 07:00:00,gridsat,EMBC,2,0.0061234962195158005,0.6374870538711548,0.06975521892309189,0.007579310797154903,0.009301595389842987,4.042091859446373e-06,0.8587794899940491,0.3516170382499695,0.056040193885564804,0.003312589367851615
201305B,2013-11-26 01:30:00,gridsat,EMBC,2,0.011248144321143627,0.6862216591835022,0.900193989276886,0.005765310488641262,0.015796219930052757,1.490978888796235e-06,0.009493469260632992,0.30507975816726685,0.06326819956302643,0.0029318395536392927
201305B,2013-11-26 06:00:00,gridsat,EMBC,2,0.03193560615181923,0.5369401574134827,0.3540695309638977,0.008315009996294975,0.0074235969223082066,2.0042593860125635e-06,0.4873703122138977,0.4523937702178955,0.1192009225487709,0.002349077956750989
201305B,2013-11-27 06:30:00,gridsat,EMBC,2,0.02356809936463833,0.38583889603614807,0.5986172556877136,0.036731261759996414,0.017170477658510208,1.8121152606909163e-05,0.12327203899621964,0.5697750449180603,0.23737214505672455,0.007636665366590023
201305B,2013-11-27 12:30:00,gridsat,CRVBND,2,0.004023432265967131,0.005188987124711275,0.9718528389930725,0.5975632667541504,0.008709106594324112,0.3814842402935028,0.0010877660242840648,0.01211803313344717,0.014326821081340313,0.003645512042567134
201305B,2013-11-27 18:00:00,gridsat,CRVBND,2,0.008211037144064903,0.008123186416924,0.9449400305747986,0.6769009232521057,0.01649574562907219,0.29501405358314514,0.004153154790401459,0.0054003954865038395,0.026200085878372192,0.014561460353434086
201305B,2013-11-28 00:00:00,gridsat,CRVBND,2,0.04017779976129532,0.0008532514329999685,0.24275906383991241,0.4571344554424286,0.6565102934837341,0.51911860704422,0.017280377447605133,0.001512763905338943,0.043272461742162704,0.021380901336669922
201305B,2013-11-28 06:00:00,gridsat,SHEAR,2,0.00939860474318266,4.698344491771422e-05,0.04022172465920448,0.2882242500782013,0.9196410775184631,0.7099189758300781,0.003334014443680644,0.00045382470125332475,0.02740458771586418,0.001355936168693006
201305B,2013-11-28 12:00:00,gridsat,CRVBND,2,0.026983153074979782,7.265583690241328e-08,0.11780673265457153,0.026936382055282593,0.8298642635345459,0.9730530977249146,0.009313776157796383,7.291510428331094e-06,0.016032123938202858,3.1669146665080916e-06
201306B,2013-12-06 03:00:00,gridsat,CRVBND,3,0.029586462303996086,0.10294554382562637,0.7917599678039551,0.28767284750938416,0.10165899246931076,0.0013288498157635331,0.05779591575264931,0.5034934282302856,0.019198710098862648,0.10455940663814545
201306B,2013-12-06 09:00:00,gridsat,CRVBND,3,0.03546469658613205,0.1684846729040146,0.7254656553268433,0.2739045023918152,0.1501869261264801,0.001174143748357892,0.06325994431972504,0.43149667978286743,0.0256227757781744,0.12494000047445297
201306B,2013-12-07 08:30:00,gridsat,EMBC,3,0.12249361723661423,0.6613916754722595,0.49458834528923035,0.07356933504343033,0.01055208221077919,9.461698937229812e-05,0.3259490430355072,0.24477334320545197,0.04641696438193321,0.020170988515019417
201306B,2013-12-07 14:00:00,gridsat,EMBC,3,0.14965194463729858,0.3119225800037384,0.24168314039707184,0.12716183066368103,0.019436243921518326,0.0001411795528838411,0.4764290452003479,0.5256983041763306,0.11279962956905365,0.035076141357421875
201306B,2013-12-08 02:30:00,gridsat,EMBC,3,0.09811609238386154,0.38099774718284607,0.26691532135009766,0.09499815106391907,0.019770706072449684,0.0001436753518646583,0.5172716975212097,0.47575250267982483,0.09792616218328476,0.04810800030827522
201306B,2013-12-08 09:00:00,gridsat,EMBC,3,0.04074403643608093,0.594565212726593,0.14963220059871674,0.09547144174575806,0.0046437522396445274,0.00038921908708289266,0.7093905210494995,0.295734703540802,0.09558946639299393,0.013839534483850002
201306B,2013-12-08 15:00:00,gridsat,EMBC,3,0.010270843282341957,0.0457538366317749,0.3438698649406433,0.6085361838340759,0.031185057014226913,0.0030787698924541473,0.036490049213171005,0.2984426021575928,0.578184187412262,0.04418857395648956
201306B,2013-12-08 20:00:00,gridsat,EMBC,3,0.10691183060407639,0.4577144980430603,0.06694257259368896,0.05293525755405426,0.009783017449080944,5.3423416829900816e-05,0.7834822535514832,0.45343834161758423,0.032880380749702454,0.03585843741893768
201306B,2013-12-09 14:00:00,gridsat,EMBC,3,0.01365325041115284,0.6519277095794678,0.18399249017238617,0.007008545566350222,0.00853665266185999,6.3605275499867275e-06,0.3370179831981659,0.32954028248786926,0.45679962635040283,0.01151705626398325
201306B,2013-12-10 03:00:00,gridsat,EYE,3,0.8822819590568542,0.4654904901981354,0.009071733802556992,0.016962697729468346,0.011194273829460144,1.7949194443644956e-05,0.07735367864370346,0.5046589970588684,0.020098306238651276,0.01286987029016018
201306B,2013-12-10 09:00:00,gridsat,EMBC,3,0.016502711921930313,0.7001368999481201,0.2345357984304428,0.02050403505563736,0.007811837829649448,5.0814789574360475e-05,0.0894089937210083,0.26126629114151,0.6517406105995178,0.018041908740997314
201306B,2013-12-10 15:00:00,gridsat,CRVBND,3,0.014442025683820248,0.0036907577887177467,0.07890284806489944,0.5071611404418945,0.8832879066467285,0.46363767981529236,0.0116624366492033,0.002907457994297147,0.011704793199896812,0.022602953016757965
201306B,2013-12-10 21:00:00,gridsat,SHEAR,3,0.011731586419045925,2.4405057047260925e-05,0.06516046822071075,0.05095313861966133,0.9063587188720703,0.948789119720459,0.007891006767749786,2.4150469471351244e-05,0.00885822344571352,0.0002091790665872395
201306B,2013-12-11 03:00:00,gridsat,SHEAR,3,0.016646765172481537,6.4920648583211e-05,0.0894690677523613,0.1523994505405426,0.868392288684845,0.8381310105323792,0.0117752430960536,4.880659616901539e-05,0.013716651126742363,0.009355899877846241
201306B,2013-12-11 09:00:00,gridsat,CRVBND,3,0.04087387025356293,0.005374801345169544,0.3196837604045868,0.5210834741592407,0.5840752720832825,0.3415760099887848,0.031569886952638626,0.0012521229218691587,0.023797253146767616,0.1307135671377182
201306B,2013-12-11 15:30:00,gridsat,CRVBND,3,0.03819805011153221,0.22940979897975922,0.4333569407463074,0.41682714223861694,0.4035934805870056,0.019993672147393227,0.044883932918310165,0.011339616030454636,0.07996761798858643,0.3224297761917114
201306B,2013-12-11 21:00:00,gridsat,SHEAR,3,0.012322255410254002,0.00013723198208026588,0.05727025121450424,0.03763001039624214,0.910166323184967,0.962226390838623,0.008237984962761402,3.0255669116741046e-06,0.012003155425190926,3.339505838084733e-06
201306B,2013-12-12 03:00:00,gridsat,SHEAR,3,0.03326120972633362,2.2150679797050543e-06,0.2615610659122467,0.1264222115278244,0.6678784489631653,0.8728778958320618,0.016552889719605446,7.406374606944155e-06,0.020746393129229546,0.0006902747554704547
201306B,2013-12-12 08:00:00,gridsat,IRRCDO,3,0.042342085391283035,0.18376563489437103,0.47008392214775085,0.0835782065987587,0.3970849812030792,0.0007948090205900371,0.04011283069849014,0.05458187684416771,0.05037614703178406,0.6772794723510742
201306B,2013-12-12 15:00:00,gridsat,SHEAR,3,0.02890823408961296,0.00015737376816105098,0.1776757836341858,0.24741338193416595,0.7572211623191833,0.7491801977157593,0.018258079886436462,0.0001417283492628485,0.017936790362000465,0.003107310738414526
201401B,2014-01-04 07:30:00,gridsat,CRVBND,1,0.033049777150154114,0.00017728478997014463,0.2704216539859772,0.7149598598480225,0.02352875843644142,0.17586830258369446,0.025369932875037193,0.0011258467566221952,0.6476299166679382,0.10786869376897812
201401B,2014-01-04 12:00:00,gridsat,CRVBND,1,0.06609224528074265,1.1699700735334773e-05,0.5017346739768982,0.3557280898094177,0.07181113213300705,0.6329596638679504,0.012073662132024765,4.9646561819827184e-05,0.34828826785087585,0.011250892654061317
201401B,2014-01-04 18:00:00,gridsat,CRVBND,1,0.0481535829603672,1.4116481906967238e-05,0.45338141918182373,0.3272915184497833,0.14148059487342834,0.5388063788414001,0.05762917175889015,5.439537562779151e-05,0.29935532808303833,0.13383355736732483
201401B,2014-01-05 00:00:00,gridsat,CRVBND,1,0.03616153821349144,0.003702116198837757,0.8830185532569885,0.6186836361885071,0.027194423601031303,0.3183092772960663,0.01429810095578432,0.001525431522168219,0.039327364414930344,0.057779498398303986
201401B,2014-01-05 06:00:00,gridsat,CRVBND,1,0.04230675473809242,0.00021010222553741187,0.16650189459323883,0.2128579020500183,0.6861823797225952,0.7504626512527466,0.034474339336156845,9.688321006251499e-05,0.07053463160991669,0.036372411996126175
201401B,2014-01-05 12:00:00,gridsat,CRVBND,1,0.044347792863845825,5.669791335094487e-06,0.5430198311805725,0.13640937209129333,0.25696861743927,0.860981822013855,0.01695471815764904,2.0428977222763933e-05,0.13870902359485626,0.002582704881206155
201401B,2014-01-05 18:00:00,gridsat,CRVBND,1,0.014508460648357868,0.00034795666579157114,0.021463066339492798,0.28821274638175964,0.9289307594299316,0.6924450993537903,0.013005554676055908,0.0002585550246294588,0.02209213189780712,0.018735716119408607
201401B,2014-01-06 00:00:00,gridsat,CRVBND,1,0.029181277379393578,0.12289354205131531,0.809917688369751,0.5975501537322998,0.11230409890413284,0.02200458012521267,0.024316659197211266,0.021936094388365746,0.024280300363898277,0.23561567068099976
201402A,2014-06-10 03:00:00,gridsat,IRRCDO,1,0.023465478792786598,0.0003507969086058438,0.18900379538536072,0.10618188232183456,0.043375756591558456,0.0022828762885183096,0.02107374370098114,0.0027620091568678617,0.7230811715126038,0.888422429561615
201402A,2014-06-10 20:00:00,gridsat,EMBC,1,0.014752496033906937,0.14429742097854614,0.01665543206036091,0.16821078956127167,0.013929705135524273,3.726757859112695e-05,0.9339603781700134,0.553892195224762,0.02070203609764576,0.13356232643127441
201402A,2014-06-11 03:00:00,gridsat,EMBC,1,0.6137499809265137,0.18418572843074799,0.1504344791173935,0.09041104465723038,0.03739413246512413,1.6432186384918168e-05,0.11567535996437073,0.629482626914978,0.08274606615304947,0.09590421617031097
201402A,2014-06-11 09:30:00,gridsat,EMBC,1,0.039961494505405426,0.34596192836761475,0.11268394440412521,0.006651901174336672,0.0568665936589241,1.234362230206898e-07,0.6489261984825134,0.6246136426925659,0.14156171679496765,0.02277238294482231
201402A,2014-06-12 03:30:00,gridsat,EMBC,1,0.0099259652197361,0.25581520795822144,0.0098267812281847,0.10410226136445999,0.011591007933020592,1.0079707863042131e-05,0.9416914582252502,0.5942921042442322,0.026964861899614334,0.04578037187457085
201402A,2014-06-12 15:00:00,gridsat,EMBC,1,0.016735034063458443,0.00580035662278533,0.007511138450354338,0.45624226331710815,0.013629213906824589,0.001387980068102479,0.8939335346221924,0.037591494619846344,0.06819108873605728,0.4989778995513916
201402A,2014-06-13 09:00:00,gridsat,SHEAR,1,0.019142169505357742,2.400131791091553e-07,0.025757014751434326,0.03185660392045975,0.90572589635849,0.9680995941162109,0.01714383251965046,1.8960126908496022e-06,0.03223106637597084,4.1749648516997695e-05
201402A,2014-06-13 15:00:00,gridsat,SHEAR,1,0.01292524952441454,3.062305253820341e-08,0.0021868906915187836,0.0024828629102557898,0.9634109735488892,0.9975168704986572,0.0068674879148602486,2.443001356766672e-08,0.01460946723818779,2.3871868393143814e-07
201402A,2014-06-13 21:00:00,gridsat,SHEAR,1,0.011393488384783268,2.1652127202287375e-08,0.003727697068825364,0.000904823886230588,0.9509082436561584,0.9990952014923096,0.011076430790126324,1.6052843498925995e-09,0.022894244641065598,2.5083346955057095e-08
201402A,2014-06-14 02:30:00,gridsat,SHEAR,1,0.014196785166859627,3.9735881252056515e-10,0.011187080293893814,0.0021092677488923073,0.9466762542724609,0.9978905320167542,0.007903758436441422,6.432651389332023e-08,0.02003619074821472,7.775050647751414e-08
201403B,2014-10-08 10:30:00,gridsat,EMBC,1,0.012506586499512196,0.2165893167257309,0.003244535531848669,0.034403856843709946,0.011119400151073933,4.647494733944768e-06,0.9563944935798645,0.7160043120384216,0.016735007986426353,0.03299780189990997
201403B,2014-10-09 01:30:00,gridsat,EMBC,1,0.010998857207596302,0.4820057451725006,0.002225305652245879,0.0065101999789476395,0.008060717955231667,1.2647933544940315e-07,0.9564839601516724,0.5075218677520752,0.02223126031458378,0.003962015267461538
201403B,2014-10-09 05:00:00,gridsat,EMBC,1,0.012094921432435513,0.5377964377403259,0.00378586957231164,0.004381073173135519,0.011667612940073013,1.172761727730176e-07,0.9533073306083679,0.45468321442604065,0.019144196063280106,0.0031391349621117115
201403B,2014-10-10 18:00:00,gridsat,EMBC,1,0.017827583476901054,0.6780654191970825,0.0042381626553833485,0.0015052312519401312,0.012290723621845245,1.8587911654321942e-08,0.9452940821647644,0.31976741552352905,0.020349403843283653,0.0006619314663112164
201403B,2014-10-11 06:00:00,gridsat,EYE,1,0.9685060977935791,0.4209047257900238,0.003958931192755699,0.010440608486533165,0.007497292943298817,2.6859373747356585e-07,0.006991461850702763,0.5610283613204956,0.013046171516180038,0.007626041769981384
201403B,2014-10-11 12:00:00,gridsat,EYE,1,0.9626294374465942,0.6178817749023438,0.004699075594544411,0.0045696524903178215,0.008817806839942932,1.361469941230098e-07,0.008645766414701939,0.37464025616645813,0.015207994729280472,0.002908184891566634
201403B,2014-10-11 17:00:00,gridsat,EYE,1,0.7783861756324768,0.4438171684741974,0.008687778376042843,0.0100328978151083,0.031277500092983246,2.880223348711297e-07,0.13142535090446472,0.5423972010612488,0.05022327974438667,0.0037524953950196505
201403B,2014-10-11 23:30:00,gridsat,EYE,1,0.631403923034668,0.6328138113021851,0.010728780180215836,0.006189784500747919,0.03655065596103668,1.7201946889144892e-07,0.264945387840271,0.3586883544921875,0.056371238082647324,0.0023078955709934235
201403B,2014-10-12 06:00:00,gridsat,EYE,1,0.9594568610191345,0.7861027717590332,0.00489254342392087,0.006997245829552412,0.009730787016451359,5.199781298870221e-07,0.009511128067970276,0.20397110283374786,0.01640874519944191,0.0029282658360898495
201404A,2014-10-25 18:00:00,gridsat,CRVBND,0,0.01593773066997528,0.0049507529474794865,0.8186390995979309,0.22479531168937683,0.02377583645284176,0.012259245850145817,0.009398027323186398,0.012418247759342194,0.13224925100803375,0.7455764412879944
201404A,2014-10-25 23:30:00,gridsat,CRVBND,0,0.03513043001294136,0.07134435325860977,0.2056935876607895,0.1470714658498764,0.014967131428420544,0.0006752953049726784,0.39390459656715393,0.11684934794902802,0.3503043055534363,0.6640595197677612
201404A,2014-10-26 06:00:00,gridsat,EMBC,0,0.023225517943501472,0.21861335635185242,0.0621350035071373,0.12455569952726364,0.01700431853532791,0.00034331914503127337,0.8665369749069214,0.5012771487236023,0.031098170205950737,0.15521052479743958
201404A,2014-10-26 13:30:00,gridsat,EMBC,0,0.055411968380212784,0.4497360289096832,0.3869781792163849,0.12452089041471481,0.01963666081428528,0.0005745672970078886,0.5176729559898376,0.3267650306224823,0.020300282165408134,0.09840340912342072
201404A,2014-10-26 18:00:00,gridsat,CRVBND,0,0.018854783847928047,0.02818955108523369,0.6656294465065002,0.487737774848938,0.020033178851008415,0.008136178366839886,0.27935144305229187,0.2031768560409546,0.016131138429045677,0.27275967597961426
201404A,2014-10-27 00:00:00,gridsat,EYE,0,0.9466066956520081,0.49212515354156494,0.007747212424874306,0.0939013883471489,0.012986642308533192,0.00039339682552963495,0.00812856201082468,0.3232508599758148,0.024530868977308273,0.09032921493053436
201404A,2014-10-27 05:00:00,gridsat,EYE,0,0.17007215321063995,0.23699747025966644,0.0017428428400307894,0.08272283524274826,0.011829509399831295,0.0002692723064683378,0.8102812767028809,0.5883370041847229,0.00607420364394784,0.09167337417602539
201404A,2014-10-27 12:30:00,gridsat,EMBC,0,0.004808004945516586,0.22231611609458923,0.0025837942957878113,0.13188870251178741,0.0039029221516102552,0.0008176857954822481,0.9879329800605774,0.4930228292942047,0.0007723170565441251,0.15195463597774506
201404A,2014-10-27 18:30:00,gridsat,EYE,0,0.2657940685749054,0.2634440064430237,0.0010589237790554762,0.0877755880355835,0.0071659698151052,0.00020719792519230396,0.7188715934753418,0.4991423189640045,0.007109431084245443,0.14943082630634308
201404A,2014-10-28 01:00:00,gridsat,EMBC,0,0.04316672682762146,0.231679767370224,0.05110777169466019,0.10448286682367325,0.010466582141816616,0.00036268142866902053,0.26041749119758606,0.37919482588768005,0.6348415017127991,0.28427988290786743
201404A,2014-10-28 06:00:00,gridsat,EYE,0,0.9778910875320435,0.2525113523006439,0.0008170705987140536,0.00523288594558835,0.004715143237262964,1.5042115819596802e-06,0.011262571439146996,0.7380636930465698,0.00531412847340107,0.004190586972981691
201404A,2014-10-28 12:00:00,gridsat,EYE,0,0.98544842004776,0.7699750065803528,0.0008067319868132472,0.00689714914187789,0.003786157350987196,7.151671070459997e-06,0.002981274388730526,0.2179044932126999,0.006977356970310211,0.005216254852712154
201404A,2014-10-28 18:30:00,gridsat,EMBC,0,0.0049304962158203125,0.8014053702354431,0.000411156885093078,0.0030164537020027637,0.0028152165468782187,2.1995126644469565e-06,0.991407573223114,0.19384168088436127,0.0004355487762950361,0.0017343551153317094
201404A,2014-10-29 00:00:00,gridsat,EMBC,0,0.0026620603166520596,0.8935493230819702,0.002093460178002715,0.009446995332837105,0.0020683594048023224,3.450413714745082e-05,0.9911182522773743,0.09474345296621323,0.0020578245166689157,0.0022257647942751646
201404A,2014-10-29 12:30:00,gridsat,EMBC,0,0.04706397280097008,0.6526299715042114,0.22675678133964539,0.09109862893819809,0.037915803492069244,0.0004936507320962846,0.6643115878105164,0.24774937331676483,0.023951873183250427,0.008028450421988964
201404A,2014-10-29 18:00:00,gridsat,CRVBND,0,0.055011309683322906,0.0002621450985316187,0.8899106383323669,0.5468685030937195,0.016266826540231705,0.3950927257537842,0.027956824749708176,0.0032005005050450563,0.010854365304112434,0.054576124995946884
201404A,2014-10-30 00:00:00,gridsat,IRRCDO,0,0.02740488201379776,0.02937539666891098,0.3420849144458771,0.14701610803604126,0.015876920893788338,0.001242930768057704,0.3225829005241394,0.060906652361154556,0.29205039143562317,0.7614589333534241
201404A,2014-10-30 12:00:00,gridsat,CRVBND,0,0.014772721566259861,0.03139167279005051,0.11851407587528229,0.33621540665626526,0.011214341036975384,0.006291030440479517,0.2843785285949707,0.06483598053455353,0.5711203217506409,0.5612659454345703
201404A,2014-10-30 18:00:00,gridsat,SHEAR,0,0.02730223350226879,1.6668009195086597e-08,0.7401870489120483,0.03117276169359684,0.20916493237018585,0.9688156843185425,0.0034940189216285944,9.566002745486912e-07,0.019851738587021828,1.0671988093235996e-05
201404A,2014-10-31 00:00:00,gridsat,SHEAR,0,0.00438996497541666,8.648645355435747e-09,0.017612699419260025,0.015972526744008064,0.9737265110015869,0.9840266704559326,0.0009740556124597788,3.2003472938413324e-07,0.0032967831939458847,4.914764986096998e-07
201404A,2014-10-31 05:30:00,gridsat,SHEAR,0,0.003391772974282503,5.478740128239679e-09,0.012631186284124851,0.010380013845860958,0.9798644781112671,0.9895812273025513,0.0009571603732183576,1.1381310969227343e-06,0.003155325073748827,3.7539492041105404e-05
201405B,2014-11-06 05:00:00,gridsat,EMBC,3,0.01474518422037363,0.41522812843322754,0.354756236076355,0.12659834325313568,0.016781151294708252,0.00048041940317489207,0.2817332148551941,0.32852622866630554,0.3319842517375946,0.12916675209999084
201405B,2014-11-06 12:00:00,gridsat,CRVBND,3,0.020922264084219933,3.0971699743531644e-05,0.5238313674926758,0.6449273228645325,0.21272629499435425,0.28007498383522034,0.04245735704898834,0.001052854466252029,0.20006270706653595,0.07391388714313507
201405B,2014-11-06 18:00:00,gridsat,CRVBND,3,0.024330902844667435,2.037416834355099e-06,0.5694970488548279,0.17667941749095917,0.3170492649078369,0.8219452500343323,0.02962607704102993,1.8323291442357004e-05,0.0594966746866703,0.0013550318544730544
201405B,2014-11-07 06:00:00,gridsat,CRVBND,3,0.028679294511675835,3.9344642573269084e-05,0.6064919829368591,0.5321260094642639,0.14678262174129486,0.32156234979629517,0.03736204653978348,0.0004910364514216781,0.18068401515483856,0.14578130841255188
201405B,2014-11-07 12:00:00,gridsat,CRVBND,3,0.03264192119240761,0.0015386785380542278,0.27282750606536865,0.5334473848342896,0.6469042301177979,0.4307263493537903,0.02365553006529808,0.0007079645292833447,0.023970751091837883,0.033579617738723755
201405B,2014-11-07 18:00:00,gridsat,SHEAR,3,0.026014741510152817,4.7415704784725676e-07,0.62158203125,0.04062877222895622,0.2616582214832306,0.9593695998191833,0.028019072487950325,4.6958584221101773e-07,0.06272592395544052,6.566176580236061e-07
201405B,2014-11-08 00:00:00,gridsat,SHEAR,3,0.022591212764382362,1.246594081294461e-07,0.17735131084918976,0.012596762739121914,0.7682061791419983,0.9874025583267212,0.01347968727350235,1.0304660946758304e-07,0.018371563404798508,3.7145508713365416e-07
201405B,2014-11-08 05:30:00,gridsat,SHEAR,3,0.02030584216117859,1.3495211703684618e-07,0.12536711990833282,0.006834793835878372,0.8251459002494812,0.9931648373603821,0.013060192577540874,9.894988295400253e-08,0.01612093113362789,7.744358754280256e-08
201501A,2015-06-07 09:00:00,gridsat,CRVBND,4,0.013004940003156662,0.11639400571584702,0.7922775149345398,0.7302805185317993,0.011953110806643963,0.03455567732453346,0.15115082263946533,0.10326819866895676,0.031613580882549286,0.015501664020121098
201501A,2015-06-07 15:00:00,gridsat,CRVBND,4,0.002636158373206854,3.857297087961342e-06,0.1536152958869934,0.5702753067016602,0.0044117337092757225,0.1593303680419922,0.019766004756093025,0.0004468057304620743,0.819570779800415,0.2699437141418457
201501A,2015-06-07 21:00:00,gridsat,IRRCDO,4,0.008565166965126991,2.533610131649766e-05,0.5529064536094666,0.22983938455581665,0.015045659616589546,0.0011506935115903616,0.17352545261383057,0.007221907377243042,0.24995727837085724,0.7617626786231995
201501A,2015-06-08 03:00:00,gridsat,EMBC,4,0.002045548055320978,0.002584346802905202,0.095871202647686,0.12700806558132172,0.004107317887246609,4.6775905502727255e-05,0.05713256821036339,0.3236134350299835,0.8408434391021729,0.5467473864555359
201501A,2015-06-08 21:00:00,gridsat,IRRCDO,4,0.012237736955285072,6.726821447955444e-05,0.4056982696056366,0.09067836403846741,0.008213233202695847,0.0013376548886299133,0.06947679817676544,0.009735560044646263,0.5043739676475525,0.8981812000274658
201501A,2015-06-09 03:00:00,gridsat,IRRCDO,4,0.0021336167119443417,0.00016434026474598795,0.06408993154764175,0.047059256583452225,0.0006195731111802161,0.00026404220261611044,0.08283867686986923,0.00973079726099968,0.8503181338310242,0.9427815079689026
201501A,2015-06-09 15:00:00,gridsat,CRVBND,4,0.005032957531511784,0.018049001693725586,0.8814317584037781,0.6844308972358704,0.011555634438991547,0.014036392793059349,0.0771665945649147,0.11325071007013321,0.02481309324502945,0.17023302614688873
201501A,2015-06-09 21:00:00,gridsat,IRRCDO,4,0.005042647942900658,0.0008295357692986727,0.1677130162715912,0.13131675124168396,0.009084517136216164,0.0008873677579686046,0.5833702683448792,0.027512462809681892,0.23478953540325165,0.8394538760185242
201501A,2015-06-10 03:00:00,gridsat,EMBC,4,0.0070330011658370495,0.38237065076828003,0.05482256039977074,0.018357383087277412,0.009470329619944096,1.1965707926719915e-05,0.9110672473907471,0.5749021172523499,0.017606833949685097,0.024357886984944344
201501A,2015-06-10 21:00:00,gridsat,SHEAR,4,0.010189058259129524,2.214738060501986e-06,0.3211584985256195,0.2995876371860504,0.6149466633796692,0.6830366253852844,0.01947515644133091,5.345751196728088e-05,0.03423059359192848,0.01731998100876808
201501A,2015-06-11 03:00:00,gridsat,CRVBND,4,0.006721618585288525,0.006238053552806377,0.6190332770347595,0.15644459426403046,0.011247728951275349,0.0003502136969473213,0.26406368613243103,0.07660017162561417,0.09893370419740677,0.7603669762611389
201501A,2015-06-11 09:00:00,gridsat,EMBC,4,0.00999260600656271,0.36913520097732544,0.24351048469543457,0.09518187493085861,0.015858694911003113,0.00020931041217409074,0.6992495059967041,0.5254729986190796,0.03138868883252144,0.010000590234994888
201501A,2015-06-11 15:00:00,gridsat,CRVBND,4,0.0064768362790346146,0.39130353927612305,0.9239708185195923,0.42842531204223633,0.02296721376478672,0.028802277520298958,0.03070976212620735,0.11931908875703812,0.015875373035669327,0.032149769365787506
201501A,2015-06-11 21:00:00,gridsat,CRVBND,4,0.015096772462129593,0.004088052082806826,0.7900342345237732,0.6385021209716797,0.10932863503694534,0.23527905344963074,0.02026827074587345,0.005658587906509638,0.06527208536863327,0.11647212505340576
201502B,2015-07-29 01:00:00,gridsat,CRVBND,3,0.11610866338014603,0.0009805590379983187,0.7298241257667542,0.8571524620056152,0.009817869402468204,0.1254415661096573,0.12425217777490616,0.005565444938838482,0.019997194409370422,0.010860064066946507
201502B,2015-07-29 06:00:00,gridsat,CRVBND,3,0.023669201880693436,0.000390986300772056,0.8713647723197937,0.8251199722290039,0.014659455046057701,0.1315082162618637,0.03154635801911354,0.0028352425433695316,0.05876018851995468,0.040145546197891235
201502B,2015-07-29 12:00:00,gridsat,CRVBND,3,0.021114423871040344,0.09087579697370529,0.8594649434089661,0.7675336599349976,0.037807710468769073,0.0016048168763518333,0.04440964385867119,0.06513933092355728,0.0372033528983593,0.07484643906354904
201502B,2015-07-29 18:00:00,gridsat,CRVBND,3,0.010497086681425571,0.011003367602825165,0.9200387597084045,0.9287094473838806,0.009781272150576115,0.007291269488632679,0.013018496334552765,0.02111530490219593,0.04666445031762123,0.031880561262369156
201502B,2015-07-30 00:00:00,gridsat,CRVBND,3,0.027702340856194496,0.00014841831580270082,0.7757881879806519,0.883513867855072,0.03035399317741394,0.07748754322528839,0.08651555329561234,0.0013376208953559399,0.07963990420103073,0.03751259297132492
201502B,2015-07-30 06:00:00,gridsat,CRVBND,3,0.037884779274463654,0.07213401049375534,0.8215439915657043,0.7159275412559509,0.02936296910047531,0.006247775629162788,0.04900951683521271,0.13000953197479248,0.062198687344789505,0.0756811574101448
201503A,2015-10-09 21:00:00,gridsat,CRVBND,2,0.005867430008947849,0.00022844797058496624,0.9553936123847961,0.14279566705226898,0.007764998357743025,0.005416328553110361,0.0005841403617523611,0.0005713100545108318,0.030389878898859024,0.8509882092475891
201503A,2015-10-10 03:30:00,gridsat,IRRCDO,2,0.007730392273515463,0.007499914616346359,0.7849299311637878,0.3799038827419281,0.015056811273097992,0.0022765786852687597,0.010408047586679459,0.026542583480477333,0.1818748414516449,0.5837770700454712
201503A,2015-10-10 09:00:00,gridsat,CRVBND,2,0.01753951795399189,0.0011998784029856324,0.3440134525299072,0.8249107599258423,0.5556735396385193,0.14479047060012817,0.0104634715244174,0.015467643737792969,0.07231006026268005,0.013631264679133892
201503A,2015-10-10 15:00:00,gridsat,CRVBND,2,0.04174520820379257,0.0020107757300138474,0.352148175239563,0.6342560052871704,0.47777003049850464,0.34045103192329407,0.024085666984319687,0.0035332797560840845,0.10425093024969101,0.0197488721460104
201503A,2015-10-10 21:00:00,gridsat,CRVBND,2,0.03981602564454079,5.789217539131641e-06,0.03850731626152992,0.07947872579097748,0.8876088857650757,0.9203191995620728,0.007353880908340216,4.691044523497112e-05,0.026713823899626732,0.00014936886145733297
201503A,2015-10-11 03:00:00,gridsat,CRVBND,2,0.031993936747312546,1.726506343402434e-05,0.3296692669391632,0.3137109577655792,0.578827977180481,0.6248935461044312,0.009803530760109425,6.728236621711403e-05,0.049705274403095245,0.061310939490795135
201503A,2015-10-11 09:00:00,gridsat,CRVBND,2,0.007405374199151993,0.0006613633595407009,0.5299844741821289,0.5410822629928589,0.09707729518413544,0.020258815959095955,0.007350495550781488,0.0027374543715268373,0.3581823706626892,0.435260146856308
201503A,2015-10-11 15:00:00,gridsat,CRVBND,2,0.04094439744949341,0.0003805507440119982,0.11298663914203644,0.4776975214481354,0.7595740556716919,0.5116376876831055,0.015769965946674347,0.004377775359898806,0.07072500884532928,0.005906450096517801
201503A,2015-10-11 21:00:00,gridsat,CRVBND,2,0.03665749728679657,0.0005333381704986095,0.3496171236038208,0.39264431595802307,0.5817425847053528,0.12941060960292816,0.010281726717948914,0.0004295554826967418,0.02170100249350071,0.4769822061061859
201504A,2015-10-28 20:30:00,gridsat,EMBC,2,0.1991226226091385,0.20694726705551147,0.08961021155118942,0.36892250180244446,0.017151162028312683,0.0016618199879303575,0.5455359220504761,0.35216447710990906,0.14858001470565796,0.07030393183231354
201504A,2015-10-29 03:00:00,gridsat,CRVBND,2,0.044533561915159225,0.12919016182422638,0.9295817613601685,0.664556086063385,0.0028003461193293333,0.019142774865031242,0.0037026451900601387,0.11784128844738007,0.01938168704509735,0.06926963478326797
201504A,2015-10-29 09:00:00,gridsat,EMBC,2,0.06457331776618958,0.3675086796283722,0.35587218403816223,0.15554820001125336,0.020244935527443886,0.0005721051129512489,0.4993131160736084,0.3391117751598358,0.05999648943543434,0.13725930452346802
201504A,2015-10-29 15:00:00,gridsat,EYE,2,0.9651583433151245,0.5515480041503906,0.00356133165769279,0.06146015226840973,0.006091090850532055,8.840345253702253e-05,0.0021452398505061865,0.3455202579498291,0.023044073954224586,0.041383203119039536
201504A,2015-10-29 21:30:00,gridsat,EMBC,2,0.018254881724715233,0.35786768794059753,0.0228586383163929,0.012758355587720871,0.0035185744054615498,2.7741559733840404e-06,0.9322739243507385,0.6015093326568604,0.02309403195977211,0.027861827984452248
201504A,2015-10-30 03:00:00,gridsat,EYE,2,0.9410026669502258,0.6492160558700562,0.007705708034336567,0.016201993450522423,0.01184931118041277,8.265757060144097e-06,0.004123406484723091,0.32750794291496277,0.035318877547979355,0.007065696641802788
201504A,2015-10-30 15:00:00,gridsat,EYE,2,0.9649228453636169,0.7470083832740784,0.0039749545976519585,0.030554702505469322,0.008955712430179119,6.746275903424248e-05,0.0033853985369205475,0.2143801599740982,0.018761062994599342,0.007989306934177876
201504A,2015-10-31 03:00:00,gridsat,EYE,2,0.9534524083137512,0.5538811683654785,0.003270823275670409,0.03588142618536949,0.010553278028964996,3.143279900541529e-05,0.004012115299701691,0.4042823016643524,0.028711369261145592,0.0059236567467451096
201504A,2015-10-31 09:00:00,gridsat,EYE,2,0.9430967569351196,0.7819446325302124,0.006507621146738529,0.031238852068781853,0.012993849813938141,8.734725997783244e-05,0.003240973921492696,0.18234676122665405,0.03416083753108978,0.004382389131933451
201504A,2015-10-31 15:00:00,gridsat,EYE,2,0.9574875831604004,0.7998617887496948,0.0038644252344965935,0.015893487259745598,0.010790551081299782,3.10024552163668e-05,0.0052904593758285046,0.18110570311546326,0.02256687358021736,0.003108083503320813
201504A,2015-10-31 21:00:00,gridsat,EYE,2,0.9601239562034607,0.7743505835533142,0.003310687141492963,0.01717173494398594,0.01145955640822649,2.579208194219973e-05,0.00489554600790143,0.20505283772945404,0.020210275426506996,0.003399039851501584
201504A,2015-11-01 04:00:00,gridsat,EYE,2,0.9220917224884033,0.6332294940948486,0.003705243580043316,0.013552457094192505,0.022759756073355675,1.7513049897388555e-05,0.01832238957285881,0.35111433267593384,0.03312088921666145,0.0020862361416220665
201504A,2015-11-01 09:00:00,gridsat,EYE,2,0.9642547965049744,0.8204359412193298,0.0023101530969142914,0.02214510552585125,0.00726334610953927,9.399330156156793e-05,0.002282284200191498,0.15514935553073883,0.02388942241668701,0.0021756549831479788
201504A,2015-11-01 15:00:00,gridsat,EYE,2,0.9362231492996216,0.8534879684448242,0.0030772285535931587,0.029856575652956963,0.007766382303088903,0.0001408161042490974,0.003484903834760189,0.11268756538629532,0.04944834113121033,0.003827070351690054
201504A,2015-11-01 21:00:00,gridsat,EYE,2,0.9409496784210205,0.7614255547523499,0.0028619326185435057,0.054728470742702484,0.008334184996783733,0.00012655694445129484,0.0016856532311066985,0.15965096652507782,0.0461684912443161,0.024068478494882584
201504A,2015-11-02 03:00:00,gridsat,EYE,2,0.9437713623046875,0.7057828903198242,0.005339625757187605,0.13403978943824768,0.010695100761950016,0.0008168970234692097,0.002947082743048668,0.1504381150007248,0.03724678233265877,0.00892228726297617
201504A,2015-11-02 09:00:00,gridsat,EYE,2,0.9633393883705139,0.4663219153881073,0.00251310458406806,0.35100680589675903,0.00837726704776287,0.018375743180513382,0.002479687798768282,0.14657914638519287,0.023290563374757767,0.017716430127620697
201504A,2015-11-02 15:00:00,gridsat,EYE,2,0.9547244310379028,0.6445493698120117,0.003097692271694541,0.1256336122751236,0.00864658784121275,0.0012640085769817233,0.0007391460821963847,0.20778338611125946,0.03279206156730652,0.020769590511918068
201504A,2015-11-03 03:30:00,gridsat,CRVBND,2,0.009176983498036861,0.0013225272996351123,0.6793847680091858,0.5640617609024048,0.010890870355069637,0.42199331521987915,0.06654608994722366,0.0038858228363096714,0.2340012490749359,0.008736588060855865
201505A,2015-11-05 08:00:00,gridsat,CRVBND,0,0.0445171557366848,0.15411953628063202,0.6270000338554382,0.36013469099998474,0.012639573775231838,0.0036521772854030132,0.0940939262509346,0.19709166884422302,0.22174929082393646,0.2850019335746765
201505A,2015-11-05 14:30:00,gridsat,CRVBND,0,0.06778568774461746,0.46557819843292236,0.3172474503517151,0.17900881171226501,0.013576987199485302,0.0011981548741459846,0.41819947957992554,0.23688602447509766,0.18319043517112732,0.11732875555753708
201505A,2015-11-06 09:00:00,gridsat,CRVBND,0,0.030047519132494926,0.4828207492828369,0.062621109187603,0.13108178973197937,0.006613875273615122,0.0007890149718150496,0.17135442793369293,0.27789488434791565,0.7293631434440613,0.10741354525089264
201505A,2015-11-06 15:00:00,gridsat,CRVBND,0,0.02727481909096241,0.16117756068706512,0.8824958205223083,0.6929287314414978,0.004905387293547392,0.04045660048723221,0.03501931205391884,0.05554916337132454,0.05030461773276329,0.049888040870428085
201505A,2015-11-07 09:00:00,gridsat,EMBC,0,0.26843222975730896,0.6837624907493591,0.0011264588683843613,0.018379967659711838,0.009428306482732296,3.625320459832437e-05,0.7150296568870544,0.2815093994140625,0.005983333103358746,0.01631184294819832
201505A,2015-11-07 21:00:00,gridsat,EYE,0,0.5993742346763611,0.5370444655418396,0.024593856185674667,0.01681053824722767,0.009911598637700081,7.689674384891987e-05,0.33957695960998535,0.21344763040542603,0.02654336206614971,0.2326204776763916
201505A,2015-11-08 03:00:00,gridsat,EYE,0,0.8759335279464722,0.6475383639335632,0.0008657140424475074,0.0011039578821510077,0.00708337826654315,2.065312969534716e-07,0.10398590564727783,0.346556693315506,0.012131472118198872,0.004800733178853989
201505A,2015-11-08 08:00:00,gridsat,EYE,0,0.06623726338148117,0.6434024572372437,0.0007664570002816617,0.0446774885058403,0.0031866056378930807,0.00017464306438341737,0.926845908164978,0.10533176362514496,0.0029637222178280354,0.2064136564731598
201505A,2015-11-09 03:30:00,gridsat,EMBC,0,0.005002822261303663,0.5001659393310547,0.003718764055520296,0.02352178655564785,0.009893919341266155,2.1352461772039533e-05,0.9786264896392822,0.4649577736854553,0.0027579928282648325,0.011333184316754341
201505A,2015-11-09 09:00:00,gridsat,IRRCDO,0,0.02152787707746029,0.285152792930603,0.8018671274185181,0.24904508888721466,0.035868506878614426,0.007779376581311226,0.009892808273434639,0.049050554633140564,0.13084368407726288,0.40897223353385925
201505A,2015-11-09 15:00:00,gridsat,CRVBND,0,0.03744152933359146,0.06647683680057526,0.6832112669944763,0.6649354100227356,0.022100025787949562,0.06129122152924538,0.019421711564064026,0.14911344647407532,0.2378254234790802,0.05818311497569084
201505A,2015-11-09 21:00:00,gridsat,SHEAR,0,0.024433167651295662,0.0005819031503051519,0.5542749762535095,0.46229374408721924,0.3645758628845215,0.5268132090568542,0.009403041563928127,0.004390927962958813,0.047312989830970764,0.005920258350670338
201601B,2016-05-19 15:00:00,gridsat,IRRCDO,4,0.011059760116040707,0.00987094733864069,0.11527476459741592,0.6574127078056335,0.8498449325561523,0.029502086341381073,0.005798971746116877,0.05263033136725426,0.018021492287516594,0.25058382749557495
201601B,2016-05-19 21:00:00,gridsat,CRVBND,4,0.018934717401862144,0.000958927848841995,0.6597283482551575,0.22492656111717224,0.21786139905452728,0.002559082815423608,0.03406248241662979,0.03110472857952118,0.06941307336091995,0.7404506802558899
201601B,2016-05-20 10:00:00,gridsat,EMBC,4,0.011797080747783184,0.5932436585426331,0.4126330018043518,0.007571755442768335,0.005996439140290022,3.0832172797090607e-06,0.5214827656745911,0.39517444372177124,0.048090677708387375,0.004006990231573582
201601B,2016-05-20 15:00:00,gridsat,CRVBND,4,0.007842392660677433,0.0035356832668185234,0.9286659359931946,0.8375290632247925,0.01785300299525261,0.024783072993159294,0.030537528917193413,0.07149071246385574,0.015101159922778606,0.06266143918037415
201602A,2016-06-27 09:00:00,gridsat,CRVBND,0,0.03440772369503975,0.02142053283751011,0.15195728838443756,0.4128524959087372,0.015702983364462852,0.007009900640696287,0.17004550993442535,0.4449509084224701,0.6278864145278931,0.11376616358757019
201602A,2016-06-27 15:00:00,gridsat,IRRCDO,0,0.01995006762444973,2.817329550452996e-05,0.8541340827941895,0.5350708365440369,0.00608596857637167,0.40099793672561646,0.018936926499009132,0.0006672823219560087,0.10089293122291565,0.06323576718568802
201602A,2016-06-28 03:00:00,gridsat,CRVBND,0,0.024447640404105186,1.016874193737749e-06,0.7219600081443787,0.1785813271999359,0.11081996560096741,0.8167776465415955,0.0055972253903746605,6.714977644151077e-05,0.13717517256736755,0.00457273842766881
201602A,2016-06-28 09:00:00,gridsat,CRVBND,0,0.017804164439439774,6.214375753188506e-05,0.8481817245483398,0.41212546825408936,0.03701848164200783,0.568483829498291,0.004415703006088734,0.0005530660273507237,0.0925799310207367,0.018775466829538345
201602A,2016-06-28 15:00:00,gridsat,SHEAR,0,0.009401608258485794,1.3578901891797557e-10,0.10548342019319534,0.007179141044616699,0.8690448999404907,0.9928203225135803,0.0023896796628832817,3.01958635873234e-08,0.013680433854460716,4.213598572277988e-07
201602A,2016-06-28 21:00:00,gridsat,SHEAR,0,0.02732473611831665,3.840738838079005e-11,0.6188812255859375,0.015661753714084625,0.19884468615055084,0.9843364953994751,0.009836984798312187,1.1039404625989846e-06,0.14511236548423767,6.915684025443625e-07
201603B,2016-10-25 04:30:00,gridsat,EMBC,3,0.015915168449282646,0.13200582563877106,0.15219804644584656,0.017998693510890007,0.007025222294032574,6.024584308761405e-06,0.6183882355690002,0.8081080317497253,0.20647330582141876,0.04188144952058792
201603B,2016-10-25 11:30:00,gridsat,EMBC,3,0.037474311888217926,0.4426601529121399,0.09063470363616943,0.03326721861958504,0.0063536386005580425,3.1809839128982276e-05,0.7791619300842285,0.5154106616973877,0.08637535572052002,0.008630194701254368
201603B,2016-10-25 17:30:00,gridsat,IRRCDO,3,0.011474888771772385,0.0006020365399308503,0.08850295841693878,0.5557551383972168,0.015092422254383564,0.01943705976009369,0.394964337348938,0.007161810994148254,0.48996543884277344,0.4170439839363098
201603B,2016-10-26 12:00:00,gridsat,CRVBND,3,0.01308783795684576,0.4275200068950653,0.5112897753715515,0.31285297870635986,0.003189803333953023,0.004116353113204241,0.16486242413520813,0.1715085208415985,0.3075701594352722,0.08400211483240128
201603B,2016-10-26 18:00:00,gridsat,CRVBND,3,0.02321900613605976,0.01636335253715515,0.1996697336435318,0.6888043284416199,0.7441105246543884,0.18762513995170593,0.015072671696543694,0.028164761140942574,0.017928078770637512,0.0790424570441246
201603B,2016-10-27 00:00:00,gridsat,IRRCDO,3,0.038841694593429565,0.00125901831779629,0.4497280716896057,0.02695591188967228,0.2747848927974701,0.005933930166065693,0.030566614121198654,0.00016956367471721023,0.2060786783695221,0.9656815528869629
201603B,2016-10-27 04:30:00,gridsat,CRVBND,3,0.029875488951802254,0.0006779365940019488,0.5075939893722534,0.7630730867385864,0.2705671489238739,0.04981401562690735,0.054118163883686066,0.00518030533567071,0.1378452628850937,0.18125468492507935
201604B,2016-11-30 03:30:00,gridsat,IRRCDO,2,0.00916456338018179,0.02055273950099945,0.6779220104217529,0.31991899013519287,0.013951040804386139,0.0013023364590480924,0.02699408121407032,0.15939082205295563,0.2719683051109314,0.49883517622947693
201604B,2016-11-30 09:00:00,gridsat,CRVBND,2,0.008928823284804821,0.0002867038710974157,0.9240485429763794,0.7361505031585693,0.009872373193502426,0.23496942222118378,0.006405102554708719,0.0048418184742331505,0.05074513331055641,0.02375153638422489
201604B,2016-11-30 15:00:00,gridsat,CRVBND,2,0.014434031210839748,0.0003315417270641774,0.6467520594596863,0.7595691680908203,0.24325715005397797,0.12594760954380035,0.004542442969977856,0.01789635233581066,0.09101436287164688,0.09625525772571564
201604B,2016-11-30 21:00:00,gridsat,SHEAR,2,0.029367441311478615,7.353469754889375e-06,0.8836890459060669,0.256161630153656,0.03177401050925255,0.7412158846855164,0.004069138318300247,0.000403981568524614,0.05110037326812744,0.0022111129947006702
201604B,2016-12-01 03:00:00,gridsat,SHEAR,2,0.01682296209037304,2.121470743077225e-06,0.3078128695487976,0.058970872312784195,0.599147617816925,0.9409652948379517,0.005199515726417303,2.6020641598734073e-05,0.07101708650588989,3.567511521396227e-05
201604B,2016-12-01 09:00:00,gridsat,SHEAR,2,0.009485829621553421,3.2782452308310894e-07,0.07214605808258057,0.007475953083485365,0.8576993942260742,0.9925157427787781,0.0029066111892461777,6.1248629208421335e-06,0.057762157171964645,1.7373963601130527e-06
201604B,2016-12-01 15:00:00,gridsat,SHEAR,2,0.007483828812837601,3.706524012159207e-07,0.019542433321475983,0.006992285139858723,0.9595654010772705,0.99299556016922,0.002866081427782774,1.0415880751679651e-05,0.0105423079803586,1.460448288526095e-06
201604B,2016-12-01 21:00:00,gridsat,SHEAR,2,0.02645263634622097,5.76741115310142e-07,0.1276579052209854,0.010452011600136757,0.7970160245895386,0.989531397819519,0.0056579504162073135,1.4511077097267844e-05,0.04321543499827385,1.5571699805150274e-06
201605B,2016-12-07 15:00:00,gridsat,CRVBND,4,0.007022731006145477,0.5588977932929993,0.6997280716896057,0.04467543214559555,0.008492530323565006,0.0001792755356291309,0.26241955161094666,0.35517022013664246,0.022337153553962708,0.04107724502682686
201605B,2016-12-07 20:30:00,gridsat,IRRCDO,4,0.005182230845093727,0.2702231705188751,0.032812122255563736,0.0556832030415535,0.0015207829419523478,0.00010078374907607213,0.8316642642021179,0.3088003396987915,0.128820538520813,0.3651925325393677
201605B,2016-12-08 03:30:00,gridsat,CRVBND,4,0.006663336418569088,0.3919048011302948,0.8872307538986206,0.21330611407756805,0.00383428274653852,0.001894617103971541,0.08655969798564911,0.3057042956352234,0.01571199670433998,0.0871901735663414
201605B,2016-12-08 09:00:00,gridsat,CRVBND,4,0.01723717525601387,0.0022814644034951925,0.7531447410583496,0.693556547164917,0.14501596987247467,0.281148225069046,0.03877895697951317,0.0031186046544462442,0.04582320153713226,0.01989520713686943
201605B,2016-12-08 15:00:00,gridsat,CRVBND,4,0.031420547515153885,8.343851732206531e-06,0.45567557215690613,0.07046855986118317,0.01938793621957302,0.0036353496834635735,0.049127284437417984,0.0007273827213793993,0.44438865780830383,0.9251604080200195
201605B,2016-12-08 20:30:00,gridsat,IRRCDO,4,0.007185633294284344,0.0002150230429833755,0.06281840801239014,0.039325445890426636,0.003808612935245037,9.269094152841717e-05,0.7405987977981567,0.011632046662271023,0.1855885088443756,0.9487348198890686
201605B,2016-12-09 09:00:00,gridsat,IRRCDO,4,0.007995362393558025,0.0016068307450041175,0.241563081741333,0.16143803298473358,0.007666659075766802,0.002101748716086149,0.09032013267278671,0.027064107358455658,0.6524548530578613,0.8077892661094666
201605B,2016-12-10 02:30:00,gridsat,EMBC,4,0.0055216532200574875,0.7192829847335815,0.18458932638168335,0.003093255218118429,0.002723892219364643,2.2430640456150286e-06,0.7876231670379639,0.27631106972694397,0.019541967660188675,0.001310426276177168
201605B,2016-12-10 15:00:00,gridsat,EMBC,4,0.010611512698233128,0.25880104303359985,0.033075667917728424,0.006284437607973814,0.003239657264202833,2.011224978559767e-06,0.9392743110656738,0.7150586843490601,0.013798835687339306,0.019853763282299042
201605B,2016-12-10 21:00:00,gridsat,EMBC,4,0.010236378759145737,0.1647220402956009,0.2773372232913971,0.07488439232110977,0.0013670800253748894,0.00012760129175148904,0.5681962966918945,0.6954322457313538,0.14286310970783234,0.06483376771211624
201605B,2016-12-11 21:00:00,gridsat,EYE,4,0.011873866431415081,0.4364962577819824,0.018166493624448776,0.0058364467695355415,0.0037916891742497683,2.2083581825427245e-06,0.9570609927177429,0.5447518229484558,0.009106944315135479,0.012913276441395283
201605B,2016-12-12 04:00:00,gridsat,EYE,4,0.006870604120194912,0.7329181432723999,0.05843166261911392,0.003656890708953142,0.0037209121510386467,3.4741731269605225e-06,0.1329330950975418,0.24817360937595367,0.7980437278747559,0.01524780597537756
201701B,2017-04-15 21:10:00,gridsat,IRRCDO,3,0.02207808755338192,0.04513800889253616,0.8253575563430786,0.4625973105430603,0.0910618007183075,0.010022753849625587,0.025274431332945824,0.12985928356647491,0.03622816875576973,0.35238268971443176
201701B,2017-04-16 03:00:00,gridsat,IRRCDO,3,0.026774665340781212,0.2608341872692108,0.7026849389076233,0.4476105272769928,0.2032519280910492,0.016176892444491386,0.03763821721076965,0.08512575924396515,0.029650162905454636,0.1902526319026947
201701B,2017-04-16 09:10:00,gridsat,IRRCDO,3,0.025425584986805916,0.309194952249527,0.2711004912853241,0.07745654881000519,0.6411470174789429,0.00053161516552791,0.03835887834429741,0.5807316899299622,0.02396802231669426,0.03208521753549576
201701B,2017-04-16 15:40:00,gridsat,IRRCDO,3,0.021292299032211304,0.11377204954624176,0.3113960921764374,0.2636948525905609,0.6099361777305603,0.006555741652846336,0.023741723969578743,0.26074254512786865,0.03363373503088951,0.3552348017692566
201702B,2017-05-28 07:00:00,gridsat,EMBC,2,0.03423667699098587,0.34123852849006653,0.49472513794898987,0.007406479679048061,0.0196259543299675,8.37070288639552e-08,0.022390564903616905,0.6508026123046875,0.4290216565132141,0.0005523026338778436
201702B,2017-05-28 12:10:00,gridsat,IRRCDO,2,0.05043686553835869,0.004733048379421234,0.47646671533584595,0.7622085213661194,0.0304137971252203,0.0008381895604543388,0.31440895795822144,0.021994788199663162,0.128273606300354,0.21022549271583557
201702B,2017-05-28 18:10:00,gridsat,IRRCDO,2,0.018703123554587364,0.00597345782443881,0.7896395921707153,0.6107712388038635,0.06891757249832153,4.639629696612246e-05,0.05874400585889816,0.32098817825317383,0.06399576365947723,0.062220703810453415
201702B,2017-05-29 00:10:00,gridsat,IRRCDO,2,0.02458389475941658,0.05054225027561188,0.8807230591773987,0.6116108298301697,0.009551381692290306,0.0004806586657650769,0.06227346509695053,0.322638601064682,0.022868219763040543,0.014727594330906868
201702B,2017-05-29 13:10:00,gridsat,IRRCDO,2,0.08128033578395844,0.007205932401120663,0.22941891849040985,0.75550377368927,0.044353652745485306,0.0008476505754515529,0.5965049266815186,0.12556219100952148,0.048442162573337555,0.11088041961193085
201702B,2017-05-29 22:40:00,gridsat,EYE,2,0.3930870294570923,0.6318293213844299,0.005249804351478815,0.07135134190320969,0.01103265956044197,3.2228479540208355e-05,0.571372926235199,0.24533045291900635,0.019257528707385063,0.051456715911626816
201703B,2017-11-30 03:00:00,gridsat,EMBC,3,0.15634417533874512,0.21094346046447754,0.13447757065296173,0.012980063445866108,0.006467123981565237,6.657389349129517e-06,0.6868931651115417,0.7672053575515747,0.01581793650984764,0.00886448659002781
201703A,2017-11-30 08:30:00,gridsat,EMBC,1,0.1010134294629097,0.28116464614868164,0.017629144713282585,0.020848941057920456,0.016973773017525673,2.592157215985935e-06,0.8337293863296509,0.6692585349082947,0.030654331669211388,0.028725290670990944
201703B,2017-11-30 14:30:00,gridsat,EYE,3,0.014978669583797455,0.14885570108890533,0.05803658068180084,0.00701076490804553,0.0020901388488709927,1.2438430303518544e-06,0.3021653890609741,0.8293071985244751,0.6227292418479919,0.01482516061514616
201703B,2017-11-30 21:00:00,gridsat,EMBC,3,0.019315237179398537,0.18016210198402405,0.15575575828552246,0.011979581788182259,0.007677778601646423,3.902959178958554e-06,0.5380531549453735,0.8031111359596252,0.27919813990592957,0.004743301775306463
201703B,2017-12-01 03:00:00,gridsat,EYE,3,0.030581720173358917,0.058263134211301804,0.5959092974662781,0.009881456382572651,0.014067066833376884,2.3634108856640523e-06,0.2117806226015091,0.9144956469535828,0.14766129851341248,0.017357399687170982
201703B,2017-12-01 09:30:00,gridsat,EMBC,3,0.01395208016037941,0.15024776756763458,0.29345935583114624,0.10738040506839752,0.006287906784564257,8.668639202369377e-05,0.39580294489860535,0.7032938003540039,0.290497750043869,0.03899136185646057
201703B,2017-12-01 15:30:00,gridsat,EYE,3,0.03970213606953621,0.16385260224342346,0.0831463485956192,0.08118277043104172,0.004444056656211615,0.00010985421249642968,0.7966641783714294,0.6919293403625488,0.07604331523180008,0.06292542815208435
201703B,2017-12-01 22:00:00,gridsat,EYE,3,0.05925341323018074,0.07005071640014648,0.027417534962296486,0.025322601199150085,0.004074925556778908,1.263857393496437e-05,0.880910336971283,0.8350303769111633,0.028343740850687027,0.06958365440368652
201703B,2017-12-02 03:00:00,gridsat,EYE,3,0.28108832240104675,0.1206674724817276,0.029327940195798874,0.024949392303824425,0.007245651911944151,2.3289943783311173e-05,0.6658074259757996,0.7785722017288208,0.01653064601123333,0.07578764855861664
201703B,2017-12-02 09:00:00,gridsat,EYE,3,0.32316961884498596,0.13456974923610687,0.056999411433935165,0.019424207508563995,0.008384027518332005,2.2376731067197397e-05,0.5777271389961243,0.7443256974220276,0.03371982276439667,0.10165798664093018
201703B,2017-12-03 04:00:00,gridsat,IRRCDO,3,0.007465463597327471,0.2748890817165375,0.05496300011873245,0.14194998145103455,0.006261492148041725,0.0004078874480910599,0.6459496021270752,0.4672703742980957,0.2853604555130005,0.11548259854316711
201703B,2017-12-03 14:30:00,gridsat,EMBC,3,0.014074341394007206,0.2738437056541443,0.06400389224290848,0.002157500945031643,0.006653740536421537,4.346626383266994e-07,0.6703974008560181,0.7219525575637817,0.2448706328868866,0.0020458430517464876
201703B,2017-12-03 21:00:00,gridsat,EMBC,3,0.013829139061272144,0.1255219280719757,0.0453103631734848,0.00557806808501482,0.0035723689943552017,3.999027285317425e-06,0.8745734691619873,0.8628147840499878,0.06271470338106155,0.006081237457692623
201703B,2017-12-04 04:00:00,gridsat,EMBC,3,0.0196375735104084,0.31286221742630005,0.6301727890968323,0.02954334020614624,0.020228318870067596,2.4326476705027744e-05,0.24805758893489838,0.6396558284759521,0.08190368115901947,0.01791435480117798
201703B,2017-12-05 09:00:00,gridsat,SHEAR,3,0.010701453313231468,4.9521782784722745e-05,0.04686179757118225,0.04540400579571724,0.9289935231208801,0.9545148015022278,0.005761206150054932,1.5694293324486353e-05,0.0076819960959255695,1.599367351445835e-05
201703B,2017-12-05 17:00:00,gridsat,SHEAR,3,0.006807634606957436,9.356854206998833e-06,0.03086940385401249,0.006106353830546141,0.9531973004341125,0.993884265422821,0.0030157831497490406,4.415621646103318e-08,0.006109958048909903,4.919456131347033e-08
201704B,2017-12-08 21:00:00,gridsat,CRVBND,0,0.01784703880548477,0.00029995886143296957,0.8938552141189575,0.8271825313568115,0.008732140064239502,0.13695627450942993,0.00935110729187727,0.006466435734182596,0.07021445780992508,0.029094833880662918
201704B,2017-12-09 03:00:00,gridsat,CRVBND,0,0.028596367686986923,0.00025416607968509197,0.6420861482620239,0.6935763359069824,0.029946498572826385,0.19256290793418884,0.060896631330251694,0.0019466272788122296,0.23847436904907227,0.11165990680456161
201704B,2017-12-09 09:00:00,gridsat,SHEAR,0,0.012383407913148403,1.7949429320651689e-07,0.11468634754419327,0.02511456049978733,0.8595929145812988,0.9748831391334534,0.00300445850007236,4.792338472725532e-07,0.010332846082746983,1.6500951005582465e-06
201704B,2017-12-09 15:00:00,gridsat,SHEAR,0,0.003748856019228697,7.78027313685925e-08,0.009883690625429153,0.014829873107373714,0.9814049601554871,0.9851688146591187,0.001340070622973144,5.224935648584506e-07,0.0036223302595317364,8.17268812625116e-07
201704B,2017-12-09 21:00:00,gridsat,SHEAR,0,0.006444468162953854,4.263039556917647e-07,0.02173653058707714,0.01347639411687851,0.9623067378997803,0.9865232110023499,0.0029834036249667406,1.4660844982472554e-08,0.006528858561068773,3.605427778552439e-08
201704B,2017-12-10 03:45:00,gridsat,SHEAR,0,0.005053115077316761,6.700065569020808e-07,0.019595269113779068,0.019945595413446426,0.9689156413078308,0.980052649974823,0.001397481537424028,9.479077220930776e-07,0.005038460250943899,6.897164439578773e-08
201801A,2018-05-17 00:00:00,gridsat,CRVBND,2,0.006301398389041424,0.024664361029863358,0.19878746569156647,0.18407580256462097,0.00621601939201355,0.001383555238135159,0.005605648271739483,0.04546230286359787,0.7830894589424133,0.7444140315055847
201801A,2018-05-17 11:00:00,gridsat,IRRCDO,2,0.01811952143907547,0.032134346663951874,0.7074249386787415,0.36883577704429626,0.0075582778081297874,0.010121453553438187,0.11974211037158966,0.06363321095705032,0.14715513586997986,0.5252751708030701
201801A,2018-05-17 18:00:00,gridsat,CRVBND,2,0.014922897331416607,0.01525462232530117,0.8694016337394714,0.696439266204834,0.019583068788051605,0.03769301623106003,0.05181830748915672,0.1272229552268982,0.044274039566516876,0.12339019030332565
201801A,2018-05-18 00:00:00,gridsat,EMBC,2,0.008592578582465649,0.479617178440094,0.1599586009979248,0.0606127604842186,0.007917114533483982,4.1161925764754415e-05,0.010926254093647003,0.34754136204719543,0.8126055002212524,0.11218754202127457
201801A,2018-05-18 18:00:00,gridsat,IRRCDO,2,0.006142837926745415,0.02123206853866577,0.2170771062374115,0.035395458340644836,0.004631193354725838,0.00021354079945012927,0.35496485233306885,0.012878336943686008,0.4171840250492096,0.9302805662155151
201802A,2018-05-22 06:00:00,gridsat,CRVBND,1,0.033070966601371765,7.564765837742016e-05,0.8753425478935242,0.7241594195365906,0.017995500937104225,0.03851255029439926,0.02394684962928295,0.002385922009125352,0.04964414983987808,0.23486648499965668
201802A,2018-05-22 12:00:00,gridsat,CRVBND,1,0.03087979555130005,0.008730827830731869,0.00616694800555706,0.3200546205043793,0.018380533903837204,0.000324724183883518,0.2638322114944458,0.1028909832239151,0.6807405352592468,0.5679988265037537
201802A,2018-05-23 19:00:00,gridsat,EMBC,1,0.01595691405236721,0.28229767084121704,0.0031719061080366373,0.010230159386992455,0.01297833863645792,2.067795747962009e-07,0.9326326251029968,0.6965022087097168,0.03526021167635918,0.010969781316816807
201802A,2018-05-24 12:30:00,gridsat,EMBC,1,0.9287205338478088,0.2781355381011963,0.006809581071138382,0.21958933770656586,0.009611583314836025,0.00020649995713029057,0.026045938953757286,0.41781407594680786,0.02881242148578167,0.08425452560186386
201802A,2018-05-24 16:45:00,gridsat,EYE,1,0.9502469301223755,0.629673421382904,0.0045248218812048435,0.022915858775377274,0.007572525180876255,2.2406743482861202e-06,0.014935260638594627,0.3175468146800995,0.022720403969287872,0.029861602932214737
201802A,2018-05-24 23:00:00,gridsat,EMBC,1,0.891871988773346,0.5453797578811646,0.006421590689569712,0.034792087972164154,0.019838780164718628,6.211758773133624e-06,0.039293836802244186,0.370911180973053,0.04257384315133095,0.04891077056527138
201802A,2018-05-25 19:00:00,gridsat,EYE,1,0.7199451923370361,0.6588916778564453,0.011129846796393394,0.011050733737647533,0.02586459368467331,1.048568719852483e-06,0.17652761936187744,0.32254093885421753,0.06653274595737457,0.007515677250921726
201804B,2018-09-20 18:15:00,gridsat,CRVBND,4,0.009196573868393898,3.955207830586005e-06,0.8292984366416931,0.35754814743995667,0.0260271355509758,0.011713155545294285,0.05526787415146828,0.0007868991233408451,0.08020998537540436,0.6299479007720947
201805A,2018-10-08 06:00:00,gridsat,CRVBND,2,0.016181854531168938,0.09632395952939987,0.8934096097946167,0.4581414759159088,0.011427379213273525,0.0034420217853039503,0.05685910955071449,0.3301105499267578,0.022122036665678024,0.11198193579912186
201805A,2018-10-08 12:00:00,gridsat,CRVBND,2,0.021601764485239983,0.1717269867658615,0.8973056077957153,0.3532550036907196,0.0063281552866101265,0.004415481351315975,0.05463458597660065,0.3058989644050598,0.020129874348640442,0.16470356285572052
201805A,2018-10-08 23:00:00,gridsat,EMBC,2,0.04722912609577179,0.5139119625091553,0.11128008365631104,0.004231284838169813,0.016466787084937096,6.073643703530252e-07,0.7188008427619934,0.4721677005290985,0.10622315853834152,0.00968845933675766
201805A,2018-10-09 06:30:00,gridsat,CRVBND,2,0.01876191794872284,0.49217459559440613,0.6888137459754944,0.14770710468292236,0.015118802897632122,0.00041990261524915695,0.21527564525604248,0.33035367727279663,0.062029846012592316,0.02934464067220688
201805A,2018-10-09 12:00:00,gridsat,EMBC,2,0.03538786619901657,0.6670862436294556,0.8491780757904053,0.020925862714648247,0.010805702768266201,4.6859742724336684e-05,0.05386434122920036,0.272500604391098,0.05076401308178902,0.03944050148129463
201805A,2018-10-09 17:30:00,gridsat,CRVBND,2,0.11405632644891739,0.2503308057785034,0.5850672125816345,0.22701498866081238,0.00785456970334053,0.0018928662175312638,0.17146147787570953,0.17109695076942444,0.12156034260988235,0.3496643900871277
201805A,2018-10-10 05:30:00,gridsat,EYE,2,0.7846153378486633,0.3442997634410858,0.05053779110312462,0.3656464219093323,0.01640584133565426,0.00897018238902092,0.11535993963479996,0.18603624403476715,0.0330810472369194,0.09504739940166473
201806B,2018-10-10 06:00:00,gridsat,EMBC,0,0.9792720675468445,0.3960890471935272,0.003017272101715207,0.026753615587949753,0.0043190899305045605,1.0583737093838863e-05,0.0033328398130834103,0.5678657293319702,0.01005880068987608,0.009280962869524956
201805A,2018-10-10 12:00:00,gridsat,CRVBND,2,0.9664890766143799,0.40454983711242676,0.003388992976397276,0.4065008759498596,0.008227343671023846,0.03342582657933235,0.0039644851349294186,0.11563771218061447,0.01793014258146286,0.039885785430669785
201806B,2018-10-10 12:00:00,gridsat,EYE,0,0.9671049118041992,0.41320541501045227,0.0018616311717778444,0.029418952763080597,0.007010656408965588,8.500125659338664e-06,0.006624987348914146,0.5247241854667664,0.017397871240973473,0.032642919570207596
201805A,2018-10-10 18:00:00,gridsat,EYE,2,0.9506926536560059,0.1746039092540741,0.00544583797454834,0.5561615228652954,0.01472273375838995,0.057135000824928284,0.00275053852237761,0.17588645219802856,0.026388173922896385,0.03621306270360947
201806B,2018-10-10 17:15:00,gridsat,EMBC,0,0.05459219217300415,0.5571372509002686,0.00020533619681373239,0.002006933791562915,0.0063486164435744286,1.1036338776193588e-07,0.9367452263832092,0.4379280209541321,0.0021086407359689474,0.002927587367594242
201805A,2018-10-10 23:45:00,gridsat,CRVBND,2,0.034224025905132294,0.061523422598838806,0.9226176142692566,0.7294823527336121,0.011863433755934238,0.08667223900556564,0.005669102072715759,0.05578863248229027,0.025625772774219513,0.06653328239917755
201806B,2018-10-10 23:15:00,gridsat,EMBC,0,0.7814083695411682,0.678947925567627,0.0010463341604918242,0.006195624824613333,0.016839418560266495,1.1969308388870559e-06,0.19181512296199799,0.31227001547813416,0.008890829980373383,0.0025851752143353224
201805A,2018-10-11 05:45:00,gridsat,CRVBND,2,0.029170667752623558,0.005839592311531305,0.8650887608528137,0.577998161315918,0.0208735354244709,0.3942170739173889,0.05051841586828232,0.009204973466694355,0.03434858098626137,0.012740200385451317
201805A,2018-10-11 12:15:00,gridsat,CRVBND,2,0.05545170232653618,0.00746150640770793,0.8069815039634705,0.49702218174934387,0.026231901720166206,0.47648656368255615,0.03800161927938461,0.009027588181197643,0.07333333790302277,0.010002220049500465
201805A,2018-10-11 18:15:00,gridsat,CRVBND,2,0.02933720126748085,0.001327721169218421,0.8873813152313232,0.5120445489883423,0.015945134684443474,0.4759892523288727,0.03285525366663933,0.0042536016553640366,0.03448111191391945,0.0063849245198071
201805A,2018-10-11 23:45:00,gridsat,CRVBND,2,0.017670340836048126,0.028924990445375443,0.9103301763534546,0.7825050950050354,0.017313554883003235,0.1404624879360199,0.02270294539630413,0.022198574617505074,0.03198287636041641,0.025908874347805977
201805A,2018-10-12 06:15:00,gridsat,CRVBND,2,0.016371505334973335,0.031610291451215744,0.89849853515625,0.749493420124054,0.020504312589764595,0.09457702189683914,0.029425974935293198,0.028366046026349068,0.03519969433546066,0.09595327079296112
201805A,2018-10-12 12:00:00,gridsat,CRVBND,2,0.01332486979663372,0.013165215030312538,0.9535341262817383,0.6550400853157043,0.011725214309990406,0.3091178834438324,0.009130025282502174,0.014869528822600842,0.012285768985748291,0.007807294372469187
201805A,2018-10-12 18:15:00,gridsat,CRVBND,2,0.026582028716802597,8.834109758026898e-05,0.7712883353233337,0.2477828860282898,0.1290266066789627,0.7511569261550903,0.023234501481056213,0.0003827946784440428,0.04986855760216713,0.0005890370230190456
201805A,2018-10-13 00:15:00,gridsat,SHEAR,2,0.009931950829923153,5.4684192036802415e-06,0.8472529053688049,0.15923254191875458,0.03699639067053795,0.840336263179779,0.009130408987402916,0.0001744790788507089,0.09668827056884766,0.00025126762920990586
201805A,2018-10-13 06:15:00,gridsat,CRVBND,2,0.010282468982040882,9.048323590832297e-06,0.8195995688438416,0.12922027707099915,0.11524412035942078,0.8697769045829773,0.006731113418936729,0.0001513485622126609,0.048142798244953156,0.0008423886029049754
201805A,2018-10-13 12:00:00,gridsat,CRVBND,2,0.010234340094029903,0.002263219328597188,0.858015239238739,0.6439827680587769,0.06805416196584702,0.3120277523994446,0.02247636392712593,0.007208193186670542,0.04121991619467735,0.034518055617809296
201805A,2018-10-13 18:15:00,gridsat,CRVBND,2,0.020319629460573196,0.0028657587245106697,0.82154381275177,0.7347220182418823,0.049487508833408356,0.18152469396591187,0.06607838720083237,0.00890521053224802,0.04257070645689964,0.07198235392570496
201805A,2018-10-14 00:00:00,gridsat,CRVBND,2,0.022019194439053535,0.0030487540643662214,0.7227063775062561,0.6000188589096069,0.09833932667970657,0.34496796131134033,0.0864000990986824,0.005714275408536196,0.07053500413894653,0.046250149607658386
201807B,2018-11-10 20:45:00,gridsat,IRRCDO,3,0.028364432975649834,0.025467481464147568,0.5050329566001892,0.15419000387191772,0.3383365273475647,0.0020406690891832113,0.028876179829239845,0.04471040889620781,0.09938991069793701,0.7735913991928101
201807B,2018-11-11 03:15:00,gridsat,CRVBND,3,0.011044289916753769,0.10123386234045029,0.2663479447364807,0.1208527535200119,0.031142722815275192,0.0005043052951805294,0.027216697111725807,0.17541858553886414,0.6642483472824097,0.6019904613494873
201807B,2018-11-11 09:15:00,gridsat,CRVBND,3,0.025527283549308777,0.04473080858588219,0.7361608147621155,0.14501993358135223,0.13137668371200562,0.0007997881039045751,0.06269596517086029,0.09757857769727707,0.044239237904548645,0.7118709087371826
201807B,2018-11-11 15:15:00,gridsat,CRVBND,3,0.026418384164571762,0.009994092397391796,0.7279054522514343,0.3868308961391449,0.15918302536010742,0.005746051203459501,0.042381756007671356,0.062386415898799896,0.044111378490924835,0.5350425839424133
201807B,2018-11-11 20:45:00,gridsat,IRRCDO,3,0.017135504633188248,0.03945155814290047,0.713070273399353,0.13864684104919434,0.026384955272078514,0.00028706647572107613,0.04141561686992645,0.3710266053676605,0.2019936442375183,0.45058801770210266
201807B,2018-11-12 02:45:00,gridsat,CRVBND,3,0.025638507679104805,0.004256578162312508,0.5947489738464355,0.40642327070236206,0.3241060674190521,0.01769092120230198,0.03181587532162666,0.03770056366920471,0.0236905999481678,0.533928632736206
201807B,2018-11-12 08:45:00,gridsat,CRVBND,3,0.028189443051815033,0.0002127585612470284,0.6197054386138916,0.47772806882858276,0.2684986889362335,0.06010536104440689,0.03710157424211502,0.002053339034318924,0.04650492966175079,0.45990049839019775
201807B,2018-11-12 15:15:00,gridsat,CRVBND,3,0.020686127245426178,0.00038463386590592563,0.6777083873748779,0.8306178450584412,0.14711973071098328,0.10995296388864517,0.008784872479736805,0.005223756190389395,0.1457008719444275,0.05382082611322403
201807B,2018-11-12 21:15:00,gridsat,CRVBND,3,0.012254289351403713,0.0708639919757843,0.2749748229980469,0.11461890488862991,0.025852661579847336,0.00014748105604667217,0.04016442596912384,0.1846734583377838,0.6467538475990295,0.6296961307525635
201807B,2018-11-13 03:15:00,gridsat,CRVBND,3,0.026366746053099632,0.22241660952568054,0.6409072279930115,0.12171957641839981,0.26365259289741516,0.0002056700614048168,0.032844964414834976,0.4715566039085388,0.0362284854054451,0.18410152196884155
201807B,2018-11-13 09:15:00,gridsat,CRVBND,3,0.02894754521548748,0.13321524858474731,0.739319920539856,0.1651008576154709,0.11485746502876282,0.0003876280097756535,0.0791865661740303,0.5760538578033447,0.037688497453927994,0.1252424120903015
201807B,2018-11-13 15:15:00,gridsat,EYE,3,0.016988566145300865,0.3794763684272766,0.8776763677597046,0.09735962003469467,0.06431373953819275,0.0002693291462492198,0.016395926475524902,0.2288656234741211,0.024625437334179878,0.2940290868282318
201807B,2018-11-14 09:00:00,gridsat,EMBC,3,0.01855882816016674,0.4797382056713104,0.907585859298706,0.08749296516180038,0.01969076879322529,0.0002546235336922109,0.0313582681119442,0.3918042480945587,0.02280637063086033,0.0407099612057209
201807B,2018-11-14 15:45:00,gridsat,EMBC,3,0.013799751177430153,0.510937511920929,0.9339881539344788,0.15285830199718475,0.009867312386631966,0.0010019858600571752,0.018158139660954475,0.180946484208107,0.024186724796891212,0.15425577759742737
201807B,2018-11-15 08:45:00,gridsat,EMBC,3,0.016906168311834335,0.31145572662353516,0.1917460560798645,0.008705172687768936,0.004968473222106695,6.76909985486418e-06,0.3618301451206207,0.627626359462738,0.4245491027832031,0.0522058941423893
201807B,2018-11-15 15:45:00,gridsat,EMBC,3,0.04456439986824989,0.4581794738769531,0.016207480803132057,0.0065759834833443165,0.012200841680169106,2.745227675404749e-06,0.8882178068161011,0.44561082124710083,0.03880942240357399,0.08963100612163544
201807B,2018-11-16 19:45:00,gridsat,CRVBND,3,0.020962445065379143,0.4029020667076111,0.308037132024765,0.11385267227888107,0.004210947547107935,0.00023048811999615282,0.23331131041049957,0.2397671639919281,0.4334782063961029,0.2432475984096527
201807B,2018-11-17 03:15:00,gridsat,CRVBND,3,0.014458637684583664,0.17265208065509796,0.24529819190502167,0.32881271839141846,0.002477743197232485,0.0011321762576699257,0.13940170407295227,0.3178742527961731,0.5983637571334839,0.17952874302864075
201807B,2018-11-17 10:15:00,gridsat,CRVBND,3,0.014643565751612186,0.6644221544265747,0.24454015493392944,0.0574725978076458,0.0018741153180599213,0.00012365846487227827,0.4383971393108368,0.25353989005088806,0.3005450367927551,0.02444169670343399
201807B,2018-11-17 13:45:00,gridsat,CRVBND,3,0.012259081937372684,0.04961394891142845,0.6416897177696228,0.18047912418842316,0.005454239435493946,0.003152810735628009,0.08411792665719986,0.10652555525302887,0.2564791142940521,0.6602285504341125
201807B,2018-11-18 09:15:00,gridsat,CRVBND,3,0.015770237892866135,0.40746012330055237,0.5733119249343872,0.2628088891506195,0.003509821370244026,0.0016729155322536826,0.274557501077652,0.3044344484806061,0.13285057246685028,0.023623576387763023
201807B,2018-11-18 15:15:00,gridsat,SHEAR,3,0.026639850810170174,0.00021210357954259962,0.7128536701202393,0.5730797052383423,0.15713024139404297,0.42055171728134155,0.06344154477119446,0.0006975422729738057,0.03993472084403038,0.005458966828882694
201807B,2018-11-18 21:15:00,gridsat,SHEAR,3,0.023911982774734497,5.7340329817634483e-08,0.5097943544387817,0.022342480719089508,0.3615020513534546,0.9776546359062195,0.01250742468982935,1.1682449212457868e-06,0.09228421747684479,1.6279072951874696e-06
201807B,2018-11-19 03:15:00,gridsat,SHEAR,3,0.029232921078801155,2.7231396870774915e-06,0.5184736251831055,0.36110252141952515,0.37111032009124756,0.4505356550216675,0.03586622327566147,0.0002993794623762369,0.04531687870621681,0.1880597174167633
201807B,2018-11-19 09:15:00,gridsat,CRVBND,3,0.025893772020936012,0.02112494967877865,0.7509590983390808,0.8711661696434021,0.11466854810714722,0.03532958775758743,0.05630813166499138,0.0337846502661705,0.052170444279909134,0.038594577461481094
201807B,2018-11-19 15:15:00,gridsat,SHEAR,3,0.027393465861678123,0.00035123719135299325,0.2831932008266449,0.4618825912475586,0.6282828450202942,0.46522414684295654,0.029979458078742027,0.00032397054019384086,0.031151050701737404,0.07221802324056625
201808B,2018-12-15 15:15:00,gridsat,IRRCDO,4,0.011350993067026138,0.00012208358384668827,0.19775716960430145,0.10870407521724701,0.01729230396449566,0.0004744645266328007,0.5866358876228333,0.010703166015446186,0.18696360290050507,0.8799962401390076
201808B,2018-12-16 21:00:00,gridsat,EMBC,4,0.013025528751313686,0.5780493021011353,0.41525447368621826,0.018899252638220787,0.006181593984365463,2.6719639208749868e-05,0.3314902186393738,0.39514097571372986,0.23404818773269653,0.007883704267442226
201808B,2018-12-17 09:15:00,gridsat,CRVBND,4,0.016299355775117874,0.03726382553577423,0.7966944575309753,0.7409459948539734,0.12302082777023315,0.1108066737651825,0.015920203179121017,0.052788734436035156,0.0480651780962944,0.05819476768374443
201901B,2019-04-27 14:45:00,gridsat,IRRCDO,0,0.01807451620697975,0.004520501010119915,0.491537481546402,0.14211879670619965,0.10356240719556808,0.0004918039194308221,0.0060961307026445866,0.028421903029084206,0.38072943687438965,0.824446976184845
201901B,2019-04-27 21:15:00,gridsat,CRVBND,0,0.01652744971215725,4.2836680222535506e-05,0.798613429069519,0.8100039958953857,0.06676483899354935,0.13623759150505066,0.005077999550849199,0.0036123846657574177,0.11301635950803757,0.05010314658284187
201901B,2019-04-28 02:45:00,gridsat,CRVBND,0,0.061088643968105316,0.0039753541350364685,0.5349128246307373,0.1431422382593155,0.009650163352489471,0.000379761157091707,0.09031329303979874,0.06303528696298599,0.3040350675582886,0.7894672751426697
201901B,2019-04-28 09:15:00,gridsat,EMBC,0,0.024926267564296722,0.04028065502643585,0.6966182589530945,0.23067359626293182,0.021535983309149742,0.0003871321096085012,0.03109472617506981,0.7002120018005371,0.2258247286081314,0.028446566313505173
201901B,2019-04-28 15:15:00,gridsat,CRVBND,0,0.021715188398957253,0.00552167184650898,0.7494892477989197,0.7716882228851318,0.08595827221870422,0.08661499619483948,0.005695304833352566,0.02872997149825096,0.13714204728603363,0.10744515806436539
201901B,2019-04-29 22:15:00,gridsat,EMBC,0,0.09294413775205612,0.18018698692321777,0.2013733685016632,0.022112570703029633,0.03357144817709923,6.358660357363988e-06,0.6493128538131714,0.7606652975082397,0.022798238322138786,0.037028808146715164
201901B,2019-04-30 08:45:00,gridsat,EMBC,0,0.019131677225232124,0.28260427713394165,0.0007643490680493414,0.04074135050177574,0.007172962184995413,4.719865319202654e-05,0.9676405787467957,0.6178179383277893,0.005290438886731863,0.05878918990492821
201901B,2019-04-30 20:15:00,gridsat,EMBC,0,0.02907593734562397,0.2363995760679245,0.0030151428654789925,0.014074055477976799,0.011363424360752106,1.7068709894374479e-06,0.39033612608909607,0.5780103206634521,0.5662093758583069,0.1715143769979477
201901B,2019-05-01 04:15:00,gridsat,EMBC,0,0.02453397586941719,0.06687620282173157,0.02653089538216591,0.0649704858660698,0.004311601165682077,4.688217813964002e-05,0.08257061243057251,0.37279626727104187,0.8620529770851135,0.49531012773513794
201901B,2019-05-01 09:15:00,gridsat,EYE,0,0.7163445353507996,0.7471603155136108,0.0024780321400612593,0.0371687076985836,0.018042011186480522,0.0001013364308164455,0.2528102993965149,0.17926687002182007,0.010325178503990173,0.03630269318819046
201901B,2019-05-01 15:15:00,gridsat,EYE,0,0.9753431081771851,0.5447108149528503,0.0009973206324502826,0.021633613854646683,0.006532624829560518,1.9624254491645843e-05,0.005946178920567036,0.34931012988090515,0.011180774308741093,0.08432582020759583
201901B,2019-05-02 03:45:00,gridsat,EMBC,0,0.4879639148712158,0.27630504965782166,0.0013179201632738113,0.002376437885686755,0.018944142386317253,2.826997729243885e-07,0.47892436385154724,0.7120797038078308,0.0128496577963233,0.009238507598638535
201901B,2019-05-02 09:15:00,gridsat,EYE,0,0.9778504967689514,0.7943624258041382,0.0016516995383426547,0.0016111524309962988,0.007182035129517317,3.9896823977869644e-07,0.004315768834203482,0.20065809786319733,0.008999879471957684,0.0033679569605737925
201901B,2019-05-02 14:45:00,gridsat,EYE,0,0.9799677133560181,0.9065250754356384,0.0010430600959807634,0.0029456503689289093,0.006320193409919739,1.5150933450058801e-06,0.003474729135632515,0.08541887253522873,0.009194288402795792,0.005108875222504139
201901B,2019-05-02 21:15:00,gridsat,EYE,0,0.9708431363105774,0.8119514584541321,0.0018550851382315159,0.020917721092700958,0.006636615842580795,3.923487747670151e-05,0.005698756314814091,0.15853364765644073,0.014966445043683052,0.008557945489883423
201902A,2019-06-10 14:45:00,gridsat,IRRCDO,2,0.005653538275510073,0.00021057587582617998,0.7324638962745667,0.10375548899173737,0.03095865249633789,0.0017586380708962679,0.004385764244943857,0.00212030834518373,0.22653818130493164,0.8921549916267395
201902A,2019-06-10 20:45:00,gridsat,CRVBND,2,0.015345100313425064,0.0019173402106389403,0.6617113947868347,0.5147995948791504,0.025758296251296997,0.00902639701962471,0.003226475790143013,0.0364849790930748,0.29395878314971924,0.4377717077732086
201902A,2019-06-11 03:45:00,gridsat,IRRCDO,2,0.015845952555537224,0.0026567503809928894,0.4174681007862091,0.1740063577890396,0.01642034202814102,0.0009501263266429305,0.010376308113336563,0.016340915113687515,0.5398893356323242,0.8060458898544312
201902A,2019-06-11 09:15:00,gridsat,EMBC,2,0.029102712869644165,0.14619912207126617,0.5948770642280579,0.014976056292653084,0.013515337370336056,2.8394254059094237e-06,0.30672550201416016,0.8348120450973511,0.05577937886118889,0.004009989555925131
201902A,2019-06-11 14:45:00,gridsat,EYE,2,0.08681482076644897,0.1419886201620102,0.320034384727478,0.03768021985888481,0.010986978188157082,1.2532074833870865e-05,0.1407082974910736,0.7082903385162354,0.44145554304122925,0.11202836781740189
201902A,2019-06-11 20:45:00,gridsat,IRRCDO,2,0.01255446020513773,0.010674059391021729,0.47089362144470215,0.0962250679731369,0.004066250752657652,0.00011970138439210132,0.03664659336209297,0.03627452254295349,0.4758390188217163,0.8567066788673401
201902A,2019-06-12 10:15:00,gridsat,EMBC,2,0.024248318746685982,0.2657398283481598,0.03252304345369339,0.15883783996105194,0.015579307451844215,0.0002218324225395918,0.8657572865486145,0.355401873588562,0.06189212203025818,0.21979857981204987
201902A,2019-06-12 16:15:00,gridsat,IRRCDO,2,0.034822434186935425,0.007210433017462492,0.14780588448047638,0.039818692952394485,0.011472771875560284,0.00022230864851735532,0.35096031427383423,0.007099305745214224,0.45493853092193604,0.945649266242981
201902A,2019-06-13 08:15:00,gridsat,EYE,2,0.9266341924667358,0.3794816732406616,0.002232632366940379,0.01713036559522152,0.00832918006926775,1.419741784047801e-05,0.03629109635949135,0.5694087147712708,0.02651285193860531,0.03396507352590561
201902A,2019-06-13 15:15:00,gridsat,EYE,2,0.9588986039161682,0.5871359705924988,0.004295410122722387,0.049290768802165985,0.00958035234361887,8.357474871445447e-05,0.002645486034452915,0.2928118407726288,0.02458011917769909,0.07067785412073135
201902A,2019-06-14 01:45:00,gridsat,EMBC,2,0.049921080470085144,0.22747275233268738,0.8448012471199036,0.340747207403183,0.006724604871124029,0.005760683212429285,0.056312043219804764,0.11262718588113785,0.04224095121026039,0.31339216232299805
201902A,2019-06-14 09:15:00,gridsat,EYE,2,0.07068981230258942,0.4411434233188629,0.576397716999054,0.1811332404613495,0.011697075329720974,0.0008265631040558219,0.2775394320487976,0.3052392303943634,0.06367599964141846,0.07165750861167908
201902A,2019-06-14 14:45:00,gridsat,CRVBND,2,0.251289039850235,0.02415521815419197,0.4498522877693176,0.7576345801353455,0.03123786672949791,0.09112117439508438,0.2039158195257187,0.04214879497885704,0.0637049525976181,0.08494022488594055
201902A,2019-06-15 03:15:00,gridsat,EYE,2,0.5269747972488403,0.23859567940235138,0.08069178462028503,0.07576346397399902,0.010673446580767632,3.82308462576475e-05,0.3396155834197998,0.6642451882362366,0.04204443469643593,0.021357428282499313
201902A,2019-06-15 07:45:00,gridsat,EYE,2,0.19568973779678345,0.4208252429962158,0.25349804759025574,0.019314788281917572,0.02146977372467518,1.1410758816055022e-05,0.45248815417289734,0.5332391262054443,0.07685427367687225,0.02660941332578659
201902A,2019-06-15 15:15:00,gridsat,CRVBND,2,0.05946628376841545,0.007598499301820993,0.7732197642326355,0.6501523852348328,0.028319498524069786,0.03508786857128143,0.11304499953985214,0.05032509192824364,0.025949493050575256,0.2568361163139343
201902A,2019-06-15 20:45:00,gridsat,IRRCDO,2,0.023335544392466545,0.0019186340505257249,0.9309068322181702,0.5232670903205872,0.01851191371679306,0.03935997933149338,0.011017165146768093,0.016881732270121574,0.01622861437499523,0.4185725450515747
201902A,2019-06-16 03:15:00,gridsat,CRVBND,2,0.010976054705679417,0.00012769363820552826,0.7747678160667419,0.07615873962640762,0.13956940174102783,0.0011185698676854372,0.003905646502971649,0.001271899905987084,0.07078106701374054,0.9213230609893799
201902A,2019-06-16 08:15:00,gridsat,IRRCDO,2,0.02655516192317009,0.0008143856539390981,0.1552937924861908,0.42324021458625793,0.7450058460235596,0.011160966008901596,0.03096911869943142,0.00829598680138588,0.04217604547739029,0.5564884543418884
201902A,2019-06-16 14:45:00,gridsat,SHEAR,2,0.004123379476368427,3.861810569105728e-07,0.047077834606170654,0.20586849749088287,0.3604191839694977,0.7807138562202454,0.001846649101935327,4.099627767573111e-05,0.5865329504013062,0.013376343995332718
201902A,2019-06-16 21:15:00,gridsat,SHEAR,2,0.0076817721128463745,1.8137495061409936e-08,0.0176695603877306,0.0012899276334792376,0.9675086736679077,0.998710036277771,0.0015856073005124927,1.2898136780847835e-08,0.005554382223635912,9.275501255956442e-09
201902A,2019-06-17 03:15:00,gridsat,SHEAR,2,0.0028330362401902676,1.2553239336909883e-08,0.04002376273274422,0.0011916636722162366,0.9494240880012512,0.9988083839416504,0.0012186991516500711,1.0002035644163243e-08,0.006500386167317629,6.374996974756186e-09
201902A,2019-06-17 09:15:00,gridsat,SHEAR,2,0.002594646532088518,4.011885579302543e-08,0.004945635329931974,0.0007145521230995655,0.9849477410316467,0.9992853999137878,0.0006086728535592556,3.2045932130131405e-08,0.006903300527483225,1.4411899229571645e-08
201903A,2019-09-23 03:45:00,gridsat,EMBC,1,0.04804497957229614,0.20697623491287231,0.7675195932388306,0.2202119678258896,0.022016318514943123,9.82888595899567e-05,0.132236048579216,0.33769407868385315,0.03018307499587536,0.23501941561698914
201903A,2019-09-23 09:15:00,gridsat,CRVBND,1,0.9380779266357422,0.012107322923839092,0.018083587288856506,0.36172690987586975,0.011210957542061806,0.003686537966132164,0.009274124167859554,0.019518591463565826,0.02335337921977043,0.6029606461524963
201903A,2019-09-23 14:45:00,gridsat,EMBC,1,0.055151619017124176,0.11224575340747833,0.09089510142803192,0.047577984631061554,0.037956539541482925,3.977230517193675e-05,0.18796437978744507,0.051627904176712036,0.628032386302948,0.7885085940361023
201903A,2019-09-24 01:45:00,gridsat,EYE,1,0.026902135461568832,0.6361986994743347,0.01077989675104618,0.02825319394469261,0.008804170414805412,1.1258000085945241e-05,0.9256861805915833,0.11427703499794006,0.027827585116028786,0.22125986218452454
201903A,2019-09-24 14:15:00,gridsat,EMBC,1,0.09071588516235352,0.719275176525116,0.05738252028822899,0.08349289745092392,0.04829665645956993,0.0002209988160757348,0.7511778473854065,0.09613723307847977,0.05242711305618286,0.10087370127439499
201904A,2019-10-25 12:45:00,gridsat,EMBC,1,0.014008634723722935,0.3258701264858246,0.002929621608927846,0.0024611447006464005,0.01239156723022461,6.580477673878704e-08,0.946498692035675,0.6604014039039612,0.02417137287557125,0.011267237365245819
201904A,2019-10-25 16:45:00,gridsat,EMBC,1,0.01368657685816288,0.37004995346069336,0.00442194240167737,0.0011298182653263211,0.012301108799874783,4.531032438137572e-09,0.9519508481025696,0.6264446973800659,0.017639566212892532,0.0023755249567329884
201904A,2019-10-25 22:45:00,gridsat,EMBC,1,0.018535535782575607,0.3335035741329193,0.004259462933987379,0.002001464134082198,0.012421227991580963,9.302306480662992e-09,0.9385156035423279,0.6604886054992676,0.02626822702586651,0.004006306175142527
201904A,2019-10-26 07:15:00,gridsat,EMBC,1,0.009127807803452015,0.24912184476852417,0.007633532863110304,0.099338099360466,0.010789889842271805,9.010925168695394e-06,0.9575632214546204,0.47602516412734985,0.014885475859045982,0.17550580203533173
201904A,2019-10-26 12:15:00,gridsat,EYE,1,0.9631934762001038,0.434260755777359,0.004538905806839466,0.0019092799630016088,0.008552713319659233,1.9626080316470507e-08,0.00899385567754507,0.5592975616455078,0.014721035026013851,0.004532373510301113
201904A,2019-10-26 18:15:00,gridsat,EYE,1,0.9609764814376831,0.39317554235458374,0.004823644179850817,0.002627864247187972,0.009243938140571117,2.775673735300188e-08,0.009665163233876228,0.5990510582923889,0.015290811657905579,0.005145461764186621
201904A,2019-10-27 00:15:00,gridsat,EYE,1,0.9708921313285828,0.786693811416626,0.003604875411838293,0.0035411501303315163,0.0065497104078531265,7.800851875572334e-08,0.006400946527719498,0.19832129776477814,0.012552366591989994,0.011443695984780788
201904A,2019-10-27 06:15:00,gridsat,EYE,1,0.9663859605789185,0.845457136631012,0.004150498192757368,0.014009330421686172,0.007490064948797226,1.0595460935292067e-06,0.00768580986186862,0.1231994554400444,0.014287611469626427,0.0173330195248127
201904A,2019-10-27 11:45:00,gridsat,EYE,1,0.963059663772583,0.8019509315490723,0.004822858609259129,0.01631046086549759,0.008276239037513733,1.278582544728124e-06,0.00827659759670496,0.14309394359588623,0.015564613975584507,0.038643304258584976
201904A,2019-10-27 18:15:00,gridsat,EYE,1,0.9643235206604004,0.6958496570587158,0.004551912657916546,0.019160883501172066,0.008131460286676884,1.624164269742323e-06,0.008986949920654297,0.23321594297885895,0.014006138779222965,0.05177188292145729
201904A,2019-10-28 00:15:00,gridsat,EYE,1,0.9689248204231262,0.5393792986869812,0.0038106716237962246,0.012381970882415771,0.007378322072327137,3.147897018607182e-07,0.006522577255964279,0.38149210810661316,0.013363524340093136,0.06674625724554062
201904A,2019-10-28 06:15:00,gridsat,EYE,1,0.9646137356758118,0.8130975365638733,0.004630966577678919,0.014900881797075272,0.008446447551250458,1.053817982210603e-06,0.007660565432161093,0.15002600848674774,0.01464840117841959,0.021974515169858932
201904A,2019-10-28 12:15:00,gridsat,EYE,1,0.9586114883422852,0.7770974040031433,0.00457988353446126,0.04386638104915619,0.01062227226793766,6.148222382762469e-06,0.008699441328644753,0.1383194774389267,0.017486929893493652,0.04071054235100746
201904A,2019-10-28 17:45:00,gridsat,EYE,1,0.966923177242279,0.5611295700073242,0.004295114893466234,0.028190823271870613,0.007340122479945421,2.683701723071863e-06,0.0069693163968622684,0.3756258189678192,0.014472221955657005,0.03505104035139084
201904A,2019-10-29 06:15:00,gridsat,EYE,1,0.9696496725082397,0.7008515000343323,0.0038374289870262146,0.006731427740305662,0.007376212161034346,4.2765074681483384e-07,0.005586126819252968,0.28808829188346863,0.013550568372011185,0.004328323062509298
201904A,2019-10-29 11:45:00,gridsat,EYE,1,0.033193230628967285,0.674889087677002,0.0056882887147367,0.007717606145888567,0.02135537564754486,5.83063695103192e-07,0.8991446495056152,0.3146166205406189,0.040618475526571274,0.002776151755824685
201904A,2019-10-29 17:45:00,gridsat,EMBC,1,0.012913183309137821,0.6095791459083557,0.012885775417089462,0.00841085147112608,0.017989590764045715,2.89424804122973e-07,0.927336573600769,0.37262415885925293,0.02887481264770031,0.009385591372847557
201904A,2019-10-29 23:15:00,gridsat,EMBC,1,0.01596830226480961,0.40391671657562256,0.017614923417568207,0.013940712437033653,0.011697995476424694,1.0328033113182755e-06,0.9327950477600098,0.5499802827835083,0.02192365936934948,0.032161224633455276
201904A,2019-10-30 12:15:00,gridsat,CRVBND,1,0.03570502623915672,0.022840749472379684,0.8360803127288818,0.7936204671859741,0.026632418856024742,0.010254581458866596,0.026484519243240356,0.04627705737948418,0.0750977173447609,0.1270071566104889
201905A,2019-10-30 12:15:00,gridsat,CRVBND,0,0.022926926612854004,0.0010700460989028215,0.695533037185669,0.8688167333602905,0.05334286019206047,0.015168408863246441,0.009905391372740269,0.0260237455368042,0.21829181909561157,0.08892103284597397
201904A,2019-10-30 18:15:00,gridsat,SHEAR,1,0.038398727774620056,1.7200874253830989e-06,0.8608461022377014,0.08658532053232193,0.04306022822856903,0.9127453565597534,0.012627537362277508,9.059492185770068e-06,0.0450674444437027,0.0006585888331755996
201905A,2019-10-30 18:15:00,gridsat,CRVBND,0,0.022181732580065727,0.0012219127966091037,0.8864226937294006,0.5139668583869934,0.010676220059394836,0.008076604455709457,0.01107548177242279,0.025750108063220978,0.06964393705129623,0.45098450779914856
201904A,2019-10-30 23:45:00,gridsat,CRVBND,1,0.04389610141515732,1.7470287275500596e-05,0.6561830043792725,0.4381347894668579,0.2065121978521347,0.5500110387802124,0.02180679328739643,0.0001325463963439688,0.07160186022520065,0.011704164557158947
201904A,2019-10-31 05:45:00,gridsat,SHEAR,1,0.07246667146682739,5.8845376571525776e-08,0.48733842372894287,0.025394324213266373,0.24958157539367676,0.9745674729347229,0.017681317403912544,6.775649126211647e-07,0.17293201386928558,3.743657362065278e-05
201904A,2019-10-31 11:45:00,gridsat,SHEAR,1,0.03781849145889282,2.2555973373528104e-06,0.8208414316177368,0.19585920870304108,0.09197602421045303,0.7893397808074951,0.010431857779622078,2.3050270101521164e-05,0.03893216699361801,0.014775707386434078
201905A,2019-10-31 12:45:00,gridsat,CRVBND,0,0.015507170930504799,0.016837844625115395,0.12942110002040863,0.3612787425518036,0.004970446228981018,0.003299860516563058,0.010189773514866829,0.05495472997426987,0.8399115204811096,0.5636288523674011
201904A,2019-10-31 17:45:00,gridsat,CRVBND,1,0.015538153238594532,8.564080781070516e-05,0.030284840613603592,0.38334736227989197,0.9166207909584045,0.601629376411438,0.012129965238273144,0.00017832811863627285,0.025426313281059265,0.014759263023734093
201905A,2019-10-31 17:45:00,gridsat,IRRCDO,0,0.007005686406046152,0.0006257687928155065,0.00662212772294879,0.06098998337984085,0.0019102426012977958,0.0010237031383439898,0.003827448934316635,0.0021735834889113903,0.9806345701217651,0.9351869225502014
201904A,2019-11-01 00:15:00,gridsat,CRVBND,1,0.011429167352616787,2.76781775028212e-05,0.004853580147027969,0.21823880076408386,0.9652746319770813,0.7759474515914917,0.004687082022428513,0.00010393805132480338,0.013755515217781067,0.005682054907083511
201905A,2019-11-01 00:45:00,gridsat,CRVBND,0,0.03083958849310875,0.006417063996195793,0.748770534992218,0.2155517041683197,0.010161111131310463,0.0017725771758705378,0.03920808061957359,0.2688514292240143,0.17102068662643433,0.5074072480201721
201904A,2019-11-01 05:45:00,gridsat,SHEAR,1,0.01942582242190838,8.548654295736924e-05,0.05653827637434006,0.4727517366409302,0.8932350277900696,0.4755430519580841,0.009684819728136063,0.00045214840793050826,0.021116025745868683,0.05116759613156319
201905A,2019-11-01 06:15:00,gridsat,CRVBND,0,0.017886880785226822,1.5775063729961403e-05,0.13793577253818512,0.5776787996292114,0.01775776967406273,0.3097829222679138,0.014072091318666935,0.001716437516734004,0.8123474717140198,0.11080606281757355
201904A,2019-11-01 11:45:00,gridsat,CRVBND,1,0.02269032597541809,0.019073380157351494,0.7540749311447144,0.22820255160331726,0.022257382050156593,0.0001718236890155822,0.023864638060331345,0.0682368129491806,0.17711274325847626,0.6843154430389404
201905A,2019-11-01 12:45:00,gridsat,CRVBND,0,0.08901894837617874,0.03307896479964256,0.045331090688705444,0.4324459433555603,0.013437085784971714,0.004397258162498474,0.7743600606918335,0.20818963646888733,0.0778527557849884,0.3218882083892822
201905A,2019-11-02 13:15:00,gridsat,CRVBND,0,0.02968277968466282,0.6788997054100037,0.052350182086229324,0.0473104789853096,0.012155242264270782,0.000225774958380498,0.8144596815109253,0.2570804953575134,0.09135211259126663,0.01648361049592495
201905A,2019-11-02 18:15:00,gridsat,CRVBND,0,0.042920149862766266,0.022447960451245308,0.7495654821395874,0.5438263416290283,0.019011549651622772,0.08857213705778122,0.11561588943004608,0.02570628933608532,0.07288693636655807,0.31944727897644043
201905A,2019-11-02 23:45:00,gridsat,CRVBND,0,0.026163974776864052,0.00816260650753975,0.6381493806838989,0.06600333005189896,0.20815107226371765,0.001741391490213573,0.007739368360489607,0.00745359156280756,0.11979613453149796,0.9166390895843506
201905A,2019-11-03 13:15:00,gridsat,EYE,0,0.013530849479138851,0.7418503165245056,0.0010727347107604146,0.01442389003932476,0.0021207944955676794,2.4752629542490467e-05,0.9787479639053345,0.2165234088897705,0.004527697805315256,0.027177657932043076
201905A,2019-11-03 17:45:00,gridsat,EYE,0,0.9626426696777344,0.503653883934021,0.001822501770220697,0.17763283848762512,0.007829495705664158,0.0014641486341133714,0.00579027459025383,0.16302810609340668,0.02191506326198578,0.15422101318836212
201905A,2019-11-03 23:45:00,gridsat,EYE,0,0.9506714344024658,0.814171314239502,0.0022407735232263803,0.035345833748579025,0.008673367090523243,0.00013054614828433841,0.010514170862734318,0.09511525928974152,0.027900205925107002,0.055237047374248505
201905A,2019-11-04 06:15:00,gridsat,EYE,0,0.9511110186576843,0.598308801651001,0.006493489723652601,0.1454978883266449,0.01184492651373148,0.0012227253755554557,0.0021802904084324837,0.2340259701013565,0.028370315209031105,0.020944645628333092
201905A,2019-11-04 11:45:00,gridsat,EYE,0,0.9670267701148987,0.7507355809211731,0.0039337389171123505,0.031687963753938675,0.010671108029782772,0.00010015492443926632,0.002759136725217104,0.17337381839752197,0.015609252266585827,0.04410252720117569
201905A,2019-11-04 17:45:00,gridsat,EYE,0,0.9596302509307861,0.31380265951156616,0.004101092927157879,0.011812903918325901,0.010728497058153152,2.3177912225946784e-05,0.002496143104508519,0.6183866858482361,0.023043988272547722,0.05597463995218277
201905A,2019-11-05 05:45:00,gridsat,EYE,0,0.12897159159183502,0.8865046501159668,0.02262566052377224,0.004105335101485252,0.005977559369057417,5.039748884883011e-06,0.8075926899909973,0.10624928772449493,0.03483249619603157,0.0031356194522231817
201905A,2019-11-05 11:15:00,gridsat,EMBC,0,0.04853483662009239,0.34911179542541504,0.005725002381950617,0.019809706136584282,0.011190459132194519,4.610176256392151e-05,0.9184615612030029,0.6140999794006348,0.016088156029582024,0.016932416707277298
201905A,2019-11-05 17:45:00,gridsat,CRVBND,0,0.07292617857456207,0.011020801961421967,0.007955926470458508,0.3054504692554474,0.010192318819463253,0.025359196588397026,0.7984715700149536,0.023327112197875977,0.11045396327972412,0.6348423957824707
201905A,2019-11-05 23:45:00,gridsat,CRVBND,0,0.021241771057248116,0.00321228732354939,0.7598224878311157,0.6035977005958557,0.013605799525976181,0.3679988980293274,0.038466766476631165,0.005547984968870878,0.16686317324638367,0.019643131643533707
201905A,2019-11-06 05:15:00,gridsat,CRVBND,0,0.02475835382938385,0.052794840186834335,0.4964887201786041,0.09142358601093292,0.03518933430314064,0.0034144199453294277,0.017765138298273087,0.05258306488394737,0.4257984757423401,0.7997840642929077
201905A,2019-11-06 18:00:00,gridsat,SHEAR,0,0.01051629800349474,5.15260126121575e-07,0.07381343841552734,0.05487056449055672,0.8979754447937012,0.9447686076164246,0.0033906481694430113,1.4740672668267507e-05,0.014304203912615776,0.0003454895340837538
201905A,2019-11-06 23:45:00,gridsat,SHEAR,0,0.004768616985529661,1.3120736441774028e-10,0.02299089916050434,0.002866569207981229,0.9635159969329834,0.9971333742141724,0.0016175536438822746,2.554501610241289e-10,0.007107024546712637,3.256106140270276e-08
201905A,2019-11-07 05:15:00,gridsat,SHEAR,0,0.003168975468724966,4.712167545051216e-09,0.008618442341685295,0.0019010195974260569,0.9841697216033936,0.9980990290641785,0.0011615183902904391,7.635174159581481e-10,0.0028812934178858995,7.760638354170624e-09
201906A,2019-12-03 09:15:00,gridsat,CRVBND,3,0.023511463776230812,0.0006655645556747913,0.6104151606559753,0.7025042176246643,0.2835281789302826,0.05344973877072334,0.05039454996585846,0.02545928582549095,0.03215072676539421,0.21792104840278625
201906A,2019-12-03 15:15:00,gridsat,SHEAR,3,0.01947920210659504,1.5068070752022322e-05,0.4767131507396698,0.4584314525127411,0.4399334788322449,0.535323441028595,0.022398395463824272,0.0019727544859051704,0.041475776582956314,0.004257317632436752
201907A,2019-12-03 15:15:00,gridsat,CRVBND,1,0.1710369884967804,0.21254780888557434,0.6710802912712097,0.1966124027967453,0.022877119481563568,0.00014149407797958702,0.020258449018001556,0.4290892481803894,0.11474713683128357,0.16160906851291656
201906A,2019-12-03 20:15:00,gridsat,CRVBND,3,0.01307939924299717,0.0024848717730492353,0.36288636922836304,0.044595394283533096,0.008919906802475452,0.00014596541586797684,0.04829922690987587,0.030346274375915527,0.5668151378631592,0.9224274754524231
201907A,2019-12-03 20:45:00,gridsat,IRRCDO,1,0.7034599781036377,0.0020636161789298058,0.1572561413049698,0.2528138756752014,0.02633621171116829,0.002412241417914629,0.008560032583773136,0.006751840002834797,0.10438762605190277,0.735958456993103
201906A,2019-12-04 02:45:00,gridsat,EMBC,3,0.021788939833641052,0.040291424840688705,0.6250953078269958,0.01857060007750988,0.023065071552991867,5.090680133434944e-06,0.213259756565094,0.84077388048172,0.11679095774888992,0.10035891085863113
201907A,2019-12-04 03:15:00,gridsat,CRVBND,1,0.029304657131433487,0.00010238315735477954,0.6914424300193787,0.7168789505958557,0.11180930584669113,0.1553991436958313,0.04311242699623108,0.0005570679786615074,0.12433116137981415,0.12706241011619568
201906A,2019-12-04 09:15:00,gridsat,CRVBND,3,0.01502915844321251,0.09896213561296463,0.6971912384033203,0.04765823110938072,0.01232411339879036,6.32992887403816e-05,0.1390678584575653,0.8425514101982117,0.1363876610994339,0.010764886625111103
201907A,2019-12-04 08:45:00,gridsat,SHEAR,1,0.01854754611849785,3.349036958866236e-08,0.012704386375844479,0.028998708352446556,0.9406973123550415,0.9709776639938354,0.01099470816552639,6.216092742761248e-07,0.017056064680218697,2.2988122509559616e-05
201906A,2019-12-04 14:45:00,gridsat,CRVBND,3,0.023271992802619934,0.0010738103883340955,0.2830430269241333,0.691160261631012,0.6429124474525452,0.2871222198009491,0.025429541245102882,0.007010361645370722,0.025342922657728195,0.013633240014314651
201907A,2019-12-04 15:15:00,gridsat,SHEAR,1,0.012652860023081303,1.8583632410695827e-08,0.0032254084944725037,0.002918469486758113,0.9542108774185181,0.9970809817314148,0.009554929099977016,4.7785576384740125e-08,0.020355932414531708,4.264805397724558e-07
201906A,2019-12-04 20:45:00,gridsat,CRVBND,3,0.03231197968125343,0.0003304201236460358,0.5339566469192505,0.29024380445480347,0.2590349018573761,0.006243206560611725,0.07705655694007874,0.02501080557703972,0.09763992577791214,0.6781718134880066
201907A,2019-12-04 20:45:00,gridsat,SHEAR,1,0.014496911317110062,1.1104784869431228e-09,0.0040258197113871574,0.0018439911073073745,0.9532573819160461,0.9981536269187927,0.011841720901429653,8.5822016160364e-08,0.01637819968163967,2.3006393803370884e-06
201906A,2019-12-05 02:45:00,gridsat,CRVBND,3,0.036330562084913254,0.009705393575131893,0.46783626079559326,0.41429615020751953,0.37469062209129333,0.0031889427918940783,0.07211139798164368,0.05594571679830551,0.049031175673007965,0.5168638229370117
201906A,2019-12-05 15:00:00,gridsat,CRVBND,3,0.02049662172794342,0.02498636394739151,0.20605728030204773,0.8155107498168945,0.7283621430397034,0.06196038797497749,0.021959125995635986,0.058935411274433136,0.023124830797314644,0.038607027381658554
201906A,2019-12-05 20:45:00,gridsat,IRRCDO,3,0.03793955594301224,0.005760456435382366,0.5037469863891602,0.024928046390414238,0.35110199451446533,7.787692447891459e-05,0.0641121044754982,0.023011619225144386,0.04309932142496109,0.9462220072746277
201906A,2019-12-06 09:45:00,gridsat,CRVBND,3,0.01869993843138218,0.14610329270362854,0.8282960653305054,0.09275440126657486,0.03476070985198021,0.0004659107362385839,0.08407619595527649,0.7406413555145264,0.03416706994175911,0.02003495953977108
201906A,2019-12-06 14:45:00,gridsat,CRVBND,3,0.01654166355729103,0.0022029762621968985,0.822746753692627,0.7041051983833313,0.022394614294171333,0.153951033949852,0.062014222145080566,0.0071327341720461845,0.07630278170108795,0.13260811567306519
201906A,2019-12-06 20:45:00,gridsat,CRVBND,3,0.02239774353802204,0.00010129679139936343,0.8493481874465942,0.577516496181488,0.07067450135946274,0.3663634955883026,0.02837391570210457,0.00084247364429757,0.02920556254684925,0.05517623946070671
202001B,2020-05-17 09:15:00,gridsat,EMBC,4,0.01889195293188095,0.1758180856704712,0.05133615806698799,0.1222231462597847,0.0021845081355422735,7.877034659031779e-05,0.917410671710968,0.5762721300125122,0.010176677256822586,0.12560787796974182
202001B,2020-05-17 15:15:00,gridsat,EMBC,4,0.8538529872894287,0.09235035628080368,0.006857182364910841,0.05228758975863457,0.00804070569574833,1.4987659596954472e-05,0.11051759123802185,0.6131985783576965,0.020731469616293907,0.2421485334634781
202001B,2020-05-17 20:45:00,gridsat,EYE,4,0.9564186930656433,0.09946200996637344,0.002241205656901002,0.002945548389106989,0.003455412806943059,1.0018511886755732e-07,0.02585168555378914,0.890291690826416,0.012032883241772652,0.007300645112991333
202001B,2020-05-18 02:45:00,gridsat,EYE,4,0.914397120475769,0.24942821264266968,0.004817286506295204,0.003275786992162466,0.0031574976164847612,2.2187985848631797e-07,0.06395093351602554,0.744403064250946,0.013677097856998444,0.002892744494602084
202001B,2020-05-18 08:45:00,gridsat,EYE,4,0.9076069593429565,0.37495526671409607,0.0060273329727351665,0.0030225934460759163,0.004421251825988293,9.720075411223661e-08,0.056953225284814835,0.6191690564155579,0.02499125525355339,0.0028529539704322815
202001B,2020-05-18 15:15:00,gridsat,EYE,4,0.9409807324409485,0.436547189950943,0.0032303978223353624,0.006830911617726088,0.00456592533737421,4.737079279948375e-07,0.03521997109055519,0.5533572435379028,0.016003018245100975,0.003264209721237421
202001B,2020-05-18 22:15:00,gridsat,EMBC,4,0.0303498487919569,0.38738104701042175,0.006796563975512981,0.0036070176865905523,0.003302772529423237,2.9085984465382353e-07,0.9555819034576416,0.6049075722694397,0.003968896809965372,0.004104106221348047
202001B,2020-05-19 07:45:00,gridsat,EMBC,4,0.014354182407259941,0.7119036912918091,0.23757734894752502,0.00306888110935688,0.6598646640777588,3.7497048310797254e-07,0.020479414612054825,0.2833113372325897,0.06772438436746597,0.0017156917601823807
202001B,2020-05-19 15:15:00,gridsat,EMBC,4,0.014708546921610832,0.6958319544792175,0.5627269148826599,0.0008942484273575246,0.2197100818157196,7.028992854429816e-08,0.09243603050708771,0.3023323118686676,0.1104184240102768,0.0009413505322299898
202001B,2020-05-20 01:45:00,gridsat,EMBC,4,0.012792183086276054,0.7756600379943848,0.41065722703933716,0.0014137225225567818,0.004323086701333523,2.9304729309842514e-07,0.5393893718719482,0.22222937643527985,0.03283817321062088,0.0006966082146391273
202002A,2020-06-02 23:45:00,gridsat,EYE,4,0.006965095177292824,0.058000653982162476,0.11253797262907028,0.15486420691013336,0.004107613582164049,0.0005332049913704395,0.7857096791267395,0.38970714807510376,0.0906796082854271,0.3968948423862457
202002A,2020-06-03 06:15:00,gridsat,EYE,4,0.17229384183883667,0.1277915984392166,0.2103024274110794,0.22170628607273102,0.013561812229454517,0.0006378572434186935,0.31190407276153564,0.4773172438144684,0.29193779826164246,0.17254705727100372
202003A,2020-11-22 06:15:00,gridsat,EYE,4,0.8096281886100769,0.47378239035606384,0.032572466880083084,0.10248992592096329,0.010738148353993893,0.0001791187096387148,0.08254842460155487,0.3791966140270233,0.06451266258955002,0.04435195401310921
202003A,2020-11-22 11:45:00,gridsat,EYE,4,0.3033258318901062,0.16108085215091705,0.0588424876332283,0.6569319367408752,0.025649389252066612,0.018586978316307068,0.520980954170227,0.07663625478744507,0.09120134264230728,0.08676397055387497
202003A,2020-11-23 11:45:00,gridsat,SHEAR,4,0.004951782058924437,6.539931405313837e-07,0.05533092841506004,0.0778946802020073,0.9180431962013245,0.9220523238182068,0.003925712313503027,8.295534826174844e-06,0.017748352140188217,4.404101491672918e-05
202003A,2020-11-23 17:45:00,gridsat,SHEAR,4,0.00556929549202323,6.2299463934323285e-06,0.06634245812892914,0.11631926894187927,0.9043183326721191,0.8835936188697815,0.004051901400089264,8.278832865471486e-06,0.019718024879693985,7.253348303493112e-05
202004B,2020-11-23 18:15:00,gridsat,CRVBND,2,0.02085261046886444,6.61681333440356e-05,0.844450831413269,0.7543455958366394,0.017796920612454414,0.21464844048023224,0.0073033529333770275,0.0030349474400281906,0.10959629714488983,0.027904799208045006
202003A,2020-11-23 23:45:00,gridsat,CRVBND,4,0.007094999775290489,0.004779251758009195,0.09646683186292648,0.6297528147697449,0.8486924171447754,0.28461140394210815,0.00843191146850586,0.000989654567092657,0.03931378200650215,0.07986679673194885
202004B,2020-11-23 23:45:00,gridsat,CRVBND,2,0.006737838964909315,0.07990285009145737,0.8845901489257812,0.3853672444820404,0.013479874469339848,0.0009342256817035377,0.005302574951201677,0.24143370985984802,0.08988957852125168,0.2923619747161865
202003A,2020-11-24 05:15:00,gridsat,CRVBND,4,0.006076007150113583,0.005693349055945873,0.09032252430915833,0.7264587879180908,0.8556042909622192,0.23864690959453583,0.008705122396349907,0.0010907085379585624,0.03929207846522331,0.02811015583574772
202004B,2020-11-25 06:45:00,gridsat,EMBC,2,0.062324028462171555,0.32341620326042175,0.6123377084732056,0.048844244331121445,0.009863995015621185,8.133093797368929e-05,0.22471456229686737,0.6208701133728027,0.09075966477394104,0.0067881206050515175
202004B,2020-11-25 13:15:00,gridsat,EMBC,2,0.025495802983641624,0.618380069732666,0.49073830246925354,0.014339124783873558,0.005469248164445162,8.056880687945522e-06,0.15552528202533722,0.3618878722190857,0.3227713406085968,0.005384818185120821
202004B,2020-11-25 18:45:00,gridsat,IRRCDO,2,0.0356476716697216,0.05700252577662468,0.24420039355754852,0.34356454014778137,0.01173044741153717,0.00448983209207654,0.6647890210151672,0.3416718542575836,0.0436323918402195,0.25327128171920776
202005B,2020-12-01 19:30:00,gridsat,EMBC,1,0.030614828690886497,0.35213276743888855,0.8444929718971252,0.01870613731443882,0.028435833752155304,6.88928821546142e-07,0.03587470203638077,0.5961859226226807,0.06058170646429062,0.0329744927585125
202005B,2020-12-02 01:15:00,gridsat,EMBC,1,0.025842340663075447,0.6216762065887451,0.11425696313381195,0.007883487269282341,0.020440133288502693,3.5726284863812907e-07,0.7434537410736084,0.3638837933540344,0.0960068479180336,0.006556163541972637
202005B,2020-12-02 11:15:00,gridsat,CRVBND,1,0.02101256139576435,0.007281419821083546,0.9347119331359863,0.6890538334846497,0.011495431885123253,0.004256089683622122,0.006715167313814163,0.12470653653144836,0.026064828038215637,0.17470218241214752
202005B,2020-12-02 17:45:00,gridsat,CRVBND,1,0.033109720796346664,0.00020780556951649487,0.8513322472572327,0.6909300684928894,0.01726708374917507,0.01802537962794304,0.010134309530258179,0.0057381149381399155,0.08815669268369675,0.2850985527038574
202005B,2020-12-02 22:45:00,gridsat,EMBC,1,0.011915827170014381,0.09468737989664078,0.002569278934970498,0.06814133375883102,0.010950664058327675,8.022157089726534e-06,0.9446213841438293,0.7675883173942566,0.029942911118268967,0.0695749819278717
202005B,2020-12-03 06:45:00,gridsat,CRVBND,1,0.035976164042949677,0.07480727881193161,0.7773491740226746,0.6390863656997681,0.023246821016073227,0.002214019652456045,0.11318931728601456,0.1440717726945877,0.05023851990699768,0.13982056081295013
202005B,2020-12-03 12:00:00,gridsat,CRVBND,1,0.02270565927028656,0.0003296353970654309,0.9006151556968689,0.6132966876029968,0.020612310618162155,0.37218809127807617,0.01137284655123949,0.002657587407156825,0.044694025069475174,0.011527987197041512
202005B,2020-12-03 23:45:00,gridsat,CRVBND,1,0.04706140235066414,0.00013780964945908636,0.845628559589386,0.7771787047386169,0.05255351960659027,0.07198483496904373,0.015182264149188995,0.0021452174987643957,0.039574239403009415,0.1485535055398941
202005B,2020-12-04 06:15:00,gridsat,CRVBND,1,0.0275043286383152,0.0001477097684983164,0.7723171710968018,0.7806046009063721,0.14426016807556152,0.1992579996585846,0.02662869542837143,0.002118743723258376,0.02928968146443367,0.017870992422103882
202005B,2020-12-04 11:45:00,gridsat,CRVBND,1,0.033418335020542145,0.00484401173889637,0.828404426574707,0.8223094940185547,0.07791382074356079,0.036183301359415054,0.011896837502717972,0.03573571518063545,0.048366572707891464,0.10092741250991821
202005B,2020-12-05 05:15:00,gridsat,CRVBND,1,0.045198068022727966,0.07867597043514252,0.8372839689254761,0.7891166806221008,0.017417026683688164,0.014554223977029324,0.020612476393580437,0.09132632613182068,0.07948852330446243,0.02632683888077736
202101A,2021-05-14 09:45:00,gridsat,CRVBND,1,0.036190323531627655,0.0005884900456294417,0.8798500895500183,0.7836984395980835,0.01209093164652586,0.0208921879529953,0.011483389884233475,0.011390375904738903,0.06038529425859451,0.1834305077791214
202101A,2021-05-14 15:15:00,gridsat,CRVBND,1,0.05861848220229149,0.0010905361268669367,0.7357418537139893,0.2733044922351837,0.029732031747698784,0.00025187007850036025,0.012020756490528584,0.03308597207069397,0.1638869196176529,0.692267119884491
202101A,2021-05-14 20:15:00,gridsat,CRVBND,1,0.03052237629890442,0.029498720541596413,0.0057418555952608585,0.11435750126838684,0.013838670216500759,1.225814594363328e-05,0.024060619994997978,0.29064229130744934,0.9258365631103516,0.5654892921447754
202101A,2021-05-15 03:15:00,gridsat,EMBC,1,0.018039345741271973,0.25670403242111206,0.004188051912933588,0.00545121356844902,0.01257967110723257,8.034682252855418e-08,0.9456111192703247,0.732880175113678,0.019581763073801994,0.004964524880051613
202101A,2021-05-15 21:15:00,gridsat,EMBC,1,0.015815075486898422,0.25560635328292847,0.0019275445956736803,0.001820275792852044,0.010353300720453262,8.253464578444891e-09,0.9352272748947144,0.7396243214607239,0.03667687252163887,0.002949127461761236
202101A,2021-05-16 09:15:00,gridsat,EYE,1,0.9719931483268738,0.41754788160324097,0.0034577057231217623,0.008450600318610668,0.005619239527732134,2.0714062998195004e-07,0.006198320537805557,0.5657909512519836,0.012731555849313736,0.008210370317101479
202101A,2021-05-16 15:15:00,gridsat,EYE,1,0.9660950303077698,0.5347278118133545,0.0044611128978431225,0.006552339997142553,0.00763859273865819,1.0347946499678073e-07,0.007083602249622345,0.44907256960868835,0.014721645973622799,0.009647095575928688
202101A,2021-05-16 21:15:00,gridsat,EYE,1,0.9561669826507568,0.6536983847618103,0.005474974401295185,0.004895699210464954,0.012525960803031921,9.271907686070335e-08,0.007484091445803642,0.3383403718471527,0.01834801770746708,0.0030655001755803823
202101A,2021-05-17 02:45:00,gridsat,EYE,1,0.964158296585083,0.7881547212600708,0.004682282451540232,0.002239261521026492,0.008912142366170883,5.2791634175264335e-08,0.007566704414784908,0.20858362317085266,0.014680501073598862,0.0010223216377198696
202101A,2021-05-17 09:15:00,gridsat,EYE,1,0.9706124067306519,0.6088563203811646,0.003626107471063733,0.021023578941822052,0.007483488414436579,1.8672693613552838e-06,0.005465044640004635,0.3631010949611664,0.012812920846045017,0.007017198484390974
202101A,2021-05-17 15:15:00,gridsat,EYE,1,0.9716039299964905,0.6379607915878296,0.0035107105504721403,0.026332320645451546,0.007111894432455301,1.884498487925157e-06,0.004968426655977964,0.32128238677978516,0.0128050921484828,0.014422586187720299
202102B,2021-05-24 03:15:00,gridsat,CRVBND,3,0.0216615442186594,1.2720933000309742e-06,0.7568553686141968,0.6379321217536926,0.038340575993061066,0.3378753662109375,0.09133435040712357,0.0004350059316493571,0.09180817008018494,0.023756276816129684
202102B,2021-05-24 08:45:00,gridsat,CRVBND,3,0.02456747554242611,9.084626981348265e-06,0.855408251285553,0.8146287202835083,0.05547710880637169,0.11034288257360458,0.039090923964977264,0.0007487810798920691,0.0254562646150589,0.07427038997411728
202102B,2021-05-24 15:15:00,gridsat,CRVBND,3,0.012863450683653355,6.70789995638188e-06,0.29398059844970703,0.7278326749801636,0.04714635759592056,0.06578885763883591,0.018008355051279068,0.0016717822290956974,0.6280012130737305,0.2047000378370285
202102B,2021-05-25 15:15:00,gridsat,EMBC,3,0.11627867072820663,0.017948638647794724,0.2760458290576935,0.4343404471874237,0.01220772322267294,0.0016136141493916512,0.4533161520957947,0.23502278327941895,0.14215166866779327,0.31107455492019653
202103B,2021-09-24 12:10:00,gridsat,CRVBND,2,0.00118478003423661,0.009351128712296486,0.02922210842370987,0.662756085395813,0.004099228885024786,0.028793329373002052,0.0005565702449530363,0.05106574296951294,0.9649372696876526,0.24803364276885986
202103B,2021-09-24 18:15:00,gridsat,CRVBND,2,0.05380015820264816,0.15478689968585968,0.32090142369270325,0.19807089865207672,0.507678747177124,0.0011637461138889194,0.019965259358286858,0.23407848179340363,0.09765446186065674,0.41190001368522644
202103B,2021-09-25 18:15:00,gridsat,IRRCDO,2,0.004365576896816492,0.056032124906778336,0.10203824192285538,0.02929086983203888,0.0012258377391844988,2.079598380078096e-05,0.0033158801961690187,0.04872509092092514,0.8890544772148132,0.8659310936927795
202103B,2021-09-26 00:15:00,gridsat,IRRCDO,2,0.00453704409301281,0.0003769581380765885,0.9359720945358276,0.4420163631439209,0.017751451581716537,0.01079393271356821,0.0006521164905279875,0.005221011117100716,0.04108716920018196,0.5415917038917542
202103B,2021-09-26 06:15:00,gridsat,EMBC,2,0.017453014850616455,0.01306406781077385,0.3206821084022522,0.08978644758462906,0.13366346061229706,2.4502895030309446e-05,0.07788293063640594,0.08536646515130997,0.45031851530075073,0.8117585182189941
202103A,2021-10-01 00:45:00,gridsat,EMBC,4,0.01058244425803423,0.10443153977394104,0.1461891084909439,0.15125654637813568,0.007818737998604774,0.0003093373670708388,0.7917680144309998,0.6074713468551636,0.043641749769449234,0.13653124868869781
202103A,2021-10-01 06:15:00,gridsat,EMBC,4,0.023231009021401405,0.37833693623542786,0.03809373825788498,0.011332521215081215,0.021747715771198273,7.765217560518067e-06,0.8974512815475464,0.5953496694564819,0.019476253539323807,0.014973059296607971
202103A,2021-10-01 12:45:00,gridsat,EMBC,4,0.017870549112558365,0.7083866596221924,0.5794376730918884,0.029596325010061264,0.030448580160737038,0.00011647053179331124,0.3033285140991211,0.25342124700546265,0.06891468167304993,0.0084793446585536
202103A,2021-10-01 18:15:00,gridsat,EYE,4,0.4595072865486145,0.2627280652523041,0.03536567464470863,0.1845410168170929,0.0032839614432305098,0.0017236456042155623,0.47543632984161377,0.2323402613401413,0.026406655088067055,0.3186670243740082
202103A,2021-10-02 00:15:00,gridsat,CRVBND,4,0.044128645211458206,0.028924012556672096,0.34217020869255066,0.42752760648727417,0.0045032682828605175,0.022925203666090965,0.31526243686676025,0.038614384829998016,0.2939354181289673,0.4820087254047394
202103A,2021-10-02 06:15:00,gridsat,EYE,4,0.4802129864692688,0.023047305643558502,0.06705727428197861,0.2919052541255951,0.006583564914762974,0.006114918272942305,0.3973331153392792,0.07785026729106903,0.048813123255968094,0.6010822057723999
202103A,2021-10-02 18:15:00,gridsat,EMBC,4,0.06550555676221848,0.10308550298213959,0.6519310474395752,0.6889355182647705,0.04470457136631012,0.03666592016816139,0.17667894065380096,0.058921679854393005,0.061179857701063156,0.1123913899064064
202103A,2021-10-03 00:15:00,gridsat,CRVBND,4,0.010697213932871819,0.06344975531101227,0.8454771637916565,0.6912318468093872,0.032111264765262604,0.05647215247154236,0.040318023413419724,0.04530514404177666,0.07139632105827332,0.14354106783866882
202103A,2021-10-03 06:15:00,gridsat,EYE,4,0.25241759419441223,0.05005117133259773,0.09863008558750153,0.8164364695549011,0.057709161192178726,0.02539796009659767,0.429972767829895,0.025886638090014458,0.1612703949213028,0.08222779631614685
202104B,2021-11-11 11:45:00,gridsat,CRVBND,3,0.023574629798531532,6.224629032658413e-05,0.7309148907661438,0.8308022618293762,0.10679075121879578,0.1445099413394928,0.08147189766168594,0.004301170818507671,0.05724772438406944,0.0203242264688015
202105B,2021-12-03 08:45:00,gridsat,CRVBND,4,0.016994021832942963,0.001783926971256733,0.3889167606830597,0.6876379251480103,0.10544083267450333,0.01236373744904995,0.3812252879142761,0.08717091381549835,0.10742306709289551,0.2110435664653778
202105B,2021-12-03 21:15:00,gridsat,CRVBND,4,0.0047365291975438595,4.285247086954769e-06,0.06479740142822266,0.31739622354507446,0.8830254077911377,0.6773543953895569,0.005582949612289667,0.00026935985079035163,0.041857678443193436,0.004975718446075916
202105B,2021-12-04 03:15:00,gridsat,CRVBND,4,0.0012862253934144974,0.0003657451889012009,0.016402626410126686,0.15282131731510162,0.010837830603122711,0.00474409107118845,0.002755660330876708,0.0075580705888569355,0.9687176942825317,0.8345108032226562
202105B,2021-12-04 08:15:00,gridsat,IRRCDO,4,0.019900821149349213,0.011853148229420185,0.30699852108955383,0.16308246552944183,0.2534635663032532,0.0008880590903572738,0.020900746807456017,0.07984867691993713,0.39873629808425903,0.7443276047706604
202105B,2021-12-04 15:15:00,gridsat,CRVBND,4,0.011854466050863266,0.00012080492888344452,0.516807496547699,0.6829724907875061,0.20227913558483124,0.05130184069275856,0.05275283008813858,0.004216596484184265,0.21630612015724182,0.2613883316516876
202105B,2021-12-04 21:15:00,gridsat,CRVBND,4,0.012861141934990883,4.707325388153549e-06,0.22038474678993225,0.5900969505310059,0.5815655589103699,0.34611690044403076,0.0249172430485487,0.0004686139873228967,0.1602712720632553,0.06331279128789902
202105B,2021-12-05 09:15:00,gridsat,CRVBND,4,0.014209527522325516,0.08517012745141983,0.22510653734207153,0.11952130496501923,0.6591415405273438,0.00019103108206763864,0.021533332765102386,0.43559905886650085,0.08000914007425308,0.359518438577652
202105B,2021-12-05 14:45:00,gridsat,IRRCDO,4,0.012570741586387157,5.772714575869031e-05,0.5128049254417419,0.640399158000946,0.17640715837478638,0.06389731913805008,0.09887370467185974,0.0011701304465532303,0.1993434727191925,0.29447561502456665
202201B,2022-03-04 20:45:00,gridsat,CRVBND,2,0.004073358606547117,0.11307090520858765,0.9694905281066895,0.6743568181991577,0.0029683427419513464,0.041023071855306625,0.008888284675776958,0.09864845126867294,0.014579483307898045,0.07290076464414597
202201B,2022-03-05 03:15:00,gridsat,CRVBND,2,0.01136249490082264,0.026405056938529015,0.921130895614624,0.6891676783561707,0.023410435765981674,0.026244785636663437,0.009491044096648693,0.026209717616438866,0.03460508957505226,0.23197269439697266
202201B,2022-03-05 09:15:00,gridsat,CRVBND,2,0.04385513812303543,0.0010061666835099459,0.4936675429344177,0.7337188124656677,0.3088565170764923,0.23540888726711273,0.07034539431333542,0.004920815583318472,0.0832754448056221,0.02494526095688343
202201B,2022-03-05 15:15:00,gridsat,CRVBND,2,0.030896145850419998,0.00023105036234483123,0.11551352590322495,0.40314897894859314,0.7865249514579773,0.5938892364501953,0.017253298312425613,0.0008896056679077446,0.04981207475066185,0.0018410793272778392
202201B,2022-03-05 21:15:00,gridsat,SHEAR,2,0.009281696751713753,8.011097088456154e-05,0.041547950357198715,0.2284640371799469,0.9364215135574341,0.7705754637718201,0.004152350127696991,0.00036698096664622426,0.00859648734331131,0.0005133782397024333
202201B,2022-03-06 03:15:00,gridsat,SHEAR,2,0.010068749077618122,7.100427865225356e-06,0.011124742217361927,0.052107952535152435,0.9554534554481506,0.947807788848877,0.005953629035502672,2.787123594316654e-05,0.017399493604898453,4.930243449052796e-05
202201B,2022-03-06 09:15:00,gridsat,SHEAR,2,0.005257286597043276,3.2811990990921913e-07,0.0079838577657938,0.00547628803178668,0.9712087512016296,0.9945229291915894,0.004297818057239056,4.856360646954272e-07,0.011252275668084621,5.085227527956704e-08
202202B,2022-05-07 09:10:00,gridsat,IRRCDO,0,0.04494434595108032,0.011609348468482494,0.0346858985722065,0.14391545951366425,0.009103616699576378,5.8460256695980206e-05,0.07851170003414154,0.14599232375621796,0.8327544331550598,0.6984243988990784
202202B,2022-05-08 03:15:00,gridsat,EMBC,0,0.006004054564982653,0.1414383351802826,0.002040624152868986,0.0018816638039425015,0.005891174543648958,2.160329515277226e-08,0.9792605042457581,0.8549613356590271,0.006803530268371105,0.0017186199547722936
202202B,2022-05-08 19:45:00,gridsat,IRRCDO,0,0.03087613917887211,0.000780915783252567,0.09109499305486679,0.07674166560173035,0.029904279857873917,5.0486039981478825e-05,0.34930774569511414,0.040854986757040024,0.49881690740585327,0.881571888923645
202202B,2022-05-09 03:45:00,gridsat,IRRCDO,0,0.017924556508660316,0.019993320107460022,0.013722620904445648,0.0411725714802742,0.014408995397388935,8.716616321180481e-06,0.5343176126480103,0.46277058124542236,0.4196261465549469,0.4760547876358032
202202B,2022-05-10 02:15:00,gridsat,EMBC,0,0.03299081325531006,0.1575978547334671,0.0662180706858635,0.023961279541254044,0.01957756094634533,4.946674835082376e-06,0.7685150504112244,0.7831951975822449,0.11269848048686981,0.035240672528743744
202202B,2022-05-10 10:15:00,gridsat,EMBC,0,0.021852385252714157,0.124664306640625,0.024110684171319008,0.06662343442440033,0.02707807905972004,9.357508679386228e-05,0.32544612884521484,0.3101508319377899,0.6015127301216125,0.4984678626060486
202202B,2022-05-10 20:45:00,gridsat,CRVBND,0,0.022961141541600227,0.0014102283166721463,0.776617705821991,0.7767581939697266,0.057317428290843964,0.04890625178813934,0.0052398452535271645,0.062109824270009995,0.13786384463310242,0.11081539839506149
202202B,2022-05-11 02:45:00,gridsat,EMBC,0,0.1478392630815506,0.25898876786231995,0.18736165761947632,0.01781301386654377,0.0312836728990078,1.4503591955872253e-05,0.5426813364028931,0.6815032362937927,0.09083408117294312,0.04168050363659859
202202B,2022-05-11 07:45:00,gridsat,IRRCDO,0,0.025280967354774475,0.009699411690235138,0.19941435754299164,0.38317352533340454,0.010265948250889778,0.00508413789793849,0.10815776139497757,0.08954501897096634,0.6568809747695923,0.5124978423118591
202203A,2022-08-12 08:15:00,gridsat,CRVBND,3,0.019449753686785698,0.0023058876395225525,0.9072772860527039,0.8271684646606445,0.043184153735637665,0.09443123638629913,0.01686679571866989,0.013475347310304642,0.013221998699009418,0.06261908262968063
202203A,2022-08-12 15:15:00,gridsat,SHEAR,3,0.028556380420923233,4.799572934643948e-07,0.5466084480285645,0.05843081325292587,0.35920578241348267,0.9415526390075684,0.015183841809630394,7.475110123777995e-06,0.0504455491900444,8.520471055817325e-06
202203A,2022-08-12 21:15:00,gridsat,SHEAR,3,0.027684928849339485,5.357879899747786e-07,0.6049651503562927,0.03112679161131382,0.2780248522758484,0.9688693284988403,0.021902604028582573,1.736287458697916e-06,0.0674225240945816,1.5612667993991636e-06
202203A,2022-08-13 09:15:00,gridsat,SHEAR,3,0.00939685758203268,3.6716173212880676e-07,0.06677109748125076,0.003501889295876026,0.9068735837936401,0.9964972138404846,0.005950763821601868,4.85125667637476e-07,0.011007680557668209,1.7118107109581615e-07
202203A,2022-08-13 15:15:00,gridsat,SHEAR,3,0.0052486867643892765,1.3919334662659821e-07,0.02291363850235939,0.001620195573195815,0.9603762626647949,0.9983793497085571,0.0036899480037391186,2.0507154374627135e-07,0.007771453354507685,7.866862006267183e-08
202203A,2022-08-13 21:15:00,gridsat,SHEAR,3,0.008822211995720863,3.399534762138501e-05,0.041107192635536194,0.03348424285650253,0.9330198764801025,0.9663993120193481,0.006571629550307989,4.365775384940207e-05,0.010479160584509373,3.87869295082055e-05
202204B,2022-08-19 00:15:00,gridsat,CRVBND,1,0.0294762272387743,2.687234200493549e-06,0.9048566222190857,0.6361643075942993,0.017101166769862175,0.30389344692230225,0.009093783795833588,0.00018881108553614467,0.03947223350405693,0.05975073575973511
202204B,2022-08-19 06:45:00,gridsat,CRVBND,1,0.04704112559556961,0.06293728202581406,0.6591994166374207,0.37619078159332275,0.035595543682575226,0.00031726303859613836,0.13780349493026733,0.4179033935070038,0.12036041170358658,0.14265131950378418
202204B,2022-08-19 11:15:00,gridsat,CRVBND,1,0.014327281154692173,0.027494996786117554,0.018874766305088997,0.4271848201751709,0.007177152205258608,0.0009370811167173088,0.005346004385501146,0.09595515578985214,0.9542747735977173,0.4484279453754425
202205B,2022-10-23 15:15:00,gridsat,CRVBND,2,0.009194313548505306,0.0006286556017585099,0.9593966007232666,0.8901085257530212,0.009389412589371204,0.03568827360868454,0.012397884391248226,0.01721358671784401,0.009621797129511833,0.05636096000671387
202205B,2022-10-23 20:15:00,gridsat,CRVBND,2,0.023539705201983452,0.0032667159102857113,0.7691596150398254,0.7088032364845276,0.007681743707507849,0.005785982124507427,0.16358044743537903,0.023752247914671898,0.03603849560022354,0.2583918869495392
202205B,2022-10-24 01:45:00,gridsat,CRVBND,2,0.01653677225112915,0.017350688576698303,0.5251657366752625,0.5187624096870422,0.01702788844704628,0.0010356656275689602,0.09167936444282532,0.15625987946987152,0.3495902717113495,0.30659130215644836
202205B,2022-10-24 09:15:00,gridsat,CRVBND,2,0.02305583283305168,0.10454485565423965,0.7143279910087585,0.27611392736434937,0.012969603762030602,0.0005870086024515331,0.04028606042265892,0.5472548007965088,0.20936042070388794,0.07149936258792877
202205B,2022-10-24 15:15:00,gridsat,CRVBND,2,0.018821075558662415,0.0048395744524896145,0.7189058661460876,0.7750475406646729,0.0641619861125946,0.01040793675929308,0.14605838060379028,0.0673191174864769,0.05205269530415535,0.1423858255147934
202206B,2022-12-08 12:15:00,gridsat,IRRCDO,3,0.021681681275367737,0.010268420912325382,0.20386822521686554,0.294216513633728,0.01242187712341547,0.0010047408286482096,0.1663518249988556,0.045127034187316895,0.5956763625144958,0.6493832468986511
202206B,2022-12-08 18:15:00,gridsat,EMBC,3,0.028710948303341866,0.05125413462519646,0.7276322245597839,0.7111372947692871,0.035487446933984756,0.0038595523219555616,0.03750945255160332,0.15801984071731567,0.17065991461277008,0.07572930306196213
202206B,2022-12-09 00:15:00,gridsat,CRVBND,3,0.10029355436563492,0.019644252955913544,0.6313666701316833,0.46352988481521606,0.009343915618956089,0.0026481314562261105,0.20381981134414673,0.1554195135831833,0.0551760159432888,0.35875824093818665
202206B,2022-12-09 06:15:00,gridsat,CRVBND,3,0.031076403334736824,0.005917669273912907,0.7735742926597595,0.5875874757766724,0.13254870474338531,0.04715397581458092,0.044300951063632965,0.09213699400424957,0.018499627709388733,0.2672039270401001
202206B,2022-12-09 12:15:00,gridsat,CRVBND,3,0.026356585323810577,0.00015305606939364225,0.7285071611404419,0.5640044808387756,0.07122374325990677,0.17393912374973297,0.03919285908341408,0.0015782174887135625,0.1347196251153946,0.2603251338005066
202206B,2022-12-09 17:45:00,gridsat,CRVBND,3,0.015055336058139801,3.419480344746262e-05,0.11797230690717697,0.39025190472602844,0.837846577167511,0.5875731110572815,0.0115727623924613,0.0008303087088279426,0.01755302958190441,0.021310441195964813
202207A,2022-12-15 15:15:00,gridsat,CRVBND,4,0.01799602247774601,0.0011385694378986955,0.16534638404846191,0.6518142223358154,0.15716871619224548,0.05699450522661209,0.010924583300948143,0.003766197245568037,0.6485642790794373,0.28628644347190857
202207A,2022-12-15 21:15:00,gridsat,SHEAR,4,0.021776948124170303,2.6706254629971227e-06,0.3358067274093628,0.43562379479408264,0.3427361845970154,0.5049882531166077,0.030254455283284187,7.558867218904197e-05,0.26942574977874756,0.059309687465429306
202207A,2022-12-16 03:15:00,gridsat,SHEAR,4,0.013345358893275261,6.354761694638e-08,0.31488174200057983,0.13473758101463318,0.5847162008285522,0.8649358749389648,0.025435294955968857,6.5565282056923024e-06,0.061621345579624176,0.00031993177253752947
202207A,2022-12-16 08:45:00,gridsat,SHEAR,4,0.005821118596941233,3.038876883465491e-08,0.0693398043513298,0.072907954454422,0.8757697939872742,0.9267063736915588,0.004530107602477074,1.408720208928571e-06,0.044539161026477814,0.00038419000338763
202207A,2022-12-16 15:15:00,gridsat,SHEAR,4,0.0028209129814058542,7.018661207780497e-09,0.0418875552713871,0.022558853030204773,0.9285264611244202,0.9774232506752014,0.0023339276667684317,2.543528410114959e-07,0.02443118765950203,1.766826244420372e-05
202207A,2022-12-16 21:15:00,gridsat,SHEAR,4,0.0028149248100817204,1.8534231571720738e-07,0.015685049816966057,0.003317645750939846,0.9667704105377197,0.9966819882392883,0.001135669881477952,1.8556471914621397e-08,0.013594009913504124,6.844487643320463e-08
202207A,2022-12-17 03:15:00,gridsat,SHEAR,4,0.005711358040571213,3.510997703415342e-05,0.042253486812114716,0.3077729344367981,0.8962326645851135,0.5532273054122925,0.00812240969389677,2.914151809818577e-05,0.0476800873875618,0.13893549144268036
202301B,2023-05-11 08:30:00,gridsat,EMBC,1,0.022058557718992233,0.1570519655942917,0.011559752747416496,0.045034829527139664,0.012994816526770592,3.8240154935920145e-06,0.9340782165527344,0.7704070806503296,0.01930859312415123,0.027502266690135002
202301B,2023-05-11 14:30:00,gridsat,EYE,1,0.021285833790898323,0.3526220917701721,0.012994532473385334,0.02602502517402172,0.015147638507187366,1.3402823242358863e-06,0.9252142906188965,0.565332293510437,0.025357700884342194,0.056019265204668045
202301B,2023-05-12 09:00:00,gridsat,EMBC,1,0.13872040808200836,0.31645774841308594,0.00702508632093668,0.01134803518652916,0.014338742941617966,5.037995833845343e-07,0.797898530960083,0.6599417328834534,0.04201727733016014,0.012251950800418854
202301B,2023-05-12 15:00:00,gridsat,EYE,1,0.9628066420555115,0.489494651556015,0.0036468433681875467,0.007435156963765621,0.008175548166036606,1.497201367328671e-07,0.008747320622205734,0.4852256178855896,0.01662362553179264,0.017844386398792267
202301B,2023-05-12 20:30:00,gridsat,EYE,1,0.013006539084017277,0.33399519324302673,0.004773091524839401,0.0056821187026798725,0.00940689817070961,8.175541665877972e-08,0.958825409412384,0.6539801359176636,0.01398809626698494,0.006342511158436537
202301B,2023-05-13 03:00:00,gridsat,EMBC,1,0.1145746260881424,0.5229935646057129,0.005624342709779739,0.0010727758053690195,0.025525085628032684,8.100080606254778e-09,0.8217530250549316,0.4748917520046234,0.032522864639759064,0.0010419205063953996
202301B,2023-05-13 15:30:00,gridsat,EMBC,1,0.9726707339286804,0.33586710691452026,0.0027402148116379976,0.002033011754974723,0.00661382544785738,9.477259865775522e-09,0.005879530683159828,0.6595004200935364,0.012095705606043339,0.0025994470342993736
202301B,2023-05-13 21:30:00,gridsat,EYE,1,0.9685946702957153,0.5561612844467163,0.003825905965641141,0.001458883285522461,0.007958359085023403,6.559670140404705e-09,0.007263091392815113,0.4411778450012207,0.012358046136796474,0.0012020308058708906
202302A,2023-06-06 09:00:00,gridsat,CRVBND,0,0.015561684034764767,0.11000729352235794,0.7748597860336304,0.31423813104629517,0.013599172234535217,0.003953541163355112,0.03279044106602669,0.4068309962749481,0.16318891942501068,0.16496990621089935
202302A,2023-06-06 15:30:00,gridsat,EMBC,0,0.11021307855844498,0.3304559886455536,0.010226963087916374,0.008978880941867828,0.014479985460639,4.580021595756989e-06,0.5074167847633362,0.6080852746963501,0.35766318440437317,0.05247528478503227
202302A,2023-06-07 16:00:00,gridsat,IRRCDO,0,0.018322892487049103,0.03660236671566963,0.0926472544670105,0.070827916264534,0.0077191670425236225,0.00036622825427912176,0.016923734918236732,0.21735882759094238,0.864387035369873,0.6748446822166443
202302A,2023-06-08 03:00:00,gridsat,EYE,0,0.061680614948272705,0.018526382744312286,0.7275891304016113,0.3224281072616577,0.008915835991501808,0.004720511380583048,0.09359760582447052,0.12085399776697159,0.1082167774438858,0.5334709882736206
202302A,2023-06-08 09:00:00,gridsat,IRRCDO,0,0.020802978426218033,0.0018583355704322457,0.1985214799642563,0.07850492745637894,0.007915524765849113,0.0022371201775968075,0.0068367174826562405,0.0052184308879077435,0.7659233212471008,0.9121811985969543
202302A,2023-06-08 15:00:00,gridsat,IRRCDO,0,0.00795732531696558,6.912681419635192e-05,0.08752556890249252,0.06269676983356476,0.005348665174096823,0.0027996250428259373,0.003120683366432786,0.0013207100564613938,0.8960477113723755,0.9331137537956238
202302A,2023-06-09 03:00:00,gridsat,EMBC,0,0.025098087266087532,0.0631365105509758,0.016086246818304062,0.014061104506254196,0.012351141311228275,4.3789282244688366e-06,0.18512381613254547,0.4991909861564636,0.7613407969474792,0.4236069917678833
202303B,2023-06-09 09:00:00,gridsat,SHEAR,2,0.030287418514490128,2.5910051135724643e-06,0.24638645350933075,0.35904601216316223,0.6229527592658997,0.22111916542053223,0.019472578540444374,0.00021378851670306176,0.08090075105428696,0.4196184277534485
202302A,2023-06-09 15:00:00,gridsat,IRRCDO,0,0.03137895092368126,0.0005942729767411947,0.5337122082710266,0.032764967530965805,0.01854223757982254,0.0011143787996843457,0.010031266137957573,0.005938097834587097,0.40633535385131836,0.959588348865509
202303B,2023-06-09 15:00:00,gridsat,SHEAR,2,0.02344028279185295,1.6675465303706005e-05,0.20063011348247528,0.32255226373672485,0.7086275219917297,0.360105961561203,0.014812948182225227,0.0005198728176765144,0.05248913913965225,0.31680524349212646
202302A,2023-06-09 20:30:00,gridsat,EMBC,0,0.01672733761370182,0.1295011043548584,0.014587966725230217,0.001747729373164475,0.004189272876828909,9.022990354878857e-08,0.07754877209663391,0.8534796237945557,0.8869466185569763,0.015271496959030628
202303B,2023-06-09 21:00:00,gridsat,CRVBND,2,0.004602680914103985,0.0005051662446931005,0.8906708359718323,0.3639691174030304,0.018890216946601868,0.010212339460849762,0.00453612208366394,0.005560028366744518,0.08130007982254028,0.619753360748291
202302A,2023-06-10 03:00:00,gridsat,EMBC,0,0.01949606090784073,0.19184735417366028,0.0038816158194094896,0.01938890665769577,0.01714181900024414,7.871099114709068e-06,0.9488077759742737,0.7180883884429932,0.010672729462385178,0.07066749036312103
202303B,2023-06-10 03:10:00,gridsat,CRVBND,2,0.052312273532152176,0.01880715787410736,0.7423715591430664,0.4280657470226288,0.13615261018276215,0.004855384584516287,0.02423412911593914,0.10592160373926163,0.04492946341633797,0.4423501491546631
202302A,2023-06-10 09:00:00,gridsat,CRVBND,0,0.02171279676258564,4.063178948854329e-08,0.34374070167541504,0.13104978203773499,0.06054416671395302,0.8671593070030212,0.014835670590400696,3.6122146411798894e-05,0.559166669845581,0.0017547880997881293
202303B,2023-06-10 08:10:00,gridsat,CRVBND,2,0.019619356840848923,0.0005615499103441834,0.26899707317352295,0.6647354364395142,0.6125059127807617,0.28645747900009155,0.020134296268224716,0.004806382581591606,0.0787433609366417,0.043439220637083054
202302A,2023-06-10 14:00:00,gridsat,EMBC,0,0.04768539220094681,0.17058975994586945,0.013138475827872753,0.027366317808628082,0.008823859505355358,2.202392352046445e-05,0.12874571979045868,0.4163382947444916,0.8016065955162048,0.3856835961341858
202302A,2023-06-11 02:00:00,gridsat,SHEAR,0,0.021143091842532158,1.792151778090556e-07,0.5060878396034241,0.22359108924865723,0.047472357749938965,0.7751756906509399,0.006924429442733526,0.00023658447025809437,0.41837233304977417,0.0009964469354599714
202302A,2023-06-11 08:30:00,gridsat,EMBC,0,0.11816906183958054,0.18351569771766663,0.005179756321012974,0.03891918435692787,0.016079233959317207,5.989290002617054e-05,0.8221755623817444,0.6443999409675598,0.03839631378650665,0.13310523331165314
202302A,2023-06-11 15:00:00,gridsat,SHEAR,0,0.0670740157365799,3.5025298217306045e-09,0.40695512294769287,0.021357059478759766,0.359403520822525,0.9786306023597717,0.018528219312429428,2.9746686891485297e-07,0.14803914725780487,1.2057702406309545e-05
202302A,2023-06-12 02:00:00,gridsat,EMBC,0,0.01124652661383152,0.29409700632095337,0.004931297618895769,0.005198800470679998,0.00843831431120634,1.53407904690539e-06,0.9696069955825806,0.6913681030273438,0.005776985548436642,0.009334493428468704
202302A,2023-06-12 08:00:00,gridsat,EYE,0,0.009200826287269592,0.6738994121551514,0.0012380870757624507,0.01045058574527502,0.00648853462189436,3.7567500839941204e-05,0.9806580543518066,0.2907713055610657,0.002414402551949024,0.024841107428073883
202302A,2023-06-12 15:00:00,gridsat,EYE,0,0.9567130208015442,0.5451469421386719,0.0028538797050714493,0.059013474732637405,0.011744294315576553,0.0003112435224466026,0.012559987604618073,0.3104146718978882,0.016128765419125557,0.0851137563586235
202302A,2023-06-13 15:00:00,gridsat,EMBC,0,0.27233079075813293,0.26890403032302856,0.15855659544467926,0.04565555602312088,0.03916489705443382,8.415050979238003e-05,0.46611085534095764,0.6390237808227539,0.06383682787418365,0.04633248597383499
202302A,2023-06-13 21:00:00,gridsat,CRVBND,0,0.8609145283699036,0.001596378511749208,0.03415266051888466,0.6656410098075867,0.022749919444322586,0.03590841963887215,0.025251824408769608,0.06505148112773895,0.05693121626973152,0.23180273175239563
202302A,2023-06-14 09:00:00,gridsat,CRVBND,0,0.04232923686504364,0.00047374688438139856,0.38969263434410095,0.5637127757072449,0.022551575675606728,0.15511566400527954,0.45588448643684387,0.00869287271052599,0.08954212069511414,0.2720049023628235
202302A,2023-06-14 15:00:00,gridsat,SHEAR,0,0.06525667756795883,3.667445369615052e-08,0.65496426820755,0.10137604176998138,0.13044631481170654,0.8974034786224365,0.050004325807094574,3.6623794585466385e-05,0.0993284210562706,0.0011839760700240731
202302A,2023-06-14 21:00:00,gridsat,CRVBND,0,0.0147263053804636,1.4619308785768226e-05,0.9387580752372742,0.5284656286239624,0.0060077328234910965,0.4491243362426758,0.008161560632288456,0.0007409892859868705,0.03234625980257988,0.021654462441802025
202302A,2023-06-15 03:00:00,gridsat,SHEAR,0,0.016048841178417206,5.131544185132952e-06,0.9299454092979431,0.3274790346622467,0.008835267275571823,0.6717348098754883,0.013599304482340813,0.0005180736188776791,0.03157112002372742,0.00026294513372704387
202302A,2023-06-15 09:00:00,gridsat,CRVBND,0,0.02345053106546402,0.026778820902109146,0.7320963144302368,0.7110704779624939,0.02329826168715954,0.023797689005732536,0.013581376522779465,0.1788274496793747,0.20757347345352173,0.059525515884160995
202302A,2023-06-15 15:00:00,gridsat,CRVBND,0,0.016790591180324554,0.06648144870996475,0.9247066974639893,0.6124434471130371,0.009228588081896305,0.024420643225312233,0.028081992641091347,0.24075445532798767,0.021192096173763275,0.05590004846453667
202304B,2023-08-01 00:00:00,gridsat,CRVBND,4,0.012004364281892776,3.003081246788497e-06,0.6088487505912781,0.8057849407196045,0.27126091718673706,0.11423791199922562,0.03532462567090988,0.002701075281947851,0.0725613683462143,0.0772731751203537
202304B,2023-08-01 06:00:00,gridsat,SHEAR,4,0.007987652905285358,3.61516931945971e-08,0.844598650932312,0.6139693260192871,0.07243821024894714,0.35868725180625916,0.035141997039318085,6.012820449541323e-05,0.0398334376513958,0.027283212170004845
202305A,2023-10-21 15:30:00,gridsat,EYE,3,0.6106423735618591,0.6190139651298523,0.0423748679459095,0.008244954980909824,0.010207480750977993,9.188622243527789e-06,0.32336199283599854,0.3665159344673157,0.013413245789706707,0.0062158601358532906
202305A,2023-10-21 21:00:00,gridsat,EYE,3,0.4664793312549591,0.5795890092849731,0.07240737974643707,0.047831352800130844,0.013028953224420547,9.928509098244831e-05,0.43207094073295593,0.3542521595954895,0.016013359650969505,0.018228156492114067
202305A,2023-10-22 03:00:00,gridsat,EYE,3,0.9238210916519165,0.6815233826637268,0.01803002879023552,0.013791336677968502,0.012534824199974537,2.649998896231409e-05,0.03325113654136658,0.3013318181037903,0.012362999841570854,0.0033270304556936026
202305A,2023-10-22 09:00:00,gridsat,EYE,3,0.7896819114685059,0.8090147972106934,0.08673115819692612,0.023253442719578743,0.011939248070120811,0.00013961680815555155,0.09433026611804962,0.16507387161254883,0.01731746457517147,0.002518304856494069
202305A,2023-10-22 15:00:00,gridsat,EYE,3,0.9476524591445923,0.7805402874946594,0.017758606001734734,0.05213186889886856,0.009585903957486153,0.0002986110339406878,0.014488638378679752,0.15429340302944183,0.01051450427621603,0.01273582223802805
202305A,2023-10-22 21:00:00,gridsat,EYE,3,0.35244986414909363,0.6124094128608704,0.01494367141276598,0.07946783304214478,0.0074581666849553585,0.00029051461024209857,0.611095666885376,0.2723827660083771,0.01405266672372818,0.03544943034648895
202305A,2023-10-23 09:30:00,gridsat,SHEAR,3,0.03746562451124191,0.00012282074021641165,0.8177980780601501,0.33714452385902405,0.10428113490343094,0.6619070172309875,0.021996302530169487,0.00014752706920262426,0.018458856269717216,0.000678019248880446
202305A,2023-10-23 15:00:00,gridsat,EYE,3,0.25940611958503723,0.36724767088890076,0.06812413781881332,0.26952242851257324,0.005356751848012209,0.0008288063108921051,0.6368062496185303,0.24049603939056396,0.030306685715913773,0.12190514802932739
202306B,2023-10-24 03:00:00,gridsat,EMBC,1,0.9541807770729065,0.419147789478302,0.0050166891887784,0.010063563473522663,0.009668375365436077,4.131722164402163e-07,0.012535342015326023,0.5650289058685303,0.018598755821585655,0.005759354215115309
202306B,2023-10-24 08:30:00,gridsat,EMBC,1,0.03714153915643692,0.6144681572914124,0.012895911931991577,0.004702532663941383,0.02897936850786209,1.6720144913051627e-07,0.40466538071632385,0.37583044171333313,0.5163178443908691,0.004998759366571903
202306B,2023-10-24 15:00:00,gridsat,EMBC,1,0.008991262875497341,0.45918312668800354,0.005714586935937405,0.0022554262541234493,0.012314670719206333,1.5646099527089063e-08,0.9572966694831848,0.5362758040428162,0.01568276807665825,0.0022856909781694412
202307B,2023-11-17 00:00:00,gridsat,CRVBND,3,0.019103236496448517,8.847408025758341e-05,0.37530630826950073,0.14987929165363312,0.32117655873298645,0.008063320070505142,0.018514838069677353,0.0006888092029839754,0.26589903235435486,0.8412800431251526
202307B,2023-11-17 06:00:00,gridsat,SHEAR,3,0.005849843379110098,2.994123349253641e-07,0.05239003524184227,0.08994698524475098,0.9289551377296448,0.9096226096153259,0.0036991529632359743,1.1379224815755151e-05,0.009105831384658813,0.00041871797293424606
202308B,2023-12-03 03:00:00,gridsat,CRVBND,2,0.09249747544527054,0.2115442454814911,0.7065644860267639,0.41322487592697144,0.007916422560811043,0.0010776858543977141,0.16745993494987488,0.35711079835891724,0.025561727583408356,0.017042357474565506
202308B,2023-12-03 09:00:00,gridsat,CRVBND,2,0.04827706515789032,0.007872672751545906,0.8446764945983887,0.8220985531806946,0.004960607271641493,0.048510100692510605,0.05359366163611412,0.013102225959300995,0.048492182046175,0.10841643065214157
202308B,2023-12-03 14:30:00,gridsat,CRVBND,2,0.028051262721419334,0.04785974696278572,0.9033185243606567,0.6959227323532104,0.005984574556350708,0.0044645811431109905,0.04634735360741615,0.17410752177238464,0.016298187896609306,0.0776454359292984
202308B,2023-12-03 20:00:00,gridsat,CRVBND,2,0.059627216309309006,0.015671242028474808,0.1935899704694748,0.8410372138023376,0.015552619472146034,0.004506231751292944,0.6806700825691223,0.0643693059682846,0.0505601242184639,0.07441598176956177
202308B,2023-12-04 03:00:00,gridsat,CRVBND,2,0.09682906419038773,0.019644085317850113,0.8362154364585876,0.8535504937171936,0.005157879553735256,0.012183839455246925,0.040487006306648254,0.09143097698688507,0.02131056599318981,0.02319062501192093
202401B,2024-05-25 18:30:00,gridsat,CRVBND,0,0.019819505512714386,4.6692319301655516e-05,0.48592516779899597,0.8799375891685486,0.02007860317826271,0.03270397707819939,0.010441347025334835,0.0071224188432097435,0.4637354016304016,0.08018936961889267
202401B,2024-05-26 00:00:00,gridsat,CRVBND,0,0.029048671945929527,0.009638940915465355,0.5970715284347534,0.30603423714637756,0.005606871098279953,0.0002039431856246665,0.05805552750825882,0.4730229675769806,0.3102174401283264,0.21109984815120697
202401B,2024-05-26 06:00:00,gridsat,CRVBND,0,0.042993124574422836,0.09331663697957993,0.19839763641357422,0.16835559904575348,0.022626085206866264,0.00012697647616732866,0.6514357328414917,0.5939452648162842,0.08454739302396774,0.14425548911094666
202401B,2024-05-26 12:00:00,gridsat,CRVBND,0,0.03142955154180527,0.004192063119262457,0.2679455280303955,0.38620075583457947,0.022401778027415276,0.0015495599946007133,0.27008309960365295,0.09583982080221176,0.4081399738788605,0.5122177600860596
202402A,2024-08-30 06:00:00,gridsat,CRVBND,1,0.016151772812008858,0.0001542571553727612,0.9016807079315186,0.7051801681518555,0.04646647348999977,0.26267850399017334,0.009262789972126484,0.0010103901149705052,0.026438254863023758,0.03097679279744625
202402A,2024-08-30 12:00:00,gridsat,CRVBND,1,0.027751632034778595,0.00015841415734030306,0.8139601349830627,0.737781286239624,0.10598083585500717,0.2544609308242798,0.01886778697371483,0.0009747525327838957,0.03343958407640457,0.006624611094594002
202402A,2024-08-30 18:00:00,gridsat,CRVBND,1,0.02815886028110981,0.0007092258892953396,0.8346760869026184,0.5717617869377136,0.0763946920633316,0.4236229360103607,0.018225805833935738,0.0006473514367826283,0.042544588446617126,0.0032587414607405663
202402A,2024-08-31 00:00:00,gridsat,CRVBND,1,0.015086423605680466,0.0006312813493423164,0.9397380352020264,0.7506471276283264,0.015408335253596306,0.2366020530462265,0.011467589065432549,0.0027256705798208714,0.018299583345651627,0.009393787942826748
202402A,2024-08-31 06:00:00,gridsat,CRVBND,1,0.03142706677317619,0.012426325120031834,0.8876301050186157,0.704441249370575,0.027503320947289467,0.25462666153907776,0.00963108241558075,0.005173988174647093,0.04380844533443451,0.023331809788942337
202402A,2024-08-31 12:00:00,gridsat,CRVBND,1,0.011359356343746185,0.0004982607206329703,0.02082553319633007,0.4843524098396301,0.013059460557997227,0.12774264812469482,0.0033366901334375143,0.0006959830061532557,0.9514188766479492,0.3867107331752777
202402A,2024-08-31 18:00:00,gridsat,CRVBND,1,0.05252080783247948,0.0006296687060967088,0.18794840574264526,0.4525059163570404,0.027050193399190903,0.06218067929148674,0.02034173533320427,0.0010490651475265622,0.7121388912200928,0.48363468050956726
202402A,2024-09-01 00:00:00,gridsat,CRVBND,1,0.01882448047399521,0.010985644534230232,0.9137055277824402,0.6567571759223938,0.018239662051200867,0.05611197277903557,0.017755011096596718,0.01223970390856266,0.03147532790899277,0.2639055848121643
202402A,2024-09-01 06:00:00,gridsat,SHEAR,1,0.013699240051209927,5.783603228337597e-06,0.014879591763019562,0.030336257070302963,0.9439418315887451,0.969569981098175,0.00804082676768303,6.033688805473503e-06,0.019438521936535835,8.194246038328856e-05
202402A,2024-09-01 12:00:00,gridsat,SHEAR,1,0.042037609964609146,1.8397743133391486e-06,0.2560879588127136,0.030026864260435104,0.6108304262161255,0.9698584079742432,0.022313322871923447,8.874193554220255e-06,0.06873070448637009,0.00010388709779363126
202402A,2024-09-01 18:00:00,gridsat,SHEAR,1,0.007388197351247072,1.2802823903257377e-06,0.0011157728731632233,0.001597601454705,0.9763249158859253,0.9984011054039001,0.004922678228467703,1.7178257039063283e-08,0.010248417966067791,7.137917812372052e-09
202402A,2024-09-01 22:30:00,gridsat,SHEAR,1,0.006953488104045391,1.910021865114686e-06,0.001559284864924848,0.0011931252665817738,0.9794975519180298,0.9988049268722534,0.00467287003993988,4.142576415233634e-08,0.007316875737160444,9.724068661398633e-09
202403B,2024-10-23 13:00:00,gridsat,IRRCDO,4,0.010924125090241432,9.989275895350147e-06,0.1554877907037735,0.5364134907722473,0.2142631560564041,0.008610098622739315,0.03860381618142128,0.07117246836423874,0.5807210803031921,0.3837939202785492
202403B,2024-10-24 00:30:00,gridsat,EMBC,4,0.01037195697426796,0.0017460520612075925,0.14505451917648315,0.02208736166357994,0.2607400417327881,4.184180943411775e-05,0.033973727375268936,0.930886447429657,0.5498597025871277,0.04523831978440285
202403B,2024-10-24 05:30:00,gridsat,CRVBND,4,0.01028134673833847,6.980508828746679e-07,0.14181670546531677,0.816315233707428,0.2723553478717804,0.09986405074596405,0.03376508876681328,0.019986553117632866,0.5417815446853638,0.06383337080478668
202403B,2024-10-25 00:30:00,gridsat,IRRCDO,4,0.016063494607806206,1.9555167455109768e-05,0.3319934606552124,0.22741244733333588,0.1807737946510315,0.023216525092720985,0.11512451618909836,0.013882037252187729,0.3560446798801422,0.7354694604873657
202404B,2024-11-30 09:30:00,gridsat,CRVBND,2,0.014669906347990036,0.0003158430045004934,0.2630602717399597,0.26925140619277954,0.03594133257865906,0.02327153831720352,0.05039733648300171,0.19722391664981842,0.635931134223938,0.5099372863769531
202404B,2024-11-30 15:00:00,gridsat,CRVBND,2,0.01532861590385437,6.143422215387773e-09,0.28385433554649353,0.026081407442688942,0.02814110927283764,0.9663782715797424,0.044265612959861755,5.288738975650631e-05,0.628410279750824,0.007487394846975803
202404B,2024-11-30 21:00:00,gridsat,IRRCDO,2,0.012347761541604996,3.6392600577528356e-07,0.3212435841560364,0.011142447590827942,0.07083305716514587,0.013247792609035969,0.038604337722063065,0.0001384608040098101,0.5569712519645691,0.9754709005355835
202501B,2025-10-01 12:00:00,gridsat,SHEAR,3,0.010869937017560005,2.4590343983277307e-08,0.15035977959632874,0.05249794200062752,0.8071044683456421,0.9474025368690491,0.011101015843451023,6.656453933828743e-06,0.0205648485571146,9.28620938793756e-05
202501B,2025-10-01 18:00:00,gridsat,SHEAR,3,0.01232635322958231,3.2054963128302916e-09,0.259343683719635,0.02872968651354313,0.5879127383232117,0.9712673425674438,0.006420725025236607,1.2619395874935435e-06,0.13399657607078552,1.6761407550802687e-06
202501B,2025-10-02 00:00:00,gridsat,CRVBND,3,0.023362794890999794,3.47317927662516e-06,0.5611473321914673,0.22509051859378815,0.26966002583503723,0.03302948549389839,0.0423479862511158,0.0002504129079170525,0.10348189622163773,0.7416260838508606
202501B,2025-10-02 06:00:00,gridsat,CRVBND,3,0.01261876616626978,1.4895723325025756e-05,0.3508000373840332,0.24035434424877167,0.10309864580631256,0.030874447897076607,0.012797127477824688,0.0008273571147583425,0.5206854939460754,0.7279289364814758
202502A,2025-10-03 05:30:00,gridsat,CRVBND,0,0.06686607748270035,0.30392226576805115,0.39230912923812866,0.19182367622852325,0.011059093289077282,0.002889660419896245,0.15492019057273865,0.2864502966403961,0.3748454451560974,0.21491405367851257
202502A,2025-10-03 12:30:00,gridsat,IRRCDO,0,0.09917022287845612,0.2575381398200989,0.182475283741951,0.05179427191615105,0.02565571293234825,0.0004268876800779253,0.5381172299385071,0.2600553631782532,0.15458153188228607,0.43018537759780884
202502A,2025-10-03 18:00:00,gridsat,IRRCDO,0,0.060329869389534,0.015539519488811493,0.07554076611995697,0.282021164894104,0.011035015806555748,0.009941864758729935,0.10802898555994034,0.035196345299482346,0.7450653910636902,0.6573010683059692
202502A,2025-10-04 00:00:00,gridsat,CRVBND,0,0.019077930599451065,0.06120330095291138,0.13444331288337708,0.7606114745140076,0.023716306313872337,0.03178424760699272,0.7992984652519226,0.057137902826070786,0.023463893681764603,0.08926305174827576
202502A,2025-10-04 06:00:00,gridsat,CRVBND,0,0.5152235627174377,0.012675113044679165,0.1854112446308136,0.7168193459510803,0.042981795966625214,0.07565104961395264,0.2268807739019394,0.12853218615055084,0.02950255386531353,0.06632232666015625
202502A,2025-10-04 12:00:00,gridsat,EMBC,0,0.5113357305526733,0.0562325045466423,0.06184994429349899,0.13729792833328247,0.02704172022640705,0.0031570347491651773,0.33248308300971985,0.05101247504353523,0.0672895535826683,0.7523000836372375
202502A,2025-10-04 17:00:00,gridsat,IRRCDO,0,0.08013768494129181,0.3945094048976898,0.003891024272888899,0.0031729701440781355,0.009283613413572311,1.032754539664893e-06,0.6097378134727478,0.4419011175632477,0.2969498336315155,0.16041547060012817
202502A,2025-10-05 05:30:00,gridsat,EMBC,0,0.012777035124599934,0.11307599395513535,0.021136818453669548,0.060286447405815125,0.006272380705922842,0.0001372864207951352,0.04071173071861267,0.705476701259613,0.9191020727157593,0.12102359533309937
202502A,2025-10-05 18:00:00,gridsat,CRVBND,0,0.028710266575217247,0.025032298639416695,0.5965851545333862,0.8362355828285217,0.017757343128323555,0.05914410948753357,0.07480831444263458,0.026921246200799942,0.2821388840675354,0.052666693925857544
202502A,2025-10-06 00:00:00,gridsat,SHEAR,0,0.00410641310736537,6.274047336773947e-05,0.02032865770161152,0.19981323182582855,0.9704278111457825,0.7999735474586487,0.0011264487402513623,8.739658369449899e-05,0.004010706674307585,6.310598109848797e-05
202502A,2025-10-06 06:00:00,gridsat,SHEAR,0,0.009115482680499554,4.021947574983642e-08,0.05437377467751503,0.04105357453227043,0.9224530458450317,0.9587884545326233,0.002261312212795019,1.0727453627623618e-05,0.011796395294368267,0.00014718022430315614
202502A,2025-10-06 12:00:00,gridsat,SHEAR,0,0.008203981444239616,3.0188182620349835e-08,0.0492950864136219,0.03408917784690857,0.9335046410560608,0.965889036655426,0.0019805505871772766,6.737363037245814e-06,0.007015751674771309,1.5009045455371961e-05
202502A,2025-10-06 18:00:00,gridsat,SHEAR,0,0.028946759179234505,3.56233755383073e-07,0.2293015569448471,0.027762586250901222,0.6675347089767456,0.9722368121147156,0.014770077541470528,6.653478124007961e-08,0.05944697558879852,8.787988292624505e-08
202502A,2025-10-06 22:30:00,gridsat,SHEAR,0,0.026027264073491096,1.5494777471758425e-05,0.6960065364837646,0.06597626954317093,0.24450604617595673,0.934007465839386,0.00823158212006092,6.230469580259523e-07,0.02522857114672661,7.867684104212458e-08
202503B,2025-10-26 18:00:00,gridsat,CRVBND,1,0.020832864567637444,1.5847776012378745e-05,0.9300603866577148,0.7357559204101562,0.016418332234025,0.03986465185880661,0.011121862567961216,0.0015453958185389638,0.02156650461256504,0.22281812131404877
202503B,2025-10-27 00:00:00,gridsat,CRVBND,1,0.023944340646266937,0.00023100529506336898,0.8607476353645325,0.4846019744873047,0.022522613406181335,0.0013449833495542407,0.028815723955631256,0.010139821097254753,0.06396970897912979,0.5036821961402893
202503B,2025-10-27 06:00:00,gridsat,CRVBND,1,0.011937171220779419,6.864161719022377e-07,0.010629394091665745,0.51090407371521,0.014421261847019196,0.48354271054267883,0.006861504167318344,0.0001184465509140864,0.9561506509780884,0.005434063728898764
202503B,2025-10-27 13:00:00,gridsat,IRRCDO,1,0.006039046216756105,0.00030274633900262415,0.004893365781754255,0.07754338532686234,0.0025910167023539543,6.375546945491806e-05,0.00576477125287056,0.004802456591278315,0.980711817741394,0.9172877073287964
202503B,2025-10-27 18:00:00,gridsat,CRVBND,1,0.029984144493937492,1.8422572338749887e-06,0.00966196320950985,0.7074352502822876,0.03417026996612549,0.11416394263505936,0.4124447703361511,0.00035707675851881504,0.5137388110160828,0.17804193496704102
202503B,2025-10-27 23:30:00,gridsat,IRRCDO,1,0.036137863993644714,0.0005374632310122252,0.117941714823246,0.03357553109526634,0.016907723620533943,1.2956087402926642e-06,0.11963901668787003,0.013994826003909111,0.7093736529350281,0.9518908858299255
202503B,2025-10-28 06:00:00,gridsat,CRVBND,1,0.024935806170105934,2.1200165065238252e-05,0.014525714330375195,0.6206203699111938,0.011957532726228237,0.017750510945916176,0.06101217120885849,0.001022603246383369,0.8875687718391418,0.3605852425098419
202503B,2025-10-28 12:00:00,gridsat,CRVBND,1,0.024614602327346802,0.00018698711937759072,0.05457644909620285,0.557884156703949,0.043484631925821304,0.0029001415241509676,0.8036303520202637,0.008013430051505566,0.07369394600391388,0.4310152232646942
202503B,2025-10-28 17:00:00,gridsat,CRVBND,1,0.011453378945589066,6.028599273122381e-06,0.017677774652838707,0.6660758852958679,0.03021017089486122,0.30398550629615784,0.00501109566539526,0.0011499328538775444,0.9356475472450256,0.028782648965716362
202504B,2025-11-25 20:00:00,gridsat,EMBC,2,0.02905583754181862,0.20791907608509064,0.5931119918823242,0.03816866874694824,0.007457731757313013,7.291453698599071e-07,0.17651613056659698,0.5064229965209961,0.193858340382576,0.24748854339122772
202505B,2025-11-27 09:00:00,gridsat,CRVBND,1,0.08589375764131546,0.09677639603614807,0.036621659994125366,0.5191639065742493,0.016899941489100456,0.002249033423140645,0.8113627433776855,0.13958199322223663,0.0492219403386116,0.24222861230373383
202505B,2025-11-29 03:00:00,gridsat,SHEAR,1,0.007482739165425301,3.6861514729480405e-08,0.0032591193448752165,0.015504124574363232,0.9737787246704102,0.9844914078712463,0.005968778859823942,1.161015688921907e-06,0.009510637260973454,3.2769930840004236e-06
202505B,2025-11-29 09:00:00,gridsat,SHEAR,1,0.1310480386018753,2.25051799418452e-08,0.2096118927001953,0.02707173116505146,0.26179346442222595,0.9729205965995789,0.1118164137005806,1.0730117310231435e-06,0.2857302129268646,6.651730018347735e-06
202505B,2025-11-29 15:00:00,gridsat,SHEAR,1,0.026530051603913307,7.58044009785408e-08,0.08518784493207932,0.01457422599196434,0.8236234188079834,0.9854242205619812,0.014428926631808281,1.9692903663326433e-07,0.05022973194718361,1.24143866742088e-06
202505B,2025-11-29 21:00:00,gridsat,SHEAR,1,0.01430726982653141,7.432178250610377e-08,0.005029979161918163,0.006135621573776007,0.9526480436325073,0.9938638210296631,0.010018415749073029,6.458888179849964e-08,0.017996210604906082,4.096885106719128e-07
202505B,2025-11-30 03:00:00,gridsat,SHEAR,1,0.015134246088564396,7.704912263761798e-08,0.0051085068844258785,0.002925001783296466,0.9348824620246887,0.9970742464065552,0.012643074616789818,1.1334174843113942e-07,0.0322316512465477,5.568649044107588e-07
202505B,2025-11-30 09:00:00,gridsat,SHEAR,1,0.011054147966206074,2.4884803906388697e-07,0.002421065466478467,0.005687943194061518,0.9616098999977112,0.994310736656189,0.01038573868572712,1.1907792440979392e-07,0.014529176987707615,9.119947890212643e-07
202505B,2025-11-30 15:00:00,gridsat,SHEAR,1,0.018925990909337997,9.859513738774695e-06,0.0020887365099042654,0.03796808421611786,0.9562235474586487,0.9609444737434387,0.0066629801876842976,1.8829228793038055e-05,0.016098730266094208,0.0010587964206933975
201401B,2014-01-04 07:30:00,insat,CRVBND,1,0.05645142123103142,2.2980518679105444e-06,0.33039507269859314,0.1899869590997696,0.49940916895866394,0.8055198788642883,0.035456568002700806,3.134796497761272e-05,0.07828786969184875,0.004459618590772152
201401B,2014-01-04 12:00:00,insat,CRVBND,1,0.05082975700497627,3.242683078497066e-06,0.5643949508666992,0.15279506146907806,0.2343662828207016,0.8456666469573975,0.04243077337741852,1.743002576404251e-05,0.10797826945781708,0.0015176287852227688
201401B,2014-01-04 18:00:00,insat,CRVBND,1,0.038612186908721924,1.7319983669494832e-07,0.5622832775115967,0.05095914751291275,0.03697426617145538,0.9481194019317627,0.0228598453104496,1.785232825568528e-06,0.3392704427242279,0.0009194699232466519
201401B,2014-01-05 00:00:00,insat,CRVBND,1,0.06088799610733986,4.618563980329782e-05,0.6835269927978516,0.13596536219120026,0.09662297368049622,0.8618441820144653,0.03013802319765091,3.441616354393773e-05,0.12882398068904877,0.0021098325960338116
201401B,2014-01-05 06:00:00,insat,CRVBND,1,0.03506724536418915,3.054369517485611e-05,0.07314296811819077,0.08444174379110336,0.7937155961990356,0.9128009676933289,0.02100371941924095,3.049317456316203e-05,0.07707041501998901,0.0026962612755596638
201401B,2014-01-05 12:00:00,insat,CRVBND,1,0.04890722036361694,0.0004446594975888729,0.31070518493652344,0.44399887323379517,0.5243082642555237,0.4989137351512909,0.031559910625219345,0.00019189789600204676,0.08451942354440689,0.0564507432281971
201401B,2014-01-05 18:00:00,insat,CRVBND,1,0.018074700608849525,0.0013867240631952882,0.04608214646577835,0.3575049638748169,0.8764957785606384,0.6199114918708801,0.019903788343071938,0.0004341920430306345,0.039443571120500565,0.020762743428349495
201401B,2014-01-06 00:00:00,insat,CRVBND,1,0.03716984763741493,0.048944372683763504,0.6259520053863525,0.577879011631012,0.2127024233341217,0.033495306968688965,0.04494137316942215,0.014196977950632572,0.07923436164855957,0.32548433542251587
201402A,2014-06-10 03:00:00,insat,IRRCDO,1,0.06013282388448715,5.244977364782244e-05,0.6717795729637146,0.04071449860930443,0.021434037014842033,0.0005437815561890602,0.013855794444680214,0.0004115587507840246,0.2327977865934372,0.958277702331543
201402A,2014-06-10 20:00:00,insat,EMBC,1,0.020653171464800835,0.046016011387109756,0.15358218550682068,0.3807581961154938,0.0344589501619339,0.00022677304514218122,0.7399736642837524,0.3550160229206085,0.051331982016563416,0.2179829478263855
201402A,2014-06-11 03:00:00,insat,EMBC,1,0.34103628993034363,0.047026652842760086,0.22899262607097626,0.4395218789577484,0.06460033357143402,0.00037353046354837716,0.1816624253988266,0.3821386396884918,0.1837083399295807,0.1309392750263214
201402A,2014-06-11 09:30:00,insat,EMBC,1,0.010776537470519543,0.2471703290939331,0.0033564302138984203,0.018393350765109062,0.010987750254571438,2.4717658675399434e-07,0.9518337845802307,0.6283875703811646,0.023045463487505913,0.10604844987392426
201402A,2014-06-12 03:30:00,insat,EMBC,1,0.018228687345981598,0.0013121803058311343,0.0199247058480978,0.9069665670394897,0.01897578313946724,0.003973561804741621,0.9109208583831787,0.015651484951376915,0.031949982047080994,0.07209625095129013
201402A,2014-06-12 15:00:00,insat,EMBC,1,0.016031108796596527,0.005544178653508425,0.005372773390263319,0.5509397983551025,0.01344506349414587,0.0017065478023141623,0.33009058237075806,0.04574833810329437,0.6350604891777039,0.39606109261512756
201402A,2014-06-13 09:00:00,insat,SHEAR,1,0.040511395782232285,1.220084016040346e-07,0.39752450585365295,0.01597999408841133,0.479189395904541,0.9840095043182373,0.033171623945236206,8.753353881729709e-07,0.049603089690208435,9.632368346501607e-06
201402A,2014-06-13 15:00:00,insat,SHEAR,1,0.011480560526251793,2.2122442544514342e-08,0.002549271797761321,0.0018563573248684406,0.9656157493591309,0.9981435537338257,0.007083971053361893,1.873583244105248e-08,0.013270456343889236,6.66073631805375e-08
201402A,2014-06-13 21:00:00,insat,SHEAR,1,0.010453990660607815,1.6822323090082136e-08,0.0036025377921760082,0.0007404561620205641,0.9592486023902893,0.9992595314979553,0.008914495818316936,8.944766594076725e-10,0.017780430614948273,1.2627508816365207e-08
201402A,2014-06-14 02:30:00,insat,SHEAR,1,0.02275971509516239,7.827997694498379e-10,0.02826814539730549,0.002130853943526745,0.8663071393966675,0.9978691339492798,0.020968832075595856,2.015911215735855e-09,0.06169608607888222,3.7668876018415176e-08
201403B,2014-10-08 10:30:00,insat,EMBC,1,0.06866636872291565,0.013398667797446251,0.4436268210411072,0.39734697341918945,0.05145913362503052,0.0004458012117538601,0.08102018386125565,0.16387109458446503,0.3552274703979492,0.42493751645088196
201403B,2014-10-09 01:30:00,insat,EMBC,1,0.02240683324635029,0.10380307585000992,0.008669815957546234,0.048626430332660675,0.015044724568724632,1.0007536275224993e-06,0.8136549592018127,0.5882112979888916,0.14022362232208252,0.2593582272529602
201403B,2014-10-09 05:00:00,insat,EMBC,1,0.032800525426864624,0.18578653037548065,0.04341921955347061,0.0782843753695488,0.031098095700144768,5.800482540507801e-06,0.20568902790546417,0.48376813530921936,0.6869930624961853,0.2521551251411438
201403B,2014-10-11 06:00:00,insat,EYE,1,0.959678590297699,0.16454081237316132,0.00405315263196826,0.056854672729969025,0.007140654139220715,3.0053693080844823e-06,0.010576637461781502,0.6714807748794556,0.01855100691318512,0.10712071508169174
201403B,2014-10-11 12:00:00,insat,EYE,1,0.9452973008155823,0.4032941460609436,0.0048826406709849834,0.012310014106333256,0.013100093230605125,1.584264879284092e-07,0.01081557385623455,0.545012891292572,0.025904355570673943,0.03938281536102295
201403B,2014-10-11 23:30:00,insat,EYE,1,0.8493021130561829,0.38429901003837585,0.008625071495771408,0.008330494165420532,0.02569168247282505,8.329229927994675e-08,0.06852630525827408,0.5897144079208374,0.04785483330488205,0.01765604130923748
201403B,2014-10-12 06:00:00,insat,EYE,1,0.9606733918190002,0.7524930238723755,0.00400996208190918,0.004625565372407436,0.008026829920709133,1.5362297745014075e-07,0.008832886815071106,0.23994384706020355,0.01845695823431015,0.002937394194304943
201404A,2014-10-25 23:30:00,insat,CRVBND,0,0.05078685283660889,0.030274227261543274,0.0879874899983406,0.03539301082491875,0.025261439383029938,7.562910468550399e-05,0.3004657030105591,0.1094018816947937,0.5354984998703003,0.8248552680015564
201404A,2014-10-26 06:00:00,insat,EMBC,0,0.0187758170068264,0.002055969787761569,0.07323917001485825,0.24450397491455078,0.027986248955130577,0.006548124831169844,0.8470630645751953,0.05159639194607735,0.03293563053011894,0.6952955722808838
201404A,2014-10-26 13:30:00,insat,EMBC,0,0.03686093911528587,0.04599418863654137,0.035975176841020584,0.4311988055706024,0.01746363192796707,0.006413606461137533,0.9003689885139465,0.29890763759613037,0.009331285953521729,0.21748581528663635
201404A,2014-10-27 00:00:00,insat,EYE,0,0.7797491550445557,0.00915739219635725,0.10506264865398407,0.3078545928001404,0.03045320138335228,0.006456507835537195,0.029619235545396805,0.08931761980056763,0.05511573329567909,0.5872138738632202
201404A,2014-10-27 05:00:00,insat,EYE,0,0.06644703447818756,0.0077055576257407665,0.003505494212731719,0.49000343680381775,0.010053414851427078,0.009634377434849739,0.913755476474762,0.19069190323352814,0.006238536909222603,0.30196475982666016
201404A,2014-10-27 12:30:00,insat,EMBC,0,0.012767652049660683,0.0007847679662518203,0.015444993041455746,0.6560218930244446,0.011250121518969536,0.21943360567092896,0.9554849863052368,0.011242778040468693,0.005052228458225727,0.11251698434352875
201404A,2014-10-28 01:00:00,insat,EMBC,0,0.024958692491054535,0.00010584117262624204,0.2075895518064499,0.47416073083877563,0.03946978971362114,0.05625878646969795,0.5917719602584839,0.01121352706104517,0.13620999455451965,0.4582611322402954
201404A,2014-10-28 06:00:00,insat,EYE,0,0.980105459690094,0.0020108954049646854,0.0008559937705285847,0.19299766421318054,0.005296459887176752,0.002989827422425151,0.006457570008933544,0.024737870320677757,0.007284441962838173,0.7772637605667114
201404A,2014-10-28 12:00:00,insat,EYE,0,0.9800274968147278,0.45007556676864624,0.001108340686187148,0.012919383123517036,0.0048481784760952,8.79070648807101e-06,0.00633036345243454,0.5136925578117371,0.007685639895498753,0.023303698748350143
201404A,2014-10-29 00:00:00,insat,EMBC,0,0.005840008147060871,0.41501161456108093,0.003180247265845537,0.2547031342983246,0.007889979518949986,0.0027250784914940596,0.9812002778053284,0.2757599353790283,0.0018894803943112493,0.051800165325403214
201404A,2014-10-29 12:30:00,insat,EMBC,0,0.02129322476685047,0.006571628153324127,0.3981623649597168,0.8652060627937317,0.08263754844665527,0.0766332671046257,0.4588707983493805,0.024501893669366837,0.03903605416417122,0.027087241411209106
201404A,2014-10-30 00:00:00,insat,IRRCDO,0,0.019125642254948616,0.057828374207019806,0.15509644150733948,0.015489052049815655,0.061196308583021164,2.0386867618071847e-05,0.6747167110443115,0.15394160151481628,0.08986484259366989,0.7727205753326416
201404A,2014-10-30 12:00:00,insat,CRVBND,0,0.0237985011190176,1.7078558812499978e-05,0.4921454191207886,0.4007115662097931,0.039249174296855927,0.38651782274246216,0.2972070872783661,0.0005222808104008436,0.14759986102581024,0.21223123371601105
201404A,2014-10-31 00:00:00,insat,SHEAR,0,0.00900797639042139,4.299708677990566e-08,0.07642333209514618,0.01639431342482567,0.8962441086769104,0.9836049675941467,0.002458743518218398,5.714699824466152e-08,0.015865866094827652,7.352077773248311e-07
201404A,2014-10-31 05:30:00,insat,SHEAR,0,0.005833366885781288,7.35192813294816e-08,0.03252134472131729,0.02065187692642212,0.9522761106491089,0.9792097806930542,0.001755227567628026,2.471318111929577e-06,0.00761385727673769,0.0001358211156912148
201405B,2014-11-06 05:00:00,insat,EMBC,3,0.019686218351125717,0.05008785426616669,0.443696528673172,0.24257411062717438,0.022268353030085564,0.005198267288506031,0.1382184624671936,0.11401014775037766,0.37613046169281006,0.5881296396255493
201405B,2014-11-06 12:00:00,insat,CRVBND,3,0.005531426053494215,5.781117579317652e-06,0.11313025653362274,0.4279382526874542,0.021036745980381966,0.3049643933773041,0.011675706133246422,0.0003387060423847288,0.8486257791519165,0.26675286889076233
201405B,2014-11-07 06:00:00,insat,CRVBND,3,0.03204323723912239,2.2143462956591975e-06,0.4328876733779907,0.19710205495357513,0.3955864906311035,0.7858664393424988,0.034489188343286514,2.8971624487894587e-05,0.10499347001314163,0.017000265419483185
201405B,2014-11-07 12:00:00,insat,CRVBND,3,0.028193611651659012,5.882502955500968e-05,0.2919166088104248,0.15942122042179108,0.6212844252586365,0.8374289870262146,0.021816343069076538,3.598303010221571e-05,0.03678898513317108,0.00305503630079329
201405B,2014-11-08 00:00:00,insat,SHEAR,3,0.012483532540500164,8.240962756644876e-08,0.07914537936449051,0.005842089187353849,0.8848309516906738,0.9941576719284058,0.00620905589312315,2.322458136916339e-08,0.017331061884760857,1.0359437396800786e-07
201405B,2014-11-08 05:30:00,insat,SHEAR,3,0.01863766647875309,1.5222188665120484e-07,0.10497865825891495,0.009909647516906261,0.84711092710495,0.9900844097137451,0.01373827364295721,1.124659547713236e-07,0.01553451269865036,5.656842859025346e-06
201501A,2015-06-07 09:00:00,insat,CRVBND,4,0.010262420400977135,0.3312477767467499,0.7945467829704285,0.41633349657058716,0.006912104319781065,0.017201369628310204,0.1743331104516983,0.2085815668106079,0.01394560094922781,0.026635732501745224
201501A,2015-06-07 15:00:00,insat,CRVBND,4,0.008290134370326996,4.730067666969262e-05,0.11707603931427002,0.05533201992511749,0.00441640242934227,0.0022844753693789244,0.31986385583877563,0.0010216201189905405,0.5503535270690918,0.9413146376609802
201501A,2015-06-07 21:00:00,insat,IRRCDO,4,0.0072129834443330765,0.0017446111887693405,0.27041590213775635,0.05816856026649475,0.007349328603595495,5.972703729639761e-05,0.4941605031490326,0.08472461998462677,0.22086119651794434,0.8553024530410767
201501A,2015-06-08 03:00:00,insat,EMBC,4,0.004535740241408348,0.010685187764465809,0.17933039367198944,0.08021251112222672,0.006423302926123142,5.43386850040406e-05,0.41245129704475403,0.3865346610546112,0.3972591757774353,0.5225132703781128
201501A,2015-06-08 21:00:00,insat,IRRCDO,4,0.010958953760564327,0.00020336901070550084,0.23786784708499908,0.10796483606100082,0.012508375570178032,0.001797202625311911,0.09608150273561478,0.010913031175732613,0.6425832509994507,0.8791216015815735
201501A,2015-06-09 03:00:00,insat,IRRCDO,4,0.006181458011269569,4.908857590635307e-05,0.5406869053840637,0.13662470877170563,0.0017757569439709187,0.0017437711358070374,0.06732374429702759,0.008249263279139996,0.38403213024139404,0.8533331751823425
201501A,2015-06-09 15:00:00,insat,CRVBND,4,0.010722730308771133,3.403830487513915e-05,0.6506679654121399,0.585704505443573,0.015029717236757278,0.2868112325668335,0.29267141222953796,0.00218470161780715,0.030908213928341866,0.12526550889015198
201501A,2015-06-09 21:00:00,insat,IRRCDO,4,0.006037169136106968,0.00031501305056735873,0.1260765641927719,0.482600599527359,0.004010955803096294,0.02626519463956356,0.6677826046943665,0.013867266476154327,0.19609272480010986,0.4769518971443176
201501A,2015-06-10 03:00:00,insat,EMBC,4,0.0030767584685236216,0.013493342325091362,0.06793943047523499,0.536637008190155,0.003484376473352313,0.008853176608681679,0.8973783850669861,0.08900619298219681,0.028121110051870346,0.3520103096961975
201501A,2015-06-10 21:00:00,insat,SHEAR,4,0.009478067047894001,2.3703210899839178e-05,0.4044696092605591,0.3230595588684082,0.5458788871765137,0.6738830208778381,0.019634854048490524,0.00017386327090207487,0.0205385684967041,0.0028598483186215162
201501A,2015-06-11 03:00:00,insat,CRVBND,4,0.009213890880346298,0.0001616127701709047,0.7594490051269531,0.5137647986412048,0.011594558134675026,0.01854625903069973,0.19568313658237457,0.007240082137286663,0.02405938319861889,0.46028727293014526
201501A,2015-06-11 09:00:00,insat,EMBC,4,0.005578309763222933,0.005503621883690357,0.4269755184650421,0.6924596428871155,0.011397930793464184,0.008622386492788792,0.5446429252624512,0.14794200658798218,0.011405311524868011,0.14547236263751984
201501A,2015-06-11 15:00:00,insat,CRVBND,4,0.008249368518590927,0.10945573449134827,0.8020007610321045,0.7132958769798279,0.04257744178175926,0.06258205324411392,0.13624994456768036,0.07727605849504471,0.010922479443252087,0.03739025071263313
201501A,2015-06-11 21:00:00,insat,CRVBND,4,0.012417257763445377,0.017843622714281082,0.8435062170028687,0.711571455001831,0.09442586451768875,0.20825164020061493,0.02443266287446022,0.014341617003083229,0.025218017399311066,0.04799165204167366
201502B,2015-07-29 01:00:00,insat,CRVBND,3,0.10300500690937042,0.00013288087211549282,0.6348447203636169,0.6943314671516418,0.021561121568083763,0.2844846546649933,0.21046331524848938,0.00660150358453393,0.030125858262181282,0.01444951817393303
201502B,2015-07-29 06:00:00,insat,CRVBND,3,0.033011581748723984,7.420862675644457e-05,0.8407140970230103,0.7580850124359131,0.02730681747198105,0.19847427308559418,0.015465117990970612,0.00708464439958334,0.083502396941185,0.036281902343034744
201502B,2015-07-29 12:00:00,insat,CRVBND,3,0.019263438880443573,0.0002952949143946171,0.8279379606246948,0.6816220283508301,0.047633975744247437,0.006291963625699282,0.045493390411138535,0.024347277358174324,0.05967113748192787,0.28744345903396606
201502B,2015-07-29 18:00:00,insat,CRVBND,3,0.01559684332460165,0.0018135657301172614,0.7933488488197327,0.8846338987350464,0.01873105578124523,0.051339950412511826,0.026691630482673645,0.010170998051762581,0.14563170075416565,0.05204163119196892
201502B,2015-07-30 00:00:00,insat,CRVBND,3,0.029613811522722244,2.1938560166745447e-05,0.7600796222686768,0.7918944358825684,0.039693739265203476,0.17875705659389496,0.08348724246025085,0.0057538095861673355,0.08712553977966309,0.02357286401093006
201502B,2015-07-30 06:00:00,insat,CRVBND,3,0.03565540164709091,0.006724734324961901,0.6950157284736633,0.7211629152297974,0.012722399085760117,0.025789065286517143,0.12264200299978256,0.10540980845689774,0.13396446406841278,0.14091351628303528
201503A,2015-10-09 21:00:00,insat,CRVBND,2,0.01965951919555664,0.010037814266979694,0.17824192345142365,0.04001651704311371,0.11797817051410675,7.832479604985565e-05,0.00930216908454895,0.01038387231528759,0.6748182773590088,0.9394835233688354
201503A,2015-10-10 03:30:00,insat,IRRCDO,2,0.019460897892713547,0.20122291147708893,0.37484416365623474,0.06570887565612793,0.17318572103977203,2.126704202964902e-05,0.03545520082116127,0.2598262429237366,0.397053986787796,0.47322067618370056
201503A,2015-10-10 09:00:00,insat,CRVBND,2,0.012098215520381927,0.004023779649287462,0.5754762887954712,0.7593296766281128,0.10881864279508591,0.04668910801410675,0.01763596199452877,0.02936209924519062,0.28597089648246765,0.1605953723192215
201503A,2015-10-10 15:00:00,insat,CRVBND,2,0.021885666996240616,0.00021246516553219408,0.32674258947372437,0.3348201513290405,0.3682563900947571,0.6465082168579102,0.007559452671557665,0.000430618179962039,0.2755558490753174,0.018028585240244865
201503A,2015-10-10 21:00:00,insat,CRVBND,2,0.03369234502315521,3.4498727927712025e-06,0.15355242788791656,0.06861530244350433,0.6061922907829285,0.9312096238136292,0.017931917682290077,2.773212872853037e-05,0.18863099813461304,0.00014384611858986318
201503A,2015-10-11 03:00:00,insat,CRVBND,2,0.03361682966351509,2.8598858534678584e-06,0.07966312021017075,0.2078031599521637,0.7760909795761108,0.7543931603431702,0.015259701758623123,2.357244557060767e-05,0.09536940604448318,0.037777263671159744
201503A,2015-10-11 09:00:00,insat,CRVBND,2,0.008351769298315048,0.0014308555983006954,0.278662770986557,0.4807058870792389,0.15864351391792297,0.009421934373676777,0.006226688623428345,0.006203450262546539,0.5481153130531311,0.502237856388092
201503A,2015-10-11 15:00:00,insat,CRVBND,2,0.021919259801506996,0.004897980950772762,0.08715088665485382,0.5310943722724915,0.8071452379226685,0.45607790350914,0.00966576486825943,0.004469691775739193,0.07411891222000122,0.0034600470680743456
201503A,2015-10-11 21:00:00,insat,CRVBND,2,0.007799873594194651,0.00034865023917518556,0.05130048096179962,0.37974080443382263,0.921708881855011,0.18153485655784607,0.007962146773934364,0.0002549132623244077,0.011228621006011963,0.4381207227706909
201504A,2015-10-28 20:30:00,insat,EMBC,2,0.27723467350006104,0.2604925036430359,0.1400424987077713,0.1368376463651657,0.010572599247097969,0.00043143206858076155,0.13513953983783722,0.5803956985473633,0.4370107352733612,0.021842725574970245
201504A,2015-10-29 03:00:00,insat,CRVBND,2,0.03391190245747566,0.008777792565524578,0.8301001787185669,0.7612084746360779,0.0037836122792214155,0.12266362458467484,0.005078698042780161,0.053383611142635345,0.12712565064430237,0.05396648868918419
201504A,2015-10-29 09:00:00,insat,EMBC,2,0.17594048380851746,0.3754492998123169,0.327227920293808,0.04713686928153038,0.009961898438632488,7.933886081445962e-05,0.3326512277126312,0.29717326164245605,0.15421846508979797,0.28016120195388794
201504A,2015-10-29 15:00:00,insat,EYE,2,0.9796549677848816,0.2702464461326599,0.002066865796223283,0.17014682292938232,0.0023816877510398626,0.0006862577865831554,0.0032985403668135405,0.3580540716648102,0.012597956694662571,0.2008664309978485
201504A,2015-10-29 21:30:00,insat,EMBC,2,0.041355401277542114,0.45396098494529724,0.1461215317249298,0.022083496674895287,0.005734862294048071,9.403100193594582e-06,0.6355997920036316,0.4470663070678711,0.17118845880031586,0.07687973976135254
201504A,2015-10-30 03:00:00,insat,EYE,2,0.9408262372016907,0.4643615186214447,0.005852155387401581,0.022935280576348305,0.012659185566008091,6.039092113496736e-06,0.005531628150492907,0.4696703851222992,0.03513084352016449,0.043026722967624664
201504A,2015-10-30 15:00:00,insat,EYE,2,0.9682783484458923,0.3618263006210327,0.003043336793780327,0.3666711449623108,0.006126232445240021,0.005203112494200468,0.004210038110613823,0.19751018285751343,0.018342014402151108,0.06878924369812012
201504A,2015-10-31 03:00:00,insat,EYE,2,0.9538520574569702,0.05511079728603363,0.004054906778037548,0.24915561079978943,0.012061632238328457,0.0008364269160665572,0.012128724716603756,0.13443942368030548,0.017902707681059837,0.5604577660560608
201504A,2015-10-31 09:00:00,insat,EYE,2,0.9128779768943787,0.1205112487077713,0.008105502463877201,0.5133951902389526,0.03158678114414215,0.0046309297904372215,0.015303589403629303,0.25842875242233276,0.03212612494826317,0.10303391516208649
201504A,2015-10-31 15:00:00,insat,EYE,2,0.9501067996025085,0.3029332458972931,0.00258590723387897,0.32332152128219604,0.011715001426637173,0.002131897024810314,0.013146637938916683,0.24540500342845917,0.022445648908615112,0.1262083798646927
201504A,2015-10-31 21:00:00,insat,EYE,2,0.9743829369544983,0.1441025733947754,0.0031341970898211002,0.07865943759679794,0.006709179375320673,6.481043237727135e-05,0.007049280684441328,0.7431418299674988,0.008724397048354149,0.03403139486908913
201504A,2015-11-01 04:00:00,insat,EYE,2,0.4668969213962555,0.2427407056093216,0.01850239560008049,0.05438041314482689,0.14462809264659882,4.814249768969603e-05,0.3281186521053314,0.6850336790084839,0.041854001581668854,0.01779705472290516
201504A,2015-11-01 09:00:00,insat,EYE,2,0.9408144950866699,0.1884194314479828,0.003741227090358734,0.14922748506069183,0.03205213323235512,0.00030567176872864366,0.004908372648060322,0.641563355922699,0.018483726307749748,0.020484112203121185
201504A,2015-11-01 15:00:00,insat,EYE,2,0.956214964389801,0.4401344060897827,0.003214435186237097,0.2437572181224823,0.009404887445271015,0.001991039840504527,0.005691400729119778,0.287363737821579,0.025474391877651215,0.026753559708595276
201504A,2015-11-01 21:00:00,insat,EYE,2,0.9022812247276306,0.39422643184661865,0.003205155022442341,0.2136370837688446,0.011006699874997139,0.001078749424777925,0.0031032736878842115,0.2778932452201843,0.08040361106395721,0.1131645143032074
201504A,2015-11-02 03:00:00,insat,EYE,2,0.9582507014274597,0.6861655116081238,0.002746468409895897,0.040866345167160034,0.009938652627170086,9.120067988988012e-05,0.004804646130651236,0.2599067687988281,0.024259580299258232,0.012970213778316975
201504A,2015-11-02 09:00:00,insat,EYE,2,0.9545160531997681,0.6383208632469177,0.0033881671261042356,0.17307904362678528,0.013382249511778355,0.0070853037759661674,0.007979197427630424,0.15421730279922485,0.020734261721372604,0.027297480031847954
201504A,2015-11-02 15:00:00,insat,EYE,2,0.9743589758872986,0.638373076915741,0.0028783869929611683,0.22333326935768127,0.005489800591021776,0.0419253371655941,0.004414307419210672,0.07400568574666977,0.012858545407652855,0.02236267551779747
201504A,2015-11-03 03:30:00,insat,CRVBND,2,0.023387089371681213,0.002697767224162817,0.35794493556022644,0.4450496733188629,0.5158619284629822,0.44331055879592896,0.034141913056373596,0.006931191310286522,0.06866411119699478,0.1020108088850975
201505A,2015-11-05 08:00:00,insat,CRVBND,0,0.05864424258470535,0.1932544857263565,0.4194212853908539,0.05992792174220085,0.018152782693505287,0.00016035157022997737,0.4717597961425781,0.5925754308700562,0.032021939754486084,0.1540818214416504
201505A,2015-11-05 14:30:00,insat,CRVBND,0,0.018993651494383812,0.045196495950222015,0.2565346956253052,0.5793877840042114,0.03298525884747505,0.03729955852031708,0.5973784327507019,0.025414327159523964,0.094107985496521,0.31270185112953186
201505A,2015-11-06 09:00:00,insat,CRVBND,0,0.03660409152507782,0.2417592704296112,0.29606983065605164,0.18524807691574097,0.028763066977262497,0.0023228218778967857,0.22225217521190643,0.11751116067171097,0.4163108170032501,0.4531586468219757
201505A,2015-11-06 15:00:00,insat,CRVBND,0,0.15756946802139282,0.07655958831310272,0.6741965413093567,0.809940755367279,0.027165131643414497,0.06795956194400787,0.08690829575061798,0.025886211544275284,0.05416058376431465,0.019653882831335068
201505A,2015-11-07 09:00:00,insat,EMBC,0,0.15822410583496094,0.5705609321594238,0.0026040871161967516,0.11418105661869049,0.022565187886357307,0.0009759991662576795,0.8064237236976624,0.15724316239356995,0.01018300000578165,0.1570388227701187
201505A,2015-11-07 21:00:00,insat,EYE,0,0.6364052891731262,0.0002110053028445691,0.004989909939467907,0.42815420031547546,0.013374580070376396,0.32843661308288574,0.30411869287490845,0.0005853526527062058,0.04111148416996002,0.2426127791404724
201505A,2015-11-08 03:00:00,insat,EYE,0,0.8389577269554138,0.0007444847142323852,0.0027065786998718977,0.04832819104194641,0.020955758169293404,0.0026013285387307405,0.09736569970846176,0.0014067008160054684,0.0400143638253212,0.9469192624092102
201505A,2015-11-08 08:00:00,insat,EYE,0,0.01893974468111992,0.7160918712615967,0.0005306199891492724,0.03087468259036541,0.004980592057108879,0.00010714520612964407,0.9730888605117798,0.12290942668914795,0.00246016145683825,0.13001693785190582
201505A,2015-11-09 03:30:00,insat,EMBC,0,0.008355271071195602,0.1517898440361023,0.01205136626958847,0.34704726934432983,0.01543383952230215,0.07047195732593536,0.9428073763847351,0.018256543204188347,0.021352065727114677,0.4124343693256378
201505A,2015-11-09 09:00:00,insat,IRRCDO,0,0.033400021493434906,0.22488977015018463,0.7134078741073608,0.35312408208847046,0.012497649528086185,0.16623036563396454,0.11768554896116257,0.02174399606883526,0.12300890684127808,0.23401178419589996
201505A,2015-11-09 15:00:00,insat,CRVBND,0,0.02067054621875286,9.273742762161419e-05,0.7313843965530396,0.043719030916690826,0.20361493527889252,0.9560434222221375,0.0064875464886426926,2.9554317734437063e-05,0.037842608988285065,0.00011533535871421918
201505A,2015-11-09 21:00:00,insat,SHEAR,0,0.012054053135216236,1.5898225456112414e-06,0.18333213031291962,0.005120189860463142,0.7802040576934814,0.9948240518569946,0.004224463365972042,1.6222746523908427e-07,0.020185355097055435,5.405221236287616e-05
201601B,2016-05-19 15:00:00,insat,IRRCDO,4,0.014535701833665371,0.0010865338845178485,0.8067904114723206,0.6931104063987732,0.1116839349269867,0.21711280941963196,0.03889160603284836,0.016712607815861702,0.028098275884985924,0.07197760045528412
201601B,2016-05-19 21:00:00,insat,CRVBND,4,0.011713317595422268,0.00041068968130275607,0.7435099482536316,0.06321864575147629,0.10543496161699295,0.0005409024888649583,0.07028209418058395,0.010808467864990234,0.06905960291624069,0.925021231174469
201601B,2016-05-20 10:00:00,insat,EMBC,4,0.011849799193441868,0.538637638092041,0.5059324502944946,0.002526497235521674,0.02752811461687088,3.894220981237595e-07,0.38449546694755554,0.4533143639564514,0.07019418478012085,0.005521106533706188
201601B,2016-05-20 15:00:00,insat,CRVBND,4,0.01830599270761013,0.0016762939048931003,0.8622233271598816,0.28092312812805176,0.03260505944490433,0.002188744256272912,0.05701429769396782,0.03230878338217735,0.029851282015442848,0.6829030513763428
201602A,2016-06-27 09:00:00,insat,CRVBND,0,0.023967118933796883,0.002155514433979988,0.05129803717136383,0.3953804671764374,0.021818319335579872,0.010327229276299477,0.40855908393859863,0.2145024687051773,0.4943574368953705,0.37763428688049316
201602A,2016-06-27 15:00:00,insat,IRRCDO,0,0.023646250367164612,0.00012144936772529036,0.8167262673377991,0.7277493476867676,0.022321129217743874,0.2513642907142639,0.020416639745235443,0.0017266490031033754,0.11688966304063797,0.019038192927837372
201602A,2016-06-28 03:00:00,insat,CRVBND,0,0.026569131761789322,0.00018826629093382508,0.4685114622116089,0.5968891978263855,0.05203917250037193,0.24896475672721863,0.02153487503528595,0.003846453269943595,0.4313453137874603,0.15011130273342133
201602A,2016-06-28 21:00:00,insat,SHEAR,0,0.01856243424117565,1.105631211584246e-11,0.4820183515548706,0.006857985630631447,0.43230098485946655,0.9931420683860779,0.0049157943576574326,1.152752004962565e-09,0.06220238655805588,4.969091449424923e-08
201603B,2016-10-25 04:30:00,insat,EMBC,3,0.008969281800091267,0.06745047867298126,0.06385216861963272,0.21237684786319733,0.007888983003795147,0.00038991679321043193,0.08758578449487686,0.1756584644317627,0.8317037224769592,0.5441243052482605
201603B,2016-10-25 11:30:00,insat,EMBC,3,0.057652439922094345,0.06554511934518814,0.3869716227054596,0.591647744178772,0.0328967347741127,0.007252245210111141,0.11317127197980881,0.12568791210651398,0.40930792689323425,0.2098669707775116
201603B,2016-10-26 12:00:00,insat,CRVBND,3,0.008622104302048683,0.005416295025497675,0.2930147051811218,0.7707929015159607,0.0075820269994437695,0.17298045754432678,0.045156076550483704,0.007192527875304222,0.6456250548362732,0.043617770075798035
201603B,2016-10-27 00:00:00,insat,IRRCDO,3,0.01668766513466835,8.579962013754994e-06,0.21365150809288025,0.1611408293247223,0.32881852984428406,0.6517243981361389,0.012091228738427162,2.6843970772461034e-05,0.42875102162361145,0.18709933757781982
201603B,2016-10-27 04:30:00,insat,CRVBND,3,0.04095754399895668,0.002022573258727789,0.3348679542541504,0.73209148645401,0.5011071562767029,0.0942925438284874,0.0529453344643116,0.0031771366484463215,0.07012201845645905,0.16841627657413483
201604B,2016-11-30 03:30:00,insat,IRRCDO,2,0.007882754318416119,0.00020759442122653127,0.8232796788215637,0.7257773280143738,0.011130238883197308,0.17030172049999237,0.015202078968286514,0.004552153404802084,0.14250527322292328,0.09916115552186966
201604B,2016-11-30 09:00:00,insat,CRVBND,2,0.027402399107813835,1.81573886948172e-06,0.6707208752632141,0.16394272446632385,0.050638578832149506,0.8355064988136292,0.018422806635499,0.00019036023877561092,0.23281539976596832,0.0003586522943805903
201604B,2016-11-30 15:00:00,insat,CRVBND,2,0.028294743970036507,1.0118673117176513e-06,0.3812714219093323,0.17824199795722961,0.3849514424800873,0.8210278153419495,0.00654896255582571,0.00026754586724564433,0.1989334523677826,0.0004615703073795885
201604B,2016-11-30 21:00:00,insat,SHEAR,2,0.014296433888375759,1.2051270914525958e-07,0.8844712972640991,0.04367107152938843,0.04163108393549919,0.9562603235244751,0.00259383418597281,2.770430000964552e-05,0.057007282972335815,4.0863709728000686e-05
201604B,2016-12-01 03:00:00,insat,SHEAR,2,0.013856643810868263,1.7597005808056565e-07,0.18308821320533752,0.01972445659339428,0.6580616235733032,0.980268120765686,0.00975724495947361,3.189998324160115e-06,0.13523627817630768,4.053228622069582e-06
201604B,2016-12-01 09:00:00,insat,SHEAR,2,0.004198608919978142,5.0685535768479895e-08,0.026303954422473907,0.002242863178253174,0.9488301277160645,0.9977568984031677,0.002374551258981228,1.0593190324925672e-07,0.018292702734470367,7.394053369580433e-08
201604B,2016-12-01 15:00:00,insat,SHEAR,2,0.010961550287902355,1.2511800662196038e-07,0.025980280712246895,0.001630889717489481,0.9218775033950806,0.9983687996864319,0.005830330308526754,1.3608917015517363e-07,0.03535028174519539,1.115432155529561e-07
201604B,2016-12-01 21:00:00,insat,SHEAR,2,0.02271248772740364,1.5098385119927116e-07,0.14329499006271362,0.008675488643348217,0.717918336391449,0.9912983775138855,0.009074268862605095,2.481088085914962e-05,0.1069999411702156,1.2310215424804483e-06
201605B,2016-12-07 15:00:00,insat,CRVBND,4,0.010802635923027992,0.4953455328941345,0.7850226759910583,0.026610391214489937,0.04555201157927513,6.418921111617237e-05,0.13505767285823822,0.42906415462493896,0.023564985021948814,0.04891572892665863
201605B,2016-12-07 20:30:00,insat,IRRCDO,4,0.005822581239044666,0.22354646027088165,0.06207829341292381,0.06505883485078812,0.0022953031584620476,0.00010942715016426519,0.5597898960113525,0.547741174697876,0.37001386284828186,0.16354413330554962
201605B,2016-12-08 03:30:00,insat,CRVBND,4,0.00943679828196764,0.46551328897476196,0.8773953914642334,0.17848365008831024,0.01131562888622284,0.0031900780741125345,0.08786050975322723,0.22568057477474213,0.013991719111800194,0.12713240087032318
201605B,2016-12-08 09:00:00,insat,CRVBND,4,0.014512237161397934,0.0020739156752824783,0.8255394101142883,0.5673854351043701,0.04581194743514061,0.3721730411052704,0.07459042966365814,0.009578077122569084,0.03954591974616051,0.04878957197070122
201605B,2016-12-08 15:00:00,insat,CRVBND,4,0.027807818725705147,5.045972102379892e-06,0.7844820022583008,0.39363086223602295,0.02032729797065258,0.1253051459789276,0.0525612011551857,0.0006075382698327303,0.11482172459363937,0.480451375246048
201605B,2016-12-08 20:30:00,insat,IRRCDO,4,0.0129713024944067,7.2667389758862555e-06,0.07144221663475037,0.2240261733531952,0.014156889170408249,0.015078285709023476,0.7804685831069946,0.0011485398281365633,0.12096099555492401,0.7597397565841675
201605B,2016-12-09 09:00:00,insat,IRRCDO,4,0.0069355727173388,4.044638262712397e-05,0.5212803483009338,0.5943414568901062,0.005591860041022301,0.2233618050813675,0.03139188513159752,0.0019946894608438015,0.43480029702186584,0.18026159703731537
201605B,2016-12-10 02:30:00,insat,EMBC,4,0.008547022938728333,0.5705437064170837,0.14320196211338043,0.006401124410331249,0.008351384662091732,5.764819889009232e-06,0.824216365814209,0.41934657096862793,0.015683334320783615,0.0037028442602604628
201605B,2016-12-10 15:00:00,insat,EMBC,4,0.010868831537663937,0.029116561636328697,0.015345717780292034,0.1922551542520523,0.0014516006922349334,0.0008893151534721255,0.9566013216972351,0.22209659218788147,0.01573263108730316,0.5556423664093018
201605B,2016-12-10 21:00:00,insat,EMBC,4,0.010309013538062572,0.04048939794301987,0.17567943036556244,0.1535397469997406,0.0029520781245082617,0.00039337383350357413,0.44270724058151245,0.686208963394165,0.3683522343635559,0.11936857551336288
201605B,2016-12-11 21:00:00,insat,EYE,4,0.020357785746455193,0.2881985306739807,0.017831986770033836,0.009509969502687454,0.004895966965705156,5.1255119615234435e-06,0.942625880241394,0.6613183617591858,0.014288422651588917,0.04096806049346924
201605B,2016-12-12 04:00:00,insat,EYE,4,0.011638266034424305,0.6429775357246399,0.6293744444847107,0.04264231398701668,0.00831267237663269,0.0001321428280789405,0.26905304193496704,0.26342064142227173,0.08162157237529755,0.05082743614912033
201701B,2017-04-16 03:00:00,insat,IRRCDO,3,0.020046168938279152,0.08521955460309982,0.8599004149436951,0.12995873391628265,0.03715088590979576,0.0009508887305855751,0.0370325967669487,0.2528529763221741,0.04586990177631378,0.5310178399085999
201701B,2017-04-16 09:10:00,insat,IRRCDO,3,0.03061288222670555,0.1996636539697647,0.6469464302062988,0.01164504699409008,0.2097872644662857,1.1608252862060908e-05,0.0676191970705986,0.4947555959224701,0.0450342558324337,0.29392409324645996
201701B,2017-04-16 15:40:00,insat,IRRCDO,3,0.028511781245470047,0.0331554152071476,0.5560476779937744,0.00578136183321476,0.24505646526813507,6.937071702850517e-06,0.09044166654348373,0.8799058794975281,0.07994234561920166,0.08115039020776749
201702B,2017-05-28 07:00:00,insat,EMBC,2,0.04657389596104622,0.18083173036575317,0.8925363421440125,0.1270119696855545,0.005343206226825714,5.408467131928774e-06,0.011629560962319374,0.5664645433425903,0.04391702264547348,0.12568628787994385
201702B,2017-05-28 12:10:00,insat,IRRCDO,2,0.027758914977312088,0.0008302224450744689,0.8701900839805603,0.8689400553703308,0.032362595200538635,0.0005517498357221484,0.029497375711798668,0.04707730934023857,0.040191031992435455,0.08260055631399155
201702B,2017-05-28 18:10:00,insat,IRRCDO,2,0.00914960540831089,0.0010265609016641974,0.8949025273323059,0.5642872452735901,0.03059954196214676,0.00010087153350468725,0.0051950146444141865,0.06926202028989792,0.06015326455235481,0.3653232455253601
201702B,2017-05-29 00:10:00,insat,IRRCDO,2,0.019493546336889267,0.08949486911296844,0.9136792421340942,0.25909876823425293,0.010968171991407871,4.8029283789219335e-05,0.029688760638237,0.48955801129341125,0.026170339435338974,0.161800354719162
201702B,2017-05-29 13:10:00,insat,IRRCDO,2,0.07271115481853485,3.252641181461513e-05,0.43826743960380554,0.9432389736175537,0.0629417672753334,0.028321411460638046,0.353364497423172,0.020748214796185493,0.07271511852741241,0.007658931892365217
201702B,2017-05-29 22:40:00,insat,EYE,2,0.25890052318573,0.03785163164138794,0.057328253984451294,0.2495836317539215,0.014666902832686901,0.0001814489223761484,0.5001296997070312,0.19574086368083954,0.1689746081829071,0.5166424512863159
201703B,2017-11-30 03:00:00,insat,EMBC,3,0.1577669382095337,0.5520488023757935,0.11551433056592941,0.028622077777981758,0.010399491526186466,4.793044718098827e-05,0.6735356450080872,0.41134291887283325,0.04278362914919853,0.007938312366604805
201703A,2017-11-30 08:30:00,insat,EMBC,1,0.0979396402835846,0.5351399183273315,0.3005291819572449,0.013338951393961906,0.042779333889484406,1.4719664704898605e-06,0.4889678955078125,0.44482922554016113,0.06978393346071243,0.006690473295748234
201703B,2017-11-30 14:30:00,insat,EYE,3,0.020336968824267387,0.5730701088905334,0.060862164944410324,0.019713323563337326,0.0027545096818357706,2.026286892942153e-05,0.3106725215911865,0.39331746101379395,0.6053738594055176,0.013878808356821537
201703B,2017-12-01 03:00:00,insat,EYE,3,0.05170903727412224,0.26055434346199036,0.06056680530309677,0.024950385093688965,0.004982453770935535,1.709018397377804e-05,0.8213726282119751,0.6974042654037476,0.06136905401945114,0.01707391068339348
201703B,2017-12-01 09:30:00,insat,EMBC,3,0.01090262457728386,0.2908285856246948,0.1489095687866211,0.2153709977865219,0.003938563168048859,0.0007483537192456424,0.2406744360923767,0.47039955854415894,0.5955748558044434,0.022652534767985344
201703B,2017-12-01 15:30:00,insat,EYE,3,0.042228203266859055,0.3574107587337494,0.027553997933864594,0.27533581852912903,0.0044103944674134254,0.00197627698071301,0.8899874687194824,0.3363279700279236,0.03581991791725159,0.028949223458766937
201703B,2017-12-01 22:00:00,insat,EYE,3,0.0450700968503952,0.16944457590579987,0.05281548202037811,0.3203544020652771,0.0043514627031981945,0.001443442772142589,0.7880059480667114,0.3853748142719269,0.10975701361894608,0.12338271737098694
201703B,2017-12-02 03:00:00,insat,EYE,3,0.558906078338623,0.3153979182243347,0.03714118152856827,0.13003435730934143,0.012706399895250797,0.0006694560288451612,0.36593812704086304,0.5034739971160889,0.025308264419436455,0.050424277782440186
201703B,2017-12-02 09:00:00,insat,EYE,3,0.032194968312978745,0.22814902663230896,0.023032138124108315,0.3262585699558258,0.00343783269636333,0.004288313910365105,0.9050166010856628,0.3042072653770447,0.03631843999028206,0.1370968520641327
201703B,2017-12-03 04:00:00,insat,IRRCDO,3,0.010236551985144615,0.1798544079065323,0.10333412885665894,0.6609545946121216,0.00721221836283803,0.021214643493294716,0.5820897817611694,0.12181176990270615,0.29712730646133423,0.01616465300321579
201703B,2017-12-03 14:30:00,insat,EMBC,3,0.012308759614825249,0.465555876493454,0.0409783273935318,0.02585846744477749,0.007668871432542801,3.444164030952379e-05,0.6913266181945801,0.5031265020370483,0.24771735072135925,0.005424728617072105
201703B,2017-12-03 21:00:00,insat,EMBC,3,0.014087526127696037,0.6306299567222595,0.015397528186440468,0.08917228132486343,0.0035028019919991493,0.0002742321521509439,0.9300139546394348,0.26879802346229553,0.03699815273284912,0.011125537566840649
201703B,2017-12-04 04:00:00,insat,EMBC,3,0.028951402753591537,0.5926793813705444,0.4339756965637207,0.07956808805465698,0.03279152140021324,0.00019417237490415573,0.28483179211616516,0.3178160786628723,0.21944963932037354,0.009742284193634987
201703B,2017-12-05 09:00:00,insat,SHEAR,3,0.010500443167984486,8.496511145494878e-05,0.07379530370235443,0.036620546132326126,0.8996636867523193,0.9632842540740967,0.006091455928981304,4.906626600131858e-06,0.009949145838618279,5.229805083217798e-06
201703B,2017-12-05 17:00:00,insat,SHEAR,3,0.006135635543614626,5.4040333452576306e-06,0.023610349744558334,0.008216716349124908,0.9580392837524414,0.9917776584625244,0.003887883620336652,9.712159254604558e-08,0.008326839655637741,7.209402497210249e-08
201704B,2017-12-08 21:00:00,insat,CRVBND,0,0.031118931248784065,0.013886667788028717,0.5453599095344543,0.7656275033950806,0.030945632606744766,0.044243887066841125,0.10554398596286774,0.021671701222658157,0.2870315909385681,0.15457022190093994
201704B,2017-12-09 03:00:00,insat,CRVBND,0,0.02135135419666767,0.11606380343437195,0.1406710147857666,0.6865034699440002,0.021276816725730896,0.011358129791915417,0.7863911986351013,0.11527955532073975,0.030309554189443588,0.07079506665468216
201704B,2017-12-09 09:00:00,insat,SHEAR,0,0.013908565044403076,3.7597510527120903e-07,0.20509885251522064,0.03618643060326576,0.763257622718811,0.9638090133666992,0.003571700071915984,8.177578934009944e-07,0.014163187704980373,3.3726580568327336e-06
201704B,2017-12-09 15:00:00,insat,SHEAR,0,0.002819263143464923,2.521930468901701e-07,0.01095294114202261,0.02327963151037693,0.9821261763572693,0.9767160415649414,0.0009707043645903468,8.270968123724742e-07,0.003130942117422819,3.306945245640236e-06
201704B,2017-12-09 21:00:00,insat,SHEAR,0,0.004649471491575241,1.6421068949057371e-07,0.017528526484966278,0.01021293643862009,0.9698777198791504,0.9897867441177368,0.002008883049711585,1.7219843329030482e-08,0.00593544403091073,8.322355427026196e-08
201704B,2017-12-10 03:45:00,insat,SHEAR,0,0.003890041261911392,1.6131069457969716e-07,0.014112485572695732,0.01432205643504858,0.9759401679039001,0.9856773614883423,0.001564786653034389,3.9473488300245663e-07,0.004492433741688728,1.3868847759113123e-07
201801A,2018-05-17 00:00:00,insat,CRVBND,2,0.03591378778219223,0.0024733180180191994,0.25552576780319214,0.002820253139361739,0.08430498093366623,0.00010503819794394076,0.039898406714200974,0.0004913079319521785,0.5843571424484253,0.9941100478172302
201801A,2018-05-17 11:00:00,insat,IRRCDO,2,0.027527807280421257,0.13697703182697296,0.3504549264907837,0.09667883068323135,0.08636447787284851,0.001032605767250061,0.3074341118335724,0.5112020373344421,0.22821864485740662,0.2541094422340393
201801A,2018-05-17 18:00:00,insat,CRVBND,2,0.021302148699760437,0.008450343273580074,0.13785861432552338,0.05777973309159279,0.6217290163040161,0.0007484294474124908,0.16840925812721252,0.060185689479112625,0.05070089176297188,0.8728357553482056
201801A,2018-05-18 00:00:00,insat,EMBC,2,0.020370949059724808,4.844431487072143e-07,0.08828145265579224,0.0006712466711178422,0.585581362247467,2.811359263432678e-05,0.06950131803750992,1.5696317632318824e-06,0.2362649291753769,0.9992985725402832
201801A,2018-05-18 18:00:00,insat,IRRCDO,2,0.002961277961730957,2.3961621871252704e-15,0.021374573931097984,6.726552965119481e-05,0.9503870010375977,0.9999326467514038,0.0057208361104130745,9.413250040557486e-11,0.01955636404454708,6.323372758743062e-08
201802A,2018-05-22 12:00:00,insat,CRVBND,1,0.014358232729136944,0.17830049991607666,0.0051511963829398155,0.011680494993925095,0.012748374603688717,4.90673528474872e-08,0.9146929383277893,0.6954892873764038,0.05304931104183197,0.11452969908714294
201802A,2018-05-23 19:00:00,insat,EMBC,1,0.02609049342572689,0.1504538357257843,0.0032706260681152344,0.03252539038658142,0.011227831244468689,5.373897238314385e-07,0.9345312118530273,0.7555391192436218,0.02487989142537117,0.06148106977343559
201802A,2018-05-24 12:30:00,insat,EMBC,1,0.026275886222720146,0.148725226521492,0.009461548179388046,0.17571412026882172,0.021495161578059196,9.147211676463485e-05,0.9180260300636292,0.5446482300758362,0.024741416797041893,0.13082093000411987
201802A,2018-05-24 16:45:00,insat,EYE,1,0.6737785935401917,0.07957405596971512,0.005232468247413635,0.07073324173688889,0.024374209344387054,5.581664026976796e-06,0.22458864748477936,0.26189714670181274,0.07202614843845367,0.5877899527549744
201802A,2018-05-24 23:00:00,insat,EMBC,1,0.8405574560165405,0.06817741692066193,0.0053366064094007015,0.12569764256477356,0.019168248400092125,3.096705040661618e-05,0.08230514079332352,0.34012624621391296,0.05263255164027214,0.4659677743911743
201802A,2018-05-25 19:00:00,insat,EYE,1,0.018649866804480553,0.12285289913415909,0.027996867895126343,0.0412377305328846,0.01654553785920143,2.0567861156450817e-06,0.8977878093719482,0.7853695750236511,0.039019882678985596,0.05053764954209328
201805A,2018-10-08 06:00:00,insat,CRVBND,2,0.039168454706668854,0.26681017875671387,0.8153049349784851,0.220272496342659,0.022622136399149895,0.0019819685257971287,0.07872254401445389,0.44608309864997864,0.044181954115629196,0.06485233455896378
201805A,2018-10-08 12:00:00,insat,CRVBND,2,0.031228486448526382,0.05952625349164009,0.8482935428619385,0.6120620369911194,0.023573318496346474,0.23175151646137238,0.0629594624042511,0.07595598697662354,0.033945124596357346,0.02070416323840618
201805A,2018-10-08 23:00:00,insat,EMBC,2,0.07313363999128342,0.16465280950069427,0.1737900972366333,0.14249446988105774,0.00810631550848484,0.0005138720734976232,0.7110186219215393,0.34131622314453125,0.033951301127672195,0.3510226905345917
201805A,2018-10-09 06:30:00,insat,CRVBND,2,0.02471555955708027,0.0007641426636837423,0.5798200368881226,0.653213620185852,0.02132536843419075,0.2156289517879486,0.3318817615509033,0.00568343186751008,0.04225727170705795,0.124709852039814
201805A,2018-10-09 12:00:00,insat,EMBC,2,0.1384209394454956,0.23056314885616302,0.5532237887382507,0.2265266627073288,0.023023439571261406,0.0026009855791926384,0.16768580675125122,0.40448546409606934,0.11764603108167648,0.13582368195056915
201805A,2018-10-10 05:30:00,insat,EYE,2,0.9475919604301453,0.08815661072731018,0.009082145988941193,0.6537630558013916,0.008075998164713383,0.03553640842437744,0.012652959674596786,0.146017923951149,0.022597026079893112,0.07652600109577179
201806B,2018-10-10 06:00:00,insat,EMBC,0,0.9296873211860657,0.4092314839363098,0.01139709074050188,0.10150685906410217,0.01317644864320755,0.001039867172949016,0.025864064693450928,0.4322400391101837,0.01987503282725811,0.05598176643252373
201805A,2018-10-10 12:00:00,insat,CRVBND,2,0.5986025333404541,0.06704925000667572,0.11708705872297287,0.7005033493041992,0.018848678097128868,0.043123576790094376,0.21321098506450653,0.13788443803787231,0.05225067585706711,0.051439400762319565
201806B,2018-10-10 12:00:00,insat,EYE,0,0.9398464560508728,0.39799344539642334,0.0033135307021439075,0.20460540056228638,0.011502951383590698,0.004958613775670528,0.028317222371697426,0.29145926237106323,0.017019735649228096,0.10098327696323395
201805A,2018-10-10 23:45:00,insat,CRVBND,2,0.018561774864792824,0.014440308324992657,0.9158157110214233,0.6547209024429321,0.029344843700528145,0.24201329052448273,0.0037849016953259706,0.01572263613343239,0.03249271586537361,0.07310282438993454
201806B,2018-10-10 23:15:00,insat,EMBC,0,0.8834519982337952,0.9338792562484741,0.0029523069970309734,0.0024692860897630453,0.019311202690005302,1.4826363440079149e-05,0.07325563579797745,0.05824211239814758,0.02102890983223915,0.005394563544541597
201805A,2018-10-11 05:45:00,insat,CRVBND,2,0.019581258296966553,0.0004821641487069428,0.818280816078186,0.44650799036026,0.04992244765162468,0.5457616448402405,0.05800904333591461,0.004757934715598822,0.05420646443963051,0.002490323968231678
201805A,2018-10-11 12:15:00,insat,CRVBND,2,0.06862637400627136,0.1628185510635376,0.8068274855613708,0.5654387474060059,0.02711581438779831,0.055459149181842804,0.05219418928027153,0.09488051384687424,0.04523618891835213,0.12140302360057831
201805A,2018-10-11 23:45:00,insat,CRVBND,2,0.010598909109830856,0.0007788809598423541,0.898363471031189,0.5850837826728821,0.05403608828783035,0.3917502164840698,0.005304278805851936,0.0034860463347285986,0.031697265803813934,0.018901070579886436
201805A,2018-10-12 06:15:00,insat,CRVBND,2,0.009749465622007847,0.009255134500563145,0.9251680374145508,0.7409236431121826,0.02934325486421585,0.19232438504695892,0.003156801452860236,0.011913588270545006,0.032582443207502365,0.045583177357912064
201805A,2018-10-12 12:00:00,insat,CRVBND,2,0.02259444259107113,0.0001307855563936755,0.8187838196754456,0.16588430106639862,0.013346769846975803,0.833268404006958,0.0039341747760772705,0.0002691095578484237,0.14134088158607483,0.000447407946921885
201805A,2018-10-13 00:15:00,insat,SHEAR,2,0.015569575130939484,0.0006926523637957871,0.642550528049469,0.6859443783760071,0.033764615654945374,0.2501601576805115,0.012123910710215569,0.0029906565323472023,0.29599130153656006,0.06021212413907051
201805A,2018-10-13 06:15:00,insat,CRVBND,2,0.007666254881769419,0.01079572830349207,0.8359751105308533,0.7304529547691345,0.06284648180007935,0.20338286459445953,0.007419124245643616,0.01623127982020378,0.08609307557344437,0.039137180894613266
201805A,2018-10-13 12:00:00,insat,CRVBND,2,0.011077208444476128,0.0008938061073422432,0.8537595868110657,0.5441640019416809,0.02612026408314705,0.4363250136375427,0.04186168685555458,0.005485830828547478,0.06718123704195023,0.013131297193467617
201805A,2018-10-14 00:00:00,insat,CRVBND,2,0.012661052867770195,1.086692691387725e-06,0.25612473487854004,0.020861467346549034,0.6343732476234436,0.9791168570518494,0.0340128056704998,1.7356102034682408e-05,0.0628281682729721,3.2144159831659636e-06
201807B,2018-11-10 20:45:00,insat,IRRCDO,3,0.024427015334367752,0.07521793246269226,0.7280718684196472,0.016918210312724113,0.07397231459617615,5.979075649520382e-05,0.05758381634950638,0.1040596067905426,0.1159449890255928,0.8037444949150085
201807B,2018-11-11 03:15:00,insat,CRVBND,3,0.013974614441394806,0.21475893259048462,0.315947026014328,0.004969658330082893,0.017812753096222878,4.187508238828741e-06,0.0996309220790863,0.46135735511779785,0.5526346564292908,0.3189098834991455
201807B,2018-11-11 09:15:00,insat,CRVBND,3,0.030260462313890457,0.18341106176376343,0.7001661658287048,0.004763403907418251,0.1354377120733261,3.3183857794938376e-06,0.08658165484666824,0.6759710907936096,0.047554004937410355,0.1358511596918106
201807B,2018-11-11 15:15:00,insat,CRVBND,3,0.028526848182082176,0.19450174272060394,0.6205050945281982,0.011547406204044819,0.19418801367282867,5.516909368452616e-06,0.08312021195888519,0.5979552865028381,0.07365983724594116,0.19599007070064545
201807B,2018-11-11 20:45:00,insat,IRRCDO,3,0.011877885088324547,0.06360038369894028,0.8063562512397766,0.1021006628870964,0.01451235543936491,0.00028283600113354623,0.03695997968316078,0.4611898958683014,0.1302935928106308,0.3728262186050415
201807B,2018-11-12 02:45:00,insat,CRVBND,3,0.024258285760879517,0.0004028947732876986,0.6611887812614441,0.5298223495483398,0.2513235807418823,0.12151995301246643,0.037584926933050156,0.011784554459154606,0.025644421577453613,0.33647027611732483
201807B,2018-11-12 08:45:00,insat,CRVBND,3,0.034399498254060745,0.00013289102935232222,0.6229651570320129,0.06505728513002396,0.2234574854373932,0.0030188742093741894,0.06516698747873306,0.0010150658199563622,0.054010890424251556,0.9307758212089539
201807B,2018-11-12 15:15:00,insat,CRVBND,3,0.024546043947339058,0.007415512576699257,0.4801837205886841,0.773444414138794,0.340528279542923,0.0882052481174469,0.029166068881750107,0.03400406986474991,0.1255759745836258,0.09693072736263275
201807B,2018-11-12 21:15:00,insat,CRVBND,3,0.014833229593932629,0.8080061078071594,0.37052121758461,0.0004468303523026407,0.03891676664352417,5.408714542909365e-08,0.060538407415151596,0.16719816625118256,0.5151903629302979,0.02434876561164856
201807B,2018-11-13 03:15:00,insat,CRVBND,3,0.022639423608779907,0.8842043876647949,0.804256021976471,0.0016647838056087494,0.09419728070497513,1.871733729785774e-06,0.052078984677791595,0.08788230270147324,0.02682831510901451,0.026246648281812668
201807B,2018-11-13 09:15:00,insat,CRVBND,3,0.031729862093925476,0.25985169410705566,0.589432418346405,0.17799866199493408,0.28067514300346375,0.002597157144919038,0.0656544417142868,0.2804013788700104,0.03250810131430626,0.2791510820388794
201807B,2018-11-13 15:15:00,insat,EYE,3,0.03425532951951027,0.36594459414482117,0.6286453008651733,0.03420942649245262,0.22895845770835876,0.00022701677517034113,0.05002916604280472,0.06423493474721909,0.05811181664466858,0.535383939743042
201807B,2018-11-14 09:00:00,insat,EMBC,3,0.016135187819600105,0.4981176555156708,0.823110818862915,0.011956846341490746,0.008191628381609917,2.4643350116093643e-05,0.11006543040275574,0.4786509871482849,0.0424969382584095,0.011249766685068607
201807B,2018-11-14 15:45:00,insat,EMBC,3,0.02113524079322815,0.4943307638168335,0.8439621925354004,0.11105643957853317,0.015960073098540306,0.0007786917849443853,0.054250963032245636,0.27375528216362,0.06469158083200455,0.12007878720760345
201807B,2018-11-15 08:45:00,insat,EMBC,3,0.027431758120656013,0.24936090409755707,0.0942145437002182,0.06578371673822403,0.005416706670075655,0.00019496695313137025,0.7004981637001038,0.47557714581489563,0.172438845038414,0.20908325910568237
201807B,2018-11-15 15:45:00,insat,EMBC,3,0.08065295964479446,0.6730529069900513,0.007693388964980841,0.007286162115633488,0.004567479249089956,1.045131739374483e-05,0.8872120976448059,0.1071939766407013,0.01987406797707081,0.2124565690755844
201807B,2018-11-16 19:45:00,insat,CRVBND,3,0.017646560445427895,0.08712490648031235,0.046043429523706436,0.3397820293903351,0.0024733319878578186,0.0024491921067237854,0.2565251886844635,0.10605195164680481,0.6773114800453186,0.46459197998046875
201807B,2018-11-17 03:15:00,insat,CRVBND,3,0.018145080655813217,0.034237492829561234,0.3185763359069824,0.3337430953979492,0.003116658190265298,0.0020164840389043093,0.20226557552814484,0.0827445238828659,0.45789635181427,0.5472584366798401
201807B,2018-11-17 10:15:00,insat,CRVBND,3,0.02326672151684761,0.26986798644065857,0.47589415311813354,0.2233932912349701,0.006563478149473667,0.0014317076420411468,0.32225099205970764,0.3354541063308716,0.172024667263031,0.1698528528213501
201807B,2018-11-17 13:45:00,insat,CRVBND,3,0.018889719620347023,0.16665378212928772,0.4066290557384491,0.2207559496164322,0.007263194769620895,0.004271137528121471,0.3081684708595276,0.12034448981285095,0.25904950499534607,0.4879746437072754
201807B,2018-11-18 09:15:00,insat,CRVBND,3,0.02234583906829357,0.31471624970436096,0.10866935551166534,0.08428069949150085,0.0020165429450571537,0.0001558083895361051,0.6678608655929565,0.45702075958251953,0.19910743832588196,0.1438264548778534
201807B,2018-11-18 15:15:00,insat,SHEAR,3,0.023605402559041977,0.0017192517407238483,0.696718156337738,0.766039252281189,0.021257610991597176,0.127604141831398,0.1557401567697525,0.005533740855753422,0.10267860442399979,0.09910360723733902
201807B,2018-11-18 21:15:00,insat,SHEAR,3,0.027658917009830475,1.688908639607689e-07,0.47706401348114014,0.07239501178264618,0.1559484452009201,0.927447497844696,0.03579413518309593,2.7892081106983824e-06,0.30353447794914246,0.00015451436047442257
201807B,2018-11-19 03:15:00,insat,SHEAR,3,0.040946315973997116,6.23526721028611e-05,0.390232652425766,0.05131979659199715,0.44444146752357483,0.00341355730779469,0.047253526747226715,0.0008895586943253875,0.07712601870298386,0.9443146586418152
201807B,2018-11-19 09:15:00,insat,CRVBND,3,0.029841214418411255,0.023031819611787796,0.7136319279670715,0.7377557158470154,0.08341028541326523,0.018029646947979927,0.08725853264331818,0.13284505903720856,0.08585793524980545,0.0883377194404602
201807B,2018-11-19 15:15:00,insat,SHEAR,3,0.021427081897854805,0.0009799599647521973,0.14434115588665009,0.48208239674568176,0.7959483861923218,0.4271085560321808,0.01978144608438015,0.0002904216817114502,0.018501969054341316,0.08953869342803955
201808B,2018-12-15 15:15:00,insat,IRRCDO,4,0.01608242653310299,3.568736428860575e-05,0.449163556098938,0.03792380169034004,0.013505895622074604,0.0002486088196747005,0.41987478733062744,0.0023930715397000313,0.10137326270341873,0.9593988060951233
201808B,2018-12-16 21:00:00,insat,EMBC,4,0.015981189906597137,0.4294005334377289,0.4517041742801666,0.0284064169973135,0.010427596047520638,4.0586084651295096e-05,0.47530248761177063,0.45283880829811096,0.04658450931310654,0.08931368589401245
201808B,2018-12-17 09:15:00,insat,CRVBND,4,0.008708755485713482,0.047402482479810715,0.887558102607727,0.72419673204422,0.0695386603474617,0.16298481822013855,0.012026853859424591,0.03836718574166298,0.02216757833957672,0.027048824355006218
201901B,2019-04-27 14:45:00,insat,IRRCDO,0,0.021568723022937775,8.068350871326402e-05,0.5056122541427612,0.5432075262069702,0.07653926312923431,0.10864365100860596,0.005172974430024624,0.008202188648283482,0.3911067843437195,0.3398659825325012
201901B,2019-04-28 02:45:00,insat,CRVBND,0,0.01361200399696827,6.164823571452871e-05,0.727169930934906,0.33836236596107483,0.016486406326293945,0.16502420604228973,0.007086158264428377,0.0026598291005939245,0.23564548790454865,0.4938919246196747
201901B,2019-04-28 09:15:00,insat,EMBC,0,0.01726188138127327,0.05279288813471794,0.7260969877243042,0.36440035700798035,0.018310535699129105,0.01643221825361252,0.025006230920553207,0.17746932804584503,0.2133243978023529,0.3889051675796509
201901B,2019-04-28 15:15:00,insat,CRVBND,0,0.02182713896036148,0.0038567385636270046,0.7543445229530334,0.33342328667640686,0.09812342375516891,0.4955807328224182,0.0055820825509727,0.008029923774302006,0.12012279778718948,0.15910927951335907
201901B,2019-04-30 08:45:00,insat,EMBC,0,0.019867265596985817,0.017208658158779144,0.01414291001856327,0.4845285415649414,0.010841621086001396,0.07780808210372925,0.8949099183082581,0.0699075385928154,0.0602383054792881,0.3505472242832184
201901B,2019-05-01 04:15:00,insat,EMBC,0,0.02827174961566925,0.00045776652405038476,0.21513399481773376,0.3267901539802551,0.01301991194486618,0.1422499269247055,0.11206365376710892,0.007288116030395031,0.6315106749534607,0.5232140421867371
201901B,2019-05-01 09:15:00,insat,EYE,0,0.685961127281189,0.5535539984703064,0.0037231906317174435,0.11384078115224838,0.01370139978826046,0.011229848489165306,0.2875042259693146,0.11645922064781189,0.009109960868954659,0.20491616427898407
201901B,2019-05-01 15:15:00,insat,EYE,0,0.9464164972305298,0.21245770156383514,0.001387945027090609,0.07576189935207367,0.008822365663945675,0.011879298835992813,0.03480038419365883,0.02634911984205246,0.008572841994464397,0.6735519766807556
201901B,2019-05-02 03:45:00,insat,EMBC,0,0.45129260420799255,0.013647779822349548,0.002157542621716857,0.025827428326010704,0.017187219113111496,0.0007668003672733903,0.512812077999115,0.009511112235486507,0.0165505763143301,0.9502468109130859
201901B,2019-05-02 09:15:00,insat,EYE,0,0.9438897967338562,0.9427829384803772,0.0019241279223933816,0.00030981568852439523,0.010007718577980995,2.4369145990021934e-07,0.03245602175593376,0.050061486661434174,0.011722377501428127,0.006845514755696058
201901B,2019-05-02 14:45:00,insat,EYE,0,0.9702268838882446,0.9053848385810852,0.0008667716174386442,0.00027428288012742996,0.005686544813215733,4.8964238885673694e-08,0.015849964693188667,0.08784476667642593,0.007369884289801121,0.0064961276948452
201902A,2019-06-10 14:45:00,insat,IRRCDO,2,0.014905177056789398,1.364290369565424e-06,0.24536049365997314,0.08581465482711792,0.06591169536113739,0.012273697182536125,0.01814144104719162,0.00010131818271474913,0.6556811928749084,0.9018089771270752
201902A,2019-06-10 20:45:00,insat,CRVBND,2,0.032334331423044205,4.032960350741632e-05,0.15394148230552673,0.34140312671661377,0.027610858902335167,0.022432750090956688,0.007002656348049641,0.0032622371800243855,0.7791106700897217,0.6328615546226501
201902A,2019-06-11 03:45:00,insat,IRRCDO,2,0.017684590071439743,1.5398104551422875e-06,0.195693239569664,0.6429662704467773,0.24574008584022522,0.29599472880363464,0.0066020311787724495,0.0013417229056358337,0.534280002117157,0.05969574302434921
201902A,2019-06-11 09:15:00,insat,EMBC,2,0.027533574029803276,0.013114048168063164,0.8359209299087524,0.2698167860507965,0.04733935743570328,0.0005330855492502451,0.04842722415924072,0.3016454577445984,0.040778886526823044,0.4148906171321869
201902A,2019-06-11 14:45:00,insat,EYE,2,0.039782289415597916,0.00060181476874277,0.17847254872322083,0.16754452884197235,0.09627936035394669,0.0010317594278603792,0.2817480266094208,0.029475098475813866,0.4037177860736847,0.8013467788696289
201902A,2019-06-11 20:45:00,insat,IRRCDO,2,0.014675999991595745,2.4931545340223238e-05,0.33179330825805664,0.31220507621765137,0.06964476406574249,0.014335277490317822,0.02713351882994175,0.0033981986343860626,0.5567524433135986,0.6700364947319031
201902A,2019-06-12 10:15:00,insat,EMBC,2,0.028622863814234734,0.01723526418209076,0.12706132233142853,0.06349755078554153,0.03771797940135002,8.98602738743648e-05,0.6803056597709656,0.11548890173435211,0.12629225850105286,0.8036884069442749
201902A,2019-06-12 16:15:00,insat,IRRCDO,2,0.021674001589417458,0.00010056926839752123,0.24375423789024353,0.3423941135406494,0.10474543273448944,0.1072385162115097,0.049657657742500305,0.005073335953056812,0.580168604850769,0.5451934337615967
201902A,2019-06-13 08:15:00,insat,EYE,2,0.7955912947654724,0.0603521391749382,0.0069435592740774155,0.03626051917672157,0.03294192999601364,6.162178760860115e-05,0.11862251162528992,0.17621591687202454,0.045900750905275345,0.7271098494529724
201902A,2019-06-13 15:15:00,insat,EYE,2,0.9537431597709656,0.0024063237942755222,0.0033500802237540483,0.10624056309461594,0.00830078125,0.0015164515934884548,0.0030607206281274557,0.016732048243284225,0.0315452516078949,0.8731046915054321
201902A,2019-06-14 01:45:00,insat,EMBC,2,0.09342627227306366,0.0030688231345266104,0.6755906939506531,0.549969494342804,0.022029228508472443,0.03674034774303436,0.15521147847175598,0.06106792762875557,0.05374231934547424,0.34915345907211304
201902A,2019-06-14 09:15:00,insat,EYE,2,0.08965756744146347,0.011297381483018398,0.7227714657783508,0.5254950523376465,0.014925680123269558,0.011499431915581226,0.1328333020210266,0.06926250457763672,0.039811957627534866,0.38244563341140747
201902A,2019-06-14 14:45:00,insat,CRVBND,2,0.33847495913505554,0.0017137607792392373,0.42067673802375793,0.7292835116386414,0.025515897199511528,0.1645420789718628,0.05765041336417198,0.033913590013980865,0.15768201649188995,0.07054697722196579
201902A,2019-06-15 03:15:00,insat,EYE,2,0.24294009804725647,0.002682833932340145,0.2634497284889221,0.07533279806375504,0.08621031790971756,5.6037551985355094e-05,0.24886855483055115,0.0803101658821106,0.1585313230752945,0.8416181206703186
201902A,2019-06-15 07:45:00,insat,EYE,2,0.1469208300113678,0.0022456212900578976,0.28804484009742737,0.16710050404071808,0.12558211386203766,0.004563556052744389,0.20320801436901093,0.014937339350581169,0.23624418675899506,0.8111530542373657
201902A,2019-06-15 15:15:00,insat,CRVBND,2,0.22817306220531464,0.0015102301258593798,0.24126309156417847,0.7166933417320251,0.1429358422756195,0.13049395382404327,0.30888524651527405,0.023859336972236633,0.07874273508787155,0.1274431198835373
201902A,2019-06-15 20:45:00,insat,IRRCDO,2,0.02624468132853508,0.0003207328263670206,0.8608404397964478,0.6953508257865906,0.07884152978658676,0.0862833708524704,0.005437226966023445,0.018765507265925407,0.028636151924729347,0.1992795765399933
201902A,2019-06-16 03:15:00,insat,CRVBND,2,0.005357838701456785,1.338544848294987e-07,0.14446954429149628,0.25634509325027466,0.7904391884803772,0.7393935322761536,0.0024458528496325016,0.0002808116842061281,0.05728757008910179,0.0039804307743906975
201902A,2019-06-16 08:15:00,insat,IRRCDO,2,0.02548329159617424,9.808303502722993e-07,0.12752003967761993,0.32067978382110596,0.7632519602775574,0.6102458834648132,0.02189454436302185,8.699552563484758e-05,0.0618501678109169,0.06898637861013412
201902A,2019-06-16 14:45:00,insat,SHEAR,2,0.007998967543244362,5.85613246784078e-09,0.01961447112262249,0.04499867931008339,0.5817824602127075,0.9541409611701965,0.002664655912667513,1.8751370589598082e-06,0.38793954253196716,0.0008584794704802334
201902A,2019-06-16 21:15:00,insat,SHEAR,2,0.007475162856280804,2.347704430860631e-08,0.0420713908970356,0.00047971567255444825,0.9351683855056763,0.9995203018188477,0.001972618978470564,1.046234121560019e-08,0.013312455266714096,1.657253712039619e-08
201902A,2019-06-17 03:15:00,insat,SHEAR,2,0.0011107727186754346,4.627512151245128e-09,0.005616180598735809,0.00019503208750393242,0.9883682131767273,0.9998050332069397,0.0007132270839065313,2.868616233442367e-09,0.0041916584596037865,4.268970954512952e-09
201902A,2019-06-17 09:15:00,insat,SHEAR,2,0.0017451278399676085,1.3739229753895188e-09,0.008188019506633282,0.0003677586209960282,0.9850645661354065,0.9996321201324463,0.0004513161547947675,1.5416999588069302e-07,0.0045509058982133865,2.843680491082523e-08
201903A,2019-09-23 03:45:00,insat,EMBC,1,0.04006320238113403,0.00018389010801911354,0.8816049098968506,0.6248847842216492,0.0237358920276165,0.02293062023818493,0.017657417804002762,0.0035649966448545456,0.03693857416510582,0.3484356999397278
201903A,2019-09-23 09:15:00,insat,CRVBND,1,0.0868183970451355,6.0210080846445635e-05,0.7033516764640808,0.687582790851593,0.03545551002025604,0.2697039246559143,0.022547878324985504,0.0018034540116786957,0.15182657539844513,0.04084962606430054
201903A,2019-09-23 14:45:00,insat,EMBC,1,0.013507639989256859,3.768003807635978e-05,0.6382996439933777,0.48290857672691345,0.030425764620304108,0.13354279100894928,0.049949027597904205,0.0007040071650408208,0.2678178548812866,0.3828068971633911
201903A,2019-09-24 01:45:00,insat,EYE,1,0.07661012560129166,0.00017764593940228224,0.29078996181488037,0.07528604567050934,0.03502253070473671,0.0024921323638409376,0.4522475004196167,0.00040966359665617347,0.14532990753650665,0.9216345548629761
201903A,2019-09-24 14:15:00,insat,EMBC,1,0.03837373107671738,0.00036026339512318373,0.6496198773384094,0.6312436461448669,0.05919945240020752,0.3116948902606964,0.13215766847133636,0.0011431603925302625,0.12064920365810394,0.05555807426571846
201904A,2019-10-25 12:45:00,insat,EMBC,1,0.014540702104568481,0.4678545594215393,0.00656097149476409,0.009097651578485966,0.017295178025960922,2.2368490704138821e-07,0.9368351101875305,0.3004434108734131,0.024768050760030746,0.22260411083698273
201904A,2019-10-25 22:45:00,insat,EMBC,1,0.007687156088650227,0.11439448595046997,0.0027584396302700043,0.01763695850968361,0.00884911511093378,7.485079578373188e-08,0.9561507701873779,0.6507441401481628,0.024554453790187836,0.2172243446111679
201904A,2019-10-26 07:15:00,insat,EMBC,1,0.11461909860372543,0.0022442908957600594,0.36656203866004944,0.46404796838760376,0.059371475130319595,0.0008174965623766184,0.14739421010017395,0.07542320340871811,0.31205320358276367,0.45746710896492004
201904A,2019-10-26 12:15:00,insat,EYE,1,0.9524887800216675,0.0011506725568324327,0.004155060276389122,0.023826077580451965,0.009701191447675228,1.0230447514913976e-05,0.015140543691813946,0.00337943690828979,0.01851441152393818,0.9716335535049438
201904A,2019-10-27 00:15:00,insat,EYE,1,0.9684841632843018,0.27553820610046387,0.00341396383009851,0.03348598629236221,0.006446924991905689,1.081386244550231e-06,0.007654551416635513,0.31663694977760315,0.014000294730067253,0.3743378221988678
201904A,2019-10-27 06:15:00,insat,EYE,1,0.9630373120307922,0.5030592083930969,0.003917689900845289,0.0776597261428833,0.008215140551328659,1.363844330626307e-05,0.00905238650739193,0.23950618505477905,0.01577732525765896,0.17976124584674835
201904A,2019-10-27 11:45:00,insat,EYE,1,0.9611746072769165,0.382782906293869,0.004456596449017525,0.12973198294639587,0.007818542420864105,4.941150837112218e-05,0.010078697465360165,0.1684878021478653,0.01647154614329338,0.3189479112625122
201904A,2019-10-28 00:15:00,insat,EYE,1,0.9701934456825256,0.405985563993454,0.0028888224624097347,0.009105435572564602,0.006831630133092403,9.858639060666974e-08,0.0061762528494000435,0.35232824087142944,0.013909797184169292,0.23258066177368164
201904A,2019-10-28 06:15:00,insat,EYE,1,0.9610275626182556,0.2696276903152466,0.004465784877538681,0.15050868690013885,0.009659829549491405,3.495209966786206e-05,0.008583219721913338,0.39065852761268616,0.016263559460639954,0.18917016685009003
201904A,2019-10-28 12:15:00,insat,EYE,1,0.964531421661377,0.09199904650449753,0.0038625760935246944,0.31941190361976624,0.008574315346777439,0.00023085183056537062,0.008182363584637642,0.15349426865577698,0.01484928373247385,0.4348638951778412
201904A,2019-10-29 06:15:00,insat,EYE,1,0.9690598845481873,0.1395561546087265,0.0034067309461534023,0.3552625775337219,0.008130834437906742,0.00016960268840193748,0.006472757551819086,0.20616476237773895,0.01292975340038538,0.29884687066078186
201904A,2019-10-29 11:45:00,insat,EYE,1,0.93938809633255,0.0016810548258945346,0.006052115932106972,0.24918517470359802,0.01313872542232275,0.0014819793868809938,0.016499649733304977,0.004202667623758316,0.024921419098973274,0.7434491515159607
201904A,2019-10-29 23:15:00,insat,EMBC,1,0.030704734846949577,0.22107450664043427,0.6714930534362793,0.08005401492118835,0.02704182080924511,9.067893188330345e-06,0.20269739627838135,0.1256817877292633,0.06806295365095139,0.5731806755065918
201904A,2019-10-30 12:15:00,insat,CRVBND,1,0.027392573654651642,0.00036252749850973487,0.8895586133003235,0.8559204339981079,0.04663202166557312,0.11860588192939758,0.009651453234255314,0.003527484368532896,0.02676529996097088,0.021583739668130875
201905A,2019-10-30 12:15:00,insat,CRVBND,0,0.016965122893452644,0.002131755230948329,0.8176053762435913,0.27719366550445557,0.01848020777106285,0.37315940856933594,0.012612180784344673,0.009337017312645912,0.13433706760406494,0.3381781578063965
201904A,2019-10-30 23:45:00,insat,CRVBND,1,0.01645348221063614,6.327806545414205e-07,0.03948165476322174,0.08009025454521179,0.8887669444084167,0.9198805689811707,0.009359930641949177,8.971696274784335e-07,0.04593804106116295,2.7602914997260086e-05
201904A,2019-10-31 05:45:00,insat,SHEAR,1,0.01896793022751808,8.448798638482913e-08,0.042108457535505295,0.013975422829389572,0.8904285430908203,0.986019492149353,0.011760585941374302,9.429002290062272e-08,0.036734502762556076,4.916034868074348e-06
201906A,2019-12-03 09:15:00,insat,CRVBND,3,0.032386038452386856,0.024965975433588028,0.5881295204162598,0.3139958083629608,0.24826422333717346,0.002822653856128454,0.0976097509264946,0.4207943081855774,0.033610500395298004,0.23742127418518066
201906A,2019-12-03 15:15:00,insat,SHEAR,3,0.025304347276687622,0.00041959297959692776,0.6843006610870361,0.7149515151977539,0.1825435608625412,0.2162753939628601,0.0350266695022583,0.01801222749054432,0.07282479107379913,0.05034129321575165
201907A,2019-12-03 15:15:00,insat,CRVBND,1,0.03665242716670036,0.0025142161175608635,0.8629827499389648,0.37213942408561707,0.019028261303901672,0.0037255457136780024,0.018070491030812263,0.020745685324072838,0.06326613575220108,0.6008751392364502
201906A,2019-12-03 20:15:00,insat,CRVBND,3,0.005875859875231981,0.018149083480238914,0.09777035564184189,0.01135130412876606,0.0031640292145311832,8.942863132688217e-06,0.03864191472530365,0.0883454978466034,0.854547917842865,0.8821451663970947
201907A,2019-12-03 20:45:00,insat,IRRCDO,1,0.07758404314517975,8.299086039187387e-05,0.6897002458572388,0.17486031353473663,0.031881183385849,0.007324945647269487,0.022853024303913116,0.0007682489231228828,0.17798152565956116,0.8169634938240051
201906A,2019-12-04 02:45:00,insat,EMBC,3,0.021178973838686943,0.7261127829551697,0.3424323797225952,0.0012461087899282575,0.1950521320104599,6.012674020894337e-07,0.051570918411016464,0.21424421668052673,0.38976559042930603,0.05839620903134346
201907A,2019-12-04 03:15:00,insat,CRVBND,1,0.045297376811504364,1.9708440959220752e-06,0.3314162790775299,0.33100080490112305,0.5305845141410828,0.62599778175354,0.029240913689136505,3.889941581292078e-05,0.06346095353364944,0.042960572987794876
201906A,2019-12-04 09:15:00,insat,CRVBND,3,0.027350859716534615,0.6926999688148499,0.5625425577163696,0.0164499469101429,0.3084164261817932,9.052690438693389e-05,0.04040040820837021,0.2684640884399414,0.06128972768783569,0.022295411676168442
201907A,2019-12-04 08:45:00,insat,SHEAR,1,0.0232370775192976,8.61993676437578e-09,0.016927015036344528,0.00816583726555109,0.9270928502082825,0.9918328523635864,0.012819381430745125,1.6729978824514546e-07,0.019923711195588112,1.202834368996264e-06
201906A,2019-12-04 14:45:00,insat,CRVBND,3,0.017070356756448746,0.6614272594451904,0.15882962942123413,0.1663484275341034,0.787934422492981,0.13494142889976501,0.018179725855588913,0.02359294518828392,0.017985815182328224,0.013689938001334667
201907A,2019-12-04 15:15:00,insat,SHEAR,1,0.01232337299734354,4.385904972536991e-09,0.0073122549802064896,0.002122690435498953,0.942751944065094,0.9978768825531006,0.009919466450810432,3.369899559402256e-08,0.027692904695868492,4.43661065219203e-07
201906A,2019-12-04 20:45:00,insat,CRVBND,3,0.031264495104551315,0.0005952785140834749,0.3400266468524933,0.25170472264289856,0.5319540500640869,0.6958695650100708,0.040946949273347855,0.0009798234095796943,0.05580785125494003,0.05085061490535736
201907A,2019-12-04 20:45:00,insat,SHEAR,1,0.014670460484921932,4.743465176204609e-09,0.006566127762198448,0.001307169790379703,0.9416794776916504,0.9986926913261414,0.009775745682418346,5.7604641057196204e-09,0.027308113873004913,1.5079972115472629e-07
201906A,2019-12-05 02:45:00,insat,CRVBND,3,0.013212667778134346,4.603918569046073e-05,0.09000246971845627,0.13701345026493073,0.8691559433937073,0.855769157409668,0.010836654342710972,0.00012766240979544818,0.016792260110378265,0.007043773308396339
201906A,2019-12-05 15:00:00,insat,CRVBND,3,0.007252512499690056,0.014368053525686264,0.04138283431529999,0.17423799633979797,0.9365036487579346,0.8032737374305725,0.005755828693509102,0.002018589526414871,0.009105215780436993,0.006101544480770826
201906A,2019-12-05 20:45:00,insat,IRRCDO,3,0.012643534690141678,0.008227143436670303,0.08110431581735611,0.17779488861560822,0.8833928108215332,0.10346654057502747,0.009895676746964455,0.0022093169391155243,0.012963633984327316,0.7083021402359009
201906A,2019-12-06 09:45:00,insat,CRVBND,3,0.03360762447118759,0.8466296195983887,0.4932805001735687,0.020187068730592728,0.3667718172073364,0.0005774087621830404,0.07018915563821793,0.1161118671298027,0.036150820553302765,0.016494037583470345
201906A,2019-12-06 14:45:00,insat,CRVBND,3,0.02099679224193096,0.932568371295929,0.7775059938430786,0.01963185891509056,0.006831314414739609,0.0034615620970726013,0.0910201221704483,0.019475607201457024,0.10364579409360886,0.024862688034772873
201906A,2019-12-06 20:45:00,insat,CRVBND,3,0.019676456227898598,0.3472124934196472,0.8976282477378845,0.1426672488451004,0.01919678784906864,0.16200149059295654,0.04069465771317482,0.007537731900811195,0.022803829982876778,0.34058108925819397
202001B,2020-05-18 08:45:00,insat,EYE,4,0.4391191303730011,0.9713661074638367,0.01208275556564331,0.0005710619734600186,0.005021178629249334,2.458666870097659e-07,0.5104600787162781,0.024310288950800896,0.03331688046455383,0.0037522355560213327
202001B,2020-05-18 15:15:00,insat,EYE,4,0.48052772879600525,0.7847562432289124,0.0043567148968577385,0.00034483071067370474,0.004472918808460236,1.2091322609819599e-08,0.49814096093177795,0.21282070875167847,0.01250164583325386,0.0020782509818673134
202001B,2020-05-18 22:15:00,insat,EMBC,4,0.008779282681643963,0.014735146425664425,0.016568070277571678,0.060360293835401535,0.0031207380816340446,1.2909534234495368e-05,0.9609346985816956,0.2668941915035248,0.010597236454486847,0.6579974293708801
202001B,2020-05-19 07:45:00,insat,EMBC,4,0.006769577972590923,0.3924334943294525,0.11895579099655151,0.004470574203878641,0.002235081745311618,3.205486223123444e-07,0.8456479907035828,0.5915278792381287,0.026391617953777313,0.011567749083042145
202001B,2020-05-19 15:15:00,insat,EMBC,4,0.008683526888489723,0.8684815764427185,0.08823444694280624,9.042119199875742e-05,0.001798254786990583,3.707955276155417e-09,0.8809852600097656,0.13128985464572906,0.020298441872000694,0.0001381975889671594
202001B,2020-05-20 01:45:00,insat,EMBC,4,0.011165850795805454,0.9854525923728943,0.23598939180374146,4.944120883010328e-05,0.005391841754317284,2.814444499676938e-08,0.7091472148895264,0.014365144073963165,0.038305655121803284,0.00013291162031237036
202002A,2020-06-02 23:45:00,insat,EYE,4,0.009209845215082169,0.0005029545282013714,0.50833660364151,0.4769640862941742,0.01559939794242382,0.01878448948264122,0.3441484570503235,0.04819447919726372,0.12270568311214447,0.45555397868156433
202002A,2020-06-03 06:15:00,insat,EYE,4,0.26031532883644104,0.004023815039545298,0.1752210110425949,0.3416355550289154,0.013039536774158478,0.008251680061221123,0.3674164116382599,0.11501872539520264,0.18400774896144867,0.5310701727867126
202003A,2020-11-22 06:15:00,insat,EYE,4,0.1360325813293457,0.6573116779327393,0.04513242840766907,0.2576248347759247,0.01168231014162302,0.011553519405424595,0.7742086052894592,0.01937456615269184,0.03294413164258003,0.05413542315363884
202003A,2020-11-22 11:45:00,insat,EYE,4,0.025204269215464592,0.9775329232215881,0.022030241787433624,0.015514022670686245,0.006023359950631857,0.0015542848268523812,0.9347651600837708,0.0027242344804108143,0.011976929381489754,0.0026745039504021406
202003A,2020-11-23 11:45:00,insat,SHEAR,4,0.008662677370011806,0.06910192966461182,0.11357476562261581,0.09030622988939285,0.8096550107002258,0.8252253532409668,0.011610244400799274,0.00040614130557514727,0.056497279554605484,0.014960267581045628
202003A,2020-11-23 17:45:00,insat,SHEAR,4,0.008386144414544106,0.5579955577850342,0.1087837815284729,0.0739365890622139,0.8000463247299194,0.2940288782119751,0.0155707448720932,0.0014686307404190302,0.06721305847167969,0.07257037609815598
202004B,2020-11-23 18:15:00,insat,CRVBND,2,0.01856895163655281,5.805412456538761e-06,0.6557152271270752,0.15355530381202698,0.21686211228370667,0.8313512206077576,0.05162885785102844,0.00025770036154426634,0.05722494423389435,0.014830086380243301
202003A,2020-11-23 23:45:00,insat,CRVBND,4,0.007648368366062641,0.01631738618016243,0.06532566994428635,0.07821453362703323,0.8642439246177673,0.5490596294403076,0.011059699580073357,0.00010754247341537848,0.051722317934036255,0.35630083084106445
202004B,2020-11-23 23:45:00,insat,CRVBND,2,0.014344615861773491,0.0007468200637958944,0.8223091959953308,0.38255244493484497,0.1010422557592392,0.1578247994184494,0.021251190453767776,0.008842612616717815,0.04105277732014656,0.45003339648246765
202003A,2020-11-24 05:15:00,insat,CRVBND,4,0.004950923845171928,4.231625325701316e-07,0.05658331885933876,0.0020790311973541975,0.8935014605522156,0.9975263476371765,0.004982564598321915,7.0104988481034525e-09,0.03998173773288727,0.0003941762843169272
202004B,2020-11-25 06:45:00,insat,EMBC,2,0.059797920286655426,0.23217372596263885,0.6501486301422119,0.27443304657936096,0.03394708409905434,0.009036912582814693,0.13129180669784546,0.42423227429389954,0.12481450289487839,0.06012406945228577
202004B,2020-11-25 13:15:00,insat,EMBC,2,0.029587212949991226,0.20216506719589233,0.6269239783287048,0.2504526376724243,0.05146040394902229,0.007416063454002142,0.13369755446910858,0.27891746163368225,0.15833085775375366,0.2610487937927246
202004B,2020-11-25 18:45:00,insat,IRRCDO,2,0.02823687717318535,0.006978522054851055,0.28604692220687866,0.5737820267677307,0.018611997365951538,0.16037814319133759,0.14883087575435638,0.03455784544348717,0.5182732939720154,0.2243034690618515
202005B,2020-12-01 19:30:00,insat,EMBC,1,0.02859705686569214,0.2562548518180847,0.7335829138755798,0.04133129492402077,0.024995844811201096,6.146726150291215e-07,0.13570643961429596,0.523904025554657,0.07711777836084366,0.1785091906785965
202005B,2020-12-02 11:15:00,insat,CRVBND,1,0.021796908229589462,0.0024894012603908777,0.8935977816581726,0.7561344504356384,0.023704733699560165,0.00762790534645319,0.013390621170401573,0.042612019926309586,0.047509994357824326,0.19113607704639435
202005B,2020-12-02 17:45:00,insat,CRVBND,1,0.029372796416282654,0.00584522495046258,0.8664403557777405,0.15288101136684418,0.01514375675469637,6.039508298272267e-05,0.020223446190357208,0.05474165454506874,0.06881963461637497,0.7864717245101929
202005B,2020-12-02 22:45:00,insat,EMBC,1,0.041631825268268585,0.0014356307219713926,0.2370450794696808,0.6887312531471252,0.04591502994298935,0.003841750556603074,0.612305760383606,0.03467998281121254,0.06310226768255234,0.2713114023208618
202005B,2020-12-03 06:45:00,insat,CRVBND,1,0.04439111799001694,0.018873006105422974,0.7439957857131958,0.7037080526351929,0.0352989099919796,0.005092043895274401,0.09082142263650894,0.04498392343521118,0.08549278974533081,0.22734305262565613
202005B,2020-12-03 12:00:00,insat,CRVBND,1,0.021618064492940903,0.00021083118917886168,0.9035037159919739,0.6059232950210571,0.028531411662697792,0.2691386938095093,0.008934482000768185,0.0010726682376116514,0.03741239011287689,0.1236545592546463
202005B,2020-12-03 23:45:00,insat,CRVBND,1,0.037688739597797394,9.393866639584303e-05,0.8034085631370544,0.8109706044197083,0.10122400522232056,0.07948405295610428,0.016931209713220596,0.0013360936427488923,0.04074754938483238,0.10811526328325272
202005B,2020-12-04 06:15:00,insat,CRVBND,1,0.017131244763731956,0.00023138364485930651,0.8035991787910461,0.6958470940589905,0.12383709102869034,0.07297273725271225,0.02213883399963379,0.0018393239006400108,0.03329358622431755,0.2291094958782196
202005B,2020-12-04 11:45:00,insat,CRVBND,1,0.02680467627942562,0.023592226207256317,0.14949609339237213,0.6305589079856873,0.7686560153961182,0.009518980048596859,0.013224908150732517,0.1771942675113678,0.041818372905254364,0.1591356247663498
202005B,2020-12-05 05:15:00,insat,CRVBND,1,0.027493029832839966,0.029806461185216904,0.8828189969062805,0.8511501550674438,0.025119690224528313,0.02076598070561886,0.01805918850004673,0.05399253964424133,0.046509068459272385,0.044284846633672714
202101A,2021-05-14 09:45:00,insat,CRVBND,1,0.022102994844317436,0.00022889007232151926,0.8574811816215515,0.6167912483215332,0.0672396570444107,0.010838047601282597,0.01279835868626833,0.005711320787668228,0.040377844125032425,0.36643052101135254
202101A,2021-05-14 15:15:00,insat,CRVBND,1,0.0292952973395586,0.001223794766701758,0.796864926815033,0.3611006438732147,0.0161381047219038,8.228005026467144e-05,0.025319350883364677,0.015767522156238556,0.13238240778446198,0.6218256950378418
202101A,2021-05-15 03:15:00,insat,EMBC,1,0.0587584562599659,0.5082706212997437,0.369292289018631,0.015771660953760147,0.03505641967058182,5.0936545648028186e-08,0.5002642869949341,0.46154916286468506,0.03662855178117752,0.014408520422875881
202101A,2021-05-16 15:15:00,insat,EYE,1,0.9635777473449707,0.5378320813179016,0.0034427691716700792,0.012337776832282543,0.00868651457130909,6.042259315108822e-08,0.008205411955714226,0.40378430485725403,0.016087694093585014,0.04604579880833626
202101A,2021-05-16 21:15:00,insat,EYE,1,0.9599329233169556,0.24554535746574402,0.0037578658666461706,0.007912581786513329,0.010220830328762531,5.446416295740164e-08,0.008268102072179317,0.7373484373092651,0.017820289358496666,0.009193576872348785
202101A,2021-05-17 02:45:00,insat,EYE,1,0.9617044925689697,0.27126193046569824,0.0041619292460381985,0.019129646942019463,0.00891904253512621,4.5816986471436394e-07,0.007810583338141441,0.6838839650154114,0.017403949052095413,0.025724045932292938
202101A,2021-05-17 09:15:00,insat,EYE,1,0.9470388889312744,0.2435542345046997,0.003962690010666847,0.05397805571556091,0.011838357895612717,4.080418420926435e-06,0.015155923552811146,0.6804299354553223,0.02200418710708618,0.022033674642443657
202101A,2021-05-17 15:15:00,insat,EYE,1,0.9680213928222656,0.28733715415000916,0.003328520804643631,0.04673737660050392,0.00794521439820528,1.8794310108205536e-06,0.006073717027902603,0.5698742866516113,0.014631218276917934,0.09604930132627487
202102B,2021-05-24 03:15:00,insat,CRVBND,3,0.020480379462242126,8.60829718618561e-09,0.8248242735862732,0.09811209887266159,0.04192676022648811,0.9017789959907532,0.06919306516647339,2.3963999410625547e-05,0.04357551038265228,8.489666652167216e-05
202102B,2021-05-24 08:45:00,insat,CRVBND,3,0.024687781929969788,9.7153973754871e-09,0.8342047929763794,0.1174921840429306,0.07746876776218414,0.8823897838592529,0.03246182203292847,6.893429235788062e-05,0.031176889315247536,4.914574674330652e-05
202102B,2021-05-24 15:15:00,insat,CRVBND,3,0.0014910942409187555,2.6155217369705497e-07,0.054713912308216095,0.5963324308395386,0.006898180581629276,0.2884782552719116,0.002123272744938731,0.0005009665619581938,0.9347735047340393,0.11468809098005295
202103B,2021-09-24 12:10:00,insat,CRVBND,2,0.009280288591980934,5.865723505849019e-05,0.05599008873105049,0.5237442255020142,0.11225991696119308,0.3027905225753784,0.006082880776375532,0.0033152734395116568,0.8163867592811584,0.17009137570858002
202103B,2021-09-26 00:15:00,insat,IRRCDO,2,0.008312624879181385,4.404823172876604e-09,0.20357485115528107,0.03350072354078293,0.6890790462493896,0.9654586911201477,0.007035391870886087,5.347638307284797e-06,0.09199807047843933,0.0010352106764912605
202103B,2021-09-26 06:15:00,insat,EMBC,2,0.012336879968643188,2.913670186899253e-06,0.5482136011123657,0.12877124547958374,0.2545998692512512,0.03559168800711632,0.03041648678481579,0.00014460763486567885,0.1544332057237625,0.8354895114898682
202103A,2021-10-01 00:45:00,insat,EMBC,4,0.010415458120405674,6.555309664690867e-05,0.2031625658273697,0.4721406102180481,0.011458588764071465,0.39831677079200745,0.748594343662262,0.0006607762770727277,0.026369009166955948,0.12881621718406677
202103A,2021-10-01 06:15:00,insat,EMBC,4,0.014636218547821045,0.011027752421796322,0.034050412476062775,0.21946299076080322,0.010387139394879341,0.006226467899978161,0.9230147004127502,0.008550288155674934,0.01791156642138958,0.7547324299812317
202103A,2021-10-01 12:45:00,insat,EMBC,4,0.03475837782025337,0.40272799134254456,0.4322405457496643,0.3625527024269104,0.08269297331571579,0.03679525479674339,0.34382790327072144,0.06723354756832123,0.10648028552532196,0.13069050014019012
202103A,2021-10-02 00:15:00,insat,CRVBND,4,0.009368544444441795,0.005397118628025055,0.7555826306343079,0.3255351185798645,0.0035238356795161963,0.6513354182243347,0.10743009299039841,0.003007297171279788,0.12409500777721405,0.014725101180374622
202103A,2021-10-02 06:15:00,insat,EYE,4,0.008723720908164978,0.00010173393093282357,0.07811941206455231,0.18636709451675415,0.0035586580634117126,0.8108137845993042,0.8871026039123535,0.0001425494410796091,0.022495590150356293,0.00257484195753932
202103A,2021-10-03 00:15:00,insat,CRVBND,4,0.009579823352396488,0.02036135271191597,0.8667373061180115,0.257536917924881,0.03366412594914436,0.6912350058555603,0.06715581566095352,0.0012712052557617426,0.022862909361720085,0.029595552012324333
202103A,2021-10-03 06:15:00,insat,EYE,4,0.3674970269203186,0.021320844069123268,0.03838343545794487,0.5751068592071533,0.06289179623126984,0.3196127116680145,0.4512841999530792,0.0036143045872449875,0.0799434557557106,0.0803452581167221
202104B,2021-11-11 11:45:00,insat,CRVBND,3,0.027523143216967583,5.6321492593269795e-05,0.5504986047744751,0.735487699508667,0.307297945022583,0.23764759302139282,0.05973685532808304,0.008532969281077385,0.05494349077343941,0.018275490030646324
202105B,2021-12-03 08:45:00,insat,CRVBND,4,0.005257695447653532,0.012335075996816158,0.13314715027809143,0.23363667726516724,0.010900100693106651,0.0018257732735946774,0.8354018926620483,0.217569500207901,0.015293209813535213,0.5346330404281616
202105B,2021-12-03 21:15:00,insat,CRVBND,4,0.016642451286315918,2.5377867132192478e-05,0.4573805332183838,0.5214983224868774,0.39235174655914307,0.24500536918640137,0.07040226459503174,0.0028238575905561447,0.06322304904460907,0.23064710199832916
202105B,2021-12-04 03:15:00,insat,CRVBND,4,0.010105730034410954,0.0010675379307940602,0.14696265757083893,0.01767563819885254,0.02781338058412075,0.00047713093226775527,0.22104717791080475,0.0017228310462087393,0.594071090221405,0.9790568351745605
202105B,2021-12-04 08:15:00,insat,IRRCDO,4,0.02221829444169998,0.6313254237174988,0.32723769545555115,0.04500070586800575,0.5294893980026245,0.0005911822081543505,0.049192965030670166,0.056944340467453,0.07186172157526016,0.26613837480545044
202105B,2021-12-05 09:15:00,insat,CRVBND,4,0.026686808094382286,0.4059869945049286,0.45641112327575684,0.017852352932095528,0.2225119173526764,2.7032992875319906e-05,0.2641091048717499,0.5296429395675659,0.030281074345111847,0.04649064689874649
202105B,2021-12-05 14:45:00,insat,IRRCDO,4,0.019952960312366486,0.021572213619947433,0.27708548307418823,0.23071202635765076,0.5454120635986328,0.0014340386260300875,0.08588951826095581,0.23149384558200836,0.07165999710559845,0.5147879123687744
202201B,2022-03-04 20:45:00,insat,CRVBND,2,0.026067733764648438,0.07386640459299088,0.16967658698558807,0.5790486335754395,0.013256825506687164,0.044829193502664566,0.02482849918305874,0.07377786189317703,0.7661703824996948,0.22847791016101837
202201B,2022-03-05 03:15:00,insat,CRVBND,2,0.053044017404317856,0.1561756581068039,0.5782465934753418,0.3656488358974457,0.028188876807689667,0.0029880849178880453,0.046310730278491974,0.19771552085876465,0.2942097783088684,0.2774718999862671
202201B,2022-03-05 09:15:00,insat,CRVBND,2,0.02371794544160366,0.002086146967485547,0.1266840100288391,0.7623564004898071,0.35853615403175354,0.18905359506607056,0.03081231378018856,0.010080465115606785,0.4602496027946472,0.036423321813344955
202201B,2022-03-05 15:15:00,insat,CRVBND,2,0.014969161711633205,4.161590550211258e-05,0.06230444461107254,0.2018163502216339,0.8016782999038696,0.7976180911064148,0.010814165696501732,0.00023414294992107898,0.11023391038179398,0.00028982030926272273
202201B,2022-03-05 21:15:00,insat,SHEAR,2,0.011820538900792599,0.00010080618812935427,0.019705822691321373,0.1583309918642044,0.9255807995796204,0.840901255607605,0.007715711370110512,0.0002406972780590877,0.03517721965909004,0.0004261867725290358
202201B,2022-03-06 03:15:00,insat,SHEAR,2,0.010814214125275612,9.859260899247602e-06,0.01712605357170105,0.03935987502336502,0.9304999709129333,0.9605854153633118,0.008654630742967129,2.9761376936221495e-05,0.03290516883134842,1.5096577044459991e-05
202201B,2022-03-06 09:15:00,insat,SHEAR,2,0.006362105719745159,3.6790274293707625e-07,0.008443529717624187,0.008009962737560272,0.9590428471565247,0.9919857978820801,0.0037797759287059307,3.738045734280604e-06,0.022371750324964523,1.0834119024139e-07
202202B,2022-05-07 09:10:00,insat,IRRCDO,0,0.07430701702833176,6.931682582944632e-05,0.0799531638622284,0.13424021005630493,0.01211458258330822,0.00046384058077819645,0.3300439417362213,0.009978068992495537,0.5035812854766846,0.8552485704421997
202202B,2022-05-08 03:15:00,insat,EMBC,0,0.016416842117905617,0.25969433784484863,0.005561301484704018,0.0005816150223836303,0.012735203839838505,1.3092634532085867e-08,0.6943504214286804,0.7366610765457153,0.2709362208843231,0.003062956966459751
202202B,2022-05-09 03:45:00,insat,IRRCDO,0,0.020487450063228607,4.911270821139624e-07,0.21481946110725403,0.6028978824615479,0.042354222387075424,0.21374273300170898,0.011361782439053059,0.001984346192330122,0.7109771370887756,0.18137450516223907
202202B,2022-05-10 02:15:00,insat,EMBC,0,0.021800335496664047,0.0040395730175077915,0.17813976109027863,0.4656509757041931,0.015088817104697227,0.009638363495469093,0.1290557086467743,0.1961624026298523,0.6559154391288757,0.3245086967945099
202202B,2022-05-10 10:15:00,insat,EMBC,0,0.017578383907675743,0.007612971123307943,0.04284246265888214,0.20185503363609314,0.00927306991070509,0.00803454127162695,0.09384056180715561,0.0360853374004364,0.83646559715271,0.7464121580123901
202202B,2022-05-11 02:45:00,insat,EMBC,0,0.08378732204437256,0.01096209604293108,0.734381377696991,0.282149076461792,0.009211065247654915,0.016980018466711044,0.11026929318904877,0.056952815502882004,0.06235092878341675,0.6329559683799744
202202B,2022-05-11 07:45:00,insat,IRRCDO,0,0.019284121692180634,0.008619429543614388,0.592044472694397,0.4479219913482666,0.013293411582708359,0.0405082032084465,0.02596232108771801,0.10542341321706772,0.3494156301021576,0.39752689003944397
202203A,2022-08-12 08:15:00,insat,CRVBND,3,0.022756220772862434,0.0001294790708925575,0.8335862755775452,0.6995032429695129,0.07267185300588608,0.23941107094287872,0.023109937086701393,0.025304479524493217,0.04787571355700493,0.03565172106027603
202203A,2022-08-12 15:15:00,insat,SHEAR,3,0.03951999172568321,2.126661684087594e-06,0.3474537134170532,0.060829877853393555,0.5665317177772522,0.9391379356384277,0.013989430852234364,9.325214705313556e-06,0.03250512853264809,2.0809417037526146e-05
202203A,2022-08-12 21:15:00,insat,SHEAR,3,0.02980523183941841,1.8035108951153234e-05,0.5360466837882996,0.26731306314468384,0.24132564663887024,0.7297459840774536,0.027288198471069336,0.00089645991101861,0.16553421318531036,0.002026456408202648
202203A,2022-08-13 09:15:00,insat,SHEAR,3,0.015874916687607765,5.108897198624618e-07,0.15087151527404785,0.006336758378893137,0.7977001667022705,0.9936591982841492,0.01647176407277584,1.5632226677553263e-06,0.019081613048911095,1.9771844108618097e-06
202203A,2022-08-13 15:15:00,insat,SHEAR,3,0.005813897121697664,5.9312789346677164e-08,0.03749648109078407,0.002142075914889574,0.9421011209487915,0.9978575110435486,0.004324072506278753,1.4251212121507706e-07,0.010264506563544273,1.996112359847757e-07
202203A,2022-08-13 21:15:00,insat,SHEAR,3,0.0158829428255558,7.069018920446979e-06,0.13044337928295135,0.04170069843530655,0.8236628770828247,0.9579285383224487,0.013224881142377853,0.0002322164218639955,0.016785863786935806,0.00013140651572030038
202204B,2022-08-19 00:15:00,insat,CRVBND,1,0.023354927077889442,8.08226445769833e-08,0.8576881885528564,0.23744931817054749,0.061360735446214676,0.761793851852417,0.012592293322086334,9.437349945073947e-05,0.04500383883714676,0.0006623826920986176
202204B,2022-08-19 06:45:00,insat,CRVBND,1,0.08705358952283859,0.00023402433726005256,0.5776349902153015,0.8403412103652954,0.09233813732862473,0.012068884447216988,0.1438034325838089,0.028629258275032043,0.09916991740465164,0.1187266856431961
202204B,2022-08-19 11:15:00,insat,CRVBND,1,0.03545408695936203,3.377613757038489e-05,0.3188033401966095,0.8058872818946838,0.0328766368329525,0.021510429680347443,0.012816875241696835,0.00457749655470252,0.6000491380691528,0.16799099743366241
202205B,2022-10-23 15:15:00,insat,CRVBND,2,0.014573020860552788,0.0014534690417349339,0.8586515784263611,0.6775907874107361,0.06652668863534927,0.006067770533263683,0.014508032239973545,0.07515937834978104,0.04574071243405342,0.23972856998443604
202205B,2022-10-23 20:15:00,insat,CRVBND,2,0.027512259781360626,0.008846953511238098,0.8892787098884583,0.15743736922740936,0.00746941938996315,0.0002061188279185444,0.011400246992707253,0.030951224267482758,0.06433931738138199,0.8025583624839783
202205B,2022-10-24 01:45:00,insat,CRVBND,2,0.010768014006316662,0.07656815648078918,0.3780691623687744,0.03562324866652489,0.029007168486714363,2.7217149636271643e-06,0.1335575133562088,0.7077378630638123,0.448598176240921,0.1800680160522461
202205B,2022-10-24 09:15:00,insat,CRVBND,2,0.02291835844516754,0.254565566778183,0.29777631163597107,0.033545996993780136,0.06839579343795776,2.3180518837762065e-05,0.20522986352443695,0.4240117073059082,0.4056796431541443,0.28785353899002075
202205B,2022-10-24 15:15:00,insat,CRVBND,2,0.01644296385347843,0.05483135208487511,0.1064860001206398,0.04384529963135719,0.02790026366710663,2.0656254491768777e-05,0.7810660600662231,0.1676662415266037,0.06810470670461655,0.7336364388465881
202206B,2022-12-08 12:15:00,insat,IRRCDO,3,0.019541902467608452,0.0037408352363854647,0.5121086835861206,0.5818799138069153,0.019193127751350403,0.08631250262260437,0.06684906780719757,0.0065608457662165165,0.3823072016239166,0.32150590419769287
202206B,2022-12-08 18:15:00,insat,EMBC,3,0.019409332424402237,0.41471943259239197,0.772490918636322,0.3554607927799225,0.05316629633307457,0.011585190892219543,0.028485216200351715,0.1405174434185028,0.12644818425178528,0.07771716266870499
202206B,2022-12-09 00:15:00,insat,CRVBND,3,0.02982405014336109,0.2836616337299347,0.7601025700569153,0.1889011412858963,0.00801572110503912,0.005286555737257004,0.08348511159420013,0.10782250016927719,0.11857262253761292,0.41432812809944153
202206B,2022-12-09 06:15:00,insat,CRVBND,3,0.029301172122359276,0.4394990801811218,0.801935613155365,0.13801513612270355,0.10335524380207062,0.03275005519390106,0.047526050359010696,0.13867826759815216,0.017881950363516808,0.2510574758052826
202206B,2022-12-09 12:15:00,insat,CRVBND,3,0.018620850518345833,0.02624577470123768,0.5302687287330627,0.05252855643630028,0.0412631556391716,0.027440737932920456,0.04554333537817001,0.0024589826352894306,0.3643038868904114,0.8913259506225586
202206B,2022-12-09 17:45:00,insat,CRVBND,3,0.019179824739694595,0.008190460503101349,0.166987344622612,0.10130302608013153,0.7736084461212158,0.8435662388801575,0.01957957074046135,0.0011446154676377773,0.020644884556531906,0.04579579830169678
202207A,2022-12-15 15:15:00,insat,CRVBND,4,0.01730410009622574,0.00017850127187557518,0.13094988465309143,0.6595427393913269,0.05642180144786835,0.19392815232276917,0.01668444834649563,0.000852677330840379,0.7786397933959961,0.14549791812896729
202207A,2022-12-15 21:15:00,insat,SHEAR,4,0.014797030948102474,1.1934017152270826e-07,0.44065678119659424,0.16672638058662415,0.48210301995277405,0.8307332396507263,0.03460545837879181,9.66933021118166e-06,0.02783767506480217,0.002530548023059964
202207A,2022-12-16 03:15:00,insat,SHEAR,4,0.01596449501812458,1.4543751092332968e-08,0.2193995863199234,0.025562303140759468,0.6931161284446716,0.9744344353675842,0.02958262711763382,3.144542120026017e-07,0.041937146335840225,2.951015176222427e-06
202207A,2022-12-16 08:45:00,insat,SHEAR,4,0.012612695805728436,3.327149444842803e-09,0.16047140955924988,0.01845729909837246,0.7756418585777283,0.981540322303772,0.013843698427081108,1.7176341771119041e-07,0.037430353462696075,2.2516951503348537e-06
202207A,2022-12-16 15:15:00,insat,SHEAR,4,0.003969497047364712,7.028522208685217e-09,0.039171554148197174,0.00828890223056078,0.9378677606582642,0.9917102456092834,0.002946870867162943,1.210121922667895e-07,0.016044288873672485,6.712926392538066e-07
202207A,2022-12-16 21:15:00,insat,SHEAR,4,0.002597537823021412,1.9363575631814456e-07,0.02009650319814682,0.003333799773827195,0.9673821926116943,0.9966656565666199,0.0012081136228516698,7.22754336379694e-08,0.008715668693184853,2.1968145347273094e-07
202207A,2022-12-17 03:15:00,insat,SHEAR,4,0.007988759316504002,4.701733632828109e-05,0.06991295516490936,0.23655788600444794,0.8821479082107544,0.544697642326355,0.008996088989078999,2.7980873710475862e-05,0.03095429204404354,0.21866954863071442
202301B,2023-05-11 08:30:00,insat,EMBC,1,0.030148331075906754,0.10639814287424088,0.05770871415734291,0.12713919579982758,0.021702440455555916,2.5135227588179987e-06,0.857761025428772,0.6480124592781067,0.03267952427268028,0.11844765394926071
202301B,2023-05-11 14:30:00,insat,EYE,1,0.020181799307465553,0.35109299421310425,0.07197414338588715,0.028138337656855583,0.038169294595718384,1.680056982422684e-07,0.830772876739502,0.4860624074935913,0.038901910185813904,0.13470607995986938
202301B,2023-05-12 09:00:00,insat,EMBC,1,0.7547704577445984,0.31148314476013184,0.010848665609955788,0.012709029950201511,0.02285913936793804,7.878518459847328e-08,0.14418525993824005,0.6230600476264954,0.06733651459217072,0.05274767056107521
202301B,2023-05-12 15:00:00,insat,EYE,1,0.9399828314781189,0.5344963669776917,0.0038083246909081936,0.006727517582476139,0.010652395896613598,1.3779548169168265e-08,0.01884748786687851,0.39813292026519775,0.026708990335464478,0.06064315140247345
202301B,2023-05-13 03:00:00,insat,EMBC,1,0.9357181191444397,0.5534225702285767,0.004951069131493568,0.00045133265666663647,0.014153811149299145,1.2583593889115008e-10,0.018566085025668144,0.4452211260795593,0.02661091461777687,0.0009049499640241265
202301B,2023-05-13 15:30:00,insat,EMBC,1,0.9482350945472717,0.5167165398597717,0.0042180828750133514,0.0007013685535639524,0.012881546281278133,1.5858757362874343e-10,0.01312736514955759,0.4811626076698303,0.02153800055384636,0.0014195359544828534
202302A,2023-06-06 09:00:00,insat,CRVBND,0,0.02807529643177986,0.24473974108695984,0.30035650730133057,0.05037853866815567,0.022642605006694794,0.00013891725393477827,0.589954137802124,0.5317668318748474,0.05897153541445732,0.17297601699829102
202302A,2023-06-06 15:30:00,insat,EMBC,0,0.05547921732068062,0.47729355096817017,0.10944794863462448,0.06344648450613022,0.007519918028265238,0.0014067093143239617,0.35530003905296326,0.2193576693534851,0.47225281596183777,0.23849566280841827
202302A,2023-06-07 16:00:00,insat,IRRCDO,0,0.032907936722040176,0.004085630644112825,0.5007882714271545,0.07548999041318893,0.04132755473256111,0.0006453786627389491,0.03876122832298279,0.055381085723638535,0.3862149715423584,0.8643978834152222
202302A,2023-06-08 03:00:00,insat,EYE,0,0.05245877429842949,0.053920745849609375,0.11410677433013916,0.04261190816760063,0.01928621716797352,7.433015707647428e-05,0.44398996233940125,0.5940467715263367,0.37015822529792786,0.3093462586402893
202302A,2023-06-08 09:00:00,insat,IRRCDO,0,0.017266741022467613,0.00042767601553350687,0.4005029499530792,0.11779683083295822,0.021282346919178963,0.007369311526417732,0.005473734810948372,0.008814613334834576,0.5554742217063904,0.8655915856361389
202302A,2023-06-08 15:00:00,insat,IRRCDO,0,0.016435982659459114,6.535631200677017e-06,0.5545555353164673,0.10112058371305466,0.020831143483519554,0.01302232127636671,0.008809750899672508,0.000787820725236088,0.3993675708770752,0.8850627541542053
202302A,2023-06-09 03:00:00,insat,EMBC,0,0.013346225954592228,0.0011086872546002269,0.017099475488066673,0.0033605117350816727,0.007120297756046057,7.730042852927e-06,0.23270712792873383,0.0035312161780893803,0.7297268509864807,0.9919919371604919
202303B,2023-06-09 09:00:00,insat,SHEAR,2,0.003925901837646961,8.495418951648404e-11,0.02640768140554428,0.0037042018957436085,0.9334537386894226,0.9962900876998901,0.01093210093677044,1.3207699112172122e-06,0.02528059482574463,4.3355389607313555e-06
202302A,2023-06-09 15:00:00,insat,IRRCDO,0,0.025097524747252464,0.0008635881822556257,0.43253055214881897,0.04116153344511986,0.018437057733535767,0.002513050800189376,0.011072664521634579,0.004265025723725557,0.5128622651100159,0.9511967301368713
202303B,2023-06-09 15:00:00,insat,SHEAR,2,0.00603444455191493,2.931243914261472e-09,0.01898687705397606,0.00537934759631753,0.9384512901306152,0.9937896132469177,0.009541173465549946,9.149151196652383e-07,0.026986226439476013,0.0008301169727928936
202302A,2023-06-09 20:30:00,insat,EMBC,0,0.012935205362737179,0.07899840921163559,0.02324533648788929,0.00442534452304244,0.0033644225914031267,2.5154192826448707e-06,0.07475247234106064,0.09344514459371567,0.8857026100158691,0.8231285810470581
202303B,2023-06-09 21:00:00,insat,CRVBND,2,0.002238411922007799,6.405777241980104e-08,0.09227965772151947,0.06206304207444191,0.8850436210632324,0.9140093922615051,0.0017143269069492817,1.7857029888546094e-05,0.018724026158452034,0.023909607902169228
202302A,2023-06-10 03:00:00,insat,EMBC,0,0.005764609668403864,0.15378201007843018,0.004591688979417086,0.03234511613845825,0.00766869867220521,0.00010275503154844046,0.9745673537254333,0.7344558835029602,0.007407611235976219,0.07931419461965561
202303B,2023-06-10 03:10:00,insat,CRVBND,2,0.009084216319024563,1.7850146605269401e-06,0.025777583941817284,0.07306579500436783,0.9288031458854675,0.14712615311145782,0.01455238088965416,0.00011071555491071194,0.02178274281322956,0.7796955704689026
202302A,2023-06-10 09:00:00,insat,CRVBND,0,0.01972964033484459,6.078833791889338e-08,0.670793354511261,0.031036337837576866,0.05047636106610298,0.9654800295829773,0.04150483012199402,8.31543184176553e-06,0.21749576926231384,0.0034753051586449146
202303B,2023-06-10 08:10:00,insat,CRVBND,2,0.002372819697484374,8.157011848197726e-07,0.026779279112815857,0.03927786275744438,0.9510615468025208,0.7447472214698792,0.00591197470203042,4.141499084653333e-05,0.013874465599656105,0.215932697057724
202302A,2023-06-10 14:00:00,insat,EMBC,0,0.05700671300292015,0.0009083529002964497,0.1644848883152008,0.06385300308465958,0.01845163106918335,0.010671840980648994,0.2207113653421402,0.0034676475916057825,0.539345383644104,0.9210991859436035
202302A,2023-06-11 02:00:00,insat,SHEAR,0,0.01624668575823307,2.8492155301762523e-09,0.42158055305480957,0.003357885405421257,0.4002317488193512,0.9966390132904053,0.012080414220690727,2.2216829265175875e-08,0.14986054599285126,3.0468106615444412e-06
202302A,2023-06-11 08:30:00,insat,EMBC,0,0.9335485696792603,0.017908897250890732,0.010210364125669003,0.08007678389549255,0.012209686450660229,0.0003049801161978394,0.014990853145718575,0.49068114161491394,0.029040493071079254,0.41102826595306396
202302A,2023-06-11 15:00:00,insat,SHEAR,0,0.03733760491013527,3.524963654299995e-11,0.22635993361473083,0.0022025136277079582,0.5659838318824768,0.9977971315383911,0.020693566650152206,1.703366780958504e-09,0.14962513744831085,3.52391907654237e-07
202302A,2023-06-12 02:00:00,insat,EMBC,0,0.010838949121534824,0.020685497671365738,0.08129353821277618,0.034768618643283844,0.035980213433504105,3.4582335501909256e-05,0.8502880930900574,0.6786201596260071,0.021599218249320984,0.26589110493659973
202302A,2023-06-12 08:00:00,insat,EYE,0,0.004077683202922344,0.07860229164361954,0.003293439978733659,0.11751582473516464,0.006382244639098644,0.0011579181300476193,0.9842833280563354,0.6776323318481445,0.0019631858449429274,0.1250915825366974
202302A,2023-06-12 15:00:00,insat,EYE,0,0.9671174883842468,0.03908473625779152,0.0019647968001663685,0.39721083641052246,0.007037667091935873,0.00881999172270298,0.01397192757576704,0.22731372714042664,0.009908151812851429,0.32757070660591125
202302A,2023-06-13 15:00:00,insat,EMBC,0,0.006626446265727282,0.014198887161910534,0.035090722143650055,0.20804575085639954,0.011822626926004887,0.009050355292856693,0.9328012466430664,0.06807664036750793,0.01365892868489027,0.7006283402442932
202302A,2023-06-13 21:00:00,insat,CRVBND,0,0.352844774723053,1.3811571079713758e-05,0.1723659634590149,0.32324573397636414,0.03243653476238251,0.671184241771698,0.3318682610988617,0.00038775999564677477,0.11048445105552673,0.005168477073311806
202302A,2023-06-14 09:00:00,insat,CRVBND,0,0.022764291614294052,2.2266810901783174e-06,0.7486476898193359,0.21035687625408173,0.047892823815345764,0.7832244038581848,0.11791682988405228,0.0003333476197440177,0.06277835369110107,0.006083177402615547
202302A,2023-06-14 15:00:00,insat,SHEAR,0,0.028275402262806892,2.7861776774606994e-10,0.5592396259307861,0.009186544455587864,0.09894619882106781,0.9908075928688049,0.021766742691397667,1.246699667944995e-07,0.2917720079421997,5.7900224419427104e-06
202302A,2023-06-14 21:00:00,insat,CRVBND,0,0.019706232473254204,1.4377727453052103e-08,0.4631351828575134,0.015142740681767464,0.4389551877975464,0.9846665859222412,0.008621985092759132,1.369117057947733e-06,0.06958147883415222,0.00018921223818324506
202302A,2023-06-15 03:00:00,insat,SHEAR,0,0.04900766536593437,2.9302653636875675e-09,0.8632562756538391,0.003396972781047225,0.04487822949886322,0.9966008067131042,0.024203982204198837,3.3215616923598645e-08,0.018653839826583862,2.274142843816662e-06
202302A,2023-06-15 09:00:00,insat,CRVBND,0,0.013074622489511967,0.00017144213779829443,0.8627153038978577,0.4020847976207733,0.007323312573134899,0.5757491588592529,0.050090715289115906,0.0028763774316757917,0.06679603457450867,0.019118133932352066
202304B,2023-08-01 00:00:00,insat,CRVBND,4,0.005104015581309795,3.9642198856881805e-08,0.09511318057775497,0.05800981447100639,0.8420642614364624,0.941955029964447,0.007135882042348385,8.182898454833776e-06,0.05058268457651138,2.699775723158382e-05
202304B,2023-08-01 06:00:00,insat,SHEAR,4,0.008907994255423546,7.873083851528406e-10,0.6390557885169983,0.1692533940076828,0.2366001456975937,0.8306223750114441,0.02923070266842842,3.88769076380413e-05,0.0862053632736206,8.53805904625915e-05
202305A,2023-10-21 15:30:00,insat,EYE,3,0.41498294472694397,0.16825364530086517,0.044185854494571686,0.12379877269268036,0.010887118056416512,0.0005315496819093823,0.5167427062988281,0.6339079737663269,0.013201355002820492,0.07350806891918182
202305A,2023-10-21 21:00:00,insat,EYE,3,0.13280898332595825,0.12953516840934753,0.03489593416452408,0.2232741266489029,0.007095585577189922,0.000824818795081228,0.8079069256782532,0.4816127121448517,0.017292603850364685,0.16475313901901245
202305A,2023-10-22 03:00:00,insat,EYE,3,0.8923225402832031,0.10865716636180878,0.021491767838597298,0.07942413538694382,0.012706387788057327,9.477847925154492e-05,0.06247609853744507,0.7625076770782471,0.011003265157341957,0.04931614175438881
202305A,2023-10-22 09:00:00,insat,EYE,3,0.8487968444824219,0.29510989785194397,0.07720303535461426,0.35111522674560547,0.018045149743556976,0.009118692018091679,0.04069332033395767,0.3144083619117737,0.015261638909578323,0.030247807502746582
202305A,2023-10-22 15:00:00,insat,EYE,3,0.9569424390792847,0.3253158628940582,0.014570332132279873,0.436596542596817,0.010647340677678585,0.0352805070579052,0.00951927900314331,0.13061405718326569,0.008320587687194347,0.07219298183917999
202305A,2023-10-23 09:30:00,insat,SHEAR,3,0.03774067386984825,6.148279499029741e-05,0.22590936720371246,0.003241904778406024,0.7125110030174255,0.9966956377029419,0.011977791786193848,1.9135745787934866e-07,0.011861160397529602,7.248714268826006e-07
202305A,2023-10-23 15:00:00,insat,EYE,3,0.6200653314590454,0.5969123244285583,0.041738372296094894,0.13956889510154724,0.009498300962150097,0.02142546884715557,0.28331446647644043,0.0035108185838907957,0.045383501797914505,0.23858246207237244
202306B,2023-10-24 03:00:00,insat,EMBC,1,0.8303610682487488,0.5104625225067139,0.00464442977681756,0.014015914872288704,0.021422114223241806,5.211443294683704e-07,0.06835928559303284,0.46656113862991333,0.07521309703588486,0.008959941565990448
202306B,2023-10-24 08:30:00,insat,EMBC,1,0.011176525615155697,0.27640846371650696,0.005522446241229773,0.012130341492593288,0.013853253796696663,6.651453077211045e-07,0.9479109644889832,0.6919432282447815,0.021536896005272865,0.019517309963703156
202306B,2023-10-24 15:00:00,insat,EMBC,1,0.01102361548691988,0.3638518154621124,0.0033094636164605618,0.0034081609919667244,0.015704059973359108,2.1572596153873747e-08,0.9422432780265808,0.6188415884971619,0.027719534933567047,0.013898422941565514
202307B,2023-11-17 00:00:00,insat,CRVBND,3,0.0062022446654737,0.04265879839658737,0.055571407079696655,0.006171677261590958,0.0358092300593853,1.3857049907528562e-06,0.01714460551738739,0.5010160803794861,0.8852724432945251,0.45015212893486023
202307B,2023-11-17 06:00:00,insat,SHEAR,3,0.010094300843775272,0.00042007252341136336,0.2785413861274719,0.43453487753868103,0.647810161113739,0.13470609486103058,0.008498651906847954,0.001523022074252367,0.05505547299981117,0.42881593108177185
202308B,2023-12-03 03:00:00,insat,CRVBND,2,0.03516475483775139,0.18924367427825928,0.8874989151954651,0.23884859681129456,0.01753772236406803,0.0022928277030587196,0.03853818029165268,0.46398958563804626,0.0212603397667408,0.10562530905008316
202308B,2023-12-03 09:00:00,insat,CRVBND,2,0.04986635223031044,0.011763429269194603,0.8344534635543823,0.11942161619663239,0.014919158071279526,0.010676519013941288,0.02693561278283596,0.008130072616040707,0.07382538169622421,0.8500083088874817
202308B,2023-12-03 14:30:00,insat,CRVBND,2,0.017132684588432312,0.0416104793548584,0.907044529914856,0.47615277767181396,0.015133165754377842,0.010889869183301926,0.02865438349545002,0.14177058637142181,0.032035231590270996,0.32957637310028076
202308B,2023-12-03 20:00:00,insat,CRVBND,2,0.018247323110699654,0.018470585346221924,0.8050756454467773,0.6963023543357849,0.0025805833283811808,0.00802570953965187,0.06559937447309494,0.11703155189752579,0.10849704593420029,0.16016970574855804
202308B,2023-12-04 03:00:00,insat,CRVBND,2,0.017879841849207878,0.003063816577196121,0.9073325395584106,0.8407760858535767,0.003842318430542946,0.034479089081287384,0.033143531531095505,0.04019620269536972,0.037801653146743774,0.08148494362831116
202401B,2024-05-25 18:30:00,insat,CRVBND,0,0.02119549922645092,0.0003226383123546839,0.6402158141136169,0.37018725275993347,0.028651634231209755,0.03566018119454384,0.009027637541294098,0.014019204303622246,0.3009094297885895,0.5798107385635376
202401B,2024-05-26 00:00:00,insat,CRVBND,0,0.018769627436995506,0.008609812706708908,0.42876431345939636,0.13880477845668793,0.010051943361759186,0.0010605850256979465,0.026598937809467316,0.12460961937904358,0.5158151388168335,0.7269152402877808
202401B,2024-05-26 06:00:00,insat,CRVBND,0,0.02212386392056942,0.025671029463410378,0.5615593194961548,0.15900541841983795,0.020878983661532402,0.004555835854262114,0.33807820081710815,0.12502209842205048,0.05735963582992554,0.6857455968856812
202401B,2024-05-26 12:00:00,insat,CRVBND,0,0.019764702767133713,8.054361387621611e-05,0.38243567943573,0.49934807419776917,0.011312764137983322,0.4816230535507202,0.037678830325603485,0.011820750311017036,0.5488080382347107,0.00712758069857955
202402A,2024-08-30 06:00:00,insat,CRVBND,1,0.031203212216496468,1.010634846920766e-07,0.26933738589286804,0.05003664270043373,0.6412789821624756,0.9499068260192871,0.018862901255488396,5.409171990322648e-06,0.0393175408244133,5.0970975280506536e-05
202402A,2024-08-30 12:00:00,insat,CRVBND,1,0.019244521856307983,1.462375394112314e-07,0.06423710286617279,0.06414434313774109,0.882519006729126,0.9358181953430176,0.010786090977489948,5.671259259543149e-06,0.023213280364871025,3.160659980494529e-05
202402A,2024-08-31 00:00:00,insat,CRVBND,1,0.014658602885901928,1.38112466174789e-06,0.9090539216995239,0.1948811113834381,0.02315421588718891,0.8040932416915894,0.008814004249870777,1.4738783647771925e-05,0.044319212436676025,0.0010094859171658754
202402A,2024-08-31 06:00:00,insat,CRVBND,1,0.022790664806962013,0.005427845288068056,0.8987511396408081,0.6956788301467896,0.025229714810848236,0.25382131338119507,0.009920564480125904,0.010118327103555202,0.043307866901159286,0.03495372459292412
202402A,2024-08-31 12:00:00,insat,CRVBND,1,0.035461295396089554,0.007950518280267715,0.2624978721141815,0.4249289631843567,0.026675982400774956,0.006195744499564171,0.009040447883307934,0.03573273867368698,0.6663243770599365,0.5251920819282532
202402A,2024-09-01 00:00:00,insat,CRVBND,1,0.015797290951013565,0.0018401718698441982,0.9261903762817383,0.3556513786315918,0.017049631103873253,0.02185141108930111,0.010658759623765945,0.012828067876398563,0.030303947627544403,0.6078289747238159
202402A,2024-09-01 06:00:00,insat,SHEAR,1,0.03309611603617668,0.0043547856621444225,0.7928674817085266,0.40637776255607605,0.10468268394470215,0.49936625361442566,0.021493857726454735,0.0018853640649467707,0.0478598028421402,0.08801587671041489
202402A,2024-09-01 12:00:00,insat,SHEAR,1,0.02616000734269619,0.0663510337471962,0.8431971669197083,0.6279990673065186,0.01858651638031006,0.09328294545412064,0.02988753281533718,0.00806720182299614,0.08216875791549683,0.20429977774620056
202402A,2024-09-01 22:30:00,insat,SHEAR,1,0.006901131942868233,7.426461365866999e-07,0.0016589597798883915,0.0016110814176499844,0.9796180129051208,0.9983881711959839,0.0037735882215201855,4.001744358106407e-08,0.008048237301409245,1.177816333353121e-08
202403B,2024-10-23 13:00:00,insat,IRRCDO,4,0.007970833219587803,5.381096707424149e-05,0.8613961935043335,0.82892245054245,0.005522490944713354,0.1530482918024063,0.08156729489564896,0.007990967482328415,0.04354311525821686,0.009984432719647884
202403B,2024-10-24 00:30:00,insat,EMBC,4,0.007812030613422394,0.026237575337290764,0.11915402859449387,0.15917320549488068,0.0032309312373399734,0.00047510446165688336,0.4738466739654541,0.20819008350372314,0.3959563374519348,0.6059240102767944
202403B,2024-10-24 05:30:00,insat,CRVBND,4,0.009516258724033833,0.007493861019611359,0.3487195372581482,0.5498554706573486,0.011330799199640751,0.019253656268119812,0.5222347974777222,0.15869469940662384,0.1081986129283905,0.26470232009887695
202403B,2024-10-25 00:30:00,insat,IRRCDO,4,0.007805319968611002,0.027040300890803337,0.8573873043060303,0.20071779191493988,0.018863383680582047,0.0051567708142101765,0.05519267916679382,0.09039943665266037,0.06075126305222511,0.6766857504844666
202404B,2024-11-30 09:30:00,insat,CRVBND,2,0.034408051520586014,0.005078441463410854,0.848134458065033,0.7534775733947754,0.008091789670288563,0.0045174709521234035,0.05610216408967972,0.161718487739563,0.053263548761606216,0.07520798593759537
202404B,2024-11-30 15:00:00,insat,CRVBND,2,0.043079037219285965,1.8838032701751217e-05,0.8419679403305054,0.7374383211135864,0.005230707582086325,0.21481534838676453,0.028853345662355423,0.0036491623613983393,0.08086895197629929,0.04407842084765434
202404B,2024-11-30 21:00:00,insat,IRRCDO,2,0.01673385687172413,0.00014309832477010787,0.49413159489631653,0.039323288947343826,0.011272468604147434,0.00044273771345615387,0.25621703267097473,0.0008380335639230907,0.2216450273990631,0.9592528939247131
202501B,2025-10-01 12:00:00,insat,SHEAR,3,0.009441554546356201,1.7403650742764398e-09,0.08094032853841782,0.01353404950350523,0.8850880861282349,0.9864545464515686,0.009589812718331814,4.111963335162727e-06,0.0149402916431427,7.289848781510955e-06
202501B,2025-10-02 00:00:00,insat,CRVBND,3,0.01765945740044117,7.441403226948751e-08,0.5466041564941406,0.4070535898208618,0.12132507562637329,0.5695766806602478,0.021597521379590034,0.00010944504174403846,0.29281383752822876,0.023260265588760376
202501B,2025-10-02 06:00:00,insat,CRVBND,3,0.005766504909843206,1.3203921298554633e-06,0.2384994924068451,0.3209701180458069,0.04268784075975418,0.16179408133029938,0.010683062486350536,0.00018800520047079772,0.702363133430481,0.5170464515686035
202502A,2025-10-03 05:30:00,insat,CRVBND,0,0.04149430990219116,0.13386526703834534,0.2522810697555542,0.5062046647071838,0.019178304821252823,0.01628255657851696,0.30545032024383545,0.1114848330616951,0.38159605860710144,0.23216260969638824
202502A,2025-10-03 12:30:00,insat,IRRCDO,0,0.02047155611217022,0.18360573053359985,0.11903801560401917,0.13396437466144562,0.019471783190965652,0.0012445281026884913,0.7208632826805115,0.38851621747016907,0.12015538662672043,0.2926691770553589
202502A,2025-10-04 00:00:00,insat,CRVBND,0,0.1921268254518509,1.1845067092508543e-05,0.45687445998191833,0.29386386275291443,0.10735325515270233,0.7043877243995667,0.17866851389408112,0.00018375775835011154,0.06497685611248016,0.0015528587391600013
202502A,2025-10-04 06:00:00,insat,CRVBND,0,0.5847097039222717,3.765308792935684e-05,0.069001205265522,0.3698488771915436,0.05796579644083977,0.62643963098526,0.23750345408916473,0.00023196230176836252,0.05081981420516968,0.0034418860450387
202502A,2025-10-04 12:00:00,insat,EMBC,0,0.9444060921669006,9.938456969393883e-06,0.011170310899615288,0.3537738621234894,0.011287613771855831,0.6378195285797119,0.015337003394961357,0.0002819283108692616,0.017798956483602524,0.00811473187059164
202502A,2025-10-05 05:30:00,insat,EMBC,0,0.021958036348223686,2.950766884168843e-06,0.7596948146820068,0.3413468599319458,0.022405218333005905,0.6212171316146851,0.037561893463134766,5.520725608221255e-05,0.15838004648685455,0.037377920001745224
202502A,2025-10-06 00:00:00,insat,SHEAR,0,0.01333683542907238,4.627177622751333e-05,0.20263665914535522,0.15997964143753052,0.7489761114120483,0.83986496925354,0.00489006144925952,4.8024405259639025e-05,0.030160345137119293,6.105877400841564e-05
202502A,2025-10-06 06:00:00,insat,SHEAR,0,0.014419927261769772,5.018857773819718e-09,0.09772928059101105,0.010576519183814526,0.8399374485015869,0.9894229769706726,0.006381174083799124,6.714206524094379e-09,0.041532162576913834,5.25194423062203e-07
202502A,2025-10-06 12:00:00,insat,SHEAR,0,0.03188852220773697,2.3635866597260247e-08,0.6143433451652527,0.019345995038747787,0.2971267104148865,0.9806514382362366,0.02014937251806259,1.1044158299000628e-07,0.036492105573415756,2.4015569124458125e-06
202502A,2025-10-06 22:30:00,insat,SHEAR,0,0.01613614521920681,3.411818454424065e-07,0.36157557368278503,0.01590144820511341,0.5952398777008057,0.9840982556343079,0.0071712518110871315,1.5193998947893306e-08,0.01987714320421219,5.6084864752392605e-08
202503B,2025-10-27 00:00:00,insat,CRVBND,1,0.0210278183221817,4.495049324759748e-06,0.9053296446800232,0.8698750734329224,0.03072408027946949,0.034673817455768585,0.009989636018872261,0.00211192830465734,0.03292886167764664,0.09333473443984985
202503B,2025-10-27 06:00:00,insat,CRVBND,1,0.04780902341008186,1.1741623495709064e-07,0.47015583515167236,0.36013898253440857,0.2159198522567749,0.6387596130371094,0.02205626480281353,4.018384061055258e-05,0.2440589964389801,0.001061038114130497
202503B,2025-10-27 13:00:00,insat,IRRCDO,1,0.017573213204741478,3.302760944734473e-07,0.09873894602060318,0.5859767198562622,0.012574108317494392,0.2572988271713257,0.006438799202442169,0.0001182486885227263,0.864674985408783,0.1566057950258255
202503B,2025-10-27 23:30:00,insat,IRRCDO,1,0.02680976688861847,3.625575345722609e-06,0.08799771964550018,0.04109638184309006,0.017534492537379265,4.8214667913271114e-05,0.02575104869902134,0.00022629601880908012,0.8419069051742554,0.9586255550384521
202503B,2025-10-28 06:00:00,insat,CRVBND,1,0.008264296688139439,5.819086368319404e-07,0.0053002252243459225,0.6995562314987183,0.0061827609315514565,0.26628056168556213,0.00706487474963069,0.0002501013514120132,0.9731877446174622,0.033912576735019684
202503B,2025-10-28 12:00:00,insat,CRVBND,1,0.017883069813251495,9.200173735735007e-06,0.07159602642059326,0.829663872718811,0.014852785505354404,0.04404740035533905,0.008686444722115993,0.0019359290599822998,0.8869816064834595,0.12434352934360504
202504B,2025-11-25 20:00:00,insat,EMBC,2,0.024626152589917183,0.00020701436733361334,0.656443178653717,0.31539490818977356,0.009291840717196465,0.0007147997966967523,0.02759777009487152,0.0031815876718610525,0.2820410430431366,0.6805016398429871
202505B,2025-11-27 09:00:00,insat,CRVBND,1,0.5899958610534668,0.03850585222244263,0.2612171173095703,0.39531585574150085,0.01920376345515251,0.0021678716875612736,0.01737961173057556,0.13255064189434052,0.11220365017652512,0.4314597547054291
202505B,2025-11-29 03:00:00,insat,SHEAR,1,0.006052535958588123,9.243747456366691e-08,0.0025087064132094383,0.03157035633921623,0.975193977355957,0.9683352708816528,0.004547505173832178,2.250038278361899e-06,0.011697306297719479,9.215312456944957e-05
202505B,2025-11-29 09:00:00,insat,SHEAR,1,0.03649033233523369,2.4774234930191597e-07,0.3772285282611847,0.08065538853406906,0.06605790555477142,0.919185996055603,0.08471685647964478,5.8769537645275705e-06,0.4355063736438751,0.00015238537162076682
202505B,2025-11-29 15:00:00,insat,SHEAR,1,0.02781211957335472,1.782536429573156e-08,0.17981739342212677,0.02149229124188423,0.6754204034805298,0.978496789932251,0.053316567093133926,1.8392482843410107e-06,0.06363357603549957,8.95667471922934e-06
202505B,2025-11-29 21:00:00,insat,SHEAR,1,0.015416226349771023,5.537368963359768e-08,0.010181333869695663,0.006654324010014534,0.9387136697769165,0.9933450222015381,0.011091243475675583,8.014689001356601e-08,0.024597546085715294,4.806398123946565e-07
202505B,2025-11-30 03:00:00,insat,SHEAR,1,0.014892606995999813,7.127773926640657e-08,0.011133944615721703,0.0032799162436276674,0.9052014946937561,0.9967194199562073,0.014973575249314308,1.0516339443711331e-07,0.053798407316207886,4.626029124210618e-07
202505B,2025-11-30 09:00:00,insat,SHEAR,1,0.014215718023478985,1.5617813176049822e-07,0.00369234848767519,0.006543143652379513,0.9507054090499878,0.993455708026886,0.007807631976902485,1.2109531155601871e-07,0.023578936234116554,8.555689987588266e-07
202505B,2025-11-30 15:00:00,insat,SHEAR,1,0.01484344620257616,8.675437129568309e-06,0.003988323267549276,0.04100757837295532,0.9405673742294312,0.9588600397109985,0.01196020096540451,8.959441402112134e-06,0.0286406259983778,0.00011478633678052574
