storm,time,sensor,scene,fold,cnn_EYE,stat_EYE,cnn_CRVBND,stat_CRVBND,cnn_SHEAR,stat_SHEAR,cnn_EMBC,stat_EMBC,cnn_IRRCDO,stat_IRRCDO
200501B,2005-01-09 01:00:00,gridsat,EMBC,1,0.06019250303506851,0.07973062992095947,0.6278983950614929,0.44089704751968384,0.11639601737260818,0.04488300904631615,0.004924354609102011,0.036889322102069855,0.1905888468027115,0.3976000249385834
200501B,2005-01-09 07:00:00,gridsat,CRVBND,1,0.04045359790325165,0.570013701915741,0.8052090406417847,0.1426198035478592,0.022983573377132416,0.006532696541398764,0.10717786103487015,0.23314045369625092,0.024175986647605896,0.04769338667392731
200501B,2005-01-09 11:30:00,gridsat,SHEAR,1,0.026978930458426476,0.45750102400779724,0.27002039551734924,0.25107407569885254,0.0010004033101722598,0.020555682480335236,0.34754443168640137,0.20114775002002716,0.3544558882713318,0.06972154974937439
200501B,2005-01-09 18:00:00,gridsat,CRVBND,1,0.07513444870710373,0.28735485672950745,0.44408896565437317,0.3630083501338959,0.014586994424462318,0.04075656831264496,0.11966723948717117,0.16017891466617584,0.3465222716331482,0.1487012654542923
200501B,2005-01-10 00:00:00,gridsat,SHEAR,1,0.07073879987001419,0.02706211805343628,0.09420234709978104,0.4500871002674103,0.802269697189331,0.42985326051712036,0.0007149790180847049,0.0202574972063303,0.032074201852083206,0.07274004817008972
200501B,2005-01-10 05:30:00,gridsat,CRVBND,1,0.1180371418595314,0.10888788849115372,0.15011078119277954,0.5763568878173828,0.7017145156860352,0.16479569673538208,0.0008786756661720574,0.028840787708759308,0.029258955270051956,0.12111875414848328
200501B,2005-01-10 18:00:00,gridsat,CRVBND,1,0.043697889894247055,0.37406906485557556,0.504074215888977,0.30915436148643494,0.1529618352651596,0.04079972952604294,0.012605995871126652,0.18298907577991486,0.2866600751876831,0.09298780560493469
200501B,2005-01-10 23:30:00,gridsat,SHEAR,1,0.12684789299964905,0.05083422362804413,0.47069981694221497,0.6023576259613037,0.177827849984169,0.2513197660446167,0.011140050366520882,0.020378632470965385,0.21348440647125244,0.07510977983474731
200502B,2005-01-14 21:30:00,gridsat,CRVBND,2,0.003546987660229206,0.2489919811487198,0.8151823878288269,0.162453293800354,0.012837833724915981,0.006143125705420971,0.025805316865444183,0.2941265404224396,0.14262746274471283,0.28828510642051697
200502B,2005-01-15 02:00:00,gridsat,CRVBND,2,0.00150874478276819,0.19211526215076447,0.7754655480384827,0.19622276723384857,0.1457461714744568,0.0064765275456011295,0.005601978860795498,0.22232618927955627,0.07167761772871017,0.3828592598438263
200502B,2005-01-15 15:00:00,gridsat,CRVBND,2,0.002746528945863247,0.053736910223960876,0.1662096530199051,0.47381454706192017,0.8172149658203125,0.11885929852724075,0.0008380674989894032,0.02223699353635311,0.012990720570087433,0.33135220408439636
200502B,2005-01-15 21:00:00,gridsat,CRVBND,2,0.0008051616023294628,0.0789887011051178,0.04809245094656944,0.3972092866897583,0.9475155472755432,0.05337171629071236,0.0003988154057879001,0.13592156767845154,0.0031880917958915234,0.3345087170600891
200502B,2005-01-16 03:00:00,gridsat,IRRCDO,2,0.004418312106281519,0.3402775526046753,0.38348257541656494,0.2226385921239853,0.5749547481536865,0.010133777745068073,0.005566358100622892,0.19805532693862915,0.03157801553606987,0.22889474034309387
200502B,2005-01-16 15:00:00,gridsat,SHEAR,2,0.002870462369173765,0.022188080474734306,0.17398054897785187,0.46698814630508423,0.81791090965271,0.338787704706192,0.0007320286240428686,0.016316011548042297,0.004506075754761696,0.1557200402021408
200502B,2005-01-16 20:30:00,gridsat,IRRCDO,2,0.004499970003962517,0.0800810307264328,0.6930935382843018,0.3223818838596344,0.25547003746032715,0.046223461627960205,0.01003004889935255,0.14503774046897888,0.036906369030475616,0.40627583861351013
200502B,2005-01-17 03:00:00,gridsat,CRVBND,2,0.0031150963623076677,0.10365748405456543,0.7059623003005981,0.5071648359298706,0.18870235979557037,0.16793836653232574,0.004299886524677277,0.08167246729135513,0.09792041033506393,0.1395668089389801
200502B,2005-01-17 08:30:00,gridsat,SHEAR,2,0.0012240179348737001,0.05130819231271744,0.2919040024280548,0.4805469810962677,0.6959607601165771,0.16573470830917358,0.00030988248181529343,0.013617947697639465,0.010601280257105827,0.28879213333129883
200502B,2005-01-17 15:00:00,gridsat,IRRCDO,2,0.0022411050740629435,0.0971653163433075,0.12223542481660843,0.4625428020954132,0.8704256415367126,0.08099798858165741,0.0008723518694750965,0.0815388485789299,0.004225544631481171,0.2777549922466278
200502B,2005-01-17 21:00:00,gridsat,CRVBND,2,0.0029539274983108044,0.19662857055664062,0.5904514789581299,0.3915049731731415,0.40275874733924866,0.06288689374923706,0.0007536962511949241,0.20830346643924713,0.003082158975303173,0.1406761258840561
200505B,2005-11-28 02:00:00,gridsat,IRRCDO,3,0.04602465406060219,0.18625977635383606,0.3502594232559204,0.3425338566303253,0.020605260506272316,0.007140342611819506,0.35208258032798767,0.19376789033412933,0.23102813959121704,0.27029818296432495
200505B,2005-11-28 09:00:00,gridsat,CRVBND,3,0.023860594257712364,0.050881728529930115,0.45741257071495056,0.6540544033050537,0.031064700335264206,0.02848098613321781,0.16672974824905396,0.030054640024900436,0.32093241810798645,0.23652832210063934
200505B,2005-11-28 15:00:00,gridsat,IRRCDO,3,0.02611580118536949,0.025623487308621407,0.270315557718277,0.1873939037322998,0.036143429577350616,0.0014035669155418873,0.1862107515335083,0.02351788990199566,0.4812144935131073,0.7620611190795898
200505B,2005-11-28 20:00:00,gridsat,IRRCDO,3,0.01167417410761118,0.19837349653244019,0.22499880194664001,0.2295384407043457,0.03070533089339733,0.0013653385685756803,0.07568429410457611,0.10557647049427032,0.656937301158905,0.46514618396759033
200505B,2005-11-29 09:00:00,gridsat,CRVBND,3,0.012368511408567429,0.14899177849292755,0.25331228971481323,0.17638829350471497,0.03808664530515671,0.0013491221470758319,0.0963650569319725,0.26025310158729553,0.599867582321167,0.4130176901817322
200505B,2005-11-29 15:00:00,gridsat,CRVBND,3,0.002973502269014716,0.009679597802460194,0.2354949712753296,0.6205024123191833,0.6637919545173645,0.09883616119623184,0.004274578299373388,0.00811063963919878,0.09346499294042587,0.26287123560905457
200505B,2005-11-29 21:00:00,gridsat,EMBC,3,0.0021961829625070095,0.2034960687160492,0.16149358451366425,0.42563000321388245,0.7664708495140076,0.013372490182518959,0.0027974413242191076,0.04387214779853821,0.06704196333885193,0.31362929940223694
200505B,2005-11-30 02:00:00,gridsat,EMBC,3,0.008178839460015297,0.7364684343338013,0.4878873825073242,0.07453523576259613,0.18785573542118073,0.0014793432783335447,0.021379247307777405,0.16191960871219635,0.2946988046169281,0.025597382336854935
200505B,2005-11-30 09:00:00,gridsat,CRVBND,3,0.010060339234769344,0.39597681164741516,0.410945862531662,0.32420891523361206,0.2840697467327118,0.009466356597840786,0.021658847108483315,0.09089019149541855,0.2732652425765991,0.17945775389671326
200505B,2005-11-30 14:30:00,gridsat,CRVBND,3,0.003978830296546221,0.17994555830955505,0.2771384119987488,0.4703137278556824,0.6135730743408203,0.025715835392475128,0.005486496724188328,0.04589621350169182,0.09982314705848694,0.27812865376472473
200505B,2005-11-30 22:00:00,gridsat,CRVBND,3,0.015123266726732254,0.6442136168479919,0.4520227909088135,0.0701337605714798,0.1517990678548813,0.000849683303385973,0.06283610314130783,0.24736854434013367,0.31821876764297485,0.03743436932563782
200505B,2005-12-01 09:00:00,gridsat,IRRCDO,3,0.014151779934763908,0.4742835760116577,0.5260747671127319,0.3133445084095001,0.045043885707855225,0.011797872371971607,0.10494428128004074,0.11573073267936707,0.30978521704673767,0.08484333753585815
200505B,2005-12-01 15:00:00,gridsat,SHEAR,3,0.0012550234096124768,0.007241229526698589,0.10382428020238876,0.5029746890068054,0.8738806843757629,0.46852168440818787,0.0019341912120580673,0.0020110304467380047,0.019105862826108932,0.019251395016908646
200505B,2005-12-01 21:00:00,gridsat,SHEAR,3,0.0020017321221530437,0.07021786272525787,0.25866982340812683,0.5710011720657349,0.6930543184280396,0.0703619197010994,0.0026895564515143633,0.0383562371134758,0.043584585189819336,0.25006282329559326
200505B,2005-12-02 03:00:00,gridsat,CRVBND,3,0.0020119817927479744,0.3858908712863922,0.23129743337631226,0.3909011483192444,0.7203147411346436,0.024760380387306213,0.002983465325087309,0.11647314578294754,0.04339234158396721,0.08197454363107681
200505B,2005-12-02 09:00:00,gridsat,CRVBND,3,0.0017936854856088758,0.12932425737380981,0.21534551680088043,0.5303993225097656,0.7358165383338928,0.05251776799559593,0.002873428165912628,0.04516938328742981,0.044170819222927094,0.24258923530578613
200505B,2005-12-02 15:00:00,gridsat,CRVBND,3,0.002542652655392885,0.14983080327510834,0.2985122799873352,0.5179775357246399,0.6336525678634644,0.06428029388189316,0.003659280017018318,0.08369052410125732,0.06163317337632179,0.1842208355665207
200506B,2005-12-06 06:00:00,gridsat,CRVBND,0,0.028539668768644333,0.23713813722133636,0.7343422770500183,0.4982256293296814,0.027792971581220627,0.07071409374475479,0.053733520209789276,0.13636204600334167,0.15559156239032745,0.05756013095378876
200506B,2005-12-06 18:00:00,gridsat,EMBC,0,0.03351482003927231,0.48105376958847046,0.13881100714206696,0.1223256066441536,0.006472294684499502,0.006178905721753836,0.778377890586853,0.3377744257450104,0.04282393306493759,0.052667319774627686
200506B,2005-12-07 01:00:00,gridsat,EMBC,0,0.017245996743440628,0.47322356700897217,0.4245542287826538,0.20244251191616058,0.017704658210277557,0.020759668201208115,0.4539826512336731,0.25288552045822144,0.08651243895292282,0.050688669085502625
200506B,2005-12-10 06:00:00,gridsat,EMBC,0,0.019303593784570694,0.32380393147468567,0.5678062438964844,0.24769234657287598,0.03253708779811859,0.03143403306603432,0.08905613422393799,0.25778281688690186,0.29129689931869507,0.1392868012189865
200506B,2005-12-10 12:00:00,gridsat,SHEAR,0,0.0036651045083999634,0.01862179860472679,0.26798784732818604,0.5467574000358582,0.684038519859314,0.17683224380016327,0.006175657734274864,0.0066462489776313305,0.0381329320371151,0.25114232301712036
200506B,2005-12-10 18:00:00,gridsat,SHEAR,0,0.004802184645086527,0.0028543644584715366,0.10822130739688873,0.3593292236328125,0.8656212091445923,0.5005072355270386,0.003640651237219572,0.0034404294565320015,0.017714619636535645,0.13386882841587067
200506B,2005-12-11 05:00:00,gridsat,SHEAR,0,0.0029540550895035267,0.0005117785767652094,0.05319567769765854,0.10649777203798294,0.9323646426200867,0.8891860842704773,0.0024066600017249584,0.0004176002985332161,0.009078850969672203,0.0033867862075567245
200507B,2005-12-17 06:00:00,gridsat,SHEAR,1,0.03620164096355438,0.03942183405160904,0.9011507630348206,0.42367738485336304,0.007984589785337448,0.3004467189311981,0.050883881747722626,0.09798122197389603,0.0037791659124195576,0.13847272098064423
200507B,2005-12-17 12:00:00,gridsat,CRVBND,1,0.031483959406614304,0.14273466169834137,0.8374874591827393,0.24488449096679688,0.0037322326097637415,0.01766805723309517,0.0316886380314827,0.3572414517402649,0.09560766816139221,0.2374713122844696
200507B,2005-12-17 18:00:00,gridsat,CRVBND,1,0.09230227768421173,0.2773101031780243,0.42628195881843567,0.23598147928714752,0.022156227380037308,0.008826611563563347,0.3898892402648926,0.31221723556518555,0.06937029212713242,0.16566455364227295
200507B,2005-12-18 06:00:00,gridsat,CRVBND,1,0.07844460010528564,0.2989228665828705,0.754144549369812,0.36650919914245605,0.0015511612873524427,0.022562356665730476,0.007170674856752157,0.1783991903066635,0.1586889624595642,0.133606418967247
200507B,2005-12-18 12:00:00,gridsat,CRVBND,1,0.014877934008836746,0.12944954633712769,0.929915189743042,0.5464979410171509,0.009399632923305035,0.15706747770309448,0.0005092227947898209,0.049950581043958664,0.045297957956790924,0.1170344427227974
200507B,2005-12-19 07:00:00,gridsat,CRVBND,1,0.15014833211898804,0.37705516815185547,0.5357126593589783,0.2988482713699341,0.005398072302341461,0.026896441355347633,0.023729093372821808,0.14244118332862854,0.28501182794570923,0.1547589898109436
200507B,2005-12-19 11:00:00,gridsat,EMBC,1,0.13378314673900604,0.5321530699729919,0.2952631711959839,0.1577478051185608,0.007252379786223173,0.01240049209445715,0.08502250909805298,0.10174364596605301,0.47867876291275024,0.19595494866371155
200507B,2005-12-19 18:00:00,gridsat,EMBC,1,0.1239311471581459,0.3696170747280121,0.4363117814064026,0.2656208276748657,0.11164917796850204,0.03098667599260807,0.16620156168937683,0.18603043258190155,0.16190630197525024,0.14774498343467712
200507B,2005-12-20 00:00:00,gridsat,SHEAR,1,0.04381439834833145,0.04980463162064552,0.4317290782928467,0.5033169984817505,0.41168662905693054,0.17781300842761993,0.001485430751927197,0.01752905547618866,0.111284539103508,0.2515362799167633
200507B,2005-12-20 06:00:00,gridsat,SHEAR,1,0.03215509280562401,0.14900918304920197,0.7636630535125732,0.42913269996643066,0.06088801473379135,0.18375445902347565,0.0019618941005319357,0.11439238488674164,0.14133195579051971,0.12371130287647247
200507B,2005-12-20 12:00:00,gridsat,EMBC,1,0.05866235867142677,0.11271484196186066,0.5873132348060608,0.41708219051361084,0.16560953855514526,0.09101024270057678,0.002477475209161639,0.10705488175153732,0.1859373301267624,0.2721378207206726
200507B,2005-12-20 18:00:00,gridsat,IRRCDO,1,0.12270611524581909,0.36676833033561707,0.20698145031929016,0.23973162472248077,0.2651783525943756,0.009698547422885895,0.009986680001020432,0.18118014931678772,0.3951473832130432,0.20262132585048676
200507B,2005-12-20 23:00:00,gridsat,EMBC,1,0.017041847109794617,0.5763455629348755,0.7015622854232788,0.1462792158126831,0.0422673225402832,0.0063059669919312,0.008169477805495262,0.21601274609565735,0.23095904290676117,0.055056557059288025
200507B,2005-12-21 06:00:00,gridsat,SHEAR,1,0.2502601444721222,0.20621486008167267,0.5764145851135254,0.3119518756866455,0.13574503362178802,0.056943655014038086,0.0009375849040225148,0.09130483865737915,0.03664266690611839,0.33358481526374817
200507B,2005-12-21 13:00:00,gridsat,CRVBND,1,0.057236868888139725,0.2333870232105255,0.8346107006072998,0.36341145634651184,0.03282420337200165,0.04944990202784538,0.0018337242072448134,0.23033086955547333,0.07349447160959244,0.12342073023319244
200507B,2005-12-21 18:00:00,gridsat,SHEAR,1,0.07277924567461014,0.07091059535741806,0.1319396048784256,0.3920084834098816,0.44827213883399963,0.09412269294261932,0.0031385491602122784,0.044245995581150055,0.34387046098709106,0.3987121880054474
200507B,2005-12-22 00:00:00,gridsat,SHEAR,1,0.033660341054201126,0.0556831955909729,0.6049171090126038,0.4879951775074005,0.12302661687135696,0.18148751556873322,0.0008801348740234971,0.028962915763258934,0.2375158667564392,0.24587112665176392
200507B,2005-12-22 06:00:00,gridsat,SHEAR,1,0.10719379782676697,0.07307934761047363,0.07251225411891937,0.47163501381874084,0.5929404497146606,0.08146379142999649,0.002058275043964386,0.04865362495183945,0.22529520094394684,0.325168251991272
200507B,2005-12-22 12:00:00,gridsat,SHEAR,1,0.0277948547154665,0.036229029297828674,0.41919055581092834,0.3936014473438263,0.02694195695221424,0.10250978916883469,0.0011041454272344708,0.01597365364432335,0.5249684453010559,0.4516860842704773
200507B,2005-12-22 18:00:00,gridsat,CRVBND,1,0.08309049904346466,0.2683131992816925,0.6711134910583496,0.37887462973594666,0.012634417042136192,0.025378407910466194,0.03791321814060211,0.11331205815076828,0.19524836540222168,0.21412162482738495
200601A,2006-01-14 06:00:00,gridsat,CRVBND,0,0.008715861476957798,0.21234430372714996,0.8360231518745422,0.4483632445335388,0.02622612752020359,0.06296634674072266,0.02586318552494049,0.15667957067489624,0.10317159444093704,0.11964650452136993
200601A,2006-01-14 12:00:00,gridsat,SHEAR,0,0.010796274058520794,0.011685789562761784,0.3819889426231384,0.35135719180107117,0.44060268998146057,0.6058381199836731,0.008550290949642658,0.004562102258205414,0.1580618917942047,0.026556789875030518
200601A,2006-01-14 17:00:00,gridsat,SHEAR,0,0.0050511728040874004,0.00012701500963885337,0.08401277661323547,0.09868110716342926,0.8954890966415405,0.8935003876686096,0.0019554130267351866,9.962233161786571e-05,0.013491546735167503,0.007591910660266876
200601A,2006-01-15 00:00:00,gridsat,SHEAR,0,0.0069533404894173145,4.463507866603322e-05,0.06757768243551254,0.04321615770459175,0.9045169949531555,0.9564800262451172,0.0046199350617825985,2.0924728232785128e-05,0.016332127153873444,0.00023818966292310506
200601A,2006-01-15 06:00:00,gridsat,SHEAR,0,0.0077437045983970165,0.00024759850930422544,0.10423196852207184,0.06947550177574158,0.8668288588523865,0.9299832582473755,0.005215197801589966,4.0835890104062855e-05,0.015980271622538567,0.0002528597542550415
200601A,2006-01-15 12:00:00,gridsat,SHEAR,0,0.002880989108234644,0.000939692254178226,0.028405239805579185,0.11141332983970642,0.9594188928604126,0.8857736587524414,0.0017610661452636123,0.0008050294709391892,0.007533772848546505,0.001068251789547503
200601A,2006-01-15 17:00:00,gridsat,SHEAR,0,0.0025028621312230825,0.002400015015155077,0.037183936685323715,0.2420303374528885,0.9487747550010681,0.7328528165817261,0.0015848631737753749,0.0022552087903022766,0.009953562170267105,0.02046157605946064
200602B,2006-04-25 09:00:00,gridsat,IRRCDO,2,0.008718756027519703,0.13201771676540375,0.5490514039993286,0.4206447899341583,0.007570368237793446,0.005709426011890173,0.1377267986536026,0.12652498483657837,0.2969326674938202,0.31510302424430847
200602B,2006-04-25 21:00:00,gridsat,CRVBND,2,0.008522246032953262,0.04968014359474182,0.6155402660369873,0.1781979352235794,0.00936527643352747,0.0035083156544715166,0.11876364797353745,0.18583612143993378,0.2478085607290268,0.5827775001525879
200602B,2006-04-26 09:00:00,gridsat,CRVBND,2,0.0021217395551502705,0.03559188172221184,0.7583109140396118,0.6240919232368469,0.0162186361849308,0.06556927412748337,0.005716513376682997,0.03823193907737732,0.2176322638988495,0.23651503026485443
200602B,2006-04-26 20:00:00,gridsat,EMBC,2,0.006142539903521538,0.22851698100566864,0.13840444386005402,0.08352809399366379,0.0077639613300561905,0.00046373778604902327,0.1175323948264122,0.431499719619751,0.7301567196846008,0.2559913694858551
200602B,2006-04-27 04:00:00,gridsat,EMBC,2,0.037905652076005936,0.24670784175395966,0.09050745517015457,0.041747115552425385,0.0281386561691761,0.00024066647165454924,0.7838799953460693,0.6810925006866455,0.059568196535110474,0.030211851000785828
200602B,2006-04-27 15:00:00,gridsat,EMBC,2,0.018825659528374672,0.3104233741760254,0.026744719594717026,0.09429280459880829,0.0030455002561211586,0.0010597461368888617,0.9122915267944336,0.4324314594268799,0.03909267485141754,0.1617926061153412
200602B,2006-04-27 21:00:00,gridsat,EMBC,2,0.03860030695796013,0.3228459358215332,0.004713559988886118,0.03180715814232826,0.0023027241695672274,0.00013548968126997352,0.9462405443191528,0.5646887421607971,0.008142770268023014,0.08052276819944382
200603B,2006-07-03 00:00:00,gridsat,CRVBND,4,0.007091721054166555,0.05291086807847023,0.6874639987945557,0.4568321704864502,0.006545066833496094,0.006348625291138887,0.08367518335580826,0.34267696738243103,0.2152239978313446,0.14123141765594482
200603B,2006-07-03 04:30:00,gridsat,CRVBND,4,0.003678316716104746,0.016530077904462814,0.735384464263916,0.6701475977897644,0.006733352784067392,0.09712529927492142,0.0079586086794734,0.05931507423520088,0.24624522030353546,0.15688194334506989
200604A,2006-09-21 15:00:00,gridsat,CRVBND,3,0.0063073658384382725,0.29249948263168335,0.43837302923202515,0.3788444995880127,0.24238771200180054,0.011508987285196781,0.013739330694079399,0.05630829185247421,0.29919248819351196,0.26083868741989136
200604A,2006-09-22 09:00:00,gridsat,EMBC,3,0.29800650477409363,0.7708003520965576,0.2238023430109024,0.12648306787014008,0.027381636202335358,0.007745399605482817,0.39465466141700745,0.07555027306079865,0.056154873222112656,0.019420944154262543
200604A,2006-09-22 15:00:00,gridsat,EYE,3,0.9133934378623962,0.5833579301834106,0.010817228816449642,0.24117721617221832,0.03214140608906746,0.01712774857878685,0.023406095802783966,0.05831541121006012,0.02024182304739952,0.10002169013023376
200604A,2006-09-23 09:00:00,gridsat,CRVBND,3,0.0058253756724298,0.1800578087568283,0.5053524971008301,0.4726313352584839,0.42561566829681396,0.2429531365633011,0.011278759688138962,0.029289789497852325,0.051927704364061356,0.0750679075717926
200604A,2006-09-23 15:00:00,gridsat,CRVBND,3,0.004923044703900814,0.05206551402807236,0.5023030638694763,0.5289786458015442,0.40953123569488525,0.38840198516845703,0.009028547443449497,0.01196718867868185,0.0742141380906105,0.01858670450747013
200604A,2006-09-23 21:00:00,gridsat,CRVBND,3,0.0022525284439325333,0.01564996875822544,0.18642586469650269,0.4601377844810486,0.784881055355072,0.49416837096214294,0.0027354692574590445,0.0024099901784211397,0.023705072700977325,0.027633802965283394
200604A,2006-09-24 03:00:00,gridsat,CRVBND,3,0.003395464736968279,0.029913324862718582,0.2571810483932495,0.49603500962257385,0.6926437616348267,0.4593276083469391,0.004835469648241997,0.002410726621747017,0.04194426164031029,0.012313292361795902
200605B,2006-09-29 03:00:00,gridsat,CRVBND,2,0.0007523935055360198,0.1707993745803833,0.9421657919883728,0.32839709520339966,0.045178841799497604,0.01746349222958088,0.0013035762822255492,0.09034225344657898,0.01059945672750473,0.3929978311061859
200701B,2007-05-14 07:00:00,gridsat,EMBC,2,0.016588209196925163,0.414675235748291,0.5316012501716614,0.12911182641983032,0.007649813778698444,0.0023289357777684927,0.3807940185070038,0.4240346848964691,0.06336669623851776,0.02984931506216526
200702A,2007-06-02 06:00:00,gridsat,EMBC,4,0.010535351000726223,0.3321802318096161,0.04408557713031769,0.1586337834596634,0.0023951518815010786,0.004102569073438644,0.9294986128807068,0.45357394218444824,0.013485267758369446,0.05150941014289856
200702A,2007-06-02 16:30:00,gridsat,CRVBND,4,0.007395217660814524,0.2749677896499634,0.37233400344848633,0.2414301484823227,0.00248340773396194,0.007720416411757469,0.20238156616687775,0.15319575369358063,0.4154057800769806,0.3226858675479889
200702A,2007-06-03 00:30:00,gridsat,EMBC,4,0.010558495298027992,0.5005550384521484,0.13673914968967438,0.09576380252838135,0.0037879173178225756,0.0010845835786312819,0.7356817722320557,0.34446296095848083,0.11323259770870209,0.058133646845817566
200702A,2007-06-03 19:00:00,gridsat,EYE,4,0.7849483489990234,0.5070755481719971,0.006582475267350674,0.08257296681404114,0.009730856865644455,0.00072051165625453,0.1727137565612793,0.36204829812049866,0.026024600490927696,0.047582559287548065
200702A,2007-06-04 00:00:00,gridsat,EYE,4,0.8458921313285828,0.44121888279914856,0.017593784257769585,0.0603707954287529,0.01377809327095747,0.0003582140489015728,0.08356918394565582,0.46452268958091736,0.03916674852371216,0.033529505133628845
200702A,2007-06-04 06:00:00,gridsat,EYE,4,0.8681297302246094,0.531721830368042,0.013997786678373814,0.032623063772916794,0.01316971518099308,0.0002440897369524464,0.05795137584209442,0.421359121799469,0.046751439571380615,0.01405190210789442
200702A,2007-06-04 12:00:00,gridsat,EYE,4,0.8182681798934937,0.6474797129631042,0.01334486622363329,0.053925663232803345,0.01545195933431387,0.0014258375158533454,0.109624482691288,0.28759831190109253,0.043310582637786865,0.009570452384650707
200702A,2007-06-04 18:00:00,gridsat,EYE,4,0.8663136959075928,0.550408124923706,0.011915158480405807,0.04563863202929497,0.013468085788190365,0.00042492561624385417,0.07475414872169495,0.37948116660118103,0.03354893624782562,0.02404719404876232
200702A,2007-06-05 00:00:00,gridsat,EMBC,4,0.004654814954847097,0.6538934111595154,0.00800310168415308,0.04277154430747032,0.002406739629805088,0.0003305341233499348,0.9820475578308105,0.2923526167869568,0.0028878271114081144,0.010651985183358192
200702A,2007-06-05 06:00:00,gridsat,EMBC,4,0.6821054220199585,0.7433250546455383,0.0053583914414048195,0.024395830929279327,0.026099221780896187,0.0004918701597489417,0.28051334619522095,0.23010499775409698,0.0059236460365355015,0.0016823281766846776
200702A,2007-06-06 07:00:00,gridsat,EMBC,4,0.012490978464484215,0.5655057430267334,0.4235644042491913,0.1524362713098526,0.00865588802844286,0.013815184123814106,0.5324119329452515,0.22846265137195587,0.022876765578985214,0.03978003188967705
200702A,2007-06-06 18:00:00,gridsat,CRVBND,4,0.1439962089061737,0.15240836143493652,0.6698153614997864,0.5064456462860107,0.03796008974313736,0.1822168231010437,0.11980584263801575,0.10754795372486115,0.02842252515256405,0.05138126760721207
200702A,2007-06-07 00:00:00,gridsat,CRVBND,4,0.016428586095571518,0.015713507309556007,0.8742551207542419,0.25305110216140747,0.08275768905878067,0.7102306485176086,0.011666636914014816,0.007249210495501757,0.014891952276229858,0.013755591586232185
200702A,2007-06-07 06:00:00,gridsat,SHEAR,4,0.022263500839471817,0.0022365122567862272,0.08109064400196075,0.06702744215726852,0.8440373539924622,0.9278709888458252,0.02093176357448101,0.0015711358282715082,0.031676750630140305,0.0012939551379531622
200702A,2007-06-07 12:00:00,gridsat,SHEAR,4,0.010460441932082176,0.001220380188897252,0.011910371482372284,0.09336880594491959,0.964634358882904,0.90213543176651,0.004051047842949629,0.0008613553363829851,0.008943767286837101,0.002414131071418524
200703B,2007-06-21 15:00:00,gridsat,SHEAR,2,0.0027911062352359295,0.0022704973816871643,0.45993995666503906,0.7014086842536926,0.05062919855117798,0.07155991345643997,0.008907951414585114,0.02542879991233349,0.4777318239212036,0.1993321180343628
200703B,2007-06-21 20:30:00,gridsat,CRVBND,2,0.0022394410334527493,0.006068224087357521,0.13523222506046295,0.4487440586090088,0.006821749731898308,0.004092734307050705,0.03079582378268242,0.052145376801490784,0.8249108195304871,0.48894965648651123
200703B,2007-06-22 03:00:00,gridsat,CRVBND,2,0.003724009497091174,0.23718905448913574,0.5690916776657104,0.3113209009170532,0.012834686785936356,0.005445616785436869,0.05539587140083313,0.32852914929389954,0.3589537739753723,0.11751529574394226
200703B,2007-06-22 09:00:00,gridsat,CRVBND,2,0.0029182727448642254,0.06111406162381172,0.5411710739135742,0.5366706848144531,0.02223895862698555,0.019831618294119835,0.019897229969501495,0.10555480420589447,0.4137744903564453,0.2768288254737854
200703B,2007-06-25 09:00:00,gridsat,CRVBND,2,0.005182479973882437,0.11614552140235901,0.7144514322280884,0.3590472936630249,0.013086489401757717,0.021681977435946465,0.040244463831186295,0.2811851501464844,0.22703517973423004,0.22194014489650726
200703B,2007-06-25 15:00:00,gridsat,CRVBND,2,0.0027019931003451347,0.07074961811304092,0.9293617606163025,0.3719462752342224,0.005391698330640793,0.00933366734534502,0.016009612008929253,0.06122511252760887,0.0465349443256855,0.48674532771110535
200704B,2007-06-28 17:00:00,gridsat,IRRCDO,4,0.003453576937317848,0.10789626836776733,0.44148752093315125,0.18503858149051666,0.0026388487312942743,0.003156747203320265,0.0189038198441267,0.2569992244243622,0.5335162878036499,0.4469091594219208
200705A,2007-10-28 03:00:00,gridsat,CRVBND,0,0.003086364595219493,0.05395841598510742,0.0692858025431633,0.2334827035665512,0.002147157210856676,0.004192087799310684,0.9013063907623291,0.12679220736026764,0.02417433075606823,0.5815746188163757
200705A,2007-10-28 09:00:00,gridsat,CRVBND,0,0.005665836855769157,0.018620790913701057,0.44480741024017334,0.5278764367103577,0.01976047083735466,0.1574961096048355,0.35344597697257996,0.0526205338537693,0.17632029950618744,0.2433861643075943
200705A,2007-10-28 15:00:00,gridsat,CRVBND,0,0.005272002890706062,0.027396894991397858,0.7700932621955872,0.2595376968383789,0.08959171921014786,0.015697909519076347,0.06943129748106003,0.03655398637056351,0.06561168283224106,0.6608135104179382
200705A,2007-10-28 21:00:00,gridsat,CRVBND,0,0.004575079772621393,0.07471499592065811,0.05125737562775612,0.5704101324081421,0.011113491840660572,0.03634670376777649,0.9195088744163513,0.07815489172935486,0.013545099645853043,0.24037331342697144
200705A,2007-10-29 03:00:00,gridsat,SHEAR,0,0.006219957489520311,0.005274927709251642,0.8296113014221191,0.37053418159484863,0.07675337791442871,0.11799342185258865,0.012773130089044571,0.009343788959085941,0.07464225590229034,0.49685367941856384
200705A,2007-10-29 09:00:00,gridsat,CRVBND,0,0.024818774312734604,0.08519210666418076,0.5398444533348083,0.4048873782157898,0.009528006426990032,0.020513057708740234,0.40988215804100037,0.14522917568683624,0.015926605090498924,0.34417828917503357
200705A,2007-10-29 15:00:00,gridsat,CRVBND,0,0.011534454300999641,0.05185358226299286,0.4121759235858917,0.3204825520515442,0.007583251688629389,0.013581725768744946,0.023220466449856758,0.1153191477060318,0.5454859137535095,0.4987630546092987
200705A,2007-10-29 21:00:00,gridsat,CRVBND,0,0.006244637072086334,0.07280333340167999,0.3354666233062744,0.5971488356590271,0.025630004703998566,0.06683611869812012,0.6059712171554565,0.15544633567333221,0.02668756991624832,0.10776537656784058
200705A,2007-10-30 03:00:00,gridsat,SHEAR,0,0.005872612353414297,0.007886999286711216,0.4371178150177002,0.5141628384590149,0.041185781359672546,0.28624844551086426,0.4057706892490387,0.03911011666059494,0.1100531592965126,0.1525915265083313
200705A,2007-10-30 09:00:00,gridsat,SHEAR,0,0.007040226832032204,0.0014127703616395593,0.5117665529251099,0.2521393299102783,0.19750866293907166,0.697989821434021,0.12946851551532745,0.0076761748641729355,0.15421602129936218,0.040781836956739426
200705A,2007-10-30 15:30:00,gridsat,SHEAR,0,0.012617022730410099,0.0022990538273006678,0.31298646330833435,0.28898340463638306,0.061107538640499115,0.6466814279556274,0.1438029259443283,0.010930126532912254,0.46948617696762085,0.051105938851833344
200705A,2007-10-30 21:30:00,gridsat,CRVBND,0,0.011294422671198845,0.021609723567962646,0.4786697030067444,0.4275711476802826,0.030121594667434692,0.05488589033484459,0.25302499532699585,0.04849640280008316,0.2268892526626587,0.4474368095397949
200705A,2007-10-31 03:30:00,gridsat,SHEAR,0,0.005578396376222372,0.0003838258271571249,0.5291569828987122,0.18448691070079803,0.07597729563713074,0.7991698980331421,0.2888745963573456,0.002111835405230522,0.10041271895170212,0.01384754292666912
200705A,2007-10-31 09:00:00,gridsat,SHEAR,0,0.0037814800161868334,7.578636029847985e-08,0.025888867676258087,0.004012254532426596,0.9544313549995422,0.9959874749183655,0.0031562205404043198,5.504456890292886e-09,0.01274197455495596,2.633140354646457e-07
200705A,2007-10-31 21:30:00,gridsat,SHEAR,0,0.0038907662965357304,1.231603263818215e-08,0.024436241015791893,0.0008328977273777127,0.958381175994873,0.9991670846939087,0.002946872729808092,2.768315021661749e-10,0.010345034301280975,5.472927711025477e-08
200705A,2007-11-01 03:00:00,gridsat,SHEAR,0,0.003470470430329442,1.9735313383506536e-09,0.018883680924773216,0.00020173740631435066,0.9652570486068726,0.9997982382774353,0.0027088953647762537,2.708455161537504e-11,0.009679961949586868,2.0551061297169326e-08
200705A,2007-11-01 09:30:00,gridsat,SHEAR,0,0.0031712991185486317,1.169233876385789e-10,0.032128963619470596,2.203510121034924e-05,0.9515799283981323,0.9999779462814331,0.0035503623075783253,4.606666176992791e-12,0.009569547139108181,3.503204126786841e-08
200705A,2007-11-01 15:00:00,gridsat,SHEAR,0,0.004137273412197828,5.4212176414658586e-11,0.02529079280793667,1.218610668729525e-05,0.9578982591629028,0.9999878406524658,0.003377454588189721,1.5642597894077737e-13,0.009296175092458725,1.307092989399905e-09
200706B,2007-11-12 00:00:00,gridsat,EMBC,3,0.051028572022914886,0.5901384949684143,0.4513043165206909,0.08863669633865356,0.013663818128407001,0.001124509726651013,0.3530636131763458,0.28784167766571045,0.13093970715999603,0.03225857764482498
200706B,2007-11-12 05:30:00,gridsat,EMBC,3,0.27604153752326965,0.6496610045433044,0.06091056764125824,0.0864836648106575,0.007322251796722412,0.001352928695268929,0.6325728893280029,0.23915474116802216,0.023152736946940422,0.023347701877355576
200706B,2007-11-12 12:00:00,gridsat,EYE,3,0.9725402593612671,0.6469743847846985,0.0014618232380598783,0.06606998294591904,0.012128468602895737,0.0007114251493476331,0.00871614832431078,0.25653815269470215,0.005153200123459101,0.029706045985221863
200706B,2007-11-12 18:00:00,gridsat,EYE,3,0.9281212687492371,0.6912918090820312,0.004107639193534851,0.035340141505002975,0.03261647745966911,0.0003117120359092951,0.022682584822177887,0.25012102723121643,0.01247210893779993,0.022935228422284126
200706B,2007-11-13 00:00:00,gridsat,EYE,3,0.9736592769622803,0.683907687664032,0.0024742609821259975,0.10680264234542847,0.010814246721565723,0.0017633329844102263,0.008434406481683254,0.19808755815029144,0.004617774393409491,0.009438739158213139
200706B,2007-11-13 05:30:00,gridsat,EYE,3,0.39174216985702515,0.6584801077842712,0.04789768531918526,0.11612904071807861,0.011171486228704453,0.0018019619164988399,0.5134983062744141,0.20454885065555573,0.03569035232067108,0.019040098413825035
200706B,2007-11-13 18:00:00,gridsat,EYE,3,0.9693418741226196,0.7402988076210022,0.00229453481733799,0.0664932131767273,0.011287602595984936,0.000749866128899157,0.011170390993356705,0.1824592649936676,0.00590562354773283,0.009998871944844723
200706B,2007-11-13 23:30:00,gridsat,EYE,3,0.924567461013794,0.7471847534179688,0.005532571114599705,0.0594617985188961,0.020524004474282265,0.000671916815917939,0.039666756987571716,0.18268217146396637,0.009709196165204048,0.009999304078519344
200706B,2007-11-14 06:30:00,gridsat,EYE,3,0.9575176239013672,0.7887382507324219,0.002427574945613742,0.034263625741004944,0.011550637893378735,0.00042224369826726615,0.021360134705901146,0.17342108488082886,0.007144047413021326,0.0031548049300909042
200706B,2007-11-14 12:30:00,gridsat,EYE,3,0.9698782563209534,0.7980328798294067,0.0015825052978470922,0.030140884220600128,0.005573652219027281,0.00030805967980995774,0.016878977417945862,0.1687854826450348,0.006086575333029032,0.0027326708659529686
200706B,2007-11-14 18:30:00,gridsat,EYE,3,0.9584830403327942,0.7269066572189331,0.0023802369832992554,0.026858650147914886,0.01608641818165779,0.0001620632829144597,0.013184428215026855,0.23909661173820496,0.009865926578640938,0.006976067088544369
200706B,2007-11-14 23:30:00,gridsat,EYE,3,0.9507927894592285,0.7789763808250427,0.003011623164638877,0.03140038251876831,0.01728411391377449,0.0002275452861795202,0.01841719076037407,0.18370309472084045,0.01049436442553997,0.00569269759580493
200706B,2007-11-15 06:30:00,gridsat,EYE,3,0.9600481390953064,0.7291867136955261,0.0019225917058065534,0.04794326797127724,0.016664061695337296,0.0004810933896806091,0.011984829790890217,0.21153612434864044,0.009380420669913292,0.010852769948542118
200706B,2007-11-15 11:30:00,gridsat,EYE,3,0.9764000177383423,0.7145563364028931,0.0013972490560263395,0.08851036429405212,0.006923094857484102,0.0010000932961702347,0.011329052969813347,0.18194064497947693,0.003950614482164383,0.01399256195873022
200801B,2008-04-28 14:30:00,gridsat,EMBC,0,0.4253079295158386,0.27730801701545715,0.014229007996618748,0.06269521266222,0.008677228353917599,0.0007257063407450914,0.4220152199268341,0.6248947381973267,0.12977060675621033,0.03437633067369461
200801B,2008-04-28 21:30:00,gridsat,EMBC,0,0.1313074380159378,0.25503847002983093,0.008654930628836155,0.06180911138653755,0.00044976634671911597,0.001040598494000733,0.7490003705024719,0.6378538012504578,0.11058752238750458,0.04425796493887901
200801B,2008-04-29 09:30:00,gridsat,EMBC,0,0.050026822835206985,0.2734752595424652,0.7497984766960144,0.4201565086841583,0.007091620471328497,0.041683122515678406,0.13060647249221802,0.2085425704717636,0.06247667595744133,0.05614256486296654
200801B,2008-04-29 20:30:00,gridsat,IRRCDO,0,0.012874291278421879,0.13855621218681335,0.26551952958106995,0.1534525752067566,0.004473999608308077,0.000999913550913334,0.2784743905067444,0.3338931202888489,0.4386577904224396,0.3730981647968292
200801B,2008-04-30 20:30:00,gridsat,EMBC,0,0.03420652076601982,0.41557577252388,0.0041601452976465225,0.09590132534503937,0.0002157442067982629,0.0018618454923853278,0.9548380970954895,0.39373505115509033,0.006579538341611624,0.09292609244585037
200801B,2008-05-01 09:30:00,gridsat,EMBC,0,0.005295616574585438,0.3692973554134369,0.09538093209266663,0.11075371503829956,0.001238848315551877,0.0013836468569934368,0.8950709104537964,0.494398295879364,0.003013750771060586,0.024166999384760857
200801B,2008-05-01 15:30:00,gridsat,EMBC,0,0.9437685012817383,0.3013801872730255,0.0043115802109241486,0.24408897757530212,0.012050635181367397,0.003458343679085374,0.020154057070612907,0.3275880813598633,0.019715193659067154,0.12348437309265137
200801B,2008-05-02 02:30:00,gridsat,EMBC,0,0.008788403123617172,0.378531813621521,0.007372627966105938,0.02632921189069748,0.00041858822805806994,0.000190520950127393,0.9812361001968384,0.5825375318527222,0.002184244804084301,0.012410959228873253
200801B,2008-05-02 08:30:00,gridsat,EYE,0,0.9370399117469788,0.45010778307914734,0.005791015923023224,0.0526229664683342,0.021029263734817505,0.0006773904897272587,0.025375131517648697,0.48791152238845825,0.010764727368950844,0.008680387400090694
200803B,2008-10-21 01:00:00,gridsat,EMBC,1,0.11811065673828125,0.3224853575229645,0.4481181204319,0.10912729054689407,0.03844638913869858,0.001382450107485056,0.06110401079058647,0.3178378939628601,0.33422088623046875,0.24916699528694153
200803B,2008-10-21 06:00:00,gridsat,CRVBND,1,0.09767955541610718,0.03883373364806175,0.36065587401390076,0.4918880760669708,0.5207139253616333,0.2930716574192047,0.011639276519417763,0.04153348505496979,0.009311358444392681,0.134673073887825
200803B,2008-10-21 12:00:00,gridsat,CRVBND,1,0.055087585002183914,0.11031661182641983,0.6989920139312744,0.3138861358165741,0.051759302616119385,0.030935777351260185,0.0021275226026773453,0.08504023402929306,0.192033588886261,0.45982128381729126
200803B,2008-10-21 18:00:00,gridsat,SHEAR,1,0.03518311306834221,0.000734883185941726,0.07412416487932205,0.10333596915006638,0.5874544382095337,0.8843255043029785,0.004171654582023621,0.0007309021311812103,0.2990666329860687,0.010872788727283478
200803B,2008-10-22 00:00:00,gridsat,SHEAR,1,0.046178437769412994,8.6565032688668e-06,0.052948642522096634,0.020693309605121613,0.8815865516662598,0.979056715965271,0.0016484825173392892,3.975021536462009e-05,0.017637919634580612,0.0002014841593336314
200803B,2008-10-22 06:00:00,gridsat,SHEAR,1,0.07102640718221664,9.844893793342635e-05,0.06424761563539505,0.029155578464269638,0.8389267325401306,0.9699198603630066,0.0013316267868503928,0.00045072819921188056,0.024467553943395615,0.0003754696808755398
200803B,2008-10-22 13:00:00,gridsat,CRVBND,1,0.291684627532959,0.48096996545791626,0.3344939053058624,0.2345234453678131,0.262018084526062,0.03960460424423218,0.01085778046399355,0.17169390618801117,0.10094554722309113,0.07320807129144669
200803B,2008-10-22 18:00:00,gridsat,CRVBND,1,0.07101811468601227,0.025099771097302437,0.042552344501018524,0.36888420581817627,0.8750404715538025,0.5400108098983765,0.0003150378179270774,0.011251797899603844,0.011073945090174675,0.054753463715314865
200803B,2008-10-23 00:00:00,gridsat,CRVBND,1,0.06521200388669968,0.13059021532535553,0.6980552077293396,0.426798552274704,0.20934274792671204,0.2678925395011902,0.00035315018612891436,0.057591937482357025,0.02703690156340599,0.11712674051523209
200803B,2008-10-23 05:30:00,gridsat,CRVBND,1,0.013553532771766186,0.35187920928001404,0.8704880475997925,0.1983223706483841,0.023455627262592316,0.015929089859128,0.0532287061214447,0.33803194761276245,0.03927403688430786,0.09583733230829239
200803B,2008-10-23 17:00:00,gridsat,CRVBND,1,0.030097244307398796,0.3316012918949127,0.8746992349624634,0.39697346091270447,0.061842236667871475,0.07742577791213989,0.002990766428411007,0.12272536754608154,0.030370574444532394,0.07127411663532257
200805B,2008-11-14 06:00:00,gridsat,CRVBND,0,0.02545359544456005,0.12894383072853088,0.8591095209121704,0.452448308467865,0.014338536188006401,0.018182873725891113,0.004713618662208319,0.17209690809249878,0.09638482332229614,0.22832809388637543
200805B,2008-11-14 12:00:00,gridsat,CRVBND,0,0.023362483829259872,0.06359762698411942,0.19122779369354248,0.29200729727745056,0.014353285543620586,0.006054367870092392,0.11879964172840118,0.06565574556589127,0.6522569060325623,0.5726849436759949
200805B,2008-11-14 18:00:00,gridsat,EMBC,0,0.035719599574804306,0.24902787804603577,0.12908293306827545,0.12066544592380524,0.01478525809943676,0.0008157355478033423,0.5740455389022827,0.3537156283855438,0.24636666476726532,0.27577531337738037
200805B,2008-11-15 01:30:00,gridsat,IRRCDO,0,0.02118716388940811,0.1419537514448166,0.03727157041430473,0.10263315588235855,0.007254274096339941,0.0011747179087251425,0.788112998008728,0.26136332750320435,0.14617404341697693,0.49287497997283936
200805B,2008-11-15 06:00:00,gridsat,CRVBND,0,0.016846871003508568,0.054945897310972214,0.5069704651832581,0.4099689722061157,0.06328988820314407,0.14784231781959534,0.026459727436304092,0.07889583706855774,0.38643303513526917,0.30834701657295227
200805B,2008-11-15 11:00:00,gridsat,IRRCDO,0,0.007824119180440903,0.11051109433174133,0.07765491306781769,0.10091754794120789,0.016877923160791397,0.0008263926720246673,0.7448083758354187,0.17688463628292084,0.15283462405204773,0.6108603477478027
200805B,2008-11-15 19:00:00,gridsat,CRVBND,0,0.018426628783345222,0.1490376889705658,0.38977694511413574,0.23121505975723267,0.010790660977363586,0.004662943072617054,0.24627478420734406,0.2300463765859604,0.33473095297813416,0.385037899017334
200805B,2008-11-15 23:00:00,gridsat,CRVBND,0,0.00946719292551279,0.100125752389431,0.33210960030555725,0.2654031217098236,0.029643451794981956,0.01636444218456745,0.36106249690055847,0.1332455724477768,0.26771724224090576,0.4848611652851105
200806B,2008-11-25 19:30:00,gridsat,CRVBND,3,0.10433334112167358,0.33767083287239075,0.532458484172821,0.3867982029914856,0.015999650582671165,0.004687168635427952,0.2962799072265625,0.17885121703147888,0.05092860758304596,0.0919925644993782
200806B,2008-11-25 23:30:00,gridsat,CRVBND,3,0.032408781349658966,0.33887699246406555,0.6064250469207764,0.40244001150131226,0.018338270485401154,0.00564198475331068,0.14591138064861298,0.1829504817724228,0.19691653549671173,0.07009051740169525
200806B,2008-11-26 06:30:00,gridsat,EMBC,3,0.04186107963323593,0.4135834872722626,0.4039551317691803,0.34823980927467346,0.02397898957133293,0.01041654497385025,0.24779444932937622,0.15725621581077576,0.28241032361984253,0.07050400972366333
200806B,2008-11-26 12:00:00,gridsat,CRVBND,3,0.22720582783222198,0.17592938244342804,0.1169201135635376,0.4755803644657135,0.01925872080028057,0.017236659303307533,0.4607257544994354,0.0919988751411438,0.1758895367383957,0.23925477266311646
200806B,2008-11-26 19:30:00,gridsat,CRVBND,3,0.013857132755219936,0.05487602576613426,0.5410673022270203,0.6549699902534485,0.03565095365047455,0.030741723254323006,0.05659779533743858,0.04816785082221031,0.3528267741203308,0.21124444901943207
200806B,2008-11-27 00:00:00,gridsat,CRVBND,3,0.01764027401804924,0.21593856811523438,0.48146677017211914,0.4711249768733978,0.025861315429210663,0.011678772047162056,0.06349771469831467,0.18335376679897308,0.4115339517593384,0.11790388822555542
200807B,2008-12-04 06:00:00,gridsat,CRVBND,0,0.02219207212328911,0.3266116976737976,0.6762763857841492,0.37305840849876404,0.035539962351322174,0.022244893014431,0.21827763319015503,0.13762012124061584,0.04771393537521362,0.1404648870229721
200807B,2008-12-04 12:00:00,gridsat,CRVBND,0,0.027155401185154915,0.28931692242622375,0.35736459493637085,0.24988673627376556,0.021375102922320366,0.017795970663428307,0.253364622592926,0.1983560025691986,0.34074029326438904,0.2446444034576416
200807B,2008-12-04 18:00:00,gridsat,CRVBND,0,0.008959539234638214,0.01795530878007412,0.6282265782356262,0.5308629870414734,0.21859560906887054,0.15672017633914948,0.010407871566712856,0.010863206349313259,0.13381032645702362,0.2835982143878937
200807B,2008-12-05 00:00:00,gridsat,CRVBND,0,0.02421834133565426,0.046942345798015594,0.18593065440654755,0.4790083169937134,0.027660047635436058,0.022250555455684662,0.46731844544410706,0.05547870695590973,0.2948724627494812,0.39632007479667664
200807B,2008-12-05 06:00:00,gridsat,IRRCDO,0,0.005167343653738499,0.015146764926612377,0.742357075214386,0.4931560456752777,0.1024024710059166,0.06375784426927567,0.009506909176707268,0.0120887141674757,0.14056624472141266,0.41585057973861694
200807B,2008-12-05 12:00:00,gridsat,SHEAR,0,0.0060769072733819485,0.0009900416480377316,0.5159928202629089,0.25037845969200134,0.42004212737083435,0.6421416997909546,0.009187444113194942,0.0014282972551882267,0.0487007312476635,0.10506150871515274
200807B,2008-12-05 18:00:00,gridsat,SHEAR,0,0.008628226816654205,0.00010256389214191586,0.43747785687446594,0.11315527558326721,0.4701696038246155,0.8816469311714172,0.031091922894120216,0.00014123154687695205,0.05263238400220871,0.004953965079039335
200807B,2008-12-06 00:00:00,gridsat,SHEAR,0,0.007866870611906052,0.0019560097716748714,0.3181442320346832,0.4591289758682251,0.6357424855232239,0.3894762396812439,0.007592846639454365,0.0021387420129030943,0.03065350465476513,0.14729999005794525
200807B,2008-12-06 06:00:00,gridsat,SHEAR,0,0.00965218897908926,0.019561773166060448,0.6618418097496033,0.45155248045921326,0.11988573521375656,0.17793884873390198,0.02044074982404709,0.06206905096769333,0.18817952275276184,0.28887781500816345
200807B,2008-12-06 12:00:00,gridsat,CRVBND,0,0.008571192622184753,0.06451492011547089,0.7490907311439514,0.4988449215888977,0.06893762946128845,0.10519997775554657,0.07338503003120422,0.06119118630886078,0.10001539438962936,0.27024906873703003
200807B,2008-12-06 18:00:00,gridsat,IRRCDO,0,0.026201942935585976,0.004701849538832903,0.4066460132598877,0.3304513096809387,0.5157061815261841,0.3704583942890167,0.01821705885231495,0.005498256999999285,0.03322875127196312,0.28889021277427673
200807B,2008-12-07 00:00:00,gridsat,CRVBND,0,0.004698975011706352,0.003510305192321539,0.07086033374071121,0.35721492767333984,0.9101672172546387,0.5832779407501221,0.0033661413472145796,0.0028492293786257505,0.010907283052802086,0.05314759910106659
200807B,2008-12-07 06:00:00,gridsat,SHEAR,0,0.00422082282602787,0.0015463388990610838,0.05671358481049538,0.21783447265625,0.928297221660614,0.7549212574958801,0.002103532198816538,0.0009401271236129105,0.008664893917739391,0.02475781738758087
200807B,2008-12-07 12:00:00,gridsat,CRVBND,0,0.0037873992696404457,0.03531167283654213,0.6939253211021423,0.48249101638793945,0.22053445875644684,0.10491367429494858,0.006250389385968447,0.024703361093997955,0.0755024179816246,0.3525802791118622
200807B,2008-12-07 16:30:00,gridsat,SHEAR,0,0.005337297450751066,0.01032623928040266,0.15753188729286194,0.4017220437526703,0.8159008622169495,0.48055970668792725,0.004068369045853615,0.008872375823557377,0.017161617055535316,0.0985196903347969
200904A,2009-11-10 03:00:00,gridsat,CRVBND,1,0.12238459289073944,0.3096693754196167,0.7777464985847473,0.28013646602630615,0.013970787636935711,0.004644201137125492,0.00625943997874856,0.2210014909505844,0.07963865250349045,0.18454839289188385
200904A,2009-11-10 09:00:00,gridsat,CRVBND,1,0.08502314984798431,0.36327874660491943,0.8773126006126404,0.2192613035440445,0.002186183352023363,0.00374827953055501,0.028299471363425255,0.27608972787857056,0.0071785906329751015,0.1376219540834427
200904A,2009-11-10 21:30:00,gridsat,EMBC,1,0.4571976363658905,0.5691606998443604,0.016315314918756485,0.12968561053276062,0.007865027524530888,0.0026139661204069853,0.5070262551307678,0.20013099908828735,0.01159582193940878,0.09840874373912811
200904A,2009-11-11 09:00:00,gridsat,CRVBND,1,0.01129129808396101,0.48749345541000366,0.0708615779876709,0.2816174328327179,0.0035931658931076527,0.05822350084781647,0.9102296233177185,0.06945689767599106,0.004024371970444918,0.10320864617824554
200905B,2009-12-12 00:00:00,gridsat,CRVBND,2,0.018310846760869026,0.5828115940093994,0.6617752909660339,0.07904312759637833,0.015762481838464737,0.0021887512411922216,0.2183808833360672,0.32165929675102234,0.08577051013708115,0.014297218061983585
200905B,2009-12-12 06:00:00,gridsat,CRVBND,2,0.00144006940536201,0.21586282551288605,0.9673708081245422,0.33989211916923523,0.02178829349577427,0.06848791986703873,0.0015986014623194933,0.3454441428184509,0.0078023518435657024,0.030312951654195786
200905B,2009-12-12 12:00:00,gridsat,CRVBND,2,0.005196315236389637,0.12047581374645233,0.8202921748161316,0.4908282458782196,0.022384798154234886,0.06016458198428154,0.0032294068951159716,0.06840801984071732,0.14889727532863617,0.26012343168258667
200905B,2009-12-12 18:00:00,gridsat,CRVBND,2,0.0012782809790223837,0.061825286597013474,0.9134674072265625,0.5439271926879883,0.04544190317392349,0.1009429395198822,0.0015278358478099108,0.1700693815946579,0.03828445449471474,0.12323524802923203
200905B,2009-12-13 00:00:00,gridsat,CRVBND,2,0.010941687040030956,0.047554150223731995,0.37161287665367126,0.51702481508255,0.12183348089456558,0.07203718274831772,0.013123302720487118,0.08021215349435806,0.4824886918067932,0.283171683549881
200905B,2009-12-13 12:00:00,gridsat,CRVBND,2,0.006250856444239616,0.11744793504476547,0.2612455487251282,0.3970654606819153,0.017422117292881012,0.07453055679798126,0.050135791301727295,0.1919175237417221,0.664945662021637,0.21903854608535767
200905B,2009-12-13 18:00:00,gridsat,CRVBND,2,0.007512160576879978,0.06725779175758362,0.7856113314628601,0.3980095088481903,0.14160259068012238,0.03036917932331562,0.005061627831310034,0.03687535226345062,0.060212280601263046,0.46748819947242737
200905B,2009-12-14 00:30:00,gridsat,CRVBND,2,0.003174249082803726,0.12471558153629303,0.452074259519577,0.45052534341812134,0.5288781523704529,0.056523386389017105,0.0003450669173616916,0.1237579733133316,0.015528323128819466,0.24447764456272125
201001B,2010-05-17 22:00:00,gridsat,EMBC,3,0.020643748342990875,0.3037222623825073,0.23065108060836792,0.08473651111125946,0.011648522689938545,0.0001765241177054122,0.1368808150291443,0.5414405465126038,0.6001758575439453,0.06992419809103012
201001B,2010-05-19 03:30:00,gridsat,EMBC,3,0.034410733729600906,0.36217036843299866,0.24416513741016388,0.05662229657173157,0.00945192575454712,0.00016424375644419342,0.25370505452156067,0.5271525382995605,0.45826712250709534,0.053890589624643326
201002A,2010-05-19 15:00:00,gridsat,CRVBND,2,0.0017659735167399049,0.31808871030807495,0.9679954648017883,0.3384357988834381,0.019189180806279182,0.19751818478107452,0.0028359282296150923,0.09498930722475052,0.008213410153985023,0.05096804350614548
201001B,2010-05-19 20:30:00,gridsat,EMBC,3,0.02119750715792179,0.22302590310573578,0.18456004559993744,0.3154431879520416,0.006460729520767927,0.001817345037125051,0.27694639563560486,0.28718024492263794,0.5108352899551392,0.17253334820270538
201002A,2010-05-19 21:00:00,gridsat,CRVBND,2,0.004307319410145283,0.300649493932724,0.9517969489097595,0.31058090925216675,0.015141231007874012,0.051264360547065735,0.007365554105490446,0.17824213206768036,0.021388953551650047,0.15926311910152435
201002A,2010-05-20 03:00:00,gridsat,IRRCDO,2,0.0025492371059954166,0.6535440683364868,0.9329107999801636,0.13197165727615356,0.007076120935380459,0.005101410206407309,0.002052074996754527,0.10185556858778,0.05541175603866577,0.10752730816602707
201001B,2010-05-20 08:00:00,gridsat,EMBC,3,0.013844769448041916,0.1336013376712799,0.20184890925884247,0.339528888463974,0.015337430872023106,0.0032768703531473875,0.17048025131225586,0.24544042348861694,0.5984886288642883,0.2781524956226349
201001B,2010-05-20 20:30:00,gridsat,CRVBND,3,0.014139912091195583,0.06527192890644073,0.24345839023590088,0.23440882563591003,0.03129555284976959,0.0012566387886181474,0.05209193751215935,0.08142463117837906,0.6590142250061035,0.6176379919052124
201002A,2010-05-20 21:00:00,gridsat,IRRCDO,2,0.005667369347065687,0.474376380443573,0.49036869406700134,0.21625804901123047,0.477081298828125,0.01600116863846779,0.004468012135475874,0.051652777940034866,0.022414688020944595,0.24171166121959686
201002A,2010-05-21 15:00:00,gridsat,CRVBND,2,0.0032947559375315905,0.4779474139213562,0.9322308897972107,0.19200818240642548,0.04434880614280701,0.050186265259981155,0.010221031494438648,0.25917282700538635,0.00990454200655222,0.020685385912656784
201002A,2010-05-21 21:30:00,gridsat,IRRCDO,2,0.004746967926621437,0.29388904571533203,0.14706076681613922,0.4282660484313965,0.8399093151092529,0.10035866498947144,0.0018820217810571194,0.028928229585289955,0.006400951649993658,0.14855799078941345
201002A,2010-05-22 09:00:00,gridsat,IRRCDO,2,0.008449038490653038,0.44346335530281067,0.5083245038986206,0.26783445477485657,0.2782876789569855,0.06015017256140709,0.030595852062106133,0.19239449501037598,0.17434296011924744,0.036157552152872086
201002A,2010-05-22 15:00:00,gridsat,CRVBND,2,0.0008333486039191484,0.03077760897576809,0.016716334968805313,0.28869396448135376,0.9816550016403198,0.6560804843902588,0.0005274104769341648,0.010220790281891823,0.00026796478778123856,0.014227185398340225
201002A,2010-05-22 21:00:00,gridsat,SHEAR,2,0.0014410822186619043,2.207992110925261e-05,0.010972285643219948,0.009761207737028599,0.9857284426689148,0.9901388883590698,0.00045568356290459633,4.5769382268190384e-05,0.0014024575939401984,3.198541162419133e-05
201002A,2010-05-23 03:00:00,gridsat,SHEAR,2,0.007905332371592522,0.005272611044347286,0.3055807948112488,0.441415935754776,0.44668710231781006,0.4881356358528137,0.016052819788455963,0.010896421037614346,0.22377397119998932,0.05427943915128708
201002A,2010-05-23 09:00:00,gridsat,SHEAR,2,0.002800488844513893,0.0010030121775344014,0.16945163905620575,0.14687877893447876,0.2160463184118271,0.8420377969741821,0.02622934617102146,0.008703745901584625,0.5854721665382385,0.0013767246855422854
201002A,2010-05-23 15:00:00,gridsat,SHEAR,2,0.0022149644792079926,1.0584649317024741e-05,0.07125011831521988,0.005223674234002829,0.9170604944229126,0.994696855545044,0.001306470250710845,4.640297265723348e-05,0.008168032392859459,2.2489633920486085e-05
201003A,2010-06-01 16:00:00,gridsat,EMBC,4,0.005559357348829508,0.6354649066925049,0.06113509461283684,0.08257190883159637,0.0018678404157981277,0.004969078581780195,0.9052241444587708,0.2641851305961609,0.026213526725769043,0.012809007428586483
201003A,2010-06-01 21:30:00,gridsat,EMBC,4,0.003305070335045457,0.44869542121887207,0.0028816822450608015,0.07235653698444366,0.0007547627901658416,0.0007028275285847485,0.9911585450172424,0.4524613320827484,0.0018999532330781221,0.025783898308873177
201003A,2010-06-02 03:00:00,gridsat,EYE,4,0.8838141560554504,0.4092167019844055,0.010187201201915741,0.061352141201496124,0.011343988589942455,0.0005109604098834097,0.056564562022686005,0.5094008445739746,0.038090065121650696,0.019519349560141563
201003A,2010-06-02 09:00:00,gridsat,EYE,4,0.8839453458786011,0.5074801445007324,0.02294495888054371,0.043387483805418015,0.015602153725922108,0.0008868408040143549,0.04448656365275383,0.44229650497436523,0.03302091732621193,0.005949027370661497
201003A,2010-06-02 14:00:00,gridsat,EYE,4,0.04233129322528839,0.3883610665798187,0.017437947914004326,0.0729222521185875,0.002490887651219964,0.001282507786527276,0.9270352721214294,0.5051596164703369,0.01070465613156557,0.03227458521723747
201003A,2010-06-02 21:00:00,gridsat,EMBC,4,0.0033335674088448286,0.33007532358169556,0.017344756051898003,0.07404264807701111,0.0013377544237300754,0.0009486016351729631,0.9530309438705444,0.5653557777404785,0.024953026324510574,0.029577666893601418
201003A,2010-06-03 02:00:00,gridsat,EMBC,4,0.0037491542752832174,0.5200753808021545,0.10492677986621857,0.04307852312922478,0.002549666678532958,0.0006098336889408529,0.8470302224159241,0.42632025480270386,0.04174410551786423,0.009916071780025959
201003A,2010-06-03 14:00:00,gridsat,EMBC,4,0.0027195506263524294,0.6761295795440674,0.009930910542607307,0.032353080809116364,0.0014451470924541354,0.0005132860969752073,0.9809415340423584,0.2851618826389313,0.004962818697094917,0.005842174403369427
201003A,2010-06-03 22:00:00,gridsat,EMBC,4,0.030401580035686493,0.7268192172050476,0.04144257679581642,0.06764563173055649,0.009044376201927662,0.0036886620800942183,0.9141036868095398,0.19630131125450134,0.005007804837077856,0.005545233376324177
201003A,2010-06-04 15:00:00,gridsat,CRVBND,4,0.0057426090352237225,0.06594490259885788,0.965167224407196,0.37492045760154724,0.01050659641623497,0.5056957006454468,0.012238030321896076,0.029011772945523262,0.006345592439174652,0.02442709356546402
201003A,2010-06-04 21:00:00,gridsat,CRVBND,4,0.022190585732460022,0.05203895643353462,0.826309084892273,0.5675261616706848,0.13070403039455414,0.29783573746681213,0.009161611087620258,0.04081941023468971,0.011634680442512035,0.041779790073633194
201003A,2010-06-05 03:00:00,gridsat,SHEAR,4,0.030118700116872787,0.0071560111828148365,0.3133915066719055,0.2839644253253937,0.6299654245376587,0.6938655972480774,0.013600549660623074,0.007999149151146412,0.012923757545650005,0.007014824077486992
201003A,2010-06-05 09:00:00,gridsat,SHEAR,4,0.017976583912968636,0.0023343071807175875,0.0554843544960022,0.09016424417495728,0.9131256937980652,0.9029961228370667,0.006880857981741428,0.0034038193989545107,0.006532576866447926,0.0011014977935701609
201003A,2010-06-05 15:00:00,gridsat,SHEAR,4,0.02929091453552246,0.00010341904271626845,0.10836940258741379,0.022791706025600433,0.8427513837814331,0.9767671227455139,0.007133746985346079,0.0001236846874235198,0.012454570271074772,0.0002141646109521389
201003A,2010-06-05 21:00:00,gridsat,SHEAR,4,0.011017064563930035,1.2325130228418857e-05,0.005776972975581884,0.007685504388064146,0.9753465056419373,0.9922463297843933,0.0029521624092012644,1.5000218809291255e-05,0.004907283931970596,4.08012347179465e-05
201003A,2010-06-06 03:00:00,gridsat,CRVBND,4,0.009955081157386303,0.003322592470794916,0.0055155023001134396,0.2289886772632599,0.974297821521759,0.7296711206436157,0.003585287369787693,0.0025002581533044577,0.006646291818469763,0.035517286509275436
201003A,2010-06-06 09:00:00,gridsat,CRVBND,4,0.011684078723192215,0.04134787619113922,0.008954974822700024,0.3615841269493103,0.9698967337608337,0.5283778309822083,0.003244298044592142,0.040569160133600235,0.006219933740794659,0.02812105044722557
201004B,2010-10-21 06:00:00,gridsat,CRVBND,4,0.011955917812883854,0.5379208326339722,0.8236703276634216,0.1323484480381012,0.014623927883803844,0.0026862486265599728,0.13184988498687744,0.3087708652019501,0.017899969592690468,0.018273640424013138
201004B,2010-10-21 19:00:00,gridsat,EMBC,4,0.005590034183114767,0.21386940777301788,0.807543933391571,0.3620222508907318,0.005555447190999985,0.01336723193526268,0.14283345639705658,0.16650648415088654,0.0384770967066288,0.24423469603061676
201004B,2010-10-22 06:00:00,gridsat,EYE,4,0.8864566087722778,0.6392303109169006,0.02418641932308674,0.10114306211471558,0.017304645851254463,0.001760013634338975,0.022188881412148476,0.23412877321243286,0.04986349493265152,0.023737719282507896
201004B,2010-10-22 12:00:00,gridsat,EYE,4,0.8410533666610718,0.598354160785675,0.021356526762247086,0.14891473948955536,0.019988754764199257,0.00493221078068018,0.06154759228229523,0.19879168272018433,0.05605379492044449,0.04900714382529259
201005B,2010-11-06 08:30:00,gridsat,CRVBND,2,0.00426472257822752,0.0317959263920784,0.09330786019563675,0.21202772855758667,0.005217392463237047,0.003808966837823391,0.11628498136997223,0.07552400976419449,0.7809250354766846,0.6768433451652527
201005B,2010-11-06 21:00:00,gridsat,CRVBND,2,0.005751882679760456,0.028629666194319725,0.23740790784358978,0.2839074730873108,0.010708337649703026,0.003118799766525626,0.19688333570957184,0.18919607996940613,0.5492485165596008,0.49514803290367126
201005B,2010-11-07 03:00:00,gridsat,CRVBND,2,0.004772569052875042,0.028006181120872498,0.31800779700279236,0.440585196018219,0.07279709726572037,0.01236711721867323,0.019812287762761116,0.1770123839378357,0.5846102833747864,0.3420291841030121
201005B,2010-11-07 09:00:00,gridsat,CRVBND,2,0.008609610609710217,0.01000476535409689,0.38956183195114136,0.6177459955215454,0.22035863995552063,0.0977741926908493,0.04131485894322395,0.051150843501091,0.3401550352573395,0.22332413494586945
201005B,2010-11-07 15:00:00,gridsat,SHEAR,2,0.001278228359296918,0.00028192493482492864,0.09631205350160599,0.08112240582704544,0.8890493512153625,0.9100342392921448,0.00037702106055803597,0.002773937536403537,0.012983382679522038,0.005787572357803583
201101A,2011-06-11 15:00:00,gridsat,CRVBND,3,0.005964921321719885,0.0538526251912117,0.3774496912956238,0.6403026580810547,0.10991936177015305,0.13327659666538239,0.02016383223235607,0.09421375393867493,0.4865022897720337,0.07835441827774048
201101A,2011-06-11 21:00:00,gridsat,CRVBND,3,0.005560297053307295,0.05143504589796066,0.5495041012763977,0.690754771232605,0.11540084332227707,0.05182822421193123,0.01741057075560093,0.01589491032063961,0.3121241629123688,0.19008705019950867
201101A,2011-06-12 03:00:00,gridsat,CRVBND,3,0.015864338725805283,0.3123279809951782,0.5040777325630188,0.44130125641822815,0.10624182969331741,0.017487432807683945,0.055694274604320526,0.08795822411775589,0.3181217908859253,0.14092513918876648
201101A,2011-06-12 09:00:00,gridsat,CRVBND,3,0.006430031266063452,0.3955431282520294,0.6233143210411072,0.2706184387207031,0.13742949068546295,0.011770530603826046,0.019665144383907318,0.19240036606788635,0.21316105127334595,0.12966755032539368
201101A,2011-06-12 15:00:00,gridsat,CRVBND,3,0.0066946460865437984,0.35448747873306274,0.47493523359298706,0.4358128607273102,0.049915019422769547,0.01567891240119934,0.022337188944220543,0.07884091883897781,0.44611793756484985,0.11517981439828873
201102B,2011-10-19 12:00:00,gridsat,CRVBND,2,0.004945522639900446,0.19861584901809692,0.9214648008346558,0.2609598934650421,0.010847220197319984,0.016969673335552216,0.04714282974600792,0.26741382479667664,0.015599594451487064,0.2560407221317291
201103A,2011-11-02 07:30:00,gridsat,CRVBND,0,0.024574199691414833,0.6446601748466492,0.10521785914897919,0.053175266832113266,0.0006644899840466678,0.003958703484386206,0.8533889055252075,0.2876596748828888,0.016154538840055466,0.010546216741204262
201103A,2011-11-02 12:00:00,gridsat,CRVBND,0,0.028050130233168602,0.3468009829521179,0.2864840626716614,0.2566147744655609,0.020745044574141502,0.13641270995140076,0.6568381190299988,0.18303431570529938,0.007882717996835709,0.07713723182678223
201104A,2011-11-08 00:00:00,gridsat,CRVBND,1,0.015716560184955597,0.4396742284297943,0.9615163207054138,0.11964438855648041,0.008190518245100975,0.005200602114200592,0.0009368036990053952,0.3654407560825348,0.013639815151691437,0.07004004716873169
201104A,2011-11-08 12:00:00,gridsat,CRVBND,1,0.0862710028886795,0.5436996817588806,0.2691492438316345,0.15923121571540833,0.0012105618370696902,0.017403656616806984,0.393136203289032,0.23737870156764984,0.2502330243587494,0.04228677600622177
201104A,2011-11-09 07:30:00,gridsat,IRRCDO,1,0.4862847924232483,0.4647637903690338,0.41624826192855835,0.2710060477256775,0.03655695170164108,0.034145429730415344,0.01789541356265545,0.13751676678657532,0.04301456734538078,0.09256796538829803
201104A,2011-11-09 12:00:00,gridsat,SHEAR,1,0.11134695261716843,0.08966090530157089,0.6501639485359192,0.3939998745918274,0.027021801099181175,0.323932945728302,0.004582257475703955,0.0671306699514389,0.20688496530056,0.1252756267786026
201104A,2011-11-09 18:00:00,gridsat,SHEAR,1,0.03555150330066681,0.009096289984881878,0.15935391187667847,0.25638991594314575,0.2741604745388031,0.6394847631454468,0.06330353766679764,0.014561799354851246,0.4676305949687958,0.08046729862689972
201104A,2011-11-09 23:00:00,gridsat,SHEAR,1,0.02696944773197174,0.006229567341506481,0.02601897343993187,0.23624031245708466,0.8863109350204468,0.6759520769119263,0.0012644336093217134,0.012105227448046207,0.05943625047802925,0.06947280466556549
201105A,2011-11-27 15:30:00,gridsat,CRVBND,2,0.0024289386346936226,0.005741446278989315,0.21311868727207184,0.12546512484550476,0.005356308072805405,0.002729482715949416,0.035192303359508514,0.023941367864608765,0.7439036965370178,0.8421226143836975
201105B,2011-11-27 15:30:00,gridsat,CRVBND,0,0.009793778881430626,0.01641080342233181,0.18316522240638733,0.22560560703277588,0.008255815133452415,0.007247204426676035,0.4309459328651428,0.03618839010596275,0.3678392469882965,0.7145480513572693
201105A,2011-11-28 03:00:00,gridsat,IRRCDO,2,0.00664498982951045,0.23657040297985077,0.7755293846130371,0.09657081216573715,0.019496452063322067,0.0006339846295304596,0.017019527032971382,0.18990367650985718,0.18130968511104584,0.47632110118865967
201105A,2011-11-28 14:30:00,gridsat,IRRCDO,2,0.00273964018560946,0.012056292966008186,0.41104674339294434,0.11339326947927475,0.028739280998706818,0.001934897038154304,0.018114201724529266,0.0298333577811718,0.5393601655960083,0.842782199382782
201105A,2011-11-28 21:00:00,gridsat,CRVBND,2,0.0025603442918509245,0.016670122742652893,0.8367661833763123,0.12632934749126434,0.0822238102555275,0.004308874253183603,0.014421317726373672,0.05345647409558296,0.06402835994958878,0.7992352247238159
201105A,2011-11-29 03:00:00,gridsat,CRVBND,2,0.0033759039361029863,0.03833901882171631,0.39808663725852966,0.3826674520969391,0.5811213254928589,0.04579455032944679,0.0024314820766448975,0.07820738852024078,0.014984671026468277,0.45499154925346375
201105A,2011-11-29 09:00:00,gridsat,SHEAR,2,0.0010280233109369874,1.3650347682414576e-05,0.02313329465687275,0.008421184495091438,0.9710483551025391,0.9914655089378357,0.0003413609229028225,5.278926983010024e-05,0.004448898136615753,4.679042467614636e-05
201105A,2011-11-29 15:00:00,gridsat,SHEAR,2,0.001684005605056882,2.7154448616784066e-05,0.01837482489645481,0.021521102637052536,0.9720008969306946,0.9782256484031677,0.00033472603536210954,3.4614211472216994e-05,0.00760556710883975,0.00019151667947880924
201105A,2011-11-29 21:00:00,gridsat,SHEAR,2,0.0015190725680440664,0.0025883002672344446,0.01276569627225399,0.25696027278900146,0.9815074801445007,0.7076492309570312,0.0023762278724461794,0.014879356138408184,0.0018314262852072716,0.017922794446349144
201105A,2011-11-30 02:30:00,gridsat,CRVBND,2,0.004756907466799021,0.08848222345113754,0.13687284290790558,0.20861245691776276,0.12886209785938263,0.005326167680323124,0.10656405985355377,0.12926872074604034,0.6229440569877625,0.5683104395866394
201105A,2011-11-30 09:00:00,gridsat,SHEAR,2,0.0018604747019708157,0.000416115450207144,0.028909623622894287,0.06072060763835907,0.9530768394470215,0.9357881546020508,0.006236637011170387,0.0015065351035445929,0.00991634838283062,0.001568542909808457
201105A,2011-11-30 15:00:00,gridsat,SHEAR,2,0.0009375779773108661,2.5405412088730372e-05,0.006678121630102396,0.015366210602223873,0.9877562522888184,0.9840617775917053,0.0006607577670365572,0.0004259248380549252,0.003967330325394869,0.00012072532263118774
201105A,2011-11-30 21:00:00,gridsat,SHEAR,2,0.0019240945111960173,0.00012320291716605425,0.13982616364955902,0.03631516918540001,0.7530506253242493,0.9593077301979065,0.00827697105705738,0.003495248034596443,0.09692220389842987,0.0007586566498503089
201106B,2011-12-26 00:00:00,gridsat,CRVBND,0,0.004707109648734331,0.05524825677275658,0.7353092432022095,0.6024795770645142,0.09021607786417007,0.02582124061882496,0.022685781121253967,0.09035642445087433,0.14708173274993896,0.2260945439338684
201106B,2011-12-26 07:30:00,gridsat,CRVBND,0,0.007411670405417681,0.03215072304010391,0.5224822163581848,0.6765879392623901,0.1186554878950119,0.12267754226922989,0.07730521261692047,0.03538339212536812,0.2741454243659973,0.13320042192935944
201106B,2011-12-26 12:00:00,gridsat,EYE,0,0.01924465224146843,0.3421182632446289,0.033486343920230865,0.2459011822938919,0.000695400289259851,0.014124571345746517,0.9146201610565186,0.27371516823768616,0.03195347264409065,0.12414076924324036
201106B,2011-12-26 18:00:00,gridsat,EYE,0,0.038824599236249924,0.20940852165222168,0.14908458292484283,0.32915163040161133,0.00801974069327116,0.009500556625425816,0.3238872289657593,0.26736029982566833,0.4801839590072632,0.1845790296792984
201106B,2011-12-26 22:30:00,gridsat,EMBC,0,0.07795741409063339,0.23900669813156128,0.07956967502832413,0.23842079937458038,0.004740809090435505,0.005505254026502371,0.8313431143760681,0.22346411645412445,0.006388984154909849,0.2936031222343445
201106B,2011-12-27 06:00:00,gridsat,EMBC,0,0.948444128036499,0.25312545895576477,0.008876116946339607,0.34390679001808167,0.00045011795009486377,0.02012879215180874,0.00823661033064127,0.16652067005634308,0.03399301692843437,0.21631835401058197
201106B,2011-12-27 13:00:00,gridsat,EMBC,0,0.08550466597080231,0.2583107650279999,0.43387994170188904,0.26138752698898315,0.0021611435804516077,0.018292859196662903,0.43668755888938904,0.17500846087932587,0.0417666994035244,0.2870003879070282
201106B,2011-12-27 18:00:00,gridsat,EMBC,0,0.01252565998584032,0.32689332962036133,0.003338642418384552,0.09857924282550812,0.000267196970526129,0.0024833788629621267,0.9716500043869019,0.3396519124507904,0.012218525633215904,0.2323921173810959
201106B,2011-12-28 04:30:00,gridsat,EMBC,0,0.052679747343063354,0.5090602040290833,0.01799173094332218,0.04110093414783478,0.0009375929366797209,0.001167762908153236,0.9018841981887817,0.40974336862564087,0.02650667354464531,0.03892780467867851
201106B,2011-12-29 00:00:00,gridsat,EMBC,0,0.012474310584366322,0.4562888741493225,0.008899378590285778,0.09699847549200058,0.0003283906262367964,0.0036407657898962498,0.9755222201347351,0.3056221008300781,0.002775643952190876,0.13744983077049255
201106B,2011-12-29 05:00:00,gridsat,EYE,0,0.03453679382801056,0.6309500932693481,0.0005893694469705224,0.03623184189200401,0.0004230755439493805,0.0022373441606760025,0.96132493019104,0.31541651487350464,0.003125852905213833,0.015164203010499477
201106B,2011-12-29 12:00:00,gridsat,EMBC,0,0.35722148418426514,0.6745362877845764,0.002784021431580186,0.07155352830886841,0.004807481542229652,0.006444792728871107,0.6290382742881775,0.23456713557243347,0.0061487662605941296,0.012898274697363377
201106B,2011-12-29 18:30:00,gridsat,EMBC,0,0.4114302396774292,0.45779669284820557,0.004893545061349869,0.260768860578537,0.00047199716209433973,0.051193855702877045,0.5777801871299744,0.16682572662830353,0.005424016620963812,0.06341485679149628
201201A,2012-10-24 18:00:00,gridsat,CRVBND,3,0.009654932655394077,0.13158541917800903,0.6966866254806519,0.5930189490318298,0.18616130948066711,0.1104024201631546,0.01678338646888733,0.0848662480711937,0.09071371704339981,0.08012699335813522
201201A,2012-10-25 00:00:00,gridsat,CRVBND,3,0.007776017766445875,0.0706765428185463,0.5204281806945801,0.5561034679412842,0.28058767318725586,0.0869351476430893,0.011633433401584625,0.12119976431131363,0.17957474291324615,0.16508515179157257
201201A,2012-10-25 06:00:00,gridsat,CRVBND,3,0.009301919490098953,0.18336299061775208,0.6093283891677856,0.4106147885322571,0.10927372425794601,0.037995345890522,0.02503058686852455,0.25330230593681335,0.2470654398202896,0.11472451686859131
201201A,2012-10-25 12:00:00,gridsat,CRVBND,3,0.008251490071415901,0.5193930864334106,0.5616101622581482,0.32228603959083557,0.1873534768819809,0.0351216159760952,0.018713250756263733,0.10327109694480896,0.2240716964006424,0.019928038120269775
201202B,2012-10-30 01:30:00,gridsat,CRVBND,3,0.01591946743428707,0.01016958151012659,0.4176589846611023,0.606626033782959,0.0393499881029129,0.035403572022914886,0.04789349064230919,0.06454303860664368,0.4791780710220337,0.28325775265693665
201202B,2012-10-30 06:00:00,gridsat,EMBC,3,0.024044804275035858,0.07386280596256256,0.22369568049907684,0.12071216106414795,0.02301006019115448,0.0007087796693667769,0.14817814528942108,0.3126623034477234,0.5810712575912476,0.4920539855957031
201202B,2012-10-30 11:30:00,gridsat,CRVBND,3,0.03474949300289154,0.12563346326351166,0.13382337987422943,0.28819936513900757,0.012284551747143269,0.0022290677297860384,0.3035704493522644,0.19518010318279266,0.5155720710754395,0.38875800371170044
201202B,2012-10-31 12:00:00,gridsat,EMBC,3,0.021743210032582283,0.1064453125,0.35623934864997864,0.2057768851518631,0.022118182852864265,0.00195778114721179,0.09969734400510788,0.31583383679389954,0.5002018809318542,0.3699862062931061
201203B,2012-11-17 21:30:00,gridsat,IRRCDO,4,0.008419837802648544,0.468749076128006,0.812648355960846,0.16565172374248505,0.009225894697010517,0.00730033777654171,0.071645587682724,0.18527965247631073,0.09806033223867416,0.1730191856622696
201203B,2012-11-18 09:00:00,gridsat,CRVBND,4,0.028377346694469452,0.1477992981672287,0.7158336043357849,0.4316624701023102,0.22886571288108826,0.2042168825864792,0.010769819840788841,0.15572774410247803,0.0161534883081913,0.0605936273932457
201203B,2012-11-18 15:00:00,gridsat,SHEAR,4,0.007163394242525101,0.00026513816555961967,0.0025733557995408773,0.07853024452924728,0.9841645359992981,0.9192847013473511,0.0025125599931925535,0.0004731234221253544,0.0035862296354025602,0.001446915091946721
201203B,2012-11-18 21:00:00,gridsat,SHEAR,4,0.0062198215164244175,2.537973614380462e-06,0.0026215596590191126,0.011398174799978733,0.9814264178276062,0.9885336756706238,0.003103540511801839,5.592524303210666e-06,0.0066285934299230576,6.0126509197289124e-05
201203B,2012-11-19 03:00:00,gridsat,SHEAR,4,0.005555316805839539,4.683735369326314e-06,0.0030385602731257677,0.005752778146415949,0.9843199849128723,0.9942261576652527,0.002135954098775983,4.99233783557429e-06,0.004950236063450575,1.1337488103890792e-05
201203B,2012-11-19 09:00:00,gridsat,SHEAR,4,0.007543385028839111,4.510110102273757e-06,0.004987399559468031,0.00659910449758172,0.9789218902587891,0.9933690428733826,0.0027835993096232414,6.115088126534829e-06,0.005763817112892866,2.118763586622663e-05
201204A,2012-12-23 06:00:00,gridsat,CRVBND,2,0.002572424942627549,0.23746024072170258,0.8664875626564026,0.21086125075817108,0.037366632372140884,0.010541187599301338,0.004599980544298887,0.3407767713069916,0.08897345513105392,0.200360506772995
201204A,2012-12-23 12:00:00,gridsat,CRVBND,2,0.0022954801097512245,0.010155191645026207,0.7033476233482361,0.462263822555542,0.27582043409347534,0.3151058852672577,0.001262874691747129,0.0276013296097517,0.017273547127842903,0.1848737597465515
201204A,2012-12-23 18:00:00,gridsat,CRVBND,2,0.001270821550861001,0.013863814994692802,0.25815409421920776,0.4749525487422943,0.7108534574508667,0.08894618600606918,0.000892341835424304,0.027298977598547935,0.0288293045014143,0.3949384093284607
201204A,2012-12-24 00:00:00,gridsat,CRVBND,2,0.001677479944191873,0.04605956748127937,0.8186865448951721,0.4165639877319336,0.034653034061193466,0.04974529892206192,0.004941718187183142,0.07572681456804276,0.14004118740558624,0.41190436482429504
201204A,2012-12-24 06:00:00,gridsat,CRVBND,2,0.0065769171342253685,0.011665431782603264,0.870261549949646,0.3896418809890747,0.087684266269207,0.5261037945747375,0.01079589407891035,0.019987765699625015,0.024681299924850464,0.05260109901428223
201204A,2012-12-24 12:00:00,gridsat,SHEAR,2,0.0012922340538352728,7.776534766890109e-05,0.049269307404756546,0.02564370445907116,0.9399473667144775,0.9734808206558228,0.0003218093188479543,0.00026484671980142593,0.009169373661279678,0.000532880425453186
201204A,2012-12-24 18:00:00,gridsat,CRVBND,2,0.0016382880276069045,0.0029160163830965757,0.012364696711301804,0.3582977056503296,0.9784760475158691,0.49484241008758545,0.0006655126926489174,0.001604620018042624,0.006855444051325321,0.14233919978141785
201204A,2012-12-24 23:00:00,gridsat,SHEAR,2,0.0019122273661196232,1.9326407709741034e-05,0.010189499706029892,0.015774274244904518,0.9825531244277954,0.9840179085731506,0.0005070293555036187,4.3099920731037855e-05,0.004838175140321255,0.00014544129953719676
201301B,2013-05-10 08:30:00,gridsat,EMBC,2,0.012926326133310795,0.219492569565773,0.7231289148330688,0.5648695826530457,0.0036668728571385145,0.0034968762192875147,0.19957979023456573,0.1950857788324356,0.060698069632053375,0.017055222764611244
201301B,2013-05-10 20:00:00,gridsat,IRRCDO,2,0.022869249805808067,0.055291809141635895,0.3626454472541809,0.3494034707546234,0.0077824764885008335,0.0013972296146675944,0.32592514157295227,0.11260804533958435,0.2807777225971222,0.4812994599342346
201301B,2013-05-11 02:00:00,gridsat,EMBC,2,0.008295925334095955,0.11754842847585678,0.5785191059112549,0.33631327748298645,0.004073360934853554,0.0009677787311375141,0.16784460842609406,0.38744908571243286,0.24126707017421722,0.15772143006324768
201301B,2013-05-11 08:30:00,gridsat,EMBC,2,0.00894203968346119,0.2526476979255676,0.40584030747413635,0.25585684180259705,0.005331325810402632,0.000492356950417161,0.3854374885559082,0.4382888376712799,0.194448783993721,0.05271437019109726
201301B,2013-05-12 15:00:00,gridsat,IRRCDO,2,0.003623205004259944,0.04531003534793854,0.3296946883201599,0.18276885151863098,0.009334941394627094,0.0013787520583719015,0.020494436845183372,0.10890882462263107,0.6368527412414551,0.6616335511207581
201301B,2013-05-13 03:30:00,gridsat,IRRCDO,2,0.004002104513347149,0.020561307668685913,0.3198210299015045,0.3532260060310364,0.013025964610278606,0.0021202696952968836,0.05453992262482643,0.2607572078704834,0.6086108684539795,0.3633352518081665
201301B,2013-05-13 16:00:00,gridsat,CRVBND,2,0.006417077966034412,0.1548989862203598,0.3660198152065277,0.11152298003435135,0.011026660911738873,0.0008217161521315575,0.15515156090259552,0.42093658447265625,0.46138495206832886,0.31181976199150085
201301B,2013-05-14 03:00:00,gridsat,CRVBND,2,0.0022865193895995617,0.11629918962717056,0.5958912372589111,0.20459534227848053,0.03555857762694359,0.0030689311679452658,0.011951940134167671,0.40947484970092773,0.3543117344379425,0.26656174659729004
201301B,2013-05-14 09:00:00,gridsat,CRVBND,2,0.0014738051686435938,0.016482112929224968,0.6999292969703674,0.625760555267334,0.2853119671344757,0.1365865170955658,0.0019713013898581266,0.034783028066158295,0.011313609778881073,0.18638789653778076
201301B,2013-05-14 15:00:00,gridsat,IRRCDO,2,0.00407214742153883,0.06480126082897186,0.3487209379673004,0.15389998257160187,0.01834988035261631,0.0007752713281661272,0.0535714365541935,0.18182151019573212,0.5752855539321899,0.5987020134925842
201301B,2013-05-14 21:30:00,gridsat,IRRCDO,2,0.0037101255729794502,0.036150142550468445,0.13706204295158386,0.0767723098397255,0.0165147352963686,0.0004863208159804344,0.1010604277253151,0.062111545354127884,0.7416526675224304,0.8244797587394714
201301B,2013-05-15 08:00:00,gridsat,EMBC,2,0.0024859518744051456,0.39730748534202576,0.44440987706184387,0.03565589338541031,0.0135062700137496,0.00028942053904756904,0.02156691625714302,0.5363625884056091,0.5180308818817139,0.030384602025151253
201302B,2013-10-09 08:30:00,gridsat,CRVBND,2,0.0018878985429182649,0.20685751736164093,0.8335675597190857,0.3919636905193329,0.016810378059744835,0.0119862025603652,0.006129070650786161,0.1885351687669754,0.14160510897636414,0.200657457113266
201302B,2013-10-09 15:00:00,gridsat,IRRCDO,2,0.005340186413377523,0.27769431471824646,0.8350554704666138,0.1538161337375641,0.019150983542203903,0.0026550402399152517,0.0484619103372097,0.3576429486274719,0.09199138730764389,0.20819155871868134
201302B,2013-10-09 21:30:00,gridsat,EMBC,2,0.051824551075696945,0.41410329937934875,0.10591970384120941,0.03710032254457474,0.006079076789319515,0.00019178155343979597,0.7803468108177185,0.5299944877624512,0.055829957127571106,0.018610039725899696
201302B,2013-10-10 02:30:00,gridsat,EMBC,2,0.0838235542178154,0.3947964310646057,0.024879593402147293,0.130483478307724,0.0059890057891607285,0.0014150823699310422,0.8775188326835632,0.4503917098045349,0.007788967806845903,0.02291325479745865
201302B,2013-10-10 09:00:00,gridsat,EYE,2,0.9691550731658936,0.6247625946998596,0.002082586055621505,0.12300090491771698,0.0033812206238508224,0.002835068618878722,0.014765135943889618,0.24041329324245453,0.010615995153784752,0.008988103829324245
201302B,2013-10-10 15:00:00,gridsat,EYE,2,0.982086181640625,0.5867937207221985,0.0015228285919874907,0.04759885370731354,0.0031056194566190243,0.0003268248401582241,0.006953096948564053,0.35611429810523987,0.006332303863018751,0.009166357107460499
201302B,2013-10-10 21:00:00,gridsat,EYE,2,0.909573495388031,0.6556940674781799,0.0051226201467216015,0.03727099671959877,0.007895599119365215,0.00023157839314080775,0.06865444034337997,0.3037799298763275,0.008753892034292221,0.00302335899323225
201302B,2013-10-11 03:00:00,gridsat,EYE,2,0.9740748405456543,0.6616357564926147,0.0018053145613521338,0.09617781639099121,0.002508096396923065,0.001256567076779902,0.020148353651165962,0.2376195341348648,0.0014634013641625643,0.003310401923954487
201302B,2013-10-11 09:00:00,gridsat,EYE,2,0.9789871573448181,0.5165985822677612,0.0009633948793634772,0.2662147283554077,0.0024889714550226927,0.005671163089573383,0.01023265440016985,0.18854539096355438,0.0073279086500406265,0.02297021448612213
201302B,2013-10-11 15:00:00,gridsat,EYE,2,0.9744497537612915,0.35949113965034485,0.0019156860653311014,0.07546793669462204,0.00551562337204814,0.00047304778126999736,0.007834823802113533,0.49005410075187683,0.010284018702805042,0.07451380044221878
201302B,2013-10-11 21:00:00,gridsat,EYE,2,0.9803871512413025,0.521416187286377,0.0007540614460594952,0.049967795610427856,0.003836661344394088,0.00019883165077771991,0.008508690632879734,0.40706369280815125,0.006513494066894054,0.02135348692536354
201302B,2013-10-12 03:00:00,gridsat,EYE,2,0.9838436245918274,0.6734708547592163,0.001174109522253275,0.053426992148160934,0.003635386936366558,0.000820966437458992,0.005481703672558069,0.2649231553077698,0.005865102633833885,0.007358025759458542
201302B,2013-10-12 09:00:00,gridsat,EYE,2,0.6338557600975037,0.650715172290802,0.009268933907151222,0.10922372341156006,0.004660646431148052,0.0041474937461316586,0.3457753658294678,0.22542236745357513,0.006439372431486845,0.010491304099559784
201303A,2013-11-09 21:00:00,gridsat,IRRCDO,0,0.022000432014465332,0.03731399402022362,0.4211549460887909,0.33454278111457825,0.029036762192845345,0.023072833195328712,0.09701941162347794,0.024195432662963867,0.43078842759132385,0.5808749794960022
201303A,2013-11-10 09:00:00,gridsat,IRRCDO,0,0.018289439380168915,0.2983746826648712,0.5528181195259094,0.3929676115512848,0.027872523292899132,0.07004280388355255,0.09690752625465393,0.13452433049678802,0.30411243438720703,0.10409052670001984
201303A,2013-11-10 14:30:00,gridsat,IRRCDO,0,0.046030640602111816,0.0977754220366478,0.07406371086835861,0.49386143684387207,0.0048320479691028595,0.08282559365034103,0.021102171391248703,0.0482584685087204,0.8539714217185974,0.2772790491580963
201304B,2013-11-19 13:00:00,gridsat,EMBC,2,0.0063171954825520515,0.1862446367740631,0.8601329922676086,0.33119699358940125,0.02526109106838703,0.018823063001036644,0.04969547316431999,0.1548253744840622,0.05859324336051941,0.30890995264053345
201304B,2013-11-19 19:30:00,gridsat,EMBC,2,0.014034798368811607,0.22756727039813995,0.36922523379325867,0.15973986685276031,0.016968999058008194,0.003485175082460046,0.2877691686153412,0.39099210500717163,0.3120018243789673,0.21821559965610504
201304B,2013-11-20 00:30:00,gridsat,EMBC,2,0.019310684874653816,0.418588787317276,0.7122827768325806,0.13207696378231049,0.01719081774353981,0.004952155519276857,0.09113086014986038,0.34169524908065796,0.16008485853672028,0.10268695652484894
201304B,2013-11-20 06:30:00,gridsat,IRRCDO,2,0.00584391551092267,0.4059407413005829,0.9330165386199951,0.24902136623859406,0.009932667016983032,0.02196984551846981,0.02049529179930687,0.1865045130252838,0.030711552128195763,0.13656355440616608
201304B,2013-11-20 19:30:00,gridsat,EMBC,2,0.005700083915144205,0.42760562896728516,0.536049485206604,0.09492576867341995,0.025102348998188972,0.0027465824969112873,0.06748195737600327,0.3788793385028839,0.3656661808490753,0.09584274142980576
201304B,2013-11-21 00:00:00,gridsat,EMBC,2,0.0016683890717104077,0.38880085945129395,0.1317903846502304,0.12573495507240295,0.005450882948935032,0.0032997019588947296,0.01621938683092594,0.2580339312553406,0.8448710441589355,0.2241305559873581
201304B,2013-11-21 18:00:00,gridsat,CRVBND,2,0.002871077274903655,0.1525188535451889,0.5133157968521118,0.31175801157951355,0.1612452119588852,0.03261396661400795,0.002147612627595663,0.06687608361244202,0.32042035460472107,0.43623313307762146
201304B,2013-11-22 00:00:00,gridsat,IRRCDO,2,0.004398327320814133,0.41526952385902405,0.3378974497318268,0.15480303764343262,0.14688153564929962,0.006084932945668697,0.015227719210088253,0.1701756715774536,0.49559491872787476,0.25366681814193726
201304B,2013-11-22 06:00:00,gridsat,CRVBND,2,0.0027739047072827816,0.24574023485183716,0.19042453169822693,0.3036595284938812,0.010478044860064983,0.029589807614684105,0.056138914078474045,0.18969732522964478,0.7401845455169678,0.23131310939788818
201305B,2013-11-23 19:00:00,gridsat,EMBC,2,0.0033078042324632406,0.5112189054489136,0.8170343637466431,0.11465609818696976,0.007076367735862732,0.0010937233455479145,0.04243730753660202,0.31818148493766785,0.1301441192626953,0.054849717766046524
201305B,2013-11-25 07:00:00,gridsat,EMBC,2,0.020449738949537277,0.7546816468238831,0.3221605122089386,0.015680111944675446,0.00781377125531435,0.00019668137247208506,0.4047110676765442,0.22607266902923584,0.24486489593982697,0.0033689511474221945
201305B,2013-11-26 01:30:00,gridsat,EMBC,2,0.011096754111349583,0.6635136604309082,0.4227277636528015,0.008629635907709599,0.016108989715576172,3.7258800148265436e-05,0.29493841528892517,0.32406800985336304,0.2551281750202179,0.0037513910792768
201305B,2013-11-26 06:00:00,gridsat,EMBC,2,0.005959386937320232,0.5411188006401062,0.3951464593410492,0.014281527139246464,0.010266250930726528,7.167728472268209e-05,0.1920514702796936,0.4374357759952545,0.396576464176178,0.007092196028679609
201305B,2013-11-27 06:30:00,gridsat,EMBC,2,0.004424129147082567,0.47981396317481995,0.578522801399231,0.014094655402004719,0.014477463439106941,6.912537355674431e-05,0.06840517371892929,0.5004778504371643,0.3341704308986664,0.005544411484152079
201305B,2013-11-27 12:30:00,gridsat,CRVBND,2,0.022094598039984703,0.3884117007255554,0.41902512311935425,0.27364209294319153,0.0358637236058712,0.05519576743245125,0.36184924840927124,0.22189883887767792,0.16116733849048615,0.06085152179002762
201305B,2013-11-27 18:00:00,gridsat,CRVBND,2,0.003240184625610709,0.07846733927726746,0.7951890826225281,0.5542622804641724,0.18956820666790009,0.1451868861913681,0.0014877772191539407,0.03987346962094307,0.010514754801988602,0.18220999836921692
201305B,2013-11-28 00:00:00,gridsat,CRVBND,2,0.003533243201673031,0.05808276683092117,0.26601362228393555,0.5212032794952393,0.720081090927124,0.21307888627052307,0.0005696220905520022,0.017531592398881912,0.009802417829632759,0.1901034414768219
201305B,2013-11-28 06:00:00,gridsat,SHEAR,2,0.002097883727401495,0.04219994321465492,0.03387099504470825,0.5020082592964172,0.95894455909729,0.37110915780067444,0.0012363893911242485,0.033120397478342056,0.0038501936942338943,0.05156228318810463
201305B,2013-11-28 12:00:00,gridsat,CRVBND,2,0.0027812302578240633,0.0025625943671911955,0.29839828610420227,0.2261027693748474,0.6926308870315552,0.7537830471992493,0.001237661694176495,0.0065072341822087765,0.004951893351972103,0.011044371873140335
201306B,2013-12-06 03:00:00,gridsat,CRVBND,3,0.013580050319433212,0.19721601903438568,0.6107980012893677,0.38776862621307373,0.0971357598900795,0.00616733031347394,0.03111697919666767,0.21216624975204468,0.24736925959587097,0.19668184220790863
201306B,2013-12-06 09:00:00,gridsat,CRVBND,3,0.020863255485892296,0.18885131180286407,0.512485921382904,0.4782906770706177,0.034244291484355927,0.006961566861718893,0.08752094209194183,0.17558389902114868,0.34488555788993835,0.15031252801418304
201306B,2013-12-07 08:30:00,gridsat,EMBC,3,0.19184909760951996,0.18723924458026886,0.499896377325058,0.46613559126853943,0.023985739797353745,0.004767175298184156,0.23974047601222992,0.1636294275522232,0.0445283018052578,0.17822863161563873
201306B,2013-12-07 14:00:00,gridsat,EMBC,3,0.21735092997550964,0.24463823437690735,0.40925851464271545,0.2510377764701843,0.015736155211925507,0.0014151143841445446,0.32344797253608704,0.2245894968509674,0.03420644253492355,0.278319388628006
201306B,2013-12-08 02:30:00,gridsat,EMBC,3,0.11725425720214844,0.30418336391448975,0.4174816906452179,0.25446751713752747,0.009602678008377552,0.001769356895238161,0.41564151644706726,0.29581183195114136,0.040019840002059937,0.14376792311668396
201306B,2013-12-08 09:00:00,gridsat,EMBC,3,0.025912828743457794,0.21501994132995605,0.5684199929237366,0.4848518967628479,0.008707323111593723,0.008527416735887527,0.28903526067733765,0.18610380589962006,0.10792464762926102,0.10549698024988174
201306B,2013-12-08 15:00:00,gridsat,EMBC,3,0.026278888806700706,0.0824202299118042,0.2713468372821808,0.31381356716156006,0.01650971919298172,0.0037083469796925783,0.28459057211875916,0.2465807944536209,0.40127402544021606,0.3534770905971527
201306B,2013-12-08 20:00:00,gridsat,EMBC,3,0.2864971458911896,0.21147601306438446,0.13523472845554352,0.25159040093421936,0.006921221502125263,0.0016139838844537735,0.5282382965087891,0.27384671568870544,0.04310860112309456,0.2614729404449463
201306B,2013-12-09 14:00:00,gridsat,EMBC,3,0.030793502926826477,0.5134742856025696,0.4823004901409149,0.14209836721420288,0.021405287086963654,0.0010891890851780772,0.2714659869670868,0.23300881683826447,0.19403475522994995,0.11032939702272415
201306B,2013-12-10 03:00:00,gridsat,EYE,3,0.9449084401130676,0.5429977178573608,0.004397244192659855,0.09493434429168701,0.006045337300747633,0.0010113837197422981,0.038149189203977585,0.2855062484741211,0.006499724928289652,0.07555025815963745
201306B,2013-12-10 09:00:00,gridsat,EMBC,3,0.010807225480675697,0.5393811464309692,0.5477215647697449,0.18846437335014343,0.06377683579921722,0.003080501453951001,0.060501884669065475,0.19658322632312775,0.31719252467155457,0.07249074429273605
201306B,2013-12-10 15:00:00,gridsat,CRVBND,3,0.003485803259536624,0.010129730217158794,0.286903440952301,0.682242751121521,0.6188697218894958,0.20047880709171295,0.0067648692056536674,0.004416828043758869,0.08397606760263443,0.10273191332817078
201306B,2013-12-10 21:00:00,gridsat,SHEAR,3,0.001356150722131133,0.00026410853024572134,0.09551738947629929,0.16673973202705383,0.8822188377380371,0.8278531432151794,0.0017047389410436153,6.0734531871275976e-05,0.01920282654464245,0.005082319490611553
201306B,2013-12-11 03:00:00,gridsat,SHEAR,3,0.0009738923981785774,0.0028765518218278885,0.07756831496953964,0.39193999767303467,0.9052799344062805,0.5731830596923828,0.0014878734946250916,0.0004929447895847261,0.014689924195408821,0.031507447361946106
201306B,2013-12-11 09:00:00,gridsat,CRVBND,3,0.001843761303462088,0.0414353609085083,0.16499637067317963,0.6934820413589478,0.7955905199050903,0.2000357061624527,0.002670746063813567,0.0066015408374369144,0.03489861637353897,0.0584452822804451
201306B,2013-12-11 15:30:00,gridsat,CRVBND,3,0.0024174547288566828,0.11535776406526566,0.22457697987556458,0.7001239061355591,0.7054373025894165,0.055348772555589676,0.003774975659325719,0.014637344516813755,0.06379329413175583,0.11453226953744888
201306B,2013-12-11 21:00:00,gridsat,SHEAR,3,0.0009250938892364502,5.559801138588227e-05,0.05129078030586243,0.041766755282878876,0.9372738003730774,0.9580639600753784,0.0014141448773443699,5.128955308464356e-06,0.009096106514334679,0.00010846083023352548
201306B,2013-12-12 03:00:00,gridsat,SHEAR,3,0.0016595619963482022,0.0034538009203970432,0.1553565412759781,0.2514280378818512,0.811464250087738,0.7108840346336365,0.002116941846907139,0.0025883850175887346,0.029402708634734154,0.031645674258470535
201306B,2013-12-12 08:00:00,gridsat,IRRCDO,3,0.003391050733625889,0.49199700355529785,0.36898550391197205,0.28409162163734436,0.49998021125793457,0.018460892140865326,0.006809158716350794,0.074021115899086,0.1208340972661972,0.13142940402030945
201306B,2013-12-12 15:00:00,gridsat,SHEAR,3,0.0014035138301551342,0.00934586301445961,0.09769577533006668,0.3446528911590576,0.882215678691864,0.6266705989837646,0.0015539557207375765,0.002670567948371172,0.017130998894572258,0.016660181805491447
201401B,2014-01-04 07:30:00,gridsat,CRVBND,1,0.037989143282175064,0.31562021374702454,0.16137994825839996,0.2955656945705414,0.025644518435001373,0.060303010046482086,0.0050028529949486256,0.14819052815437317,0.7699834704399109,0.18032051622867584
201401B,2014-01-04 12:00:00,gridsat,CRVBND,1,0.0474194660782814,0.09554870426654816,0.1784915328025818,0.4748637080192566,0.11743012070655823,0.23539000749588013,0.09641759097576141,0.049926985055208206,0.5602412223815918,0.14427056908607483
201401B,2014-01-04 18:00:00,gridsat,CRVBND,1,0.03110380470752716,0.03294510021805763,0.779222309589386,0.43251729011535645,0.04256438463926315,0.2736360430717468,0.0026372303254902363,0.01601727120578289,0.14447225630283356,0.24488428235054016
201401B,2014-01-05 00:00:00,gridsat,CRVBND,1,0.020416006445884705,0.10964484512805939,0.9269517064094543,0.4618494212627411,0.04343390464782715,0.357574999332428,0.0014309933176264167,0.014871859923005104,0.007767398376017809,0.05605890601873398
201401B,2014-01-05 06:00:00,gridsat,CRVBND,1,0.11170458793640137,0.05894288420677185,0.5094776153564453,0.3451676368713379,0.3046618700027466,0.5563104152679443,0.008706815540790558,0.00806756503880024,0.06544913351535797,0.03151148557662964
201401B,2014-01-05 12:00:00,gridsat,CRVBND,1,0.017182720825076103,0.06843297928571701,0.5376982688903809,0.35231688618659973,0.1838323026895523,0.4907352030277252,0.02612142264842987,0.02499713934957981,0.23516526818275452,0.06351781636476517
201401B,2014-01-05 18:00:00,gridsat,CRVBND,1,0.030085526406764984,0.06795751303434372,0.10088443011045456,0.3491309881210327,0.8485774397850037,0.5339165925979614,0.002295145532116294,0.009466845542192459,0.018157435581088066,0.0395280122756958
201401B,2014-01-06 00:00:00,gridsat,CRVBND,1,0.0226894523948431,0.3434732258319855,0.05488275736570358,0.4068930447101593,0.9123331904411316,0.143120676279068,0.0016403314657509327,0.06593341380357742,0.00845436379313469,0.040579576045274734
201402A,2014-06-10 03:00:00,gridsat,IRRCDO,1,0.11645425111055374,0.029364600777626038,0.4999181032180786,0.3574416935443878,0.04852740094065666,0.07569897919893265,0.004358408972620964,0.013644210994243622,0.33074188232421875,0.5238505005836487
201402A,2014-06-10 20:00:00,gridsat,EMBC,1,0.04695700854063034,0.2710229158401489,0.22559669613838196,0.2955284118652344,0.0036681501660495996,0.009974458254873753,0.702716588973999,0.2299599051475525,0.02106158249080181,0.19351434707641602
201402A,2014-06-11 03:00:00,gridsat,EMBC,1,0.9056121110916138,0.3214499354362488,0.046572327613830566,0.24092860519886017,0.0031744439620524645,0.011146338656544685,0.027930645272135735,0.28152361512184143,0.016710413619875908,0.1449514925479889
201402A,2014-06-11 09:30:00,gridsat,EMBC,1,0.024639960378408432,0.5467202067375183,0.1921239197254181,0.08001624792814255,0.004701899830251932,0.0016638346714898944,0.39041826128959656,0.31168046593666077,0.3881160020828247,0.059919245541095734
201402A,2014-06-12 03:30:00,gridsat,EMBC,1,0.02718273364007473,0.4147883355617523,0.044520676136016846,0.063050776720047,0.005535844247788191,0.0008295659790746868,0.8557602763175964,0.49445196986198425,0.06700049340724945,0.026879334822297096
201402A,2014-06-12 15:00:00,gridsat,EMBC,1,0.14392922818660736,0.26367348432540894,0.019838348031044006,0.1932024210691452,0.0032909493893384933,0.01085856556892395,0.7666307091712952,0.15232107043266296,0.06631072610616684,0.37994441390037537
201402A,2014-06-13 09:00:00,gridsat,SHEAR,1,0.11277958750724792,0.0008987211040221155,0.03271627053618431,0.09100545197725296,0.8055765628814697,0.9022971391677856,0.031743332743644714,0.002283429028466344,0.01718425564467907,0.0035152528434991837
201402A,2014-06-13 15:00:00,gridsat,SHEAR,1,0.014758444391191006,3.83667393180076e-05,0.01209186390042305,0.01636558584868908,0.9672910571098328,0.9834379553794861,0.0006517008296214044,3.2953612389974296e-05,0.005206894129514694,0.00012505317863542587
201402A,2014-06-13 21:00:00,gridsat,SHEAR,1,0.016761885955929756,3.1991640980777447e-07,0.0014728883979842067,0.003580199321731925,0.977685272693634,0.9964128136634827,0.0006814426160417497,4.2520437091297936e-06,0.0033985369373112917,2.374891437284532e-06
201402A,2014-06-14 02:30:00,gridsat,SHEAR,1,0.043083108961582184,0.00020558104733936489,0.0037127446848899126,0.020195838063955307,0.9335166811943054,0.9767657518386841,0.001277451985515654,0.00018071198428515345,0.018410002812743187,0.0026520860847085714
201403B,2014-10-08 10:30:00,gridsat,EMBC,1,0.11044518649578094,0.47636041045188904,0.4087149500846863,0.179068922996521,0.0025881982874125242,0.007389548700302839,0.3911249339580536,0.16245555877685547,0.08712675422430038,0.17472566664218903
201403B,2014-10-09 01:30:00,gridsat,EMBC,1,0.02759125456213951,0.5401584506034851,0.015106253325939178,0.07690209150314331,0.002338998019695282,0.0008398227510042489,0.912160336971283,0.35356512665748596,0.04280317947268486,0.028534559532999992
201403B,2014-10-09 05:00:00,gridsat,EMBC,1,0.022974636405706406,0.5690591931343079,0.46393415331840515,0.09623600542545319,0.0011530647752806544,0.0021428163163363934,0.16689999401569366,0.3028685748577118,0.34503814578056335,0.02969331294298172
201403B,2014-10-10 18:00:00,gridsat,EMBC,1,0.21628080308437347,0.544845700263977,0.06362469494342804,0.11544707417488098,0.005039936862885952,0.0009670171421021223,0.7073087096214294,0.3197284936904907,0.007745902985334396,0.01901179738342762
201403B,2014-10-11 06:00:00,gridsat,EYE,1,0.9955287575721741,0.41584551334381104,9.763162961462513e-05,0.10762019455432892,0.0004406231455504894,0.0013596900971606374,0.0035136407241225243,0.43845146894454956,0.0004192241467535496,0.03672315552830696
201403B,2014-10-11 12:00:00,gridsat,EYE,1,0.991751492023468,0.530164897441864,0.0003546071529854089,0.16590571403503418,0.0009025792824104428,0.0029229505453258753,0.0062045324593782425,0.2645779252052307,0.0007868511602282524,0.036428503692150116
201403B,2014-10-11 17:00:00,gridsat,EYE,1,0.9786993265151978,0.4976787269115448,0.00048506821622140706,0.12635640799999237,0.0018779998645186424,0.001639863825403154,0.017537551000714302,0.3200525939464569,0.001400001347064972,0.0542723685503006
201403B,2014-10-11 23:30:00,gridsat,EYE,1,0.9428120255470276,0.4716814160346985,0.0023263085167855024,0.1582888811826706,0.002885888796299696,0.00219919765368104,0.04814675822854042,0.33896103501319885,0.003829018212854862,0.028869403526186943
201403B,2014-10-12 06:00:00,gridsat,EYE,1,0.997328519821167,0.5986944437026978,0.00011201827874174342,0.1659018099308014,0.0007842471241019666,0.004503998439759016,0.0010188265005126595,0.20700450241565704,0.0007563906838186085,0.023895258083939552
201404A,2014-10-25 18:00:00,gridsat,CRVBND,0,0.003402871312573552,0.09456664323806763,0.8805761337280273,0.45883727073669434,0.045972589403390884,0.04043183848261833,0.004648200701922178,0.058108728379011154,0.06540022790431976,0.34805548191070557
201404A,2014-10-25 23:30:00,gridsat,CRVBND,0,0.025191081687808037,0.3888544738292694,0.3933682441711426,0.17842058837413788,0.003670749720185995,0.003383571980521083,0.2686149775981903,0.2743052542209625,0.3091548979282379,0.1550361067056656
201404A,2014-10-26 06:00:00,gridsat,EMBC,0,0.03660960868000984,0.4314671754837036,0.30779561400413513,0.11255062371492386,0.001013395143672824,0.00403538579121232,0.5418897867202759,0.40572720766067505,0.11269153654575348,0.0462195910513401
201404A,2014-10-26 13:30:00,gridsat,EMBC,0,0.11959637701511383,0.5013935565948486,0.007137069012969732,0.1680646389722824,0.0006920803571119905,0.015274125151336193,0.8134334683418274,0.26563405990600586,0.05914102867245674,0.04963356629014015
201404A,2014-10-26 18:00:00,gridsat,CRVBND,0,0.06638322025537491,0.2563457489013672,0.17369811236858368,0.315880686044693,0.0028847306966781616,0.02640317752957344,0.7363204956054688,0.2523081302642822,0.020713413134217262,0.14906229078769684
201404A,2014-10-27 00:00:00,gridsat,EYE,0,0.91173255443573,0.4266800880432129,0.014662311412394047,0.2537384331226349,0.003929106518626213,0.020510949194431305,0.028256865218281746,0.22371415793895721,0.04141911491751671,0.0753563791513443
201404A,2014-10-27 05:00:00,gridsat,EYE,0,0.8372257947921753,0.5303434133529663,0.0017141156131401658,0.05629352107644081,0.0002756119647528976,0.0024435981176793575,0.07803578674793243,0.38061705231666565,0.08274874091148376,0.030302487313747406
201404A,2014-10-27 12:30:00,gridsat,EMBC,0,0.05494656786322594,0.5169145464897156,0.18076662719249725,0.07721520215272903,0.002736473921686411,0.004461315926164389,0.58873051404953,0.3644134998321533,0.17281979322433472,0.03699547052383423
201404A,2014-10-27 18:30:00,gridsat,EYE,0,0.10772856324911118,0.4911626875400543,0.008803393691778183,0.1022804006934166,0.0007715050596743822,0.003405018011108041,0.7048661112785339,0.344109445810318,0.17783047258853912,0.059042446315288544
201404A,2014-10-28 01:00:00,gridsat,EMBC,0,0.06358349323272705,0.5158703923225403,0.27593764662742615,0.09217707067728043,0.002105626743286848,0.003010404296219349,0.14494547247886658,0.31573042273521423,0.513427734375,0.07321172952651978
201404A,2014-10-28 06:00:00,gridsat,EYE,0,0.9803183674812317,0.48283466696739197,0.0011740820482373238,0.011583235114812851,0.001227865694090724,0.000251229212153703,0.012836978770792484,0.4991808831691742,0.00444268761202693,0.006149959750473499
201404A,2014-10-28 12:00:00,gridsat,EYE,0,0.9484442472457886,0.6686617732048035,0.010054578073322773,0.033577483147382736,0.007267835084348917,0.0013050840934738517,0.019315922632813454,0.2897821366786957,0.014917430467903614,0.006673547439277172
201404A,2014-10-28 18:30:00,gridsat,EMBC,0,0.004573266487568617,0.6721729040145874,0.0033229775726795197,0.04541752487421036,0.00012497190618887544,0.0024319945368915796,0.9916157126426697,0.27068468928337097,0.00036300718784332275,0.009292914532124996
201404A,2014-10-29 00:00:00,gridsat,EMBC,0,0.092314213514328,0.6857792139053345,0.010421570390462875,0.12997755408287048,0.00010240422852803022,0.013423300348222256,0.8849350214004517,0.15598851442337036,0.012226739898324013,0.014831410720944405
201404A,2014-10-29 12:30:00,gridsat,EMBC,0,0.007528169546276331,0.6532941460609436,0.5655240416526794,0.11837681382894516,0.008553200401365757,0.02023906260728836,0.3966553509235382,0.19887468218803406,0.021739287301898003,0.009215225465595722
201404A,2014-10-29 18:00:00,gridsat,CRVBND,0,0.012400004081428051,0.07181541621685028,0.42392829060554504,0.5035730600357056,0.3962864279747009,0.25661978125572205,0.030816929414868355,0.03274483233690262,0.13656830787658691,0.1352468580007553
201404A,2014-10-30 00:00:00,gridsat,IRRCDO,0,0.01005904283374548,0.42398950457572937,0.38001391291618347,0.20908549427986145,0.3289588987827301,0.016132473945617676,0.013127396814525127,0.21992357075214386,0.26784077286720276,0.13086892664432526
201404A,2014-10-30 12:00:00,gridsat,CRVBND,0,0.010493742302060127,0.3908691108226776,0.18742498755455017,0.285082072019577,0.06354683637619019,0.031892478466033936,0.09193377196788788,0.20365366339683533,0.6466006636619568,0.08850270509719849
201404A,2014-10-30 18:00:00,gridsat,SHEAR,0,0.0020836167968809605,0.0007452754653058946,0.026282137259840965,0.10435041785240173,0.9628897905349731,0.8901616334915161,0.0014954793732613325,0.0007104205433279276,0.007249007932841778,0.004032291937619448
201404A,2014-10-31 00:00:00,gridsat,SHEAR,0,0.0025807262863963842,6.99222509865649e-05,0.01938570663332939,0.03168043866753578,0.9701626300811768,0.96778404712677,0.0014012724859640002,4.104218169231899e-05,0.00646967114880681,0.00042453655623830855
201404A,2014-10-31 05:30:00,gridsat,SHEAR,0,0.0020168661139905453,0.00027497566770762205,0.007824995554983616,0.045894596725702286,0.9860231876373291,0.9498955011367798,0.0008666132343932986,0.0001938359346240759,0.0032683489844202995,0.0037411008961498737
201405B,2014-11-06 05:00:00,gridsat,EMBC,3,0.017776986584067345,0.3631211817264557,0.2729659676551819,0.31137675046920776,0.024124834686517715,0.004062741994857788,0.143296018242836,0.17573854327201843,0.5418362021446228,0.1457008272409439
201405B,2014-11-06 12:00:00,gridsat,CRVBND,3,0.009740319103002548,0.025248808786273003,0.31462547183036804,0.4317055344581604,0.11299941688776016,0.020769380033016205,0.04141196981072426,0.05338689312338829,0.5212228298187256,0.46888941526412964
201405B,2014-11-06 18:00:00,gridsat,CRVBND,3,0.007911008782684803,0.003661002032458782,0.45682647824287415,0.6886226534843445,0.139938622713089,0.18190835416316986,0.035736024379730225,0.0034827841445803642,0.35958778858184814,0.12232521176338196
201405B,2014-11-07 06:00:00,gridsat,CRVBND,3,0.003788517788052559,0.04663631692528725,0.39258795976638794,0.5829092264175415,0.3902614414691925,0.05527380108833313,0.010356980375945568,0.03948621079325676,0.20300516486167908,0.2756944000720978
201405B,2014-11-07 12:00:00,gridsat,CRVBND,3,0.0013481330825015903,0.03856753185391426,0.13750949501991272,0.7100157141685486,0.8401135802268982,0.19075274467468262,0.002125371713191271,0.012691768817603588,0.018903488293290138,0.047972165048122406
201405B,2014-11-07 18:00:00,gridsat,SHEAR,3,0.001926065539009869,0.0007957242778502405,0.1983179897069931,0.14266034960746765,0.7558211088180542,0.8542487025260925,0.0030973353423178196,0.001133409095928073,0.04083755612373352,0.0011618518037721515
201405B,2014-11-08 00:00:00,gridsat,SHEAR,3,0.0009150357800535858,0.00010977295460179448,0.09377392381429672,0.045723579823970795,0.8887141346931458,0.9538550972938538,0.0012240316718816757,0.0001262002479052171,0.01537300180643797,0.00018531898967921734
201405B,2014-11-08 05:30:00,gridsat,SHEAR,3,0.00110072479583323,2.82320525002433e-05,0.08271387964487076,0.011696867644786835,0.9014850854873657,0.9882330298423767,0.001580617856234312,1.9390730813029222e-05,0.013119750656187534,2.2543528757523745e-05
201501A,2015-06-07 09:00:00,gridsat,CRVBND,4,0.006060428451746702,0.14022314548492432,0.9632706642150879,0.5098145008087158,0.006275017745792866,0.1716565489768982,0.005659741815179586,0.15466605126857758,0.018734043464064598,0.023639800027012825
201501A,2015-06-07 15:00:00,gridsat,CRVBND,4,0.007759716361761093,0.012760031968355179,0.6762173771858215,0.27894553542137146,0.012182306498289108,0.05548187717795372,0.035983871668577194,0.027203526347875595,0.26785674691200256,0.6256090402603149
201501A,2015-06-07 21:00:00,gridsat,IRRCDO,4,0.008666492998600006,0.02293356880545616,0.645338237285614,0.2879909873008728,0.009418767876923084,0.003452818840742111,0.05366963893175125,0.11082466691732407,0.28290680050849915,0.5747979879379272
201501A,2015-06-08 03:00:00,gridsat,EMBC,4,0.018361791968345642,0.056181248277425766,0.6491671204566956,0.22327791154384613,0.07605215907096863,0.0009556204895488918,0.058409433811903,0.3594227731227875,0.19800947606563568,0.36016249656677246
201501A,2015-06-08 21:00:00,gridsat,IRRCDO,4,0.0060733407735824585,0.03168876841664314,0.4935343265533447,0.13946284353733063,0.008621553890407085,0.0052758632227778435,0.06354568153619766,0.03801821917295456,0.428225040435791,0.7855543494224548
201501A,2015-06-09 03:00:00,gridsat,IRRCDO,4,0.007039786782115698,0.13318844139575958,0.6831973195075989,0.17246484756469727,0.007937352173030376,0.0044999574311077595,0.128581702709198,0.1425003707408905,0.17324385046958923,0.5473464131355286
201501A,2015-06-09 15:00:00,gridsat,CRVBND,4,0.003832709277048707,0.2693221867084503,0.9284729361534119,0.3157486617565155,0.00958335492759943,0.04705951735377312,0.025238679721951485,0.25205740332603455,0.03287222608923912,0.11581216752529144
201501A,2015-06-09 21:00:00,gridsat,IRRCDO,4,0.010391512885689735,0.3103182315826416,0.8888379335403442,0.1493363231420517,0.020072685554623604,0.002960516605526209,0.024087607860565186,0.3030167818069458,0.05661025270819664,0.23436810076236725
201501A,2015-06-10 03:00:00,gridsat,EMBC,4,0.006164069287478924,0.6058852672576904,0.11383107304573059,0.027340078726410866,0.006726074032485485,0.00026775544392876327,0.8598048090934753,0.3586566150188446,0.013473949395120144,0.007850307039916515
201501A,2015-06-10 21:00:00,gridsat,SHEAR,4,0.020465383306145668,0.03771892189979553,0.11658832430839539,0.5589067935943604,0.8431344628334045,0.20593447983264923,0.0102638378739357,0.04375295713543892,0.00954795815050602,0.15368680655956268
201501A,2015-06-11 03:00:00,gridsat,CRVBND,4,0.012064741924405098,0.468088835477829,0.9093194007873535,0.047721248120069504,0.01706705614924431,0.00042241523624397814,0.01971108838915825,0.4412073791027069,0.0418376550078392,0.04256008192896843
201501A,2015-06-11 09:00:00,gridsat,EMBC,4,0.015460560098290443,0.4846166670322418,0.8691474795341492,0.030949674546718597,0.039624523371458054,0.0008512008935213089,0.05990135297179222,0.48092472553253174,0.01586608774960041,0.0026576602831482887
201501A,2015-06-11 15:00:00,gridsat,CRVBND,4,0.012616151943802834,0.6230607032775879,0.843217134475708,0.13716250658035278,0.008360529318451881,0.028326407074928284,0.12090972065925598,0.19624440371990204,0.014896417036652565,0.01520597655326128
201501A,2015-06-11 21:00:00,gridsat,CRVBND,4,0.02703738585114479,0.08456018567085266,0.4583357870578766,0.5085230469703674,0.48628416657447815,0.2697663903236389,0.013650121167302132,0.05001511052250862,0.01469248067587614,0.08713523298501968
201502B,2015-07-29 01:00:00,gridsat,CRVBND,3,0.014406857080757618,0.012067721225321293,0.7959796786308289,0.8166149258613586,0.02549179643392563,0.030906585976481438,0.04993816465139389,0.04707315191626549,0.11418354511260986,0.09333766251802444
201502B,2015-07-29 06:00:00,gridsat,CRVBND,3,0.014417768456041813,0.0064545245841145515,0.7841291427612305,0.77422696352005,0.03637560456991196,0.025967635214328766,0.05194154009222984,0.04109087958931923,0.1131359413266182,0.1522599458694458
201502B,2015-07-29 12:00:00,gridsat,CRVBND,3,0.017718885093927383,0.014311579056084156,0.6084455251693726,0.5121289491653442,0.02913299947977066,0.004491408355534077,0.046911634504795074,0.17367547750473022,0.2977909743785858,0.2953925132751465
201502B,2015-07-29 18:00:00,gridsat,CRVBND,3,0.01646926812827587,0.009993425570428371,0.5915176272392273,0.5370967984199524,0.021858518943190575,0.007787497714161873,0.05872888118028641,0.13654378056526184,0.31142568588256836,0.3085784912109375
201502B,2015-07-30 00:00:00,gridsat,CRVBND,3,0.02241857908666134,0.004162915982306004,0.5998313426971436,0.6259596347808838,0.03923941031098366,0.010083436965942383,0.06501207500696182,0.047854259610176086,0.27349865436553955,0.3119397759437561
201502B,2015-07-30 06:00:00,gridsat,CRVBND,3,0.016948118805885315,0.018028637394309044,0.7944636344909668,0.6394679546356201,0.041835375130176544,0.014618000946938992,0.04133441671729088,0.1260777711868286,0.10541844367980957,0.2018076479434967
201503A,2015-10-09 21:00:00,gridsat,CRVBND,2,0.006529637612402439,0.11356847733259201,0.7608997821807861,0.196278914809227,0.14972293376922607,0.0044358866289258,0.018062744289636612,0.11062704771757126,0.06478498131036758,0.575089693069458
201503A,2015-10-10 03:30:00,gridsat,IRRCDO,2,0.00169395562261343,0.23905077576637268,0.7516908049583435,0.14643247425556183,0.06167299300432205,0.002401327481493354,0.007620986085385084,0.42488932609558105,0.1773211508989334,0.1872260570526123
201503A,2015-10-10 09:00:00,gridsat,CRVBND,2,0.005522237159311771,0.10763640701770782,0.5613529682159424,0.39321258664131165,0.13493967056274414,0.08660687506198883,0.032750245183706284,0.3254047930240631,0.2654348909854889,0.08713944256305695
201503A,2015-10-10 15:00:00,gridsat,CRVBND,2,0.0021276921033859253,0.04840265214443207,0.41911157965660095,0.5024076104164124,0.5668582916259766,0.23981086909770966,0.00044663564767688513,0.05758969858288765,0.011455799452960491,0.15178917348384857
201503A,2015-10-10 21:00:00,gridsat,CRVBND,2,0.0042207506485283375,0.0016481592319905758,0.05526314303278923,0.20382295548915863,0.9362828135490417,0.7836511135101318,0.00031177085475064814,0.0015416134847328067,0.003921557683497667,0.009336158633232117
201503A,2015-10-11 03:00:00,gridsat,CRVBND,2,0.0034641262609511614,0.026302674785256386,0.05308350920677185,0.5324581265449524,0.9336503148078918,0.22246961295604706,0.0008125254535116255,0.011879450641572475,0.00898955762386322,0.20689019560813904
201503A,2015-10-11 09:00:00,gridsat,CRVBND,2,0.004137462470680475,0.2437402606010437,0.34860727190971375,0.20811936259269714,0.032530371099710464,0.007056585047394037,0.04344293102622032,0.33332157135009766,0.571281909942627,0.2077621966600418
201503A,2015-10-11 15:00:00,gridsat,CRVBND,2,0.0014836011687293649,0.023761391639709473,0.06049269810318947,0.48582661151885986,0.9326919317245483,0.42163199186325073,0.00022526232351083308,0.017262857407331467,0.005106488708406687,0.05151712894439697
201503A,2015-10-11 21:00:00,gridsat,CRVBND,2,0.008250183425843716,0.05753988027572632,0.20409397780895233,0.5103926658630371,0.7749901413917542,0.12740132212638855,0.0069050174206495285,0.01891240105032921,0.005760739557445049,0.28575363755226135
201504A,2015-10-28 20:30:00,gridsat,EMBC,2,0.030335651710629463,0.33823761343955994,0.10785872489213943,0.12955978512763977,0.0175042562186718,0.0063045695424079895,0.7555016279220581,0.4517298638820648,0.08879974484443665,0.07416817545890808
201504A,2015-10-29 03:00:00,gridsat,CRVBND,2,0.012696027755737305,0.28208568692207336,0.9388065934181213,0.28737521171569824,0.017409522086381912,0.05163455009460449,0.015586207620799541,0.27329716086387634,0.015501614660024643,0.10560732334852219
201504A,2015-10-29 09:00:00,gridsat,EMBC,2,0.008431673981249332,0.38267162442207336,0.9286670684814453,0.22440554201602936,0.014391749165952206,0.022605780512094498,0.031439896672964096,0.25778424739837646,0.017069634050130844,0.11253281682729721
201504A,2015-10-29 15:00:00,gridsat,EYE,2,0.9163579940795898,0.3951050043106079,0.02301366627216339,0.17227624356746674,0.026285618543624878,0.012923778966069221,0.011872336268424988,0.324668288230896,0.022470388561487198,0.09502673149108887
201504A,2015-10-29 21:30:00,gridsat,EMBC,2,0.2188228964805603,0.43658140301704407,0.320622056722641,0.07507315278053284,0.09912122786045074,0.002303111832588911,0.30783015489578247,0.4128916263580322,0.05360370874404907,0.07315068691968918
201504A,2015-10-30 03:00:00,gridsat,EYE,2,0.9449480175971985,0.5750904083251953,0.017862703651189804,0.02585332654416561,0.014770431444048882,0.0006477842107415199,0.009218670427799225,0.38794851303100586,0.013200189918279648,0.010459979064762592
201504A,2015-10-30 15:00:00,gridsat,EYE,2,0.971209704875946,0.5584520101547241,0.006322216708213091,0.1115812435746193,0.008813160471618176,0.008604002185165882,0.00839053001254797,0.2823532819747925,0.005264340899884701,0.03900943696498871
201504A,2015-10-31 03:00:00,gridsat,EYE,2,0.7693403363227844,0.5733146667480469,0.03306211903691292,0.02740839682519436,0.05129013955593109,0.0009411289938725531,0.13490942120552063,0.39142870903015137,0.01139791589230299,0.006907124072313309
201504A,2015-10-31 09:00:00,gridsat,EYE,2,0.8942232131958008,0.6755046844482422,0.023220418021082878,0.03442244604229927,0.01548137329518795,0.0027661898639053106,0.05436938628554344,0.2817442715167999,0.012705608271062374,0.005562460515648127
201504A,2015-10-31 15:00:00,gridsat,EYE,2,0.9720302224159241,0.6401576995849609,0.004821570124477148,0.05494345352053642,0.010492990724742413,0.0035447950940579176,0.00490581477060914,0.28555741906166077,0.007749526295810938,0.01579665020108223
201504A,2015-10-31 21:00:00,gridsat,EYE,2,0.9435462951660156,0.6610137224197388,0.012795042246580124,0.03330375999212265,0.01450646948069334,0.0012709618313238025,0.018542533740401268,0.29427844285964966,0.010609602555632591,0.01013304851949215
201504A,2015-11-01 04:00:00,gridsat,EYE,2,0.8332903981208801,0.7131689190864563,0.01387452520430088,0.02549276314675808,0.015714017674326897,0.0007132117170840502,0.12676094472408295,0.2554776966571808,0.010360072366893291,0.005147428717464209
201504A,2015-11-01 09:00:00,gridsat,EYE,2,0.9679897427558899,0.7249785661697388,0.004089845344424248,0.029638491570949554,0.006659354083240032,0.002139624208211899,0.009779506362974644,0.239505335688591,0.011481483466923237,0.003738042199984193
201504A,2015-11-01 15:00:00,gridsat,EYE,2,0.9674937129020691,0.6892099380493164,0.004511653445661068,0.06477949768304825,0.010714342817664146,0.0030239708721637726,0.006426021456718445,0.22217245399951935,0.010854238644242287,0.02081415429711342
201504A,2015-11-01 21:00:00,gridsat,EYE,2,0.9824054837226868,0.4840838611125946,0.001695810817182064,0.12293662875890732,0.007451533805578947,0.0041349176317453384,0.0018691886216402054,0.2703936994075775,0.0065780822187662125,0.11845094710588455
201504A,2015-11-02 03:00:00,gridsat,EYE,2,0.9630553722381592,0.5487930774688721,0.005552657879889011,0.09425235539674759,0.009253313764929771,0.004704597871750593,0.005423485301434994,0.3186919689178467,0.016715215519070625,0.03355807065963745
201504A,2015-11-02 09:00:00,gridsat,EYE,2,0.9790944457054138,0.7077104449272156,0.0035187883768230677,0.10637877136468887,0.008895650506019592,0.030193815007805824,0.0027981693856418133,0.14647601544857025,0.005693015642464161,0.00924102496355772
201504A,2015-11-02 15:00:00,gridsat,EYE,2,0.9492342472076416,0.43226557970046997,0.012943096458911896,0.23813605308532715,0.013576057739555836,0.043701812624931335,0.007403957191854715,0.19985267519950867,0.016842562705278397,0.08604390174150467
201504A,2015-11-03 03:30:00,gridsat,CRVBND,2,0.00985361635684967,0.08166195452213287,0.8273390531539917,0.45397666096687317,0.13084107637405396,0.32538896799087524,0.00654763076454401,0.05128591135144234,0.025418682023882866,0.0876864343881607
201505A,2015-11-05 08:00:00,gridsat,CRVBND,0,0.019055332988500595,0.6571478843688965,0.5950096249580383,0.08760688453912735,0.04167051240801811,0.010623294860124588,0.04823373630642891,0.23061977326869965,0.29603081941604614,0.014002131298184395
201505A,2015-11-05 14:30:00,gridsat,CRVBND,0,0.015550283715128899,0.6354129314422607,0.7578650116920471,0.12842649221420288,0.005626460537314415,0.02881047874689102,0.2080923467874527,0.1951407492160797,0.012865894474089146,0.01220930926501751
201505A,2015-11-06 09:00:00,gridsat,CRVBND,0,0.026495419442653656,0.6454821228981018,0.3515053987503052,0.10499004274606705,0.030618900433182716,0.02990700677037239,0.09788624197244644,0.20817683637142181,0.49349409341812134,0.011444034054875374
201505A,2015-11-06 15:00:00,gridsat,CRVBND,0,0.016984770074486732,0.4270932078361511,0.742634117603302,0.3189930021762848,0.1699632704257965,0.17951345443725586,0.021674951538443565,0.06532007455825806,0.048742908984422684,0.009080185554921627
201505A,2015-11-07 09:00:00,gridsat,EMBC,0,0.016722995787858963,0.7295278310775757,0.0012821838026866317,0.03854930400848389,0.0004742008459288627,0.006965692155063152,0.9750736355781555,0.22063086926937103,0.006446917075663805,0.004326336085796356
201505A,2015-11-07 21:00:00,gridsat,EYE,0,0.018484054133296013,0.5198502540588379,0.8227782249450684,0.2129766196012497,0.050318822264671326,0.08409487456083298,0.030527543276548386,0.13371647894382477,0.07789134234189987,0.04936182126402855
201505A,2015-11-08 03:00:00,gridsat,EYE,0,0.1465664952993393,0.659285306930542,0.0030426792800426483,0.026992326602339745,0.0020703966729342937,0.0037535291630774736,0.6541591286659241,0.3037108778953552,0.19416126608848572,0.006257862783968449
201505A,2015-11-08 08:00:00,gridsat,EYE,0,0.9208354949951172,0.7632865309715271,0.00503873685374856,0.06379134953022003,0.008080787025392056,0.010681744664907455,0.047010503709316254,0.1561824530363083,0.01903443969786167,0.0060578822158277035
201505A,2015-11-09 03:30:00,gridsat,EMBC,0,0.024287831038236618,0.6570435762405396,0.6273619532585144,0.05551736056804657,0.0021095373667776585,0.006539619993418455,0.2987061142921448,0.27000293135643005,0.047534577548503876,0.010896548628807068
201505A,2015-11-09 09:00:00,gridsat,IRRCDO,0,0.03232166916131973,0.6746094226837158,0.8024874925613403,0.1466393768787384,0.04469645023345947,0.04961477592587471,0.049643971025943756,0.1202392652630806,0.07085039466619492,0.008897170424461365
201505A,2015-11-09 15:00:00,gridsat,CRVBND,0,0.015674646943807602,0.1810721904039383,0.8907833099365234,0.3620757758617401,0.020111337304115295,0.38023868203163147,0.062314897775650024,0.04648647457361221,0.011115857400000095,0.030126851052045822
201505A,2015-11-09 21:00:00,gridsat,SHEAR,0,0.011260719038546085,0.007102621719241142,0.8099889159202576,0.17503811419010162,0.14411866664886475,0.806313693523407,0.02152077667415142,0.002371537731960416,0.013110867701470852,0.009173978120088577
201601B,2016-05-19 15:00:00,gridsat,IRRCDO,4,0.0038098308723419905,0.10371102392673492,0.9275909066200256,0.5025394558906555,0.011302714236080647,0.09479393810033798,0.0020715990103781223,0.1125488355755806,0.055224984884262085,0.18640674650669098
201601B,2016-05-19 21:00:00,gridsat,CRVBND,4,0.013778174296021461,0.0769973024725914,0.7520291805267334,0.28394266963005066,0.03167914226651192,0.011825508438050747,0.0034473277628421783,0.109287329018116,0.199066162109375,0.5179471373558044
201601B,2016-05-20 10:00:00,gridsat,EMBC,4,0.007660131901502609,0.2424827516078949,0.9349451065063477,0.1831621676683426,0.01418206188827753,0.0009701692615635693,0.01032989751547575,0.5503653287887573,0.032882753759622574,0.02301957830786705
201601B,2016-05-20 15:00:00,gridsat,CRVBND,4,0.0063257417641580105,0.0713479295372963,0.8187843561172485,0.4141610264778137,0.007202124688774347,0.012768622487783432,0.0044262828305363655,0.1920221745967865,0.16326147317886353,0.3097001612186432
201602A,2016-06-27 09:00:00,gridsat,CRVBND,0,0.006981316953897476,0.33523961901664734,0.07245857268571854,0.09272582828998566,0.015078989788889885,0.008808561600744724,0.6182008385658264,0.5301705002784729,0.28728026151657104,0.03305552899837494
201602A,2016-06-27 15:00:00,gridsat,IRRCDO,0,0.0381912924349308,0.056656189262866974,0.11808910220861435,0.5921277403831482,0.03987827152013779,0.08973966538906097,0.042229000478982925,0.04960845783352852,0.7616124153137207,0.21186791360378265
201602A,2016-06-28 03:00:00,gridsat,CRVBND,0,0.012173471972346306,0.029884234070777893,0.7512944936752319,0.5774868726730347,0.05100901797413826,0.25819864869117737,0.025165805593132973,0.028756964951753616,0.16035717725753784,0.10567326098680496
201602A,2016-06-28 09:00:00,gridsat,CRVBND,0,0.012247673235833645,0.05445590615272522,0.2647094428539276,0.5439983606338501,0.12838146090507507,0.2856123149394989,0.07114642858505249,0.06246240437030792,0.523514986038208,0.053471021354198456
201602A,2016-06-28 15:00:00,gridsat,SHEAR,0,0.001837350893765688,7.947235280880705e-05,0.12017874419689178,0.09545473009347916,0.8509520888328552,0.9014988541603088,0.00249470048584044,0.0002414766204310581,0.024537112563848495,0.002725481754168868
201602A,2016-06-28 21:00:00,gridsat,SHEAR,0,0.006435269024223089,0.00029594157240353525,0.5544788241386414,0.12283191084861755,0.256168007850647,0.8431782126426697,0.02443271316587925,0.001928246463648975,0.15848518908023834,0.03176563233137131
201603B,2016-10-25 04:30:00,gridsat,EMBC,3,0.01674790494143963,0.6501968502998352,0.27728962898254395,0.020393304526805878,0.05700616165995598,0.00010739364370238036,0.14021168649196625,0.3116530478000641,0.5087445974349976,0.017649400979280472
201603B,2016-10-25 11:30:00,gridsat,EMBC,3,0.031028706580400467,0.7091980576515198,0.30902594327926636,0.05518645420670509,0.07818572223186493,0.00071877078153193,0.28212761878967285,0.22593532502651215,0.2996320128440857,0.0089613888412714
201603B,2016-10-25 17:30:00,gridsat,IRRCDO,3,0.028198016807436943,0.20117582380771637,0.38095417618751526,0.30399033427238464,0.07389724254608154,0.005098510999232531,0.23337747156620026,0.18397952616214752,0.28357312083244324,0.3057557940483093
201603B,2016-10-26 12:00:00,gridsat,CRVBND,3,0.01670188456773758,0.563005268573761,0.5991498231887817,0.28523629903793335,0.04313063994050026,0.014226214960217476,0.07318522781133652,0.10500022768974304,0.2678324282169342,0.03253200277686119
201603B,2016-10-26 18:00:00,gridsat,CRVBND,3,0.0016009146347641945,0.052308063954114914,0.135095477104187,0.6072530746459961,0.8414468765258789,0.2626834809780121,0.0017047848086804152,0.0073012132197618484,0.02015189453959465,0.07045422494411469
201603B,2016-10-27 00:00:00,gridsat,IRRCDO,3,0.0034049805253744125,0.07430525124073029,0.29505905508995056,0.7279443740844727,0.6357011795043945,0.08916272968053818,0.004405847284942865,0.0066538043320178986,0.06142895668745041,0.10193387418985367
201603B,2016-10-27 04:30:00,gridsat,CRVBND,3,0.005224984604865313,0.2399916797876358,0.3374410569667816,0.3354368805885315,0.3490446209907532,0.014003917574882507,0.012352456338703632,0.19680137932300568,0.2959368824958801,0.2137661725282669
201604B,2016-11-30 03:30:00,gridsat,IRRCDO,2,0.003122906433418393,0.06521821767091751,0.7655023336410522,0.1791587769985199,0.01602768898010254,0.006200189236551523,0.019618699327111244,0.09978454560041428,0.1957283765077591,0.649638295173645
201604B,2016-11-30 09:00:00,gridsat,CRVBND,2,0.0022758038248866796,0.0799754336476326,0.8808115720748901,0.4842134118080139,0.07927747815847397,0.08718813955783844,0.0028282415587455034,0.13197001814842224,0.03480689227581024,0.2166530191898346
201604B,2016-11-30 15:00:00,gridsat,CRVBND,2,0.002030664123594761,0.03702302277088165,0.366727739572525,0.4996228814125061,0.6209593415260315,0.0982295498251915,0.000792855687905103,0.05133138224482536,0.009489326737821102,0.3137931823730469
201604B,2016-11-30 21:00:00,gridsat,SHEAR,2,0.003056872170418501,0.0042399452067911625,0.7017073631286621,0.39922213554382324,0.2719135582447052,0.49916186928749084,0.0016384234186261892,0.007587661035358906,0.02168373018503189,0.08978833258152008
201604B,2016-12-01 03:00:00,gridsat,SHEAR,2,0.0007236070814542472,0.0009814967634156346,0.006337552797049284,0.11330970376729965,0.9909074306488037,0.8785090446472168,9.897625568555668e-05,0.0023626908659934998,0.0019324843306094408,0.004837039392441511
201604B,2016-12-01 09:00:00,gridsat,SHEAR,2,0.0012157944729551673,6.450743967434391e-05,0.011598249897360802,0.01769285835325718,0.9810371398925781,0.982047438621521,0.00020836640032939613,4.65613957203459e-05,0.0059405663050711155,0.00014853919856250286
201604B,2016-12-01 15:00:00,gridsat,SHEAR,2,0.001356261782348156,2.2891663320478983e-05,0.01645001210272312,0.019407406449317932,0.9767512083053589,0.9803782105445862,0.0002300345222465694,1.1181772606505547e-05,0.005212489981204271,0.0001803889317670837
201604B,2016-12-01 21:00:00,gridsat,SHEAR,2,0.0033722466323524714,3.8639660488115624e-05,0.013675077818334103,0.030273687094449997,0.9737115502357483,0.969330906867981,0.0004181270196568221,1.866716229415033e-05,0.00882301852107048,0.00033807437284849584
201605B,2016-12-07 15:00:00,gridsat,CRVBND,4,0.0047615896910429,0.7254248261451721,0.9113152027130127,0.0725720226764679,0.008346025831997395,0.0007313266978599131,0.05545174703001976,0.1825661063194275,0.02012546919286251,0.018705731257796288
201605B,2016-12-07 20:30:00,gridsat,IRRCDO,4,0.007457262370735407,0.7192365527153015,0.14558929204940796,0.05007538944482803,0.004984030965715647,0.00020184919412713498,0.7807575464248657,0.19036546349525452,0.06121186167001724,0.040120795369148254
201605B,2016-12-08 03:30:00,gridsat,CRVBND,4,0.004715120419859886,0.5190181136131287,0.9630025029182434,0.2086939811706543,0.0040178196504712105,0.00496239960193634,0.009216169826686382,0.2138928771018982,0.019048389047384262,0.05343258008360863
201605B,2016-12-08 09:00:00,gridsat,CRVBND,4,0.0030041055288165808,0.09595371037721634,0.9556670188903809,0.5995930433273315,0.0038968552835285664,0.1482030302286148,0.00575905479490757,0.04052863270044327,0.03167290240526199,0.11572147905826569
201605B,2016-12-08 15:00:00,gridsat,CRVBND,4,0.0032116305083036423,0.013007610104978085,0.8445525169372559,0.14771294593811035,0.01661507599055767,0.007033688481897116,0.006390830967575312,0.014159905724227428,0.12922993302345276,0.8180858492851257
201605B,2016-12-08 20:30:00,gridsat,IRRCDO,4,0.004909777082502842,0.0921090692281723,0.33795225620269775,0.15301991999149323,0.010372743010520935,0.0014672164106741548,0.32445672154426575,0.13693107664585114,0.3223085105419159,0.6164727210998535
201605B,2016-12-09 09:00:00,gridsat,IRRCDO,4,0.005630010738968849,0.1492936611175537,0.5989986658096313,0.2945534884929657,0.004754592664539814,0.014880307950079441,0.020610904321074486,0.13108883798122406,0.3700058162212372,0.41018369793891907
201605B,2016-12-10 02:30:00,gridsat,EMBC,4,0.013454709202051163,0.6457770466804504,0.6384912729263306,0.049600787460803986,0.020662454888224602,0.0003127898380625993,0.26307475566864014,0.2971329987049103,0.06431678682565689,0.0071763768792152405
201605B,2016-12-10 15:00:00,gridsat,EMBC,4,0.007842423394322395,0.599592924118042,0.4783824682235718,0.027607386931777,0.011622477322816849,9.500014130026102e-05,0.4609774947166443,0.3547765612602234,0.04117508977651596,0.01792815700173378
201605B,2016-12-10 21:00:00,gridsat,EMBC,4,0.004558270331472158,0.6150209307670593,0.6811766624450684,0.057146910578012466,0.011248443275690079,0.0004076811019331217,0.21805614233016968,0.2918430268764496,0.08496049791574478,0.035581476986408234
201605B,2016-12-11 21:00:00,gridsat,EYE,4,0.010936342179775238,0.6970588564872742,0.3683103919029236,0.03424038738012314,0.0260333064943552,0.00024985155323520303,0.5738391876220703,0.2570757567882538,0.02088075503706932,0.0113750658929348
201605B,2016-12-12 04:00:00,gridsat,EYE,4,0.010761111043393612,0.7619006633758545,0.8741958141326904,0.04572905972599983,0.026590175926685333,0.0011693906271830201,0.06775768101215363,0.1774131953716278,0.020695261657238007,0.0137877082452178
201701B,2017-04-15 21:10:00,gridsat,IRRCDO,3,0.012273609638214111,0.15416289865970612,0.5726910829544067,0.42713040113449097,0.03911710903048515,0.006048116832971573,0.061232537031173706,0.12059345841407776,0.3146857023239136,0.2920650839805603
201701B,2017-04-16 03:00:00,gridsat,IRRCDO,3,0.00880744680762291,0.23854997754096985,0.6813004612922668,0.5629432201385498,0.1030954048037529,0.014978610910475254,0.036414749920368195,0.08145853132009506,0.17038193345069885,0.10206972062587738
201701B,2017-04-16 09:10:00,gridsat,IRRCDO,3,0.009707068093121052,0.3219183683395386,0.641636312007904,0.28966787457466125,0.15201137959957123,0.007424234412610531,0.026680683717131615,0.2545453608036041,0.16996461153030396,0.12644414603710175
201701B,2017-04-16 15:40:00,gridsat,IRRCDO,3,0.005955533590167761,0.07493797689676285,0.4126020073890686,0.4409375786781311,0.42797622084617615,0.01238690223544836,0.00945903267711401,0.0581737644970417,0.14400717616081238,0.4135637581348419
201702B,2017-05-28 07:00:00,gridsat,EMBC,2,0.005047195591032505,0.29674097895622253,0.7566239237785339,0.06263711303472519,0.004649370908737183,0.00011345180973876268,0.07758618146181107,0.636064887046814,0.15609323978424072,0.00444362498819828
201702B,2017-05-28 12:10:00,gridsat,IRRCDO,2,0.005012670997530222,0.20194242894649506,0.32387080788612366,0.36584487557411194,0.003607615828514099,0.0012295062188059092,0.061115071177482605,0.17864559590816498,0.6063938736915588,0.2523375451564789
201702B,2017-05-28 18:10:00,gridsat,IRRCDO,2,0.003523787949234247,0.03249330446124077,0.8231845498085022,0.1840423196554184,0.010698987171053886,0.00022470412659458816,0.04583349451422691,0.5135998129844666,0.11675918102264404,0.26963987946510315
201702B,2017-05-29 00:10:00,gridsat,IRRCDO,2,0.004297376610338688,0.2636144757270813,0.6798442602157593,0.13744011521339417,0.008823083713650703,0.00044061540393158793,0.07652352005243301,0.5793148279190063,0.23051173985004425,0.0191899836063385
201702B,2017-05-29 13:10:00,gridsat,IRRCDO,2,0.013237393461167812,0.07394781708717346,0.46163368225097656,0.3363981246948242,0.01719280332326889,0.0030930181965231895,0.07651824504137039,0.28075265884399414,0.43141791224479675,0.3058083653450012
201702B,2017-05-29 22:40:00,gridsat,EYE,2,0.011294945143163204,0.5483465790748596,0.08641716837882996,0.09948612004518509,0.003028843319043517,0.0002708346291910857,0.7719202637672424,0.2610200047492981,0.12733876705169678,0.09087641537189484
201703B,2017-11-30 03:00:00,gridsat,EMBC,3,0.0840940847992897,0.46725180745124817,0.4427519738674164,0.11794697493314743,0.012214109301567078,0.0012657729675993323,0.3514608144760132,0.3892441987991333,0.10947908461093903,0.02429124340415001
201703A,2017-11-30 08:30:00,gridsat,EMBC,1,0.39095884561538696,0.43343716859817505,0.2695612609386444,0.24031099677085876,0.004737347364425659,0.00982458796352148,0.18916623294353485,0.19649606943130493,0.14557631313800812,0.11993109434843063
201703B,2017-11-30 14:30:00,gridsat,EYE,3,0.06038486585021019,0.29868337512016296,0.1434953659772873,0.08131852746009827,0.007485976908355951,0.0003500008024275303,0.5254504680633545,0.43897658586502075,0.2631833255290985,0.18067149817943573
201703B,2017-11-30 21:00:00,gridsat,EMBC,3,0.02896694466471672,0.3943513035774231,0.16737177968025208,0.14294280111789703,0.007818946614861488,0.0012511913664638996,0.30009883642196655,0.40960052609443665,0.4957435131072998,0.051854245364665985
201703B,2017-12-01 03:00:00,gridsat,EYE,3,0.055066172033548355,0.20772087574005127,0.15150107443332672,0.1861974000930786,0.00735987676307559,0.0018059340072795749,0.4785134494304657,0.3907333016395569,0.30755940079689026,0.21354256570339203
201703B,2017-12-01 09:30:00,gridsat,EMBC,3,0.023521123453974724,0.1623174101114273,0.13582395017147064,0.25314196944236755,0.015261899679899216,0.002845997689291835,0.19919675588607788,0.3030620813369751,0.6261963248252869,0.2786325514316559
201703B,2017-12-01 15:30:00,gridsat,EYE,3,0.11153415590524673,0.31808412075042725,0.06566718220710754,0.25336194038391113,0.005603166297078133,0.0028711343184113503,0.6796378493309021,0.2300049215555191,0.13755768537521362,0.19567787647247314
201703B,2017-12-01 22:00:00,gridsat,EYE,3,0.22409659624099731,0.39956966042518616,0.03950882330536842,0.11374376714229584,0.006695115473121405,0.0007112560560926795,0.6787823438644409,0.33051902055740356,0.0509171336889267,0.1554563045501709
201703B,2017-12-02 03:00:00,gridsat,EYE,3,0.9180680513381958,0.5277903079986572,0.006163017358630896,0.12195874005556107,0.006488565821200609,0.001298186951316893,0.05856843292713165,0.2731756269931793,0.010711894370615482,0.07577724754810333
201703B,2017-12-02 09:00:00,gridsat,EYE,3,0.9228153228759766,0.6013530492782593,0.004458810202777386,0.09758751094341278,0.015874667093157768,0.0012222029035910964,0.043326202780008316,0.207283154129982,0.013525018468499184,0.09255416691303253
201703B,2017-12-03 04:00:00,gridsat,IRRCDO,3,0.06113453581929207,0.636303186416626,0.13498680293560028,0.09223604202270508,0.011079035699367523,0.0011996774701401591,0.6517009139060974,0.2561178505420685,0.14109870791435242,0.014143213629722595
201703B,2017-12-03 14:30:00,gridsat,EMBC,3,0.057606615126132965,0.69142085313797,0.18482743203639984,0.020167740061879158,0.06633399426937103,0.00014774031296838075,0.4835675060749054,0.2773789167404175,0.20766444504261017,0.010884704999625683
201703B,2017-12-03 21:00:00,gridsat,EMBC,3,0.05596495419740677,0.680961012840271,0.21296878159046173,0.053445227444171906,0.03060835599899292,0.0009230986470356584,0.5617234110832214,0.24137291312217712,0.13873447477817535,0.023297831416130066
201703B,2017-12-04 04:00:00,gridsat,EMBC,3,0.03595065698027611,0.5892272591590881,0.21112848818302155,0.05573175475001335,0.032893795520067215,0.0005641654715873301,0.4426833689212799,0.3280789256095886,0.27734363079071045,0.02639790251851082
201703B,2017-12-05 09:00:00,gridsat,SHEAR,3,0.001995271537452936,0.00043108745012432337,0.14115814864635468,0.154092475771904,0.8328161239624023,0.843960702419281,0.002816977445036173,0.00013192168262321502,0.021213451400399208,0.001383878756314516
201703B,2017-12-05 17:00:00,gridsat,SHEAR,3,0.0008455741917714477,2.2352157884597545e-06,0.0324135348200798,0.009177034720778465,0.9582749009132385,0.9908179044723511,0.0010507114930078387,1.371593043586472e-07,0.007415372878313065,2.7287701414024923e-06
201704B,2017-12-08 21:00:00,gridsat,CRVBND,0,0.004859054461121559,0.16840185225009918,0.5784278512001038,0.5076589584350586,0.3184249997138977,0.07608529180288315,0.013217383995652199,0.11554942280054092,0.08507067710161209,0.13230451941490173
201704B,2017-12-09 03:00:00,gridsat,CRVBND,0,0.0054399240761995316,0.12465804815292358,0.4910186529159546,0.5558751821517944,0.27592945098876953,0.07033705711364746,0.10324108600616455,0.08184677362442017,0.12437086552381516,0.16728295385837555
201704B,2017-12-09 09:00:00,gridsat,SHEAR,0,0.0028050693217664957,0.0005073870997875929,0.023866448551416397,0.07156212627887726,0.9673581719398499,0.927399218082428,0.0014016119530424476,0.00018951787205878645,0.004568696022033691,0.00034168147249147296
201704B,2017-12-09 15:00:00,gridsat,SHEAR,0,0.0027108038775622845,5.448296360555105e-05,0.01064390316605568,0.03231945261359215,0.9805670380592346,0.9673832654953003,0.0014246255159378052,2.0185265384498052e-05,0.004653534851968288,0.00022252666531130672
201704B,2017-12-09 21:00:00,gridsat,SHEAR,0,0.003577972063794732,8.147638254740741e-06,0.010168619453907013,0.01888859085738659,0.9795564413070679,0.9810983538627625,0.0017692104447633028,5.026936378271785e-07,0.004927679896354675,4.468272891244851e-06
201704B,2017-12-10 03:45:00,gridsat,SHEAR,0,0.003789406269788742,8.612092642579228e-06,0.009642397053539753,0.010110195726156235,0.9798714518547058,0.9898708462715149,0.0016158614307641983,9.340561746284948e-07,0.00508089829236269,9.487857823842205e-06
201801A,2018-05-17 00:00:00,gridsat,CRVBND,2,0.008942567743360996,0.10185280442237854,0.5923774242401123,0.2211332470178604,0.259103924036026,0.008895072154700756,0.017178254202008247,0.08934745192527771,0.12239788472652435,0.5787714719772339
201801A,2018-05-17 11:00:00,gridsat,IRRCDO,2,0.006724455859512091,0.5394493341445923,0.8810936212539673,0.22285188734531403,0.011618058197200298,0.023836921900510788,0.07743215560913086,0.1764936000108719,0.023131659254431725,0.037368256598711014
201801A,2018-05-17 18:00:00,gridsat,CRVBND,2,0.000849044241476804,0.26753830909729004,0.9668094515800476,0.3973292410373688,0.012233766727149487,0.041292980313301086,0.0015397998504340649,0.16921788454055786,0.01856800727546215,0.12462159991264343
201801A,2018-05-18 00:00:00,gridsat,EMBC,2,0.006665142253041267,0.47530093789100647,0.7869253158569336,0.06792952120304108,0.054391540586948395,0.0009509146329946816,0.012205223552882671,0.36643144488334656,0.13981279730796814,0.08938714116811752
201801A,2018-05-18 18:00:00,gridsat,IRRCDO,2,0.0015096779679879546,0.34593433141708374,0.897132396697998,0.23288200795650482,0.02860940434038639,0.007174472790211439,0.003397266147658229,0.07679063081741333,0.06935121864080429,0.3372185528278351
201802A,2018-05-22 06:00:00,gridsat,CRVBND,1,0.10065191239118576,0.04864810034632683,0.8620901703834534,0.5048678517341614,0.001531735877506435,0.02664942294359207,0.020447969436645508,0.16128592193126678,0.015278222970664501,0.25854870676994324
201802A,2018-05-22 12:00:00,gridsat,CRVBND,1,0.1502179503440857,0.1453576534986496,0.6355354189872742,0.30593132972717285,0.0037155961617827415,0.006881901994347572,0.1763744205236435,0.29987290501594543,0.03415663167834282,0.24195627868175507
201802A,2018-05-23 19:00:00,gridsat,EMBC,1,0.46278107166290283,0.5204908847808838,0.001606866717338562,0.0886937826871872,0.0036728442646563053,0.0011374014429748058,0.5268970131874084,0.31743019819259644,0.005042220465838909,0.07224772125482559
201802A,2018-05-24 12:30:00,gridsat,EMBC,1,0.9824307560920715,0.5064946413040161,0.006063805427402258,0.21548466384410858,0.0012158293975517154,0.016250668093562126,0.007909324020147324,0.17130112648010254,0.0023802602663636208,0.0904688686132431
201802A,2018-05-24 16:45:00,gridsat,EYE,1,0.7303680181503296,0.5911823511123657,0.00844703521579504,0.14285169541835785,0.004030575510114431,0.003891550237312913,0.2483399510383606,0.20276601612567902,0.008814474567770958,0.05930845066905022
201802A,2018-05-24 23:00:00,gridsat,EMBC,1,0.9907951951026917,0.5661715865135193,0.000990995904430747,0.1633441001176834,0.0012096564751118422,0.006809664890170097,0.003733162535354495,0.19885039329528809,0.0032710228115320206,0.06482420861721039
201802A,2018-05-25 19:00:00,gridsat,EYE,1,0.6961037516593933,0.5875446200370789,0.0015479831490665674,0.04722105339169502,0.0021317629143595695,0.001792241120710969,0.29902899265289307,0.3524531424045563,0.0011875631753355265,0.010988906025886536
201804B,2018-09-20 18:15:00,gridsat,CRVBND,4,0.006403918378055096,0.016295433044433594,0.8667865991592407,0.2906835675239563,0.07072566449642181,0.015180439688265324,0.004818315152078867,0.04967892915010452,0.051265548914670944,0.628161609172821
201805A,2018-10-08 06:00:00,gridsat,CRVBND,2,0.007922681048512459,0.5013366937637329,0.903571605682373,0.10197374224662781,0.00819588266313076,0.0027004017028957605,0.029333176091313362,0.35253286361694336,0.0509767010807991,0.04145631566643715
201805A,2018-10-08 12:00:00,gridsat,CRVBND,2,0.014928606338799,0.5893207788467407,0.5380858778953552,0.16325882077217102,0.009379757568240166,0.010889939963817596,0.21260812878608704,0.19594772160053253,0.2249976396560669,0.040582768619060516
201805A,2018-10-08 23:00:00,gridsat,EMBC,2,0.006926362402737141,0.5293827056884766,0.027638815343379974,0.03311910852789879,0.001682232366874814,0.00029904316761530936,0.7742280960083008,0.3851713538169861,0.18952451646327972,0.05202778801321983
201805A,2018-10-09 06:30:00,gridsat,CRVBND,2,0.024071570485830307,0.5493382215499878,0.38474830985069275,0.029931925237178802,0.00621575815603137,0.000761955336201936,0.44787636399269104,0.4081622362136841,0.13708792626857758,0.011805752292275429
201805A,2018-10-09 12:00:00,gridsat,EMBC,2,0.04745081067085266,0.8490635752677917,0.5536031723022461,0.0307060107588768,0.010426660068333149,0.0012433149386197329,0.34703531861305237,0.11143956333398819,0.0414840392768383,0.007547587156295776
201805A,2018-10-09 17:30:00,gridsat,CRVBND,2,0.06399862468242645,0.6635459661483765,0.08813494443893433,0.07090386003255844,0.005866937339305878,0.0014003709657117724,0.8081108331680298,0.17836108803749084,0.033888671547174454,0.08578862994909286
201805A,2018-10-10 05:30:00,gridsat,EYE,2,0.11253474652767181,0.6816238164901733,0.05325816571712494,0.08067352324724197,0.006690114736557007,0.007761508226394653,0.8061180710792542,0.20855803787708282,0.021398935467004776,0.021383097395300865
201806B,2018-10-10 06:00:00,gridsat,EMBC,0,0.9885432720184326,0.4232860803604126,0.0023671190720051527,0.1362811028957367,0.0007906568935140967,0.004154817201197147,0.004066500347107649,0.4215407371520996,0.004232470877468586,0.01473735086619854
201805A,2018-10-10 12:00:00,gridsat,CRVBND,2,0.5255082845687866,0.6835340857505798,0.07272554188966751,0.12585540115833282,0.012426664121448994,0.02803615666925907,0.3711591064929962,0.14438879489898682,0.01818038336932659,0.018185539171099663
201806B,2018-10-10 12:00:00,gridsat,EYE,0,0.9490321278572083,0.3928261399269104,0.0035610839258879423,0.18975204229354858,0.012475422583520412,0.006080195307731628,0.002324995817616582,0.3763863742351532,0.0326063334941864,0.03495524078607559
201805A,2018-10-10 18:00:00,gridsat,EYE,2,0.7119635343551636,0.2970918118953705,0.0843409076333046,0.3770562410354614,0.014860990457236767,0.10000935941934586,0.16520753502845764,0.10021812468767166,0.023626981303095818,0.12562447786331177
201806B,2018-10-10 17:15:00,gridsat,EMBC,0,0.02809842675924301,0.4807787835597992,0.0012189557310193777,0.04370832443237305,0.0006563100614584982,0.0005704814102500677,0.9623074531555176,0.4640313982963562,0.0077188522554934025,0.01091096457093954
201805A,2018-10-10 23:45:00,gridsat,CRVBND,2,0.00917848665267229,0.12295301258563995,0.9149027466773987,0.4513651728630066,0.010922797955572605,0.11774170398712158,0.05000113323330879,0.07214269787073135,0.014994869008660316,0.2357974499464035
201806B,2018-10-10 23:15:00,gridsat,EMBC,0,0.01057650800794363,0.528913676738739,0.0016927942633628845,0.07547555863857269,0.00030922811129130423,0.0012188435066491365,0.9871599674224854,0.3855642080307007,0.00026149264886043966,0.008827749639749527
201805A,2018-10-11 05:45:00,gridsat,CRVBND,2,0.008957906626164913,0.32193344831466675,0.9195932745933533,0.33269765973091125,0.013768467120826244,0.1467769891023636,0.036644164472818375,0.14291390776634216,0.021036222577095032,0.055678024888038635
201805A,2018-10-11 12:15:00,gridsat,CRVBND,2,0.015206148847937584,0.30023902654647827,0.8214400410652161,0.35966604948043823,0.013281495310366154,0.19392117857933044,0.13307011127471924,0.09788338840007782,0.017002224922180176,0.04829037934541702
201805A,2018-10-11 18:15:00,gridsat,CRVBND,2,0.007128467783331871,0.09445162117481232,0.9100701212882996,0.48029544949531555,0.010094127617776394,0.24017827212810516,0.0407462939620018,0.07493920624256134,0.03196088969707489,0.11013539880514145
201805A,2018-10-11 23:45:00,gridsat,CRVBND,2,0.005953231826424599,0.1363806426525116,0.8985889554023743,0.4817020893096924,0.07015024870634079,0.14177657663822174,0.008288833312690258,0.09237685799598694,0.017018720507621765,0.14776383340358734
201805A,2018-10-12 06:15:00,gridsat,CRVBND,2,0.004012478515505791,0.2348252236843109,0.9291060566902161,0.4169897139072418,0.045720383524894714,0.1662653237581253,0.002632486866787076,0.0985407903790474,0.018528537824749947,0.08337882906198502
201805A,2018-10-12 12:00:00,gridsat,CRVBND,2,0.001064614742062986,0.13603375852108002,0.8140408396720886,0.3718702793121338,0.17652925848960876,0.34195297956466675,0.0010766972554847598,0.10802635550498962,0.007288623601198196,0.042116645723581314
201805A,2018-10-12 18:15:00,gridsat,CRVBND,2,0.0015412926441058517,0.014296258799731731,0.633994460105896,0.36594685912132263,0.3471018075942993,0.5629878640174866,0.0008350744610652328,0.02039075270295143,0.01652742736041546,0.03637835755944252
201805A,2018-10-13 00:15:00,gridsat,SHEAR,2,0.0025555407628417015,0.018558701500296593,0.7798617482185364,0.42584264278411865,0.1814843714237213,0.48913857340812683,0.0016088736010715365,0.030883390456438065,0.034489478915929794,0.03557668626308441
201805A,2018-10-13 06:15:00,gridsat,CRVBND,2,0.00210557715035975,0.08304210752248764,0.35917210578918457,0.35407859086990356,0.6353007555007935,0.474527508020401,0.0006339377141557634,0.061902303248643875,0.0027876533567905426,0.026449454948306084
201805A,2018-10-13 12:00:00,gridsat,CRVBND,2,0.0011885673739016056,0.15059415996074677,0.922201931476593,0.4409601092338562,0.055655669420957565,0.14676374197006226,0.0013456883607432246,0.11649904400110245,0.01960807479918003,0.1451830118894577
201805A,2018-10-13 18:15:00,gridsat,CRVBND,2,0.003024063538759947,0.0694112479686737,0.5888155698776245,0.434537798166275,0.3891110420227051,0.09133253991603851,0.0037072577979415655,0.07686127722263336,0.015342025086283684,0.3278571665287018
201805A,2018-10-14 00:00:00,gridsat,CRVBND,2,0.0027693293523043394,0.043778661638498306,0.6641594171524048,0.4862614870071411,0.3087555170059204,0.1862032562494278,0.0023656052071601152,0.02734018862247467,0.02195005491375923,0.25641629099845886
201807B,2018-11-10 20:45:00,gridsat,IRRCDO,3,0.007985160686075687,0.0886925607919693,0.4724391996860504,0.5130900740623474,0.05801687762141228,0.00443471921607852,0.0361509844660759,0.07184584438800812,0.4254077076911926,0.32193678617477417
201807B,2018-11-11 03:15:00,gridsat,CRVBND,3,0.013573545962572098,0.1402411311864853,0.31147047877311707,0.3577336370944977,0.02060423046350479,0.002410047920420766,0.13620947301387787,0.14514191448688507,0.5181422233581543,0.3544732928276062
201807B,2018-11-11 09:15:00,gridsat,CRVBND,3,0.011828895658254623,0.08592227846384048,0.4643927812576294,0.4004133641719818,0.03892907127737999,0.002738453447818756,0.05251481011509895,0.1239854097366333,0.4323344826698303,0.3869405686855316
201807B,2018-11-11 15:15:00,gridsat,CRVBND,3,0.009013663977384567,0.07786968350410461,0.6296358108520508,0.33099642395973206,0.07722040265798569,0.00251068570651114,0.020906876772642136,0.12037380784749985,0.2632232904434204,0.4682493209838867
201807B,2018-11-11 20:45:00,gridsat,IRRCDO,3,0.00918980035930872,0.14675767719745636,0.6489728093147278,0.17532150447368622,0.047001805156469345,0.0006965710199438035,0.03340897709131241,0.23781728744506836,0.26142656803131104,0.4394069314002991
201807B,2018-11-12 02:45:00,gridsat,CRVBND,3,0.007889015600085258,0.024907324463129044,0.7369577884674072,0.5811923742294312,0.0907638669013977,0.014337590895593166,0.019486190751194954,0.03694199025630951,0.14490318298339844,0.34262070059776306
201807B,2018-11-12 08:45:00,gridsat,CRVBND,3,0.006887863390147686,0.009899967350065708,0.5263118743896484,0.5401908755302429,0.10362586379051208,0.011855593882501125,0.020114148035645485,0.02491229772567749,0.3430602252483368,0.4131413400173187
201807B,2018-11-12 15:15:00,gridsat,CRVBND,3,0.00908407662063837,0.02667989954352379,0.3431919813156128,0.5802723169326782,0.0283648744225502,0.016243861988186836,0.055887382477521896,0.07722050696611404,0.5634716749191284,0.29958346486091614
201807B,2018-11-12 21:15:00,gridsat,CRVBND,3,0.012600676156580448,0.17992019653320312,0.3109827935695648,0.16056932508945465,0.02637914940714836,0.00036080542486160994,0.06266675889492035,0.25006628036499023,0.5873706340789795,0.40908345580101013
201807B,2018-11-13 03:15:00,gridsat,CRVBND,3,0.009708366356790066,0.2939668893814087,0.6370716691017151,0.19940562546253204,0.058808062225580215,0.0009957946604117751,0.032842375338077545,0.31534746289253235,0.2615695893764496,0.19028426706790924
201807B,2018-11-13 09:15:00,gridsat,CRVBND,3,0.010181725025177002,0.22014819085597992,0.5852730870246887,0.14595825970172882,0.0660056471824646,0.0009670961881056428,0.02704947628080845,0.5119844079017639,0.31149011850357056,0.12094204127788544
201807B,2018-11-13 15:15:00,gridsat,EYE,3,0.011724851094186306,0.31624364852905273,0.6130282282829285,0.26875993609428406,0.06349197030067444,0.0013716933317482471,0.0324818380177021,0.23200011253356934,0.2792731523513794,0.18162457644939423
201807B,2018-11-14 09:00:00,gridsat,EMBC,3,0.014718664810061455,0.586966872215271,0.7444517016410828,0.10475175082683563,0.0676189661026001,0.0013080848148092628,0.04879370331764221,0.273972749710083,0.12441699951887131,0.03300066664814949
201807B,2018-11-14 15:45:00,gridsat,EMBC,3,0.011841269209980965,0.4565185010433197,0.808901846408844,0.29925528168678284,0.04073415696620941,0.006057018879801035,0.05314789339900017,0.12592057883739471,0.08537482470273972,0.11224859207868576
201807B,2018-11-15 08:45:00,gridsat,EMBC,3,0.03414987400174141,0.7151254415512085,0.5423107147216797,0.03210535645484924,0.018209490925073624,0.0005960415001027286,0.24518194794654846,0.22205722332000732,0.16014797985553741,0.03011598065495491
201807B,2018-11-15 15:45:00,gridsat,EMBC,3,0.3097265958786011,0.748670756816864,0.08340872824192047,0.026699181646108627,0.01336890459060669,0.00023830831923987716,0.5568768382072449,0.19173435866832733,0.03661900758743286,0.032657377421855927
201807B,2018-11-16 19:45:00,gridsat,CRVBND,3,0.0142537085339427,0.6072630286216736,0.4696055054664612,0.08444675803184509,0.040664371103048325,0.0016543003730475903,0.1428288370370865,0.24563047289848328,0.3326475918292999,0.06100549176335335
201807B,2018-11-17 03:15:00,gridsat,CRVBND,3,0.015478878282010555,0.560373842716217,0.5243786573410034,0.0696287453174591,0.06288554519414902,0.00112616503611207,0.12264014035463333,0.31672361493110657,0.2746167778968811,0.05214768275618553
201807B,2018-11-17 10:15:00,gridsat,CRVBND,3,0.020633801817893982,0.6884390711784363,0.4951852858066559,0.05801911652088165,0.032201267778873444,0.0012578052701428533,0.2615048289299011,0.23801350593566895,0.19047485291957855,0.014270564541220665
201807B,2018-11-17 13:45:00,gridsat,CRVBND,3,0.013479558750987053,0.32561618089675903,0.7360491752624512,0.32525408267974854,0.03876376897096634,0.013180693611502647,0.07069608569145203,0.07956305891275406,0.14101144671440125,0.25638601183891296
201807B,2018-11-18 09:15:00,gridsat,CRVBND,3,0.041496578603982925,0.6332094073295593,0.5713528394699097,0.08025557547807693,0.0194068755954504,0.002564171329140663,0.23997308313846588,0.27276086807250977,0.12777060270309448,0.011209938675165176
201807B,2018-11-18 15:15:00,gridsat,SHEAR,3,0.0071321651339530945,0.06307041645050049,0.6098259687423706,0.6585885286331177,0.11775385588407516,0.14259560406208038,0.027412990108132362,0.04644577205181122,0.2378750443458557,0.08929964154958725
201807B,2018-11-18 21:15:00,gridsat,SHEAR,3,0.00519082834944129,0.0004882767389062792,0.5365073084831238,0.09401498734951019,0.25743764638900757,0.9015474915504456,0.014398445375263691,0.0012565116630867124,0.1864657998085022,0.002692845417186618
201807B,2018-11-19 03:15:00,gridsat,SHEAR,3,0.010089305229485035,0.033856939524412155,0.5751172304153442,0.3724077343940735,0.15613211691379547,0.06285198032855988,0.02591177634894848,0.056997720152139664,0.23274953663349152,0.4738856554031372
201807B,2018-11-19 09:15:00,gridsat,CRVBND,3,0.007330178748816252,0.2784113883972168,0.622866690158844,0.32482874393463135,0.14290830492973328,0.025312867015600204,0.023182671517133713,0.2632971704006195,0.2037121206521988,0.10814985632896423
201807B,2018-11-19 15:15:00,gridsat,SHEAR,3,0.002547415904700756,0.04326580464839935,0.24700453877449036,0.6094717979431152,0.7107713222503662,0.2410508543252945,0.0035691680386662483,0.011960585601627827,0.036107465624809265,0.09425104409456253
201808B,2018-12-15 15:15:00,gridsat,IRRCDO,4,0.0065271067433059216,0.22027385234832764,0.6304649114608765,0.13210012018680573,0.0229264535009861,0.0008770175627432764,0.06495551019906998,0.3278069496154785,0.27512603998184204,0.31894201040267944
201808B,2018-12-16 21:00:00,gridsat,EMBC,4,0.00717881741002202,0.5772438049316406,0.30727988481521606,0.13675571978092194,0.0061038220301270485,0.002113036112859845,0.6654493808746338,0.2576214671134949,0.01398808415979147,0.02626596949994564
201808B,2018-12-17 09:15:00,gridsat,CRVBND,4,0.007372064981609583,0.07011730968952179,0.9146308302879333,0.5055858492851257,0.06529956310987473,0.3052802085876465,0.0035978977102786303,0.03655216842889786,0.00909965205937624,0.08246443420648575
201901B,2019-04-27 14:45:00,gridsat,IRRCDO,0,0.012635965831577778,0.15020202100276947,0.1444208025932312,0.29188454151153564,0.0072998651303350925,0.011167972348630428,0.27515119314193726,0.15548844635486603,0.560492217540741,0.39125698804855347
201901B,2019-04-27 21:15:00,gridsat,CRVBND,0,0.00431764917448163,0.03606419637799263,0.7083399295806885,0.5424233675003052,0.16146615147590637,0.054089613258838654,0.020232152193784714,0.07490535080432892,0.10564407706260681,0.29251736402511597
201901B,2019-04-28 02:45:00,gridsat,CRVBND,0,0.09406229853630066,0.19500133395195007,0.21008671820163727,0.2110091745853424,0.0025462068151682615,0.003258315846323967,0.23088519275188446,0.2798776924610138,0.4624195992946625,0.3108534812927246
201901B,2019-04-28 09:15:00,gridsat,EMBC,0,0.09724158048629761,0.23683616518974304,0.5656147003173828,0.21650516986846924,0.007757931016385555,0.011594797484576702,0.21314045786857605,0.47211775183677673,0.1162453219294548,0.06294605135917664
201901B,2019-04-28 15:15:00,gridsat,CRVBND,0,0.021413471549749374,0.0760449767112732,0.48964181542396545,0.6031932234764099,0.07144863903522491,0.14487871527671814,0.016549604013562202,0.07305561751127243,0.4009464383125305,0.10282748937606812
201901B,2019-04-29 22:15:00,gridsat,EMBC,0,0.3922765851020813,0.2817976176738739,0.026107776910066605,0.10691283643245697,0.0004199044487904757,0.0020748127717524767,0.5699952244758606,0.545294463634491,0.01120055466890335,0.06392031908035278
201901B,2019-04-30 08:45:00,gridsat,EMBC,0,0.08766722679138184,0.2442771941423416,0.012525328435003757,0.31222718954086304,0.00018012947111856192,0.01286318525671959,0.8949976563453674,0.36518535017967224,0.004629631992429495,0.06544701755046844
201901B,2019-04-30 20:15:00,gridsat,EMBC,0,0.0557737834751606,0.3197363317012787,0.07696009427309036,0.06236201524734497,0.0011128479382023215,0.0006388421170413494,0.717063307762146,0.5410943627357483,0.1490900069475174,0.0761684849858284
201901B,2019-05-01 04:15:00,gridsat,EMBC,0,0.008315101265907288,0.30440446734428406,0.06942187994718552,0.05283738672733307,0.0036315752658993006,0.0003131190605927259,0.9091154932975769,0.5800074934959412,0.009515943005681038,0.06243757903575897
201901B,2019-05-01 09:15:00,gridsat,EYE,0,0.9595497250556946,0.48840126395225525,0.01067790761590004,0.20197232067584991,0.001788048422895372,0.01070422399789095,0.02409159578382969,0.27018484473228455,0.0038926692213863134,0.028737295418977737
201901B,2019-05-01 15:15:00,gridsat,EYE,0,0.9840547442436218,0.47841429710388184,0.0015410066116601229,0.1366240680217743,0.004027951508760452,0.005812503397464752,0.0068571921437978745,0.304309219121933,0.0035191436763852835,0.07483984529972076
201901B,2019-05-02 03:45:00,gridsat,EMBC,0,0.0019711393397301435,0.4358898997306824,0.0017340397462248802,0.010751207359135151,0.00019420609169173986,0.00014790002023801208,0.9958204030990601,0.5471320748329163,0.0002801802766043693,0.006078882142901421
201901B,2019-05-02 09:15:00,gridsat,EYE,0,0.9493790864944458,0.6006515622138977,0.008095369674265385,0.02606162056326866,0.0008850775775499642,0.00040803028969094157,0.035100411623716354,0.3670920133590698,0.006540118716657162,0.005786791443824768
201901B,2019-05-02 14:45:00,gridsat,EYE,0,0.8912031054496765,0.685425341129303,0.016110477969050407,0.03987123444676399,0.0015618718462064862,0.00043557939352467656,0.04655403643846512,0.26669180393218994,0.04457055777311325,0.0075760697945952415
201901B,2019-05-02 21:15:00,gridsat,EYE,0,0.9744887948036194,0.646726131439209,0.0020153410732746124,0.08146614581346512,0.012098020873963833,0.002116414485499263,0.00420426856726408,0.2583804726600647,0.007193650119006634,0.011310841888189316
201902A,2019-06-10 14:45:00,gridsat,IRRCDO,2,0.0014816145412623882,0.029932480305433273,0.8263018131256104,0.28562024235725403,0.007789004128426313,0.008798138238489628,0.002652152441442013,0.023652613162994385,0.16177530586719513,0.6519964933395386
201902A,2019-06-10 20:45:00,gridsat,CRVBND,2,0.0018672802252694964,0.053894080221652985,0.956865131855011,0.393813818693161,0.012539267539978027,0.012876232154667377,0.000591080344747752,0.058358822017908096,0.02813718281686306,0.4810570776462555
201902A,2019-06-11 03:45:00,gridsat,IRRCDO,2,0.0027421971317380667,0.2002033144235611,0.9160292148590088,0.32033801078796387,0.010685761459171772,0.004587844014167786,0.003320736810564995,0.16881683468818665,0.06722204387187958,0.3060539960861206
201902A,2019-06-11 09:15:00,gridsat,EMBC,2,0.002548633608967066,0.35659295320510864,0.8696929812431335,0.07509180158376694,0.004486994352191687,0.0016284961020573974,0.05046236887574196,0.5546571612358093,0.07280905544757843,0.012029626406729221
201902A,2019-06-11 14:45:00,gridsat,EYE,2,0.006642014253884554,0.3138163387775421,0.07928247004747391,0.14148114621639252,0.0018890199717134237,0.0026368701364845037,0.566068708896637,0.39387449622154236,0.3461178243160248,0.14819128811359406
201902A,2019-06-11 20:45:00,gridsat,IRRCDO,2,0.008880271576344967,0.2981951832771301,0.05941448360681534,0.08958287537097931,0.004608456511050463,0.0002784721436910331,0.3503420650959015,0.39754992723464966,0.5767547488212585,0.2143935263156891
201902A,2019-06-12 10:15:00,gridsat,EMBC,2,0.011996283195912838,0.47600579261779785,0.08926822990179062,0.11077772825956345,0.004880248103290796,0.0011915770592167974,0.4855838119983673,0.37427204847335815,0.4082713723182678,0.037752892822027206
201902A,2019-06-12 16:15:00,gridsat,IRRCDO,2,0.0050270818173885345,0.11137816309928894,0.148360013961792,0.17001231014728546,0.002409227192401886,0.0020928482990711927,0.0204043947160244,0.07207987457513809,0.8237992525100708,0.644436776638031
201902A,2019-06-13 08:15:00,gridsat,EYE,2,0.9586657285690308,0.5374895930290222,0.006662395782768726,0.07741791009902954,0.009213068522512913,0.002257023938000202,0.013492543250322342,0.3263587951660156,0.011966167949140072,0.056476693600416183
201902A,2019-06-13 15:15:00,gridsat,EYE,2,0.9508897662162781,0.4584020972251892,0.010249873623251915,0.09465183317661285,0.009935000911355019,0.0027024270966649055,0.006705246865749359,0.34246453642845154,0.022220052778720856,0.10177907347679138
201902A,2019-06-14 01:45:00,gridsat,EMBC,2,0.022710062563419342,0.7103533744812012,0.4131300449371338,0.05230199918150902,0.008933374658226967,0.002050717594102025,0.396049439907074,0.20988856256008148,0.15917706489562988,0.025405289605259895
201902A,2019-06-14 09:15:00,gridsat,EYE,2,0.02414790540933609,0.579859733581543,0.5220053195953369,0.04853178933262825,0.006563655566424131,0.0018135984428226948,0.39450424909591675,0.3574005961418152,0.05277882516384125,0.012394282966852188
201902A,2019-06-14 14:45:00,gridsat,CRVBND,2,0.2406718134880066,0.4498603045940399,0.10892941802740097,0.20120356976985931,0.010012137703597546,0.017547372728586197,0.604394257068634,0.2710324823856354,0.03599241375923157,0.0603562593460083
201902A,2019-06-15 03:15:00,gridsat,EYE,2,0.013909829780459404,0.2795915901660919,0.004853222984820604,0.009547284804284573,0.002357868943363428,4.326637281337753e-05,0.9601898193359375,0.706977128982544,0.018689289689064026,0.0038406860549002886
201902A,2019-06-15 07:45:00,gridsat,EYE,2,0.008301733061671257,0.4849352538585663,0.0760430321097374,0.031872086226940155,0.0023364706430584192,0.0005045118159614503,0.870442807674408,0.47118663787841797,0.04287591204047203,0.01150150503963232
201902A,2019-06-15 15:15:00,gridsat,CRVBND,2,0.04058026149868965,0.3003189265727997,0.5703844428062439,0.27583760023117065,0.010502616874873638,0.01421019621193409,0.3619413375854492,0.255384624004364,0.01659136265516281,0.15424862504005432
201902A,2019-06-15 20:45:00,gridsat,IRRCDO,2,0.015072474256157875,0.3053455948829651,0.5143662691116333,0.2591853737831116,0.010306946001946926,0.011574671603739262,0.39065635204315186,0.2111295461654663,0.06959796696901321,0.21276478469371796
201902A,2019-06-16 03:15:00,gridsat,CRVBND,2,0.008581156842410564,0.24987702071666718,0.4510304033756256,0.13390862941741943,0.021481463685631752,0.0012713882606476545,0.07941748946905136,0.32492148876190186,0.439489483833313,0.29002144932746887
201902A,2019-06-16 08:15:00,gridsat,IRRCDO,2,0.01173156127333641,0.19862264394760132,0.25397610664367676,0.24150267243385315,0.08053004741668701,0.013422579504549503,0.4938790202140808,0.46029168367385864,0.15988324582576752,0.08616040647029877
201902A,2019-06-16 14:45:00,gridsat,SHEAR,2,0.003978137392550707,0.03161771968007088,0.14643752574920654,0.5015104413032532,0.08624919503927231,0.25048092007637024,0.03525343909859657,0.0772501528263092,0.7280817031860352,0.1391407549381256
201902A,2019-06-16 21:15:00,gridsat,SHEAR,2,0.0019187082070857286,4.7655201342422515e-05,0.0018446852918714285,0.008891455829143524,0.9929102063179016,0.9908017516136169,0.0010264787124469876,0.0002030938776442781,0.0022999653592705727,5.614978726953268e-05
201902A,2019-06-17 03:15:00,gridsat,SHEAR,2,0.0014813613379374146,6.34196912869811e-05,0.002807808807119727,0.007982542738318443,0.991815984249115,0.9916247725486755,0.0011361746583133936,0.00029358937172219157,0.002758618677034974,3.5663266316987574e-05
201902A,2019-06-17 09:15:00,gridsat,SHEAR,2,0.0007216131198219955,1.2772624359058682e-05,0.0030284093227237463,0.002559165470302105,0.99078369140625,0.9974172115325928,0.0005147221381776035,8.027441253943834e-06,0.00495156180113554,2.708327428990742e-06
201903A,2019-09-23 03:45:00,gridsat,EMBC,1,0.04600413143634796,0.5519399642944336,0.1100902408361435,0.059822309762239456,0.002681344747543335,0.0024628550745546818,0.8235653638839722,0.34935617446899414,0.01765882596373558,0.03641870245337486
201903A,2019-09-23 09:15:00,gridsat,CRVBND,1,0.9729260206222534,0.47764724493026733,0.0017413010355085135,0.16174142062664032,0.000775983848143369,0.01915980689227581,0.02351340278983116,0.2601184546947479,0.0010433094576001167,0.08133304864168167
201903A,2019-09-23 14:45:00,gridsat,EMBC,1,0.19909285008907318,0.51318359375,0.3225857615470886,0.21164067089557648,0.003763600019738078,0.01649530790746212,0.38833674788475037,0.12773270905017853,0.08622106164693832,0.13094767928123474
201903A,2019-09-24 01:45:00,gridsat,EYE,1,0.6549065709114075,0.6011898517608643,0.23702946305274963,0.1809202879667282,0.014446097426116467,0.0171054694801569,0.08095674216747284,0.15090115368366241,0.012661083601415157,0.04988321661949158
201903A,2019-09-24 14:15:00,gridsat,EMBC,1,0.6311800479888916,0.5165379047393799,0.14057649672031403,0.27315273880958557,0.0389840267598629,0.07238146662712097,0.18150833249092102,0.10682852566242218,0.007751121651381254,0.03109927475452423
201904A,2019-10-25 12:45:00,gridsat,EMBC,1,0.13848936557769775,0.6521382927894592,0.16411125659942627,0.10620017349720001,0.051783688366413116,0.003512344788759947,0.24762654304504395,0.10288994014263153,0.3979891240596771,0.135259211063385
201904A,2019-10-25 16:45:00,gridsat,EMBC,1,0.058118198066949844,0.6654203534126282,0.038875430822372437,0.04030583053827286,0.004195710178464651,0.00029095675563439727,0.8675525784492493,0.24690337479114532,0.03125810623168945,0.04707944765686989
201904A,2019-10-25 22:45:00,gridsat,EMBC,1,0.3053455054759979,0.6530978679656982,0.06429506093263626,0.026980990543961525,0.004663085099309683,0.00015261270164046437,0.6169430017471313,0.2864089608192444,0.008753417991101742,0.033359549939632416
201904A,2019-10-26 07:15:00,gridsat,EMBC,1,0.05426672846078873,0.5647956132888794,0.005748298019170761,0.0718151181936264,0.003209433052688837,0.00098739517852664,0.9297548532485962,0.2770389914512634,0.007020737510174513,0.08536287397146225
201904A,2019-10-26 12:15:00,gridsat,EYE,1,0.9567885398864746,0.7159865498542786,0.000291400880087167,0.05367261916399002,0.0012977515580132604,0.0009150810656137764,0.039906419813632965,0.1743902564048767,0.001715893391519785,0.05503549426794052
201904A,2019-10-26 18:15:00,gridsat,EYE,1,0.9935030341148376,0.6545304656028748,0.00013988367572892457,0.05579095333814621,0.0011906303698197007,0.0008429971639998257,0.0041693029925227165,0.2393677681684494,0.0009971631225198507,0.04946780577301979
201904A,2019-10-27 00:15:00,gridsat,EYE,1,0.9976658821105957,0.711463212966919,9.884038445306942e-05,0.05846446752548218,0.0010220028925687075,0.0007940848008729517,0.0005819866200909019,0.20838119089603424,0.0006313414196483791,0.020897001028060913
201904A,2019-10-27 06:15:00,gridsat,EYE,1,0.9893891215324402,0.6288471221923828,0.0011675737332552671,0.07979724556207657,0.004087536595761776,0.0016804657643660903,0.002026262693107128,0.27650192379951477,0.003329541767016053,0.013173265382647514
201904A,2019-10-27 11:45:00,gridsat,EYE,1,0.9934282898902893,0.6167174577713013,0.000423355057137087,0.10286002606153488,0.00250571989454329,0.0022128287237137556,0.0017775805899873376,0.25727328658103943,0.0018650252604857087,0.020936409011483192
201904A,2019-10-27 18:15:00,gridsat,EYE,1,0.9897353649139404,0.6576153039932251,0.0008968127658590674,0.10824967175722122,0.004584778565913439,0.002930812304839492,0.0017267719376832247,0.18556450307369232,0.003056297544389963,0.045639634132385254
201904A,2019-10-28 00:15:00,gridsat,EYE,1,0.9969801306724548,0.6558196544647217,9.835847595240921e-05,0.04497145116329193,0.0013355795526877046,0.0005919987452216446,0.0008423824911005795,0.2585947811603546,0.0007435683510266244,0.04002219811081886
201904A,2019-10-28 06:15:00,gridsat,EYE,1,0.995762050151825,0.6640914678573608,0.00028240401297807693,0.04434601590037346,0.0019675730727612972,0.000845466973260045,0.0007789375958964229,0.2813361883163452,0.0012091343523934484,0.0093808239325881
201904A,2019-10-28 12:15:00,gridsat,EYE,1,0.9963346719741821,0.636430561542511,0.0002602875465527177,0.061598870903253555,0.001726506627164781,0.0011240470921620727,0.000682312180288136,0.2889851927757263,0.0009963084012269974,0.011861241422593594
201904A,2019-10-28 17:45:00,gridsat,EYE,1,0.9966276288032532,0.7198541760444641,0.000314616336254403,0.07585857063531876,0.0011001366656273603,0.0019504514057189226,0.0006873206002637744,0.15954218804836273,0.0012703414540737867,0.04279456287622452
201904A,2019-10-29 06:15:00,gridsat,EYE,1,0.9961877465248108,0.7208437919616699,0.00036720585194416344,0.0664588212966919,0.0013388267252594233,0.002747700084000826,0.0008063189452514052,0.18981796503067017,0.0012998530874028802,0.020131628960371017
201904A,2019-10-29 11:45:00,gridsat,EYE,1,0.9003357291221619,0.7031493186950684,0.002841899637132883,0.06524188071489334,0.004814158659428358,0.002897864207625389,0.08875443041324615,0.21198275685310364,0.003253866219893098,0.016728142276406288
201904A,2019-10-29 17:45:00,gridsat,EMBC,1,0.031226597726345062,0.6865500807762146,0.1365179419517517,0.043128155171871185,0.0037191209848970175,0.0009681670344434679,0.47412440180778503,0.24768170714378357,0.35441192984580994,0.021671893075108528
201904A,2019-10-29 23:15:00,gridsat,EMBC,1,0.09527935832738876,0.701308012008667,0.0336645282804966,0.06163487583398819,0.005933541804552078,0.0022437646985054016,0.8487904667854309,0.1748143434524536,0.016332147642970085,0.05999895557761192
201904A,2019-10-30 12:15:00,gridsat,CRVBND,1,0.03520428389310837,0.4659561812877655,0.8593164086341858,0.21312668919563293,0.013120020739734173,0.02362053096294403,0.014721890911459923,0.21642397344112396,0.0776374489068985,0.08087272197008133
201905A,2019-10-30 12:15:00,gridsat,CRVBND,0,0.008879631757736206,0.10347091406583786,0.35274243354797363,0.49320700764656067,0.01980973780155182,0.05155010521411896,0.23746761679649353,0.11973554641008377,0.38110053539276123,0.23203645646572113
201904A,2019-10-30 18:15:00,gridsat,SHEAR,1,0.2572025954723358,0.04886198043823242,0.5140166282653809,0.3468692898750305,0.1602584421634674,0.5064444541931152,0.0019987679552286863,0.012191004119813442,0.06652363389730453,0.08563333004713058
201905A,2019-10-30 18:15:00,gridsat,CRVBND,0,0.01925957389175892,0.0739055648446083,0.5082898736000061,0.39661940932273865,0.0887843668460846,0.021424582228064537,0.009184098802506924,0.08213168382644653,0.37448203563690186,0.4259187579154968
201904A,2019-10-30 23:45:00,gridsat,CRVBND,1,0.08262110501527786,0.08100047707557678,0.21353453397750854,0.40425899624824524,0.585381031036377,0.26657649874687195,0.00200680666603148,0.10493728518486023,0.11645657569169998,0.14322662353515625
201904A,2019-10-31 05:45:00,gridsat,SHEAR,1,0.015166093595325947,0.005620815325528383,0.03448747843503952,0.13879354298114777,0.9367707967758179,0.8236213326454163,0.0009231365984305739,0.01906244456768036,0.01265244372189045,0.012901918031275272
201904A,2019-10-31 11:45:00,gridsat,SHEAR,1,0.09995350241661072,0.06925205886363983,0.4473022520542145,0.35436099767684937,0.42122846841812134,0.3721615672111511,0.003867227351292968,0.045206762850284576,0.02764849364757538,0.1590186357498169
201905A,2019-10-31 12:45:00,gridsat,CRVBND,0,0.010298224166035652,0.2195359170436859,0.22658996284008026,0.3178739845752716,0.011895377188920975,0.016910526901483536,0.5943498611450195,0.1387813240289688,0.15686659514904022,0.3068982660770416
201904A,2019-10-31 17:45:00,gridsat,CRVBND,1,0.12893465161323547,0.053610410541296005,0.068094901740551,0.38076725602149963,0.691121518611908,0.4686374366283417,0.005411088932305574,0.03484923020005226,0.10643776506185532,0.06213562190532684
201905A,2019-10-31 17:45:00,gridsat,IRRCDO,0,0.010950300842523575,0.11129540950059891,0.7338431477546692,0.2717367708683014,0.02324506640434265,0.0049946606159210205,0.03636634722352028,0.06451710313558578,0.1955951750278473,0.5474560856819153
201904A,2019-11-01 00:15:00,gridsat,CRVBND,1,0.041497208178043365,0.030215412378311157,0.018012186512351036,0.2875908315181732,0.9349848031997681,0.6141452789306641,0.0005337988259270787,0.012612976133823395,0.004972047172486782,0.055435486137866974
201905A,2019-11-01 00:45:00,gridsat,CRVBND,0,0.013886400498449802,0.2697075605392456,0.7487847805023193,0.11682455241680145,0.025520801544189453,0.005631632637232542,0.059137385338544846,0.37980443239212036,0.15267066657543182,0.22803187370300293
201904A,2019-11-01 05:45:00,gridsat,SHEAR,1,0.13806544244289398,0.10731693357229233,0.42601194977760315,0.3629628121852875,0.38826316595077515,0.3472226858139038,0.0011328384280204773,0.06866767257452011,0.046526648104190826,0.11382979154586792
201905A,2019-11-01 06:15:00,gridsat,CRVBND,0,0.006385429296642542,0.1224951446056366,0.22871071100234985,0.37139827013015747,0.044177670031785965,0.06246994808316231,0.4350030720233917,0.18827489018440247,0.28572309017181396,0.25536176562309265
201904A,2019-11-01 11:45:00,gridsat,CRVBND,1,0.09097771346569061,0.3563302457332611,0.2943320870399475,0.05256154388189316,0.07591505348682404,0.0017099134856835008,0.12984734773635864,0.5365681052207947,0.4089278280735016,0.052830155938863754
201905A,2019-11-01 12:45:00,gridsat,CRVBND,0,0.014245150610804558,0.438765287399292,0.15274786949157715,0.12078704684972763,0.007970320992171764,0.006712932139635086,0.7110732197761536,0.37948232889175415,0.11396350711584091,0.05425240844488144
201905A,2019-11-02 13:15:00,gridsat,CRVBND,0,0.020146505907177925,0.6386752724647522,0.18510469794273376,0.1206747516989708,0.0063387556001544,0.014352873899042606,0.6968031525611877,0.20798222720623016,0.09160692989826202,0.018314914777874947
201905A,2019-11-02 18:15:00,gridsat,CRVBND,0,0.014101224020123482,0.15995405614376068,0.6581105589866638,0.5210075378417969,0.024925077334046364,0.20054826140403748,0.2532578110694885,0.042205531150102615,0.04960530251264572,0.07628459483385086
201905A,2019-11-02 23:45:00,gridsat,CRVBND,0,0.014792755246162415,0.3829912841320038,0.8285948634147644,0.3150308132171631,0.03950415551662445,0.028817161917686462,0.051975928246974945,0.1275038868188858,0.06513231992721558,0.1456567645072937
201905A,2019-11-03 13:15:00,gridsat,EYE,0,0.013522875495254993,0.7029061913490295,0.0021528713405132294,0.03473949804902077,0.0003495700075291097,0.0023336198646575212,0.9797171950340271,0.2534732520580292,0.004257533699274063,0.006547489203512669
201905A,2019-11-03 17:45:00,gridsat,EYE,0,0.9391610622406006,0.6112419962882996,0.0056041209027171135,0.17184868454933167,0.009748286567628384,0.037448983639478683,0.016892651095986366,0.16564464569091797,0.028593869879841805,0.013815687969326973
201905A,2019-11-03 23:45:00,gridsat,EYE,0,0.8568209409713745,0.618054211139679,0.04519623517990112,0.18080733716487885,0.03490561991930008,0.0506737194955349,0.030271830037236214,0.1388295739889145,0.032805364578962326,0.011635098606348038
201905A,2019-11-04 06:15:00,gridsat,EYE,0,0.9572882652282715,0.713273823261261,0.005841383710503578,0.07930167019367218,0.026128621771931648,0.025313232094049454,0.003153260098770261,0.17813438177108765,0.007588503882288933,0.0039769066497683525
201905A,2019-11-04 11:45:00,gridsat,EYE,0,0.9644851684570312,0.7412761449813843,0.01009468361735344,0.06304515153169632,0.015275666490197182,0.011358486488461494,0.004459270276129246,0.1786561906337738,0.005685190204530954,0.005663941148668528
201905A,2019-11-04 17:45:00,gridsat,EYE,0,0.9618952870368958,0.6319140195846558,0.009189127944409847,0.05204011872410774,0.014706718735396862,0.012753411196172237,0.005500790197402239,0.2877090275287628,0.008708014152944088,0.015583474189043045
201905A,2019-11-05 05:45:00,gridsat,EYE,0,0.007527266163378954,0.7651654481887817,0.7704723477363586,0.04554574191570282,0.11019058525562286,0.015877969563007355,0.026149943470954895,0.1718076914548874,0.08565983176231384,0.0016032145358622074
201905A,2019-11-05 11:15:00,gridsat,EMBC,0,0.053539007902145386,0.6462867856025696,0.011746175587177277,0.03624944016337395,0.0036159567534923553,0.007162135094404221,0.8684481382369995,0.30264660716056824,0.06265076249837875,0.007655012886971235
201905A,2019-11-05 17:45:00,gridsat,CRVBND,0,0.1098613515496254,0.3701518177986145,0.03779909014701843,0.34062692523002625,0.010272675193846226,0.08138715475797653,0.7915943264961243,0.11704381555318832,0.05047260597348213,0.09079033136367798
201905A,2019-11-05 23:45:00,gridsat,CRVBND,0,0.03351815044879913,0.03409814089536667,0.5569710731506348,0.2948760688304901,0.28070488572120667,0.6537306904792786,0.022061126306653023,0.006784167606383562,0.10674475133419037,0.010510917752981186
201905A,2019-11-06 05:15:00,gridsat,CRVBND,0,0.013457592576742172,0.3751882314682007,0.6548995971679688,0.29315245151519775,0.24189037084579468,0.17454461753368378,0.015365035273134708,0.09425350278615952,0.07438737899065018,0.0628611370921135
201905A,2019-11-06 18:00:00,gridsat,SHEAR,0,0.01163398940116167,0.0008491506450809538,0.05154073238372803,0.08917628228664398,0.9093207716941833,0.9050164222717285,0.00809561088681221,0.0004513186286203563,0.019408922642469406,0.004506799858063459
201905A,2019-11-06 23:45:00,gridsat,SHEAR,0,0.002065127482637763,9.945258170773741e-06,0.012673727236688137,0.011776856146752834,0.9763884544372559,0.9881883263587952,0.0010295710526406765,7.418871518893866e-06,0.007843238301575184,1.7406813640263863e-05
201905A,2019-11-07 05:15:00,gridsat,SHEAR,0,0.0032495404593646526,2.432394467177801e-06,0.007874898612499237,0.0029036682099103928,0.9831961393356323,0.9970929622650146,0.0012559352908283472,4.3558057427617314e-07,0.004423441831022501,4.5442740770340606e-07
201906A,2019-12-03 09:15:00,gridsat,CRVBND,3,0.012584364973008633,0.07524970173835754,0.48063668608665466,0.42517924308776855,0.2342739850282669,0.020500145852565765,0.03337994962930679,0.14601098001003265,0.23912504315376282,0.33305999636650085
201906A,2019-12-03 15:15:00,gridsat,SHEAR,3,0.007922346703708172,0.008338340558111668,0.3293786942958832,0.5223793983459473,0.44571107625961304,0.16204522550106049,0.013587484136223793,0.02113291434943676,0.2034003883600235,0.28610408306121826
201907A,2019-12-03 15:15:00,gridsat,CRVBND,1,0.1010446846485138,0.45269575715065,0.6618077754974365,0.2185700237751007,0.06701482832431793,0.014530442655086517,0.02047104574739933,0.12780332565307617,0.14966168999671936,0.1864003986120224
201906A,2019-12-03 20:15:00,gridsat,CRVBND,3,0.014471500180661678,0.17524652183055878,0.2714652717113495,0.1834898740053177,0.03171854838728905,0.000915916170924902,0.08476273715496063,0.20564688742160797,0.5975819230079651,0.4347008168697357
201907A,2019-12-03 20:45:00,gridsat,IRRCDO,1,0.09452587366104126,0.18561461567878723,0.8810814023017883,0.3110775947570801,0.012122885324060917,0.029915859922766685,0.0044961231760680676,0.18122905492782593,0.007773691788315773,0.2921628952026367
201906A,2019-12-04 02:45:00,gridsat,EMBC,3,0.03181154653429985,0.35293149948120117,0.21255342662334442,0.022373931482434273,0.05839487537741661,7.300006109289825e-05,0.2589705288410187,0.5651626586914062,0.43826964497566223,0.05945888161659241
201907A,2019-12-04 03:15:00,gridsat,CRVBND,1,0.03185173496603966,0.10366255789995193,0.5871183276176453,0.404092401266098,0.23157396912574768,0.10062459856271744,0.003286977531388402,0.16122566163539886,0.14616897702217102,0.23039479553699493
201906A,2019-12-04 09:15:00,gridsat,CRVBND,3,0.0294581837952137,0.4580627679824829,0.3590640425682068,0.07561098784208298,0.04543442651629448,0.0013279439881443977,0.20212669670581818,0.4417005181312561,0.3639166057109833,0.023297812789678574
201907A,2019-12-04 08:45:00,gridsat,SHEAR,1,0.01013277843594551,0.0036355166230350733,0.04271269962191582,0.18604396283626556,0.9350385665893555,0.7706194519996643,0.0004696723772212863,0.00969232153147459,0.011646291241049767,0.03000880964100361
201906A,2019-12-04 14:45:00,gridsat,CRVBND,3,0.006810773629695177,0.06850744038820267,0.48965346813201904,0.6079862713813782,0.2851242423057556,0.1630248874425888,0.012648798525333405,0.08528543263673782,0.20576265454292297,0.07519598305225372
201907A,2019-12-04 15:15:00,gridsat,SHEAR,1,0.016989557072520256,1.4962239220039919e-05,0.016244830563664436,0.018422931432724,0.9604783058166504,0.9811667799949646,0.0001792517869034782,1.8269669453729875e-05,0.006108134984970093,0.0003770686744246632
201906A,2019-12-04 20:45:00,gridsat,CRVBND,3,0.020397983491420746,0.12303148210048676,0.38550865650177,0.15681242942810059,0.11826886981725693,0.002019627718254924,0.06939589977264404,0.2627713978290558,0.4064285159111023,0.45536503195762634
201907A,2019-12-04 20:45:00,gridsat,SHEAR,1,0.026964299380779266,7.736456609563902e-05,0.0065978211350739,0.02689087577164173,0.9586590528488159,0.9636508822441101,0.0002420943637844175,9.229735042026732e-06,0.007536727469414473,0.009371667169034481
201906A,2019-12-05 02:45:00,gridsat,CRVBND,3,0.008258506655693054,0.23744474351406097,0.3494766354560852,0.17465326189994812,0.09161188453435898,0.0013516023755073547,0.03143111988902092,0.41974717378616333,0.5192219018936157,0.16680318117141724
201906A,2019-12-05 15:00:00,gridsat,CRVBND,3,0.005250727292150259,0.12214680016040802,0.4000782370567322,0.5626935958862305,0.41271406412124634,0.05025564879179001,0.008895534090697765,0.10479172319173813,0.17306147515773773,0.16011221706867218
201906A,2019-12-05 20:45:00,gridsat,IRRCDO,3,0.007193249184638262,0.27973121404647827,0.4266889691352844,0.1265111118555069,0.22385236620903015,0.0006922121392562985,0.021619029343128204,0.16556891798973083,0.32064634561538696,0.4274964928627014
201906A,2019-12-06 09:45:00,gridsat,CRVBND,3,0.039866767823696136,0.5073347687721252,0.5044559240341187,0.10327032953500748,0.03628170117735863,0.003786467481404543,0.1316930204629898,0.35830366611480713,0.2877025902271271,0.027304789051413536
201906A,2019-12-06 14:45:00,gridsat,CRVBND,3,0.010402408428490162,0.0765661895275116,0.6238654255867004,0.6217055320739746,0.04786289855837822,0.03833622485399246,0.03639587387442589,0.053671933710575104,0.2814733684062958,0.20972007513046265
201906A,2019-12-06 20:45:00,gridsat,CRVBND,3,0.011606457643210888,0.03393438458442688,0.7475861310958862,0.6321154832839966,0.06033177301287651,0.07231698930263519,0.04762820526957512,0.03429796174168587,0.13284748792648315,0.227335125207901
202001B,2020-05-17 09:15:00,gridsat,EMBC,4,0.01738545298576355,0.11212152242660522,0.6192840933799744,0.5226634740829468,0.006854215171188116,0.011404522694647312,0.31809282302856445,0.2873658239841461,0.038383349776268005,0.06644461303949356
202001B,2020-05-17 15:15:00,gridsat,EMBC,4,0.8053470253944397,0.30104318261146545,0.012175125069916248,0.1769055426120758,0.00844522938132286,0.002172763692215085,0.1537821888923645,0.3792315423488617,0.020250389352440834,0.14064691960811615
202001B,2020-05-17 20:45:00,gridsat,EYE,4,0.8906750082969666,0.24044117331504822,0.011532816104590893,0.10527221858501434,0.011863474734127522,0.0003973286075051874,0.0608304962515831,0.5894920229911804,0.02509824000298977,0.06439728289842606
202001B,2020-05-18 02:45:00,gridsat,EYE,4,0.9081356525421143,0.26609358191490173,0.010182657279074192,0.12417232990264893,0.011044607497751713,0.000449961080448702,0.04803670570254326,0.582510769367218,0.022600369527935982,0.02677340991795063
202001B,2020-05-18 08:45:00,gridsat,EYE,4,0.9226809144020081,0.17130029201507568,0.009277911856770515,0.25340065360069275,0.009622998535633087,0.0010585823329165578,0.036816712468862534,0.545088529586792,0.021601496264338493,0.02915193885564804
202001B,2020-05-18 15:15:00,gridsat,EYE,4,0.9128052592277527,0.25219810009002686,0.011671483516693115,0.2743287682533264,0.012735751457512379,0.0022506185341626406,0.043934278190135956,0.4396071434020996,0.01885315403342247,0.03161534294486046
202001B,2020-05-18 22:15:00,gridsat,EMBC,4,0.005463771056383848,0.37725841999053955,0.10708548128604889,0.14178475737571716,0.0046072350814938545,0.0008065130095928907,0.8494449853897095,0.43955451250076294,0.03339853510260582,0.040595777332782745
202001B,2020-05-19 07:45:00,gridsat,EMBC,4,0.015413914807140827,0.3037700653076172,0.746421754360199,0.2478635609149933,0.013975764624774456,0.00153891381341964,0.08100546151399612,0.428714394569397,0.14318309724330902,0.018113071098923683
202001B,2020-05-19 15:15:00,gridsat,EMBC,4,0.009910458698868752,0.3533388674259186,0.694259524345398,0.1694120615720749,0.009628117084503174,0.0004762197204399854,0.11546555161476135,0.4551788866519928,0.17073632776737213,0.021593883633613586
202001B,2020-05-20 01:45:00,gridsat,EMBC,4,0.008062735199928284,0.5238190293312073,0.12394782900810242,0.12633822858333588,0.006533164065331221,0.0004921882064081728,0.8153475522994995,0.33623528480529785,0.04610871523618698,0.013115271925926208
202002A,2020-06-02 23:45:00,gridsat,EYE,4,0.015954945236444473,0.3301313817501068,0.006910889875143766,0.18736815452575684,0.0019061571219936013,0.0038011332508176565,0.9673495888710022,0.26160728931427,0.007878473959863186,0.21709205210208893
202002A,2020-06-03 06:15:00,gridsat,EYE,4,0.13334013521671295,0.3753560483455658,0.14087268710136414,0.229808509349823,0.01763756573200226,0.006606984417885542,0.6914063692092896,0.29621201753616333,0.016743263229727745,0.09201639145612717
202003A,2020-11-22 06:15:00,gridsat,EYE,4,0.7356114387512207,0.5985382795333862,0.18641254305839539,0.07004710286855698,0.02668040432035923,0.0026933192275464535,0.017508549615740776,0.3190653920173645,0.0337870791554451,0.00965586956590414
202003A,2020-11-22 11:45:00,gridsat,EYE,4,0.8511378765106201,0.5406783223152161,0.11136046051979065,0.2060929536819458,0.01299317553639412,0.0495416559278965,0.00910717248916626,0.18208475410938263,0.015401226468384266,0.021602343767881393
202003A,2020-11-23 11:45:00,gridsat,SHEAR,4,0.010191223584115505,0.0012642948422580957,0.008511381223797798,0.15890765190124512,0.9724200963973999,0.831196665763855,0.0036707408726215363,0.0031444584019482136,0.005206672009080648,0.005486868787556887
202003A,2020-11-23 17:45:00,gridsat,SHEAR,4,0.01746422052383423,0.0017169133061543107,0.019801834598183632,0.2499731332063675,0.9476903080940247,0.7407522201538086,0.005988681223243475,0.0017661702586337924,0.009054911322891712,0.005791500210762024
202004B,2020-11-23 18:15:00,gridsat,CRVBND,2,0.0022929024416953325,0.021035389974713326,0.595373809337616,0.6032444834709167,0.3643389642238617,0.12579584121704102,0.0010848044184967875,0.045659929513931274,0.03690949082374573,0.2042643427848816
202003A,2020-11-23 23:45:00,gridsat,CRVBND,4,0.014781150035560131,0.03525905683636665,0.02366582117974758,0.48169320821762085,0.9450369477272034,0.41999852657318115,0.006150519009679556,0.008733890019357204,0.010365651920437813,0.05431529879570007
202004B,2020-11-23 23:45:00,gridsat,CRVBND,2,0.0015024946769699454,0.19896240532398224,0.7975277304649353,0.30700913071632385,0.12186654657125473,0.012814100831747055,0.0027481908909976482,0.28889068961143494,0.07635506242513657,0.1923236846923828
202003A,2020-11-24 05:15:00,gridsat,CRVBND,4,0.01081992406398058,0.02030627243220806,0.025308063253760338,0.36550217866897583,0.9521388411521912,0.5871695280075073,0.003667280776426196,0.009516133926808834,0.008065895177423954,0.01750589907169342
202004B,2020-11-25 06:45:00,gridsat,EMBC,2,0.038112085312604904,0.6285665035247803,0.08538507670164108,0.04296666383743286,0.007945699617266655,0.001025404199026525,0.8330143690109253,0.3188548982143402,0.03554283827543259,0.008586430922150612
202004B,2020-11-25 13:15:00,gridsat,EMBC,2,0.011450528167188168,0.6571230292320251,0.4414721429347992,0.05482662841677666,0.009343286976218224,0.0012893584789708257,0.36408746242523193,0.2739947736263275,0.17364659905433655,0.012766116298735142
202004B,2020-11-25 18:45:00,gridsat,IRRCDO,2,0.018868230283260345,0.5175890922546387,0.7220898270606995,0.21106202900409698,0.015597381629049778,0.010395506396889687,0.17524826526641846,0.13156743347644806,0.06819631159305573,0.12938591837882996
202005B,2020-12-01 19:30:00,gridsat,EMBC,1,0.08247523754835129,0.5116115212440491,0.8233126997947693,0.11073040962219238,0.0056426855735480785,0.0011738757602870464,0.0250640157610178,0.3033401370048523,0.0635053738951683,0.07314403355121613
202005B,2020-12-02 01:15:00,gridsat,EMBC,1,0.07611013948917389,0.49891719222068787,0.3076792359352112,0.1384221762418747,0.0024223339278250933,0.002464648336172104,0.5671366453170776,0.32920700311660767,0.04665170609951019,0.030988959595561028
202005B,2020-12-02 11:15:00,gridsat,CRVBND,1,0.3904038965702057,0.23130400478839874,0.3134309649467468,0.2985256016254425,0.005623968783766031,0.02075888030230999,0.17166025936603546,0.14802999794483185,0.11888091266155243,0.3013814687728882
202005B,2020-12-02 17:45:00,gridsat,CRVBND,1,0.20795440673828125,0.08626731485128403,0.6988070607185364,0.32285431027412415,0.0022635874338448048,0.02091025747358799,0.022352198138833046,0.12149082124233246,0.06862273812294006,0.44847729802131653
202005B,2020-12-02 22:45:00,gridsat,EMBC,1,0.23744896054267883,0.44225695729255676,0.16722999513149261,0.09732028841972351,0.009538187645375729,0.0020154044032096863,0.477803498506546,0.33858537673950195,0.10797937959432602,0.11982200294733047
202005B,2020-12-03 06:45:00,gridsat,CRVBND,1,0.13498875498771667,0.3630373477935791,0.7358707785606384,0.27266132831573486,0.006218758877366781,0.02196696400642395,0.06933192908763885,0.2601340115070343,0.05358981341123581,0.08220039308071136
202005B,2020-12-03 12:00:00,gridsat,CRVBND,1,0.06860600411891937,0.04038127511739731,0.199166402220726,0.3483879864215851,0.660641074180603,0.47663313150405884,0.0038060450460761786,0.02535051479935646,0.067780502140522,0.10924706608057022
202005B,2020-12-03 23:45:00,gridsat,CRVBND,1,0.0885632336139679,0.14323444664478302,0.20791149139404297,0.3432532548904419,0.6234899163246155,0.04512077942490578,0.00813304353505373,0.15978819131851196,0.07190228998661041,0.30860328674316406
202005B,2020-12-04 06:15:00,gridsat,CRVBND,1,0.06024281680583954,0.12335172295570374,0.7146561145782471,0.4280320405960083,0.14707781374454498,0.14386144280433655,0.0037971751298755407,0.11256082355976105,0.07422608882188797,0.19219394028186798
202005B,2020-12-04 11:45:00,gridsat,CRVBND,1,0.06726039946079254,0.13990046083927155,0.26140159368515015,0.4171704351902008,0.6416358351707458,0.13962851464748383,0.0020000434014946222,0.06706932932138443,0.027702078223228455,0.23623126745224
202005B,2020-12-05 05:15:00,gridsat,CRVBND,1,0.051893338561058044,0.14064964652061462,0.7721482515335083,0.5008926391601562,0.03670071065425873,0.15975229442119598,0.003115667961537838,0.15924865007400513,0.13614194095134735,0.03945677727460861
202101A,2021-05-14 09:45:00,gridsat,CRVBND,1,0.01486353948712349,0.04031308740377426,0.9099340438842773,0.5964593291282654,0.017876191064715385,0.03970237821340561,0.022022482007741928,0.1584743708372116,0.03530381619930267,0.16505080461502075
202101A,2021-05-14 15:15:00,gridsat,CRVBND,1,0.1633749008178711,0.08234169334173203,0.7104938626289368,0.19191314280033112,0.0034263196866959333,0.0023613839875906706,0.04437774419784546,0.21201901137828827,0.07832713425159454,0.511364758014679
202101A,2021-05-14 20:15:00,gridsat,CRVBND,1,0.40365731716156006,0.17637497186660767,0.34653666615486145,0.2115219533443451,0.007468719966709614,0.0015105166239663959,0.14154019951820374,0.30709514021873474,0.1007971540093422,0.3034974932670593
202101A,2021-05-15 03:15:00,gridsat,EMBC,1,0.05161699652671814,0.36894458532333374,0.28903648257255554,0.15389332175254822,0.008505091071128845,0.001743512460961938,0.40896332263946533,0.3852766156196594,0.24187807738780975,0.09014198184013367
202101A,2021-05-15 21:15:00,gridsat,EMBC,1,0.48673373460769653,0.5177449584007263,0.004605752415955067,0.06327559798955917,0.005778125021606684,0.000324381107930094,0.49619293212890625,0.3603542745113373,0.00668939296156168,0.05830078572034836
202101A,2021-05-16 09:15:00,gridsat,EYE,1,0.9916564226150513,0.5556853413581848,0.0001688196643954143,0.09792986512184143,0.0009130885009653866,0.0011176118860021234,0.006206831429153681,0.2933277487754822,0.0010548604186624289,0.05193941295146942
202101A,2021-05-16 15:15:00,gridsat,EYE,1,0.9925187826156616,0.48829561471939087,0.00020980503177270293,0.13008980453014374,0.0013411927502602339,0.0013482248177751899,0.004504761192947626,0.3242744505405426,0.0014253170229494572,0.05599193647503853
202101A,2021-05-16 21:15:00,gridsat,EYE,1,0.9856114387512207,0.5495387315750122,0.0002305141242686659,0.06616796553134918,0.0016498424811288714,0.0006218329654075205,0.010880931280553341,0.36266404390335083,0.0016272611683234572,0.02100740186870098
202101A,2021-05-17 02:45:00,gridsat,EYE,1,0.9939656853675842,0.6119366884231567,0.00019019590399693698,0.08849091827869415,0.0010051379213109612,0.00109474069904536,0.003735016332939267,0.2856292724609375,0.0011039396049454808,0.012848363257944584
202101A,2021-05-17 09:15:00,gridsat,EYE,1,0.9603453278541565,0.3565193712711334,0.002382808830589056,0.11611182242631912,0.0014996954705566168,0.003735414007678628,0.03497328981757164,0.5020994544029236,0.000798853812739253,0.021533958613872528
202101A,2021-05-17 15:15:00,gridsat,EYE,1,0.9958513975143433,0.5008317828178406,0.00018201788770966232,0.15193010866641998,0.0012911291560158134,0.0035661908332258463,0.0015026098117232323,0.2978970408439636,0.001172780292108655,0.04577498510479927
202102B,2021-05-24 03:15:00,gridsat,CRVBND,3,0.013007817789912224,0.00330606522038579,0.4369378089904785,0.7420735359191895,0.0715293139219284,0.059842247515916824,0.04432227835059166,0.022362224757671356,0.43420282006263733,0.1724158525466919
202102B,2021-05-24 08:45:00,gridsat,CRVBND,3,0.011748136952519417,0.0016716906102374196,0.48249468207359314,0.7655714154243469,0.05101437494158745,0.056072816252708435,0.046847227960824966,0.01927628368139267,0.4078955352306366,0.1574077606201172
202102B,2021-05-24 15:15:00,gridsat,CRVBND,3,0.013372140936553478,0.0018319605151191354,0.14538688957691193,0.11586778610944748,0.016415826976299286,0.0014399195788428187,0.16498801112174988,0.028384286910295486,0.6598371267318726,0.8524760603904724
202102B,2021-05-25 15:15:00,gridsat,EMBC,3,0.09825935959815979,0.03153590112924576,0.2888842821121216,0.18569543957710266,0.008869962766766548,0.001391124096699059,0.40642496943473816,0.11272723227739334,0.1975613385438919,0.6686502695083618
202103B,2021-09-24 12:10:00,gridsat,CRVBND,2,0.0025893147103488445,0.11399341374635696,0.7522304058074951,0.3634328246116638,0.14694827795028687,0.03344520181417465,0.0010960293002426624,0.10074256360530853,0.09713595360517502,0.3883860111236572
202103B,2021-09-24 18:15:00,gridsat,CRVBND,2,0.0015876517863944173,0.2714599668979645,0.23418492078781128,0.3636830747127533,0.7608188390731812,0.017711661756038666,0.000585201836656779,0.07911147177219391,0.002823364222422242,0.26803383231163025
202103B,2021-09-25 18:15:00,gridsat,IRRCDO,2,0.0017911389004439116,0.16549374163150787,0.3589995503425598,0.09560301154851913,0.022738076746463776,0.000739007955417037,0.0029344549402594566,0.08374692499637604,0.6135368347167969,0.6544173359870911
202103B,2021-09-26 00:15:00,gridsat,IRRCDO,2,0.00472401874139905,0.07635026425123215,0.5676983594894409,0.39177951216697693,0.08301002532243729,0.00795706082135439,0.010022430680692196,0.10517455637454987,0.3345451354980469,0.41873860359191895
202103B,2021-09-26 06:15:00,gridsat,EMBC,2,0.00484575005248189,0.17752602696418762,0.6708735227584839,0.17595025897026062,0.1137356236577034,0.0011637082789093256,0.03174075111746788,0.40718212723731995,0.17880429327487946,0.2381778210401535
202103A,2021-10-01 00:45:00,gridsat,EMBC,4,0.014780563302338123,0.4945300817489624,0.8627661466598511,0.08683114498853683,0.014754614792764187,0.0009699534857645631,0.08007586747407913,0.3780439794063568,0.027622830122709274,0.03962482139468193
202103A,2021-10-01 06:15:00,gridsat,EMBC,4,0.1332753300666809,0.6176213622093201,0.4473991096019745,0.02454124391078949,0.11953650414943695,0.0003989979450125247,0.2634071409702301,0.35065409541130066,0.03638196364045143,0.0067843045108020306
202103A,2021-10-01 12:45:00,gridsat,EMBC,4,0.008824420161545277,0.685056746006012,0.28055691719055176,0.06566876173019409,0.00574822211638093,0.004199862014502287,0.6925733089447021,0.2355712205171585,0.012297158129513264,0.009503435343503952
202103A,2021-10-01 18:15:00,gridsat,EYE,4,0.04587479308247566,0.6013624668121338,0.543030858039856,0.15488353371620178,0.011767360381782055,0.0065353140234947205,0.37300625443458557,0.1734236478805542,0.02632068283855915,0.06379508227109909
202103A,2021-10-02 00:15:00,gridsat,CRVBND,4,0.00972085352987051,0.27982914447784424,0.8450276255607605,0.4222281277179718,0.0070146373473107815,0.034949105232954025,0.10599218308925629,0.09564860165119171,0.032244615256786346,0.16734492778778076
202103A,2021-10-02 06:15:00,gridsat,EYE,4,0.02327454835176468,0.514100968837738,0.8186373710632324,0.15731526911258698,0.03310554847121239,0.010255998000502586,0.111610546708107,0.26023781299591064,0.013372003100812435,0.05808988958597183
202103A,2021-10-02 18:15:00,gridsat,EMBC,4,0.016338976100087166,0.2977229952812195,0.8788817524909973,0.4665045738220215,0.030732013285160065,0.07366148382425308,0.05817429721355438,0.09651336818933487,0.01587289199233055,0.06559757888317108
202103A,2021-10-03 00:15:00,gridsat,CRVBND,4,0.010928385891020298,0.2029763162136078,0.9411600232124329,0.5496063828468323,0.02193889021873474,0.09092339873313904,0.02000546082854271,0.074674092233181,0.005967228673398495,0.08181983977556229
202103A,2021-10-03 06:15:00,gridsat,EYE,4,0.23927605152130127,0.4805484712123871,0.37194329500198364,0.20932148396968842,0.34636878967285156,0.04484177008271217,0.030285846441984177,0.25253352522850037,0.012125971727073193,0.012754829600453377
202104B,2021-11-11 11:45:00,gridsat,CRVBND,3,0.0067543573677539825,0.006551357451826334,0.3433552086353302,0.4079297184944153,0.27349308133125305,0.026960626244544983,0.013868474401533604,0.030725756660103798,0.36252889037132263,0.5278325080871582
202105B,2021-12-03 08:45:00,gridsat,CRVBND,4,0.008573279716074467,0.2305893748998642,0.7447962164878845,0.2580837905406952,0.058763887733221054,0.02224147319793701,0.14083713293075562,0.3742227852344513,0.04702940583229065,0.11486253142356873
202105B,2021-12-03 21:15:00,gridsat,CRVBND,4,0.012190630659461021,0.005550908390432596,0.27312949299812317,0.35060063004493713,0.693770706653595,0.5845857262611389,0.005276980344206095,0.017545945942401886,0.015632228925824165,0.04171682894229889
202105B,2021-12-04 03:15:00,gridsat,CRVBND,4,0.015215273946523666,0.20978860557079315,0.5062017440795898,0.27716395258903503,0.38177070021629333,0.03458002582192421,0.015187008306384087,0.189348503947258,0.08162526041269302,0.2891189455986023
202105B,2021-12-04 08:15:00,gridsat,IRRCDO,4,0.028446029871702194,0.42964887619018555,0.511853039264679,0.14839738607406616,0.38977232575416565,0.011459941044449806,0.01979697123169899,0.3004820942878723,0.05013161525130272,0.1100117564201355
202105B,2021-12-04 15:15:00,gridsat,CRVBND,4,0.018419964239001274,0.20904774963855743,0.7121362686157227,0.3442266285419464,0.19848138093948364,0.029614226892590523,0.023695066571235657,0.24578557908535004,0.04726731404662132,0.17132577300071716
202105B,2021-12-04 21:15:00,gridsat,CRVBND,4,0.019540270790457726,0.03594527021050453,0.40536853671073914,0.552781343460083,0.5270675420761108,0.10436467826366425,0.019486071541905403,0.061346378177404404,0.028537599369883537,0.2455623894929886
202105B,2021-12-05 09:15:00,gridsat,CRVBND,4,0.017165377736091614,0.5289686322212219,0.7568694353103638,0.08599536865949631,0.16924163699150085,0.0016803565667942166,0.030757177621126175,0.33620303869247437,0.02596641331911087,0.04715259373188019
202105B,2021-12-05 14:45:00,gridsat,IRRCDO,4,0.020083649083971977,0.13537372648715973,0.3348574936389923,0.4632900655269623,0.601561427116394,0.04214655980467796,0.015197443775832653,0.12586165964603424,0.028300026431679726,0.23332789540290833
202201B,2022-03-04 20:45:00,gridsat,CRVBND,2,0.0027216875459998846,0.44331130385398865,0.9163638353347778,0.24207159876823425,0.05939004570245743,0.021313248202204704,0.0027891735080629587,0.1541447639465332,0.018735256046056747,0.1391591578722
202201B,2022-03-05 03:15:00,gridsat,CRVBND,2,0.000889520684722811,0.43065813183784485,0.07248174399137497,0.19647149741649628,0.9241347908973694,0.009820224717259407,0.00023532666091341525,0.220198854804039,0.0022586199920624495,0.142851322889328
202201B,2022-03-05 09:15:00,gridsat,CRVBND,2,0.0008258700836449862,0.18677125871181488,0.03644879534840584,0.4064446985721588,0.959917426109314,0.11959133297204971,0.00039493199437856674,0.20984822511672974,0.002412959234789014,0.07734446972608566
202201B,2022-03-05 15:15:00,gridsat,CRVBND,2,0.001499847276136279,0.012811890803277493,0.12879818677902222,0.35086512565612793,0.8638280034065247,0.5921658873558044,0.0008300941553898156,0.019928671419620514,0.005043887998908758,0.024228444322943687
202201B,2022-03-05 21:15:00,gridsat,SHEAR,2,0.0009366662125103176,0.004721938166767359,0.05025099962949753,0.28469589352607727,0.9457072615623474,0.688814640045166,0.00022228562738746405,0.004351202864199877,0.0028827767819166183,0.017416343092918396
202201B,2022-03-06 03:15:00,gridsat,SHEAR,2,0.0019371822709217668,0.0017291127005591989,0.025205768644809723,0.164525106549263,0.9646899104118347,0.8309083580970764,0.0004442762874532491,0.0003804133739322424,0.007722768466919661,0.002456949558109045
202201B,2022-03-06 09:15:00,gridsat,SHEAR,2,0.0025021687615662813,0.00012163833889644593,0.043186068534851074,0.02341478504240513,0.944312334060669,0.9762850403785706,0.0006974901771172881,0.00011535327939782292,0.00930189061909914,6.320150714600459e-05
202202B,2022-05-07 09:10:00,gridsat,IRRCDO,0,0.10458340495824814,0.19844141602516174,0.05315612256526947,0.3258492946624756,0.0017032454488798976,0.0026491202879697084,0.2827886641025543,0.3420295715332031,0.5577685832977295,0.1310305893421173
202202B,2022-05-08 03:15:00,gridsat,EMBC,0,0.00779649568721652,0.22254575788974762,0.002755257301032543,0.05961035564541817,0.00016031632549129426,0.0002899256651289761,0.9846839308738708,0.7064234614372253,0.00460406206548214,0.01113052386790514
202202B,2022-05-08 19:45:00,gridsat,IRRCDO,0,0.008450849913060665,0.09130353480577469,0.009213097393512726,0.21610671281814575,0.0005817999481223524,0.0012643939116969705,0.9737840294837952,0.27645745873451233,0.00797022320330143,0.41486793756484985
202202B,2022-05-09 03:45:00,gridsat,IRRCDO,0,0.001594727742485702,0.21173982322216034,0.005415564868599176,0.0687282383441925,0.0005975792882964015,0.00038077912176959217,0.9824078679084778,0.5870270729064941,0.009984229691326618,0.13212409615516663
202202B,2022-05-10 02:15:00,gridsat,EMBC,0,0.003272679401561618,0.2755504250526428,0.031650759279727936,0.09548072516918182,0.0031786486506462097,0.0014037276851013303,0.9274585843086243,0.6031931042671204,0.03443934768438339,0.024372005835175514
202202B,2022-05-10 10:15:00,gridsat,EMBC,0,0.0014421431114897132,0.39501675963401794,0.002498176647350192,0.09686898440122604,0.0005161748267710209,0.0012765021529048681,0.9882403612136841,0.4250231981277466,0.0073031410574913025,0.08181462436914444
202202B,2022-05-10 20:45:00,gridsat,CRVBND,0,0.009774644859135151,0.15533114969730377,0.5880622267723083,0.3298507630825043,0.07898140698671341,0.041203573346138,0.011062373407185078,0.24484890699386597,0.3121193051338196,0.2287655919790268
202202B,2022-05-11 02:45:00,gridsat,EMBC,0,0.032384857535362244,0.45541462302207947,0.03694818913936615,0.040748510509729385,0.001098282285965979,0.0011098335962742567,0.9036968946456909,0.46985143423080444,0.02587175741791725,0.032875582575798035
202202B,2022-05-11 07:45:00,gridsat,IRRCDO,0,0.0047886972315609455,0.2865927517414093,0.05839676037430763,0.20086421072483063,0.002842813031747937,0.007670929189771414,0.8632941842079163,0.3402268588542938,0.07067754864692688,0.164645254611969
202203A,2022-08-12 08:15:00,gridsat,CRVBND,3,0.012670488096773624,0.0483253076672554,0.5851801037788391,0.7052421569824219,0.1608443260192871,0.048437416553497314,0.02901243418455124,0.07298537343740463,0.2122926265001297,0.1250097155570984
202203A,2022-08-12 15:15:00,gridsat,SHEAR,3,0.010139062069356441,0.00041117152431979775,0.49209466576576233,0.29237231612205505,0.22717541456222534,0.6980103850364685,0.01912178471684456,0.0019048640970140696,0.25146910548210144,0.0073012434877455235
202203A,2022-08-12 21:15:00,gridsat,SHEAR,3,0.008912567980587482,0.00018516351701691747,0.33904722332954407,0.21154741942882538,0.25422942638397217,0.7847926020622253,0.020677082240581512,0.0004857198800891638,0.37713369727134705,0.002989033702760935
202203A,2022-08-13 09:15:00,gridsat,SHEAR,3,0.0033798376098275185,5.695477284461958e-06,0.12817183136940002,0.01518380455672741,0.7925198078155518,0.9847837090492249,0.004168438725173473,4.569223165162839e-06,0.0717601478099823,2.221894101239741e-05
202203A,2022-08-13 15:15:00,gridsat,SHEAR,3,0.0029847105033695698,8.494377539136622e-07,0.08320270478725433,0.008967531844973564,0.8384717702865601,0.9910101890563965,0.003712461795657873,5.561241778195836e-07,0.0716283991932869,2.0804380255867727e-05
202203A,2022-08-13 21:15:00,gridsat,SHEAR,3,0.0016440568724647164,4.5021381083643064e-05,0.04294247552752495,0.06957773864269257,0.9287043809890747,0.9295930862426758,0.002036497462540865,1.0766352716018446e-05,0.02467253804206848,0.0007734067039564252
202204B,2022-08-19 00:15:00,gridsat,CRVBND,1,0.026825232431292534,0.012293861247599125,0.8834726214408875,0.5408679246902466,0.038857728242874146,0.06914329528808594,0.004233966115862131,0.04436575993895531,0.04661041125655174,0.3333291709423065
202204B,2022-08-19 06:45:00,gridsat,CRVBND,1,0.13040052354335785,0.1441643238067627,0.7967623472213745,0.48355692625045776,0.02234988659620285,0.014717507176101208,0.03765010088682175,0.22353193163871765,0.012837152928113937,0.13402928411960602
202204B,2022-08-19 11:15:00,gridsat,CRVBND,1,0.041030414402484894,0.07528389990329742,0.705221951007843,0.6037301421165466,0.03333437070250511,0.03109290450811386,0.004366208333522081,0.09643565118312836,0.216047003865242,0.1934574842453003
202205B,2022-10-23 15:15:00,gridsat,CRVBND,2,0.002002441557124257,0.08035846799612045,0.8627820611000061,0.3866519033908844,0.03532909229397774,0.00736165652051568,0.00706069078296423,0.22293898463249207,0.09282579272985458,0.30268895626068115
202205B,2022-10-23 20:15:00,gridsat,CRVBND,2,0.00318575045093894,0.15783962607383728,0.9284543395042419,0.3285839855670929,0.0178726464509964,0.0035837695468217134,0.0023008817806839943,0.2304116040468216,0.048186346888542175,0.2795809507369995
202205B,2022-10-24 01:45:00,gridsat,CRVBND,2,0.00555599806830287,0.1832897961139679,0.3612642288208008,0.10838713496923447,0.013539427891373634,0.0008040714310482144,0.07435942441225052,0.5574840307235718,0.5452808141708374,0.15003500878810883
202205B,2022-10-24 09:15:00,gridsat,CRVBND,2,0.01724397763609886,0.2876964807510376,0.436456561088562,0.138185515999794,0.02534284070134163,0.00249525741674006,0.25470998883247375,0.4844287633895874,0.26624664664268494,0.08719401061534882
202205B,2022-10-24 15:15:00,gridsat,CRVBND,2,0.0050964741967618465,0.10725769400596619,0.44179412722587585,0.27547740936279297,0.01867261528968811,0.004188967868685722,0.05316397547721863,0.2748354971408844,0.4812729060649872,0.3382404148578644
202206B,2022-12-08 12:15:00,gridsat,IRRCDO,3,0.011445563286542892,0.05203830078244209,0.28069132566452026,0.3636496961116791,0.029260652139782906,0.0024598329328000546,0.07230103015899658,0.1286146491765976,0.606301486492157,0.45323753356933594
202206B,2022-12-08 18:15:00,gridsat,EMBC,3,0.03809502720832825,0.06272578984498978,0.3079224228858948,0.4772421717643738,0.009489355608820915,0.007110625971108675,0.41256535053253174,0.1601104885339737,0.23192788660526276,0.29281097650527954
202206B,2022-12-09 00:15:00,gridsat,CRVBND,3,0.05136212706565857,0.06169819086790085,0.44105294346809387,0.4430690109729767,0.016532685607671738,0.005414577666670084,0.3118853271007538,0.1276807337999344,0.17916692793369293,0.36213749647140503
202206B,2022-12-09 06:15:00,gridsat,CRVBND,3,0.01242581196129322,0.02954990230500698,0.5980970859527588,0.6032028794288635,0.14538264274597168,0.04510757327079773,0.026615237817168236,0.03355104848742485,0.21747925877571106,0.2885885536670685
202206B,2022-12-09 12:15:00,gridsat,CRVBND,3,0.009875215590000153,0.0063512371852993965,0.35989245772361755,0.4658178687095642,0.1202252060174942,0.02197146974503994,0.03155510872602463,0.010123050771653652,0.47845199704170227,0.49573636054992676
202206B,2022-12-09 17:45:00,gridsat,CRVBND,3,0.0033134310506284237,0.0015819245018064976,0.22693316638469696,0.5713275074958801,0.659602701663971,0.1400061398744583,0.004380938597023487,0.0020464900881052017,0.1057698056101799,0.28503793478012085
202207A,2022-12-15 15:15:00,gridsat,CRVBND,4,0.014765309169888496,0.1690547913312912,0.8262041211128235,0.49256324768066406,0.02146964892745018,0.07750711590051651,0.08383560180664062,0.12524744868278503,0.05372535064816475,0.1356273740530014
202207A,2022-12-15 21:15:00,gridsat,SHEAR,4,0.02455703169107437,0.029750879853963852,0.09267766773700714,0.5416606068611145,0.8646940588951111,0.19776462018489838,0.006144869141280651,0.047478556632995605,0.011926298029720783,0.18334531784057617
202207A,2022-12-16 03:15:00,gridsat,SHEAR,4,0.02029327303171158,0.003620205447077751,0.19015318155288696,0.4274285137653351,0.7677739262580872,0.49586695432662964,0.010257150046527386,0.014609149657189846,0.011522497981786728,0.058475248515605927
202207A,2022-12-16 08:45:00,gridsat,SHEAR,4,0.011808689683675766,0.0020167806651443243,0.023196447640657425,0.3309052288532257,0.9574100971221924,0.6173745393753052,0.0032019102945923805,0.005578497890383005,0.00438287016004324,0.044124994426965714
202207A,2022-12-16 15:15:00,gridsat,SHEAR,4,0.007317123934626579,0.00026742718182504177,0.0020855942275375128,0.17471247911453247,0.9837327599525452,0.8146663308143616,0.0028812724631279707,0.0012145225191488862,0.003983300644904375,0.00913916528224945
202207A,2022-12-16 21:15:00,gridsat,SHEAR,4,0.00770482188090682,6.720075816701865e-06,0.0031579132191836834,0.006343945860862732,0.9819236397743225,0.9936220049858093,0.002810600446537137,9.70345990936039e-06,0.004403100814670324,1.769258415151853e-05
202207A,2022-12-17 03:15:00,gridsat,SHEAR,4,0.010272394865751266,0.01001923531293869,0.01229723822325468,0.358479380607605,0.9673205018043518,0.5505133271217346,0.004125919193029404,0.0042732879519462585,0.005983968265354633,0.07671477645635605
202301B,2023-05-11 08:30:00,gridsat,EMBC,1,0.8220119476318359,0.21497271955013275,0.11848466098308563,0.25765445828437805,0.008062077686190605,0.0025069736875593662,0.028968581929802895,0.46388906240463257,0.022472770884633064,0.06097680702805519
202301B,2023-05-11 14:30:00,gridsat,EYE,1,0.2969799041748047,0.3215937614440918,0.2136162519454956,0.20760484039783478,0.004395846277475357,0.002416837727651,0.4549657702445984,0.40128201246261597,0.030042307451367378,0.06710266321897507
202301B,2023-05-12 09:00:00,gridsat,EMBC,1,0.9071652889251709,0.3847928047180176,0.016883637756109238,0.22530965507030487,0.003395430976524949,0.0023267469368875027,0.06765175610780716,0.3267422020435333,0.004903840832412243,0.060828570276498795
202301B,2023-05-12 15:00:00,gridsat,EYE,1,0.9927817583084106,0.4732181131839752,9.002773003885522e-05,0.12244942784309387,0.0007228191243484616,0.0011357925832271576,0.005582238547503948,0.35013365745544434,0.0008230626699514687,0.05306297913193703
202301B,2023-05-12 20:30:00,gridsat,EYE,1,0.4818601608276367,0.4619949162006378,0.00558200990781188,0.09408311545848846,0.005476876627653837,0.0006574915605597198,0.5024664402008057,0.3975369334220886,0.004614460747689009,0.045727603137493134
202301B,2023-05-13 03:00:00,gridsat,EMBC,1,0.47036129236221313,0.5725964903831482,0.012675255537033081,0.056520599871873856,0.010514052584767342,0.0003050097147934139,0.49878084659576416,0.35578474402427673,0.0076686302199959755,0.014793087728321552
202301B,2023-05-13 15:30:00,gridsat,EMBC,1,0.9432193636894226,0.5461605191230774,0.0009106930810958147,0.047360796481370926,0.0020920876413583755,0.000166044948855415,0.05204996466636658,0.376395583152771,0.001727862167172134,0.02991706132888794
202301B,2023-05-13 21:30:00,gridsat,EYE,1,0.9751049876213074,0.5272817015647888,0.0004036926256958395,0.05668741464614868,0.0011472899932414293,0.00018073318642564118,0.02259586751461029,0.39909639954566956,0.0007481659413315356,0.016753775998950005
202302A,2023-06-06 09:00:00,gridsat,CRVBND,0,0.017732392996549606,0.47111597657203674,0.2785065770149231,0.09071889519691467,0.008434439077973366,0.006795401219278574,0.4788667559623718,0.40775513648986816,0.21645982563495636,0.0236145481467247
202302A,2023-06-06 15:30:00,gridsat,EMBC,0,0.010977000929415226,0.43745288252830505,0.11968927830457687,0.05361506715416908,0.00460108881816268,0.002534490777179599,0.09229480475187302,0.46352964639663696,0.7724378705024719,0.04286797717213631
202302A,2023-06-07 16:00:00,gridsat,IRRCDO,0,0.030987262725830078,0.18835458159446716,0.6128565669059753,0.20610490441322327,0.030080001801252365,0.020777974277734756,0.03153609856963158,0.22964322566986084,0.2945401072502136,0.3551193177700043
202302A,2023-06-08 03:00:00,gridsat,EYE,0,0.019822077825665474,0.18842414021492004,0.6863037347793579,0.383133202791214,0.002364316489547491,0.03289983421564102,0.26260972023010254,0.23479241132736206,0.0289001427590847,0.16075044870376587
202302A,2023-06-08 09:00:00,gridsat,IRRCDO,0,0.009236988611519337,0.19923989474773407,0.7619724273681641,0.3272172808647156,0.03717849403619766,0.014620802365243435,0.017483113333582878,0.143063485622406,0.17412900924682617,0.3158585727214813
202302A,2023-06-08 15:00:00,gridsat,IRRCDO,0,0.0069394828751683235,0.07470809668302536,0.4986143410205841,0.23506423830986023,0.12773549556732178,0.008483211509883404,0.006311412435024977,0.09741521626710892,0.3603992462158203,0.5843293070793152
202302A,2023-06-09 03:00:00,gridsat,EMBC,0,0.045880891382694244,0.29165777564048767,0.1555510014295578,0.04762120917439461,0.006228749640285969,0.0007172937621362507,0.5131552219390869,0.5684370398521423,0.2791841924190521,0.09156675636768341
202303B,2023-06-09 09:00:00,gridsat,SHEAR,2,0.0015426825266331434,0.0038338901940733194,0.5758323073387146,0.6293654441833496,0.3674180507659912,0.12704727053642273,0.0010023437207564712,0.0035801928024739027,0.05420459061861038,0.23617318272590637
202302A,2023-06-09 15:00:00,gridsat,IRRCDO,0,0.026537330821156502,0.06238248571753502,0.6110381484031677,0.24948638677597046,0.002842310816049576,0.015051590278744698,0.08465898036956787,0.09373896569013596,0.274923175573349,0.5793405771255493
202303B,2023-06-09 15:00:00,gridsat,SHEAR,2,0.001734401797875762,0.003911490086466074,0.3806869387626648,0.41897958517074585,0.5849692225456238,0.1498269885778427,0.0012320326641201973,0.0016593033215031028,0.03137747198343277,0.42562270164489746
202302A,2023-06-09 20:30:00,gridsat,EMBC,0,0.024217385798692703,0.249125674366951,0.551908552646637,0.018370812758803368,0.00519552081823349,0.00021149948588572443,0.2592484652996063,0.7038559317588806,0.15943007171154022,0.02843605726957321
202303B,2023-06-09 21:00:00,gridsat,CRVBND,2,0.0031630387529730797,0.01911974512040615,0.7784938216209412,0.2451459914445877,0.15152831375598907,0.010004174895584583,0.0029635862447321415,0.04890437051653862,0.0638512596487999,0.676825761795044
202302A,2023-06-10 03:00:00,gridsat,EMBC,0,0.009442859329283237,0.31853318214416504,0.06383432447910309,0.035495247691869736,0.0006174176232889295,0.0004923089873045683,0.9043816924095154,0.6192297339439392,0.021723682060837746,0.026249613612890244
202303B,2023-06-10 03:10:00,gridsat,CRVBND,2,0.0014430900337174535,0.09498699009418488,0.5402821898460388,0.3632391393184662,0.4382629096508026,0.01672491803765297,0.0008188361534848809,0.0928872600197792,0.019192960113286972,0.432161808013916
202302A,2023-06-10 09:00:00,gridsat,CRVBND,0,0.007430966477841139,0.00584568502381444,0.7785477042198181,0.4428887665271759,0.12285884469747543,0.3450797498226166,0.034700267016887665,0.024137359112501144,0.05646217241883278,0.18204836547374725
202303B,2023-06-10 08:10:00,gridsat,CRVBND,2,0.0011414614273235202,0.022935394197702408,0.14751692116260529,0.5701831579208374,0.8408085107803345,0.1821010708808899,0.0004140167438890785,0.032301995903253555,0.010119064711034298,0.19247844815254211
202302A,2023-06-10 14:00:00,gridsat,EMBC,0,0.05975447967648506,0.3307988941669464,0.06814932078123093,0.10408204048871994,0.004228029400110245,0.0023285511415451765,0.2536739110946655,0.4231695234775543,0.6141942739486694,0.13962095975875854
202302A,2023-06-11 02:00:00,gridsat,SHEAR,0,0.005128210876137018,0.01349490974098444,0.6003943085670471,0.4052828550338745,0.2781226336956024,0.3924296796321869,0.0062845004722476006,0.05650297552347183,0.1100703626871109,0.13228948414325714
202302A,2023-06-11 08:30:00,gridsat,EMBC,0,0.05795364826917648,0.3896486759185791,0.07544922083616257,0.03770028054714203,0.0017349844565615058,0.002257026731967926,0.7833333015441895,0.5410217046737671,0.08152893930673599,0.029372286051511765
202302A,2023-06-11 15:00:00,gridsat,SHEAR,0,0.031918931752443314,0.0005129885976202786,0.30099642276763916,0.13690245151519775,0.2935125231742859,0.8552700877189636,0.0495452955365181,0.0018105902709066868,0.32402679324150085,0.005503789521753788
202302A,2023-06-12 02:00:00,gridsat,EMBC,0,0.00406193733215332,0.3789721727371216,0.0016723405569791794,0.011969444341957569,0.00011064685531891882,0.0001670265046413988,0.9924054741859436,0.6037427186965942,0.0017496302025392652,0.005148663185536861
202302A,2023-06-12 08:00:00,gridsat,EYE,0,0.0053237443789839745,0.5559543967247009,0.00836067833006382,0.04179473593831062,0.00040840060682967305,0.002516602398827672,0.9853537082672119,0.38935938477516174,0.0005534889060072601,0.010374857112765312
202302A,2023-06-12 15:00:00,gridsat,EYE,0,0.9017971158027649,0.5175666809082031,0.013010187074542046,0.09569567441940308,0.003508934983983636,0.006166614592075348,0.07342339307069778,0.3446538746356964,0.008260413073003292,0.03591715916991234
202302A,2023-06-13 15:00:00,gridsat,EMBC,0,0.29057663679122925,0.4021834433078766,0.013758103363215923,0.04633687064051628,0.0013278225669637322,0.0020000210497528315,0.6733112335205078,0.5260409116744995,0.02102619595825672,0.023438701406121254
202302A,2023-06-13 21:00:00,gridsat,CRVBND,0,0.19292858242988586,0.17611375451087952,0.16292394697666168,0.2517359256744385,0.004913085140287876,0.020379262045025826,0.5090232491493225,0.3610149621963501,0.13021114468574524,0.19075605273246765
202302A,2023-06-14 09:00:00,gridsat,CRVBND,0,0.012993046082556248,0.21669985353946686,0.2918962836265564,0.2983648478984833,0.0036589375231415033,0.038511306047439575,0.6573174595832825,0.30104267597198486,0.03413424640893936,0.14538128674030304
202302A,2023-06-14 15:00:00,gridsat,SHEAR,0,0.030180780217051506,0.009969258680939674,0.7677438855171204,0.38455715775489807,0.06782244890928268,0.3918725550174713,0.043363459408283234,0.037359196692705154,0.09088936448097229,0.17624181509017944
202302A,2023-06-14 21:00:00,gridsat,CRVBND,0,0.01245047990232706,0.06111466884613037,0.819878876209259,0.5175547003746033,0.04742937907576561,0.16831780970096588,0.0446784608066082,0.10577379912137985,0.07556275278329849,0.1472390592098236
202302A,2023-06-15 03:00:00,gridsat,SHEAR,0,0.005719393957406282,0.04080423712730408,0.34805989265441895,0.38134893774986267,0.5978662967681885,0.5086130499839783,0.011204108595848083,0.04051518440246582,0.03715033829212189,0.028718668967485428
202302A,2023-06-15 09:00:00,gridsat,CRVBND,0,0.006898270454257727,0.518805205821991,0.669407844543457,0.11832816898822784,0.13085949420928955,0.01725357584655285,0.0480634942650795,0.32589319348335266,0.14477095007896423,0.019719775766134262
202302A,2023-06-15 15:00:00,gridsat,CRVBND,0,0.013248082250356674,0.4745718538761139,0.3998357951641083,0.21456804871559143,0.011139601469039917,0.046495936810970306,0.5469726324081421,0.21511726081371307,0.028803879395127296,0.04924693703651428
202304B,2023-08-01 00:00:00,gridsat,CRVBND,4,0.011670001782476902,0.001105116680264473,0.1283518522977829,0.5827730894088745,0.8198673725128174,0.12695355713367462,0.003883026773110032,0.01310211792588234,0.03622780367732048,0.2760661840438843
202304B,2023-08-01 06:00:00,gridsat,SHEAR,4,0.014208110980689526,0.00030356086790561676,0.36615189909935,0.6065494418144226,0.5684481859207153,0.19989615678787231,0.005936700385063887,0.0058556958101689816,0.0452551394701004,0.1873950958251953
202305A,2023-10-21 15:30:00,gridsat,EYE,3,0.9591315984725952,0.5646834373474121,0.008271369151771069,0.18428966403007507,0.0024117000866681337,0.003453455399721861,0.027792492881417274,0.21646960079669952,0.002392848953604698,0.0311038289219141
202305A,2023-10-21 21:00:00,gridsat,EYE,3,0.9543814063072205,0.44456785917282104,0.004096518736332655,0.27984851598739624,0.002778025344014168,0.004261128604412079,0.035064540803432465,0.20982633531093597,0.0036795062478631735,0.06149611994624138
202305A,2023-10-22 03:00:00,gridsat,EYE,3,0.9564008116722107,0.6952633261680603,0.009596341289579868,0.13298864662647247,0.002625021617859602,0.0034146211110055447,0.029820740222930908,0.1590614765882492,0.001557113486342132,0.009271915070712566
202305A,2023-10-22 09:00:00,gridsat,EYE,3,0.9633277654647827,0.6456878781318665,0.012200665660202503,0.22138668596744537,0.004277054686099291,0.013809533789753914,0.017866438254714012,0.11306440830230713,0.0023280582390725613,0.006051453296095133
202305A,2023-10-22 15:00:00,gridsat,EYE,3,0.9747251272201538,0.5792393684387207,0.008546531200408936,0.22880639135837555,0.004386697895824909,0.010866540484130383,0.010360765270888805,0.1619107872247696,0.0019809030927717686,0.019176920875906944
202305A,2023-10-22 21:00:00,gridsat,EYE,3,0.7716993689537048,0.42306238412857056,0.13708408176898956,0.34506022930145264,0.014861423522233963,0.012647328898310661,0.06907667219638824,0.11369142681360245,0.007278428412973881,0.10553860664367676
202305A,2023-10-23 09:30:00,gridsat,SHEAR,3,0.30008795857429504,0.029664358124136925,0.4748663306236267,0.4293684959411621,0.05320711061358452,0.5158287286758423,0.15445147454738617,0.014155597425997257,0.017387116327881813,0.010982748121023178
202305A,2023-10-23 15:00:00,gridsat,EYE,3,0.6843551397323608,0.6506079435348511,0.11709558963775635,0.11740703135728836,0.026050230488181114,0.003169011091813445,0.15413542091846466,0.1909841001033783,0.01836363598704338,0.03783191367983818
202306B,2023-10-24 03:00:00,gridsat,EMBC,1,0.9725616574287415,0.6597676873207092,0.0011703848140314221,0.037358399480581284,0.002532331272959709,0.0007000670884735882,0.023076750338077545,0.28518807888031006,0.0006588438991457224,0.016985733062028885
202306B,2023-10-24 08:30:00,gridsat,EMBC,1,0.10973165929317474,0.7415789365768433,0.7856218218803406,0.04984838515520096,0.024372104555368423,0.001071414677426219,0.03828439489006996,0.18599003553390503,0.041990067809820175,0.02151121012866497
202306B,2023-10-24 15:00:00,gridsat,EMBC,1,0.03702237084507942,0.644504189491272,0.03834051266312599,0.01858109049499035,0.007704925257712603,0.00014972226927056909,0.8828603625297546,0.32550784945487976,0.0340719036757946,0.011257167905569077
202307B,2023-11-17 00:00:00,gridsat,CRVBND,3,0.014665200375020504,0.02645891159772873,0.36846277117729187,0.21247650682926178,0.09755390882492065,0.0012293100589886308,0.08907434344291687,0.060274362564086914,0.4302437901496887,0.6995609402656555
202307B,2023-11-17 06:00:00,gridsat,SHEAR,3,0.0026954887434840202,0.0015977941220626235,0.20965738594532013,0.5462754964828491,0.7234210968017578,0.2611287236213684,0.004741976968944073,0.006239208858460188,0.05948405712842941,0.1847587525844574
202308B,2023-12-03 03:00:00,gridsat,CRVBND,2,0.002369261346757412,0.3406878113746643,0.9773250818252563,0.3411535322666168,0.003892442211508751,0.008240302093327045,0.0037972277496010065,0.2665458917617798,0.012616065330803394,0.04337252303957939
202308B,2023-12-03 09:00:00,gridsat,CRVBND,2,0.006917170248925686,0.21873393654823303,0.9534258842468262,0.5243245959281921,0.010847260244190693,0.03568587452173233,0.010017181746661663,0.06757612526416779,0.01879245601594448,0.15367941558361053
202308B,2023-12-03 14:30:00,gridsat,CRVBND,2,0.00448175985366106,0.26307886838912964,0.9478204250335693,0.34137070178985596,0.011751587502658367,0.007755724713206291,0.01402699388563633,0.21768131852149963,0.021919237449765205,0.1701134443283081
202308B,2023-12-03 20:00:00,gridsat,CRVBND,2,0.0075812553986907005,0.24427708983421326,0.7657012343406677,0.3526899516582489,0.011126027442514896,0.0037917832378298044,0.03038325160741806,0.31288015842437744,0.185208261013031,0.08636098355054855
202308B,2023-12-04 03:00:00,gridsat,CRVBND,2,0.010449733585119247,0.1799464374780655,0.8740677237510681,0.5071114897727966,0.011510828509926796,0.0236454326659441,0.03159641847014427,0.18787585198879242,0.07237536460161209,0.1014208048582077
202401B,2024-05-25 18:30:00,gridsat,CRVBND,0,0.045995958149433136,0.014343391172587872,0.22787562012672424,0.7008668780326843,0.032558005303144455,0.04234498366713524,0.013454949483275414,0.07519107311964035,0.6801153421401978,0.16725358366966248
202401B,2024-05-26 00:00:00,gridsat,CRVBND,0,0.0130876824259758,0.063704714179039,0.33397796750068665,0.4530411958694458,0.005875810049474239,0.004249402787536383,0.1073702946305275,0.3548950254917145,0.5396882891654968,0.1241096705198288
202401B,2024-05-26 06:00:00,gridsat,CRVBND,0,0.10096640139818192,0.16435398161411285,0.700183629989624,0.35622039437294006,0.0038977330550551414,0.005055235233157873,0.14211438596248627,0.4036133587360382,0.05283788591623306,0.07075704634189606
202401B,2024-05-26 12:00:00,gridsat,CRVBND,0,0.020892439410090446,0.12578937411308289,0.17589853703975677,0.3560718894004822,0.011196128092706203,0.0042764171957969666,0.4185912609100342,0.30869463086128235,0.37342166900634766,0.20516766607761383
202402A,2024-08-30 06:00:00,gridsat,CRVBND,1,0.015127009712159634,0.10545199364423752,0.20294471085071564,0.4460905194282532,0.0101203303784132,0.1997593343257904,0.024490512907505035,0.05723578855395317,0.7473174929618835,0.1914624124765396
202402A,2024-08-30 12:00:00,gridsat,CRVBND,1,0.03210991993546486,0.13075968623161316,0.4857501685619354,0.4680144190788269,0.009128935635089874,0.17442694306373596,0.02798326127231121,0.12407232075929642,0.44502776861190796,0.10272663831710815
202402A,2024-08-30 18:00:00,gridsat,CRVBND,1,0.02111028879880905,0.01976490207016468,0.9474654197692871,0.39409691095352173,0.019265318289399147,0.5390343070030212,0.00370252993889153,0.022693324834108353,0.008456404320895672,0.02441057562828064
202402A,2024-08-31 00:00:00,gridsat,CRVBND,1,0.29886263608932495,0.15130631625652313,0.45283764600753784,0.4351835250854492,0.0039024497382342815,0.22335855662822723,0.19657155871391296,0.05734723061323166,0.047825731337070465,0.13280436396598816
202402A,2024-08-31 06:00:00,gridsat,CRVBND,1,0.04202178120613098,0.21833348274230957,0.9478518962860107,0.3632304072380066,0.004352467600256205,0.3488461673259735,0.0018025730969384313,0.04364321753382683,0.0039712716825306416,0.02594675123691559
202402A,2024-08-31 12:00:00,gridsat,CRVBND,1,0.0927911102771759,0.21512657403945923,0.5580053925514221,0.4174257814884186,0.008356246165931225,0.1282237470149994,0.0007183249108493328,0.08779516071081161,0.34012889862060547,0.15142865478992462
202402A,2024-08-31 18:00:00,gridsat,CRVBND,1,0.0322902537882328,0.20267829298973083,0.6512006521224976,0.4005816578865051,0.006820786278694868,0.09127546101808548,0.0025272301863878965,0.09053710848093033,0.3071611523628235,0.21492740511894226
202402A,2024-09-01 00:00:00,gridsat,CRVBND,1,0.048200927674770355,0.18457511067390442,0.9192483425140381,0.42946162819862366,0.00935587752610445,0.2035023272037506,0.007287604734301567,0.04219166934490204,0.01590724289417267,0.1402692347764969
202402A,2024-09-01 06:00:00,gridsat,SHEAR,1,0.030465539544820786,0.020467419177293777,0.7630813121795654,0.12908655405044556,0.19337235391139984,0.841899573802948,0.0016874343855306506,0.003976503387093544,0.011393372900784016,0.004569867625832558
202402A,2024-09-01 12:00:00,gridsat,SHEAR,1,0.06665089726448059,0.022187264636158943,0.11382633447647095,0.1159808486700058,0.8040825128555298,0.8471275568008423,0.002666617976501584,0.004830941092222929,0.012773665599524975,0.009873326867818832
202402A,2024-09-01 18:00:00,gridsat,SHEAR,1,0.012140482664108276,0.00022520494530908763,0.006286922376602888,0.021468687802553177,0.9722747802734375,0.9782398343086243,0.0024565213825553656,5.84534827794414e-05,0.006841224152594805,7.811887371644843e-06
202402A,2024-09-01 22:30:00,gridsat,SHEAR,1,0.026828298345208168,0.00013159045192878693,0.0057867527939379215,0.014009956270456314,0.9560266733169556,0.9858415722846985,0.0026825089007616043,8.615435945102945e-06,0.008675784803926945,8.19163687992841e-06
202403B,2024-10-23 13:00:00,gridsat,IRRCDO,4,0.01804467849433422,2.2209411554285907e-07,0.04974023997783661,3.3155294659081846e-05,0.8841274380683899,0.0008379135397262871,0.0069839549250900745,2.237874063837353e-08,0.041103724390268326,0.9991287589073181
202403B,2024-10-24 00:30:00,gridsat,EMBC,4,0.02145712450146675,1.983556830964517e-05,0.06676594167947769,8.747924584895372e-05,0.8495419025421143,0.0006360742845572531,0.009053224697709084,6.07228855642461e-07,0.053181786090135574,0.9992559552192688
202403B,2024-10-24 05:30:00,gridsat,CRVBND,4,0.02354281395673752,4.6994594526950095e-07,0.07129314541816711,0.00010728984489105642,0.848153829574585,0.0044108666479587555,0.011958901770412922,8.712189014659089e-08,0.045051295310258865,0.9954812526702881
202403B,2024-10-25 00:30:00,gridsat,IRRCDO,4,0.033345840871334076,1.5952657577145146e-06,0.5007835626602173,0.00011525541049195454,0.40880054235458374,0.005506785586476326,0.015838531777262688,6.387894302406494e-08,0.04123155027627945,0.9943763017654419
202404B,2024-11-30 09:30:00,gridsat,CRVBND,2,0.001121039967983961,1.4346744625637342e-10,0.01971510611474514,0.00041833624709397554,0.973499596118927,0.973361074924469,0.00043971891864202917,5.720893092586721e-09,0.005224632564932108,0.026220589876174927
202404B,2024-11-30 15:00:00,gridsat,CRVBND,2,0.002254950348287821,5.1837353853834145e-12,0.03559368848800659,0.00010739666322479025,0.9529989957809448,0.9885243773460388,0.00041065478581003845,3.193311448601577e-10,0.008741641417145729,0.0113682234659791
202404B,2024-11-30 21:00:00,gridsat,IRRCDO,2,0.003367410972714424,3.2640706804087927e-10,0.08008643239736557,0.0006795769440941513,0.9050520658493042,0.7247604727745056,0.0009333309135399759,8.454111188882507e-09,0.010560675524175167,0.2745599150657654
202501B,2025-10-01 12:00:00,gridsat,SHEAR,3,0.00429169274866581,5.81137792323716e-05,0.3781493604183197,0.3715019226074219,0.42868292331695557,0.413224995136261,0.007100176997482777,0.0007324951002374291,0.18177589774131775,0.2144824117422104
202501B,2025-10-01 18:00:00,gridsat,SHEAR,3,0.004772206302732229,0.00010396917787147686,0.36634406447410583,0.31276631355285645,0.07802030444145203,0.6101899743080139,0.025798488408327103,0.003057430498301983,0.5250649452209473,0.07388225942850113
202501B,2025-10-02 00:00:00,gridsat,CRVBND,3,0.00510820047929883,0.007730106823146343,0.4478738009929657,0.21250508725643158,0.13830479979515076,0.0012734585907310247,0.012256869114935398,0.05664489418268204,0.3964563012123108,0.7218464612960815
202501B,2025-10-02 06:00:00,gridsat,CRVBND,3,0.008106383495032787,0.01035283412784338,0.23674628138542175,0.19921143352985382,0.025014763697981834,0.001957606291398406,0.07580016553401947,0.05004469305276871,0.6543323397636414,0.7384334206581116
202502A,2025-10-03 05:30:00,gridsat,CRVBND,0,0.026220209896564484,0.5989999771118164,0.19143322110176086,0.13252267241477966,0.01029340922832489,0.03515910729765892,0.1822921633720398,0.20054210722446442,0.589760959148407,0.03277610242366791
202502A,2025-10-03 12:30:00,gridsat,IRRCDO,0,0.020089155063033104,0.5403758883476257,0.25829005241394043,0.08928681164979935,0.008489378727972507,0.008977032266557217,0.397464781999588,0.2881944477558136,0.3156665861606598,0.07316586375236511
202502A,2025-10-03 18:00:00,gridsat,IRRCDO,0,0.04712354391813278,0.33873406052589417,0.31845369935035706,0.26195228099823,0.0110686756670475,0.016904065385460854,0.11795780807733536,0.1755787432193756,0.50539630651474,0.20683087408542633
202502A,2025-10-04 00:00:00,gridsat,CRVBND,0,0.022506527602672577,0.3122313916683197,0.06974782794713974,0.43385598063468933,0.0019423745106905699,0.09311635047197342,0.9039167761802673,0.09124802052974701,0.00188645557500422,0.06954827159643173
202502A,2025-10-04 06:00:00,gridsat,CRVBND,0,0.5304379463195801,0.33758190274238586,0.03398556634783745,0.20774616301059723,0.14736492931842804,0.16921165585517883,0.17269465327262878,0.24434323608875275,0.11551693081855774,0.04111708700656891
202502A,2025-10-04 12:00:00,gridsat,EMBC,0,0.4449322819709778,0.5087428092956543,0.024507245048880577,0.19263367354869843,0.001900508883409202,0.030449191108345985,0.5127813220024109,0.19588379561901093,0.015878649428486824,0.07229051738977432
202502A,2025-10-04 17:00:00,gridsat,IRRCDO,0,0.679190993309021,0.5708860158920288,0.09214577078819275,0.02666572481393814,0.0034817347768694162,0.0014754238072782755,0.10616742819547653,0.37122082710266113,0.11901409924030304,0.029751934111118317
202502A,2025-10-05 05:30:00,gridsat,EMBC,0,0.009378195740282536,0.4313558042049408,0.2532011568546295,0.0257028229534626,0.05973593518137932,0.0047057271003723145,0.13921312987804413,0.5247020125389099,0.5384716391563416,0.01353364810347557
202502A,2025-10-05 18:00:00,gridsat,CRVBND,0,0.02149558998644352,0.27619755268096924,0.6885606646537781,0.4398152530193329,0.17906692624092102,0.17980588972568512,0.05061739310622215,0.0649062916636467,0.06025942042469978,0.03927493095397949
202502A,2025-10-06 00:00:00,gridsat,SHEAR,0,0.004740370437502861,0.0012495742412284017,0.02121424488723278,0.10083698481321335,0.9659305214881897,0.8967583775520325,0.002135415794327855,0.0001673577935434878,0.005979417357593775,0.0009876718977466226
202502A,2025-10-06 06:00:00,gridsat,SHEAR,0,0.005747029557824135,0.0006963849300518632,0.03979651629924774,0.04023798927664757,0.9329631924629211,0.9544574022293091,0.003202247666195035,0.0007201832486316562,0.018290992826223373,0.003888012608513236
202502A,2025-10-06 12:00:00,gridsat,SHEAR,0,0.004348219837993383,0.0004807584045920521,0.027357125654816628,0.029415519908070564,0.9557244181632996,0.9683690071105957,0.0028883132617920637,0.0004228346806485206,0.009681914933025837,0.0013118877541273832
202502A,2025-10-06 18:00:00,gridsat,SHEAR,0,0.00613368721678853,3.179389386787079e-05,0.021664679050445557,0.012509600259363651,0.9624871611595154,0.9874518513679504,0.0021809611935168505,2.6139912279177224e-06,0.007533481810241938,4.1126832002191804e-06
202502A,2025-10-06 22:30:00,gridsat,SHEAR,0,0.003795323660597205,4.378903759061359e-05,0.023731641471385956,0.01635507121682167,0.9574216604232788,0.9835984110832214,0.003975956235080957,8.396993393944285e-07,0.01107542123645544,1.8406499293632805e-06
202503B,2025-10-26 18:00:00,gridsat,CRVBND,1,0.01589917577803135,0.03096642903983593,0.734736442565918,0.25497353076934814,0.004279202315956354,0.015511099249124527,0.006375657860189676,0.05839094519615173,0.23870949447155,0.64015793800354
202503B,2025-10-27 00:00:00,gridsat,CRVBND,1,0.02951693907380104,0.05893595889210701,0.8100891709327698,0.26447445154190063,0.059402626007795334,0.003587170038372278,0.012298701331019402,0.2466016411781311,0.08869250863790512,0.4264007806777954
202503B,2025-10-27 06:00:00,gridsat,CRVBND,1,0.038492243736982346,0.016850590705871582,0.889499306678772,0.505699098110199,0.038883429020643234,0.11609644442796707,0.008730304427444935,0.05866744741797447,0.024394765496253967,0.3026864528656006
202503B,2025-10-27 13:00:00,gridsat,IRRCDO,1,0.01532041560858488,0.058313194662332535,0.043182794004678726,0.1746242791414261,0.0005484728026203811,0.002675748197361827,0.004709130153059959,0.10536100715398788,0.9362392425537109,0.6590257883071899
202503B,2025-10-27 18:00:00,gridsat,CRVBND,1,0.010609827935695648,0.010686248540878296,0.4412287473678589,0.2415873259305954,0.007283284328877926,0.024318935349583626,0.012953819707036018,0.03473691642284393,0.5279242992401123,0.6886705756187439
202503B,2025-10-27 23:30:00,gridsat,IRRCDO,1,0.2305632084608078,0.0766763910651207,0.11001493036746979,0.07844188809394836,0.004690601956099272,0.0001649524929234758,0.524300217628479,0.29690659046173096,0.13043107092380524,0.5478101968765259
202503B,2025-10-28 06:00:00,gridsat,CRVBND,1,0.020343070849776268,0.03125779330730438,0.08507794141769409,0.3158736526966095,0.000575962127186358,0.01075781974941492,0.04398943856358528,0.11433175206184387,0.8500135540962219,0.5277789831161499
202503B,2025-10-28 12:00:00,gridsat,CRVBND,1,0.06983524560928345,0.05898645147681236,0.5036931037902832,0.2620409429073334,0.014541580341756344,0.004995343741029501,0.31051918864250183,0.15727384388446808,0.1014108806848526,0.5167034268379211
202503B,2025-10-28 17:00:00,gridsat,CRVBND,1,0.018060820177197456,0.02008393406867981,0.23011846840381622,0.24438640475273132,0.023751404136419296,0.09609191864728928,0.02009274810552597,0.01638200506567955,0.7079766392707825,0.6230557560920715
202504B,2025-11-25 20:00:00,gridsat,EMBC,2,0.0032993401400744915,0.22668862342834473,0.38584014773368835,0.12097051739692688,0.0028681051917374134,0.0001221188431372866,0.11241119354963303,0.415531724691391,0.4955812096595764,0.23668700456619263
202505B,2025-11-27 09:00:00,gridsat,CRVBND,1,0.8196609020233154,0.22094179689884186,0.1555408239364624,0.44730883836746216,0.01196783222258091,0.07291323691606522,0.004402866121381521,0.08958230912685394,0.008427475579082966,0.16925376653671265
202505B,2025-11-29 03:00:00,gridsat,SHEAR,1,0.03254324570298195,0.0023487615399062634,0.13728871941566467,0.09555167704820633,0.8131408095359802,0.8848419785499573,0.0007224237779155374,0.0008778148330748081,0.016304749995470047,0.01637979969382286
202505B,2025-11-29 09:00:00,gridsat,SHEAR,1,0.0644146278500557,0.0051870993338525295,0.8352590799331665,0.15587112307548523,0.03323748707771301,0.7991321086883545,0.0377892442047596,0.007508310955017805,0.029299510642886162,0.032301370054483414
202505B,2025-11-29 15:00:00,gridsat,SHEAR,1,0.04234055429697037,4.77553294331301e-05,0.2690398097038269,0.040150679647922516,0.6578586101531982,0.9585967063903809,0.002015037927776575,0.0006202475051395595,0.028746001422405243,0.000584533903747797
202505B,2025-11-29 21:00:00,gridsat,SHEAR,1,0.03032379224896431,1.0536737136135343e-05,0.040784094482660294,0.017642619088292122,0.9204830527305603,0.9821408987045288,0.000899198988918215,9.597792814020067e-05,0.007509798277169466,0.00010996099445037544
202505B,2025-11-30 03:00:00,gridsat,SHEAR,1,0.025950724259018898,7.900687705841847e-06,0.011274402029812336,0.00986003689467907,0.9542034864425659,0.9899959564208984,0.0015379471005871892,7.457058472937206e-06,0.0070334128104150295,0.00012863137817475945
202505B,2025-11-30 09:00:00,gridsat,SHEAR,1,0.01823394000530243,5.907677859795513e-06,0.012536131776869297,0.013097560964524746,0.9567499160766602,0.9868091344833374,0.0007856252486817539,2.1935351469437592e-05,0.011694406159222126,6.551504338858649e-05
202505B,2025-11-30 15:00:00,gridsat,SHEAR,1,0.01545905414968729,0.0006111206021159887,0.005678767804056406,0.08052895963191986,0.9615383744239807,0.9082632660865784,0.0007060577627271414,2.914812466769945e-05,0.016617750748991966,0.01056753471493721
201401B,2014-01-04 07:30:00,insat,CRVBND,1,0.026235010474920273,0.11699044704437256,0.7923159003257751,0.3573293387889862,0.1070585772395134,0.31774550676345825,0.005745938513427973,0.08186807483434677,0.06864454597234726,0.12606658041477203
201401B,2014-01-04 12:00:00,insat,CRVBND,1,0.058904629200696945,0.08792899549007416,0.6887071132659912,0.40888968110084534,0.14106899499893188,0.38769271969795227,0.023296138271689415,0.03008149191737175,0.08802317082881927,0.0854070782661438
201401B,2014-01-04 18:00:00,insat,CRVBND,1,0.013994057662785053,0.010037796571850777,0.8894379734992981,0.2620321810245514,0.0257861390709877,0.6279699802398682,0.004022157751023769,0.00423093605786562,0.06675968319177628,0.09572910517454147
201401B,2014-01-05 00:00:00,insat,CRVBND,1,0.018499266356229782,0.031790077686309814,0.8541547060012817,0.31272047758102417,0.1116107776761055,0.626255989074707,0.0035899931099265814,0.004438914358615875,0.012145319022238255,0.024794504046440125
201401B,2014-01-05 06:00:00,insat,CRVBND,1,0.1098044365644455,0.04041210934519768,0.3728160262107849,0.2257625311613083,0.4699268639087677,0.7111746668815613,0.011482851579785347,0.0037212048191577196,0.03596984222531319,0.018929556012153625
201401B,2014-01-05 12:00:00,insat,CRVBND,1,0.024624697864055634,0.16862797737121582,0.9097789525985718,0.47075819969177246,0.022032879292964935,0.2738606333732605,0.00856473296880722,0.03714720904827118,0.034998711198568344,0.04960589483380318
201401B,2014-01-05 18:00:00,insat,CRVBND,1,0.016375960782170296,0.03301354497671127,0.31938135623931885,0.3029993176460266,0.6528195142745972,0.6378585696220398,0.002356296870857477,0.0041711595840752125,0.009066859260201454,0.021957358345389366
201401B,2014-01-06 00:00:00,insat,CRVBND,1,0.07099350541830063,0.2356431782245636,0.21362252533435822,0.45565077662467957,0.6884300112724304,0.20330756902694702,0.002625257009640336,0.04341673105955124,0.024328675121068954,0.061981718987226486
201402A,2014-06-10 03:00:00,insat,IRRCDO,1,0.09072809666395187,0.02830311842262745,0.34838223457336426,0.3182964622974396,0.5303225517272949,0.03236943483352661,0.0012471599038690329,0.024503063410520554,0.02931996062397957,0.5965278744697571
201402A,2014-06-10 20:00:00,insat,EMBC,1,0.5949944853782654,0.18099986016750336,0.16887103021144867,0.32036441564559937,0.013270147144794464,0.018084099516272545,0.20294231176376343,0.21592186391353607,0.019922036677598953,0.26462969183921814
201402A,2014-06-11 03:00:00,insat,EMBC,1,0.8288874626159668,0.23964494466781616,0.08794228732585907,0.24203738570213318,0.0027436837553977966,0.016169117763638496,0.012549357488751411,0.35739192366600037,0.06787720322608948,0.14475665986537933
201402A,2014-06-11 09:30:00,insat,EMBC,1,0.2699163556098938,0.42154937982559204,0.39929723739624023,0.05007878690958023,0.005013197660446167,0.0005026773433201015,0.09793680906295776,0.47432389855384827,0.22783640027046204,0.053545236587524414
201402A,2014-06-12 03:30:00,insat,EMBC,1,0.10455692559480667,0.11558829993009567,0.12250152230262756,0.12111814320087433,0.03838353976607323,0.0037398003041744232,0.617914617061615,0.7070406079292297,0.11664339154958725,0.05251314863562584
201402A,2014-06-12 15:00:00,insat,EMBC,1,0.39179322123527527,0.24270489811897278,0.1378457397222519,0.2032490074634552,0.008013738319277763,0.012702436186373234,0.17442458868026733,0.15720999240875244,0.28792262077331543,0.3841336965560913
201402A,2014-06-13 09:00:00,insat,SHEAR,1,0.1439034789800644,0.00012694497127085924,0.029912957921624184,0.0375477559864521,0.8129467368125916,0.9610313177108765,0.006938832346349955,0.0005478645325638354,0.0062979841604828835,0.0007461648201569915
201402A,2014-06-13 15:00:00,insat,SHEAR,1,0.017909539863467216,2.3382768631563522e-05,0.015186312608420849,0.012366954237222672,0.9605902433395386,0.9875093102455139,0.0009325612336397171,1.3769741599389818e-05,0.0053814128041267395,8.66159243742004e-05
201402A,2014-06-13 21:00:00,insat,SHEAR,1,0.006539227440953255,1.958685800218518e-07,0.0011863159015774727,0.0030413400381803513,0.990096926689148,0.9969546794891357,0.00046108284732326865,2.0125728497077944e-06,0.0017164070159196854,1.8253348343932885e-06
201402A,2014-06-14 02:30:00,insat,SHEAR,1,0.04418647289276123,4.699933924712241e-06,0.008533485233783722,0.012537708505988121,0.8724269866943359,0.9870529770851135,0.0063420855440199375,0.0003444295434746891,0.06851102411746979,6.027435665600933e-05
201403B,2014-10-08 10:30:00,insat,EMBC,1,0.96941077709198,0.20355549454689026,0.002554028993472457,0.2145596742630005,0.001157549791969359,0.00901208445429802,0.017350783571600914,0.1757131814956665,0.009526831097900867,0.39715951681137085
201403B,2014-10-09 01:30:00,insat,EMBC,1,0.02542746625840664,0.314483642578125,0.052120935171842575,0.07873420417308807,0.0020710767712444067,0.0005094843218103051,0.7842879295349121,0.43493664264678955,0.1360926628112793,0.17133599519729614
201403B,2014-10-09 05:00:00,insat,EMBC,1,0.05755610764026642,0.36503416299819946,0.44004228711128235,0.12917190790176392,0.005258932244032621,0.0021984961349517107,0.4146796464920044,0.37482771277427673,0.08246301114559174,0.12876777350902557
201403B,2014-10-11 06:00:00,insat,EYE,1,0.968495786190033,0.3503766655921936,0.0003179502673447132,0.13390305638313293,0.002409977838397026,0.0017072225455194712,0.02700444683432579,0.38447219133377075,0.0017718692542985082,0.12954087555408478
201403B,2014-10-11 12:00:00,insat,EYE,1,0.9886407852172852,0.40672191977500916,0.0016583448741585016,0.12441951036453247,0.004145440645515919,0.0008768573170527816,0.001455128425732255,0.392649382352829,0.004100242629647255,0.07533229142427444
201403B,2014-10-11 23:30:00,insat,EYE,1,0.8675463795661926,0.3756755590438843,0.002642993116751313,0.15514881908893585,0.0031356101389974356,0.0011827807174995542,0.11669999361038208,0.3684753179550171,0.009975065477192402,0.09951756149530411
201403B,2014-10-12 06:00:00,insat,EYE,1,0.9963950514793396,0.5733773708343506,0.00013079552445560694,0.14694860577583313,0.00052709347801283,0.0033269457053393126,0.0012519906740635633,0.24569301307201385,0.0016949677374213934,0.03065403923392296
201404A,2014-10-25 23:30:00,insat,CRVBND,0,0.06986656039953232,0.25713497400283813,0.040151409804821014,0.10263672471046448,0.0007966991979628801,0.0012958751758560538,0.7856917977333069,0.3375074565410614,0.1034935861825943,0.3014250099658966
201404A,2014-10-26 06:00:00,insat,EMBC,0,0.2149706929922104,0.16637955605983734,0.4371562898159027,0.20629465579986572,0.0034328370820730925,0.007756073027849197,0.17082323133945465,0.32044661045074463,0.1736169457435608,0.2991231381893158
201404A,2014-10-26 13:30:00,insat,EMBC,0,0.258145809173584,0.2937294840812683,0.010120202787220478,0.16712906956672668,0.0035240640863776207,0.012142911553382874,0.6792355179786682,0.4296685457229614,0.04897443577647209,0.09732997417449951
201404A,2014-10-27 00:00:00,insat,EYE,0,0.9180100560188293,0.1339104026556015,0.011425516568124294,0.28547748923301697,0.011643883772194386,0.019594457000494003,0.020189976319670677,0.15646354854106903,0.038730423897504807,0.4045540690422058
201404A,2014-10-27 05:00:00,insat,EYE,0,0.10137365013360977,0.28662893176078796,0.0270262211561203,0.13456852734088898,0.003256678581237793,0.008060814812779427,0.1042003408074379,0.4269532263278961,0.764143168926239,0.14378853142261505
201404A,2014-10-27 12:30:00,insat,EMBC,0,0.05074022337794304,0.22749033570289612,0.010425042361021042,0.3067907691001892,0.0020153154619038105,0.03286340832710266,0.09797529131174088,0.2888752222061157,0.8388441205024719,0.1439802348613739
201404A,2014-10-28 01:00:00,insat,EMBC,0,0.031101232394576073,0.07587908953428268,0.16824403405189514,0.18963679671287537,0.00925410632044077,0.010128451511263847,0.3277389109134674,0.13215582072734833,0.46366167068481445,0.5921998620033264
201404A,2014-10-28 06:00:00,insat,EYE,0,0.8744059205055237,0.33901602029800415,0.006657082587480545,0.11792007088661194,0.012410384602844715,0.0016883835196495056,0.061059702187776566,0.3463725447654724,0.0454668365418911,0.19500301778316498
201404A,2014-10-28 12:00:00,insat,EYE,0,0.9299060702323914,0.5158314108848572,0.005101293791085482,0.017794057726860046,0.03250819444656372,0.0003029995132237673,0.013258731923997402,0.45607373118400574,0.01922578178346157,0.009997814893722534
201404A,2014-10-29 00:00:00,insat,EMBC,0,0.15254105627536774,0.47799354791641235,0.009163722395896912,0.24229180812835693,0.002372713526710868,0.019003460183739662,0.8307220339775085,0.19510701298713684,0.005200452171266079,0.06560414284467697
201404A,2014-10-29 12:30:00,insat,EMBC,0,0.00799009669572115,0.27716493606567383,0.14238253235816956,0.40380188822746277,0.012656264938414097,0.09667970985174179,0.7066044807434082,0.17600876092910767,0.13036662340164185,0.04634474962949753
201404A,2014-10-30 00:00:00,insat,IRRCDO,0,0.027039309963583946,0.32562506198883057,0.15235775709152222,0.11154527962207794,0.020111601799726486,0.006434606853872538,0.13936811685562134,0.26866891980171204,0.6611232161521912,0.28772616386413574
201404A,2014-10-30 12:00:00,insat,CRVBND,0,0.027837976813316345,0.04907013103365898,0.17475207149982452,0.4946961998939514,0.079613097012043,0.10505524277687073,0.1872316300868988,0.04877590760588646,0.5305652022361755,0.3024025559425354
201404A,2014-10-31 00:00:00,insat,SHEAR,0,0.0028819639701396227,1.9902179701603018e-05,0.017982322722673416,0.02829347923398018,0.9627959132194519,0.9714958071708679,0.0030324463732540607,6.778379429306369e-06,0.013307329267263412,0.00018385743896942586
201404A,2014-10-31 05:30:00,insat,SHEAR,0,0.0040897103026509285,0.00035690568620339036,0.028907639905810356,0.0584365539252758,0.9512159824371338,0.9375262260437012,0.004471770487725735,0.00014866029960103333,0.01131492294371128,0.0035317139700055122
201405B,2014-11-06 05:00:00,insat,EMBC,3,0.014623533003032207,0.1898016333580017,0.2875975966453552,0.3930797576904297,0.00732416333630681,0.010875177569687366,0.1918708235025406,0.10741739720106125,0.4985838830471039,0.29882609844207764
201405B,2014-11-06 12:00:00,insat,CRVBND,3,0.011230734176933765,0.01491644699126482,0.2868078052997589,0.22713923454284668,0.020315416157245636,0.008102277293801308,0.1183062419295311,0.03522186353802681,0.5633398294448853,0.7146202325820923
201405B,2014-11-07 06:00:00,insat,CRVBND,3,0.004079231061041355,0.01027863658964634,0.5352739691734314,0.5662801265716553,0.21034909784793854,0.2259419709444046,0.014623959548771381,0.008256828412413597,0.2356737107038498,0.1892423778772354
201405B,2014-11-07 12:00:00,insat,CRVBND,3,0.001950642792508006,0.00657168123871088,0.23815089464187622,0.4035703241825104,0.726433277130127,0.5680351257324219,0.0031948876567184925,0.0029294141568243504,0.03027036227285862,0.018893461674451828
201405B,2014-11-08 00:00:00,insat,SHEAR,3,0.0009496440761722624,1.8429736883263104e-05,0.08866728097200394,0.017029065638780594,0.8926039338111877,0.9828982353210449,0.0015028741909191012,1.7662216123426333e-05,0.016276249662041664,3.6515317333396524e-05
201405B,2014-11-08 05:30:00,insat,SHEAR,3,0.0013096623588353395,7.583396654808894e-05,0.09965795278549194,0.03318454697728157,0.8773936629295349,0.9664457440376282,0.0019575878977775574,2.4229533664765768e-05,0.019681163132190704,0.0002697559539228678
201501A,2015-06-07 09:00:00,insat,CRVBND,4,0.012712296098470688,0.2532386779785156,0.9465229511260986,0.3805685043334961,0.005727744661271572,0.05369734764099121,0.02166975662112236,0.2885092794895172,0.01336731668561697,0.023986205458641052
201501A,2015-06-07 15:00:00,insat,CRVBND,4,0.007491425611078739,0.06404202431440353,0.7355895638465881,0.1898098737001419,0.009840731509029865,0.006247267127037048,0.1181260198354721,0.07380335032939911,0.128952294588089,0.6660974621772766
201501A,2015-06-07 21:00:00,insat,IRRCDO,4,0.011570870876312256,0.08792195469141006,0.7169274687767029,0.1832505166530609,0.014029109850525856,0.0008317252504639328,0.1404665857553482,0.3924199640750885,0.11700593680143356,0.33557581901550293
201501A,2015-06-08 03:00:00,insat,EMBC,4,0.014306880533695221,0.11590135842561722,0.3883988857269287,0.12055400758981705,0.02099626511335373,0.0002340674545848742,0.5026955008506775,0.6078539490699768,0.07360241562128067,0.15545667707920074
201501A,2015-06-08 21:00:00,insat,IRRCDO,4,0.007726041134446859,0.08563151955604553,0.2760413885116577,0.18266621232032776,0.00787988118827343,0.003578524338081479,0.25041356682777405,0.09033841639757156,0.4579390585422516,0.6377853155136108
201501A,2015-06-09 03:00:00,insat,IRRCDO,4,0.011729118414223194,0.11201515048742294,0.27520596981048584,0.1455617994070053,0.008791249245405197,0.0014657344436272979,0.6022678017616272,0.2675858736038208,0.10200587660074234,0.4733714461326599
201501A,2015-06-09 15:00:00,insat,CRVBND,4,0.021025195717811584,0.04569387435913086,0.3158493638038635,0.4171593487262726,0.007891678251326084,0.08538153767585754,0.5573923587799072,0.10660190135240555,0.09784143418073654,0.3451633155345917
201501A,2015-06-09 21:00:00,insat,IRRCDO,4,0.1559428721666336,0.12720152735710144,0.2705717980861664,0.29007774591445923,0.020539540797472,0.009894982911646366,0.35282668471336365,0.21495752036571503,0.20011910796165466,0.3578682839870453
201501A,2015-06-10 03:00:00,insat,EMBC,4,0.00565640302374959,0.36454883217811584,0.013628331944346428,0.10668385028839111,0.002300865715369582,0.0023165487218648195,0.9751220941543579,0.47513920068740845,0.0032923573162406683,0.05131158232688904
201501A,2015-06-10 21:00:00,insat,SHEAR,4,0.0694611668586731,0.0291180107742548,0.512675940990448,0.5983006954193115,0.3638720214366913,0.2443234771490097,0.023428840562701225,0.037620097398757935,0.03056206740438938,0.09063764661550522
201501A,2015-06-11 03:00:00,insat,CRVBND,4,0.02511582337319851,0.23371051251888275,0.7824640274047852,0.12368660420179367,0.027718594297766685,0.0013253730721771717,0.02956893853843212,0.5191810727119446,0.13513268530368805,0.12209644913673401
201501A,2015-06-11 09:00:00,insat,EMBC,4,0.04336141049861908,0.22634027898311615,0.54954594373703,0.059346072375774384,0.04855966567993164,0.0014005526900291443,0.3404560089111328,0.6907871961593628,0.018077010288834572,0.022125909104943275
201501A,2015-06-11 15:00:00,insat,CRVBND,4,0.04154834896326065,0.3748537003993988,0.29320454597473145,0.28809815645217896,0.017822565510869026,0.03717154636979103,0.6410417556762695,0.24967218935489655,0.006382765248417854,0.05020444467663765
201501A,2015-06-11 21:00:00,insat,CRVBND,4,0.025466296821832657,0.09194095432758331,0.2545885741710663,0.5724976062774658,0.6866437792778015,0.17876024544239044,0.010501266457140446,0.06777689605951309,0.022800041362643242,0.08902432769536972
201502B,2015-07-29 01:00:00,insat,CRVBND,3,0.020744815468788147,0.004499667789787054,0.7144098281860352,0.6611256003379822,0.015184464864432812,0.09187795221805573,0.07101892679929733,0.028947703540325165,0.17864197492599487,0.21354910731315613
201502B,2015-07-29 06:00:00,insat,CRVBND,3,0.03238767385482788,0.003588457126170397,0.7002469301223755,0.5898895263671875,0.017447063699364662,0.05679983273148537,0.11390511691570282,0.04748046025633812,0.1360132247209549,0.302241712808609
201502B,2015-07-29 12:00:00,insat,CRVBND,3,0.017831262201070786,0.0014831025619059801,0.4003799855709076,0.20721435546875,0.013532066717743874,0.004639719612896442,0.0547608807682991,0.034849975258111954,0.5134958028793335,0.7518128156661987
201502B,2015-07-29 18:00:00,insat,CRVBND,3,0.02620154246687889,0.003891061060130596,0.5801849961280823,0.5316518545150757,0.010744067840278149,0.01767985336482525,0.10698579996824265,0.054287418723106384,0.27588364481925964,0.3924897313117981
201502B,2015-07-30 00:00:00,insat,CRVBND,3,0.039704564958810806,0.001506348606199026,0.5800480246543884,0.34560275077819824,0.015018134377896786,0.026568429544568062,0.17423298954963684,0.03169296309351921,0.19099627435207367,0.5946295261383057
201502B,2015-07-30 06:00:00,insat,CRVBND,3,0.03046669252216816,0.009202784858644009,0.7238792777061462,0.570064902305603,0.020322859287261963,0.036715880036354065,0.10401185601949692,0.08019481599330902,0.12131927162408829,0.3038216233253479
201503A,2015-10-09 21:00:00,insat,CRVBND,2,0.002967049367725849,0.14605848491191864,0.6617870330810547,0.13831694424152374,0.1641637086868286,0.0026959325186908245,0.017857644706964493,0.13258861005306244,0.15322454273700714,0.5803400278091431
201503A,2015-10-10 03:30:00,insat,IRRCDO,2,0.006155156996101141,0.2979855537414551,0.3095478415489197,0.055304426699876785,0.02612122893333435,0.0006082231411710382,0.09280185401439667,0.5160712003707886,0.5653738975524902,0.13003069162368774
201503A,2015-10-10 09:00:00,insat,CRVBND,2,0.007324159611016512,0.23387165367603302,0.13802510499954224,0.1968221813440323,0.013824389316141605,0.018497716635465622,0.1263861060142517,0.42208510637283325,0.7144402265548706,0.12872330844402313
201503A,2015-10-10 15:00:00,insat,CRVBND,2,0.002013743156567216,0.028821133077144623,0.8685482144355774,0.4736248254776001,0.05964275822043419,0.34568914771080017,0.0003154769947286695,0.016674738377332687,0.069479800760746,0.1351901739835739
201503A,2015-10-10 21:00:00,insat,CRVBND,2,0.0018691096920520067,0.0011800224892795086,0.1200847178697586,0.18167951703071594,0.8693697452545166,0.8023731708526611,0.0005168807692825794,0.0011679136659950018,0.00815955363214016,0.013599419966340065
201503A,2015-10-11 03:00:00,insat,CRVBND,2,0.003382474649697542,0.01603374071419239,0.04575812816619873,0.4642847776412964,0.9411466717720032,0.28755342960357666,0.0006861599977128208,0.009036286734044552,0.009026618674397469,0.2230917513370514
201503A,2015-10-11 09:00:00,insat,CRVBND,2,0.003616711590439081,0.21129007637500763,0.45392459630966187,0.18324516713619232,0.017360717058181763,0.006576776970177889,0.04496176168322563,0.3674456477165222,0.48013612627983093,0.23144228756427765
201503A,2015-10-11 15:00:00,insat,CRVBND,2,0.001437000697478652,0.014616756699979305,0.0918026939034462,0.34659555554389954,0.8962321281433105,0.5951064229011536,0.000331928429659456,0.012864462099969387,0.01019632164388895,0.030816778540611267
201503A,2015-10-11 21:00:00,insat,CRVBND,2,0.0052535333670675755,0.027760187163949013,0.07037793099880219,0.4638940989971161,0.9153919816017151,0.19003663957118988,0.0026891010347753763,0.00914995837956667,0.0062874737195670605,0.3091591000556946
201504A,2015-10-28 20:30:00,insat,EMBC,2,0.05499199777841568,0.33277732133865356,0.04024180769920349,0.12947477400302887,0.010334684513509274,0.0076383729465305805,0.8506991863250732,0.45902347564697266,0.04373229667544365,0.071086086332798
201504A,2015-10-29 03:00:00,insat,CRVBND,2,0.04099584370851517,0.35465624928474426,0.7076042890548706,0.32750290632247925,0.007717713713645935,0.05339827015995979,0.19925753772258759,0.1701078712940216,0.04442465305328369,0.0943346694111824
201504A,2015-10-29 09:00:00,insat,EMBC,2,0.05253264307975769,0.5628078579902649,0.6749301552772522,0.14588680863380432,0.006479768082499504,0.006462785415351391,0.11385080963373184,0.18194404244422913,0.15220658481121063,0.10289847105741501
201504A,2015-10-29 15:00:00,insat,EYE,2,0.9600388407707214,0.34551021456718445,0.01159379817545414,0.25941184163093567,0.0068694353103637695,0.02243596501648426,0.00432089576497674,0.1992948353290558,0.017177043482661247,0.1733471304178238
201504A,2015-10-29 21:30:00,insat,EMBC,2,0.4587721526622772,0.4202731251716614,0.012780947610735893,0.10904259979724884,0.0072766696102917194,0.004048200324177742,0.4682310223579407,0.32118546962738037,0.052939292043447495,0.14545060694217682
201504A,2015-10-30 03:00:00,insat,EYE,2,0.9840958118438721,0.4468930959701538,0.002154652262106538,0.030490055680274963,0.004348365589976311,0.0004023991641588509,0.0023057071957737207,0.48567506670951843,0.007095429114997387,0.036539316177368164
201504A,2015-10-30 15:00:00,insat,EYE,2,0.9828601479530334,0.4765069782733917,0.003134719328954816,0.16713471710681915,0.0037660582456737757,0.015687067061662674,0.004809907637536526,0.27108946442604065,0.005429072305560112,0.06958184391260147
201504A,2015-10-31 03:00:00,insat,EYE,2,0.9396001100540161,0.5074728727340698,0.004609523341059685,0.06404339522123337,0.0067856647074222565,0.001159703591838479,0.04447745159268379,0.3382643759250641,0.00452729407697916,0.08905965089797974
201504A,2015-10-31 09:00:00,insat,EYE,2,0.9312045574188232,0.46930909156799316,0.0061647845432162285,0.04948453605175018,0.007676253095269203,0.0026940694078803062,0.04875904321670532,0.4621809720993042,0.006195343565195799,0.016331268474459648
201504A,2015-10-31 15:00:00,insat,EYE,2,0.9787859916687012,0.41754817962646484,0.0034887739457190037,0.150864839553833,0.0071564242243766785,0.008518829941749573,0.0029450177680701017,0.3255467712879181,0.007623821031302214,0.09752140939235687
201504A,2015-10-31 21:00:00,insat,EYE,2,0.9649124145507812,0.2912720739841461,0.0068435389548540115,0.06978195160627365,0.007326975464820862,0.0015464029274880886,0.008854600600898266,0.5565700531005859,0.012062435038387775,0.08082953840494156
201504A,2015-11-01 04:00:00,insat,EYE,2,0.826345682144165,0.40424874424934387,0.008271293714642525,0.03181767463684082,0.00939857866615057,0.00038685338222421706,0.14430131018161774,0.5403081178665161,0.011683168821036816,0.02323867753148079
201504A,2015-11-01 09:00:00,insat,EYE,2,0.912575364112854,0.3621041178703308,0.005235251970589161,0.03359067812561989,0.007855843752622604,0.000904687971342355,0.06455645710229874,0.5935534238815308,0.009777006693184376,0.009847047738730907
201504A,2015-11-01 15:00:00,insat,EYE,2,0.9853223562240601,0.519875168800354,0.0015779046807438135,0.10018406808376312,0.005187470465898514,0.0030490688513964415,0.0020929044112563133,0.32631736993789673,0.005819311831146479,0.05057431384921074
201504A,2015-11-01 21:00:00,insat,EYE,2,0.9802640676498413,0.33505579829216003,0.0019488882971927524,0.1306372582912445,0.005772583652287722,0.0018669223645702004,0.005917482078075409,0.34527626633644104,0.006096941884607077,0.18716369569301605
201504A,2015-11-02 03:00:00,insat,EYE,2,0.9682871103286743,0.4815111458301544,0.0038913656026124954,0.048905666917562485,0.00799893494695425,0.00033223917125724256,0.004075317177921534,0.43810659646987915,0.01574721559882164,0.031144365668296814
201504A,2015-11-02 09:00:00,insat,EYE,2,0.97322016954422,0.707241415977478,0.0042290035635232925,0.05865264683961868,0.009911236353218555,0.0020057728979736567,0.00433772848919034,0.2246278077363968,0.008301948197185993,0.0074723768047988415
201504A,2015-11-02 15:00:00,insat,EYE,2,0.9453596472740173,0.5858197808265686,0.010746719315648079,0.1811414211988449,0.012857833877205849,0.012272962369024754,0.01999768055975437,0.19180665910243988,0.011038247495889664,0.028959201648831367
201504A,2015-11-03 03:30:00,insat,CRVBND,2,0.0023200497962534428,0.072051040828228,0.8955976366996765,0.5665819048881531,0.04361822083592415,0.11785760521888733,0.009624592028558254,0.08226706832647324,0.04883948341012001,0.16124236583709717
201505A,2015-11-05 08:00:00,insat,CRVBND,0,0.039390791207551956,0.5802866816520691,0.18508793413639069,0.044258031994104385,0.002661558799445629,0.004322283901274204,0.30184707045555115,0.35370543599128723,0.47101259231567383,0.01742752455174923
201505A,2015-11-05 14:30:00,insat,CRVBND,0,0.006837793160229921,0.33041033148765564,0.8814924359321594,0.41625016927719116,0.0052632675506174564,0.1344877928495407,0.08926238119602203,0.08002032339572906,0.017144085839390755,0.0388314463198185
201505A,2015-11-06 09:00:00,insat,CRVBND,0,0.05052158236503601,0.5618571639060974,0.2589191496372223,0.20289669930934906,0.08404390513896942,0.04264849051833153,0.057024236768484116,0.15764740109443665,0.5494911670684814,0.03495025634765625
201505A,2015-11-06 15:00:00,insat,CRVBND,0,0.02349250204861164,0.1880015879869461,0.6545926928520203,0.38245052099227905,0.26143959164619446,0.3859778642654419,0.02884148806333542,0.03484399616718292,0.031633708626031876,0.008726025931537151
201505A,2015-11-07 09:00:00,insat,EMBC,0,0.49008336663246155,0.6999995112419128,0.004129582550376654,0.08178946375846863,0.03436150774359703,0.0110945925116539,0.43454739451408386,0.19618472456932068,0.036878202110528946,0.010931611061096191
201505A,2015-11-07 21:00:00,insat,EYE,0,0.41538748145103455,0.06143807992339134,0.2740474343299866,0.5302300453186035,0.01132227387279272,0.27020567655563354,0.19724403321743011,0.017945321276783943,0.10199881345033646,0.12018094956874847
201505A,2015-11-08 03:00:00,insat,EYE,0,0.8848152756690979,0.2717128396034241,0.011332705616950989,0.31283751130104065,0.0056092641316354275,0.02385830320417881,0.028593989089131355,0.09628824889659882,0.0696488544344902,0.295303076505661
201505A,2015-11-08 08:00:00,insat,EYE,0,0.9191150665283203,0.7219927310943604,0.001965499250218272,0.06569540500640869,0.006243065465241671,0.010170597583055496,0.057070937007665634,0.194390207529068,0.015605460852384567,0.00775115704163909
201505A,2015-11-09 03:30:00,insat,EMBC,0,0.08257503807544708,0.33875396847724915,0.19562727212905884,0.41061893105506897,0.01840895228087902,0.007934876717627048,0.30167916417121887,0.1387377381324768,0.4017096161842346,0.10395445674657822
201505A,2015-11-09 09:00:00,insat,IRRCDO,0,0.08595923334360123,0.46658387780189514,0.4646701216697693,0.3383595645427704,0.14668236672878265,0.014545369893312454,0.0794961079955101,0.14813385903835297,0.22319212555885315,0.03237726539373398
201505A,2015-11-09 15:00:00,insat,CRVBND,0,0.017704959958791733,0.014373436570167542,0.7063086628913879,0.6282784938812256,0.17307384312152863,0.33493533730506897,0.06870349496603012,0.003706705290824175,0.03420903906226158,0.018706049770116806
201505A,2015-11-09 21:00:00,insat,SHEAR,0,0.00765006011351943,0.00048315629828721285,0.11738922446966171,0.3001329004764557,0.8487030267715454,0.6882374882698059,0.007332097738981247,0.0001548950676806271,0.018925586715340614,0.010991575196385384
201601B,2016-05-19 15:00:00,insat,IRRCDO,4,0.0048079947009682655,0.040339063853025436,0.8756489157676697,0.4665561616420746,0.011408209800720215,0.16323746740818024,0.002544560469686985,0.0646258145570755,0.10559023916721344,0.26524150371551514
201601B,2016-05-19 21:00:00,insat,CRVBND,4,0.005181614775210619,0.08238653838634491,0.14222365617752075,0.1660732924938202,0.0010559813817963004,0.002988213673233986,0.002682232530787587,0.0908353328704834,0.8488565683364868,0.6577165722846985
201601B,2016-05-20 10:00:00,insat,EMBC,4,0.008901674300432205,0.29610317945480347,0.9033714532852173,0.11738169193267822,0.006036713719367981,0.0004498960333876312,0.014026452787220478,0.5344347953796387,0.06766369938850403,0.051630452275276184
201601B,2016-05-20 15:00:00,insat,CRVBND,4,0.006999277044087648,0.10295505821704865,0.03138909861445427,0.15081466734409332,0.0007684397860430181,0.0012789689935743809,0.029752587899565697,0.12005746364593506,0.9310905337333679,0.6248937845230103
201602A,2016-06-27 09:00:00,insat,CRVBND,0,0.0016060699708759785,0.22114695608615875,0.020024122670292854,0.10304276645183563,0.0037764988373965025,0.011729222722351551,0.913616955280304,0.5348846316337585,0.06097634136676788,0.12919645011425018
201602A,2016-06-27 15:00:00,insat,IRRCDO,0,0.00865989550948143,0.048087481409311295,0.5429474711418152,0.556016743183136,0.05492019280791283,0.1945609748363495,0.12687626481056213,0.051619261503219604,0.2665961682796478,0.14971551299095154
201602A,2016-06-28 03:00:00,insat,CRVBND,0,0.051113296300172806,0.099092498421669,0.615797758102417,0.5167038440704346,0.019889144226908684,0.122658371925354,0.04799279198050499,0.07523344457149506,0.26520705223083496,0.18631179630756378
201602A,2016-06-28 21:00:00,insat,SHEAR,0,0.0016795843839645386,4.518024070421234e-05,0.18838252127170563,0.07965601980686188,0.7787888646125793,0.9184068441390991,0.0027154493145644665,0.00011909347085747868,0.028433606028556824,0.0017728180391713977
201603B,2016-10-25 04:30:00,insat,EMBC,3,0.023538533598184586,0.4219945967197418,0.1945287138223648,0.05739185959100723,0.014402119442820549,0.0002426267456030473,0.4059184193611145,0.409917950630188,0.3616122007369995,0.11045300960540771
201603B,2016-10-25 11:30:00,insat,EMBC,3,0.06105309724807739,0.3872935473918915,0.2157352864742279,0.11682039499282837,0.010827847756445408,0.0015565748326480389,0.537905216217041,0.43439432978630066,0.17447857558727264,0.059935178607702255
201603B,2016-10-26 12:00:00,insat,CRVBND,3,0.015127112157642841,0.21623368561267853,0.69122314453125,0.5130626559257507,0.020067013800144196,0.07344788312911987,0.07516486197710037,0.11522883921861649,0.19841793179512024,0.0820268914103508
201603B,2016-10-27 00:00:00,insat,IRRCDO,3,0.005538126453757286,0.00991299469023943,0.5044546723365784,0.5310485363006592,0.3769335448741913,0.3203715682029724,0.011633692309260368,0.005200366023927927,0.1014399528503418,0.13346649706363678
201603B,2016-10-27 04:30:00,insat,CRVBND,3,0.005544204730540514,0.1603645235300064,0.4923087954521179,0.5054053664207458,0.19439317286014557,0.04059511423110962,0.019008425995707512,0.07964998483657837,0.28874537348747253,0.21398501098155975
201604B,2016-11-30 03:30:00,insat,IRRCDO,2,0.0024365042336285114,0.02305605262517929,0.9215568900108337,0.31477755308151245,0.00413919473066926,0.04101361334323883,0.004826678894460201,0.05405650660395622,0.06704066693782806,0.5670962333679199
201604B,2016-11-30 09:00:00,insat,CRVBND,2,0.002289357827976346,0.0341048464179039,0.8254836797714233,0.47691279649734497,0.011478496715426445,0.3056112825870514,0.004588529001921415,0.10055652260780334,0.15615996718406677,0.08281456679105759
201604B,2016-11-30 15:00:00,insat,CRVBND,2,0.0022378494031727314,0.009325098246335983,0.5309215784072876,0.45014405250549316,0.39278313517570496,0.4102151095867157,0.00038647273322567344,0.033490024507045746,0.07367094606161118,0.09682563692331314
201604B,2016-11-30 21:00:00,insat,SHEAR,2,0.005440340377390385,0.0003833142400253564,0.7761895656585693,0.13298317790031433,0.14904600381851196,0.852864146232605,0.0036226902157068253,0.0011806279653683305,0.06570140272378922,0.012588783167302608
201604B,2016-12-01 03:00:00,insat,SHEAR,2,0.0007237810059450567,0.00023141314159147441,0.023171747103333473,0.058603644371032715,0.9624807834625244,0.9383327960968018,0.00037448416696861386,0.0008000789093784988,0.013249182142317295,0.0020320212934166193
201604B,2016-12-01 09:00:00,insat,SHEAR,2,0.0009560834150761366,3.839646888081916e-05,0.009649941697716713,0.010979722253978252,0.9809219241142273,0.9887458682060242,0.000272712524747476,0.00011256284778937697,0.008199293166399002,0.00012342608533799648
201604B,2016-12-01 15:00:00,insat,SHEAR,2,0.0015370863256976008,1.0620838111208286e-05,0.016223546117544174,0.006786431651562452,0.9761216640472412,0.9931110143661499,0.0003096707514487207,1.3153990039427299e-05,0.005808085203170776,7.890121196396649e-05
201604B,2016-12-01 21:00:00,insat,SHEAR,2,0.0028466361109167337,8.287502168968786e-06,0.017834192141890526,0.01664220541715622,0.9719868302345276,0.9832034111022949,0.000488327001221478,3.7670520214305725e-06,0.006843997165560722,0.00014227630163077265
201605B,2016-12-07 15:00:00,insat,CRVBND,4,0.02785426564514637,0.6957208514213562,0.3372815251350403,0.052906401455402374,0.017083216458559036,0.00039385672425851226,0.569555938243866,0.21911071240901947,0.048225037753582,0.03186818212270737
201605B,2016-12-07 20:30:00,insat,IRRCDO,4,0.01902846246957779,0.6769179701805115,0.025792201980948448,0.041575491428375244,0.0029748810920864344,0.00013088498963043094,0.8212454319000244,0.22949987649917603,0.13095912337303162,0.05187574774026871
201605B,2016-12-08 03:30:00,insat,CRVBND,4,0.022795768454670906,0.5183600187301636,0.8964784741401672,0.20502877235412598,0.00666765496134758,0.007450059987604618,0.034556251019239426,0.17525164783000946,0.03950183838605881,0.09390950947999954
201605B,2016-12-08 09:00:00,insat,CRVBND,4,0.010049894452095032,0.07855059206485748,0.9395137429237366,0.5206793546676636,0.006562685128301382,0.08325301110744476,0.01286035031080246,0.058720480650663376,0.031013311818242073,0.2587965428829193
201605B,2016-12-08 15:00:00,insat,CRVBND,4,0.006977558601647615,0.011760656721889973,0.8915067911148071,0.21178430318832397,0.015270167961716652,0.012933330610394478,0.009579811245203018,0.017659397795796394,0.0766657292842865,0.7458623647689819
201605B,2016-12-08 20:30:00,insat,IRRCDO,4,0.012760967016220093,0.025410272181034088,0.03155753016471863,0.15464937686920166,0.0017893952317535877,0.004327468574047089,0.8291916847229004,0.04413564130663872,0.12470044195652008,0.771477222442627
201605B,2016-12-09 09:00:00,insat,IRRCDO,4,0.009330037981271744,0.06575509905815125,0.7953864932060242,0.42831844091415405,0.007224220782518387,0.027927326038479805,0.06917732954025269,0.10219138860702515,0.11888191848993301,0.3758077323436737
201605B,2016-12-10 02:30:00,insat,EMBC,4,0.014403345994651318,0.5488975644111633,0.0935029461979866,0.05535149574279785,0.0077015007846057415,0.0003887361672241241,0.8711727857589722,0.3787357807159424,0.013219445943832397,0.016626453027129173
201605B,2016-12-10 15:00:00,insat,EMBC,4,0.005377903115004301,0.48669397830963135,0.32410404086112976,0.07414545863866806,0.0067443205043673515,0.0004131627210881561,0.640611469745636,0.3260582685470581,0.02316223457455635,0.11268913745880127
201605B,2016-12-10 21:00:00,insat,EMBC,4,0.010315286926925182,0.45675286650657654,0.03866317495703697,0.0793338194489479,0.002680230652913451,0.0006524947821162641,0.6619618535041809,0.34779971837997437,0.28637951612472534,0.1154610738158226
201605B,2016-12-11 21:00:00,insat,EYE,4,0.13036960363388062,0.6383984684944153,0.005545516964048147,0.048189692199230194,0.006967972498387098,0.0005628698854707181,0.7910768985748291,0.2711670994758606,0.06604000180959702,0.04168189316987991
201605B,2016-12-12 04:00:00,insat,EYE,4,0.01629144325852394,0.6559880375862122,0.12635847926139832,0.10134313255548477,0.012750442139804363,0.004042540676891804,0.8384526968002319,0.20576129853725433,0.0061469352804124355,0.032864999026060104
201701B,2017-04-16 03:00:00,insat,IRRCDO,3,0.024318533018231392,0.25060197710990906,0.4795149564743042,0.27098986506462097,0.013367344625294209,0.005689708981662989,0.14992162585258484,0.1764337718486786,0.3328775465488434,0.29628464579582214
201701B,2017-04-16 09:10:00,insat,IRRCDO,3,0.033522773534059525,0.375007688999176,0.30107492208480835,0.10148348659276962,0.02047194167971611,0.0009027911582961679,0.20409472286701202,0.2842442989349365,0.4408356249332428,0.23836171627044678
201701B,2017-04-16 15:40:00,insat,IRRCDO,3,0.012515058740973473,0.08542071282863617,0.3587525188922882,0.06631331890821457,0.028276894241571426,0.0010787163628265262,0.05256376415491104,0.10603561997413635,0.5478917956352234,0.7411516904830933
201702B,2017-05-28 07:00:00,insat,EMBC,2,0.004235170315951109,0.14641053974628448,0.650704026222229,0.1358116865158081,0.007140004076063633,0.0001272613153560087,0.08554570376873016,0.6335374116897583,0.252375066280365,0.08411317318677902
201702B,2017-05-28 12:10:00,insat,IRRCDO,2,0.006122592370957136,0.01623552292585373,0.47975876927375793,0.40641120076179504,0.0030688010156154633,0.0015234854072332382,0.024462541565299034,0.13606679439544678,0.4865872263908386,0.4397629201412201
201702B,2017-05-28 18:10:00,insat,IRRCDO,2,0.007441985886543989,0.006745997350662947,0.7910991311073303,0.1292462795972824,0.003943026997148991,6.462741293944418e-05,0.04967322573065758,0.14788661897182465,0.14784258604049683,0.7160565257072449
201702B,2017-05-29 00:10:00,insat,IRRCDO,2,0.010316135361790657,0.12777024507522583,0.9311403632164001,0.1405908614397049,0.005698455963283777,0.0001464419037802145,0.029525894671678543,0.538849949836731,0.02331913635134697,0.1926424652338028
201702B,2017-05-29 13:10:00,insat,IRRCDO,2,0.0972350612282753,0.0034872835967689753,0.45604661107063293,0.5140524506568909,0.011270694434642792,0.03184317797422409,0.2333221286535263,0.044864777475595474,0.20212550461292267,0.4057522118091583
201702B,2017-05-29 22:40:00,insat,EYE,2,0.009194419719278812,0.07384078204631805,0.05330251157283783,0.08302314579486847,0.0038009467534720898,0.00028194813057780266,0.8699259161949158,0.14994798600673676,0.06377615034580231,0.6929061412811279
201703B,2017-11-30 03:00:00,insat,EMBC,3,0.08117933571338654,0.4375832676887512,0.3407151401042938,0.2049635946750641,0.0057534873485565186,0.002926622051745653,0.4928891062736511,0.3145344853401184,0.0794629231095314,0.0399920754134655
201703A,2017-11-30 08:30:00,insat,EMBC,1,0.7841700315475464,0.602821409702301,0.0964735746383667,0.18786682188510895,0.005636716261506081,0.010255521163344383,0.08587705343961716,0.126630499958992,0.027842624112963676,0.07242568582296371
201703B,2017-11-30 14:30:00,insat,EYE,3,0.08153840154409409,0.3628864884376526,0.15201306343078613,0.17858996987342834,0.004187236540019512,0.0011971354251727462,0.5917719006538391,0.31018057465553284,0.17048940062522888,0.14714589715003967
201703B,2017-12-01 03:00:00,insat,EYE,3,0.1682661920785904,0.208501398563385,0.056121766567230225,0.23592080175876617,0.003637548303231597,0.0022541123908013105,0.6725124716758728,0.3026677668094635,0.09946200996637344,0.2506559193134308
201703B,2017-12-01 09:30:00,insat,EMBC,3,0.02933511510491371,0.15129399299621582,0.17720375955104828,0.3258657157421112,0.007356196641921997,0.005989390891045332,0.2284269779920578,0.22945430874824524,0.5576779246330261,0.287396639585495
201703B,2017-12-01 15:30:00,insat,EYE,3,0.46396303176879883,0.2522198259830475,0.015486106276512146,0.4401446580886841,0.003581759287044406,0.01029270887374878,0.48493194580078125,0.16129352152347565,0.0320371575653553,0.13604925572872162
201703B,2017-12-01 22:00:00,insat,EYE,3,0.38407599925994873,0.2926121950149536,0.023889770731329918,0.32604289054870605,0.0029953671619296074,0.004214644897729158,0.5703680515289307,0.19189511239528656,0.01867082715034485,0.1852351427078247
201703B,2017-12-02 03:00:00,insat,EYE,3,0.872915506362915,0.44382140040397644,0.007387443911284208,0.30008283257484436,0.0037902803160250187,0.007869896478950977,0.10559135675430298,0.15815678238868713,0.010315408930182457,0.09006910026073456
201703B,2017-12-02 09:00:00,insat,EYE,3,0.7252699136734009,0.36482366919517517,0.017104409635066986,0.3962220549583435,0.006270531099289656,0.014739078469574451,0.24009448289871216,0.09331582486629486,0.01126070600003004,0.1308993548154831
201703B,2017-12-03 04:00:00,insat,IRRCDO,3,0.053884800523519516,0.37275686860084534,0.27781084179878235,0.44168081879615784,0.006943466141819954,0.026028277352452278,0.49523836374282837,0.13332533836364746,0.16612252593040466,0.02620875835418701
201703B,2017-12-03 14:30:00,insat,EMBC,3,0.07167640328407288,0.6331750750541687,0.09113135933876038,0.08831924945116043,0.009608368389308453,0.0013383296318352222,0.7266069054603577,0.24421662092208862,0.10097689926624298,0.0329507477581501
201703B,2017-12-03 21:00:00,insat,EMBC,3,0.09990042448043823,0.5399988889694214,0.1709456443786621,0.22461089491844177,0.006992269307374954,0.004387842956930399,0.6609823703765869,0.1847982108592987,0.061179254204034805,0.04620417207479477
201703B,2017-12-04 04:00:00,insat,EMBC,3,0.029638955369591713,0.5054025650024414,0.3780853748321533,0.1961183100938797,0.017032276839017868,0.0033719090279191732,0.32729265093803406,0.22664210200309753,0.24795076251029968,0.06846506893634796
201703B,2017-12-05 09:00:00,insat,SHEAR,3,0.003589227329939604,0.00014402656233869493,0.27771681547164917,0.10649374127388,0.6777774095535278,0.8927373290061951,0.005734218284487724,2.505595693946816e-05,0.03518231585621834,0.0005999439163133502
201703B,2017-12-05 17:00:00,insat,SHEAR,3,0.0008617754210717976,1.0817694828801905e-06,0.02701231651008129,0.009220186620950699,0.9632251262664795,0.9907715320587158,0.001237346325069666,5.941850389490355e-08,0.007663425989449024,7.0409510044555645e-06
201704B,2017-12-08 21:00:00,insat,CRVBND,0,0.014408919960260391,0.1636231690645218,0.6770238280296326,0.5390325784683228,0.018317371606826782,0.056239765137434006,0.04066489636898041,0.04636768996715546,0.24958504736423492,0.1947368085384369
201704B,2017-12-09 03:00:00,insat,CRVBND,0,0.001079306355677545,0.23328399658203125,0.006419011857360601,0.4894310235977173,0.0017671947134658694,0.06966930627822876,0.98243248462677,0.08827637881040573,0.008302027359604836,0.1193392276763916
201704B,2017-12-09 09:00:00,insat,SHEAR,0,0.0031713710632175207,0.00039939532871358097,0.035127729177474976,0.08447334170341492,0.9545345306396484,0.9141401648521423,0.0021467432379722595,0.00010648943134583533,0.0050196233205497265,0.0008805870311334729
201704B,2017-12-09 15:00:00,insat,SHEAR,0,0.0022253403440117836,3.190015922882594e-05,0.01602509617805481,0.035475101321935654,0.9721519947052002,0.9639090299606323,0.0019931078422814608,8.534137123206165e-06,0.007604558952152729,0.0005754514131695032
201704B,2017-12-09 21:00:00,insat,SHEAR,0,0.004457208793610334,2.0476343252084916e-06,0.014643372036516666,0.012635289691388607,0.9690412282943726,0.9873453974723816,0.003051482141017914,1.8568179882549884e-07,0.008806789293885231,1.7030917661031708e-05
201704B,2017-12-10 03:45:00,insat,SHEAR,0,0.00455463444814086,2.4263390514533967e-06,0.014843905344605446,0.006955232471227646,0.9680231809616089,0.9930146932601929,0.0029903023969382048,3.8963034398875607e-07,0.009587991051375866,2.7194306312594563e-05
201801A,2018-05-17 00:00:00,insat,CRVBND,2,0.004639650695025921,0.23340457677841187,0.410641074180603,0.22593699395656586,0.02098947763442993,0.003077829722315073,0.1128254160284996,0.04971270635724068,0.45090436935424805,0.4878678023815155
201801A,2018-05-17 11:00:00,insat,IRRCDO,2,0.005302059929817915,0.40672019124031067,0.8478948473930359,0.13486942648887634,0.00945740845054388,0.003808720735833049,0.12265055626630783,0.4365527033805847,0.014695042744278908,0.018048951402306557
201801A,2018-05-17 18:00:00,insat,CRVBND,2,0.0019118585623800755,0.20103584229946136,0.8750110268592834,0.20295700430870056,0.026978541165590286,0.002591592026874423,0.05481823533773422,0.4163951575756073,0.04128029942512512,0.17702043056488037
201801A,2018-05-18 00:00:00,insat,EMBC,2,0.00966351106762886,0.0280303955078125,0.5849046111106873,0.05285817012190819,0.09386775642633438,0.00026422730297781527,0.12372629344463348,0.04703591391444206,0.18783782422542572,0.8718112707138062
201801A,2018-05-18 18:00:00,insat,IRRCDO,2,0.0040627336129546165,8.42227746034041e-06,0.7516133189201355,0.05435509607195854,0.06338021904230118,0.9439439177513123,0.07240409404039383,6.115997530287132e-05,0.10853967070579529,0.0016312857624143362
201802A,2018-05-22 12:00:00,insat,CRVBND,1,0.2751177251338959,0.1994662582874298,0.0913555696606636,0.07550919055938721,0.006984778679907322,0.00020771531853824854,0.6056438088417053,0.6607847213745117,0.02089814655482769,0.06403210759162903
201802A,2018-05-23 19:00:00,insat,EMBC,1,0.35096046328544617,0.37732118368148804,0.0018659410998225212,0.05356771871447563,0.006791416555643082,0.00025920127518475056,0.6280218958854675,0.49319303035736084,0.012360247783362865,0.07565885037183762
201802A,2018-05-24 12:30:00,insat,EMBC,1,0.9647896885871887,0.3372175395488739,0.012414766475558281,0.20812657475471497,0.0033415546640753746,0.014371765777468681,0.013779518194496632,0.2927662432193756,0.005674421787261963,0.1475178748369217
201802A,2018-05-24 16:45:00,insat,EYE,1,0.98996502161026,0.307588666677475,0.00043310175533406436,0.13418249785900116,0.0010137790814042091,0.0018593058921396732,0.002912279451265931,0.28092294931411743,0.005675859749317169,0.2754465937614441
201802A,2018-05-24 23:00:00,insat,EMBC,1,0.9924446940422058,0.2822560667991638,0.0005994234816171229,0.1694132685661316,0.0011959236580878496,0.0062066977843642235,0.0006905526388436556,0.245670348405838,0.005069423466920853,0.29645365476608276
201802A,2018-05-25 19:00:00,insat,EYE,1,0.9437366724014282,0.49032318592071533,0.0007644372526556253,0.031510114669799805,0.003402258502319455,0.0005364760290831327,0.05006149783730507,0.42692121863365173,0.00203516473993659,0.05070900171995163
201805A,2018-10-08 06:00:00,insat,CRVBND,2,0.04899968206882477,0.5766456127166748,0.30071938037872314,0.018825259059667587,0.010915941558778286,0.0002467086014803499,0.6128698587417603,0.39925846457481384,0.02649516612291336,0.005023930687457323
201805A,2018-10-08 12:00:00,insat,CRVBND,2,0.019579391926527023,0.675588846206665,0.371957391500473,0.06139164790511131,0.01204688660800457,0.005317671224474907,0.5600418448448181,0.25360456109046936,0.03637450560927391,0.00409727031365037
201805A,2018-10-08 23:00:00,insat,EMBC,2,0.006760767661035061,0.5486438274383545,0.03593241050839424,0.029833683744072914,0.0032684754114598036,0.00014244190242607147,0.8698056936264038,0.3723793923854828,0.08423271030187607,0.04900063946843147
201805A,2018-10-09 06:30:00,insat,CRVBND,2,0.042224761098623276,0.5793628692626953,0.5209115743637085,0.08289013057947159,0.01072300411760807,0.003327087964862585,0.37114283442497253,0.3083500862121582,0.05499780550599098,0.0260698851197958
201805A,2018-10-09 12:00:00,insat,EMBC,2,0.032610636204481125,0.6919957995414734,0.6808437705039978,0.027767343446612358,0.012306385673582554,0.0014070348115637898,0.23382706940174103,0.2720358967781067,0.04041210561990738,0.006793886888772249
201805A,2018-10-10 05:30:00,insat,EYE,2,0.3870861232280731,0.5416080951690674,0.0497918464243412,0.08561237901449203,0.017166895791888237,0.021888094022870064,0.5137040019035339,0.33455613255500793,0.03225110098719597,0.01633531041443348
201806B,2018-10-10 06:00:00,insat,EMBC,0,0.9021824598312378,0.29724422097206116,0.018699172884225845,0.17680856585502625,0.021412838250398636,0.0024192172568291426,0.010214617475867271,0.4717272222042084,0.047490932047367096,0.05180070176720619
201805A,2018-10-10 12:00:00,insat,CRVBND,2,0.7871523499488831,0.3442613184452057,0.028147049248218536,0.2523248791694641,0.011101098731160164,0.0741431936621666,0.15868635475635529,0.2780102491378784,0.014913186430931091,0.0512603223323822
201806B,2018-10-10 12:00:00,insat,EYE,0,0.8795126676559448,0.2304287552833557,0.02216227725148201,0.2761816680431366,0.03221752494573593,0.002104611601680517,0.0063005066476762295,0.39901161193847656,0.059807028621435165,0.09227336198091507
201805A,2018-10-10 23:45:00,insat,CRVBND,2,0.01491505280137062,0.06952059268951416,0.9104356169700623,0.4426567852497101,0.008497834205627441,0.22592681646347046,0.0569133497774601,0.036360498517751694,0.009238239377737045,0.2255353033542633
201806B,2018-10-10 23:15:00,insat,EMBC,0,0.953727126121521,0.3793718218803406,0.004832225851714611,0.109273761510849,0.019018106162548065,0.0005199888255447149,0.0030395931098610163,0.48367586731910706,0.019382979720830917,0.02715860866010189
201805A,2018-10-11 05:45:00,insat,CRVBND,2,0.013882674276828766,0.07129067182540894,0.8465349078178406,0.3374413847923279,0.014289159327745438,0.4504532516002655,0.10185811668634415,0.10163015872240067,0.023435156792402267,0.03918458893895149
201805A,2018-10-11 12:15:00,insat,CRVBND,2,0.013772372156381607,0.32350730895996094,0.8747559785842896,0.3386729955673218,0.013416237197816372,0.14110246300697327,0.08250267803668976,0.1063683032989502,0.015552802942693233,0.09034894406795502
201805A,2018-10-11 23:45:00,insat,CRVBND,2,0.005557505879551172,0.02327801287174225,0.9354696273803711,0.4619503915309906,0.027430105954408646,0.33050236105918884,0.007168302312493324,0.024339742958545685,0.02437443472445011,0.15992949903011322
201805A,2018-10-12 06:15:00,insat,CRVBND,2,0.004883809480816126,0.08606661111116409,0.939685583114624,0.4057571291923523,0.01931421272456646,0.3894611597061157,0.014042834751307964,0.05599800497293472,0.022073542699217796,0.06271710991859436
201805A,2018-10-12 12:00:00,insat,CRVBND,2,0.0007513531600125134,0.03460395336151123,0.9728339314460754,0.22613917291164398,0.013935567811131477,0.6890000700950623,0.0012920043664053082,0.0346403568983078,0.011187088675796986,0.015616442076861858
201805A,2018-10-13 00:15:00,insat,SHEAR,2,0.002214198699221015,0.05259469896554947,0.8721774816513062,0.45663169026374817,0.04261806607246399,0.1583796888589859,0.0028899353928864002,0.0743858814239502,0.08010042458772659,0.25800812244415283
201805A,2018-10-13 06:15:00,insat,CRVBND,2,0.0028519276529550552,0.26588377356529236,0.9608646631240845,0.30721187591552734,0.015885427594184875,0.17721156775951385,0.0024652827996760607,0.1976660192012787,0.017932701855897903,0.05202677845954895
201805A,2018-10-13 12:00:00,insat,CRVBND,2,0.0018463772721588612,0.0851489007472992,0.913479745388031,0.4500355124473572,0.012234969064593315,0.26454058289527893,0.004973991774022579,0.0974411889910698,0.06746483594179153,0.1028338372707367
201805A,2018-10-14 00:00:00,insat,CRVBND,2,0.005291513632982969,0.0038076252676546574,0.9029794931411743,0.24306729435920715,0.027381453663110733,0.7262383699417114,0.028144659474492073,0.014109381474554539,0.0362028144299984,0.012777316384017467
201807B,2018-11-10 20:45:00,insat,IRRCDO,3,0.01691884547472,0.2659023106098175,0.4151109457015991,0.27032461762428284,0.006208773236721754,0.0013844891218468547,0.10700522363185883,0.17305423319339752,0.45475631952285767,0.28933435678482056
201807B,2018-11-11 03:15:00,insat,CRVBND,3,0.014416202902793884,0.31587934494018555,0.18410901725292206,0.16595236957073212,0.007611354812979698,0.0010828213999047875,0.18395476043224335,0.20768414437770844,0.6099085807800293,0.30940133333206177
201807B,2018-11-11 09:15:00,insat,CRVBND,3,0.01732148975133896,0.2677478790283203,0.28351208567619324,0.13665813207626343,0.00794009119272232,0.0008987970650196075,0.0994960218667984,0.2680381238460541,0.5917303562164307,0.32665708661079407
201807B,2018-11-11 15:15:00,insat,CRVBND,3,0.012134974822402,0.29216498136520386,0.5428556203842163,0.06503861397504807,0.01752021349966526,0.00014671780809294432,0.05095800384879112,0.3600005805492401,0.37653112411499023,0.28264912962913513
201807B,2018-11-11 20:45:00,insat,IRRCDO,3,0.021385377272963524,0.25387510657310486,0.5965185761451721,0.12721002101898193,0.008783310651779175,0.0005162349552847445,0.14334885776042938,0.3638451397418976,0.22996388375759125,0.25455352663993835
201807B,2018-11-12 02:45:00,insat,CRVBND,3,0.01654556579887867,0.025310365483164787,0.6850636601448059,0.5984479188919067,0.018024776130914688,0.03178460896015167,0.05113644152879715,0.04955945536494255,0.22922956943511963,0.2948976457118988
201807B,2018-11-12 08:45:00,insat,CRVBND,3,0.013567320071160793,0.02806701511144638,0.38110339641571045,0.3113594055175781,0.007025012746453285,0.0024658632464706898,0.08032858371734619,0.05342666804790497,0.5179756283760071,0.6046810150146484
201807B,2018-11-12 15:15:00,insat,CRVBND,3,0.011310716159641743,0.07046131044626236,0.20577740669250488,0.360808402299881,0.01010640524327755,0.006722507998347282,0.08854682743549347,0.25967058539390564,0.6842585802078247,0.3023371994495392
201807B,2018-11-12 21:15:00,insat,CRVBND,3,0.010053367353975773,0.38260045647621155,0.28141161799430847,0.02323196455836296,0.014311771839857101,1.300111398450099e-05,0.07128772139549255,0.46605387330055237,0.6229355335235596,0.12810063362121582
201807B,2018-11-13 03:15:00,insat,CRVBND,3,0.027403075248003006,0.4633541405200958,0.41326597332954407,0.0510910339653492,0.011877898126840591,0.00010695339733501896,0.16413915157318115,0.4147202968597412,0.38331395387649536,0.07072766125202179
201807B,2018-11-13 09:15:00,insat,CRVBND,3,0.01112666167318821,0.16237474977970123,0.5023240447044373,0.09546365588903427,0.015108048915863037,0.0004594951751641929,0.061355553567409515,0.538735032081604,0.41008564829826355,0.20296704769134521
201807B,2018-11-13 15:15:00,insat,EYE,3,0.018095530569553375,0.32596802711486816,0.5066719651222229,0.12261732667684555,0.016564970836043358,0.00032214654493145645,0.08540511876344681,0.3281101882457733,0.3732623755931854,0.22298237681388855
201807B,2018-11-14 09:00:00,insat,EMBC,3,0.1941152811050415,0.6282679438591003,0.42125967144966125,0.04177195578813553,0.014917107298970222,0.0010178828379139304,0.33124738931655884,0.307111531496048,0.038460515439510345,0.02183072827756405
201807B,2018-11-14 15:45:00,insat,EMBC,3,0.019164497032761574,0.48194989562034607,0.7815254926681519,0.2665264308452606,0.014803625643253326,0.015427625738084316,0.11879010498523712,0.12405722588300705,0.06571632623672485,0.11203883588314056
201807B,2018-11-15 08:45:00,insat,EMBC,3,0.15817242860794067,0.6417173147201538,0.2193460911512375,0.07511398196220398,0.014412393793463707,0.004188248887658119,0.529243528842926,0.21182765066623688,0.07882563024759293,0.06715288758277893
201807B,2018-11-15 15:45:00,insat,EMBC,3,0.4574356973171234,0.7400312423706055,0.03165413811802864,0.04881487041711807,0.009666001424193382,0.000868919538334012,0.47476905584335327,0.16826234757900238,0.026475118473172188,0.04202257841825485
201807B,2018-11-16 19:45:00,insat,CRVBND,3,0.012429381720721722,0.47731149196624756,0.5827051401138306,0.15958836674690247,0.027798602357506752,0.008523615077137947,0.12814559042453766,0.22768579423427582,0.24892136454582214,0.12689082324504852
201807B,2018-11-17 03:15:00,insat,CRVBND,3,0.018483418971300125,0.5129052400588989,0.5188966393470764,0.07674885541200638,0.031192509457468987,0.0023535939399152994,0.17809194326400757,0.3263952136039734,0.25333547592163086,0.08159708231687546
201807B,2018-11-17 10:15:00,insat,CRVBND,3,0.015594781376421452,0.6606390476226807,0.5459504127502441,0.09254460036754608,0.03662519529461861,0.005903066135942936,0.2216206043958664,0.20399458706378937,0.1802089810371399,0.0369187630712986
201807B,2018-11-17 13:45:00,insat,CRVBND,3,0.025032835081219673,0.34691768884658813,0.6411339640617371,0.3928985893726349,0.012098061852157116,0.04627550020813942,0.2091914564371109,0.050763580948114395,0.11254372447729111,0.16314460337162018
201807B,2018-11-18 09:15:00,insat,CRVBND,3,0.03494512662291527,0.6761829853057861,0.485922247171402,0.03574809432029724,0.01864294335246086,0.0008053503115661442,0.24936185777187347,0.26381686329841614,0.21112777292728424,0.023446625098586082
201807B,2018-11-18 15:15:00,insat,SHEAR,3,0.011657298542559147,0.2044636309146881,0.5870522260665894,0.4572899341583252,0.051626719534397125,0.0761583223938942,0.05793669447302818,0.1172109916806221,0.29172706604003906,0.1448771208524704
201807B,2018-11-18 21:15:00,insat,SHEAR,3,0.006280319765210152,0.00586708402261138,0.7042213082313538,0.2777755558490753,0.11394999921321869,0.6760960221290588,0.02171815000474453,0.01229686290025711,0.15383026003837585,0.027964474633336067
201807B,2018-11-19 03:15:00,insat,SHEAR,3,0.008484899066388607,0.1536329984664917,0.5926796197891235,0.2144409865140915,0.1317499428987503,0.008993136696517467,0.021285437047481537,0.09375876933336258,0.24580012261867523,0.5291740894317627
201807B,2018-11-19 09:15:00,insat,CRVBND,3,0.007600423414260149,0.3016849458217621,0.6620412468910217,0.2204209566116333,0.05397498607635498,0.0320272333920002,0.03506935387849808,0.27978160977363586,0.24131402373313904,0.16608522832393646
201807B,2018-11-19 15:15:00,insat,SHEAR,3,0.001821980462409556,0.03407164290547371,0.18064920604228973,0.5263471603393555,0.7935718894004822,0.38366061449050903,0.0025941883213818073,0.005667594727128744,0.021362802013754845,0.0502530001103878
201808B,2018-12-15 15:15:00,insat,IRRCDO,4,0.01136484369635582,0.18133039772510529,0.4943942129611969,0.09645204246044159,0.01923309825360775,0.00048051224439404905,0.041201911866664886,0.19122746586799622,0.4338058829307556,0.5305095314979553
201808B,2018-12-16 21:00:00,insat,EMBC,4,0.00960118230432272,0.5862587094306946,0.35086169838905334,0.12013454735279083,0.004923464264720678,0.0015069879591464996,0.6001815795898438,0.18216122686862946,0.034432072192430496,0.10993847995996475
201808B,2018-12-17 09:15:00,insat,CRVBND,4,0.014606576412916183,0.024068329483270645,0.792156457901001,0.40540599822998047,0.16930967569351196,0.4750519096851349,0.008255564607679844,0.008617334067821503,0.015671757981181145,0.0868564322590828
201901B,2019-04-27 14:45:00,insat,IRRCDO,0,0.02380686067044735,0.010203753598034382,0.06458878517150879,0.2507154047489166,0.0011938592651858926,0.010941842570900917,0.030415071174502373,0.0368441604077816,0.8799954056739807,0.6912948489189148
201901B,2019-04-28 02:45:00,insat,CRVBND,0,0.09893852472305298,0.019634626805782318,0.01050596870481968,0.2648705244064331,0.0013127815909683704,0.0033489451743662357,0.020591169595718384,0.059783052653074265,0.8686515688896179,0.6523628830909729
201901B,2019-04-28 09:15:00,insat,EMBC,0,0.2360091358423233,0.1128728836774826,0.19241027534008026,0.34423762559890747,0.007816797122359276,0.0037566982209682465,0.042756088078022,0.24159128963947296,0.5210077166557312,0.2975415885448456
201901B,2019-04-28 15:15:00,insat,CRVBND,0,0.01501467265188694,0.025516757741570473,0.17421859502792358,0.5992234349250793,0.01563660241663456,0.027611104771494865,0.004101813305169344,0.04454149305820465,0.7910283207893372,0.30310723185539246
201901B,2019-04-30 08:45:00,insat,EMBC,0,0.3478148877620697,0.037909816950559616,0.04066985845565796,0.5737460851669312,0.0014175893738865852,0.01989917829632759,0.06737851351499557,0.08765413612127304,0.5427191853523254,0.280790776014328
201901B,2019-05-01 04:15:00,insat,EMBC,0,0.15971702337265015,0.05564826726913452,0.004725656006485224,0.22389371693134308,0.0006929750088602304,0.0008459747768938541,0.3428456783294678,0.16272540390491486,0.4920186400413513,0.5568866729736328
201901B,2019-05-01 09:15:00,insat,EYE,0,0.96818608045578,0.2204601913690567,0.0020916995126754045,0.3556288182735443,0.006490952800959349,0.004331269767135382,0.0064056385308504105,0.2294934093952179,0.016825640574097633,0.19008639454841614
201901B,2019-05-01 15:15:00,insat,EYE,0,0.9711558222770691,0.1758659929037094,0.0023352133575826883,0.3570120632648468,0.009771563112735748,0.003519335761666298,0.002243033377453685,0.1371394246816635,0.014494368806481361,0.32646313309669495
201901B,2019-05-02 03:45:00,insat,EMBC,0,0.7000731825828552,0.3171384334564209,0.0018095148261636496,0.13528211414813995,0.0009735347121022642,0.0004633237549569458,0.20837248861789703,0.33958956599235535,0.08877136558294296,0.2075265645980835
201901B,2019-05-02 09:15:00,insat,EYE,0,0.9138830304145813,0.49826836585998535,0.0046564131043851376,0.015850618481636047,0.006017396226525307,2.7672967917169444e-05,0.008483263663947582,0.4734863042831421,0.06695994734764099,0.01236702036112547
201901B,2019-05-02 14:45:00,insat,EYE,0,0.9210431575775146,0.5332644581794739,0.0020672220271080732,0.011701548472046852,0.004019905813038349,1.9807594071608037e-05,0.006706388667225838,0.4401198625564575,0.0661633089184761,0.014894336462020874
201902A,2019-06-10 14:45:00,insat,IRRCDO,2,0.0019326707115396857,0.00474737212061882,0.6436396241188049,0.20990127325057983,0.01900206133723259,0.011896749027073383,0.004410304594784975,0.008253772743046284,0.33101528882980347,0.7652008533477783
201902A,2019-06-10 20:45:00,insat,CRVBND,2,0.002240800531581044,0.009691033512353897,0.869431734085083,0.33807098865509033,0.04741032421588898,0.01784013770520687,0.0012828803155571222,0.022193197160959244,0.0796341672539711,0.6122046709060669
201902A,2019-06-11 03:45:00,insat,IRRCDO,2,0.00375961372628808,0.03052622452378273,0.8858319520950317,0.5498613119125366,0.027897067368030548,0.05598375201225281,0.009920558892190456,0.15189892053604126,0.07259079813957214,0.21172985434532166
201902A,2019-06-11 09:15:00,insat,EMBC,2,0.03230755776166916,0.23081062734127045,0.7646951079368591,0.16653867065906525,0.08301800489425659,0.005860771052539349,0.1073661670088768,0.5263785123825073,0.012613196857273579,0.07041138410568237
201902A,2019-06-11 14:45:00,insat,EYE,2,0.08625221997499466,0.07184173911809921,0.19305598735809326,0.206302210688591,0.01533483061939478,0.005765975918620825,0.5400720834732056,0.20612949132919312,0.1652848869562149,0.5099605917930603
201902A,2019-06-11 20:45:00,insat,IRRCDO,2,0.016119034960865974,0.01986696571111679,0.1024327352643013,0.3302605450153351,0.022822460159659386,0.007958105765283108,0.21684008836746216,0.09313354641199112,0.6417856216430664,0.5487807989120483
201902A,2019-06-12 10:15:00,insat,EMBC,2,0.02992551028728485,0.23430116474628448,0.014886798337101936,0.14700885117053986,0.0023479261435568333,0.0009111983818002045,0.9395033121109009,0.4614596366882324,0.013336438685655594,0.15631921589374542
201902A,2019-06-12 16:15:00,insat,IRRCDO,2,0.329098105430603,0.05545264109969139,0.06568822264671326,0.37437039613723755,0.04106326773762703,0.00997679028660059,0.1657557189464569,0.11600904166698456,0.3983946740627289,0.4441911280155182
201902A,2019-06-13 08:15:00,insat,EYE,2,0.9730058908462524,0.3502667546272278,0.004689968656748533,0.12041996419429779,0.00540513452142477,0.005801818799227476,0.011112606152892113,0.29537972807884216,0.005786477122455835,0.2281317114830017
201902A,2019-06-13 15:15:00,insat,EYE,2,0.9727939963340759,0.14094892144203186,0.004641489125788212,0.16933411359786987,0.008424034342169762,0.006059837993234396,0.005775674246251583,0.1489715725183487,0.008364809677004814,0.5346855521202087
201902A,2019-06-14 01:45:00,insat,EMBC,2,0.058161865919828415,0.30033189058303833,0.14881929755210876,0.23455297946929932,0.011173115111887455,0.024566562846302986,0.7679268717765808,0.31184375286102295,0.013918931595981121,0.12870478630065918
201902A,2019-06-14 09:15:00,insat,EYE,2,0.07708953320980072,0.2925492525100708,0.20388270914554596,0.22077594697475433,0.008458382450044155,0.023495111614465714,0.6853874921798706,0.37436747550964355,0.025181973353028297,0.08881217986345291
201902A,2019-06-14 14:45:00,insat,CRVBND,2,0.15446846187114716,0.17591489851474762,0.05736153572797775,0.35383808612823486,0.007792280055582523,0.0754116103053093,0.7623592019081116,0.2640238106250763,0.01801851950585842,0.13081155717372894
201902A,2019-06-15 03:15:00,insat,EYE,2,0.05023277923464775,0.10712708532810211,0.009937671013176441,0.060234058648347855,0.0032784792128950357,0.0003952796687372029,0.930732250213623,0.6815529465675354,0.005818899255245924,0.15069064497947693
201902A,2019-06-15 07:45:00,insat,EYE,2,0.051935065537691116,0.34934425354003906,0.26256105303764343,0.1738540232181549,0.03658120334148407,0.007976384833455086,0.6031123995780945,0.33393239974975586,0.04581029340624809,0.1348930448293686
201902A,2019-06-15 15:15:00,insat,CRVBND,2,0.09731222689151764,0.15640650689601898,0.06671807169914246,0.325170636177063,0.008733997121453285,0.045326199382543564,0.8198879361152649,0.3003220558166504,0.007347773760557175,0.17277464270591736
201902A,2019-06-15 20:45:00,insat,IRRCDO,2,0.05529617890715599,0.08849821984767914,0.5035264492034912,0.3256075382232666,0.02346673235297203,0.03492731973528862,0.3450527787208557,0.22090382874011993,0.07265784591436386,0.330063134431839
201902A,2019-06-16 03:15:00,insat,CRVBND,2,0.006675850600004196,0.018428955227136612,0.20599901676177979,0.5562313199043274,0.17379361391067505,0.1506262719631195,0.22537900507450104,0.17348036170005798,0.38815245032310486,0.10123306512832642
201902A,2019-06-16 08:15:00,insat,IRRCDO,2,0.025988275185227394,0.035609468817710876,0.040623512119054794,0.4864982068538666,0.08338376134634018,0.20703257620334625,0.8289721608161926,0.15974196791648865,0.02103230357170105,0.11111778765916824
201902A,2019-06-16 14:45:00,insat,SHEAR,2,0.006361562758684158,0.005193989723920822,0.1964893341064453,0.33271524310112,0.2710253596305847,0.5465012788772583,0.07068637758493423,0.029682423919439316,0.4554373621940613,0.08590707182884216
201902A,2019-06-16 21:15:00,insat,SHEAR,2,0.001430103788152337,6.905978352733655e-06,0.00786969717592001,0.0027978646103292704,0.9855127930641174,0.997171938419342,0.0010770921362563968,9.116683031606954e-06,0.004110387526452541,1.4171499969961587e-05
201902A,2019-06-17 03:15:00,insat,SHEAR,2,0.0007251740898936987,8.283512215712108e-06,0.0035065789707005024,0.0032528371084481478,0.9943165183067322,0.9967227578163147,0.00041669324855320156,9.815183148020878e-06,0.001035005203448236,6.2932781474955846e-06
201902A,2019-06-17 09:15:00,insat,SHEAR,2,0.0009113838314078748,3.381040642125299e-06,0.0061414651572704315,0.0033371730241924524,0.9877338409423828,0.9966565370559692,0.0006574735161848366,8.348957294401771e-07,0.00455582607537508,2.07304447030765e-06
201903A,2019-09-23 03:45:00,insat,EMBC,1,0.032954148948192596,0.19597971439361572,0.04631327837705612,0.18520373106002808,0.002572949044406414,0.027771111577749252,0.9043351411819458,0.2409595251083374,0.013824520632624626,0.3500858545303345
201903A,2019-09-23 09:15:00,insat,CRVBND,1,0.8739138245582581,0.15997694432735443,0.06272833049297333,0.2528130114078522,0.0028637112118303776,0.1954125016927719,0.05737130343914032,0.18581533432006836,0.003122830530628562,0.20598219335079193
201903A,2019-09-23 14:45:00,insat,EMBC,1,0.869909405708313,0.059118419885635376,0.005646137520670891,0.2708367109298706,0.005613729823380709,0.13989266753196716,0.11203346401453018,0.04466771334409714,0.006797236856073141,0.48548445105552673
201903A,2019-09-24 01:45:00,insat,EYE,1,0.649948239326477,0.0814666673541069,0.15009908378124237,0.33817851543426514,0.004904826637357473,0.08598558604717255,0.1544949859380722,0.08175162971019745,0.04055282846093178,0.41261759400367737
201903A,2019-09-24 14:15:00,insat,EMBC,1,0.6233510971069336,0.08746170997619629,0.19523537158966064,0.3533998131752014,0.04315541684627533,0.39150577783584595,0.1223902702331543,0.06724345684051514,0.015867888927459717,0.10038919746875763
201904A,2019-10-25 12:45:00,insat,EMBC,1,0.14237937331199646,0.3881729245185852,0.014928649179637432,0.19032599031925201,0.01061386801302433,0.005368310492485762,0.7682474851608276,0.21769219636917114,0.06383060663938522,0.1984405517578125
201904A,2019-10-25 22:45:00,insat,EMBC,1,0.13135860860347748,0.36361193656921387,0.08693305402994156,0.023031486198306084,0.012275143526494503,7.607773295603693e-05,0.7402438521385193,0.5118736028671265,0.029189307242631912,0.10140687227249146
201904A,2019-10-26 07:15:00,insat,EMBC,1,0.058660443872213364,0.24247059226036072,0.004373614676296711,0.09395185858011246,0.004646855406463146,0.003928851801902056,0.9193191528320312,0.2889534533023834,0.012999973259866238,0.3706953227519989
201904A,2019-10-26 12:15:00,insat,EYE,1,0.9219129085540771,0.20227178931236267,0.00048658435116522014,0.1345420479774475,0.0053372071124613285,0.002573091769590974,0.06744305044412613,0.23527805507183075,0.004820259753614664,0.4253350794315338
201904A,2019-10-27 00:15:00,insat,EYE,1,0.9903801679611206,0.4523121416568756,0.00025600165827199817,0.056184157729148865,0.0030557597056031227,0.0006687114364467561,0.0032827157992869616,0.4217599034309387,0.0030253028962761164,0.0690750852227211
201904A,2019-10-27 06:15:00,insat,EYE,1,0.990257978439331,0.5216510891914368,0.0010693540098145604,0.07683147490024567,0.0030176974833011627,0.0023836689069867134,0.0019339602440595627,0.3716535270214081,0.0037211531307548285,0.02748030051589012
201904A,2019-10-27 11:45:00,insat,EYE,1,0.9876546263694763,0.4987901449203491,0.000822299683932215,0.11809118092060089,0.00361601822078228,0.004868339281529188,0.003409049706533551,0.33888834714889526,0.004497939720749855,0.039361968636512756
201904A,2019-10-28 00:15:00,insat,EYE,1,0.996096670627594,0.49585381150245667,8.676797733642161e-05,0.04548871889710426,0.0012726279674097896,0.0005303557263687253,0.0011760785710066557,0.38806119561195374,0.001367956050671637,0.0700659230351448
201904A,2019-10-28 06:15:00,insat,EYE,1,0.9959487915039062,0.48647192120552063,0.0002812511520460248,0.04362448304891586,0.002013225806877017,0.0015245001995936036,0.0004402574268169701,0.444110631942749,0.0013164427364245057,0.024268439039587975
201904A,2019-10-28 12:15:00,insat,EYE,1,0.9950459003448486,0.3828965127468109,0.0003486661007627845,0.08696737885475159,0.00184069003444165,0.003794446587562561,0.001109542092308402,0.4757537543773651,0.0016551981680095196,0.05058784782886505
201904A,2019-10-29 06:15:00,insat,EYE,1,0.9915123581886292,0.48026856780052185,0.0008676364086568356,0.09857165068387985,0.004382626619189978,0.0042196596041321754,0.0014760385965928435,0.3566238582134247,0.0017613995587453246,0.0603162981569767
201904A,2019-10-29 11:45:00,insat,EYE,1,0.9797820448875427,0.2254195660352707,0.0032702924218028784,0.2510843575000763,0.0073073673993349075,0.020363347604870796,0.005096149630844593,0.28574150800704956,0.004544098861515522,0.217391237616539
201904A,2019-10-29 23:15:00,insat,EMBC,1,0.12548749148845673,0.4818405508995056,0.07629568874835968,0.10160913318395615,0.005034162197262049,0.002306376351043582,0.7717102766036987,0.33555111289024353,0.021472396329045296,0.07869281619787216
201904A,2019-10-30 12:15:00,insat,CRVBND,1,0.043804656714200974,0.12233738601207733,0.8673512935638428,0.30928823351860046,0.012404011562466621,0.15820284187793732,0.0018897999543696642,0.31067413091659546,0.07455028593540192,0.09949743002653122
201905A,2019-10-30 12:15:00,insat,CRVBND,0,0.015062037855386734,0.031455010175704956,0.31484824419021606,0.32095056772232056,0.028560353443026543,0.02640974521636963,0.04634368419647217,0.06430058181285858,0.5951856374740601,0.5568841099739075
201904A,2019-10-30 23:45:00,insat,CRVBND,1,0.05349786579608917,0.0012521818280220032,0.4173744022846222,0.15836188197135925,0.4736875295639038,0.8219026327133179,0.0038681623991578817,0.015427046455442905,0.051572054624557495,0.003056382527574897
201904A,2019-10-31 05:45:00,insat,SHEAR,1,0.06995667517185211,0.00014548869512509555,0.1145910918712616,0.04337236285209656,0.7737168669700623,0.954763650894165,0.0037199605721980333,0.0012858823174610734,0.03801537677645683,0.000432577304309234
201906A,2019-12-03 09:15:00,insat,CRVBND,3,0.01731523871421814,0.22073103487491608,0.4472901225090027,0.19922612607479095,0.04298656806349754,0.005089381244033575,0.0800933837890625,0.33121514320373535,0.4123147428035736,0.24373824894428253
201906A,2019-12-03 15:15:00,insat,SHEAR,3,0.013586573302745819,0.04425662010908127,0.4936792552471161,0.4746711552143097,0.07506610453128815,0.060419630259275436,0.0456354059278965,0.10151573270559311,0.37203267216682434,0.3191368281841278
201907A,2019-12-03 15:15:00,insat,CRVBND,1,0.19816908240318298,0.09859994053840637,0.22140920162200928,0.2821548283100128,0.508097767829895,0.04410085454583168,0.005585750564932823,0.049306366592645645,0.06673816591501236,0.5258380174636841
201906A,2019-12-03 20:15:00,insat,CRVBND,3,0.01687893643975258,0.3261069655418396,0.24132515490055084,0.0884954109787941,0.011886530555784702,0.00020670246158260852,0.16734212636947632,0.3203808665275574,0.5625672340393066,0.26481005549430847
201907A,2019-12-03 20:45:00,insat,IRRCDO,1,0.14047369360923767,0.04580762982368469,0.7027384042739868,0.3076684772968292,0.10823658108711243,0.05951319634914398,0.00600154884159565,0.06263850629329681,0.04254976660013199,0.5243722200393677
201906A,2019-12-04 02:45:00,insat,EMBC,3,0.01902257278561592,0.11867168545722961,0.19506248831748962,0.002851270604878664,0.02138650231063366,1.3312824194144923e-06,0.28497448563575745,0.7384442090988159,0.4795539379119873,0.14003151655197144
201907A,2019-12-04 03:15:00,insat,CRVBND,1,0.045351989567279816,0.01212638895958662,0.5318034291267395,0.33942410349845886,0.34629911184310913,0.34211963415145874,0.0006335998186841607,0.03282976523041725,0.07591184973716736,0.27350014448165894
201906A,2019-12-04 09:15:00,insat,CRVBND,3,0.04913804307579994,0.1385125070810318,0.32960012555122375,0.01113942451775074,0.029511217027902603,4.012974022771232e-05,0.2526199519634247,0.780292272567749,0.3391306400299072,0.07001561671495438
201907A,2019-12-04 08:45:00,insat,SHEAR,1,0.011720940470695496,0.000243310714722611,0.04667516425251961,0.05065973475575447,0.9325856566429138,0.9446961283683777,0.00024558199220336974,0.0007086379337124527,0.008772636763751507,0.0036921962164342403
201906A,2019-12-04 14:45:00,insat,CRVBND,3,0.010507309809327126,0.13029584288597107,0.5105596780776978,0.38328877091407776,0.07379399985074997,0.03559233620762825,0.03234777972102165,0.30181971192359924,0.37279120087623596,0.14900332689285278
201907A,2019-12-04 15:15:00,insat,SHEAR,1,0.02613614685833454,2.368484274484217e-06,0.08794836699962616,0.008797516115009785,0.8762094974517822,0.99093097448349,0.001662895898334682,9.226801921613514e-06,0.008043049834668636,0.00026001399965025485
201906A,2019-12-04 20:45:00,insat,CRVBND,3,0.017733607441186905,0.03320113942027092,0.3747832179069519,0.24174533784389496,0.0484783835709095,0.006978034973144531,0.0890413150191307,0.18434946238994598,0.46996352076530457,0.5337260365486145
201907A,2019-12-04 20:45:00,insat,SHEAR,1,0.012784335762262344,1.264075990548008e-07,0.0036683438811451197,0.004595466423779726,0.9760836362838745,0.9953802824020386,0.0004958209465257823,2.6335449092584895e-06,0.006967905443161726,2.1499523427337408e-05
201906A,2019-12-05 02:45:00,insat,CRVBND,3,0.010116785764694214,0.016178203746676445,0.3460135757923126,0.3555384576320648,0.08556335419416428,0.021959107369184494,0.04243446886539459,0.14866594970226288,0.5158718228340149,0.4576582610607147
201906A,2019-12-05 15:00:00,insat,CRVBND,3,0.004919595085084438,0.03955765813589096,0.3975791335105896,0.5324801206588745,0.42205965518951416,0.12480505555868149,0.011193460784852505,0.10273008048534393,0.16424812376499176,0.20042702555656433
201906A,2019-12-05 20:45:00,insat,IRRCDO,3,0.004091797396540642,0.06817063689231873,0.3807636499404907,0.1771770715713501,0.4643874168395996,0.002446333412081003,0.008849889039993286,0.12656664848327637,0.14190728962421417,0.6256393194198608
201906A,2019-12-06 09:45:00,insat,CRVBND,3,0.023823851719498634,0.2487744241952896,0.4426623284816742,0.05428950488567352,0.03158998861908913,0.0007490827701985836,0.1142880767583847,0.5891144275665283,0.387635737657547,0.10707258433103561
201906A,2019-12-06 14:45:00,insat,CRVBND,3,0.03246835619211197,0.25584080815315247,0.4910829961299896,0.2249339073896408,0.011593556962907314,0.0036892835050821304,0.2274986356496811,0.2821483910083771,0.23735643923282623,0.23338763415813446
201906A,2019-12-06 20:45:00,insat,CRVBND,3,0.03447333350777626,0.1429370641708374,0.5939709544181824,0.373354434967041,0.02418247051537037,0.01331916730850935,0.1955602765083313,0.1387907862663269,0.15181298553943634,0.33159852027893066
202001B,2020-05-18 08:45:00,insat,EYE,4,0.14067356288433075,0.16540907323360443,0.002555593615397811,0.13344979286193848,0.0039200084283947945,8.759732008911669e-05,0.8384345173835754,0.6566833853721619,0.01441629882901907,0.0443701446056366
202001B,2020-05-18 15:15:00,insat,EYE,4,0.7474386096000671,0.1954897940158844,0.0017559472471475601,0.09133485704660416,0.006823113653808832,5.982739821774885e-05,0.23336920142173767,0.6765557527542114,0.010613148100674152,0.03655974566936493
202001B,2020-05-18 22:15:00,insat,EMBC,4,0.010372583754360676,0.095859095454216,0.008806430734694004,0.17097653448581696,0.0010154400952160358,0.00024655027664266527,0.8673241138458252,0.32253754138946533,0.11248143762350082,0.4103802442550659
202001B,2020-05-19 07:45:00,insat,EMBC,4,0.010870260186493397,0.3169134855270386,0.035397499799728394,0.14810815453529358,0.0019666459411382675,0.00024102520546875894,0.8052151799201965,0.4741758406162262,0.14655029773712158,0.060561493039131165
202001B,2020-05-19 15:15:00,insat,EMBC,4,0.016399282962083817,0.30867999792099,0.133306622505188,0.07943761348724365,0.004257188644260168,3.5792345443041995e-05,0.5301243662834167,0.5931233167648315,0.31591254472732544,0.01872333139181137
202001B,2020-05-20 01:45:00,insat,EMBC,4,0.010779132135212421,0.44515514373779297,0.0125362453982234,0.03522063046693802,0.0018022570293396711,1.988685835385695e-05,0.898461103439331,0.5073248744010925,0.07642129808664322,0.012279459275305271
202002A,2020-06-02 23:45:00,insat,EYE,4,0.019050631672143936,0.041745625436306,0.007978248409926891,0.19520732760429382,0.0015222193906083703,0.0032793087884783745,0.9203168749809265,0.1546250581741333,0.05113210156559944,0.6051426529884338
202002A,2020-06-03 06:15:00,insat,EYE,4,0.7640216946601868,0.0711430087685585,0.00372280552983284,0.22946825623512268,0.0035734090488404036,0.004483894445002079,0.21274355053901672,0.2825908660888672,0.015938589349389076,0.41231393814086914
202003A,2020-11-22 06:15:00,insat,EYE,4,0.9150076508522034,0.46139293909072876,0.028671730309724808,0.19216187298297882,0.01092214323580265,0.005023399833589792,0.021762564778327942,0.32047611474990845,0.023635920137166977,0.020945610478520393
202003A,2020-11-22 11:45:00,insat,EYE,4,0.6726683974266052,0.38068005442619324,0.13764892518520355,0.3732755482196808,0.028122227638959885,0.021678956225514412,0.14759954810142517,0.19485367834568024,0.013960985466837883,0.02951176092028618
202003A,2020-11-23 11:45:00,insat,SHEAR,4,0.01712961308658123,0.016126686707139015,0.041668254882097244,0.5316249132156372,0.8916600942611694,0.23372314870357513,0.014323865994811058,0.03045523911714554,0.035218190401792526,0.18806999921798706
202003A,2020-11-23 17:45:00,insat,SHEAR,4,0.026814263314008713,0.00780486548319459,0.18456228077411652,0.480838805437088,0.6804351210594177,0.22103118896484375,0.028730491176247597,0.012325527146458626,0.07945777475833893,0.2779996693134308
202004B,2020-11-23 18:15:00,insat,CRVBND,2,0.002824237570166588,0.09550176560878754,0.9660596251487732,0.6117181777954102,0.004701022058725357,0.03829004988074303,0.012696785852313042,0.1360333114862442,0.013718354515731335,0.11845660209655762
202003A,2020-11-23 23:45:00,insat,CRVBND,4,0.04127086326479912,0.003309435909613967,0.330158531665802,0.24146416783332825,0.43057191371917725,0.23388662934303284,0.04748770594596863,0.003986319061368704,0.1505109816789627,0.5173534750938416
202004B,2020-11-23 23:45:00,insat,CRVBND,2,0.004172443877905607,0.23352329432964325,0.8356990218162537,0.4163691997528076,0.006869796197861433,0.012403050437569618,0.10587795823812485,0.19230268895626068,0.047380849719047546,0.1454017013311386
202003A,2020-11-24 05:15:00,insat,CRVBND,4,0.03859417140483856,0.00010317600390408188,0.4318685531616211,0.10224644839763641,0.30218321084976196,0.794736385345459,0.030970679596066475,0.00023262295871973038,0.19638343155384064,0.10268136113882065
202004B,2020-11-25 06:45:00,insat,EMBC,2,0.03426380828022957,0.6674875617027283,0.07255073636770248,0.03173377364873886,0.008225016295909882,0.00039017965900711715,0.8510761260986328,0.29548880457878113,0.03388436511158943,0.004899672232568264
202004B,2020-11-25 13:15:00,insat,EMBC,2,0.013583740219473839,0.729358971118927,0.330077588558197,0.06853562593460083,0.009861947037279606,0.0009648343548178673,0.5716457366943359,0.1814662516117096,0.07483096420764923,0.019674230366945267
202004B,2020-11-25 18:45:00,insat,IRRCDO,2,0.02205321192741394,0.5776125192642212,0.011406841687858105,0.17692914605140686,0.0040548681281507015,0.00415061367675662,0.94240403175354,0.1815822720527649,0.020080987364053726,0.059725429862737656
202005B,2020-12-01 19:30:00,insat,EMBC,1,0.17107799649238586,0.41947877407073975,0.7077288627624512,0.06098794937133789,0.0036692735739052296,0.0002501357230357826,0.03442585468292236,0.45357683300971985,0.08309798687696457,0.06570632010698318
202005B,2020-12-02 11:15:00,insat,CRVBND,1,0.1107502281665802,0.178725466132164,0.5140760540962219,0.2860536277294159,0.0056626321747899055,0.024363040924072266,0.11555981636047363,0.13405223190784454,0.25395122170448303,0.3768056631088257
202005B,2020-12-02 17:45:00,insat,CRVBND,1,0.08087298274040222,0.18223613500595093,0.8668643236160278,0.17370426654815674,0.001690191333182156,0.002875009085983038,0.029684502631425858,0.2752956748008728,0.020887942984700203,0.36588889360427856
202005B,2020-12-02 22:45:00,insat,EMBC,1,0.18473634123802185,0.14922456443309784,0.07032492011785507,0.21451835334300995,0.004412445705384016,0.013242152519524097,0.6702361106872559,0.28327202796936035,0.07029017806053162,0.33974286913871765
202005B,2020-12-03 06:45:00,insat,CRVBND,1,0.14750519394874573,0.24064959585666656,0.7786754965782166,0.3548034429550171,0.008165434934198856,0.04283693805336952,0.053493306040763855,0.20419541001319885,0.01216054055839777,0.15751458704471588
202005B,2020-12-03 12:00:00,insat,CRVBND,1,0.06815063208341599,0.03387092798948288,0.25794726610183716,0.3953854441642761,0.6300742626190186,0.3047516345977783,0.001385906827636063,0.013143871910870075,0.042441967874765396,0.25284817814826965
202005B,2020-12-03 23:45:00,insat,CRVBND,1,0.12516850233078003,0.08991409838199615,0.6918191313743591,0.35811635851860046,0.14862096309661865,0.0642327144742012,0.006709070410579443,0.17687340080738068,0.027682360261678696,0.3108634054660797
202005B,2020-12-04 06:15:00,insat,CRVBND,1,0.08676760643720627,0.08691012114286423,0.7560166716575623,0.4058588743209839,0.13108865916728973,0.09435783326625824,0.0007898545591160655,0.06738676130771637,0.025337211787700653,0.34548649191856384
202005B,2020-12-04 11:45:00,insat,CRVBND,1,0.15006646513938904,0.1435863971710205,0.15615633130073547,0.34678980708122253,0.6577060222625732,0.1466577649116516,0.0010905927047133446,0.03951985761523247,0.03498058393597603,0.3234461545944214
202005B,2020-12-05 05:15:00,insat,CRVBND,1,0.07400605827569962,0.087526336312294,0.7296820282936096,0.5044123530387878,0.0594080351293087,0.22807320952415466,0.004439983516931534,0.10874523222446442,0.13246391713619232,0.07124286890029907
202101A,2021-05-14 09:45:00,insat,CRVBND,1,0.04345850273966789,0.06083584949374199,0.9087602496147156,0.44312238693237305,0.01625782437622547,0.019216984510421753,0.009670479223132133,0.23420843482017517,0.021852923557162285,0.24261637032032013
202101A,2021-05-14 15:15:00,insat,CRVBND,1,0.06137356534600258,0.16919252276420593,0.8333510160446167,0.1028531864285469,0.0014775627059862018,0.00022259769320953637,0.07038945704698563,0.520877480506897,0.033408474177122116,0.2068542242050171
202101A,2021-05-15 03:15:00,insat,EMBC,1,0.03955339267849922,0.3778332769870758,0.5172966718673706,0.047095686197280884,0.0008966715540736914,9.228952694684267e-05,0.13570933043956757,0.5565598607063293,0.3065439760684967,0.01841888204216957
202101A,2021-05-16 15:15:00,insat,EYE,1,0.9820173382759094,0.4314321279525757,0.00035414117155596614,0.07399573922157288,0.003819295670837164,0.0002595818368718028,0.006602295208722353,0.4466027319431305,0.007207035552710295,0.0477098785340786
202101A,2021-05-16 21:15:00,insat,EYE,1,0.9056392908096313,0.5175380110740662,0.00043593047303147614,0.03883597254753113,0.005203518550843,0.00019028510723728687,0.08324733376502991,0.3859263062477112,0.005473923869431019,0.057509444653987885
202101A,2021-05-17 02:45:00,insat,EYE,1,0.9960616230964661,0.4399776756763458,0.00010941160871880129,0.07861673086881638,0.0010033100843429565,0.0008616197155788541,0.0014841132797300816,0.4177866578102112,0.0013415327994152904,0.06275735795497894
202101A,2021-05-17 09:15:00,insat,EYE,1,0.966152012348175,0.27950534224510193,0.0007049954729154706,0.1035684123635292,0.0013806886272504926,0.003587886691093445,0.030678311362862587,0.5597841143608093,0.0010840167524293065,0.05355424806475639
202101A,2021-05-17 15:15:00,insat,EYE,1,0.9962393045425415,0.3411412537097931,0.00013457433669827878,0.15135104954242706,0.0015251373406499624,0.002837114268913865,0.0012016198597848415,0.3558769226074219,0.0008993780938908458,0.14879372715950012
202102B,2021-05-24 03:15:00,insat,CRVBND,3,0.014329778961837292,0.001030099461786449,0.262443870306015,0.6217650771141052,0.021809231489896774,0.28333207964897156,0.06787732988595963,0.016851985827088356,0.6335397362709045,0.0770208016037941
202102B,2021-05-24 08:45:00,insat,CRVBND,3,0.00987681932747364,7.742967864032835e-05,0.35094889998435974,0.29398876428604126,0.044934678822755814,0.6688900589942932,0.0370599590241909,0.002675890689715743,0.5571796894073486,0.03436778113245964
202102B,2021-05-24 15:15:00,insat,CRVBND,3,0.011433024890720844,0.0002783806121442467,0.07975275814533234,0.06524858623743057,0.004539440851658583,0.0009915370028465986,0.1417349874973297,0.007964512333273888,0.762539803981781,0.9255169630050659
202103B,2021-09-24 12:10:00,insat,CRVBND,2,0.0020488654263317585,0.02274981513619423,0.6297470927238464,0.43622949719429016,0.14322172105312347,0.17210519313812256,0.0020041826646775007,0.033454276621341705,0.2229781597852707,0.33546125888824463
202103B,2021-09-26 00:15:00,insat,IRRCDO,2,0.002288542687892914,0.00741082476451993,0.4970519244670868,0.7848340272903442,0.02142905816435814,0.09820783138275146,0.0043882583267986774,0.025193633511662483,0.4748421907424927,0.08435370028018951
202103B,2021-09-26 06:15:00,insat,EMBC,2,0.005151413381099701,0.05474638193845749,0.6680082082748413,0.42292118072509766,0.033609990030527115,0.004677341319620609,0.1908552348613739,0.15162108838558197,0.1023750901222229,0.36603397130966187
202103A,2021-10-01 00:45:00,insat,EMBC,4,0.06397704035043716,0.07038316875696182,0.1319594830274582,0.4554055631160736,0.01521449163556099,0.03186570852994919,0.769526481628418,0.1859605461359024,0.01932252012193203,0.2563849687576294
202103A,2021-10-01 06:15:00,insat,EMBC,4,0.38656550645828247,0.40247249603271484,0.08947397768497467,0.12160637229681015,0.09010191261768341,0.0027316748164594173,0.39705604314804077,0.403837114572525,0.03680257871747017,0.06935235112905502
202103A,2021-10-01 12:45:00,insat,EMBC,4,0.01555792335420847,0.424599289894104,0.3975161910057068,0.1550762951374054,0.013616262003779411,0.00862820539623499,0.5479413866996765,0.37783345580101013,0.025368260219693184,0.033862724900245667
202103A,2021-10-02 00:15:00,insat,CRVBND,4,0.030830327421426773,0.03646720573306084,0.2193460911512375,0.6441391706466675,0.0070844776928424835,0.0753374844789505,0.7063594460487366,0.115071602165699,0.03637964278459549,0.1289845108985901
202103A,2021-10-02 06:15:00,insat,EYE,4,0.023781057447195053,0.050679661333560944,0.027379028499126434,0.5729116201400757,0.0036640469916164875,0.0690012276172638,0.9415891170501709,0.24246732890605927,0.0035868303384631872,0.0649401918053627
202103A,2021-10-03 00:15:00,insat,CRVBND,4,0.012947751209139824,0.04181686043739319,0.7080020904541016,0.6448124051094055,0.011469529010355473,0.1399625837802887,0.25433942675590515,0.0794132649898529,0.013241162523627281,0.09399489313364029
202103A,2021-10-03 06:15:00,insat,EYE,4,0.15152934193611145,0.07783960551023483,0.160184845328331,0.4556998312473297,0.5421947240829468,0.07711411267518997,0.13274960219860077,0.33549049496650696,0.013341518118977547,0.053856026381254196
202104B,2021-11-11 11:45:00,insat,CRVBND,3,0.008955785073339939,0.011250145733356476,0.3140444755554199,0.3764268457889557,0.06698004901409149,0.043469689786434174,0.027589861303567886,0.04527435451745987,0.5824298858642578,0.523578941822052
202105B,2021-12-03 08:45:00,insat,CRVBND,4,0.010405825451016426,0.3641686737537384,0.3583575487136841,0.14093899726867676,0.029566414654254913,0.00545185012742877,0.5624621510505676,0.3351975679397583,0.0392080694437027,0.1542428880929947
202105B,2021-12-03 21:15:00,insat,CRVBND,4,0.007754226215183735,0.017985103651881218,0.8640277981758118,0.4524661898612976,0.020129557698965073,0.13196508586406708,0.008437260054051876,0.043635666370391846,0.09965118020772934,0.3539479970932007
202105B,2021-12-04 03:15:00,insat,CRVBND,4,0.0049254437908530235,0.24729430675506592,0.4942868947982788,0.17598190903663635,0.009375051595270634,0.00728959683328867,0.01597140170633793,0.15359294414520264,0.4754412770271301,0.4158411920070648
202105B,2021-12-04 08:15:00,insat,IRRCDO,4,0.014988558366894722,0.4190761148929596,0.5905119776725769,0.20145422220230103,0.20399275422096252,0.012621134519577026,0.007795657031238079,0.2604042887687683,0.18271107971668243,0.10644432157278061
202105B,2021-12-05 09:15:00,insat,CRVBND,4,0.009624945931136608,0.5197297930717468,0.8630926609039307,0.12199442088603973,0.054658301174640656,0.005287237465381622,0.03366570919752121,0.26763710379600525,0.038958415389060974,0.08535140752792358
202105B,2021-12-05 14:45:00,insat,IRRCDO,4,0.017486833035945892,0.1927807480096817,0.5335080623626709,0.25299522280693054,0.3864724338054657,0.011371579021215439,0.014713640324771404,0.1557295024394989,0.04781903326511383,0.38712289929389954
202201B,2022-03-04 20:45:00,insat,CRVBND,2,0.00144702207762748,0.42107537388801575,0.980181872844696,0.22255036234855652,0.01309263613075018,0.023068953305482864,0.0017521613044664264,0.1289912760257721,0.0035263162571936846,0.20431403815746307
202201B,2022-03-05 03:15:00,insat,CRVBND,2,0.0032436044421046972,0.41297775506973267,0.8576597571372986,0.2043634057044983,0.12318496406078339,0.015289951115846634,0.0025989674031734467,0.22031664848327637,0.013312697410583496,0.14705225825309753
202201B,2022-03-05 09:15:00,insat,CRVBND,2,0.001104844151996076,0.13520340621471405,0.5395821332931519,0.43075335025787354,0.4367804527282715,0.18943271040916443,0.0015753116458654404,0.14897875487804413,0.020957211032509804,0.09563176333904266
202201B,2022-03-05 15:15:00,insat,CRVBND,2,0.001779713318683207,0.005062398966401815,0.5268715620040894,0.19018323719501495,0.44401100277900696,0.7792522311210632,0.000655010633636266,0.013234962709248066,0.026682650670409203,0.01226712204515934
202201B,2022-03-05 21:15:00,insat,SHEAR,2,0.00193542439956218,0.0015510759549215436,0.22712525725364685,0.1672668159008026,0.7610118985176086,0.8208835124969482,0.0007523003150708973,0.0010576166678220034,0.00917521771043539,0.009240899235010147
202201B,2022-03-06 03:15:00,insat,SHEAR,2,0.0030852777417749166,0.00021288006973918527,0.028704775497317314,0.05421062186360359,0.9562198519706726,0.9450165033340454,0.0005943246651440859,5.432541001937352e-05,0.011395666748285294,0.0005056728841736913
202201B,2022-03-06 09:15:00,insat,SHEAR,2,0.0019550977740436792,1.74641845660517e-05,0.036704156547784805,0.011279905214905739,0.9536568522453308,0.9886703491210938,0.0003577630268409848,1.016799797071144e-05,0.00732609536498785,2.2102245566202328e-05
202202B,2022-05-07 09:10:00,insat,IRRCDO,0,0.11632543802261353,0.02585584856569767,0.030500244349241257,0.2703505754470825,0.00046781162382103503,0.0018450736533850431,0.09432655572891235,0.1095021590590477,0.7583798766136169,0.5924462676048279
202202B,2022-05-08 03:15:00,insat,EMBC,0,0.03160301595926285,0.12012195587158203,0.07172344624996185,0.022853899747133255,0.0002635527343954891,1.1859307960548904e-05,0.8298767805099487,0.8380419611930847,0.06653321534395218,0.018970385193824768
202202B,2022-05-09 03:45:00,insat,IRRCDO,0,0.005716695450246334,0.003058498725295067,0.05907806009054184,0.19737224280834198,0.0023999116383492947,0.006762813776731491,0.8856074810028076,0.032499391585588455,0.04719783738255501,0.7603070735931396
202202B,2022-05-10 02:15:00,insat,EMBC,0,0.0028670988976955414,0.07549144327640533,0.019355593249201775,0.28703799843788147,0.000529514392837882,0.0025422482285648584,0.9263713955879211,0.4004068970680237,0.05087640509009361,0.23452144861221313
202202B,2022-05-10 10:15:00,insat,EMBC,0,0.0015701315132901073,0.19589559733867645,0.009503277949988842,0.20920145511627197,0.00022023684869054705,0.0013116570189595222,0.978758692741394,0.3243202865123749,0.009947717189788818,0.26927098631858826
202202B,2022-05-11 02:45:00,insat,EMBC,0,0.2508392035961151,0.2590246796607971,0.013307061977684498,0.14300118386745453,0.001373295672237873,0.001534235430881381,0.48186784982681274,0.3663330078125,0.25261250138282776,0.2301068753004074
202202B,2022-05-11 07:45:00,insat,IRRCDO,0,0.004896001890301704,0.16846786439418793,0.16063261032104492,0.1994490623474121,0.007920079864561558,0.004595587030053139,0.6445651650428772,0.34671303629875183,0.18198612332344055,0.28077447414398193
202203A,2022-08-12 08:15:00,insat,CRVBND,3,0.020251935347914696,0.0392209067940712,0.5397642850875854,0.5026597380638123,0.033871036022901535,0.08711609989404678,0.06937811523675919,0.12110503017902374,0.3367346227169037,0.2498982846736908
202203A,2022-08-12 15:15:00,insat,SHEAR,3,0.022155115380883217,0.0010353076504543424,0.49292194843292236,0.34403863549232483,0.025712478905916214,0.6426481008529663,0.0880962684750557,0.005473608151078224,0.37111422419548035,0.006804347969591618
202203A,2022-08-12 21:15:00,insat,SHEAR,3,0.009792115539312363,0.004303109832108021,0.3656013011932373,0.51496422290802,0.05696890503168106,0.3326486647129059,0.04002222418785095,0.01453268714249134,0.5276154279708862,0.13355129957199097
202203A,2022-08-13 09:15:00,insat,SHEAR,3,0.006989430636167526,3.163134533679113e-05,0.42689916491508484,0.03260038048028946,0.29513999819755554,0.9672004580497742,0.013102208264172077,3.5689419746631756e-05,0.2578692138195038,0.00013180218229535967
202203A,2022-08-13 15:15:00,insat,SHEAR,3,0.0070700435899198055,4.207167421554914e-06,0.20761677622795105,0.015755528584122658,0.4264878034591675,0.9841653108596802,0.015782861039042473,6.68368693368393e-06,0.3430424928665161,6.823383591836318e-05
202203A,2022-08-13 21:15:00,insat,SHEAR,3,0.00272342748939991,6.69240253046155e-05,0.0805770680308342,0.06927308440208435,0.8450067639350891,0.9261103272438049,0.003669757628813386,3.130536788376048e-05,0.0680229440331459,0.00451835198327899
202204B,2022-08-19 00:15:00,insat,CRVBND,1,0.01962214708328247,0.0009678423521108925,0.7863727807998657,0.346396803855896,0.12098299711942673,0.34119531512260437,0.0120332520455122,0.004173177760094404,0.060988809913396835,0.30726689100265503
202204B,2022-08-19 06:45:00,insat,CRVBND,1,0.5935104489326477,0.014292827807366848,0.20921117067337036,0.45813050866127014,0.004323187284171581,0.04410994425415993,0.1797053962945938,0.06955016404390335,0.013249806128442287,0.41391655802726746
202204B,2022-08-19 11:15:00,insat,CRVBND,1,0.0669456198811531,0.014015112072229385,0.3081235885620117,0.32510945200920105,0.007636028807610273,0.021389121189713478,0.023198319599032402,0.058110736310482025,0.5940964818000793,0.5813755393028259
202205B,2022-10-23 15:15:00,insat,CRVBND,2,0.006931725889444351,0.12653404474258423,0.9160727262496948,0.10345259308815002,0.0077511765994131565,0.0002654007403180003,0.035916902124881744,0.5317875146865845,0.03332754224538803,0.23796048760414124
202205B,2022-10-23 20:15:00,insat,CRVBND,2,0.007421980146318674,0.26144248247146606,0.9279873967170715,0.1041700467467308,0.003491627750918269,0.00019925717788282782,0.004405957646667957,0.32373958826065063,0.05669300630688667,0.31044864654541016
202205B,2022-10-24 01:45:00,insat,CRVBND,2,0.0032060500234365463,0.15700887143611908,0.27875348925590515,0.031590551137924194,0.004749341402202845,7.445347728207707e-05,0.1537998765707016,0.6851301789283752,0.5594912767410278,0.12619590759277344
202205B,2022-10-24 09:15:00,insat,CRVBND,2,0.007318833377212286,0.44464248418807983,0.10232660174369812,0.04890584200620651,0.0067015839740633965,0.0001803474297048524,0.7502290606498718,0.42939460277557373,0.13342396914958954,0.07687678188085556
202205B,2022-10-24 15:15:00,insat,CRVBND,2,0.009048585779964924,0.14634102582931519,0.019259164109826088,0.05891094356775284,0.002756729954853654,0.00015130199608393013,0.9065014123916626,0.23964829742908478,0.062434107065200806,0.5549483895301819
202206B,2022-12-08 12:15:00,insat,IRRCDO,3,0.03289782628417015,0.023982541635632515,0.20045584440231323,0.36386406421661377,0.007621231023222208,0.0024567788932472467,0.3283531665802002,0.1208219975233078,0.4306718707084656,0.48887452483177185
202206B,2022-12-08 18:15:00,insat,EMBC,3,0.042632948607206345,0.07736362516880035,0.20240801572799683,0.2758030593395233,0.0033135085832327604,0.0016544023528695107,0.6150938868522644,0.3789389133453369,0.1365516632795334,0.26624003052711487
202206B,2022-12-09 00:15:00,insat,CRVBND,3,0.07658827304840088,0.08727339655160904,0.27622881531715393,0.30210456252098083,0.007609599735587835,0.0016695894300937653,0.4913553297519684,0.2657066881656647,0.14821802079677582,0.34324583411216736
202206B,2022-12-09 06:15:00,insat,CRVBND,3,0.012147082947194576,0.0726408138871193,0.5890814661979675,0.5022304654121399,0.03702013939619064,0.016780009493231773,0.048187170177698135,0.09013497829437256,0.31356412172317505,0.31821367144584656
202206B,2022-12-09 12:15:00,insat,CRVBND,3,0.011547865346074104,0.03931276872754097,0.20749828219413757,0.3776029348373413,0.01195786613970995,0.0044411905109882355,0.084568090736866,0.040219612419605255,0.6844279170036316,0.5384234189987183
202206B,2022-12-09 17:45:00,insat,CRVBND,3,0.005673165433108807,0.010225278325378895,0.4632279574871063,0.6809399127960205,0.301211953163147,0.07427265495061874,0.009962296113371849,0.013969588093459606,0.21992456912994385,0.2205924391746521
202207A,2022-12-15 15:15:00,insat,CRVBND,4,0.02930038794875145,0.08208446204662323,0.6466894149780273,0.5114647746086121,0.030697360634803772,0.12235143780708313,0.13675959408283234,0.07626007497310638,0.1565532386302948,0.20783919095993042
202207A,2022-12-15 21:15:00,insat,SHEAR,4,0.0394681915640831,0.00857770536094904,0.41359564661979675,0.46953073143959045,0.4959465265274048,0.3326987624168396,0.01592748798429966,0.027239734306931496,0.035062190145254135,0.1619531214237213
202207A,2022-12-16 03:15:00,insat,SHEAR,4,0.022685004398226738,0.00038775664870627224,0.13777020573616028,0.10980093479156494,0.8176880478858948,0.8826209902763367,0.007053369656205177,0.001718177110888064,0.014803417026996613,0.00547205563634634
202207A,2022-12-16 08:45:00,insat,SHEAR,4,0.022020889446139336,0.00015746982535347342,0.03347724303603172,0.12234360724687576,0.9321800470352173,0.8697372674942017,0.003641515737399459,0.0008752985158935189,0.0086802514269948,0.006886361166834831
202207A,2022-12-16 15:15:00,insat,SHEAR,4,0.008277934044599533,3.209739224985242e-05,0.002676738193258643,0.05019335821270943,0.9804375767707825,0.948171854019165,0.002844079164788127,0.00019275709928479046,0.005763664375990629,0.0014099685940891504
202207A,2022-12-16 21:15:00,insat,SHEAR,4,0.010792051441967487,2.4606579245300964e-06,0.005531725008040667,0.008678345941007137,0.9748690724372864,0.99124675989151,0.002764038974419236,4.218319645588053e-06,0.006043057423084974,6.813582876930013e-05
202207A,2022-12-17 03:15:00,insat,SHEAR,4,0.021899981424212456,0.006809449288994074,0.03728201612830162,0.300503134727478,0.8973354697227478,0.5716422200202942,0.007950159721076488,0.0021605701185762882,0.0355323925614357,0.11888466030359268
202301B,2023-05-11 08:30:00,insat,EMBC,1,0.7069506049156189,0.1639760285615921,0.2136879563331604,0.14797599613666534,0.00823737122118473,0.0003543144266586751,0.06428653001785278,0.6258138418197632,0.006837488617748022,0.06187986955046654
202301B,2023-05-11 14:30:00,insat,EYE,1,0.17790663242340088,0.2676728665828705,0.07414621859788895,0.09933587908744812,0.0023550447076559067,0.00017697599832899868,0.7331568002700806,0.5850650072097778,0.012435253709554672,0.04774923622608185
202301B,2023-05-12 09:00:00,insat,EMBC,1,0.928291380405426,0.24158348143100739,0.0014315902953967452,0.1561957746744156,0.0011061544064432383,0.00039181087049655616,0.06408306211233139,0.5244142413139343,0.005087904632091522,0.07741472125053406
202301B,2023-05-12 15:00:00,insat,EYE,1,0.9728041887283325,0.3326314389705658,0.0004410642141010612,0.07574213296175003,0.002879848936572671,0.00011639192962320521,0.004454437177628279,0.5467066168785095,0.019420484080910683,0.0448034442961216
202301B,2023-05-13 03:00:00,insat,EMBC,1,0.6142198443412781,0.4105251133441925,0.0003998836618848145,0.016834806650877,0.0014150679344311357,1.3868999303667806e-05,0.3795316815376282,0.5641980171203613,0.0044335369020700455,0.008428258821368217
202301B,2023-05-13 15:30:00,insat,EMBC,1,0.9650605320930481,0.3376038670539856,0.0004737130948342383,0.020250027999281883,0.0007494122255593538,1.1558508049347438e-05,0.028569331392645836,0.6328260898590088,0.005147101823240519,0.009308489970862865
202302A,2023-06-06 09:00:00,insat,CRVBND,0,0.007621133234351873,0.46386784315109253,0.010358362458646297,0.025775613263249397,0.0007097434136085212,0.0005768911796621978,0.964778482913971,0.4920997619628906,0.016532327979803085,0.017679911106824875
202302A,2023-06-06 15:30:00,insat,EMBC,0,0.1793373078107834,0.32871928811073303,0.017933696508407593,0.09690627455711365,0.0007735016406513751,0.0003683272225316614,0.11490869522094727,0.4694826900959015,0.6870468258857727,0.10452345013618469
202302A,2023-06-07 16:00:00,insat,IRRCDO,0,0.1123235896229744,0.11471613496541977,0.3563747704029083,0.17000827193260193,0.022099463269114494,0.009285498410463333,0.03060103952884674,0.1979101300239563,0.4786011576652527,0.5080799460411072
202302A,2023-06-08 03:00:00,insat,EYE,0,0.1945192515850067,0.2134283185005188,0.3615776598453522,0.0999438688158989,0.0008764874073676765,0.004786950536072254,0.27752432227134705,0.5273520946502686,0.16550225019454956,0.15448880195617676
202302A,2023-06-08 09:00:00,insat,IRRCDO,0,0.04231974855065346,0.12927459180355072,0.11990483105182648,0.17610473930835724,0.0043936907313764095,0.004599238745868206,0.05391300842165947,0.22827933728694916,0.7794687151908875,0.4617420434951782
202302A,2023-06-08 15:00:00,insat,IRRCDO,0,0.026890866458415985,0.044089753180742264,0.12967856228351593,0.11670546233654022,0.00490749953314662,0.0014373433077707887,0.0050576915964484215,0.11344084143638611,0.8334653377532959,0.7243266701698303
202302A,2023-06-09 03:00:00,insat,EMBC,0,0.2792796194553375,0.21447348594665527,0.0022640072274953127,0.0673859640955925,0.0006324155256152153,0.00015228224219754338,0.1378759741783142,0.3680075407028198,0.5799479484558105,0.34998080134391785
202303B,2023-06-09 09:00:00,insat,SHEAR,2,0.002032590564340353,0.0003121843037661165,0.7852816581726074,0.3291063904762268,0.19208313524723053,0.6617560982704163,0.009173423983156681,0.0028289584442973137,0.011429180391132832,0.005996356718242168
202302A,2023-06-09 15:00:00,insat,IRRCDO,0,0.06751695275306702,0.06946134567260742,0.034672096371650696,0.2202918976545334,0.000569488329347223,0.0022006880026310682,0.0028083643410354853,0.13761629164218903,0.8944332003593445,0.570429801940918
202303B,2023-06-09 15:00:00,insat,SHEAR,2,0.0031018168665468693,0.0023253795225173235,0.7884135842323303,0.5106149911880493,0.1905846893787384,0.38284948468208313,0.01229044795036316,0.002996019320562482,0.005609400104731321,0.10121413320302963
202302A,2023-06-09 20:30:00,insat,EMBC,0,0.09445776045322418,0.22085893154144287,0.01831074245274067,0.038588814437389374,0.0011185763869434595,3.0507817427860573e-05,0.6276931762695312,0.5395382642745972,0.25841981172561646,0.20098352432250977
202303B,2023-06-09 21:00:00,insat,CRVBND,2,0.004312195815145969,0.0036860781256109476,0.7373794913291931,0.5975671410560608,0.14810194075107574,0.10846266895532608,0.04428432509303093,0.028550611808896065,0.06592211127281189,0.26173344254493713
202302A,2023-06-10 03:00:00,insat,EMBC,0,0.49030357599258423,0.19871196150779724,0.00863848626613617,0.035770609974861145,0.0006943317130208015,0.00012796869850717485,0.37195199728012085,0.7079859972000122,0.128411665558815,0.057403501123189926
202303B,2023-06-10 03:10:00,insat,CRVBND,2,0.005426234100013971,0.007536608725786209,0.6803494691848755,0.4174971282482147,0.23581986129283905,0.04601743817329407,0.023670027032494545,0.019181620329618454,0.05473446100950241,0.5097672343254089
202302A,2023-06-10 09:00:00,insat,CRVBND,0,0.013575602322816849,0.004133286885917187,0.7785608172416687,0.482303649187088,0.016256190836429596,0.0640835240483284,0.058981284499168396,0.01761648617684841,0.13262619078159332,0.43186306953430176
202303B,2023-06-10 08:10:00,insat,CRVBND,2,0.004127484746277332,0.0010022373171523213,0.6826222538948059,0.42922142148017883,0.24723230302333832,0.4648795425891876,0.03353188559412956,0.000987465726211667,0.03248599171638489,0.10390923917293549
202302A,2023-06-10 14:00:00,insat,EMBC,0,0.020918071269989014,0.05807624012231827,0.030954888090491295,0.21167662739753723,0.0010958816856145859,0.0010985720437020063,0.0843752920627594,0.11855156719684601,0.862655758857727,0.6105970144271851
202302A,2023-06-11 02:00:00,insat,SHEAR,0,0.052738115191459656,0.0007627412560395896,0.5038498640060425,0.5173218846321106,0.023376084864139557,0.44249823689460754,0.04049643501639366,0.0029301245231181383,0.3795395493507385,0.036487024277448654
202302A,2023-06-11 08:30:00,insat,EMBC,0,0.36956217885017395,0.24117036163806915,0.019436324015259743,0.050835125148296356,0.0075737182050943375,0.003425778355449438,0.16411028802394867,0.5915335416793823,0.439317524433136,0.11303525418043137
202302A,2023-06-11 15:00:00,insat,SHEAR,0,0.014862620271742344,1.9869454263243824e-05,0.09249725192785263,0.0466914176940918,0.04141566902399063,0.9521226286888123,0.02274208702147007,7.943409582367167e-05,0.8284823894500732,0.0010866397060453892
202302A,2023-06-12 02:00:00,insat,EMBC,0,0.015009469352662563,0.1983329802751541,0.004276389256119728,0.018480055034160614,0.0006416143151000142,0.00018944230396300554,0.9602135419845581,0.7325423359870911,0.01985904946923256,0.05045519024133682
202302A,2023-06-12 08:00:00,insat,EYE,0,0.05682918056845665,0.33027276396751404,0.004615865647792816,0.04766422510147095,0.001591890468262136,0.0028433578554540873,0.9291151165962219,0.5856943130493164,0.007847888395190239,0.0335252583026886
202302A,2023-06-12 15:00:00,insat,EYE,0,0.9514815807342529,0.3093891441822052,0.0015212296275421977,0.14753299951553345,0.007436736486852169,0.0067275287583470345,0.015067393891513348,0.3984435796737671,0.024493088945746422,0.1379067301750183
202302A,2023-06-13 15:00:00,insat,EMBC,0,0.4900141954421997,0.24629589915275574,0.005458741448819637,0.1550503522157669,0.0011623394675552845,0.0022815691772848368,0.48797813057899475,0.3892645835876465,0.015386613085865974,0.2071075290441513
202302A,2023-06-13 21:00:00,insat,CRVBND,0,0.4599005877971649,0.03502243384718895,0.017237240448594093,0.5940937399864197,0.001315018511377275,0.06435884535312653,0.3583501875400543,0.11522889137268066,0.16319695115089417,0.19129617512226105
202302A,2023-06-14 09:00:00,insat,CRVBND,0,0.004837995860725641,0.039772115647792816,0.02995648793876171,0.47616633772850037,0.0009352621855214238,0.10041433572769165,0.9568895697593689,0.16907618939876556,0.007380619179457426,0.21457107365131378
202302A,2023-06-14 15:00:00,insat,SHEAR,0,0.026829062029719353,0.0014083145651966333,0.18093328177928925,0.41522416472435,0.004821138922125101,0.5075216293334961,0.7462691068649292,0.009070617146790028,0.04114735871553421,0.06677531450986862
202302A,2023-06-14 21:00:00,insat,CRVBND,0,0.09287300705909729,0.001990373944863677,0.16634850203990936,0.4562041461467743,0.043169230222702026,0.3732093572616577,0.09777811169624329,0.006580744870007038,0.5998311638832092,0.1620153784751892
202302A,2023-06-15 03:00:00,insat,SHEAR,0,0.0674300417304039,0.00046741904225200415,0.6783914566040039,0.18757307529449463,0.061983682215213776,0.8024994730949402,0.07164715230464935,0.0009717052453197539,0.12054771184921265,0.00848839059472084
202302A,2023-06-15 09:00:00,insat,CRVBND,0,0.006545830052345991,0.10877566039562225,0.8027128577232361,0.4397638440132141,0.11305738985538483,0.09941797703504562,0.0340476855635643,0.23076613247394562,0.0436362698674202,0.12127632647752762
202304B,2023-08-01 00:00:00,insat,CRVBND,4,0.013725582510232925,4.429138698469615e-06,0.1958463340997696,0.08546818047761917,0.5284596681594849,0.9071815609931946,0.006076141260564327,0.00014368850679602474,0.255892276763916,0.007202076725661755
202304B,2023-08-01 06:00:00,insat,SHEAR,4,0.021875128149986267,6.005556770105613e-06,0.3496343195438385,0.37594786286354065,0.08609765768051147,0.5065520405769348,0.003853300353512168,0.0013132055755704641,0.5385395884513855,0.1161808967590332
202305A,2023-10-21 15:30:00,insat,EYE,3,0.9023914933204651,0.40350019931793213,0.015147506259381771,0.14418752491474152,0.0022787065245211124,0.0024970576632767916,0.0762486457824707,0.3870466351509094,0.003933608997613192,0.06276851892471313
202305A,2023-10-21 21:00:00,insat,EYE,3,0.7676238417625427,0.30615368485450745,0.026065004989504814,0.1736365258693695,0.0032024977263063192,0.0017564425943419337,0.19591449201107025,0.3662126958370209,0.0071941642090678215,0.152240589261055
202305A,2023-10-22 03:00:00,insat,EYE,3,0.9513983726501465,0.3746223747730255,0.007770016323775053,0.06889920681715012,0.002150138607248664,0.0006470690714195371,0.03717119246721268,0.46411213278770447,0.0015102406032383442,0.09171928465366364
202305A,2023-10-22 09:00:00,insat,EYE,3,0.8834793567657471,0.2856847047805786,0.053532350808382034,0.19216907024383545,0.006183725316077471,0.008561034686863422,0.05295681208372116,0.44143831729888916,0.003847786458209157,0.07214687764644623
202305A,2023-10-22 15:00:00,insat,EYE,3,0.9703426957130432,0.21785736083984375,0.009502790868282318,0.3417479693889618,0.0037314121145755053,0.013575861230492592,0.014205149374902248,0.2347041815519333,0.0022178904619067907,0.19211460649967194
202305A,2023-10-23 09:30:00,insat,SHEAR,3,0.25078827142715454,0.000391646521165967,0.4951323866844177,0.056956373155117035,0.0758243203163147,0.9416950345039368,0.15802451968193054,0.00054474564967677,0.020230423659086227,0.0004122394893784076
202305A,2023-10-23 15:00:00,insat,EYE,3,0.8340135216712952,0.3603987991809845,0.030472565442323685,0.24632850289344788,0.019433878362178802,0.004651416093111038,0.10218885540962219,0.2118072658777237,0.013891305774450302,0.1768140196800232
202306B,2023-10-24 03:00:00,insat,EMBC,1,0.15451054275035858,0.589729905128479,0.014847901649773121,0.08033688366413116,0.006047290284186602,0.002000828506425023,0.8205661177635193,0.2848421633243561,0.004028222057968378,0.04309021681547165
202306B,2023-10-24 08:30:00,insat,EMBC,1,0.28093960881233215,0.5647518038749695,0.5964048504829407,0.11755924671888351,0.014805133454501629,0.004730219021439552,0.07824104279279709,0.15407657623291016,0.029609348624944687,0.15888212621212006
202306B,2023-10-24 15:00:00,insat,EMBC,1,0.06539258360862732,0.6233569383621216,0.0010296737309545279,0.04799982160329819,0.0031707310117781162,0.0004988489090465009,0.9271095991134644,0.24308085441589355,0.003297381103038788,0.08506347984075546
202307B,2023-11-17 00:00:00,insat,CRVBND,3,0.016586370766162872,0.1191021278500557,0.3165019452571869,0.02631155028939247,0.020750856027007103,4.83884105051402e-05,0.14681938290596008,0.236802875995636,0.4993414580821991,0.6177350878715515
202307B,2023-11-17 06:00:00,insat,SHEAR,3,0.009013030678033829,0.014712010510265827,0.5177108645439148,0.43273594975471497,0.15422788262367249,0.020819416269659996,0.03584328293800354,0.01813799887895584,0.2832050025463104,0.5135946273803711
202308B,2023-12-03 03:00:00,insat,CRVBND,2,0.026608873158693314,0.5073747038841248,0.5656986236572266,0.11437027156352997,0.004214664921164513,0.0006113126873970032,0.3933422267436981,0.34617939591407776,0.010135644115507603,0.03146429732441902
202308B,2023-12-03 09:00:00,insat,CRVBND,2,0.020987631753087044,0.6017288565635681,0.8392148613929749,0.1772855520248413,0.005528793204575777,0.0021858594845980406,0.1257270723581314,0.08284647017717361,0.00854169949889183,0.13595324754714966
202308B,2023-12-03 14:30:00,insat,CRVBND,2,0.018254129216074944,0.48439642786979675,0.8513711094856262,0.12754413485527039,0.007495938800275326,0.0007609608001075685,0.10922181606292725,0.28992533683776855,0.013656952418386936,0.0973731204867363
202308B,2023-12-03 20:00:00,insat,CRVBND,2,0.051492493599653244,0.3975803852081299,0.0644967257976532,0.1445551961660385,0.006506446283310652,0.0005301334895193577,0.8384470343589783,0.4088541567325592,0.03905729949474335,0.048480138182640076
202308B,2023-12-04 03:00:00,insat,CRVBND,2,0.013704376295208931,0.1563350111246109,0.8946600556373596,0.3820657730102539,0.005941571667790413,0.010958521626889706,0.027078764513134956,0.22098544239997864,0.058615267276763916,0.22965528070926666
202401B,2024-05-25 18:30:00,insat,CRVBND,0,0.03736940398812294,0.00410528015345335,0.3247959315776825,0.5672796368598938,0.005748056340962648,0.005425640847533941,0.018131254240870476,0.03406808525323868,0.6139553785324097,0.389121413230896
202401B,2024-05-26 00:00:00,insat,CRVBND,0,0.02771545574069023,0.013921283185482025,0.06062589958310127,0.3641623258590698,0.0004867166862823069,0.000611237483099103,0.017909731715917587,0.12796667218208313,0.8932621479034424,0.4933384656906128
202401B,2024-05-26 06:00:00,insat,CRVBND,0,0.3168572783470154,0.02858358435332775,0.24455159902572632,0.38266634941101074,0.005372465122491121,0.0016916246386244893,0.05322204530239105,0.15327489376068115,0.37999656796455383,0.4337835907936096
202401B,2024-05-26 12:00:00,insat,CRVBND,0,0.03472372889518738,0.011796279810369015,0.3472244143486023,0.5638695359230042,0.004039989318698645,0.009685743600130081,0.1403481811285019,0.11026950180530548,0.47366371750831604,0.3043788969516754
202402A,2024-08-30 06:00:00,insat,CRVBND,1,0.058258067816495895,0.002192605286836624,0.5705336928367615,0.1367708146572113,0.1052367240190506,0.820962131023407,0.027648458257317543,0.003859924152493477,0.23832301795482635,0.03621451556682587
202402A,2024-08-30 12:00:00,insat,CRVBND,1,0.04048912972211838,0.0012866107281297445,0.1353454291820526,0.14400506019592285,0.2105441689491272,0.8288399577140808,0.07698998600244522,0.006465331185609102,0.5366312861442566,0.019402984529733658
202402A,2024-08-31 00:00:00,insat,CRVBND,1,0.09989095479249954,0.003213154850527644,0.8022938370704651,0.2669418454170227,0.006233337335288525,0.647271454334259,0.07358559221029282,0.017290135845541954,0.01799619570374489,0.06528348475694656
202402A,2024-08-31 06:00:00,insat,CRVBND,1,0.03508427366614342,0.13540823757648468,0.9540550112724304,0.30482110381126404,0.005615557543933392,0.4806303083896637,0.0023699887096881866,0.022711781784892082,0.002875202102586627,0.05642855539917946
202402A,2024-08-31 12:00:00,insat,CRVBND,1,0.028093164786696434,0.2567664384841919,0.9123081564903259,0.2693297266960144,0.009695542976260185,0.07368550449609756,0.0005598892457783222,0.15642473101615906,0.04934322461485863,0.24379359185695648
202402A,2024-09-01 00:00:00,insat,CRVBND,1,0.024425946176052094,0.11057384312152863,0.9456678628921509,0.25977030396461487,0.00525568937882781,0.11037221550941467,0.0056999363005161285,0.014451621100306511,0.01895058900117874,0.5048320293426514
202402A,2024-09-01 06:00:00,insat,SHEAR,1,0.04364236444234848,0.10618943721055984,0.8811929821968079,0.27457118034362793,0.06500773876905441,0.5828112959861755,0.001435439451597631,0.00820277351886034,0.008721440099179745,0.028225287795066833
202402A,2024-09-01 12:00:00,insat,SHEAR,1,0.10568680614233017,0.058125752955675125,0.6233226656913757,0.3430904746055603,0.23431509733200073,0.5512715578079224,0.003500879043713212,0.031701959669589996,0.03317459300160408,0.015810219570994377
202402A,2024-09-01 22:30:00,insat,SHEAR,1,0.021537618711590767,0.00015988694212865084,0.00568601256236434,0.018035447224974632,0.9626185894012451,0.9817666411399841,0.0021800133399665356,1.2220233656989876e-05,0.007977770641446114,2.5850653400993906e-05
202403B,2024-10-23 13:00:00,insat,IRRCDO,4,0.006148725748062134,0.03477822244167328,0.4773886203765869,0.46968358755111694,0.004573837388306856,0.016598794609308243,0.17519648373126984,0.15922969579696655,0.33669233322143555,0.31970974802970886
202403B,2024-10-24 00:30:00,insat,EMBC,4,0.013595412485301495,0.45045310258865356,0.27218136191368103,0.07898088544607162,0.01624385081231594,0.00021029157505836338,0.6641719937324524,0.2821846604347229,0.033807337284088135,0.18817108869552612
202403B,2024-10-24 05:30:00,insat,CRVBND,4,0.007387197110801935,0.07100359350442886,0.4530995488166809,0.3762362003326416,0.009021935984492302,0.015367192216217518,0.44688788056373596,0.15959598124027252,0.08360344916582108,0.37779700756073
202403B,2024-10-25 00:30:00,insat,IRRCDO,4,0.035735487937927246,0.11794611811637878,0.8690857887268066,0.3158884346485138,0.029359916225075722,0.012430437840521336,0.04934949800372124,0.06966739892959595,0.016469376161694527,0.48406755924224854
202404B,2024-11-30 09:30:00,insat,CRVBND,2,0.008298749104142189,0.09444540739059448,0.824067234992981,0.40211933851242065,0.0034654494374990463,0.009358384646475315,0.04689265787601471,0.15950709581375122,0.11727584898471832,0.3345698416233063
202404B,2024-11-30 15:00:00,insat,CRVBND,2,0.005781176965683699,0.02018088288605213,0.7969865202903748,0.3318687081336975,0.005429245997220278,0.019159380346536636,0.021089263260364532,0.04479014500975609,0.170713871717453,0.584000825881958
202404B,2024-11-30 21:00:00,insat,IRRCDO,2,0.00316265388391912,0.042037513107061386,0.3647133708000183,0.11283814907073975,0.004978989250957966,0.0011800420470535755,0.020916124805808067,0.02673027664422989,0.6062288284301758,0.8172140121459961
202501B,2025-10-01 12:00:00,insat,SHEAR,3,0.0058822426944971085,1.0117428246303461e-05,0.4126535952091217,0.1090865507721901,0.22463272511959076,0.8437341451644897,0.011392959393560886,0.00013426502118818462,0.34543848037719727,0.04703492671251297
202501B,2025-10-02 00:00:00,insat,CRVBND,3,0.007037007715553045,0.002810928039252758,0.27739283442497253,0.2714119851589203,0.021788915619254112,0.010178383439779282,0.04297769069671631,0.035425469279289246,0.6508035659790039,0.6801732778549194
202501B,2025-10-02 06:00:00,insat,CRVBND,3,0.006804582662880421,0.006107944063842297,0.24352037906646729,0.23730942606925964,0.014888247475028038,0.004728717729449272,0.07080522924661636,0.02727147750556469,0.663981556892395,0.7245824337005615
202502A,2025-10-03 05:30:00,insat,CRVBND,0,0.032272711396217346,0.5683188438415527,0.5460109710693359,0.18698105216026306,0.009979693219065666,0.06009642779827118,0.12800709903240204,0.1608673334121704,0.28372952342033386,0.02373635396361351
202502A,2025-10-03 12:30:00,insat,IRRCDO,0,0.018851740285754204,0.5319453477859497,0.3169802129268646,0.1000567227602005,0.012070577591657639,0.013656099326908588,0.38447660207748413,0.29882287979125977,0.26762092113494873,0.05551901459693909
202502A,2025-10-04 00:00:00,insat,CRVBND,0,0.09902526438236237,0.024182099848985672,0.020546022802591324,0.45376747846603394,0.013373017311096191,0.45926594734191895,0.860274076461792,0.010114039294421673,0.006781700067222118,0.05267041176557541
202502A,2025-10-04 06:00:00,insat,CRVBND,0,0.4567321836948395,0.0863543227314949,0.02431868202984333,0.31600630283355713,0.12949170172214508,0.5389822125434875,0.18387629091739655,0.0455976165831089,0.20558114349842072,0.013059535063803196
202502A,2025-10-04 12:00:00,insat,EMBC,0,0.9487990736961365,0.061700668185949326,0.002122838981449604,0.35401174426078796,0.006708963308483362,0.4850597083568573,0.03060324117541313,0.05692824348807335,0.011765841394662857,0.042299699038267136
202502A,2025-10-05 05:30:00,insat,EMBC,0,0.01223666314035654,0.13228389620780945,0.5572770833969116,0.443355917930603,0.25500059127807617,0.2458132952451706,0.023963969200849533,0.11235151439905167,0.15152175724506378,0.06619540601968765
202502A,2025-10-06 00:00:00,insat,SHEAR,0,0.02165503241121769,0.0008957572863437235,0.18278159201145172,0.11286961287260056,0.7541515827178955,0.885142982006073,0.019653096795082092,0.00011326721869409084,0.02175879292190075,0.0009784579742699862
202502A,2025-10-06 06:00:00,insat,SHEAR,0,0.007406851276755333,8.102446736302227e-05,0.07767004519701004,0.020212162286043167,0.8853096961975098,0.97963547706604,0.004207789897918701,3.370739068486728e-05,0.025405598804354668,3.760205436265096e-05
202502A,2025-10-06 12:00:00,insat,SHEAR,0,0.013807252049446106,0.00016379075532313436,0.10438933223485947,0.02305837720632553,0.8433377146720886,0.9765928983688354,0.012807655148208141,7.12370456312783e-05,0.025658035650849342,0.00011356767208781093
202502A,2025-10-06 22:30:00,insat,SHEAR,0,0.004882922861725092,1.1234583325858694e-05,0.02215404622256756,0.011187619529664516,0.9515968561172485,0.9887985587120056,0.005921062082052231,4.861434490521788e-07,0.015445183031260967,2.1623286556859966e-06
202503B,2025-10-27 00:00:00,insat,CRVBND,1,0.15599043667316437,0.035962048918008804,0.7934648990631104,0.18283168971538544,0.00678232591599226,0.005427420139312744,0.021923087537288666,0.1408756524324417,0.021839193999767303,0.6349031925201416
202503B,2025-10-27 06:00:00,insat,CRVBND,1,0.05266755819320679,0.008894484490156174,0.901576817035675,0.4465804398059845,0.006074971053749323,0.17516565322875977,0.013024956919252872,0.09490768611431122,0.026655731722712517,0.27445173263549805
202503B,2025-10-27 13:00:00,insat,IRRCDO,1,0.024329518899321556,0.009110376238822937,0.2076941430568695,0.13035325706005096,0.006394616793841124,0.018809545785188675,0.006328289397060871,0.016491830348968506,0.7552534937858582,0.8252350091934204
202503B,2025-10-27 23:30:00,insat,IRRCDO,1,0.08967553824186325,0.023023612797260284,0.19203412532806396,0.08358978480100632,0.003524955827742815,0.0003681592352222651,0.16044782102108002,0.10401187092065811,0.5543175935745239,0.7890066504478455
202503B,2025-10-28 06:00:00,insat,CRVBND,1,0.042325228452682495,0.02148553729057312,0.09237262606620789,0.21783553063869476,0.0016467428067699075,0.02260376513004303,0.07332087308168411,0.05202862247824669,0.7903345227241516,0.6860465407371521
202503B,2025-10-28 12:00:00,insat,CRVBND,1,0.004903228022158146,0.03192201256752014,0.04570672661066055,0.1871717870235443,0.0009734832565300167,0.010672425851225853,0.00965594407171011,0.06387931108474731,0.9387605786323547,0.7063544988632202
202504B,2025-11-25 20:00:00,insat,EMBC,2,0.0035368658136576414,0.06119341030716896,0.6016859412193298,0.20145051181316376,0.006218064110726118,0.000182395800948143,0.014616813510656357,0.18836139142513275,0.3739423155784607,0.5488122701644897
202505B,2025-11-27 09:00:00,insat,CRVBND,1,0.8334835767745972,0.21356898546218872,0.13955532014369965,0.34363311529159546,0.01265630405396223,0.06599781662225723,0.0018028216436505318,0.06278134137392044,0.012501967139542103,0.31401878595352173
202505B,2025-11-29 03:00:00,insat,SHEAR,1,0.06808821111917496,0.004596203099936247,0.24833813309669495,0.15681490302085876,0.6695114374160767,0.7849252820014954,0.0009532074327580631,0.0018387784948572516,0.013109028339385986,0.05182488262653351
202505B,2025-11-29 09:00:00,insat,SHEAR,1,0.3037954270839691,0.01526440680027008,0.6370929479598999,0.254816472530365,0.022465722635388374,0.6353504657745361,0.008034082129597664,0.017414702102541924,0.028611797839403152,0.07715394347906113
202505B,2025-11-29 15:00:00,insat,SHEAR,1,0.03645387291908264,0.0014760432532057166,0.6934649348258972,0.0878661498427391,0.24972686171531677,0.8809718489646912,0.0019443149212747812,0.0029262721072882414,0.01840997487306595,0.026759637519717216
202505B,2025-11-29 21:00:00,insat,SHEAR,1,0.06899237632751465,2.9766379157081246e-05,0.08377541601657867,0.024435658007860184,0.8325620293617249,0.9750531911849976,0.0007854623254388571,0.00025465767248533666,0.013884756714105606,0.000226668591494672
202505B,2025-11-30 03:00:00,insat,SHEAR,1,0.011393161490559578,2.3094264179235324e-05,0.02006427012383938,0.014529936946928501,0.9587446451187134,0.985228955745697,0.0010268307523801923,2.1306987036950886e-05,0.008771159686148167,0.0001967118587344885
202505B,2025-11-30 09:00:00,insat,SHEAR,1,0.03588993102312088,1.9730437998077832e-05,0.015302109532058239,0.019159140065312386,0.9374397993087769,0.9805938601493835,0.00039194265264086425,7.530435686931014e-05,0.010976213961839676,0.00015191615966614336
202505B,2025-11-30 15:00:00,insat,SHEAR,1,0.011833461001515388,0.000790460326243192,0.002383630722761154,0.08474477380514145,0.9823747277259827,0.9105778336524963,0.0004884587833657861,0.00019971030997112393,0.002919666701927781,0.003687236923724413
