storm,season,time,scene,lat,lon,fold,pred,p_EYE,p_CRVBND,p_SHEAR,p_EMBC,p_IRRCDO
200501B,2005,2005-01-09 01:00:00,EMBC,5.55,84.16,1,CRVBND,0.02550419047474861,0.8882240056991577,0.017829297110438347,0.02268376760184765,0.04575871303677559
200501B,2005,2005-01-09 07:00:00,CRVBND,5.63,83.3,1,CRVBND,0.03278269246220589,0.4295446276664734,0.008206713013350964,0.42208269238471985,0.10738327354192734
200501B,2005,2005-01-09 11:30:00,SHEAR,6.35,83.3,1,CRVBND,0.03920970857143402,0.8200411200523376,0.037703853100538254,0.06662740558385849,0.03641792759299278
200501B,2005,2005-01-09 18:00:00,CRVBND,6.5,83.33,1,CRVBND,0.03349149227142334,0.8550407290458679,0.0309767983853817,0.032526202499866486,0.04796483367681503
200501B,2005,2005-01-10 00:00:00,SHEAR,6.69,83.7,1,CRVBND,0.052067022770643234,0.5987919569015503,0.2730163633823395,0.029332691803574562,0.04679199680685997
200501B,2005,2005-01-10 05:30:00,CRVBND,6.72,83.07,1,CRVBND,0.03825543820858002,0.759808361530304,0.07947712391614914,0.051952213048934937,0.07050687819719315
200501B,2005,2005-01-10 18:00:00,CRVBND,6.58,82.25,1,CRVBND,0.02452854812145233,0.8971111178398132,0.024578312411904335,0.02236216701567173,0.03141986206173897
200501B,2005,2005-01-10 23:30:00,SHEAR,6.66,82.17,1,CRVBND,0.028912879526615143,0.8819207549095154,0.033059462904930115,0.016560040414333344,0.039546892046928406
200502B,2005,2005-01-14 21:30:00,CRVBND,5.05,87.05,2,CRVBND,0.011938484385609627,0.743916928768158,0.014721561223268509,0.14378249645233154,0.08564059436321259
200502B,2005,2005-01-15 02:00:00,CRVBND,5.05,86.92,2,CRVBND,0.006502452306449413,0.6690206527709961,0.010458199307322502,0.017598960548639297,0.2964196801185608
200502B,2005,2005-01-15 15:00:00,CRVBND,4.89,86.53,2,SHEAR,0.018957853317260742,0.16667118668556213,0.47211286425590515,0.011789816431701183,0.3304682672023773
200502B,2005,2005-01-15 21:00:00,CRVBND,4.61,86.4,2,SHEAR,0.014739632606506348,0.3233112096786499,0.4431665241718292,0.014526658691465855,0.20425598323345184
200502B,2005,2005-01-16 03:00:00,IRRCDO,4.49,86.14,2,SHEAR,0.04912913218140602,0.40695345401763916,0.44049781560897827,0.041405417025089264,0.06201425567269325
200502B,2005,2005-01-16 15:00:00,SHEAR,4.63,86.2,2,SHEAR,0.022020641714334488,0.14155296981334686,0.7530365586280823,0.05649430677294731,0.02689553238451481
200502B,2005,2005-01-16 20:30:00,IRRCDO,5.23,85.69,2,CRVBND,0.046892255544662476,0.6617826819419861,0.029318423941731453,0.020896878093481064,0.24110975861549377
200502B,2005,2005-01-17 03:00:00,CRVBND,4.61,85.12,2,CRVBND,0.016631372272968292,0.47319987416267395,0.4061112701892853,0.012730048038065434,0.09132743626832962
200502B,2005,2005-01-17 08:30:00,SHEAR,4.55,84.96,2,CRVBND,0.010172763839364052,0.4755305051803589,0.4345342516899109,0.042511843144893646,0.03725063055753708
200502B,2005,2005-01-17 15:00:00,IRRCDO,4.69,84.9,2,SHEAR,0.07066817581653595,0.27320393919944763,0.5146658420562744,0.07639870047569275,0.06506333500146866
200502B,2005,2005-01-17 21:00:00,CRVBND,5.03,84.96,2,CRVBND,0.02086958847939968,0.6699727773666382,0.13369117677211761,0.027471572160720825,0.14799481630325317
200505B,2005,2005-11-28 02:00:00,IRRCDO,11.22,89.63,3,IRRCDO,0.02201804146170616,0.07455329596996307,0.014362613670527935,0.00781700573861599,0.881248950958252
200505B,2005,2005-11-28 09:00:00,CRVBND,10.25,88.46,3,CRVBND,0.023968573659658432,0.7930605411529541,0.021999100223183632,0.0424579419195652,0.11851394176483154
200505B,2005,2005-11-28 15:00:00,IRRCDO,10.25,87.41,3,IRRCDO,0.020571330562233925,0.06412037461996078,0.017806127667427063,0.17967528104782104,0.7178268432617188
200505B,2005,2005-11-28 20:00:00,IRRCDO,10.35,86.57,3,IRRCDO,0.012277340516448021,0.007882609963417053,0.009054521098732948,0.009896093048155308,0.960889458656311
200505B,2005,2005-11-29 09:00:00,CRVBND,11.75,85.2,3,CRVBND,0.027757864445447922,0.878989040851593,0.011854718439280987,0.05111469700932503,0.03028370440006256
200505B,2005,2005-11-29 15:00:00,CRVBND,12.05,84.45,3,CRVBND,0.03820690140128136,0.8803388476371765,0.018643362447619438,0.02557428926229477,0.037236664444208145
200505B,2005,2005-11-29 21:00:00,EMBC,12.35,83.77,3,CRVBND,0.039655815809965134,0.8258485794067383,0.09023840725421906,0.01852240227162838,0.02573489025235176
200505B,2005,2005-11-30 02:00:00,EMBC,12.6,83.27,3,CRVBND,0.03165597468614578,0.5218083262443542,0.016548067331314087,0.3829197287559509,0.04706789180636406
200505B,2005,2005-11-30 09:00:00,CRVBND,12.69,84.01,3,IRRCDO,0.046030350029468536,0.1364690661430359,0.02453174628317356,0.10113715380430222,0.691831648349762
200505B,2005,2005-11-30 14:30:00,CRVBND,12.87,83.64,3,CRVBND,0.029177997261285782,0.8753729462623596,0.020529530942440033,0.03885360062122345,0.036065906286239624
200505B,2005,2005-11-30 22:00:00,CRVBND,12.58,83.7,3,CRVBND,0.04937802255153656,0.5061175227165222,0.019327854737639427,0.3354089856147766,0.08976762741804123
200505B,2005,2005-12-01 09:00:00,IRRCDO,12.89,83.68,3,CRVBND,0.02819928154349327,0.8007321953773499,0.01600239798426628,0.07407654076814651,0.08098950982093811
200505B,2005,2005-12-01 15:00:00,SHEAR,12.89,83.33,3,SHEAR,0.01493584644049406,0.008874690160155296,0.9354804754257202,0.017174558714032173,0.023534344509243965
200505B,2005,2005-12-01 21:00:00,SHEAR,13.47,82.28,3,SHEAR,0.009419919922947884,0.002930666087195277,0.9564047455787659,0.009280349127948284,0.021964292973279953
200505B,2005,2005-12-02 03:00:00,CRVBND,13.67,81.78,3,CRVBND,0.035988543182611465,0.847844660282135,0.024796105921268463,0.047150760889053345,0.04421999678015709
200505B,2005,2005-12-02 09:00:00,CRVBND,13.91,81.24,3,SHEAR,0.030093900859355927,0.22256632149219513,0.68082594871521,0.028385436162352562,0.03812835365533829
200505B,2005,2005-12-02 15:00:00,CRVBND,14.14,80.71,3,CRVBND,0.030251482501626015,0.8419739007949829,0.07624240964651108,0.019607558846473694,0.031924642622470856
200506B,2005,2005-12-06 06:00:00,CRVBND,11.44,88.89,0,CRVBND,0.014839219860732555,0.9564110040664673,0.005999754182994366,0.012122426182031631,0.01062763947993517
200506B,2005,2005-12-06 18:00:00,EMBC,12.2,87.1,0,EMBC,0.045423995703458786,0.10200989991426468,0.03627908229827881,0.4278760850429535,0.38841092586517334
200506B,2005,2005-12-07 01:00:00,EMBC,11.67,86.96,0,CRVBND,0.03413647413253784,0.532882571220398,0.01751088723540306,0.40137016773223877,0.014099911786615849
200506B,2005,2005-12-10 06:00:00,EMBC,11.48,79.83,0,CRVBND,0.027035286650061607,0.7447826266288757,0.024221301078796387,0.03694075345993042,0.1670200228691101
200506B,2005,2005-12-10 12:00:00,SHEAR,10.6,79.7,0,CRVBND,0.03437285125255585,0.8660070300102234,0.05335400626063347,0.017263263463974,0.029002854600548744
200506B,2005,2005-12-10 18:00:00,SHEAR,10.33,79.28,0,SHEAR,0.02387145720422268,0.02945273369550705,0.9189819693565369,0.018682021647691727,0.009011861868202686
200506B,2005,2005-12-11 05:00:00,SHEAR,9.62,78.71,0,SHEAR,0.009174326434731483,0.002882573986425996,0.9778667092323303,0.006233528256416321,0.0038429538253694773
200507B,2005,2005-12-17 06:00:00,SHEAR,7.54,83.11,1,SHEAR,0.045205965638160706,0.3742729425430298,0.507702648639679,0.022945307195186615,0.049873195588588715
200507B,2005,2005-12-17 12:00:00,CRVBND,8.64,82.85,1,CRVBND,0.03721652552485466,0.8304809927940369,0.08702652156352997,0.028628185391426086,0.016647694632411003
200507B,2005,2005-12-17 18:00:00,CRVBND,8.9,82.4,1,IRRCDO,0.08208125084638596,0.32171761989593506,0.050864581018686295,0.19624975323677063,0.3490867614746094
200507B,2005,2005-12-18 06:00:00,CRVBND,10.4,82.7,1,CRVBND,0.022802986204624176,0.9154490828514099,0.014796786941587925,0.019959934055805206,0.026991264894604683
200507B,2005,2005-12-18 12:00:00,CRVBND,10.7,82.43,1,CRVBND,0.028556041419506073,0.9022709727287292,0.023442193865776062,0.017411155626177788,0.028319718316197395
200507B,2005,2005-12-19 07:00:00,CRVBND,11.96,82.68,1,IRRCDO,0.021473729982972145,0.031135408207774162,0.013314979150891304,0.025641897693276405,0.9084340333938599
200507B,2005,2005-12-19 11:00:00,EMBC,11.88,82.6,1,CRVBND,0.029745059087872505,0.8930864930152893,0.01631750725209713,0.030478207394480705,0.030372628942131996
200507B,2005,2005-12-19 18:00:00,EMBC,12.2,82.5,1,CRVBND,0.027528084814548492,0.8721057176589966,0.019174868240952492,0.05681522563099861,0.024376148357987404
200507B,2005,2005-12-20 00:00:00,SHEAR,11.05,83.79,1,SHEAR,0.017863119021058083,0.031368330121040344,0.9227972626686096,0.01273970864713192,0.01523167360574007
200507B,2005,2005-12-20 06:00:00,SHEAR,11.18,83.65,1,CRVBND,0.03845663368701935,0.884368896484375,0.032862339168787,0.01223694533109665,0.03207509592175484
200507B,2005,2005-12-20 12:00:00,EMBC,11.3,83.7,1,CRVBND,0.0268524382263422,0.8973115086555481,0.017913304269313812,0.014303826726973057,0.04361889511346817
200507B,2005,2005-12-20 18:00:00,IRRCDO,12.18,84.44,1,CRVBND,0.08772576600313187,0.6323341727256775,0.0702623799443245,0.02917596511542797,0.1805017739534378
200507B,2005,2005-12-20 23:00:00,EMBC,12.53,84.41,1,CRVBND,0.048081304877996445,0.8054739832878113,0.02055538259446621,0.08702807128429413,0.038861192762851715
200507B,2005,2005-12-21 06:00:00,SHEAR,12.05,84.55,1,CRVBND,0.03291185945272446,0.8611248135566711,0.05053521320223808,0.013546302914619446,0.041881710290908813
200507B,2005,2005-12-21 13:00:00,CRVBND,12.58,84.61,1,CRVBND,0.03205634281039238,0.8901949524879456,0.014255320653319359,0.01779867149889469,0.045694682747125626
200507B,2005,2005-12-21 18:00:00,SHEAR,11.63,84.8,1,CRVBND,0.016404325142502785,0.9126550555229187,0.019119245931506157,0.02774707041680813,0.02407427504658699
200507B,2005,2005-12-22 00:00:00,SHEAR,12.1,85.1,1,SHEAR,0.046716805547475815,0.24522219598293304,0.6430768370628357,0.028595246374607086,0.03638895973563194
200507B,2005,2005-12-22 06:00:00,SHEAR,13.45,86.3,1,CRVBND,0.01792256534099579,0.9420870542526245,0.008621172048151493,0.014216911047697067,0.017152296379208565
200507B,2005,2005-12-22 12:00:00,SHEAR,14.42,87.19,1,CRVBND,0.034477509558200836,0.560705840587616,0.011761038564145565,0.012695364654064178,0.38036027550697327
200507B,2005,2005-12-22 18:00:00,CRVBND,15.18,87.93,1,CRVBND,0.028972584754228592,0.8740020394325256,0.02254481241106987,0.024716144427657127,0.04976438358426094
200601A,2006,2006-01-14 06:00:00,CRVBND,6.9,74.7,0,CRVBND,0.03431526571512222,0.8032664656639099,0.013802680186927319,0.019208336248993874,0.12940725684165955
200601A,2006,2006-01-14 12:00:00,SHEAR,7.27,73.84,0,SHEAR,0.04475928470492363,0.2711053788661957,0.6535688638687134,0.015680626034736633,0.014885878190398216
200601A,2006,2006-01-14 17:00:00,SHEAR,7.47,73.06,0,SHEAR,0.009948266670107841,0.004258050117641687,0.9774489998817444,0.0055855801329016685,0.002759171649813652
200601A,2006,2006-01-15 00:00:00,SHEAR,8.55,69.25,0,SHEAR,0.007114396896213293,0.0033840385731309652,0.9814077019691467,0.0053084129467606544,0.002785369986668229
200601A,2006,2006-01-15 06:00:00,SHEAR,9.18,67.82,0,SHEAR,0.011419580318033695,0.03336944058537483,0.9407363533973694,0.008510442450642586,0.005964166950434446
200601A,2006,2006-01-15 12:00:00,SHEAR,9.78,66.42,0,SHEAR,0.012111582793295383,0.004414675757288933,0.9704797863960266,0.008444428443908691,0.004549503792077303
200601A,2006,2006-01-15 17:00:00,SHEAR,10.25,65.28,0,SHEAR,0.013556316494941711,0.0063645909540355206,0.9586684703826904,0.011065661907196045,0.010344987735152245
200602B,2006,2006-04-25 09:00:00,IRRCDO,10.23,89.55,2,EMBC,0.015298658981919289,0.06619711220264435,0.03333880752325058,0.6506808996200562,0.2344845086336136
200602B,2006,2006-04-25 21:00:00,CRVBND,10.6,89.59,2,EMBC,0.08343665301799774,0.12530572712421417,0.059752702713012695,0.625548779964447,0.10595615208148956
200602B,2006,2006-04-26 09:00:00,CRVBND,10.77,90.98,2,CRVBND,0.02649153769016266,0.8564673066139221,0.03877783194184303,0.028036566451191902,0.050226785242557526
200602B,2006,2006-04-26 20:00:00,EMBC,12.48,90.82,2,IRRCDO,0.02706063725054264,0.053223833441734314,0.05172993615269661,0.1621285080909729,0.7058571577072144
200602B,2006,2006-04-27 04:00:00,EMBC,12.77,90.78,2,EYE,0.7850425839424133,0.004278378561139107,0.029340803623199463,0.148403599858284,0.03293469548225403
200602B,2006,2006-04-27 15:00:00,EMBC,13.22,89.84,2,EMBC,0.02155941352248192,0.002556421095505357,0.007907925173640251,0.9494987726211548,0.018477540463209152
200602B,2006,2006-04-27 21:00:00,EMBC,14.24,90.45,2,EMBC,0.007542885839939117,0.0003952379629481584,0.007105551194399595,0.971299409866333,0.013656924478709698
200603B,2006,2006-07-03 00:00:00,CRVBND,19.85,85.65,4,CRVBND,0.0341450572013855,0.46338051557540894,0.010566618293523788,0.25403913855552673,0.23786863684654236
200603B,2006,2006-07-03 04:30:00,CRVBND,19.74,85.16,4,CRVBND,0.01675918698310852,0.6567553877830505,0.01522595901042223,0.05431874841451645,0.256940633058548
200604A,2006,2006-09-21 15:00:00,CRVBND,19.84,66.19,3,IRRCDO,0.009494774974882603,0.004206210840493441,0.008149917237460613,0.006724714767187834,0.9714242815971375
200604A,2006,2006-09-22 09:00:00,EMBC,20.13,66.43,3,EMBC,0.016050491482019424,0.004514248110353947,0.011209964752197266,0.9469988942146301,0.021226385608315468
200604A,2006,2006-09-22 15:00:00,EYE,20.48,66.68,3,EYE,0.976159930229187,0.002232640516012907,0.006702020764350891,0.005039912648499012,0.009865444153547287
200604A,2006,2006-09-23 09:00:00,CRVBND,20.75,67.18,3,CRVBND,0.05118807405233383,0.8230140805244446,0.04180407524108887,0.039015963673591614,0.04497777670621872
200604A,2006,2006-09-23 15:00:00,CRVBND,20.8,67.33,3,CRVBND,0.021742112934589386,0.9084147810935974,0.009271327406167984,0.029693515971302986,0.030878324061632156
200604A,2006,2006-09-23 21:00:00,CRVBND,20.43,66.98,3,CRVBND,0.033138807862997055,0.8960456252098083,0.022084902971982956,0.021428773179650307,0.027301862835884094
200604A,2006,2006-09-24 03:00:00,CRVBND,20.68,67.56,3,CRVBND,0.03513270244002342,0.902412474155426,0.02120555192232132,0.01747756637632847,0.023771746084094048
200605B,2006,2006-09-29 03:00:00,CRVBND,19.12,85.1,2,CRVBND,0.03616268187761307,0.7362664341926575,0.0578109547495842,0.037133801728487015,0.13262610137462616
200701B,2007,2007-05-14 07:00:00,EMBC,17.19,91.54,2,EMBC,0.03305252641439438,0.1386139839887619,0.015413257293403149,0.7884425520896912,0.024477651342749596
200702A,2007,2007-06-02 06:00:00,EMBC,15.27,67.34,4,EMBC,0.02974076010286808,0.07496646791696548,0.006436199881136417,0.8710375428199768,0.017819028347730637
200702A,2007,2007-06-02 16:30:00,CRVBND,15.36,66.77,4,IRRCDO,0.02007235214114189,0.07196388393640518,0.00523495115339756,0.08737267553806305,0.8153560161590576
200702A,2007,2007-06-03 00:30:00,EMBC,15.42,66.39,4,EMBC,0.01632305234670639,0.020411187782883644,0.004812436178326607,0.5826119780540466,0.37584128975868225
200702A,2007,2007-06-03 19:00:00,EYE,18.15,65.87,4,EYE,0.701709508895874,0.013267875649034977,0.012133155949413776,0.25004279613494873,0.022846661508083344
200702A,2007,2007-06-04 00:00:00,EYE,18.56,65.43,4,EYE,0.9759668707847595,0.0029362584464251995,0.006226732395589352,0.00674078892916441,0.008129284717142582
200702A,2007,2007-06-04 06:00:00,EYE,19.27,64.81,4,EYE,0.9721851944923401,0.0029640670400112867,0.007864676415920258,0.008594940416514874,0.008391104638576508
200702A,2007,2007-06-04 12:00:00,EYE,20.01,64.15,4,EYE,0.9665859341621399,0.0039287409745156765,0.013335011899471283,0.0061902571469545364,0.009960017167031765
200702A,2007,2007-06-04 18:00:00,EYE,20.44,63.27,4,EYE,0.979051947593689,0.001937506953254342,0.007688368670642376,0.004003486130386591,0.00731870299205184
200702A,2007,2007-06-05 00:00:00,EMBC,20.89,62.54,4,EMBC,0.39381736516952515,0.008154059760272503,0.029948322102427483,0.5460533499717712,0.02202683500945568
200702A,2007,2007-06-05 06:00:00,EMBC,21.38,61.73,4,EYE,0.8994032144546509,0.009635880589485168,0.025223340839147568,0.04747241362929344,0.018265044316649437
200702A,2007,2007-06-06 07:00:00,EMBC,23.07,59.4,4,EMBC,0.023672906681895256,0.04230767861008644,0.009561307728290558,0.824725329875946,0.09973273426294327
200702A,2007,2007-06-06 18:00:00,CRVBND,24.25,58.99,4,CRVBND,0.02783675491809845,0.838344395160675,0.02933339960873127,0.0602603405714035,0.04422508925199509
200702A,2007,2007-06-07 00:00:00,CRVBND,25.25,58.4,4,CRVBND,0.02231862023472786,0.6348370909690857,0.31772157549858093,0.012684131041169167,0.012438503094017506
200702A,2007,2007-06-07 06:00:00,SHEAR,25.6,58.0,4,SHEAR,0.009065822698175907,0.00849066860973835,0.9710845351219177,0.006176050752401352,0.0051828972063958645
200702A,2007,2007-06-07 12:00:00,SHEAR,25.96,57.63,4,SHEAR,0.005620609503239393,0.0018391150515526533,0.9836102724075317,0.004830025136470795,0.004100033547729254
200703B,2007,2007-06-21 15:00:00,SHEAR,16.35,83.25,2,IRRCDO,0.0315391980111599,0.15881235897541046,0.11626668274402618,0.015843115746974945,0.6775386333465576
200703B,2007,2007-06-21 20:30:00,CRVBND,16.81,82.24,2,IRRCDO,0.0035922492388635874,0.00896784570068121,0.008300050161778927,0.001379297929815948,0.9777606129646301
200703B,2007,2007-06-22 03:00:00,CRVBND,15.62,80.9,2,CRVBND,0.009872033260762691,0.7063962817192078,0.2123897522687912,0.010410749353468418,0.06093112379312515
200703B,2007,2007-06-22 09:00:00,CRVBND,15.44,80.03,2,CRVBND,0.01570812240242958,0.8724250793457031,0.03614698722958565,0.008384575136005878,0.06733524054288864
200703B,2007,2007-06-25 09:00:00,CRVBND,23.07,66.83,2,CRVBND,0.010633478872478008,0.787871241569519,0.16682399809360504,0.023456241935491562,0.011215007863938808
200703B,2007,2007-06-25 15:00:00,CRVBND,23.77,65.93,2,CRVBND,0.04089714214205742,0.7574177384376526,0.0931551456451416,0.03880373761057854,0.06972623616456985
200704B,2007,2007-06-28 17:00:00,IRRCDO,18.77,86.06,4,EMBC,0.023639505729079247,0.05334295704960823,0.008657091297209263,0.5724599957466125,0.34190043807029724
200705A,2007,2007-10-28 03:00:00,CRVBND,10.65,66.05,0,CRVBND,0.018872234970331192,0.9163455963134766,0.01064053550362587,0.046217236667871475,0.007924363948404789
200705A,2007,2007-10-28 09:00:00,CRVBND,10.7,65.55,0,CRVBND,0.08378574252128601,0.6810844540596008,0.1794828325510025,0.03910614550113678,0.016540758311748505
200705A,2007,2007-10-28 15:00:00,CRVBND,11.45,65.85,0,CRVBND,0.0800170823931694,0.6134136915206909,0.018986815586686134,0.02915923483669758,0.2584231495857239
200705A,2007,2007-10-28 21:00:00,CRVBND,11.5,65.65,0,CRVBND,0.02758759632706642,0.8831036686897278,0.02772199548780918,0.047184109687805176,0.014402603730559349
200705A,2007,2007-10-29 03:00:00,SHEAR,11.26,66.33,0,CRVBND,0.08136669546365738,0.6140369176864624,0.25223925709724426,0.015386884100735188,0.03697027638554573
200705A,2007,2007-10-29 09:00:00,CRVBND,11.21,66.13,0,CRVBND,0.039242278784513474,0.8610784411430359,0.009619197808206081,0.05235552042722702,0.03770459070801735
200705A,2007,2007-10-29 15:00:00,CRVBND,10.93,66.85,0,IRRCDO,0.019017118960618973,0.3846488296985626,0.01922168955206871,0.0331537239253521,0.5439586043357849
200705A,2007,2007-10-29 21:00:00,CRVBND,11.0,66.33,0,CRVBND,0.021616574376821518,0.8712331056594849,0.026906659826636314,0.07408415526151657,0.006159515585750341
200705A,2007,2007-10-30 03:00:00,SHEAR,11.11,66.14,0,CRVBND,0.04025940224528313,0.7602624297142029,0.0889858603477478,0.08040934056043625,0.030083009973168373
200705A,2007,2007-10-30 09:00:00,SHEAR,11.0,65.62,0,SHEAR,0.03672853112220764,0.16183093190193176,0.7378425002098083,0.04560021311044693,0.01799788326025009
200705A,2007,2007-10-30 15:30:00,SHEAR,11.32,64.91,0,SHEAR,0.017362220212817192,0.03547555208206177,0.9187286496162415,0.020566537976264954,0.007867014966905117
200705A,2007,2007-10-30 21:30:00,CRVBND,11.41,64.54,0,CRVBND,0.06711183488368988,0.5851548910140991,0.18092085421085358,0.1046261414885521,0.06218625605106354
200705A,2007,2007-10-31 03:30:00,SHEAR,11.86,63.92,0,IRRCDO,0.08374598622322083,0.21811330318450928,0.2544920742511749,0.0616186186671257,0.38203001022338867
200705A,2007,2007-10-31 09:00:00,SHEAR,12.28,63.35,0,SHEAR,0.007455301005393267,0.0015111288521438837,0.9668297171592712,0.008687851950526237,0.015515977516770363
200705A,2007,2007-10-31 21:30:00,SHEAR,13.67,61.45,0,SHEAR,0.008186432532966137,0.0019941905047744513,0.9595457315444946,0.011138852685689926,0.01913474127650261
200705A,2007,2007-11-01 03:00:00,SHEAR,14.5,59.98,0,SHEAR,0.007697879336774349,0.0018434851663187146,0.9617992043495178,0.01000641006976366,0.018653010949492455
200705A,2007,2007-11-01 09:30:00,SHEAR,14.52,58.79,0,SHEAR,0.007724045775830746,0.001669145654886961,0.9633227586746216,0.008482585661113262,0.01880141906440258
200705A,2007,2007-11-01 15:00:00,SHEAR,14.67,57.96,0,SHEAR,0.007869565859436989,0.0019247967284172773,0.9601477980613708,0.009984062053263187,0.02007380686700344
200706B,2007,2007-11-12 00:00:00,EMBC,10.78,90.87,3,EMBC,0.02294829860329628,0.010581123642623425,0.011838175356388092,0.9367759823799133,0.017856411635875702
200706B,2007,2007-11-12 05:30:00,EMBC,10.93,90.58,3,EMBC,0.016390623524785042,0.005188812501728535,0.012855839915573597,0.947191059589386,0.0183736402541399
200706B,2007,2007-11-12 12:00:00,EYE,11.07,90.37,3,EYE,0.9723069071769714,0.002756098983809352,0.006797746289521456,0.005692111793905497,0.012447117827832699
200706B,2007,2007-11-12 18:00:00,EYE,11.55,90.06,3,EYE,0.9751681685447693,0.002144773490726948,0.0068538920022547245,0.004626227077096701,0.011206906288862228
200706B,2007,2007-11-13 00:00:00,EYE,11.96,89.92,3,EYE,0.9674948453903198,0.0034901697654277086,0.007882768288254738,0.005847401916980743,0.01528478879481554
200706B,2007,2007-11-13 05:30:00,EYE,12.51,89.78,3,EYE,0.9504580497741699,0.0025546683464199305,0.007500196807086468,0.025661110877990723,0.013825957663357258
200706B,2007,2007-11-13 18:00:00,EYE,13.75,89.55,3,EYE,0.9709218144416809,0.002563645364716649,0.005908599589020014,0.007719675078988075,0.01288640033453703
200706B,2007,2007-11-13 23:30:00,EYE,14.31,89.53,3,EYE,0.969414234161377,0.003108458360657096,0.008057722821831703,0.004844300914555788,0.014575325883924961
200706B,2007,2007-11-14 06:30:00,EYE,14.99,89.41,3,EYE,0.9739465117454529,0.0030245636589825153,0.006982424762099981,0.003979397471994162,0.0120670972391963
200706B,2007,2007-11-14 12:30:00,EYE,15.83,89.34,3,EYE,0.9660113453865051,0.0038457626942545176,0.008646540343761444,0.004983651917427778,0.016512766480445862
200706B,2007,2007-11-14 18:30:00,EYE,16.68,89.22,3,EYE,0.9689683318138123,0.0033236779272556305,0.008272870443761349,0.004535883665084839,0.014899292960762978
200706B,2007,2007-11-14 23:30:00,EYE,17.66,89.3,3,EYE,0.9737429022789001,0.0027518770657479763,0.007050887681543827,0.004993111826479435,0.011461143381893635
200706B,2007,2007-11-15 06:30:00,EYE,19.48,89.25,3,EYE,0.9742295145988464,0.0026311934925615788,0.006784707773476839,0.0054501197300851345,0.010904460214078426
200706B,2007,2007-11-15 11:30:00,EYE,20.89,89.59,3,EYE,0.9644036889076233,0.002665213542059064,0.007824534550309181,0.011056626215577126,0.014049913734197617
200801B,2008,2008-04-28 14:30:00,EMBC,12.94,85.3,0,EYE,0.9704903364181519,0.002855260157957673,0.007201075088232756,0.012582485564053059,0.006870746612548828
200801B,2008,2008-04-28 21:30:00,EMBC,13.33,85.3,0,EMBC,0.004703302402049303,0.0017814409220591187,0.00908212922513485,0.9808939695358276,0.0035391543060541153
200801B,2008,2008-04-29 09:30:00,EMBC,13.58,85.69,0,CRVBND,0.07121946662664413,0.6624581813812256,0.0247853584587574,0.21566323935985565,0.025873739272356033
200801B,2008,2008-04-29 20:30:00,IRRCDO,13.74,86.68,0,IRRCDO,0.0033511181827634573,0.0028674649074673653,0.001566454884596169,0.009295194409787655,0.9829196929931641
200801B,2008,2008-04-30 20:30:00,EMBC,15.39,88.45,0,EMBC,0.011222407221794128,0.00035262657911516726,0.006763944402337074,0.9807807803153992,0.0008802979136817157
200801B,2008,2008-05-01 09:30:00,EMBC,15.9,90.29,0,EMBC,0.2539677619934082,0.003559849224984646,0.013153386302292347,0.7269284725189209,0.002390496199950576
200801B,2008,2008-05-01 15:30:00,EMBC,15.86,91.24,0,EYE,0.9755886793136597,0.0024634841829538345,0.007545147556811571,0.007590207736939192,0.006812453735619783
200801B,2008,2008-05-02 02:30:00,EMBC,15.72,93.0,0,EYE,0.9616324305534363,0.0029005471151322126,0.0077584958635270596,0.02340061590075493,0.004307892173528671
200801B,2008,2008-05-02 08:30:00,EYE,16.0,94.15,0,EYE,0.9625337719917297,0.003450565505772829,0.010922805406153202,0.018227528780698776,0.0048653860576450825
200803B,2008,2008-10-21 01:00:00,EMBC,10.33,53.6,1,IRRCDO,0.01366876345127821,0.009210042655467987,0.010468896478414536,0.06912419945001602,0.8975280523300171
200803B,2008,2008-10-21 06:00:00,CRVBND,10.82,54.1,1,CRVBND,0.036856286227703094,0.6258426308631897,0.26327550411224365,0.01568508893251419,0.05834057554602623
200803B,2008,2008-10-21 12:00:00,CRVBND,11.5,52.98,1,CRVBND,0.059478722512722015,0.7017390131950378,0.05518990010023117,0.03410940617322922,0.14948289096355438
200803B,2008,2008-10-21 18:00:00,SHEAR,11.78,53.68,1,SHEAR,0.014255343936383724,0.00806388072669506,0.9524440169334412,0.007509513758122921,0.0177271980792284
200803B,2008,2008-10-22 00:00:00,SHEAR,13.52,53.77,1,SHEAR,0.01175672560930252,0.003138314001262188,0.9604413509368896,0.008679760619997978,0.015983909368515015
200803B,2008,2008-10-22 06:00:00,SHEAR,13.98,53.4,1,SHEAR,0.012678376398980618,0.002746318932622671,0.9592152833938599,0.009182512760162354,0.01617756113409996
200803B,2008,2008-10-22 13:00:00,CRVBND,14.14,51.44,1,CRVBND,0.021137965843081474,0.8834232091903687,0.04493086412549019,0.02264055795967579,0.027867423370480537
200803B,2008,2008-10-22 18:00:00,CRVBND,14.1,51.62,1,SHEAR,0.011919921264052391,0.008466046303510666,0.954209566116333,0.009076923131942749,0.01632758043706417
200803B,2008,2008-10-23 00:00:00,CRVBND,14.8,51.23,1,CRVBND,0.025019176304340363,0.8873462677001953,0.030037451535463333,0.0286391768604517,0.02895796112716198
200803B,2008,2008-10-23 05:30:00,CRVBND,15.27,50.57,1,CRVBND,0.05242488905787468,0.6999212503433228,0.029893578961491585,0.07669106870889664,0.14106926321983337
200803B,2008,2008-10-23 17:00:00,CRVBND,13.88,48.16,1,CRVBND,0.02510903961956501,0.8886168599128723,0.022664174437522888,0.012081131339073181,0.051528774201869965
200805B,2008,2008-11-14 06:00:00,CRVBND,13.32,84.22,0,CRVBND,0.03077976033091545,0.9072412848472595,0.011198815889656544,0.018821312114596367,0.03195885568857193
200805B,2008,2008-11-14 12:00:00,CRVBND,13.8,84.33,0,CRVBND,0.012624773196876049,0.6734768152236938,0.008994514122605324,0.02018745057284832,0.2847164273262024
200805B,2008,2008-11-14 18:00:00,EMBC,14.77,83.12,0,EMBC,0.018504321575164795,0.014537788927555084,0.013036449439823627,0.9042214751243591,0.049699995666742325
200805B,2008,2008-11-15 01:30:00,IRRCDO,14.4,82.5,0,CRVBND,0.05135679990053177,0.5102113485336304,0.021408332511782646,0.2024388611316681,0.214584618806839
200805B,2008,2008-11-15 06:00:00,CRVBND,14.7,81.88,0,CRVBND,0.028317449614405632,0.8607535362243652,0.09410618990659714,0.011615474708378315,0.005207427311688662
200805B,2008,2008-11-15 11:00:00,IRRCDO,14.22,81.73,0,EMBC,0.022577164694666862,0.04503757879137993,0.0220824982970953,0.7202112078666687,0.1900915652513504
200805B,2008,2008-11-15 19:00:00,CRVBND,14.46,80.7,0,EMBC,0.022992020472884178,0.17617546021938324,0.02014610916376114,0.6302497386932373,0.15043669939041138
200805B,2008,2008-11-15 23:00:00,CRVBND,14.68,80.01,0,IRRCDO,0.015748076140880585,0.006342874839901924,0.005605013575404882,0.02905804105103016,0.943246066570282
200806B,2008,2008-11-25 19:30:00,CRVBND,9.75,80.35,3,EMBC,0.05581628531217575,0.3252444267272949,0.046552397310733795,0.4986127018928528,0.07377419620752335
200806B,2008,2008-11-25 23:30:00,CRVBND,9.88,80.2,3,CRVBND,0.011838873848319054,0.9508548378944397,0.00698285736143589,0.013631782494485378,0.01669163629412651
200806B,2008,2008-11-26 06:30:00,EMBC,10.12,79.57,3,EMBC,0.0339282751083374,0.1297701746225357,0.017129287123680115,0.7861740589141846,0.03299825266003609
200806B,2008,2008-11-26 12:00:00,CRVBND,10.4,79.8,3,EMBC,0.01735234633088112,0.004523941315710545,0.011748314835131168,0.950355589389801,0.016019802540540695
200806B,2008,2008-11-26 19:30:00,CRVBND,11.15,80.1,3,CRVBND,0.04425374045968056,0.8522825241088867,0.028410501778125763,0.03388369455933571,0.04116947576403618
200806B,2008,2008-11-27 00:00:00,CRVBND,11.33,79.78,3,CRVBND,0.07926987111568451,0.6978213787078857,0.046979617327451706,0.1279594451189041,0.04796969145536423
200807B,2008,2008-12-04 06:00:00,CRVBND,6.72,89.6,0,CRVBND,0.022294851019978523,0.7968490123748779,0.0190128181129694,0.04032513499259949,0.12151817232370377
200807B,2008,2008-12-04 12:00:00,CRVBND,6.83,89.02,0,CRVBND,0.01792629435658455,0.8922261595726013,0.020208990201354027,0.017967306077480316,0.05167121812701225
200807B,2008,2008-12-04 18:00:00,CRVBND,7.3,88.53,0,CRVBND,0.0514298677444458,0.7692353129386902,0.16162897646427155,0.003975570201873779,0.013730290345847607
200807B,2008,2008-12-05 00:00:00,CRVBND,7.78,88.78,0,CRVBND,0.048820383846759796,0.6460787057876587,0.013140968047082424,0.15023478865623474,0.14172516763210297
200807B,2008,2008-12-05 06:00:00,IRRCDO,7.88,88.22,0,CRVBND,0.07440120726823807,0.49812793731689453,0.03344837203621864,0.015963148325681686,0.37805935740470886
200807B,2008,2008-12-05 12:00:00,SHEAR,8.3,87.8,0,SHEAR,0.01704576052725315,0.03347207233309746,0.9252306222915649,0.015020553022623062,0.009230999276041985
200807B,2008,2008-12-05 18:00:00,SHEAR,8.8,87.0,0,SHEAR,0.013142184354364872,0.011275318451225758,0.9604287147521973,0.009073465131223202,0.0060803452506661415
200807B,2008,2008-12-06 00:00:00,SHEAR,9.0,85.68,0,SHEAR,0.03767622262239456,0.17861981689929962,0.7493605017662048,0.014156613498926163,0.02018682286143303
200807B,2008,2008-12-06 06:00:00,SHEAR,8.98,84.78,0,CRVBND,0.06341034173965454,0.5297874808311462,0.35735878348350525,0.022114712744951248,0.027328699827194214
200807B,2008,2008-12-06 12:00:00,CRVBND,8.22,83.68,0,CRVBND,0.023739676922559738,0.9248126149177551,0.034217849373817444,0.006159680895507336,0.011070147156715393
200807B,2008,2008-12-06 18:00:00,IRRCDO,8.03,83.08,0,CRVBND,0.042461544275283813,0.7705450654029846,0.05851183086633682,0.01882314495742321,0.10965844243764877
200807B,2008,2008-12-07 00:00:00,CRVBND,7.67,82.37,0,CRVBND,0.042828161269426346,0.762413501739502,0.0933520495891571,0.02021932415664196,0.081186942756176
200807B,2008,2008-12-07 06:00:00,SHEAR,7.67,82.6,0,SHEAR,0.021905681118369102,0.07378298789262772,0.8680310845375061,0.023037929087877274,0.013242344371974468
200807B,2008,2008-12-07 12:00:00,CRVBND,7.57,82.21,0,CRVBND,0.11434177309274673,0.6691514849662781,0.10279214382171631,0.04052656516432762,0.07318800687789917
200807B,2008,2008-12-07 16:30:00,SHEAR,7.48,81.7,0,SHEAR,0.07305249571800232,0.35112789273262024,0.5180021524429321,0.023437680676579475,0.03437969461083412
200904A,2009,2009-11-10 03:00:00,CRVBND,14.12,70.89,1,CRVBND,0.036864254623651505,0.8418644666671753,0.03933703154325485,0.04131217673420906,0.04062201827764511
200904A,2009,2009-11-10 09:00:00,CRVBND,14.5,71.3,1,CRVBND,0.051257893443107605,0.7972393035888672,0.0622958205640316,0.04752342402935028,0.04168356955051422
200904A,2009,2009-11-10 21:30:00,EMBC,16.13,71.67,1,EMBC,0.01566438563168049,0.007483383174985647,0.015165908262133598,0.9385469555854797,0.023139361292123795
200904A,2009,2009-11-11 09:00:00,CRVBND,18.3,73.0,1,CRVBND,0.01653262786567211,0.8727301359176636,0.049487173557281494,0.02975410595536232,0.03149595484137535
200905B,2009,2009-12-12 00:00:00,CRVBND,10.47,84.37,2,CRVBND,0.01971898041665554,0.7437216639518738,0.017587706446647644,0.1909097284078598,0.028061918914318085
200905B,2009,2009-12-12 06:00:00,CRVBND,10.21,84.09,2,CRVBND,0.04309482499957085,0.6966733336448669,0.07729603350162506,0.07917189598083496,0.1037638708949089
200905B,2009,2009-12-12 12:00:00,CRVBND,9.98,83.37,2,CRVBND,0.14156444370746613,0.4706628918647766,0.16055485606193542,0.0855756402015686,0.14164218306541443
200905B,2009,2009-12-12 18:00:00,CRVBND,9.23,82.11,2,CRVBND,0.014349611476063728,0.8751813769340515,0.046027179807424545,0.03213541582226753,0.032306376844644547
200905B,2009,2009-12-13 00:00:00,CRVBND,8.23,81.78,2,CRVBND,0.0189303457736969,0.7898374199867249,0.08923913538455963,0.004090528003871441,0.09790258854627609
200905B,2009,2009-12-13 12:00:00,CRVBND,8.44,82.43,2,IRRCDO,0.02858484722673893,0.19259069859981537,0.25805315375328064,0.1582474410533905,0.3625238537788391
200905B,2009,2009-12-13 18:00:00,CRVBND,8.8,82.17,2,IRRCDO,0.029036033898591995,0.220293328166008,0.3396124541759491,0.02083946391940117,0.39021870493888855
200905B,2009,2009-12-14 00:30:00,CRVBND,8.9,81.57,2,SHEAR,0.03712020069360733,0.19461707770824432,0.588010311126709,0.04010973870754242,0.14014264941215515
201001B,2010,2010-05-17 22:00:00,EMBC,11.74,86.47,3,EMBC,0.004521024413406849,0.005671069957315922,0.005352247040718794,0.9594473242759705,0.025008348748087883
201001B,2010,2010-05-19 03:30:00,EMBC,13.64,81.67,3,EMBC,0.006514753680676222,0.003391185775399208,0.010247749276459217,0.9556280374526978,0.024218326434493065
201002A,2010,2010-05-19 15:00:00,CRVBND,11.4,53.4,2,CRVBND,0.008183935657143593,0.9747476577758789,0.007636170834302902,0.005495815072208643,0.0039364248514175415
201001B,2010,2010-05-19 20:30:00,EMBC,14.38,81.4,3,IRRCDO,0.006534873973578215,0.006614692974835634,0.0035373803693801165,0.019842233508825302,0.9634708166122437
201002A,2010,2010-05-19 21:00:00,CRVBND,11.6,52.8,2,CRVBND,0.0474398247897625,0.834350049495697,0.011884165927767754,0.09023182839155197,0.01609417051076889
201002A,2010,2010-05-20 03:00:00,IRRCDO,11.8,52.5,2,CRVBND,0.017127376049757004,0.8467850089073181,0.003114972496405244,0.05861319601535797,0.07435939460992813
201001B,2010,2010-05-20 08:00:00,EMBC,15.42,80.92,3,CRVBND,0.0324198342859745,0.45120763778686523,0.035132765769958496,0.10206501185894012,0.37917473912239075
201001B,2010,2010-05-20 20:30:00,CRVBND,15.68,80.5,3,IRRCDO,0.02173743024468422,0.06538229435682297,0.010145893320441246,0.03654191270470619,0.8661924600601196
201002A,2010,2010-05-20 21:00:00,IRRCDO,12.5,52.2,2,CRVBND,0.07899540662765503,0.4427393078804016,0.31645867228507996,0.0413929708302021,0.12041366845369339
201002A,2010,2010-05-21 15:00:00,CRVBND,12.6,51.4,2,CRVBND,0.012391828000545502,0.5129591822624207,0.01928263157606125,0.39563122391700745,0.05973513424396515
201002A,2010,2010-05-21 21:30:00,IRRCDO,12.5,50.97,2,SHEAR,0.010193204507231712,0.028782524168491364,0.9221057295799255,0.0209937896579504,0.017924675717949867
201002A,2010,2010-05-22 09:00:00,IRRCDO,12.6,51.0,2,CRVBND,0.005668304860591888,0.9431565403938293,0.019844084978103638,0.007021772675216198,0.024309245869517326
201002A,2010,2010-05-22 15:00:00,CRVBND,12.6,51.0,2,SHEAR,0.017454544082283974,0.055817801505327225,0.9042152166366577,0.006407853681594133,0.01610461249947548
201002A,2010,2010-05-22 21:00:00,SHEAR,12.7,50.7,2,SHEAR,0.008943656459450722,0.0017998127732425928,0.9708036184310913,0.003742880653589964,0.01470999326556921
201002A,2010,2010-05-23 03:00:00,SHEAR,12.75,50.4,2,SHEAR,0.014259600080549717,0.03737758472561836,0.9012370109558105,0.0020309039391577244,0.04509487748146057
201002A,2010,2010-05-23 09:00:00,SHEAR,12.87,50.23,2,SHEAR,0.02210664004087448,0.31100863218307495,0.542843759059906,0.008630471304059029,0.11541049927473068
201002A,2010,2010-05-23 15:00:00,SHEAR,13.05,50.2,2,SHEAR,0.00926315225660801,0.01220861915498972,0.9491254687309265,0.006383874919265509,0.023018965497612953
201003A,2010,2010-06-01 16:00:00,EMBC,17.07,62.07,4,EMBC,0.038984302431344986,0.056777797639369965,0.009950386360287666,0.6891912817955017,0.20509621500968933
201003A,2010,2010-06-01 21:30:00,EMBC,17.21,61.35,4,EMBC,0.060018185526132584,0.010725894011557102,0.013537146151065826,0.9040959477424622,0.011622772552073002
201003A,2010,2010-06-02 03:00:00,EYE,17.75,60.85,4,EYE,0.9779816269874573,0.002236130880191922,0.008345525711774826,0.00327105144970119,0.008165639825165272
201003A,2010,2010-06-02 09:00:00,EYE,17.95,60.34,4,EYE,0.962444543838501,0.005999417044222355,0.01055629551410675,0.00882912427186966,0.012170564383268356
201003A,2010,2010-06-02 14:00:00,EYE,18.38,59.81,4,EMBC,0.04620221629738808,0.03332376852631569,0.010431155562400818,0.7910394668579102,0.11900345236063004
201003A,2010,2010-06-02 21:00:00,EMBC,18.85,59.24,4,EMBC,0.01817924901843071,0.021255197003483772,0.005701250396668911,0.9100130796432495,0.044851262122392654
201003A,2010,2010-06-03 02:00:00,EMBC,18.79,59.39,4,IRRCDO,0.01371170487254858,0.029955830425024033,0.005414842627942562,0.428440660238266,0.5224769711494446
201003A,2010,2010-06-03 14:00:00,EMBC,20.35,59.35,4,EMBC,0.02145983837544918,0.0039009260945022106,0.004837846849113703,0.9480268359184265,0.021774567663669586
201003A,2010,2010-06-03 22:00:00,EMBC,21.14,59.12,4,EMBC,0.3539635241031647,0.04323766008019447,0.026269039139151573,0.5447046756744385,0.03182515874505043
201003A,2010,2010-06-04 15:00:00,CRVBND,23.0,59.7,4,CRVBND,0.009532255120575428,0.8967744708061218,0.06626956909894943,0.010605625808238983,0.016818106174468994
201003A,2010,2010-06-04 21:00:00,CRVBND,23.6,60.1,4,SHEAR,0.018446113914251328,0.3728131055831909,0.5816338062286377,0.01107434369623661,0.01603260636329651
201003A,2010,2010-06-05 03:00:00,SHEAR,24.0,60.7,4,SHEAR,0.008464825339615345,0.031018374487757683,0.9495093822479248,0.0058174338191747665,0.0051900045946240425
201003A,2010,2010-06-05 09:00:00,SHEAR,23.8,61.4,4,SHEAR,0.006867961958050728,0.011379892937839031,0.9745436906814575,0.004049681127071381,0.003158676205202937
201003A,2010,2010-06-05 15:00:00,SHEAR,23.7,62.1,4,SHEAR,0.005026955157518387,0.0013364111073315144,0.9866138100624084,0.004004796966910362,0.0030181037727743387
201003A,2010,2010-06-05 21:00:00,SHEAR,23.5,62.8,4,SHEAR,0.0046239448711276054,0.000910328992176801,0.9868480563163757,0.0036464850418269634,0.0039711399003863335
201003A,2010,2010-06-06 03:00:00,CRVBND,23.0,64.8,4,SHEAR,0.005864956881850958,0.0022478075698018074,0.9841804504394531,0.004256491083651781,0.003450339660048485
201003A,2010,2010-06-06 09:00:00,CRVBND,23.7,66.3,4,SHEAR,0.01039588451385498,0.04319750890135765,0.9290246963500977,0.006128543056547642,0.01125344354659319
201004B,2010,2010-10-21 06:00:00,CRVBND,17.77,91.53,4,EMBC,0.020285675302147865,0.03888271003961563,0.0060277520678937435,0.8970539569854736,0.03774990886449814
201004B,2010,2010-10-21 19:00:00,EMBC,18.16,92.53,4,EMBC,0.04743398353457451,0.10397812724113464,0.01580711640417576,0.6351917386054993,0.19758901000022888
201004B,2010,2010-10-22 06:00:00,EYE,18.95,92.94,4,EYE,0.9490867853164673,0.007743258494883776,0.018458129838109016,0.013327987864613533,0.011383774690330029
201004B,2010,2010-10-22 12:00:00,EYE,19.77,93.4,4,EYE,0.9680705070495605,0.004023925866931677,0.008657092228531837,0.006549268029630184,0.012699163518846035
201005B,2010,2010-11-06 08:30:00,CRVBND,10.77,85.37,2,IRRCDO,0.015618172474205494,0.06914668530225754,0.03346078470349312,0.31784334778785706,0.5639309883117676
201005B,2010,2010-11-06 21:00:00,CRVBND,11.7,83.8,2,IRRCDO,0.01161105278879404,0.005887097213417292,0.02792879194021225,0.15554270148277283,0.7990304231643677
201005B,2010,2010-11-07 03:00:00,CRVBND,12.4,82.5,2,IRRCDO,0.024007953703403473,0.18326331675052643,0.35527628660202026,0.014471336267888546,0.4229810833930969
201005B,2010,2010-11-07 09:00:00,CRVBND,13.1,81.2,2,SHEAR,0.02806752175092697,0.3037113547325134,0.39615124464035034,0.07750741392374039,0.19456245005130768
201005B,2010,2010-11-07 15:00:00,SHEAR,13.1,80.6,2,SHEAR,0.005901244934648275,0.01084106881171465,0.9632897973060608,0.0067365737631917,0.013231373392045498
201101A,2011,2011-06-11 15:00:00,CRVBND,20.0,71.7,3,CRVBND,0.02868077903985977,0.9133551120758057,0.018038621172308922,0.011029287241399288,0.028896179050207138
201101A,2011,2011-06-11 21:00:00,CRVBND,20.3,71.1,3,CRVBND,0.04927744343876839,0.7379366755485535,0.03846012428402901,0.016219154000282288,0.15810661017894745
201101A,2011,2011-06-12 03:00:00,CRVBND,20.5,70.8,3,CRVBND,0.07043720781803131,0.7025548219680786,0.021278660744428635,0.020101623609662056,0.18562768399715424
201101A,2011,2011-06-12 09:00:00,CRVBND,20.8,70.3,3,IRRCDO,0.04662451148033142,0.2465595304965973,0.025545133277773857,0.009469063021242619,0.671801745891571
201101A,2011,2011-06-12 15:00:00,CRVBND,21.0,69.9,3,IRRCDO,0.006691893097013235,0.003188464557752013,0.005897467955946922,0.0027046510949730873,0.981517493724823
201102B,2011,2011-10-19 12:00:00,CRVBND,21.02,92.07,2,EMBC,0.03530167043209076,0.3474234342575073,0.02861824445426464,0.4997144043445587,0.08894230425357819
201103A,2011,2011-11-02 07:30:00,CRVBND,16.15,54.27,0,EMBC,0.019448179751634598,0.130980983376503,0.03422430902719498,0.8003529906272888,0.014993580058217049
201103A,2011,2011-11-02 12:00:00,CRVBND,16.73,54.38,0,CRVBND,0.017290113493800163,0.592487096786499,0.03382571041584015,0.1918482482433319,0.16454878449440002
201104A,2011,2011-11-08 00:00:00,CRVBND,13.67,59.09,1,CRVBND,0.0841369554400444,0.6154676675796509,0.04757308214902878,0.0864015519618988,0.16642072796821594
201104A,2011,2011-11-08 12:00:00,CRVBND,13.93,58.57,1,CRVBND,0.017574232071638107,0.8256785273551941,0.03570403903722763,0.08144628256559372,0.039596978574991226
201104A,2011,2011-11-09 07:30:00,IRRCDO,16.18,58.85,1,CRVBND,0.02778312936425209,0.9051728844642639,0.026740824803709984,0.01781340315937996,0.022489795461297035
201104A,2011,2011-11-09 12:00:00,SHEAR,15.96,58.34,1,CRVBND,0.03526810184121132,0.5399543046951294,0.3580078184604645,0.015351556241512299,0.051418229937553406
201104A,2011,2011-11-09 18:00:00,SHEAR,15.9,58.3,1,SHEAR,0.016212796792387962,0.0134885273873806,0.932607114315033,0.010179023258388042,0.0275124479085207
201104A,2011,2011-11-09 23:00:00,SHEAR,16.07,58.13,1,SHEAR,0.016071897000074387,0.03080124408006668,0.913551390171051,0.007730049546808004,0.03184540942311287
201105A,2011,2011-11-27 15:30:00,CRVBND,12.67,70.94,2,CRVBND,0.023321252316236496,0.8654175400733948,0.041678525507450104,0.01307615265250206,0.056506503373384476
201105B,2011,2011-11-27 15:30:00,CRVBND,12.67,70.94,0,CRVBND,0.02271266281604767,0.6921905875205994,0.026494713500142097,0.013981605879962444,0.24462048709392548
201105A,2011,2011-11-28 03:00:00,IRRCDO,14.6,68.5,2,IRRCDO,0.034328948706388474,0.024969477206468582,0.0026622603181749582,0.019367080181837082,0.9186722040176392
201105A,2011,2011-11-28 14:30:00,IRRCDO,15.17,67.87,2,IRRCDO,0.001200882950797677,0.0026429444551467896,0.003580524120479822,0.006031389348208904,0.9865443110466003
201105A,2011,2011-11-28 21:00:00,CRVBND,15.8,67.2,2,SHEAR,0.013496202416718006,0.06481326371431351,0.6876797676086426,0.093164823949337,0.14084599912166595
201105A,2011,2011-11-29 03:00:00,CRVBND,16.0,66.6,2,SHEAR,0.019639702513813972,0.11947833746671677,0.8412714004516602,0.00932063814252615,0.01028995867818594
201105A,2011,2011-11-29 09:00:00,SHEAR,15.8,66.1,2,SHEAR,0.006332732737064362,0.004178896080702543,0.9759422540664673,0.0035996348597109318,0.009946462698280811
201105A,2011,2011-11-29 15:00:00,SHEAR,16.4,65.9,2,SHEAR,0.0039856918156147,0.0004280814900994301,0.9870093464851379,0.0019750597421079874,0.006601919885724783
201105A,2011,2011-11-29 21:00:00,SHEAR,17.3,64.9,2,SHEAR,0.0095652611926198,0.05102944374084473,0.9186487793922424,0.015306103974580765,0.0054503921419382095
201105A,2011,2011-11-30 02:30:00,CRVBND,17.45,63.87,2,IRRCDO,0.007755869999527931,0.33811280131340027,0.2077968567609787,0.017337411642074585,0.4289970397949219
201105A,2011,2011-11-30 09:00:00,SHEAR,18.12,63.03,2,SHEAR,0.002659642370417714,0.0041781263425946236,0.9798897504806519,0.009405864402651787,0.003866682294756174
201105A,2011,2011-11-30 15:00:00,SHEAR,18.65,62.42,2,SHEAR,0.0025453129783272743,0.0013129785656929016,0.9860637784004211,0.003359390189871192,0.006718549411743879
201105A,2011,2011-11-30 21:00:00,SHEAR,19.0,62.03,2,SHEAR,0.01623454876244068,0.06295283138751984,0.861075222492218,0.010185811668634415,0.049551572650671005
201106B,2011,2011-12-26 00:00:00,CRVBND,10.17,87.33,0,CRVBND,0.008317887783050537,0.9320364594459534,0.008591757155954838,0.009753843769431114,0.04129994288086891
201106B,2011,2011-12-26 07:30:00,CRVBND,10.4,88.4,0,CRVBND,0.023711051791906357,0.9365289807319641,0.01831735484302044,0.013054495677351952,0.008388112299144268
201106B,2011,2011-12-26 12:00:00,EYE,11.06,87.83,0,EMBC,0.006505313795059919,0.08280404657125473,0.01075839065015316,0.8950849175453186,0.004847302101552486
201106B,2011,2011-12-26 18:00:00,EYE,12.32,87.68,0,EMBC,0.010866928845643997,0.243877112865448,0.018951544538140297,0.7122520208358765,0.014052449725568295
201106B,2011,2011-12-26 22:30:00,EMBC,11.91,87.26,0,EMBC,0.02236058935523033,0.10959257185459137,0.017021270468831062,0.8448626399040222,0.006162949372082949
201106B,2011,2011-12-27 06:00:00,EMBC,12.51,87.09,0,EYE,0.9748311042785645,0.001655078143812716,0.003597263479605317,0.013544647954404354,0.0063718948513269424
201106B,2011,2011-12-27 13:00:00,EMBC,13.43,86.05,0,EMBC,0.024593345820903778,0.0015919923316687346,0.008144841529428959,0.964259684085846,0.001410098047927022
201106B,2011,2011-12-27 18:00:00,EMBC,12.4,86.03,0,EMBC,0.010780087672173977,0.0021855770610272884,0.005554553586989641,0.9724598526954651,0.009019926190376282
201106B,2011,2011-12-28 04:30:00,EMBC,12.25,84.74,0,EMBC,0.00989567767828703,0.002493390114977956,0.010375358164310455,0.9733065366744995,0.00392901198938489
201106B,2011,2011-12-29 00:00:00,EMBC,11.97,82.62,0,EMBC,0.026494424790143967,0.0009235605248250067,0.0048618377186357975,0.966475248336792,0.0012448867782950401
201106B,2011,2011-12-29 05:00:00,EYE,11.89,82.05,0,EYE,0.5227062702178955,0.0007999296067282557,0.010621821507811546,0.4642384648323059,0.0016335435211658478
201106B,2011,2011-12-29 12:00:00,EMBC,12.15,81.68,0,EYE,0.7537339925765991,0.001118494663387537,0.008499606512486935,0.23504523932933807,0.0016025700606405735
201106B,2011,2011-12-29 18:30:00,EMBC,12.62,80.28,0,EYE,0.9054300785064697,0.001102365436963737,0.005939051043242216,0.08574724942445755,0.0017812983132898808
201201A,2012,2012-10-24 18:00:00,CRVBND,10.33,55.11,3,CRVBND,0.04482536017894745,0.8492422699928284,0.03741196542978287,0.026704341173171997,0.04181608185172081
201201A,2012,2012-10-25 00:00:00,CRVBND,10.28,54.27,3,CRVBND,0.027834422886371613,0.9217780828475952,0.015481540933251381,0.016477996483445168,0.018428053706884384
201201A,2012,2012-10-25 06:00:00,CRVBND,10.28,52.93,3,CRVBND,0.03954904526472092,0.8314532041549683,0.041424307972192764,0.0315905325114727,0.055982932448387146
201201A,2012,2012-10-25 12:00:00,CRVBND,9.52,51.3,3,CRVBND,0.05887174606323242,0.6223850846290588,0.024296239018440247,0.2427300363779068,0.05171697214245796
201202B,2012,2012-10-30 01:30:00,CRVBND,8.95,83.34,3,CRVBND,0.04085128381848335,0.9075649380683899,0.02248811349272728,0.010435514152050018,0.01866023987531662
201202B,2012,2012-10-30 06:00:00,EMBC,9.26,83.08,3,EMBC,0.01848153956234455,0.028923016041517258,0.016222912818193436,0.8890640139579773,0.04730851948261261
201202B,2012,2012-10-30 11:30:00,CRVBND,9.52,83.2,3,IRRCDO,0.02590934932231903,0.25416237115859985,0.01411224715411663,0.014113379642367363,0.691702663898468
201202B,2012,2012-10-31 12:00:00,EMBC,12.62,80.27,3,EMBC,0.017472876235842705,0.02881692722439766,0.009346025064587593,0.8820658922195435,0.062298309057950974
201203B,2012,2012-11-17 21:30:00,IRRCDO,16.21,88.27,4,IRRCDO,0.0030735149048268795,0.008876034058630466,0.0014708252856507897,0.017409998923540115,0.9691694974899292
201203B,2012,2012-11-18 09:00:00,CRVBND,16.0,87.8,4,CRVBND,0.014090790413320065,0.8861028552055359,0.021789105609059334,0.054563961923122406,0.023453326895833015
201203B,2012,2012-11-18 15:00:00,SHEAR,15.8,87.5,4,SHEAR,0.004832930862903595,0.0012465891195461154,0.9870567321777344,0.0035178984981030226,0.0033457933459430933
201203B,2012,2012-11-18 21:00:00,SHEAR,15.4,86.6,4,SHEAR,0.0043434579856693745,0.0008268624660558999,0.9872028231620789,0.0034576961770653725,0.004169179126620293
201203B,2012,2012-11-19 03:00:00,SHEAR,15.2,86.5,4,SHEAR,0.004535186570137739,0.0007922077784314752,0.9867656230926514,0.0037333201617002487,0.004173710476607084
201203B,2012,2012-11-19 09:00:00,SHEAR,15.2,86.1,4,SHEAR,0.004624190740287304,0.0008795866160653532,0.9867249727249146,0.003829937893897295,0.003941321279853582
201204A,2012,2012-12-23 06:00:00,CRVBND,8.67,58.06,2,CRVBND,0.021086180582642555,0.8612401485443115,0.012615937739610672,0.047740813344717026,0.05731687322258949
201204A,2012,2012-12-23 12:00:00,CRVBND,8.15,57.17,2,CRVBND,0.0841040313243866,0.4713917076587677,0.30936017632484436,0.028558902442455292,0.10658526420593262
201204A,2012,2012-12-23 18:00:00,CRVBND,8.18,56.22,2,IRRCDO,0.05531749874353409,0.10004124045372009,0.1468384563922882,0.07396992295980453,0.6238328814506531
201204A,2012,2012-12-24 00:00:00,CRVBND,8.42,54.89,2,IRRCDO,0.006252750288695097,0.012101343832910061,0.009855158627033234,0.008569242432713509,0.9632214307785034
201204A,2012,2012-12-24 06:00:00,CRVBND,8.23,53.17,2,EYE,0.2856990694999695,0.09737091511487961,0.178253173828125,0.25615444779396057,0.18252241611480713
201204A,2012,2012-12-24 12:00:00,SHEAR,7.52,51.77,2,SHEAR,0.005753366742283106,0.004827685654163361,0.9610005021095276,0.00381835806183517,0.024599991738796234
201204A,2012,2012-12-24 18:00:00,CRVBND,6.6,51.0,2,SHEAR,0.01484684832394123,0.03806392103433609,0.8104454278945923,0.08423365652561188,0.05241017043590546
201204A,2012,2012-12-24 23:00:00,SHEAR,6.1,50.17,2,SHEAR,0.006325987633317709,0.0011636136332526803,0.9798980355262756,0.0045717330649495125,0.008040581829845905
201301B,2013,2013-05-10 08:30:00,EMBC,5.04,93.35,2,CRVBND,0.0703430324792862,0.5868690609931946,0.07590153068304062,0.14495441317558289,0.12193192541599274
201301B,2013,2013-05-10 20:00:00,IRRCDO,6.35,92.03,2,EMBC,0.03832520544528961,0.004883136134594679,0.008365713059902191,0.6851558089256287,0.2632700800895691
201301B,2013,2013-05-11 02:00:00,EMBC,6.95,91.05,2,IRRCDO,0.061062417924404144,0.032212190330028534,0.02221035026013851,0.33613404631614685,0.548380970954895
201301B,2013,2013-05-11 08:30:00,EMBC,7.95,89.87,2,EMBC,0.07889101654291153,0.039902184158563614,0.03801245987415314,0.75932377576828,0.08387059718370438
201301B,2013,2013-05-12 15:00:00,IRRCDO,10.5,86.9,2,IRRCDO,0.00871554110199213,0.017607562243938446,0.007030184380710125,0.0010060295462608337,0.9656406044960022
201301B,2013,2013-05-13 03:30:00,IRRCDO,11.85,86.7,2,IRRCDO,0.017419440671801567,0.07019630819559097,0.38012832403182983,0.014799486845731735,0.5174563527107239
201301B,2013,2013-05-13 16:00:00,CRVBND,12.92,85.7,2,IRRCDO,0.01582515798509121,0.02712574414908886,0.027562186121940613,0.13465048372745514,0.7948364019393921
201301B,2013,2013-05-14 03:00:00,CRVBND,14.0,85.4,2,SHEAR,0.014619831927120686,0.1963336020708084,0.38530433177948,0.047080110758543015,0.3566620945930481
201301B,2013,2013-05-14 09:00:00,CRVBND,14.5,85.9,2,SHEAR,0.01741424947977066,0.3491860628128052,0.49210482835769653,0.025158284232020378,0.1161365732550621
201301B,2013,2013-05-14 15:00:00,IRRCDO,15.1,86.4,2,IRRCDO,0.04346165433526039,0.16271251440048218,0.06031212583184242,0.010660098865628242,0.7228536605834961
201301B,2013,2013-05-14 21:30:00,IRRCDO,15.87,86.93,2,IRRCDO,0.02024170011281967,0.0027431417256593704,0.048015594482421875,0.31471315026283264,0.6142864227294922
201301B,2013,2013-05-15 08:00:00,EMBC,17.76,88.07,2,CRVBND,0.008058745414018631,0.7900215983390808,0.04829300194978714,0.047361280769109726,0.10626537352800369
201302B,2013,2013-10-09 08:30:00,CRVBND,13.57,92.54,2,CRVBND,0.010798785835504532,0.45755189657211304,0.023835022002458572,0.3928665816783905,0.11494780331850052
201302B,2013,2013-10-09 15:00:00,IRRCDO,13.9,91.9,2,CRVBND,0.011532342992722988,0.8696207404136658,0.03548043966293335,0.046029068529605865,0.03733744099736214
201302B,2013,2013-10-09 21:30:00,EMBC,14.33,91.25,2,EMBC,0.05038987100124359,0.4487520754337311,0.013708038255572319,0.4561935365200043,0.030956555157899857
201302B,2013,2013-10-10 02:30:00,EMBC,14.57,91.05,2,EMBC,0.02152217924594879,0.044601161032915115,0.011051150970160961,0.9033348560333252,0.019490692764520645
201302B,2013,2013-10-10 09:00:00,EYE,15.1,90.7,2,EYE,0.7540835738182068,0.00497367512434721,0.020386086776852608,0.19656804203987122,0.02398856170475483
201302B,2013,2013-10-10 15:00:00,EYE,15.55,89.84,2,EYE,0.9051319360733032,0.002705478807911277,0.01519016083329916,0.0454825796186924,0.031489770859479904
201302B,2013,2013-10-10 21:00:00,EYE,15.65,89.05,2,EYE,0.9316103458404541,0.004074284341186285,0.012363890185952187,0.03283116593956947,0.019120240584015846
201302B,2013,2013-10-11 03:00:00,EYE,15.85,88.56,2,EMBC,0.03769484907388687,0.015376432798802853,0.006815286818891764,0.9311046004295349,0.009008863940834999
201302B,2013,2013-10-11 09:00:00,EYE,16.45,88.05,2,EYE,0.8475443124771118,0.0033881196286529303,0.017900878563523293,0.10295262187719345,0.028214117512106895
201302B,2013,2013-10-11 15:00:00,EYE,16.75,87.14,2,EYE,0.966079592704773,0.0010726199252530932,0.0060983821749687195,0.015940356999635696,0.010809141211211681
201302B,2013,2013-10-11 21:00:00,EYE,17.25,86.75,2,EYE,0.9676104784011841,0.0014088955940678716,0.009244161657989025,0.008433403447270393,0.013303141109645367
201302B,2013,2013-10-12 03:00:00,EYE,17.75,86.15,2,EYE,0.9736933708190918,0.0013699086848646402,0.00833044946193695,0.003267031628638506,0.013339294120669365
201302B,2013,2013-10-12 09:00:00,EYE,18.45,85.55,2,EMBC,0.4617709815502167,0.006947917398065329,0.025446096435189247,0.47175124287605286,0.03408372774720192
201303A,2013,2013-11-09 21:00:00,IRRCDO,8.0,52.2,0,IRRCDO,0.004081219434738159,0.006181772332638502,0.003494685748592019,0.00912273395806551,0.9771196246147156
201303A,2013,2013-11-10 09:00:00,IRRCDO,8.0,51.6,0,CRVBND,0.012759193778038025,0.8623535633087158,0.014035209082067013,0.06366705894470215,0.047185033559799194
201303A,2013,2013-11-10 14:30:00,IRRCDO,8.28,51.25,0,IRRCDO,0.01645335927605629,0.02655741013586521,0.00394845986738801,0.013666311278939247,0.9393744468688965
201304B,2013,2013-11-19 13:00:00,EMBC,15.0,84.7,2,CRVBND,0.023592840880155563,0.5598158836364746,0.03202524408698082,0.2697475254535675,0.1148185133934021
201304B,2013,2013-11-19 19:30:00,EMBC,15.05,84.04,2,EMBC,0.02561054565012455,0.027619561180472374,0.012155687436461449,0.8660068511962891,0.06860734522342682
201304B,2013,2013-11-20 00:30:00,EMBC,15.75,84.07,2,CRVBND,0.07244297862052917,0.7153742909431458,0.010912712663412094,0.15162570774555206,0.049644336104393005
201304B,2013,2013-11-20 06:30:00,IRRCDO,15.07,83.33,2,CRVBND,0.04793485626578331,0.8376433849334717,0.021717494353652,0.05693229287862778,0.03577202185988426
201304B,2013,2013-11-20 19:30:00,EMBC,15.7,84.11,2,EMBC,0.07518428564071655,0.19828060269355774,0.03208816424012184,0.605341911315918,0.089105024933815
201304B,2013,2013-11-21 00:00:00,EMBC,15.43,83.83,2,IRRCDO,0.015261474996805191,0.07137620449066162,0.004571951925754547,0.014729898422956467,0.8940604329109192
201304B,2013,2013-11-21 18:00:00,CRVBND,16.13,82.46,2,CRVBND,0.030345819890499115,0.5925400853157043,0.16365762054920197,0.009809011593461037,0.20364750921726227
201304B,2013,2013-11-22 00:00:00,IRRCDO,16.07,82.56,2,IRRCDO,0.0016493371222168207,0.0021116286516189575,0.0010013676946982741,0.0030549573712050915,0.9921826720237732
201304B,2013,2013-11-22 06:00:00,CRVBND,16.22,81.38,2,CRVBND,0.021513603627681732,0.5854687094688416,0.3054995834827423,0.00463554123416543,0.08288255333900452
201305B,2013,2013-11-23 19:00:00,EMBC,9.45,95.67,2,EMBC,0.018397387117147446,0.060791850090026855,0.027834979817271233,0.7810683846473694,0.11190740019083023
201305B,2013,2013-11-25 07:00:00,EMBC,12.33,91.2,2,EMBC,0.05770479887723923,0.03560104966163635,0.016126051545143127,0.8234076499938965,0.06716041266918182
201305B,2013,2013-11-26 01:30:00,EMBC,12.41,90.59,2,IRRCDO,0.03656306117773056,0.046948906034231186,0.008311896584928036,0.3952513635158539,0.5129247307777405
201305B,2013,2013-11-26 06:00:00,EMBC,12.67,90.05,2,CRVBND,0.01584155485033989,0.7873936295509338,0.036470863968133926,0.10902191698551178,0.051272064447402954
201305B,2013,2013-11-27 06:30:00,EMBC,13.87,86.1,2,CRVBND,0.02159310132265091,0.6094841361045837,0.023136207833886147,0.0831993967294693,0.26258721947669983
201305B,2013,2013-11-27 12:30:00,CRVBND,14.2,85.91,2,CRVBND,0.03072461672127247,0.8470417857170105,0.013016796670854092,0.10058853030204773,0.008628268726170063
201305B,2013,2013-11-27 18:00:00,CRVBND,15.9,83.7,2,CRVBND,0.06638535857200623,0.5736820697784424,0.2536168098449707,0.016546940430998802,0.08976881951093674
201305B,2013,2013-11-28 00:00:00,CRVBND,14.67,82.61,2,CRVBND,0.021809907630085945,0.4555497169494629,0.2796124815940857,0.02039768546819687,0.22263026237487793
201305B,2013,2013-11-28 06:00:00,SHEAR,15.08,81.92,2,SHEAR,0.013434682972729206,0.05965038388967514,0.866443932056427,0.006487100385129452,0.05398387834429741
201305B,2013,2013-11-28 12:00:00,CRVBND,15.4,80.94,2,SHEAR,0.005118515342473984,0.003221487393602729,0.9776393175125122,0.007461123168468475,0.0065595172345638275
201306B,2013,2013-12-06 03:00:00,CRVBND,9.8,83.7,3,CRVBND,0.0448358915746212,0.8707830905914307,0.02547718584537506,0.024740055203437805,0.034163735806941986
201306B,2013,2013-12-06 09:00:00,CRVBND,10.2,83.6,3,CRVBND,0.027467800304293633,0.9014630913734436,0.017268234863877296,0.031018441542983055,0.02278243377804756
201306B,2013,2013-12-07 08:30:00,EMBC,10.48,84.3,3,EMBC,0.042690496891736984,0.005256015807390213,0.011065292172133923,0.9216505289077759,0.019337618723511696
201306B,2013,2013-12-07 14:00:00,EMBC,11.19,84.65,3,EMBC,0.027315953746438026,0.009265091270208359,0.009733823128044605,0.9379057884216309,0.01577933132648468
201306B,2013,2013-12-08 02:30:00,EMBC,12.02,84.76,3,EMBC,0.03696071729063988,0.007226328831166029,0.01190442405641079,0.9220307469367981,0.021877750754356384
201306B,2013,2013-12-08 09:00:00,EMBC,13.65,84.14,3,EMBC,0.012925725430250168,0.00410554651170969,0.016239499673247337,0.9499172568321228,0.01681189052760601
201306B,2013,2013-12-08 15:00:00,EMBC,13.65,85.57,3,EMBC,0.015028748661279678,0.026376130059361458,0.014025685377418995,0.9083861112594604,0.03618324175477028
201306B,2013,2013-12-08 20:00:00,EMBC,13.71,84.96,3,EMBC,0.01575179398059845,0.0034696885850280523,0.011423252522945404,0.9502764344215393,0.0190788134932518
201306B,2013,2013-12-09 14:00:00,EMBC,14.66,84.79,3,EMBC,0.009933962486684322,0.0060262298211455345,0.010835726745426655,0.9491256475448608,0.024078505113720894
201306B,2013,2013-12-10 03:00:00,EYE,15.25,85.46,3,EYE,0.9785207509994507,0.0017181034199893475,0.004795289132744074,0.007158399093896151,0.007807457819581032
201306B,2013,2013-12-10 09:00:00,EMBC,15.5,85.2,3,EMBC,0.014567043632268906,0.022213883697986603,0.006260954309254885,0.9286366701126099,0.028321385383605957
201306B,2013,2013-12-10 15:00:00,CRVBND,15.0,84.8,3,SHEAR,0.02546318806707859,0.027051247656345367,0.8863093852996826,0.026272645220160484,0.034903500229120255
201306B,2013,2013-12-10 21:00:00,SHEAR,14.55,84.45,3,SHEAR,0.010545991361141205,0.004604843445122242,0.9676600098609924,0.008028213866055012,0.00916096568107605
201306B,2013,2013-12-11 03:00:00,SHEAR,14.2,83.9,3,SHEAR,0.023008987307548523,0.10863994061946869,0.8228945136070251,0.018552863970398903,0.026903649792075157
201306B,2013,2013-12-11 09:00:00,CRVBND,13.6,83.3,3,SHEAR,0.03801371157169342,0.3218807876110077,0.5904643535614014,0.021675921976566315,0.02796521969139576
201306B,2013,2013-12-11 15:30:00,CRVBND,13.05,82.64,3,CRVBND,0.0481695681810379,0.5880302786827087,0.018191540613770485,0.014564648270606995,0.33104395866394043
201306B,2013,2013-12-11 21:00:00,SHEAR,12.6,82.3,3,SHEAR,0.01197829470038414,0.0034806434996426105,0.9576998353004456,0.008755737915635109,0.018085459247231483
201306B,2013,2013-12-12 03:00:00,SHEAR,11.9,81.5,3,CRVBND,0.04846520721912384,0.6439680457115173,0.2754039168357849,0.013845091685652733,0.018317729234695435
201306B,2013,2013-12-12 08:00:00,IRRCDO,11.35,80.77,3,IRRCDO,0.024519169703125954,0.047514259815216064,0.009042056277394295,0.015178704634308815,0.9037457704544067
201306B,2013,2013-12-12 15:00:00,SHEAR,10.58,79.75,3,CRVBND,0.029519878327846527,0.8932196497917175,0.04416156932711601,0.014172197319567204,0.01892676018178463
201401B,2014,2014-01-04 07:30:00,CRVBND,8.99,83.19,1,CRVBND,0.0256150234490633,0.8162493705749512,0.09780605882406235,0.015615344047546387,0.04471416026353836
201401B,2014,2014-01-04 12:00:00,CRVBND,9.05,82.95,1,CRVBND,0.03671706095337868,0.8184167742729187,0.08762913197278976,0.010966058820486069,0.04627097025513649
201401B,2014,2014-01-04 18:00:00,CRVBND,9.15,82.76,1,CRVBND,0.017501475289463997,0.8883088827133179,0.023274647071957588,0.011267690919339657,0.05964727699756622
201401B,2014,2014-01-05 00:00:00,CRVBND,9.43,82.04,1,CRVBND,0.032604578882455826,0.9113252758979797,0.018960222601890564,0.012157383374869823,0.024952536448836327
201401B,2014,2014-01-05 06:00:00,CRVBND,9.3,81.49,1,CRVBND,0.02766999416053295,0.8730397820472717,0.03651197999715805,0.02267584018409252,0.04010239243507385
201401B,2014,2014-01-05 12:00:00,CRVBND,9.26,81.4,1,CRVBND,0.033935219049453735,0.5439571738243103,0.36526888608932495,0.016371900215744972,0.040466826409101486
201401B,2014,2014-01-05 18:00:00,CRVBND,9.16,81.26,1,SHEAR,0.01848442107439041,0.03837938606739044,0.9055665731430054,0.013107597827911377,0.024462038651108742
201401B,2014,2014-01-06 00:00:00,CRVBND,9.28,80.82,1,CRVBND,0.018687231466174126,0.9044173955917358,0.0258454792201519,0.027874890714883804,0.023175008594989777
201402A,2014,2014-06-10 03:00:00,IRRCDO,15.3,68.7,1,IRRCDO,0.019555969163775444,0.034479934722185135,0.02480470947921276,0.008274384774267673,0.9128851294517517
201402A,2014,2014-06-10 20:00:00,EMBC,16.56,67.67,1,EMBC,0.012157708406448364,0.009324478916823864,0.015990320593118668,0.9430044293403625,0.019523121416568756
201402A,2014,2014-06-11 03:00:00,EMBC,17.25,66.85,1,EYE,0.8897560834884644,0.046719860285520554,0.009380817413330078,0.031194208189845085,0.022949036210775375
201402A,2014,2014-06-11 09:30:00,EMBC,16.57,66.2,1,EMBC,0.017133858054876328,0.07339214533567429,0.01618516445159912,0.7616825103759766,0.1316063553094864
201402A,2014,2014-06-12 03:30:00,EMBC,18.47,63.65,1,EMBC,0.011709324084222317,0.00807812251150608,0.016586387529969215,0.9484032988548279,0.01522283349186182
201402A,2014,2014-06-12 15:00:00,EMBC,18.3,63.4,1,EMBC,0.029834724962711334,0.03431478515267372,0.029449544847011566,0.8153344988822937,0.09106644988059998
201402A,2014,2014-06-13 09:00:00,SHEAR,21.4,64.3,1,SHEAR,0.054985612630844116,0.3516537845134735,0.5348808765411377,0.028570260852575302,0.029909467324614525
201402A,2014,2014-06-13 15:00:00,SHEAR,21.66,64.41,1,SHEAR,0.01205759309232235,0.006365619134157896,0.9585837721824646,0.009579312987625599,0.013413657434284687
201402A,2014,2014-06-13 21:00:00,SHEAR,21.93,64.6,1,SHEAR,0.009944695048034191,0.0015892644878476858,0.9675009846687317,0.007441852241754532,0.013523275032639503
201402A,2014,2014-06-14 02:30:00,SHEAR,22.13,64.8,1,SHEAR,0.009607590734958649,0.0028442933689802885,0.9667125940322876,0.007634282112121582,0.01320123951882124
201403B,2014,2014-10-08 10:30:00,EMBC,12.89,91.35,1,EMBC,0.010022515431046486,0.00726438919082284,0.013588295318186283,0.9496673345565796,0.019457504153251648
201403B,2014,2014-10-09 01:30:00,EMBC,13.7,89.06,1,EMBC,0.008221105672419071,0.0053322529420256615,0.015477347187697887,0.9445269107818604,0.02644244022667408
201403B,2014,2014-10-09 05:00:00,EMBC,13.92,88.68,1,EMBC,0.007206643931567669,0.0036032546777278185,0.011204112321138382,0.9540148973464966,0.023971175774931908
201403B,2014,2014-10-10 18:00:00,EMBC,15.62,86.48,1,EMBC,0.011455902829766273,0.0035585113801062107,0.009717459790408611,0.9553771615028381,0.019890952855348587
201403B,2014,2014-10-11 06:00:00,EYE,16.07,85.22,1,EYE,0.9665430784225464,0.003096557455137372,0.00913036335259676,0.007426530122756958,0.013803448528051376
201403B,2014,2014-10-11 12:00:00,EYE,16.26,84.88,1,EYE,0.9682152271270752,0.0037558141630142927,0.007683933712542057,0.007131349295377731,0.013213654980063438
201403B,2014,2014-10-11 17:00:00,EYE,16.46,84.79,1,EMBC,0.34152087569236755,0.002249421551823616,0.015160300768911839,0.6307413578033447,0.010328074917197227
201403B,2014,2014-10-11 23:30:00,EYE,17.2,84.24,1,EMBC,0.38341599702835083,0.0025958882179111242,0.018423505127429962,0.5837942361831665,0.01177038811147213
201403B,2014,2014-10-12 06:00:00,EYE,17.52,83.45,1,EYE,0.9667525887489319,0.0037294882349669933,0.008605743758380413,0.007531661540269852,0.013380506075918674
201404A,2014,2014-10-25 18:00:00,CRVBND,13.75,62.72,0,CRVBND,0.040812812745571136,0.905363917350769,0.018876895308494568,0.011833276599645615,0.023112976923584938
201404A,2014,2014-10-25 23:30:00,CRVBND,14.03,63.03,0,EMBC,0.02045527845621109,0.024534044787287712,0.017694592475891113,0.7488015294075012,0.18851448595523834
201404A,2014,2014-10-26 06:00:00,EMBC,14.48,62.81,0,EMBC,0.08921336382627487,0.041381604969501495,0.008812556974589825,0.8271675705909729,0.033424947410821915
201404A,2014,2014-10-26 13:30:00,EMBC,14.29,62.9,0,EMBC,0.02311086282134056,0.05927243083715439,0.005198161583393812,0.9090004563331604,0.003418095875531435
201404A,2014,2014-10-26 18:00:00,CRVBND,14.55,62.7,0,EMBC,0.03903598710894585,0.37497279047966003,0.012964476831257343,0.5564451813697815,0.016581561416387558
201404A,2014,2014-10-27 00:00:00,EYE,14.9,62.89,0,EYE,0.9752258658409119,0.005042827222496271,0.004503748845309019,0.011406585574150085,0.0038209371268749237
201404A,2014,2014-10-27 05:00:00,EYE,14.97,62.57,0,EYE,0.8526470065116882,0.004833202809095383,0.006313539110124111,0.11753048002719879,0.01867571286857128
201404A,2014,2014-10-27 12:30:00,EMBC,15.36,62.16,0,EMBC,0.02688588574528694,0.012912513688206673,0.007625026162713766,0.9499300122261047,0.00264653074555099
201404A,2014,2014-10-27 18:30:00,EYE,15.48,62.14,0,EMBC,0.2400411069393158,0.005673895124346018,0.003676544176414609,0.7250112891197205,0.025597138330340385
201404A,2014,2014-10-28 01:00:00,EMBC,15.81,61.72,0,EMBC,0.012941394001245499,0.009081832133233547,0.006408037152141333,0.965388834476471,0.0061799813993275166
201404A,2014,2014-10-28 06:00:00,EYE,16.12,61.47,0,EYE,0.9828086495399475,0.001878230832517147,0.006316150072962046,0.004677549935877323,0.004319360479712486
201404A,2014,2014-10-28 12:00:00,EYE,16.8,61.8,0,EYE,0.9806907773017883,0.002593888435512781,0.006907552480697632,0.003716861829161644,0.00609082356095314
201404A,2014,2014-10-28 18:30:00,EMBC,17.73,61.45,0,EYE,0.6890117526054382,0.0014019537484273314,0.010438019409775734,0.29717209935188293,0.0019761936273425817
201404A,2014,2014-10-29 00:00:00,EMBC,18.56,62.01,0,EMBC,0.006037112325429916,0.005371487699449062,0.00695806322619319,0.9792777895927429,0.0023554821964353323
201404A,2014,2014-10-29 12:30:00,EMBC,19.84,62.57,0,EMBC,0.015749219805002213,0.14516374468803406,0.01635783724486828,0.8127003312110901,0.010028917342424393
201404A,2014,2014-10-29 18:00:00,CRVBND,19.75,62.8,0,CRVBND,0.11882878839969635,0.8047475218772888,0.024875091388821602,0.004810869228094816,0.04673769697546959
201404A,2014,2014-10-30 00:00:00,IRRCDO,19.5,63.79,0,IRRCDO,0.021050583571195602,0.19925545156002045,0.026871634647250175,0.09990322589874268,0.6529191136360168
201404A,2014,2014-10-30 12:00:00,CRVBND,20.43,64.58,0,IRRCDO,0.022054262459278107,0.41186758875846863,0.04739164933562279,0.03181181848049164,0.4868747293949127
201404A,2014,2014-10-30 18:00:00,SHEAR,20.72,65.06,0,SHEAR,0.0069711944088339806,0.0025729017797857523,0.9812321066856384,0.004527070093899965,0.004696742165833712
201404A,2014,2014-10-31 00:00:00,SHEAR,21.2,65.5,0,SHEAR,0.007108648307621479,0.0015522621106356382,0.9760597348213196,0.00662764860317111,0.008651691488921642
201404A,2014,2014-10-31 05:30:00,SHEAR,21.18,65.47,0,SHEAR,0.007461761590093374,0.0014793839072808623,0.973800778388977,0.0061020683497190475,0.011156043969094753
201405B,2014,2014-11-06 05:00:00,EMBC,13.96,87.0,3,EMBC,0.02449743077158928,0.06996175646781921,0.00929067749530077,0.7364015579223633,0.15984861552715302
201405B,2014,2014-11-06 12:00:00,CRVBND,13.86,88.01,3,CRVBND,0.03265141695737839,0.906869649887085,0.04016437754034996,0.0062272087670862675,0.014087338000535965
201405B,2014,2014-11-06 18:00:00,CRVBND,13.35,87.7,3,CRVBND,0.03474682942032814,0.8928836584091187,0.012303481809794903,0.011755368672311306,0.04831068217754364
201405B,2014,2014-11-07 06:00:00,CRVBND,13.3,87.1,3,SHEAR,0.02229737862944603,0.025277171283960342,0.9274330735206604,0.008320883847773075,0.016671402379870415
201405B,2014,2014-11-07 12:00:00,CRVBND,14.27,87.11,3,CRVBND,0.02926105260848999,0.855528712272644,0.07043520361185074,0.010086890310049057,0.03468812257051468
201405B,2014,2014-11-07 18:00:00,SHEAR,14.34,87.12,3,SHEAR,0.03678155690431595,0.1709408462047577,0.7442379593849182,0.01617092452943325,0.03186872601509094
201405B,2014,2014-11-08 00:00:00,SHEAR,14.57,86.7,3,SHEAR,0.013918460346758366,0.0027206488884985447,0.9568015933036804,0.008583149872720242,0.01797613687813282
201405B,2014,2014-11-08 05:30:00,SHEAR,14.6,86.15,3,SHEAR,0.012607083655893803,0.0022474052384495735,0.9588975310325623,0.00806790217757225,0.018180115148425102
201501A,2015,2015-06-07 09:00:00,CRVBND,15.8,68.4,4,CRVBND,0.017477329820394516,0.9199338555335999,0.013955813832581043,0.03551056981086731,0.013122446835041046
201501A,2015,2015-06-07 15:00:00,CRVBND,16.3,68.5,4,IRRCDO,0.01098053902387619,0.3519303500652313,0.052206747233867645,0.009827949106693268,0.5750543475151062
201501A,2015,2015-06-07 21:00:00,IRRCDO,16.9,68.1,4,IRRCDO,0.013760630041360855,0.2410402148962021,0.012066326104104519,0.09457173198461533,0.6385610699653625
201501A,2015,2015-06-08 03:00:00,EMBC,18.0,67.5,4,EMBC,0.01123765204101801,0.019052406772971153,0.005751784425228834,0.8657266497612,0.0982314720749855
201501A,2015,2015-06-08 21:00:00,IRRCDO,19.6,65.5,4,IRRCDO,0.006085752975195646,0.03155171871185303,0.0033502045553177595,0.031004566699266434,0.9280077219009399
201501A,2015,2015-06-09 03:00:00,IRRCDO,20.4,64.8,4,IRRCDO,0.005549787078052759,0.011809684336185455,0.001660601352341473,0.03084675222635269,0.9501332640647888
201501A,2015,2015-06-09 15:00:00,CRVBND,21.2,62.5,4,CRVBND,0.014393219724297523,0.8659828901290894,0.034264519810676575,0.04141159728169441,0.04394780099391937
201501A,2015,2015-06-09 21:00:00,IRRCDO,21.1,62.5,4,IRRCDO,0.017502224072813988,0.042547110468149185,0.004784496501088142,0.35511794686317444,0.5800482034683228
201501A,2015,2015-06-10 03:00:00,EMBC,21.2,61.6,4,EMBC,0.01084839180111885,0.004766153171658516,0.004349901340901852,0.9734386801719666,0.00659692520275712
201501A,2015,2015-06-10 21:00:00,SHEAR,20.6,61.1,4,SHEAR,0.011968915350735188,0.08495386689901352,0.882767379283905,0.0070518613792955875,0.013257961720228195
201501A,2015,2015-06-11 03:00:00,CRVBND,20.6,60.8,4,EMBC,0.018197076395154,0.06985712051391602,0.009312785230576992,0.7668178081512451,0.13581521809101105
201501A,2015,2015-06-11 09:00:00,EMBC,20.8,60.5,4,EMBC,0.019479122012853622,0.07474097609519958,0.015671661123633385,0.8463874459266663,0.04372080788016319
201501A,2015,2015-06-11 15:00:00,CRVBND,20.8,59.8,4,CRVBND,0.027727868407964706,0.680389404296875,0.027868904173374176,0.23059959709644318,0.033414263278245926
201501A,2015,2015-06-11 21:00:00,CRVBND,20.85,59.83,4,SHEAR,0.013391577638685703,0.08622877299785614,0.8788050413131714,0.007413358427584171,0.014161292463541031
201502B,2015,2015-07-29 01:00:00,CRVBND,21.23,91.24,3,CRVBND,0.04744085296988487,0.8719862699508667,0.03239089623093605,0.01862625777721405,0.029555676504969597
201502B,2015,2015-07-29 06:00:00,CRVBND,21.41,91.38,3,CRVBND,0.03640378266572952,0.9001712799072266,0.02512292191386223,0.012080728076398373,0.026221297681331635
201502B,2015,2015-07-29 12:00:00,CRVBND,21.44,91.46,3,CRVBND,0.04298197850584984,0.8605397939682007,0.012075891718268394,0.019348837435245514,0.06505350023508072
201502B,2015,2015-07-29 18:00:00,CRVBND,21.62,91.21,3,CRVBND,0.04187214374542236,0.8867576122283936,0.02571495994925499,0.009284072555601597,0.03637123107910156
201502B,2015,2015-07-30 00:00:00,CRVBND,21.96,91.19,3,CRVBND,0.04661734029650688,0.5276709198951721,0.018111903220415115,0.01539513561874628,0.3922047019004822
201502B,2015,2015-07-30 06:00:00,CRVBND,22.31,91.05,3,CRVBND,0.0393461138010025,0.9067374467849731,0.013878904283046722,0.011277160607278347,0.028760362416505814
201503A,2015,2015-10-09 21:00:00,CRVBND,15.0,69.8,2,CRVBND,0.006156853400170803,0.9464253783226013,0.01520489901304245,0.0024841667618602514,0.029728766530752182
201503A,2015,2015-10-10 03:30:00,IRRCDO,15.02,69.49,2,CRVBND,0.0036519388668239117,0.7455143332481384,0.023465795442461967,0.015386924147605896,0.21198105812072754
201503A,2015,2015-10-10 09:00:00,CRVBND,15.0,69.1,2,SHEAR,0.014460033737123013,0.4509623944759369,0.4920767843723297,0.009887604042887688,0.03261324390769005
201503A,2015,2015-10-10 15:00:00,CRVBND,15.3,69.4,2,CRVBND,0.04307706654071808,0.380615234375,0.17885330319404602,0.029786469414830208,0.3676679730415344
201503A,2015,2015-10-10 21:00:00,CRVBND,15.7,69.5,2,SHEAR,0.008063712157309055,0.021752318367362022,0.932060182094574,0.013042308390140533,0.02508147992193699
201503A,2015,2015-10-11 03:00:00,CRVBND,15.9,69.7,2,SHEAR,0.027532553300261497,0.22126062214374542,0.6607409715652466,0.02292707748711109,0.06753882765769958
201503A,2015,2015-10-11 09:00:00,CRVBND,16.0,69.3,2,IRRCDO,0.0012910370714962482,0.022174449637532234,0.0004676446260418743,0.00037790057831443846,0.9756888747215271
201503A,2015,2015-10-11 15:00:00,CRVBND,16.2,69.11,2,SHEAR,0.010572615079581738,0.13348516821861267,0.8074578642845154,0.01522025652229786,0.03326411917805672
201503A,2015,2015-10-11 21:00:00,CRVBND,16.4,68.86,2,CRVBND,0.05368539318442345,0.5712528228759766,0.22788378596305847,0.06227333843708038,0.08490465581417084
201504A,2015,2015-10-28 20:30:00,EMBC,13.57,64.53,2,EYE,0.8442949652671814,0.00604111747816205,0.014253626577556133,0.07885778695344925,0.056552499532699585
201504A,2015,2015-10-29 03:00:00,CRVBND,13.7,64.0,2,EYE,0.9785047769546509,0.009127636440098286,0.005429893732070923,0.002045000670477748,0.004892642609775066
201504A,2015,2015-10-29 09:00:00,EMBC,13.85,63.45,2,EMBC,0.05212083086371422,0.07776746898889542,0.019925089552998543,0.8158122301101685,0.034374356269836426
201504A,2015,2015-10-29 15:00:00,EYE,14.25,62.75,2,EYE,0.9781137704849243,0.003257749369367957,0.005288086365908384,0.0017689052037894726,0.011571472510695457
201504A,2015,2015-10-29 21:30:00,EMBC,14.06,62.1,2,EYE,0.576414942741394,0.10197461396455765,0.04759531468153,0.23336341977119446,0.04065173119306564
201504A,2015,2015-10-30 03:00:00,EYE,14.15,61.45,2,EYE,0.9698331952095032,0.003412689780816436,0.0058571225963532925,0.0042094034142792225,0.016687585040926933
201504A,2015,2015-10-30 15:00:00,EYE,13.86,60.37,2,EYE,0.9678709506988525,0.004500202368944883,0.00774109922349453,0.0039128889329731464,0.015974881127476692
201504A,2015,2015-10-31 03:00:00,EYE,13.85,59.25,2,EYE,0.9515830278396606,0.0020039710216224194,0.011693335138261318,0.012873566709458828,0.02184608019888401
201504A,2015,2015-10-31 09:00:00,EYE,13.9,58.3,2,EYE,0.9722353219985962,0.00245432136580348,0.0070302365347743034,0.004098841454833746,0.014181269332766533
201504A,2015,2015-10-31 15:00:00,EYE,13.65,57.55,2,EYE,0.9730789661407471,0.0022767672780901194,0.007665060460567474,0.0033154103439301252,0.01366383396089077
201504A,2015,2015-10-31 21:00:00,EYE,13.65,56.75,2,EYE,0.9748104810714722,0.0016058087348937988,0.00671531492844224,0.002512135077267885,0.01435621827840805
201504A,2015,2015-11-01 04:00:00,EYE,13.55,55.92,2,EYE,0.9555054903030396,0.0017766940873116255,0.011044477112591267,0.005293949972838163,0.026379387825727463
201504A,2015,2015-11-01 09:00:00,EYE,13.65,55.04,2,EYE,0.9718104004859924,0.0023435396142303944,0.005386297591030598,0.003577358555048704,0.016882386058568954
201504A,2015,2015-11-01 15:00:00,EYE,13.55,54.05,2,EYE,0.9735791087150574,0.0030424229335039854,0.005856615956872702,0.0038707542698830366,0.013651094399392605
201504A,2015,2015-11-01 21:00:00,EYE,13.15,53.05,2,EYE,0.9711942672729492,0.003485735272988677,0.00790709350258112,0.004118649289011955,0.013294282369315624
201504A,2015,2015-11-02 03:00:00,EYE,13.25,52.15,2,EYE,0.9728233218193054,0.003722413443028927,0.0059540756046772,0.0032138305250555277,0.014286245219409466
201504A,2015,2015-11-02 09:00:00,EYE,13.35,50.94,2,EYE,0.9693620204925537,0.0036521637812256813,0.008525139652192593,0.0033084333408623934,0.0151522783562541
201504A,2015,2015-11-02 15:00:00,EYE,13.55,50.04,2,EYE,0.9698886871337891,0.0031693654600530863,0.006441332865506411,0.0036641510669142008,0.016836514696478844
201504A,2015,2015-11-03 03:30:00,CRVBND,13.47,48.08,2,CRVBND,0.022406980395317078,0.4382942318916321,0.1582898497581482,0.0890950858592987,0.29191383719444275
201505A,2015,2015-11-05 08:00:00,CRVBND,14.03,64.64,0,CRVBND,0.017894001677632332,0.4658644497394562,0.02671816572546959,0.41736268997192383,0.07216071337461472
201505A,2015,2015-11-05 14:30:00,CRVBND,13.82,63.57,0,CRVBND,0.018430327996611595,0.7735934257507324,0.026091577485203743,0.13851414620876312,0.04337049275636673
201505A,2015,2015-11-06 09:00:00,CRVBND,13.0,61.4,0,CRVBND,0.019784139469265938,0.4300174415111542,0.01758478581905365,0.34514328837394714,0.18747034668922424
201505A,2015,2015-11-06 15:00:00,CRVBND,12.9,60.4,0,CRVBND,0.0245780348777771,0.8619524836540222,0.01349601149559021,0.06905154883861542,0.030921874567866325
201505A,2015,2015-11-07 09:00:00,EMBC,12.8,58.7,0,EMBC,0.28158196806907654,0.0004990396555513144,0.005590831860899925,0.710858941078186,0.0014692405238747597
201505A,2015,2015-11-07 21:00:00,EYE,12.8,56.7,0,EYE,0.8683456778526306,0.01748170331120491,0.012652573175728321,0.004384858068078756,0.09713516384363174
201505A,2015,2015-11-08 03:00:00,EYE,12.65,55.55,0,EYE,0.978968620300293,0.002238108078017831,0.00632677786052227,0.006127044092863798,0.006339482497423887
201505A,2015,2015-11-08 08:00:00,EYE,12.65,54.34,0,EYE,0.9126634001731873,0.0012009559432044625,0.007524336688220501,0.07474798709154129,0.0038632641080766916
201505A,2015,2015-11-09 03:30:00,EMBC,12.25,49.84,0,EMBC,0.010673502460122108,0.13490039110183716,0.04151984676718712,0.7960222959518433,0.01688394881784916
201505A,2015,2015-11-09 09:00:00,IRRCDO,12.3,49.1,0,CRVBND,0.01663643680512905,0.7511789202690125,0.012664851732552052,0.04086167365312576,0.1786581128835678
201505A,2015,2015-11-09 15:00:00,CRVBND,12.5,47.5,0,CRVBND,0.019259804859757423,0.8839576840400696,0.02434733882546425,0.03552815690636635,0.03690705448389053
201505A,2015,2015-11-09 21:00:00,SHEAR,12.9,46.5,0,CRVBND,0.030541423708200455,0.8284351229667664,0.11072985827922821,0.017463328316807747,0.012830330990254879
201601B,2016,2016-05-19 15:00:00,IRRCDO,15.7,83.3,4,CRVBND,0.017124366015195847,0.9101503491401672,0.030823634937405586,0.018143074586987495,0.02375859022140503
201601B,2016,2016-05-19 21:00:00,CRVBND,16.7,84.0,4,CRVBND,0.019659504294395447,0.8502036929130554,0.06298074871301651,0.01819993369281292,0.048956166952848434
201601B,2016,2016-05-20 10:00:00,EMBC,18.93,86.4,4,EMBC,0.042673494666814804,0.10241015255451202,0.009316305629909039,0.7326245903968811,0.11297546327114105
201601B,2016,2016-05-20 15:00:00,CRVBND,19.2,87.6,4,CRVBND,0.010879036970436573,0.8826023936271667,0.023334844037890434,0.007558600977063179,0.07562516629695892
201602A,2016,2016-06-27 09:00:00,CRVBND,21.8,64.4,0,CRVBND,0.04523896425962448,0.45636388659477234,0.027295520529150963,0.1007973775267601,0.3703042268753052
201602A,2016,2016-06-27 15:00:00,IRRCDO,21.7,63.8,0,CRVBND,0.010744970291852951,0.9099417924880981,0.009395075961947441,0.009966040030121803,0.05995211377739906
201602A,2016,2016-06-28 03:00:00,CRVBND,21.2,62.2,0,CRVBND,0.016692398115992546,0.920233964920044,0.03678959235548973,0.005796751007437706,0.020487254485487938
201602A,2016,2016-06-28 09:00:00,CRVBND,20.8,63.4,0,CRVBND,0.020951444283127785,0.6560474634170532,0.09513653069734573,0.014309595339000225,0.21355493366718292
201602A,2016,2016-06-28 15:00:00,SHEAR,20.4,63.3,0,SHEAR,0.007845231331884861,0.005433813668787479,0.9743053317070007,0.007054331246763468,0.005361288320273161
201602A,2016,2016-06-28 21:00:00,SHEAR,20.3,63.2,0,CRVBND,0.04399440065026283,0.5641735792160034,0.34646570682525635,0.007881306111812592,0.037485018372535706
201603B,2016,2016-10-25 04:30:00,EMBC,16.62,90.88,3,EMBC,0.018639463931322098,0.03507671877741814,0.01038368884474039,0.8719793558120728,0.063920758664608
201603B,2016,2016-10-25 11:30:00,EMBC,16.72,90.36,3,EMBC,0.04327331483364105,0.10297278314828873,0.013349734246730804,0.7631554007530212,0.07724878191947937
201603B,2016,2016-10-25 17:30:00,IRRCDO,16.62,90.09,3,CRVBND,0.045407894998788834,0.7932367324829102,0.018273355439305305,0.03268812969326973,0.11039392650127411
201603B,2016,2016-10-26 12:00:00,CRVBND,16.36,86.53,3,CRVBND,0.020898401737213135,0.9033979177474976,0.013253620825707912,0.015248031355440617,0.04720205068588257
201603B,2016,2016-10-26 18:00:00,CRVBND,15.64,85.27,3,CRVBND,0.03247564285993576,0.6247575879096985,0.2543613016605377,0.04041152074933052,0.04799385368824005
201603B,2016,2016-10-27 00:00:00,IRRCDO,15.68,85.27,3,CRVBND,0.032898757606744766,0.7704867720603943,0.17075055837631226,0.008581084199249744,0.017282787710428238
201603B,2016,2016-10-27 04:30:00,CRVBND,15.48,84.55,3,CRVBND,0.03537318855524063,0.9048832654953003,0.02512669377028942,0.004771838430315256,0.029844963923096657
201604B,2016,2016-11-30 03:30:00,IRRCDO,8.95,85.23,2,CRVBND,0.0189654603600502,0.5003066062927246,0.03421603515744209,0.06719741970300674,0.37931448221206665
201604B,2016,2016-11-30 09:00:00,CRVBND,9.5,84.5,2,CRVBND,0.06942477077245712,0.6544552445411682,0.16964545845985413,0.04539888724684715,0.06107565388083458
201604B,2016,2016-11-30 15:00:00,CRVBND,10.1,83.5,2,SHEAR,0.05321025848388672,0.34732383489608765,0.47396498918533325,0.026562456041574478,0.09893849492073059
201604B,2016,2016-11-30 21:00:00,SHEAR,10.2,82.3,2,CRVBND,0.03617934510111809,0.596563458442688,0.31188303232192993,0.01619824208319187,0.03917592018842697
201604B,2016,2016-12-01 03:00:00,SHEAR,10.3,81.4,2,SHEAR,0.004754927940666676,0.024817805737257004,0.9417398571968079,0.00951420608907938,0.019173117354512215
201604B,2016,2016-12-01 09:00:00,SHEAR,10.4,80.9,2,SHEAR,0.010354331694543362,0.0046344478614628315,0.9521785378456116,0.006678434554487467,0.026154350489377975
201604B,2016,2016-12-01 15:00:00,SHEAR,10.6,80.4,2,SHEAR,0.007115944288671017,0.005150095093995333,0.9653767943382263,0.004228433594107628,0.01812877133488655
201604B,2016,2016-12-01 21:00:00,SHEAR,10.75,79.7,2,SHEAR,0.009131585247814655,0.0047349450178444386,0.9256107211112976,0.013693539425730705,0.04682930186390877
201605B,2016,2016-12-07 15:00:00,CRVBND,10.9,91.7,4,CRVBND,0.023792516440153122,0.692934513092041,0.01973751373589039,0.2274450957775116,0.036090269684791565
201605B,2016,2016-12-07 20:30:00,IRRCDO,11.17,92.0,4,EMBC,0.014278525486588478,0.013769573532044888,0.002707863925024867,0.8740825057029724,0.09516157954931259
201605B,2016,2016-12-08 03:30:00,CRVBND,11.63,92.1,4,CRVBND,0.03468713164329529,0.6531855463981628,0.021147243678569794,0.24593998491764069,0.04504004865884781
201605B,2016,2016-12-08 09:00:00,CRVBND,11.4,91.9,4,CRVBND,0.014446419663727283,0.9087487459182739,0.05082372575998306,0.015344520099461079,0.010636620223522186
201605B,2016,2016-12-08 15:00:00,CRVBND,11.7,91.6,4,CRVBND,0.014232807792723179,0.4897482693195343,0.03926195949316025,0.02056335285305977,0.4361935257911682
201605B,2016,2016-12-08 20:30:00,IRRCDO,11.88,91.33,4,EMBC,0.02028178982436657,0.011504999361932278,0.005537324119359255,0.6899919509887695,0.27268391847610474
201605B,2016,2016-12-09 09:00:00,IRRCDO,11.9,90.5,4,IRRCDO,0.009901441633701324,0.05508216470479965,0.004376085475087166,0.03407052531838417,0.8965697884559631
201605B,2016,2016-12-10 02:30:00,EMBC,12.82,87.52,4,EMBC,0.008583142422139645,0.0064490255899727345,0.0021901491563767195,0.9767040014266968,0.006073683965951204
201605B,2016,2016-12-10 15:00:00,EMBC,13.3,85.8,4,EMBC,0.005790646653622389,0.0021807807497680187,0.0015831880737096071,0.9764153361320496,0.01402999460697174
201605B,2016,2016-12-10 21:00:00,EMBC,13.35,83.72,4,EMBC,0.007277939468622208,0.00474087567999959,0.003055884735658765,0.9602283835411072,0.02469680830836296
201605B,2016,2016-12-11 21:00:00,EYE,13.2,82.0,4,EMBC,0.02273624576628208,0.008648586459457874,0.008338354527950287,0.9543761014938354,0.005900659132748842
201605B,2016,2016-12-12 04:00:00,EYE,13.25,80.82,4,EMBC,0.013638515025377274,0.0073560867458581924,0.004089784808456898,0.9308317303657532,0.04408387467265129
201701B,2017,2017-04-15 21:10:00,IRRCDO,15.83,91.72,3,CRVBND,0.030973166227340698,0.8784239888191223,0.016134923323988914,0.012067840434610844,0.062400080263614655
201701B,2017,2017-04-16 03:00:00,IRRCDO,16.8,92.7,3,CRVBND,0.02724856697022915,0.9066345691680908,0.01588413119316101,0.022110244259238243,0.02812252566218376
201701B,2017,2017-04-16 09:10:00,IRRCDO,17.33,93.13,3,CRVBND,0.02642526663839817,0.904289186000824,0.011915496550500393,0.021609671413898468,0.03576036915183067
201701B,2017,2017-04-16 15:40:00,IRRCDO,18.61,93.99,3,CRVBND,0.02208256907761097,0.9168096780776978,0.024892913177609444,0.009344072081148624,0.026870792731642723
201702B,2017,2017-05-28 07:00:00,EMBC,14.68,89.54,2,CRVBND,0.035447679460048676,0.7839038968086243,0.015833940356969833,0.10126467049121857,0.06354980915784836
201702B,2017,2017-05-28 12:10:00,IRRCDO,15.41,90.82,2,EMBC,0.0342869758605957,0.23220613598823547,0.01939784362912178,0.4219525456428528,0.292156457901001
201702B,2017,2017-05-28 18:10:00,IRRCDO,16.62,91.44,2,CRVBND,0.008923538029193878,0.9268327951431274,0.020757267251610756,0.024066466838121414,0.019419921562075615
201702B,2017,2017-05-29 00:10:00,IRRCDO,17.11,91.05,2,CRVBND,0.0620468333363533,0.672173798084259,0.01518744882196188,0.1954604685306549,0.05513141304254532
201702B,2017,2017-05-29 13:10:00,IRRCDO,19.08,91.58,2,EMBC,0.014511853456497192,0.034806184470653534,0.10854969918727875,0.7924174666404724,0.04971479997038841
201702B,2017,2017-05-29 22:40:00,EYE,20.74,91.84,2,EMBC,0.020478006452322006,0.0030873322393745184,0.007195616606622934,0.9433102607727051,0.025928732007741928
201703B,2017,2017-11-30 03:00:00,EMBC,7.7,76.9,3,EMBC,0.04514710232615471,0.006312232930213213,0.022480200976133347,0.8806430101394653,0.04541754350066185
201703A,2017,2017-11-30 08:30:00,EMBC,7.97,76.27,1,EMBC,0.02024872601032257,0.011653956025838852,0.017631392925977707,0.9340648055076599,0.01640111766755581
201703B,2017,2017-11-30 14:30:00,EYE,8.42,74.91,3,EMBC,0.020651401951909065,0.0021648395340889692,0.021595781669020653,0.9253687262535095,0.03021928109228611
201703B,2017,2017-11-30 21:00:00,EMBC,8.7,74.3,3,EMBC,0.008306505158543587,0.0036354782059788704,0.009213320910930634,0.9548760652542114,0.02396862581372261
201703B,2017,2017-12-01 03:00:00,EYE,8.9,73.8,3,EMBC,0.01492841076105833,0.010419156402349472,0.012166623026132584,0.9389013051986694,0.02358446642756462
201703B,2017,2017-12-01 09:30:00,EMBC,8.79,72.28,3,EMBC,0.007621276658028364,0.003993836697191,0.013700464740395546,0.9531412720680237,0.02154315635561943
201703B,2017,2017-12-01 15:30:00,EYE,9.14,72.25,3,EMBC,0.023472486063838005,0.0014621062437072396,0.010752140544354916,0.9467462301254272,0.017567019909620285
201703B,2017,2017-12-01 22:00:00,EYE,9.31,71.67,3,EMBC,0.09603208303451538,0.003899151226505637,0.024243103340268135,0.8357776999473572,0.0400480218231678
201703B,2017,2017-12-02 03:00:00,EYE,9.45,71.45,3,EYE,0.9773061871528625,0.0024521532468497753,0.004971268121153116,0.003941894043236971,0.01132847648113966
201703B,2017,2017-12-02 09:00:00,EYE,10.25,70.65,3,EYE,0.9773201942443848,0.0026869552675634623,0.005097260233014822,0.004911903757601976,0.009983706288039684
201703B,2017,2017-12-03 04:00:00,IRRCDO,12.22,69.04,3,EMBC,0.08358277380466461,0.07928154617547989,0.027211371809244156,0.6464073061943054,0.16351698338985443
201703B,2017,2017-12-03 14:30:00,EMBC,13.05,68.7,3,EMBC,0.014958665706217289,0.013239619322121143,0.012769951485097408,0.9298647046089172,0.0291670523583889
201703B,2017,2017-12-03 21:00:00,EMBC,14.0,68.7,3,EMBC,0.04203369468450546,0.007246657740324736,0.02713801898062229,0.896079421043396,0.027502240613102913
201703B,2017,2017-12-04 04:00:00,EMBC,14.72,68.95,3,EMBC,0.039116986095905304,0.31128984689712524,0.014845293015241623,0.5987322330474854,0.03601563721895218
201703B,2017,2017-12-05 09:00:00,SHEAR,18.7,70.8,3,SHEAR,0.01165179256349802,0.002548603108152747,0.9551859498023987,0.011404882185161114,0.019208822399377823
201703B,2017,2017-12-05 17:00:00,SHEAR,20.03,71.41,3,SHEAR,0.011006240732967854,0.002477737609297037,0.9594643115997314,0.010315852239727974,0.016735820099711418
201704B,2017,2017-12-08 21:00:00,CRVBND,18.7,86.9,0,CRVBND,0.047547731548547745,0.90121990442276,0.014020055532455444,0.008374880068004131,0.0288374200463295
201704B,2017,2017-12-09 03:00:00,CRVBND,19.7,87.0,0,CRVBND,0.010823512449860573,0.9392933249473572,0.020010780543088913,0.0197113249450922,0.010161040350794792
201704B,2017,2017-12-09 09:00:00,SHEAR,19.1,86.9,0,SHEAR,0.00584746478125453,0.0013700670097023249,0.9794225096702576,0.007215722929686308,0.00614421209320426
201704B,2017,2017-12-09 15:00:00,SHEAR,19.7,87.2,0,SHEAR,0.007293446455150843,0.0018351885955780745,0.9658856987953186,0.011029361747205257,0.01395630743354559
201704B,2017,2017-12-09 21:00:00,SHEAR,20.31,87.63,0,SHEAR,0.005977723281830549,0.0011445999843999743,0.9746112823486328,0.007320019882172346,0.010946333408355713
201704B,2017,2017-12-10 03:45:00,SHEAR,21.04,88.26,0,SHEAR,0.0069101834669709206,0.001541569596156478,0.9661444425582886,0.0093364417552948,0.01606736332178116
201801A,2018,2018-05-17 00:00:00,CRVBND,13.21,49.1,2,CRVBND,0.12877458333969116,0.5791959762573242,0.15916846692562103,0.013471225276589394,0.11938977241516113
201801A,2018,2018-05-17 11:00:00,IRRCDO,13.05,48.47,2,EMBC,0.0428706556558609,0.2181115597486496,0.04011499136686325,0.4772181808948517,0.22168461978435516
201801A,2018,2018-05-17 18:00:00,CRVBND,12.7,47.54,2,CRVBND,0.030668659135699272,0.7009440660476685,0.04466381296515465,0.10082951933145523,0.12289392203092575
201801A,2018,2018-05-18 00:00:00,EMBC,12.28,46.59,2,IRRCDO,0.01153438538312912,0.04005008935928345,0.0042671202681958675,0.024565020576119423,0.9195833802223206
201801A,2018,2018-05-18 18:00:00,IRRCDO,11.3,45.1,2,IRRCDO,0.01880185678601265,0.03424149751663208,0.007772661745548248,0.01857246272265911,0.920611560344696
201802A,2018,2018-05-22 06:00:00,CRVBND,9.37,56.87,1,CRVBND,0.023902693763375282,0.9239288568496704,0.017095383256673813,0.014737126417458057,0.02033599279820919
201802A,2018,2018-05-22 12:00:00,CRVBND,10.02,56.99,1,EMBC,0.017891328781843185,0.20928071439266205,0.041644301265478134,0.5871039628982544,0.14407970011234283
201802A,2018,2018-05-23 19:00:00,EMBC,12.67,55.8,1,EMBC,0.011857667937874794,0.0037478567101061344,0.010664144530892372,0.9535276293754578,0.02020259015262127
201802A,2018,2018-05-24 12:30:00,EMBC,14.35,55.26,1,EMBC,0.021687030792236328,0.008836602792143822,0.01755996234714985,0.9342080354690552,0.017708398401737213
201802A,2018,2018-05-24 16:45:00,EYE,14.8,54.78,1,EMBC,0.042524561285972595,0.005380937363952398,0.0128373634070158,0.9250321984291077,0.01422493252903223
201802A,2018,2018-05-24 23:00:00,EMBC,15.34,54.51,1,EYE,0.9449592232704163,0.004096700344234705,0.011192074045538902,0.01922735385596752,0.020524658262729645
201802A,2018,2018-05-25 19:00:00,EYE,16.81,53.77,1,EMBC,0.02797938697040081,0.003002842189744115,0.012062945403158665,0.9442039132118225,0.012750886380672455
201804B,2018,2018-09-20 18:15:00,CRVBND,19.14,85.3,4,CRVBND,0.029820555821061134,0.7936490178108215,0.04363996535539627,0.022663451731204987,0.11022701859474182
201805A,2018,2018-10-08 06:00:00,CRVBND,12.76,61.73,2,CRVBND,0.043216221034526825,0.3782729208469391,0.01274658553302288,0.204641655087471,0.36112263798713684
201805A,2018,2018-10-08 12:00:00,CRVBND,12.53,61.05,2,CRVBND,0.03811352327466011,0.7348311543464661,0.011920719407498837,0.05589528754353523,0.1592392921447754
201805A,2018,2018-10-08 23:00:00,EMBC,12.67,60.87,2,EMBC,0.010950794443488121,0.006085378583520651,0.01095055416226387,0.9315785765647888,0.04043474420905113
201805A,2018,2018-10-09 06:30:00,CRVBND,13.12,60.17,2,EMBC,0.02382544055581093,0.06557770818471909,0.020651964470744133,0.8512566089630127,0.03868824988603592
201805A,2018,2018-10-09 12:00:00,EMBC,13.43,59.67,2,EMBC,0.0226560328155756,0.031306806951761246,0.009128285571932793,0.9125534892082214,0.024355385452508926
201805A,2018,2018-10-09 17:30:00,CRVBND,13.59,59.33,2,EMBC,0.14755119383335114,0.02446356974542141,0.016354361549019814,0.7725961804389954,0.039034705609083176
201805A,2018,2018-10-10 05:30:00,EYE,14.26,58.94,2,EYE,0.7101934552192688,0.009173231199383736,0.0187836941331625,0.22821393609046936,0.03363562747836113
201806B,2018,2018-10-10 06:00:00,EMBC,16.87,85.72,0,EYE,0.9753977656364441,0.003956964705139399,0.007350719068199396,0.005106689408421516,0.008187801577150822
201805A,2018,2018-10-10 12:00:00,CRVBND,14.39,58.69,2,EYE,0.8447378277778625,0.004870317876338959,0.020544666796922684,0.06657566875219345,0.06327154487371445
201806B,2018,2018-10-10 12:00:00,EYE,17.75,85.61,0,EYE,0.9694951176643372,0.0031532130669802427,0.011596151627600193,0.004344755783677101,0.011410747654736042
201805A,2018,2018-10-10 18:00:00,EYE,14.47,58.46,2,EYE,0.9740619659423828,0.0023860945366322994,0.005963652394711971,0.003011016407981515,0.014577261172235012
201806B,2018,2018-10-10 17:15:00,EMBC,18.14,85.19,0,EMBC,0.051525432616472244,0.002116650342941284,0.005703166127204895,0.9389028549194336,0.001751936273649335
201805A,2018,2018-10-10 23:45:00,CRVBND,14.54,58.1,2,CRVBND,0.10472579300403595,0.8105790615081787,0.011676132678985596,0.047908250242471695,0.025110745802521706
201806B,2018,2018-10-10 23:15:00,EMBC,19.0,85.0,0,EYE,0.978539228439331,0.000644350191578269,0.003908827900886536,0.015372078865766525,0.0015354863135144114
201805A,2018,2018-10-11 05:45:00,CRVBND,14.52,57.9,2,CRVBND,0.03125952556729317,0.934657096862793,0.004488017875701189,0.020118150860071182,0.009477180428802967
201805A,2018,2018-10-11 12:15:00,CRVBND,14.37,57.91,2,CRVBND,0.06530419737100601,0.8009740710258484,0.007507760543376207,0.10987020283937454,0.016343705356121063
201805A,2018,2018-10-11 18:15:00,CRVBND,14.53,57.67,2,CRVBND,0.01419319398701191,0.9252001047134399,0.01351427473127842,0.020282242447137833,0.026810195297002792
201805A,2018,2018-10-11 23:45:00,CRVBND,14.53,57.58,2,CRVBND,0.017591679468750954,0.956610918045044,0.006637153215706348,0.007764388807117939,0.011395832523703575
201805A,2018,2018-10-12 06:15:00,CRVBND,14.63,57.2,2,CRVBND,0.04980778321623802,0.8698355555534363,0.009821608662605286,0.008214054629206657,0.062320973724126816
201805A,2018,2018-10-12 12:00:00,CRVBND,14.6,56.99,2,CRVBND,0.019600659608840942,0.9070205092430115,0.012755321338772774,0.007706295698881149,0.05291726440191269
201805A,2018,2018-10-12 18:15:00,CRVBND,14.85,56.16,2,CRVBND,0.023803656920790672,0.5785164833068848,0.1891995370388031,0.010906687937676907,0.1975736916065216
201805A,2018,2018-10-13 00:15:00,SHEAR,14.57,55.76,2,CRVBND,0.0035661389119923115,0.9439470171928406,0.017054131254553795,0.008257411420345306,0.027175316587090492
201805A,2018,2018-10-13 06:15:00,CRVBND,14.6,54.9,2,CRVBND,0.062487296760082245,0.683690071105957,0.19271516799926758,0.011770922690629959,0.0493365079164505
201805A,2018,2018-10-13 12:00:00,CRVBND,14.79,54.31,2,CRVBND,0.004647215828299522,0.9732974171638489,0.006685318890959024,0.006595527287572622,0.008774546906352043
201805A,2018,2018-10-13 18:15:00,CRVBND,15.06,53.55,2,SHEAR,0.02800588309764862,0.21729709208011627,0.6862161755561829,0.030739018693566322,0.037741854786872864
201805A,2018,2018-10-14 00:00:00,CRVBND,15.2,52.9,2,CRVBND,0.01797076314687729,0.8432042002677917,0.06866279989480972,0.02211795374751091,0.04804428294301033
201807B,2018,2018-11-10 20:45:00,IRRCDO,13.2,89.21,3,CRVBND,0.04663560539484024,0.5243494510650635,0.020022323355078697,0.012109161354601383,0.39688342809677124
201807B,2018,2018-11-11 03:15:00,CRVBND,13.41,88.98,3,IRRCDO,0.027157919481396675,0.3123205900192261,0.01741495542228222,0.15559691190719604,0.48750966787338257
201807B,2018,2018-11-11 09:15:00,CRVBND,13.41,88.38,3,CRVBND,0.023148709908127785,0.8694320917129517,0.014951839111745358,0.0560724213719368,0.03639493137598038
201807B,2018,2018-11-11 15:15:00,CRVBND,13.4,87.28,3,CRVBND,0.030930716544389725,0.8987087607383728,0.020305085927248,0.017412355169653893,0.03264303132891655
201807B,2018,2018-11-11 20:45:00,IRRCDO,12.9,86.72,3,IRRCDO,0.04352118447422981,0.4263646900653839,0.010915622115135193,0.04363458976149559,0.4755639135837555
201807B,2018,2018-11-12 02:45:00,CRVBND,12.4,86.91,3,CRVBND,0.033463504165410995,0.9118409156799316,0.025215575471520424,0.007978894747793674,0.021501149982213974
201807B,2018,2018-11-12 08:45:00,CRVBND,12.2,87.21,3,CRVBND,0.02802380733191967,0.9193493723869324,0.018943199887871742,0.013643617741763592,0.020040025934576988
201807B,2018,2018-11-12 15:15:00,CRVBND,12.6,87.49,3,CRVBND,0.023936357349157333,0.9048884510993958,0.019288968294858932,0.014604234136641026,0.03728201985359192
201807B,2018,2018-11-12 21:15:00,CRVBND,13.2,87.59,3,CRVBND,0.06949955224990845,0.4376576244831085,0.021285491064190865,0.10811352729797363,0.3634437918663025
201807B,2018,2018-11-13 03:15:00,CRVBND,13.7,87.18,3,CRVBND,0.030298424884676933,0.8953663110733032,0.014210409484803677,0.021504534408450127,0.03862031176686287
201807B,2018,2018-11-13 09:15:00,CRVBND,13.79,86.07,3,CRVBND,0.052769243717193604,0.8131594061851501,0.02286413311958313,0.07361896336078644,0.0375882089138031
201807B,2018,2018-11-13 15:15:00,EYE,13.39,85.58,3,CRVBND,0.052918076515197754,0.8729404211044312,0.01745327189564705,0.02013484574854374,0.036553408950567245
201807B,2018,2018-11-14 09:00:00,EMBC,12.6,84.5,3,CRVBND,0.03306930139660835,0.8849719166755676,0.016177553683519363,0.026479505002498627,0.039301786571741104
201807B,2018,2018-11-14 15:45:00,EMBC,12.05,83.51,3,CRVBND,0.027733448892831802,0.9176410436630249,0.013108110055327415,0.012087381444871426,0.02942998893558979
201807B,2018,2018-11-15 08:45:00,EMBC,11.21,81.64,3,EMBC,0.02833626978099346,0.0069051156751811504,0.01908480003476143,0.878803014755249,0.06687074154615402
201807B,2018,2018-11-15 15:45:00,EMBC,10.77,80.57,3,EMBC,0.0327349416911602,0.00392903620377183,0.01691342145204544,0.9205067157745361,0.02591591142117977
201807B,2018,2018-11-16 19:45:00,CRVBND,9.7,74.99,3,CRVBND,0.04622329771518707,0.33361807465553284,0.015797270461916924,0.2979772686958313,0.30638405680656433
201807B,2018,2018-11-17 03:15:00,CRVBND,10.11,73.65,3,CRVBND,0.02854720689356327,0.810816764831543,0.019634101539850235,0.02571137808263302,0.11529053747653961
201807B,2018,2018-11-17 10:15:00,CRVBND,9.83,71.96,3,EMBC,0.0122238053008914,0.04817838594317436,0.00830537173897028,0.9039062261581421,0.027386223897337914
201807B,2018,2018-11-17 13:45:00,CRVBND,10.06,71.31,3,CRVBND,0.023310892283916473,0.9033306241035461,0.022168604657053947,0.012294870801270008,0.03889508545398712
201807B,2018,2018-11-18 09:15:00,CRVBND,10.61,68.36,3,CRVBND,0.03755936026573181,0.7588970065116882,0.023801440373063087,0.10045239329338074,0.0792897418141365
201807B,2018,2018-11-18 15:15:00,SHEAR,11.01,67.97,3,CRVBND,0.03336586058139801,0.8874279856681824,0.02968723513185978,0.015919381752610207,0.03359958156943321
201807B,2018,2018-11-18 21:15:00,SHEAR,10.61,67.37,3,SHEAR,0.062317389994859695,0.36236172914505005,0.5112007856369019,0.015051314607262611,0.04906880855560303
201807B,2018,2018-11-19 03:15:00,SHEAR,10.75,66.51,3,CRVBND,0.031062280759215355,0.8798566460609436,0.05207356810569763,0.014678267762064934,0.022329194471240044
201807B,2018,2018-11-19 09:15:00,CRVBND,10.85,65.59,3,CRVBND,0.027540631592273712,0.9080299735069275,0.015510453842580318,0.018733710050582886,0.0301851574331522
201807B,2018,2018-11-19 15:15:00,SHEAR,10.95,64.59,3,CRVBND,0.032612740993499756,0.5588478446006775,0.36523187160491943,0.01615849696099758,0.027149077504873276
201808B,2018,2018-12-15 15:15:00,IRRCDO,10.83,84.88,4,IRRCDO,0.0182245671749115,0.44944658875465393,0.012965804897248745,0.04946810007095337,0.4698949456214905
201808B,2018,2018-12-16 21:00:00,EMBC,14.7,82.1,4,EMBC,0.02542024478316307,0.08420384675264359,0.007475704420357943,0.8459652066230774,0.03693497180938721
201808B,2018,2018-12-17 09:15:00,CRVBND,16.63,82.3,4,CRVBND,0.011818090453743935,0.9079873561859131,0.05864167958498001,0.010646384209394455,0.010906441137194633
201901B,2019,2019-04-27 14:45:00,IRRCDO,6.67,89.32,0,IRRCDO,0.016114171594381332,0.06787995994091034,0.0036943568848073483,0.030263472348451614,0.8820480108261108
201901B,2019,2019-04-27 21:15:00,CRVBND,7.83,88.58,0,CRVBND,0.041894324123859406,0.6904690861701965,0.2484719455242157,0.0047391499392688274,0.014425409026443958
201901B,2019,2019-04-28 02:45:00,CRVBND,7.38,87.92,0,CRVBND,0.15191717445850372,0.5866891145706177,0.0559857040643692,0.033243656158447266,0.17216438055038452
201901B,2019,2019-04-28 09:15:00,EMBC,7.82,87.38,0,CRVBND,0.037142205983400345,0.8661068677902222,0.012191138230264187,0.02043919451534748,0.06412061303853989
201901B,2019,2019-04-28 15:15:00,CRVBND,8.82,86.68,0,CRVBND,0.04715282842516899,0.787187397480011,0.018940238282084465,0.005205302964895964,0.14151427149772644
201901B,2019,2019-04-29 22:15:00,EMBC,11.63,86.84,0,EMBC,0.19618616998195648,0.003022509627044201,0.00935839768499136,0.7892602682113647,0.0021726007107645273
201901B,2019,2019-04-30 08:45:00,EMBC,12.88,85.53,0,EMBC,0.1539282202720642,0.00042208796367049217,0.006594398524612188,0.8376129269599915,0.0014424280961975455
201901B,2019,2019-04-30 20:15:00,EMBC,13.61,84.14,0,EYE,0.4852589964866638,0.001712548779323697,0.008523929864168167,0.18004083633422852,0.32446369528770447
201901B,2019,2019-05-01 04:15:00,EMBC,14.11,83.79,0,IRRCDO,0.09381866455078125,0.00919880997389555,0.013426479883491993,0.338938444852829,0.5446175932884216
201901B,2019,2019-05-01 09:15:00,EYE,14.69,84.18,0,EYE,0.9684098362922668,0.005698609631508589,0.010175916366279125,0.005586843006312847,0.010128899477422237
201901B,2019,2019-05-01 15:15:00,EYE,15.22,84.15,0,EYE,0.9847958087921143,0.00135796086397022,0.004705939907580614,0.004975369665771723,0.004164875950664282
201901B,2019,2019-05-02 03:45:00,EMBC,16.28,84.62,0,EYE,0.9650834798812866,0.0008605198236182332,0.0055685448460280895,0.02625320479273796,0.002234269632026553
201901B,2019,2019-05-02 09:15:00,EYE,17.13,85.01,0,EYE,0.9871093034744263,0.0012460143771022558,0.0038937986828386784,0.0030569930095225573,0.004693880211561918
201901B,2019,2019-05-02 14:45:00,EYE,17.79,85.0,0,EYE,0.9867908358573914,0.0013242722488939762,0.003321439493447542,0.0028771990910172462,0.005686359945684671
201901B,2019,2019-05-02 21:15:00,EYE,18.78,85.32,0,EYE,0.9790216684341431,0.0026453821919858456,0.00651930458843708,0.0048281108029186726,0.006985411047935486
201902A,2019,2019-06-10 14:45:00,IRRCDO,13.68,70.8,2,CRVBND,0.012233879417181015,0.7927047610282898,0.013412047177553177,0.018757358193397522,0.1628919243812561
201902A,2019,2019-06-10 20:45:00,CRVBND,14.17,70.7,2,CRVBND,0.02725186012685299,0.8184349536895752,0.08200520277023315,0.013336707837879658,0.05897124856710434
201902A,2019,2019-06-11 03:45:00,IRRCDO,15.19,70.6,2,CRVBND,0.01638844795525074,0.49912962317466736,0.011096575297415257,0.015710769221186638,0.457674503326416
201902A,2019,2019-06-11 09:15:00,EMBC,15.63,70.9,2,CRVBND,0.008281217887997627,0.9377829432487488,0.012412277981638908,0.014404633082449436,0.027118908241391182
201902A,2019,2019-06-11 14:45:00,EYE,16.72,70.9,2,EMBC,0.02631940133869648,0.1388218253850937,0.022055530920624733,0.49057626724243164,0.32222694158554077
201902A,2019,2019-06-11 20:45:00,IRRCDO,17.47,70.7,2,CRVBND,0.016624273732304573,0.5551124215126038,0.006134773138910532,0.010495675727725029,0.41163280606269836
201902A,2019,2019-06-12 10:15:00,EMBC,18.83,69.99,2,CRVBND,0.0975489392876625,0.4501688778400421,0.038644805550575256,0.24163934588432312,0.1719980388879776
201902A,2019,2019-06-12 16:15:00,IRRCDO,19.52,69.68,2,IRRCDO,0.017245102673768997,0.1000201478600502,0.00496247224509716,0.021651074290275574,0.8561212420463562
201902A,2019,2019-06-13 08:15:00,EYE,20.69,69.29,2,EYE,0.9469597339630127,0.0019545943941920996,0.01107858493924141,0.00868354830890894,0.03132348135113716
201902A,2019,2019-06-13 15:15:00,EYE,20.81,68.97,2,EYE,0.9724571704864502,0.0033347972203046083,0.005886960308998823,0.002360094338655472,0.0159610528498888
201902A,2019,2019-06-14 01:45:00,EMBC,20.94,68.42,2,EMBC,0.18721498548984528,0.08067803829908371,0.027339410036802292,0.651966392993927,0.05280117318034172
201902A,2019,2019-06-14 09:15:00,EYE,20.55,68.39,2,EMBC,0.08167469501495361,0.014759146608412266,0.010180553421378136,0.8795256018638611,0.013859950937330723
201902A,2019,2019-06-14 14:45:00,CRVBND,20.75,68.21,2,EMBC,0.13242477178573608,0.0215903352946043,0.028599422425031662,0.7831980586051941,0.03418736532330513
201902A,2019,2019-06-15 03:15:00,EYE,20.78,66.98,2,EMBC,0.1160895824432373,0.005540781654417515,0.019787803292274475,0.8188558220863342,0.039726052433252335
201902A,2019,2019-06-15 07:45:00,EYE,20.59,67.08,2,EMBC,0.010467464104294777,0.0033920225687325,0.010709777474403381,0.9656838774681091,0.00974695198237896
201902A,2019,2019-06-15 15:15:00,CRVBND,20.81,66.29,2,EMBC,0.06322906166315079,0.05623019486665726,0.049907609820365906,0.8001931309700012,0.030440019443631172
201902A,2019,2019-06-15 20:45:00,IRRCDO,20.7,65.81,2,CRVBND,0.02222578227519989,0.7296444177627563,0.155737966299057,0.0471772663295269,0.045214567333459854
201902A,2019,2019-06-16 03:15:00,CRVBND,21.21,65.3,2,CRVBND,0.009901930578052998,0.6043544411659241,0.11688314378261566,0.01508273184299469,0.2537776827812195
201902A,2019,2019-06-16 08:15:00,IRRCDO,20.76,65.75,2,SHEAR,0.008296061307191849,0.1680803745985031,0.6035628318786621,0.20386448502540588,0.016196219250559807
201902A,2019,2019-06-16 14:45:00,SHEAR,20.68,65.48,2,SHEAR,0.013238116167485714,0.055526696145534515,0.7401633858680725,0.010450192727148533,0.18062159419059753
201902A,2019,2019-06-16 21:15:00,SHEAR,21.01,66.42,2,SHEAR,0.014340241439640522,0.006601463072001934,0.9357377290725708,0.005276322830468416,0.03804426267743111
201902A,2019,2019-06-17 03:15:00,SHEAR,22.12,67.12,2,SHEAR,0.0025419804733246565,0.0003186211979482323,0.9836633205413818,0.0017087636515498161,0.011767306365072727
201902A,2019,2019-06-17 09:15:00,SHEAR,22.67,67.67,2,SHEAR,0.005968475714325905,0.0007531072478741407,0.9665133357048035,0.005224443040788174,0.02154059149324894
201903A,2019,2019-09-23 03:45:00,EMBC,20.3,65.28,1,CRVBND,0.029422234743833542,0.8127040863037109,0.02320868708193302,0.07287780195474625,0.06178710609674454
201903A,2019,2019-09-23 09:15:00,CRVBND,20.2,63.95,1,EYE,0.8609528541564941,0.009768567979335785,0.00851302221417427,0.06569264084100723,0.05507291480898857
201903A,2019,2019-09-23 14:45:00,EMBC,20.2,62.95,1,EMBC,0.01994120515882969,0.021810129284858704,0.01906869374215603,0.8743425011634827,0.06483738124370575
201903A,2019,2019-09-24 01:45:00,EYE,20.13,60.58,1,IRRCDO,0.07300787419080734,0.07276802510023117,0.020511077716946602,0.13003936409950256,0.7036736011505127
201903A,2019,2019-09-24 14:15:00,EMBC,19.9,57.95,1,EMBC,0.0530066080391407,0.007736812345683575,0.013346471823751926,0.8988453149795532,0.027064736932516098
201904A,2019,2019-10-25 12:45:00,EMBC,16.13,71.66,1,EMBC,0.013152994215488434,0.007204524241387844,0.013011888600885868,0.9482410550117493,0.018389539793133736
201904A,2019,2019-10-25 16:45:00,EMBC,16.47,71.75,1,EMBC,0.012883284129202366,0.003750717733055353,0.01151901762932539,0.9494824409484863,0.022364575415849686
201904A,2019,2019-10-25 22:45:00,EMBC,16.57,71.04,1,EMBC,0.020150024443864822,0.003446485148742795,0.010264256969094276,0.9437810182571411,0.022358205169439316
201904A,2019,2019-10-26 07:15:00,EMBC,16.9,70.04,1,EMBC,0.24473170936107635,0.0032463902607560158,0.01690157689154148,0.7117679715156555,0.02335234172642231
201904A,2019,2019-10-26 12:15:00,EYE,16.75,69.49,1,EYE,0.9691007733345032,0.002479536458849907,0.010887364856898785,0.0048984503373503685,0.012633882462978363
201904A,2019,2019-10-26 18:15:00,EYE,16.95,68.86,1,EYE,0.9699627161026001,0.0028323859442025423,0.009726698510348797,0.004327710252255201,0.013150581158697605
201904A,2019,2019-10-27 00:15:00,EYE,17.13,68.22,1,EYE,0.9668439626693726,0.0036809383891522884,0.010030084289610386,0.006116445641964674,0.013328520581126213
201904A,2019,2019-10-27 06:15:00,EYE,17.31,67.39,1,EYE,0.9604014158248901,0.004671572241932154,0.01169746182858944,0.007682404946535826,0.015547119081020355
201904A,2019,2019-10-27 11:45:00,EYE,17.56,66.88,1,EYE,0.9614237546920776,0.004587187897413969,0.011054991744458675,0.007588483858853579,0.015345553867518902
201904A,2019,2019-10-27 18:15:00,EYE,18.0,66.17,1,EYE,0.969002366065979,0.0029757856391370296,0.010839599184691906,0.005177557934075594,0.012004677206277847
201904A,2019,2019-10-28 00:15:00,EYE,18.29,65.44,1,EYE,0.9628773927688599,0.0038978555239737034,0.01120884157717228,0.0067436411045491695,0.015272274613380432
201904A,2019,2019-10-28 06:15:00,EYE,18.38,64.81,1,EYE,0.9659078121185303,0.0037913809064775705,0.010658049955964088,0.006286767777055502,0.013355917297303677
201904A,2019,2019-10-28 12:15:00,EYE,18.61,64.41,1,EYE,0.9616934657096863,0.004646050278097391,0.010674197226762772,0.007119206245988607,0.015867162495851517
201904A,2019,2019-10-28 17:45:00,EYE,18.82,64.01,1,EYE,0.9699077606201172,0.0032884934917092323,0.009321320801973343,0.00468481658026576,0.012797611765563488
201904A,2019,2019-10-29 06:15:00,EYE,19.36,63.27,1,EYE,0.9648218750953674,0.0036954653915017843,0.011133960448205471,0.005766469053924084,0.014582226052880287
201904A,2019,2019-10-29 11:45:00,EYE,19.45,63.01,1,EMBC,0.017313575372099876,0.004444988910108805,0.012373166158795357,0.9524497985839844,0.013418450020253658
201904A,2019,2019-10-29 17:45:00,EMBC,19.53,62.82,1,EMBC,0.012929939664900303,0.009620969183743,0.011547228321433067,0.946691632270813,0.01921030692756176
201904A,2019,2019-10-29 23:15:00,EMBC,19.61,62.51,1,EMBC,0.01858261600136757,0.00867517665028572,0.017365682870149612,0.9276614785194397,0.027715126052498817
201904A,2019,2019-10-30 12:15:00,CRVBND,19.0,61.41,1,CRVBND,0.025566164404153824,0.9207412004470825,0.017944782972335815,0.012351101264357567,0.023396778851747513
201905A,2019,2019-10-30 12:15:00,CRVBND,9.85,74.2,0,CRVBND,0.034661535173654556,0.9151919484138489,0.03066985309123993,0.0067608654499053955,0.012715830467641354
201904A,2019,2019-10-30 18:15:00,SHEAR,18.54,60.89,1,CRVBND,0.046688467264175415,0.7529062628746033,0.14850705862045288,0.01844007894396782,0.03345811739563942
201905A,2019,2019-10-30 18:15:00,CRVBND,10.91,73.44,0,CRVBND,0.07772120088338852,0.8333094716072083,0.06241069361567497,0.01164665911346674,0.014912016689777374
201904A,2019,2019-10-30 23:45:00,CRVBND,18.14,60.49,1,SHEAR,0.04976906254887581,0.3376385569572449,0.543297290802002,0.021466432139277458,0.047828663140535355
201904A,2019,2019-10-31 05:45:00,SHEAR,17.85,60.12,1,CRVBND,0.05446852371096611,0.7000173330307007,0.1709926426410675,0.017123408615589142,0.057398125529289246
201904A,2019,2019-10-31 11:45:00,SHEAR,17.33,59.52,1,CRVBND,0.026153171434998512,0.8332568407058716,0.025267139077186584,0.014472811482846737,0.10085013508796692
201905A,2019,2019-10-31 12:45:00,CRVBND,12.81,72.63,0,CRVBND,0.05004788562655449,0.6116675138473511,0.012407642789185047,0.05978245288133621,0.26609447598457336
201904A,2019,2019-10-31 17:45:00,CRVBND,16.88,59.31,1,SHEAR,0.046699658036231995,0.3805105984210968,0.5029159784317017,0.02956063486635685,0.040313128381967545
201905A,2019,2019-10-31 17:45:00,IRRCDO,13.62,72.31,0,IRRCDO,0.004013759084045887,0.003328446764498949,0.0017958346288651228,0.0013398559531196952,0.9895221590995789
201904A,2019,2019-11-01 00:15:00,CRVBND,16.58,59.1,1,SHEAR,0.01743755303323269,0.021665871143341064,0.9348864555358887,0.011199245229363441,0.014810889028012753
201905A,2019,2019-11-01 00:45:00,CRVBND,15.06,71.72,0,CRVBND,0.07442598044872284,0.5096234679222107,0.024084674194455147,0.13247188925743103,0.25939399003982544
201904A,2019,2019-11-01 05:45:00,SHEAR,16.03,58.62,1,CRVBND,0.049819234758615494,0.4326343238353729,0.41209617257118225,0.07120770215988159,0.0342426523566246
201905A,2019,2019-11-01 06:15:00,CRVBND,15.77,71.09,0,IRRCDO,0.024937134236097336,0.4417273998260498,0.015314468182623386,0.008955071680247784,0.5090659856796265
201904A,2019,2019-11-01 11:45:00,CRVBND,15.38,58.03,1,CRVBND,0.0203244648873806,0.8345358967781067,0.02676236629486084,0.04231894016265869,0.0760582759976387
201905A,2019,2019-11-01 12:45:00,CRVBND,15.82,69.52,0,EMBC,0.058904387056827545,0.08450724929571152,0.05046930909156799,0.7068755626678467,0.09924352914094925
201905A,2019,2019-11-02 13:15:00,CRVBND,16.85,67.56,0,EMBC,0.030421433970332146,0.006516782101243734,0.009644479490816593,0.9501976370811462,0.00321963126771152
201905A,2019,2019-11-02 18:15:00,CRVBND,17.37,67.01,0,CRVBND,0.012372157536447048,0.8958888053894043,0.0078079537488520145,0.057076096534729004,0.026855023577809334
201905A,2019,2019-11-02 23:45:00,CRVBND,17.49,66.47,0,IRRCDO,0.03584086522459984,0.19535678625106812,0.009440023452043533,0.01106697041541338,0.7482954263687134
201905A,2019,2019-11-03 13:15:00,EYE,17.79,65.75,0,EMBC,0.06483209878206253,0.0009312626789323986,0.005685110110789537,0.9278317093849182,0.0007198128150776029
201905A,2019,2019-11-03 17:45:00,EYE,17.99,65.43,0,EYE,0.9697067141532898,0.009463527239859104,0.008969313465058804,0.004023646470159292,0.007836719043552876
201905A,2019,2019-11-03 23:45:00,EYE,18.19,65.05,0,EYE,0.9613023400306702,0.007910768501460552,0.01084272563457489,0.0038766260258853436,0.016067493706941605
201905A,2019,2019-11-04 06:15:00,EYE,18.61,64.32,0,EYE,0.9773474335670471,0.004090914502739906,0.009347609244287014,0.0026855890173465014,0.0065284306183457375
201905A,2019,2019-11-04 11:45:00,EYE,19.0,64.19,0,EYE,0.9822754859924316,0.004087644163519144,0.006365147884935141,0.0020368085242807865,0.005234911572188139
201905A,2019,2019-11-04 17:45:00,EYE,19.44,63.71,0,EYE,0.9802768230438232,0.0035269102081656456,0.008151590824127197,0.0020134171936661005,0.006031234748661518
201905A,2019,2019-11-05 05:45:00,EYE,20.05,64.11,0,EYE,0.6543551683425903,0.05055367574095726,0.012224921956658363,0.17639316618442535,0.1064731553196907
201905A,2019,2019-11-05 11:15:00,EMBC,19.7,64.28,0,EYE,0.7788490653038025,0.0012048442149534822,0.01133797038346529,0.20413589477539062,0.004472180735319853
201905A,2019,2019-11-05 17:45:00,CRVBND,19.8,64.34,0,EMBC,0.04566282778978348,0.01614045724272728,0.025903671979904175,0.664231538772583,0.24806150794029236
201905A,2019,2019-11-05 23:45:00,CRVBND,19.77,65.64,0,IRRCDO,0.04086989909410477,0.3243866562843323,0.02479976788163185,0.244371697306633,0.3655720055103302
201905A,2019,2019-11-06 05:15:00,CRVBND,19.78,67.02,0,CRVBND,0.03993312269449234,0.44877490401268005,0.047893915325403214,0.1314655989408493,0.3319324851036072
201905A,2019,2019-11-06 18:00:00,SHEAR,19.82,68.74,0,SHEAR,0.006570222321897745,0.003021858399733901,0.974175214767456,0.008709577843546867,0.007523141335695982
201905A,2019,2019-11-06 23:45:00,SHEAR,19.12,68.58,0,SHEAR,0.006421685218811035,0.0008791527361609042,0.9787948131561279,0.00545757869258523,0.008446779102087021
201905A,2019,2019-11-07 05:15:00,SHEAR,19.01,68.95,0,SHEAR,0.007328770123422146,0.0014330955455079675,0.9645378589630127,0.009326114319264889,0.017374128103256226
201906A,2019,2019-12-03 09:15:00,CRVBND,6.91,57.09,3,CRVBND,0.03083638846874237,0.8674533367156982,0.021438822150230408,0.04298887774348259,0.03728252649307251
201906A,2019,2019-12-03 15:15:00,SHEAR,7.11,57.39,3,SHEAR,0.021561238914728165,0.018453536555171013,0.9160209894180298,0.013425932265818119,0.030538341030478477
201907A,2019,2019-12-03 15:15:00,CRVBND,13.72,69.98,1,CRVBND,0.03138924390077591,0.8579642176628113,0.03347494825720787,0.02297709695994854,0.054194461554288864
201906A,2019,2019-12-03 20:15:00,CRVBND,7.22,57.33,3,IRRCDO,0.07690789550542831,0.28126972913742065,0.049702756106853485,0.25800803303718567,0.33411166071891785
201907A,2019,2019-12-03 20:45:00,IRRCDO,13.78,69.32,1,EYE,0.5449538230895996,0.31072935461997986,0.04185622185468674,0.025189541280269623,0.07727102935314178
201906A,2019,2019-12-04 02:45:00,EMBC,7.34,57.64,3,CRVBND,0.03854162618517876,0.6039485931396484,0.029086176306009293,0.2530945837497711,0.07532906532287598
201907A,2019,2019-12-04 03:15:00,CRVBND,14.62,69.08,1,CRVBND,0.04853501915931702,0.5697861313819885,0.3062642514705658,0.029637660831212997,0.04577694460749626
201906A,2019,2019-12-04 09:15:00,CRVBND,7.7,57.4,3,EMBC,0.0530490018427372,0.30186569690704346,0.0288851298391819,0.5656722784042358,0.050527844578027725
201907A,2019,2019-12-04 08:45:00,SHEAR,14.88,68.72,1,SHEAR,0.015333103947341442,0.009385424666106701,0.9512898325920105,0.008533632382750511,0.015457959845662117
201906A,2019,2019-12-04 14:45:00,CRVBND,8.38,57.01,3,CRVBND,0.0434391163289547,0.763057291507721,0.10413237661123276,0.041676267981529236,0.04769492521882057
201907A,2019,2019-12-04 15:15:00,SHEAR,14.91,68.18,1,SHEAR,0.011638222262263298,0.0033140205778181553,0.9627060890197754,0.007627307437360287,0.014714309014379978
201906A,2019,2019-12-04 20:45:00,CRVBND,8.95,56.61,3,CRVBND,0.01993425376713276,0.9132818579673767,0.019605640321969986,0.018424903973937035,0.028753360733389854
201907A,2019,2019-12-04 20:45:00,SHEAR,15.09,67.67,1,SHEAR,0.011187039315700531,0.005908401682972908,0.9612244963645935,0.008299527689814568,0.013380510732531548
201906A,2019,2019-12-05 02:45:00,CRVBND,9.69,55.83,3,CRVBND,0.025908051058650017,0.8420286774635315,0.018624067306518555,0.08267998695373535,0.030759194865822792
201906A,2019,2019-12-05 15:00:00,CRVBND,9.3,54.5,3,CRVBND,0.03507007285952568,0.8958313465118408,0.026097523048520088,0.011415827088057995,0.031585242599248886
201906A,2019,2019-12-05 20:45:00,IRRCDO,9.06,53.68,3,CRVBND,0.03624459356069565,0.8519750833511353,0.022301362827420235,0.036400385200977325,0.0530785471200943
201906A,2019,2019-12-06 09:45:00,CRVBND,7.52,51.55,3,CRVBND,0.03840257599949837,0.6868529319763184,0.03053041361272335,0.2083163559436798,0.03589766472578049
201906A,2019,2019-12-06 14:45:00,CRVBND,7.37,51.54,3,CRVBND,0.026339435949921608,0.9251599907875061,0.013638402335345745,0.01503020990639925,0.019831949844956398
201906A,2019,2019-12-06 20:45:00,CRVBND,7.07,50.29,3,CRVBND,0.041331566870212555,0.8815359473228455,0.042958348989486694,0.013417252339422703,0.02075694315135479
202001B,2020,2020-05-17 09:15:00,EMBC,11.72,86.3,4,EMBC,0.03893475979566574,0.05576595664024353,0.0049120597541332245,0.8459093570709229,0.05447790026664734
202001B,2020,2020-05-17 15:15:00,EMBC,12.2,86.76,4,EYE,0.7993320822715759,0.013106036931276321,0.011208991520106792,0.16393619775772095,0.012416678480803967
202001B,2020,2020-05-17 20:45:00,EYE,12.9,86.57,4,EYE,0.9739102125167847,0.003403889946639538,0.006165056489408016,0.00972666870802641,0.006794091779738665
202001B,2020,2020-05-18 02:45:00,EYE,13.33,86.35,4,EYE,0.9746560454368591,0.0037775677628815174,0.005773965269327164,0.010037093423306942,0.005755366757512093
202001B,2020,2020-05-18 08:45:00,EYE,13.65,86.39,4,EYE,0.9803495407104492,0.003269472625106573,0.0056127868592739105,0.005180882755666971,0.005587288178503513
202001B,2020,2020-05-18 15:15:00,EYE,14.53,86.64,4,EYE,0.9433606266975403,0.008357033133506775,0.0088872779160738,0.03323466330766678,0.006160395219922066
202001B,2020,2020-05-18 22:15:00,EMBC,15.36,86.64,4,EMBC,0.030506817623972893,0.0034812644589692354,0.005260153207927942,0.9565784931182861,0.00417317496612668
202001B,2020,2020-05-19 07:45:00,EMBC,16.71,87.1,4,EMBC,0.009458501823246479,0.005882143974304199,0.002751573221758008,0.9746708273887634,0.007236978970468044
202001B,2020,2020-05-19 15:15:00,EMBC,17.91,87.13,4,EMBC,0.008995491079986095,0.0049275122582912445,0.0024121692404150963,0.9733223915100098,0.010342426598072052
202001B,2020,2020-05-20 01:45:00,EMBC,19.62,87.09,4,EMBC,0.008057859726250172,0.0036710547283291817,0.0026342447381466627,0.9808922410011292,0.004744617268443108
202002A,2020,2020-06-02 23:45:00,EYE,17.61,72.23,4,EMBC,0.13751162588596344,0.04111728444695473,0.018258240073919296,0.7814115285873413,0.021701384335756302
202002A,2020,2020-06-03 06:15:00,EYE,18.03,72.74,4,EMBC,0.15309086441993713,0.06329017877578735,0.021054474636912346,0.7434206008911133,0.01914379931986332
202003A,2020,2020-11-22 06:15:00,EYE,10.41,52.43,4,EYE,0.929963231086731,0.020493634045124054,0.009467968717217445,0.02427251636981964,0.01580256037414074
202003A,2020,2020-11-22 11:45:00,EYE,10.32,51.55,4,EYE,0.7550061345100403,0.057193052023649216,0.021403979510068893,0.13527809083461761,0.03111875243484974
202003A,2020,2020-11-23 11:45:00,SHEAR,11.48,48.73,4,SHEAR,0.005252788309007883,0.0009313076734542847,0.9857337474822998,0.004321177955716848,0.0037608982529491186
202003A,2020,2020-11-23 17:45:00,SHEAR,11.58,47.83,4,SHEAR,0.00494390120729804,0.0010020838817581534,0.9857012033462524,0.004668220411986113,0.0036846380680799484
202004B,2020,2020-11-23 18:15:00,CRVBND,10.18,83.67,2,CRVBND,0.03012087382376194,0.6702165007591248,0.21793298423290253,0.004155690316110849,0.07757394015789032
202003A,2020,2020-11-23 23:45:00,CRVBND,11.71,46.73,4,SHEAR,0.005728036165237427,0.005069140810519457,0.9780054688453674,0.004414604045450687,0.0067827655002474785
202004B,2020,2020-11-23 23:45:00,CRVBND,9.97,82.84,2,CRVBND,0.013037553057074547,0.9461780190467834,0.0038263823371380568,0.011603593826293945,0.025354433804750443
202003A,2020,2020-11-24 05:15:00,CRVBND,11.52,46.0,4,SHEAR,0.00679876608774066,0.011809431947767735,0.9648855924606323,0.006137664429843426,0.010368600487709045
202004B,2020,2020-11-25 06:45:00,EMBC,11.29,81.95,2,EMBC,0.086485356092453,0.10382339358329773,0.02385333552956581,0.7613216638565063,0.024516301229596138
202004B,2020,2020-11-25 13:15:00,EMBC,11.72,81.02,2,EMBC,0.03885753080248833,0.3369702994823456,0.011954138986766338,0.5008176565170288,0.11140038818120956
202004B,2020,2020-11-25 18:45:00,IRRCDO,12.09,80.34,2,EMBC,0.028537563979625702,0.03763169050216675,0.019607029855251312,0.8272659182548523,0.08695787191390991
202005B,2020,2020-12-01 19:30:00,EMBC,8.31,83.77,1,CRVBND,0.03030952252447605,0.9124829173088074,0.01808054745197296,0.019766608253121376,0.01936034858226776
202005B,2020,2020-12-02 01:15:00,EMBC,8.61,83.14,1,EMBC,0.01668735407292843,0.01793658174574375,0.022460997104644775,0.9239691495895386,0.018945880234241486
202005B,2020,2020-12-02 11:15:00,CRVBND,9.06,81.7,1,CRVBND,0.017624687403440475,0.9300270676612854,0.013533703982830048,0.009832283481955528,0.02898225747048855
202005B,2020,2020-12-02 17:45:00,CRVBND,8.84,81.55,1,CRVBND,0.02872760407626629,0.9011989831924438,0.022113937884569168,0.014944263733923435,0.03301527351140976
202005B,2020,2020-12-02 22:45:00,EMBC,9.15,80.94,1,EMBC,0.011733239516615868,0.008228891529142857,0.015698838979005814,0.9390760064125061,0.0252631064504385
202005B,2020,2020-12-03 06:45:00,CRVBND,9.2,80.09,1,CRVBND,0.0380399189889431,0.7767870426177979,0.01751251332461834,0.13346125185489655,0.03419924154877663
202005B,2020,2020-12-03 12:00:00,CRVBND,9.22,79.4,1,CRVBND,0.03097454272210598,0.8494136333465576,0.06030566990375519,0.01706618443131447,0.042239874601364136
202005B,2020,2020-12-03 23:45:00,CRVBND,9.4,79.41,1,CRVBND,0.03606612980365753,0.8917418718338013,0.031925786286592484,0.01705748215317726,0.023208685219287872
202005B,2020,2020-12-04 06:15:00,CRVBND,9.3,79.36,1,SHEAR,0.04912915453314781,0.16449624300003052,0.7129158973693848,0.03392213210463524,0.03953658416867256
202005B,2020,2020-12-04 11:45:00,CRVBND,9.3,79.31,1,CRVBND,0.049842797219753265,0.6054521799087524,0.27108442783355713,0.016577061265707016,0.05704357102513313
202005B,2020,2020-12-05 05:15:00,CRVBND,9.0,78.85,1,CRVBND,0.03418245539069176,0.8958561420440674,0.018875082954764366,0.010628372430801392,0.040457937866449356
202101A,2021,2021-05-14 09:45:00,CRVBND,11.96,72.22,1,CRVBND,0.03395760431885719,0.8771411776542664,0.026279499754309654,0.025027556344866753,0.037594154477119446
202101A,2021,2021-05-14 15:15:00,CRVBND,12.22,72.2,1,CRVBND,0.02622988447546959,0.8999441266059875,0.02861792966723442,0.013979041948914528,0.03122897259891033
202101A,2021,2021-05-14 20:15:00,CRVBND,12.32,72.29,1,IRRCDO,0.03804576024413109,0.0212648194283247,0.016213033348321915,0.12701426446437836,0.7974621653556824
202101A,2021,2021-05-15 03:15:00,EMBC,13.03,72.3,1,EMBC,0.015722759068012238,0.010398240759968758,0.0184291061013937,0.933300256729126,0.022149596363306046
202101A,2021,2021-05-15 21:15:00,EMBC,14.93,72.79,1,EMBC,0.016028055921196938,0.0016895991284400225,0.012501045130193233,0.9501427412033081,0.019638551399111748
202101A,2021,2021-05-16 09:15:00,EYE,16.41,72.63,1,EYE,0.970488429069519,0.002856350503861904,0.007443437352776527,0.005664588883519173,0.013547237031161785
202101A,2021,2021-05-16 15:15:00,EYE,17.44,72.28,1,EYE,0.9708607792854309,0.004586227238178253,0.009258272126317024,0.0047526066191494465,0.010542131029069424
202101A,2021,2021-05-16 21:15:00,EYE,18.17,71.75,1,EYE,0.9728948473930359,0.004035058431327343,0.007906324230134487,0.004169536288827658,0.01099419966340065
202101A,2021,2021-05-17 02:45:00,EYE,18.93,71.46,1,EYE,0.9775896668434143,0.0018525957129895687,0.006256683263927698,0.0023663481697440147,0.011934703215956688
202101A,2021,2021-05-17 09:15:00,EYE,20.03,71.35,1,EYE,0.9795569181442261,0.0018606067169457674,0.004913927521556616,0.003220365149900317,0.010448162443935871
202101A,2021,2021-05-17 15:15:00,EYE,20.56,71.39,1,EYE,0.9752203226089478,0.003098192857578397,0.00808000098913908,0.0036785670090466738,0.00992298498749733
202102B,2021,2021-05-24 03:15:00,CRVBND,16.22,89.8,3,CRVBND,0.021421192213892937,0.9262778162956238,0.020654721185564995,0.0053969514556229115,0.026249384507536888
202102B,2021,2021-05-24 08:45:00,CRVBND,17.08,89.91,3,CRVBND,0.023793138563632965,0.9270756840705872,0.025412023067474365,0.005748366937041283,0.017970800399780273
202102B,2021,2021-05-24 15:15:00,CRVBND,17.62,89.09,3,CRVBND,0.024785151705145836,0.48567137122154236,0.0280788354575634,0.0037777796387672424,0.4576868712902069
202102B,2021,2021-05-25 15:15:00,EMBC,20.13,88.08,3,IRRCDO,0.2346593141555786,0.2598012685775757,0.026425950229167938,0.1986321359872818,0.28048133850097656
202103B,2021,2021-09-24 12:10:00,CRVBND,19.01,91.31,2,IRRCDO,0.00967036746442318,0.39221611618995667,0.04583722725510597,0.010248875245451927,0.542027473449707
202103B,2021,2021-09-24 18:15:00,CRVBND,18.66,89.99,2,IRRCDO,0.012406513094902039,0.0923938900232315,0.03726891055703163,0.03022211231291294,0.8277084827423096
202103B,2021,2021-09-25 18:15:00,IRRCDO,18.33,87.61,2,IRRCDO,0.0007591336616314948,0.0008489239262416959,0.00017484577256254852,0.00027756518102250993,0.9979395270347595
202103B,2021,2021-09-26 00:15:00,IRRCDO,18.26,87.32,2,IRRCDO,0.035150196403265,0.16393157839775085,0.018316486850380898,0.08323308080434799,0.6993686556816101
202103B,2021,2021-09-26 06:15:00,EMBC,18.5,85.96,2,IRRCDO,0.008425113745033741,0.004396424628794193,0.006582377944141626,0.10182716697454453,0.8787689208984375
202103A,2021,2021-10-01 00:45:00,EMBC,22.85,64.51,4,EMBC,0.03072066232562065,0.1358506828546524,0.014588448219001293,0.7657070755958557,0.05313314124941826
202103A,2021,2021-10-01 06:15:00,EMBC,23.01,64.26,4,EMBC,0.0235285647213459,0.011663123033940792,0.0063230679370462894,0.9536628127098083,0.004822485614567995
202103A,2021,2021-10-01 12:45:00,EMBC,23.33,63.53,4,EMBC,0.03237168490886688,0.03860941901803017,0.01722293719649315,0.8960873484611511,0.015708595514297485
202103A,2021,2021-10-01 18:15:00,EYE,23.82,63.06,4,EYE,0.9253205060958862,0.013844087719917297,0.014816207811236382,0.019999535754323006,0.026019558310508728
202103A,2021,2021-10-02 00:15:00,CRVBND,23.91,62.39,4,EMBC,0.05594899132847786,0.3581453263759613,0.03196923807263374,0.41216540336608887,0.14177101850509644
202103A,2021,2021-10-02 06:15:00,EYE,24.11,61.69,4,EYE,0.5538731813430786,0.15395468473434448,0.0480661578476429,0.18845166265964508,0.055654313415288925
202103A,2021,2021-10-02 18:15:00,EMBC,24.34,59.76,4,CRVBND,0.0236037764698267,0.6641022562980652,0.1934749186038971,0.07240614295005798,0.04641284793615341
202103A,2021,2021-10-03 00:15:00,CRVBND,24.27,59.43,4,CRVBND,0.015878908336162567,0.7947695255279541,0.07821126282215118,0.07244288921356201,0.038697417825460434
202103A,2021,2021-10-03 06:15:00,EYE,24.3,58.68,4,CRVBND,0.04684590920805931,0.5760518908500671,0.06945151090621948,0.2261369377374649,0.08151379227638245
202104B,2021,2021-11-11 11:45:00,CRVBND,13.19,80.32,3,CRVBND,0.04426322877407074,0.8895042538642883,0.027490967884659767,0.01664690487086773,0.02209467440843582
202105B,2021,2021-12-03 08:45:00,CRVBND,14.48,84.92,4,CRVBND,0.033418383449316025,0.4846247434616089,0.046021126210689545,0.21906565129756927,0.21687015891075134
202105B,2021,2021-12-03 21:15:00,CRVBND,15.13,84.79,4,SHEAR,0.016285086050629616,0.07228124886751175,0.8863697052001953,0.011702355928719044,0.013361642137169838
202105B,2021,2021-12-04 03:15:00,CRVBND,16.03,85.0,4,IRRCDO,0.014035246334969997,0.311477392911911,0.04161807894706726,0.006555256433784962,0.6263140439987183
202105B,2021,2021-12-04 08:15:00,IRRCDO,16.33,84.89,4,IRRCDO,0.005634367931634188,0.0753503143787384,0.007450829725712538,0.011828052811324596,0.8997364044189453
202105B,2021,2021-12-04 15:15:00,CRVBND,16.97,85.03,4,CRVBND,0.022448455914855003,0.6374828815460205,0.23557601869106293,0.021954428404569626,0.08253825455904007
202105B,2021,2021-12-04 21:15:00,CRVBND,17.45,85.19,4,CRVBND,0.03010033629834652,0.47139695286750793,0.30930861830711365,0.027969885617494583,0.16122420132160187
202105B,2021,2021-12-05 09:15:00,CRVBND,20.02,86.56,4,CRVBND,0.026307107880711555,0.6402050256729126,0.07199876010417938,0.18063639104366302,0.0808527022600174
202105B,2021,2021-12-05 14:45:00,IRRCDO,20.61,87.01,4,CRVBND,0.016171200200915337,0.8036066293716431,0.10696776211261749,0.013560298830270767,0.0596940815448761
202201B,2022,2022-03-04 20:45:00,CRVBND,11.1,83.51,2,CRVBND,0.009822527877986431,0.9560900330543518,0.003356943605467677,0.01984012871980667,0.010890277102589607
202201B,2022,2022-03-05 03:15:00,CRVBND,11.91,84.19,2,CRVBND,0.006176493596285582,0.971535325050354,0.0034173214808106422,0.0059354668483138084,0.012935378588736057
202201B,2022,2022-03-05 09:15:00,CRVBND,11.71,83.79,2,CRVBND,0.0195896178483963,0.7878227829933167,0.08030076324939728,0.020333709195256233,0.09195312112569809
202201B,2022,2022-03-05 15:15:00,CRVBND,11.3,83.18,2,SHEAR,0.01888509839773178,0.06435267627239227,0.8405282497406006,0.006821946706622839,0.06941204518079758
202201B,2022,2022-03-05 21:15:00,SHEAR,11.37,82.85,2,SHEAR,0.029417451471090317,0.04164551943540573,0.7972902655601501,0.01103197131305933,0.12061476707458496
202201B,2022,2022-03-06 03:15:00,SHEAR,11.4,82.49,2,SHEAR,0.017489587888121605,0.006643382832407951,0.8774996399879456,0.011670724488794804,0.08669668436050415
202201B,2022,2022-03-06 09:15:00,SHEAR,11.2,81.95,2,SHEAR,0.010290421545505524,0.0009756428771652281,0.9391731023788452,0.007722355425357819,0.041838448494672775
202202B,2022,2022-05-07 09:10:00,IRRCDO,9.92,90.88,0,IRRCDO,0.005061627831310034,0.0027449962217360735,0.0015942512545734644,0.0023628021590411663,0.9882363677024841
202202B,2022,2022-05-08 03:15:00,EMBC,11.43,88.57,0,EMBC,0.007857481017708778,0.0020038685761392117,0.0023579997941851616,0.9839782118797302,0.003802436636760831
202202B,2022,2022-05-08 19:45:00,IRRCDO,13.38,86.62,0,IRRCDO,0.013959803618490696,0.016019079834222794,0.007768212351948023,0.09074760973453522,0.8715053200721741
202202B,2022,2022-05-09 03:45:00,IRRCDO,14.25,85.73,0,EMBC,0.02214243821799755,0.003545474261045456,0.008595048449933529,0.8766067028045654,0.08911038190126419
202202B,2022,2022-05-10 02:15:00,EMBC,14.95,83.75,0,EMBC,0.04577553644776344,0.11019770056009293,0.031210845336318016,0.715392529964447,0.09742335230112076
202202B,2022,2022-05-10 10:15:00,EMBC,15.18,82.02,0,IRRCDO,0.01762443222105503,0.009432001039385796,0.005187632516026497,0.19665777683258057,0.771098256111145
202202B,2022,2022-05-10 20:45:00,CRVBND,15.49,81.11,0,CRVBND,0.09132138639688492,0.7457926869392395,0.041093163192272186,0.013826628215610981,0.10796614736318588
202202B,2022,2022-05-11 02:45:00,EMBC,15.74,80.58,0,EMBC,0.15053938329219818,0.045563895255327225,0.019445063546299934,0.7033417820930481,0.08110985159873962
202202B,2022,2022-05-11 07:45:00,IRRCDO,15.69,81.04,0,IRRCDO,0.03087620809674263,0.14379408955574036,0.011061176657676697,0.18297190964221954,0.6312965750694275
202203A,2022,2022-08-12 08:15:00,CRVBND,21.83,65.7,3,CRVBND,0.03928934782743454,0.8863198757171631,0.036198411136865616,0.018636921420693398,0.01955544389784336
202203A,2022,2022-08-12 15:15:00,SHEAR,22.11,65.49,3,SHEAR,0.02872701920568943,0.1080998033285141,0.8322243094444275,0.013735360465943813,0.017213568091392517
202203A,2022,2022-08-12 21:15:00,SHEAR,22.41,64.59,3,SHEAR,0.01965724118053913,0.004519032780081034,0.939881443977356,0.012953446246683598,0.022988833487033844
202203A,2022,2022-08-13 09:15:00,SHEAR,22.15,63.68,3,SHEAR,0.011430061422288418,0.0015941193560138345,0.9638185501098633,0.009012002497911453,0.01414528302848339
202203A,2022,2022-08-13 15:15:00,SHEAR,22.26,63.77,3,SHEAR,0.012574419379234314,0.0018018061527982354,0.9631814360618591,0.008983109146356583,0.013459200970828533
202203A,2022,2022-08-13 21:15:00,SHEAR,22.41,64.12,3,SHEAR,0.00997581984847784,0.0023112501949071884,0.9596613645553589,0.011319965124130249,0.016731688752770424
202204B,2022,2022-08-19 00:15:00,CRVBND,20.89,89.1,1,CRVBND,0.04536617174744606,0.903374195098877,0.01872556284070015,0.011030251160264015,0.021503929048776627
202204B,2022,2022-08-19 06:45:00,CRVBND,21.05,89.0,1,CRVBND,0.024667657911777496,0.9020611047744751,0.024210026487708092,0.022570403292775154,0.02649075724184513
202204B,2022,2022-08-19 11:15:00,CRVBND,21.35,88.37,1,IRRCDO,0.026630423963069916,0.05542721226811409,0.019365418702363968,0.010670974850654602,0.8879060745239258
202205B,2022,2022-10-23 15:15:00,CRVBND,16.34,88.61,2,CRVBND,0.013999653980135918,0.7559280395507812,0.054989270865917206,0.09352198988199234,0.08156104385852814
202205B,2022,2022-10-23 20:15:00,CRVBND,17.07,88.95,2,CRVBND,0.02267085202038288,0.8316677808761597,0.0037388980854302645,0.07974298298358917,0.06217949092388153
202205B,2022,2022-10-24 01:45:00,CRVBND,18.05,89.31,2,EMBC,0.008519529365003109,0.016735384240746498,0.008327430114150047,0.49163293838500977,0.4747847020626068
202205B,2022,2022-10-24 09:15:00,CRVBND,20.06,89.92,2,EMBC,0.031924810260534286,0.13162179291248322,0.06344721466302872,0.6250461339950562,0.14796003699302673
202205B,2022,2022-10-24 15:15:00,CRVBND,21.76,90.42,2,IRRCDO,0.012141304090619087,0.15872794389724731,0.0866677537560463,0.31341445446014404,0.4290485382080078
202206B,2022,2022-12-08 12:15:00,IRRCDO,10.27,82.87,3,CRVBND,0.049374546855688095,0.5639291405677795,0.022400198504328728,0.14702333509922028,0.2172727882862091
202206B,2022,2022-12-08 18:15:00,EMBC,10.72,82.28,3,CRVBND,0.08792497217655182,0.7328675985336304,0.02424587681889534,0.11107055097818375,0.043890900909900665
202206B,2022,2022-12-09 00:15:00,CRVBND,10.87,81.61,3,EMBC,0.0864960178732872,0.18678662180900574,0.014238239265978336,0.6074399948120117,0.10503910481929779
202206B,2022,2022-12-09 06:15:00,CRVBND,11.32,80.8,3,CRVBND,0.04733668640255928,0.8613038063049316,0.023951958864927292,0.030409447848796844,0.03699804097414017
202206B,2022,2022-12-09 12:15:00,CRVBND,11.63,80.8,3,CRVBND,0.04020238667726517,0.8805403709411621,0.015501050278544426,0.014652682468295097,0.049103520810604095
202206B,2022,2022-12-09 17:45:00,CRVBND,12.25,80.67,3,SHEAR,0.010910428129136562,0.01804712973535061,0.9442112445831299,0.011604895815253258,0.015226230956614017
202207A,2022,2022-12-15 15:15:00,CRVBND,14.21,66.07,4,IRRCDO,0.007005997002124786,0.2244940847158432,0.03321928158402443,0.0034374005626887083,0.7318432331085205
202207A,2022,2022-12-15 21:15:00,SHEAR,14.0,65.27,4,SHEAR,0.0077373492531478405,0.014029830694198608,0.9662726521492004,0.005421370733529329,0.006538763642311096
202207A,2022,2022-12-16 03:15:00,SHEAR,14.01,64.47,4,SHEAR,0.009530081413686275,0.015137385576963425,0.9604288339614868,0.006792848464101553,0.008110839873552322
202207A,2022,2022-12-16 08:45:00,SHEAR,13.6,64.13,4,SHEAR,0.004986035171896219,0.0031289299950003624,0.9840725064277649,0.0037514748983085155,0.004061080049723387
202207A,2022,2022-12-16 15:15:00,SHEAR,13.59,63.39,4,SHEAR,0.0047018518671393394,0.0009008566266857088,0.9868244528770447,0.003854897106066346,0.0037178683560341597
202207A,2022,2022-12-16 21:15:00,SHEAR,13.63,62.77,4,SHEAR,0.004992424510419369,0.0008108506444841623,0.9859111309051514,0.004102485720068216,0.004183114971965551
202207A,2022,2022-12-17 03:15:00,SHEAR,13.78,62.13,4,SHEAR,0.005651881452649832,0.002558136824518442,0.9844308495521545,0.0038537608925253153,0.003505272325128317
202301B,2023,2023-05-11 08:30:00,EMBC,11.65,88.1,1,EMBC,0.046311620622873306,0.009576859883964062,0.023517929017543793,0.9037376046180725,0.016856005415320396
202301B,2023,2023-05-11 14:30:00,EYE,12.25,88.19,1,EMBC,0.014178045094013214,0.013955412432551384,0.025034956634044647,0.9246842861175537,0.022147227078676224
202301B,2023,2023-05-12 09:00:00,EMBC,14.33,88.52,1,EMBC,0.26996758580207825,0.0070400903932750225,0.01669268310070038,0.6840841174125671,0.022215545177459717
202301B,2023,2023-05-12 15:00:00,EYE,14.7,88.59,1,EYE,0.9769565463066101,0.002251239260658622,0.006268055643886328,0.003786585060879588,0.010737639851868153
202301B,2023,2023-05-12 20:30:00,EYE,15.25,88.87,1,EMBC,0.18631693720817566,0.0032079319935292006,0.020275810733437538,0.7693742513656616,0.020825078710913658
202301B,2023,2023-05-13 03:00:00,EMBC,15.0,89.66,1,EMBC,0.33282867074012756,0.0029398140031844378,0.023916423320770264,0.6172751784324646,0.023039884865283966
202301B,2023,2023-05-13 15:30:00,EMBC,17.48,91.15,1,EYE,0.9546031951904297,0.006046912167221308,0.009182154200971127,0.011764640919864178,0.01840313710272312
202301B,2023,2023-05-13 21:30:00,EYE,18.1,91.03,1,EYE,0.9630817770957947,0.0048822201788425446,0.010172907263040543,0.006116689648479223,0.01574639603495598
202302A,2023,2023-06-06 09:00:00,CRVBND,12.0,66.0,0,CRVBND,0.0684700608253479,0.8859243988990784,0.01688714325428009,0.012004991061985493,0.01671348698437214
202302A,2023,2023-06-06 15:30:00,EMBC,12.42,66.0,0,EYE,0.591803789138794,0.007777240592986345,0.01006806269288063,0.1930481642484665,0.1973027139902115
202302A,2023,2023-06-07 16:00:00,IRRCDO,13.75,66.39,0,IRRCDO,0.016158338636159897,0.03713822364807129,0.002630823291838169,0.008884526789188385,0.9351880550384521
202302A,2023,2023-06-08 03:00:00,EYE,13.55,66.81,0,CRVBND,0.019847819581627846,0.627555251121521,0.007707522716373205,0.27079522609710693,0.07409422099590302
202302A,2023,2023-06-08 09:00:00,IRRCDO,14.6,65.69,0,IRRCDO,0.021129939705133438,0.058594197034835815,0.0053744446486234665,0.014193425886332989,0.9007079005241394
202302A,2023,2023-06-08 15:00:00,IRRCDO,14.6,66.0,0,IRRCDO,0.016938762739300728,0.047366511076688766,0.0060281106270849705,0.005462375935167074,0.9242042303085327
202302A,2023,2023-06-09 03:00:00,EMBC,14.8,66.7,0,EMBC,0.042243145406246185,0.012469361536204815,0.021217726171016693,0.7667907476425171,0.15727907419204712
202303B,2023,2023-06-09 09:00:00,SHEAR,19.9,91.7,2,SHEAR,0.007104689255356789,0.030225301161408424,0.9394572377204895,0.006012388039380312,0.01720038428902626
202302A,2023,2023-06-09 15:00:00,IRRCDO,15.7,67.3,0,IRRCDO,0.15385186672210693,0.14647088944911957,0.012601666152477264,0.005928239319473505,0.6811473965644836
202303B,2023,2023-06-09 15:00:00,SHEAR,20.0,91.9,2,SHEAR,0.009493471123278141,0.026698172092437744,0.8901280164718628,0.024270683526992798,0.049409691244363785
202302A,2023,2023-06-09 20:30:00,EMBC,16.37,67.4,0,IRRCDO,0.011270557530224323,0.004652256611734629,0.0038534151390194893,0.058246344327926636,0.9219774603843689
202303B,2023,2023-06-09 21:00:00,CRVBND,20.47,91.85,2,IRRCDO,0.013701401650905609,0.1576177030801773,0.08219552040100098,0.10516031086444855,0.6413251161575317
202302A,2023,2023-06-10 03:00:00,EMBC,16.8,67.4,0,EMBC,0.027416307479143143,0.0006811553030274808,0.0021726014092564583,0.9687315821647644,0.0009983829222619534
202303B,2023,2023-06-10 03:10:00,CRVBND,21.11,91.9,2,CRVBND,0.02340110018849373,0.5999085903167725,0.2888343334197998,0.030740130692720413,0.05711577460169792
202302A,2023,2023-06-10 09:00:00,CRVBND,16.68,69.34,0,CRVBND,0.10680792480707169,0.5252251625061035,0.15987630188465118,0.1427222192287445,0.0653683990240097
202303B,2023,2023-06-10 08:10:00,CRVBND,21.48,91.98,2,SHEAR,0.013881363905966282,0.31010258197784424,0.6133471727371216,0.010833856649696827,0.051835089921951294
202302A,2023,2023-06-10 14:00:00,EMBC,17.44,67.39,0,IRRCDO,0.09495891630649567,0.0010783739853650331,0.006354126613587141,0.07046392560005188,0.8271446228027344
202302A,2023,2023-06-11 02:00:00,SHEAR,19.15,68.86,0,CRVBND,0.044446639716625214,0.7522048354148865,0.14642341434955597,0.013225252740085125,0.043699923902750015
202302A,2023,2023-06-11 08:30:00,EMBC,18.57,67.85,0,EYE,0.7000133395195007,0.0019618389196693897,0.004061036743223667,0.15089045464992523,0.14307335019111633
202302A,2023,2023-06-11 15:00:00,SHEAR,20.58,68.99,0,SHEAR,0.08522361516952515,0.04014602303504944,0.7972584962844849,0.017354443669319153,0.060017481446266174
202302A,2023,2023-06-12 02:00:00,EMBC,19.47,67.63,0,EMBC,0.009708631783723831,0.0013521922519430518,0.00975088868290186,0.9778634905815125,0.0013247611932456493
202302A,2023,2023-06-12 08:00:00,EYE,19.67,67.15,0,EMBC,0.02006962150335312,0.0009113723644986749,0.016244497150182724,0.9605557322502136,0.0022188343573361635
202302A,2023,2023-06-12 15:00:00,EYE,20.0,67.09,0,EYE,0.9770141243934631,0.0038637618999928236,0.006920169107615948,0.00614806218072772,0.006053897086530924
202302A,2023,2023-06-13 15:00:00,EMBC,21.5,66.4,0,EMBC,0.04614999517798424,0.016891758888959885,0.013094752095639706,0.918597936630249,0.005265551619231701
202302A,2023,2023-06-13 21:00:00,CRVBND,21.8,66.8,0,EYE,0.5910063982009888,0.018768928945064545,0.004666815046221018,0.021313071250915527,0.3642447292804718
202302A,2023,2023-06-14 09:00:00,CRVBND,21.7,66.4,0,CRVBND,0.018374210223555565,0.8976293802261353,0.010635658167302608,0.06281082332134247,0.0105499979108572
202302A,2023,2023-06-14 15:00:00,SHEAR,22.2,66.9,0,CRVBND,0.126725971698761,0.574114978313446,0.17985540628433228,0.04996467009186745,0.06933897733688354
202302A,2023,2023-06-14 21:00:00,CRVBND,22.4,66.8,0,CRVBND,0.023261766880750656,0.9299846887588501,0.012123539112508297,0.023840341717004776,0.01078958623111248
202302A,2023,2023-06-15 03:00:00,SHEAR,22.8,67.0,0,CRVBND,0.019831005483865738,0.9482057094573975,0.013171877712011337,0.01270405575633049,0.006087287329137325
202302A,2023,2023-06-15 09:00:00,CRVBND,22.9,67.4,0,CRVBND,0.02064989134669304,0.9343379139900208,0.013139753602445126,0.019099975004792213,0.012772534973919392
202302A,2023,2023-06-15 15:00:00,CRVBND,23.1,68.3,0,CRVBND,0.041592422872781754,0.7174795269966125,0.022414693608880043,0.19156034290790558,0.026953015476465225
202304B,2023,2023-08-01 00:00:00,CRVBND,20.63,91.78,4,SHEAR,0.023393940180540085,0.14534121751785278,0.7875469326972961,0.020592594519257545,0.023125356063246727
202304B,2023,2023-08-01 06:00:00,SHEAR,21.53,91.07,4,CRVBND,0.027948491275310516,0.5635839104652405,0.3232114911079407,0.036976300179958344,0.0482797734439373
202305A,2023,2023-10-21 15:30:00,EYE,11.25,56.95,3,EYE,0.9680744409561157,0.004144096281379461,0.008988626301288605,0.004910991992801428,0.013881712220609188
202305A,2023,2023-10-21 21:00:00,EYE,11.68,56.07,3,EYE,0.9713497757911682,0.002693353919312358,0.007036722730845213,0.005798253230750561,0.013121879659593105
202305A,2023,2023-10-22 03:00:00,EYE,12.4,55.42,3,EYE,0.9656198620796204,0.0045450422912836075,0.00788112822920084,0.0056199138052761555,0.016334043815732002
202305A,2023,2023-10-22 09:00:00,EYE,13.1,54.37,3,EYE,0.9651197791099548,0.005146924871951342,0.007521835155785084,0.004926917143166065,0.017284471541643143
202305A,2023,2023-10-22 15:00:00,EYE,13.63,54.05,3,EYE,0.9733397364616394,0.0032814987935125828,0.006675428245216608,0.003552315989509225,0.013151124119758606
202305A,2023,2023-10-22 21:00:00,EYE,14.0,53.6,3,EYE,0.9673352241516113,0.003855632385239005,0.006055484060198069,0.006122346501797438,0.016631321981549263
202305A,2023,2023-10-23 09:30:00,SHEAR,14.59,50.79,3,SHEAR,0.046246156096458435,0.35853999853134155,0.5406749248504639,0.017066555097699165,0.03747240826487541
202305A,2023,2023-10-23 15:00:00,EYE,15.48,52.44,3,CRVBND,0.049074891954660416,0.8229876756668091,0.023626171052455902,0.05034820735454559,0.05396305397152901
202306B,2023,2023-10-24 03:00:00,EMBC,20.0,89.5,1,EMBC,0.022045768797397614,0.004492423962801695,0.011984808370471,0.9440385103225708,0.0174384918063879
202306B,2023,2023-10-24 08:30:00,EMBC,20.65,90.73,1,EMBC,0.03519695997238159,0.207774817943573,0.038268379867076874,0.6387903690338135,0.07996946573257446
202306B,2023,2023-10-24 15:00:00,EMBC,21.1,91.5,1,EMBC,0.009267396293580532,0.009926926344633102,0.00905193667858839,0.9561913013458252,0.01556243933737278
202307B,2023,2023-11-17 00:00:00,CRVBND,20.26,88.86,3,CRVBND,0.023235226050019264,0.8361882567405701,0.022658605128526688,0.01080957893282175,0.10710833221673965
202307B,2023,2023-11-17 06:00:00,SHEAR,21.11,89.53,3,SHEAR,0.010134795680642128,0.0012044869363307953,0.9533398747444153,0.013581361621618271,0.021739566698670387
202308B,2023,2023-12-03 03:00:00,CRVBND,11.67,82.36,2,CRVBND,0.11172784864902496,0.7111029028892517,0.011174454353749752,0.1388435661792755,0.027151234447956085
202308B,2023,2023-12-03 09:00:00,CRVBND,12.0,82.5,2,CRVBND,0.03109193779528141,0.9236644506454468,0.004277282394468784,0.021694950759410858,0.019271332770586014
202308B,2023,2023-12-03 14:30:00,CRVBND,12.56,82.42,2,CRVBND,0.14274689555168152,0.5173332095146179,0.025157494470477104,0.28584739565849304,0.028914980590343475
202308B,2023,2023-12-03 20:00:00,CRVBND,12.98,82.14,2,EMBC,0.19093813002109528,0.1177750751376152,0.02138201892375946,0.540793240070343,0.12911149859428406
202308B,2023,2023-12-04 03:00:00,CRVBND,13.7,81.1,2,CRVBND,0.17288823425769806,0.49015793204307556,0.023385168984532356,0.24141351878643036,0.07215521484613419
202401B,2024,2024-05-25 18:30:00,CRVBND,18.87,89.1,0,CRVBND,0.04535031318664551,0.7267664670944214,0.03887549042701721,0.009493798948824406,0.17951397597789764
202401B,2024,2024-05-26 00:00:00,CRVBND,19.34,89.01,0,CRVBND,0.022056153044104576,0.8030133247375488,0.007035343442112207,0.010783652774989605,0.15711157023906708
202401B,2024,2024-05-26 06:00:00,CRVBND,20.53,88.61,0,CRVBND,0.0441674180328846,0.440403014421463,0.02823352999985218,0.4235534369945526,0.06364261358976364
202401B,2024,2024-05-26 12:00:00,CRVBND,21.02,88.89,0,IRRCDO,0.013487635180354118,0.029530368745326996,0.005197420250624418,0.018248731270432472,0.9335358142852783
202402A,2024,2024-08-30 06:00:00,CRVBND,23.55,67.77,1,CRVBND,0.0214597936719656,0.9034682512283325,0.03967304900288582,0.010841923765838146,0.024556979537010193
202402A,2024,2024-08-30 12:00:00,CRVBND,23.55,66.86,1,CRVBND,0.03428267315030098,0.7821306586265564,0.1394549310207367,0.02285682037472725,0.021274905651807785
202402A,2024,2024-08-30 18:00:00,CRVBND,23.93,66.04,1,CRVBND,0.032843708992004395,0.8330186605453491,0.08326856791973114,0.01904822513461113,0.03182079643011093
202402A,2024,2024-08-31 00:00:00,CRVBND,23.42,65.58,1,CRVBND,0.014664548449218273,0.9383404850959778,0.023731190711259842,0.010795078240334988,0.012468700297176838
202402A,2024,2024-08-31 06:00:00,CRVBND,23.64,64.9,1,CRVBND,0.025256164371967316,0.8938632607460022,0.02687070704996586,0.016421042382717133,0.03758885711431503
202402A,2024,2024-08-31 12:00:00,CRVBND,23.29,64.12,1,IRRCDO,0.043987907469272614,0.06972659379243851,0.02734368108212948,0.006269236095249653,0.8526725769042969
202402A,2024,2024-08-31 18:00:00,CRVBND,23.14,63.44,1,CRVBND,0.07906946539878845,0.5098500847816467,0.04513120278716087,0.013180266134440899,0.35276898741722107
202402A,2024,2024-09-01 00:00:00,CRVBND,23.11,62.61,1,CRVBND,0.025025345385074615,0.9073850512504578,0.019155319780111313,0.017720995470881462,0.030713248997926712
202402A,2024,2024-09-01 06:00:00,SHEAR,22.37,62.06,1,CRVBND,0.04816863685846329,0.4809860289096832,0.40754199028015137,0.027522487565875053,0.035780902951955795
202402A,2024,2024-09-01 12:00:00,SHEAR,22.2,61.54,1,CRVBND,0.03736252710223198,0.820207953453064,0.08407606184482574,0.013283711858093739,0.045069705694913864
202402A,2024,2024-09-01 18:00:00,SHEAR,21.68,61.6,1,SHEAR,0.012781628407537937,0.0022820159792900085,0.9630314707756042,0.007949094288051128,0.013955839909613132
202402A,2024,2024-09-01 22:30:00,SHEAR,21.33,61.45,1,SHEAR,0.013088918291032314,0.0035021414514631033,0.9593703746795654,0.008588897064328194,0.015449725091457367
202403B,2024,2024-10-23 13:00:00,IRRCDO,17.4,88.93,4,CRVBND,0.017895566299557686,0.8350232243537903,0.044400960206985474,0.014804018661379814,0.08787626773118973
202403B,2024,2024-10-24 00:30:00,EMBC,18.76,88.42,4,CRVBND,0.02167275920510292,0.559005618095398,0.02239869348704815,0.04239775240421295,0.3545251786708832
202403B,2024,2024-10-24 05:30:00,CRVBND,20.74,89.03,4,CRVBND,0.017036762088537216,0.5534913539886475,0.018005428835749626,0.027610324323177338,0.38385602831840515
202403B,2024,2024-10-25 00:30:00,IRRCDO,20.82,86.87,4,CRVBND,0.016179509460926056,0.5083640217781067,0.023850098252296448,0.014990515075623989,0.436615914106369
202404B,2024,2024-11-30 09:30:00,CRVBND,12.4,80.78,2,IRRCDO,0.016345515847206116,0.04892079904675484,0.012972034513950348,0.20200833678245544,0.7197533249855042
202404B,2024,2024-11-30 15:00:00,CRVBND,12.4,80.5,2,IRRCDO,0.015103206038475037,0.049197208136320114,0.010453317314386368,0.2063513845205307,0.718894898891449
202404B,2024,2024-11-30 21:00:00,IRRCDO,12.2,80.1,2,IRRCDO,0.015950944274663925,0.048744216561317444,0.01593131758272648,0.17081290483474731,0.7485606670379639
202501B,2025,2025-10-01 12:00:00,SHEAR,16.52,86.27,3,SHEAR,0.013620457611978054,0.0038339535240083933,0.9524285793304443,0.011944700963795185,0.01817237213253975
202501B,2025,2025-10-01 18:00:00,SHEAR,17.49,86.08,3,SHEAR,0.016228802502155304,0.02358585223555565,0.9415415525436401,0.005248582921922207,0.013395192101597786
202501B,2025,2025-10-02 00:00:00,CRVBND,17.33,85.26,3,CRVBND,0.03732150420546532,0.875364363193512,0.029883673414587975,0.009735406376421452,0.0476951040327549
202501B,2025,2025-10-02 06:00:00,CRVBND,17.72,84.84,3,IRRCDO,0.0258902907371521,0.33253371715545654,0.03732398897409439,0.01826130971312523,0.5859906673431396
202502A,2025,2025-10-03 05:30:00,CRVBND,21.65,66.85,0,CRVBND,0.17809592187404633,0.42777177691459656,0.07272070646286011,0.25104770064353943,0.07036386430263519
202502A,2025,2025-10-03 12:30:00,IRRCDO,21.97,66.4,0,EMBC,0.12136974930763245,0.05532752349972725,0.03555706515908241,0.724507212638855,0.06323844194412231
202502A,2025,2025-10-03 18:00:00,IRRCDO,22.01,65.84,0,EMBC,0.0729040876030922,0.031216567382216454,0.02451637014746666,0.5570042729377747,0.3143587112426758
202502A,2025,2025-10-04 00:00:00,CRVBND,22.15,64.68,0,EMBC,0.013718957081437111,0.014846083708107471,0.026318952441215515,0.9408457279205322,0.004270289093255997
202502A,2025,2025-10-04 06:00:00,CRVBND,22.03,64.25,0,EYE,0.48951369524002075,0.19030101597309113,0.05080142244696617,0.25128963589668274,0.01809421181678772
202502A,2025,2025-10-04 12:00:00,EMBC,21.7,63.5,0,EYE,0.8018893599510193,0.00841902568936348,0.015074499882757664,0.12835538387298584,0.04626178368926048
202502A,2025,2025-10-04 17:00:00,IRRCDO,21.13,62.92,0,IRRCDO,0.06995058059692383,0.029113030061125755,0.039976682513952255,0.3815454840660095,0.47941428422927856
202502A,2025,2025-10-05 05:30:00,EMBC,20.82,60.91,0,IRRCDO,0.01713251881301403,0.046178288757801056,0.02629103884100914,0.10799562931060791,0.8024024963378906
202502A,2025,2025-10-05 18:00:00,CRVBND,19.79,60.34,0,CRVBND,0.04032372683286667,0.5036460161209106,0.0446946918964386,0.06970718502998352,0.34162840247154236
202502A,2025,2025-10-06 00:00:00,SHEAR,19.66,60.01,0,SHEAR,0.01097582932561636,0.007921389304101467,0.9428378939628601,0.019222481176257133,0.01904238946735859
202502A,2025,2025-10-06 06:00:00,SHEAR,19.76,60.77,0,SHEAR,0.008296464569866657,0.0021944327745586634,0.9690448045730591,0.007225878071039915,0.013238439336419106
202502A,2025,2025-10-06 12:00:00,SHEAR,19.76,60.39,0,SHEAR,0.007434694096446037,0.003098828950896859,0.9716492891311646,0.009383157826960087,0.008433980867266655
202502A,2025,2025-10-06 18:00:00,SHEAR,19.52,60.22,0,SHEAR,0.007353255059570074,0.0029591454658657312,0.9695534110069275,0.010548954829573631,0.009585177525877953
202502A,2025,2025-10-06 22:30:00,SHEAR,19.42,60.27,0,SHEAR,0.007372308522462845,0.0028590436559170485,0.9559912085533142,0.010994821786880493,0.02278251014649868
202503B,2025,2025-10-26 18:00:00,CRVBND,11.85,85.68,1,CRVBND,0.02282312884926796,0.9065880179405212,0.028179163113236427,0.009163359180092812,0.033246349543333054
202503B,2025,2025-10-27 00:00:00,CRVBND,11.67,84.9,1,CRVBND,0.05373794585466385,0.6797278523445129,0.036797236651182175,0.03784977272152901,0.19188715517520905
202503B,2025,2025-10-27 06:00:00,CRVBND,13.16,84.8,1,CRVBND,0.032156381756067276,0.7156780362129211,0.05138794705271721,0.010787577368319035,0.18999014794826508
202503B,2025,2025-10-27 13:00:00,IRRCDO,13.4,83.94,1,IRRCDO,0.00782964937388897,0.007287324871867895,0.005172074772417545,0.009148475714027882,0.9705625176429749
202503B,2025,2025-10-27 18:00:00,CRVBND,13.9,83.57,1,CRVBND,0.02014552615582943,0.8017734885215759,0.03381301462650299,0.023859236389398575,0.12040876597166061
202503B,2025,2025-10-27 23:30:00,IRRCDO,14.75,83.15,1,IRRCDO,0.027329569682478905,0.0625951811671257,0.024560296908020973,0.12895651161670685,0.7565584182739258
202503B,2025,2025-10-28 06:00:00,CRVBND,15.12,82.72,1,EMBC,0.016924766823649406,0.04698646068572998,0.027383850887417793,0.5265746116638184,0.38213032484054565
202503B,2025,2025-10-28 12:00:00,CRVBND,15.82,82.2,1,CRVBND,0.034573622047901154,0.47179529070854187,0.13548161089420319,0.2546085715293884,0.10354086011648178
202503B,2025,2025-10-28 17:00:00,CRVBND,16.41,81.75,1,IRRCDO,0.017487086355686188,0.3216731548309326,0.035380769520998,0.011268281377851963,0.6141907572746277
202504B,2025,2025-11-25 20:00:00,EMBC,4.95,98.02,2,CRVBND,0.02097201719880104,0.7661996483802795,0.010504555888473988,0.1155785545706749,0.08674527704715729
202505B,2025,2025-11-27 09:00:00,CRVBND,7.2,82.0,1,EMBC,0.06373325735330582,0.07979608327150345,0.02964138798415661,0.7999310493469238,0.026898201555013657
202505B,2025,2025-11-29 03:00:00,SHEAR,9.6,80.8,1,SHEAR,0.01225908100605011,0.002686029765754938,0.9604660868644714,0.008296135812997818,0.016292722895741463
202505B,2025,2025-11-29 09:00:00,SHEAR,10.2,80.8,1,SHEAR,0.01923370733857155,0.01495558861643076,0.9332947134971619,0.012474192306399345,0.020041802898049355
202505B,2025,2025-11-29 15:00:00,SHEAR,10.4,80.8,1,SHEAR,0.012465013191103935,0.003642410971224308,0.9613357186317444,0.008881308138370514,0.013675549998879433
202505B,2025,2025-11-29 21:00:00,SHEAR,10.7,80.8,1,SHEAR,0.015057274140417576,0.003970155492424965,0.9529410004615784,0.010330806486308575,0.017700769007205963
202505B,2025,2025-11-30 03:00:00,SHEAR,11.15,80.8,1,SHEAR,0.012662755325436592,0.0036397939547896385,0.9627393484115601,0.008135548792779446,0.012822471559047699
202505B,2025,2025-11-30 09:00:00,SHEAR,11.65,80.8,1,SHEAR,0.012320814654231071,0.0027672676369547844,0.9630838632583618,0.008892165496945381,0.012935884296894073
202505B,2025,2025-11-30 15:00:00,SHEAR,12.16,80.8,1,SHEAR,0.012080765329301357,0.0054949866607785225,0.9575679898262024,0.008478784933686256,0.01637737825512886
