storm,season,time,scene,lat,lon,fold,pred,p_EYE,p_CRVBND,p_SHEAR,p_EMBC,p_IRRCDO
200501B,2005,2005-01-09 01:00:00,EMBC,5.55,84.16,1,CRVBND,0.023881500586867332,0.928212583065033,0.010133682750165462,0.0036104514729231596,0.034161753952503204
200501B,2005,2005-01-09 07:00:00,CRVBND,5.63,83.3,1,CRVBND,0.005621962249279022,0.9459574818611145,0.0038662066217511892,0.0071410262025892735,0.037413232028484344
200501B,2005,2005-01-09 11:30:00,SHEAR,6.35,83.3,1,CRVBND,0.0315144844353199,0.8152934312820435,0.004078333266079426,0.03896556794643402,0.11014819890260696
200501B,2005,2005-01-09 18:00:00,CRVBND,6.5,83.33,1,CRVBND,0.00450481241568923,0.9719632863998413,0.003934182692319155,0.001441753120161593,0.01815592311322689
200501B,2005,2005-01-10 00:00:00,SHEAR,6.69,83.7,1,CRVBND,0.05261615291237831,0.5408443808555603,0.320115864276886,0.0032725518103688955,0.08315101265907288
200501B,2005,2005-01-10 05:30:00,CRVBND,6.72,83.07,1,CRVBND,0.017555007711052895,0.921684980392456,0.021756142377853394,0.004539836198091507,0.0344640389084816
200501B,2005,2005-01-10 18:00:00,CRVBND,6.58,82.25,1,CRVBND,0.029699048027396202,0.8951972723007202,0.007538818754255772,0.007567759603261948,0.059997133910655975
200501B,2005,2005-01-10 23:30:00,SHEAR,6.66,82.17,1,CRVBND,0.020745309069752693,0.9264516234397888,0.008706568740308285,0.002094124909490347,0.04200248047709465
200502B,2005,2005-01-14 21:30:00,CRVBND,5.05,87.05,2,IRRCDO,0.027228418737649918,0.017372138798236847,0.015573535114526749,0.10607024282217026,0.8337557315826416
200502B,2005,2005-01-15 02:00:00,CRVBND,5.05,86.92,2,IRRCDO,0.0019699118565768003,0.04165216162800789,0.0071717193350195885,0.0010619000531733036,0.9481443166732788
200502B,2005,2005-01-15 15:00:00,CRVBND,4.89,86.53,2,IRRCDO,0.0026325294747948647,0.08429128676652908,0.017257455736398697,0.0013166859280318022,0.8945019245147705
200502B,2005,2005-01-15 21:00:00,CRVBND,4.61,86.4,2,CRVBND,0.011781482957303524,0.7765404582023621,0.05850452557206154,0.02042185328900814,0.13275165855884552
200502B,2005,2005-01-16 03:00:00,IRRCDO,4.49,86.14,2,CRVBND,0.02313903532922268,0.616561233997345,0.23785461485385895,0.030607108026742935,0.09183799475431442
200502B,2005,2005-01-16 15:00:00,SHEAR,4.63,86.2,2,CRVBND,0.01969909481704235,0.852022647857666,0.0927034392952919,0.022555800154805183,0.013018999248743057
200502B,2005,2005-01-16 20:30:00,IRRCDO,5.23,85.69,2,CRVBND,0.008380562998354435,0.7942218780517578,0.06282069534063339,0.014064638875424862,0.12051224708557129
200502B,2005,2005-01-17 03:00:00,CRVBND,4.61,85.12,2,CRVBND,0.0161337461322546,0.7595651149749756,0.08582422882318497,0.025282101705670357,0.11319483071565628
200502B,2005,2005-01-17 08:30:00,SHEAR,4.55,84.96,2,SHEAR,0.014796252362430096,0.21231558918952942,0.7520750761032104,0.009668760001659393,0.011144313029944897
200502B,2005,2005-01-17 15:00:00,IRRCDO,4.69,84.9,2,CRVBND,0.008677560836076736,0.5059762001037598,0.39084550738334656,0.0802985429763794,0.014202150516211987
200502B,2005,2005-01-17 21:00:00,CRVBND,5.03,84.96,2,CRVBND,0.02717643976211548,0.4189165532588959,0.22920912504196167,0.03097713179886341,0.29372063279151917
200505B,2005,2005-11-28 02:00:00,IRRCDO,11.22,89.63,3,IRRCDO,0.003405553288757801,0.12456239014863968,0.002004194539040327,0.008914941921830177,0.8611130118370056
200505B,2005,2005-11-28 09:00:00,CRVBND,10.25,88.46,3,CRVBND,0.006710460409522057,0.8800023198127747,0.004380180966109037,0.013589642010629177,0.09531739354133606
200505B,2005,2005-11-28 15:00:00,IRRCDO,10.25,87.41,3,IRRCDO,0.007116119842976332,0.10543885082006454,0.038572102785110474,0.027921071276068687,0.8209517598152161
200505B,2005,2005-11-28 20:00:00,IRRCDO,10.35,86.57,3,CRVBND,0.006981462240219116,0.5473542809486389,0.0004320727603044361,0.04503712058067322,0.40019506216049194
200505B,2005,2005-11-29 09:00:00,CRVBND,11.75,85.2,3,CRVBND,0.018983280286192894,0.8983942270278931,0.015142889693379402,0.05407620593905449,0.01340334303677082
200505B,2005,2005-11-29 15:00:00,CRVBND,12.05,84.45,3,CRVBND,0.03488030657172203,0.8771455883979797,0.047768935561180115,0.007991502992808819,0.032213643193244934
200505B,2005,2005-11-29 21:00:00,EMBC,12.35,83.77,3,CRVBND,0.0066010551527142525,0.9075080752372742,0.001361532835289836,0.011228881776332855,0.07330048829317093
200505B,2005,2005-11-30 02:00:00,EMBC,12.6,83.27,3,CRVBND,0.011454932391643524,0.627103865146637,0.0021502398885786533,0.27343037724494934,0.08586058020591736
200505B,2005,2005-11-30 09:00:00,CRVBND,12.69,84.01,3,IRRCDO,0.010871400125324726,0.39956918358802795,0.001520718215033412,0.14666879177093506,0.441369891166687
200505B,2005,2005-11-30 14:30:00,CRVBND,12.87,83.64,3,CRVBND,0.039828088134527206,0.6430395841598511,0.21411991119384766,0.05433539301156998,0.04867712780833244
200505B,2005,2005-11-30 22:00:00,CRVBND,12.58,83.7,3,CRVBND,0.002956527518108487,0.8969408869743347,0.0014511705376207829,0.07487192004919052,0.023779530078172684
200505B,2005,2005-12-01 09:00:00,IRRCDO,12.89,83.68,3,CRVBND,0.0074871680699288845,0.5684617161750793,0.004257080145180225,0.04015525057911873,0.37963876128196716
200505B,2005,2005-12-01 15:00:00,SHEAR,12.89,83.33,3,CRVBND,0.037601619958877563,0.684629499912262,0.17900767922401428,0.011512192897498608,0.0872490331530571
200505B,2005,2005-12-01 21:00:00,SHEAR,13.47,82.28,3,CRVBND,0.01592043787240982,0.9047580361366272,0.011109218001365662,0.012646590359508991,0.055565737187862396
200505B,2005,2005-12-02 03:00:00,CRVBND,13.67,81.78,3,CRVBND,0.04421974718570709,0.5790444612503052,0.14377786219120026,0.05266503244638443,0.18029287457466125
200505B,2005,2005-12-02 09:00:00,CRVBND,13.91,81.24,3,CRVBND,0.023161793127655983,0.8663060665130615,0.02124459482729435,0.01592213287949562,0.07336540520191193
200505B,2005,2005-12-02 15:00:00,CRVBND,14.14,80.71,3,CRVBND,0.04078495502471924,0.8090204000473022,0.01851973868906498,0.012459148652851582,0.1192157119512558
200506B,2005,2005-12-06 06:00:00,CRVBND,11.44,88.89,0,CRVBND,0.0060395170003175735,0.9251651167869568,0.04288511723279953,0.013073529116809368,0.01283664908260107
200506B,2005,2005-12-06 18:00:00,EMBC,12.2,87.1,0,IRRCDO,0.011409887112677097,0.009360055439174175,0.04099855199456215,0.12806148827075958,0.8101701140403748
200506B,2005,2005-12-07 01:00:00,EMBC,11.67,86.96,0,CRVBND,0.017415445297956467,0.8818989396095276,0.03053206391632557,0.047776252031326294,0.022377222776412964
200506B,2005,2005-12-10 06:00:00,EMBC,11.48,79.83,0,CRVBND,0.014473645947873592,0.6986324787139893,0.03496262803673744,0.005793452262878418,0.246137797832489
200506B,2005,2005-12-10 12:00:00,SHEAR,10.6,79.7,0,CRVBND,0.010888980701565742,0.7221508622169495,0.2375129759311676,0.011321603320538998,0.018125582486391068
200506B,2005,2005-12-10 18:00:00,SHEAR,10.33,79.28,0,CRVBND,0.014261052012443542,0.6632730960845947,0.30812180042266846,0.00923418253660202,0.005109917372465134
200506B,2005,2005-12-11 05:00:00,SHEAR,9.62,78.71,0,SHEAR,0.012901564128696918,0.1561315953731537,0.811074435710907,0.004541807807981968,0.015350529924035072
200507B,2005,2005-12-17 06:00:00,SHEAR,7.54,83.11,1,CRVBND,0.006491936277598143,0.9745458364486694,0.006166865583509207,0.002249165903776884,0.010546163655817509
200507B,2005,2005-12-17 12:00:00,CRVBND,8.64,82.85,1,CRVBND,0.02654491737484932,0.9076881408691406,0.013625095598399639,0.011929867789149284,0.04021190106868744
200507B,2005,2005-12-17 18:00:00,CRVBND,8.9,82.4,1,CRVBND,0.027053121477365494,0.41874319314956665,0.03429679572582245,0.31019487977027893,0.20971201360225677
200507B,2005,2005-12-18 06:00:00,CRVBND,10.4,82.7,1,CRVBND,0.0040885224007070065,0.9752453565597534,0.0029132873751223087,0.0035644867457449436,0.014188382774591446
200507B,2005,2005-12-18 12:00:00,CRVBND,10.7,82.43,1,CRVBND,0.018480904400348663,0.8473266959190369,0.019859418272972107,0.0035514156334102154,0.11078160256147385
200507B,2005,2005-12-19 07:00:00,CRVBND,11.96,82.68,1,IRRCDO,0.010111949406564236,0.00887481588870287,0.0020809120032936335,0.002020152984187007,0.9769120812416077
200507B,2005,2005-12-19 11:00:00,EMBC,11.88,82.6,1,IRRCDO,0.016818277537822723,0.3429887592792511,0.003111062105745077,0.004810944199562073,0.6322709321975708
200507B,2005,2005-12-19 18:00:00,EMBC,12.2,82.5,1,IRRCDO,0.008800407871603966,0.41146793961524963,0.0016334940446540713,0.008263352327048779,0.5698347687721252
200507B,2005,2005-12-20 00:00:00,SHEAR,11.05,83.79,1,CRVBND,0.01971368119120598,0.8692615032196045,0.07273488491773605,0.003390967147424817,0.03489898145198822
200507B,2005,2005-12-20 06:00:00,SHEAR,11.18,83.65,1,CRVBND,0.013370737433433533,0.950481653213501,0.007016001734882593,0.0021786815486848354,0.026952940970659256
200507B,2005,2005-12-20 12:00:00,EMBC,11.3,83.7,1,CRVBND,0.017854545265436172,0.7683965563774109,0.01257274579256773,0.0024163455236703157,0.19875982403755188
200507B,2005,2005-12-20 18:00:00,IRRCDO,12.18,84.44,1,CRVBND,0.18536993861198425,0.4229910671710968,0.0466361902654171,0.0038632701616734266,0.3411395847797394
200507B,2005,2005-12-20 23:00:00,EMBC,12.53,84.41,1,CRVBND,0.01156668458133936,0.9556066989898682,0.007693284656852484,0.0033368091098964214,0.021796511486172676
200507B,2005,2005-12-21 06:00:00,SHEAR,12.05,84.55,1,CRVBND,0.1441679149866104,0.7986920475959778,0.036326777189970016,0.0013627441367134452,0.01945050060749054
200507B,2005,2005-12-21 13:00:00,CRVBND,12.58,84.61,1,CRVBND,0.027923233807086945,0.8594987988471985,0.004518329631537199,0.008670073002576828,0.09938950836658478
200507B,2005,2005-12-21 18:00:00,SHEAR,11.63,84.8,1,CRVBND,0.06538353115320206,0.5491646528244019,0.01656302995979786,0.004476141184568405,0.3644126355648041
200507B,2005,2005-12-22 00:00:00,SHEAR,12.1,85.1,1,CRVBND,0.025059618055820465,0.8791841268539429,0.06178651377558708,0.0009007352055050433,0.03306903690099716
200507B,2005,2005-12-22 06:00:00,SHEAR,13.45,86.3,1,CRVBND,0.017606202512979507,0.9108386635780334,0.00932757742702961,0.0024575325660407543,0.05977009981870651
200507B,2005,2005-12-22 12:00:00,SHEAR,14.42,87.19,1,IRRCDO,0.06785573065280914,0.029517458751797676,0.012077619321644306,0.0005040146061219275,0.890045166015625
200507B,2005,2005-12-22 18:00:00,CRVBND,15.18,87.93,1,CRVBND,0.007291270419955254,0.9648841023445129,0.0011562122963368893,0.0071332273073494434,0.019535139203071594
200601A,2006,2006-01-14 06:00:00,CRVBND,6.9,74.7,0,CRVBND,0.0038729088846594095,0.9767574667930603,0.006573110353201628,0.007722756825387478,0.005073712207376957
200601A,2006,2006-01-14 12:00:00,SHEAR,7.27,73.84,0,CRVBND,0.01404262613505125,0.7556158304214478,0.2000948041677475,0.0086359279230237,0.02161085233092308
200601A,2006,2006-01-14 17:00:00,SHEAR,7.47,73.06,0,SHEAR,0.004655878990888596,0.01164562813937664,0.9767684936523438,0.0020858251955360174,0.004844253417104483
200601A,2006,2006-01-15 00:00:00,SHEAR,8.55,69.25,0,SHEAR,0.003621345851570368,0.0027137943543493748,0.9883408546447754,0.002414508955553174,0.0029094915371388197
200601A,2006,2006-01-15 06:00:00,SHEAR,9.18,67.82,0,SHEAR,0.0046453350223600864,0.002864066045731306,0.9860281944274902,0.002206898992881179,0.004255537874996662
200601A,2006,2006-01-15 12:00:00,SHEAR,9.78,66.42,0,SHEAR,0.010693471878767014,0.02289430983364582,0.9532605409622192,0.006657871883362532,0.006493753753602505
200601A,2006,2006-01-15 17:00:00,SHEAR,10.25,65.28,0,SHEAR,0.005285840481519699,0.012392980046570301,0.9739075899124146,0.0032497409265488386,0.005163834895938635
200602B,2006,2006-04-25 09:00:00,IRRCDO,10.23,89.55,2,EMBC,0.0221249982714653,0.2972337007522583,0.011887201108038425,0.5181618332862854,0.15059231221675873
200602B,2006,2006-04-25 21:00:00,CRVBND,10.6,89.59,2,EYE,0.4540005922317505,0.07573384791612625,0.0216904915869236,0.31738361716270447,0.13119147717952728
200602B,2006,2006-04-26 09:00:00,CRVBND,10.77,90.98,2,CRVBND,0.01128003653138876,0.9373689889907837,0.015580760315060616,0.017773622646927834,0.01799653470516205
200602B,2006,2006-04-26 20:00:00,EMBC,12.48,90.82,2,IRRCDO,0.005968376528471708,0.0020207941997796297,0.002016868442296982,0.01725352741777897,0.9727404117584229
200602B,2006,2006-04-27 04:00:00,EMBC,12.77,90.78,2,EYE,0.7823246717453003,0.012277789413928986,0.02169392816722393,0.1603621244430542,0.023341476917266846
200602B,2006,2006-04-27 15:00:00,EMBC,13.22,89.84,2,EMBC,0.11047877371311188,0.011675971560180187,0.006413011346012354,0.8566471934318542,0.014785085804760456
200602B,2006,2006-04-27 21:00:00,EMBC,14.24,90.45,2,EMBC,0.06453438103199005,0.0025354637764394283,0.005364455282688141,0.9178057909011841,0.009759859181940556
200603B,2006,2006-07-03 00:00:00,CRVBND,19.85,85.65,4,CRVBND,0.03142021968960762,0.6029344797134399,0.008704039268195629,0.3310159146785736,0.02592531591653824
200603B,2006,2006-07-03 04:30:00,CRVBND,19.74,85.16,4,CRVBND,0.014782272279262543,0.9330810904502869,0.01683184877038002,0.015843071043491364,0.019461739808321
200604A,2006,2006-09-21 15:00:00,CRVBND,19.84,66.19,3,IRRCDO,0.01637265458703041,0.11875644326210022,0.030973447486758232,0.2703074812889099,0.5635899305343628
200604A,2006,2006-09-22 09:00:00,EMBC,20.13,66.43,3,EMBC,0.0036089112982153893,0.0007262839353643358,0.003903464414179325,0.9871551990509033,0.004606160335242748
200604A,2006,2006-09-22 15:00:00,EYE,20.48,66.68,3,EYE,0.9317411184310913,0.0021010120399296284,0.017442110925912857,0.008710719645023346,0.04000500962138176
200604A,2006,2006-09-23 09:00:00,CRVBND,20.75,67.18,3,CRVBND,0.002095296047627926,0.9598977565765381,0.0015355154173448682,0.00715106725692749,0.02932032383978367
200604A,2006,2006-09-23 15:00:00,CRVBND,20.8,67.33,3,CRVBND,0.007095200475305319,0.782538115978241,0.009710381738841534,0.03531460836529732,0.16534167528152466
200604A,2006,2006-09-23 21:00:00,CRVBND,20.43,66.98,3,CRVBND,0.023631352931261063,0.856328547000885,0.041186150163412094,0.012221261858940125,0.06663262099027634
200604A,2006,2006-09-24 03:00:00,CRVBND,20.68,67.56,3,CRVBND,0.009721020236611366,0.8969874978065491,0.014733538962900639,0.009590612724423409,0.06896734982728958
200605B,2006,2006-09-29 03:00:00,CRVBND,19.12,85.1,2,IRRCDO,0.011044728569686413,0.4199204444885254,0.008581711910665035,0.009264515712857246,0.5511886477470398
200701B,2007,2007-05-14 07:00:00,EMBC,17.19,91.54,2,CRVBND,0.0970485731959343,0.4544857442378998,0.019143342971801758,0.39898189902305603,0.03034038282930851
200702A,2007,2007-06-02 06:00:00,EMBC,15.27,67.34,4,EMBC,0.01814914494752884,0.008867146447300911,0.010088913142681122,0.9540798664093018,0.008814914152026176
200702A,2007,2007-06-02 16:30:00,CRVBND,15.36,66.77,4,EMBC,0.014605864882469177,0.003635915694758296,0.012173779308795929,0.6140540242195129,0.35553041100502014
200702A,2007,2007-06-03 00:30:00,EMBC,15.42,66.39,4,IRRCDO,0.05034048110246658,0.1199641153216362,0.02626408077776432,0.21915075182914734,0.5842805504798889
200702A,2007,2007-06-03 19:00:00,EYE,18.15,65.87,4,EYE,0.9417123794555664,0.0030106469057500362,0.012705911882221699,0.022276785224676132,0.020294303074479103
200702A,2007,2007-06-04 00:00:00,EYE,18.56,65.43,4,EYE,0.9638705849647522,0.00415261834859848,0.008792073465883732,0.008690877817571163,0.014493724331259727
200702A,2007,2007-06-04 06:00:00,EYE,19.27,64.81,4,EYE,0.9613934755325317,0.004853514954447746,0.008783193305134773,0.007906880229711533,0.01706303469836712
200702A,2007,2007-06-04 12:00:00,EYE,20.01,64.15,4,EYE,0.9616817831993103,0.004971669986844063,0.009914487600326538,0.0068823955953121185,0.016549600288271904
200702A,2007,2007-06-04 18:00:00,EYE,20.44,63.27,4,EYE,0.9665822982788086,0.004349798895418644,0.008888328447937965,0.005489789880812168,0.0146898552775383
200702A,2007,2007-06-05 00:00:00,EMBC,20.89,62.54,4,EYE,0.6865693926811218,0.004508505575358868,0.024680200964212418,0.25472357869148254,0.029518336057662964
200702A,2007,2007-06-05 06:00:00,EMBC,21.38,61.73,4,EYE,0.9631810784339905,0.0024466875474900007,0.010370088741183281,0.009579050354659557,0.01442308072000742
200702A,2007,2007-06-06 07:00:00,EMBC,23.07,59.4,4,EMBC,0.00886674877256155,0.003817988093942404,0.013376083225011826,0.9575153589248657,0.016423819586634636
200702A,2007,2007-06-06 18:00:00,CRVBND,24.25,58.99,4,CRVBND,0.01760915108025074,0.8263850212097168,0.014779934659600258,0.11974840611219406,0.021477535367012024
200702A,2007,2007-06-07 00:00:00,CRVBND,25.25,58.4,4,CRVBND,0.013934053480625153,0.9193910956382751,0.03245219215750694,0.012099801562726498,0.02212279662489891
200702A,2007,2007-06-07 06:00:00,SHEAR,25.6,58.0,4,SHEAR,0.02012179233133793,0.06467624753713608,0.8762650489807129,0.025902703404426575,0.01303425244987011
200702A,2007,2007-06-07 12:00:00,SHEAR,25.96,57.63,4,SHEAR,0.00827318336814642,0.003666281932964921,0.9663255214691162,0.010760952718555927,0.010974093340337276
200703B,2007,2007-06-21 15:00:00,SHEAR,16.35,83.25,2,IRRCDO,0.012255042791366577,0.19826528429985046,0.3363746404647827,0.007120934780687094,0.4459840655326843
200703B,2007,2007-06-21 20:30:00,CRVBND,16.81,82.24,2,IRRCDO,0.0015760095557197928,0.017056230455636978,0.006361211650073528,0.0016246362356469035,0.9733818769454956
200703B,2007,2007-06-22 03:00:00,CRVBND,15.62,80.9,2,CRVBND,0.0048585194163024426,0.9049739241600037,0.03511662408709526,0.017524298280477524,0.03752652183175087
200703B,2007,2007-06-22 09:00:00,CRVBND,15.44,80.03,2,CRVBND,0.006409032270312309,0.9437820911407471,0.02080216258764267,0.009940452873706818,0.019066225737333298
200703B,2007,2007-06-25 09:00:00,CRVBND,23.07,66.83,2,CRVBND,0.007289554458111525,0.9145460724830627,0.021789347752928734,0.007052329368889332,0.049322694540023804
200703B,2007,2007-06-25 15:00:00,CRVBND,23.77,65.93,2,CRVBND,0.017570827156305313,0.808687686920166,0.09838026016950607,0.024363704025745392,0.050997521728277206
200704B,2007,2007-06-28 17:00:00,IRRCDO,18.77,86.06,4,IRRCDO,0.031812429428100586,0.06732489168643951,0.023427840322256088,0.18752942979335785,0.6899054050445557
200705A,2007,2007-10-28 03:00:00,CRVBND,10.65,66.05,0,CRVBND,0.004354120697826147,0.8885006308555603,0.011092825792729855,0.003306977916508913,0.09274552017450333
200705A,2007,2007-10-28 09:00:00,CRVBND,10.7,65.55,0,CRVBND,0.004535838961601257,0.833358883857727,0.045263417065143585,0.004723845981061459,0.11211802065372467
200705A,2007,2007-10-28 15:00:00,CRVBND,11.45,65.85,0,CRVBND,0.01414044015109539,0.9046235680580139,0.03709021583199501,0.00380762480199337,0.04033811762928963
200705A,2007,2007-10-28 21:00:00,CRVBND,11.5,65.65,0,CRVBND,0.004707898944616318,0.8867956399917603,0.07226787507534027,0.029989637434482574,0.006238909903913736
200705A,2007,2007-10-29 03:00:00,SHEAR,11.26,66.33,0,CRVBND,0.007153394632041454,0.8863356113433838,0.0916924774646759,0.008346565067768097,0.0064719440415501595
200705A,2007,2007-10-29 09:00:00,CRVBND,11.21,66.13,0,CRVBND,0.08581473678350449,0.5073612332344055,0.07045961171388626,0.07929791510105133,0.2570665180683136
200705A,2007,2007-10-29 15:00:00,CRVBND,10.93,66.85,0,CRVBND,0.013505456037819386,0.4734935164451599,0.03429417312145233,0.006455802824348211,0.4722509980201721
200705A,2007,2007-10-29 21:00:00,CRVBND,11.0,66.33,0,CRVBND,0.006284669041633606,0.9018875956535339,0.048144977539777756,0.013123011216521263,0.030559800565242767
200705A,2007,2007-10-30 03:00:00,SHEAR,11.11,66.14,0,CRVBND,0.01612260937690735,0.7550547122955322,0.12033601105213165,0.041521765291690826,0.06696490943431854
200705A,2007,2007-10-30 09:00:00,SHEAR,11.0,65.62,0,SHEAR,0.01816522516310215,0.21194081008434296,0.7161977291107178,0.022803762927651405,0.030892442911863327
200705A,2007,2007-10-30 15:30:00,SHEAR,11.32,64.91,0,SHEAR,0.021635575219988823,0.17542073130607605,0.5385248064994812,0.1746351718902588,0.08978373557329178
200705A,2007,2007-10-30 21:30:00,CRVBND,11.41,64.54,0,CRVBND,0.031918130815029144,0.5041300654411316,0.35593605041503906,0.05343710258603096,0.054578643292188644
200705A,2007,2007-10-31 03:30:00,SHEAR,11.86,63.92,0,SHEAR,0.011902148835361004,0.04246442764997482,0.8720225691795349,0.011618919670581818,0.061991993337869644
200705A,2007,2007-10-31 09:00:00,SHEAR,12.28,63.35,0,SHEAR,0.00343515002168715,0.0011698950547724962,0.9907612204551697,0.001381500856950879,0.00325224781408906
200705A,2007,2007-10-31 21:30:00,SHEAR,13.67,61.45,0,SHEAR,0.0035904631949961185,0.0011678168084472418,0.9904553294181824,0.0014175532851368189,0.0033688407856971025
200705A,2007,2007-11-01 03:00:00,SHEAR,14.5,59.98,0,SHEAR,0.003653771709650755,0.0012230545980855823,0.990295946598053,0.0014108204049989581,0.0034163871314376593
200705A,2007,2007-11-01 09:30:00,SHEAR,14.52,58.79,0,SHEAR,0.0037348291371017694,0.001285587321035564,0.9899937510490417,0.0014485648134723306,0.003537195036187768
200705A,2007,2007-11-01 15:00:00,SHEAR,14.67,57.96,0,SHEAR,0.0037842055317014456,0.0012797437375411391,0.9898695349693298,0.0014633913524448872,0.003603053977712989
200706B,2007,2007-11-12 00:00:00,EMBC,10.78,90.87,3,EMBC,0.01722589321434498,0.27174052596092224,0.01826099492609501,0.6702024340629578,0.022570159286260605
200706B,2007,2007-11-12 05:30:00,EMBC,10.93,90.58,3,EMBC,0.157492995262146,0.004521150607615709,0.03178012743592262,0.7879238724708557,0.01828191429376602
200706B,2007,2007-11-12 12:00:00,EYE,11.07,90.37,3,EYE,0.9588655233383179,0.001957273343577981,0.01295627560466528,0.004420795012265444,0.021800102666020393
200706B,2007,2007-11-12 18:00:00,EYE,11.55,90.06,3,EYE,0.9538881778717041,0.0015642524231225252,0.01589987240731716,0.008136977441608906,0.0205107182264328
200706B,2007,2007-11-13 00:00:00,EYE,11.96,89.92,3,EYE,0.9617335200309753,0.002954073017463088,0.013161344453692436,0.0027727812994271517,0.019378269091248512
200706B,2007,2007-11-13 05:30:00,EYE,12.51,89.78,3,EYE,0.7856106162071228,0.002601572312414646,0.02609747275710106,0.14463451504707336,0.0410558320581913
200706B,2007,2007-11-13 18:00:00,EYE,13.75,89.55,3,EYE,0.9557693600654602,0.00465107848867774,0.013287842273712158,0.005357760936021805,0.020933901891112328
200706B,2007,2007-11-13 23:30:00,EYE,14.31,89.53,3,EYE,0.9640322923660278,0.0015221004141494632,0.013040662743151188,0.006429137662053108,0.014975852333009243
200706B,2007,2007-11-14 06:30:00,EYE,14.99,89.41,3,EYE,0.9661799073219299,0.0017772207502275705,0.012649795971810818,0.004620465915650129,0.014772594906389713
200706B,2007,2007-11-14 12:30:00,EYE,15.83,89.34,3,EYE,0.9668259024620056,0.0024852007627487183,0.012791723012924194,0.0015555237187072635,0.016341643407940865
200706B,2007,2007-11-14 18:30:00,EYE,16.68,89.22,3,EYE,0.9619406461715698,0.0018710828153416514,0.01229200791567564,0.002892362652346492,0.0210038460791111
200706B,2007,2007-11-14 23:30:00,EYE,17.66,89.3,3,EYE,0.9534371495246887,0.0032342823687940836,0.01325005292892456,0.0040883696638047695,0.02599003165960312
200706B,2007,2007-11-15 06:30:00,EYE,19.48,89.25,3,EYE,0.963445782661438,0.001965984934940934,0.01129330974072218,0.0036659587640315294,0.019628798589110374
200706B,2007,2007-11-15 11:30:00,EYE,20.89,89.59,3,EYE,0.9706023931503296,0.001245628111064434,0.009966070763766766,0.0032939447555691004,0.01489194668829441
200801B,2008,2008-04-28 14:30:00,EMBC,12.94,85.3,0,EYE,0.8983332514762878,0.01568872295320034,0.02386060543358326,0.04921349883079529,0.012903918512165546
200801B,2008,2008-04-28 21:30:00,EMBC,13.33,85.3,0,EMBC,0.01933056302368641,0.0033171377144753933,0.007517773192375898,0.9651134610176086,0.004721005447208881
200801B,2008,2008-04-29 09:30:00,EMBC,13.58,85.69,0,CRVBND,0.022951412945985794,0.8628316521644592,0.04567072167992592,0.04473452270030975,0.02381169982254505
200801B,2008,2008-04-29 20:30:00,IRRCDO,13.74,86.68,0,IRRCDO,0.011241511441767216,0.012250362895429134,0.01967601664364338,0.009046191349625587,0.9477859735488892
200801B,2008,2008-04-30 20:30:00,EMBC,15.39,88.45,0,EMBC,0.019095394760370255,0.0008543996955268085,0.012141904793679714,0.9646098613739014,0.0032984146382659674
200801B,2008,2008-05-01 09:30:00,EMBC,15.9,90.29,0,EMBC,0.07950589060783386,0.011766822077333927,0.016682732850313187,0.8885359168052673,0.003508589928969741
200801B,2008,2008-05-01 15:30:00,EMBC,15.86,91.24,0,EYE,0.9018641114234924,0.00829346664249897,0.021580033004283905,0.050452690571546555,0.017809685319662094
200801B,2008,2008-05-02 02:30:00,EMBC,15.72,93.0,0,EYE,0.9515317678451538,0.008173936046659946,0.013601385988295078,0.0202398169785738,0.006453086156398058
200801B,2008,2008-05-02 08:30:00,EYE,16.0,94.15,0,EYE,0.9649945497512817,0.0028035081923007965,0.010656988248229027,0.015382151119410992,0.006162808742374182
200803B,2008,2008-10-21 01:00:00,EMBC,10.33,53.6,1,IRRCDO,0.018081549555063248,0.322383850812912,0.004318212624639273,0.01984068937599659,0.6353756785392761
200803B,2008,2008-10-21 06:00:00,CRVBND,10.82,54.1,1,CRVBND,0.028068343177437782,0.6542583703994751,0.2694149911403656,0.0028544156812131405,0.045403867959976196
200803B,2008,2008-10-21 12:00:00,CRVBND,11.5,52.98,1,CRVBND,0.005961400456726551,0.9646322727203369,0.004019096028059721,0.0005687493830919266,0.024818522855639458
200803B,2008,2008-10-21 18:00:00,SHEAR,11.78,53.68,1,SHEAR,0.06637894362211227,0.3024880588054657,0.5681055784225464,0.006560328882187605,0.05646712705492973
200803B,2008,2008-10-22 00:00:00,SHEAR,13.52,53.77,1,SHEAR,0.010011816397309303,0.007290182635188103,0.9670015573501587,0.0030759009532630444,0.012620578519999981
200803B,2008,2008-10-22 06:00:00,SHEAR,13.98,53.4,1,SHEAR,0.016348622739315033,0.0047020986676216125,0.9573317766189575,0.006037849932909012,0.015579684637486935
200803B,2008,2008-10-22 13:00:00,CRVBND,14.14,51.44,1,CRVBND,0.031165333464741707,0.7448537349700928,0.12585954368114471,0.004755058325827122,0.09336639940738678
200803B,2008,2008-10-22 18:00:00,CRVBND,14.1,51.62,1,SHEAR,0.039345111697912216,0.3974382281303406,0.498468816280365,0.00367597583681345,0.06107180938124657
200803B,2008,2008-10-23 00:00:00,CRVBND,14.8,51.23,1,CRVBND,0.012420183047652245,0.9242157340049744,0.051947880536317825,0.0015347726875916123,0.009881426580250263
200803B,2008,2008-10-23 05:30:00,CRVBND,15.27,50.57,1,IRRCDO,0.015066320076584816,0.03553753346204758,0.01572512648999691,0.002388708060607314,0.9312824010848999
200803B,2008,2008-10-23 17:00:00,CRVBND,13.88,48.16,1,CRVBND,0.024268697947263718,0.8895370960235596,0.01797126606106758,0.0015611205017194152,0.0666617825627327
200805B,2008,2008-11-14 06:00:00,CRVBND,13.32,84.22,0,CRVBND,0.01235251035541296,0.9317333698272705,0.04708372429013252,0.004270369186997414,0.004559991415590048
200805B,2008,2008-11-14 12:00:00,CRVBND,13.8,84.33,0,CRVBND,0.00803765282034874,0.8785751461982727,0.018912162631750107,0.007526929024606943,0.08694808185100555
200805B,2008,2008-11-14 18:00:00,EMBC,14.77,83.12,0,IRRCDO,0.009168818593025208,0.018605327233672142,0.017370563000440598,0.01677599921822548,0.938079297542572
200805B,2008,2008-11-15 01:30:00,IRRCDO,14.4,82.5,0,IRRCDO,0.02416679635643959,0.2802523374557495,0.0067518181167542934,0.004831078462302685,0.6839979290962219
200805B,2008,2008-11-15 06:00:00,CRVBND,14.7,81.88,0,CRVBND,0.014158910140395164,0.8670766949653625,0.08588483184576035,0.0009396381792612374,0.03193993493914604
200805B,2008,2008-11-15 11:00:00,IRRCDO,14.22,81.73,0,CRVBND,0.0207686610519886,0.48986122012138367,0.015244683250784874,0.12172742933034897,0.35239800810813904
200805B,2008,2008-11-15 19:00:00,CRVBND,14.46,80.7,0,IRRCDO,0.01798619143664837,0.043795064091682434,0.021388230845332146,0.053855374455451965,0.8629750609397888
200805B,2008,2008-11-15 23:00:00,CRVBND,14.68,80.01,0,IRRCDO,0.005584096536040306,0.03476056456565857,0.011028163135051727,0.00215291534550488,0.9464742541313171
200806B,2008,2008-11-25 19:30:00,CRVBND,9.75,80.35,3,EMBC,0.10238431394100189,0.10164958238601685,0.03331276401877403,0.7302942872047424,0.03235909715294838
200806B,2008,2008-11-25 23:30:00,CRVBND,9.88,80.2,3,CRVBND,0.019732236862182617,0.9155459403991699,0.0020315400324761868,0.055929891765117645,0.006760359741747379
200806B,2008,2008-11-26 06:30:00,EMBC,10.12,79.57,3,EMBC,0.03448885679244995,0.24563124775886536,0.0089425602927804,0.6951029300689697,0.0158343855291605
200806B,2008,2008-11-26 12:00:00,CRVBND,10.4,79.8,3,EMBC,0.023637618869543076,0.001317849149927497,0.006848390679806471,0.9610828757286072,0.007113240659236908
200806B,2008,2008-11-26 19:30:00,CRVBND,11.15,80.1,3,CRVBND,0.02690042555332184,0.9127991795539856,0.010662760585546494,0.026754742488265038,0.022882895544171333
200806B,2008,2008-11-27 00:00:00,CRVBND,11.33,79.78,3,CRVBND,0.01383924763649702,0.9267590045928955,0.0017373665468767285,0.01436806470155716,0.043296366930007935
200807B,2008,2008-12-04 06:00:00,CRVBND,6.72,89.6,0,CRVBND,0.011697845533490181,0.9306939840316772,0.01525125838816166,0.007313988171517849,0.035042960196733475
200807B,2008,2008-12-04 12:00:00,CRVBND,6.83,89.02,0,CRVBND,0.005920778959989548,0.9654614925384521,0.018316905945539474,0.0018395566148683429,0.008461271412670612
200807B,2008,2008-12-04 18:00:00,CRVBND,7.3,88.53,0,CRVBND,0.0052116550505161285,0.745982825756073,0.2188624143600464,0.0037679525557905436,0.026175111532211304
200807B,2008,2008-12-05 00:00:00,CRVBND,7.78,88.78,0,CRVBND,0.022577455267310143,0.8266775608062744,0.026849592104554176,0.0054918755777180195,0.11840353161096573
200807B,2008,2008-12-05 06:00:00,IRRCDO,7.88,88.22,0,CRVBND,0.036232125014066696,0.7886896729469299,0.08291970938444138,0.006846557836979628,0.08531192690134048
200807B,2008,2008-12-05 12:00:00,SHEAR,8.3,87.8,0,SHEAR,0.009279118850827217,0.08742222189903259,0.8904442191123962,0.006272243335843086,0.006582246161997318
200807B,2008,2008-12-05 18:00:00,SHEAR,8.8,87.0,0,SHEAR,0.008422755636274815,0.05670538172125816,0.9240778684616089,0.003381785238161683,0.007412237580865622
200807B,2008,2008-12-06 00:00:00,SHEAR,9.0,85.68,0,SHEAR,0.02581540308892727,0.09560506045818329,0.8577955365180969,0.007489727344363928,0.013294256292283535
200807B,2008,2008-12-06 06:00:00,SHEAR,8.98,84.78,0,SHEAR,0.012213734909892082,0.14768509566783905,0.8199710249900818,0.005289396736770868,0.014840714633464813
200807B,2008,2008-12-06 12:00:00,CRVBND,8.22,83.68,0,CRVBND,0.0805787667632103,0.6584730744361877,0.18113484978675842,0.020310919731855392,0.05950235202908516
200807B,2008,2008-12-06 18:00:00,IRRCDO,8.03,83.08,0,CRVBND,0.012914489954710007,0.9471127390861511,0.02192743867635727,0.004383309744298458,0.013662070035934448
200807B,2008,2008-12-07 00:00:00,CRVBND,7.67,82.37,0,SHEAR,0.03405812755227089,0.2528422772884369,0.6624392867088318,0.020963052287697792,0.029697291553020477
200807B,2008,2008-12-07 06:00:00,SHEAR,7.67,82.6,0,SHEAR,0.007127481047064066,0.017416054382920265,0.9647133350372314,0.006022610701620579,0.00472049368545413
200807B,2008,2008-12-07 12:00:00,CRVBND,7.57,82.21,0,CRVBND,0.05412646755576134,0.8598600625991821,0.046801261603832245,0.01832171529531479,0.020890505984425545
200807B,2008,2008-12-07 16:30:00,SHEAR,7.48,81.7,0,SHEAR,0.025758367031812668,0.4074242115020752,0.5287497639656067,0.01927730068564415,0.018790308386087418
200904A,2009,2009-11-10 03:00:00,CRVBND,14.12,70.89,1,CRVBND,0.01376376673579216,0.9257262349128723,0.004002830479294062,0.03354790806770325,0.02295934222638607
200904A,2009,2009-11-10 09:00:00,CRVBND,14.5,71.3,1,CRVBND,0.04011303186416626,0.6743334531784058,0.007756305858492851,0.09867575019598007,0.1791214793920517
200904A,2009,2009-11-10 21:30:00,EMBC,16.13,71.67,1,EMBC,0.0201551616191864,0.010235747322440147,0.012246678583323956,0.9135851263999939,0.04377730190753937
200904A,2009,2009-11-11 09:00:00,CRVBND,18.3,73.0,1,CRVBND,0.011423774994909763,0.8848225474357605,0.003991740755736828,0.026220956817269325,0.07354094088077545
200905B,2009,2009-12-12 00:00:00,CRVBND,10.47,84.37,2,EMBC,0.025500699877738953,0.09683150053024292,0.015372700989246368,0.6535900235176086,0.20870506763458252
200905B,2009,2009-12-12 06:00:00,CRVBND,10.21,84.09,2,CRVBND,0.036835044622421265,0.6653931140899658,0.17807874083518982,0.01846521534025669,0.10122786462306976
200905B,2009,2009-12-12 12:00:00,CRVBND,9.98,83.37,2,CRVBND,0.01612064614892006,0.531514048576355,0.2904359698295593,0.015649115666747093,0.1462801694869995
200905B,2009,2009-12-12 18:00:00,CRVBND,9.23,82.11,2,CRVBND,0.017907695844769478,0.6845390200614929,0.2393583059310913,0.004372421186417341,0.053822651505470276
200905B,2009,2009-12-13 00:00:00,CRVBND,8.23,81.78,2,SHEAR,0.020222201943397522,0.33745062351226807,0.602409303188324,0.011895685456693172,0.028022173792123795
200905B,2009,2009-12-13 12:00:00,CRVBND,8.44,82.43,2,SHEAR,0.014353146776556969,0.2883250117301941,0.351585328578949,0.010746978223323822,0.3349895179271698
200905B,2009,2009-12-13 18:00:00,CRVBND,8.8,82.17,2,SHEAR,0.017830554395914078,0.2877441346645355,0.5601181387901306,0.009469443000853062,0.1248377338051796
200905B,2009,2009-12-14 00:30:00,CRVBND,8.9,81.57,2,SHEAR,0.019888900220394135,0.04859517887234688,0.9005580544471741,0.007587682921439409,0.023370226845145226
201001B,2010,2010-05-17 22:00:00,EMBC,11.74,86.47,3,EMBC,0.05529527738690376,0.23229418694972992,0.015815580263733864,0.6723445057868958,0.024250367656350136
201001B,2010,2010-05-19 03:30:00,EMBC,13.64,81.67,3,EMBC,0.022153060883283615,0.10571405291557312,0.005783886648714542,0.6905615329742432,0.17578750848770142
201002A,2010,2010-05-19 15:00:00,CRVBND,11.4,53.4,2,CRVBND,0.004874669015407562,0.9749440550804138,0.005121543537825346,0.00179144530557096,0.013268283568322659
201001B,2010,2010-05-19 20:30:00,EMBC,14.38,81.4,3,IRRCDO,0.002316342433914542,0.009141182526946068,0.0002444829442538321,0.002362787490710616,0.9859352111816406
201002A,2010,2010-05-19 21:00:00,CRVBND,11.6,52.8,2,CRVBND,0.04572411999106407,0.7327439188957214,0.013209430500864983,0.17708592116832733,0.031236572191119194
201002A,2010,2010-05-20 03:00:00,IRRCDO,11.8,52.5,2,CRVBND,0.007208894472569227,0.7744048833847046,0.006112644448876381,0.011157918721437454,0.2011156976222992
201001B,2010,2010-05-20 08:00:00,EMBC,15.42,80.92,3,CRVBND,0.017239978536963463,0.8447133302688599,0.010560134425759315,0.018730787560343742,0.10875576734542847
201001B,2010,2010-05-20 20:30:00,CRVBND,15.68,80.5,3,CRVBND,0.03040936589241028,0.5084537863731384,0.007026331033557653,0.07090919464826584,0.38320133090019226
201002A,2010,2010-05-20 21:00:00,IRRCDO,12.5,52.2,2,IRRCDO,0.022467635571956635,0.3179680109024048,0.05841941013932228,0.02366473525762558,0.5774801969528198
201002A,2010,2010-05-21 15:00:00,CRVBND,12.6,51.4,2,CRVBND,0.007305432111024857,0.9604743123054504,0.00906426552683115,0.007496760692447424,0.01565927267074585
201002A,2010,2010-05-21 21:30:00,IRRCDO,12.5,50.97,2,SHEAR,0.013636203482747078,0.08316035568714142,0.8536919951438904,0.041884880512952805,0.007626639213413
201002A,2010,2010-05-22 09:00:00,IRRCDO,12.6,51.0,2,CRVBND,0.005758623126894236,0.9572553634643555,0.012754916213452816,0.002992835594341159,0.021238209679722786
201002A,2010,2010-05-22 15:00:00,CRVBND,12.6,51.0,2,SHEAR,0.010796389542520046,0.15149430930614471,0.8216174840927124,0.002288874238729477,0.01380298100411892
201002A,2010,2010-05-22 21:00:00,SHEAR,12.7,50.7,2,SHEAR,0.004667766857892275,0.0005186970811337233,0.98569655418396,0.002512930426746607,0.00660401675850153
201002A,2010,2010-05-23 03:00:00,SHEAR,12.75,50.4,2,SHEAR,0.01282409019768238,0.3044944703578949,0.6390453577041626,0.0028011472895741463,0.040834903717041016
201002A,2010,2010-05-23 09:00:00,SHEAR,12.87,50.23,2,SHEAR,0.00532615976408124,0.028213396668434143,0.9583632349967957,0.0025018679443746805,0.005595357622951269
201002A,2010,2010-05-23 15:00:00,SHEAR,13.05,50.2,2,SHEAR,0.010821151547133923,0.01241123303771019,0.9617860913276672,0.00409941328689456,0.010882169008255005
201003A,2010,2010-06-01 16:00:00,EMBC,17.07,62.07,4,EMBC,0.012077320367097855,0.005835814867168665,0.007409658748656511,0.961452841758728,0.013224396854639053
201003A,2010,2010-06-01 21:30:00,EMBC,17.21,61.35,4,EMBC,0.031892724335193634,0.0010331455850973725,0.014726930297911167,0.9427981972694397,0.009549103677272797
201003A,2010,2010-06-02 03:00:00,EYE,17.75,60.85,4,EYE,0.9645869731903076,0.0032914988696575165,0.010855184867978096,0.006231239531189203,0.015035121701657772
201003A,2010,2010-06-02 09:00:00,EYE,17.95,60.34,4,EYE,0.9569931626319885,0.005280906800180674,0.011411176063120365,0.007324586622416973,0.018990030512213707
201003A,2010,2010-06-02 14:00:00,EYE,18.38,59.81,4,EMBC,0.11746060103178024,0.0176790039986372,0.015979381278157234,0.8124942779541016,0.03638668730854988
201003A,2010,2010-06-02 21:00:00,EMBC,18.85,59.24,4,EMBC,0.020904896780848503,0.005745889153331518,0.01044363435357809,0.9377917051315308,0.025113893672823906
201003A,2010,2010-06-03 02:00:00,EMBC,18.79,59.39,4,EMBC,0.013935958035290241,0.016883404925465584,0.009548290632665157,0.6399906277656555,0.3196417987346649
201003A,2010,2010-06-03 14:00:00,EMBC,20.35,59.35,4,EMBC,0.01223590224981308,0.0012135164579376578,0.010256275534629822,0.9625695943832397,0.013724720105528831
201003A,2010,2010-06-03 22:00:00,EMBC,21.14,59.12,4,EYE,0.9615601897239685,0.004182082135230303,0.00936534721404314,0.007422970607876778,0.017469335347414017
201003A,2010,2010-06-04 15:00:00,CRVBND,23.0,59.7,4,CRVBND,0.015161145478487015,0.918620765209198,0.011880231089890003,0.024912940338253975,0.029424814507365227
201003A,2010,2010-06-04 21:00:00,CRVBND,23.6,60.1,4,CRVBND,0.03119436465203762,0.5734204053878784,0.32224762439727783,0.02901739440858364,0.04412023350596428
201003A,2010,2010-06-05 03:00:00,SHEAR,24.0,60.7,4,CRVBND,0.036219317466020584,0.40335243940353394,0.30309703946113586,0.07076163589954376,0.18656949698925018
201003A,2010,2010-06-05 09:00:00,SHEAR,23.8,61.4,4,SHEAR,0.035428375005722046,0.34517914056777954,0.5438892245292664,0.021772723644971848,0.053730566054582596
201003A,2010,2010-06-05 15:00:00,SHEAR,23.7,62.1,4,SHEAR,0.010546736419200897,0.01801181584596634,0.9445260763168335,0.017029525712132454,0.00988591555505991
201003A,2010,2010-06-05 21:00:00,SHEAR,23.5,62.8,4,SHEAR,0.004810084588825703,0.0021392146591097116,0.9736666083335876,0.009271884337067604,0.010112212039530277
201003A,2010,2010-06-06 03:00:00,CRVBND,23.0,64.8,4,SHEAR,0.011816131882369518,0.0032608683686703444,0.9621402025222778,0.01225726492702961,0.010525473393499851
201003A,2010,2010-06-06 09:00:00,CRVBND,23.7,66.3,4,SHEAR,0.018106332048773766,0.11834198981523514,0.826274573802948,0.018957115709781647,0.01832001842558384
201004B,2010,2010-10-21 06:00:00,CRVBND,17.77,91.53,4,EMBC,0.00845330860465765,0.0020466228015720844,0.009403257630765438,0.9702573418617249,0.009839429520070553
201004B,2010,2010-10-21 19:00:00,EMBC,18.16,92.53,4,EMBC,0.06862461566925049,0.2824949324131012,0.016195576637983322,0.574038028717041,0.05864685773849487
201004B,2010,2010-10-22 06:00:00,EYE,18.95,92.94,4,EYE,0.9584537744522095,0.004866385366767645,0.009943855926394463,0.008545411750674248,0.018190545961260796
201004B,2010,2010-10-22 12:00:00,EYE,19.77,93.4,4,EYE,0.9581880569458008,0.0044105760753154755,0.01154389139264822,0.0062027908861637115,0.019654659554362297
201005B,2010,2010-11-06 08:30:00,CRVBND,10.77,85.37,2,IRRCDO,0.005426687654107809,0.02589092217385769,0.003672034479677677,0.05995746701955795,0.9050528407096863
201005B,2010,2010-11-06 21:00:00,CRVBND,11.7,83.8,2,IRRCDO,0.013635174371302128,0.14296576380729675,0.010392481461167336,0.18893511593341827,0.6440714597702026
201005B,2010,2010-11-07 03:00:00,CRVBND,12.4,82.5,2,IRRCDO,0.005172167904675007,0.33960384130477905,0.0372895710170269,0.005204422865062952,0.6127299666404724
201005B,2010,2010-11-07 09:00:00,CRVBND,13.1,81.2,2,CRVBND,0.004909379407763481,0.8746584057807922,0.07917778939008713,0.016507834196090698,0.024746635928750038
201005B,2010,2010-11-07 15:00:00,SHEAR,13.1,80.6,2,SHEAR,0.02414935827255249,0.08149628341197968,0.8538536429405212,0.007970316335558891,0.03253047540783882
201101A,2011,2011-06-11 15:00:00,CRVBND,20.0,71.7,3,CRVBND,0.021317271515727043,0.7826845049858093,0.03996606171131134,0.011802313849329948,0.14422985911369324
201101A,2011,2011-06-11 21:00:00,CRVBND,20.3,71.1,3,CRVBND,0.027385465800762177,0.643673300743103,0.036933042109012604,0.011157664470374584,0.2808505594730377
201101A,2011,2011-06-12 03:00:00,CRVBND,20.5,70.8,3,CRVBND,0.02565556764602661,0.5238671898841858,0.035336483269929886,0.005880013108253479,0.40926072001457214
201101A,2011,2011-06-12 09:00:00,CRVBND,20.8,70.3,3,CRVBND,0.01108232419937849,0.7952218055725098,0.012118453159928322,0.002344070468097925,0.17923332750797272
201101A,2011,2011-06-12 15:00:00,CRVBND,21.0,69.9,3,IRRCDO,0.0012959185987710953,0.05749598890542984,0.0006514930864796042,0.0021603540517389774,0.9383962154388428
201102B,2011,2011-10-19 12:00:00,CRVBND,21.02,92.07,2,CRVBND,0.03202570229768753,0.7732394337654114,0.01873704604804516,0.14832666516304016,0.027671100571751595
201103A,2011,2011-11-02 07:30:00,CRVBND,16.15,54.27,0,EMBC,0.04182625189423561,0.06902848184108734,0.029850086197257042,0.7409374713897705,0.11835769563913345
201103A,2011,2011-11-02 12:00:00,CRVBND,16.73,54.38,0,CRVBND,0.006686052773147821,0.6354876756668091,0.03408436104655266,0.31374692916870117,0.009995020925998688
201104A,2011,2011-11-08 00:00:00,CRVBND,13.67,59.09,1,CRVBND,0.1165432259440422,0.41551804542541504,0.03836086392402649,0.016262564808130264,0.41331520676612854
201104A,2011,2011-11-08 12:00:00,CRVBND,13.93,58.57,1,CRVBND,0.006318777799606323,0.9411576986312866,0.0018448949558660388,0.02169601060450077,0.028982659801840782
201104A,2011,2011-11-09 07:30:00,IRRCDO,16.18,58.85,1,CRVBND,0.04133697971701622,0.6293339133262634,0.009186474606394768,0.006041472777724266,0.3141012191772461
201104A,2011,2011-11-09 12:00:00,SHEAR,15.96,58.34,1,IRRCDO,0.005072499625384808,0.022038711234927177,0.002175927395001054,0.0012296956265345216,0.9694830179214478
201104A,2011,2011-11-09 18:00:00,SHEAR,15.9,58.3,1,IRRCDO,0.04204520210623741,0.08183304220438004,0.09967019408941269,0.0012538910377770662,0.7751976847648621
201104A,2011,2011-11-09 23:00:00,SHEAR,16.07,58.13,1,CRVBND,0.04671676829457283,0.6970347166061401,0.14467570185661316,0.002072290051728487,0.10950050503015518
201105A,2011,2011-11-27 15:30:00,CRVBND,12.67,70.94,2,IRRCDO,0.004218819551169872,0.15626078844070435,0.012050887569785118,0.004162976052612066,0.8233065009117126
201105B,2011,2011-11-27 15:30:00,CRVBND,12.67,70.94,0,CRVBND,0.009151298552751541,0.9001829624176025,0.02824339084327221,0.004046344198286533,0.05837595462799072
201105A,2011,2011-11-28 03:00:00,IRRCDO,14.6,68.5,2,IRRCDO,0.03300178796052933,0.011618276126682758,0.002900040475651622,0.027435708791017532,0.9250441193580627
201105A,2011,2011-11-28 14:30:00,IRRCDO,15.17,67.87,2,IRRCDO,0.001979263499379158,0.0045396555215120316,0.0021321908570826054,0.002097830642014742,0.9892510771751404
201105A,2011,2011-11-28 21:00:00,CRVBND,15.8,67.2,2,IRRCDO,0.022302618250250816,0.06512700766324997,0.025306353345513344,0.14511777460575104,0.7421463131904602
201105A,2011,2011-11-29 03:00:00,CRVBND,16.0,66.6,2,SHEAR,0.013265520334243774,0.32240861654281616,0.6349098086357117,0.00986575335264206,0.019550271332263947
201105A,2011,2011-11-29 09:00:00,SHEAR,15.8,66.1,2,SHEAR,0.011374048888683319,0.009714803658425808,0.9596606492996216,0.007522739004343748,0.011727703735232353
201105A,2011,2011-11-29 15:00:00,SHEAR,16.4,65.9,2,SHEAR,0.011283079162240028,0.0018897033296525478,0.9690836668014526,0.005285812076181173,0.012457764707505703
201105A,2011,2011-11-29 21:00:00,SHEAR,17.3,64.9,2,SHEAR,0.0019548197742551565,0.002839834662154317,0.9919700026512146,0.0018413003999739885,0.001394095947034657
201105A,2011,2011-11-30 02:30:00,CRVBND,17.45,63.87,2,CRVBND,0.008050559088587761,0.48308196663856506,0.2777392268180847,0.0069646574556827545,0.22416351735591888
201105A,2011,2011-11-30 09:00:00,SHEAR,18.12,63.03,2,SHEAR,0.004302480723708868,0.0046178800985217094,0.9814769625663757,0.005489289294928312,0.004113383591175079
201105A,2011,2011-11-30 15:00:00,SHEAR,18.65,62.42,2,SHEAR,0.0029922283720225096,0.0012457629200071096,0.9903141856193542,0.002145215403288603,0.003302545752376318
201105A,2011,2011-11-30 21:00:00,SHEAR,19.0,62.03,2,SHEAR,0.0045569054782390594,0.062176432460546494,0.9075427055358887,0.0023448460269719362,0.023379074409604073
201106B,2011,2011-12-26 00:00:00,CRVBND,10.17,87.33,0,CRVBND,0.004029019735753536,0.9432652592658997,0.009638046845793724,0.02962658554315567,0.01344108022749424
201106B,2011,2011-12-26 07:30:00,CRVBND,10.4,88.4,0,CRVBND,0.004901093430817127,0.9715268611907959,0.009300627745687962,0.004216963425278664,0.010054429061710835
201106B,2011,2011-12-26 12:00:00,EYE,11.06,87.83,0,CRVBND,0.013179881498217583,0.8611718416213989,0.038470588624477386,0.08474071323871613,0.002436935668811202
201106B,2011,2011-12-26 18:00:00,EYE,12.32,87.68,0,EMBC,0.030244719237089157,0.3055605888366699,0.03919288516044617,0.6058484315872192,0.019153406843543053
201106B,2011,2011-12-26 22:30:00,EMBC,11.91,87.26,0,EMBC,0.03687802702188492,0.12564492225646973,0.027785567566752434,0.806866466999054,0.002825032453984022
201106B,2011,2011-12-27 06:00:00,EMBC,12.51,87.09,0,EYE,0.9626818895339966,0.009441393427550793,0.007812188938260078,0.007541633676737547,0.01252282876521349
201106B,2011,2011-12-27 13:00:00,EMBC,13.43,86.05,0,EMBC,0.2064623087644577,0.26149094104766846,0.1035495325922966,0.38851937651634216,0.039977818727493286
201106B,2011,2011-12-27 18:00:00,EMBC,12.4,86.03,0,IRRCDO,0.1699506789445877,0.046289362013339996,0.1275998055934906,0.1530446857213974,0.5031154751777649
201106B,2011,2011-12-28 04:30:00,EMBC,12.25,84.74,0,EMBC,0.07904751598834991,0.0330132395029068,0.04742627963423729,0.8216955065727234,0.018817484378814697
201106B,2011,2011-12-29 00:00:00,EMBC,11.97,82.62,0,EMBC,0.18139837682247162,0.03190801292657852,0.055573880672454834,0.7188291549682617,0.012290610000491142
201106B,2011,2011-12-29 05:00:00,EYE,11.89,82.05,0,EYE,0.6317631602287292,0.0018975157290697098,0.025626258924603462,0.33509743213653564,0.0056156269274652
201106B,2011,2011-12-29 12:00:00,EMBC,12.15,81.68,0,EYE,0.6431041955947876,0.006692852359265089,0.0429614782333374,0.2952851951122284,0.011956295929849148
201106B,2011,2011-12-29 18:30:00,EMBC,12.62,80.28,0,EMBC,0.26610517501831055,0.003790083806961775,0.0556524433195591,0.6514369249343872,0.02301538549363613
201201A,2012,2012-10-24 18:00:00,CRVBND,10.33,55.11,3,CRVBND,0.012724659405648708,0.9342338442802429,0.010898378677666187,0.009656064212322235,0.032487016171216965
201201A,2012,2012-10-25 00:00:00,CRVBND,10.28,54.27,3,CRVBND,0.018460936844348907,0.9061453342437744,0.014062856324017048,0.006755441427230835,0.054575398564338684
201201A,2012,2012-10-25 06:00:00,CRVBND,10.28,52.93,3,CRVBND,0.010903536342084408,0.934292733669281,0.007119219284504652,0.008791787549853325,0.03889263793826103
201201A,2012,2012-10-25 12:00:00,CRVBND,9.52,51.3,3,CRVBND,0.033796001225709915,0.4358423948287964,0.1117425262928009,0.34122976660728455,0.07738927751779556
201202B,2012,2012-10-30 01:30:00,CRVBND,8.95,83.34,3,CRVBND,0.05228393152356148,0.8275300860404968,0.043377071619033813,0.05653775483369827,0.020271161571145058
201202B,2012,2012-10-30 06:00:00,EMBC,9.26,83.08,3,EMBC,0.016943782567977905,0.04228898510336876,0.0019073294242843986,0.7335532307624817,0.20530664920806885
201202B,2012,2012-10-30 11:30:00,CRVBND,9.52,83.2,3,CRVBND,0.03936625272035599,0.422383576631546,0.009066091850399971,0.1596161425113678,0.3695679008960724
201202B,2012,2012-10-31 12:00:00,EMBC,12.62,80.27,3,EMBC,0.03714841976761818,0.05753500759601593,0.011815574951469898,0.8647451996803284,0.028755800798535347
201203B,2012,2012-11-17 21:30:00,IRRCDO,16.21,88.27,4,IRRCDO,0.004646665882319212,0.005001504439860582,0.00883503258228302,0.0019208395387977362,0.9795960187911987
201203B,2012,2012-11-18 09:00:00,CRVBND,16.0,87.8,4,CRVBND,0.017939649522304535,0.8592427372932434,0.0512445829808712,0.03820927441120148,0.03336380049586296
201203B,2012,2012-11-18 15:00:00,SHEAR,15.8,87.5,4,SHEAR,0.006189034320414066,0.002286911476403475,0.9755260348320007,0.007669569458812475,0.008328533731400967
201203B,2012,2012-11-18 21:00:00,SHEAR,15.4,86.6,4,SHEAR,0.006117668002843857,0.0013333018869161606,0.9764233231544495,0.005881861783564091,0.01024378277361393
201203B,2012,2012-11-19 03:00:00,SHEAR,15.2,86.5,4,SHEAR,0.004586565773934126,0.0006209500133991241,0.9819180965423584,0.005793578922748566,0.007080737501382828
201203B,2012,2012-11-19 09:00:00,SHEAR,15.2,86.1,4,SHEAR,0.0037023609038442373,0.00045089598279446363,0.9849550724029541,0.004755841102451086,0.006135896779596806
201204A,2012,2012-12-23 06:00:00,CRVBND,8.67,58.06,2,CRVBND,0.020040111616253853,0.8909865617752075,0.0035551791079342365,0.017911633476614952,0.06750660389661789
201204A,2012,2012-12-23 12:00:00,CRVBND,8.15,57.17,2,CRVBND,0.025139102712273598,0.6168384552001953,0.29510027170181274,0.018380802124738693,0.04454134404659271
201204A,2012,2012-12-23 18:00:00,CRVBND,8.18,56.22,2,SHEAR,0.028110237792134285,0.3128446936607361,0.6171239614486694,0.023100197315216064,0.018820956349372864
201204A,2012,2012-12-24 00:00:00,CRVBND,8.42,54.89,2,IRRCDO,0.0014094187645241618,0.011101050302386284,0.004192538093775511,0.0005531480419449508,0.9827438592910767
201204A,2012,2012-12-24 06:00:00,CRVBND,8.23,53.17,2,EYE,0.6475942730903625,0.20629790425300598,0.039477087557315826,0.016482001170516014,0.09014874696731567
201204A,2012,2012-12-24 12:00:00,SHEAR,7.52,51.77,2,SHEAR,0.006708785425871611,0.0015974283451214433,0.976986825466156,0.003463426372036338,0.011243483982980251
201204A,2012,2012-12-24 18:00:00,CRVBND,6.6,51.0,2,SHEAR,0.009977166540920734,0.030202308669686317,0.9516834616661072,0.0030565757770091295,0.005080502014607191
201204A,2012,2012-12-24 23:00:00,SHEAR,6.1,50.17,2,SHEAR,0.011416281573474407,0.0017635275144129992,0.973858654499054,0.004174784757196903,0.008786758407950401
201301B,2013,2013-05-10 08:30:00,EMBC,5.04,93.35,2,CRVBND,0.024232538416981697,0.8837089538574219,0.009954096749424934,0.05581029877066612,0.026294119656085968
201301B,2013,2013-05-10 20:00:00,IRRCDO,6.35,92.03,2,EMBC,0.06783273071050644,0.051300134509801865,0.01230945810675621,0.7107968926429749,0.15776072442531586
201301B,2013,2013-05-11 02:00:00,EMBC,6.95,91.05,2,EMBC,0.05763338506221771,0.17603592574596405,0.01791028492152691,0.6661580204963684,0.08226235955953598
201301B,2013,2013-05-11 08:30:00,EMBC,7.95,89.87,2,EMBC,0.0631735548377037,0.06616314500570297,0.012159123085439205,0.8395145535469055,0.018989644944667816
201301B,2013,2013-05-12 15:00:00,IRRCDO,10.5,86.9,2,IRRCDO,0.0030879692640155554,0.050072602927684784,0.002738793846219778,0.002751862397417426,0.9413487315177917
201301B,2013,2013-05-13 03:30:00,IRRCDO,11.85,86.7,2,CRVBND,0.014085891656577587,0.41913682222366333,0.39983823895454407,0.016783710569143295,0.15015527606010437
201301B,2013,2013-05-13 16:00:00,CRVBND,12.92,85.7,2,IRRCDO,0.0015226093819364905,0.010139554738998413,0.0009569585090503097,0.010434853844344616,0.9769460558891296
201301B,2013,2013-05-14 03:00:00,CRVBND,14.0,85.4,2,IRRCDO,0.006362339947372675,0.2935088276863098,0.022758934646844864,0.013815400190651417,0.6635545492172241
201301B,2013,2013-05-14 09:00:00,CRVBND,14.5,85.9,2,CRVBND,0.011614693328738213,0.5874561071395874,0.2028733789920807,0.008663680404424667,0.18939222395420074
201301B,2013,2013-05-14 15:00:00,IRRCDO,15.1,86.4,2,IRRCDO,0.0011716565350070596,0.006097651552408934,0.003730052849277854,0.0013787943171337247,0.9876218438148499
201301B,2013,2013-05-14 21:30:00,IRRCDO,15.87,86.93,2,IRRCDO,0.012844683602452278,0.005519561003893614,0.0054068234749138355,0.02682473510503769,0.9494041800498962
201301B,2013,2013-05-15 08:00:00,EMBC,17.76,88.07,2,CRVBND,0.01344878226518631,0.8759146928787231,0.011672476306557655,0.06491237133741379,0.034051623195409775
201302B,2013,2013-10-09 08:30:00,CRVBND,13.57,92.54,2,CRVBND,0.005690157413482666,0.9318616390228271,0.008070224896073341,0.019990596920251846,0.03438737988471985
201302B,2013,2013-10-09 15:00:00,IRRCDO,13.9,91.9,2,CRVBND,0.006578787695616484,0.9056446552276611,0.008021329529583454,0.026135962456464767,0.05361936613917351
201302B,2013,2013-10-09 21:30:00,EMBC,14.33,91.25,2,EMBC,0.07416265457868576,0.16881801187992096,0.01864795573055744,0.6921054720878601,0.04626593738794327
201302B,2013,2013-10-10 02:30:00,EMBC,14.57,91.05,2,EMBC,0.0944792777299881,0.013889557681977749,0.00758120184764266,0.8705878853797913,0.013462047092616558
201302B,2013,2013-10-10 09:00:00,EYE,15.1,90.7,2,EYE,0.9536454677581787,0.004212372470647097,0.00957627221941948,0.017786353826522827,0.014779550023376942
201302B,2013,2013-10-10 15:00:00,EYE,15.55,89.84,2,EYE,0.9489614963531494,0.004015656188130379,0.008838559500873089,0.022429272532463074,0.01575498841702938
201302B,2013,2013-10-10 21:00:00,EYE,15.65,89.05,2,EYE,0.9353519082069397,0.0035530943423509598,0.010551011189818382,0.03570132702589035,0.014842679724097252
201302B,2013,2013-10-11 03:00:00,EYE,15.85,88.56,2,EYE,0.5014809966087341,0.03199802339076996,0.010230313055217266,0.4341580867767334,0.022132551297545433
201302B,2013,2013-10-11 09:00:00,EYE,16.45,88.05,2,EYE,0.9102249145507812,0.004584442358464003,0.013875109143555164,0.054351307451725006,0.016964275389909744
201302B,2013,2013-10-11 15:00:00,EYE,16.75,87.14,2,EYE,0.963941216468811,0.001408840762451291,0.00739769684150815,0.014029722660779953,0.013222395442426205
201302B,2013,2013-10-11 21:00:00,EYE,17.25,86.75,2,EYE,0.9576964974403381,0.0020072474144399166,0.009805088862776756,0.015598170459270477,0.014892958104610443
201302B,2013,2013-10-12 03:00:00,EYE,17.75,86.15,2,EYE,0.951445460319519,0.00296301138587296,0.011155564337968826,0.019403506070375443,0.015032482333481312
201302B,2013,2013-10-12 09:00:00,EYE,18.45,85.55,2,EYE,0.8060240149497986,0.005562095437198877,0.01236721035093069,0.16118939220905304,0.014857345260679722
201303A,2013,2013-11-09 21:00:00,IRRCDO,8.0,52.2,0,IRRCDO,0.015611592680215836,0.014922479167580605,0.019877461716532707,0.0040879640728235245,0.9455004930496216
201303A,2013,2013-11-10 09:00:00,IRRCDO,8.0,51.6,0,CRVBND,0.020126158371567726,0.6378201842308044,0.009599510580301285,0.11935364454984665,0.21310056746006012
201303A,2013,2013-11-10 14:30:00,IRRCDO,8.28,51.25,0,CRVBND,0.0335124172270298,0.4963543117046356,0.3718745708465576,0.01230708509683609,0.08595165610313416
201304B,2013,2013-11-19 13:00:00,EMBC,15.0,84.7,2,CRVBND,0.022068696096539497,0.7855889201164246,0.00917238462716341,0.05418255552649498,0.1289874017238617
201304B,2013,2013-11-19 19:30:00,EMBC,15.05,84.04,2,EMBC,0.10574871301651001,0.30682572722435,0.021789565682411194,0.47206568717956543,0.093570277094841
201304B,2013,2013-11-20 00:30:00,EMBC,15.75,84.07,2,CRVBND,0.09211808443069458,0.7883825302124023,0.01246312540024519,0.07005425542593002,0.036981962621212006
201304B,2013,2013-11-20 06:30:00,IRRCDO,15.07,83.33,2,CRVBND,0.04432808980345726,0.742026686668396,0.013196013867855072,0.1361556202173233,0.06429354846477509
201304B,2013,2013-11-20 19:30:00,EMBC,15.7,84.11,2,EMBC,0.013665770180523396,0.030256440863013268,0.011568218469619751,0.9112164974212646,0.033293116837739944
201304B,2013,2013-11-21 00:00:00,EMBC,15.43,83.83,2,IRRCDO,0.11231844872236252,0.004958606790751219,0.012814334593713284,0.29565128684043884,0.5742573142051697
201304B,2013,2013-11-21 18:00:00,CRVBND,16.13,82.46,2,CRVBND,0.009293909184634686,0.6428960561752319,0.017656894400715828,0.006512185093015432,0.323640912771225
201304B,2013,2013-11-22 00:00:00,IRRCDO,16.07,82.56,2,IRRCDO,0.002001082291826606,0.02393059991300106,0.0023709621746093035,0.0027599886525422335,0.968937337398529
201304B,2013,2013-11-22 06:00:00,CRVBND,16.22,81.38,2,CRVBND,0.01253964938223362,0.768844723701477,0.09052945673465729,0.005691990721970797,0.12239416688680649
201305B,2013,2013-11-23 19:00:00,EMBC,9.45,95.67,2,EMBC,0.021412793546915054,0.4414699971675873,0.015117130242288113,0.46183568239212036,0.06016428768634796
201305B,2013,2013-11-25 07:00:00,EMBC,12.33,91.2,2,IRRCDO,0.020525338128209114,0.030122175812721252,0.008711484260857105,0.2804798185825348,0.6601611375808716
201305B,2013,2013-11-26 01:30:00,EMBC,12.41,90.59,2,IRRCDO,0.0068952483125030994,0.011025507934391499,0.0029861037619411945,0.045437585562467575,0.9336556196212769
201305B,2013,2013-11-26 06:00:00,EMBC,12.67,90.05,2,EMBC,0.016414731740951538,0.11394643038511276,0.01227828674018383,0.46882936358451843,0.3885312080383301
201305B,2013,2013-11-27 06:30:00,EMBC,13.87,86.1,2,IRRCDO,0.01599101535975933,0.44142910838127136,0.026060810312628746,0.0520702488720417,0.46444886922836304
201305B,2013,2013-11-27 12:30:00,CRVBND,14.2,85.91,2,CRVBND,0.013039890676736832,0.9466086030006409,0.007521703373640776,0.02654271200299263,0.006287061609327793
201305B,2013,2013-11-27 18:00:00,CRVBND,15.9,83.7,2,CRVBND,0.006621053908020258,0.971462607383728,0.00796364527195692,0.0025400971062481403,0.011412586085498333
201305B,2013,2013-11-28 00:00:00,CRVBND,14.67,82.61,2,CRVBND,0.010002893395721912,0.839821457862854,0.12259453535079956,0.002681687008589506,0.0248994380235672
201305B,2013,2013-11-28 06:00:00,SHEAR,15.08,81.92,2,SHEAR,0.004094540141522884,0.01944264955818653,0.9539740681648254,0.0029777665622532368,0.019511021673679352
201305B,2013,2013-11-28 12:00:00,CRVBND,15.4,80.94,2,SHEAR,0.005602048709988594,0.030382273718714714,0.9469835758209229,0.00217203120701015,0.014860078692436218
201306B,2013,2013-12-06 03:00:00,CRVBND,9.8,83.7,3,CRVBND,0.05255567654967308,0.7400979399681091,0.08059711009263992,0.09200101345777512,0.03474820777773857
201306B,2013,2013-12-06 09:00:00,CRVBND,10.2,83.6,3,CRVBND,0.031776946038007736,0.8819869756698608,0.008109734393656254,0.07140100747346878,0.006725424434989691
201306B,2013,2013-12-07 08:30:00,EMBC,10.48,84.3,3,EMBC,0.10862541198730469,0.006238358560949564,0.014173139818012714,0.8440990447998047,0.026864085346460342
201306B,2013,2013-12-07 14:00:00,EMBC,11.19,84.65,3,EMBC,0.09211371093988419,0.025605114176869392,0.02742120809853077,0.8255953192710876,0.029264727607369423
201306B,2013,2013-12-08 02:30:00,EMBC,12.02,84.76,3,EMBC,0.0787615180015564,0.30189934372901917,0.023299099877476692,0.5218422412872314,0.07419785112142563
201306B,2013,2013-12-08 09:00:00,EMBC,13.65,84.14,3,EMBC,0.056507401168346405,0.15972499549388885,0.015310929156839848,0.6560014486312866,0.11245525628328323
201306B,2013,2013-12-08 15:00:00,EMBC,13.65,85.57,3,CRVBND,0.030388714745640755,0.7792556881904602,0.01137160137295723,0.15107350051403046,0.027910497039556503
201306B,2013,2013-12-08 20:00:00,EMBC,13.71,84.96,3,EMBC,0.03107164241373539,0.0031090404372662306,0.010269016027450562,0.9295132756233215,0.026037033647298813
201306B,2013,2013-12-09 14:00:00,EMBC,14.66,84.79,3,EMBC,0.015625538304448128,0.05847621336579323,0.013941819779574871,0.6807348728179932,0.231221541762352
201306B,2013,2013-12-10 03:00:00,EYE,15.25,85.46,3,EYE,0.8798840641975403,0.004762510769069195,0.03353719040751457,0.04139580577611923,0.040420372039079666
201306B,2013,2013-12-10 09:00:00,EMBC,15.5,85.2,3,IRRCDO,0.009359967894852161,0.3523794114589691,0.006437978707253933,0.14762605726718903,0.4841965138912201
201306B,2013,2013-12-10 15:00:00,CRVBND,15.0,84.8,3,SHEAR,0.027076460421085358,0.03437323123216629,0.9082230925559998,0.011387953534722328,0.01893933117389679
201306B,2013,2013-12-10 21:00:00,SHEAR,14.55,84.45,3,SHEAR,0.015703625977039337,0.007220974657684565,0.9555155038833618,0.005702525842934847,0.015857476741075516
201306B,2013,2013-12-11 03:00:00,SHEAR,14.2,83.9,3,SHEAR,0.0353684164583683,0.1285245269536972,0.7704251408576965,0.032241933047771454,0.033439990133047104
201306B,2013,2013-12-11 09:00:00,CRVBND,13.6,83.3,3,CRVBND,0.024801047518849373,0.6865876317024231,0.016725769266486168,0.008525680750608444,0.2633598744869232
201306B,2013,2013-12-11 15:30:00,CRVBND,13.05,82.64,3,CRVBND,0.023460641503334045,0.4985823333263397,0.005816010758280754,0.04399777576327324,0.4281432032585144
201306B,2013,2013-12-11 21:00:00,SHEAR,12.6,82.3,3,SHEAR,0.010068606585264206,0.0027970364317297935,0.9755962491035461,0.003076724009588361,0.008461399003863335
201306B,2013,2013-12-12 03:00:00,SHEAR,11.9,81.5,3,CRVBND,0.0370996855199337,0.8268591165542603,0.07320843636989594,0.005479669198393822,0.05735305696725845
201306B,2013,2013-12-12 08:00:00,IRRCDO,11.35,80.77,3,IRRCDO,0.038485050201416016,0.12121915072202682,0.03530561178922653,0.2414974421262741,0.5634927153587341
201306B,2013,2013-12-12 15:00:00,SHEAR,10.58,79.75,3,CRVBND,0.07012569159269333,0.6454883813858032,0.18091407418251038,0.024059446528553963,0.07941237837076187
201401B,2014,2014-01-04 07:30:00,CRVBND,8.99,83.19,1,CRVBND,0.013848402537405491,0.8281645774841309,0.01651710830628872,0.006204866338521242,0.1352650374174118
201401B,2014,2014-01-04 12:00:00,CRVBND,9.05,82.95,1,CRVBND,0.054914072155952454,0.8397257328033447,0.026243092492222786,0.003532256232574582,0.07558490335941315
201401B,2014,2014-01-04 18:00:00,CRVBND,9.15,82.76,1,CRVBND,0.014780040830373764,0.820802628993988,0.033980317413806915,0.0008316767052747309,0.129605233669281
201401B,2014,2014-01-05 00:00:00,CRVBND,9.43,82.04,1,CRVBND,0.02571253664791584,0.891234815120697,0.05582002177834511,0.0012627227697521448,0.025969937443733215
201401B,2014,2014-01-05 06:00:00,CRVBND,9.3,81.49,1,CRVBND,0.0323038250207901,0.7361925840377808,0.029611924663186073,0.00360922422260046,0.1982823759317398
201401B,2014,2014-01-05 12:00:00,CRVBND,9.26,81.4,1,CRVBND,0.013960706070065498,0.9092252850532532,0.025825560092926025,0.003576579038053751,0.047411832958459854
201401B,2014,2014-01-05 18:00:00,CRVBND,9.16,81.26,1,CRVBND,0.024497663602232933,0.8890695571899414,0.038811977952718735,0.0009895946132019162,0.04663121700286865
201401B,2014,2014-01-06 00:00:00,CRVBND,9.28,80.82,1,CRVBND,0.008757264353334904,0.9639810919761658,0.007192937191575766,0.007846844382584095,0.012221830897033215
201402A,2014,2014-06-10 03:00:00,IRRCDO,15.3,68.7,1,CRVBND,0.01714373379945755,0.6323142051696777,0.026668380945920944,0.00185565953142941,0.32201799750328064
201402A,2014,2014-06-10 20:00:00,EMBC,16.56,67.67,1,CRVBND,0.009045876562595367,0.9301725029945374,0.00553375668823719,0.0351811982691288,0.02006668783724308
201402A,2014,2014-06-11 03:00:00,EMBC,17.25,66.85,1,CRVBND,0.20410792529582977,0.714025616645813,0.027985695749521255,0.03356771171092987,0.020313000306487083
201402A,2014,2014-06-11 09:30:00,EMBC,16.57,66.2,1,IRRCDO,0.01329717319458723,0.46073266863822937,0.006827307399362326,0.0063958847895264626,0.5127469301223755
201402A,2014,2014-06-12 03:30:00,EMBC,18.47,63.65,1,CRVBND,0.031628016382455826,0.622474730014801,0.03192960098385811,0.29149195551872253,0.0224757082760334
201402A,2014,2014-06-12 15:00:00,EMBC,18.3,63.4,1,IRRCDO,0.12237565964460373,0.15984833240509033,0.14911380410194397,0.1725478172302246,0.39611437916755676
201402A,2014,2014-06-13 09:00:00,SHEAR,21.4,64.3,1,SHEAR,0.0629812628030777,0.3386583626270294,0.5838079452514648,0.002452833577990532,0.012099632993340492
201402A,2014,2014-06-13 15:00:00,SHEAR,21.66,64.41,1,SHEAR,0.024315310642123222,0.06240108981728554,0.8830382227897644,0.0016390568343922496,0.02860630489885807
201402A,2014,2014-06-13 21:00:00,SHEAR,21.93,64.6,1,SHEAR,0.012179250828921795,0.002149700652807951,0.9674646258354187,0.0032490373123437166,0.01495741493999958
201402A,2014,2014-06-14 02:30:00,SHEAR,22.13,64.8,1,SHEAR,0.01872946135699749,0.014846216887235641,0.9502339959144592,0.0018456154502928257,0.014344698749482632
201403B,2014,2014-10-08 10:30:00,EMBC,12.89,91.35,1,EMBC,0.013575635850429535,0.13222141563892365,0.012944966554641724,0.7816837430000305,0.05957421660423279
201403B,2014,2014-10-09 01:30:00,EMBC,13.7,89.06,1,EMBC,0.006141049787402153,0.040133338421583176,0.005643481854349375,0.8676248788833618,0.08045722544193268
201403B,2014,2014-10-09 05:00:00,EMBC,13.92,88.68,1,EMBC,0.004762559663504362,0.02458384446799755,0.005442679859697819,0.739429771900177,0.2257811725139618
201403B,2014,2014-10-10 18:00:00,EMBC,15.62,86.48,1,EMBC,0.010375354439020157,0.006702449172735214,0.007153067272156477,0.9589619636535645,0.016807151958346367
201403B,2014,2014-10-11 06:00:00,EYE,16.07,85.22,1,EYE,0.9714248180389404,0.0021264345850795507,0.0058260951191186905,0.010022110305726528,0.010600610636174679
201403B,2014,2014-10-11 12:00:00,EYE,16.26,84.88,1,EYE,0.9648145437240601,0.005004897713661194,0.008217539638280869,0.0045919399708509445,0.017371034249663353
201403B,2014,2014-10-11 17:00:00,EYE,16.46,84.79,1,EMBC,0.4628954529762268,0.0036398740485310555,0.01815376617014408,0.4864021837711334,0.02890872396528721
201403B,2014,2014-10-11 23:30:00,EYE,17.2,84.24,1,EYE,0.7642917633056641,0.002720919903367758,0.020764965564012527,0.1896800398826599,0.022542361170053482
201403B,2014,2014-10-12 06:00:00,EYE,17.52,83.45,1,EYE,0.9833241105079651,0.0020080900285393,0.004409611225128174,0.003278809366747737,0.006979417987167835
201404A,2014,2014-10-25 18:00:00,CRVBND,13.75,62.72,0,CRVBND,0.0064754667691886425,0.9704710245132446,0.011919621378183365,0.00468924967572093,0.006444650702178478
201404A,2014,2014-10-25 23:30:00,CRVBND,14.03,63.03,0,IRRCDO,0.01725025288760662,0.03108098730444908,0.07749447226524353,0.10273313522338867,0.7714411616325378
201404A,2014,2014-10-26 06:00:00,EMBC,14.48,62.81,0,EMBC,0.0652165561914444,0.07443753629922867,0.08636988699436188,0.7218436002731323,0.05213245749473572
201404A,2014,2014-10-26 13:30:00,EMBC,14.29,62.9,0,EMBC,0.2680383622646332,0.1709498167037964,0.0650239959359169,0.47618427872657776,0.019803538918495178
201404A,2014,2014-10-26 18:00:00,CRVBND,14.55,62.7,0,CRVBND,0.1859579235315323,0.6689356565475464,0.0710996761918068,0.05427144467830658,0.01973535679280758
201404A,2014,2014-10-27 00:00:00,EYE,14.9,62.89,0,EYE,0.9335736036300659,0.017791368067264557,0.029810694977641106,0.006287790834903717,0.012536605820059776
201404A,2014,2014-10-27 05:00:00,EYE,14.97,62.57,0,EYE,0.8600481748580933,0.06134915351867676,0.022097354754805565,0.02497810311615467,0.03152714669704437
201404A,2014,2014-10-27 12:30:00,EMBC,15.36,62.16,0,EMBC,0.30956873297691345,0.12468384951353073,0.04436266049742699,0.5119820833206177,0.00940267089754343
201404A,2014,2014-10-27 18:30:00,EYE,15.48,62.14,0,EMBC,0.3156875669956207,0.07375431060791016,0.028679512441158295,0.4968486726284027,0.08502999693155289
201404A,2014,2014-10-28 01:00:00,EMBC,15.81,61.72,0,EMBC,0.06567440181970596,0.2394179254770279,0.07993968576192856,0.5151507258415222,0.09981724619865417
201404A,2014,2014-10-28 06:00:00,EYE,16.12,61.47,0,EYE,0.9643617868423462,0.002689419547095895,0.015211591497063637,0.006357365287840366,0.011379842646420002
201404A,2014,2014-10-28 12:00:00,EYE,16.8,61.8,0,EYE,0.9664082527160645,0.005992158316075802,0.010881428606808186,0.005515049211680889,0.011203151196241379
201404A,2014,2014-10-28 18:30:00,EMBC,17.73,61.45,0,EMBC,0.2236882597208023,0.004786808975040913,0.06411002576351166,0.6987802386283875,0.00863465666770935
201404A,2014,2014-10-29 00:00:00,EMBC,18.56,62.01,0,EMBC,0.007926157675683498,0.016527574509382248,0.04833664000034332,0.9195349812507629,0.007674573455005884
201404A,2014,2014-10-29 12:30:00,EMBC,19.84,62.57,0,CRVBND,0.060825563967227936,0.6546474099159241,0.08829782903194427,0.17235609889030457,0.02387304976582527
201404A,2014,2014-10-29 18:00:00,CRVBND,19.75,62.8,0,CRVBND,0.014935411512851715,0.9643712043762207,0.016720294952392578,0.0016638162778690457,0.0023091891780495644
201404A,2014,2014-10-30 00:00:00,IRRCDO,19.5,63.79,0,CRVBND,0.060590002685785294,0.453942209482193,0.3555833697319031,0.0979008600115776,0.031983572989702225
201404A,2014,2014-10-30 12:00:00,CRVBND,20.43,64.58,0,SHEAR,0.027907751500606537,0.40053582191467285,0.40821129083633423,0.05454578623175621,0.10879937559366226
201404A,2014,2014-10-30 18:00:00,SHEAR,20.72,65.06,0,SHEAR,0.00443342886865139,0.040173958986997604,0.9480431079864502,0.004326533991843462,0.003022952238097787
201404A,2014,2014-10-31 00:00:00,SHEAR,21.2,65.5,0,SHEAR,0.00465039350092411,0.0051790750585496426,0.9847897887229919,0.002560359425842762,0.002820383058860898
201404A,2014,2014-10-31 05:30:00,SHEAR,21.18,65.47,0,SHEAR,0.00309553649276495,0.0015061808517202735,0.9909633994102478,0.0017885587876662612,0.0026463503018021584
201405B,2014,2014-11-06 05:00:00,EMBC,13.96,87.0,3,CRVBND,0.018215954303741455,0.6556317806243896,0.006297517102211714,0.15001711249351501,0.16983766853809357
201405B,2014,2014-11-06 12:00:00,CRVBND,13.86,88.01,3,CRVBND,0.009553544223308563,0.8903117179870605,0.05771613493561745,0.002713932655751705,0.039704613387584686
201405B,2014,2014-11-06 18:00:00,CRVBND,13.35,87.7,3,CRVBND,0.007478578016161919,0.9511995315551758,0.015198892913758755,0.0030984203331172466,0.023024583235383034
201405B,2014,2014-11-07 06:00:00,CRVBND,13.3,87.1,3,CRVBND,0.022238025441765785,0.9079490900039673,0.010913613252341747,0.008716335520148277,0.05018286034464836
201405B,2014,2014-11-07 12:00:00,CRVBND,14.27,87.11,3,SHEAR,0.05319470912218094,0.3226739168167114,0.5073313117027283,0.014099866151809692,0.1027001366019249
201405B,2014,2014-11-07 18:00:00,SHEAR,14.34,87.12,3,SHEAR,0.047383058816194534,0.4386575520038605,0.46806007623672485,0.006787856575101614,0.039111461490392685
201405B,2014,2014-11-08 00:00:00,SHEAR,14.57,86.7,3,SHEAR,0.020962608978152275,0.020863518118858337,0.9413220286369324,0.004630700219422579,0.012221238575875759
201405B,2014,2014-11-08 05:30:00,SHEAR,14.6,86.15,3,SHEAR,0.01507184561342001,0.005918554030358791,0.9703041315078735,0.0021985736675560474,0.006506918463855982
201501A,2015,2015-06-07 09:00:00,CRVBND,15.8,68.4,4,CRVBND,0.019147386774420738,0.8963784575462341,0.008889371529221535,0.05910682678222656,0.016478002071380615
201501A,2015,2015-06-07 15:00:00,CRVBND,16.3,68.5,4,CRVBND,0.023926544934511185,0.47559893131256104,0.03315286710858345,0.01830783113837242,0.44901394844055176
201501A,2015,2015-06-07 21:00:00,IRRCDO,16.9,68.1,4,CRVBND,0.021277248859405518,0.8236461877822876,0.01063858438283205,0.03519834950566292,0.10923974215984344
201501A,2015,2015-06-08 03:00:00,EMBC,18.0,67.5,4,EMBC,0.017698263749480247,0.01651710271835327,0.015269498340785503,0.7556413412094116,0.19487382471561432
201501A,2015,2015-06-08 21:00:00,IRRCDO,19.6,65.5,4,IRRCDO,0.035773444920778275,0.37975844740867615,0.01115927193313837,0.06569971144199371,0.5076091289520264
201501A,2015,2015-06-09 03:00:00,IRRCDO,20.4,64.8,4,IRRCDO,0.014338537119328976,0.03202966973185539,0.017620913684368134,0.07266902178525925,0.8633416891098022
201501A,2015,2015-06-09 15:00:00,CRVBND,21.2,62.5,4,CRVBND,0.02490377426147461,0.7649430632591248,0.01775849238038063,0.14178210496902466,0.050612542778253555
201501A,2015,2015-06-09 21:00:00,IRRCDO,21.1,62.5,4,EMBC,0.011391006410121918,0.010655655525624752,0.009506176225841045,0.9353291392326355,0.033118050545454025
201501A,2015,2015-06-10 03:00:00,EMBC,21.2,61.6,4,EMBC,0.009845859371125698,0.0010660048574209213,0.0109524792060256,0.9667539596557617,0.011381736025214195
201501A,2015,2015-06-10 21:00:00,SHEAR,20.6,61.1,4,CRVBND,0.06081719323992729,0.6124076843261719,0.22864241898059845,0.03251785784959793,0.06561478227376938
201501A,2015,2015-06-11 03:00:00,CRVBND,20.6,60.8,4,CRVBND,0.03147153556346893,0.5853864550590515,0.022218413650989532,0.31021055579185486,0.050712987780570984
201501A,2015,2015-06-11 09:00:00,EMBC,20.8,60.5,4,EMBC,0.008933539502322674,0.002736289519816637,0.0067921774461865425,0.9752839207649231,0.0062541114166378975
201501A,2015,2015-06-11 15:00:00,CRVBND,20.8,59.8,4,CRVBND,0.017046377062797546,0.9206071496009827,0.01091049239039421,0.03991292789578438,0.0115231117233634
201501A,2015,2015-06-11 21:00:00,CRVBND,20.85,59.83,4,CRVBND,0.03901093453168869,0.8460743427276611,0.02178323268890381,0.04265210032463074,0.05047930032014847
201502B,2015,2015-07-29 01:00:00,CRVBND,21.23,91.24,3,CRVBND,0.024961715564131737,0.9496268033981323,0.0039031223859637976,0.002695157192647457,0.01881319284439087
201502B,2015,2015-07-29 06:00:00,CRVBND,21.41,91.38,3,CRVBND,0.05723125487565994,0.8018413186073303,0.08184690773487091,0.0029102314729243517,0.05617028847336769
201502B,2015,2015-07-29 12:00:00,CRVBND,21.44,91.46,3,CRVBND,0.031582560390233994,0.9132858514785767,0.0030651853885501623,0.021243367344141006,0.03082308918237686
201502B,2015,2015-07-29 18:00:00,CRVBND,21.62,91.21,3,CRVBND,0.016969889402389526,0.7942754030227661,0.0030207412783056498,0.013556581921875477,0.17217734456062317
201502B,2015,2015-07-30 00:00:00,CRVBND,21.96,91.19,3,CRVBND,0.03817026689648628,0.6613678932189941,0.06835467368364334,0.11265802383422852,0.11944916844367981
201502B,2015,2015-07-30 06:00:00,CRVBND,22.31,91.05,3,CRVBND,0.03720270097255707,0.8133578896522522,0.06431341171264648,0.036662328988313675,0.04846368730068207
201503A,2015,2015-10-09 21:00:00,CRVBND,15.0,69.8,2,CRVBND,0.015002983622252941,0.8895075917243958,0.048989906907081604,0.0037808846682310104,0.042718611657619476
201503A,2015,2015-10-10 03:30:00,IRRCDO,15.02,69.49,2,IRRCDO,0.004596196115016937,0.1481020599603653,0.02596089243888855,0.001614895067177713,0.8197259306907654
201503A,2015,2015-10-10 09:00:00,CRVBND,15.0,69.1,2,CRVBND,0.010814188979566097,0.75699782371521,0.1619929075241089,0.007443091366440058,0.06275191903114319
201503A,2015,2015-10-10 15:00:00,CRVBND,15.3,69.4,2,SHEAR,0.010647003538906574,0.021886005997657776,0.957207441329956,0.004665389657020569,0.00559420557692647
201503A,2015,2015-10-10 21:00:00,CRVBND,15.7,69.5,2,SHEAR,0.0060851373709738255,0.003325642319396138,0.9782523512840271,0.006179729476571083,0.00615712208673358
201503A,2015,2015-10-11 03:00:00,CRVBND,15.9,69.7,2,SHEAR,0.026542026549577713,0.2721407115459442,0.6677349209785461,0.008160635828971863,0.025421705096960068
201503A,2015,2015-10-11 09:00:00,CRVBND,16.0,69.3,2,IRRCDO,0.0019472436979413033,0.128841832280159,0.012953521683812141,0.0005422435933724046,0.8557151556015015
201503A,2015,2015-10-11 15:00:00,CRVBND,16.2,69.11,2,SHEAR,0.006231236737221479,0.0019211434992030263,0.9794034361839294,0.002289724303409457,0.01015443354845047
201503A,2015,2015-10-11 21:00:00,CRVBND,16.4,68.86,2,CRVBND,0.011542965658009052,0.638830304145813,0.3303990364074707,0.003284645965322852,0.01594306156039238
201504A,2015,2015-10-28 20:30:00,EMBC,13.57,64.53,2,EYE,0.7245949506759644,0.01282306108623743,0.009118077345192432,0.14510440826416016,0.10835950821638107
201504A,2015,2015-10-29 03:00:00,CRVBND,13.7,64.0,2,EYE,0.6100735068321228,0.10028080642223358,0.015727851539850235,0.013740998692810535,0.2601768374443054
201504A,2015,2015-10-29 09:00:00,EMBC,13.85,63.45,2,EMBC,0.1330133080482483,0.03339964523911476,0.0134801734238863,0.8027030229568481,0.01740391179919243
201504A,2015,2015-10-29 15:00:00,EYE,14.25,62.75,2,EYE,0.9665475487709045,0.002127041108906269,0.006094171665608883,0.003753142198547721,0.02147802896797657
201504A,2015,2015-10-29 21:30:00,EMBC,14.06,62.1,2,EMBC,0.05506430193781853,0.026342663913965225,0.010471624322235584,0.8989694714546204,0.009151866659522057
201504A,2015,2015-10-30 03:00:00,EYE,14.15,61.45,2,EYE,0.9603285193443298,0.002177482470870018,0.010345423594117165,0.003774029901251197,0.023374522104859352
201504A,2015,2015-10-30 15:00:00,EYE,13.86,60.37,2,EYE,0.9670335650444031,0.0022412408143281937,0.008907039649784565,0.0031699719838798046,0.018648220226168633
201504A,2015,2015-10-31 03:00:00,EYE,13.85,59.25,2,EYE,0.9334401488304138,0.002768260193988681,0.011587556451559067,0.03818950802087784,0.01401444710791111
201504A,2015,2015-10-31 09:00:00,EYE,13.9,58.3,2,EYE,0.9647294282913208,0.0019607108552008867,0.010325023904442787,0.004461314529180527,0.018523523584008217
201504A,2015,2015-10-31 15:00:00,EYE,13.65,57.55,2,EYE,0.9699209928512573,0.0016774983378127217,0.008561072871088982,0.003089631674811244,0.01675068587064743
201504A,2015,2015-10-31 21:00:00,EYE,13.65,56.75,2,EYE,0.9760993123054504,0.0012309214798733592,0.005816230550408363,0.006712317932397127,0.010141190141439438
201504A,2015,2015-11-01 04:00:00,EYE,13.55,55.92,2,EYE,0.9612883925437927,0.0012450694339349866,0.008884229697287083,0.01627548784017563,0.012306819669902325
201504A,2015,2015-11-01 09:00:00,EYE,13.65,55.04,2,EYE,0.9647637009620667,0.0014322061324492097,0.008551619946956635,0.0034794730599969625,0.02177303284406662
201504A,2015,2015-11-01 15:00:00,EYE,13.55,54.05,2,EYE,0.9548012614250183,0.0031909144017845392,0.012537585571408272,0.003825368592515588,0.02564484253525734
201504A,2015,2015-11-01 21:00:00,EYE,13.15,53.05,2,EYE,0.9514017105102539,0.0031857737340033054,0.014380369335412979,0.003838330740109086,0.0271938256919384
201504A,2015,2015-11-02 03:00:00,EYE,13.25,52.15,2,EYE,0.948626697063446,0.003580280812457204,0.012742209248244762,0.003299402305856347,0.031751491129398346
201504A,2015,2015-11-02 09:00:00,EYE,13.35,50.94,2,EYE,0.9443464875221252,0.0047632306814193726,0.016496235504746437,0.00376031082123518,0.030633723363280296
201504A,2015,2015-11-02 15:00:00,EYE,13.55,50.04,2,EYE,0.9569512605667114,0.0025116372853517532,0.009625219739973545,0.0033454052172601223,0.027566496282815933
201504A,2015,2015-11-03 03:30:00,CRVBND,13.47,48.08,2,CRVBND,0.015367940999567509,0.49797090888023376,0.05797659978270531,0.003892782609909773,0.42479175329208374
201505A,2015,2015-11-05 08:00:00,CRVBND,14.03,64.64,0,CRVBND,0.007029540371149778,0.9406094551086426,0.003686357755213976,0.033658649772405624,0.015015995129942894
201505A,2015,2015-11-05 14:30:00,CRVBND,13.82,63.57,0,EMBC,0.008756601251661777,0.21665117144584656,0.03647613525390625,0.7195088863372803,0.01860720105469227
201505A,2015,2015-11-06 09:00:00,CRVBND,13.0,61.4,0,CRVBND,0.037202075123786926,0.401200532913208,0.045613180845975876,0.22563643753528595,0.29034775495529175
201505A,2015,2015-11-06 15:00:00,CRVBND,12.9,60.4,0,CRVBND,0.028660615906119347,0.8456054925918579,0.055940814316272736,0.04874427989125252,0.02104879356920719
201505A,2015,2015-11-07 09:00:00,EMBC,12.8,58.7,0,EYE,0.7909294366836548,0.0004311313678044826,0.016979049891233444,0.1803949624300003,0.01126542966812849
201505A,2015,2015-11-07 21:00:00,EYE,12.8,56.7,0,IRRCDO,0.2794749438762665,0.18483564257621765,0.01747916266322136,0.024087073281407356,0.4941231906414032
201505A,2015,2015-11-08 03:00:00,EYE,12.65,55.55,0,EYE,0.9831448793411255,0.000885460467543453,0.004858521278947592,0.005171131808310747,0.005939999595284462
201505A,2015,2015-11-08 08:00:00,EYE,12.65,54.34,0,EYE,0.9604727029800415,0.0002837672072928399,0.00536525109782815,0.027330201119184494,0.006548046134412289
201505A,2015,2015-11-09 03:30:00,EMBC,12.25,49.84,0,EMBC,0.004335758276283741,0.029119793325662613,0.015698276460170746,0.9329500198364258,0.017896195873618126
201505A,2015,2015-11-09 09:00:00,IRRCDO,12.3,49.1,0,CRVBND,0.009369983337819576,0.9273913502693176,0.043366748839616776,0.010755506344139576,0.009116430766880512
201505A,2015,2015-11-09 15:00:00,CRVBND,12.5,47.5,0,CRVBND,0.008451377972960472,0.8767040967941284,0.07561680674552917,0.004570935387164354,0.03465679660439491
201505A,2015,2015-11-09 21:00:00,SHEAR,12.9,46.5,0,SHEAR,0.011576373130083084,0.05721269175410271,0.9137970805168152,0.010170720517635345,0.007243072614073753
201601B,2016,2016-05-19 15:00:00,IRRCDO,15.7,83.3,4,CRVBND,0.021240143105387688,0.8893992900848389,0.04739173874258995,0.016048112884163857,0.02592073753476143
201601B,2016,2016-05-19 21:00:00,CRVBND,16.7,84.0,4,CRVBND,0.022909801453351974,0.9170334935188293,0.017683835700154305,0.02500239759683609,0.01737036556005478
201601B,2016,2016-05-20 10:00:00,EMBC,18.93,86.4,4,EMBC,0.019694052636623383,0.01337884645909071,0.010547656565904617,0.9267273545265198,0.029652168974280357
201601B,2016,2016-05-20 15:00:00,CRVBND,19.2,87.6,4,CRVBND,0.016811544075608253,0.9397486448287964,0.010469870641827583,0.013464570976793766,0.019505362957715988
201602A,2016,2016-06-27 09:00:00,CRVBND,21.8,64.4,0,CRVBND,0.030705377459526062,0.759148120880127,0.04777487739920616,0.03599455952644348,0.12637700140476227
201602A,2016,2016-06-27 15:00:00,IRRCDO,21.7,63.8,0,CRVBND,0.012669550254940987,0.9199775457382202,0.0037658242508769035,0.00673412112519145,0.05685288831591606
201602A,2016,2016-06-28 03:00:00,CRVBND,21.2,62.2,0,CRVBND,0.0111356470733881,0.92596036195755,0.030868198722600937,0.008012199774384499,0.024023711681365967
201602A,2016,2016-06-28 09:00:00,CRVBND,20.8,63.4,0,CRVBND,0.024115292355418205,0.6748101115226746,0.08397801220417023,0.012601757422089577,0.20449481904506683
201602A,2016,2016-06-28 15:00:00,SHEAR,20.4,63.3,0,SHEAR,0.0185021311044693,0.08422348648309708,0.8769364953041077,0.005210783798247576,0.015127088874578476
201602A,2016,2016-06-28 21:00:00,SHEAR,20.3,63.2,0,SHEAR,0.014545545913279057,0.32145413756370544,0.6318668127059937,0.0178997740149498,0.0142337242141366
201603B,2016,2016-10-25 04:30:00,EMBC,16.62,90.88,3,EMBC,0.012294753454625607,0.10188941657543182,0.0033439239487051964,0.8471879959106445,0.03528396785259247
201603B,2016,2016-10-25 11:30:00,EMBC,16.72,90.36,3,EMBC,0.020572606474161148,0.02955869399011135,0.007299668621271849,0.909829318523407,0.03273965045809746
201603B,2016,2016-10-25 17:30:00,IRRCDO,16.62,90.09,3,IRRCDO,0.01571309007704258,0.3972172737121582,0.01555661205202341,0.07170821726322174,0.4998047649860382
201603B,2016,2016-10-26 12:00:00,CRVBND,16.36,86.53,3,CRVBND,0.010394314303994179,0.5100221037864685,0.0055801160633563995,0.00301370513625443,0.47098976373672485
201603B,2016,2016-10-26 18:00:00,CRVBND,15.64,85.27,3,SHEAR,0.04476918280124664,0.28008612990379333,0.41825127601623535,0.07170157134532928,0.18519189953804016
201603B,2016,2016-10-27 00:00:00,IRRCDO,15.68,85.27,3,CRVBND,0.04346400499343872,0.5443923473358154,0.20136363804340363,0.013244904577732086,0.19753506779670715
201603B,2016,2016-10-27 04:30:00,CRVBND,15.48,84.55,3,CRVBND,0.026856007054448128,0.8188409805297852,0.030388442799448967,0.02913925237953663,0.09477534145116806
201604B,2016,2016-11-30 03:30:00,IRRCDO,8.95,85.23,2,IRRCDO,0.007732025347650051,0.30693691968917847,0.007744977250695229,0.032166287302970886,0.645419716835022
201604B,2016,2016-11-30 09:00:00,CRVBND,9.5,84.5,2,CRVBND,0.022781090810894966,0.8856033682823181,0.021481482312083244,0.026919430121779442,0.04321466013789177
201604B,2016,2016-11-30 15:00:00,CRVBND,10.1,83.5,2,CRVBND,0.014929341152310371,0.76539146900177,0.030275313183665276,0.031683653593063354,0.15772020816802979
201604B,2016,2016-11-30 21:00:00,SHEAR,10.2,82.3,2,SHEAR,0.017118584364652634,0.4548015892505646,0.4948635399341583,0.002980703953653574,0.030235646292567253
201604B,2016,2016-12-01 03:00:00,SHEAR,10.3,81.4,2,SHEAR,0.011111757718026638,0.004746078047901392,0.9713082909584045,0.0033838467206805944,0.009450065903365612
201604B,2016,2016-12-01 09:00:00,SHEAR,10.4,80.9,2,SHEAR,0.006617748644202948,0.0017630027141422033,0.9810422658920288,0.0031478507444262505,0.007429169025272131
201604B,2016,2016-12-01 15:00:00,SHEAR,10.6,80.4,2,SHEAR,0.00717451935634017,0.0011568794725462794,0.9795717597007751,0.002648457884788513,0.009448345750570297
201604B,2016,2016-12-01 21:00:00,SHEAR,10.75,79.7,2,SHEAR,0.008069233037531376,0.0006587960524484515,0.9780394434928894,0.003971614874899387,0.009260918945074081
201605B,2016,2016-12-07 15:00:00,CRVBND,10.9,91.7,4,EMBC,0.11659667640924454,0.10155817866325378,0.018314233049750328,0.7294696569442749,0.03406122326850891
201605B,2016,2016-12-07 20:30:00,IRRCDO,11.17,92.0,4,IRRCDO,0.034792736172676086,0.008398082107305527,0.016172366216778755,0.3282519578933716,0.6123849153518677
201605B,2016,2016-12-08 03:30:00,CRVBND,11.63,92.1,4,CRVBND,0.030612971633672714,0.8718489408493042,0.0065736244432628155,0.07057995349168777,0.020384531468153
201605B,2016,2016-12-08 09:00:00,CRVBND,11.4,91.9,4,CRVBND,0.03423747047781944,0.8528210520744324,0.021498698741197586,0.03546580299735069,0.05597703531384468
201605B,2016,2016-12-08 15:00:00,CRVBND,11.7,91.6,4,IRRCDO,0.008877462707459927,0.020554376766085625,0.0236657802015543,0.011347297579050064,0.935555100440979
201605B,2016,2016-12-08 20:30:00,IRRCDO,11.88,91.33,4,EMBC,0.016326118260622025,0.0011912346817553043,0.011332458816468716,0.824401319026947,0.14674891531467438
201605B,2016,2016-12-09 09:00:00,IRRCDO,11.9,90.5,4,CRVBND,0.036196861416101456,0.5666971206665039,0.04112556204199791,0.02210463583469391,0.33387574553489685
201605B,2016,2016-12-10 02:30:00,EMBC,12.82,87.52,4,EMBC,0.007752839010208845,0.0017871679738163948,0.009295553900301456,0.9727837443351746,0.008380711078643799
201605B,2016,2016-12-10 15:00:00,EMBC,13.3,85.8,4,EMBC,0.009413378313183784,0.006398970261216164,0.00955844484269619,0.9449915885925293,0.02963760867714882
201605B,2016,2016-12-10 21:00:00,EMBC,13.35,83.72,4,EMBC,0.010512757115066051,0.0033165141940116882,0.009904271923005581,0.9539604187011719,0.02230599708855152
201605B,2016,2016-12-11 21:00:00,EYE,13.2,82.0,4,EMBC,0.01612810604274273,0.0016304226592183113,0.013296796008944511,0.9606751799583435,0.008269486017525196
201605B,2016,2016-12-12 04:00:00,EYE,13.25,80.82,4,EMBC,0.008322357200086117,0.0015337566146627069,0.010366339236497879,0.9645118117332458,0.015265785157680511
201701B,2017,2017-04-15 21:10:00,IRRCDO,15.83,91.72,3,CRVBND,0.029733696952462196,0.848969042301178,0.009174804203212261,0.0400896780192852,0.07203273475170135
201701B,2017,2017-04-16 03:00:00,IRRCDO,16.8,92.7,3,CRVBND,0.015871625393629074,0.9188811182975769,0.003689293982461095,0.007903178222477436,0.05365481600165367
201701B,2017,2017-04-16 09:10:00,IRRCDO,17.33,93.13,3,CRVBND,0.02446916326880455,0.7656081318855286,0.07901568710803986,0.11693882197141647,0.013968219049274921
201701B,2017,2017-04-16 15:40:00,IRRCDO,18.61,93.99,3,CRVBND,0.026093870401382446,0.8747761249542236,0.02259507216513157,0.026909664273262024,0.04962526261806488
201702B,2017,2017-05-28 07:00:00,EMBC,14.68,89.54,2,CRVBND,0.011500491760671139,0.8779494762420654,0.004785505123436451,0.06405560672283173,0.041708897799253464
201702B,2017,2017-05-28 12:10:00,IRRCDO,15.41,90.82,2,CRVBND,0.016690552234649658,0.6399859189987183,0.0033398610539734364,0.06727630645036697,0.27270737290382385
201702B,2017,2017-05-28 18:10:00,IRRCDO,16.62,91.44,2,CRVBND,0.009100888855755329,0.8839541077613831,0.011953501030802727,0.04865109175443649,0.0463404580950737
201702B,2017,2017-05-29 00:10:00,IRRCDO,17.11,91.05,2,CRVBND,0.07098714262247086,0.6065483689308167,0.02315947599709034,0.22049495577812195,0.07881009578704834
201702B,2017,2017-05-29 13:10:00,IRRCDO,19.08,91.58,2,EMBC,0.1013026237487793,0.33782991766929626,0.030438799411058426,0.4727906882762909,0.05763794481754303
201702B,2017,2017-05-29 22:40:00,EYE,20.74,91.84,2,EMBC,0.09800460934638977,0.003864152589812875,0.005911377724260092,0.8831234574317932,0.00909635704010725
201703B,2017,2017-11-30 03:00:00,EMBC,7.7,76.9,3,CRVBND,0.18927323818206787,0.6803110837936401,0.01269247941672802,0.09372186660766602,0.024001330137252808
201703A,2017,2017-11-30 08:30:00,EMBC,7.97,76.27,1,EMBC,0.05505703389644623,0.29361411929130554,0.024228867143392563,0.5944139957427979,0.03268598020076752
201703B,2017,2017-11-30 14:30:00,EYE,8.42,74.91,3,EMBC,0.033178724348545074,0.0023079279344528913,0.0028755145613104105,0.9568727612495422,0.004765002056956291
201703B,2017,2017-11-30 21:00:00,EMBC,8.7,74.3,3,EMBC,0.008690789341926575,0.004075315315276384,0.002108226530253887,0.979393720626831,0.005732052028179169
201703B,2017,2017-12-01 03:00:00,EYE,8.9,73.8,3,EMBC,0.05831540748476982,0.042809776961803436,0.01958317495882511,0.8363870978355408,0.04290447384119034
201703B,2017,2017-12-01 09:30:00,EMBC,8.79,72.28,3,EMBC,0.017230138182640076,0.01907191053032875,0.003267581108957529,0.8881614208221436,0.07226888835430145
201703B,2017,2017-12-01 15:30:00,EYE,9.14,72.25,3,EMBC,0.17228952050209045,0.0038449268322438,0.019659295678138733,0.7985842227935791,0.005622134543955326
201703B,2017,2017-12-01 22:00:00,EYE,9.31,71.67,3,EMBC,0.13779191672801971,0.0026741642504930496,0.017531704157590866,0.8233228921890259,0.018679410219192505
201703B,2017,2017-12-02 03:00:00,EYE,9.45,71.45,3,EYE,0.943936824798584,0.0032861793879419565,0.014092140831053257,0.01984454318881035,0.018840299919247627
201703B,2017,2017-12-02 09:00:00,EYE,10.25,70.65,3,EYE,0.965265154838562,0.0021827060263603926,0.00944199226796627,0.007907344959676266,0.015202893875539303
201703B,2017,2017-12-03 04:00:00,IRRCDO,12.22,69.04,3,EMBC,0.011814557015895844,0.18449071049690247,0.005225234664976597,0.7519327998161316,0.046536657959222794
201703B,2017,2017-12-03 14:30:00,EMBC,13.05,68.7,3,EMBC,0.003938191570341587,0.01288746576756239,0.013549590483307838,0.9540840983390808,0.015540565364062786
201703B,2017,2017-12-03 21:00:00,EMBC,14.0,68.7,3,EMBC,0.008182356134057045,0.00488396268337965,0.01844792068004608,0.9450655579566956,0.023420261219143867
201703B,2017,2017-12-04 04:00:00,EMBC,14.72,68.95,3,EMBC,0.011613153852522373,0.411688894033432,0.0066125662997365,0.5262202620506287,0.04386516287922859
201703B,2017,2017-12-05 09:00:00,SHEAR,18.7,70.8,3,SHEAR,0.009160476736724377,0.0032631189096719027,0.9811354279518127,0.0020360643975436687,0.004404929466545582
201703B,2017,2017-12-05 17:00:00,SHEAR,20.03,71.41,3,SHEAR,0.010147955268621445,0.002489347942173481,0.9761059880256653,0.0032057592179626226,0.008050980977714062
201704B,2017,2017-12-08 21:00:00,CRVBND,18.7,86.9,0,CRVBND,0.08653140813112259,0.6707830429077148,0.19560959935188293,0.006878050044178963,0.040197890251874924
201704B,2017,2017-12-09 03:00:00,CRVBND,19.7,87.0,0,CRVBND,0.02276407927274704,0.8522174954414368,0.10212665051221848,0.010240839794278145,0.012650983408093452
201704B,2017,2017-12-09 09:00:00,SHEAR,19.1,86.9,0,SHEAR,0.00345044257119298,0.005631511099636555,0.9870555400848389,0.0017375870374962687,0.002124946331605315
201704B,2017,2017-12-09 15:00:00,SHEAR,19.7,87.2,0,SHEAR,0.003876665374264121,0.0012889920035377145,0.9899133443832397,0.0014182530576363206,0.0035028213169425726
201704B,2017,2017-12-09 21:00:00,SHEAR,20.31,87.63,0,SHEAR,0.0038581066764891148,0.0011597556294873357,0.9898757338523865,0.0014869568403810263,0.003619423368945718
201704B,2017,2017-12-10 03:45:00,SHEAR,21.04,88.26,0,SHEAR,0.003923094365745783,0.001258611911907792,0.9894436597824097,0.0015781322726979852,0.003796576289460063
201801A,2018,2018-05-17 00:00:00,CRVBND,13.21,49.1,2,CRVBND,0.011676868423819542,0.6657710075378418,0.006249184720218182,0.0019189963350072503,0.31438392400741577
201801A,2018,2018-05-17 11:00:00,IRRCDO,13.05,48.47,2,CRVBND,0.03500834107398987,0.4805309772491455,0.013559292070567608,0.06033599004149437,0.41056543588638306
201801A,2018,2018-05-17 18:00:00,CRVBND,12.7,47.54,2,CRVBND,0.009303893893957138,0.8599666953086853,0.03607398271560669,0.006652783136814833,0.08800260722637177
201801A,2018,2018-05-18 00:00:00,EMBC,12.28,46.59,2,IRRCDO,0.0016649371245875955,0.0037797263357788324,0.0016879118047654629,0.0010483021615073085,0.9918190240859985
201801A,2018,2018-05-18 18:00:00,IRRCDO,11.3,45.1,2,IRRCDO,0.0016531172441318631,0.0216786190867424,0.0009784761350601912,0.0016987117705866694,0.9739910364151001
201802A,2018,2018-05-22 06:00:00,CRVBND,9.37,56.87,1,CRVBND,0.017697971314191818,0.9254230260848999,0.005544042680412531,0.006959758698940277,0.04437516629695892
201802A,2018,2018-05-22 12:00:00,CRVBND,10.02,56.99,1,CRVBND,0.01626642793416977,0.45747631788253784,0.008035167120397091,0.23592664301395416,0.28229546546936035
201802A,2018,2018-05-23 19:00:00,EMBC,12.67,55.8,1,EMBC,0.01200732309371233,0.017304087057709694,0.01311689242720604,0.9221162796020508,0.035455480217933655
201802A,2018,2018-05-24 12:30:00,EMBC,14.35,55.26,1,EMBC,0.07154712826013565,0.05910705029964447,0.017776180058717728,0.823422908782959,0.02814674936234951
201802A,2018,2018-05-24 16:45:00,EYE,14.8,54.78,1,EMBC,0.0671764686703682,0.013329963199794292,0.023427443578839302,0.8664349317550659,0.02963121049106121
201802A,2018,2018-05-24 23:00:00,EMBC,15.34,54.51,1,EYE,0.7142948508262634,0.002844827016815543,0.015236657112836838,0.23179282248020172,0.03583088889718056
201802A,2018,2018-05-25 19:00:00,EYE,16.81,53.77,1,EMBC,0.09688146412372589,0.008330940268933773,0.01658354140818119,0.8587896227836609,0.019414464011788368
201804B,2018,2018-09-20 18:15:00,CRVBND,19.14,85.3,4,CRVBND,0.023345427587628365,0.8601515889167786,0.046450093388557434,0.03438116982579231,0.0356716588139534
201805A,2018,2018-10-08 06:00:00,CRVBND,12.76,61.73,2,CRVBND,0.0219627246260643,0.778359055519104,0.010612052865326405,0.08091415464878082,0.10815205425024033
201805A,2018,2018-10-08 12:00:00,CRVBND,12.53,61.05,2,CRVBND,0.01985951140522957,0.7187343835830688,0.007433613296598196,0.04378089681267738,0.2101914882659912
201805A,2018,2018-10-08 23:00:00,EMBC,12.67,60.87,2,EMBC,0.011800012551248074,0.00935220718383789,0.006181773729622364,0.9418001174926758,0.030865881592035294
201805A,2018,2018-10-09 06:30:00,CRVBND,13.12,60.17,2,EMBC,0.04705445468425751,0.2582511305809021,0.018230274319648743,0.6310625076293945,0.04540161043405533
201805A,2018,2018-10-09 12:00:00,EMBC,13.43,59.67,2,EMBC,0.12296397238969803,0.25076377391815186,0.020255286246538162,0.5798860788345337,0.026130832731723785
201805A,2018,2018-10-09 17:30:00,CRVBND,13.59,59.33,2,EYE,0.4970720112323761,0.15179896354675293,0.01845032349228859,0.24287232756614685,0.08980640023946762
201805A,2018,2018-10-10 05:30:00,EYE,14.26,58.94,2,EYE,0.5263421535491943,0.11807496845722198,0.021150000393390656,0.309328556060791,0.02510436624288559
201806B,2018,2018-10-10 06:00:00,EMBC,16.87,85.72,0,EYE,0.9662278890609741,0.008903210051357746,0.010166941210627556,0.006439430173486471,0.008262558840215206
201805A,2018,2018-10-10 12:00:00,CRVBND,14.39,58.69,2,EYE,0.7916985750198364,0.04187775030732155,0.01848841831088066,0.11995023488998413,0.027985025197267532
201806B,2018,2018-10-10 12:00:00,EYE,17.75,85.61,0,EYE,0.9567044973373413,0.006911051459610462,0.011990828439593315,0.010322130285203457,0.014071439392864704
201805A,2018,2018-10-10 18:00:00,EYE,14.47,58.46,2,EYE,0.9478642344474792,0.007226046174764633,0.010654538869857788,0.013899622485041618,0.020355528220534325
201806B,2018,2018-10-10 17:15:00,EMBC,18.14,85.19,0,EMBC,0.24556143581867218,0.058089688420295715,0.07688924670219421,0.5383773446083069,0.08108221739530563
201805A,2018,2018-10-10 23:45:00,CRVBND,14.54,58.1,2,CRVBND,0.13109056651592255,0.7852020263671875,0.01203540712594986,0.044422879815101624,0.02724914252758026
201806B,2018,2018-10-10 23:15:00,EMBC,19.0,85.0,0,EYE,0.9506968855857849,0.0020053170155733824,0.014658953994512558,0.025911502540111542,0.006727426312863827
201805A,2018,2018-10-11 05:45:00,CRVBND,14.52,57.9,2,CRVBND,0.0574154332280159,0.8022117614746094,0.011672144755721092,0.10525177419185638,0.023448869585990906
201805A,2018,2018-10-11 12:15:00,CRVBND,14.37,57.91,2,CRVBND,0.09191731363534927,0.8267254829406738,0.012514966540038586,0.05029534548521042,0.01854696124792099
201805A,2018,2018-10-11 18:15:00,CRVBND,14.53,57.67,2,CRVBND,0.008215249516069889,0.9595239162445068,0.005817578174173832,0.006866340059787035,0.019576922059059143
201805A,2018,2018-10-11 23:45:00,CRVBND,14.53,57.58,2,CRVBND,0.009853371419012547,0.9436904788017273,0.02989981882274151,0.0016665603034198284,0.014889765530824661
201805A,2018,2018-10-12 06:15:00,CRVBND,14.63,57.2,2,CRVBND,0.004439468029886484,0.9679797291755676,0.005276785232126713,0.0010155437048524618,0.02128850668668747
201805A,2018,2018-10-12 12:00:00,CRVBND,14.6,56.99,2,CRVBND,0.009477658197283745,0.8689876198768616,0.09337727725505829,0.0028783695306628942,0.02527901530265808
201805A,2018,2018-10-12 18:15:00,CRVBND,14.85,56.16,2,SHEAR,0.008482412435114384,0.016900859773159027,0.954864501953125,0.001915397704578936,0.01783682592213154
201805A,2018,2018-10-13 00:15:00,SHEAR,14.57,55.76,2,SHEAR,0.013675055466592312,0.4349099397659302,0.5101319551467896,0.009492131881415844,0.03179093077778816
201805A,2018,2018-10-13 06:15:00,CRVBND,14.6,54.9,2,CRVBND,0.016788508743047714,0.6686660647392273,0.2788126766681671,0.003022371791303158,0.03271031007170677
201805A,2018,2018-10-13 12:00:00,CRVBND,14.79,54.31,2,CRVBND,0.00825911108404398,0.9573909640312195,0.016918255016207695,0.005047545302659273,0.01238417811691761
201805A,2018,2018-10-13 18:15:00,CRVBND,15.06,53.55,2,SHEAR,0.021625174209475517,0.09221819043159485,0.8595356345176697,0.0139929736033082,0.012628067284822464
201805A,2018,2018-10-14 00:00:00,CRVBND,15.2,52.9,2,CRVBND,0.028733782470226288,0.6744772791862488,0.24579620361328125,0.012141243554651737,0.03885149210691452
201807B,2018,2018-11-10 20:45:00,IRRCDO,13.2,89.21,3,CRVBND,0.012686125002801418,0.8148864507675171,0.0037172390148043633,0.005903386045247316,0.16280680894851685
201807B,2018,2018-11-11 03:15:00,CRVBND,13.41,88.98,3,CRVBND,0.017517637461423874,0.6058028936386108,0.00576375238597393,0.27139514684677124,0.09952060133218765
201807B,2018,2018-11-11 09:15:00,CRVBND,13.41,88.38,3,CRVBND,0.03499661758542061,0.675117552280426,0.036942947655916214,0.24089455604553223,0.012048385106027126
201807B,2018,2018-11-11 15:15:00,CRVBND,13.4,87.28,3,CRVBND,0.022972458973526955,0.9332498908042908,0.004861121065914631,0.023399321362376213,0.015517250634729862
201807B,2018,2018-11-11 20:45:00,IRRCDO,12.9,86.72,3,CRVBND,0.016747180372476578,0.7423352599143982,0.0029431707225739956,0.04029253497719765,0.19768181443214417
201807B,2018,2018-11-12 02:45:00,CRVBND,12.4,86.91,3,CRVBND,0.026948152109980583,0.9312883615493774,0.01666778139770031,0.014147005043923855,0.010948619805276394
201807B,2018,2018-11-12 08:45:00,CRVBND,12.2,87.21,3,CRVBND,0.030639760196208954,0.7260574698448181,0.20569871366024017,0.016590435057878494,0.021013593301177025
201807B,2018,2018-11-12 15:15:00,CRVBND,12.6,87.49,3,CRVBND,0.02746669389307499,0.9341683983802795,0.011072342284023762,0.014487778767943382,0.012804815545678139
201807B,2018,2018-11-12 21:15:00,CRVBND,13.2,87.59,3,CRVBND,0.03307473286986351,0.7067087888717651,0.008270263671875,0.17906998097896576,0.07287625968456268
201807B,2018,2018-11-13 03:15:00,CRVBND,13.7,87.18,3,CRVBND,0.0597204715013504,0.7054522037506104,0.007101630792021751,0.19040143489837646,0.03732433542609215
201807B,2018,2018-11-13 09:15:00,CRVBND,13.79,86.07,3,CRVBND,0.03389403223991394,0.8386642336845398,0.009384892880916595,0.11177071183919907,0.006286152638494968
201807B,2018,2018-11-13 15:15:00,EYE,13.39,85.58,3,CRVBND,0.04177330806851387,0.8664347529411316,0.004915371537208557,0.023728270083665848,0.06314834952354431
201807B,2018,2018-11-14 09:00:00,EMBC,12.6,84.5,3,CRVBND,0.008263385854661465,0.9120768308639526,0.001920688315294683,0.019531337544322014,0.058207690715789795
201807B,2018,2018-11-14 15:45:00,EMBC,12.05,83.51,3,CRVBND,0.00815245509147644,0.8718151450157166,0.0031110437121242285,0.007189467549324036,0.10973190516233444
201807B,2018,2018-11-15 08:45:00,EMBC,11.21,81.64,3,EMBC,0.008685731329023838,0.008752256631851196,0.03539514169096947,0.4802365005016327,0.46693044900894165
201807B,2018,2018-11-15 15:45:00,EMBC,10.77,80.57,3,EMBC,0.03400671109557152,0.0003460698062554002,0.011720228008925915,0.9427931904792786,0.011133854277431965
201807B,2018,2018-11-16 19:45:00,CRVBND,9.7,74.99,3,CRVBND,0.006460319273173809,0.9261026382446289,0.0013303428422659636,0.011296131648123264,0.05481052026152611
201807B,2018,2018-11-17 03:15:00,CRVBND,10.11,73.65,3,IRRCDO,0.005490516312420368,0.2571726441383362,0.0009167168173007667,0.004187480080872774,0.7322326302528381
201807B,2018,2018-11-17 10:15:00,CRVBND,9.83,71.96,3,CRVBND,0.0043897381983697414,0.6430299878120422,0.002168466569855809,0.0497463084757328,0.30066555738449097
201807B,2018,2018-11-17 13:45:00,CRVBND,10.06,71.31,3,IRRCDO,0.002703990787267685,0.25514405965805054,0.0018470828654244542,0.001405080663971603,0.7388997673988342
201807B,2018,2018-11-18 09:15:00,CRVBND,10.61,68.36,3,CRVBND,0.012012558057904243,0.8741130828857422,0.005601527169346809,0.017244813963770866,0.09102804213762283
201807B,2018,2018-11-18 15:15:00,SHEAR,11.01,67.97,3,CRVBND,0.01489932555705309,0.8806843161582947,0.05154696851968765,0.014612232334911823,0.038257185369729996
201807B,2018,2018-11-18 21:15:00,SHEAR,10.61,67.37,3,SHEAR,0.03534114733338356,0.2861877381801605,0.6267333626747131,0.0041151042096316814,0.04762260243296623
201807B,2018,2018-11-19 03:15:00,SHEAR,10.75,66.51,3,CRVBND,0.033466946333646774,0.7791720032691956,0.08803822845220566,0.008403513580560684,0.09091927111148834
201807B,2018,2018-11-19 09:15:00,CRVBND,10.85,65.59,3,CRVBND,0.00874380674213171,0.8708692789077759,0.002332259900867939,0.018283246085047722,0.09977135807275772
201807B,2018,2018-11-19 15:15:00,SHEAR,10.95,64.59,3,CRVBND,0.04074079915881157,0.7125487327575684,0.11293867230415344,0.01475340873003006,0.11901840567588806
201808B,2018,2018-12-15 15:15:00,IRRCDO,10.83,84.88,4,IRRCDO,0.025016900151968002,0.35462620854377747,0.018315738067030907,0.09585458785295486,0.5061866044998169
201808B,2018,2018-12-16 21:00:00,EMBC,14.7,82.1,4,EMBC,0.007606300059705973,0.0062209926545619965,0.009792760014533997,0.9624021649360657,0.013977871276438236
201808B,2018,2018-12-17 09:15:00,CRVBND,16.63,82.3,4,CRVBND,0.013669552281498909,0.9208698868751526,0.030121194198727608,0.012351772747933865,0.02298758737742901
201901B,2019,2019-04-27 14:45:00,IRRCDO,6.67,89.32,0,CRVBND,0.032275449484586716,0.8134366869926453,0.06529824435710907,0.006551242899149656,0.0824383795261383
201901B,2019,2019-04-27 21:15:00,CRVBND,7.83,88.58,0,CRVBND,0.01308360230177641,0.8910970091819763,0.05655309930443764,0.0039064777083694935,0.035359784960746765
201901B,2019,2019-04-28 02:45:00,CRVBND,7.38,87.92,0,CRVBND,0.03045901656150818,0.861657440662384,0.03257998824119568,0.007472064346075058,0.06783146411180496
201901B,2019,2019-04-28 09:15:00,EMBC,7.82,87.38,0,CRVBND,0.005271487403661013,0.9500213861465454,0.015873944386839867,0.012181821279227734,0.016651393845677376
201901B,2019,2019-04-28 15:15:00,CRVBND,8.82,86.68,0,CRVBND,0.012193238362669945,0.931633710861206,0.03930763900279999,0.004553993232548237,0.012311424128711224
201901B,2019,2019-04-29 22:15:00,EMBC,11.63,86.84,0,EYE,0.614387035369873,0.017161719501018524,0.06683942675590515,0.2895609736442566,0.012050911784172058
201901B,2019,2019-04-30 08:45:00,EMBC,12.88,85.53,0,EMBC,0.23503819108009338,0.004683385603129864,0.03053285740315914,0.7255365252494812,0.004209105856716633
201901B,2019,2019-04-30 20:15:00,EMBC,13.61,84.14,0,IRRCDO,0.02630295418202877,0.018697191029787064,0.03563915565609932,0.043954476714134216,0.8754062056541443
201901B,2019,2019-05-01 04:15:00,EMBC,14.11,83.79,0,IRRCDO,0.013943678699433804,0.04999503120779991,0.012975630350410938,0.009526293724775314,0.9135592579841614
201901B,2019,2019-05-01 09:15:00,EYE,14.69,84.18,0,EYE,0.9625949859619141,0.004967033863067627,0.01442592404782772,0.009344910271465778,0.008667081594467163
201901B,2019,2019-05-01 15:15:00,EYE,15.22,84.15,0,EYE,0.9775114059448242,0.002339684870094061,0.008139312267303467,0.0035108497831970453,0.008498766459524632
201901B,2019,2019-05-02 03:45:00,EMBC,16.28,84.62,0,EYE,0.9516147971153259,0.0011236922582611442,0.007808614522218704,0.034645240753889084,0.004807633813470602
201901B,2019,2019-05-02 09:15:00,EYE,17.13,85.01,0,EYE,0.9719751477241516,0.003865930950269103,0.008762257173657417,0.0052498443983495235,0.010146954096853733
201901B,2019,2019-05-02 14:45:00,EYE,17.79,85.0,0,EYE,0.9729549288749695,0.0032267069909721613,0.008687645196914673,0.004701394587755203,0.010429350659251213
201901B,2019,2019-05-02 21:15:00,EYE,18.78,85.32,0,EYE,0.9810081720352173,0.0016405036440119147,0.008209479041397572,0.004486568737775087,0.004655280150473118
201902A,2019,2019-06-10 14:45:00,IRRCDO,13.68,70.8,2,IRRCDO,0.0013888522516936064,0.026026159524917603,0.0024443776346743107,0.0017007025890052319,0.9684398770332336
201902A,2019,2019-06-10 20:45:00,CRVBND,14.17,70.7,2,CRVBND,0.009628966450691223,0.7796763777732849,0.017128093168139458,0.005477092694491148,0.1880894899368286
201902A,2019,2019-06-11 03:45:00,IRRCDO,15.19,70.6,2,CRVBND,0.010192844085395336,0.7989994287490845,0.008684705011546612,0.007997210137546062,0.17412583529949188
201902A,2019,2019-06-11 09:15:00,EMBC,15.63,70.9,2,CRVBND,0.005875393282622099,0.889519453048706,0.00643424317240715,0.048727430403232574,0.049443427473306656
201902A,2019,2019-06-11 14:45:00,EYE,16.72,70.9,2,IRRCDO,0.06891445070505142,0.08362247049808502,0.017529403790831566,0.4098357856273651,0.42009788751602173
201902A,2019,2019-06-11 20:45:00,IRRCDO,17.47,70.7,2,IRRCDO,0.010176721028983593,0.10119056701660156,0.006422860082238913,0.06357121467590332,0.8186386227607727
201902A,2019,2019-06-12 10:15:00,EMBC,18.83,69.99,2,EMBC,0.023210858926177025,0.06484105437994003,0.011870692484080791,0.8569747805595398,0.04310266673564911
201902A,2019,2019-06-12 16:15:00,IRRCDO,19.52,69.68,2,IRRCDO,0.005918479524552822,0.0014947017189115286,0.0010805228957906365,0.0023087093140929937,0.9891975522041321
201902A,2019,2019-06-13 08:15:00,EYE,20.69,69.29,2,EYE,0.9579776525497437,0.0024077249690890312,0.010325754061341286,0.014812465757131577,0.014476422220468521
201902A,2019,2019-06-13 15:15:00,EYE,20.81,68.97,2,EYE,0.9565554857254028,0.004009013995528221,0.011587414890527725,0.0027511422522366047,0.025096895173192024
201902A,2019,2019-06-14 01:45:00,EMBC,20.94,68.42,2,EMBC,0.2473430335521698,0.3313641846179962,0.02486911416053772,0.3585779666900635,0.037845730781555176
201902A,2019,2019-06-14 09:15:00,EYE,20.55,68.39,2,EMBC,0.12085603177547455,0.13471123576164246,0.012568342499434948,0.7070239186286926,0.024840455502271652
201902A,2019,2019-06-14 14:45:00,CRVBND,20.75,68.21,2,EYE,0.856673538684845,0.04514145478606224,0.01824096217751503,0.057921890169382095,0.022022146731615067
201902A,2019,2019-06-15 03:15:00,EYE,20.78,66.98,2,EYE,0.6662188172340393,0.005828546360135078,0.010698184370994568,0.27554261684417725,0.041711729019880295
201902A,2019,2019-06-15 07:45:00,EYE,20.59,67.08,2,EMBC,0.07845622301101685,0.0474967285990715,0.01352415606379509,0.8379884362220764,0.022534452378749847
201902A,2019,2019-06-15 15:15:00,CRVBND,20.81,66.29,2,EMBC,0.2687945067882538,0.2521640360355377,0.0294937863945961,0.41493475437164307,0.0346129834651947
201902A,2019,2019-06-15 20:45:00,IRRCDO,20.7,65.81,2,CRVBND,0.040932826697826385,0.8432209491729736,0.016682380810379982,0.030294720083475113,0.06886906921863556
201902A,2019,2019-06-16 03:15:00,CRVBND,21.21,65.3,2,CRVBND,0.01288654189556837,0.4720485210418701,0.05585021153092384,0.019141899421811104,0.44007277488708496
201902A,2019,2019-06-16 08:15:00,IRRCDO,20.76,65.75,2,CRVBND,0.07220137864351273,0.4499054551124573,0.2572430372238159,0.1799316108226776,0.040718547999858856
201902A,2019,2019-06-16 14:45:00,SHEAR,20.68,65.48,2,SHEAR,0.012506511993706226,0.2615191340446472,0.37946033477783203,0.0018944962648674846,0.3446195721626282
201902A,2019,2019-06-16 21:15:00,SHEAR,21.01,66.42,2,SHEAR,0.006985593121498823,0.0009557406883686781,0.9806413650512695,0.0037100682966411114,0.007707336917519569
201902A,2019,2019-06-17 03:15:00,SHEAR,22.12,67.12,2,SHEAR,0.0035739243030548096,0.0012349950848147273,0.9896308779716492,0.002289321506395936,0.0032708407379686832
201902A,2019,2019-06-17 09:15:00,SHEAR,22.67,67.67,2,SHEAR,0.004400157369673252,0.0006262458045966923,0.9844852685928345,0.0029366740491241217,0.007551596965640783
201903A,2019,2019-09-23 03:45:00,EMBC,20.3,65.28,1,CRVBND,0.09440111368894577,0.4920775294303894,0.011562218889594078,0.03457589074969292,0.36738321185112
201903A,2019,2019-09-23 09:15:00,CRVBND,20.2,63.95,1,EYE,0.7513805627822876,0.06354014575481415,0.01056716125458479,0.010448094457387924,0.1640639752149582
201903A,2019,2019-09-23 14:45:00,EMBC,20.2,62.95,1,IRRCDO,0.0072598326951265335,0.055161893367767334,0.005358601454645395,0.019449356943368912,0.9127702713012695
201903A,2019,2019-09-24 01:45:00,EYE,20.13,60.58,1,IRRCDO,0.018282650038599968,0.024691538885235786,0.005830266512930393,0.4106155037879944,0.5405800938606262
201903A,2019,2019-09-24 14:15:00,EMBC,19.9,57.95,1,EMBC,0.12970024347305298,0.11442799121141434,0.015712151303887367,0.7051629424095154,0.03499661386013031
201904A,2019,2019-10-25 12:45:00,EMBC,16.13,71.66,1,EMBC,0.04026402533054352,0.03961903229355812,0.024764666333794594,0.8636898994445801,0.03166232630610466
201904A,2019,2019-10-25 16:45:00,EMBC,16.47,71.75,1,EMBC,0.00652703084051609,0.0041717179119586945,0.008260474540293217,0.9557129740715027,0.025327712297439575
201904A,2019,2019-10-25 22:45:00,EMBC,16.57,71.04,1,EMBC,0.01274812687188387,0.00699553033336997,0.007932824082672596,0.9499546885490417,0.022368891164660454
201904A,2019,2019-10-26 07:15:00,EMBC,16.9,70.04,1,EMBC,0.016740912571549416,0.010285556316375732,0.008996285498142242,0.9338452816009521,0.030131971463561058
201904A,2019,2019-10-26 12:15:00,EYE,16.75,69.49,1,EYE,0.9714077115058899,0.0023404674138873816,0.006910558324307203,0.0022162229288369417,0.017125142738223076
201904A,2019,2019-10-26 18:15:00,EYE,16.95,68.86,1,EYE,0.9791296124458313,0.002194308442994952,0.0057685901410877705,0.0014757404569536448,0.011431735940277576
201904A,2019,2019-10-27 00:15:00,EYE,17.13,68.22,1,EYE,0.9793302416801453,0.002753583714365959,0.00548958545550704,0.0005540188285522163,0.011872559785842896
201904A,2019,2019-10-27 06:15:00,EYE,17.31,67.39,1,EYE,0.9674075841903687,0.0030649839900434017,0.007971703074872494,0.0011180307483300567,0.02043771743774414
201904A,2019,2019-10-27 11:45:00,EYE,17.56,66.88,1,EYE,0.9604595899581909,0.0028482372872531414,0.007096550893038511,0.0014832986053079367,0.028112374246120453
201904A,2019,2019-10-27 18:15:00,EYE,18.0,66.17,1,EYE,0.9794718027114868,0.0026213047094643116,0.005989466793835163,0.0008166542975232005,0.011100833304226398
201904A,2019,2019-10-28 00:15:00,EYE,18.29,65.44,1,EYE,0.9763120412826538,0.002940309699624777,0.007649896666407585,0.0005264751962386072,0.01257120817899704
201904A,2019,2019-10-28 06:15:00,EYE,18.38,64.81,1,EYE,0.974785327911377,0.003422957379370928,0.007695689331740141,0.0006016716943122447,0.013494309969246387
201904A,2019,2019-10-28 12:15:00,EYE,18.61,64.41,1,EYE,0.9547597765922546,0.0036735429894179106,0.01056689117103815,0.0016818712465465069,0.029317980632185936
201904A,2019,2019-10-28 17:45:00,EYE,18.82,64.01,1,EYE,0.9627938270568848,0.0032963769044727087,0.008589621633291245,0.001161294407211244,0.024158913642168045
201904A,2019,2019-10-29 06:15:00,EYE,19.36,63.27,1,EYE,0.9596075415611267,0.005931227467954159,0.013891099020838737,0.0015456941910088062,0.019024385139346123
201904A,2019,2019-10-29 11:45:00,EYE,19.45,63.01,1,EMBC,0.14502115547657013,0.02941679023206234,0.030357861891388893,0.7797395586967468,0.015464689582586288
201904A,2019,2019-10-29 17:45:00,EMBC,19.53,62.82,1,EMBC,0.029215984046459198,0.3482836186885834,0.006640894338488579,0.5326890349388123,0.08317043632268906
201904A,2019,2019-10-29 23:15:00,EMBC,19.61,62.51,1,EMBC,0.030506150797009468,0.3513690233230591,0.025349635630846024,0.578493058681488,0.014282075688242912
201904A,2019,2019-10-30 12:15:00,CRVBND,19.0,61.41,1,CRVBND,0.008791814558207989,0.9207567572593689,0.0041954657062888145,0.004314549267292023,0.06194136291742325
201905A,2019,2019-10-30 12:15:00,CRVBND,9.85,74.2,0,IRRCDO,0.006348748691380024,0.45961281657218933,0.023593805730342865,0.0013342895545065403,0.5091103315353394
201904A,2019,2019-10-30 18:15:00,SHEAR,18.54,60.89,1,CRVBND,0.05798550695180893,0.8386667966842651,0.07061959058046341,0.0013529884163290262,0.03137506917119026
201905A,2019,2019-10-30 18:15:00,CRVBND,10.91,73.44,0,CRVBND,0.03957425802946091,0.8506074547767639,0.09044274687767029,0.005163250025361776,0.014212344773113728
201904A,2019,2019-10-30 23:45:00,CRVBND,18.14,60.49,1,CRVBND,0.03234238177537918,0.6783912181854248,0.2472449243068695,0.0020916054490953684,0.039929863065481186
201904A,2019,2019-10-31 05:45:00,SHEAR,17.85,60.12,1,CRVBND,0.026982178911566734,0.6349595785140991,0.23430407047271729,0.005802060477435589,0.09795212745666504
201904A,2019,2019-10-31 11:45:00,SHEAR,17.33,59.52,1,CRVBND,0.02166222594678402,0.8501688241958618,0.014108686707913876,0.002872210694476962,0.11118803918361664
201905A,2019,2019-10-31 12:45:00,CRVBND,12.81,72.63,0,IRRCDO,0.017390286549925804,0.4588654935359955,0.02201928198337555,0.0064240386709570885,0.49530088901519775
201904A,2019,2019-10-31 17:45:00,CRVBND,16.88,59.31,1,SHEAR,0.022360261529684067,0.4356168210506439,0.5148575305938721,0.002428961917757988,0.024736445397138596
201905A,2019,2019-10-31 17:45:00,IRRCDO,13.62,72.31,0,IRRCDO,0.01954612508416176,0.09011871367692947,0.03971470147371292,0.005961485672742128,0.8446590304374695
201904A,2019,2019-11-01 00:15:00,CRVBND,16.58,59.1,1,SHEAR,0.0472073070704937,0.3208279311656952,0.6033721566200256,0.0017371582798659801,0.0268554724752903
201905A,2019,2019-11-01 00:45:00,CRVBND,15.06,71.72,0,CRVBND,0.02219279482960701,0.9155502319335938,0.0075377426110208035,0.042290713638067245,0.01242858450859785
201904A,2019,2019-11-01 05:45:00,SHEAR,16.03,58.62,1,CRVBND,0.02876175008714199,0.8958348035812378,0.04818207025527954,0.004654064774513245,0.022567303851246834
201905A,2019,2019-11-01 06:15:00,CRVBND,15.77,71.09,0,CRVBND,0.011060390621423721,0.5730210542678833,0.020913830026984215,0.0031628813594579697,0.391841858625412
201904A,2019,2019-11-01 11:45:00,CRVBND,15.38,58.03,1,CRVBND,0.03876251354813576,0.4654274880886078,0.012880771420896053,0.020102180540561676,0.46282699704170227
201905A,2019,2019-11-01 12:45:00,CRVBND,15.82,69.52,0,EMBC,0.05302608385682106,0.267478883266449,0.03361451253294945,0.6277072429656982,0.01817326433956623
201905A,2019,2019-11-02 13:15:00,CRVBND,16.85,67.56,0,EMBC,0.025819260627031326,0.09624986350536346,0.061480116099119186,0.8099279999732971,0.006522726733237505
201905A,2019,2019-11-02 18:15:00,CRVBND,17.37,67.01,0,CRVBND,0.011329910717904568,0.9234721064567566,0.011651841923594475,0.04749460145831108,0.006051554810255766
201905A,2019,2019-11-02 23:45:00,CRVBND,17.49,66.47,0,CRVBND,0.09801998734474182,0.5983922481536865,0.2386607825756073,0.021600956097245216,0.04332604259252548
201905A,2019,2019-11-03 13:15:00,EYE,17.79,65.75,0,EMBC,0.03742370381951332,0.0023213159292936325,0.011210222728550434,0.9415377378463745,0.007506918627768755
201905A,2019,2019-11-03 17:45:00,EYE,17.99,65.43,0,EYE,0.9763330817222595,0.0026527410373091698,0.007720937021076679,0.0033163726329803467,0.009976946748793125
201905A,2019,2019-11-03 23:45:00,EYE,18.19,65.05,0,EYE,0.982032835483551,0.0010638694511726499,0.00567962508648634,0.001215955475345254,0.010007791221141815
201905A,2019,2019-11-04 06:15:00,EYE,18.61,64.32,0,EYE,0.9500302076339722,0.005572462920099497,0.023876719176769257,0.004893697332590818,0.015626996755599976
201905A,2019,2019-11-04 11:45:00,EYE,19.0,64.19,0,EYE,0.9641612768173218,0.00428990600630641,0.013983243145048618,0.004026990849524736,0.013538665138185024
201905A,2019,2019-11-04 17:45:00,EYE,19.44,63.71,0,EYE,0.9691411852836609,0.0043469760566949844,0.011182380840182304,0.004073356743901968,0.011256099678575993
201905A,2019,2019-11-05 05:45:00,EYE,20.05,64.11,0,EYE,0.5985693335533142,0.2944687306880951,0.0027885599993169308,0.031056638807058334,0.07311679422855377
201905A,2019,2019-11-05 11:15:00,EMBC,19.7,64.28,0,EMBC,0.41142746806144714,0.003723291913047433,0.029909798875451088,0.5300006866455078,0.024938734248280525
201905A,2019,2019-11-05 17:45:00,CRVBND,19.8,64.34,0,EMBC,0.01871498115360737,0.0024718481581658125,0.008817357942461967,0.5681015253067017,0.40189430117607117
201905A,2019,2019-11-05 23:45:00,CRVBND,19.77,65.64,0,IRRCDO,0.05021042749285698,0.3488425612449646,0.1611820012331009,0.025667017325758934,0.41409793496131897
201905A,2019,2019-11-06 05:15:00,CRVBND,19.78,67.02,0,CRVBND,0.032053783535957336,0.5915225744247437,0.25331932306289673,0.013310902751982212,0.10979340970516205
201905A,2019,2019-11-06 18:00:00,SHEAR,19.82,68.74,0,SHEAR,0.0037584425881505013,0.007575587369501591,0.9827550053596497,0.002460322342813015,0.003450638148933649
201905A,2019,2019-11-06 23:45:00,SHEAR,19.12,68.58,0,SHEAR,0.0034774593077600002,0.002282142173498869,0.9899886250495911,0.002019044943153858,0.0022327154874801636
201905A,2019,2019-11-07 05:15:00,SHEAR,19.01,68.95,0,SHEAR,0.002467965707182884,0.0011257576989009976,0.9936848282814026,0.001019356190226972,0.0017020058585330844
201906A,2019,2019-12-03 09:15:00,CRVBND,6.91,57.09,3,CRVBND,0.0424862876534462,0.7443678379058838,0.1660865992307663,0.029871953651309013,0.01718735322356224
201906A,2019,2019-12-03 15:15:00,SHEAR,7.11,57.39,3,SHEAR,0.03529750183224678,0.16918757557868958,0.7744126319885254,0.0062651485204696655,0.01483719702810049
201907A,2019,2019-12-03 15:15:00,CRVBND,13.72,69.98,1,CRVBND,0.011308030225336552,0.9617010951042175,0.004143876489251852,0.003563705598935485,0.019283317029476166
201906A,2019,2019-12-03 20:15:00,CRVBND,7.22,57.33,3,CRVBND,0.02664285898208618,0.7092927694320679,0.0042649125680327415,0.07299717515707016,0.1868022382259369
201907A,2019,2019-12-03 20:45:00,IRRCDO,13.78,69.32,1,EYE,0.44545432925224304,0.2629202604293823,0.015462917275726795,0.002550601726397872,0.2736119031906128
201906A,2019,2019-12-04 02:45:00,EMBC,7.34,57.64,3,CRVBND,0.010553441010415554,0.6960318088531494,0.008479989133775234,0.2318727821111679,0.05306193605065346
201907A,2019,2019-12-04 03:15:00,CRVBND,14.62,69.08,1,CRVBND,0.04693840816617012,0.8757225871086121,0.031054263934493065,0.002036808291450143,0.04424791410565376
201906A,2019,2019-12-04 09:15:00,CRVBND,7.7,57.4,3,CRVBND,0.02840546704828739,0.636366069316864,0.0034344925079494715,0.18443472683429718,0.1473592221736908
201907A,2019,2019-12-04 08:45:00,SHEAR,14.88,68.72,1,SHEAR,0.05731067806482315,0.10250912606716156,0.7766361236572266,0.012627735733985901,0.05091637745499611
201906A,2019,2019-12-04 14:45:00,CRVBND,8.38,57.01,3,CRVBND,0.03268507122993469,0.9172120690345764,0.01770307868719101,0.0103007722645998,0.022099055349826813
201907A,2019,2019-12-04 15:15:00,SHEAR,14.91,68.18,1,SHEAR,0.01192366424947977,0.003817195538431406,0.9613342881202698,0.005898480303585529,0.017026353627443314
201906A,2019,2019-12-04 20:45:00,CRVBND,8.95,56.61,3,CRVBND,0.008994383737444878,0.5826168060302734,0.011911758221685886,0.26828280091285706,0.1281941831111908
201907A,2019,2019-12-04 20:45:00,SHEAR,15.09,67.67,1,SHEAR,0.015386001206934452,0.015957720577716827,0.9459701776504517,0.005278092343360186,0.01740804873406887
201906A,2019,2019-12-05 02:45:00,CRVBND,9.69,55.83,3,CRVBND,0.02113967388868332,0.7618192434310913,0.02815742790699005,0.1396743357181549,0.04920925199985504
201906A,2019,2019-12-05 15:00:00,CRVBND,9.3,54.5,3,CRVBND,0.03205278143286705,0.8782587647438049,0.03713599592447281,0.018252627924084663,0.034299883991479874
201906A,2019,2019-12-05 20:45:00,IRRCDO,9.06,53.68,3,CRVBND,0.011083624325692654,0.7211860418319702,0.021817438304424286,0.08565653860569,0.16025638580322266
201906A,2019,2019-12-06 09:45:00,CRVBND,7.52,51.55,3,CRVBND,0.008523501455783844,0.7849545478820801,0.008827218785881996,0.17759618163108826,0.020098619163036346
201906A,2019,2019-12-06 14:45:00,CRVBND,7.37,51.54,3,IRRCDO,0.018150635063648224,0.39884719252586365,0.0016999756917357445,0.005889597348868847,0.5754125714302063
201906A,2019,2019-12-06 20:45:00,CRVBND,7.07,50.29,3,CRVBND,0.008230104111135006,0.9796919226646423,0.004318340681493282,0.0021266606636345387,0.0056329648941755295
202001B,2020,2020-05-17 09:15:00,EMBC,11.72,86.3,4,EMBC,0.010720878839492798,0.0023133745416998863,0.010665357112884521,0.9656293988227844,0.010670943185687065
202001B,2020,2020-05-17 15:15:00,EMBC,12.2,86.76,4,EYE,0.9696406126022339,0.0028861467726528645,0.006605406291782856,0.008274816907942295,0.0125930430367589
202001B,2020,2020-05-17 20:45:00,EYE,12.9,86.57,4,EYE,0.9691776633262634,0.0032739301677793264,0.006737837567925453,0.006422348786145449,0.014388179406523705
202001B,2020,2020-05-18 02:45:00,EYE,13.33,86.35,4,EYE,0.9729922413825989,0.0025766498874872923,0.0062315636314451694,0.006243573967367411,0.01195596158504486
202001B,2020,2020-05-18 08:45:00,EYE,13.65,86.39,4,EYE,0.9683827757835388,0.0032633068040013313,0.007296186406165361,0.006849532946944237,0.014208230189979076
202001B,2020,2020-05-18 15:15:00,EYE,14.53,86.64,4,EYE,0.9668152332305908,0.0028997331392019987,0.007909405045211315,0.008489211089909077,0.013886388391256332
202001B,2020,2020-05-18 22:15:00,EMBC,15.36,86.64,4,EMBC,0.008640985935926437,0.0009744694107212126,0.010065743699669838,0.9714330434799194,0.008885711431503296
202001B,2020,2020-05-19 07:45:00,EMBC,16.71,87.1,4,EMBC,0.010003065690398216,0.0034142069052904844,0.012258992530405521,0.9604371786117554,0.013886562548577785
202001B,2020,2020-05-19 15:15:00,EMBC,17.91,87.13,4,EMBC,0.012974685989320278,0.0012339747045189142,0.010097403079271317,0.9641003012657166,0.011593583971261978
202001B,2020,2020-05-20 01:45:00,EMBC,19.62,87.09,4,EMBC,0.010447573848068714,0.002015260513871908,0.012902840040624142,0.9637633562088013,0.010870986618101597
202002A,2020,2020-06-02 23:45:00,EYE,17.61,72.23,4,EMBC,0.02557230368256569,0.0045585050247609615,0.009899341501295567,0.9470697641372681,0.012900025583803654
202002A,2020,2020-06-03 06:15:00,EYE,18.03,72.74,4,EMBC,0.4285186529159546,0.03192920237779617,0.02291925996541977,0.49689409136772156,0.0197386983782053
202003A,2020,2020-11-22 06:15:00,EYE,10.41,52.43,4,EYE,0.9548235535621643,0.012267480604350567,0.006414631847292185,0.012059589847922325,0.014434684999287128
202003A,2020,2020-11-22 11:45:00,EYE,10.32,51.55,4,EYE,0.9476191401481628,0.009143637493252754,0.011026950553059578,0.023079756647348404,0.009130466729402542
202003A,2020,2020-11-23 11:45:00,SHEAR,11.48,48.73,4,SHEAR,0.0032309924717992544,0.0007459386251866817,0.983622133731842,0.005908234044909477,0.0064926459454
202003A,2020,2020-11-23 17:45:00,SHEAR,11.58,47.83,4,SHEAR,0.008334269747138023,0.034091103821992874,0.9313763976097107,0.009911706671118736,0.016286613419651985
202004B,2020,2020-11-23 18:15:00,CRVBND,10.18,83.67,2,CRVBND,0.007185798604041338,0.961011528968811,0.010294470936059952,0.0025492003187537193,0.01895901933312416
202003A,2020,2020-11-23 23:45:00,CRVBND,11.71,46.73,4,SHEAR,0.02623632363975048,0.28243330121040344,0.6213226914405823,0.028213154524564743,0.041794564574956894
202004B,2020,2020-11-23 23:45:00,CRVBND,9.97,82.84,2,CRVBND,0.006084180902689695,0.9618042707443237,0.006158435717225075,0.007287528365850449,0.018665572628378868
202003A,2020,2020-11-24 05:15:00,CRVBND,11.52,46.0,4,SHEAR,0.016278579831123352,0.1680932193994522,0.7068794965744019,0.026909619569778442,0.08183911442756653
202004B,2020,2020-11-25 06:45:00,EMBC,11.29,81.95,2,CRVBND,0.07386127859354019,0.6060746908187866,0.01047455333173275,0.23360180854797363,0.07598761469125748
202004B,2020,2020-11-25 13:15:00,EMBC,11.72,81.02,2,IRRCDO,0.010628183372318745,0.21755272150039673,0.0037715162616223097,0.07139083743095398,0.6966567635536194
202004B,2020,2020-11-25 18:45:00,IRRCDO,12.09,80.34,2,EMBC,0.14125466346740723,0.21970587968826294,0.016058461740612984,0.5133481621742249,0.10963284224271774
202005B,2020,2020-12-01 19:30:00,EMBC,8.31,83.77,1,CRVBND,0.019189350306987762,0.8668215870857239,0.0048903170973062515,0.02453312836587429,0.08456556499004364
202005B,2020,2020-12-02 01:15:00,EMBC,8.61,83.14,1,EMBC,0.02182687073945999,0.17563334107398987,0.009056438691914082,0.6454693675041199,0.14801394939422607
202005B,2020,2020-12-02 11:15:00,CRVBND,9.06,81.7,1,CRVBND,0.008845023810863495,0.9728325009346008,0.0038132795598357916,0.003990684170275927,0.01051852572709322
202005B,2020,2020-12-02 17:45:00,CRVBND,8.84,81.55,1,CRVBND,0.020426377654075623,0.9486575722694397,0.00764548359438777,0.0050346581265330315,0.018235815688967705
202005B,2020,2020-12-02 22:45:00,EMBC,9.15,80.94,1,EMBC,0.010951475240290165,0.021786751225590706,0.016183549538254738,0.9047863483428955,0.046291932463645935
202005B,2020,2020-12-03 06:45:00,CRVBND,9.2,80.09,1,CRVBND,0.012986615300178528,0.9299685955047607,0.004367696586996317,0.019526943564414978,0.033150091767311096
202005B,2020,2020-12-03 12:00:00,CRVBND,9.22,79.4,1,CRVBND,0.011270795948803425,0.9374982714653015,0.037863507866859436,0.002456073183566332,0.010911321267485619
202005B,2020,2020-12-03 23:45:00,CRVBND,9.4,79.41,1,CRVBND,0.016436727717518806,0.904324471950531,0.010699025355279446,0.002310332842171192,0.06622941792011261
202005B,2020,2020-12-04 06:15:00,CRVBND,9.3,79.36,1,CRVBND,0.014286903664469719,0.8819236159324646,0.07686959207057953,0.004031307063996792,0.022888487204909325
202005B,2020,2020-12-04 11:45:00,CRVBND,9.3,79.31,1,CRVBND,0.05976970121264458,0.6984538435935974,0.055337093770504,0.009807905182242393,0.17663151025772095
202005B,2020,2020-12-05 05:15:00,CRVBND,9.0,78.85,1,CRVBND,0.03758004307746887,0.6906073689460754,0.02976779080927372,0.006530057173222303,0.23551470041275024
202101A,2021,2021-05-14 09:45:00,CRVBND,11.96,72.22,1,CRVBND,0.010442232713103294,0.9648616909980774,0.0028350288048386574,0.004697855096310377,0.01716318354010582
202101A,2021,2021-05-14 15:15:00,CRVBND,12.22,72.2,1,CRVBND,0.04084402322769165,0.9394739270210266,0.006682980805635452,0.0020895153284072876,0.010909526608884335
202101A,2021,2021-05-14 20:15:00,CRVBND,12.32,72.29,1,CRVBND,0.0611359179019928,0.5641791820526123,0.01570294424891472,0.29813051223754883,0.060851432383060455
202101A,2021,2021-05-15 03:15:00,EMBC,13.03,72.3,1,CRVBND,0.021867088973522186,0.7226979732513428,0.005412602331489325,0.23179110884666443,0.018231285735964775
202101A,2021,2021-05-15 21:15:00,EMBC,14.93,72.79,1,EMBC,0.08209571987390518,0.00287363538518548,0.008826090022921562,0.8809633851051331,0.025241196155548096
202101A,2021,2021-05-16 09:15:00,EYE,16.41,72.63,1,EYE,0.9717314839363098,0.002255162689834833,0.005819911137223244,0.0028224140405654907,0.017371002584695816
202101A,2021,2021-05-16 15:15:00,EYE,17.44,72.28,1,EYE,0.9821173548698425,0.0018417361425235868,0.0059980712831020355,0.0011026646243408322,0.008940143510699272
202101A,2021,2021-05-16 21:15:00,EYE,18.17,71.75,1,EYE,0.9884459972381592,0.0016407024813815951,0.004750247113406658,0.00047652272041887045,0.0046865688636898994
202101A,2021,2021-05-17 02:45:00,EYE,18.93,71.46,1,EYE,0.986863374710083,0.0018203650834038854,0.005028422921895981,0.0014412066666409373,0.004846618510782719
202101A,2021,2021-05-17 09:15:00,EYE,20.03,71.35,1,EYE,0.9736492037773132,0.001716159749776125,0.007505058776587248,0.007383360993117094,0.009746269322931767
202101A,2021,2021-05-17 15:15:00,EYE,20.56,71.39,1,EYE,0.9794315695762634,0.001920335809700191,0.008084919303655624,0.0022101455833762884,0.008353041484951973
202102B,2021,2021-05-24 03:15:00,CRVBND,16.22,89.8,3,CRVBND,0.015161419287323952,0.940692663192749,0.012086988426744938,0.00884310994297266,0.023215817287564278
202102B,2021,2021-05-24 08:45:00,CRVBND,17.08,89.91,3,CRVBND,0.026536447927355766,0.7376474738121033,0.06802414357662201,0.039014700800180435,0.12877728044986725
202102B,2021,2021-05-24 15:15:00,CRVBND,17.62,89.09,3,IRRCDO,0.0413828082382679,0.2752086818218231,0.1077374666929245,0.04465653747320175,0.5310145020484924
202102B,2021,2021-05-25 15:15:00,EMBC,20.13,88.08,3,EYE,0.3739871382713318,0.06952018290758133,0.01658429019153118,0.26875564455986023,0.27115267515182495
202103B,2021,2021-09-24 12:10:00,CRVBND,19.01,91.31,2,CRVBND,0.0053177932277321815,0.7222745418548584,0.010260291397571564,0.007049061357975006,0.2550983130931854
202103B,2021,2021-09-24 18:15:00,CRVBND,18.66,89.99,2,SHEAR,0.01610182784497738,0.1561768501996994,0.7018353343009949,0.04823744669556618,0.0776485875248909
202103B,2021,2021-09-25 18:15:00,IRRCDO,18.33,87.61,2,IRRCDO,0.000461648334749043,0.0017626797780394554,0.0005748000112362206,0.0006468606879934669,0.9965540170669556
202103B,2021,2021-09-26 00:15:00,IRRCDO,18.26,87.32,2,CRVBND,0.03711092099547386,0.5667377710342407,0.06364727020263672,0.032073426991701126,0.3004305362701416
202103B,2021,2021-09-26 06:15:00,EMBC,18.5,85.96,2,IRRCDO,0.004746597725898027,0.004147081635892391,0.0021703268866986036,0.03018062189221382,0.9587554931640625
202103A,2021,2021-10-01 00:45:00,EMBC,22.85,64.51,4,EMBC,0.023893281817436218,0.02760767936706543,0.02145395800471306,0.9063141345977783,0.020730867981910706
202103A,2021,2021-10-01 06:15:00,EMBC,23.01,64.26,4,EMBC,0.013252857141196728,0.0030952522065490484,0.011762569658458233,0.9631146192550659,0.008774682879447937
202103A,2021,2021-10-01 12:45:00,EMBC,23.33,63.53,4,EMBC,0.006438684184104204,0.0021792117040604353,0.010568175464868546,0.9716169238090515,0.009196987375617027
202103A,2021,2021-10-01 18:15:00,EYE,23.82,63.06,4,EYE,0.9163006544113159,0.010487880557775497,0.008587472140789032,0.038919154554605484,0.025704819709062576
202103A,2021,2021-10-02 00:15:00,CRVBND,23.91,62.39,4,EMBC,0.04405077546834946,0.3762551248073578,0.013453115709125996,0.48281052708625793,0.08343037962913513
202103A,2021,2021-10-02 06:15:00,EYE,24.11,61.69,4,EMBC,0.3874754011631012,0.08275411278009415,0.015052001923322678,0.4935705065727234,0.021147988736629486
202103A,2021,2021-10-02 18:15:00,EMBC,24.34,59.76,4,CRVBND,0.024168554693460464,0.6519229412078857,0.04282379522919655,0.25844088196754456,0.02264384552836418
202103A,2021,2021-10-03 00:15:00,CRVBND,24.27,59.43,4,CRVBND,0.020559392869472504,0.5418302416801453,0.043747302144765854,0.35106486082077026,0.04279816895723343
202103A,2021,2021-10-03 06:15:00,EYE,24.3,58.68,4,EMBC,0.022804884240031242,0.0045600528828799725,0.01970037817955017,0.9336405396461487,0.019294176250696182
202104B,2021,2021-11-11 11:45:00,CRVBND,13.19,80.32,3,SHEAR,0.03413327410817146,0.24754545092582703,0.6472617983818054,0.05244835838675499,0.01861114427447319
202105B,2021,2021-12-03 08:45:00,CRVBND,14.48,84.92,4,CRVBND,0.02353815920650959,0.8483536839485168,0.03126131743192673,0.06309692561626434,0.03374986723065376
202105B,2021,2021-12-03 21:15:00,CRVBND,15.13,84.79,4,SHEAR,0.01853964477777481,0.1336270421743393,0.8148584365844727,0.023070815950632095,0.009904076345264912
202105B,2021,2021-12-04 03:15:00,CRVBND,16.03,85.0,4,SHEAR,0.025219878181815147,0.36505627632141113,0.38437628746032715,0.021736955270171165,0.2036106139421463
202105B,2021,2021-12-04 08:15:00,IRRCDO,16.33,84.89,4,SHEAR,0.03328254446387291,0.12425803393125534,0.4680446684360504,0.04978010803461075,0.3246346712112427
202105B,2021,2021-12-04 15:15:00,CRVBND,16.97,85.03,4,CRVBND,0.022378722205758095,0.8559259176254272,0.06344800442457199,0.014109570533037186,0.04413770139217377
202105B,2021,2021-12-04 21:15:00,CRVBND,17.45,85.19,4,SHEAR,0.019947266206145287,0.045862071216106415,0.8403120040893555,0.026118138805031776,0.06776047497987747
202105B,2021,2021-12-05 09:15:00,CRVBND,20.02,86.56,4,IRRCDO,0.033218979835510254,0.22098366916179657,0.029482735320925713,0.11280746757984161,0.6035071611404419
202105B,2021,2021-12-05 14:45:00,IRRCDO,20.61,87.01,4,SHEAR,0.027587054297327995,0.29523175954818726,0.5855488181114197,0.02754203788936138,0.06409036368131638
202201B,2022,2022-03-04 20:45:00,CRVBND,11.1,83.51,2,CRVBND,0.013639465905725956,0.9557111859321594,0.004970755893737078,0.014848322607576847,0.010830193758010864
202201B,2022,2022-03-05 03:15:00,CRVBND,11.91,84.19,2,CRVBND,0.009127166122198105,0.9414585828781128,0.022873861715197563,0.007197258528321981,0.019343100488185883
202201B,2022,2022-03-05 09:15:00,CRVBND,11.71,83.79,2,SHEAR,0.009261487051844597,0.018560511991381645,0.9580225348472595,0.0034291958436369896,0.01072621252387762
202201B,2022,2022-03-05 15:15:00,CRVBND,11.3,83.18,2,SHEAR,0.005983618553727865,0.006879563909024,0.9764549136161804,0.0018924513133242726,0.008789505809545517
202201B,2022,2022-03-05 21:15:00,SHEAR,11.37,82.85,2,SHEAR,0.006099052261561155,0.0010641826083883643,0.9799461960792542,0.002727377461269498,0.01016311440616846
202201B,2022,2022-03-06 03:15:00,SHEAR,11.4,82.49,2,SHEAR,0.00782324094325304,0.0006105052889324725,0.9760170578956604,0.0038149745669215918,0.011734162457287312
202201B,2022,2022-03-06 09:15:00,SHEAR,11.2,81.95,2,SHEAR,0.0076808989979326725,0.0005053140921518207,0.9767365455627441,0.003694928716868162,0.011382337659597397
202202B,2022,2022-05-07 09:10:00,IRRCDO,9.92,90.88,0,IRRCDO,0.0584692656993866,0.0637625977396965,0.03809843212366104,0.06075911596417427,0.7789105772972107
202202B,2022,2022-05-08 03:15:00,EMBC,11.43,88.57,0,CRVBND,0.04868217557668686,0.522128164768219,0.04138483479619026,0.3487117886543274,0.03909306973218918
202202B,2022,2022-05-08 19:45:00,IRRCDO,13.38,86.62,0,IRRCDO,0.041110049933195114,0.19890205562114716,0.1476474553346634,0.04636576771736145,0.5659747123718262
202202B,2022,2022-05-09 03:45:00,IRRCDO,14.25,85.73,0,IRRCDO,0.031064312905073166,0.02688855677843094,0.07326661795377731,0.0694984421133995,0.7992820143699646
202202B,2022,2022-05-10 02:15:00,EMBC,14.95,83.75,0,IRRCDO,0.025060761719942093,0.29085206985473633,0.0319710299372673,0.22544725239276886,0.4266689121723175
202202B,2022,2022-05-10 10:15:00,EMBC,15.18,82.02,0,IRRCDO,0.043828483670949936,0.028949808329343796,0.1335289478302002,0.0355718620121479,0.7581208944320679
202202B,2022,2022-05-10 20:45:00,CRVBND,15.49,81.11,0,CRVBND,0.03241398185491562,0.8463994860649109,0.06557705253362656,0.01802407205104828,0.03758547082543373
202202B,2022,2022-05-11 02:45:00,EMBC,15.74,80.58,0,CRVBND,0.047084636986255646,0.881706178188324,0.009343643672764301,0.026799893006682396,0.03506562486290932
202202B,2022,2022-05-11 07:45:00,IRRCDO,15.69,81.04,0,IRRCDO,0.010069817304611206,0.17048685252666473,0.01412811130285263,0.0038471436128020287,0.8014680743217468
202203A,2022,2022-08-12 08:15:00,CRVBND,21.83,65.7,3,CRVBND,0.0354652926325798,0.7768447995185852,0.13521108031272888,0.02784993313252926,0.024628939107060432
202203A,2022,2022-08-12 15:15:00,SHEAR,22.11,65.49,3,SHEAR,0.017779868096113205,0.029553325846791267,0.9378676414489746,0.00902984943240881,0.005769368261098862
202203A,2022,2022-08-12 21:15:00,SHEAR,22.41,64.59,3,SHEAR,0.012027300894260406,0.015388176776468754,0.9655418992042542,0.0029422463849186897,0.0041003902442753315
202203A,2022,2022-08-13 09:15:00,SHEAR,22.15,63.68,3,SHEAR,0.007580413483083248,0.003434455022215843,0.9813709855079651,0.0015730538871139288,0.00604110024869442
202203A,2022,2022-08-13 15:15:00,SHEAR,22.26,63.77,3,SHEAR,0.007158491760492325,0.002433028304949403,0.9830873012542725,0.0014672268880531192,0.0058539737947285175
202203A,2022,2022-08-13 21:15:00,SHEAR,22.41,64.12,3,SHEAR,0.007676192559301853,0.003201315877959132,0.9792112708091736,0.0023010915610939264,0.007610160857439041
202204B,2022,2022-08-19 00:15:00,CRVBND,20.89,89.1,1,CRVBND,0.01463377010077238,0.9166605472564697,0.02934686653316021,0.0016214402858167887,0.037737369537353516
202204B,2022,2022-08-19 06:45:00,CRVBND,21.05,89.0,1,CRVBND,0.002709450898692012,0.9876411557197571,0.0012482625897973776,0.004140469711273909,0.0042607542127370834
202204B,2022,2022-08-19 11:15:00,CRVBND,21.35,88.37,1,IRRCDO,0.03092893213033676,0.2952567934989929,0.01612556353211403,0.0023630966898053885,0.6553255915641785
202205B,2022,2022-10-23 15:15:00,CRVBND,16.34,88.61,2,CRVBND,0.013280956074595451,0.9006648659706116,0.00947472732514143,0.0352780818939209,0.041301365941762924
202205B,2022,2022-10-23 20:15:00,CRVBND,17.07,88.95,2,CRVBND,0.006117425858974457,0.974147379398346,0.0017587849870324135,0.006927705369889736,0.011048704385757446
202205B,2022,2022-10-24 01:45:00,CRVBND,18.05,89.31,2,IRRCDO,0.010029408149421215,0.0600358247756958,0.0064842882566154,0.08108159154653549,0.8423689007759094
202205B,2022,2022-10-24 09:15:00,CRVBND,20.06,89.92,2,EMBC,0.02738102152943611,0.1495407670736313,0.013930515386164188,0.7539090514183044,0.05523861199617386
202205B,2022,2022-10-24 15:15:00,CRVBND,21.76,90.42,2,CRVBND,0.012849698774516582,0.6737922430038452,0.005659108515828848,0.07491987198591232,0.23277908563613892
202206B,2022,2022-12-08 12:15:00,IRRCDO,10.27,82.87,3,IRRCDO,0.032478153705596924,0.2414683997631073,0.004006500355899334,0.059646423906087875,0.662400484085083
202206B,2022,2022-12-08 18:15:00,EMBC,10.72,82.28,3,EMBC,0.4094410538673401,0.03906280919909477,0.025076990947127342,0.4216909110546112,0.10472829639911652
202206B,2022,2022-12-09 00:15:00,CRVBND,10.87,81.61,3,EMBC,0.2854788899421692,0.08401995897293091,0.02374427579343319,0.47096022963523865,0.1357966959476471
202206B,2022,2022-12-09 06:15:00,CRVBND,11.32,80.8,3,CRVBND,0.023603396490216255,0.929780900478363,0.004167394246906042,0.03193185105919838,0.010516504757106304
202206B,2022,2022-12-09 12:15:00,CRVBND,11.63,80.8,3,CRVBND,0.01776791177690029,0.7844999432563782,0.03795906528830528,0.012696287594735622,0.14707674086093903
202206B,2022,2022-12-09 17:45:00,CRVBND,12.25,80.67,3,CRVBND,0.05137038603425026,0.5833321809768677,0.32733607292175293,0.017543435096740723,0.020417936146259308
202207A,2022,2022-12-15 15:15:00,CRVBND,14.21,66.07,4,IRRCDO,0.029853858053684235,0.05964093282818794,0.4331831932067871,0.03456197679042816,0.44276005029678345
202207A,2022,2022-12-15 21:15:00,SHEAR,14.0,65.27,4,CRVBND,0.025051116943359375,0.8379701972007751,0.06899064779281616,0.029685184359550476,0.03830284625291824
202207A,2022,2022-12-16 03:15:00,SHEAR,14.01,64.47,4,CRVBND,0.018643122166395187,0.732813835144043,0.05280982702970505,0.02724733017385006,0.1684858649969101
202207A,2022,2022-12-16 08:45:00,SHEAR,13.6,64.13,4,SHEAR,0.006566121708601713,0.0053780865855515,0.9631571173667908,0.015286780893802643,0.009611979126930237
202207A,2022,2022-12-16 15:15:00,SHEAR,13.59,63.39,4,SHEAR,0.010748453438282013,0.006236322224140167,0.9562671780586243,0.008800669573247433,0.01794738508760929
202207A,2022,2022-12-16 21:15:00,SHEAR,13.63,62.77,4,SHEAR,0.0036545037291944027,0.000534202205017209,0.9827061891555786,0.005961539223790169,0.007143538910895586
202207A,2022,2022-12-17 03:15:00,SHEAR,13.78,62.13,4,CRVBND,0.020356852561235428,0.5487445592880249,0.3743504583835602,0.023712819442152977,0.03283523768186569
202301B,2023,2023-05-11 08:30:00,EMBC,11.65,88.1,1,EMBC,0.20780016481876373,0.32344603538513184,0.04724618047475815,0.3909958600997925,0.03051180951297283
202301B,2023,2023-05-11 14:30:00,EYE,12.25,88.19,1,CRVBND,0.06556063890457153,0.7616758942604065,0.015916679054498672,0.13121388852596283,0.025632871314883232
202301B,2023,2023-05-12 09:00:00,EMBC,14.33,88.52,1,EMBC,0.17031078040599823,0.03960254043340683,0.013335315510630608,0.7480844855308533,0.028666876256465912
202301B,2023,2023-05-12 15:00:00,EYE,14.7,88.59,1,EYE,0.9645315408706665,0.004706887993961573,0.006451702676713467,0.011328249238431454,0.0129815973341465
202301B,2023,2023-05-12 20:30:00,EYE,15.25,88.87,1,EMBC,0.11913857609033585,0.0036221847403794527,0.0078080566599965096,0.8436768651008606,0.025754330679774284
202301B,2023,2023-05-13 03:00:00,EMBC,15.0,89.66,1,EMBC,0.3460893929004669,0.004146923776715994,0.011801723390817642,0.6054778099060059,0.03248416259884834
202301B,2023,2023-05-13 15:30:00,EMBC,17.48,91.15,1,EYE,0.9511203169822693,0.005594401154667139,0.009722622111439705,0.00642939331009984,0.02713335119187832
202301B,2023,2023-05-13 21:30:00,EYE,18.1,91.03,1,EYE,0.9612182974815369,0.0029253738466650248,0.009065319783985615,0.00700618838891387,0.019784796983003616
202302A,2023,2023-06-06 09:00:00,CRVBND,12.0,66.0,0,CRVBND,0.031732261180877686,0.9189668893814087,0.02852819859981537,0.009515892714262009,0.011256775818765163
202302A,2023,2023-06-06 15:30:00,EMBC,12.42,66.0,0,IRRCDO,0.023817792534828186,0.31008481979370117,0.04559117928147316,0.06972683221101761,0.550779402256012
202302A,2023,2023-06-07 16:00:00,IRRCDO,13.75,66.39,0,CRVBND,0.029825279489159584,0.5412580370903015,0.01777097024023533,0.003555738367140293,0.40758997201919556
202302A,2023,2023-06-08 03:00:00,EYE,13.55,66.81,0,CRVBND,0.035905156284570694,0.6075694561004639,0.0320696160197258,0.3155239224433899,0.008931867778301239
202302A,2023,2023-06-08 09:00:00,IRRCDO,14.6,65.69,0,CRVBND,0.02177746780216694,0.6724544167518616,0.03131536766886711,0.013367461040616035,0.26108524203300476
202302A,2023,2023-06-08 15:00:00,IRRCDO,14.6,66.0,0,IRRCDO,0.020207544788718224,0.3293870985507965,0.08515079319477081,0.008473923429846764,0.5567806363105774
202302A,2023,2023-06-09 03:00:00,EMBC,14.8,66.7,0,CRVBND,0.02227579802274704,0.42917877435684204,0.1175076961517334,0.019399084150791168,0.4116387367248535
202303B,2023,2023-06-09 09:00:00,SHEAR,19.9,91.7,2,SHEAR,0.010334642603993416,0.06415209174156189,0.8738648295402527,0.036648016422986984,0.01500038430094719
202302A,2023,2023-06-09 15:00:00,IRRCDO,15.7,67.3,0,CRVBND,0.035419635474681854,0.9002092480659485,0.007426485884934664,0.002921762876212597,0.054022904485464096
202303B,2023,2023-06-09 15:00:00,SHEAR,20.0,91.9,2,SHEAR,0.012838579714298248,0.39933279156684875,0.4869057536125183,0.035986144095659256,0.06493674218654633
202302A,2023,2023-06-09 20:30:00,EMBC,16.37,67.4,0,IRRCDO,0.004773667082190514,0.06383098661899567,0.012286191806197166,0.005325050093233585,0.9137840270996094
202303B,2023,2023-06-09 21:00:00,CRVBND,20.47,91.85,2,CRVBND,0.009803516790270805,0.4977598190307617,0.0422172024846077,0.003990550059825182,0.44622886180877686
202302A,2023,2023-06-10 03:00:00,EMBC,16.8,67.4,0,EMBC,0.024569887667894363,0.014524291269481182,0.03738173097372055,0.9128128886222839,0.010711215436458588
202303B,2023,2023-06-10 03:10:00,CRVBND,21.11,91.9,2,CRVBND,0.004764404613524675,0.8908018469810486,0.06371045112609863,0.012789641506969929,0.027933668345212936
202302A,2023,2023-06-10 09:00:00,CRVBND,16.68,69.34,0,CRVBND,0.06780145317316055,0.5290069580078125,0.13464970886707306,0.050007011741399765,0.21853487193584442
202303B,2023,2023-06-10 08:10:00,CRVBND,21.48,91.98,2,SHEAR,0.030626682564616203,0.3337596654891968,0.5810801386833191,0.015324891544878483,0.03920861333608627
202302A,2023,2023-06-10 14:00:00,EMBC,17.44,67.39,0,IRRCDO,0.09476086497306824,0.07694079726934433,0.12946252524852753,0.10266461968421936,0.5961711406707764
202302A,2023,2023-06-11 02:00:00,SHEAR,19.15,68.86,0,CRVBND,0.020311154425144196,0.8495851159095764,0.063177689909935,0.020694879814982414,0.046231187880039215
202302A,2023,2023-06-11 08:30:00,EMBC,18.57,67.85,0,EYE,0.6343871355056763,0.030604518949985504,0.05427473783493042,0.24547672271728516,0.03525680676102638
202302A,2023,2023-06-11 15:00:00,SHEAR,20.58,68.99,0,SHEAR,0.026381516829133034,0.1731017827987671,0.7689957022666931,0.01507121603935957,0.016449715942144394
202302A,2023,2023-06-12 02:00:00,EMBC,19.47,67.63,0,EMBC,0.03190505877137184,0.0029431066941469908,0.016002438962459564,0.9449727535247803,0.004176707472652197
202302A,2023,2023-06-12 08:00:00,EYE,19.67,67.15,0,EMBC,0.018056077882647514,0.002783752977848053,0.019399790093302727,0.9534059166908264,0.0063544390723109245
202302A,2023,2023-06-12 15:00:00,EYE,20.0,67.09,0,EYE,0.9764971733093262,0.0048331585712730885,0.00794647540897131,0.003382203634828329,0.007341025397181511
202302A,2023,2023-06-13 15:00:00,EMBC,21.5,66.4,0,EMBC,0.0478801466524601,0.003678486216813326,0.0450875386595726,0.8987998962402344,0.004553922917693853
202302A,2023,2023-06-13 21:00:00,CRVBND,21.8,66.8,0,EYE,0.6792783737182617,0.2129809409379959,0.04610685631632805,0.019729603081941605,0.04190419986844063
202302A,2023,2023-06-14 09:00:00,CRVBND,21.7,66.4,0,CRVBND,0.02701275236904621,0.8884718418121338,0.03634469211101532,0.04143501818180084,0.006735713686794043
202302A,2023,2023-06-14 15:00:00,SHEAR,22.2,66.9,0,CRVBND,0.05272521451115608,0.8448318243026733,0.08019732683897018,0.013486230745911598,0.00875939428806305
202302A,2023,2023-06-14 21:00:00,CRVBND,22.4,66.8,0,CRVBND,0.01326790265738964,0.9651739597320557,0.012285569682717323,0.003254777519032359,0.006017779931426048
202302A,2023,2023-06-15 03:00:00,SHEAR,22.8,67.0,0,CRVBND,0.012725424952805042,0.7623923420906067,0.20280618965625763,0.01699111796915531,0.005085000302642584
202302A,2023,2023-06-15 09:00:00,CRVBND,22.9,67.4,0,CRVBND,0.011559740640223026,0.9687661528587341,0.00266609457321465,0.010711105540394783,0.006296890322118998
202302A,2023,2023-06-15 15:00:00,CRVBND,23.1,68.3,0,CRVBND,0.012769229710102081,0.931721031665802,0.02335202321410179,0.02360154688358307,0.008556160144507885
202304B,2023,2023-08-01 00:00:00,CRVBND,20.63,91.78,4,SHEAR,0.02119455672800541,0.3062225580215454,0.6112366318702698,0.026725344359874725,0.03462090343236923
202304B,2023,2023-08-01 06:00:00,SHEAR,21.53,91.07,4,CRVBND,0.0189259871840477,0.787299394607544,0.09932611137628555,0.061564575880765915,0.032883983105421066
202305A,2023,2023-10-21 15:30:00,EYE,11.25,56.95,3,EYE,0.9392918348312378,0.0045212856493890285,0.015796329826116562,0.008031216450035572,0.03235921263694763
202305A,2023,2023-10-21 21:00:00,EYE,11.68,56.07,3,EYE,0.9094865322113037,0.004430663771927357,0.017295269295573235,0.02644849568605423,0.04233899712562561
202305A,2023,2023-10-22 03:00:00,EYE,12.4,55.42,3,EYE,0.9548442959785461,0.00325477821752429,0.010552770458161831,0.009342052973806858,0.0220062006264925
202305A,2023,2023-10-22 09:00:00,EYE,13.1,54.37,3,EYE,0.9357776045799255,0.006471292581409216,0.02012043260037899,0.0079861581325531,0.029644520953297615
202305A,2023,2023-10-22 15:00:00,EYE,13.63,54.05,3,EYE,0.9310528039932251,0.008518639020621777,0.020469268783926964,0.00808977521955967,0.031869515776634216
202305A,2023,2023-10-22 21:00:00,EYE,14.0,53.6,3,EYE,0.8037017583847046,0.01237445417791605,0.036491330713033676,0.08839544653892517,0.059037066996097565
202305A,2023,2023-10-23 09:30:00,SHEAR,14.59,50.79,3,SHEAR,0.04088624566793442,0.28872424364089966,0.6255160570144653,0.022150687873363495,0.022722825407981873
202305A,2023,2023-10-23 15:00:00,EYE,15.48,52.44,3,EYE,0.4107604920864105,0.13853566348552704,0.06367699801921844,0.17988941073417664,0.20713742077350616
202306B,2023,2023-10-24 03:00:00,EMBC,20.0,89.5,1,EYE,0.6919906735420227,0.011394144035875797,0.02632775530219078,0.23441936075687408,0.035868089646101
202306B,2023,2023-10-24 08:30:00,EMBC,20.65,90.73,1,IRRCDO,0.019998373463749886,0.06010856106877327,0.002392900176346302,0.06157499551773071,0.8559251427650452
202306B,2023,2023-10-24 15:00:00,EMBC,21.1,91.5,1,EMBC,0.015538763254880905,0.005563618149608374,0.01409667544066906,0.9120814204216003,0.05271948128938675
202307B,2023,2023-11-17 00:00:00,CRVBND,20.26,88.86,3,IRRCDO,0.011786920949816704,0.1416592001914978,0.06017247214913368,0.021994605660438538,0.764386773109436
202307B,2023,2023-11-17 06:00:00,SHEAR,21.11,89.53,3,SHEAR,0.011450940743088722,0.02037694677710533,0.9587197303771973,0.0043439725413918495,0.005108455661684275
202308B,2023,2023-12-03 03:00:00,CRVBND,11.67,82.36,2,CRVBND,0.06838788092136383,0.8261976838111877,0.017343919724225998,0.059629280120134354,0.028441214933991432
202308B,2023,2023-12-03 09:00:00,CRVBND,12.0,82.5,2,CRVBND,0.011921320110559464,0.9659667611122131,0.0012002632720395923,0.009063632227480412,0.011848038993775845
202308B,2023,2023-12-03 14:30:00,CRVBND,12.56,82.42,2,CRVBND,0.0759989395737648,0.7960941195487976,0.0126321567222476,0.08085590600967407,0.03441884368658066
202308B,2023,2023-12-03 20:00:00,CRVBND,12.98,82.14,2,CRVBND,0.16713348031044006,0.4074159562587738,0.01778881624341011,0.359483540058136,0.04817818105220795
202308B,2023,2023-12-04 03:00:00,CRVBND,13.7,81.1,2,EMBC,0.23990948498249054,0.28748753666877747,0.018588341772556305,0.41725409030914307,0.036760542541742325
202401B,2024,2024-05-25 18:30:00,CRVBND,18.87,89.1,0,IRRCDO,0.01498546451330185,0.21717502176761627,0.06732124090194702,0.004667989443987608,0.6958501935005188
202401B,2024,2024-05-26 00:00:00,CRVBND,19.34,89.01,0,CRVBND,0.01301187090575695,0.9177530407905579,0.014182554557919502,0.009463904425501823,0.04558863118290901
202401B,2024,2024-05-26 06:00:00,CRVBND,20.53,88.61,0,CRVBND,0.04106883704662323,0.6927839517593384,0.029822757467627525,0.2328137755393982,0.003510648850351572
202401B,2024,2024-05-26 12:00:00,CRVBND,21.02,88.89,0,CRVBND,0.06761260330677032,0.6299943327903748,0.07543399184942245,0.1384093016386032,0.08854978531599045
202402A,2024,2024-08-30 06:00:00,CRVBND,23.55,67.77,1,CRVBND,0.02743592858314514,0.47433173656463623,0.02663196437060833,0.003735715989023447,0.4678646922111511
202402A,2024,2024-08-30 12:00:00,CRVBND,23.55,66.86,1,CRVBND,0.01132900919765234,0.9662236571311951,0.014950898475944996,0.0010523780947551131,0.006443948484957218
202402A,2024,2024-08-30 18:00:00,CRVBND,23.93,66.04,1,CRVBND,0.029554571956396103,0.9418883323669434,0.01896463707089424,0.0008470771717838943,0.008745383471250534
202402A,2024,2024-08-31 00:00:00,CRVBND,23.42,65.58,1,CRVBND,0.006916974205523729,0.9722021222114563,0.0035100653767585754,0.001061050919815898,0.016309767961502075
202402A,2024,2024-08-31 06:00:00,CRVBND,23.64,64.9,1,CRVBND,0.04512451961636543,0.910365879535675,0.02899503894150257,0.0008864959818311036,0.014628036879003048
202402A,2024,2024-08-31 12:00:00,CRVBND,23.29,64.12,1,IRRCDO,0.08786008507013321,0.039453525096178055,0.07234745472669601,0.0014018199872225523,0.798937201499939
202402A,2024,2024-08-31 18:00:00,CRVBND,23.14,63.44,1,IRRCDO,0.042380690574645996,0.040148861706256866,0.047282807528972626,0.0005100330454297364,0.8696776628494263
202402A,2024,2024-09-01 00:00:00,CRVBND,23.11,62.61,1,CRVBND,0.0076533155515789986,0.9695276021957397,0.003987339325249195,0.0012615404557436705,0.017570197582244873
202402A,2024,2024-09-01 06:00:00,SHEAR,22.37,62.06,1,CRVBND,0.02936835028231144,0.8638513088226318,0.08101478964090347,0.0029833184089511633,0.0227822195738554
202402A,2024,2024-09-01 12:00:00,SHEAR,22.2,61.54,1,CRVBND,0.03551159054040909,0.7958087921142578,0.130886971950531,0.0016884362557902932,0.03610416501760483
202402A,2024,2024-09-01 18:00:00,SHEAR,21.68,61.6,1,SHEAR,0.013439114205539227,0.0033228660468012094,0.9645969867706299,0.005787512753158808,0.012853603810071945
202402A,2024,2024-09-01 22:30:00,SHEAR,21.33,61.45,1,SHEAR,0.01635095477104187,0.0033112764358520508,0.9553645253181458,0.0073951962403953075,0.017577992752194405
202403B,2024,2024-10-23 13:00:00,IRRCDO,17.4,88.93,4,CRVBND,0.022938283160328865,0.7314440608024597,0.03313331678509712,0.042524345219135284,0.16996000707149506
202403B,2024,2024-10-24 00:30:00,EMBC,18.76,88.42,4,IRRCDO,0.018300306051969528,0.2500837445259094,0.014725161716341972,0.06379952281713486,0.6530912518501282
202403B,2024,2024-10-24 05:30:00,CRVBND,20.74,89.03,4,CRVBND,0.02088691107928753,0.6064462065696716,0.01708737388253212,0.03296373412013054,0.32261568307876587
202403B,2024,2024-10-25 00:30:00,IRRCDO,20.82,86.87,4,IRRCDO,0.031721409410238266,0.31398481130599976,0.03762877732515335,0.028530549257993698,0.5881344676017761
202404B,2024,2024-11-30 09:30:00,CRVBND,12.4,80.78,2,IRRCDO,0.019701816141605377,0.09430770576000214,0.037353768944740295,0.0690750777721405,0.7795615792274475
202404B,2024,2024-11-30 15:00:00,CRVBND,12.4,80.5,2,IRRCDO,0.020240027457475662,0.09617267549037933,0.040814004838466644,0.06830312311649323,0.7744702100753784
202404B,2024,2024-11-30 21:00:00,IRRCDO,12.2,80.1,2,IRRCDO,0.02009548433125019,0.12337961792945862,0.0414518378674984,0.07279729843139648,0.7422757148742676
202501B,2025,2025-10-01 12:00:00,SHEAR,16.52,86.27,3,SHEAR,0.010505516082048416,0.0451493114233017,0.930854320526123,0.0024222256615757942,0.011068562977015972
202501B,2025,2025-10-01 18:00:00,SHEAR,17.49,86.08,3,SHEAR,0.011509393341839314,0.022471129894256592,0.9530437588691711,0.005034041125327349,0.00794166699051857
202501B,2025,2025-10-02 00:00:00,CRVBND,17.33,85.26,3,SHEAR,0.029609905555844307,0.28907790780067444,0.6465430855751038,0.012631762772798538,0.022137368097901344
202501B,2025,2025-10-02 06:00:00,CRVBND,17.72,84.84,3,IRRCDO,0.008748376742005348,0.41503119468688965,0.013006121851503849,0.0031201387755572796,0.5600941777229309
202502A,2025,2025-10-03 05:30:00,CRVBND,21.65,66.85,0,CRVBND,0.010032531805336475,0.8802720308303833,0.0070509822107851505,0.0026816916652023792,0.09996282309293747
202502A,2025,2025-10-03 12:30:00,IRRCDO,21.97,66.4,0,CRVBND,0.0251688901335001,0.81729656457901,0.01929861307144165,0.06606641411781311,0.07216944545507431
202502A,2025,2025-10-03 18:00:00,IRRCDO,22.01,65.84,0,IRRCDO,0.0656512975692749,0.3178613483905792,0.1008530929684639,0.08764674514532089,0.42798757553100586
202502A,2025,2025-10-04 00:00:00,CRVBND,22.15,64.68,0,EMBC,0.013635717332363129,0.03179658576846123,0.0497165322303772,0.8984189629554749,0.0064321705140173435
202502A,2025,2025-10-04 06:00:00,CRVBND,22.03,64.25,0,EYE,0.827569305896759,0.09287895262241364,0.029895009472966194,0.025510113686323166,0.024146607145667076
202502A,2025,2025-10-04 12:00:00,EMBC,21.7,63.5,0,EMBC,0.12766121327877045,0.003940086346119642,0.023014940321445465,0.8131933212280273,0.03219036012887955
202502A,2025,2025-10-04 17:00:00,IRRCDO,21.13,62.92,0,EMBC,0.030035339295864105,0.007583332248032093,0.0088835833594203,0.7277854681015015,0.22571231424808502
202502A,2025,2025-10-05 05:30:00,EMBC,20.82,60.91,0,CRVBND,0.040619079023599625,0.4920859634876251,0.18938332796096802,0.01942921243607998,0.2584823966026306
202502A,2025,2025-10-05 18:00:00,CRVBND,19.79,60.34,0,CRVBND,0.0058708530850708485,0.9346621632575989,0.046343445777893066,0.002515774453058839,0.010607813484966755
202502A,2025,2025-10-06 00:00:00,SHEAR,19.66,60.01,0,SHEAR,0.005039645358920097,0.013696825131773949,0.9755749702453613,0.002784555545076728,0.002904037246480584
202502A,2025,2025-10-06 06:00:00,SHEAR,19.76,60.77,0,SHEAR,0.0034309327602386475,0.002729202387854457,0.9885502457618713,0.00270406948402524,0.0025856331922113895
202502A,2025,2025-10-06 12:00:00,SHEAR,19.76,60.39,0,SHEAR,0.0037151016294956207,0.007595314644277096,0.9822686910629272,0.0033400666434317827,0.0030807266011834145
202502A,2025,2025-10-06 18:00:00,SHEAR,19.52,60.22,0,SHEAR,0.007785620633512735,0.014194714836776257,0.9667269587516785,0.006634570192545652,0.004658053163439035
202502A,2025,2025-10-06 22:30:00,SHEAR,19.42,60.27,0,SHEAR,0.003927832935005426,0.001155987847596407,0.989571213722229,0.0015617837198078632,0.0037830870132893324
202503B,2025,2025-10-26 18:00:00,CRVBND,11.85,85.68,1,CRVBND,0.012480529956519604,0.9310837984085083,0.016947226598858833,0.0035073463805019855,0.03598115220665932
202503B,2025,2025-10-27 00:00:00,CRVBND,11.67,84.9,1,CRVBND,0.012677458114922047,0.9009687304496765,0.006971321068704128,0.0041640507988631725,0.07521843165159225
202503B,2025,2025-10-27 06:00:00,CRVBND,13.16,84.8,1,CRVBND,0.01663520745933056,0.630938708782196,0.04011712223291397,0.0026260833255946636,0.3096828758716583
202503B,2025,2025-10-27 13:00:00,IRRCDO,13.4,83.94,1,IRRCDO,0.006031497847288847,0.042794760316610336,0.003346256213262677,0.007863938808441162,0.9399636387825012
202503B,2025,2025-10-27 18:00:00,CRVBND,13.9,83.57,1,CRVBND,0.017836865037679672,0.7153466939926147,0.08910137414932251,0.002957849996164441,0.1747571974992752
202503B,2025,2025-10-27 23:30:00,IRRCDO,14.75,83.15,1,CRVBND,0.03425056114792824,0.5181759595870972,0.020140143111348152,0.3889963924884796,0.038436900824308395
202503B,2025,2025-10-28 06:00:00,CRVBND,15.12,82.72,1,IRRCDO,0.017381714656949043,0.1355186104774475,0.0021700626239180565,0.03514264523983002,0.8097869157791138
202503B,2025,2025-10-28 12:00:00,CRVBND,15.82,82.2,1,CRVBND,0.014411685988307,0.7021967172622681,0.05446965619921684,0.1854369193315506,0.04348503798246384
202503B,2025,2025-10-28 17:00:00,CRVBND,16.41,81.75,1,IRRCDO,0.020535405725240707,0.0902995690703392,0.057139039039611816,0.001351292128674686,0.8306746482849121
202504B,2025,2025-11-25 20:00:00,EMBC,4.95,98.02,2,CRVBND,0.0035974846687167883,0.8635054230690002,0.0028571325819939375,0.03972426801919937,0.09031569212675095
202505B,2025,2025-11-27 09:00:00,CRVBND,7.2,82.0,1,CRVBND,0.2574929893016815,0.5423667430877686,0.03253612294793129,0.15118838846683502,0.016415774822235107
202505B,2025,2025-11-29 03:00:00,SHEAR,9.6,80.8,1,SHEAR,0.011417187750339508,0.003793591633439064,0.9642646908760071,0.004231407772749662,0.016293201595544815
202505B,2025,2025-11-29 09:00:00,SHEAR,10.2,80.8,1,CRVBND,0.03444526717066765,0.8203680515289307,0.033427007496356964,0.004815713502466679,0.10694388300180435
202505B,2025,2025-11-29 15:00:00,SHEAR,10.4,80.8,1,SHEAR,0.013183915056288242,0.00719701312482357,0.9581953287124634,0.00509653240442276,0.01632719673216343
202505B,2025,2025-11-29 21:00:00,SHEAR,10.7,80.8,1,SHEAR,0.014371950179338455,0.005632434505969286,0.9605068564414978,0.004202116746455431,0.015286654233932495
202505B,2025,2025-11-30 03:00:00,SHEAR,11.15,80.8,1,SHEAR,0.013370455242693424,0.004204051569104195,0.9581403732299805,0.006711260881274939,0.01757381111383438
202505B,2025,2025-11-30 09:00:00,SHEAR,11.65,80.8,1,SHEAR,0.017587509006261826,0.006879896391183138,0.9490931034088135,0.00812083762139082,0.01831859163939953
202505B,2025,2025-11-30 15:00:00,SHEAR,12.16,80.8,1,SHEAR,0.015323174186050892,0.01065135933458805,0.9522764682769775,0.004695453681051731,0.01705358736217022
