storm,season,time,scene,lat,lon,vmax_kt,bt_vmax_kt,truth,fold,cnn_raw,cnn_recalibrated,predict_the_mean,cold_cloud
201101A,2011,2011-06-11 15:00:00,CRVBND,20.0,71.7,35.0,25.0,35.0,3,42.00898742675781,37.411370352212394,58.57982905982905,46.893211364746094
201101A,2011,2011-06-11 21:00:00,CRVBND,20.3,71.1,37.0,25.0,37.0,3,40.036922454833984,34.71404908500736,58.57982905982905,33.234657287597656
201101A,2011,2011-06-12 03:00:00,CRVBND,20.5,70.8,41.0,20.0,41.0,3,50.13490295410156,48.52571246541053,58.57982905982905,49.00074005126953
201101A,2011,2011-06-12 09:00:00,CRVBND,20.8,70.3,43.0,21.39,43.0,3,45.854061126708984,42.670527232186444,58.57982905982905,50.7815055847168
201101A,2011,2011-06-12 15:00:00,CRVBND,21.0,69.9,51.0,,51.0,3,53.626487731933594,53.30137960192892,58.57982905982905,62.546199798583984
201102B,2011,2011-10-19 12:00:00,CRVBND,21.02,92.07,37.0,5.0,37.0,2,57.818572998046875,58.48551027666125,57.2826168224299,59.12583541870117
201103A,2011,2011-11-02 07:30:00,CRVBND,16.15,54.27,43.0,35.0,43.0,0,67.1280746459961,67.80982837438016,56.171126760563375,80.00599670410156
201103A,2011,2011-11-02 12:00:00,CRVBND,16.73,54.38,43.0,35.0,43.0,0,67.61117553710938,68.35576660043701,56.171126760563375,61.69013595581055
201104A,2011,2011-11-08 00:00:00,CRVBND,13.67,59.09,31.0,25.0,31.0,1,45.36722183227539,40.686255882482214,56.24280821917809,55.58470916748047
201104A,2011,2011-11-08 12:00:00,CRVBND,13.93,58.57,43.0,30.0,43.0,1,48.908695220947266,45.278891220308054,56.24280821917809,63.044456481933594
201104A,2011,2011-11-09 07:30:00,IRRCDO,16.18,58.85,45.0,29.09090909091585,45.0,1,43.44164276123047,38.189136317572746,56.24280821917809,65.08425903320312
201104A,2011,2011-11-09 12:00:00,SHEAR,15.96,58.34,45.0,25.0,45.0,1,46.67382049560547,42.380672452930064,56.24280821917809,42.476318359375
201104A,2011,2011-11-09 18:00:00,SHEAR,15.9,58.3,37.0,25.0,37.0,1,39.864418029785156,33.55013810696034,56.24280821917809,28.650842666625977
201104A,2011,2011-11-09 23:00:00,SHEAR,16.07,58.13,33.0,25.0,33.0,1,40.871917724609375,34.856678688656956,56.24280821917809,28.80303192138672
201105A,2011,2011-11-27 15:30:00,CRVBND,12.67,70.94,30.0,25.0,30.0,2,49.610782623291016,44.75358915938925,57.2826168224299,33.71649932861328
201105B,2011,2011-11-27 15:30:00,CRVBND,12.67,70.94,35.0,25.0,35.0,0,33.21503829956055,29.485695167941785,56.171126760563375,31.806936264038086
201105A,2011,2011-11-28 03:00:00,IRRCDO,14.6,68.5,43.0,30.0,43.0,2,61.581478118896484,64.78098249659142,57.2826168224299,63.828216552734375
201105A,2011,2011-11-28 14:30:00,IRRCDO,15.17,67.87,55.0,30.0,55.0,2,50.352874755859375,45.995135319914816,57.2826168224299,39.413307189941406
201105A,2011,2011-11-28 21:00:00,CRVBND,15.8,67.2,45.0,30.0,45.0,2,59.1630859375,60.734927572028155,57.2826168224299,42.99689483642578
201105A,2011,2011-11-29 03:00:00,CRVBND,16.0,66.6,37.0,30.0,37.0,2,44.15897750854492,35.632528025483246,57.2826168224299,35.433292388916016
201105A,2011,2011-11-29 09:00:00,SHEAR,15.8,66.1,33.0,28.0,33.0,2,40.9696044921875,30.296595128259522,57.2826168224299,32.75217819213867
201105A,2011,2011-11-29 15:00:00,SHEAR,16.4,65.9,25.0,25.0,25.0,2,39.21285629272461,27.357493787156912,57.2826168224299,32.185516357421875
201105A,2011,2011-11-29 21:00:00,SHEAR,17.3,64.9,31.0,25.0,31.0,2,38.14844512939453,25.576696585495053,57.2826168224299,27.83202362060547
201105A,2011,2011-11-30 02:30:00,CRVBND,17.45,63.87,37.0,25.0,37.0,2,45.9794807434082,38.67829377649083,57.2826168224299,38.84095764160156
201105A,2011,2011-11-30 09:00:00,SHEAR,18.12,63.03,39.0,25.0,39.0,2,45.89695358276367,38.54022294277551,57.2826168224299,28.66756820678711
201105A,2011,2011-11-30 15:00:00,SHEAR,18.65,62.42,33.0,25.0,33.0,2,41.29795455932617,30.84593630474313,57.2826168224299,33.375144958496094
201105A,2011,2011-11-30 21:00:00,SHEAR,19.0,62.03,30.0,25.0,30.0,2,49.44538116455078,44.47686671882982,57.2826168224299,31.98583984375
201106B,2011,2011-12-26 00:00:00,CRVBND,10.17,87.33,31.0,30.0,31.0,0,39.45753860473633,36.540162682819265,56.171126760563375,48.383453369140625
201106B,2011,2011-12-26 07:30:00,CRVBND,10.4,88.4,39.0,30.0,39.0,0,37.79952621459961,34.66649124129989,56.171126760563375,47.1577033996582
201106B,2011,2011-12-26 12:00:00,EYE,11.06,87.83,51.0,30.0,51.0,0,58.967750549316406,58.58808413142529,56.171126760563375,72.76927185058594
201106B,2011,2011-12-26 18:00:00,EYE,12.32,87.68,65.0,35.0,65.0,0,72.76436614990234,74.17923700472015,56.171126760563375,65.44424438476562
201106B,2011,2011-12-26 22:30:00,EMBC,11.91,87.26,55.0,37.272727272761095,55.0,0,61.11436462402344,61.013910085241264,56.171126760563375,64.6276626586914
201106B,2011,2011-12-27 06:00:00,EMBC,12.51,87.09,53.0,40.0,53.0,0,77.0782470703125,79.05422800645889,56.171126760563375,64.1299819946289
201106B,2011,2011-12-27 13:00:00,EMBC,13.43,86.05,55.0,41.36363636371247,55.0,0,69.18446350097656,70.13369343905433,56.171126760563375,72.68109130859375
201106B,2011,2011-12-27 18:00:00,EMBC,12.4,86.03,55.0,45.0,55.0,0,65.1395263671875,65.56262796607746,56.171126760563375,75.26600646972656
201106B,2011,2011-12-28 04:30:00,EMBC,12.25,84.74,61.0,45.0,61.0,0,61.629173278808594,61.595680330177984,56.171126760563375,83.9179458618164
201106B,2011,2011-12-29 00:00:00,EMBC,11.97,82.62,72.2,70.0,72.2,0,67.75100708007812,68.51378614856749,56.171126760563375,78.24848175048828
201106B,2011,2011-12-29 05:00:00,EYE,11.89,82.05,74.6,75.0,74.6,0,99.15824890136719,104.00619405065189,56.171126760563375,86.34295654296875
201106B,2011,2011-12-29 12:00:00,EMBC,12.15,81.68,69.8,75.0,69.8,0,108.49980163574219,114.56281032322534,56.171126760563375,83.76766967773438
201106B,2011,2011-12-29 18:30:00,EMBC,12.62,80.28,74.6,75.0,74.6,0,84.0074691772461,86.88473979933856,56.171126760563375,70.68058776855469
201201A,2012,2012-10-24 18:00:00,CRVBND,10.33,55.11,37.0,35.0,37.0,3,49.19086456298828,47.23448988113442,58.57982905982905,58.683807373046875
201201A,2012,2012-10-25 00:00:00,CRVBND,10.28,54.27,41.0,35.0,41.0,3,38.24453353881836,32.26248242209203,58.57982905982905,47.12279510498047
201201A,2012,2012-10-25 06:00:00,CRVBND,10.28,52.93,39.0,35.0,39.0,3,39.80786895751953,34.40075774905748,58.57982905982905,56.38058853149414
201201A,2012,2012-10-25 12:00:00,CRVBND,9.52,51.3,49.0,30.0,49.0,3,58.158851623535156,59.50058788846061,58.57982905982905,78.10203552246094
201202B,2012,2012-10-30 01:30:00,CRVBND,8.95,83.34,55.0,32.27272727271036,55.0,3,36.83030700683594,30.328152998026198,58.57982905982905,47.18347930908203
201202B,2012,2012-10-30 06:00:00,EMBC,9.26,83.08,57.0,35.0,57.0,3,51.72526550292969,50.70095455255927,58.57982905982905,75.24998474121094
201202B,2012,2012-10-30 11:30:00,CRVBND,9.52,83.2,57.0,39.09090909093446,57.0,3,54.25716781616211,54.16400169005044,58.57982905982905,65.0143814086914
201202B,2012,2012-10-31 12:00:00,EMBC,12.62,80.27,61.0,35.0,61.0,3,56.141357421875,56.741130114971504,58.57982905982905,77.91863250732422
201203B,2012,2012-11-17 21:30:00,IRRCDO,16.21,88.27,35.0,30.0,35.0,4,59.83860397338867,53.939414779199375,57.56875,61.389549255371094
201203B,2012,2012-11-18 09:00:00,CRVBND,16.0,87.8,51.0,30.0,51.0,4,43.753204345703125,30.783787713450728,57.56875,61.72066879272461
201203B,2012,2012-11-18 15:00:00,SHEAR,15.8,87.5,41.0,30.0,41.0,4,39.027557373046875,23.981014920981607,57.56875,38.573020935058594
201203B,2012,2012-11-18 21:00:00,SHEAR,15.4,86.6,30.0,28.0,30.0,4,37.238548278808594,21.405659109981784,57.56875,29.105453491210938
201203B,2012,2012-11-19 03:00:00,SHEAR,15.2,86.5,25.0,25.0,25.0,4,35.42192840576172,18.79055639110991,57.56875,29.81711196899414
201203B,2012,2012-11-19 09:00:00,SHEAR,15.2,86.1,25.0,23.0,25.0,4,34.827659606933594,17.93508080449221,57.56875,31.528335571289062
201204A,2012,2012-12-23 06:00:00,CRVBND,8.67,58.06,43.0,30.0,43.0,2,46.73883819580078,39.948725422520496,57.2826168224299,65.58989715576172
201204A,2012,2012-12-23 12:00:00,CRVBND,8.15,57.17,49.0,30.0,49.0,2,48.474273681640625,42.85216984636474,57.2826168224299,37.31425476074219
201204A,2012,2012-12-23 18:00:00,CRVBND,8.18,56.22,43.0,32.550000000000004,43.0,2,43.33271789550781,34.25016671865579,57.2826168224299,32.76567459106445
201204A,2012,2012-12-24 00:00:00,CRVBND,8.42,54.89,41.0,32.550000000000004,41.0,2,41.41747283935547,31.045894578346473,57.2826168224299,37.02933120727539
201204A,2012,2012-12-24 06:00:00,CRVBND,8.23,53.17,41.0,28.0,41.0,2,56.63715362548828,56.508954237865716,57.2826168224299,37.85964584350586
201204A,2012,2012-12-24 12:00:00,SHEAR,7.52,51.77,33.0,25.0,33.0,2,41.297386169433594,30.844985368521275,57.2826168224299,37.13566207885742
201204A,2012,2012-12-24 18:00:00,CRVBND,6.6,51.0,29.0,23.25,29.0,2,38.83271026611328,26.721496154161024,57.2826168224299,30.471078872680664
201204A,2012,2012-12-24 23:00:00,SHEAR,6.1,50.17,32.0,19.36090909091381,32.0,2,37.72551727294922,24.869123450968367,57.2826168224299,32.00310134887695
201301B,2013,2013-05-10 08:30:00,EMBC,5.04,93.35,30.0,26.37272727268897,30.0,2,45.613922119140625,38.06670137914843,57.2826168224299,62.33684539794922
201301B,2013,2013-05-10 20:00:00,IRRCDO,6.35,92.03,43.0,30.0,43.0,2,54.14760971069336,52.343859968268795,57.2826168224299,49.62331771850586
201301B,2013,2013-05-11 02:00:00,EMBC,6.95,91.05,55.0,33.181818181809724,55.0,2,49.76148986816406,45.00572766487095,57.2826168224299,58.555686950683594
201301B,2013,2013-05-11 08:30:00,EMBC,7.95,89.87,59.0,35.0,59.0,2,66.35225677490234,72.76266248365933,57.2826168224299,66.02536010742188
201301B,2013,2013-05-12 15:00:00,IRRCDO,10.5,86.9,59.0,40.0,59.0,2,47.18680191040039,40.698184425664806,57.2826168224299,47.6580810546875
201301B,2013,2013-05-13 03:30:00,IRRCDO,11.85,86.7,61.0,40.0,61.0,2,46.44084167480469,39.450166793132794,57.2826168224299,46.194740295410156
201301B,2013,2013-05-13 16:00:00,CRVBND,12.92,85.7,49.0,40.0,49.0,2,55.36768341064453,54.385086052272676,57.2826168224299,61.711299896240234
201301B,2013,2013-05-14 03:00:00,CRVBND,14.0,85.4,51.0,40.0,51.0,2,43.852813720703125,35.1203052722634,57.2826168224299,53.56592559814453
201301B,2013,2013-05-14 09:00:00,CRVBND,14.5,85.9,49.0,40.0,49.0,2,46.66017150878906,39.81711329656702,57.2826168224299,34.161102294921875
201301B,2013,2013-05-14 15:00:00,IRRCDO,15.1,86.4,47.0,40.0,47.0,2,50.79403305053711,46.73320861688606,57.2826168224299,45.46337127685547
201301B,2013,2013-05-14 21:30:00,IRRCDO,15.87,86.93,47.0,40.0,47.0,2,60.485618591308594,62.94757107873519,57.2826168224299,48.26072311401367
201301B,2013,2013-05-15 08:00:00,EMBC,17.76,88.07,57.0,45.0,57.0,2,45.57970428466797,38.00945374216837,57.2826168224299,72.77714538574219
201302B,2013,2013-10-09 08:30:00,CRVBND,13.57,92.54,43.0,30.0,43.0,2,56.659786224365234,56.54681936943791,57.2826168224299,59.44529342651367
201302B,2013,2013-10-09 15:00:00,IRRCDO,13.9,91.9,51.0,35.0,51.0,2,60.74387741088867,63.37964714018296,57.2826168224299,66.3855972290039
201302B,2013,2013-10-09 21:30:00,EMBC,14.33,91.25,72.2,45.0,72.2,2,69.59772491455078,78.19244448922103,57.2826168224299,82.30265808105469
201302B,2013,2013-10-10 02:30:00,EMBC,14.57,91.05,90.0,53.18181818186892,90.0,2,83.8025894165039,101.95768091902687,57.2826168224299,74.47810363769531
201302B,2013,2013-10-10 09:00:00,EYE,15.1,90.7,107.2,70.0,107.2,2,96.58769226074219,123.34760630908805,57.2826168224299,76.33110046386719
201302B,2013,2013-10-10 15:00:00,EYE,15.55,89.84,122.2,90.0,122.2,2,116.14373779296875,156.0655562509203,57.2826168224299,84.55293273925781
201302B,2013,2013-10-10 21:00:00,EYE,15.65,89.05,137.4,100.0,137.4,2,115.61332702636719,155.17816043862888,57.2826168224299,82.80645751953125
201302B,2013,2013-10-11 03:00:00,EYE,15.85,88.56,137.4,115.0,137.4,2,80.6476058959961,96.67928285428646,57.2826168224299,70.96524047851562
201302B,2013,2013-10-11 09:00:00,EYE,16.45,88.05,119.8,115.0,119.8,2,106.02456665039062,139.13582808322315,57.2826168224299,69.4985122680664
201302B,2013,2013-10-11 15:00:00,EYE,16.75,87.14,129.6,115.0,129.6,2,105.33473205566406,137.98171061600746,57.2826168224299,82.59381866455078
201302B,2013,2013-10-11 21:00:00,EYE,17.25,86.75,134.8,115.0,134.8,2,117.24594116210938,157.90958113815202,57.2826168224299,81.47958374023438
201302B,2013,2013-10-12 03:00:00,EYE,17.75,86.15,134.8,115.0,134.8,2,115.24337768554688,154.5592222185257,57.2826168224299,76.72225952148438
201302B,2013,2013-10-12 09:00:00,EYE,18.45,85.55,119.8,115.0,119.8,2,102.10926818847656,132.58539645975716,57.2826168224299,75.00013732910156
201303A,2013,2013-11-09 21:00:00,IRRCDO,8.0,52.2,51.0,30.0,51.0,0,41.69104766845703,39.06418612918391,56.171126760563375,31.097309112548828
201303A,2013,2013-11-10 09:00:00,IRRCDO,8.0,51.6,55.0,30.0,55.0,0,53.939483642578125,52.90578636360486,56.171126760563375,51.97288513183594
201303A,2013,2013-11-10 14:30:00,IRRCDO,8.28,51.25,49.0,30.0,49.0,0,46.72563171386719,44.75362271116038,56.171126760563375,42.985679626464844
201304B,2013,2013-11-19 13:00:00,EMBC,15.0,84.7,35.0,26.81818181819028,35.0,2,62.23777770996094,65.87899472671774,57.2826168224299,56.73444747924805
201304B,2013,2013-11-19 19:30:00,EMBC,15.05,84.04,53.0,30.0,53.0,2,65.13613891601562,70.72805466047465,57.2826168224299,73.26799011230469
201304B,2013,2013-11-20 00:30:00,EMBC,15.75,84.07,53.0,30.90909090904863,53.0,2,58.695167541503906,59.95208368716226,57.2826168224299,73.93829345703125
201304B,2013,2013-11-20 06:30:00,IRRCDO,15.07,83.33,53.0,40.0,53.0,2,63.169559478759766,67.43789830045067,57.2826168224299,60.429115295410156
201304B,2013,2013-11-20 19:30:00,EMBC,15.7,84.11,65.0,45.0,65.0,2,76.0593490600586,89.00296827263487,57.2826168224299,78.81221771240234
201304B,2013,2013-11-21 00:00:00,EMBC,15.43,83.83,69.8,50.0,69.8,2,66.15072631835938,72.4254949628504,57.2826168224299,71.39667510986328
201304B,2013,2013-11-21 18:00:00,CRVBND,16.13,82.46,74.6,55.0,74.6,2,57.07740020751953,57.24550220760862,57.2826168224299,51.90641403198242
201304B,2013,2013-11-22 00:00:00,IRRCDO,16.07,82.56,59.0,55.0,59.0,2,60.164878845214844,62.41096223622875,57.2826168224299,76.51274108886719
201304B,2013,2013-11-22 06:00:00,CRVBND,16.22,81.38,53.0,55.0,53.0,2,57.586448669433594,58.09715813505187,57.2826168224299,50.61140060424805
201305B,2013,2013-11-23 19:00:00,EMBC,9.45,95.67,49.0,31.09090909087865,49.0,2,46.53493118286133,39.6075818395222,57.2826168224299,71.79827880859375
201305B,2013,2013-11-25 07:00:00,EMBC,12.33,91.2,59.0,56.36363636364482,59.0,2,54.93775939941406,53.665808105458204,57.2826168224299,84.31800842285156
201305B,2013,2013-11-26 01:30:00,EMBC,12.41,90.59,63.0,70.0,63.0,2,55.729854583740234,54.99101112501773,57.2826168224299,87.07807159423828
201305B,2013,2013-11-26 06:00:00,EMBC,12.67,90.05,65.0,70.0,65.0,2,50.79937744140625,46.7421499702204,57.2826168224299,86.62908935546875
201305B,2013,2013-11-27 06:30:00,EMBC,13.87,86.1,79.6,69.4999999999693,79.6,2,49.97102737426758,45.35629126037566,57.2826168224299,82.46446228027344
201305B,2013,2013-11-27 12:30:00,CRVBND,14.2,85.91,79.6,55.0,79.6,2,59.564754486083984,61.4069331390086,57.2826168224299,57.65766906738281
201305B,2013,2013-11-27 18:00:00,CRVBND,15.9,83.7,79.6,45.0,79.6,2,44.00226593017578,35.37034405951028,57.2826168224299,49.02616882324219
201305B,2013,2013-11-28 00:00:00,CRVBND,14.67,82.61,63.0,30.0,63.0,2,39.50634002685547,27.84850236587043,57.2826168224299,41.39047622680664
201305B,2013,2013-11-28 06:00:00,SHEAR,15.08,81.92,51.0,30.0,51.0,2,43.194435119628906,34.01881478548669,57.2826168224299,40.6820182800293
201305B,2013,2013-11-28 12:00:00,CRVBND,15.4,80.94,39.0,20.0,39.0,2,41.521942138671875,31.220675379498726,57.2826168224299,34.88121032714844
201306B,2013,2013-12-06 03:00:00,CRVBND,9.8,83.7,37.0,25.0,37.0,3,37.906272888183594,31.799821374000043,58.57982905982905,67.83393859863281
201306B,2013,2013-12-06 09:00:00,CRVBND,10.2,83.6,47.0,25.0,47.0,3,42.954986572265625,38.705274787544845,58.57982905982905,68.60638427734375
201306B,2013,2013-12-07 08:30:00,EMBC,10.48,84.3,55.0,54.00000000012278,55.0,3,58.85640335083008,60.454674663387046,58.57982905982905,78.28279113769531
201306B,2013,2013-12-07 14:00:00,EMBC,11.19,84.65,57.0,55.0,57.0,3,58.48826217651367,59.951144083535624,58.57982905982905,77.18246459960938
201306B,2013,2013-12-08 02:30:00,EMBC,12.02,84.76,59.0,60.0,59.0,3,64.41212463378906,68.05359527935939,58.57982905982905,75.69525146484375
201306B,2013,2013-12-08 09:00:00,EMBC,13.65,84.14,59.0,65.0,59.0,3,57.96550750732422,59.236138590912375,58.57982905982905,77.2821044921875
201306B,2013,2013-12-08 15:00:00,EMBC,13.65,85.57,63.0,65.0,63.0,3,53.84513854980469,53.600442517974805,58.57982905982905,68.50656127929688
201306B,2013,2013-12-08 20:00:00,EMBC,13.71,84.96,67.4,65.0,67.4,3,67.55158996582031,72.34764579407432,58.57982905982905,75.98668670654297
201306B,2013,2013-12-09 14:00:00,EMBC,14.66,84.79,84.8,60.0,84.8,3,62.34831619262695,65.23079051428452,58.57982905982905,80.75755310058594
201306B,2013,2013-12-10 03:00:00,EYE,15.25,85.46,90.0,65.0,90.0,3,85.82905578613281,97.34692217169167,58.57982905982905,80.83360290527344
201306B,2013,2013-12-10 09:00:00,EMBC,15.5,85.2,104.6,65.0,104.6,3,61.68559646606445,64.32434572767615,58.57982905982905,77.64535522460938
201306B,2013,2013-12-10 15:00:00,CRVBND,15.0,84.8,92.4,55.0,92.4,3,42.76740264892578,38.448704079675764,58.57982905982905,43.54146957397461
201306B,2013,2013-12-10 21:00:00,SHEAR,14.55,84.45,69.8,45.0,69.8,3,34.14378356933594,26.65362051254508,58.57982905982905,31.917760848999023
201306B,2013,2013-12-11 03:00:00,SHEAR,14.2,83.9,51.0,30.0,51.0,3,33.860557556152344,26.26623391034782,58.57982905982905,29.125133514404297
201306B,2013,2013-12-11 09:00:00,CRVBND,13.6,83.3,41.0,30.0,41.0,3,38.65924072265625,32.82970435572711,58.57982905982905,40.93186950683594
201306B,2013,2013-12-11 15:30:00,CRVBND,13.05,82.64,43.0,27.699999999981586,43.0,3,42.27656173706055,37.77734910444042,58.57982905982905,52.21015930175781
201306B,2013,2013-12-11 21:00:00,SHEAR,12.6,82.3,41.0,25.0,41.0,3,27.640485763549805,17.758637979894363,58.57982905982905,39.90312194824219
201306B,2013,2013-12-12 03:00:00,SHEAR,11.9,81.5,28.0,25.0,28.0,3,30.41362953186035,21.551646714279038,58.57982905982905,25.671951293945312
201306B,2013,2013-12-12 08:00:00,IRRCDO,11.35,80.77,32.0,25.0,32.0,3,58.22373962402344,59.58933941855482,58.57982905982905,55.72526550292969
201306B,2013,2013-12-12 15:00:00,SHEAR,10.58,79.75,34.0,23.0,34.0,3,32.49893569946289,24.403855315206116,58.57982905982905,36.60649871826172
201401B,2014,2014-01-04 07:30:00,CRVBND,8.99,83.19,35.0,25.0,35.0,1,39.353912353515625,32.88810675681785,56.24280821917809,42.09417724609375
201401B,2014,2014-01-04 12:00:00,CRVBND,9.05,82.95,35.0,25.0,35.0,1,40.044586181640625,33.78378284465877,56.24280821917809,36.61545944213867
201401B,2014,2014-01-04 18:00:00,CRVBND,9.15,82.76,32.0,25.0,32.0,1,38.61137390136719,31.925171853526,56.24280821917809,30.811647415161133
201401B,2014,2014-01-05 00:00:00,CRVBND,9.43,82.04,35.0,25.0,35.0,1,53.018653869628906,50.6087466943928,56.24280821917809,44.27544403076172
201401B,2014,2014-01-05 06:00:00,CRVBND,9.3,81.49,34.0,25.0,34.0,1,34.38338851928711,26.44225755698965,56.24280821917809,35.267555236816406
201401B,2014,2014-01-05 12:00:00,CRVBND,9.26,81.4,33.0,25.0,33.0,1,35.90570068359375,28.41641460229184,56.24280821917809,34.7490119934082
201401B,2014,2014-01-05 18:00:00,CRVBND,9.16,81.26,33.0,25.0,33.0,1,34.31671905517578,26.355799604824597,56.24280821917809,38.98388671875
201401B,2014,2014-01-06 00:00:00,CRVBND,9.28,80.82,33.0,25.0,33.0,1,33.887168884277344,25.798752557528523,56.24280821917809,53.2307243347168
201402A,2014,2014-06-10 03:00:00,IRRCDO,15.3,68.7,39.0,35.34,39.0,1,40.11689758300781,33.87755734493002,56.24280821917809,39.511566162109375
201402A,2014,2014-06-10 20:00:00,EMBC,16.56,67.67,57.0,31.90909090906554,57.0,1,69.57295989990234,72.07661685007658,56.24280821917809,65.08164978027344
201402A,2014,2014-06-11 03:00:00,EMBC,17.25,66.85,59.0,35.0,59.0,1,79.08912658691406,84.4173232767317,56.24280821917809,67.22048950195312
201402A,2014,2014-06-11 09:30:00,EMBC,16.57,66.2,57.0,45.0,57.0,1,65.55966186523438,66.87211229719742,56.24280821917809,76.6546401977539
201402A,2014,2014-06-12 03:30:00,EMBC,18.47,63.65,67.4,45.0,67.4,1,62.86112976074219,63.37261574782588,56.24280821917809,71.30796813964844
201402A,2014,2014-06-12 15:00:00,EMBC,18.3,63.4,74.6,45.0,74.6,1,50.424461364746094,47.24455928890285,56.24280821917809,54.03657150268555
201402A,2014,2014-06-13 09:00:00,SHEAR,21.4,64.3,63.0,30.0,63.0,1,42.91395568847656,37.5048238770514,56.24280821917809,30.469074249267578
201402A,2014,2014-06-13 15:00:00,SHEAR,21.66,64.41,47.0,25.0,47.0,1,39.256717681884766,32.762063261755,56.24280821917809,29.868370056152344
201402A,2014,2014-06-13 21:00:00,SHEAR,21.93,64.6,32.0,25.0,32.0,1,32.691986083984375,24.248821734570782,56.24280821917809,29.456096649169922
201402A,2014,2014-06-14 02:30:00,SHEAR,22.13,64.8,27.0,17.56600000005071,27.0,1,29.535066604614258,20.15488162308989,56.24280821917809,27.118404388427734
201403B,2014,2014-10-08 10:30:00,EMBC,12.89,91.35,55.0,40.0,55.0,1,61.01654052734375,60.98052500836794,56.24280821917809,71.8948974609375
201403B,2014,2014-10-09 01:30:00,EMBC,13.7,89.06,72.2,50.45454545457928,72.2,1,66.31510162353516,67.85177780609791,56.24280821917809,80.55378723144531
201403B,2014,2014-10-09 05:00:00,EMBC,13.92,88.68,77.0,55.0,77.0,1,62.0283203125,62.29261607483478,56.24280821917809,80.89674377441406
201403B,2014,2014-10-10 18:00:00,EMBC,15.62,86.48,82.2,75.0,82.2,1,90.15286254882812,98.76494054518066,56.24280821917809,83.15974426269531
201403B,2014,2014-10-11 06:00:00,EYE,16.07,85.22,115.0,90.0,115.0,1,109.70487213134766,124.12027723115355,56.24280821917809,77.58490753173828
201403B,2014,2014-10-11 12:00:00,EYE,16.26,84.88,127.0,95.0,127.0,1,111.25062561035156,126.12483332183277,56.24280821917809,79.72102355957031
201403B,2014,2014-10-11 17:00:00,EYE,16.46,84.79,132.2,98.18181818180972,132.2,1,112.42771911621094,127.65130567885433,56.24280821917809,78.80723571777344
201403B,2014,2014-10-11 23:30:00,EYE,17.2,84.24,124.6,100.0,124.6,1,105.33477783203125,118.45307397815988,56.24280821917809,79.45166015625
201403B,2014,2014-10-12 06:00:00,EYE,17.52,83.45,122.2,100.0,122.2,1,118.6704330444336,135.74694990489917,56.24280821917809,78.9708251953125
201404A,2014,2014-10-25 18:00:00,CRVBND,13.75,62.72,39.0,25.0,39.0,0,39.14042663574219,36.18180369611754,56.171126760563375,46.63175582885742
201404A,2014,2014-10-25 23:30:00,CRVBND,14.03,63.03,49.0,25.0,49.0,0,45.71215057373047,43.60831723570728,56.171126760563375,63.34819030761719
201404A,2014,2014-10-26 06:00:00,EMBC,14.48,62.81,57.0,35.0,57.0,0,45.95670700073242,43.88468332068919,56.171126760563375,70.08951568603516
201404A,2014,2014-10-26 13:30:00,EMBC,14.29,62.9,72.2,40.0,72.2,0,69.42667388916016,70.4074083339964,56.171126760563375,71.32733154296875
201404A,2014,2014-10-26 18:00:00,CRVBND,14.55,62.7,77.0,45.0,77.0,0,70.35835266113281,71.46027133918243,56.171126760563375,57.24747848510742
201404A,2014,2014-10-27 00:00:00,EYE,14.9,62.89,90.0,55.0,90.0,0,87.12738037109375,90.41046043855944,56.171126760563375,69.17571258544922
201404A,2014,2014-10-27 05:00:00,EYE,14.97,62.57,102.0,63.63636363635518,102.0,0,79.76212310791016,82.08719803378796,56.171126760563375,73.64682006835938
201404A,2014,2014-10-27 12:30:00,EMBC,15.36,62.16,82.2,70.0,82.2,0,65.58221435546875,66.0628967493993,56.171126760563375,70.43795776367188
201404A,2014,2014-10-27 18:30:00,EYE,15.48,62.14,92.4,70.90909090906554,92.4,0,73.85979461669922,75.41714876380864,56.171126760563375,70.91094207763672
201404A,2014,2014-10-28 01:00:00,EMBC,15.81,61.72,87.4,75.0,87.4,0,62.94462966918945,63.08223922797822,56.171126760563375,69.7823257446289
201404A,2014,2014-10-28 06:00:00,EYE,16.12,61.47,69.8,80.0,69.8,0,105.038818359375,110.65165407187149,56.171126760563375,86.75267028808594
201404A,2014,2014-10-28 12:00:00,EYE,16.8,61.8,99.6,100.0,99.6,0,119.98274230957031,127.53934664659917,56.171126760563375,86.77505493164062
201404A,2014,2014-10-28 18:30:00,EMBC,17.73,61.45,117.4,110.0,117.4,0,88.8811264038086,92.3923176772166,56.171126760563375,88.83195495605469
201404A,2014,2014-10-29 00:00:00,EMBC,18.56,62.01,109.8,105.0,109.8,0,86.3197250366211,89.49775270260132,56.171126760563375,86.71553039550781
201404A,2014,2014-10-29 12:30:00,EMBC,19.84,62.57,74.6,78.99999999993861,74.6,0,68.60490417480469,69.47875034901813,56.171126760563375,78.67655944824219
201404A,2014,2014-10-29 18:00:00,CRVBND,19.75,62.8,61.0,70.0,61.0,0,68.43197631835938,69.28332962237444,56.171126760563375,42.8408203125
201404A,2014,2014-10-30 00:00:00,IRRCDO,19.5,63.79,51.0,60.0,51.0,0,53.27833557128906,52.15864221247594,56.171126760563375,52.408538818359375
201404A,2014,2014-10-30 12:00:00,CRVBND,20.43,64.58,49.0,40.0,49.0,0,60.73925018310547,60.59000419682293,56.171126760563375,52.12321853637695
201404A,2014,2014-10-30 18:00:00,SHEAR,20.72,65.06,35.0,35.0,35.0,0,49.92693328857422,48.37132024581208,56.171126760563375,30.503803253173828
201404A,2014,2014-10-31 00:00:00,SHEAR,21.2,65.5,30.0,25.0,30.0,0,42.12004852294922,39.548987481834324,56.171126760563375,34.30729293823242
201404A,2014,2014-10-31 05:30:00,SHEAR,21.18,65.47,25.0,23.757272727258574,25.0,0,31.159915924072266,27.16326131480132,56.171126760563375,18.25197982788086
201405B,2014,2014-11-06 05:00:00,EMBC,13.96,87.0,41.0,30.0,41.0,3,55.926483154296875,56.44723263189407,58.57982905982905,68.80972290039062
201405B,2014,2014-11-06 12:00:00,CRVBND,13.86,88.01,49.0,30.0,49.0,3,40.89598846435547,35.88904942749342,58.57982905982905,36.01734161376953
201405B,2014,2014-11-06 18:00:00,CRVBND,13.35,87.7,37.0,30.0,37.0,3,40.11458969116211,34.82027960544935,58.57982905982905,31.60063934326172
201405B,2014,2014-11-07 06:00:00,CRVBND,13.3,87.1,33.0,25.0,33.0,3,36.007118225097656,29.20222426874038,58.57982905982905,31.937541961669922
201405B,2014,2014-11-07 12:00:00,CRVBND,14.27,87.11,33.0,25.0,33.0,3,33.38706970214844,25.618613838722037,58.57982905982905,40.3261604309082
201405B,2014,2014-11-07 18:00:00,SHEAR,14.34,87.12,33.0,25.0,33.0,3,30.406797409057617,21.542301976454304,58.57982905982905,35.742713928222656
201405B,2014,2014-11-08 00:00:00,SHEAR,14.57,86.7,28.0,25.0,28.0,3,31.19579315185547,22.621462666939447,58.57982905982905,27.259340286254883
201405B,2014,2014-11-08 05:30:00,SHEAR,14.6,86.15,25.0,18.6,25.0,3,31.40085220336914,22.901935241907978,58.57982905982905,28.845237731933594
201501A,2015,2015-06-07 09:00:00,CRVBND,15.8,68.4,35.0,25.0,35.0,4,44.95282745361328,32.51069695718574,57.56875,65.19418334960938
201501A,2015,2015-06-07 15:00:00,CRVBND,16.3,68.5,34.0,25.0,34.0,4,52.69331741333008,43.65346636061916,57.56875,30.311477661132812
201501A,2015,2015-06-07 21:00:00,IRRCDO,16.9,68.1,41.0,28.0,41.0,4,59.49530029296875,53.44521431305612,57.56875,40.71294021606445
201501A,2015,2015-06-08 03:00:00,EMBC,18.0,67.5,51.0,35.0,51.0,4,60.49637985229492,54.8863115487756,57.56875,58.161373138427734
201501A,2015,2015-06-08 21:00:00,IRRCDO,19.6,65.5,49.0,35.0,49.0,4,57.51793670654297,50.598714080518555,57.56875,44.06056213378906
201501A,2015,2015-06-09 03:00:00,IRRCDO,20.4,64.8,47.0,35.0,47.0,4,58.93964767456055,52.64532838496132,57.56875,48.308162689208984
201501A,2015,2015-06-09 15:00:00,CRVBND,21.2,62.5,53.0,40.0,53.0,4,47.492637634277344,36.1668633392771,57.56875,61.15532684326172
201501A,2015,2015-06-09 21:00:00,IRRCDO,21.1,62.5,59.0,45.0,59.0,4,55.36359405517578,47.49744484496693,57.56875,54.246063232421875
201501A,2015,2015-06-10 03:00:00,EMBC,21.2,61.6,69.8,45.0,69.8,4,75.17056274414062,76.01043121026882,57.56875,83.31022644042969
201501A,2015,2015-06-10 21:00:00,SHEAR,20.6,61.1,74.6,45.0,74.6,4,37.39354705810547,21.628786543065093,57.56875,33.566009521484375
201501A,2015,2015-06-11 03:00:00,CRVBND,20.6,60.8,55.0,40.0,55.0,4,53.730506896972656,45.14654539102182,57.56875,62.616485595703125
201501A,2015,2015-06-11 09:00:00,EMBC,20.8,60.5,55.0,35.0,55.0,4,82.00711822509766,85.85194791457707,57.56875,84.68574523925781
201501A,2015,2015-06-11 15:00:00,CRVBND,20.8,59.8,55.0,35.0,55.0,4,55.45784378051758,47.63312139274182,57.56875,70.6385269165039
201501A,2015,2015-06-11 21:00:00,CRVBND,20.85,59.83,41.0,28.0,41.0,4,40.763587951660156,26.480105872002575,57.56875,46.55137252807617
201502B,2015,2015-07-29 01:00:00,CRVBND,21.23,91.24,35.0,30.0,35.0,3,47.16749572753906,44.4669969896944,58.57982905982905,45.441810607910156
201502B,2015,2015-07-29 06:00:00,CRVBND,21.41,91.38,35.0,30.0,35.0,3,45.334999084472656,41.96057238513235,58.57982905982905,36.37847900390625
201502B,2015,2015-07-29 12:00:00,CRVBND,21.44,91.46,35.0,30.0,35.0,3,46.25884246826172,43.224172947049915,58.57982905982905,57.99126434326172
201502B,2015,2015-07-29 18:00:00,CRVBND,21.62,91.21,41.0,35.0,41.0,3,39.310020446777344,33.71981802598069,58.57982905982905,50.01908874511719
201502B,2015,2015-07-30 00:00:00,CRVBND,21.96,91.19,41.0,35.0,41.0,3,46.802635192871094,43.96795355363375,58.57982905982905,36.031890869140625
201502B,2015,2015-07-30 06:00:00,CRVBND,22.31,91.05,37.0,40.0,37.0,3,48.14897918701172,45.809435624494014,58.57982905982905,53.25016784667969
201503A,2015,2015-10-09 21:00:00,CRVBND,15.0,69.8,37.0,30.0,37.0,2,41.93815612792969,31.917015978787408,57.2826168224299,39.660850524902344
201503A,2015,2015-10-10 03:30:00,IRRCDO,15.02,69.49,45.0,30.0,45.0,2,45.41039276123047,37.726189626257266,57.2826168224299,54.134437561035156
201503A,2015,2015-10-10 09:00:00,CRVBND,15.0,69.1,47.0,30.0,47.0,2,48.958290100097656,43.66194628731267,57.2826168224299,51.8089599609375
201503A,2015,2015-10-10 15:00:00,CRVBND,15.3,69.4,35.0,30.0,35.0,2,39.690277099609375,28.15623553865796,57.2826168224299,45.453392028808594
201503A,2015,2015-10-10 21:00:00,CRVBND,15.7,69.5,33.0,30.0,33.0,2,38.50916290283203,26.180190069645967,57.2826168224299,34.071712493896484
201503A,2015,2015-10-11 03:00:00,CRVBND,15.9,69.7,32.0,25.0,32.0,2,35.443199157714844,21.050725210765794,57.2826168224299,27.101177215576172
201503A,2015,2015-10-11 09:00:00,CRVBND,16.0,69.3,35.0,25.0,35.0,2,42.315860748291016,32.54892905351493,57.2826168224299,44.819828033447266
201503A,2015,2015-10-11 15:00:00,CRVBND,16.2,69.11,39.0,25.0,39.0,2,39.654624938964844,28.096588223695246,57.2826168224299,43.9691276550293
201503A,2015,2015-10-11 21:00:00,CRVBND,16.4,68.86,34.0,23.0,34.0,2,36.77293395996094,23.275418164364503,57.2826168224299,32.50410461425781
201504A,2015,2015-10-28 20:30:00,EMBC,13.57,64.53,37.0,32.45454545456067,37.0,2,65.3277359008789,71.04860313482918,57.2826168224299,69.3890609741211
201504A,2015,2015-10-29 03:00:00,CRVBND,13.7,64.0,53.0,40.0,53.0,2,63.59093475341797,68.14287391120357,57.2826168224299,62.075523376464844
201504A,2015,2015-10-29 09:00:00,EMBC,13.85,63.45,65.0,50.0,65.0,2,69.85105895996094,78.61628123078684,57.2826168224299,66.73831176757812
201504A,2015,2015-10-29 15:00:00,EYE,14.25,62.75,77.0,60.0,77.0,2,92.76551818847656,116.95297505507104,57.2826168224299,71.7095947265625
201504A,2015,2015-10-29 21:30:00,EMBC,14.06,62.1,82.2,77.72727272719662,82.2,2,78.44010925292969,92.98606356076468,57.2826168224299,77.75401306152344
201504A,2015,2015-10-30 03:00:00,EYE,14.15,61.45,109.8,105.0,109.8,2,107.98101806640625,142.4090399085557,57.2826168224299,82.1789321899414
201504A,2015,2015-10-30 15:00:00,EYE,13.86,60.37,124.6,115.0,124.6,2,106.10458374023438,139.2696994804688,57.2826168224299,76.34625244140625
201504A,2015,2015-10-31 03:00:00,EYE,13.85,59.25,102.0,110.0,102.0,2,96.64651489257812,123.44601863486648,57.2826168224299,80.60428619384766
201504A,2015,2015-10-31 09:00:00,EYE,13.9,58.3,104.6,105.0,104.6,2,100.23666381835938,129.45246368245375,57.2826168224299,78.81739807128906
201504A,2015,2015-10-31 15:00:00,EYE,13.65,57.55,112.4,105.0,112.4,2,107.05854034423828,140.86570233109862,57.2826168224299,80.08474731445312
201504A,2015,2015-10-31 21:00:00,EYE,13.65,56.75,112.4,105.0,112.4,2,100.21360778808594,129.4138901353069,57.2826168224299,81.74705505371094
201504A,2015,2015-11-01 04:00:00,EYE,13.55,55.92,112.4,103.1818181817759,112.4,2,97.91879272460938,125.57458406246813,57.2826168224299,84.468505859375
201504A,2015,2015-11-01 09:00:00,EYE,13.65,55.04,119.8,100.0,119.8,2,108.62843322753906,143.49218817585853,57.2826168224299,81.39825439453125
201504A,2015,2015-11-01 15:00:00,EYE,13.55,54.05,117.4,100.0,117.4,2,109.00306701660156,144.11896364213914,57.2826168224299,78.55815887451172
201504A,2015,2015-11-01 21:00:00,EYE,13.15,53.05,119.8,100.0,119.8,2,113.47357177734375,151.59827487280964,57.2826168224299,74.17616271972656
201504A,2015,2015-11-02 03:00:00,EYE,13.25,52.15,117.4,95.0,117.4,2,105.40576171875,138.1005457331277,57.2826168224299,74.70252227783203
201504A,2015,2015-11-02 09:00:00,EYE,13.35,50.94,112.4,90.0,112.4,2,102.52005004882812,133.27264891689873,57.2826168224299,67.71088409423828
201504A,2015,2015-11-02 15:00:00,EYE,13.55,50.04,92.4,85.0,92.4,2,101.42184448242188,131.4353124938315,57.2826168224299,69.52647399902344
201504A,2015,2015-11-03 03:30:00,CRVBND,13.47,48.08,72.2,53.18181818186892,72.2,2,54.2393913269043,52.49741383067014,57.2826168224299,47.8720588684082
201505A,2015,2015-11-05 08:00:00,CRVBND,14.03,64.64,37.0,31.90909090908584,37.0,0,39.77778625488281,36.90206521133033,56.171126760563375,63.66053771972656
201505A,2015,2015-11-05 14:30:00,CRVBND,13.82,63.57,53.0,39.09090909093446,53.0,0,56.92881774902344,56.28394564499875,56.171126760563375,65.28108978271484
201505A,2015,2015-11-06 09:00:00,CRVBND,13.0,61.4,53.0,45.0,53.0,0,40.70185852050781,37.946332325557925,56.171126760563375,64.73173522949219
201505A,2015,2015-11-06 15:00:00,CRVBND,12.9,60.4,45.0,45.0,45.0,0,40.52228546142578,37.74340204924044,56.171126760563375,61.13714599609375
201505A,2015,2015-11-07 09:00:00,EMBC,12.8,58.7,69.8,55.0,69.8,0,85.17498779296875,88.20411853301701,56.171126760563375,75.15253448486328
201505A,2015,2015-11-07 21:00:00,EYE,12.8,56.7,77.0,80.0,77.0,0,45.03431701660156,42.84231730370967,56.171126760563375,56.18985366821289
201505A,2015,2015-11-08 03:00:00,EYE,12.65,55.55,82.2,90.0,82.2,0,71.1094970703125,72.30911772676633,56.171126760563375,75.87349700927734
201505A,2015,2015-11-08 08:00:00,EYE,12.65,54.34,104.6,95.0,104.6,0,73.48774719238281,74.99670882139361,56.171126760563375,63.55827331542969
201505A,2015,2015-11-09 03:30:00,EMBC,12.25,49.84,69.8,80.0,69.8,0,51.263671875,49.88192953260784,56.171126760563375,77.96845245361328
201505A,2015,2015-11-09 09:00:00,IRRCDO,12.3,49.1,61.0,75.0,61.0,0,43.25127029418945,40.8273482102623,56.171126760563375,57.57792663574219
201505A,2015,2015-11-09 15:00:00,CRVBND,12.5,47.5,51.0,65.0,51.0,0,55.50993728637695,54.680510219783805,56.171126760563375,56.141029357910156
201505A,2015,2015-11-09 21:00:00,SHEAR,12.9,46.5,35.0,60.0,35.0,0,42.89083480834961,40.42003058082493,56.171126760563375,42.61640167236328
201601B,2016,2016-05-19 15:00:00,IRRCDO,15.7,83.3,57.0,40.0,57.0,4,48.9416389465332,38.25276327219687,57.56875,49.98759841918945
201601B,2016,2016-05-19 21:00:00,CRVBND,16.7,84.0,47.0,40.0,47.0,4,45.92689895629883,33.91291492960955,57.56875,47.3471794128418
201601B,2016,2016-05-20 10:00:00,EMBC,18.93,86.4,57.0,40.0,57.0,4,60.83818054199219,55.37834839489929,57.56875,77.81019592285156
201601B,2016,2016-05-20 15:00:00,CRVBND,19.2,87.6,57.0,40.0,57.0,4,51.30610656738281,41.65651647104166,57.56875,53.17339324951172
201602A,2016,2016-06-27 09:00:00,CRVBND,21.8,64.4,49.0,25.0,49.0,0,45.633846282958984,43.51982784067034,56.171126760563375,58.103702545166016
201602A,2016,2016-06-27 15:00:00,IRRCDO,21.7,63.8,49.0,25.0,49.0,0,37.05461883544922,33.82469313943164,56.171126760563375,36.03050994873047
201602A,2016,2016-06-28 03:00:00,CRVBND,21.2,62.2,37.0,25.0,37.0,0,32.263404846191406,28.410281959343756,56.171126760563375,30.957622528076172
201602A,2016,2016-06-28 09:00:00,CRVBND,20.8,63.4,32.0,25.0,32.0,0,37.260032653808594,34.05682530409035,56.171126760563375,36.94964599609375
201602A,2016,2016-06-28 15:00:00,SHEAR,20.4,63.3,33.0,25.0,33.0,0,32.84512710571289,29.067669317270344,56.171126760563375,20.545516967773438
201602A,2016,2016-06-28 21:00:00,SHEAR,20.3,63.2,33.0,25.0,33.0,0,30.06905174255371,25.9305075213757,56.171126760563375,22.905567169189453
201603B,2016,2016-10-25 04:30:00,EMBC,16.62,90.88,45.0,35.0,45.0,3,60.0075569152832,62.0291821139145,58.57982905982905,82.3299560546875
201603B,2016,2016-10-25 11:30:00,EMBC,16.72,90.36,57.0,35.0,57.0,3,62.47949981689453,65.41021887221574,58.57982905982905,85.66830444335938
201603B,2016,2016-10-25 17:30:00,IRRCDO,16.62,90.09,57.0,35.0,57.0,3,47.2713623046875,44.609062049153856,58.57982905982905,47.15903091430664
201603B,2016,2016-10-26 12:00:00,CRVBND,16.36,86.53,57.0,40.0,57.0,3,58.563106536865234,60.05351357327393,58.57982905982905,70.35465240478516
201603B,2016,2016-10-26 18:00:00,CRVBND,15.64,85.27,49.0,35.0,49.0,3,38.16407775878906,32.152437829427875,58.57982905982905,49.15312957763672
201603B,2016,2016-10-27 00:00:00,IRRCDO,15.68,85.27,41.0,30.0,41.0,3,34.64562225341797,27.340017854697624,58.57982905982905,31.096725463867188
201603B,2016,2016-10-27 04:30:00,CRVBND,15.48,84.55,43.0,30.0,43.0,3,39.436317443847656,33.89256262670729,58.57982905982905,47.76438522338867
201604B,2016,2016-11-30 03:30:00,IRRCDO,8.95,85.23,51.0,35.0,51.0,2,48.59795379638672,43.05909101539119,57.2826168224299,57.59195327758789
201604B,2016,2016-11-30 09:00:00,CRVBND,9.5,84.5,51.0,35.0,51.0,2,44.638450622558594,36.43470335877864,57.2826168224299,46.681129455566406
201604B,2016,2016-11-30 15:00:00,CRVBND,10.1,83.5,37.0,40.0,37.0,2,42.396217346191406,32.68336845964478,57.2826168224299,44.82021713256836
201604B,2016,2016-11-30 21:00:00,SHEAR,10.2,82.3,33.0,40.0,33.0,2,45.05066680908203,37.124355493902875,57.2826168224299,36.16508483886719
201604B,2016,2016-12-01 03:00:00,SHEAR,10.3,81.4,34.0,30.0,34.0,2,36.870452880859375,23.4385707386965,57.2826168224299,35.970462799072266
201604B,2016,2016-12-01 09:00:00,SHEAR,10.4,80.9,25.0,30.0,25.0,2,39.526344299316406,27.881970215181845,57.2826168224299,33.44108581542969
201604B,2016,2016-12-01 15:00:00,SHEAR,10.6,80.4,25.0,28.0,25.0,2,38.89196014404297,26.820623277636404,57.2826168224299,33.25471496582031
201604B,2016,2016-12-01 21:00:00,SHEAR,10.75,79.7,25.0,25.0,25.0,2,36.37466812133789,22.609105450470597,57.2826168224299,34.58699035644531
201605B,2016,2016-12-07 15:00:00,CRVBND,10.9,91.7,39.0,28.0,39.0,4,57.16743469238281,50.09415130225116,57.56875,78.58551025390625
201605B,2016,2016-12-07 20:30:00,IRRCDO,11.17,92.0,51.0,32.45454545456067,51.0,4,54.44218826293945,46.17104143596969,57.56875,73.22454071044922
201605B,2016,2016-12-08 03:30:00,CRVBND,11.63,92.1,55.0,35.0,55.0,4,57.19894027709961,50.13950495134141,57.56875,70.56079864501953
201605B,2016,2016-12-08 09:00:00,CRVBND,11.4,91.9,53.0,35.0,53.0,4,49.111122131347656,38.49674163221997,57.56875,50.99003982543945
201605B,2016,2016-12-08 15:00:00,CRVBND,11.7,91.6,41.0,40.0,41.0,4,57.477996826171875,50.54121889878046,57.56875,31.51644515991211
201605B,2016,2016-12-08 20:30:00,IRRCDO,11.88,91.33,53.0,40.0,53.0,4,68.5779037475586,66.52001402263745,57.56875,47.57527160644531
201605B,2016,2016-12-09 09:00:00,IRRCDO,11.9,90.5,49.0,45.0,49.0,4,53.26567840576172,44.47740471431214,57.56875,48.4915885925293
201605B,2016,2016-12-10 02:30:00,EMBC,12.82,87.52,65.0,55.0,65.0,4,78.04541015625,80.14889814839584,57.56875,89.7484359741211
201605B,2016,2016-12-10 15:00:00,EMBC,13.3,85.8,63.0,65.0,63.0,4,68.90548706054688,66.99158434131722,57.56875,84.43375396728516
201605B,2016,2016-12-10 21:00:00,EMBC,13.35,83.72,63.0,65.0,63.0,4,57.44683074951172,50.49635398619209,57.56875,78.19816589355469
201605B,2016,2016-12-11 21:00:00,EYE,13.2,82.0,74.6,70.0,74.6,4,83.66681671142578,88.24115552399542,57.56875,84.80789947509766
201605B,2016,2016-12-12 04:00:00,EYE,13.25,80.82,67.4,70.0,67.4,4,70.85249328613281,69.79438384259674,57.56875,80.83967590332031
201701B,2017,2017-04-15 21:10:00,IRRCDO,15.83,91.72,53.0,40.0,53.0,3,50.666473388671875,49.25277585256921,58.57982905982905,58.12086486816406
201701B,2017,2017-04-16 03:00:00,IRRCDO,16.8,92.7,51.0,40.0,51.0,3,49.23326110839844,47.29247838821656,58.57982905982905,61.67921829223633
201701B,2017,2017-04-16 09:10:00,IRRCDO,17.33,93.13,53.0,40.0,53.0,3,49.888118743896484,48.18816968255425,58.57982905982905,70.54280090332031
201701B,2017,2017-04-16 15:40:00,IRRCDO,18.61,93.99,53.0,40.0,53.0,3,50.27358627319336,48.715398642751815,58.57982905982905,55.39070129394531
201702B,2017,2017-05-28 07:00:00,EMBC,14.68,89.54,45.0,26.36363636361945,45.0,2,45.62394714355469,38.0834735965379,57.2826168224299,84.35888671875
201702B,2017,2017-05-28 12:10:00,IRRCDO,15.41,90.82,49.0,30.454545454570823,49.0,2,50.945045471191406,46.98585769215131,57.2826168224299,48.306053161621094
201702B,2017,2017-05-28 18:10:00,IRRCDO,16.62,91.44,49.0,35.45454545457082,49.0,2,48.81627655029297,43.424352638539716,57.2826168224299,59.24929428100586
201702B,2017,2017-05-29 00:10:00,IRRCDO,17.11,91.05,51.0,45.0,51.0,2,46.942596435546875,40.28962010274931,57.2826168224299,66.85114288330078
201702B,2017,2017-05-29 13:10:00,IRRCDO,19.08,91.58,57.0,51.8181818182241,57.0,2,62.06696319580078,65.59321605462267,57.2826168224299,54.546199798583984
201702B,2017,2017-05-29 22:40:00,EYE,20.74,91.84,69.8,60.0,69.8,2,80.7864761352539,96.91161763428887,57.2826168224299,72.34477996826172
201703B,2017,2017-11-30 03:00:00,EMBC,7.7,76.9,51.0,35.0,51.0,3,58.471553802490234,59.928290955857044,58.57982905982905,81.767578125
201703A,2017,2017-11-30 08:30:00,EMBC,7.97,76.27,55.0,44.09090909093446,55.0,1,66.5418701171875,68.14585455979727,56.24280821917809,72.1468734741211
201703B,2017,2017-11-30 14:30:00,EYE,8.42,74.91,72.2,45.0,72.2,3,64.76077270507812,68.53046387691913,58.57982905982905,83.01627349853516
201703B,2017,2017-11-30 21:00:00,EMBC,8.7,74.3,79.6,45.0,79.6,3,58.51911926269531,59.993349323214176,58.57982905982905,84.76954650878906
201703B,2017,2017-12-01 03:00:00,EYE,8.9,73.8,84.8,55.0,84.8,3,54.89432907104492,55.035488495963264,58.57982905982905,77.07704162597656
201703B,2017,2017-12-01 09:30:00,EMBC,8.79,72.28,90.0,65.0,90.0,3,60.826210021972656,63.14890710602913,58.57982905982905,77.718994140625
201703B,2017,2017-12-01 15:30:00,EYE,9.14,72.25,90.0,65.90909090906554,90.0,3,68.00792694091797,72.97180749537067,58.57982905982905,76.97140502929688
201703B,2017,2017-12-01 22:00:00,EYE,9.31,71.67,90.0,76.50000000002046,90.0,3,77.14203643798828,85.4651219419998,58.57982905982905,77.33647918701172
201703B,2017,2017-12-02 03:00:00,EYE,9.45,71.45,107.2,80.0,107.2,3,78.41513061523438,87.20641548370844,58.57982905982905,77.05644226074219
201703B,2017,2017-12-02 09:00:00,EYE,10.25,70.65,107.2,85.0,107.2,3,81.83954620361328,91.89021095991531,58.57982905982905,76.28947448730469
201703B,2017,2017-12-03 04:00:00,IRRCDO,12.22,69.04,67.4,78.50000000001023,67.4,3,46.61063766479492,43.705346072083366,58.57982905982905,76.47892761230469
201703B,2017,2017-12-03 14:30:00,EMBC,13.05,68.7,72.2,75.0,72.2,3,70.90717315673828,76.93729473241993,58.57982905982905,92.66356658935547
201703B,2017,2017-12-03 21:00:00,EMBC,14.0,68.7,79.6,75.0,79.6,3,65.82999420166016,69.9929075200766,58.57982905982905,85.51901245117188
201703B,2017,2017-12-04 04:00:00,EMBC,14.72,68.95,79.6,65.0,79.6,3,57.27987289428711,58.298351626686376,58.57982905982905,82.43879699707031
201703B,2017,2017-12-05 09:00:00,SHEAR,18.7,70.8,82.2,30.0,82.2,3,33.94993591308594,26.388482490601056,58.57982905982905,41.424591064453125
201703B,2017,2017-12-05 17:00:00,SHEAR,20.03,71.41,47.0,21.499999999989768,47.0,3,27.372634887695312,17.392280951009557,58.57982905982905,37.363121032714844
201704B,2017,2017-12-08 21:00:00,CRVBND,18.7,86.9,41.0,25.0,41.0,0,30.686264038085938,26.62800113383175,56.171126760563375,51.556915283203125
201704B,2017,2017-12-09 03:00:00,CRVBND,19.7,87.0,37.0,25.0,37.0,0,42.45484924316406,39.9273360103486,56.171126760563375,44.82645034790039
201704B,2017,2017-12-09 09:00:00,SHEAR,19.1,86.9,32.0,27.9,32.0,0,28.117429733276367,23.72503641321221,56.171126760563375,39.7354736328125
201704B,2017,2017-12-09 15:00:00,SHEAR,19.7,87.2,27.0,26.040000000000003,27.0,0,22.05998992919922,16.879700372818572,56.171126760563375,35.77428436279297
201704B,2017,2017-12-09 21:00:00,SHEAR,20.31,87.63,25.0,23.25,25.0,0,26.882762908935547,22.329775447539898,56.171126760563375,46.282623291015625
201704B,2017,2017-12-10 03:45:00,SHEAR,21.04,88.26,25.0,20.62909090908619,25.0,0,24.886211395263672,20.07353081695496,56.171126760563375,46.25600051879883
201801A,2018,2018-05-17 00:00:00,CRVBND,13.21,49.1,37.0,30.0,37.0,2,52.55556106567383,49.680306757223455,57.2826168224299,54.088218688964844
201801A,2018,2018-05-17 11:00:00,IRRCDO,13.05,48.47,49.0,38.1818181817759,49.0,2,64.17235565185547,69.11561146281467,57.2826168224299,55.24028778076172
201801A,2018,2018-05-17 18:00:00,CRVBND,12.7,47.54,47.0,40.0,47.0,2,48.950218200683594,43.64844171653789,57.2826168224299,56.100589752197266
201801A,2018,2018-05-18 00:00:00,EMBC,12.28,46.59,41.0,45.0,41.0,2,52.68539047241211,49.897515907388346,57.2826168224299,72.80691528320312
201801A,2018,2018-05-18 18:00:00,IRRCDO,11.3,45.1,67.4,45.0,67.4,2,55.86720275878906,55.220799438224724,57.2826168224299,54.39569091796875
201802A,2018,2018-05-22 06:00:00,CRVBND,9.37,56.87,35.0,30.0,35.0,1,40.8579216003418,34.83852830664096,56.24280821917809,36.905845642089844
201802A,2018,2018-05-22 12:00:00,CRVBND,10.02,56.99,34.0,35.0,34.0,1,41.73597717285156,35.97720382620926,56.24280821917809,55.08332443237305
201802A,2018,2018-05-23 19:00:00,EMBC,12.67,55.8,77.0,70.0,77.0,1,97.20368957519531,107.90855785027506,56.24280821917809,77.82437133789062
201802A,2018,2018-05-24 12:30:00,EMBC,14.35,55.26,77.0,80.0,77.0,1,68.43888092041016,70.60592637030014,56.24280821917809,67.59741973876953
201802A,2018,2018-05-24 16:45:00,EYE,14.8,54.78,69.8,80.0,69.8,1,96.4906997680664,106.98394206911347,56.24280821917809,74.6404037475586
201802A,2018,2018-05-24 23:00:00,EMBC,15.34,54.51,63.0,83.1818181817759,63.0,1,101.90673828125,114.00754132761331,56.24280821917809,71.38877868652344
201802A,2018,2018-05-25 19:00:00,EYE,16.81,53.77,99.6,93.63636363635518,99.6,1,104.48468780517578,117.3506645939307,56.24280821917809,79.06380462646484
201804B,2018,2018-09-20 18:15:00,CRVBND,19.14,85.3,35.0,35.0,35.0,4,43.730255126953125,30.750751322492146,57.56875,29.13654327392578
201805A,2018,2018-10-08 06:00:00,CRVBND,12.76,61.73,45.0,40.0,45.0,2,48.827423095703125,43.44300119988372,57.2826168224299,66.66205596923828
201805A,2018,2018-10-08 12:00:00,CRVBND,12.53,61.05,47.0,45.0,47.0,2,55.44879913330078,54.5207955007391,57.2826168224299,64.75542449951172
201805A,2018,2018-10-08 23:00:00,EMBC,12.67,60.87,53.0,45.0,53.0,2,70.894775390625,80.362455419002,57.2826168224299,84.0814208984375
201805A,2018,2018-10-09 06:30:00,CRVBND,13.12,60.17,59.0,45.90909090906554,59.0,2,59.444618225097656,61.205940961593576,57.2826168224299,74.94783020019531
201805A,2018,2018-10-09 12:00:00,EMBC,13.43,59.67,53.0,55.0,53.0,2,71.5772705078125,81.50429368292342,57.2826168224299,75.67131042480469
201805A,2018,2018-10-09 17:30:00,CRVBND,13.59,59.33,59.0,55.0,59.0,2,71.0447006225586,80.61328558941338,57.2826168224299,66.3287582397461
201805A,2018,2018-10-10 05:30:00,EYE,14.26,58.94,77.0,73.18181818186892,77.0,2,86.74423217773438,106.87915241233516,57.2826168224299,67.55903625488281
201806B,2018,2018-10-10 06:00:00,EMBC,16.87,85.72,59.0,70.0,59.0,0,106.0165786743164,111.75659248466926,56.171126760563375,79.60430145263672
201805A,2018,2018-10-10 12:00:00,CRVBND,14.39,58.69,87.4,75.0,87.4,2,90.31756591796875,112.85746506484908,57.2826168224299,66.53170776367188
201806B,2018,2018-10-10 12:00:00,EYE,17.75,85.61,97.2,80.0,97.2,0,106.43436431884766,112.22871985566582,56.171126760563375,73.10637664794922
201805A,2018,2018-10-10 18:00:00,EYE,14.47,58.46,87.4,75.0,87.4,2,85.6527099609375,105.05299746752756,57.2826168224299,63.09577941894531
201806B,2018,2018-10-10 17:15:00,EMBC,18.14,85.19,97.2,80.0,97.2,0,104.01376342773438,109.49326939222186,56.171126760563375,87.26494598388672
201805A,2018,2018-10-10 23:45:00,CRVBND,14.54,58.1,84.8,75.0,84.8,2,60.08597183227539,62.27894803657074,57.2826168224299,57.05731201171875
201806B,2018,2018-10-10 23:15:00,EMBC,19.0,85.0,84.8,80.0,84.8,0,107.60458374023438,113.55115069104866,56.171126760563375,87.93255615234375
201805A,2018,2018-10-11 05:45:00,CRVBND,14.52,57.9,67.4,70.0,67.4,2,60.678794860839844,63.27076175171956,57.2826168224299,55.05702590942383
201805A,2018,2018-10-11 12:15:00,CRVBND,14.37,57.91,51.0,70.0,51.0,2,51.927703857421875,48.6298796309236,57.2826168224299,55.498619079589844
201805A,2018,2018-10-11 18:15:00,CRVBND,14.53,57.67,41.0,69.54545454542072,41.0,2,57.20867919921875,57.46513656424535,57.2826168224299,50.57474899291992
201805A,2018,2018-10-11 23:45:00,CRVBND,14.53,57.58,33.0,60.45454545457082,33.0,2,46.54655075073242,39.627021784030696,57.2826168224299,55.694522857666016
201805A,2018,2018-10-12 06:15:00,CRVBND,14.63,57.2,32.0,50.0,32.0,2,61.02222442626953,63.84533145763262,57.2826168224299,53.44100570678711
201805A,2018,2018-10-12 12:00:00,CRVBND,14.6,56.99,33.0,50.0,33.0,2,45.56342315673828,37.982214844216216,57.2826168224299,55.568641662597656
201805A,2018,2018-10-12 18:15:00,CRVBND,14.85,56.16,33.0,45.0,33.0,2,42.03584289550781,32.08044936650036,57.2826168224299,43.96538543701172
201805A,2018,2018-10-13 00:15:00,SHEAR,14.57,55.76,31.0,44.54545454542918,31.0,2,48.02598571777344,42.10216836282541,57.2826168224299,41.431114196777344
201805A,2018,2018-10-13 06:15:00,CRVBND,14.6,54.9,33.0,40.0,33.0,2,41.96143341064453,31.955959689027353,57.2826168224299,41.92198181152344
201805A,2018,2018-10-13 12:00:00,CRVBND,14.79,54.31,33.0,40.0,33.0,2,45.703269958496094,38.21618344752599,57.2826168224299,50.35378646850586
201805A,2018,2018-10-13 18:15:00,CRVBND,15.06,53.55,32.0,40.0,32.0,2,48.5766487121582,43.023446862377405,57.2826168224299,48.52070999145508
201805A,2018,2018-10-14 00:00:00,CRVBND,15.2,52.9,34.0,40.0,34.0,2,46.465232849121094,39.490974083082676,57.2826168224299,46.90958023071289
201807B,2018,2018-11-10 20:45:00,IRRCDO,13.2,89.21,37.0,32.72727272725751,37.0,3,48.655723571777344,46.50254281189648,58.57982905982905,51.42115783691406
201807B,2018,2018-11-11 03:15:00,CRVBND,13.41,88.98,47.0,35.454545454486265,47.0,3,43.22309494018555,39.07198400504114,58.57982905982905,57.80598449707031
201807B,2018,2018-11-11 09:15:00,CRVBND,13.41,88.38,45.0,40.0,45.0,3,42.55933380126953,38.16411481115965,58.57982905982905,55.38726043701172
201807B,2018,2018-11-11 15:15:00,CRVBND,13.4,87.28,45.0,40.0,45.0,3,43.49901580810547,39.44937888589034,58.57982905982905,52.59490966796875
201807B,2018,2018-11-11 20:45:00,IRRCDO,12.9,86.72,41.0,40.0,41.0,3,43.047142028808594,38.83132178719306,58.57982905982905,60.5329704284668
201807B,2018,2018-11-12 02:45:00,CRVBND,12.4,86.91,45.0,40.0,45.0,3,42.262413024902344,37.757996992440454,58.57982905982905,44.61366653442383
201807B,2018,2018-11-12 08:45:00,CRVBND,12.2,87.21,49.0,40.0,49.0,3,41.11831283569336,36.19313690106315,58.57982905982905,35.909576416015625
201807B,2018,2018-11-12 15:15:00,CRVBND,12.6,87.49,39.0,40.45454545457082,39.0,3,37.99786376953125,31.92509616750752,58.57982905982905,44.94771957397461
201807B,2018,2018-11-12 21:15:00,CRVBND,13.2,87.59,35.0,44.54545454542072,35.0,3,44.675811767578125,41.058959104512645,58.57982905982905,63.2365608215332
201807B,2018,2018-11-13 03:15:00,CRVBND,13.7,87.18,45.0,40.0,45.0,3,40.673851013183594,35.58521761676758,58.57982905982905,69.15441131591797
201807B,2018,2018-11-13 09:15:00,CRVBND,13.79,86.07,45.0,40.0,45.0,3,43.94353103637695,40.05737121671274,58.57982905982905,68.98853302001953
201807B,2018,2018-11-13 15:15:00,EYE,13.39,85.58,53.0,40.0,53.0,3,42.65229034423828,38.29125750871027,58.57982905982905,66.84762573242188
201807B,2018,2018-11-14 09:00:00,EMBC,12.6,84.5,53.0,45.0,53.0,3,47.193912506103516,44.50312893242823,58.57982905982905,76.09491729736328
201807B,2018,2018-11-14 15:45:00,EMBC,12.05,83.51,55.0,45.0,55.0,3,50.87354278564453,49.53599810751185,58.57982905982905,67.23638916015625
201807B,2018,2018-11-15 08:45:00,EMBC,11.21,81.64,72.2,55.0,72.2,3,51.73951721191406,50.720447540003825,58.57982905982905,76.2643814086914
201807B,2018,2018-11-15 15:45:00,EMBC,10.77,80.57,79.6,65.99999999997954,79.6,3,70.12006378173828,75.86071414961448,58.57982905982905,76.39257049560547
201807B,2018,2018-11-16 19:45:00,CRVBND,9.7,74.99,49.0,26.636363636373783,49.0,3,53.454044342041016,53.06551758441516,58.57982905982905,66.87815856933594
201807B,2018,2018-11-17 03:15:00,CRVBND,10.11,73.65,53.0,30.0,53.0,3,46.149871826171875,43.07512672666947,58.57982905982905,68.6263198852539
201807B,2018,2018-11-17 10:15:00,CRVBND,9.83,71.96,55.0,30.0,55.0,3,58.6386833190918,60.156884843951566,58.57982905982905,78.27223205566406
201807B,2018,2018-11-17 13:45:00,CRVBND,10.06,71.31,55.0,30.0,55.0,3,41.951324462890625,37.33250097367599,58.57982905982905,55.18113708496094
201807B,2018,2018-11-18 09:15:00,CRVBND,10.61,68.36,57.0,30.0,57.0,3,47.74174499511719,45.252434987005586,58.57982905982905,76.67097473144531
201807B,2018,2018-11-18 15:15:00,SHEAR,11.01,67.97,51.0,30.0,51.0,3,35.89021301269531,29.042325421517134,58.57982905982905,45.59590148925781
201807B,2018,2018-11-18 21:15:00,SHEAR,10.61,67.37,39.0,30.0,39.0,3,34.74713134765625,27.478858431758596,58.57982905982905,29.2083797454834
201807B,2018,2018-11-19 03:15:00,SHEAR,10.75,66.51,31.0,29.545454545429177,31.0,3,34.103816986083984,26.598955622433547,58.57982905982905,24.66152572631836
201807B,2018,2018-11-19 09:15:00,CRVBND,10.85,65.59,34.0,25.0,34.0,3,36.458168029785156,29.81915436388091,58.57982905982905,59.02274703979492
201807B,2018,2018-11-19 15:15:00,SHEAR,10.95,64.59,35.0,,35.0,3,35.29000473022461,28.221381594559205,58.57982905982905,34.12310028076172
201808B,2018,2018-12-15 15:15:00,IRRCDO,10.83,84.88,45.0,35.0,45.0,4,56.990089416503906,49.83885512278564,57.56875,49.206520080566406
201808B,2018,2018-12-16 21:00:00,EMBC,14.7,82.1,77.0,55.0,77.0,4,63.385772705078125,59.04571727658432,57.56875,81.19842529296875
201808B,2018,2018-12-17 09:15:00,CRVBND,16.63,82.3,61.0,39.090909090858354,61.0,4,42.21825408935547,28.574160565655976,57.56875,57.326271057128906
201901B,2019,2019-04-27 14:45:00,IRRCDO,6.67,89.32,55.0,45.0,55.0,0,45.23333740234375,43.06722443665007,56.171126760563375,48.5500602722168
201901B,2019,2019-04-27 21:15:00,CRVBND,7.83,88.58,49.0,45.0,49.0,0,36.55181884765625,33.25649353879639,56.171126760563375,42.91535949707031
201901B,2019,2019-04-28 02:45:00,CRVBND,7.38,87.92,37.0,45.0,37.0,0,43.02314758300781,40.56955338819359,56.171126760563375,52.27954864501953
201901B,2019,2019-04-28 09:15:00,EMBC,7.82,87.38,49.0,45.0,49.0,0,48.209842681884766,46.430886234948076,56.171126760563375,68.10514831542969
201901B,2019,2019-04-28 15:15:00,CRVBND,8.82,86.68,51.0,45.0,51.0,0,31.972370147705078,28.08139213542629,56.171126760563375,50.92746353149414
201901B,2019,2019-04-29 22:15:00,EMBC,11.63,86.84,72.2,67.27272727271036,72.2,0,71.96571350097656,73.27670294111002,56.171126760563375,71.94075012207031
201901B,2019,2019-04-30 08:45:00,EMBC,12.88,85.53,84.8,84.4999999999693,84.8,0,77.53257751464844,79.56765358978329,56.171126760563375,67.53144836425781
201901B,2019,2019-04-30 20:15:00,EMBC,13.61,84.14,90.0,95.0,90.0,0,53.244384765625,52.1202753972653,56.171126760563375,69.53498840332031
201901B,2019,2019-05-01 04:15:00,EMBC,14.11,83.79,90.0,95.0,90.0,0,59.263946533203125,58.92280657343039,56.171126760563375,67.31245422363281
201901B,2019,2019-05-01 09:15:00,EYE,14.69,84.18,90.0,95.45454545457082,90.0,0,91.09542083740234,94.89462723052326,56.171126760563375,76.82669830322266
201901B,2019,2019-05-01 15:15:00,EYE,15.22,84.15,97.2,100.0,97.2,0,89.49744415283203,93.08880038875502,56.171126760563375,72.15068054199219
201901B,2019,2019-05-02 03:45:00,EMBC,16.28,84.62,90.0,105.99999999995909,90.0,0,66.5994873046875,67.21248723769727,56.171126760563375,83.51197052001953
201901B,2019,2019-05-02 09:15:00,EYE,17.13,85.01,107.2,115.0,107.2,0,119.80570983886719,127.3392874151053,56.171126760563375,90.44418334960938
201901B,2019,2019-05-02 14:45:00,EYE,17.79,85.0,122.2,115.0,122.2,0,126.62431335449219,135.0447923644481,56.171126760563375,90.75328063964844
201901B,2019,2019-05-02 21:15:00,EYE,18.78,85.32,132.2,114.09090909084144,132.2,0,117.02717590332031,124.19934725826647,56.171126760563375,86.35074615478516
201902A,2019,2019-06-10 14:45:00,IRRCDO,13.68,70.8,37.0,32.699999999981586,37.0,2,48.439048767089844,42.793237329098986,57.2826168224299,38.291542053222656
201902A,2019,2019-06-10 20:45:00,CRVBND,14.17,70.7,47.0,35.0,47.0,2,51.30137252807617,47.58200535354146,57.2826168224299,46.89265441894531
201902A,2019,2019-06-11 03:45:00,IRRCDO,15.19,70.6,61.0,41.00000000006139,61.0,2,45.78755187988281,38.3571900574967,57.2826168224299,49.096824645996094
201902A,2019,2019-06-11 09:15:00,EMBC,15.63,70.9,72.2,45.909090909141646,72.2,2,58.45650863647461,59.55279897006271,57.2826168224299,79.87938690185547
201902A,2019,2019-06-11 14:45:00,EYE,16.72,70.9,79.6,59.545454545513735,79.6,2,72.43569946289062,82.94047542705887,57.2826168224299,70.65192413330078
201902A,2019,2019-06-11 20:45:00,IRRCDO,17.47,70.7,84.8,69.50000000006139,84.8,2,60.47489547729492,62.92963093296586,57.2826168224299,58.8515625
201902A,2019,2019-06-12 10:15:00,EMBC,18.83,69.99,74.6,80.0,74.6,2,74.06035614013672,85.65858301947605,57.2826168224299,68.6678466796875
201902A,2019,2019-06-12 16:15:00,IRRCDO,19.52,69.68,65.0,80.0,65.0,2,53.6398811340332,51.49441225513937,57.2826168224299,52.609493255615234
201902A,2019,2019-06-13 08:15:00,EYE,20.69,69.29,67.4,80.0,67.4,2,91.22480010986328,114.37529968161806,57.2826168224299,77.16405487060547
201902A,2019,2019-06-13 15:15:00,EYE,20.81,68.97,77.0,80.0,77.0,2,96.16511535644531,122.64062032981245,57.2826168224299,73.0419692993164
201902A,2019,2019-06-14 01:45:00,EMBC,20.94,68.42,92.4,77.27272727271036,92.4,2,72.48779296875,83.0276296891101,57.2826168224299,63.999839782714844
201902A,2019,2019-06-14 09:15:00,EYE,20.55,68.39,79.6,74.54545454542918,79.6,2,74.04780578613281,85.63758583712774,57.2826168224299,71.1828384399414
201902A,2019,2019-06-14 14:45:00,CRVBND,20.75,68.21,79.6,70.0,79.6,2,67.50344848632812,74.68864658539468,57.2826168224299,57.8760986328125
201902A,2019,2019-06-15 03:15:00,EYE,20.78,66.98,82.2,65.0,82.2,2,89.17605590820312,110.94767878949672,57.2826168224299,79.95558166503906
201902A,2019,2019-06-15 07:45:00,EYE,20.59,67.08,77.0,65.0,77.0,2,69.78350830078125,78.50326660919902,57.2826168224299,78.76325225830078
201902A,2019,2019-06-15 15:15:00,CRVBND,20.81,66.29,74.6,65.0,74.6,2,71.04820251464844,80.61914437767956,57.2826168224299,54.222129821777344
201902A,2019,2019-06-15 20:45:00,IRRCDO,20.7,65.81,61.0,65.0,61.0,2,61.23680114746094,64.20432583668813,57.2826168224299,49.283973693847656
201902A,2019,2019-06-16 03:15:00,CRVBND,21.21,65.3,45.0,55.0,45.0,2,50.541847229003906,46.31129289413085,57.2826168224299,44.366981506347656
201902A,2019,2019-06-16 08:15:00,IRRCDO,20.76,65.75,43.0,55.0,43.0,2,63.558326721191406,68.08831952983172,57.2826168224299,46.132667541503906
201902A,2019,2019-06-16 14:45:00,SHEAR,20.68,65.48,39.0,45.45454545457928,39.0,2,48.73590087890625,43.28988132179839,57.2826168224299,27.236125946044922
201902A,2019,2019-06-16 21:15:00,SHEAR,21.01,66.42,39.0,39.54545454542918,39.0,2,37.857276916503906,25.089561955014183,57.2826168224299,31.43460464477539
201902A,2019,2019-06-17 03:15:00,SHEAR,22.12,67.12,29.0,30.0,29.0,2,37.23198699951172,24.0434299970184,57.2826168224299,31.466218948364258
201902A,2019,2019-06-17 09:15:00,SHEAR,22.67,67.67,25.0,25.0,25.0,2,38.813812255859375,26.689879120314963,57.2826168224299,29.531204223632812
201903A,2019,2019-09-23 03:45:00,EMBC,20.3,65.28,47.0,41.36363636361945,47.0,1,56.128639221191406,54.641821931211986,56.24280821917809,65.57532501220703
201903A,2019,2019-09-23 09:15:00,CRVBND,20.2,63.95,72.2,55.0,72.2,1,75.50048828125,79.76352377339869,56.24280821917809,52.357059478759766
201903A,2019,2019-09-23 14:45:00,EMBC,20.2,62.95,77.0,55.0,77.0,1,80.05757141113281,85.67321692163907,56.24280821917809,58.40021514892578
201903A,2019,2019-09-24 01:45:00,EYE,20.13,60.58,84.8,72.7272727272389,84.8,1,69.82085418701172,72.39808984678618,56.24280821917809,64.81636047363281
201903A,2019,2019-09-24 14:15:00,EMBC,19.9,57.95,67.4,64.09090909093446,67.4,1,70.84002685546875,73.71976811421976,56.24280821917809,63.11485290527344
201904A,2019,2019-10-25 12:45:00,EMBC,16.13,71.66,63.0,51.36363636361945,63.0,1,82.1199722290039,88.34776896181911,56.24280821917809,77.3105239868164
201904A,2019,2019-10-25 16:45:00,EMBC,16.47,71.75,67.4,55.0,67.4,1,70.04730224609375,72.69175105617119,56.24280821917809,84.72782135009766
201904A,2019,2019-10-25 22:45:00,EMBC,16.57,71.04,74.6,62.72727272733192,74.6,1,89.79598236083984,98.30213301203143,56.24280821917809,83.46173095703125
201904A,2019,2019-10-26 07:15:00,EMBC,16.9,70.04,84.8,77.27272727271036,84.8,1,99.27455139160156,110.59408223913636,56.24280821917809,69.8319091796875
201904A,2019,2019-10-26 12:15:00,EYE,16.75,69.49,84.8,85.45454545448627,84.8,1,104.57552337646484,117.46846151313619,56.24280821917809,81.49345397949219
201904A,2019,2019-10-26 18:15:00,EYE,16.95,68.86,115.0,105.45454545457928,115.0,1,110.21443176269531,124.78108173617748,56.24280821917809,80.88937377929688
201904A,2019,2019-10-27 00:15:00,EYE,17.13,68.22,132.2,120.45454545448628,132.2,1,118.8202133178711,135.94118719012025,56.24280821917809,79.32469177246094
201904A,2019,2019-10-27 06:15:00,EYE,17.31,67.39,140.0,125.0,140.0,1,114.1224365234375,129.84904040614424,56.24280821917809,76.04421997070312
201904A,2019,2019-10-27 11:45:00,EYE,17.56,66.88,129.6,130.0,129.6,1,125.02482604980469,143.98742121840664,56.24280821917809,73.73428344726562
201904A,2019,2019-10-27 18:15:00,EYE,18.0,66.17,129.6,129.54545454542918,129.6,1,116.43792724609375,132.85180319727368,56.24280821917809,73.1133041381836
201904A,2019,2019-10-28 00:15:00,EYE,18.29,65.44,127.0,125.0,127.0,1,113.07054901123047,128.48493704299815,56.24280821917809,75.506591796875
201904A,2019,2019-10-28 06:15:00,EYE,18.38,64.81,129.6,125.0,129.6,1,117.88336181640625,134.72626423582517,56.24280821917809,76.79901123046875
201904A,2019,2019-10-28 12:15:00,EYE,18.61,64.41,127.0,125.0,127.0,1,118.80836486816406,135.9258219444016,56.24280821917809,73.50791931152344
201904A,2019,2019-10-28 17:45:00,EYE,18.82,64.01,122.2,125.0,122.2,1,111.09120178222656,125.91809013153227,56.24280821917809,73.9670181274414
201904A,2019,2019-10-29 06:15:00,EYE,19.36,63.27,109.8,109.54545454551372,109.8,1,108.31166076660156,122.31354002192859,56.24280821917809,79.49578094482422
201904A,2019,2019-10-29 11:45:00,EYE,19.45,63.01,112.4,100.45454545457082,112.4,1,99.17436218261719,110.4641553835168,56.24280821917809,79.930908203125
201904A,2019,2019-10-29 17:45:00,EMBC,19.53,62.82,97.2,95.45454545448628,97.2,1,71.94589233398438,75.15387090650906,56.24280821917809,78.94145202636719
201904A,2019,2019-10-29 23:15:00,EMBC,19.61,62.51,90.0,86.36363636364482,90.0,1,67.8952865600586,69.90098512274507,56.24280821917809,75.19113159179688
201904A,2019,2019-10-30 12:15:00,CRVBND,19.0,61.41,59.0,64.54545454542918,59.0,1,51.46678924560547,48.59626558000423,56.24280821917809,57.25886535644531
201905A,2019,2019-10-30 12:15:00,CRVBND,9.85,74.2,39.0,35.45454545457082,39.0,0,36.39847946166992,33.083209171265814,56.171126760563375,52.13111114501953
201904A,2019,2019-10-30 18:15:00,SHEAR,18.54,60.89,45.0,55.0,45.0,1,64.0859146118164,64.9609349502996,56.24280821917809,35.007911682128906
201905A,2019,2019-10-30 18:15:00,CRVBND,10.91,73.44,39.0,40.0,39.0,0,37.476783752441406,34.30176939850256,56.171126760563375,47.782283782958984
201904A,2019,2019-10-30 23:45:00,CRVBND,18.14,60.49,35.0,50.45454545457082,35.0,1,42.87096405029297,37.44907168154301,56.24280821917809,38.30729293823242
201904A,2019,2019-10-31 05:45:00,SHEAR,17.85,60.12,33.0,40.45454545457928,33.0,1,46.39421463012695,42.018075409968354,56.24280821917809,31.82737922668457
201904A,2019,2019-10-31 11:45:00,SHEAR,17.33,59.52,35.0,35.45454545457082,35.0,1,56.62156677246094,55.28105770753879,56.24280821917809,31.255577087402344
201905A,2019,2019-10-31 12:45:00,CRVBND,12.81,72.63,55.0,50.90909090906554,55.0,0,42.84361267089844,40.36666622065723,56.171126760563375,57.171627044677734
201904A,2019,2019-10-31 17:45:00,CRVBND,16.88,59.31,37.0,30.0,37.0,1,40.51692199707031,34.39631495183258,56.24280821917809,38.23053741455078
201905A,2019,2019-10-31 17:45:00,IRRCDO,13.62,72.31,51.0,55.0,51.0,0,34.86005401611328,31.34467944772828,56.171126760563375,45.631874084472656
201904A,2019,2019-11-01 00:15:00,CRVBND,16.58,59.1,31.0,25.0,31.0,1,36.172054290771484,28.761825919681577,56.24280821917809,36.489341735839844
201905A,2019,2019-11-01 00:45:00,CRVBND,15.06,71.72,49.0,55.0,49.0,0,40.051185607910156,37.21102584572883,56.171126760563375,55.606266021728516
201904A,2019,2019-11-01 05:45:00,SHEAR,16.03,58.62,32.0,25.0,32.0,1,39.03208923339844,32.47076175044076,56.24280821917809,37.597068786621094
201905A,2019,2019-11-01 06:15:00,CRVBND,15.77,71.09,49.0,55.0,49.0,0,34.74163818359375,31.210861169327302,56.171126760563375,37.108985900878906
201904A,2019,2019-11-01 11:45:00,CRVBND,15.38,58.03,34.0,25.0,34.0,1,41.64555358886719,35.85994117826508,56.24280821917809,58.327064514160156
201905A,2019,2019-11-01 12:45:00,CRVBND,15.82,69.52,47.0,50.0,47.0,0,52.95467758178711,51.792885758931355,56.171126760563375,59.86605453491211
201905A,2019,2019-11-02 13:15:00,CRVBND,16.85,67.56,53.0,55.0,53.0,0,75.50631713867188,77.27783584045,56.171126760563375,76.52525329589844
201905A,2019,2019-11-02 18:15:00,CRVBND,17.37,67.01,61.0,60.0,61.0,0,49.74214172363281,48.16249268823524,56.171126760563375,47.08529281616211
201905A,2019,2019-11-02 23:45:00,CRVBND,17.49,66.47,69.8,60.0,69.8,0,29.061595916748047,24.792011077902956,56.171126760563375,44.70018768310547
201905A,2019,2019-11-03 13:15:00,EYE,17.79,65.75,82.2,71.81818181819027,82.2,0,81.75707244873047,84.3416320955652,56.171126760563375,76.27452850341797
201905A,2019,2019-11-03 17:45:00,EYE,17.99,65.43,87.4,79.54545454551373,87.4,0,75.51387023925781,77.28637137911483,56.171126760563375,61.211910247802734
201905A,2019,2019-11-03 23:45:00,EYE,18.19,65.05,94.8,89.54545454551373,94.8,0,54.9160041809082,54.00932374101573,56.171126760563375,63.34877014160156
201905A,2019,2019-11-04 06:15:00,EYE,18.61,64.32,97.2,90.45454545457928,97.2,0,80.95038604736328,83.43001932264792,56.171126760563375,72.2576904296875
201905A,2019,2019-11-04 11:45:00,EYE,19.0,64.19,102.0,99.50000000007162,102.0,0,86.15458679199219,89.31113478906552,56.171126760563375,69.37921905517578
201905A,2019,2019-11-04 17:45:00,EYE,19.44,63.71,104.6,100.0,104.6,0,80.39739990234375,82.80510580955075,56.171126760563375,64.17950439453125
201905A,2019,2019-11-05 05:45:00,EYE,20.05,64.11,84.8,80.45454545457082,84.8,0,40.7995719909668,38.05675546843664,56.171126760563375,73.69987487792969
201905A,2019,2019-11-05 11:15:00,EMBC,19.7,64.28,74.6,72.7272727272389,74.6,0,73.23074340820312,74.70627634112718,56.171126760563375,72.8054428100586
201905A,2019,2019-11-05 17:45:00,CRVBND,19.8,64.34,59.0,70.0,59.0,0,70.7357406616211,71.88674651095643,56.171126760563375,46.584373474121094
201905A,2019,2019-11-05 23:45:00,CRVBND,19.77,65.64,47.0,60.90909090897252,47.0,0,48.265663146972656,46.49396731438373,56.171126760563375,44.94152069091797
201905A,2019,2019-11-06 05:15:00,CRVBND,19.78,67.02,41.0,51.36363636364482,41.0,0,32.61051940917969,28.80254600240859,56.171126760563375,44.70136642456055
201905A,2019,2019-11-06 18:00:00,SHEAR,19.82,68.74,47.0,40.0,47.0,0,33.184295654296875,29.450953801224646,56.171126760563375,25.322505950927734
201905A,2019,2019-11-06 23:45:00,SHEAR,19.12,68.58,32.0,30.500000000030692,32.0,0,19.92868423461914,14.471173972872299,56.171126760563375,22.901798248291016
201905A,2019,2019-11-07 05:15:00,SHEAR,19.01,68.95,28.0,26.36363636364482,28.0,0,25.171695709228516,20.396148313217196,56.171126760563375,29.79500961303711
201906A,2019,2019-12-03 09:15:00,CRVBND,6.91,57.09,37.0,30.0,37.0,3,43.465476989746094,39.40350566704329,58.57982905982905,47.84259033203125
201906A,2019,2019-12-03 15:15:00,SHEAR,7.11,57.39,33.0,30.0,33.0,3,37.04166030883789,30.617234627942143,58.57982905982905,38.90064239501953
201907A,2019,2019-12-03 15:15:00,CRVBND,13.72,69.98,35.0,40.31818181809633,35.0,1,52.59981155395508,50.06558575293453,56.24280821917809,65.30025482177734
201906A,2019,2019-12-03 20:15:00,CRVBND,7.22,57.33,33.0,30.0,33.0,3,55.27671813964844,55.558506845650186,58.57982905982905,52.933563232421875
201907A,2019,2019-12-03 20:45:00,IRRCDO,13.78,69.32,41.0,27.700000000036837,41.0,1,44.970706939697266,40.172049475212994,56.24280821917809,48.06399917602539
201906A,2019,2019-12-04 02:45:00,EMBC,7.34,57.64,41.0,30.0,41.0,3,50.85504150390625,49.51069270357552,58.57982905982905,75.2159423828125
201907A,2019,2019-12-04 03:15:00,CRVBND,14.62,69.08,39.0,30.0,39.0,1,43.09048843383789,37.73375416556442,56.24280821917809,40.897254943847656
201906A,2019,2019-12-04 09:15:00,CRVBND,7.7,57.4,51.0,30.0,51.0,3,58.05853271484375,59.36337520542605,58.57982905982905,79.80964660644531
201907A,2019,2019-12-04 08:45:00,SHEAR,14.88,68.72,32.0,30.0,32.0,1,37.523704528808594,30.514666041944345,56.24280821917809,32.562320709228516
201906A,2019,2019-12-04 14:45:00,CRVBND,8.38,57.01,51.0,30.0,51.0,3,40.54924774169922,35.4147896344632,58.57982905982905,50.236061096191406
201907A,2019,2019-12-04 15:15:00,SHEAR,14.91,68.18,29.0,30.0,29.0,1,35.35559844970703,27.703033847590607,56.24280821917809,29.496002197265625
201906A,2019,2019-12-04 20:45:00,CRVBND,8.95,56.61,39.0,32.72727272725751,39.0,3,47.481632232666016,44.896661878097035,58.57982905982905,46.11726379394531
201907A,2019,2019-12-04 20:45:00,SHEAR,15.09,67.67,25.0,28.18181818182833,25.0,1,33.907005310058594,25.824476729369128,56.24280821917809,20.673221588134766
201906A,2019,2019-12-05 02:45:00,CRVBND,9.69,55.83,37.0,35.0,37.0,3,44.9769401550293,41.470831946023964,58.57982905982905,57.884552001953125
201906A,2019,2019-12-05 15:00:00,CRVBND,9.3,54.5,47.0,35.0,47.0,3,46.698734283447266,43.82584153569276,58.57982905982905,59.98881530761719
201906A,2019,2019-12-05 20:45:00,IRRCDO,9.06,53.68,35.0,35.0,35.0,3,38.96067428588867,33.24199460596315,58.57982905982905,54.235408782958984
201906A,2019,2019-12-06 09:45:00,CRVBND,7.52,51.55,55.0,35.0,55.0,3,52.26237487792969,51.43559390807167,58.57982905982905,76.30838012695312
201906A,2019,2019-12-06 14:45:00,CRVBND,7.37,51.54,53.0,35.0,53.0,3,46.122093200683594,43.03713209750156,58.57982905982905,48.056907653808594
201906A,2019,2019-12-06 20:45:00,CRVBND,7.07,50.29,39.0,35.0,39.0,3,53.436466217041016,53.041474841871114,58.57982905982905,38.494476318359375
202001B,2020,2020-05-17 09:15:00,EMBC,11.72,86.3,55.0,65.0,55.0,4,67.38959503173828,64.80939233468422,57.56875,61.46710205078125
202001B,2020,2020-05-17 15:15:00,EMBC,12.2,86.76,61.0,75.45454545457082,61.0,4,87.62109375,93.93350800134897,57.56875,65.57738494873047
202001B,2020,2020-05-17 20:45:00,EYE,12.9,86.57,87.4,89.09090909102747,87.4,4,116.0455551147461,134.85174703434117,57.56875,79.16114044189453
202001B,2020,2020-05-18 02:45:00,EYE,13.33,86.35,117.4,113.50000000018416,117.4,4,120.47811889648438,141.2326139229958,57.56875,82.43229675292969
202001B,2020,2020-05-18 08:45:00,EYE,13.65,86.39,134.8,120.0,134.8,4,118.80964660644531,138.83077604442772,57.56875,77.39106750488281
202001B,2020,2020-05-18 15:15:00,EYE,14.53,86.64,143.0,125.0,143.0,4,113.58792114257812,131.3138768513904,57.56875,77.30335235595703
202001B,2020,2020-05-18 22:15:00,EMBC,15.36,86.64,132.2,127.72727272728964,132.2,4,93.92874145507812,103.01363913278358,57.56875,80.38739776611328
202001B,2020,2020-05-19 07:45:00,EMBC,16.71,87.1,104.6,112.00000000002046,104.6,4,84.11695861816406,88.88915422843273,57.56875,78.93807983398438
202001B,2020,2020-05-19 15:15:00,EMBC,17.91,87.13,90.0,100.0,90.0,4,99.97355651855469,111.7154113318634,57.56875,82.63671875
202001B,2020,2020-05-20 01:45:00,EMBC,19.62,87.09,69.8,95.0,69.8,4,85.056640625,90.241867037211,57.56875,86.70084381103516
202002A,2020,2020-06-02 23:45:00,EYE,17.61,72.23,47.0,49.545454545420725,47.0,4,64.25283813476562,60.29389538817381,57.56875,65.18815612792969
202002A,2020,2020-06-03 06:15:00,EYE,18.03,72.74,72.2,60.0,72.2,4,84.79421997070312,89.8641011783641,57.56875,69.95278930664062
202003A,2020,2020-11-22 06:15:00,EYE,10.41,52.43,61.0,51.36363636345879,61.0,4,91.20542907714844,99.09331341713641,57.56875,76.84733581542969
202003A,2020,2020-11-22 11:45:00,EYE,10.32,51.55,87.4,74.09090909102747,87.4,4,81.48786163330078,85.10445563776814,57.56875,66.0654296875
202003A,2020,2020-11-23 11:45:00,SHEAR,11.48,48.73,35.0,30.0,35.0,4,42.20341110229492,28.552793445107465,57.56875,39.019386291503906
202003A,2020,2020-11-23 17:45:00,SHEAR,11.58,47.83,27.0,30.0,27.0,4,37.50868225097656,21.7945286228377,57.56875,39.102272033691406
202004B,2020,2020-11-23 18:15:00,CRVBND,10.18,83.67,35.0,30.27272727269176,35.0,2,42.62779998779297,33.07081433988837,57.2826168224299,40.12651062011719
202003A,2020,2020-11-23 23:45:00,CRVBND,11.71,46.73,30.0,25.272727272742493,30.0,4,34.37723159790039,17.28667024345219,57.56875,42.73573303222656
202004B,2020,2020-11-23 23:45:00,CRVBND,9.97,82.84,37.0,34.818181818171674,37.0,2,43.49163818359375,34.51604593343717,57.2826168224299,60.8337287902832
202003A,2020,2020-11-24 05:15:00,CRVBND,11.52,46.0,33.0,22.363636363647355,33.0,4,36.79589080810547,20.768434574271325,57.56875,44.61956787109375
202004B,2020,2020-11-25 06:45:00,EMBC,11.29,81.95,61.0,60.99999999995907,61.0,2,60.63263702392578,63.19353807195829,57.2826168224299,79.35992431640625
202004B,2020,2020-11-25 13:15:00,EMBC,11.72,81.02,57.0,65.0,57.0,2,51.888179779052734,48.56375446183215,57.2826168224299,80.64152526855469
202004B,2020,2020-11-25 18:45:00,IRRCDO,12.09,80.34,57.0,64.09090909093446,57.0,2,57.0951042175293,57.275121637176554,57.2826168224299,62.33982467651367
202005B,2020,2020-12-01 19:30:00,EMBC,8.31,83.77,53.0,35.0,53.0,1,48.4043083190918,44.624794787787174,56.24280821917809,74.10440826416016
202005B,2020,2020-12-02 01:15:00,EMBC,8.61,83.14,55.0,40.0,55.0,1,60.501399993896484,60.31248310653577,56.24280821917809,77.83663940429688
202005B,2020,2020-12-02 11:15:00,CRVBND,9.06,81.7,53.0,45.0,53.0,1,43.42780303955078,38.1711887607578,56.24280821917809,54.572940826416016
202005B,2020,2020-12-02 17:45:00,CRVBND,8.84,81.55,45.0,45.0,45.0,1,39.88943862915039,33.58258519217236,56.24280821917809,43.64655685424805
202005B,2020,2020-12-02 22:45:00,EMBC,9.15,80.94,47.0,40.0,47.0,1,62.5013313293457,62.906023793242404,56.24280821917809,69.21146392822266
202005B,2020,2020-12-03 06:45:00,CRVBND,9.2,80.09,33.0,39.09090909093446,33.0,1,49.15540313720703,45.598825713663345,56.24280821917809,60.6151123046875
202005B,2020,2020-12-03 12:00:00,CRVBND,9.22,79.4,33.0,30.0,33.0,1,42.041709899902344,36.373682571658726,56.24280821917809,45.24333953857422
202005B,2020,2020-12-03 23:45:00,CRVBND,9.4,79.41,41.0,30.0,41.0,1,39.562171936035156,33.158180879407475,56.24280821917809,42.43303298950195
202005B,2020,2020-12-04 06:15:00,CRVBND,9.3,79.36,35.0,29.81818181817167,35.0,1,37.61178970336914,30.628896205785004,56.24280821917809,44.286109924316406
202005B,2020,2020-12-04 11:45:00,CRVBND,9.3,79.31,35.0,25.27272727269176,35.0,1,37.11671447753906,29.986875293160836,56.24280821917809,51.166664123535156
202005B,2020,2020-12-05 05:15:00,CRVBND,9.0,78.85,57.0,18.98181818181345,57.0,1,42.602317810058594,37.10068724352323,56.24280821917809,59.24222183227539
202101A,2021,2021-05-14 09:45:00,CRVBND,11.96,72.22,35.0,30.0,35.0,1,38.19196319580078,31.381273815605372,56.24280821917809,44.570247650146484
202101A,2021,2021-05-14 15:15:00,CRVBND,12.22,72.2,41.0,33.181818181794505,41.0,1,40.61842727661133,34.52794850731463,56.24280821917809,50.319854736328125
202101A,2021,2021-05-14 20:15:00,CRVBND,12.32,72.29,43.0,38.63636363638055,43.0,1,57.53790283203125,56.46937593180334,56.24280821917809,61.05534744262695
202101A,2021,2021-05-15 03:15:00,EMBC,13.03,72.3,55.0,40.454545454486265,55.0,1,49.16800308227539,45.615165509738254,56.24280821917809,78.76596069335938
202101A,2021,2021-05-15 21:15:00,EMBC,14.93,72.79,72.2,60.45454545457082,72.2,1,98.33932495117188,109.38126668814975,56.24280821917809,81.94029235839844
202101A,2021,2021-05-16 09:15:00,EYE,16.41,72.63,107.2,70.45454545457082,107.2,1,106.31968688964844,119.73031868569494,56.24280821917809,78.1898193359375
202101A,2021,2021-05-16 15:15:00,EYE,17.44,72.28,119.8,80.45454545457928,119.8,1,111.33509826660156,126.23437871822476,56.24280821917809,78.21707153320312
202101A,2021,2021-05-16 21:15:00,EYE,18.17,71.75,134.8,90.90909090915856,134.8,1,119.37678527832031,136.6629579824064,56.24280821917809,81.83731842041016
202101A,2021,2021-05-17 02:45:00,EYE,18.93,71.46,124.6,100.0,124.6,1,116.92340087890625,133.48137262133577,56.24280821917809,82.73375701904297
202101A,2021,2021-05-17 09:15:00,EYE,20.03,71.35,119.8,100.0,119.8,1,106.4161148071289,119.85536784257702,56.24280821917809,77.37117767333984
202101A,2021,2021-05-17 15:15:00,EYE,20.56,71.39,109.8,89.54545454551373,109.8,1,110.38773345947266,125.00582195285416,56.24280821917809,76.02001953125
202102B,2021,2021-05-24 03:15:00,CRVBND,16.22,89.8,35.0,40.0,35.0,3,38.90216827392578,33.1619721358247,58.57982905982905,23.79769515991211
202102B,2021,2021-05-24 08:45:00,CRVBND,17.08,89.91,35.0,40.0,35.0,3,41.234214782714844,36.35166351710387,58.57982905982905,24.028289794921875
202102B,2021,2021-05-24 15:15:00,CRVBND,17.62,89.09,37.0,45.454545454486265,37.0,3,44.746315002441406,41.15539095514177,58.57982905982905,29.255634307861328
202102B,2021,2021-05-25 15:15:00,EMBC,20.13,88.08,61.0,65.45454545457082,61.0,3,52.95755386352539,52.38643533016339,58.57982905982905,59.237823486328125
202103B,2021,2021-09-24 12:10:00,CRVBND,19.01,91.31,35.0,25.0,35.0,2,41.343196868896484,30.921628275153765,57.2826168224299,51.27892303466797
202103B,2021,2021-09-24 18:15:00,CRVBND,18.66,89.99,35.0,25.272727272747566,35.0,2,44.26576232910156,35.81118277486815,57.2826168224299,58.66950988769531
202103B,2021,2021-09-25 18:15:00,IRRCDO,18.33,87.61,53.0,35.0,53.0,2,50.180419921875,45.706612335233196,57.2826168224299,60.50154113769531
202103B,2021,2021-09-26 00:15:00,IRRCDO,18.26,87.32,53.0,40.0,53.0,2,49.198265075683594,44.06343283660376,57.2826168224299,42.25569152832031
202103B,2021,2021-09-26 06:15:00,EMBC,18.5,85.96,47.0,45.0,47.0,2,49.582481384277344,44.706240194087684,57.2826168224299,58.31730270385742
202103A,2021,2021-10-01 00:45:00,EMBC,22.85,64.51,51.0,36.36363636361945,51.0,4,66.01922607421875,62.83668707045282,57.56875,72.95903015136719
202103A,2021,2021-10-01 06:15:00,EMBC,23.01,64.26,55.0,45.0,55.0,4,79.95979309082031,82.90473501412386,57.56875,85.17262268066406
202103A,2021,2021-10-01 12:45:00,EMBC,23.33,63.53,57.0,55.0,57.0,4,71.37169647216797,70.54179923950649,57.56875,82.9265365600586
202103A,2021,2021-10-01 18:15:00,EYE,23.82,63.06,55.0,60.0,55.0,4,79.33670043945312,82.00776624763863,57.56875,67.59896087646484
202103A,2021,2021-10-02 00:15:00,CRVBND,23.91,62.39,57.0,60.0,57.0,4,66.43272399902344,63.43193518121524,57.56875,54.521732330322266
202103A,2021,2021-10-02 06:15:00,EYE,24.11,61.69,67.4,60.0,67.4,4,70.5252685546875,69.32332971752571,57.56875,59.367679595947266
202103A,2021,2021-10-02 18:15:00,EMBC,24.34,59.76,77.0,60.0,77.0,4,61.43617630004883,56.23918910019494,57.56875,60.65731430053711
202103A,2021,2021-10-03 00:15:00,CRVBND,24.27,59.43,65.0,60.0,65.0,4,51.80906677246094,42.38054939576032,57.56875,56.75278854370117
202103A,2021,2021-10-03 06:15:00,EYE,24.3,58.68,55.0,60.0,55.0,4,71.0404281616211,70.06492420778385,57.56875,61.01671600341797
202104B,2021,2021-11-11 11:45:00,CRVBND,13.19,80.32,35.0,25.0,35.0,3,45.265663146972656,41.865737122875295,58.57982905982905,45.325462341308594
202105B,2021,2021-12-03 08:45:00,CRVBND,14.48,84.92,43.0,35.0,43.0,4,72.29216003417969,71.86684626742549,57.56875,56.474891662597656
202105B,2021,2021-12-03 21:15:00,CRVBND,15.13,84.79,34.0,40.0,34.0,4,44.9766845703125,32.54504030643025,57.56875,35.32535171508789
202105B,2021,2021-12-04 03:15:00,CRVBND,16.03,85.0,31.0,39.54545454542918,31.0,4,48.209102630615234,37.19824562662225,57.56875,45.141136169433594
202105B,2021,2021-12-04 08:15:00,IRRCDO,16.33,84.89,39.0,35.0,39.0,4,51.1907958984375,41.49052178588607,57.56875,58.67445373535156
202105B,2021,2021-12-04 15:15:00,CRVBND,16.97,85.03,41.0,30.0,41.0,4,55.07333755493164,47.07960808438719,57.56875,45.92757797241211
202105B,2021,2021-12-04 21:15:00,CRVBND,17.45,85.19,33.0,30.0,33.0,4,51.37028503417969,41.748904144161216,57.56875,36.298526763916016
202105B,2021,2021-12-05 09:15:00,CRVBND,20.02,86.56,45.0,25.0,45.0,4,61.605186462402344,56.48248652396823,57.56875,68.87782287597656
202105B,2021,2021-12-05 14:45:00,IRRCDO,20.61,87.01,47.0,25.0,47.0,4,47.14472579956055,35.666029236119556,57.56875,41.29341125488281
202201B,2022,2022-03-04 20:45:00,CRVBND,11.1,83.51,37.0,30.0,37.0,2,43.967994689941406,35.31300707281811,57.2826168224299,61.66157531738281
202201B,2022,2022-03-05 03:15:00,CRVBND,11.91,84.19,37.0,30.0,37.0,2,45.744144439697266,38.28456788790963,57.2826168224299,54.95842361450195
202201B,2022,2022-03-05 09:15:00,CRVBND,11.71,83.79,37.0,30.0,37.0,2,39.900054931640625,28.507201207867215,57.2826168224299,47.36288833618164
202201B,2022,2022-03-05 15:15:00,CRVBND,11.3,83.18,33.0,27.727272727252437,33.0,2,38.31109619140625,25.848817515880274,57.2826168224299,40.771060943603516
202201B,2022,2022-03-05 21:15:00,SHEAR,11.37,82.85,32.0,25.0,32.0,2,38.685420989990234,26.47507603025503,57.2826168224299,38.31015396118164
202201B,2022,2022-03-06 03:15:00,SHEAR,11.4,82.49,26.0,23.25,26.0,2,38.06422424316406,25.43579208948105,57.2826168224299,31.686939239501953
202201B,2022,2022-03-06 09:15:00,SHEAR,11.2,81.95,25.0,21.136363636396663,25.0,2,37.592498779296875,24.646578846565422,57.2826168224299,34.1595344543457
202202B,2022,2022-05-07 09:10:00,IRRCDO,9.92,90.88,43.0,28.0,43.0,0,52.58061981201172,51.37017398375048,56.171126760563375,53.91458511352539
202202B,2022,2022-05-08 03:15:00,EMBC,11.43,88.57,65.0,40.454545454486265,65.0,0,71.67198181152344,72.94476532636628,56.171126760563375,85.87137603759766
202202B,2022,2022-05-08 19:45:00,IRRCDO,13.38,86.62,51.0,55.0,51.0,0,42.92103576660156,40.454159802849944,56.171126760563375,45.614173889160156
202202B,2022,2022-05-09 03:45:00,IRRCDO,14.25,85.73,59.0,55.0,59.0,0,49.090606689453125,47.42621194995248,56.171126760563375,61.662845611572266
202202B,2022,2022-05-10 02:15:00,EMBC,14.95,83.75,72.0,55.0,72.0,0,56.21826934814453,55.48097562229929,56.171126760563375,74.44950866699219
202202B,2022,2022-05-10 10:15:00,EMBC,15.18,82.02,80.0,53.18181818186892,80.0,0,63.217308044433594,63.390385106413255,56.171126760563375,67.40383911132812
202202B,2022,2022-05-10 20:45:00,CRVBND,15.49,81.11,63.0,45.45454545457082,63.0,0,34.692115783691406,31.15489734965713,56.171126760563375,52.921714782714844
202202B,2022,2022-05-11 02:45:00,EMBC,15.74,80.58,57.0,45.0,57.0,0,59.7634391784668,59.48726864274119,56.171126760563375,77.57432556152344
202202B,2022,2022-05-11 07:45:00,IRRCDO,15.69,81.04,57.0,40.0,57.0,0,46.548622131347656,44.5535893449352,56.171126760563375,56.226016998291016
202203A,2022,2022-08-12 08:15:00,CRVBND,21.83,65.7,35.0,25.0,35.0,3,46.23616027832031,43.19314904358488,58.57982905982905,50.19773864746094
202203A,2022,2022-08-12 15:15:00,SHEAR,22.11,65.49,34.0,25.0,34.0,3,49.48347473144531,47.63471180161691,58.57982905982905,33.87726593017578
202203A,2022,2022-08-12 21:15:00,SHEAR,22.41,64.59,30.0,25.0,30.0,3,42.323638916015625,37.841739617837995,58.57982905982905,34.6768798828125
202203A,2022,2022-08-13 09:15:00,SHEAR,22.15,63.68,25.0,27.9,25.0,3,41.242088317871094,36.362432662201726,58.57982905982905,30.144119262695312
202203A,2022,2022-08-13 15:15:00,SHEAR,22.26,63.77,25.0,25.786363636349485,25.0,3,35.73839569091797,28.83467501618558,58.57982905982905,25.074817657470703
202203A,2022,2022-08-13 21:15:00,SHEAR,22.41,64.12,25.0,,25.0,3,34.134281158447266,26.640623448379017,58.57982905982905,33.74897384643555
202204B,2022,2022-08-19 00:15:00,CRVBND,20.89,89.1,35.0,25.0,35.0,1,39.839149475097656,33.517369469600304,56.24280821917809,29.3165225982666
202204B,2022,2022-08-19 06:45:00,CRVBND,21.05,89.0,39.0,30.0,39.0,1,56.395591735839844,54.98800992071306,56.24280821917809,57.77871322631836
202204B,2022,2022-08-19 11:15:00,CRVBND,21.35,88.37,39.0,30.0,39.0,1,43.20166778564453,37.877933201774894,56.24280821917809,52.13567352294922
202205B,2022,2022-10-23 15:15:00,CRVBND,16.34,88.61,35.0,35.0,35.0,2,53.00457763671875,50.431527226121,57.2826168224299,49.44045639038086
202205B,2022,2022-10-23 20:15:00,CRVBND,17.07,88.95,39.0,38.99999999993861,39.0,2,47.69633483886719,41.55065088263944,57.2826168224299,50.19325256347656
202205B,2022,2022-10-24 01:45:00,CRVBND,18.05,89.31,41.0,42.72727272728964,41.0,2,53.590904235839844,51.41247218700259,57.2826168224299,60.56694412231445
202205B,2022,2022-10-24 09:15:00,CRVBND,20.06,89.92,47.0,45.0,47.0,2,59.34937286376953,61.04659213214899,57.2826168224299,68.1895523071289
202205B,2022,2022-10-24 15:15:00,CRVBND,21.76,90.42,39.0,44.54545454542918,39.0,2,68.06022644042969,75.62015562698447,57.2826168224299,55.37523651123047
202206B,2022,2022-12-08 12:15:00,IRRCDO,10.27,82.87,57.0,50.0,57.0,3,52.76734924316406,52.12628012487074,58.57982905982905,56.048858642578125
202206B,2022,2022-12-08 18:15:00,EMBC,10.72,82.28,53.0,50.0,53.0,3,47.513694763183594,44.94051588223824,58.57982905982905,64.6009521484375
202206B,2022,2022-12-09 00:15:00,CRVBND,10.87,81.61,53.0,50.0,53.0,3,52.59531021118164,51.89097117391724,58.57982905982905,58.73756790161133
202206B,2022,2022-12-09 06:15:00,CRVBND,11.32,80.8,49.0,45.0,49.0,3,46.166500091552734,43.09787028455781,58.57982905982905,50.61875534057617
202206B,2022,2022-12-09 12:15:00,CRVBND,11.63,80.8,41.0,40.0,41.0,3,45.910133361816406,42.747220867745234,58.57982905982905,38.30287551879883
202206B,2022,2022-12-09 17:45:00,CRVBND,12.25,80.67,33.0,35.500000000030695,33.0,3,34.64349365234375,27.33710642884268,58.57982905982905,32.45161819458008
202207A,2022,2022-12-15 15:15:00,CRVBND,14.21,66.07,33.0,30.0,33.0,4,50.05854797363281,39.8606020263782,57.56875,45.22138977050781
202207A,2022,2022-12-15 21:15:00,SHEAR,14.0,65.27,34.0,30.0,34.0,4,36.99806213378906,21.0594689240092,57.56875,30.203521728515625
202207A,2022,2022-12-16 03:15:00,SHEAR,14.01,64.47,34.0,30.0,34.0,4,45.19081497192383,32.853290262161345,57.56875,32.48066711425781
202207A,2022,2022-12-16 08:45:00,SHEAR,13.6,64.13,33.0,28.181818181831712,33.0,4,38.76701354980469,23.60595084144848,57.56875,26.436737060546875
202207A,2022,2022-12-16 15:15:00,SHEAR,13.59,63.39,27.0,25.0,27.0,4,35.678470611572266,19.159859969626492,57.56875,23.906005859375
202207A,2022,2022-12-16 21:15:00,SHEAR,13.63,62.77,25.0,25.0,25.0,4,34.221961975097656,17.063152919451646,57.56875,30.19599723815918
202207A,2022,2022-12-17 03:15:00,SHEAR,13.78,62.13,25.0,25.0,25.0,4,36.5533447265625,20.419279020759237,57.56875,25.269859313964844
202301B,2023,2023-05-11 08:30:00,EMBC,11.65,88.1,51.0,45.0,51.0,1,46.925575256347656,42.70715176923634,56.24280821917809,67.22587585449219
202301B,2023,2023-05-11 14:30:00,EYE,12.25,88.19,55.0,50.0,55.0,1,56.73291015625,55.42544946286257,56.24280821917809,71.33936309814453
202301B,2023,2023-05-12 09:00:00,EMBC,14.33,88.52,79.6,85.0,79.6,1,79.3450927734375,84.74926403259798,56.24280821917809,72.83735656738281
202301B,2023,2023-05-12 15:00:00,EYE,14.7,88.59,104.6,90.0,104.6,1,113.44004821777344,128.9641091070029,56.24280821917809,76.3685073852539
202301B,2023,2023-05-12 20:30:00,EYE,15.25,88.87,112.4,100.0,112.4,1,97.93734741210938,108.85997623971213,56.24280821917809,78.17459106445312
202301B,2023,2023-05-13 03:00:00,EMBC,15.0,89.66,112.4,100.0,112.4,1,89.6778793334961,98.14897525045735,56.24280821917809,83.29849243164062
202301B,2023,2023-05-13 15:30:00,EMBC,17.48,91.15,122.2,110.5000000000307,122.2,1,121.61616516113281,139.56701910496588,56.24280821917809,81.64382934570312
202301B,2023,2023-05-13 21:30:00,EYE,18.1,91.03,122.2,115.0,122.2,1,109.7249984741211,124.14637737165951,56.24280821917809,83.33775329589844
202302A,2023,2023-06-06 09:00:00,CRVBND,12.0,66.0,49.0,33.0,49.0,0,46.01262664794922,43.9478764829558,56.171126760563375,69.2030029296875
202302A,2023,2023-06-06 15:30:00,EMBC,12.42,66.0,57.0,35.90909090906554,57.0,0,55.47066116333008,54.63612541872664,56.171126760563375,72.54784393310547
202302A,2023,2023-06-07 16:00:00,IRRCDO,13.75,66.39,77.0,66.49999999998977,77.0,0,48.898406982421875,47.209012667079115,56.171126760563375,52.9207878112793
202302A,2023,2023-06-08 03:00:00,EYE,13.55,66.81,77.0,75.0,77.0,0,40.33839416503906,37.53559185889839,56.171126760563375,51.480186462402344
202302A,2023,2023-06-08 09:00:00,IRRCDO,14.6,65.69,79.6,75.0,79.6,0,40.84186553955078,38.10455017408163,56.171126760563375,44.14415740966797
202302A,2023,2023-06-08 15:00:00,IRRCDO,14.6,66.0,65.0,75.0,65.0,0,36.25080871582031,32.916330768611985,56.171126760563375,33.79255676269531
202302A,2023,2023-06-09 03:00:00,EMBC,14.8,66.7,55.0,70.0,55.0,0,51.08927917480469,49.684853428768555,56.171126760563375,60.857215881347656
202303B,2023,2023-06-09 09:00:00,SHEAR,19.9,91.7,41.0,39.99,41.0,2,38.713706970214844,26.522399467067412,57.2826168224299,20.477794647216797
202302A,2023,2023-06-09 15:00:00,IRRCDO,15.7,67.3,65.0,65.0,65.0,0,49.863426208496094,48.29955274697761,56.171126760563375,36.76065444946289
202303B,2023,2023-06-09 15:00:00,SHEAR,20.0,91.9,37.0,37.2,37.0,2,38.45288848876953,26.086041001560154,57.2826168224299,26.066633224487305
202302A,2023,2023-06-09 20:30:00,EMBC,16.37,67.4,72.2,70.0,72.2,0,55.631839752197266,54.81826864078057,56.171126760563375,75.16574096679688
202303B,2023,2023-06-09 21:00:00,CRVBND,20.47,91.85,35.0,30.69,35.0,2,51.72193145751953,48.28561519012338,57.2826168224299,41.806007385253906
202302A,2023,2023-06-10 03:00:00,EMBC,16.8,67.4,77.0,75.0,77.0,0,78.15823364257812,80.2746893309437,56.171126760563375,73.38194274902344
202303B,2023,2023-06-10 03:10:00,CRVBND,21.11,91.9,32.0,26.040000000000003,32.0,2,40.68703079223633,29.823839419307756,57.2826168224299,53.65204620361328
202302A,2023,2023-06-10 09:00:00,CRVBND,16.68,69.34,69.8,,69.8,0,40.05672073364258,37.2172809298716,56.171126760563375,22.68438720703125
202303B,2023,2023-06-10 08:10:00,CRVBND,21.48,91.98,32.0,,32.0,2,38.927650451660156,26.880334413822066,57.2826168224299,42.0698356628418
202302A,2023,2023-06-10 14:00:00,EMBC,17.44,67.39,59.0,80.0,59.0,0,52.36424255371094,51.125652355393406,56.171126760563375,62.09734344482422
202302A,2023,2023-06-11 02:00:00,SHEAR,19.15,68.86,65.0,90.0,65.0,0,37.5074462890625,34.33642023677931,56.171126760563375,31.485090255737305
202302A,2023,2023-06-11 08:30:00,EMBC,18.57,67.85,74.6,90.0,74.6,0,67.57747650146484,68.31768430318186,56.171126760563375,67.84492492675781
202302A,2023,2023-06-11 15:00:00,SHEAR,20.58,68.99,74.6,,74.6,0,33.386756896972656,29.67974934622347,56.171126760563375,22.18536376953125
202302A,2023,2023-06-12 02:00:00,EMBC,19.47,67.63,74.6,90.0,74.6,0,71.513427734375,72.76558798845447,56.171126760563375,83.29621887207031
202302A,2023,2023-06-12 08:00:00,EYE,19.67,67.15,82.2,90.0,82.2,0,66.8542251586914,67.50035905636426,56.171126760563375,78.66180419921875
202302A,2023,2023-06-12 15:00:00,EYE,20.0,67.09,74.6,90.0,74.6,0,84.27775573730469,87.1901827571964,56.171126760563375,73.85022735595703
202302A,2023,2023-06-13 15:00:00,EMBC,21.5,66.4,82.2,85.0,82.2,0,64.1751937866211,64.4728638442394,56.171126760563375,74.86901092529297
202302A,2023,2023-06-13 21:00:00,CRVBND,21.8,66.8,67.4,85.0,67.4,0,50.285640716552734,48.77668504746401,56.171126760563375,50.04314041137695
202302A,2023,2023-06-14 09:00:00,CRVBND,21.7,66.4,53.0,80.0,53.0,0,56.023475646972656,55.260844942308715,56.171126760563375,45.57726287841797
202302A,2023,2023-06-14 15:00:00,SHEAR,22.2,66.9,39.0,70.0,39.0,0,53.88473892211914,52.84392095179724,56.171126760563375,24.693466186523438
202302A,2023,2023-06-14 21:00:00,CRVBND,22.4,66.8,35.0,70.0,35.0,0,45.79576873779297,43.70281168395641,56.171126760563375,37.180625915527344
202302A,2023,2023-06-15 03:00:00,SHEAR,22.8,67.0,35.0,70.0,35.0,0,44.63123321533203,42.38680405696276,56.171126760563375,46.988731384277344
202302A,2023,2023-06-15 09:00:00,CRVBND,22.9,67.4,34.0,65.0,34.0,0,48.69853973388672,46.98314851919751,56.171126760563375,64.13957214355469
202302A,2023,2023-06-15 15:00:00,CRVBND,23.1,68.3,34.0,65.0,34.0,0,55.49097442626953,54.65908084468133,56.171126760563375,66.16950225830078
202304B,2023,2023-08-01 00:00:00,CRVBND,20.63,91.78,41.0,25.0,41.0,4,42.13945388793945,28.46072427442734,57.56875,28.323650360107422
202304B,2023,2023-08-01 06:00:00,SHEAR,21.53,91.07,33.0,30.0,33.0,4,43.74367904663086,30.770075634291224,57.56875,15.681632995605469
202305A,2023,2023-10-21 15:30:00,EYE,11.25,56.95,65.0,66.81818181813108,65.0,3,102.58458709716797,120.2645499334613,58.57982905982905,84.55030822753906
202305A,2023,2023-10-21 21:00:00,EYE,11.68,56.07,94.8,80.0,94.8,3,108.91386413574219,128.92151296725234,58.57982905982905,80.12152099609375
202305A,2023,2023-10-22 03:00:00,EYE,12.4,55.42,99.6,95.0,99.6,3,102.95536041259766,120.77168066356346,58.57982905982905,86.95901489257812
202305A,2023,2023-10-22 09:00:00,EYE,13.1,54.37,99.6,95.0,99.6,3,104.55564880371094,122.96049896948381,58.57982905982905,84.49212646484375
202305A,2023,2023-10-22 15:00:00,EYE,13.63,54.05,92.4,95.0,92.4,3,105.64141845703125,124.44557660073937,58.57982905982905,76.69940185546875
202305A,2023,2023-10-22 21:00:00,EYE,14.0,53.6,94.8,95.0,94.8,3,77.39088439941406,85.80548745135702,58.57982905982905,72.20215606689453
202305A,2023,2023-10-23 09:30:00,SHEAR,14.59,50.79,65.0,,65.0,3,47.12364959716797,44.40702579116983,58.57982905982905,44.802345275878906
202305A,2023,2023-10-23 15:00:00,EYE,15.48,52.44,67.4,70.0,67.4,3,64.32901763916016,67.93992444839921,58.57982905982905,70.74147033691406
202306B,2023,2023-10-24 03:00:00,EMBC,20.0,89.5,74.6,65.0,74.6,1,102.8995361328125,115.29501634041115,56.24280821917809,78.92603302001953
202306B,2023,2023-10-24 08:30:00,EMBC,20.65,90.73,79.6,65.0,79.6,1,71.91604614257812,75.11516592180119,56.24280821917809,79.71160125732422
202306B,2023,2023-10-24 15:00:00,EMBC,21.1,91.5,74.6,55.0,74.6,1,65.56061553955078,66.87334903622822,56.24280821917809,83.48857116699219
202307B,2023,2023-11-17 00:00:00,CRVBND,20.26,88.86,35.0,35.0,35.0,3,49.899471282958984,48.20369728711395,58.57982905982905,35.95014572143555
202307B,2023,2023-11-17 06:00:00,SHEAR,21.11,89.53,32.0,45.0,32.0,3,38.538719177246094,32.6648592151159,58.57982905982905,25.289081573486328
202308B,2023,2023-12-03 03:00:00,CRVBND,11.67,82.36,37.0,35.0,37.0,2,42.480690002441406,32.82469417573021,57.2826168224299,67.30428314208984
202308B,2023,2023-12-03 09:00:00,CRVBND,12.0,82.5,37.0,35.0,37.0,2,48.97481918334961,43.689600023213956,57.2826168224299,49.155250549316406
202308B,2023,2023-12-03 14:30:00,CRVBND,12.56,82.42,43.0,39.090909090858354,43.0,2,49.92394256591797,45.27751672489687,57.2826168224299,60.72237014770508
202308B,2023,2023-12-03 20:00:00,CRVBND,12.98,82.14,45.0,45.0,45.0,2,60.9805793762207,63.775657828545526,57.2826168224299,57.57246780395508
202308B,2023,2023-12-04 03:00:00,CRVBND,13.7,81.1,53.0,50.0,53.0,2,53.7188606262207,51.62654771512098,57.2826168224299,58.307193756103516
202401B,2024,2024-05-25 18:30:00,CRVBND,18.87,89.1,35.0,40.49999999993861,35.0,0,36.618690490722656,33.33206323212701,56.171126760563375,35.87348556518555
202401B,2024,2024-05-26 00:00:00,CRVBND,19.34,89.01,35.0,50.0,35.0,0,45.52180480957031,43.39321303959711,56.171126760563375,55.948448181152344
202401B,2024,2024-05-26 06:00:00,CRVBND,20.53,88.61,41.0,50.0,41.0,0,44.46626663208008,42.200380132942065,56.171126760563375,63.792911529541016
202401B,2024,2024-05-26 12:00:00,CRVBND,21.02,88.89,51.0,60.0,51.0,0,48.2332649230957,46.4573550265653,56.171126760563375,52.777767181396484
202402A,2024,2024-08-30 06:00:00,CRVBND,23.55,67.77,35.0,35.0,35.0,1,46.923179626464844,42.704045080790976,56.24280821917809,42.06855010986328
202402A,2024,2024-08-30 12:00:00,CRVBND,23.55,66.86,33.0,35.0,33.0,1,46.679718017578125,42.38832044709652,56.24280821917809,45.72419738769531
202402A,2024,2024-08-30 18:00:00,CRVBND,23.93,66.04,33.0,35.0,33.0,1,47.531105041503906,43.49241179640757,56.24280821917809,46.23809051513672
202402A,2024,2024-08-31 00:00:00,CRVBND,23.42,65.58,33.0,40.0,33.0,1,52.51383590698242,49.954091255829994,56.24280821917809,47.639015197753906
202402A,2024,2024-08-31 06:00:00,CRVBND,23.64,64.9,31.0,40.0,31.0,1,50.675167083740234,47.56967819227525,56.24280821917809,50.0831184387207
202402A,2024,2024-08-31 12:00:00,CRVBND,23.29,64.12,34.0,40.0,34.0,1,45.1186408996582,40.363892433670436,56.24280821917809,40.29767608642578
202402A,2024,2024-08-31 18:00:00,CRVBND,23.14,63.44,33.0,40.0,33.0,1,45.3120231628418,40.61467342737961,56.24280821917809,41.07659912109375
202402A,2024,2024-09-01 00:00:00,CRVBND,23.11,62.61,39.0,40.0,39.0,1,51.84962463378906,49.09273220261567,56.24280821917809,47.677978515625
202402A,2024,2024-09-01 06:00:00,SHEAR,22.37,62.06,39.0,35.0,39.0,1,42.30393981933594,36.713746229479284,56.24280821917809,36.935508728027344
202402A,2024,2024-09-01 12:00:00,SHEAR,22.2,61.54,31.0,30.0,31.0,1,43.26367950439453,37.958350920513524,56.24280821917809,35.39130401611328
202402A,2024,2024-09-01 18:00:00,SHEAR,21.68,61.6,30.0,30.0,30.0,1,31.638294219970703,22.882378461178412,56.24280821917809,41.082401275634766
202402A,2024,2024-09-01 22:30:00,SHEAR,21.33,61.45,25.0,22.72727272728964,25.0,1,33.25090789794922,24.97363985182884,56.24280821917809,39.608848571777344
202403B,2024,2024-10-23 13:00:00,IRRCDO,17.4,88.93,47.0,45.0,47.0,4,51.78628921508789,42.34776011876336,57.56875,66.30511474609375
202403B,2024,2024-10-24 00:30:00,EMBC,18.76,88.42,63.0,55.0,63.0,4,41.76850891113281,27.926732969041087,57.56875,92.5753402709961
202403B,2024,2024-10-24 05:30:00,CRVBND,20.74,89.03,63.0,,63.0,4,51.34852981567383,41.71758656809127,57.56875,64.66642761230469
202403B,2024,2024-10-25 00:30:00,IRRCDO,20.82,86.87,49.0,49.090909090858354,49.0,4,68.91606903076172,67.00681754419607,57.56875,59.90374755859375
202404B,2024,2024-11-30 09:30:00,CRVBND,12.4,80.78,53.0,44.09090909093446,53.0,2,42.574588775634766,32.9817901160049,57.2826168224299,51.80004119873047
202404B,2024,2024-11-30 15:00:00,CRVBND,12.4,80.5,51.0,40.0,51.0,2,47.82900619506836,41.772614713913605,57.2826168224299,29.06434440612793
202404B,2024,2024-11-30 21:00:00,IRRCDO,12.2,80.1,37.0,35.0,37.0,2,44.440521240234375,36.10356056141554,57.2826168224299,34.11608123779297
202501B,2025,2025-10-01 12:00:00,SHEAR,16.52,86.27,35.0,25.0,35.0,3,36.595916748046875,30.007562227002733,58.57982905982905,18.095779418945312
202501B,2025,2025-10-01 18:00:00,SHEAR,17.49,86.08,31.0,30.0,31.0,3,35.40201950073242,28.374591466968763,58.57982905982905,21.76683807373047
202501B,2025,2025-10-02 00:00:00,CRVBND,17.33,85.26,32.0,30.0,32.0,3,43.528961181640625,39.49033711700378,58.57982905982905,23.901538848876953
202501B,2025,2025-10-02 06:00:00,CRVBND,17.72,84.84,35.0,30.0,35.0,3,45.03418731689453,41.54913260517293,58.57982905982905,30.35141372680664
202502A,2025,2025-10-03 05:30:00,CRVBND,21.65,66.85,39.0,34.090909090858354,39.0,0,52.10934829711914,50.83760379072377,56.171126760563375,62.48592758178711
202502A,2025,2025-10-03 12:30:00,IRRCDO,21.97,66.4,47.0,40.0,47.0,0,64.54556274414062,64.89140700028447,56.171126760563375,62.4222526550293
202502A,2025,2025-10-03 18:00:00,IRRCDO,22.01,65.84,49.0,45.0,49.0,0,49.024375915527344,47.35136648414493,56.171126760563375,53.941829681396484
202502A,2025,2025-10-04 00:00:00,CRVBND,22.15,64.68,55.0,50.0,55.0,0,64.90817260742188,65.30118183024656,56.171126760563375,61.14204406738281
202502A,2025,2025-10-04 06:00:00,CRVBND,22.03,64.25,65.0,55.0,65.0,0,62.08993148803711,62.11636974312374,56.171126760563375,54.62751007080078
202502A,2025,2025-10-04 12:00:00,EMBC,21.7,63.5,74.6,55.0,74.6,0,70.83305358886719,71.99671701163322,56.171126760563375,52.13994598388672
202502A,2025,2025-10-04 17:00:00,IRRCDO,21.13,62.92,79.6,55.0,79.6,0,70.7320556640625,71.88258220269874,56.171126760563375,65.30936431884766
202502A,2025,2025-10-05 05:30:00,EMBC,20.82,60.91,61.0,60.0,61.0,0,58.08226013183594,57.58741723843819,56.171126760563375,62.43849563598633
202502A,2025,2025-10-05 18:00:00,CRVBND,19.79,60.34,49.0,50.0,49.0,0,54.691436767578125,53.75554665734885,56.171126760563375,57.40729904174805
202502A,2025,2025-10-06 00:00:00,SHEAR,19.66,60.01,41.0,45.0,41.0,0,44.45874786376953,42.191883392180245,56.171126760563375,48.396156311035156
202502A,2025,2025-10-06 06:00:00,SHEAR,19.76,60.77,31.0,40.0,31.0,0,28.65300941467285,24.330279389477237,56.171126760563375,21.77825927734375
202502A,2025,2025-10-06 12:00:00,SHEAR,19.76,60.39,31.0,35.0,31.0,0,30.014022827148438,25.868320949148607,56.171126760563375,28.871200561523438
202502A,2025,2025-10-06 18:00:00,SHEAR,19.52,60.22,28.0,30.0,28.0,0,35.508026123046875,32.07693382585298,56.171126760563375,45.117042541503906
202502A,2025,2025-10-06 22:30:00,SHEAR,19.42,60.27,25.0,30.0,25.0,0,38.011146545410156,34.90563720464936,56.171126760563375,56.75346374511719
202503B,2025,2025-10-26 18:00:00,CRVBND,11.85,85.68,35.0,35.0,35.0,1,38.98952102661133,32.415558667062044,56.24280821917809,36.19365692138672
202503B,2025,2025-10-27 00:00:00,CRVBND,11.67,84.9,35.0,35.0,35.0,1,41.31372833251953,35.42962525293298,56.24280821917809,43.68671798706055
202503B,2025,2025-10-27 06:00:00,CRVBND,13.16,84.8,35.0,40.0,35.0,1,39.27965545654297,32.79180930892377,56.24280821917809,31.927095413208008
202503B,2025,2025-10-27 13:00:00,IRRCDO,13.4,83.94,43.0,45.0,43.0,1,43.64573287963867,38.45380341711972,56.24280821917809,46.50763702392578
202503B,2025,2025-10-27 18:00:00,CRVBND,13.9,83.57,43.0,45.0,43.0,1,44.8236083984375,39.98128990014653,56.24280821917809,30.056489944458008
202503B,2025,2025-10-27 23:30:00,IRRCDO,14.75,83.15,33.0,49.09090909093446,33.0,1,51.95383834838867,49.2278780969452,56.24280821917809,51.877376556396484
202503B,2025,2025-10-28 06:00:00,CRVBND,15.12,82.72,39.0,50.0,39.0,1,50.29867935180664,47.081443304652794,56.24280821917809,36.482582092285156
202503B,2025,2025-10-28 12:00:00,CRVBND,15.82,82.2,35.0,50.0,35.0,1,62.743614196777344,63.22021981749479,56.24280821917809,42.963706970214844
202503B,2025,2025-10-28 17:00:00,CRVBND,16.41,81.75,35.0,50.0,35.0,1,51.19451904296875,48.24318153366742,56.24280821917809,35.37054443359375
202504B,2025,2025-11-25 20:00:00,EMBC,4.95,98.02,53.0,,53.0,2,50.46254348754883,46.17861495375423,57.2826168224299,69.674560546875
202505B,2025,2025-11-27 09:00:00,CRVBND,7.2,82.0,39.0,35.0,39.0,1,48.79351806640625,45.12952777408047,56.24280821917809,58.875728607177734
202505B,2025,2025-11-29 03:00:00,SHEAR,9.6,80.8,35.0,40.0,35.0,1,34.36763000488281,26.421821681244737,56.24280821917809,33.929405212402344
202505B,2025,2025-11-29 09:00:00,SHEAR,10.2,80.8,29.0,40.0,29.0,1,38.85704040527344,32.24375582785966,56.24280821917809,34.202842712402344
202505B,2025,2025-11-29 15:00:00,SHEAR,10.4,80.8,28.0,40.0,28.0,1,35.986793518066406,28.52157699555869,56.24280821917809,34.88826370239258
202505B,2025,2025-11-29 21:00:00,SHEAR,10.7,80.8,25.0,40.0,25.0,1,34.04264831542969,26.00038059519764,56.24280821917809,34.34469985961914
202505B,2025,2025-11-30 03:00:00,SHEAR,11.15,80.8,25.0,40.0,25.0,1,34.237030029296875,26.252457691411085,56.24280821917809,31.223167419433594
202505B,2025,2025-11-30 09:00:00,SHEAR,11.65,80.8,25.0,35.0,25.0,1,34.924095153808594,27.14345395875946,56.24280821917809,33.03618240356445
202505B,2025,2025-11-30 15:00:00,SHEAR,12.16,80.8,25.0,30.0,25.0,1,40.2242431640625,34.016764690236684,56.24280821917809,30.156986236572266
