storm,season,time,scene,lat,lon,vmax_kt,bt_vmax_kt,truth,fold,cnn_raw,cnn_recalibrated,predict_the_mean,cold_cloud
200501B,2005,2005-01-09 01:00:00,EMBC,5.55,84.16,,23.25,23.25,1,31.878684997558594,23.16352727230453,48.893103305784514,35.314361572265625
200501B,2005,2005-01-09 07:00:00,CRVBND,5.63,83.3,,23.25,23.25,1,33.679595947265625,25.639674729449258,48.893103305784514,63.555931091308594
200501B,2005,2005-01-09 11:30:00,SHEAR,6.35,83.3,,23.25,23.25,1,34.730403900146484,27.08447434094403,48.893103305784514,59.94725799560547
200501B,2005,2005-01-09 18:00:00,CRVBND,6.5,83.33,,23.25,23.25,1,31.923198699951172,23.224731015335475,48.893103305784514,52.328887939453125
200501B,2005,2005-01-10 00:00:00,SHEAR,6.69,83.7,,23.25,23.25,1,31.5902156829834,22.7668987994387,48.893103305784514,38.739871978759766
200501B,2005,2005-01-10 05:30:00,CRVBND,6.72,83.07,,18.878999999965743,18.878999999965743,1,31.97786521911621,23.299894288924033,48.893103305784514,39.60028076171875
200502B,2005,2005-01-14 21:30:00,CRVBND,5.05,87.05,,32.550000000000004,32.550000000000004,2,39.33619689941406,37.97925873773419,49.540730037703746,54.40128707885742
200502B,2005,2005-01-15 02:00:00,CRVBND,5.05,86.92,,34.10909090911577,34.10909090911577,2,34.14990997314453,31.28277827402684,49.540730037703746,46.26766586303711
200502B,2005,2005-01-15 15:00:00,CRVBND,4.89,86.53,,35.0,35.0,2,36.412689208984375,34.20445560540106,49.540730037703746,35.106117248535156
200502B,2005,2005-01-15 21:00:00,CRVBND,4.61,86.4,,35.0,35.0,2,30.669517517089844,26.788931246406097,49.540730037703746,42.05814743041992
200502B,2005,2005-01-16 03:00:00,IRRCDO,4.49,86.14,,35.0,35.0,2,28.247154235839844,23.661200633059458,49.540730037703746,48.56862258911133
200502B,2005,2005-01-16 15:00:00,SHEAR,4.63,86.2,,35.0,35.0,2,27.479873657226562,22.670495822872315,49.540730037703746,32.47632598876953
200502B,2005,2005-01-16 20:30:00,IRRCDO,5.23,85.69,,35.0,35.0,2,27.10832405090332,22.190754783586737,49.540730037703746,39.445777893066406
200502B,2005,2005-01-17 03:00:00,CRVBND,4.61,85.12,,30.0,30.0,2,30.735797882080078,26.87451177359142,49.540730037703746,40.10753631591797
200502B,2005,2005-01-17 08:30:00,SHEAR,4.55,84.96,,25.909090909141646,25.909090909141646,2,31.199216842651367,27.472873580428313,49.540730037703746,31.99310302734375
200505B,2005,2005-11-28 02:00:00,IRRCDO,11.22,89.63,0.0,27.264999999984557,27.264999999984557,3,31.99900245666504,27.14125461102687,50.69363147943891,43.324180603027344
200505B,2005,2005-11-28 09:00:00,CRVBND,10.25,88.46,0.0,30.0,30.0,3,32.42512512207031,27.742890228879062,50.69363147943891,36.67485046386719
200505B,2005,2005-11-28 15:00:00,IRRCDO,10.25,87.41,0.0,30.0,30.0,3,28.016050338745117,21.517789696149812,50.69363147943891,26.95648956298828
200505B,2005,2005-11-28 20:00:00,IRRCDO,10.35,86.57,0.0,35.0,35.0,3,25.70417594909668,18.253692078882857,50.69363147943891,44.56938171386719
200505B,2005,2005-11-29 09:00:00,CRVBND,11.75,85.2,0.0,45.0,45.0,3,31.5150089263916,26.45791206611534,50.69363147943891,51.211509704589844
200505B,2005,2005-11-29 15:00:00,CRVBND,12.05,84.45,0.0,45.0,45.0,3,28.40582275390625,22.0681029905487,50.69363147943891,33.10911178588867
200505B,2005,2005-11-29 21:00:00,EMBC,12.35,83.77,0.0,45.0,45.0,3,23.73625373840332,15.475214914356748,50.69363147943891,41.94379425048828
200505B,2005,2005-11-30 02:00:00,EMBC,12.6,83.27,0.0,45.0,45.0,3,29.66169548034668,23.841249140841118,50.69363147943891,65.76885986328125
200505B,2005,2005-11-30 09:00:00,CRVBND,12.69,84.01,0.0,35.0,35.0,3,27.714763641357422,21.092407938619743,50.69363147943891,46.36419677734375
200505B,2005,2005-11-30 14:30:00,CRVBND,12.87,83.64,0.0,35.0,35.0,3,26.918502807617188,19.968180298151037,50.69363147943891,41.02024459838867
200505B,2005,2005-11-30 22:00:00,CRVBND,12.58,83.7,0.0,35.0,35.0,3,30.32807731628418,24.782102749762466,50.69363147943891,64.84723663330078
200505B,2005,2005-12-01 09:00:00,IRRCDO,12.89,83.68,0.0,35.0,35.0,3,33.962257385253906,29.913142116329016,50.69363147943891,50.144954681396484
200505B,2005,2005-12-01 15:00:00,SHEAR,12.89,83.33,0.0,30.0,30.0,3,28.415912628173828,22.082348718907813,50.69363147943891,30.716156005859375
200505B,2005,2005-12-01 21:00:00,SHEAR,13.47,82.28,0.0,30.0,30.0,3,24.68021583557129,16.80797955155005,50.69363147943891,37.75225067138672
200505B,2005,2005-12-02 03:00:00,CRVBND,13.67,81.78,0.0,25.0,25.0,3,24.155174255371094,16.066681936692113,50.69363147943891,52.379302978515625
200505B,2005,2005-12-02 09:00:00,CRVBND,13.91,81.24,0.0,27.9,27.9,3,23.784372329711914,15.54315276597182,50.69363147943891,40.98393630981445
200505B,2005,2005-12-02 15:00:00,CRVBND,14.14,80.71,0.0,27.9,27.9,3,23.646846771240234,15.348982680550796,50.69363147943891,41.470863342285156
200506B,2005,2005-12-06 06:00:00,CRVBND,11.44,88.89,0.0,25.0,25.0,0,31.43115234375,26.607109104208014,47.71526680016013,49.91033172607422
200506B,2005,2005-12-06 18:00:00,EMBC,12.2,87.1,0.0,30.0,30.0,0,47.80357360839844,47.253265726657006,47.71526680016013,62.84374237060547
200506B,2005,2005-12-07 01:00:00,EMBC,11.67,86.96,0.0,31.81818181813108,31.81818181813108,0,35.54627990722656,31.79641903116086,47.71526680016013,59.94195556640625
200506B,2005,2005-12-10 06:00:00,EMBC,11.48,79.83,0.0,41.85,41.85,0,34.65533447265625,30.672907811478744,47.71526680016013,49.35102462768555
200506B,2005,2005-12-10 12:00:00,SHEAR,10.6,79.7,0.0,30.0,30.0,0,32.46970748901367,27.91676097814692,47.71526680016013,29.218494415283203
200506B,2005,2005-12-10 18:00:00,SHEAR,10.33,79.28,0.0,27.9,27.9,0,31.343448638916016,26.4965118750565,47.71526680016013,26.72641372680664
200506B,2005,2005-12-11 05:00:00,SHEAR,9.62,78.71,0.0,24.08699999999429,24.08699999999429,0,32.423858642578125,27.8589440890524,47.71526680016013,27.830612182617188
200507B,2005,2005-12-17 06:00:00,SHEAR,7.54,83.11,0.0,30.0,30.0,1,31.78066635131836,23.028757353958483,48.893103305784514,41.10803985595703
200507B,2005,2005-12-17 12:00:00,CRVBND,8.64,82.85,0.0,30.0,30.0,1,31.936203002929688,23.24261117301758,48.893103305784514,50.129634857177734
200507B,2005,2005-12-17 18:00:00,CRVBND,8.9,82.4,0.0,30.0,30.0,1,35.01642990112305,27.477743400200183,48.893103305784514,55.366241455078125
200507B,2005,2005-12-18 06:00:00,CRVBND,10.4,82.7,0.0,30.0,30.0,1,34.075714111328125,26.184314088120356,48.893103305784514,53.94975280761719
200507B,2005,2005-12-18 12:00:00,CRVBND,10.7,82.43,0.0,30.0,30.0,1,31.18126678466797,22.204617929953944,48.893103305784514,45.872310638427734
200507B,2005,2005-12-19 07:00:00,CRVBND,11.96,82.68,0.0,30.0,30.0,1,36.914031982421875,30.0868355205213,48.893103305784514,56.22560119628906
200507B,2005,2005-12-19 11:00:00,EMBC,11.88,82.6,0.0,30.0,30.0,1,34.80469512939453,27.186620445625458,48.893103305784514,55.49033737182617
200507B,2005,2005-12-19 18:00:00,EMBC,12.2,82.5,0.0,30.0,30.0,1,32.27305603027344,23.705764427332802,48.893103305784514,57.29641342163086
200507B,2005,2005-12-20 00:00:00,SHEAR,11.05,83.79,0.0,30.0,30.0,1,30.799030303955078,21.679065075772485,48.893103305784514,32.20568084716797
200507B,2005,2005-12-20 06:00:00,SHEAR,11.18,83.65,0.0,25.0,25.0,1,32.42408752441406,23.913423917784517,48.893103305784514,43.77125549316406
200507B,2005,2005-12-20 12:00:00,EMBC,11.3,83.7,0.0,25.0,25.0,1,31.986780166625977,23.312151821485806,48.893103305784514,43.42427444458008
200507B,2005,2005-12-20 18:00:00,IRRCDO,12.18,84.44,0.0,25.0,25.0,1,34.29296112060547,26.483016047638067,48.893103305784514,50.224876403808594
200507B,2005,2005-12-20 23:00:00,EMBC,12.53,84.41,0.0,25.0,25.0,1,30.486345291137695,21.24914143101871,48.893103305784514,63.000186920166016
200507B,2005,2005-12-21 06:00:00,SHEAR,12.05,84.55,0.0,25.0,25.0,1,29.81258773803711,20.32276411507565,48.893103305784514,39.63633728027344
200507B,2005,2005-12-21 13:00:00,CRVBND,12.58,84.61,0.0,25.0,25.0,1,34.33586120605469,26.542001161540373,48.893103305784514,50.6559944152832
200507B,2005,2005-12-21 18:00:00,SHEAR,11.63,84.8,0.0,25.0,25.0,1,30.535139083862305,21.316230048475973,48.893103305784514,34.96000289916992
200507B,2005,2005-12-22 00:00:00,SHEAR,12.1,85.1,0.0,25.0,25.0,1,32.38108444213867,23.854297189256982,48.893103305784514,36.836875915527344
200507B,2005,2005-12-22 06:00:00,SHEAR,13.45,86.3,0.0,27.9,27.9,1,36.052520751953125,28.902307855245095,48.893103305784514,38.09556198120117
200507B,2005,2005-12-22 12:00:00,SHEAR,14.42,87.19,0.0,23.25,23.25,1,35.07038879394531,27.551933728863535,48.893103305784514,32.22557067871094
200601A,2006,2006-01-14 06:00:00,CRVBND,6.9,74.7,0.0,30.0,30.0,0,31.05141830444336,26.128252109040876,47.71526680016013,51.22673797607422
200601A,2006,2006-01-14 12:00:00,SHEAR,7.27,73.84,0.0,25.0,25.0,0,31.007343292236328,26.072672082699412,47.71526680016013,35.8868522644043
200601A,2006,2006-01-14 17:00:00,SHEAR,7.47,73.06,0.0,25.0,25.0,0,30.339174270629883,25.230089177741927,47.71526680016013,21.351211547851562
200602B,2006,2006-04-25 09:00:00,IRRCDO,10.23,89.55,0.0,30.0,30.0,2,33.35908126831055,30.26166836488632,49.540730037703746,43.085487365722656
200602B,2006,2006-04-25 21:00:00,CRVBND,10.6,89.59,0.0,35.0,35.0,2,39.669219970703125,38.409254710297,49.540730037703746,46.55406188964844
200602B,2006,2006-04-26 09:00:00,CRVBND,10.77,90.98,0.0,45.0,45.0,2,34.688438415527344,31.97812067309484,49.540730037703746,30.748756408691406
200602B,2006,2006-04-26 20:00:00,EMBC,12.48,90.82,0.0,45.0,45.0,2,50.57467269897461,52.490263374289825,49.540730037703746,58.26662063598633
200602B,2006,2006-04-27 04:00:00,EMBC,12.77,90.78,0.0,55.0,55.0,2,64.18379211425781,70.06221872274872,49.540730037703746,73.96630096435547
200602B,2006,2006-04-27 15:00:00,EMBC,13.22,89.84,0.0,65.0,65.0,2,57.06317901611328,60.8681561536649,49.540730037703746,61.83294677734375
200602B,2006,2006-04-27 21:00:00,EMBC,14.24,90.45,0.0,65.0,65.0,2,76.872802734375,86.4461390359485,49.540730037703746,70.14542388916016
200603B,2006,2006-07-03 00:00:00,CRVBND,19.85,85.65,0.0,30.0,30.0,4,44.786643981933594,42.83719303802641,49.12199992680404,46.2013053894043
200603B,2006,2006-07-03 04:30:00,CRVBND,19.74,85.16,0.0,30.0,30.0,4,41.30213928222656,37.47043000883123,49.12199992680404,28.000247955322266
200604A,2006,2006-09-21 15:00:00,CRVBND,19.84,66.19,0.0,30.0,30.0,3,34.063018798828125,30.055405507209034,50.69363147943891,46.702571868896484
200604A,2006,2006-09-22 09:00:00,EMBC,20.13,66.43,0.0,45.0,45.0,3,64.95378112792969,73.66956731697475,50.69363147943891,66.48768615722656
200604A,2006,2006-09-22 15:00:00,EYE,20.48,66.68,0.0,45.0,45.0,3,64.43537139892578,72.9376331042916,50.69363147943891,56.09861755371094
200604A,2006,2006-09-23 09:00:00,CRVBND,20.75,67.18,0.0,45.0,45.0,3,45.37933349609375,46.03272503848548,50.69363147943891,50.75471496582031
200604A,2006,2006-09-23 15:00:00,CRVBND,20.8,67.33,0.0,55.0,55.0,3,36.91975784301758,34.0887886135941,50.69363147943891,46.80451202392578
200604A,2006,2006-09-23 21:00:00,CRVBND,20.43,66.98,0.0,45.0,45.0,3,40.92136001586914,39.738585235823784,50.69363147943891,39.55134582519531
200604A,2006,2006-09-24 03:00:00,CRVBND,20.68,67.56,0.0,35.0,35.0,3,39.26911544799805,37.40580816918115,50.69363147943891,39.45214080810547
200605B,2006,2006-09-29 03:00:00,CRVBND,19.12,85.1,0.0,25.0,25.0,2,31.257137298583984,27.54765987881786,49.540730037703746,40.54299545288086
200701B,2007,2007-05-14 07:00:00,EMBC,17.19,91.54,0.0,45.0,45.0,2,43.49128723144531,43.344268739870834,49.540730037703746,61.07698059082031
200702A,2007,2007-06-02 06:00:00,EMBC,15.27,67.34,0.0,33.0,33.0,4,38.31159973144531,32.8644620215221,49.12199992680404,65.6370620727539
200702A,2007,2007-06-02 16:30:00,CRVBND,15.36,66.77,0.0,45.0,45.0,4,44.50653076171875,42.405768372602886,49.12199992680404,48.67536926269531
200702A,2007,2007-06-03 00:30:00,EMBC,15.42,66.39,0.0,55.0,55.0,4,49.640010833740234,50.31224961912021,49.12199992680404,64.23412322998047
200702A,2007,2007-06-03 19:00:00,EYE,18.15,65.87,0.0,65.0,65.0,4,79.85159301757812,96.84351196218589,49.12199992680404,67.05204772949219
200702A,2007,2007-06-04 00:00:00,EYE,18.56,65.43,0.0,77.0,77.0,4,90.64013671875,113.45980680580422,49.12199992680404,67.7739028930664
200702A,2007,2007-06-04 06:00:00,EYE,19.27,64.81,0.0,102.0,102.0,4,108.0666275024414,140.2997322834163,49.12199992680404,71.50491333007812
200702A,2007,2007-06-04 12:00:00,EYE,20.01,64.15,0.0,115.0,115.0,4,97.35507202148438,123.802013125452,49.12199992680404,73.28787231445312
200702A,2007,2007-06-04 18:00:00,EYE,20.44,63.27,0.0,127.0,127.0,4,96.36656951904297,122.27954174384774,49.12199992680404,71.23357391357422
200702A,2007,2007-06-05 00:00:00,EMBC,20.89,62.54,0.0,115.0,115.0,4,98.39075469970703,125.39715045097506,49.12199992680404,75.45714569091797
200702A,2007,2007-06-05 06:00:00,EMBC,21.38,61.73,0.0,102.0,102.0,4,97.67741394042969,124.29847757088696,49.12199992680404,82.8181381225586
200702A,2007,2007-06-06 07:00:00,EMBC,23.07,59.4,0.0,77.0,77.0,4,77.09735870361328,92.60149647827218,49.12199992680404,60.66231155395508
200702A,2007,2007-06-06 18:00:00,CRVBND,24.25,58.99,0.0,65.0,65.0,4,72.49554443359375,85.51387605014072,49.12199992680404,50.63882827758789
200702A,2007,2007-06-07 00:00:00,CRVBND,25.25,58.4,0.0,45.0,45.0,4,61.15323257446289,68.04467879054066,49.12199992680404,42.17470932006836
200702A,2007,2007-06-07 06:00:00,SHEAR,25.6,58.0,0.0,41.85,41.85,4,33.737953186035156,25.820224948007105,49.12199992680404,41.232147216796875
200702A,2007,2007-06-07 12:00:00,SHEAR,25.96,57.63,0.0,32.550000000000004,32.550000000000004,4,26.629117965698242,14.871342013697259,49.12199992680404,39.76844787597656
200703B,2007,2007-06-21 15:00:00,SHEAR,16.35,83.25,0.0,27.9,27.9,2,36.272640228271484,34.02362579852021,49.540730037703746,23.797523498535156
200703B,2007,2007-06-21 20:30:00,CRVBND,16.81,82.24,0.0,27.9,27.9,2,41.818355560302734,41.184196531721405,49.540730037703746,27.33121109008789
200703B,2007,2007-06-22 03:00:00,CRVBND,15.62,80.9,0.0,27.9,27.9,2,39.71699523925781,38.47094164684197,49.540730037703746,48.73548889160156
200703B,2007,2007-06-22 09:00:00,CRVBND,15.44,80.03,0.0,26.040000000000003,26.040000000000003,2,34.119388580322266,31.24336936478887,49.540730037703746,30.98670196533203
200703B,2007,2007-06-25 09:00:00,CRVBND,23.07,66.83,0.0,25.0,25.0,2,32.23094940185547,28.805036074463455,49.540730037703746,48.08757781982422
200703B,2007,2007-06-25 15:00:00,CRVBND,23.77,65.93,0.0,30.0,30.0,2,33.93777847290039,31.0088762575521,49.540730037703746,39.06991195678711
200704B,2007,2007-06-28 17:00:00,IRRCDO,18.77,86.06,0.0,40.58181818181032,40.58181818181032,4,36.4193115234375,29.94999834002034,49.12199992680404,39.58219909667969
200705A,2007,2007-10-28 03:00:00,CRVBND,10.65,66.05,0.0,37.2,37.2,0,33.93025207519531,29.758555285350976,47.71526680016013,31.378639221191406
200705A,2007,2007-10-28 09:00:00,CRVBND,10.7,65.55,0.0,37.2,37.2,0,35.838226318359375,32.16457296711074,47.71526680016013,31.58461570739746
200705A,2007,2007-10-28 15:00:00,CRVBND,11.45,65.85,0.0,37.2,37.2,0,31.61290740966797,26.836308163846706,47.71526680016013,25.5823917388916
200705A,2007,2007-10-28 21:00:00,CRVBND,11.5,65.65,0.0,37.2,37.2,0,30.806224822998047,25.819055140620936,47.71526680016013,32.620880126953125
200705A,2007,2007-10-29 03:00:00,SHEAR,11.26,66.33,0.0,37.2,37.2,0,32.418975830078125,27.85278670340959,47.71526680016013,17.611448287963867
200705A,2007,2007-10-29 09:00:00,CRVBND,11.21,66.13,0.0,35.34,35.34,0,30.641313552856445,25.611096656221186,47.71526680016013,36.774139404296875
200705A,2007,2007-10-29 15:00:00,CRVBND,10.93,66.85,0.0,32.550000000000004,32.550000000000004,0,35.536231994628906,31.783748286017754,47.71526680016013,31.931961059570312
200705A,2007,2007-10-29 21:00:00,CRVBND,11.0,66.33,0.0,30.69,30.69,0,34.280357360839844,30.20004945685582,47.71526680016013,42.9234619140625
200705A,2007,2007-10-30 03:00:00,SHEAR,11.11,66.14,0.0,26.040000000000003,26.040000000000003,0,29.59716033935547,24.294385435851943,47.71526680016013,30.000940322875977
200706B,2007,2007-11-12 00:00:00,EMBC,10.78,90.87,0.0,30.0,30.0,3,42.225189208984375,41.57944033661398,50.69363147943891,70.97795104980469
200706B,2007,2007-11-12 05:30:00,EMBC,10.93,90.58,0.0,39.09090909093446,39.09090909093446,3,51.221824645996094,54.281642681541136,50.69363147943891,72.20503234863281
200706B,2007,2007-11-12 12:00:00,EYE,11.07,90.37,0.0,55.0,55.0,3,108.10458374023438,134.59347936887437,50.69363147943891,72.28839111328125
200706B,2007,2007-11-12 18:00:00,EYE,11.55,90.06,0.0,65.0,65.0,3,112.45606994628906,140.73727153178382,50.69363147943891,76.91712951660156
200706B,2007,2007-11-13 00:00:00,EYE,11.96,89.92,0.0,90.0,90.0,3,114.18179321289062,143.17379197069613,50.69363147943891,75.493408203125
200706B,2007,2007-11-13 05:30:00,EYE,12.51,89.78,0.0,90.0,90.0,3,72.77186584472656,84.70779318683635,50.69363147943891,70.36744689941406
200706B,2007,2007-11-13 18:00:00,EYE,13.75,89.55,0.0,90.0,90.0,3,119.51002502441406,150.69663526967156,50.69363147943891,77.4462661743164
200706B,2007,2007-11-13 23:30:00,EYE,14.31,89.53,0.0,90.0,90.0,3,111.85231018066406,139.8848329991359,50.69363147943891,79.71296691894531
200706B,2007,2007-11-14 06:30:00,EYE,14.99,89.41,0.0,90.0,90.0,3,106.84989929199219,132.82201092912405,50.69363147943891,84.99529266357422
200706B,2007,2007-11-14 12:30:00,EYE,15.83,89.34,0.0,90.0,90.0,3,119.63871765136719,150.87833428363112,50.69363147943891,86.47138977050781
200706B,2007,2007-11-14 18:30:00,EYE,16.68,89.22,0.0,105.0,105.0,3,121.02406311035156,152.8342808662005,50.69363147943891,83.91963195800781
200706B,2007,2007-11-14 23:30:00,EYE,17.66,89.3,0.0,105.0,105.0,3,124.65968322753906,157.96735341327954,50.69363147943891,84.76628112792969
200706B,2007,2007-11-15 06:30:00,EYE,19.48,89.25,0.0,115.0,115.0,3,133.99436950683594,171.14684421027778,50.69363147943891,81.49369812011719
200706B,2007,2007-11-15 11:30:00,EYE,20.89,89.59,0.0,115.0,115.0,3,119.87272644042969,151.20872746338975,50.69363147943891,78.74044036865234
200801B,2008,2008-04-28 14:30:00,EMBC,12.94,85.3,0.0,55.0,55.0,0,63.24891662597656,66.73034647566706,47.71526680016013,61.94702911376953
200801B,2008,2008-04-28 21:30:00,EMBC,13.33,85.3,0.0,55.0,55.0,0,64.7777099609375,68.65820467860205,47.71526680016013,65.09956359863281
200801B,2008,2008-04-29 09:30:00,EMBC,13.58,85.69,0.0,65.0,65.0,0,39.0128173828125,36.16783572644665,47.71526680016013,50.66606140136719
200801B,2008,2008-04-29 20:30:00,IRRCDO,13.74,86.68,0.0,65.0,65.0,0,44.58407211303711,43.19336945077982,47.71526680016013,45.32569122314453
200801B,2008,2008-04-30 20:30:00,EMBC,15.39,88.45,0.0,65.0,65.0,0,62.92302703857422,66.31938908858454,47.71526680016013,60.90043258666992
200801B,2008,2008-05-01 09:30:00,EMBC,15.9,90.29,0.0,65.0,65.0,0,63.04045104980469,66.46746459237916,47.71526680016013,64.00674438476562
200801B,2008,2008-05-01 15:30:00,EMBC,15.86,91.24,0.0,65.0,65.0,0,86.60208129882812,96.17944796602559,47.71526680016013,52.84321594238281
200801B,2008,2008-05-02 02:30:00,EMBC,15.72,93.0,0.0,77.0,77.0,0,65.0126724243164,68.95449999991727,47.71526680016013,71.46229553222656
200801B,2008,2008-05-02 08:30:00,EYE,16.0,94.15,0.0,90.0,90.0,0,83.53123474121094,92.30701040976936,47.71526680016013,75.34706115722656
200803B,2008,2008-10-21 01:00:00,EMBC,10.33,53.6,0.0,28.472727272730825,28.472727272730825,1,37.855796813964844,31.381707203784046,48.893103305784514,58.78203201293945
200803B,2008,2008-10-21 06:00:00,CRVBND,10.82,54.1,0.0,30.0,30.0,1,35.42051696777344,28.033339534875363,48.893103305784514,35.407630920410156
200803B,2008,2008-10-21 12:00:00,CRVBND,11.5,52.98,0.0,30.0,30.0,1,42.625606536865234,37.939917213193645,48.893103305784514,44.550209045410156
200803B,2008,2008-10-21 18:00:00,SHEAR,11.78,53.68,0.0,27.9,27.9,1,36.15915298461914,29.04892095224946,48.893103305784514,32.759803771972656
200803B,2008,2008-10-22 00:00:00,SHEAR,13.52,53.77,0.0,27.9,27.9,1,31.29051399230957,22.354826464943372,48.893103305784514,28.73427963256836
200803B,2008,2008-10-22 06:00:00,SHEAR,13.98,53.4,0.0,25.0,25.0,1,28.94349479675293,19.127812039886514,48.893103305784514,32.13801193237305
200803B,2008,2008-10-22 13:00:00,CRVBND,14.14,51.44,0.0,26.054545454516028,26.054545454516028,1,31.45842933654785,22.58570026396094,48.893103305784514,52.15388107299805
200803B,2008,2008-10-22 18:00:00,CRVBND,14.1,51.62,0.0,27.9,27.9,1,32.6327018737793,24.200256473713313,48.893103305784514,33.24028778076172
200803B,2008,2008-10-23 00:00:00,CRVBND,14.8,51.23,0.0,23.25,23.25,1,31.72696304321289,22.954918439365148,48.893103305784514,40.87937927246094
200803B,2008,2008-10-23 05:30:00,CRVBND,15.27,50.57,0.0,23.25,23.25,1,42.59407043457031,37.89655691294197,48.893103305784514,47.08821487426758
200803B,2008,2008-10-23 17:00:00,CRVBND,13.88,48.16,0.0,23.25,23.25,1,35.84514236450195,28.617174674819086,48.893103305784514,47.37127685546875
200805B,2008,2008-11-14 06:00:00,CRVBND,13.32,84.22,0.0,30.0,30.0,0,33.32097244262695,28.990233818566104,47.71526680016013,46.43973922729492
200805B,2008,2008-11-14 12:00:00,CRVBND,13.8,84.33,0.0,35.0,35.0,0,39.099945068359375,36.27770657651061,47.71526680016013,34.48396301269531
200805B,2008,2008-11-14 18:00:00,EMBC,14.77,83.12,0.0,35.0,35.0,0,50.3623161315918,50.479923411335434,47.71526680016013,51.491493225097656
200805B,2008,2008-11-15 01:30:00,IRRCDO,14.4,82.5,0.0,37.72727272728964,37.72727272728964,0,36.89807891845703,33.501081625458895,47.71526680016013,43.7233772277832
200805B,2008,2008-11-15 06:00:00,CRVBND,14.7,81.88,0.0,30.0,30.0,0,32.11219787597656,27.465929708569654,47.71526680016013,34.70490646362305
200805B,2008,2008-11-15 11:00:00,IRRCDO,14.22,81.73,0.0,30.0,30.0,0,34.07505416870117,29.94115544286315,47.71526680016013,38.9434700012207
200805B,2008,2008-11-15 19:00:00,CRVBND,14.46,80.7,0.0,30.0,30.0,0,36.46600341796875,32.95622034247531,47.71526680016013,39.31932067871094
200805B,2008,2008-11-15 23:00:00,CRVBND,14.68,80.01,0.0,30.0,30.0,0,29.7883358001709,24.535463920369487,47.71526680016013,37.20513153076172
200806B,2008,2008-11-25 19:30:00,CRVBND,9.75,80.35,0.0,30.0,30.0,3,38.106300354003906,35.76404856726545,50.69363147943891,57.33662796020508
200806B,2008,2008-11-25 23:30:00,CRVBND,9.88,80.2,0.0,30.0,30.0,3,34.377777099609375,30.499807601109694,50.69363147943891,56.843441009521484
200806B,2008,2008-11-26 06:30:00,EMBC,10.12,79.57,0.0,40.90909090906554,40.90909090906554,3,32.756591796875,28.21088260263338,50.69363147943891,61.47606658935547
200806B,2008,2008-11-26 12:00:00,CRVBND,10.4,79.8,0.0,45.0,45.0,3,42.28307342529297,41.66116611435356,50.69363147943891,53.482051849365234
200806B,2008,2008-11-26 19:30:00,CRVBND,11.15,80.1,0.0,45.0,45.0,3,32.781646728515625,28.246257250596578,50.69363147943891,44.539920806884766
200806B,2008,2008-11-27 00:00:00,CRVBND,11.33,79.78,0.0,45.0,45.0,3,31.252477645874023,26.087248447437606,50.69363147943891,56.153011322021484
200807B,2008,2008-12-04 06:00:00,CRVBND,6.72,89.6,0.0,25.0,25.0,0,32.374393463134766,27.796566886216173,47.71526680016013,40.72443389892578
200807B,2008,2008-12-04 12:00:00,CRVBND,6.83,89.02,0.0,25.0,25.0,0,36.34220886230469,32.80011137459984,47.71526680016013,39.49883270263672
200807B,2008,2008-12-04 18:00:00,CRVBND,7.3,88.53,0.0,25.0,25.0,0,34.43421173095703,30.394064830094866,47.71526680016013,27.626991271972656
200807B,2008,2008-12-05 00:00:00,CRVBND,7.78,88.78,0.0,30.0,30.0,0,37.181453704833984,33.85842646333112,47.71526680016013,31.24993324279785
200807B,2008,2008-12-05 06:00:00,IRRCDO,7.88,88.22,0.0,30.0,30.0,0,34.00054931640625,29.847202396777366,47.71526680016013,22.120506286621094
200807B,2008,2008-12-05 12:00:00,SHEAR,8.3,87.8,0.0,30.0,30.0,0,26.607952117919922,20.524896481269046,47.71526680016013,19.550273895263672
200807B,2008,2008-12-05 18:00:00,SHEAR,8.8,87.0,0.0,30.0,30.0,0,29.6889591217041,24.410146691165618,47.71526680016013,23.960939407348633
200807B,2008,2008-12-06 00:00:00,SHEAR,9.0,85.68,0.0,30.0,30.0,0,28.02115821838379,22.306995415711768,47.71526680016013,14.30550765991211
200807B,2008,2008-12-06 06:00:00,SHEAR,8.98,84.78,0.0,30.0,30.0,0,29.60234832763672,24.300927658097436,47.71526680016013,30.203413009643555
200807B,2008,2008-12-06 12:00:00,CRVBND,8.22,83.68,0.0,30.0,30.0,0,33.19963073730469,28.837217974884638,47.71526680016013,32.64616394042969
200807B,2008,2008-12-06 18:00:00,IRRCDO,8.03,83.08,0.0,30.0,30.0,0,28.544559478759766,22.967021457274882,47.71526680016013,19.457530975341797
200807B,2008,2008-12-07 00:00:00,CRVBND,7.67,82.37,0.0,25.0,25.0,0,31.020782470703125,26.08961932458975,47.71526680016013,20.659408569335938
200807B,2008,2008-12-07 06:00:00,SHEAR,7.67,82.6,0.0,25.0,25.0,0,27.428388595581055,21.55949360913166,47.71526680016013,18.504528045654297
200807B,2008,2008-12-07 12:00:00,CRVBND,7.57,82.21,0.0,25.0,25.0,0,35.533599853515625,31.780429070319677,47.71526680016013,21.960826873779297
200807B,2008,2008-12-07 16:30:00,SHEAR,7.48,81.7,0.0,23.25,23.25,0,31.115528106689453,26.209096658348013,47.71526680016013,26.09239387512207
200904A,2009,2009-11-10 03:00:00,CRVBND,14.12,70.89,0.0,30.0,30.0,1,34.4543342590332,26.70489469546033,48.893103305784514,52.86479949951172
200904A,2009,2009-11-10 09:00:00,CRVBND,14.5,71.3,0.0,33.0,33.0,1,37.77077102661133,31.26480170816174,48.893103305784514,54.62509536743164
200904A,2009,2009-11-10 21:30:00,EMBC,16.13,71.67,0.0,45.0,45.0,1,55.6529655456543,55.851775591406124,48.893103305784514,60.473045349121094
200904A,2009,2009-11-11 09:00:00,CRVBND,18.3,73.0,0.0,30.0,30.0,1,41.699066162109375,36.665978269534676,48.893103305784514,53.004249572753906
200905B,2009,2009-12-12 00:00:00,CRVBND,10.47,84.37,0.0,45.0,45.0,2,42.74523162841797,42.380969400374866,49.540730037703746,68.09803771972656
200905B,2009,2009-12-12 06:00:00,CRVBND,10.21,84.09,0.0,45.0,45.0,2,29.398292541503906,25.147538601724317,49.540730037703746,52.023841857910156
200905B,2009,2009-12-12 12:00:00,CRVBND,9.98,83.37,0.0,35.0,35.0,2,36.60917282104492,34.45815322921311,49.540730037703746,43.51653289794922
200905B,2009,2009-12-12 18:00:00,CRVBND,9.23,82.11,0.0,30.0,30.0,2,30.049518585205078,25.988394987246185,49.540730037703746,42.54759979248047
200905B,2009,2009-12-13 00:00:00,CRVBND,8.23,81.78,0.0,30.0,30.0,2,44.11101150512695,44.144450363177086,49.540730037703746,37.129058837890625
200905B,2009,2009-12-13 12:00:00,CRVBND,8.44,82.43,0.0,30.0,30.0,2,34.056129455566406,31.161689831993804,49.540730037703746,43.84075164794922
200905B,2009,2009-12-13 18:00:00,CRVBND,8.8,82.17,0.0,30.0,30.0,2,31.05228614807129,27.283158175214094,49.540730037703746,33.448699951171875
200905B,2009,2009-12-14 00:30:00,CRVBND,8.9,81.57,0.0,30.0,30.0,2,26.710689544677734,21.67733318919939,49.540730037703746,42.002464294433594
201001B,2010,2010-05-17 22:00:00,EMBC,11.74,86.47,0.0,33.59999999999591,33.59999999999591,3,32.057003021240234,27.223144658980047,50.69363147943891,67.81362915039062
201001B,2010,2010-05-19 03:30:00,EMBC,13.64,81.67,0.0,46.00000000006139,46.00000000006139,3,38.887142181396484,36.86650636500163,50.69363147943891,72.02943420410156
201002A,2010,2010-05-19 15:00:00,CRVBND,11.4,53.4,0.0,25.0,25.0,2,35.31292724609375,32.7844542433625,49.540730037703746,52.65556716918945
201001B,2010,2010-05-19 20:30:00,EMBC,14.38,81.4,0.0,55.0,55.0,3,34.158775329589844,30.19060258595024,50.69363147943891,53.19613265991211
201002A,2010,2010-05-19 21:00:00,CRVBND,11.6,52.8,0.0,30.0,30.0,2,32.922882080078125,29.698452448796523,49.540730037703746,53.150386810302734
201002A,2010,2010-05-20 03:00:00,IRRCDO,11.8,52.5,0.0,30.0,30.0,2,35.04370880126953,32.43684214980411,49.540730037703746,51.08652877807617
201001B,2010,2010-05-20 08:00:00,EMBC,15.42,80.92,0.0,55.0,55.0,3,32.0468864440918,27.208861229260435,50.69363147943891,48.67780685424805
201001B,2010,2010-05-20 20:30:00,CRVBND,15.68,80.5,0.0,40.909090909141646,40.909090909141646,3,32.781517028808594,28.246074129702738,50.69363147943891,40.53999328613281
201002A,2010,2010-05-20 21:00:00,IRRCDO,12.5,52.2,0.0,30.0,30.0,2,39.52113342285156,38.218046879198624,49.540730037703746,49.56613540649414
201002A,2010,2010-05-21 15:00:00,CRVBND,12.6,51.4,0.0,40.0,40.0,2,48.7516975402832,50.13645655458469,49.540730037703746,60.56475830078125
201002A,2010,2010-05-21 21:30:00,IRRCDO,12.5,50.97,0.0,40.0,40.0,2,37.5185432434082,35.63232298769372,49.540730037703746,40.882904052734375
201002A,2010,2010-05-22 09:00:00,IRRCDO,12.6,51.0,0.0,35.0,35.0,2,39.44484329223633,38.119541845346575,49.540730037703746,48.80531311035156
201002A,2010,2010-05-22 15:00:00,CRVBND,12.6,51.0,0.0,28.0,28.0,2,26.842426300048828,21.847430336009058,49.540730037703746,34.74382019042969
201003A,2010,2010-06-01 16:00:00,EMBC,17.07,62.07,0.0,41.81818181813108,41.81818181813108,4,66.51314544677734,76.29990721518968,49.12199992680404,69.04924774169922
201003A,2010,2010-06-01 21:30:00,EMBC,17.21,61.35,0.0,45.99999999987722,45.99999999987722,4,84.15060424804688,103.4647613281903,49.12199992680404,68.6661376953125
201003A,2010,2010-06-02 03:00:00,EYE,17.75,60.85,0.0,60.0,60.0,4,90.93892669677734,113.91999703246859,49.12199992680404,68.61329650878906
201003A,2010,2010-06-02 09:00:00,EYE,17.95,60.34,0.0,80.0,80.0,4,109.35462188720703,142.28347495035896,49.12199992680404,74.28550720214844
201003A,2010,2010-06-02 14:00:00,EYE,18.38,59.81,0.0,85.0,85.0,4,62.68547439575195,70.40460637478877,49.12199992680404,68.16748046875
201003A,2010,2010-06-02 21:00:00,EMBC,18.85,59.24,0.0,80.0,80.0,4,75.25653839111328,89.76630259911136,49.12199992680404,69.18043518066406
201003A,2010,2010-06-03 02:00:00,EMBC,18.79,59.39,0.0,75.0,75.0,4,68.15440368652344,78.82773966241578,49.12199992680404,73.59158325195312
201003A,2010,2010-06-03 14:00:00,EMBC,20.35,59.35,0.0,70.0,70.0,4,73.12821960449219,86.48830943717358,49.12199992680404,78.41061401367188
201003A,2010,2010-06-03 22:00:00,EMBC,21.14,59.12,0.0,65.0,65.0,4,87.54875183105469,108.69851888855997,49.12199992680404,72.82453918457031
201003A,2010,2010-06-04 15:00:00,CRVBND,23.0,59.7,0.0,55.0,55.0,4,64.46263122558594,73.14174705714649,49.12199992680404,47.04030227661133
201003A,2010,2010-06-04 21:00:00,CRVBND,23.6,60.1,0.0,50.0,50.0,4,45.474849700927734,43.89715344200836,49.12199992680404,44.438934326171875
201003A,2010,2010-06-05 03:00:00,SHEAR,24.0,60.7,0.0,40.0,40.0,4,33.983253479003906,26.19803145332366,49.12199992680404,41.15777587890625
201003A,2010,2010-06-05 09:00:00,SHEAR,23.8,61.4,0.0,40.0,40.0,4,37.297080993652344,31.301920965150202,49.12199992680404,41.939292907714844
201003A,2010,2010-06-05 15:00:00,SHEAR,23.7,62.1,0.0,35.0,35.0,4,40.50172424316406,36.237647099967994,49.12199992680404,33.61516189575195
201003A,2010,2010-06-05 21:00:00,SHEAR,23.5,62.8,0.0,30.0,30.0,4,36.789512634277344,30.520174536134903,49.12199992680404,31.856781005859375
201003A,2010,2010-06-06 03:00:00,CRVBND,23.0,64.8,0.0,25.0,25.0,4,26.76068687438965,15.073981761899052,49.12199992680404,29.959854125976562
201003A,2010,2010-06-06 09:00:00,CRVBND,23.7,66.3,0.0,25.0,25.0,4,37.655494689941406,31.85394242592282,49.12199992680404,44.19224548339844
201004B,2010,2010-10-21 06:00:00,CRVBND,17.77,91.53,0.0,35.0,35.0,4,40.37303924560547,36.03944909284015,49.12199992680404,63.94693374633789
201004B,2010,2010-10-21 19:00:00,EMBC,18.16,92.53,0.0,51.49999999998977,51.49999999998977,4,44.89482879638672,43.00381708148837,49.12199992680404,48.61083221435547
201004B,2010,2010-10-22 06:00:00,EYE,18.95,92.94,0.0,90.0,90.0,4,70.56758117675781,82.5444663864649,49.12199992680404,62.456912994384766
201004B,2010,2010-10-22 12:00:00,EYE,19.77,93.4,0.0,105.0,105.0,4,76.07466125488281,91.02635873821966,49.12199992680404,60.48752212524414
201005B,2010,2010-11-06 08:30:00,CRVBND,10.77,85.37,0.0,55.0,55.0,2,46.63664245605469,47.405519132001935,49.540730037703746,33.35511016845703
201005B,2010,2010-11-06 21:00:00,CRVBND,11.7,83.8,0.0,60.0,60.0,2,46.7442741394043,47.54449205715497,49.540730037703746,42.057918548583984
201005B,2010,2010-11-07 03:00:00,CRVBND,12.4,82.5,0.0,55.0,55.0,2,44.38818359375,44.50233211999772,49.540730037703746,37.19382858276367
201005B,2010,2010-11-07 09:00:00,CRVBND,13.1,81.2,0.0,40.0,40.0,2,43.35929870605469,43.17384651019531,49.540730037703746,31.59600067138672
201005B,2010,2010-11-07 15:00:00,SHEAR,13.1,80.6,0.0,30.0,30.0,2,33.363304138183594,30.26712089113634,49.540730037703746,25.19595718383789
201101A,2011,2011-06-11 15:00:00,CRVBND,20.0,71.7,35.0,25.0,25.0,3,30.08112335205078,24.43343248902592,50.69363147943891,45.44194030761719
201101A,2011,2011-06-11 21:00:00,CRVBND,20.3,71.1,37.0,25.0,25.0,3,29.44809341430664,23.539667879364963,50.69363147943891,31.250614166259766
201101A,2011,2011-06-12 03:00:00,CRVBND,20.5,70.8,41.0,20.0,20.0,3,35.34073257446289,31.859388677433444,50.69363147943891,45.23822021484375
201101A,2011,2011-06-12 09:00:00,CRVBND,20.8,70.3,43.0,21.39,21.39,3,34.92477798461914,31.272109199067533,50.69363147943891,50.86871337890625
201102B,2011,2011-10-19 12:00:00,CRVBND,21.02,92.07,37.0,5.0,5.0,2,48.569496154785156,49.90119999516296,49.540730037703746,49.733741760253906
201103A,2011,2011-11-02 07:30:00,CRVBND,16.15,54.27,43.0,35.0,35.0,0,57.26128387451172,59.179746501100446,47.71526680016013,65.61384582519531
201103A,2011,2011-11-02 12:00:00,CRVBND,16.73,54.38,43.0,35.0,35.0,0,44.632484436035156,43.25441896733681,47.71526680016013,51.37339782714844
201104A,2011,2011-11-08 00:00:00,CRVBND,13.67,59.09,31.0,25.0,25.0,1,32.893043518066406,24.558211041425434,48.893103305784514,52.76423263549805
201104A,2011,2011-11-08 12:00:00,CRVBND,13.93,58.57,43.0,30.0,30.0,1,37.84894561767578,31.37228720871304,48.893103305784514,58.3285026550293
201104A,2011,2011-11-09 07:30:00,IRRCDO,16.18,58.85,45.0,29.09090909091585,29.09090909091585,1,40.309356689453125,34.7552088461784,48.893103305784514,55.94655990600586
201104A,2011,2011-11-09 12:00:00,SHEAR,15.96,58.34,45.0,25.0,25.0,1,40.6868782043457,35.27427889751589,48.893103305784514,41.2765998840332
201104A,2011,2011-11-09 18:00:00,SHEAR,15.9,58.3,37.0,25.0,25.0,1,33.7103385925293,25.681944072588035,48.893103305784514,32.10433578491211
201104A,2011,2011-11-09 23:00:00,SHEAR,16.07,58.13,33.0,25.0,25.0,1,37.61920928955078,31.056413164639384,48.893103305784514,31.534875869750977
201105A,2011,2011-11-27 15:30:00,CRVBND,12.67,70.94,30.0,25.0,25.0,2,26.182416915893555,20.995232991417016,49.540730037703746,29.771896362304688
201105B,2011,2011-11-27 15:30:00,CRVBND,12.67,70.94,35.0,25.0,25.0,0,29.143611907958984,23.722446087412578,47.71526680016013,26.55825424194336
201105A,2011,2011-11-28 03:00:00,IRRCDO,14.6,68.5,43.0,30.0,30.0,2,37.03794860839844,35.01178412625815,49.540730037703746,51.79743194580078
201105A,2011,2011-11-28 14:30:00,IRRCDO,15.17,67.87,55.0,30.0,30.0,2,36.91107177734375,34.84796206385908,49.540730037703746,32.12907791137695
201105A,2011,2011-11-28 21:00:00,CRVBND,15.8,67.2,45.0,30.0,30.0,2,37.34771728515625,35.41175426321107,49.540730037703746,36.022178649902344
201105A,2011,2011-11-29 03:00:00,CRVBND,16.0,66.6,37.0,30.0,30.0,2,27.17302703857422,22.2742986173625,49.540730037703746,33.0461540222168
201105A,2011,2011-11-29 09:00:00,SHEAR,15.8,66.1,33.0,28.0,28.0,2,30.267581939697266,26.26995615306039,49.540730037703746,23.320730209350586
201105A,2011,2011-11-29 15:00:00,SHEAR,16.4,65.9,25.0,25.0,25.0,2,27.969396591186523,23.302562812300817,49.540730037703746,23.463848114013672
201105A,2011,2011-11-29 21:00:00,SHEAR,17.3,64.9,31.0,25.0,25.0,2,24.405519485473633,18.700921261661318,49.540730037703746,31.50345802307129
201105A,2011,2011-11-30 02:30:00,CRVBND,17.45,63.87,37.0,25.0,25.0,2,26.334835052490234,21.192033725457488,49.540730037703746,40.64665222167969
201105A,2011,2011-11-30 09:00:00,SHEAR,18.12,63.03,39.0,25.0,25.0,2,27.750022888183594,23.019309737934776,49.540730037703746,29.798044204711914
201105A,2011,2011-11-30 15:00:00,SHEAR,18.65,62.42,33.0,25.0,25.0,2,24.962814331054688,19.420494647980437,49.540730037703746,31.63862419128418
201105A,2011,2011-11-30 21:00:00,SHEAR,19.0,62.03,30.0,25.0,25.0,2,30.37287139892578,26.405904822461377,49.540730037703746,34.55778503417969
201106B,2011,2011-12-26 00:00:00,CRVBND,10.17,87.33,31.0,30.0,30.0,0,40.0176887512207,37.4350112603652,47.71526680016013,46.26746368408203
201106B,2011,2011-12-26 07:30:00,CRVBND,10.4,88.4,39.0,30.0,30.0,0,36.4415168762207,32.925342015568106,47.71526680016013,37.74185562133789
201106B,2011,2011-12-26 12:00:00,EYE,11.06,87.83,51.0,30.0,30.0,0,48.65084457397461,48.32170201803867,47.71526680016013,55.805747985839844
201106B,2011,2011-12-26 18:00:00,EYE,12.32,87.68,65.0,35.0,35.0,0,61.38714599609375,64.38259305555242,47.71526680016013,57.166908264160156
201106B,2011,2011-12-26 22:30:00,EMBC,11.91,87.26,55.0,37.272727272761095,37.272727272761095,0,45.214317321777344,43.98812919216852,47.71526680016013,53.14170837402344
201106B,2011,2011-12-27 06:00:00,EMBC,12.51,87.09,53.0,40.0,40.0,0,63.858863830566406,67.49950977252028,47.71526680016013,53.00273513793945
201106B,2011,2011-12-27 13:00:00,EMBC,13.43,86.05,55.0,41.36363636371247,41.36363636371247,0,60.09706497192383,62.75575885368804,47.71526680016013,58.42293930053711
201106B,2011,2011-12-27 18:00:00,EMBC,12.4,86.03,55.0,45.0,45.0,0,56.14762496948242,57.775386339243006,47.71526680016013,64.08877563476562
201106B,2011,2011-12-28 04:30:00,EMBC,12.25,84.74,61.0,45.0,45.0,0,48.20505905151367,47.75955195067987,47.71526680016013,70.91508483886719
201106B,2011,2011-12-29 00:00:00,EMBC,11.97,82.62,72.2,70.0,70.0,0,61.85187530517578,64.96863185502232,47.71526680016013,66.63202667236328
201106B,2011,2011-12-29 05:00:00,EYE,11.89,82.05,74.6,75.0,75.0,0,91.01210021972656,101.74062550214414,47.71526680016013,77.23680114746094
201106B,2011,2011-12-29 12:00:00,EMBC,12.15,81.68,69.8,75.0,75.0,0,93.75732421875,105.2024424033452,47.71526680016013,70.49430847167969
201106B,2011,2011-12-29 18:30:00,EMBC,12.62,80.28,74.6,75.0,75.0,0,69.43245697021484,74.52799230732145,47.71526680016013,56.46678924560547
201201A,2012,2012-10-24 18:00:00,CRVBND,10.33,55.11,37.0,35.0,35.0,3,34.94524002075195,31.3009992130253,50.69363147943891,51.361576080322266
201201A,2012,2012-10-25 00:00:00,CRVBND,10.28,54.27,41.0,35.0,35.0,3,25.92426872253418,18.564437463914032,50.69363147943891,45.46162796020508
201201A,2012,2012-10-25 06:00:00,CRVBND,10.28,52.93,39.0,35.0,35.0,3,30.352651596069336,24.816798773236727,50.69363147943891,54.057151794433594
201201A,2012,2012-10-25 12:00:00,CRVBND,9.52,51.3,49.0,30.0,30.0,3,40.91058349609375,39.72337004390904,50.69363147943891,66.21833801269531
201202B,2012,2012-10-30 01:30:00,CRVBND,8.95,83.34,55.0,32.27272727271036,32.27272727271036,3,29.788169860839844,24.019816248925146,50.69363147943891,37.524688720703125
201202B,2012,2012-10-30 06:00:00,EMBC,9.26,83.08,57.0,35.0,35.0,3,32.779319763183594,28.24297184632472,50.69363147943891,53.45244216918945
201202B,2012,2012-10-30 11:30:00,CRVBND,9.52,83.2,57.0,39.09090909093446,39.09090909093446,3,37.94976806640625,35.54304319203373,50.69363147943891,48.192710876464844
201202B,2012,2012-10-31 12:00:00,EMBC,12.62,80.27,61.0,35.0,35.0,3,39.35150146484375,37.52212763813079,50.69363147943891,55.07823944091797
201203B,2012,2012-11-17 21:30:00,IRRCDO,16.21,88.27,35.0,30.0,30.0,4,43.91169357299805,41.48961227354953,49.12199992680404,49.95340347290039
201203B,2012,2012-11-18 09:00:00,CRVBND,16.0,87.8,51.0,30.0,30.0,4,32.34431457519531,23.673771199977132,49.12199992680404,50.05265426635742
201203B,2012,2012-11-18 15:00:00,SHEAR,15.8,87.5,41.0,30.0,30.0,4,31.258209228515625,22.000973909486508,49.12199992680404,30.339214324951172
201203B,2012,2012-11-18 21:00:00,SHEAR,15.4,86.6,30.0,28.0,28.0,4,26.063669204711914,14.00044937130226,49.12199992680404,25.382139205932617
201203B,2012,2012-11-19 03:00:00,SHEAR,15.2,86.5,25.0,25.0,25.0,4,24.409879684448242,11.453316501552436,49.12199992680404,26.808650970458984
201203B,2012,2012-11-19 09:00:00,SHEAR,15.2,86.1,25.0,23.0,23.0,4,23.607454299926758,10.217437299638974,49.12199992680404,28.86566925048828
201204A,2012,2012-12-23 06:00:00,CRVBND,8.67,58.06,43.0,30.0,30.0,2,22.241531372070312,15.906802013900448,49.540730037703746,53.07740020751953
201204A,2012,2012-12-23 12:00:00,CRVBND,8.15,57.17,49.0,30.0,30.0,2,23.428714752197266,17.439681012860223,49.540730037703746,30.373037338256836
201204A,2012,2012-12-23 18:00:00,CRVBND,8.18,56.22,43.0,32.550000000000004,32.550000000000004,2,21.85072135925293,15.40219213537696,49.540730037703746,28.755361557006836
201204A,2012,2012-12-24 00:00:00,CRVBND,8.42,54.89,41.0,32.550000000000004,32.550000000000004,2,23.010618209838867,16.899839047375202,49.540730037703746,34.382293701171875
201204A,2012,2012-12-24 06:00:00,CRVBND,8.23,53.17,41.0,28.0,28.0,2,43.940032958984375,43.92368461877574,49.540730037703746,33.097190856933594
201204A,2012,2012-12-24 12:00:00,SHEAR,7.52,51.77,33.0,25.0,25.0,2,24.99881935119629,19.466983960546692,49.540730037703746,30.063526153564453
201204A,2012,2012-12-24 18:00:00,CRVBND,6.6,51.0,29.0,23.25,23.25,2,25.495338439941406,20.10808431324759,49.540730037703746,20.96411895751953
201204A,2012,2012-12-24 23:00:00,SHEAR,6.1,50.17,32.0,19.36090909091381,19.36090909091381,2,27.447147369384766,22.628239975809127,49.540730037703746,24.762794494628906
201301B,2013,2013-05-10 08:30:00,EMBC,5.04,93.35,30.0,26.37272727268897,26.37272727268897,2,32.693763732910156,29.4026171898725,49.540730037703746,55.09209442138672
201301B,2013,2013-05-10 20:00:00,IRRCDO,6.35,92.03,43.0,30.0,30.0,2,36.006797790527344,33.680372770663055,49.540730037703746,40.657997131347656
201301B,2013,2013-05-11 02:00:00,EMBC,6.95,91.05,55.0,33.181818181809724,33.181818181809724,2,34.49163818359375,31.724014232951482,49.540730037703746,52.963321685791016
201301B,2013,2013-05-11 08:30:00,EMBC,7.95,89.87,59.0,35.0,35.0,2,49.121238708496094,50.61360431919038,49.540730037703746,64.75051879882812
201301B,2013,2013-05-12 15:00:00,IRRCDO,10.5,86.9,59.0,40.0,40.0,2,38.411949157714844,36.785879537180335,49.540730037703746,39.14678192138672
201301B,2013,2013-05-13 03:30:00,IRRCDO,11.85,86.7,61.0,40.0,40.0,2,35.364952087402344,32.85162818464327,49.540730037703746,42.616397857666016
201301B,2013,2013-05-13 16:00:00,CRVBND,12.92,85.7,49.0,40.0,40.0,2,53.947410583496094,56.84510792376974,49.540730037703746,54.1236457824707
201301B,2013,2013-05-14 03:00:00,CRVBND,14.0,85.4,51.0,40.0,40.0,2,30.856897354125977,27.03087416931871,49.540730037703746,47.928314208984375
201301B,2013,2013-05-14 09:00:00,CRVBND,14.5,85.9,49.0,40.0,40.0,2,31.24568748474121,27.53287599666841,49.540730037703746,29.232650756835938
201301B,2013,2013-05-14 15:00:00,IRRCDO,15.1,86.4,47.0,40.0,40.0,2,44.32102966308594,44.415623653777836,49.540730037703746,43.08414077758789
201301B,2013,2013-05-14 21:30:00,IRRCDO,15.87,86.93,47.0,40.0,40.0,2,60.56834411621094,65.3939893650866,49.540730037703746,37.21920394897461
201301B,2013,2013-05-15 08:00:00,EMBC,17.76,88.07,57.0,45.0,45.0,2,36.360599517822266,34.137197930654835,49.540730037703746,65.03070831298828
201302B,2013,2013-10-09 08:30:00,CRVBND,13.57,92.54,43.0,30.0,30.0,2,32.35227966308594,28.96169646281778,49.540730037703746,45.76631546020508
201302B,2013,2013-10-09 15:00:00,IRRCDO,13.9,91.9,51.0,35.0,35.0,2,40.47526168823242,39.45000750533191,49.540730037703746,52.41442108154297
201302B,2013,2013-10-09 21:30:00,EMBC,14.33,91.25,72.2,45.0,45.0,2,43.536651611328125,43.402842761700356,49.540730037703746,68.21495056152344
201302B,2013,2013-10-10 02:30:00,EMBC,14.57,91.05,90.0,53.18181818186892,53.18181818186892,2,62.327842712402344,67.66583589861251,49.540730037703746,60.93012619018555
201302B,2013,2013-10-10 09:00:00,EYE,15.1,90.7,107.2,70.0,70.0,2,81.57658386230469,92.51961296373857,49.540730037703746,58.37685012817383
201302B,2013,2013-10-10 15:00:00,EYE,15.55,89.84,122.2,90.0,90.0,2,84.49244689941406,96.28454539814483,49.540730037703746,72.30142974853516
201302B,2013,2013-10-10 21:00:00,EYE,15.65,89.05,137.4,100.0,100.0,2,97.32159423828125,112.84940880467872,49.540730037703746,74.390869140625
201302B,2013,2013-10-11 03:00:00,EYE,15.85,88.56,137.4,115.0,115.0,2,76.4051284790039,85.84228283612886,49.540730037703746,66.3438720703125
201302B,2013,2013-10-11 09:00:00,EYE,16.45,88.05,119.8,115.0,115.0,2,82.68400573730469,93.94950472569587,49.540730037703746,56.106048583984375
201302B,2013,2013-10-11 15:00:00,EYE,16.75,87.14,129.6,115.0,115.0,2,99.7657699584961,116.00530341540353,49.540730037703746,60.79508590698242
201302B,2013,2013-10-11 21:00:00,EYE,17.25,86.75,134.8,115.0,115.0,2,106.45304107666016,124.63983926637522,49.540730037703746,67.03363037109375
201302B,2013,2013-10-12 03:00:00,EYE,17.75,86.15,134.8,115.0,115.0,2,97.79450988769531,113.4600326387057,49.540730037703746,68.37113952636719
201302B,2013,2013-10-12 09:00:00,EYE,18.45,85.55,119.8,115.0,115.0,2,86.52986145019531,98.91523416059505,49.540730037703746,59.53024673461914
201303A,2013,2013-11-09 21:00:00,IRRCDO,8.0,52.2,51.0,30.0,30.0,0,31.00969886779785,26.075642540226315,47.71526680016013,24.210155487060547
201303A,2013,2013-11-10 09:00:00,IRRCDO,8.0,51.6,55.0,30.0,30.0,0,36.020286560058594,32.39415686335211,47.71526680016013,42.19474411010742
201303A,2013,2013-11-10 14:30:00,IRRCDO,8.28,51.25,49.0,30.0,30.0,0,34.3054313659668,30.231668594223176,47.71526680016013,33.671226501464844
201304B,2013,2013-11-19 13:00:00,EMBC,15.0,84.7,35.0,26.81818181819028,26.81818181819028,2,48.97730255126953,50.42775542988065,49.540730037703746,45.194435119628906
201304B,2013,2013-11-19 19:30:00,EMBC,15.05,84.04,53.0,30.0,30.0,2,46.79719161987305,47.612818564960136,49.540730037703746,57.397315979003906
201304B,2013,2013-11-20 00:30:00,EMBC,15.75,84.07,53.0,30.90909090904863,30.90909090904863,2,43.68180847167969,43.59026781035969,49.540730037703746,60.57992172241211
201304B,2013,2013-11-20 06:30:00,IRRCDO,15.07,83.33,53.0,40.0,40.0,2,49.778411865234375,51.46213955604358,49.540730037703746,51.188053131103516
201304B,2013,2013-11-20 19:30:00,EMBC,15.7,84.11,65.0,45.0,45.0,2,51.43706512451172,53.60377562530066,49.540730037703746,63.36467361450195
201304B,2013,2013-11-21 00:00:00,EMBC,15.43,83.83,69.8,50.0,50.0,2,55.884647369384766,59.346448184095415,49.540730037703746,57.378662109375
201304B,2013,2013-11-21 18:00:00,CRVBND,16.13,82.46,74.6,55.0,55.0,2,41.25070571899414,40.4512528811695,49.540730037703746,42.595638275146484
201304B,2013,2013-11-22 00:00:00,IRRCDO,16.07,82.56,59.0,55.0,55.0,2,50.14631271362305,51.93716935652325,49.540730037703746,58.807979583740234
201304B,2013,2013-11-22 06:00:00,CRVBND,16.22,81.38,53.0,55.0,55.0,2,45.866294860839844,46.41085422144892,49.540730037703746,46.91069030761719
201305B,2013,2013-11-23 19:00:00,EMBC,9.45,95.67,49.0,31.09090909087865,31.09090909087865,2,34.7161865234375,32.01394874531044,49.540730037703746,62.780174255371094
201305B,2013,2013-11-25 07:00:00,EMBC,12.33,91.2,59.0,56.36363636364482,56.36363636364482,2,40.409637451171875,39.365274163797,49.540730037703746,76.62925720214844
201305B,2013,2013-11-26 01:30:00,EMBC,12.41,90.59,63.0,70.0,70.0,2,39.81041717529297,38.591567092066065,49.540730037703746,80.17945098876953
201305B,2013,2013-11-26 06:00:00,EMBC,12.67,90.05,65.0,70.0,70.0,2,45.293033599853516,45.67066516338683,49.540730037703746,78.27642822265625
201305B,2013,2013-11-27 06:30:00,EMBC,13.87,86.1,79.6,69.4999999999693,69.4999999999693,2,40.27653503417969,39.19341368871497,49.540730037703746,77.730224609375
201305B,2013,2013-11-27 12:30:00,CRVBND,14.2,85.91,79.6,55.0,55.0,2,64.49835205078125,70.46837528514884,49.540730037703746,48.414703369140625
201305B,2013,2013-11-27 18:00:00,CRVBND,15.9,83.7,79.6,45.0,45.0,2,60.501609802246094,65.30782270364314,49.540730037703746,36.66737365722656
201305B,2013,2013-11-28 00:00:00,CRVBND,14.67,82.61,63.0,30.0,30.0,2,44.35542297363281,44.46003194345282,49.540730037703746,31.47419548034668
201305B,2013,2013-11-28 06:00:00,SHEAR,15.08,81.92,51.0,30.0,30.0,2,32.261070251464844,28.84392780641484,49.540730037703746,34.8616943359375
201305B,2013,2013-11-28 12:00:00,CRVBND,15.4,80.94,39.0,20.0,20.0,2,35.84362030029297,33.46967966960525,49.540730037703746,29.445823669433594
201306B,2013,2013-12-06 03:00:00,CRVBND,9.8,83.7,37.0,25.0,25.0,3,27.614269256591797,20.950521561344694,50.69363147943891,54.4999885559082
201306B,2013,2013-12-06 09:00:00,CRVBND,10.2,83.6,47.0,25.0,25.0,3,32.00979232788086,27.156488653621864,50.69363147943891,53.85039520263672
201306B,2013,2013-12-07 08:30:00,EMBC,10.48,84.3,55.0,54.00000000012278,54.00000000012278,3,48.0477294921875,49.80018967746995,50.69363147943891,53.2995491027832
201306B,2013,2013-12-07 14:00:00,EMBC,11.19,84.65,57.0,55.0,55.0,3,45.51070022583008,46.21819957440337,50.69363147943891,57.505531311035156
201306B,2013,2013-12-08 02:30:00,EMBC,12.02,84.76,59.0,60.0,60.0,3,48.18946075439453,50.00029772716921,50.69363147943891,59.698638916015625
201306B,2013,2013-12-08 09:00:00,EMBC,13.65,84.14,59.0,65.0,65.0,3,45.52312088012695,46.235736092942986,50.69363147943891,56.71697235107422
201306B,2013,2013-12-08 15:00:00,EMBC,13.65,85.57,63.0,65.0,65.0,3,36.0590934753418,32.87363067751596,50.69363147943891,49.89699172973633
201306B,2013,2013-12-08 20:00:00,EMBC,13.71,84.96,67.4,65.0,65.0,3,47.96769714355469,49.687193314152665,50.69363147943891,56.20233154296875
201306B,2013,2013-12-09 14:00:00,EMBC,14.66,84.79,84.8,60.0,60.0,3,50.33596420288086,53.03091081888004,50.69363147943891,64.7662582397461
201306B,2013,2013-12-10 03:00:00,EYE,15.25,85.46,90.0,65.0,65.0,3,70.09584045410156,80.92955673056711,50.69363147943891,69.91949462890625
201306B,2013,2013-12-10 09:00:00,EMBC,15.5,85.2,104.6,65.0,65.0,3,44.91747283935547,45.38063153551708,50.69363147943891,65.25704193115234
201306B,2013,2013-12-10 15:00:00,CRVBND,15.0,84.8,92.4,55.0,55.0,3,32.430728912353516,27.750802128674728,50.69363147943891,34.21124267578125
201306B,2013,2013-12-10 21:00:00,SHEAR,14.55,84.45,69.8,45.0,45.0,3,27.489967346191406,20.775021728232506,50.69363147943891,26.044517517089844
201306B,2013,2013-12-11 03:00:00,SHEAR,14.2,83.9,51.0,30.0,30.0,3,26.17165184020996,18.913713639372848,50.69363147943891,26.13739585876465
201306B,2013,2013-12-11 09:00:00,CRVBND,13.6,83.3,41.0,30.0,30.0,3,25.760103225708008,18.332654885488896,50.69363147943891,36.59651565551758
201306B,2013,2013-12-11 15:30:00,CRVBND,13.05,82.64,43.0,27.699999999981586,27.699999999981586,3,25.48775291442871,17.948127937965655,50.69363147943891,41.47474670410156
201306B,2013,2013-12-11 21:00:00,SHEAR,12.6,82.3,41.0,25.0,25.0,3,26.23531150817871,19.003593682797007,50.69363147943891,30.666011810302734
201306B,2013,2013-12-12 03:00:00,SHEAR,11.9,81.5,28.0,25.0,25.0,3,26.57895278930664,19.488775183983503,50.69363147943891,28.92992401123047
201306B,2013,2013-12-12 08:00:00,IRRCDO,11.35,80.77,32.0,25.0,25.0,3,28.794260025024414,22.616531216922745,50.69363147943891,50.98596954345703
201306B,2013,2013-12-12 15:00:00,SHEAR,10.58,79.75,34.0,23.0,23.0,3,25.0872802734375,17.382707169824876,50.69363147943891,35.630184173583984
201401B,2014,2014-01-04 07:30:00,CRVBND,8.99,83.19,35.0,25.0,25.0,1,31.0938720703125,22.084455297951298,48.893103305784514,37.74150466918945
201401B,2014,2014-01-04 12:00:00,CRVBND,9.05,82.95,35.0,25.0,25.0,1,33.728675842285156,25.7071567208655,48.893103305784514,31.073760986328125
201401B,2014,2014-01-04 18:00:00,CRVBND,9.15,82.76,32.0,25.0,25.0,1,35.08748245239258,27.575436511665973,48.893103305784514,26.27224349975586
201401B,2014,2014-01-05 00:00:00,CRVBND,9.43,82.04,35.0,25.0,25.0,1,34.30887985229492,26.504903374715635,48.893103305784514,35.34070587158203
201401B,2014,2014-01-05 06:00:00,CRVBND,9.3,81.49,34.0,25.0,25.0,1,32.052181243896484,23.40207448601524,48.893103305784514,29.62961196899414
201401B,2014,2014-01-05 12:00:00,CRVBND,9.26,81.4,33.0,25.0,25.0,1,30.23428726196289,20.902576350665548,48.893103305784514,31.156986236572266
201401B,2014,2014-01-05 18:00:00,CRVBND,9.16,81.26,33.0,25.0,25.0,1,28.42969512939453,18.421367481915297,48.893103305784514,32.57635498046875
201401B,2014,2014-01-06 00:00:00,CRVBND,9.28,80.82,33.0,25.0,25.0,1,27.034536361694336,16.503105595887007,48.893103305784514,43.22488784790039
201402A,2014,2014-06-10 03:00:00,IRRCDO,15.3,68.7,39.0,35.34,35.34,1,42.06351089477539,37.16706850845379,48.893103305784514,32.41676712036133
201402A,2014,2014-06-10 20:00:00,EMBC,16.56,67.67,57.0,31.90909090906554,31.90909090906554,1,55.49516677856445,55.634811495578035,48.893103305784514,56.225830078125
201402A,2014,2014-06-11 03:00:00,EMBC,17.25,66.85,59.0,35.0,35.0,1,62.04851531982422,64.64528329534319,48.893103305784514,59.15581512451172
201402A,2014,2014-06-11 09:30:00,EMBC,16.57,66.2,57.0,45.0,45.0,1,57.98516845703125,59.05841849037402,48.893103305784514,67.60462951660156
201402A,2014,2014-06-12 03:30:00,EMBC,18.47,63.65,67.4,45.0,45.0,1,74.18467712402344,81.33179752629584,48.893103305784514,71.27166748046875
201402A,2014,2014-06-12 15:00:00,EMBC,18.3,63.4,74.6,45.0,45.0,1,58.889488220214844,60.30180538988565,48.893103305784514,48.653892517089844
201402A,2014,2014-06-13 09:00:00,SHEAR,21.4,64.3,63.0,30.0,30.0,1,47.19697570800781,44.22528304465572,48.893103305784514,36.92452621459961
201402A,2014,2014-06-13 15:00:00,SHEAR,21.66,64.41,47.0,25.0,25.0,1,40.698360443115234,35.29006630573623,48.893103305784514,30.332683563232422
201402A,2014,2014-06-13 21:00:00,SHEAR,21.93,64.6,32.0,25.0,25.0,1,31.745817184448242,22.980841783261834,48.893103305784514,29.423961639404297
201402A,2014,2014-06-14 02:30:00,SHEAR,22.13,64.8,27.0,17.56600000005071,17.56600000005071,1,30.707639694213867,21.553408320809435,48.893103305784514,32.02959060668945
201403B,2014,2014-10-08 10:30:00,EMBC,12.89,91.35,55.0,40.0,40.0,1,44.05936813354492,39.91125573626038,48.893103305784514,55.45603942871094
201403B,2014,2014-10-09 01:30:00,EMBC,13.7,89.06,72.2,50.45454545457928,50.45454545457928,1,44.2958869934082,40.236455365654884,48.893103305784514,69.05496215820312
201403B,2014,2014-10-09 05:00:00,EMBC,13.92,88.68,77.0,55.0,55.0,1,46.49135208129883,43.25509173716163,48.893103305784514,67.28711700439453
201403B,2014,2014-10-10 18:00:00,EMBC,15.62,86.48,82.2,75.0,75.0,1,59.736576080322266,61.46650176264321,48.893103305784514,71.88009643554688
201403B,2014,2014-10-11 06:00:00,EYE,16.07,85.22,115.0,90.0,90.0,1,94.67516326904297,109.50502017892242,48.893103305784514,67.30308532714844
201403B,2014,2014-10-11 12:00:00,EYE,16.26,84.88,127.0,95.0,95.0,1,92.9100570678711,107.07810216149734,48.893103305784514,64.68651580810547
201403B,2014,2014-10-11 17:00:00,EYE,16.46,84.79,132.2,98.18181818180972,98.18181818180972,1,95.78238677978516,111.02738789014165,48.893103305784514,65.04374694824219
201403B,2014,2014-10-11 23:30:00,EYE,17.2,84.24,124.6,100.0,100.0,1,94.49954223632812,109.26355150794303,48.893103305784514,68.09367370605469
201403B,2014,2014-10-12 06:00:00,EYE,17.52,83.45,122.2,100.0,100.0,1,111.61238098144531,132.79270610059126,48.893103305784514,66.95441436767578
201404A,2014,2014-10-25 18:00:00,CRVBND,13.75,62.72,39.0,25.0,25.0,0,36.43021011352539,32.911083819438964,47.71526680016013,38.49737548828125
201404A,2014,2014-10-25 23:30:00,CRVBND,14.03,63.03,49.0,25.0,25.0,0,42.94568634033203,41.12731161336639,47.71526680016013,54.584693908691406
201404A,2014,2014-10-26 06:00:00,EMBC,14.48,62.81,57.0,35.0,35.0,0,43.734066009521484,42.12148406134667,47.71526680016013,61.5242805480957
201404A,2014,2014-10-26 13:30:00,EMBC,14.29,62.9,72.2,40.0,40.0,0,52.35320281982422,52.99049638758471,47.71526680016013,58.252655029296875
201404A,2014,2014-10-26 18:00:00,CRVBND,14.55,62.7,77.0,45.0,45.0,0,53.936744689941406,54.98739427703975,47.71526680016013,49.23668670654297
201404A,2014,2014-10-27 00:00:00,EYE,14.9,62.89,90.0,55.0,55.0,0,61.7335205078125,64.81938259958955,47.71526680016013,56.254730224609375
201404A,2014,2014-10-27 05:00:00,EYE,14.97,62.57,102.0,63.63636363635518,63.63636363635518,0,63.05634307861328,66.4875049584635,47.71526680016013,65.10346984863281
201404A,2014,2014-10-27 12:30:00,EMBC,15.36,62.16,82.2,70.0,70.0,0,60.24385070800781,62.940860449117615,47.71526680016013,62.53709030151367
201404A,2014,2014-10-27 18:30:00,EYE,15.48,62.14,92.4,70.90909090906554,70.90909090906554,0,64.78630828857422,68.66904744988243,47.71526680016013,60.59365463256836
201404A,2014,2014-10-28 01:00:00,EMBC,15.81,61.72,87.4,75.0,75.0,0,51.502174377441406,51.9173217955326,47.71526680016013,60.49312210083008
201404A,2014,2014-10-28 06:00:00,EYE,16.12,61.47,69.8,80.0,80.0,0,77.1963119506836,84.3184663813576,47.71526680016013,76.28208923339844
201404A,2014,2014-10-28 12:00:00,EYE,16.8,61.8,99.6,100.0,100.0,0,98.66221618652344,111.38767097436298,47.71526680016013,73.95709228515625
201404A,2014,2014-10-28 18:30:00,EMBC,17.73,61.45,117.4,110.0,110.0,0,80.84844970703125,88.92393107747579,47.71526680016013,73.17745971679688
201404A,2014,2014-10-29 00:00:00,EMBC,18.56,62.01,109.8,105.0,105.0,0,86.27993774414062,95.77321444824092,47.71526680016013,69.76801300048828
201404A,2014,2014-10-29 12:30:00,EMBC,19.84,62.57,74.6,78.99999999993861,78.99999999993861,0,53.04114532470703,53.858014299166825,47.71526680016013,62.46596145629883
201404A,2014,2014-10-29 18:00:00,CRVBND,19.75,62.8,61.0,70.0,70.0,0,57.19456481933594,59.09561159884043,47.71526680016013,35.583248138427734
201404A,2014,2014-10-30 00:00:00,IRRCDO,19.5,63.79,51.0,60.0,60.0,0,51.94500732421875,52.475748568760515,47.71526680016013,43.81111526489258
201404A,2014,2014-10-30 12:00:00,CRVBND,20.43,64.58,49.0,40.0,40.0,0,50.516807556152344,50.67474213098257,47.71526680016013,43.94758987426758
201404A,2014,2014-10-30 18:00:00,SHEAR,20.72,65.06,35.0,35.0,35.0,0,45.027286529541016,43.75227726976107,47.71526680016013,28.876134872436523
201404A,2014,2014-10-31 00:00:00,SHEAR,21.2,65.5,30.0,25.0,25.0,0,34.21934127807617,30.123106188608308,47.71526680016013,28.54944610595703
201404A,2014,2014-10-31 05:30:00,SHEAR,21.18,65.47,25.0,23.757272727258574,23.757272727258574,0,30.215425491333008,25.074037935356856,47.71526680016013,19.596477508544922
201405B,2014,2014-11-06 05:00:00,EMBC,13.96,87.0,41.0,30.0,30.0,3,44.28298568725586,44.48480950875473,50.69363147943891,56.14705276489258
201405B,2014,2014-11-06 12:00:00,CRVBND,13.86,88.01,49.0,30.0,30.0,3,33.315025329589844,28.999325768792453,50.69363147943891,32.49729919433594
201405B,2014,2014-11-06 18:00:00,CRVBND,13.35,87.7,37.0,30.0,30.0,3,34.6817626953125,30.928999889004253,50.69363147943891,23.90778350830078
201405B,2014,2014-11-07 06:00:00,CRVBND,13.3,87.1,33.0,25.0,25.0,3,29.48344612121582,23.589581787708287,50.69363147943891,31.72879409790039
201405B,2014,2014-11-07 12:00:00,CRVBND,14.27,87.11,33.0,25.0,25.0,3,29.76337432861328,23.98480784274963,50.69363147943891,34.12554931640625
201405B,2014,2014-11-07 18:00:00,SHEAR,14.34,87.12,33.0,25.0,25.0,3,24.155977249145508,16.067815670461336,50.69363147943891,33.62474060058594
201405B,2014,2014-11-08 00:00:00,SHEAR,14.57,86.7,28.0,25.0,25.0,3,24.52977752685547,16.595578165374544,50.69363147943891,28.351276397705078
201405B,2014,2014-11-08 05:30:00,SHEAR,14.6,86.15,25.0,18.6,18.6,3,26.384502410888672,19.214233876846453,50.69363147943891,30.406770706176758
201501A,2015,2015-06-07 09:00:00,CRVBND,15.8,68.4,35.0,25.0,25.0,4,34.08415603637695,26.353439513042005,49.12199992680404,56.025943756103516
201501A,2015,2015-06-07 15:00:00,CRVBND,16.3,68.5,34.0,25.0,25.0,4,35.51227569580078,28.553000268436314,49.12199992680404,24.957429885864258
201501A,2015,2015-06-07 21:00:00,IRRCDO,16.9,68.1,41.0,28.0,28.0,4,43.60512924194336,41.01744814700593,49.12199992680404,36.284645080566406
201501A,2015,2015-06-08 03:00:00,EMBC,18.0,67.5,51.0,35.0,35.0,4,47.61853790283203,47.198818263717214,49.12199992680404,49.859092712402344
201501A,2015,2015-06-08 21:00:00,IRRCDO,19.6,65.5,49.0,35.0,35.0,4,45.44047927856445,43.84421681889157,49.12199992680404,34.11243438720703
201501A,2015,2015-06-09 03:00:00,IRRCDO,20.4,64.8,47.0,35.0,35.0,4,39.60734558105469,34.86014333643075,49.12199992680404,40.92229461669922
201501A,2015,2015-06-09 15:00:00,CRVBND,21.2,62.5,53.0,40.0,40.0,4,43.98767852783203,41.60664275033792,49.12199992680404,51.505950927734375
201501A,2015,2015-06-09 21:00:00,IRRCDO,21.1,62.5,59.0,45.0,45.0,4,45.59197235107422,44.077543357608235,49.12199992680404,49.6214485168457
201501A,2015,2015-06-10 03:00:00,EMBC,21.2,61.6,69.8,45.0,45.0,4,64.45761108398438,73.13401513749923,49.12199992680404,74.41441345214844
201501A,2015,2015-06-10 21:00:00,SHEAR,20.6,61.1,74.6,45.0,45.0,4,36.59540557861328,30.221214810199847,49.12199992680404,34.705535888671875
201501A,2015,2015-06-11 03:00:00,CRVBND,20.6,60.8,55.0,40.0,40.0,4,41.055015563964844,37.089815101089606,49.12199992680404,60.459842681884766
201501A,2015,2015-06-11 09:00:00,EMBC,20.8,60.5,55.0,35.0,35.0,4,61.785003662109375,69.01771972699875,49.12199992680404,79.43911743164062
201501A,2015,2015-06-11 15:00:00,CRVBND,20.8,59.8,55.0,35.0,35.0,4,51.863468170166016,53.73677323394729,49.12199992680404,63.57958221435547
201501A,2015,2015-06-11 21:00:00,CRVBND,20.85,59.83,41.0,28.0,28.0,4,31.143625259399414,21.824494018601865,49.12199992680404,40.489803314208984
201502B,2015,2015-07-29 01:00:00,CRVBND,21.23,91.24,35.0,30.0,30.0,3,33.63157653808594,29.446259239755033,50.69363147943891,38.00659942626953
201502B,2015,2015-07-29 06:00:00,CRVBND,21.41,91.38,35.0,30.0,30.0,3,36.41674041748047,33.37858654228298,50.69363147943891,31.4693546295166
201502B,2015,2015-07-29 12:00:00,CRVBND,21.44,91.46,35.0,30.0,30.0,3,36.716976165771484,33.80248448198207,50.69363147943891,35.03643035888672
201502B,2015,2015-07-29 18:00:00,CRVBND,21.62,91.21,41.0,35.0,35.0,3,33.530601501464844,29.303694237991042,50.69363147943891,33.86497497558594
201502B,2015,2015-07-30 00:00:00,CRVBND,21.96,91.19,41.0,35.0,35.0,3,34.507205963134766,30.682546095437253,50.69363147943891,26.75364875793457
201502B,2015,2015-07-30 06:00:00,CRVBND,22.31,91.05,37.0,40.0,40.0,3,40.2125129699707,38.73777569189538,50.69363147943891,38.89254379272461
201503A,2015,2015-10-09 21:00:00,CRVBND,15.0,69.8,37.0,30.0,30.0,2,29.605167388916016,25.414653281999843,49.540730037703746,36.95194625854492
201503A,2015,2015-10-10 03:30:00,IRRCDO,15.02,69.49,45.0,30.0,30.0,2,30.63785171508789,26.748044687777874,49.540730037703746,50.468021392822266
201503A,2015,2015-10-10 09:00:00,CRVBND,15.0,69.1,47.0,30.0,30.0,2,31.578264236450195,27.962295685969014,49.540730037703746,48.11347579956055
201503A,2015,2015-10-10 15:00:00,CRVBND,15.3,69.4,35.0,30.0,30.0,2,32.87010192871094,29.630303258918183,49.540730037703746,37.002952575683594
201503A,2015,2015-10-10 21:00:00,CRVBND,15.7,69.5,33.0,30.0,30.0,2,34.539772033691406,31.786164166305404,49.540730037703746,27.454315185546875
201503A,2015,2015-10-11 03:00:00,CRVBND,15.9,69.7,32.0,25.0,25.0,2,27.119762420654297,22.205523889242286,49.540730037703746,25.214340209960938
201503A,2015,2015-10-11 09:00:00,CRVBND,16.0,69.3,35.0,25.0,25.0,2,30.002952575683594,25.928269433556906,49.540730037703746,45.516075134277344
201503A,2015,2015-10-11 15:00:00,CRVBND,16.2,69.11,39.0,25.0,25.0,2,29.18386459350586,24.870671435473138,49.540730037703746,36.68649673461914
201503A,2015,2015-10-11 21:00:00,CRVBND,16.4,68.86,34.0,23.0,23.0,2,27.20241928100586,22.312249579202092,49.540730037703746,27.706214904785156
201504A,2015,2015-10-28 20:30:00,EMBC,13.57,64.53,37.0,32.45454545456067,32.45454545456067,2,44.75798797607422,44.97981974396316,49.540730037703746,58.935203552246094
201504A,2015,2015-10-29 03:00:00,CRVBND,13.7,64.0,53.0,40.0,40.0,2,43.25749969482422,43.042404671434596,49.540730037703746,52.06651306152344
201504A,2015,2015-10-29 09:00:00,EMBC,13.85,63.45,65.0,50.0,50.0,2,49.5657958984375,51.18761200132697,49.540730037703746,56.11456298828125
201504A,2015,2015-10-29 15:00:00,EYE,14.25,62.75,77.0,60.0,60.0,2,69.4651870727539,76.8815017017818,49.540730037703746,59.3341178894043
201504A,2015,2015-10-29 21:30:00,EMBC,14.06,62.1,82.2,77.72727272719662,77.72727272719662,2,70.29663848876953,77.95506323877824,49.540730037703746,64.71035766601562
201504A,2015,2015-10-30 03:00:00,EYE,14.15,61.45,109.8,105.0,105.0,2,102.10453796386719,119.02509666629035,49.540730037703746,73.90027618408203
201504A,2015,2015-10-30 15:00:00,EYE,13.86,60.37,124.6,115.0,115.0,2,93.77239990234375,108.26672549571613,49.540730037703746,64.60358428955078
201504A,2015,2015-10-31 03:00:00,EYE,13.85,59.25,102.0,110.0,110.0,2,70.27851104736328,77.93165727243668,49.540730037703746,72.85616302490234
201504A,2015,2015-10-31 09:00:00,EYE,13.9,58.3,104.6,105.0,105.0,2,89.21507263183594,102.38235128589434,49.540730037703746,72.70452880859375
201504A,2015,2015-10-31 15:00:00,EYE,13.65,57.55,112.4,105.0,105.0,2,99.92845153808594,116.21535620172556,49.540730037703746,68.83154296875
201504A,2015,2015-10-31 21:00:00,EYE,13.65,56.75,112.4,105.0,105.0,2,88.46211242675781,101.41013679507721,49.540730037703746,71.49773406982422
201504A,2015,2015-11-01 04:00:00,EYE,13.55,55.92,112.4,103.1818181817759,103.1818181817759,2,98.30778503417969,114.12276824122885,49.540730037703746,76.50921630859375
201504A,2015,2015-11-01 09:00:00,EYE,13.65,55.04,119.8,100.0,100.0,2,105.01409912109375,122.7818921780543,49.540730037703746,73.4210205078125
201504A,2015,2015-11-01 15:00:00,EYE,13.55,54.05,117.4,100.0,100.0,2,111.3616943359375,130.97784198800787,49.540730037703746,66.8726806640625
201504A,2015,2015-11-01 21:00:00,EYE,13.15,53.05,119.8,100.0,100.0,2,112.98097229003906,133.06863706724442,49.540730037703746,60.861785888671875
201504A,2015,2015-11-02 03:00:00,EYE,13.25,52.15,117.4,95.0,95.0,2,100.56118774414062,117.03233869859895,49.540730037703746,63.58079528808594
201504A,2015,2015-11-02 09:00:00,EYE,13.35,50.94,112.4,90.0,90.0,2,96.7087631225586,112.05812755619974,49.540730037703746,63.723209381103516
201504A,2015,2015-11-02 15:00:00,EYE,13.55,50.04,92.4,85.0,85.0,2,92.36273956298828,106.44658652979375,49.540730037703746,57.392005920410156
201504A,2015,2015-11-03 03:30:00,CRVBND,13.47,48.08,72.2,53.18181818186892,53.18181818186892,2,38.17592239379883,36.48112420143717,49.540730037703746,43.20750427246094
201505A,2015,2015-11-05 08:00:00,CRVBND,14.03,64.64,37.0,31.90909090908584,31.90909090908584,0,32.309024810791016,27.714134885923,47.71526680016013,53.656272888183594
201505A,2015,2015-11-05 14:30:00,CRVBND,13.82,63.57,53.0,39.09090909093446,39.09090909093446,0,32.81501388549805,28.352203594074684,47.71526680016013,53.661075592041016
201505A,2015,2015-11-06 09:00:00,CRVBND,13.0,61.4,53.0,45.0,45.0,0,31.97753143310547,27.296110936723853,47.71526680016013,53.32737350463867
201505A,2015,2015-11-06 15:00:00,CRVBND,12.9,60.4,45.0,45.0,45.0,0,41.14413833618164,38.855500886332294,47.71526680016013,47.546627044677734
201505A,2015,2015-11-07 09:00:00,EMBC,12.8,58.7,69.8,55.0,55.0,0,53.80492401123047,54.8211641065139,47.71526680016013,62.537353515625
201505A,2015,2015-11-07 21:00:00,EYE,12.8,56.7,77.0,80.0,80.0,0,49.44221496582031,49.319645864725175,47.71526680016013,44.999759674072266
201505A,2015,2015-11-08 03:00:00,EYE,12.65,55.55,82.2,90.0,90.0,0,66.94579315185547,71.39222821773754,47.71526680016013,61.801151275634766
201505A,2015,2015-11-08 08:00:00,EYE,12.65,54.34,104.6,95.0,95.0,0,73.04793548583984,79.08722850654321,47.71526680016013,52.659671783447266
201505A,2015,2015-11-09 03:30:00,EMBC,12.25,49.84,69.8,80.0,80.0,0,43.395328521728516,41.69432505329151,47.71526680016013,63.78371810913086
201505A,2015,2015-11-09 09:00:00,IRRCDO,12.3,49.1,61.0,75.0,75.0,0,42.44800567626953,40.49972008172256,47.71526680016013,48.569976806640625
201505A,2015,2015-11-09 15:00:00,CRVBND,12.5,47.5,51.0,65.0,65.0,0,37.525299072265625,34.292026674023575,47.71526680016013,42.92543411254883
201505A,2015,2015-11-09 21:00:00,SHEAR,12.9,46.5,35.0,60.0,60.0,0,41.60883712768555,39.441501202141936,47.71526680016013,33.0963020324707
201601B,2016,2016-05-19 15:00:00,IRRCDO,15.7,83.3,57.0,40.0,40.0,4,32.147796630859375,23.371098272509357,49.12199992680404,38.437740325927734
201601B,2016,2016-05-19 21:00:00,CRVBND,16.7,84.0,47.0,40.0,40.0,4,34.858123779296875,27.54548883610405,49.12199992680404,38.67018127441406
201601B,2016,2016-05-20 10:00:00,EMBC,18.93,86.4,57.0,40.0,40.0,4,56.10231018066406,60.265351195243476,49.12199992680404,65.87863159179688
201601B,2016,2016-05-20 15:00:00,CRVBND,19.2,87.6,57.0,40.0,40.0,4,37.538631439208984,31.67395203200685,49.12199992680404,40.78834533691406
201602A,2016,2016-06-27 09:00:00,CRVBND,21.8,64.4,49.0,25.0,25.0,0,32.22820281982422,27.612215722161825,47.71526680016013,50.729087829589844
201602A,2016,2016-06-27 15:00:00,IRRCDO,21.7,63.8,49.0,25.0,25.0,0,35.40550231933594,31.618893906346475,47.71526680016013,29.63864517211914
201602A,2016,2016-06-28 03:00:00,CRVBND,21.2,62.2,37.0,25.0,25.0,0,28.66455841064453,23.118344019904573,47.71526680016013,28.40384864807129
201602A,2016,2016-06-28 09:00:00,CRVBND,20.8,63.4,32.0,25.0,25.0,0,26.94064712524414,20.944435724591226,47.71526680016013,34.32893371582031
201602A,2016,2016-06-28 15:00:00,SHEAR,20.4,63.3,33.0,25.0,25.0,0,24.745201110839844,18.175906773568308,47.71526680016013,20.57117462158203
201602A,2016,2016-06-28 21:00:00,SHEAR,20.3,63.2,33.0,25.0,25.0,0,27.999727249145508,22.279970265288856,47.71526680016013,22.624217987060547
201603B,2016,2016-10-25 04:30:00,EMBC,16.62,90.88,45.0,35.0,35.0,3,57.773765563964844,63.532220842090695,50.69363147943891,76.21228790283203
201603B,2016,2016-10-25 11:30:00,EMBC,16.72,90.36,57.0,35.0,35.0,3,60.14891052246094,66.88564914010028,50.69363147943891,76.96861267089844
201603B,2016,2016-10-25 17:30:00,IRRCDO,16.62,90.09,57.0,35.0,35.0,3,49.88936233520508,52.400360950481186,50.69363147943891,45.68248748779297
201603B,2016,2016-10-26 12:00:00,CRVBND,16.36,86.53,57.0,40.0,40.0,3,52.26156997680664,55.74964209883614,50.69363147943891,60.94623947143555
201603B,2016,2016-10-26 18:00:00,CRVBND,15.64,85.27,49.0,35.0,35.0,3,45.68397903442383,46.46284908857517,50.69363147943891,41.24502944946289
201603B,2016,2016-10-27 00:00:00,IRRCDO,15.68,85.27,41.0,30.0,30.0,3,29.136829376220703,23.100199277780728,50.69363147943891,28.320335388183594
201603B,2016,2016-10-27 04:30:00,CRVBND,15.48,84.55,43.0,30.0,30.0,3,38.806312561035156,36.75238434677808,50.69363147943891,47.9528694152832
201604B,2016,2016-11-30 03:30:00,IRRCDO,8.95,85.23,51.0,35.0,35.0,2,32.88372039794922,29.64788728666216,49.540730037703746,44.03741455078125
201604B,2016,2016-11-30 09:00:00,CRVBND,9.5,84.5,51.0,35.0,35.0,2,31.268970489501953,27.562938773513046,49.540730037703746,39.54280471801758
201604B,2016,2016-11-30 15:00:00,CRVBND,10.1,83.5,37.0,40.0,40.0,2,26.05592155456543,20.831903478814695,49.540730037703746,35.81108093261719
201604B,2016,2016-11-30 21:00:00,SHEAR,10.2,82.3,33.0,40.0,40.0,2,30.24066734313965,26.23520430215069,49.540730037703746,26.55128288269043
201604B,2016,2016-12-01 03:00:00,SHEAR,10.3,81.4,34.0,30.0,30.0,2,26.940494537353516,21.974055037757562,49.540730037703746,28.81015396118164
201604B,2016,2016-12-01 09:00:00,SHEAR,10.4,80.9,25.0,30.0,30.0,2,32.678627014160156,29.383072813937456,49.540730037703746,27.15005111694336
201604B,2016,2016-12-01 15:00:00,SHEAR,10.6,80.4,25.0,28.0,28.0,2,28.677104949951172,24.216348583478485,49.540730037703746,24.223159790039062
201604B,2016,2016-12-01 21:00:00,SHEAR,10.75,79.7,25.0,25.0,25.0,2,25.279199600219727,19.82900806115799,49.540730037703746,24.595632553100586
201605B,2016,2016-12-07 15:00:00,CRVBND,10.9,91.7,39.0,28.0,28.0,4,38.38335418701172,32.974976769671585,49.12199992680404,69.61336517333984
201605B,2016,2016-12-07 20:30:00,IRRCDO,11.17,92.0,51.0,32.45454545456067,32.45454545456067,4,43.339508056640625,40.60834381801089,49.12199992680404,65.94577026367188
201605B,2016,2016-12-08 03:30:00,CRVBND,11.63,92.1,55.0,35.0,35.0,4,34.319419860839844,26.715788054382948,49.12199992680404,60.975242614746094
201605B,2016,2016-12-08 09:00:00,CRVBND,11.4,91.9,53.0,35.0,35.0,4,38.44086837768555,33.06355895243872,49.12199992680404,40.54489517211914
201605B,2016,2016-12-08 15:00:00,CRVBND,11.7,91.6,41.0,40.0,40.0,4,35.694297790527344,28.83334698415672,49.12199992680404,23.541494369506836
201605B,2016,2016-12-08 20:30:00,IRRCDO,11.88,91.33,53.0,40.0,40.0,4,53.517433166503906,56.284176368365635,49.12199992680404,39.006893157958984
201605B,2016,2016-12-09 09:00:00,IRRCDO,11.9,90.5,49.0,45.0,45.0,4,39.230342864990234,34.27949144675157,49.12199992680404,39.040714263916016
201605B,2016,2016-12-10 02:30:00,EMBC,12.82,87.52,65.0,55.0,55.0,4,56.18844985961914,60.39802177089279,49.12199992680404,77.67898559570312
201605B,2016,2016-12-10 15:00:00,EMBC,13.3,85.8,63.0,65.0,65.0,4,63.17364501953125,71.15647680729477,49.12199992680404,72.63044738769531
201605B,2016,2016-12-10 21:00:00,EMBC,13.35,83.72,63.0,65.0,65.0,4,47.86911392211914,47.58475033504604,49.12199992680404,67.21388244628906
201605B,2016,2016-12-11 21:00:00,EYE,13.2,82.0,74.6,70.0,70.0,4,73.48167419433594,87.03269298340105,49.12199992680404,71.7425537109375
201605B,2016,2016-12-12 04:00:00,EYE,13.25,80.82,67.4,70.0,70.0,4,53.54672622680664,56.329292942051964,49.12199992680404,67.66759490966797
201701B,2017,2017-04-15 21:10:00,IRRCDO,15.83,91.72,53.0,40.0,40.0,3,36.957237243652344,34.14170516600555,50.69363147943891,47.04823303222656
201701B,2017,2017-04-16 03:00:00,IRRCDO,16.8,92.7,51.0,40.0,40.0,3,37.36116409301758,34.71200287442201,50.69363147943891,49.90312194824219
201701B,2017,2017-04-16 09:10:00,IRRCDO,17.33,93.13,53.0,40.0,40.0,3,35.95954895019531,32.733085391492864,50.69363147943891,59.74470520019531
201701B,2017,2017-04-16 15:40:00,IRRCDO,18.61,93.99,53.0,40.0,40.0,3,35.608680725097656,32.237700286383365,50.69363147943891,43.44412612915039
201702B,2017,2017-05-28 07:00:00,EMBC,14.68,89.54,45.0,26.36363636361945,26.36363636361945,2,37.1155891418457,35.11203278639069,49.540730037703746,79.4654312133789
201702B,2017,2017-05-28 12:10:00,IRRCDO,15.41,90.82,49.0,30.454545454570823,30.454545454570823,2,44.331764221191406,44.42948400505838,49.540730037703746,44.62476348876953
201702B,2017,2017-05-28 18:10:00,IRRCDO,16.62,91.44,49.0,35.45454545457082,35.45454545457082,2,45.3225212097168,45.708739262675614,49.540730037703746,55.02024841308594
201702B,2017,2017-05-29 00:10:00,IRRCDO,17.11,91.05,51.0,45.0,45.0,2,46.08315658569336,46.690863855403364,49.540730037703746,67.35987854003906
201702B,2017,2017-05-29 13:10:00,IRRCDO,19.08,91.58,57.0,51.8181818182241,51.8181818182241,2,57.026573181152344,60.82089107516877,49.540730037703746,42.2706184387207
201702B,2017,2017-05-29 22:40:00,EYE,20.74,91.84,69.8,60.0,60.0,2,77.11259460449219,86.75575583818559,49.540730037703746,60.98386001586914
201703B,2017,2017-11-30 03:00:00,EMBC,7.7,76.9,51.0,35.0,35.0,3,50.594139099121094,53.395423729888165,50.69363147943891,73.51231384277344
201703A,2017,2017-11-30 08:30:00,EMBC,7.97,76.27,55.0,44.09090909093446,44.09090909093446,1,50.48747253417969,48.749524151743074,48.893103305784514,59.88302230834961
201703B,2017,2017-11-30 14:30:00,EYE,8.42,74.91,72.2,45.0,45.0,3,45.61262512207031,46.362105667419314,50.69363147943891,66.06968688964844
201703B,2017,2017-11-30 21:00:00,EMBC,8.7,74.3,79.6,45.0,45.0,3,38.939002990722656,36.93972779299488,50.69363147943891,71.65914154052734
201703B,2017,2017-12-01 03:00:00,EYE,8.9,73.8,84.8,55.0,55.0,3,40.31455993652344,38.88185413398788,50.69363147943891,62.050323486328125
201703B,2017,2017-12-01 09:30:00,EMBC,8.79,72.28,90.0,65.0,65.0,3,41.78440856933594,40.95710936480341,50.69363147943891,56.60265350341797
201703B,2017,2017-12-01 15:30:00,EYE,9.14,72.25,90.0,65.90909090906554,65.90909090906554,3,53.39552688598633,57.35065730187218,50.69363147943891,59.05207824707031
201703B,2017,2017-12-01 22:00:00,EYE,9.31,71.67,90.0,76.50000000002046,76.50000000002046,3,57.605552673339844,63.29472381459599,50.69363147943891,63.01249694824219
201703B,2017,2017-12-02 03:00:00,EYE,9.45,71.45,107.2,80.0,80.0,3,60.94438552856445,68.00876728338866,50.69363147943891,65.00900268554688
201703B,2017,2017-12-02 09:00:00,EYE,10.25,70.65,107.2,85.0,85.0,3,67.63664245605469,77.45745532153116,50.69363147943891,64.43787384033203
201703B,2017,2017-12-03 04:00:00,IRRCDO,12.22,69.04,67.4,78.50000000001023,78.50000000001023,3,52.265342712402344,55.754968762483465,50.69363147943891,69.43637084960938
201703B,2017,2017-12-03 14:30:00,EMBC,13.05,68.7,72.2,75.0,75.0,3,72.0260238647461,83.65475110089409,50.69363147943891,81.37088775634766
201703B,2017,2017-12-03 21:00:00,EMBC,14.0,68.7,79.6,75.0,75.0,3,60.69892120361328,67.66220021997697,50.69363147943891,75.39474487304688
201703B,2017,2017-12-04 04:00:00,EMBC,14.72,68.95,79.6,65.0,65.0,3,51.19298553466797,54.24092521220469,50.69363147943891,73.16934204101562
201703B,2017,2017-12-05 09:00:00,SHEAR,18.7,70.8,82.2,30.0,30.0,3,30.269123077392578,24.698866224648693,50.69363147943891,33.56892395019531
201703B,2017,2017-12-05 17:00:00,SHEAR,20.03,71.41,47.0,21.499999999989768,21.499999999989768,3,28.192298889160156,21.76663214019971,50.69363147943891,27.02364730834961
201704B,2017,2017-12-08 21:00:00,CRVBND,18.7,86.9,41.0,25.0,25.0,0,32.850135803222656,28.396493476585146,47.71526680016013,42.42155838012695
201704B,2017,2017-12-09 03:00:00,CRVBND,19.7,87.0,37.0,25.0,25.0,0,30.497507095336914,25.429752028125243,47.71526680016013,39.66345977783203
201704B,2017,2017-12-09 09:00:00,SHEAR,19.1,86.9,32.0,27.9,27.9,0,24.52622413635254,17.89976967454699,47.71526680016013,31.105117797851562
201704B,2017,2017-12-09 15:00:00,SHEAR,19.7,87.2,27.0,26.040000000000003,26.040000000000003,0,26.20836067199707,20.02099864941154,47.71526680016013,27.59617805480957
201704B,2017,2017-12-09 21:00:00,SHEAR,20.31,87.63,25.0,23.25,23.25,0,28.83805274963379,23.33712603375458,47.71526680016013,28.004398345947266
201704B,2017,2017-12-10 03:45:00,SHEAR,21.04,88.26,25.0,20.62909090908619,20.62909090908619,0,32.051631927490234,27.38955407431109,47.71526680016013,28.178789138793945
201801A,2018,2018-05-17 00:00:00,CRVBND,13.21,49.1,37.0,30.0,30.0,2,35.52241516113281,33.05494288974576,49.540730037703746,42.906375885009766
201801A,2018,2018-05-17 11:00:00,IRRCDO,13.05,48.47,49.0,38.1818181817759,38.1818181817759,2,54.37712860107422,57.399955418812745,49.540730037703746,52.18597412109375
201801A,2018,2018-05-17 18:00:00,CRVBND,12.7,47.54,47.0,40.0,40.0,2,31.397642135620117,27.729078282705828,49.540730037703746,50.80864715576172
201801A,2018,2018-05-18 00:00:00,EMBC,12.28,46.59,41.0,45.0,45.0,2,36.38488006591797,34.16854872521798,49.540730037703746,62.42197036743164
201801A,2018,2018-05-18 18:00:00,IRRCDO,11.3,45.1,67.4,45.0,45.0,2,42.08761978149414,41.5318677312554,49.540730037703746,46.53889846801758
201802A,2018,2018-05-22 06:00:00,CRVBND,9.37,56.87,35.0,30.0,30.0,1,37.229759216308594,30.520942041705545,48.893103305784514,39.785499572753906
201802A,2018,2018-05-22 12:00:00,CRVBND,10.02,56.99,34.0,35.0,35.0,1,40.089839935302734,34.45338611991946,48.893103305784514,46.801021575927734
201802A,2018,2018-05-23 19:00:00,EMBC,12.67,55.8,77.0,70.0,70.0,1,66.55682373046875,70.84394426126028,48.893103305784514,64.20014190673828
201802A,2018,2018-05-24 12:30:00,EMBC,14.35,55.26,77.0,80.0,80.0,1,75.47689819335938,83.10852608437672,48.893103305784514,56.328712463378906
201802A,2018,2018-05-24 16:45:00,EYE,14.8,54.78,69.8,80.0,80.0,1,72.28650665283203,78.72192390304289,48.893103305784514,62.93619918823242
201802A,2018,2018-05-24 23:00:00,EMBC,15.34,54.51,63.0,83.1818181817759,83.1818181817759,1,80.25506591796875,89.67822785837461,48.893103305784514,60.812408447265625
201802A,2018,2018-05-25 19:00:00,EYE,16.81,53.77,99.6,93.63636363635518,93.63636363635518,1,87.64323425292969,99.83652815553633,48.893103305784514,72.25308227539062
201804B,2018,2018-09-20 18:15:00,CRVBND,19.14,85.3,35.0,35.0,35.0,4,34.420928955078125,26.87213028980335,49.12199992680404,21.401399612426758
201805A,2018,2018-10-08 06:00:00,CRVBND,12.76,61.73,45.0,40.0,40.0,2,33.515052795410156,30.463057200283515,49.540730037703746,63.01414489746094
201805A,2018,2018-10-08 12:00:00,CRVBND,12.53,61.05,47.0,45.0,45.0,2,37.96814727783203,36.21284710364131,49.540730037703746,56.24911117553711
201805A,2018,2018-10-08 23:00:00,EMBC,12.67,60.87,53.0,45.0,45.0,2,55.831764221191406,59.27816600577196,49.540730037703746,69.6683349609375
201805A,2018,2018-10-09 06:30:00,CRVBND,13.12,60.17,59.0,45.90909090906554,45.90909090906554,2,46.25065612792969,46.90713754565835,49.540730037703746,69.48604583740234
201805A,2018,2018-10-09 12:00:00,EMBC,13.43,59.67,53.0,55.0,55.0,2,50.348297119140625,52.19796954840444,49.540730037703746,66.31071472167969
201805A,2018,2018-10-09 17:30:00,CRVBND,13.59,59.33,59.0,55.0,55.0,2,58.22770690917969,62.37178262019569,49.540730037703746,59.406700134277344
201805A,2018,2018-10-10 05:30:00,EYE,14.26,58.94,77.0,73.18181818186892,73.18181818186892,2,67.20648193359375,73.96508480223687,49.540730037703746,62.118988037109375
201806B,2018,2018-10-10 06:00:00,EMBC,16.87,85.72,59.0,70.0,70.0,0,77.39319610595703,84.56674371557393,47.71526680016013,64.1517105102539
201805A,2018,2018-10-10 12:00:00,CRVBND,14.39,58.69,87.4,75.0,75.0,2,74.6824951171875,83.61803631496086,49.540730037703746,59.927947998046875
201806B,2018,2018-10-10 12:00:00,EYE,17.75,85.61,97.2,80.0,80.0,0,95.30229187011719,107.15069694622201,47.71526680016013,56.080902099609375
201805A,2018,2018-10-10 18:00:00,EYE,14.47,58.46,87.4,75.0,75.0,2,70.88761138916016,78.71812138390344,49.540730037703746,52.27537536621094
201806B,2018,2018-10-10 17:15:00,EMBC,18.14,85.19,97.2,80.0,80.0,0,86.30097198486328,95.79973931108036,47.71526680016013,69.03652954101562
201805A,2018,2018-10-10 23:45:00,CRVBND,14.54,58.1,84.8,75.0,75.0,2,39.44346237182617,38.11775881508234,49.540730037703746,45.2231330871582
201806B,2018,2018-10-10 23:15:00,EMBC,19.0,85.0,84.8,80.0,80.0,0,105.29676818847656,119.754057200197,47.71526680016013,70.60371398925781
201805A,2018,2018-10-11 05:45:00,CRVBND,14.52,57.9,67.4,70.0,70.0,2,55.381778717041016,58.697149340027615,49.540730037703746,51.09325408935547
201805A,2018,2018-10-11 12:15:00,CRVBND,14.37,57.91,51.0,70.0,70.0,2,47.67515182495117,48.74643177317634,49.540730037703746,51.9876708984375
201805A,2018,2018-10-11 18:15:00,CRVBND,14.53,57.67,41.0,69.54545454542072,69.54545454542072,2,55.960060119628906,59.443820353414935,49.540730037703746,45.250518798828125
201805A,2018,2018-10-11 23:45:00,CRVBND,14.53,57.58,33.0,60.45454545457082,60.45454545457082,2,40.32865524291992,39.26071076744493,49.540730037703746,45.97012710571289
201805A,2018,2018-10-12 06:15:00,CRVBND,14.63,57.2,32.0,50.0,50.0,2,49.83430480957031,51.534307952263404,49.540730037703746,48.24864196777344
201805A,2018,2018-10-12 12:00:00,CRVBND,14.6,56.99,33.0,50.0,50.0,2,41.94582748413086,41.348786971803406,49.540730037703746,50.250831604003906
201805A,2018,2018-10-12 18:15:00,CRVBND,14.85,56.16,33.0,45.0,45.0,2,38.50477600097656,36.9057366047215,49.540730037703746,38.37298583984375
201805A,2018,2018-10-13 00:15:00,SHEAR,14.57,55.76,31.0,44.54545454542918,44.54545454542918,2,37.33661651611328,35.397421064125645,49.540730037703746,39.34867858886719
201805A,2018,2018-10-13 06:15:00,CRVBND,14.6,54.9,33.0,40.0,40.0,2,30.48302459716797,26.548133501770927,49.540730037703746,42.51682662963867
201805A,2018,2018-10-13 12:00:00,CRVBND,14.79,54.31,33.0,40.0,40.0,2,33.505062103271484,30.45015732110663,49.540730037703746,46.641845703125
201805A,2018,2018-10-13 18:15:00,CRVBND,15.06,53.55,32.0,40.0,40.0,2,43.379066467285156,43.1993704406629,49.540730037703746,40.0347900390625
201805A,2018,2018-10-14 00:00:00,CRVBND,15.2,52.9,34.0,40.0,40.0,2,39.12560272216797,37.707341696940354,49.540730037703746,37.48389434814453
201807B,2018,2018-11-10 20:45:00,IRRCDO,13.2,89.21,37.0,32.72727272725751,32.72727272725751,3,28.072324752807617,21.59724262044231,50.69363147943891,40.47394943237305
201807B,2018,2018-11-11 03:15:00,CRVBND,13.41,88.98,47.0,35.454545454486265,35.454545454486265,3,29.40474510192871,23.478465106507194,50.69363147943891,46.09123611450195
201807B,2018,2018-11-11 09:15:00,CRVBND,13.41,88.38,45.0,40.0,40.0,3,30.739423751831055,25.36287605048837,50.69363147943891,42.46546173095703
201807B,2018,2018-11-11 15:15:00,CRVBND,13.4,87.28,45.0,40.0,40.0,3,28.567869186401367,22.29689369672299,50.69363147943891,41.903106689453125
201807B,2018,2018-11-11 20:45:00,IRRCDO,12.9,86.72,41.0,40.0,40.0,3,27.145004272460938,20.287974009701422,50.69363147943891,49.877750396728516
201807B,2018,2018-11-12 02:45:00,CRVBND,12.4,86.91,45.0,40.0,40.0,3,28.42715835571289,22.09822637758557,50.69363147943891,34.46575164794922
201807B,2018,2018-11-12 08:45:00,CRVBND,12.2,87.21,49.0,40.0,40.0,3,27.410438537597656,20.662736304856015,50.69363147943891,25.791915893554688
201807B,2018,2018-11-12 15:15:00,CRVBND,12.6,87.49,39.0,40.45454545457082,40.45454545457082,3,28.62972068786621,22.384220819450654,50.69363147943891,35.892818450927734
201807B,2018,2018-11-12 21:15:00,CRVBND,13.2,87.59,35.0,44.54545454542072,44.54545454542072,3,26.99527359008789,20.07657170957908,50.69363147943891,48.78086853027344
201807B,2018,2018-11-13 03:15:00,CRVBND,13.7,87.18,45.0,40.0,40.0,3,29.170120239257812,23.147202102502842,50.69363147943891,55.76693344116211
201807B,2018,2018-11-13 09:15:00,CRVBND,13.79,86.07,45.0,40.0,40.0,3,32.98784637451172,28.53738715635218,50.69363147943891,58.27537536621094
201807B,2018,2018-11-13 15:15:00,EYE,13.39,85.58,53.0,40.0,40.0,3,31.387229919433594,26.277502977275617,50.69363147943891,53.02188491821289
201807B,2018,2018-11-14 09:00:00,EMBC,12.6,84.5,53.0,45.0,45.0,3,37.87605285644531,35.43896589342823,50.69363147943891,66.94270324707031
201807B,2018,2018-11-14 15:45:00,EMBC,12.05,83.51,55.0,45.0,45.0,3,37.062068939208984,34.289715321406995,50.69363147943891,55.327911376953125
201807B,2018,2018-11-15 08:45:00,EMBC,11.21,81.64,72.2,55.0,55.0,3,39.83816146850586,38.209234933183346,50.69363147943891,69.78546142578125
201807B,2018,2018-11-15 15:45:00,EMBC,10.77,80.57,79.6,65.99999999997954,65.99999999997954,3,63.634010314941406,71.80620450396802,50.69363147943891,69.18363952636719
201807B,2018,2018-11-16 19:45:00,CRVBND,9.7,74.99,49.0,26.636363636373783,26.636363636373783,3,33.431480407714844,29.16374678782725,50.69363147943891,61.27405548095703
201807B,2018,2018-11-17 03:15:00,CRVBND,10.11,73.65,53.0,30.0,30.0,3,38.497169494628906,36.31591031039902,50.69363147943891,65.25591278076172
201807B,2018,2018-11-17 10:15:00,CRVBND,9.83,71.96,55.0,30.0,30.0,3,46.10353469848633,47.05521286469949,50.69363147943891,71.29572296142578
201807B,2018,2018-11-17 13:45:00,CRVBND,10.06,71.31,55.0,30.0,30.0,3,36.95880889892578,34.14392416036621,50.69363147943891,48.67580032348633
201807B,2018,2018-11-18 09:15:00,CRVBND,10.61,68.36,57.0,30.0,30.0,3,41.343719482421875,40.33490765480026,50.69363147943891,72.11524963378906
201807B,2018,2018-11-18 15:15:00,SHEAR,11.01,67.97,51.0,30.0,30.0,3,36.30668640136719,33.22320307795011,50.69363147943891,43.02267837524414
201807B,2018,2018-11-18 21:15:00,SHEAR,10.61,67.37,39.0,30.0,30.0,3,29.795326232910156,24.029920213538265,50.69363147943891,34.13119125366211
201807B,2018,2018-11-19 03:15:00,SHEAR,10.75,66.51,31.0,29.545454545429177,29.545454545429177,3,30.53803062438965,25.07853238962218,50.69363147943891,32.13825225830078
201807B,2018,2018-11-19 09:15:00,CRVBND,10.85,65.59,34.0,25.0,25.0,3,29.919130325317383,24.204717185572623,50.69363147943891,54.854164123535156
201808B,2018,2018-12-15 15:15:00,IRRCDO,10.83,84.88,45.0,35.0,35.0,4,46.319007873535156,45.19730863247872,49.12199992680404,43.253726959228516
201808B,2018,2018-12-16 21:00:00,EMBC,14.7,82.1,77.0,55.0,55.0,4,54.871192932128906,58.369209532814814,49.12199992680404,64.77466583251953
201808B,2018,2018-12-17 09:15:00,CRVBND,16.63,82.3,61.0,39.090909090858354,39.090909090858354,4,41.51971435546875,37.8055346965215,49.12199992680404,43.07120895385742
201901B,2019,2019-04-27 14:45:00,IRRCDO,6.67,89.32,55.0,45.0,45.0,0,44.20134735107422,42.71074105690646,47.71526680016013,34.85855484008789
201901B,2019,2019-04-27 21:15:00,CRVBND,7.83,88.58,49.0,45.0,45.0,0,33.13078689575195,28.75040364777849,47.71526680016013,37.669036865234375
201901B,2019,2019-04-28 02:45:00,CRVBND,7.38,87.92,37.0,45.0,45.0,0,31.563671112060547,26.774219588462483,47.71526680016013,42.349971771240234
201901B,2019,2019-04-28 09:15:00,EMBC,7.82,87.38,49.0,45.0,45.0,0,29.834636688232422,24.59385084868172,47.71526680016013,56.28794860839844
201901B,2019,2019-04-28 15:15:00,CRVBND,8.82,86.68,51.0,45.0,45.0,0,32.57914352416992,28.054763383866494,47.71526680016013,42.8416748046875
201901B,2019,2019-04-29 22:15:00,EMBC,11.63,86.84,72.2,67.27272727271036,67.27272727271036,0,51.56008529663086,51.99034935134789,47.71526680016013,59.81964111328125
201901B,2019,2019-04-30 08:45:00,EMBC,12.88,85.53,84.8,84.4999999999693,84.4999999999693,0,66.84440612792969,71.26437587741354,47.71526680016013,57.641822814941406
201901B,2019,2019-04-30 20:15:00,EMBC,13.61,84.14,90.0,95.0,95.0,0,58.2012939453125,60.365129825577775,47.71526680016013,56.93433380126953
201901B,2019,2019-05-01 04:15:00,EMBC,14.11,83.79,90.0,95.0,95.0,0,62.567108154296875,65.87056377979873,47.71526680016013,61.41078567504883
201901B,2019,2019-05-01 09:15:00,EYE,14.69,84.18,90.0,95.45454545457082,95.45454545457082,0,81.10076904296875,89.2421139805682,47.71526680016013,64.90744018554688
201901B,2019,2019-05-01 15:15:00,EYE,15.22,84.15,97.2,100.0,100.0,0,99.03292846679688,111.85515123746352,47.71526680016013,57.158145904541016
201901B,2019,2019-05-02 03:45:00,EMBC,16.28,84.62,90.0,105.99999999995909,105.99999999995909,0,77.26910400390625,84.41025953201085,47.71526680016013,71.82659912109375
201901B,2019,2019-05-02 09:15:00,EYE,17.13,85.01,107.2,115.0,115.0,0,94.33853149414062,105.93536371314143,47.71526680016013,76.78825378417969
201901B,2019,2019-05-02 14:45:00,EYE,17.79,85.0,122.2,115.0,115.0,0,105.11361694335938,119.52309751310106,47.71526680016013,76.70380401611328
201901B,2019,2019-05-02 21:15:00,EYE,18.78,85.32,132.2,114.09090909084144,114.09090909084144,0,102.91797637939453,116.75432322874394,47.71526680016013,72.7236328125
201902A,2019,2019-06-10 14:45:00,IRRCDO,13.68,70.8,37.0,32.699999999981586,32.699999999981586,2,32.73448181152344,29.4551919551776,49.540730037703746,29.179744720458984
201902A,2019,2019-06-10 20:45:00,CRVBND,14.17,70.7,47.0,35.0,35.0,2,34.62084197998047,31.890840849110727,49.540730037703746,36.78845977783203
201902A,2019,2019-06-11 03:45:00,IRRCDO,15.19,70.6,61.0,41.00000000006139,41.00000000006139,2,34.35974884033203,31.553720066223114,49.540730037703746,44.8860969543457
201902A,2019,2019-06-11 09:15:00,EMBC,15.63,70.9,72.2,45.909090909141646,45.909090909141646,2,36.317588806152344,34.081662941071265,49.540730037703746,67.88945007324219
201902A,2019,2019-06-11 14:45:00,EYE,16.72,70.9,79.6,59.545454545513735,59.545454545513735,2,55.5255126953125,58.882737177945074,49.540730037703746,58.18974685668945
201902A,2019,2019-06-11 20:45:00,IRRCDO,17.47,70.7,84.8,69.50000000006139,69.50000000006139,2,56.41762924194336,60.03462890911867,49.540730037703746,54.86468505859375
201902A,2019,2019-06-12 10:15:00,EMBC,18.83,69.99,74.6,80.0,80.0,2,72.12263488769531,80.31277105287364,49.540730037703746,60.152042388916016
201902A,2019,2019-06-12 16:15:00,IRRCDO,19.52,69.68,65.0,80.0,80.0,2,61.61400604248047,66.74413731495007,49.540730037703746,43.11062240600586
201902A,2019,2019-06-13 08:15:00,EYE,20.69,69.29,67.4,80.0,80.0,2,79.39457702636719,89.70222812632821,49.540730037703746,65.1980972290039
201902A,2019,2019-06-13 15:15:00,EYE,20.81,68.97,77.0,80.0,80.0,2,84.29829406738281,96.03385725359092,49.540730037703746,60.45469284057617
201902A,2019,2019-06-14 01:45:00,EMBC,20.94,68.42,92.4,77.27272727271036,77.27272727271036,2,66.2224349975586,72.69449349554448,49.540730037703746,59.70526123046875
201902A,2019,2019-06-14 09:15:00,EYE,20.55,68.39,79.6,74.54545454542918,74.54545454542918,2,57.40586471557617,61.31062841257938,49.540730037703746,66.00924682617188
201902A,2019,2019-06-14 14:45:00,CRVBND,20.75,68.21,79.6,70.0,70.0,2,60.12277603149414,64.81867642598861,49.540730037703746,53.72060775756836
201902A,2019,2019-06-15 03:15:00,EYE,20.78,66.98,82.2,65.0,65.0,2,75.66638946533203,84.88843060173456,49.540730037703746,78.00688171386719
201902A,2019,2019-06-15 07:45:00,EYE,20.59,67.08,77.0,65.0,65.0,2,67.71897888183594,74.62681560317465,49.540730037703746,71.40587615966797
201902A,2019,2019-06-15 15:15:00,CRVBND,20.81,66.29,74.6,65.0,65.0,2,70.29619598388672,77.95449188101401,49.540730037703746,50.15726089477539
201902A,2019,2019-06-15 20:45:00,IRRCDO,20.7,65.81,61.0,65.0,65.0,2,57.191959381103516,61.03443603954975,49.540730037703746,45.96971893310547
201902A,2019,2019-06-16 03:15:00,CRVBND,21.21,65.3,45.0,55.0,55.0,2,57.32589340209961,61.2073702731887,49.540730037703746,47.89237976074219
201902A,2019,2019-06-16 08:15:00,IRRCDO,20.76,65.75,43.0,55.0,55.0,2,69.7418441772461,77.23871851637682,49.540730037703746,47.94407653808594
201902A,2019,2019-06-16 14:45:00,SHEAR,20.68,65.48,39.0,45.45454545457928,45.45454545457928,2,36.425045013427734,34.22040929331779,49.540730037703746,32.50897216796875
201902A,2019,2019-06-16 21:15:00,SHEAR,21.01,66.42,39.0,39.54545454542918,39.54545454542918,2,30.426244735717773,26.47481992727366,49.540730037703746,28.721654891967773
201902A,2019,2019-06-17 03:15:00,SHEAR,22.12,67.12,29.0,30.0,30.0,2,28.609506607055664,24.12906629674539,49.540730037703746,31.794719696044922
201902A,2019,2019-06-17 09:15:00,SHEAR,22.67,67.67,25.0,25.0,25.0,2,28.559661865234375,24.064707277553044,49.540730037703746,30.820459365844727
201903A,2019,2019-09-23 03:45:00,EMBC,20.3,65.28,47.0,41.36363636361945,41.36363636361945,1,46.312599182128906,43.00931693257795,48.893103305784514,59.11845779418945
201903A,2019,2019-09-23 09:15:00,CRVBND,20.2,63.95,72.2,55.0,55.0,1,59.07269287109375,60.55370109327103,48.893103305784514,50.222198486328125
201903A,2019,2019-09-23 14:45:00,EMBC,20.2,62.95,77.0,55.0,55.0,1,78.55738830566406,87.34402021560159,48.893103305784514,49.6764030456543
201903A,2019,2019-09-24 01:45:00,EYE,20.13,60.58,84.8,72.7272727272389,72.7272727272389,1,64.08657836914062,67.44750104957829,48.893103305784514,53.4731330871582
201903A,2019,2019-09-24 14:15:00,EMBC,19.9,57.95,67.4,64.09090909093446,64.09090909093446,1,61.70116424560547,64.16769583922651,48.893103305784514,52.33004379272461
201904A,2019,2019-10-25 12:45:00,EMBC,16.13,71.66,63.0,51.36363636361945,51.36363636361945,1,61.4009895324707,63.754973126452334,48.893103305784514,63.054840087890625
201904A,2019,2019-10-25 16:45:00,EMBC,16.47,71.75,67.4,55.0,55.0,1,59.497188568115234,61.137357903686684,48.893103305784514,71.49122619628906
201904A,2019,2019-10-25 22:45:00,EMBC,16.57,71.04,74.6,62.72727272733192,62.72727272733192,1,67.97924041748047,72.79968419560697,48.893103305784514,72.99382019042969
201904A,2019,2019-10-26 07:15:00,EMBC,16.9,70.04,84.8,77.27272727271036,77.27272727271036,1,72.17170715332031,78.56408129075622,48.893103305784514,59.851104736328125
201904A,2019,2019-10-26 12:15:00,EYE,16.75,69.49,84.8,85.45454545448627,85.45454545448627,1,83.59678649902344,94.27289863907748,48.893103305784514,67.03933715820312
201904A,2019,2019-10-26 18:15:00,EYE,16.95,68.86,115.0,105.45454545457928,105.45454545457928,1,95.44241333007812,110.5599442371805,48.893103305784514,67.77452087402344
201904A,2019,2019-10-27 00:15:00,EYE,17.13,68.22,132.2,120.45454545448628,120.45454545448628,1,101.67730712890625,119.13255935068581,48.893103305784514,69.20553588867188
201904A,2019,2019-10-27 06:15:00,EYE,17.31,67.39,140.0,125.0,125.0,1,106.12860107421875,125.25282875405765,48.893103305784514,66.89767456054688
201904A,2019,2019-10-27 11:45:00,EYE,17.56,66.88,129.6,130.0,130.0,1,113.21624755859375,134.9979290447083,48.893103305784514,64.83082580566406
201904A,2019,2019-10-27 18:15:00,EYE,18.0,66.17,129.6,129.54545454542918,129.54545454542918,1,105.49781799316406,124.38553882924623,48.893103305784514,62.3785285949707
201904A,2019,2019-10-28 00:15:00,EYE,18.29,65.44,127.0,125.0,125.0,1,91.43290710449219,105.04710716630497,48.893103305784514,66.28572082519531
201904A,2019,2019-10-28 06:15:00,EYE,18.38,64.81,129.6,125.0,125.0,1,108.47213745117188,128.47505450678722,48.893103305784514,69.35101318359375
201904A,2019,2019-10-28 12:15:00,EYE,18.61,64.41,127.0,125.0,125.0,1,107.54547119140625,127.20094247858628,48.893103305784514,66.87896728515625
201904A,2019,2019-10-28 17:45:00,EYE,18.82,64.01,122.2,125.0,125.0,1,104.53379821777344,123.06006789696106,48.893103305784514,63.229549407958984
201904A,2019,2019-10-29 06:15:00,EYE,19.36,63.27,109.8,109.54545454551372,109.54545454551372,1,83.98167419433594,94.80209675861215,48.893103305784514,69.77302551269531
201904A,2019,2019-10-29 11:45:00,EYE,19.45,63.01,112.4,100.45454545457082,100.45454545457082,1,91.1388931274414,104.64285510611414,48.893103305784514,70.54727172851562
201904A,2019,2019-10-29 17:45:00,EMBC,19.53,62.82,97.2,95.45454545448628,95.45454545448628,1,64.9500961303711,68.63478757755347,48.893103305784514,69.38703918457031
201904A,2019,2019-10-29 23:15:00,EMBC,19.61,62.51,90.0,86.36363636364482,86.36363636364482,1,59.950782775878906,61.76102346822351,48.893103305784514,65.38973236083984
201904A,2019,2019-10-30 12:15:00,CRVBND,19.0,61.41,59.0,64.54545454542918,64.54545454542918,1,39.857662200927734,34.13415528472918,48.893103305784514,53.384376525878906
201905A,2019,2019-10-30 12:15:00,CRVBND,9.85,74.2,39.0,35.45454545457082,35.45454545457082,0,33.704551696777344,29.473939754926956,47.71526680016013,38.94050598144531
201904A,2019,2019-10-30 18:15:00,SHEAR,18.54,60.89,45.0,55.0,55.0,1,33.981300354003906,26.054500681657437,48.893103305784514,32.967594146728516
201905A,2019,2019-10-30 18:15:00,CRVBND,10.91,73.44,39.0,40.0,40.0,0,32.97562026977539,28.554733477147938,47.71526680016013,36.99437713623047
201904A,2019,2019-10-30 23:45:00,CRVBND,18.14,60.49,35.0,50.45454545457082,50.45454545457082,1,34.50324249267578,26.772140662501183,48.893103305784514,36.81426239013672
201904A,2019,2019-10-31 05:45:00,SHEAR,17.85,60.12,33.0,40.45454545457928,40.45454545457928,1,33.492130279541016,25.381920376568154,48.893103305784514,34.90099334716797
201904A,2019,2019-10-31 11:45:00,SHEAR,17.33,59.52,35.0,35.45454545457082,35.45454545457082,1,34.1575927734375,26.2968924701939,48.893103305784514,32.57642364501953
201905A,2019,2019-10-31 12:45:00,CRVBND,12.81,72.63,55.0,50.90909090906554,50.90909090906554,0,31.443674087524414,26.62289943106156,47.71526680016013,44.42304611206055
201904A,2019,2019-10-31 17:45:00,CRVBND,16.88,59.31,37.0,30.0,30.0,1,35.36671447753906,27.959364250642917,48.893103305784514,35.06149673461914
201905A,2019,2019-10-31 17:45:00,IRRCDO,13.62,72.31,51.0,55.0,55.0,0,39.044498443603516,36.20778657626194,47.71526680016013,37.193267822265625
201904A,2019,2019-11-01 00:15:00,CRVBND,16.58,59.1,31.0,25.0,25.0,1,31.472631454467773,22.605227347284636,48.893103305784514,33.84245300292969
201905A,2019,2019-11-01 00:45:00,CRVBND,15.06,71.72,49.0,55.0,55.0,0,32.07940673828125,27.42457901561213,47.71526680016013,50.367820739746094
201904A,2019,2019-11-01 05:45:00,SHEAR,16.03,58.62,32.0,25.0,25.0,1,30.287757873535156,20.97609532110558,48.893103305784514,37.27562713623047
201905A,2019,2019-11-01 06:15:00,CRVBND,15.77,71.09,49.0,55.0,55.0,0,34.02003479003906,29.87177421385822,47.71526680016013,38.58326721191406
201904A,2019,2019-11-01 11:45:00,CRVBND,15.38,58.03,34.0,25.0,25.0,1,29.184303283691406,19.458909656172636,48.893103305784514,55.893943786621094
201905A,2019,2019-11-01 12:45:00,CRVBND,15.82,69.52,47.0,50.0,50.0,0,36.905113220214844,33.509952109150575,47.71526680016013,52.789695739746094
201905A,2019,2019-11-02 13:15:00,CRVBND,16.85,67.56,53.0,55.0,55.0,0,57.669857025146484,59.69497055522046,47.71526680016013,62.242740631103516
201905A,2019,2019-11-02 18:15:00,CRVBND,17.37,67.01,61.0,60.0,60.0,0,44.30371856689453,42.83983449527408,47.71526680016013,37.26764678955078
201905A,2019,2019-11-02 23:45:00,CRVBND,17.49,66.47,69.8,60.0,60.0,0,25.498825073242188,19.12625114296134,47.71526680016013,38.2944450378418
201905A,2019,2019-11-03 13:15:00,EYE,17.79,65.75,82.2,71.81818181819027,71.81818181819027,0,70.97332000732422,76.47107079789227,47.71526680016013,65.47461700439453
201905A,2019,2019-11-03 17:45:00,EYE,17.99,65.43,87.4,79.54545454551373,79.54545454551373,0,69.58232116699219,74.71697594198051,47.71526680016013,49.96881866455078
201905A,2019,2019-11-03 23:45:00,EYE,18.19,65.05,94.8,89.54545454551373,89.54545454551373,0,62.76707077026367,66.12272315324456,47.71526680016013,50.00395202636719
201905A,2019,2019-11-04 06:15:00,EYE,18.61,64.32,97.2,90.45454545457928,90.45454545457928,0,76.40769958496094,83.32400049546777,47.71526680016013,59.63459014892578
201905A,2019,2019-11-04 11:45:00,EYE,19.0,64.19,102.0,99.50000000007162,99.50000000007162,0,85.92522430419922,95.32590924403569,47.71526680016013,56.50457763671875
201905A,2019,2019-11-04 17:45:00,EYE,19.44,63.71,104.6,100.0,100.0,0,72.98843383789062,79.01219498993648,47.71526680016013,53.7103271484375
201905A,2019,2019-11-05 05:45:00,EYE,20.05,64.11,84.8,80.45454545457082,80.45454545457082,0,43.816612243652344,42.22557755191297,47.71526680016013,58.46884536743164
201905A,2019,2019-11-05 11:15:00,EMBC,19.7,64.28,74.6,72.7272727272389,72.7272727272389,0,57.941707611083984,60.03778300088413,47.71526680016013,61.10224533081055
201905A,2019,2019-11-05 17:45:00,CRVBND,19.8,64.34,59.0,70.0,70.0,0,60.371646881103516,63.10201558694567,47.71526680016013,39.97797775268555
201905A,2019,2019-11-05 23:45:00,CRVBND,19.77,65.64,47.0,60.90909090897252,60.90909090897252,0,52.17902755737305,52.77085570706498,47.71526680016013,33.78240966796875
201905A,2019,2019-11-06 05:15:00,CRVBND,19.78,67.02,41.0,51.36363636364482,51.36363636364482,0,39.038246154785156,36.199902236364615,47.71526680016013,37.82693099975586
201905A,2019,2019-11-06 18:00:00,SHEAR,19.82,68.74,47.0,40.0,40.0,0,36.6048469543457,33.13130656532024,47.71526680016013,22.361610412597656
201905A,2019,2019-11-06 23:45:00,SHEAR,19.12,68.58,32.0,30.500000000030692,30.500000000030692,0,37.41973876953125,34.15891169315799,47.71526680016013,27.107723236083984
201905A,2019,2019-11-07 05:15:00,SHEAR,19.01,68.95,28.0,26.36363636364482,26.36363636364482,0,35.52477264404297,31.769297671587278,47.71526680016013,26.238208770751953
201906A,2019,2019-12-03 09:15:00,CRVBND,6.91,57.09,37.0,30.0,30.0,3,31.33897590637207,26.209373925903737,50.69363147943891,43.490821838378906
201906A,2019,2019-12-03 15:15:00,SHEAR,7.11,57.39,33.0,30.0,30.0,3,29.386011123657227,23.45201490916443,50.69363147943891,35.01210021972656
201907A,2019,2019-12-03 15:15:00,CRVBND,13.72,69.98,35.0,40.31818181809633,40.31818181809633,1,38.54347610473633,32.327226096571,48.893103305784514,53.93557357788086
201906A,2019,2019-12-03 20:15:00,CRVBND,7.22,57.33,33.0,30.0,30.0,3,27.530254364013672,20.831902309404757,50.69363147943891,47.72321701049805
201907A,2019,2019-12-03 20:45:00,IRRCDO,13.78,69.32,41.0,27.700000000036837,27.700000000036837,1,33.30503845214844,25.124680032326783,48.893103305784514,40.472347259521484
201906A,2019,2019-12-04 02:45:00,EMBC,7.34,57.64,41.0,30.0,30.0,3,37.37489700317383,34.731392145534606,50.69363147943891,70.60784912109375
201907A,2019,2019-12-04 03:15:00,CRVBND,14.62,69.08,39.0,30.0,30.0,1,30.73915672302246,21.596742396130512,48.893103305784514,36.00833511352539
201906A,2019,2019-12-04 09:15:00,CRVBND,7.7,57.4,51.0,30.0,30.0,3,42.490169525146484,41.95356170864012,50.69363147943891,74.30868530273438
201907A,2019,2019-12-04 08:45:00,SHEAR,14.88,68.72,32.0,30.0,30.0,1,30.03814125061035,20.632887031869036,48.893103305784514,29.815099716186523
201906A,2019,2019-12-04 14:45:00,CRVBND,8.38,57.01,51.0,30.0,30.0,3,29.1709041595459,23.148308906728854,50.69363147943891,46.121490478515625
201907A,2019,2019-12-04 15:15:00,SHEAR,14.91,68.18,29.0,30.0,30.0,1,30.892318725585938,21.80733121133009,48.893103305784514,22.910993576049805
201906A,2019,2019-12-04 20:45:00,CRVBND,8.95,56.61,39.0,32.72727272725751,32.72727272725751,3,35.554134368896484,32.16068717870587,50.69363147943891,48.26036071777344
201907A,2019,2019-12-04 20:45:00,SHEAR,15.09,67.67,25.0,28.18181818182833,28.18181818182833,1,29.408309936523438,19.766905731094482,48.893103305784514,16.374534606933594
201906A,2019,2019-12-05 02:45:00,CRVBND,9.69,55.83,37.0,35.0,35.0,3,34.82804870605469,31.13553871362252,50.69363147943891,55.44728469848633
201906A,2019,2019-12-05 15:00:00,CRVBND,9.3,54.5,47.0,35.0,35.0,3,32.44306564331055,27.76822015722421,50.69363147943891,50.26901626586914
201906A,2019,2019-12-05 20:45:00,IRRCDO,9.06,53.68,35.0,35.0,35.0,3,27.031404495239258,20.127584343285452,50.69363147943891,50.076011657714844
201906A,2019,2019-12-06 09:45:00,CRVBND,7.52,51.55,55.0,35.0,35.0,3,48.63417434692383,50.628181570790076,50.69363147943891,71.3958969116211
201906A,2019,2019-12-06 14:45:00,CRVBND,7.37,51.54,53.0,35.0,35.0,3,37.80237579345703,35.334942453909164,50.69363147943891,41.416534423828125
201906A,2019,2019-12-06 20:45:00,CRVBND,7.07,50.29,39.0,35.0,35.0,3,37.55255126953125,34.982219296919226,50.69363147943891,35.05101013183594
202001B,2020,2020-05-17 09:15:00,EMBC,11.72,86.3,55.0,65.0,65.0,4,60.8366813659668,67.55713307916689,49.12199992680404,50.582462310791016
202001B,2020,2020-05-17 15:15:00,EMBC,12.2,86.76,61.0,75.45454545457082,75.45454545457082,4,79.78873443603516,96.74669845766662,49.12199992680404,49.69965744018555
202001B,2020,2020-05-17 20:45:00,EYE,12.9,86.57,87.4,89.09090909102747,89.09090909102747,4,103.89515686035156,133.87491832887545,49.12199992680404,61.38318634033203
202001B,2020,2020-05-18 02:45:00,EYE,13.33,86.35,117.4,113.50000000018416,113.50000000018416,4,106.14407348632812,137.33865382191357,49.12199992680404,69.03871154785156
202001B,2020,2020-05-18 08:45:00,EYE,13.65,86.39,134.8,120.0,120.0,4,107.908203125,140.05573029029304,49.12199992680404,61.82115936279297
202001B,2020,2020-05-18 15:15:00,EYE,14.53,86.64,143.0,125.0,125.0,4,102.16871643066406,131.21589001103914,49.12199992680404,57.518959045410156
202001B,2020,2020-05-18 22:15:00,EMBC,15.36,86.64,132.2,127.72727272728964,127.72727272728964,4,75.72991180419922,90.49538266967838,49.12199992680404,61.556907653808594
202001B,2020,2020-05-19 07:45:00,EMBC,16.71,87.1,104.6,112.00000000002046,112.00000000002046,4,67.42242431640625,77.70035997427566,49.12199992680404,64.12752532958984
202001B,2020,2020-05-19 15:15:00,EMBC,17.91,87.13,90.0,100.0,100.0,4,75.98970794677734,90.8955153867423,49.12199992680404,67.87583923339844
202001B,2020,2020-05-20 01:45:00,EMBC,19.62,87.09,69.8,95.0,95.0,4,85.28697967529297,105.21498357089325,49.12199992680404,70.96990966796875
202002A,2020,2020-06-02 23:45:00,EYE,17.61,72.23,47.0,49.545454545420725,49.545454545420725,4,60.606361389160156,67.20239895109557,49.12199992680404,53.389766693115234
202002A,2020,2020-06-03 06:15:00,EYE,18.03,72.74,72.2,60.0,60.0,4,76.6451187133789,91.90496567430527,49.12199992680404,58.14204406738281
202003A,2020,2020-11-22 06:15:00,EYE,10.41,52.43,61.0,51.36363636345879,51.36363636345879,4,69.78965759277344,81.34632435772338,49.12199992680404,66.39373016357422
202003A,2020,2020-11-22 11:45:00,EYE,10.32,51.55,87.4,74.09090909102747,74.09090909102747,4,66.53080749511719,76.32710994160819,49.12199992680404,56.996437072753906
202003A,2020,2020-11-23 11:45:00,SHEAR,11.48,48.73,35.0,30.0,30.0,4,31.26407814025879,22.010013087584753,49.12199992680404,37.002159118652344
202003A,2020,2020-11-23 17:45:00,SHEAR,11.58,47.83,27.0,30.0,30.0,4,25.670869827270508,13.395467786137326,49.12199992680404,33.98452377319336
202004B,2020,2020-11-23 18:15:00,CRVBND,10.18,83.67,35.0,30.27272727269176,30.27272727269176,2,31.314701080322266,27.621985643147443,49.540730037703746,30.963157653808594
202003A,2020,2020-11-23 23:45:00,CRVBND,11.71,46.73,30.0,25.272727272742493,25.272727272742493,4,24.136655807495117,11.032502662027786,49.12199992680404,35.48594284057617
202004B,2020,2020-11-23 23:45:00,CRVBND,9.97,82.84,37.0,34.818181818171674,34.818181818171674,2,33.733482360839844,30.7450912139026,49.540730037703746,48.939361572265625
202003A,2020,2020-11-24 05:15:00,CRVBND,11.52,46.0,33.0,22.363636363647355,22.363636363647355,4,24.520095825195312,11.623069152318465,49.12199992680404,37.26981735229492
202004B,2020,2020-11-25 06:45:00,EMBC,11.29,81.95,61.0,60.99999999995907,60.99999999995907,2,52.25751876831055,54.663136951656796,49.540730037703746,74.26823425292969
202004B,2020,2020-11-25 13:15:00,EMBC,11.72,81.02,57.0,65.0,65.0,2,37.684295654296875,35.84634079987959,49.540730037703746,68.6646957397461
202004B,2020,2020-11-25 18:45:00,IRRCDO,12.09,80.34,57.0,64.09090909093446,64.09090909093446,2,44.006290435791016,44.00923559297326,49.540730037703746,51.3515739440918
202005B,2020,2020-12-01 19:30:00,EMBC,8.31,83.77,53.0,35.0,35.0,1,34.97024917602539,27.414247598234926,48.893103305784514,62.90678405761719
202005B,2020,2020-12-02 01:15:00,EMBC,8.61,83.14,55.0,40.0,40.0,1,42.996376037597656,38.44970363909924,48.893103305784514,66.92330169677734
202005B,2020,2020-12-02 11:15:00,CRVBND,9.06,81.7,53.0,45.0,45.0,1,35.63819885253906,28.332639422810722,48.893103305784514,47.03727340698242
202005B,2020,2020-12-02 17:45:00,CRVBND,8.84,81.55,45.0,45.0,45.0,1,33.454368591308594,25.330000258969108,48.893103305784514,38.838775634765625
202005B,2020,2020-12-02 22:45:00,EMBC,9.15,80.94,47.0,40.0,40.0,1,45.65751647949219,42.10861644618395,48.893103305784514,59.1619873046875
202005B,2020,2020-12-03 06:45:00,CRVBND,9.2,80.09,33.0,39.09090909093446,39.09090909093446,1,35.53651428222656,28.192829072803626,48.893103305784514,51.65431213378906
202005B,2020,2020-12-03 12:00:00,CRVBND,9.22,79.4,33.0,30.0,30.0,1,31.028676986694336,21.994815862672326,48.893103305784514,37.633216857910156
202005B,2020,2020-12-03 23:45:00,CRVBND,9.4,79.41,41.0,30.0,30.0,1,31.776302337646484,23.02275708983753,48.893103305784514,39.457847595214844
202005B,2020,2020-12-04 06:15:00,CRVBND,9.3,79.36,35.0,29.81818181817167,29.81818181817167,1,33.67052459716797,25.62720215245658,48.893103305784514,40.26023864746094
202005B,2020,2020-12-04 11:45:00,CRVBND,9.3,79.31,35.0,25.27272727269176,25.27272727269176,1,33.29087829589844,25.105210643850405,48.893103305784514,41.79267120361328
202005B,2020,2020-12-05 05:15:00,CRVBND,9.0,78.85,57.0,18.98181818181345,18.98181818181345,1,33.91307830810547,25.960699349892472,48.893103305784514,52.49552536010742
202101A,2021,2021-05-14 09:45:00,CRVBND,11.96,72.22,35.0,30.0,30.0,1,34.7525520324707,27.114926730355087,48.893103305784514,41.009063720703125
202101A,2021,2021-05-14 15:15:00,CRVBND,12.22,72.2,41.0,33.181818181794505,33.181818181794505,1,36.58750534057617,29.63788044363214,48.893103305784514,40.996280670166016
202101A,2021,2021-05-14 20:15:00,CRVBND,12.32,72.29,43.0,38.63636363638055,38.63636363638055,1,51.457618713378906,50.08341853173649,48.893103305784514,49.03096008300781
202101A,2021,2021-05-15 03:15:00,EMBC,13.03,72.3,55.0,40.454545454486265,40.454545454486265,1,42.44575881958008,37.69263709759361,48.893103305784514,62.085208892822266
202101A,2021,2021-05-15 21:15:00,EMBC,14.93,72.79,72.2,60.45454545457082,60.45454545457082,1,82.33656311035156,92.54016502456878,48.893103305784514,69.80357360839844
202101A,2021,2021-05-16 09:15:00,EYE,16.41,72.63,107.2,70.45454545457082,70.45454545457082,1,86.11824798583984,97.73976103440275,48.893103305784514,67.45329284667969
202101A,2021,2021-05-16 15:15:00,EYE,17.44,72.28,119.8,80.45454545457928,80.45454545457928,1,84.3719482421875,95.33870079854785,48.893103305784514,66.26211547851562
202101A,2021,2021-05-16 21:15:00,EYE,18.17,71.75,134.8,90.90909090915856,90.90909090915856,1,98.43692016601562,114.67721638126702,48.893103305784514,73.33653259277344
202101A,2021,2021-05-17 02:45:00,EYE,18.93,71.46,124.6,100.0,100.0,1,101.88725280761719,119.42122240677038,48.893103305784514,74.57260131835938
202101A,2021,2021-05-17 09:15:00,EYE,20.03,71.35,119.8,100.0,100.0,1,97.30923461914062,113.12671456450164,48.893103305784514,70.85786437988281
202101A,2021,2021-05-17 15:15:00,EYE,20.56,71.39,109.8,89.54545454551373,89.54545454551373,1,90.77338409423828,104.14030151606762,48.893103305784514,64.9374771118164
202102B,2021,2021-05-24 03:15:00,CRVBND,16.22,89.8,35.0,40.0,40.0,3,31.088850021362305,25.856225282131046,50.69363147943891,31.411277770996094
202102B,2021,2021-05-24 08:45:00,CRVBND,17.08,89.91,35.0,40.0,40.0,3,33.21437072753906,28.85721318335442,50.69363147943891,25.136310577392578
202102B,2021,2021-05-24 15:15:00,CRVBND,17.62,89.09,37.0,45.454545454486265,45.454545454486265,3,33.089324951171875,28.680663098056968,50.69363147943891,24.44668197631836
202102B,2021,2021-05-25 15:15:00,EMBC,20.13,88.08,61.0,65.45454545457082,65.45454545457082,3,41.01399612426758,39.86937664129552,50.69363147943891,40.756587982177734
202103B,2021,2021-09-24 12:10:00,CRVBND,19.01,91.31,35.0,25.0,25.0,2,32.312530517578125,28.91037277399642,49.540730037703746,39.874820709228516
202103B,2021,2021-09-24 18:15:00,CRVBND,18.66,89.99,35.0,25.272727272747566,25.272727272747566,2,36.33729553222656,34.107108063571374,49.540730037703746,43.106597900390625
202103B,2021,2021-09-25 18:15:00,IRRCDO,18.33,87.61,53.0,35.0,35.0,2,45.95488357543945,46.52523906074819,49.540730037703746,45.036407470703125
202103B,2021,2021-09-26 00:15:00,IRRCDO,18.26,87.32,53.0,40.0,40.0,2,34.994544982910156,32.37336233199896,49.540730037703746,37.82984161376953
202103B,2021,2021-09-26 06:15:00,EMBC,18.5,85.96,47.0,45.0,45.0,2,36.113311767578125,33.81790252491161,49.540730037703746,51.39582061767578
202103A,2021,2021-10-01 00:45:00,EMBC,22.85,64.51,51.0,36.36363636361945,36.36363636361945,4,62.08728790283203,69.483291745758,49.12199992680404,63.43389129638672
202103A,2021,2021-10-01 06:15:00,EMBC,23.01,64.26,55.0,45.0,45.0,4,81.6959228515625,99.68411113471713,49.12199992680404,75.64775848388672
202103A,2021,2021-10-01 12:45:00,EMBC,23.33,63.53,57.0,55.0,55.0,4,74.00079345703125,87.83222987798769,49.12199992680404,71.91399383544922
202103A,2021,2021-10-01 18:15:00,EYE,23.82,63.06,55.0,60.0,60.0,4,74.27316284179688,88.25172764608301,49.12199992680404,57.76760482788086
202103A,2021,2021-10-02 00:15:00,CRVBND,23.91,62.39,57.0,60.0,60.0,4,65.33209228515625,74.48087323775377,49.12199992680404,46.61453628540039
202103A,2021,2021-10-02 06:15:00,EYE,24.11,61.69,67.4,60.0,60.0,4,71.14093780517578,83.42753856489998,49.12199992680404,55.97428512573242
202103A,2021,2021-10-02 18:15:00,EMBC,24.34,59.76,77.0,60.0,60.0,4,76.17235565185547,91.17682565475918,49.12199992680404,50.03862380981445
202103A,2021,2021-10-03 00:15:00,CRVBND,24.27,59.43,65.0,60.0,60.0,4,62.110618591308594,69.5192251960335,49.12199992680404,47.70390319824219
202103A,2021,2021-10-03 06:15:00,EYE,24.3,58.68,55.0,60.0,60.0,4,72.2877426147461,85.19382392942327,49.12199992680404,55.677635192871094
202104B,2021,2021-11-11 11:45:00,CRVBND,13.19,80.32,35.0,25.0,25.0,3,31.001728057861328,25.733219207601884,50.69363147943891,31.229110717773438
202105B,2021,2021-12-03 08:45:00,CRVBND,14.48,84.92,43.0,35.0,35.0,4,49.79732894897461,50.554547769767986,49.12199992680404,49.542781829833984
202105B,2021,2021-12-03 21:15:00,CRVBND,15.13,84.79,34.0,40.0,40.0,4,29.024213790893555,18.560219726250974,49.12199992680404,31.986801147460938
202105B,2021,2021-12-04 03:15:00,CRVBND,16.03,85.0,31.0,39.54545454542918,39.54545454542918,4,29.022600173950195,18.55773446636436,49.12199992680404,40.404354095458984
202105B,2021,2021-12-04 08:15:00,IRRCDO,16.33,84.89,39.0,35.0,35.0,4,30.084476470947266,20.19321466898303,49.12199992680404,49.972686767578125
202105B,2021,2021-12-04 15:15:00,CRVBND,16.97,85.03,41.0,30.0,30.0,4,30.672964096069336,21.099591299759144,49.12199992680404,42.16986846923828
202105B,2021,2021-12-04 21:15:00,CRVBND,17.45,85.19,33.0,30.0,30.0,4,30.30813980102539,20.537696365607196,49.12199992680404,33.960853576660156
202105B,2021,2021-12-05 09:15:00,CRVBND,20.02,86.56,45.0,25.0,25.0,4,46.71876525878906,45.8130067992824,49.12199992680404,59.93914794921875
202105B,2021,2021-12-05 14:45:00,IRRCDO,20.61,87.01,47.0,25.0,25.0,4,32.78655242919922,24.354896917838364,49.12199992680404,37.72993850708008
202201B,2022,2022-03-04 20:45:00,CRVBND,11.1,83.51,37.0,30.0,30.0,2,27.234127044677734,22.353190318307956,49.540730037703746,49.931175231933594
202201B,2022,2022-03-05 03:15:00,CRVBND,11.91,84.19,37.0,30.0,30.0,2,40.639549255371094,39.66213392629826,49.540730037703746,47.59312057495117
202201B,2022,2022-03-05 09:15:00,CRVBND,11.71,83.79,37.0,30.0,30.0,2,27.865989685058594,23.169044876146792,49.540730037703746,41.83402633666992
202201B,2022,2022-03-05 15:15:00,CRVBND,11.3,83.18,33.0,27.727272727252437,27.727272727252437,2,29.42627716064453,25.1836720548139,49.540730037703746,32.332584381103516
202201B,2022,2022-03-05 21:15:00,SHEAR,11.37,82.85,32.0,25.0,25.0,2,30.402334213256836,26.44394690601337,49.540730037703746,28.943737030029297
202201B,2022,2022-03-06 03:15:00,SHEAR,11.4,82.49,26.0,23.25,23.25,2,24.64055061340332,19.004391042434968,49.540730037703746,24.803054809570312
202201B,2022,2022-03-06 09:15:00,SHEAR,11.2,81.95,25.0,21.136363636396663,21.136363636396663,2,31.35015869140625,27.667768146755364,49.540730037703746,28.391380310058594
202202B,2022,2022-05-07 09:10:00,IRRCDO,9.92,90.88,43.0,28.0,28.0,0,41.91661071777344,39.8296137263981,47.71526680016013,42.333892822265625
202202B,2022,2022-05-08 03:15:00,EMBC,11.43,88.57,65.0,40.454545454486265,40.454545454486265,0,45.234493255615234,44.01357170206293,47.71526680016013,73.95767974853516
202202B,2022,2022-05-08 19:45:00,IRRCDO,13.38,86.62,51.0,55.0,55.0,0,38.34867858886719,35.33033506987325,47.71526680016013,37.062232971191406
202202B,2022,2022-05-09 03:45:00,IRRCDO,14.25,85.73,59.0,55.0,55.0,0,55.523719787597656,56.98862157827489,47.71526680016013,52.635276794433594
202202B,2022,2022-05-10 02:15:00,EMBC,14.95,83.75,72.0,55.0,55.0,0,43.17562484741211,41.417271562110066,47.71526680016013,65.36735534667969
202202B,2022,2022-05-10 10:15:00,EMBC,15.18,82.02,80.0,53.18181818186892,53.18181818186892,0,59.704593658447266,62.26083974081672,47.71526680016013,58.2047004699707
202202B,2022,2022-05-10 20:45:00,CRVBND,15.49,81.11,63.0,45.45454545457082,45.45454545457082,0,34.19744110107422,30.09548935190878,47.71526680016013,46.287715911865234
202202B,2022,2022-05-11 02:45:00,EMBC,15.74,80.58,57.0,45.0,45.0,0,45.81340408325195,44.74359711642402,47.71526680016013,66.63369750976562
202202B,2022,2022-05-11 07:45:00,IRRCDO,15.69,81.04,57.0,40.0,40.0,0,40.84175491333008,38.47418553857089,47.71526680016013,49.258140563964844
202203A,2022,2022-08-12 08:15:00,CRVBND,21.83,65.7,35.0,25.0,25.0,3,42.58182144165039,42.08296354968212,50.69363147943891,42.0684814453125
202203A,2022,2022-08-12 15:15:00,SHEAR,22.11,65.49,34.0,25.0,25.0,3,36.14822006225586,32.999467047036696,50.69363147943891,30.29545021057129
202203A,2022,2022-08-12 21:15:00,SHEAR,22.41,64.59,30.0,25.0,25.0,3,35.34051513671875,31.859081680640827,50.69363147943891,28.733570098876953
202203A,2022,2022-08-13 09:15:00,SHEAR,22.15,63.68,25.0,27.9,27.9,3,33.977455139160156,29.934599576360288,50.69363147943891,28.270538330078125
202203A,2022,2022-08-13 15:15:00,SHEAR,22.26,63.77,25.0,25.786363636349485,25.786363636349485,3,30.91876792907715,25.616089159401568,50.69363147943891,20.04581069946289
202204B,2022,2022-08-19 00:15:00,CRVBND,20.89,89.1,35.0,25.0,25.0,1,34.5678596496582,26.860985482383015,48.893103305784514,27.440778732299805
202204B,2022,2022-08-19 06:45:00,CRVBND,21.05,89.0,39.0,30.0,30.0,1,50.56679153442383,48.858583148130286,48.893103305784514,52.2306022644043
202204B,2022,2022-08-19 11:15:00,CRVBND,21.35,88.37,39.0,30.0,30.0,1,40.46489715576172,34.969067910223615,48.893103305784514,41.19020462036133
202205B,2022,2022-10-23 15:15:00,CRVBND,16.34,88.61,35.0,35.0,35.0,2,38.81037521362305,37.300323172395935,49.540730037703746,47.661224365234375
202205B,2022,2022-10-23 20:15:00,CRVBND,17.07,88.95,39.0,38.99999999993861,38.99999999993861,2,38.64772033691406,37.09030486455968,49.540730037703746,47.85894012451172
202205B,2022,2022-10-24 01:45:00,CRVBND,18.05,89.31,41.0,42.72727272728964,42.72727272728964,2,44.632835388183594,44.8182240066454,49.540730037703746,57.7453727722168
202205B,2022,2022-10-24 09:15:00,CRVBND,20.06,89.92,47.0,45.0,45.0,2,50.399253845214844,52.26376435025431,49.540730037703746,59.004981994628906
202205B,2022,2022-10-24 15:15:00,CRVBND,21.76,90.42,39.0,44.54545454542918,44.54545454542918,2,52.485530853271484,54.957543816170244,49.540730037703746,47.37983703613281
202206B,2022,2022-12-08 12:15:00,IRRCDO,10.27,82.87,57.0,50.0,50.0,3,34.22239685058594,30.280428770287976,50.69363147943891,39.29289245605469
202206B,2022,2022-12-08 18:15:00,EMBC,10.72,82.28,53.0,50.0,50.0,3,38.473106384277344,36.28193599868284,50.69363147943891,45.750972747802734
202206B,2022,2022-12-09 00:15:00,CRVBND,10.87,81.61,53.0,50.0,50.0,3,41.25121307373047,40.20429937022237,50.69363147943891,43.36592483520508
202206B,2022,2022-12-09 06:15:00,CRVBND,11.32,80.8,49.0,45.0,45.0,3,36.13805389404297,32.98511360050474,50.69363147943891,38.168663024902344
202206B,2022,2022-12-09 12:15:00,CRVBND,11.63,80.8,41.0,40.0,40.0,3,32.67705535888672,28.098586407439605,50.69363147943891,23.93914222717285
202206B,2022,2022-12-09 17:45:00,CRVBND,12.25,80.67,33.0,35.500000000030695,35.500000000030695,3,27.67792320251465,21.04039352590589,50.69363147943891,20.71177864074707
202207A,2022,2022-12-15 15:15:00,CRVBND,14.21,66.07,33.0,30.0,30.0,4,34.9053955078125,27.618295787676,49.12199992680404,40.52081298828125
202207A,2022,2022-12-15 21:15:00,SHEAR,14.0,65.27,34.0,30.0,30.0,4,23.826326370239258,10.554539595748746,49.12199992680404,31.977523803710938
202207A,2022,2022-12-16 03:15:00,SHEAR,14.01,64.47,34.0,30.0,30.0,4,33.16503143310547,24.93782255592445,49.12199992680404,33.32521057128906
202207A,2022,2022-12-16 08:45:00,SHEAR,13.6,64.13,33.0,28.181818181831712,28.181818181831712,4,32.071197509765625,23.253121869381147,49.12199992680404,27.854312896728516
202207A,2022,2022-12-16 15:15:00,SHEAR,13.59,63.39,27.0,25.0,25.0,4,26.6734676361084,14.939648471006452,49.12199992680404,25.851139068603516
202207A,2022,2022-12-16 21:15:00,SHEAR,13.63,62.77,25.0,25.0,25.0,4,23.011537551879883,9.29961848534233,49.12199992680404,28.657011032104492
202207A,2022,2022-12-17 03:15:00,SHEAR,13.78,62.13,25.0,25.0,25.0,4,24.126314163208008,11.0165746725417,49.12199992680404,23.662696838378906
202301B,2023,2023-05-11 08:30:00,EMBC,11.65,88.1,51.0,45.0,45.0,1,42.77934646606445,38.15130064379036,48.893103305784514,63.289222717285156
202301B,2023,2023-05-11 14:30:00,EYE,12.25,88.19,55.0,50.0,50.0,1,51.24345779418945,49.78895976598963,48.893103305784514,58.27901077270508
202301B,2023,2023-05-12 09:00:00,EMBC,14.33,88.52,79.6,85.0,85.0,1,72.25393676757812,78.67714221155278,48.893103305784514,64.17613220214844
202301B,2023,2023-05-12 15:00:00,EYE,14.7,88.59,104.6,90.0,90.0,1,90.03352355957031,103.1230364581491,48.893103305784514,63.64598846435547
202301B,2023,2023-05-12 20:30:00,EYE,15.25,88.87,112.4,100.0,100.0,1,77.49201965332031,85.87920049208786,48.893103305784514,65.45126342773438
202301B,2023,2023-05-13 03:00:00,EMBC,15.0,89.66,112.4,100.0,100.0,1,74.64808654785156,81.9689584401187,48.893103305784514,74.81741333007812
202301B,2023,2023-05-13 15:30:00,EMBC,17.48,91.15,122.2,110.5000000000307,110.5000000000307,1,97.57122039794922,113.48692972123136,48.893103305784514,69.30207061767578
202301B,2023,2023-05-13 21:30:00,EYE,18.1,91.03,122.2,115.0,115.0,1,104.57696533203125,123.11942015989175,48.893103305784514,71.69961547851562
202302A,2023,2023-06-06 09:00:00,CRVBND,12.0,66.0,49.0,33.0,33.0,0,39.98505783081055,37.39386260662408,47.71526680016013,63.722999572753906
202302A,2023,2023-06-06 15:30:00,EMBC,12.42,66.0,57.0,35.90909090906554,35.90909090906554,0,51.87820816040039,52.391512646892295,47.71526680016013,60.839393615722656
202302A,2023,2023-06-07 16:00:00,IRRCDO,13.75,66.39,77.0,66.49999999998977,66.49999999998977,0,36.3563232421875,32.8179100674736,47.71526680016013,43.96875762939453
202302A,2023,2023-06-08 03:00:00,EYE,13.55,66.81,77.0,75.0,75.0,0,48.78718566894531,48.493632580741654,47.71526680016013,44.994293212890625
202302A,2023,2023-06-08 09:00:00,IRRCDO,14.6,65.69,79.6,75.0,75.0,0,41.125885009765625,38.83248284703475,47.71526680016013,37.49222946166992
202302A,2023,2023-06-08 15:00:00,IRRCDO,14.6,66.0,65.0,75.0,75.0,0,31.45237922668457,26.633876895152888,47.71526680016013,29.615428924560547
202302A,2023,2023-06-09 03:00:00,EMBC,14.8,66.7,55.0,70.0,70.0,0,41.831809997558594,39.72267725542954,47.71526680016013,51.9917106628418
202303B,2023,2023-06-09 09:00:00,SHEAR,19.9,91.7,41.0,39.99,39.99,2,33.38114929199219,30.29016237062831,49.540730037703746,18.272903442382812
202302A,2023,2023-06-09 15:00:00,IRRCDO,15.7,67.3,65.0,65.0,65.0,0,50.049381256103516,50.08530233803652,47.71526680016013,33.99712371826172
202303B,2023,2023-06-09 15:00:00,SHEAR,20.0,91.9,37.0,37.2,37.2,2,31.045862197875977,27.274863636636823,49.540730037703746,13.99612045288086
202302A,2023,2023-06-09 20:30:00,EMBC,16.37,67.4,72.2,70.0,70.0,0,44.5084342956543,43.0979876988066,47.71526680016013,64.59147644042969
202303B,2023,2023-06-09 21:00:00,CRVBND,20.47,91.85,35.0,30.69,30.69,2,39.566646575927734,38.27681299544887,49.540730037703746,31.93286895751953
202302A,2023,2023-06-10 03:00:00,EMBC,16.8,67.4,77.0,75.0,75.0,0,68.05757141113281,72.79421682403098,47.71526680016013,66.31602478027344
202303B,2023,2023-06-10 03:10:00,CRVBND,21.11,91.9,32.0,26.040000000000003,26.040000000000003,2,30.696395874023438,26.823636305085106,49.540730037703746,42.004417419433594
202302A,2023,2023-06-10 14:00:00,EMBC,17.44,67.39,59.0,80.0,80.0,0,55.44683074951172,56.8916619962307,47.71526680016013,52.014495849609375
202302A,2023,2023-06-11 02:00:00,SHEAR,19.15,68.86,65.0,90.0,90.0,0,36.125545501708984,32.526891818072556,47.71526680016013,34.47176742553711
202302A,2023,2023-06-11 08:30:00,EMBC,18.57,67.85,74.6,90.0,90.0,0,53.274295806884766,54.15202465315367,47.71526680016013,60.62128448486328
202302A,2023,2023-06-12 02:00:00,EMBC,19.47,67.63,74.6,90.0,90.0,0,57.703556060791016,59.73746613707094,47.71526680016013,76.11006927490234
202302A,2023,2023-06-12 08:00:00,EYE,19.67,67.15,82.2,90.0,90.0,0,66.80892944335938,71.21963862235246,47.71526680016013,71.88121032714844
202302A,2023,2023-06-12 15:00:00,EYE,20.0,67.09,74.6,90.0,90.0,0,76.3633804321289,83.26811259984416,47.71526680016013,64.82296752929688
202302A,2023,2023-06-13 15:00:00,EMBC,21.5,66.4,82.2,85.0,85.0,0,61.14571762084961,64.07814400871798,47.71526680016013,67.51318359375
202302A,2023,2023-06-13 21:00:00,CRVBND,21.8,66.8,67.4,85.0,85.0,0,57.989776611328125,60.09839957626312,47.71526680016013,48.15144729614258
202302A,2023,2023-06-14 09:00:00,CRVBND,21.7,66.4,53.0,80.0,80.0,0,60.72936248779297,63.553106621229745,47.71526680016013,46.544944763183594
202302A,2023,2023-06-14 15:00:00,SHEAR,22.2,66.9,39.0,70.0,70.0,0,53.59690856933594,54.55884985721495,47.71526680016013,30.44417953491211
202302A,2023,2023-06-14 21:00:00,CRVBND,22.4,66.8,35.0,70.0,70.0,0,55.98235321044922,57.56697326660635,47.71526680016013,37.73467254638672
202302A,2023,2023-06-15 03:00:00,SHEAR,22.8,67.0,35.0,70.0,70.0,0,43.19318771362305,41.439418908594064,47.71526680016013,40.161865234375
202302A,2023,2023-06-15 09:00:00,CRVBND,22.9,67.4,34.0,65.0,65.0,0,39.26089096069336,36.48066459030434,47.71526680016013,56.60407257080078
202302A,2023,2023-06-15 15:00:00,CRVBND,23.1,68.3,34.0,65.0,65.0,0,48.00990295410156,47.513453753726175,47.71526680016013,55.50611877441406
202304B,2023,2023-08-01 00:00:00,CRVBND,20.63,91.78,41.0,25.0,25.0,4,29.96021842956543,20.001834969416457,49.12199992680404,20.360570907592773
202304B,2023,2023-08-01 06:00:00,SHEAR,21.53,91.07,33.0,30.0,30.0,4,32.13610076904297,23.353084544820558,49.12199992680404,12.309425354003906
202305A,2023,2023-10-21 15:30:00,EYE,11.25,56.95,65.0,66.81818181813108,66.81818181813108,3,86.44229888916016,104.00885388768555,50.69363147943891,68.97148132324219
202305A,2023,2023-10-21 21:00:00,EYE,11.68,56.07,94.8,80.0,80.0,3,108.20657348632812,134.73747702233723,50.69363147943891,63.73741912841797
202305A,2023,2023-10-22 03:00:00,EYE,12.4,55.42,99.6,95.0,95.0,3,100.26545715332031,123.52554482694136,50.69363147943891,74.23069763183594
202305A,2023,2023-10-22 09:00:00,EYE,13.1,54.37,99.6,95.0,95.0,3,89.33964538574219,108.09956999156883,50.69363147943891,71.5947265625
202305A,2023,2023-10-22 15:00:00,EYE,13.63,54.05,92.4,95.0,95.0,3,91.0447998046875,110.50704961108137,50.69363147943891,64.72303009033203
202305A,2023,2023-10-22 21:00:00,EYE,14.0,53.6,94.8,95.0,95.0,3,72.25233459472656,83.97427551701234,50.69363147943891,57.19347381591797
202305A,2023,2023-10-23 15:00:00,EYE,15.48,52.44,67.4,70.0,70.0,3,60.23717498779297,67.01026829426785,50.69363147943891,63.292320251464844
202306B,2023,2023-10-24 03:00:00,EMBC,20.0,89.5,74.6,65.0,65.0,1,72.02433776855469,78.36145698697943,48.893103305784514,69.01798248291016
202306B,2023,2023-10-24 08:30:00,EMBC,20.65,90.73,79.6,65.0,65.0,1,45.964683532714844,42.530953218515556,48.893103305784514,67.42375183105469
202306B,2023,2023-10-24 15:00:00,EMBC,21.1,91.5,74.6,55.0,55.0,1,53.984981536865234,53.55839492058895,48.893103305784514,70.90567016601562
202307B,2023,2023-11-17 00:00:00,CRVBND,20.26,88.86,35.0,35.0,35.0,3,39.034339904785156,37.07433242178543,50.69363147943891,31.922752380371094
202307B,2023,2023-11-17 06:00:00,SHEAR,21.11,89.53,32.0,45.0,45.0,3,32.58320236206055,27.96607689711095,50.69363147943891,23.48278045654297
202308B,2023,2023-12-03 03:00:00,CRVBND,11.67,82.36,37.0,35.0,35.0,2,31.321439743041992,27.630686535307035,49.540730037703746,56.305328369140625
202308B,2023,2023-12-03 09:00:00,CRVBND,12.0,82.5,37.0,35.0,35.0,2,40.20680618286133,39.10338051136702,49.540730037703746,39.49597930908203
202308B,2023,2023-12-03 14:30:00,CRVBND,12.56,82.42,43.0,39.090909090858354,39.090909090858354,2,31.743072509765625,28.175094437407928,49.540730037703746,50.68854904174805
202308B,2023,2023-12-03 20:00:00,CRVBND,12.98,82.14,45.0,45.0,45.0,2,53.1795768737793,55.85368891637731,49.540730037703746,53.083824157714844
202308B,2023,2023-12-04 03:00:00,CRVBND,13.7,81.1,53.0,50.0,50.0,2,45.269126892089844,45.63979706762451,49.540730037703746,46.61907196044922
202401B,2024,2024-05-25 18:30:00,CRVBND,18.87,89.1,35.0,40.49999999993861,40.49999999993861,0,33.96501922607422,29.802397795310824,47.71526680016013,33.905113220214844
202401B,2024,2024-05-26 00:00:00,CRVBND,19.34,89.01,35.0,50.0,50.0,0,37.06205368041992,33.70785914253418,47.71526680016013,53.18147659301758
202401B,2024,2024-05-26 06:00:00,CRVBND,20.53,88.61,41.0,50.0,50.0,0,41.69078063964844,39.544834640417946,47.71526680016013,56.40651321411133
202401B,2024,2024-05-26 12:00:00,CRVBND,21.02,88.89,51.0,60.0,60.0,0,38.41230392456055,35.410568691073635,47.71526680016013,47.36015319824219
202402A,2024,2024-08-30 06:00:00,CRVBND,23.55,67.77,35.0,35.0,35.0,1,48.44144821166992,45.93636011147613,48.893103305784514,37.190513610839844
202402A,2024,2024-08-30 12:00:00,CRVBND,23.55,66.86,33.0,35.0,35.0,1,40.025596618652344,34.365055308677356,48.893103305784514,42.97587203979492
202402A,2024,2024-08-30 18:00:00,CRVBND,23.93,66.04,33.0,35.0,35.0,1,38.799800872802734,32.67965769389907,48.893103305784514,38.74222946166992
202402A,2024,2024-08-31 00:00:00,CRVBND,23.42,65.58,33.0,40.0,40.0,1,54.453369140625,54.20240054129803,48.893103305784514,40.91320037841797
202402A,2024,2024-08-31 06:00:00,CRVBND,23.64,64.9,31.0,40.0,40.0,1,48.12955856323242,45.50753004632831,48.893103305784514,44.460289001464844
202402A,2024,2024-08-31 12:00:00,CRVBND,23.29,64.12,34.0,40.0,40.0,1,46.846858978271484,43.74389297360225,48.893103305784514,38.676544189453125
202402A,2024,2024-08-31 18:00:00,CRVBND,23.14,63.44,33.0,40.0,40.0,1,45.44476318359375,41.81609308031526,48.893103305784514,36.45336151123047
202402A,2024,2024-09-01 00:00:00,CRVBND,23.11,62.61,39.0,40.0,40.0,1,40.85797882080078,35.50953225994342,48.893103305784514,38.891719818115234
202402A,2024,2024-09-01 06:00:00,SHEAR,22.37,62.06,39.0,35.0,35.0,1,37.0317268371582,30.248659077272833,48.893103305784514,34.7373161315918
202402A,2024,2024-09-01 12:00:00,SHEAR,22.2,61.54,31.0,30.0,30.0,1,41.01152038574219,35.72064295126191,48.893103305784514,34.07486343383789
202402A,2024,2024-09-01 18:00:00,SHEAR,21.68,61.6,30.0,30.0,30.0,1,34.68723678588867,27.025122078013347,48.893103305784514,33.175636291503906
202402A,2024,2024-09-01 22:30:00,SHEAR,21.33,61.45,25.0,22.72727272728964,22.72727272728964,1,31.006446838378906,21.96425070605969,48.893103305784514,31.030559539794922
202403B,2024,2024-10-23 13:00:00,IRRCDO,17.4,88.93,47.0,45.0,45.0,4,40.98622131347656,36.98385960039169,49.12199992680404,66.02716827392578
202403B,2024,2024-10-24 00:30:00,EMBC,18.76,88.42,63.0,55.0,55.0,4,50.36602020263672,51.430434433211744,49.12199992680404,90.27372741699219
202403B,2024,2024-10-25 00:30:00,IRRCDO,20.82,86.87,49.0,49.090909090858354,49.090909090858354,4,49.05989074707031,49.41876050030932,49.12199992680404,60.28263854980469
202404B,2024,2024-11-30 09:30:00,CRVBND,12.4,80.78,53.0,44.09090909093446,44.09090909093446,2,40.04994583129883,38.9008440349434,49.540730037703746,49.723854064941406
202404B,2024,2024-11-30 15:00:00,CRVBND,12.4,80.5,51.0,40.0,40.0,2,37.65424346923828,35.80753772689162,49.540730037703746,34.63275146484375
202404B,2024,2024-11-30 21:00:00,IRRCDO,12.2,80.1,37.0,35.0,35.0,2,41.93114471435547,41.32982873012649,49.540730037703746,38.03987121582031
202501B,2025,2025-10-01 12:00:00,SHEAR,16.52,86.27,35.0,25.0,25.0,3,27.647926330566406,20.99804143329648,50.69363147943891,8.491241455078125
202501B,2025,2025-10-01 18:00:00,SHEAR,17.49,86.08,31.0,30.0,30.0,3,28.984888076782227,22.885675843600122,50.69363147943891,18.840476989746094
202501B,2025,2025-10-02 00:00:00,CRVBND,17.33,85.26,32.0,30.0,30.0,3,33.110496520996094,28.710554891022216,50.69363147943891,26.798503875732422
202501B,2025,2025-10-02 06:00:00,CRVBND,17.72,84.84,35.0,30.0,30.0,3,36.872894287109375,34.02262272592237,50.69363147943891,28.307723999023438
202502A,2025,2025-10-03 05:30:00,CRVBND,21.65,66.85,39.0,34.090909090858354,34.090909090858354,0,51.05620193481445,51.35493601575467,47.71526680016013,54.997657775878906
202502A,2025,2025-10-03 12:30:00,IRRCDO,21.97,66.4,47.0,40.0,40.0,0,60.996543884277344,63.89003106687248,47.71526680016013,56.98926544189453
202502A,2025,2025-10-03 18:00:00,IRRCDO,22.01,65.84,49.0,45.0,45.0,0,56.35235595703125,58.03355878460565,47.71526680016013,48.75322341918945
202502A,2025,2025-10-04 00:00:00,CRVBND,22.15,64.68,55.0,50.0,50.0,0,55.17970657348633,56.554809707450964,47.71526680016013,50.01741409301758
202502A,2025,2025-10-04 06:00:00,CRVBND,22.03,64.25,65.0,55.0,55.0,0,56.90807342529297,58.73433661716338,47.71526680016013,52.3587646484375
202502A,2025,2025-10-04 12:00:00,EMBC,21.7,63.5,74.6,55.0,55.0,0,57.56058120727539,59.557170188717286,47.71526680016013,47.33433151245117
202502A,2025,2025-10-04 17:00:00,IRRCDO,21.13,62.92,79.6,55.0,55.0,0,61.79787826538086,64.90053982863635,47.71526680016013,57.26616668701172
202502A,2025,2025-10-05 05:30:00,EMBC,20.82,60.91,61.0,60.0,60.0,0,55.03635787963867,56.37404233425903,47.71526680016013,59.67402648925781
202502A,2025,2025-10-05 18:00:00,CRVBND,19.79,60.34,49.0,50.0,50.0,0,49.63421630859375,49.561765813298706,47.71526680016013,45.51870346069336
202502A,2025,2025-10-06 00:00:00,SHEAR,19.66,60.01,41.0,45.0,45.0,0,41.678890228271484,39.52984044428619,47.71526680016013,33.43449783325195
202502A,2025,2025-10-06 06:00:00,SHEAR,19.76,60.77,31.0,40.0,40.0,0,29.021728515625,23.56874715876136,47.71526680016013,27.2725887298584
202502A,2025,2025-10-06 12:00:00,SHEAR,19.76,60.39,31.0,35.0,35.0,0,28.014293670654297,22.298338997380327,47.71526680016013,31.267074584960938
202502A,2025,2025-10-06 18:00:00,SHEAR,19.52,60.22,28.0,30.0,30.0,0,33.136512756347656,28.757624144536198,47.71526680016013,32.28470230102539
202502A,2025,2025-10-06 22:30:00,SHEAR,19.42,60.27,25.0,30.0,30.0,0,30.61469078063965,25.57752447309525,47.71526680016013,30.72648811340332
202503B,2025,2025-10-26 18:00:00,CRVBND,11.85,85.68,35.0,35.0,35.0,1,36.126686096191406,29.004280875384577,48.893103305784514,31.153087615966797
202503B,2025,2025-10-27 00:00:00,CRVBND,11.67,84.9,35.0,35.0,35.0,1,34.49394989013672,26.759363876313557,48.893103305784514,40.01085662841797
202503B,2025,2025-10-27 06:00:00,CRVBND,13.16,84.8,35.0,40.0,40.0,1,35.29227066040039,27.8570083465167,48.893103305784514,29.76169204711914
202503B,2025,2025-10-27 13:00:00,IRRCDO,13.4,83.94,43.0,45.0,45.0,1,39.878726959228516,34.16311809808224,48.893103305784514,35.44654083251953
202503B,2025,2025-10-27 18:00:00,CRVBND,13.9,83.57,43.0,45.0,45.0,1,43.808349609375,39.56611991462484,48.893103305784514,26.14653968811035
202503B,2025,2025-10-27 23:30:00,IRRCDO,14.75,83.15,33.0,49.09090909093446,49.09090909093446,1,52.82678985595703,51.96594894982423,48.893103305784514,45.315982818603516
202503B,2025,2025-10-28 06:00:00,CRVBND,15.12,82.72,39.0,50.0,50.0,1,43.77255630493164,39.51690620986356,48.893103305784514,33.67594909667969
202503B,2025,2025-10-28 12:00:00,CRVBND,15.82,82.2,35.0,50.0,50.0,1,46.17852020263672,42.824966160442244,48.893103305784514,38.857418060302734
202503B,2025,2025-10-28 17:00:00,CRVBND,16.41,81.75,35.0,50.0,50.0,1,36.961952209472656,30.15272303615715,48.893103305784514,30.33979034423828
202505B,2025,2025-11-27 09:00:00,CRVBND,7.2,82.0,39.0,35.0,35.0,1,42.483665466308594,37.744756524665206,48.893103305784514,46.86944580078125
202505B,2025,2025-11-29 03:00:00,SHEAR,9.6,80.8,35.0,40.0,40.0,1,31.810588836669922,23.06989902508152,48.893103305784514,31.76321029663086
202505B,2025,2025-11-29 09:00:00,SHEAR,10.2,80.8,29.0,40.0,40.0,1,34.954524993896484,27.392627765449465,48.893103305784514,34.16878128051758
202505B,2025,2025-11-29 15:00:00,SHEAR,10.4,80.8,28.0,40.0,40.0,1,33.1091194152832,24.855302790204394,48.893103305784514,32.09284973144531
202505B,2025,2025-11-29 21:00:00,SHEAR,10.7,80.8,25.0,40.0,40.0,1,33.474647521972656,25.357882605181505,48.893103305784514,31.0421142578125
202505B,2025,2025-11-30 03:00:00,SHEAR,11.15,80.8,25.0,40.0,40.0,1,33.49386215209961,25.384301600266504,48.893103305784514,27.505619049072266
202505B,2025,2025-11-30 09:00:00,SHEAR,11.65,80.8,25.0,35.0,35.0,1,32.47699737548828,23.98617187526495,48.893103305784514,29.177165985107422
202505B,2025,2025-11-30 15:00:00,SHEAR,12.16,80.8,25.0,30.0,30.0,1,31.998260498046875,23.327936607213086,48.893103305784514,23.485639572143555
201401B,2014,2014-01-04 07:30:00,CRVBND,8.99,83.19,35.0,25.0,25.0,1,29.985719680786133,20.560810432611927,48.893103305784514,32.11823272705078
201401B,2014,2014-01-04 12:00:00,CRVBND,9.05,82.95,35.0,25.0,25.0,1,30.01420021057129,20.59996949898171,48.893103305784514,30.32647705078125
201401B,2014,2014-01-04 18:00:00,CRVBND,9.15,82.76,32.0,25.0,25.0,1,35.24201965332031,27.78791614436171,48.893103305784514,25.747766494750977
201401B,2014,2014-01-05 00:00:00,CRVBND,9.43,82.04,35.0,25.0,25.0,1,42.20560073852539,37.362433751440896,48.893103305784514,30.210826873779297
201401B,2014,2014-01-05 06:00:00,CRVBND,9.3,81.49,34.0,25.0,25.0,1,30.42085075378418,21.15909026432934,48.893103305784514,29.884654998779297
201401B,2014,2014-01-05 12:00:00,CRVBND,9.26,81.4,33.0,25.0,25.0,1,28.021434783935547,17.86003333242515,48.893103305784514,32.33837127685547
201401B,2014,2014-01-05 18:00:00,CRVBND,9.16,81.26,33.0,25.0,25.0,1,29.068531036376953,19.299729572425438,48.893103305784514,33.686344146728516
201401B,2014,2014-01-06 00:00:00,CRVBND,9.28,80.82,33.0,25.0,25.0,1,26.71285629272461,16.060814273862945,48.893103305784514,39.97972106933594
201402A,2014,2014-06-10 03:00:00,IRRCDO,15.3,68.7,39.0,35.34,35.34,1,41.44873809814453,36.321791790386804,48.893103305784514,30.987812042236328
201402A,2014,2014-06-10 20:00:00,EMBC,16.56,67.67,57.0,31.90909090906554,31.90909090906554,1,66.64930725097656,70.97110370474661,48.893103305784514,52.937862396240234
201402A,2014,2014-06-11 03:00:00,EMBC,17.25,66.85,59.0,35.0,35.0,1,57.11524200439453,57.86232038571772,48.893103305784514,55.95211410522461
201402A,2014,2014-06-11 09:30:00,EMBC,16.57,66.2,57.0,45.0,45.0,1,57.31196594238281,58.13280431991137,48.893103305784514,67.60816955566406
201402A,2014,2014-06-12 03:30:00,EMBC,18.47,63.65,67.4,45.0,45.0,1,75.47538757324219,83.1064490698733,48.893103305784514,55.834320068359375
201402A,2014,2014-06-12 15:00:00,EMBC,18.3,63.4,74.6,45.0,45.0,1,61.59693145751953,64.02438183849145,48.893103305784514,48.8533935546875
201402A,2014,2014-06-13 09:00:00,SHEAR,21.4,64.3,63.0,30.0,30.0,1,44.71391296386719,40.811216679611505,48.893103305784514,37.02395248413086
201402A,2014,2014-06-13 15:00:00,SHEAR,21.66,64.41,47.0,25.0,25.0,1,43.78233337402344,39.530349109288395,48.893103305784514,30.259765625
201402A,2014,2014-06-13 21:00:00,SHEAR,21.93,64.6,32.0,25.0,25.0,1,31.32305335998535,22.399566196544534,48.893103305784514,28.931655883789062
201402A,2014,2014-06-14 02:30:00,SHEAR,22.13,64.8,27.0,17.56600000005071,17.56600000005071,1,32.41084289550781,23.89521332597687,48.893103305784514,33.10538864135742
201403B,2014,2014-10-08 10:30:00,EMBC,12.89,91.35,55.0,40.0,40.0,1,45.809242248535156,42.317230524109455,48.893103305784514,47.7662467956543
201403B,2014,2014-10-09 01:30:00,EMBC,13.7,89.06,72.2,50.45454545457928,50.45454545457928,1,57.07473373413086,57.80662387811248,48.893103305784514,62.409751892089844
201403B,2014,2014-10-09 05:00:00,EMBC,13.92,88.68,77.0,55.0,55.0,1,40.02484130859375,34.36401680142565,48.893103305784514,60.45585250854492
201403B,2014,2014-10-11 06:00:00,EYE,16.07,85.22,115.0,90.0,90.0,1,78.80310821533203,87.68187075151684,48.893103305784514,62.721553802490234
201403B,2014,2014-10-11 12:00:00,EYE,16.26,84.88,127.0,95.0,95.0,1,97.38304138183594,113.22819455594588,48.893103305784514,63.40751266479492
201403B,2014,2014-10-11 23:30:00,EYE,17.2,84.24,124.6,100.0,100.0,1,104.0054931640625,122.33367927926963,48.893103305784514,68.40106201171875
201403B,2014,2014-10-12 06:00:00,EYE,17.52,83.45,122.2,100.0,100.0,1,111.83074951171875,133.09295008602817,48.893103305784514,70.45588684082031
201404A,2014,2014-10-25 23:30:00,CRVBND,14.03,63.03,49.0,25.0,25.0,0,44.393489837646484,42.95303899240873,47.71526680016013,54.62323760986328
201404A,2014,2014-10-26 06:00:00,EMBC,14.48,62.81,57.0,35.0,35.0,0,44.28787612915039,42.81985666513767,47.71526680016013,47.95323181152344
201404A,2014,2014-10-26 13:30:00,EMBC,14.29,62.9,72.2,40.0,40.0,0,57.55134582519531,59.54552407102881,47.71526680016013,55.9495849609375
201404A,2014,2014-10-27 00:00:00,EYE,14.9,62.89,90.0,55.0,55.0,0,62.446258544921875,65.71816848513907,47.71526680016013,47.32649612426758
201404A,2014,2014-10-27 05:00:00,EYE,14.97,62.57,102.0,63.63636363635518,63.63636363635518,0,58.0256233215332,60.14360344570493,47.71526680016013,54.858543395996094
201404A,2014,2014-10-27 12:30:00,EMBC,15.36,62.16,82.2,70.0,70.0,0,64.09744262695312,67.80036540757722,47.71526680016013,53.044639587402344
201404A,2014,2014-10-28 01:00:00,EMBC,15.81,61.72,87.4,75.0,75.0,0,56.3572883605957,58.0397787061964,47.71526680016013,44.45735549926758
201404A,2014,2014-10-28 06:00:00,EYE,16.12,61.47,69.8,80.0,80.0,0,84.49516296386719,93.52255530298142,47.71526680016013,51.61650085449219
201404A,2014,2014-10-28 12:00:00,EYE,16.8,61.8,99.6,100.0,100.0,0,92.59980773925781,103.7427764112257,47.71526680016013,73.16410827636719
201404A,2014,2014-10-29 00:00:00,EMBC,18.56,62.01,109.8,105.0,105.0,0,92.59605407714844,103.73804292101279,47.71526680016013,64.96601104736328
201404A,2014,2014-10-29 12:30:00,EMBC,19.84,62.57,74.6,78.99999999993861,78.99999999993861,0,43.359519958496094,41.64916928842503,47.71526680016013,49.679264068603516
201404A,2014,2014-10-30 00:00:00,IRRCDO,19.5,63.79,51.0,60.0,60.0,0,51.42222595214844,51.81650422654659,47.71526680016013,47.22309875488281
201404A,2014,2014-10-30 12:00:00,CRVBND,20.43,64.58,49.0,40.0,40.0,0,50.91852569580078,51.18132179291497,47.71526680016013,30.17604637145996
201404A,2014,2014-10-31 00:00:00,SHEAR,21.2,65.5,30.0,25.0,25.0,0,30.855628967285156,25.88135537613663,47.71526680016013,28.474212646484375
201404A,2014,2014-10-31 05:30:00,SHEAR,21.18,65.47,25.0,23.757272727258574,23.757272727258574,0,28.57843780517578,23.009743130629438,47.71526680016013,20.442750930786133
201405B,2014,2014-11-06 05:00:00,EMBC,13.96,87.0,41.0,30.0,30.0,3,38.496665954589844,36.315199370458224,50.69363147943891,48.95248031616211
201405B,2014,2014-11-06 12:00:00,CRVBND,13.86,88.01,49.0,30.0,30.0,3,34.223758697509766,30.282351539673307,50.69363147943891,29.272356033325195
201405B,2014,2014-11-07 06:00:00,CRVBND,13.3,87.1,33.0,25.0,25.0,3,29.840091705322266,24.093123851456678,50.69363147943891,26.746570587158203
201405B,2014,2014-11-07 12:00:00,CRVBND,14.27,87.11,33.0,25.0,25.0,3,30.516300201416016,25.04785156104082,50.69363147943891,30.094158172607422
201405B,2014,2014-11-08 00:00:00,SHEAR,14.57,86.7,28.0,25.0,25.0,3,24.584165573120117,16.672367757843382,50.69363147943891,28.097227096557617
201405B,2014,2014-11-08 05:30:00,SHEAR,14.6,86.15,25.0,18.6,18.6,3,25.33256721496582,17.7290237884847,50.69363147943891,24.303165435791016
201501A,2015,2015-06-07 09:00:00,CRVBND,15.8,68.4,35.0,25.0,25.0,4,35.18482208251953,28.048662895700975,49.12199992680404,62.50833511352539
201501A,2015,2015-06-07 15:00:00,CRVBND,16.3,68.5,34.0,25.0,25.0,4,42.19837951660156,38.85080092798235,49.12199992680404,32.86601638793945
201501A,2015,2015-06-07 21:00:00,IRRCDO,16.9,68.1,41.0,28.0,28.0,4,52.50731658935547,54.728415429982284,49.12199992680404,47.331111907958984
201501A,2015,2015-06-08 03:00:00,EMBC,18.0,67.5,51.0,35.0,35.0,4,55.08808135986328,58.70325666310653,49.12199992680404,57.0034065246582
201501A,2015,2015-06-08 21:00:00,IRRCDO,19.6,65.5,49.0,35.0,35.0,4,47.66856002807617,47.27586132020229,49.12199992680404,40.238040924072266
201501A,2015,2015-06-09 03:00:00,IRRCDO,20.4,64.8,47.0,35.0,35.0,4,48.31004333496094,48.26386081853113,49.12199992680404,44.81592559814453
201501A,2015,2015-06-09 15:00:00,CRVBND,21.2,62.5,53.0,40.0,40.0,4,45.6309700012207,44.13760674252754,49.12199992680404,39.271263122558594
201501A,2015,2015-06-09 21:00:00,IRRCDO,21.1,62.5,59.0,45.0,45.0,4,55.73894500732422,59.705703570563465,49.12199992680404,46.4731559753418
201501A,2015,2015-06-10 03:00:00,EMBC,21.2,61.6,69.8,45.0,45.0,4,49.37761306762695,49.908109934579514,49.12199992680404,59.570228576660156
201501A,2015,2015-06-10 21:00:00,SHEAR,20.6,61.1,74.6,45.0,45.0,4,29.851686477661133,19.83467627193634,49.12199992680404,41.55921173095703
201501A,2015,2015-06-11 03:00:00,CRVBND,20.6,60.8,55.0,40.0,40.0,4,43.04745864868164,40.15853527980906,49.12199992680404,54.13990020751953
201501A,2015,2015-06-11 09:00:00,EMBC,20.8,60.5,55.0,35.0,35.0,4,54.25257873535156,57.41643257117689,49.12199992680404,67.38832092285156
201501A,2015,2015-06-11 15:00:00,CRVBND,20.8,59.8,55.0,35.0,35.0,4,52.86302947998047,55.276277164987235,49.12199992680404,57.88758087158203
201501A,2015,2015-06-11 21:00:00,CRVBND,20.85,59.83,41.0,28.0,28.0,4,33.24026107788086,25.05368971957442,49.12199992680404,46.12076950073242
201502B,2015,2015-07-29 01:00:00,CRVBND,21.23,91.24,35.0,30.0,30.0,3,33.14086151123047,28.75342672381562,50.69363147943891,35.05431365966797
201502B,2015,2015-07-29 06:00:00,CRVBND,21.41,91.38,35.0,30.0,30.0,3,37.882286071777344,35.447766468149894,50.69363147943891,31.98862075805664
201502B,2015,2015-07-29 12:00:00,CRVBND,21.44,91.46,35.0,30.0,30.0,3,34.769813537597656,31.053317432287834,50.69363147943891,27.770811080932617
201502B,2015,2015-07-29 18:00:00,CRVBND,21.62,91.21,41.0,35.0,35.0,3,34.30432891845703,30.39610731610917,50.69363147943891,29.504491806030273
201502B,2015,2015-07-30 00:00:00,CRVBND,21.96,91.19,41.0,35.0,35.0,3,41.07996368408203,39.96251515944832,50.69363147943891,29.265789031982422
201502B,2015,2015-07-30 06:00:00,CRVBND,22.31,91.05,37.0,40.0,40.0,3,40.904151916503906,39.714289401937975,50.69363147943891,36.488136291503906
201503A,2015,2015-10-09 21:00:00,CRVBND,15.0,69.8,37.0,30.0,30.0,2,29.715492248535156,25.557103608717927,49.540730037703746,46.57562255859375
201503A,2015,2015-10-10 03:30:00,IRRCDO,15.02,69.49,45.0,30.0,30.0,2,30.761852264404297,26.908152924709448,49.540730037703746,62.00056457519531
201503A,2015,2015-10-10 09:00:00,CRVBND,15.0,69.1,47.0,30.0,30.0,2,36.71596145629883,34.596037619315325,49.540730037703746,51.7795524597168
201503A,2015,2015-10-10 15:00:00,CRVBND,15.3,69.4,35.0,30.0,30.0,2,40.308372497558594,39.23452189475173,49.540730037703746,33.424232482910156
201503A,2015,2015-10-10 21:00:00,CRVBND,15.7,69.5,33.0,30.0,30.0,2,39.09941101074219,37.673523227895494,49.540730037703746,28.521108627319336
201503A,2015,2015-10-11 03:00:00,CRVBND,15.9,69.7,32.0,25.0,25.0,2,28.177043914794922,23.570674905914764,49.540730037703746,25.440162658691406
201503A,2015,2015-10-11 09:00:00,CRVBND,16.0,69.3,35.0,25.0,25.0,2,29.833837509155273,25.709909794912683,49.540730037703746,48.565765380859375
201503A,2015,2015-10-11 15:00:00,CRVBND,16.2,69.11,39.0,25.0,25.0,2,31.583955764770508,27.969644528936527,49.540730037703746,39.649864196777344
201503A,2015,2015-10-11 21:00:00,CRVBND,16.4,68.86,34.0,23.0,23.0,2,28.701631546020508,24.24801707266053,49.540730037703746,27.34481430053711
201504A,2015,2015-10-28 20:30:00,EMBC,13.57,64.53,37.0,32.45454545456067,32.45454545456067,2,58.13517761230469,62.25230974149599,49.540730037703746,62.626869201660156
201504A,2015,2015-10-29 03:00:00,CRVBND,13.7,64.0,53.0,40.0,40.0,2,37.56549835205078,35.692950942175685,49.540730037703746,52.62060546875
201504A,2015,2015-10-29 09:00:00,EMBC,13.85,63.45,65.0,50.0,50.0,2,51.144775390625,53.226374120034826,49.540730037703746,58.04911804199219
201504A,2015,2015-10-29 15:00:00,EYE,14.25,62.75,77.0,60.0,60.0,2,71.343994140625,79.30739810973928,49.540730037703746,54.503013610839844
201504A,2015,2015-10-29 21:30:00,EMBC,14.06,62.1,82.2,77.72727272719662,77.72727272719662,2,64.57958984375,70.57326868986472,49.540730037703746,61.580204010009766
201504A,2015,2015-10-30 03:00:00,EYE,14.15,61.45,109.8,105.0,105.0,2,101.04115295410156,117.65206485286988,49.540730037703746,71.4166259765625
201504A,2015,2015-10-30 15:00:00,EYE,13.86,60.37,124.6,115.0,115.0,2,83.7716064453125,95.35380360021404,49.540730037703746,58.59463119506836
201504A,2015,2015-10-31 03:00:00,EYE,13.85,59.25,102.0,110.0,110.0,2,76.22869873046875,85.61447855513195,49.540730037703746,60.971885681152344
201504A,2015,2015-10-31 09:00:00,EYE,13.9,58.3,104.6,105.0,105.0,2,83.87584686279297,95.48839775767397,49.540730037703746,65.14447784423828
201504A,2015,2015-10-31 15:00:00,EYE,13.65,57.55,112.4,105.0,105.0,2,89.89021301269531,103.25408561817449,49.540730037703746,57.26716995239258
201504A,2015,2015-10-31 21:00:00,EYE,13.65,56.75,112.4,105.0,105.0,2,87.50479125976562,100.17405352714512,49.540730037703746,65.81859588623047
201504A,2015,2015-11-01 04:00:00,EYE,13.55,55.92,112.4,103.1818181817759,103.1818181817759,2,91.92191314697266,105.87739598466938,49.540730037703746,73.90763854980469
201504A,2015,2015-11-01 09:00:00,EYE,13.65,55.04,119.8,100.0,100.0,2,93.69096374511719,108.16157596510592,49.540730037703746,70.0468978881836
201504A,2015,2015-11-01 15:00:00,EYE,13.55,54.05,117.4,100.0,100.0,2,108.14903259277344,126.82968610973819,49.540730037703746,61.801334381103516
201504A,2015,2015-11-01 21:00:00,EYE,13.15,53.05,119.8,100.0,100.0,2,110.68438720703125,130.10330997288222,49.540730037703746,58.94139099121094
201504A,2015,2015-11-02 03:00:00,EYE,13.25,52.15,117.4,95.0,95.0,2,105.263427734375,123.10382272521015,49.540730037703746,70.49864959716797
201504A,2015,2015-11-02 09:00:00,EYE,13.35,50.94,112.4,90.0,90.0,2,100.20455932617188,116.57186374461325,49.540730037703746,67.46578979492188
201504A,2015,2015-11-02 15:00:00,EYE,13.55,50.04,92.4,85.0,85.0,2,84.1612777709961,95.85694321759424,49.540730037703746,63.30629348754883
201504A,2015,2015-11-03 03:30:00,CRVBND,13.47,48.08,72.2,53.18181818186892,53.18181818186892,2,50.02402877807617,51.779277593677044,49.540730037703746,48.7881965637207
201505A,2015,2015-11-05 08:00:00,CRVBND,14.03,64.64,37.0,31.90909090908584,31.90909090908584,0,37.98894500732422,34.876699303553984,47.71526680016013,56.04987335205078
201505A,2015,2015-11-05 14:30:00,CRVBND,13.82,63.57,53.0,39.09090909093446,39.09090909093446,0,31.151094436645508,26.25394695916112,47.71526680016013,42.33937454223633
201505A,2015,2015-11-06 09:00:00,CRVBND,13.0,61.4,53.0,45.0,45.0,0,35.670841217041016,31.953494901000557,47.71526680016013,46.74769592285156
201505A,2015,2015-11-06 15:00:00,CRVBND,12.9,60.4,45.0,45.0,45.0,0,46.04349136352539,45.033744673011505,47.71526680016013,46.32701873779297
201505A,2015,2015-11-07 09:00:00,EMBC,12.8,58.7,69.8,55.0,55.0,0,69.49647521972656,74.60872140564778,47.71526680016013,58.8658561706543
201505A,2015,2015-11-07 21:00:00,EYE,12.8,56.7,77.0,80.0,80.0,0,59.978851318359375,62.606687585184005,47.71526680016013,32.833065032958984
201505A,2015,2015-11-08 03:00:00,EYE,12.65,55.55,82.2,90.0,90.0,0,72.63797760009766,78.57025825633856,47.71526680016013,37.843971252441406
201505A,2015,2015-11-08 08:00:00,EYE,12.65,54.34,104.6,95.0,95.0,0,84.03132629394531,92.93764215057433,47.71526680016013,55.27985382080078
201505A,2015,2015-11-09 03:30:00,EMBC,12.25,49.84,69.8,80.0,80.0,0,48.8333625793457,48.55186316918405,47.71526680016013,49.95748519897461
201505A,2015,2015-11-09 09:00:00,IRRCDO,12.3,49.1,61.0,75.0,75.0,0,42.73450469970703,40.86100468431468,47.71526680016013,48.315128326416016
201505A,2015,2015-11-09 15:00:00,CRVBND,12.5,47.5,51.0,65.0,65.0,0,43.276893615722656,41.54497477825053,47.71526680016013,36.98382568359375
201505A,2015,2015-11-09 21:00:00,SHEAR,12.9,46.5,35.0,60.0,60.0,0,44.672935485839844,43.3054290590215,47.71526680016013,26.37775993347168
201601B,2016,2016-05-19 15:00:00,IRRCDO,15.7,83.3,57.0,40.0,40.0,4,32.219886779785156,23.48213004872036,49.12199992680404,40.6832160949707
201601B,2016,2016-05-19 21:00:00,CRVBND,16.7,84.0,47.0,40.0,40.0,4,36.24686050415039,29.684392799372084,49.12199992680404,41.530982971191406
201601B,2016,2016-05-20 10:00:00,EMBC,18.93,86.4,57.0,40.0,40.0,4,52.81113052368164,55.19634345161276,49.12199992680404,69.33645629882812
201601B,2016,2016-05-20 15:00:00,CRVBND,19.2,87.6,57.0,40.0,40.0,4,36.88551712036133,30.668038686410185,49.12199992680404,42.296932220458984
201602A,2016,2016-06-27 09:00:00,CRVBND,21.8,64.4,49.0,25.0,25.0,0,46.55175018310547,45.67467560339559,47.71526680016013,47.233524322509766
201602A,2016,2016-06-27 15:00:00,IRRCDO,21.7,63.8,49.0,25.0,25.0,0,38.799232482910156,35.89849820914886,47.71526680016013,39.49165725708008
201602A,2016,2016-06-28 03:00:00,CRVBND,21.2,62.2,37.0,25.0,25.0,0,29.3369140625,23.966206402005017,47.71526680016013,34.577640533447266
201602A,2016,2016-06-28 21:00:00,SHEAR,20.3,63.2,33.0,25.0,25.0,0,26.311925888061523,20.151597760987134,47.71526680016013,27.479206085205078
201603B,2016,2016-10-25 04:30:00,EMBC,16.62,90.88,45.0,35.0,35.0,3,39.805511474609375,38.16313694111315,50.69363147943891,62.32243347167969
201603B,2016,2016-10-25 11:30:00,EMBC,16.72,90.36,57.0,35.0,35.0,3,41.03325653076172,39.89657009403093,50.69363147943891,61.8465576171875
201603B,2016,2016-10-26 12:00:00,CRVBND,16.36,86.53,57.0,40.0,40.0,3,45.70446014404297,46.49176603207615,50.69363147943891,50.93806076049805
201603B,2016,2016-10-27 00:00:00,IRRCDO,15.68,85.27,41.0,30.0,30.0,3,27.272104263305664,20.467424406802802,50.69363147943891,22.763917922973633
201603B,2016,2016-10-27 04:30:00,CRVBND,15.48,84.55,43.0,30.0,30.0,3,31.57328987121582,26.540197978353735,50.69363147943891,45.164695739746094
201604B,2016,2016-11-30 03:30:00,IRRCDO,8.95,85.23,51.0,35.0,35.0,2,33.844383239746094,30.88828529081378,49.540730037703746,37.281227111816406
201604B,2016,2016-11-30 09:00:00,CRVBND,9.5,84.5,51.0,35.0,35.0,2,30.32053565979004,26.338329453096254,49.540730037703746,38.88908386230469
201604B,2016,2016-11-30 15:00:00,CRVBND,10.1,83.5,37.0,40.0,40.0,2,24.49628257751465,18.81811363480206,49.540730037703746,35.771636962890625
201604B,2016,2016-11-30 21:00:00,SHEAR,10.2,82.3,33.0,40.0,40.0,2,31.745311737060547,28.17798570471485,49.540730037703746,27.152828216552734
201604B,2016,2016-12-01 03:00:00,SHEAR,10.3,81.4,34.0,30.0,30.0,2,29.156949996948242,24.835919584563438,49.540730037703746,28.901912689208984
201604B,2016,2016-12-01 09:00:00,SHEAR,10.4,80.9,25.0,30.0,30.0,2,32.04143524169922,28.56033733543802,49.540730037703746,28.649993896484375
201604B,2016,2016-12-01 15:00:00,SHEAR,10.6,80.4,25.0,28.0,28.0,2,32.59661102294922,29.277174607636194,49.540730037703746,25.4407901763916
201604B,2016,2016-12-01 21:00:00,SHEAR,10.75,79.7,25.0,25.0,25.0,2,26.36712646484375,21.23372806575238,49.540730037703746,25.074867248535156
201605B,2016,2016-12-07 15:00:00,CRVBND,10.9,91.7,39.0,28.0,28.0,4,33.93975830078125,26.13104106744379,49.12199992680404,72.67716979980469
201605B,2016,2016-12-07 20:30:00,IRRCDO,11.17,92.0,51.0,32.45454545456067,32.45454545456067,4,46.237972259521484,45.072499233492046,49.12199992680404,73.87840270996094
201605B,2016,2016-12-08 03:30:00,CRVBND,11.63,92.1,55.0,35.0,35.0,4,36.45425033569336,30.003810385650386,49.12199992680404,61.65992736816406
201605B,2016,2016-12-08 09:00:00,CRVBND,11.4,91.9,53.0,35.0,35.0,4,40.709861755371094,36.55821624874695,49.12199992680404,44.258934020996094
201605B,2016,2016-12-08 15:00:00,CRVBND,11.7,91.6,41.0,40.0,40.0,4,38.41362762451172,33.0216033003103,49.12199992680404,29.80152130126953
201605B,2016,2016-12-08 20:30:00,IRRCDO,11.88,91.33,53.0,40.0,40.0,4,58.56765365600586,64.06242290498872,49.12199992680404,36.52729415893555
201605B,2016,2016-12-09 09:00:00,IRRCDO,11.9,90.5,49.0,45.0,45.0,4,40.26068115234375,35.866397450522506,49.12199992680404,38.92564392089844
201605B,2016,2016-12-10 02:30:00,EMBC,12.82,87.52,65.0,55.0,55.0,4,61.94802474975586,69.26880147937347,49.12199992680404,76.11119079589844
201605B,2016,2016-12-10 15:00:00,EMBC,13.3,85.8,63.0,65.0,65.0,4,71.3604736328125,83.76566316649503,49.12199992680404,62.04420852661133
201605B,2016,2016-12-10 21:00:00,EMBC,13.35,83.72,63.0,65.0,65.0,4,50.9510612487793,52.331502713378974,49.12199992680404,66.88665771484375
201605B,2016,2016-12-11 21:00:00,EYE,13.2,82.0,74.6,70.0,70.0,4,71.43143463134766,83.87495584831728,49.12199992680404,69.6760482788086
201605B,2016,2016-12-12 04:00:00,EYE,13.25,80.82,67.4,70.0,70.0,4,58.800392150878906,64.42088198523052,49.12199992680404,64.59477996826172
201701B,2017,2017-04-16 03:00:00,IRRCDO,16.8,92.7,51.0,40.0,40.0,3,43.132022857666016,42.85978392499092,50.69363147943891,55.97739028930664
201701B,2017,2017-04-16 09:10:00,IRRCDO,17.33,93.13,53.0,40.0,40.0,3,42.758914947509766,42.332998972496306,50.69363147943891,63.72749328613281
201701B,2017,2017-04-16 15:40:00,IRRCDO,18.61,93.99,53.0,40.0,40.0,3,40.28120422363281,38.83475974881885,50.69363147943891,58.48680877685547
201702B,2017,2017-05-28 07:00:00,EMBC,14.68,89.54,45.0,26.36363636361945,26.36363636361945,2,39.319664001464844,37.95791162954304,49.540730037703746,80.0836181640625
201702B,2017,2017-05-28 12:10:00,IRRCDO,15.41,90.82,49.0,30.454545454570823,30.454545454570823,2,49.0360221862793,50.503573620094386,49.540730037703746,53.4140625
201702B,2017,2017-05-28 18:10:00,IRRCDO,16.62,91.44,49.0,35.45454545457082,35.45454545457082,2,46.624412536621094,47.38972798551813,49.540730037703746,54.10392761230469
201702B,2017,2017-05-29 00:10:00,IRRCDO,17.11,91.05,51.0,45.0,45.0,2,54.99577331542969,58.198743126194195,49.540730037703746,75.34058380126953
201702B,2017,2017-05-29 13:10:00,IRRCDO,19.08,91.58,57.0,51.8181818182241,51.8181818182241,2,70.77449798583984,78.57207051817112,49.540730037703746,42.6337890625
201702B,2017,2017-05-29 22:40:00,EYE,20.74,91.84,69.8,60.0,60.0,2,75.46990203857422,84.63472805242453,49.540730037703746,60.13166427612305
201703B,2017,2017-11-30 03:00:00,EMBC,7.7,76.9,51.0,35.0,35.0,3,45.072547912597656,45.59957949364741,50.69363147943891,69.97294616699219
201703A,2017,2017-11-30 08:30:00,EMBC,7.97,76.27,55.0,44.09090909093446,44.09090909093446,1,53.78950119018555,53.289620851870325,48.893103305784514,62.13811492919922
201703B,2017,2017-11-30 14:30:00,EYE,8.42,74.91,72.2,45.0,45.0,3,35.43740463256836,31.99587837424882,50.69363147943891,64.1169204711914
201703B,2017,2017-12-01 03:00:00,EYE,8.9,73.8,84.8,55.0,55.0,3,43.120765686035156,42.84389010858724,50.69363147943891,60.08952713012695
201703B,2017,2017-12-01 09:30:00,EMBC,8.79,72.28,90.0,65.0,65.0,3,39.745758056640625,38.0787720681388,50.69363147943891,55.93986511230469
201703B,2017,2017-12-01 15:30:00,EYE,9.14,72.25,90.0,65.90909090906554,65.90909090906554,3,50.81370544433594,53.70542585952669,50.69363147943891,57.69739532470703
201703B,2017,2017-12-01 22:00:00,EYE,9.31,71.67,90.0,76.50000000002046,76.50000000002046,3,55.02002716064453,59.64426265495874,50.69363147943891,56.79253387451172
201703B,2017,2017-12-02 03:00:00,EYE,9.45,71.45,107.2,80.0,80.0,3,67.74533081054688,77.61091063057006,50.69363147943891,62.187923431396484
201703B,2017,2017-12-02 09:00:00,EYE,10.25,70.65,107.2,85.0,85.0,3,61.58634948730469,68.91514569109009,50.69363147943891,56.814144134521484
201703B,2017,2017-12-03 04:00:00,IRRCDO,12.22,69.04,67.4,78.50000000001023,78.50000000001023,3,39.90786361694336,38.30764625589705,50.69363147943891,63.295387268066406
201703B,2017,2017-12-03 14:30:00,EMBC,13.05,68.7,72.2,75.0,75.0,3,51.27003479003906,54.34970979496363,50.69363147943891,73.43318176269531
201703B,2017,2017-12-03 21:00:00,EMBC,14.0,68.7,79.6,75.0,75.0,3,53.36063003540039,57.301387009611624,50.69363147943891,66.85830688476562
201703B,2017,2017-12-04 04:00:00,EMBC,14.72,68.95,79.6,65.0,65.0,3,41.62955856323242,40.73847917528298,50.69363147943891,67.65853118896484
201703B,2017,2017-12-05 09:00:00,SHEAR,18.7,70.8,82.2,30.0,30.0,3,31.62340545654297,26.610955353143098,50.69363147943891,33.53690719604492
201703B,2017,2017-12-05 17:00:00,SHEAR,20.03,71.41,47.0,21.499999999989768,21.499999999989768,3,28.73565101623535,22.533782116541108,50.69363147943891,26.3157958984375
201704B,2017,2017-12-08 21:00:00,CRVBND,18.7,86.9,41.0,25.0,25.0,0,38.55022430419922,35.58449078319547,47.71526680016013,44.46033477783203
201704B,2017,2017-12-09 03:00:00,CRVBND,19.7,87.0,37.0,25.0,25.0,0,37.83790588378906,34.68623404797462,47.71526680016013,51.830684661865234
201704B,2017,2017-12-09 09:00:00,SHEAR,19.1,86.9,32.0,27.9,27.9,0,26.296607971191406,20.13228136876157,47.71526680016013,33.17823028564453
201704B,2017,2017-12-09 15:00:00,SHEAR,19.7,87.2,27.0,26.040000000000003,26.040000000000003,0,28.871862411499023,23.379761118873535,47.71526680016013,28.347332000732422
201704B,2017,2017-12-09 21:00:00,SHEAR,20.31,87.63,25.0,23.25,23.25,0,29.119121551513672,23.691562950047835,47.71526680016013,28.003971099853516
201704B,2017,2017-12-10 03:45:00,SHEAR,21.04,88.26,25.0,20.62909090908619,20.62909090908619,0,35.62211608886719,31.892050926925815,47.71526680016013,28.994976043701172
201801A,2018,2018-05-17 00:00:00,CRVBND,13.21,49.1,37.0,30.0,30.0,2,51.13980484008789,53.219956196183176,49.540730037703746,48.94462585449219
201801A,2018,2018-05-17 11:00:00,IRRCDO,13.05,48.47,49.0,38.1818181817759,38.1818181817759,2,52.87934112548828,55.46602759884517,49.540730037703746,71.30400085449219
201801A,2018,2018-05-17 18:00:00,CRVBND,12.7,47.54,47.0,40.0,40.0,2,42.86244201660156,42.53231025092429,49.540730037703746,62.119293212890625
201801A,2018,2018-05-18 00:00:00,EMBC,12.28,46.59,41.0,45.0,45.0,2,49.9213752746582,51.646732443371604,49.540730037703746,43.514747619628906
201801A,2018,2018-05-18 18:00:00,IRRCDO,11.3,45.1,67.4,45.0,45.0,2,41.463741302490234,40.72632224066255,49.540730037703746,21.024070739746094
201802A,2018,2018-05-22 12:00:00,CRVBND,10.02,56.99,34.0,35.0,35.0,1,61.749916076660156,64.23472676183646,48.893103305784514,67.78903198242188
201802A,2018,2018-05-23 19:00:00,EMBC,12.67,55.8,77.0,70.0,70.0,1,71.96176147460938,78.27541823467165,48.893103305784514,67.3224105834961
201802A,2018,2018-05-24 12:30:00,EMBC,14.35,55.26,77.0,80.0,80.0,1,66.64417266845703,70.96404395342948,48.893103305784514,60.70891571044922
201802A,2018,2018-05-24 16:45:00,EYE,14.8,54.78,69.8,80.0,80.0,1,81.93077087402344,91.98222438109809,48.893103305784514,56.94458770751953
201802A,2018,2018-05-24 23:00:00,EMBC,15.34,54.51,63.0,83.1818181817759,83.1818181817759,1,87.28221130371094,99.3401426691666,48.893103305784514,56.22585678100586
201802A,2018,2018-05-25 19:00:00,EYE,16.81,53.77,99.6,93.63636363635518,93.63636363635518,1,89.98548126220703,103.05698110295742,48.893103305784514,68.15946197509766
201805A,2018,2018-10-08 06:00:00,CRVBND,12.76,61.73,45.0,40.0,40.0,2,43.42744827270508,43.26184053138471,49.540730037703746,76.07723999023438
201805A,2018,2018-10-08 12:00:00,CRVBND,12.53,61.05,47.0,45.0,45.0,2,40.81496810913086,39.88863295033378,49.540730037703746,66.37454223632812
201805A,2018,2018-10-08 23:00:00,EMBC,12.67,60.87,53.0,45.0,45.0,2,56.76742172241211,60.486277370746606,49.540730037703746,66.94294738769531
201805A,2018,2018-10-09 06:30:00,CRVBND,13.12,60.17,59.0,45.90909090906554,45.90909090906554,2,49.103031158447266,50.5900949173915,49.540730037703746,57.78556442260742
201805A,2018,2018-10-09 12:00:00,EMBC,13.43,59.67,53.0,55.0,55.0,2,50.574363708496094,52.48986440895446,49.540730037703746,67.51411437988281
201805A,2018,2018-10-10 05:30:00,EYE,14.26,58.94,77.0,73.18181818186892,73.18181818186892,2,67.05389404296875,73.76806488353685,49.540730037703746,63.05213165283203
201806B,2018,2018-10-10 06:00:00,EMBC,16.87,85.72,59.0,70.0,70.0,0,74.50430297851562,80.92375536274814,47.71526680016013,65.03194427490234
201805A,2018,2018-10-10 12:00:00,CRVBND,14.39,58.69,87.4,75.0,75.0,2,72.39942169189453,80.67015533439955,49.540730037703746,57.310707092285156
201806B,2018,2018-10-10 12:00:00,EYE,17.75,85.61,97.2,80.0,80.0,0,89.18997192382812,99.4428623567171,47.71526680016013,59.11347961425781
201805A,2018,2018-10-10 23:45:00,CRVBND,14.54,58.1,84.8,75.0,75.0,2,43.334632873535156,43.14199824033746,49.540730037703746,42.59287643432617
201806B,2018,2018-10-10 23:15:00,EMBC,19.0,85.0,84.8,80.0,80.0,0,101.46664428710938,114.92414617648316,47.71526680016013,70.73199462890625
201805A,2018,2018-10-11 05:45:00,CRVBND,14.52,57.9,67.4,70.0,70.0,2,51.78632736206055,54.05473944271112,49.540730037703746,49.52788162231445
201805A,2018,2018-10-11 12:15:00,CRVBND,14.37,57.91,51.0,70.0,70.0,2,41.55119323730469,40.839239281567494,49.540730037703746,55.02574920654297
201805A,2018,2018-10-11 23:45:00,CRVBND,14.53,57.58,33.0,60.45454545457082,60.45454545457082,2,44.15826416015625,44.20546250650052,49.540730037703746,38.53692626953125
201805A,2018,2018-10-12 06:15:00,CRVBND,14.63,57.2,32.0,50.0,50.0,2,49.053489685058594,50.526127475287566,49.540730037703746,47.159751892089844
201805A,2018,2018-10-12 12:00:00,CRVBND,14.6,56.99,33.0,50.0,50.0,2,43.869625091552734,43.83277470278958,49.540730037703746,47.24481964111328
201805A,2018,2018-10-13 00:15:00,SHEAR,14.57,55.76,31.0,44.54545454542918,44.54545454542918,2,38.66365051269531,37.11087374407196,49.540730037703746,41.645450592041016
201805A,2018,2018-10-13 06:15:00,CRVBND,14.6,54.9,33.0,40.0,40.0,2,30.88193702697754,27.063205137977384,49.540730037703746,52.51527404785156
201805A,2018,2018-10-13 12:00:00,CRVBND,14.79,54.31,33.0,40.0,40.0,2,37.42749786376953,35.51476612770338,49.540730037703746,47.780235290527344
201805A,2018,2018-10-14 00:00:00,CRVBND,15.2,52.9,34.0,40.0,40.0,2,39.26367950439453,37.88562502137201,49.540730037703746,39.95688247680664
201807B,2018,2018-11-10 20:45:00,IRRCDO,13.2,89.21,37.0,32.72727272725751,32.72727272725751,3,35.700958251953125,32.367985416442714,50.69363147943891,51.950252532958984
201807B,2018,2018-11-11 03:15:00,CRVBND,13.41,88.98,47.0,35.454545454486265,35.454545454486265,3,33.367897033691406,29.07397446257594,50.69363147943891,57.95002746582031
201807B,2018,2018-11-11 09:15:00,CRVBND,13.41,88.38,45.0,40.0,40.0,3,35.40254211425781,31.946656555166044,50.69363147943891,59.82866287231445
201807B,2018,2018-11-11 15:15:00,CRVBND,13.4,87.28,45.0,40.0,40.0,3,31.001956939697266,25.733542362120428,50.69363147943891,61.61235809326172
201807B,2018,2018-11-11 20:45:00,IRRCDO,12.9,86.72,41.0,40.0,40.0,3,30.5373477935791,25.07756831197519,50.69363147943891,58.828853607177734
201807B,2018,2018-11-12 02:45:00,CRVBND,12.4,86.91,45.0,40.0,40.0,3,30.829994201660156,25.49075098643025,50.69363147943891,38.55012512207031
201807B,2018,2018-11-12 08:45:00,CRVBND,12.2,87.21,49.0,40.0,40.0,3,30.269556045532227,24.699477525279605,50.69363147943891,32.30164337158203
201807B,2018,2018-11-12 15:15:00,CRVBND,12.6,87.49,39.0,40.45454545457082,40.45454545457082,3,29.347332000732422,23.397404488484945,50.69363147943891,47.32429122924805
201807B,2018,2018-11-12 21:15:00,CRVBND,13.2,87.59,35.0,44.54545454542072,44.54545454542072,3,29.526046752929688,23.649728922472146,50.69363147943891,67.71316528320312
201807B,2018,2018-11-13 03:15:00,CRVBND,13.7,87.18,45.0,40.0,40.0,3,35.823455810546875,32.540937714767054,50.69363147943891,68.15460968017578
201807B,2018,2018-11-13 09:15:00,CRVBND,13.79,86.07,45.0,40.0,40.0,3,37.90778732299805,35.48377126742425,50.69363147943891,59.87454605102539
201807B,2018,2018-11-13 15:15:00,EYE,13.39,85.58,53.0,40.0,40.0,3,33.50482940673828,29.267307039203075,50.69363147943891,55.94715881347656
201807B,2018,2018-11-14 09:00:00,EMBC,12.6,84.5,53.0,45.0,45.0,3,45.360595703125,46.006269455234076,50.69363147943891,75.55140686035156
201807B,2018,2018-11-14 15:45:00,EMBC,12.05,83.51,55.0,45.0,45.0,3,36.93239212036133,34.106626743017685,50.69363147943891,59.687416076660156
201807B,2018,2018-11-15 08:45:00,EMBC,11.21,81.64,72.2,55.0,55.0,3,42.587364196777344,42.09078927493951,50.69363147943891,65.60897827148438
201807B,2018,2018-11-15 15:45:00,EMBC,10.77,80.57,79.6,65.99999999997954,65.99999999997954,3,59.24580764770508,65.6105729703756,50.69363147943891,65.91798400878906
201807B,2018,2018-11-16 19:45:00,CRVBND,9.7,74.99,49.0,26.636363636373783,26.636363636373783,3,34.66089630126953,30.899538968730393,50.69363147943891,57.09430694580078
201807B,2018,2018-11-17 03:15:00,CRVBND,10.11,73.65,53.0,30.0,30.0,3,38.94298553466797,36.94535068161753,50.69363147943891,61.940406799316406
201807B,2018,2018-11-17 10:15:00,CRVBND,9.83,71.96,55.0,30.0,30.0,3,44.3075065612793,44.519430129507995,50.69363147943891,67.51622009277344
201807B,2018,2018-11-17 13:45:00,CRVBND,10.06,71.31,55.0,30.0,30.0,3,43.32972717285156,43.138919412199925,50.69363147943891,51.712955474853516
201807B,2018,2018-11-18 09:15:00,CRVBND,10.61,68.36,57.0,30.0,30.0,3,42.614013671875,42.12841523271523,50.69363147943891,72.57270050048828
201807B,2018,2018-11-18 15:15:00,SHEAR,11.01,67.97,51.0,30.0,30.0,3,35.60879135131836,32.237856477734,50.69363147943891,48.72650909423828
201807B,2018,2018-11-18 21:15:00,SHEAR,10.61,67.37,39.0,30.0,30.0,3,29.92620086669922,24.214699967241287,50.69363147943891,34.547760009765625
201807B,2018,2018-11-19 03:15:00,SHEAR,10.75,66.51,31.0,29.545454545429177,29.545454545429177,3,32.135467529296875,27.333927413845313,50.69363147943891,41.207618713378906
201807B,2018,2018-11-19 09:15:00,CRVBND,10.85,65.59,34.0,25.0,25.0,3,31.324604034423828,26.189082515093546,50.69363147943891,57.967952728271484
201808B,2018,2018-12-15 15:15:00,IRRCDO,10.83,84.88,45.0,35.0,35.0,4,44.67713928222656,42.66853613423167,49.12199992680404,44.30946350097656
201808B,2018,2018-12-16 21:00:00,EMBC,14.7,82.1,77.0,55.0,55.0,4,49.49589538574219,50.09028594711918,49.12199992680404,62.47209930419922
201808B,2018,2018-12-17 09:15:00,CRVBND,16.63,82.3,61.0,39.090909090858354,39.090909090858354,4,41.49607467651367,37.76912534541665,49.12199992680404,45.23220443725586
201901B,2019,2019-04-27 14:45:00,IRRCDO,6.67,89.32,55.0,45.0,45.0,0,35.974205017089844,32.33604653634805,47.71526680016013,30.545040130615234
201901B,2019,2019-04-28 02:45:00,CRVBND,7.38,87.92,37.0,45.0,45.0,0,34.21092987060547,30.112499129747054,47.71526680016013,33.75968551635742
201901B,2019,2019-04-28 09:15:00,EMBC,7.82,87.38,49.0,45.0,45.0,0,31.037742614746094,26.111006618783463,47.71526680016013,51.915977478027344
201901B,2019,2019-04-28 15:15:00,CRVBND,8.82,86.68,51.0,45.0,45.0,0,36.38261032104492,32.85105893033659,47.71526680016013,42.6624641418457
201901B,2019,2019-04-30 08:45:00,EMBC,12.88,85.53,84.8,84.4999999999693,84.4999999999693,0,61.46516799926758,64.48098134348403,47.71526680016013,49.28834533691406
201901B,2019,2019-05-01 04:15:00,EMBC,14.11,83.79,90.0,95.0,95.0,0,58.96659851074219,61.330203815938226,47.71526680016013,49.045467376708984
201901B,2019,2019-05-01 09:15:00,EYE,14.69,84.18,90.0,95.45454545457082,95.45454545457082,0,86.88558959960938,96.53696116991149,47.71526680016013,61.71924591064453
201901B,2019,2019-05-01 15:15:00,EYE,15.22,84.15,97.2,100.0,100.0,0,92.30418395996094,103.36998519421358,47.71526680016013,51.49799346923828
201901B,2019,2019-05-02 03:45:00,EMBC,16.28,84.62,90.0,105.99999999995909,105.99999999995909,0,84.63401794433594,93.69765595719893,47.71526680016013,50.923736572265625
201901B,2019,2019-05-02 09:15:00,EYE,17.13,85.01,107.2,115.0,115.0,0,95.87581634521484,107.87392999454588,47.71526680016013,78.3421401977539
201901B,2019,2019-05-02 14:45:00,EYE,17.79,85.0,122.2,115.0,115.0,0,99.97317504882812,113.04083281030792,47.71526680016013,84.08737182617188
201902A,2019,2019-06-10 14:45:00,IRRCDO,13.68,70.8,37.0,32.699999999981586,32.699999999981586,2,32.25140380859375,28.831446594565193,49.540730037703746,25.44849395751953
201902A,2019,2019-06-10 20:45:00,CRVBND,14.17,70.7,47.0,35.0,35.0,2,35.77306365966797,33.378577659198356,49.540730037703746,34.69941711425781
201902A,2019,2019-06-11 03:45:00,IRRCDO,15.19,70.6,61.0,41.00000000006139,41.00000000006139,2,39.32088088989258,37.959482863394676,49.540730037703746,43.947017669677734
201902A,2019,2019-06-11 09:15:00,EMBC,15.63,70.9,72.2,45.909090909141646,45.909090909141646,2,52.146461486816406,54.51974092932895,49.540730037703746,60.15019989013672
201902A,2019,2019-06-11 14:45:00,EYE,16.72,70.9,79.6,59.545454545513735,59.545454545513735,2,64.92860412597656,71.02391234990729,49.540730037703746,48.55912780761719
201902A,2019,2019-06-11 20:45:00,IRRCDO,17.47,70.7,84.8,69.50000000006139,69.50000000006139,2,54.330406188964844,57.3396279197068,49.540730037703746,43.145809173583984
201902A,2019,2019-06-12 10:15:00,EMBC,18.83,69.99,74.6,80.0,80.0,2,80.69623565673828,91.38291639379472,49.540730037703746,60.68396759033203
201902A,2019,2019-06-12 16:15:00,IRRCDO,19.52,69.68,65.0,80.0,80.0,2,79.3822250366211,89.68627936390945,49.540730037703746,46.2843132019043
201902A,2019,2019-06-13 08:15:00,EYE,20.69,69.29,67.4,80.0,80.0,2,88.03756713867188,100.86196827527813,49.540730037703746,58.934844970703125
201902A,2019,2019-06-13 15:15:00,EYE,20.81,68.97,77.0,80.0,80.0,2,85.60572814941406,97.72200272498021,49.540730037703746,48.56505584716797
201902A,2019,2019-06-14 01:45:00,EMBC,20.94,68.42,92.4,77.27272727271036,77.27272727271036,2,70.24938201904297,77.89404616995685,49.540730037703746,54.0812873840332
201902A,2019,2019-06-14 09:15:00,EYE,20.55,68.39,79.6,74.54545454542918,74.54545454542918,2,61.98080825805664,67.21774857201508,49.540730037703746,56.07379913330078
201902A,2019,2019-06-14 14:45:00,CRVBND,20.75,68.21,79.6,70.0,70.0,2,60.665584564208984,65.51954523377616,49.540730037703746,52.201377868652344
201902A,2019,2019-06-15 03:15:00,EYE,20.78,66.98,82.2,65.0,65.0,2,80.88074493408203,91.62115287948679,49.540730037703746,63.18716812133789
201902A,2019,2019-06-15 07:45:00,EYE,20.59,67.08,77.0,65.0,65.0,2,75.7292709350586,84.96962251023083,49.540730037703746,56.669151306152344
201902A,2019,2019-06-15 15:15:00,CRVBND,20.81,66.29,74.6,65.0,65.0,2,70.6781234741211,78.44763273752018,49.540730037703746,51.20802307128906
201902A,2019,2019-06-15 20:45:00,IRRCDO,20.7,65.81,61.0,65.0,65.0,2,66.7662124633789,73.39661337981576,49.540730037703746,46.64944839477539
201902A,2019,2019-06-16 03:15:00,CRVBND,21.21,65.3,45.0,55.0,55.0,2,60.10036849975586,64.78974405092752,49.540730037703746,44.070953369140625
201902A,2019,2019-06-16 08:15:00,IRRCDO,20.76,65.75,43.0,55.0,55.0,2,71.98306274414062,80.13255693323873,49.540730037703746,37.83919906616211
201902A,2019,2019-06-16 14:45:00,SHEAR,20.68,65.48,39.0,45.45454545457928,45.45454545457928,2,54.60939025878906,57.69984928806199,49.540730037703746,29.60444450378418
201902A,2019,2019-06-16 21:15:00,SHEAR,21.01,66.42,39.0,39.54545454542918,39.54545454542918,2,25.948699951171875,20.693460044693172,49.540730037703746,26.736106872558594
201902A,2019,2019-06-17 03:15:00,SHEAR,22.12,67.12,29.0,30.0,30.0,2,32.43946075439453,29.074263793367038,49.540730037703746,30.361780166625977
201902A,2019,2019-06-17 09:15:00,SHEAR,22.67,67.67,25.0,25.0,25.0,2,28.249683380126953,23.664466238211908,49.540730037703746,28.74388885498047
201903A,2019,2019-09-23 03:45:00,EMBC,20.3,65.28,47.0,41.36363636361945,41.36363636361945,1,52.252105712890625,51.17579179088932,48.893103305784514,44.67424774169922
201903A,2019,2019-09-23 09:15:00,CRVBND,20.2,63.95,72.2,55.0,55.0,1,58.6042366027832,59.909601062811795,48.893103305784514,45.221275329589844
201903A,2019,2019-09-23 14:45:00,EMBC,20.2,62.95,77.0,55.0,55.0,1,77.92208862304688,86.47052022722441,48.893103305784514,35.01625061035156
201903A,2019,2019-09-24 01:45:00,EYE,20.13,60.58,84.8,72.7272727272389,72.7272727272389,1,57.53061294555664,58.43343118933502,48.893103305784514,36.032989501953125
201903A,2019,2019-09-24 14:15:00,EMBC,19.9,57.95,67.4,64.09090909093446,64.09090909093446,1,55.45091247558594,55.573964411603235,48.893103305784514,39.99638366699219
201904A,2019,2019-10-25 12:45:00,EMBC,16.13,71.66,63.0,51.36363636361945,51.36363636361945,1,75.41936492919922,83.0294212037192,48.893103305784514,61.42383575439453
201904A,2019,2019-10-25 22:45:00,EMBC,16.57,71.04,74.6,62.72727272733192,62.72727272733192,1,78.74844360351562,87.60671010042134,48.893103305784514,68.72500610351562
201904A,2019,2019-10-26 07:15:00,EMBC,16.9,70.04,84.8,77.27272727271036,77.27272727271036,1,77.8826904296875,86.41635001058002,48.893103305784514,53.615509033203125
201904A,2019,2019-10-26 12:15:00,EYE,16.75,69.49,84.8,85.45454545448627,85.45454545448627,1,89.01083374023438,101.71689763934275,48.893103305784514,48.550106048583984
201904A,2019,2019-10-27 00:15:00,EYE,17.13,68.22,132.2,120.45454545448628,120.45454545448628,1,106.06729125976562,125.1685313371416,48.893103305784514,66.51802825927734
201904A,2019,2019-10-27 06:15:00,EYE,17.31,67.39,140.0,125.0,125.0,1,107.23893737792969,126.77947637395056,48.893103305784514,67.51168060302734
201904A,2019,2019-10-27 11:45:00,EYE,17.56,66.88,129.6,130.0,130.0,1,108.68269348144531,128.76455676065095,48.893103305784514,64.31224822998047
201904A,2019,2019-10-28 00:15:00,EYE,18.29,65.44,127.0,125.0,125.0,1,101.58397674560547,119.00423552028089,48.893103305784514,67.41926574707031
201904A,2019,2019-10-28 06:15:00,EYE,18.38,64.81,129.6,125.0,125.0,1,107.35874938964844,126.94421089799853,48.893103305784514,67.5151138305664
201904A,2019,2019-10-28 12:15:00,EYE,18.61,64.41,127.0,125.0,125.0,1,103.16081237792969,121.17229249275361,48.893103305784514,62.055091857910156
201904A,2019,2019-10-29 06:15:00,EYE,19.36,63.27,109.8,109.54545454551372,109.54545454551372,1,87.34014129638672,99.41979302838057,48.893103305784514,60.97705078125
201904A,2019,2019-10-29 11:45:00,EYE,19.45,63.01,112.4,100.45454545457082,100.45454545457082,1,87.37593841552734,99.46901197812797,48.893103305784514,48.67729568481445
201904A,2019,2019-10-29 23:15:00,EMBC,19.61,62.51,90.0,86.36363636364482,86.36363636364482,1,62.11920166015625,64.74247288814148,48.893103305784514,60.18328094482422
201904A,2019,2019-10-30 12:15:00,CRVBND,19.0,61.41,59.0,64.54545454542918,64.54545454542918,1,42.271018981933594,37.45238001840787,48.893103305784514,49.680694580078125
201905A,2019,2019-10-30 12:15:00,CRVBND,9.85,74.2,39.0,35.45454545457082,35.45454545457082,0,31.44781494140625,26.628121182714118,47.71526680016013,39.78064727783203
201904A,2019,2019-10-30 23:45:00,CRVBND,18.14,60.49,35.0,50.45454545457082,50.45454545457082,1,35.911808013916016,28.708836052247207,48.893103305784514,39.05720901489258
201904A,2019,2019-10-31 05:45:00,SHEAR,17.85,60.12,33.0,40.45454545457928,40.45454545457928,1,30.77581787109375,21.647149335234026,48.893103305784514,35.35332489013672
201906A,2019,2019-12-03 09:15:00,CRVBND,6.91,57.09,37.0,30.0,30.0,3,34.4996337890625,30.671855066782115,50.69363147943891,56.41499328613281
201906A,2019,2019-12-03 15:15:00,SHEAR,7.11,57.39,33.0,30.0,30.0,3,30.04310417175293,24.379753830541567,50.69363147943891,42.930301666259766
201907A,2019,2019-12-03 15:15:00,CRVBND,13.72,69.98,35.0,40.31818181809633,40.31818181809633,1,41.60894012451172,36.542060227470316,48.893103305784514,41.74443054199219
201906A,2019,2019-12-03 20:15:00,CRVBND,7.22,57.33,33.0,30.0,30.0,3,31.660242080688477,26.66296437994831,50.69363147943891,56.30763244628906
201907A,2019,2019-12-03 20:45:00,IRRCDO,13.78,69.32,41.0,27.700000000036837,27.700000000036837,1,31.02459144592285,21.98919848253811,48.893103305784514,33.67279052734375
201906A,2019,2019-12-04 02:45:00,EMBC,7.34,57.64,41.0,30.0,30.0,3,38.061378479003906,35.70062410709269,50.69363147943891,81.7973861694336
201907A,2019,2019-12-04 03:15:00,CRVBND,14.62,69.08,39.0,30.0,30.0,1,30.64444351196289,21.466517258257195,48.893103305784514,29.71708869934082
201906A,2019,2019-12-04 09:15:00,CRVBND,7.7,57.4,51.0,30.0,30.0,3,41.041595458984375,39.908343690323186,50.69363147943891,81.27584838867188
201907A,2019,2019-12-04 08:45:00,SHEAR,14.88,68.72,32.0,30.0,30.0,1,31.68293571472168,22.89438343206447,48.893103305784514,31.120447158813477
201906A,2019,2019-12-04 14:45:00,CRVBND,8.38,57.01,51.0,30.0,30.0,3,30.361310958862305,24.829024785854944,50.69363147943891,60.97608184814453
201907A,2019,2019-12-04 15:15:00,SHEAR,14.91,68.18,29.0,30.0,30.0,1,31.03785514831543,22.007435299276356,48.893103305784514,23.658674240112305
201906A,2019,2019-12-04 20:45:00,CRVBND,8.95,56.61,39.0,32.72727272725751,32.72727272725751,3,39.63636779785156,37.9243257519097,50.69363147943891,50.09014892578125
201907A,2019,2019-12-04 20:45:00,SHEAR,15.09,67.67,25.0,28.18181818182833,28.18181818182833,1,29.811994552612305,20.321948519734033,48.893103305784514,22.415664672851562
201906A,2019,2019-12-05 02:45:00,CRVBND,9.69,55.83,37.0,35.0,35.0,3,36.646183013916016,33.70253278939665,50.69363147943891,45.74443817138672
201906A,2019,2019-12-05 15:00:00,CRVBND,9.3,54.5,47.0,35.0,35.0,3,37.75227355957031,35.264203929800054,50.69363147943891,50.78909683227539
201906A,2019,2019-12-05 20:45:00,IRRCDO,9.06,53.68,35.0,35.0,35.0,3,31.14231300354004,25.931708791754104,50.69363147943891,49.60304260253906
201906A,2019,2019-12-06 09:45:00,CRVBND,7.52,51.55,55.0,35.0,35.0,3,48.485694885253906,50.418545848702436,50.69363147943891,74.96507263183594
201906A,2019,2019-12-06 14:45:00,CRVBND,7.37,51.54,53.0,35.0,35.0,3,45.5405158996582,46.26029583635227,50.69363147943891,63.876319885253906
201906A,2019,2019-12-06 20:45:00,CRVBND,7.07,50.29,39.0,35.0,35.0,3,44.128211975097656,44.266287037407146,50.69363147943891,55.27056121826172
202001B,2020,2020-05-18 08:45:00,EYE,13.65,86.39,134.8,120.0,120.0,4,103.78324890136719,133.70255997418573,49.12199992680404,73.90473937988281
202001B,2020,2020-05-18 15:15:00,EYE,14.53,86.64,143.0,125.0,125.0,4,102.41014099121094,131.5877271923727,49.12199992680404,72.09722900390625
202001B,2020,2020-05-18 22:15:00,EMBC,15.36,86.64,132.2,127.72727272728964,127.72727272728964,4,64.8729019165039,73.77363760278588,49.12199992680404,51.60789489746094
202001B,2020,2020-05-19 07:45:00,EMBC,16.71,87.1,104.6,112.00000000002046,112.00000000002046,4,56.8986930847168,61.49192389204961,49.12199992680404,72.11058044433594
202001B,2020,2020-05-19 15:15:00,EMBC,17.91,87.13,90.0,100.0,100.0,4,58.12800598144531,63.38528652864762,49.12199992680404,81.55844116210938
202001B,2020,2020-05-20 01:45:00,EMBC,19.62,87.09,69.8,95.0,95.0,4,61.90421676635742,69.20132931734535,49.12199992680404,87.62362670898438
202002A,2020,2020-06-02 23:45:00,EYE,17.61,72.23,47.0,49.545454545420725,49.545454545420725,4,65.30184936523438,74.4342937096661,49.12199992680404,49.206825256347656
202002A,2020,2020-06-03 06:15:00,EYE,18.03,72.74,72.2,60.0,60.0,4,91.77064514160156,115.20099280806838,49.12199992680404,54.56207275390625
202003A,2020,2020-11-22 06:15:00,EYE,10.41,52.43,61.0,51.36363636345879,51.36363636345879,4,75.76641845703125,90.55160947136847,49.12199992680404,62.6750602722168
202003A,2020,2020-11-22 11:45:00,EYE,10.32,51.55,87.4,74.09090909102747,74.09090909102747,4,63.82374572753906,72.15774865097552,49.12199992680404,62.40538024902344
202003A,2020,2020-11-23 11:45:00,SHEAR,11.48,48.73,35.0,30.0,30.0,4,29.285865783691406,18.963210785950455,49.12199992680404,52.39108657836914
202003A,2020,2020-11-23 17:45:00,SHEAR,11.58,47.83,27.0,30.0,30.0,4,23.570228576660156,10.160103000339838,49.12199992680404,48.7574462890625
202004B,2020,2020-11-23 18:15:00,CRVBND,10.18,83.67,35.0,30.27272727269176,30.27272727269176,2,33.32408905029297,30.216486772030436,49.540730037703746,42.22038650512695
202003A,2020,2020-11-23 23:45:00,CRVBND,11.71,46.73,30.0,25.272727272742493,25.272727272742493,4,28.126798629760742,17.178039208884545,49.12199992680404,39.80510711669922
202004B,2020,2020-11-23 23:45:00,CRVBND,9.97,82.84,37.0,34.818181818171674,34.818181818171674,2,32.099403381347656,28.63518520255216,49.540730037703746,50.315372467041016
202003A,2020,2020-11-24 05:15:00,CRVBND,11.52,46.0,33.0,22.363636363647355,22.363636363647355,4,28.36151695251465,17.53954757962552,49.12199992680404,27.682716369628906
202004B,2020,2020-11-25 06:45:00,EMBC,11.29,81.95,61.0,60.99999999995907,60.99999999995907,2,48.33829879760742,49.60268033984665,49.540730037703746,77.94366455078125
202004B,2020,2020-11-25 13:15:00,EMBC,11.72,81.02,57.0,65.0,65.0,2,35.93975830078125,33.5938120693822,49.540730037703746,66.4375991821289
202004B,2020,2020-11-25 18:45:00,IRRCDO,12.09,80.34,57.0,64.09090909093446,64.09090909093446,2,48.51132583618164,49.82609107665654,49.540730037703746,52.84226608276367
202005B,2020,2020-12-01 19:30:00,EMBC,8.31,83.77,53.0,35.0,35.0,1,36.64845275878906,29.721679586866813,48.893103305784514,62.90090560913086
202005B,2020,2020-12-02 11:15:00,CRVBND,9.06,81.7,53.0,45.0,45.0,1,34.03915023803711,26.1340408961629,48.893103305784514,48.23622512817383
202005B,2020,2020-12-02 17:45:00,CRVBND,8.84,81.55,45.0,45.0,45.0,1,35.439449310302734,28.059370400987504,48.893103305784514,48.5645751953125
202005B,2020,2020-12-02 22:45:00,EMBC,9.15,80.94,47.0,40.0,40.0,1,41.79471206665039,36.79748580651427,48.893103305784514,48.29591369628906
202005B,2020,2020-12-03 06:45:00,CRVBND,9.2,80.09,33.0,39.09090909093446,39.09090909093446,1,37.23317337036133,30.525636304282692,48.893103305784514,49.888465881347656
202005B,2020,2020-12-03 12:00:00,CRVBND,9.22,79.4,33.0,30.0,30.0,1,31.020822525024414,21.984016436251835,48.893103305784514,34.31155014038086
202005B,2020,2020-12-03 23:45:00,CRVBND,9.4,79.41,41.0,30.0,30.0,1,30.039199829101562,20.634342515517258,48.893103305784514,41.330623626708984
202005B,2020,2020-12-04 06:15:00,CRVBND,9.3,79.36,35.0,29.81818181817167,29.81818181817167,1,32.792694091796875,24.420236436560238,48.893103305784514,38.66148376464844
202005B,2020,2020-12-04 11:45:00,CRVBND,9.3,79.31,35.0,25.27272727269176,25.27272727269176,1,31.909793853759766,23.206300134110798,48.893103305784514,47.30537796020508
202005B,2020,2020-12-05 05:15:00,CRVBND,9.0,78.85,57.0,18.98181818181345,18.98181818181345,1,34.42657470703125,26.66672693146717,48.893103305784514,51.289276123046875
202101A,2021,2021-05-14 09:45:00,CRVBND,11.96,72.22,35.0,30.0,30.0,1,37.26750183105469,30.572835934373998,48.893103305784514,42.23283767700195
202101A,2021,2021-05-14 15:15:00,CRVBND,12.22,72.2,41.0,33.181818181794505,33.181818181794505,1,38.92346954345703,32.84969489891407,48.893103305784514,48.29790496826172
202101A,2021,2021-05-15 03:15:00,EMBC,13.03,72.3,55.0,40.454545454486265,40.454545454486265,1,46.42461013793945,43.163325460011116,48.893103305784514,72.21175384521484
202101A,2021,2021-05-16 15:15:00,EYE,17.44,72.28,119.8,80.45454545457928,80.45454545457928,1,79.51464080810547,88.66018654251037,48.893103305784514,69.19274139404297
202101A,2021,2021-05-16 21:15:00,EYE,18.17,71.75,134.8,90.90909090915856,90.90909090915856,1,92.23231506347656,106.14624645755224,48.893103305784514,73.21350860595703
202101A,2021,2021-05-17 02:45:00,EYE,18.93,71.46,124.6,100.0,100.0,1,100.96898651123047,118.15865983800508,48.893103305784514,70.59850311279297
202101A,2021,2021-05-17 09:15:00,EYE,20.03,71.35,119.8,100.0,100.0,1,90.89106750488281,104.3021093378608,48.893103305784514,68.3381576538086
202101A,2021,2021-05-17 15:15:00,EYE,20.56,71.39,109.8,89.54545454551373,89.54545454551373,1,87.19243621826172,99.21670716582524,48.893103305784514,62.713863372802734
202102B,2021,2021-05-24 03:15:00,CRVBND,16.22,89.8,35.0,40.0,40.0,3,32.204383850097656,27.43122923937868,50.69363147943891,36.7958869934082
202102B,2021,2021-05-24 08:45:00,CRVBND,17.08,89.91,35.0,40.0,40.0,3,32.124691009521484,27.318712221930568,50.69363147943891,29.774169921875
202102B,2021,2021-05-24 15:15:00,CRVBND,17.62,89.09,37.0,45.454545454486265,45.454545454486265,3,32.17507553100586,27.38984930327922,50.69363147943891,20.380970001220703
202103B,2021,2021-09-24 12:10:00,CRVBND,19.01,91.31,35.0,25.0,25.0,2,29.156496047973633,24.835333450305306,49.540730037703746,33.04277801513672
202103B,2021,2021-09-26 00:15:00,IRRCDO,18.26,87.32,53.0,40.0,40.0,2,31.84577178955078,28.30769869368898,49.540730037703746,32.158302307128906
202103B,2021,2021-09-26 06:15:00,EMBC,18.5,85.96,47.0,45.0,45.0,2,34.03773498535156,31.137939080794517,49.540730037703746,39.05611801147461
202103A,2021,2021-10-01 00:45:00,EMBC,22.85,64.51,51.0,36.36363636361945,36.36363636361945,4,59.11306381225586,64.90245249730243,49.12199992680404,43.08407974243164
202103A,2021,2021-10-01 06:15:00,EMBC,23.01,64.26,55.0,45.0,45.0,4,78.53360748291016,94.81357753820167,49.12199992680404,55.5996208190918
202103A,2021,2021-10-01 12:45:00,EMBC,23.33,63.53,57.0,55.0,55.0,4,69.42152404785156,80.77933258444226,49.12199992680404,64.85470581054688
202103A,2021,2021-10-02 00:15:00,CRVBND,23.91,62.39,57.0,60.0,60.0,4,64.36573791503906,72.99251395757196,49.12199992680404,49.22289276123047
202103A,2021,2021-10-02 06:15:00,EYE,24.11,61.69,67.4,60.0,60.0,4,71.18402099609375,83.49389441634072,49.12199992680404,51.24072265625
202103A,2021,2021-10-03 00:15:00,CRVBND,24.27,59.43,65.0,60.0,60.0,4,64.91936492919922,73.84519898675508,49.12199992680404,45.02975845336914
202103A,2021,2021-10-03 06:15:00,EYE,24.3,58.68,55.0,60.0,60.0,4,71.414306640625,83.8485756665421,49.12199992680404,48.07488250732422
202104B,2021,2021-11-11 11:45:00,CRVBND,13.19,80.32,35.0,25.0,25.0,3,30.921600341796875,25.62008819656854,50.69363147943891,36.90122985839844
202105B,2021,2021-12-03 08:45:00,CRVBND,14.48,84.92,43.0,35.0,35.0,4,50.00989532470703,50.88193816376766,49.12199992680404,55.639102935791016
202105B,2021,2021-12-03 21:15:00,CRVBND,15.13,84.79,34.0,40.0,40.0,4,29.89466094970703,19.900864676788974,49.12199992680404,34.52767562866211
202105B,2021,2021-12-04 03:15:00,CRVBND,16.03,85.0,31.0,39.54545454542918,39.54545454542918,4,32.60839080810547,24.080496024825415,49.12199992680404,43.780609130859375
202105B,2021,2021-12-04 08:15:00,IRRCDO,16.33,84.89,39.0,35.0,35.0,4,33.135494232177734,24.892329961829738,49.12199992680404,56.55253219604492
202105B,2021,2021-12-05 09:15:00,CRVBND,20.02,86.56,45.0,25.0,25.0,4,50.172569274902344,51.1324852621242,49.12199992680404,66.46064758300781
202105B,2021,2021-12-05 14:45:00,IRRCDO,20.61,87.01,47.0,25.0,25.0,4,38.35753631591797,32.935212611485746,49.12199992680404,52.983001708984375
202201B,2022,2022-03-04 20:45:00,CRVBND,11.1,83.51,37.0,30.0,30.0,2,31.993144989013672,28.497985456667433,49.540730037703746,50.44612503051758
202201B,2022,2022-03-05 03:15:00,CRVBND,11.91,84.19,37.0,30.0,30.0,2,33.51017761230469,30.456762413881048,49.540730037703746,53.84800720214844
202201B,2022,2022-03-05 09:15:00,CRVBND,11.71,83.79,37.0,30.0,30.0,2,27.886999130249023,23.196172056202805,49.540730037703746,44.759803771972656
202201B,2022,2022-03-05 15:15:00,CRVBND,11.3,83.18,33.0,27.727272727252437,27.727272727252437,2,27.549528121948242,22.760432953009893,49.540730037703746,35.49040603637695
202201B,2022,2022-03-05 21:15:00,SHEAR,11.37,82.85,32.0,25.0,25.0,2,30.7052001953125,26.835004354394098,49.540730037703746,29.835105895996094
202201B,2022,2022-03-06 03:15:00,SHEAR,11.4,82.49,26.0,23.25,23.25,2,25.477354049682617,20.084863053079808,49.540730037703746,28.241817474365234
202201B,2022,2022-03-06 09:15:00,SHEAR,11.2,81.95,25.0,21.136363636396663,21.136363636396663,2,31.062166213989258,27.29591521494992,49.540730037703746,30.51874542236328
202202B,2022,2022-05-07 09:10:00,IRRCDO,9.92,90.88,43.0,28.0,28.0,0,47.31243133544922,46.633919319225505,47.71526680016013,38.03374481201172
202202B,2022,2022-05-08 03:15:00,EMBC,11.43,88.57,65.0,40.454545454486265,40.454545454486265,0,41.40690994262695,39.18686444306637,47.71526680016013,80.51726531982422
202202B,2022,2022-05-09 03:45:00,IRRCDO,14.25,85.73,59.0,55.0,55.0,0,51.27976989746094,51.636862500417486,47.71526680016013,28.120773315429688
202202B,2022,2022-05-10 02:15:00,EMBC,14.95,83.75,72.0,55.0,55.0,0,45.6349983215332,44.518621638499695,47.71526680016013,51.68880844116211
202202B,2022,2022-05-10 10:15:00,EMBC,15.18,82.02,80.0,53.18181818186892,53.18181818186892,0,55.78056716918945,57.31251449445951,47.71526680016013,51.9289665222168
202202B,2022,2022-05-11 02:45:00,EMBC,15.74,80.58,57.0,45.0,45.0,0,47.34537124633789,46.67545762002683,47.71526680016013,53.70273208618164
202202B,2022,2022-05-11 07:45:00,IRRCDO,15.69,81.04,57.0,40.0,40.0,0,38.163692474365234,35.09706155270373,47.71526680016013,51.6667366027832
202203A,2022,2022-08-12 08:15:00,CRVBND,21.83,65.7,35.0,25.0,25.0,3,38.76783752441406,36.698062072210966,50.69363147943891,46.00920486450195
202203A,2022,2022-08-12 15:15:00,SHEAR,22.11,65.49,34.0,25.0,25.0,3,39.09165573120117,37.15525569913729,50.69363147943891,34.59406661987305
202203A,2022,2022-08-12 21:15:00,SHEAR,22.41,64.59,30.0,25.0,25.0,3,36.219486236572266,33.10008659229378,50.69363147943891,34.510704040527344
202203A,2022,2022-08-13 09:15:00,SHEAR,22.15,63.68,25.0,27.9,27.9,3,32.36347198486328,27.6558431734008,50.69363147943891,31.19622039794922
202203A,2022,2022-08-13 15:15:00,SHEAR,22.26,63.77,25.0,25.786363636349485,25.786363636349485,3,29.353675842285156,23.406361254557236,50.69363147943891,23.831607818603516
202204B,2022,2022-08-19 00:15:00,CRVBND,20.89,89.1,35.0,25.0,25.0,1,35.367897033691406,27.96099019634003,48.893103305784514,28.100196838378906
202204B,2022,2022-08-19 06:45:00,CRVBND,21.05,89.0,39.0,30.0,30.0,1,46.54987335205078,43.335555069224164,48.893103305784514,42.7472038269043
202204B,2022,2022-08-19 11:15:00,CRVBND,21.35,88.37,39.0,30.0,30.0,1,42.74131393432617,38.099008132176806,48.893103305784514,36.27516174316406
202205B,2022,2022-10-23 15:15:00,CRVBND,16.34,88.61,35.0,35.0,35.0,2,42.239933013916016,41.728533014101764,49.540730037703746,59.30755615234375
202205B,2022,2022-10-23 20:15:00,CRVBND,17.07,88.95,39.0,38.99999999993861,38.99999999993861,2,36.43362045288086,34.23148181274873,49.540730037703746,57.768043518066406
202205B,2022,2022-10-24 01:45:00,CRVBND,18.05,89.31,41.0,42.72727272728964,42.72727272728964,2,44.355472564697266,44.460095974926396,49.540730037703746,69.60716247558594
202205B,2022,2022-10-24 09:15:00,CRVBND,20.06,89.92,47.0,45.0,45.0,2,47.638214111328125,48.69873817635703,49.540730037703746,68.3436279296875
202205B,2022,2022-10-24 15:15:00,CRVBND,21.76,90.42,39.0,44.54545454542918,44.54545454542918,2,57.75899887084961,61.76659161042685,49.540730037703746,57.362945556640625
202206B,2022,2022-12-08 12:15:00,IRRCDO,10.27,82.87,57.0,50.0,50.0,3,36.71923065185547,33.80566755398972,50.69363147943891,38.01106262207031
202206B,2022,2022-12-08 18:15:00,EMBC,10.72,82.28,53.0,50.0,50.0,3,37.58045196533203,35.02161183272965,50.69363147943891,51.071441650390625
202206B,2022,2022-12-09 00:15:00,CRVBND,10.87,81.61,53.0,50.0,50.0,3,47.50118637084961,49.0285343885492,50.69363147943891,49.2491340637207
202206B,2022,2022-12-09 06:15:00,CRVBND,11.32,80.8,49.0,45.0,45.0,3,38.08868408203125,35.7391764411549,50.69363147943891,48.022552490234375
202206B,2022,2022-12-09 12:15:00,CRVBND,11.63,80.8,41.0,40.0,40.0,3,39.33372497558594,37.49702930385726,50.69363147943891,36.365264892578125
202206B,2022,2022-12-09 17:45:00,CRVBND,12.25,80.67,33.0,35.500000000030695,35.500000000030695,3,33.760353088378906,29.628076743704742,50.69363147943891,33.4820671081543
202207A,2022,2022-12-15 15:15:00,CRVBND,14.21,66.07,33.0,30.0,30.0,4,46.486839294433594,45.45579916196223,49.12199992680404,39.485267639160156
202207A,2022,2022-12-15 21:15:00,SHEAR,14.0,65.27,34.0,30.0,30.0,4,23.264385223388672,9.689049309064723,49.12199992680404,33.69025802612305
202207A,2022,2022-12-16 03:15:00,SHEAR,14.01,64.47,34.0,30.0,30.0,4,40.75796890258789,36.63230989515382,49.12199992680404,35.56431198120117
202207A,2022,2022-12-16 08:45:00,SHEAR,13.6,64.13,33.0,28.181818181831712,28.181818181831712,4,34.17906951904297,26.499623322117355,49.12199992680404,32.357994079589844
202207A,2022,2022-12-16 15:15:00,SHEAR,13.59,63.39,27.0,25.0,25.0,4,26.32823371887207,14.407926236967297,49.12199992680404,30.406251907348633
202207A,2022,2022-12-16 21:15:00,SHEAR,13.63,62.77,25.0,25.0,25.0,4,23.81459617614746,10.536472990190019,49.12199992680404,27.787546157836914
202207A,2022,2022-12-17 03:15:00,SHEAR,13.78,62.13,25.0,25.0,25.0,4,24.48047637939453,11.562048090421571,49.12199992680404,23.875682830810547
202301B,2023,2023-05-11 08:30:00,EMBC,11.65,88.1,51.0,45.0,45.0,1,47.269256591796875,44.324665041652054,48.893103305784514,67.6399917602539
202301B,2023,2023-05-11 14:30:00,EYE,12.25,88.19,55.0,50.0,50.0,1,59.46966552734375,61.09951532883294,48.893103305784514,65.22140502929688
202301B,2023,2023-05-12 09:00:00,EMBC,14.33,88.52,79.6,85.0,85.0,1,83.70075988769531,94.41585598075642,48.893103305784514,70.26081085205078
202301B,2023,2023-05-12 15:00:00,EYE,14.7,88.59,104.6,90.0,90.0,1,107.45414733886719,127.07537751088033,48.893103305784514,68.89297485351562
202301B,2023,2023-05-13 03:00:00,EMBC,15.0,89.66,112.4,100.0,100.0,1,91.74681091308594,105.478706584124,48.893103305784514,84.9185791015625
202301B,2023,2023-05-13 15:30:00,EMBC,17.48,91.15,122.2,110.5000000000307,110.5000000000307,1,113.27571105957031,135.0796878883424,48.893103305784514,80.00416564941406
202302A,2023,2023-06-06 09:00:00,CRVBND,12.0,66.0,49.0,33.0,33.0,0,44.63997268676758,43.263861895474975,47.71526680016013,72.16212463378906
202302A,2023,2023-06-06 15:30:00,EMBC,12.42,66.0,57.0,35.90909090906554,35.90909090906554,0,49.4202880859375,49.291995354822916,47.71526680016013,64.44412231445312
202302A,2023,2023-06-07 16:00:00,IRRCDO,13.75,66.39,77.0,66.49999999998977,66.49999999998977,0,33.18620300292969,28.820285164366897,47.71526680016013,42.565162658691406
202302A,2023,2023-06-08 03:00:00,EYE,13.55,66.81,77.0,75.0,75.0,0,55.44340515136719,56.88734220536566,47.71526680016013,55.32208251953125
202302A,2023,2023-06-08 09:00:00,IRRCDO,14.6,65.69,79.6,75.0,75.0,0,39.19652557373047,36.39949774034246,47.71526680016013,41.508174896240234
202302A,2023,2023-06-08 15:00:00,IRRCDO,14.6,66.0,65.0,75.0,75.0,0,35.598548889160156,31.862331920284173,47.71526680016013,31.876358032226562
202302A,2023,2023-06-09 03:00:00,EMBC,14.8,66.7,55.0,70.0,70.0,0,49.960838317871094,49.97364680822764,47.71526680016013,43.58537292480469
202303B,2023,2023-06-09 09:00:00,SHEAR,19.9,91.7,41.0,39.99,39.99,2,31.89317512512207,28.368905394182125,49.540730037703746,37.59388732910156
202302A,2023,2023-06-09 15:00:00,IRRCDO,15.7,67.3,65.0,65.0,65.0,0,49.281776428222656,49.1173276417834,47.71526680016013,37.871578216552734
202303B,2023,2023-06-09 15:00:00,SHEAR,20.0,91.9,37.0,37.2,37.2,2,34.44220733642578,31.66018963028861,49.540730037703746,30.21441650390625
202302A,2023,2023-06-09 20:30:00,EMBC,16.37,67.4,72.2,70.0,70.0,0,48.296146392822266,47.87441605566355,47.71526680016013,56.670902252197266
202303B,2023,2023-06-09 21:00:00,CRVBND,20.47,91.85,35.0,30.69,30.69,2,32.47401428222656,29.11887895395666,49.540730037703746,37.89370346069336
202302A,2023,2023-06-10 03:00:00,EMBC,16.8,67.4,77.0,75.0,75.0,0,65.70235443115234,69.82421148013464,47.71526680016013,67.8322982788086
202303B,2023,2023-06-10 03:10:00,CRVBND,21.11,91.9,32.0,26.040000000000003,26.040000000000003,2,29.08696174621582,24.745551473353704,49.540730037703746,37.94512176513672
202302A,2023,2023-06-10 14:00:00,EMBC,17.44,67.39,59.0,80.0,80.0,0,53.35098648071289,54.24873409140612,47.71526680016013,39.78323745727539
202302A,2023,2023-06-11 02:00:00,SHEAR,19.15,68.86,65.0,90.0,90.0,0,40.5749397277832,38.13772289685137,47.71526680016013,33.50907897949219
202302A,2023,2023-06-11 08:30:00,EMBC,18.57,67.85,74.6,90.0,90.0,0,54.921287536621094,56.22893488276256,47.71526680016013,53.67034149169922
202302A,2023,2023-06-12 02:00:00,EMBC,19.47,67.63,74.6,90.0,90.0,0,61.815940856933594,64.92331734505724,47.71526680016013,63.748680114746094
202302A,2023,2023-06-12 08:00:00,EYE,19.67,67.15,82.2,90.0,90.0,0,63.22337341308594,66.69813565202308,47.71526680016013,67.11286163330078
202302A,2023,2023-06-12 15:00:00,EYE,20.0,67.09,74.6,90.0,90.0,0,82.70527648925781,91.26545014462708,47.71526680016013,60.455535888671875
202302A,2023,2023-06-13 15:00:00,EMBC,21.5,66.4,82.2,85.0,85.0,0,59.66415023803711,62.2098392700471,47.71526680016013,55.30018997192383
202302A,2023,2023-06-13 21:00:00,CRVBND,21.8,66.8,67.4,85.0,85.0,0,54.7061767578125,55.957673182451394,47.71526680016013,45.244266510009766
202302A,2023,2023-06-14 09:00:00,CRVBND,21.7,66.4,53.0,80.0,80.0,0,55.95884323120117,57.5373264168277,47.71526680016013,39.79930114746094
202302A,2023,2023-06-14 15:00:00,SHEAR,22.2,66.9,39.0,70.0,70.0,0,57.417110443115234,59.37624888088428,47.71526680016013,29.474077224731445
202302A,2023,2023-06-14 21:00:00,CRVBND,22.4,66.8,35.0,70.0,70.0,0,56.311683654785156,57.98226968638403,47.71526680016013,27.32465934753418
202302A,2023,2023-06-15 03:00:00,SHEAR,22.8,67.0,35.0,70.0,70.0,0,45.070404052734375,43.80664987126164,47.71526680016013,30.619579315185547
202302A,2023,2023-06-15 09:00:00,CRVBND,22.9,67.4,34.0,65.0,65.0,0,35.164161682128906,31.314555500035315,47.71526680016013,44.693382263183594
202304B,2023,2023-08-01 00:00:00,CRVBND,20.63,91.78,41.0,25.0,25.0,4,32.22083282470703,23.48358712780282,49.12199992680404,17.90850257873535
202304B,2023,2023-08-01 06:00:00,SHEAR,21.53,91.07,33.0,30.0,30.0,4,30.21782112121582,20.398589378123873,49.12199992680404,19.920949935913086
202305A,2023,2023-10-21 15:30:00,EYE,11.25,56.95,65.0,66.81818181813108,66.81818181813108,3,79.60710144042969,94.35835046680417,50.69363147943891,66.59742736816406
202305A,2023,2023-10-21 21:00:00,EYE,11.68,56.07,94.8,80.0,80.0,3,98.10826110839844,120.47983503330592,50.69363147943891,60.37940216064453
202305A,2023,2023-10-22 03:00:00,EYE,12.4,55.42,99.6,95.0,95.0,3,97.1834716796875,119.17413997294926,50.69363147943891,68.34762573242188
202305A,2023,2023-10-22 09:00:00,EYE,13.1,54.37,99.6,95.0,95.0,3,85.26815795898438,102.35110352301061,50.69363147943891,62.36048889160156
202305A,2023,2023-10-22 15:00:00,EYE,13.63,54.05,92.4,95.0,95.0,3,86.93487548828125,104.70431472704246,50.69363147943891,54.90491485595703
202305A,2023,2023-10-23 15:00:00,EYE,15.48,52.44,67.4,70.0,70.0,3,60.75355529785156,67.73933720355325,50.69363147943891,54.99330520629883
202306B,2023,2023-10-24 03:00:00,EMBC,20.0,89.5,74.6,65.0,65.0,1,74.20268249511719,81.3565538607809,48.893103305784514,68.70890808105469
202306B,2023,2023-10-24 08:30:00,EMBC,20.65,90.73,79.6,65.0,65.0,1,51.71707534790039,50.440156262668836,48.893103305784514,64.70159149169922
202306B,2023,2023-10-24 15:00:00,EMBC,21.1,91.5,74.6,55.0,55.0,1,55.05929946899414,55.035519381539515,48.893103305784514,69.24958801269531
202307B,2023,2023-11-17 00:00:00,CRVBND,20.26,88.86,35.0,35.0,35.0,3,44.519126892089844,44.818213411444425,50.69363147943891,57.610870361328125
202307B,2023,2023-11-17 06:00:00,SHEAR,21.11,89.53,32.0,45.0,45.0,3,34.0443229675293,30.029009168952694,50.69363147943891,31.321001052856445
202308B,2023,2023-12-03 03:00:00,CRVBND,11.67,82.36,37.0,35.0,35.0,2,31.08286476135254,27.32264096692158,49.540730037703746,70.70021057128906
202308B,2023,2023-12-03 09:00:00,CRVBND,12.0,82.5,37.0,35.0,35.0,2,39.5085334777832,38.20177795941197,49.540730037703746,52.117103576660156
202308B,2023,2023-12-03 14:30:00,CRVBND,12.56,82.42,43.0,39.090909090858354,39.090909090858354,2,33.13914108276367,29.9776838540721,49.540730037703746,62.23942947387695
202308B,2023,2023-12-03 20:00:00,CRVBND,12.98,82.14,45.0,45.0,45.0,2,42.511695861816406,42.07943041480448,49.540730037703746,63.425716400146484
202308B,2023,2023-12-04 03:00:00,CRVBND,13.7,81.1,53.0,50.0,50.0,2,38.225975036621094,36.54575166026874,49.540730037703746,50.373287200927734
202401B,2024,2024-05-25 18:30:00,CRVBND,18.87,89.1,35.0,40.49999999993861,40.49999999993861,0,36.72866439819336,33.28744439594091,47.71526680016013,31.81387710571289
202401B,2024,2024-05-26 00:00:00,CRVBND,19.34,89.01,35.0,50.0,50.0,0,40.09658432006836,37.534501143071985,47.71526680016013,51.034515380859375
202401B,2024,2024-05-26 06:00:00,CRVBND,20.53,88.61,41.0,50.0,50.0,0,49.959110260009766,49.97146767096499,47.71526680016013,50.54821014404297
202401B,2024,2024-05-26 12:00:00,CRVBND,21.02,88.89,51.0,60.0,60.0,0,45.73624038696289,44.64629118143742,47.71526680016013,51.296302795410156
202402A,2024,2024-08-30 06:00:00,CRVBND,23.55,67.77,35.0,35.0,35.0,1,47.79656219482422,45.04967947298012,48.893103305784514,34.42440414428711
202402A,2024,2024-08-30 12:00:00,CRVBND,23.55,66.86,33.0,35.0,35.0,1,37.24435806274414,30.54101460358569,48.893103305784514,37.708866119384766
202402A,2024,2024-08-31 00:00:00,CRVBND,23.42,65.58,33.0,40.0,40.0,1,47.3535041809082,44.44050056010594,48.893103305784514,33.28382110595703
202402A,2024,2024-08-31 06:00:00,CRVBND,23.64,64.9,31.0,40.0,40.0,1,49.78828048706055,47.78817589084682,48.893103305784514,43.30847930908203
202402A,2024,2024-08-31 12:00:00,CRVBND,23.29,64.12,34.0,40.0,40.0,1,51.0075798034668,49.46464129426324,48.893103305784514,48.75809097290039
202402A,2024,2024-09-01 00:00:00,CRVBND,23.11,62.61,39.0,40.0,40.0,1,49.72916030883789,47.70688909596349,48.893103305784514,36.86914825439453
202402A,2024,2024-09-01 06:00:00,SHEAR,22.37,62.06,39.0,35.0,35.0,1,42.83087921142578,38.22215516128157,48.893103305784514,37.84593963623047
202402A,2024,2024-09-01 12:00:00,SHEAR,22.2,61.54,31.0,30.0,30.0,1,49.91021728515625,47.95583187216348,48.893103305784514,42.99439239501953
202402A,2024,2024-09-01 22:30:00,SHEAR,21.33,61.45,25.0,22.72727272728964,22.72727272728964,1,29.966976165771484,20.535039193312713,48.893103305784514,31.259523391723633
202403B,2024,2024-10-23 13:00:00,IRRCDO,17.4,88.93,47.0,45.0,45.0,4,46.39484786987305,45.31411584714964,49.12199992680404,48.12171936035156
202403B,2024,2024-10-24 00:30:00,EMBC,18.76,88.42,63.0,55.0,55.0,4,56.996726989746094,61.642913711969534,49.12199992680404,60.95671844482422
202403B,2024,2024-10-25 00:30:00,IRRCDO,20.82,86.87,49.0,49.090909090858354,49.090909090858354,4,58.48302459716797,63.93207895561625,49.12199992680404,46.556453704833984
202404B,2024,2024-11-30 09:30:00,CRVBND,12.4,80.78,53.0,44.09090909093446,44.09090909093446,2,35.616798400878906,33.17680956045766,49.540730037703746,48.79250717163086
202404B,2024,2024-11-30 15:00:00,CRVBND,12.4,80.5,51.0,40.0,40.0,2,34.15381622314453,31.287821983945562,49.540730037703746,36.20166778564453
202404B,2024,2024-11-30 21:00:00,IRRCDO,12.2,80.1,37.0,35.0,35.0,2,39.171730041503906,37.76690081836337,49.540730037703746,35.638099670410156
202501B,2025,2025-10-01 12:00:00,SHEAR,16.52,86.27,35.0,25.0,25.0,3,27.510732650756836,20.80433992192734,50.69363147943891,10.787933349609375
202501B,2025,2025-10-02 00:00:00,CRVBND,17.33,85.26,32.0,30.0,30.0,3,33.063987731933594,28.64488989285423,50.69363147943891,27.835649490356445
202501B,2025,2025-10-02 06:00:00,CRVBND,17.72,84.84,35.0,30.0,30.0,3,35.04560470581055,31.44270246940651,50.69363147943891,24.560827255249023
202502A,2025,2025-10-03 05:30:00,CRVBND,21.65,66.85,39.0,34.090909090858354,34.090909090858354,0,51.321388244628906,51.68934459210741,47.71526680016013,50.56489944458008
202502A,2025,2025-10-03 12:30:00,IRRCDO,21.97,66.4,47.0,40.0,40.0,0,54.297462463378906,55.44227114140264,47.71526680016013,55.73627471923828
202502A,2025,2025-10-04 00:00:00,CRVBND,22.15,64.68,55.0,50.0,50.0,0,57.69403076171875,59.72545442460992,47.71526680016013,37.31208038330078
202502A,2025,2025-10-04 06:00:00,CRVBND,22.03,64.25,65.0,55.0,55.0,0,57.33476638793945,59.27241034456726,47.71526680016013,40.79117202758789
202502A,2025,2025-10-04 12:00:00,EMBC,21.7,63.5,74.6,55.0,55.0,0,51.9664192199707,52.50274966689576,47.71526680016013,37.109073638916016
202502A,2025,2025-10-05 05:30:00,EMBC,20.82,60.91,61.0,60.0,60.0,0,41.20174789428711,38.928148416002436,47.71526680016013,32.919708251953125
202502A,2025,2025-10-06 00:00:00,SHEAR,19.66,60.01,41.0,45.0,45.0,0,45.86793518066406,44.81236260686467,47.71526680016013,30.454753875732422
202502A,2025,2025-10-06 06:00:00,SHEAR,19.76,60.77,31.0,40.0,40.0,0,30.644296646118164,25.614858434012344,47.71526680016013,29.544466018676758
202502A,2025,2025-10-06 12:00:00,SHEAR,19.76,60.39,31.0,35.0,35.0,0,28.584686279296875,23.017622660069225,47.71526680016013,29.766286849975586
202502A,2025,2025-10-06 22:30:00,SHEAR,19.42,60.27,25.0,30.0,30.0,0,28.781911849975586,23.266330530234818,47.71526680016013,28.10094451904297
202503B,2025,2025-10-27 00:00:00,CRVBND,11.67,84.9,35.0,35.0,35.0,1,37.80324935913086,31.309457519984985,48.893103305784514,38.99427032470703
202503B,2025,2025-10-27 06:00:00,CRVBND,13.16,84.8,35.0,40.0,40.0,1,37.469818115234375,30.85100901821915,48.893103305784514,34.17976379394531
202503B,2025,2025-10-27 13:00:00,IRRCDO,13.4,83.94,43.0,45.0,45.0,1,34.105712890625,26.225560658965787,48.893103305784514,25.4354248046875
202503B,2025,2025-10-27 23:30:00,IRRCDO,14.75,83.15,33.0,49.09090909093446,49.09090909093446,1,38.71937561035156,32.569077651537135,48.893103305784514,35.504302978515625
202503B,2025,2025-10-28 06:00:00,CRVBND,15.12,82.72,39.0,50.0,50.0,1,44.21172332763672,40.120735236895634,48.893103305784514,33.265960693359375
202503B,2025,2025-10-28 12:00:00,CRVBND,15.82,82.2,35.0,50.0,50.0,1,38.6994743347168,32.54171455895059,48.893103305784514,36.05775451660156
202505B,2025,2025-11-27 09:00:00,CRVBND,7.2,82.0,39.0,35.0,35.0,1,48.27977752685547,45.71407235473653,48.893103305784514,46.47804641723633
202505B,2025,2025-11-29 03:00:00,SHEAR,9.6,80.8,35.0,40.0,40.0,1,32.2880744934082,23.726413937686115,48.893103305784514,28.865083694458008
202505B,2025,2025-11-29 09:00:00,SHEAR,10.2,80.8,29.0,40.0,40.0,1,36.41254425048828,29.397319155251463,48.893103305784514,34.671409606933594
202505B,2025,2025-11-29 15:00:00,SHEAR,10.4,80.8,28.0,40.0,40.0,1,32.91889953613281,24.593761557344855,48.893103305784514,32.666786193847656
202505B,2025,2025-11-29 21:00:00,SHEAR,10.7,80.8,25.0,40.0,40.0,1,33.8331184387207,25.85075919583715,48.893103305784514,32.04665756225586
202505B,2025,2025-11-30 03:00:00,SHEAR,11.15,80.8,25.0,40.0,40.0,1,32.55131530761719,24.08835469484922,48.893103305784514,28.843427658081055
202505B,2025,2025-11-30 09:00:00,SHEAR,11.65,80.8,25.0,35.0,35.0,1,33.307586669921875,25.12818368305475,48.893103305784514,30.885339736938477
202505B,2025,2025-11-30 15:00:00,SHEAR,12.16,80.8,25.0,30.0,30.0,1,29.048675537109375,19.272429419672328,48.893103305784514,29.53464698791504
