storm,season,time,scene,lat,lon,vmax_kt,bt_vmax_kt,truth,fold,cnn_raw,cnn_recalibrated,predict_the_mean,cold_cloud
200501B,2005,2005-01-09 01:00:00,EMBC,5.55,84.16,,23.25,23.25,1,31.47789764404297,22.299271093675497,48.39756282189469,36.185791015625
200501B,2005,2005-01-09 07:00:00,CRVBND,5.63,83.3,,23.25,23.25,1,34.53582000732422,26.625857478323077,48.39756282189469,65.18742370605469
200501B,2005,2005-01-09 11:30:00,SHEAR,6.35,83.3,,23.25,23.25,1,32.5702018737793,23.844748070141,48.39756282189469,59.711883544921875
200501B,2005,2005-01-09 18:00:00,CRVBND,6.5,83.33,,23.25,23.25,1,28.512203216552734,18.103175965466942,48.39756282189469,52.09701919555664
200501B,2005,2005-01-10 00:00:00,SHEAR,6.69,83.7,,23.25,23.25,1,30.083974838256836,20.32704069790683,48.39756282189469,38.427818298339844
200501B,2005,2005-01-10 05:30:00,CRVBND,6.72,83.07,,18.878999999965743,18.878999999965743,1,33.877342224121094,25.69419189857875,48.39756282189469,41.18586349487305
200502B,2005,2005-01-14 21:30:00,CRVBND,5.05,87.05,,32.550000000000004,32.550000000000004,2,38.95884323120117,41.27202843259959,48.89265230808791,57.58919906616211
200502B,2005,2005-01-15 02:00:00,CRVBND,5.05,86.92,,34.10909090911577,34.10909090911577,2,26.818300247192383,26.036860860448876,48.89265230808791,48.28717803955078
200502B,2005,2005-01-15 15:00:00,CRVBND,4.89,86.53,,35.0,35.0,2,29.675493240356445,29.622352390289485,48.89265230808791,39.38072204589844
200502B,2005,2005-01-15 21:00:00,CRVBND,4.61,86.4,,35.0,35.0,2,25.970705032348633,24.973213612668722,48.89265230808791,42.524192810058594
200502B,2005,2005-01-16 03:00:00,IRRCDO,4.49,86.14,,35.0,35.0,2,25.502822875976562,24.38606828764192,48.89265230808791,46.93269348144531
200502B,2005,2005-01-16 15:00:00,SHEAR,4.63,86.2,,35.0,35.0,2,23.3776912689209,21.71924060217408,48.89265230808791,30.340330123901367
200502B,2005,2005-01-16 20:30:00,IRRCDO,5.23,85.69,,35.0,35.0,2,25.752687454223633,24.69962335061999,48.89265230808791,37.980125427246094
200502B,2005,2005-01-17 03:00:00,CRVBND,4.61,85.12,,30.0,30.0,2,27.517602920532227,26.914415795678597,48.89265230808791,40.159175872802734
200502B,2005,2005-01-17 08:30:00,SHEAR,4.55,84.96,,25.909090909141646,25.909090909141646,2,24.921972274780273,23.657158859516166,48.89265230808791,34.42281723022461
200505B,2005,2005-11-28 02:00:00,IRRCDO,11.22,89.63,0.0,27.264999999984557,27.264999999984557,3,35.11528396606445,26.899947620475732,49.452147140276935,39.82450866699219
200505B,2005,2005-11-28 09:00:00,CRVBND,10.25,88.46,0.0,30.0,30.0,3,34.01852798461914,25.281126311997557,49.452147140276935,36.71135711669922
200505B,2005,2005-11-28 15:00:00,IRRCDO,10.25,87.41,0.0,30.0,30.0,3,36.01705551147461,28.230970216008345,49.452147140276935,25.337854385375977
200505B,2005,2005-11-28 20:00:00,IRRCDO,10.35,86.57,0.0,35.0,35.0,3,33.236061096191406,24.12619842138674,49.452147140276935,44.376277923583984
200505B,2005,2005-11-29 09:00:00,CRVBND,11.75,85.2,0.0,45.0,45.0,3,40.04273986816406,34.17291512268501,49.452147140276935,51.28156661987305
200505B,2005,2005-11-29 15:00:00,CRVBND,12.05,84.45,0.0,45.0,45.0,3,30.75810432434082,20.468712807792624,49.452147140276935,35.53160858154297
200505B,2005,2005-11-29 21:00:00,EMBC,12.35,83.77,0.0,45.0,45.0,3,25.98699378967285,13.426512419291408,49.452147140276935,43.20377731323242
200505B,2005,2005-11-30 02:00:00,EMBC,12.6,83.27,0.0,45.0,45.0,3,31.099807739257812,20.973070001740574,49.452147140276935,66.54505920410156
200505B,2005,2005-11-30 09:00:00,CRVBND,12.69,84.01,0.0,35.0,35.0,3,31.952367782592773,22.23145599484813,49.452147140276935,45.451351165771484
200505B,2005,2005-11-30 14:30:00,CRVBND,12.87,83.64,0.0,35.0,35.0,3,25.46061897277832,12.64957863980816,49.452147140276935,41.43147277832031
200505B,2005,2005-11-30 22:00:00,CRVBND,12.58,83.7,0.0,35.0,35.0,3,34.2470703125,25.618456763366687,49.452147140276935,64.83271026611328
200505B,2005,2005-12-01 09:00:00,IRRCDO,12.89,83.68,0.0,35.0,35.0,3,36.92448806762695,29.57034851232765,49.452147140276935,47.52395248413086
200505B,2005,2005-12-01 15:00:00,SHEAR,12.89,83.33,0.0,30.0,30.0,3,33.6540412902832,24.743140800698836,49.452147140276935,31.891069412231445
200505B,2005,2005-12-01 21:00:00,SHEAR,13.47,82.28,0.0,30.0,30.0,3,26.786211013793945,14.606163950167984,49.452147140276935,35.997867584228516
200505B,2005,2005-12-02 03:00:00,CRVBND,13.67,81.78,0.0,25.0,25.0,3,30.4295711517334,19.983795005331245,49.452147140276935,52.88979721069336
200505B,2005,2005-12-02 09:00:00,CRVBND,13.91,81.24,0.0,27.9,27.9,3,26.73369026184082,14.528642866319439,49.452147140276935,39.84388732910156
200505B,2005,2005-12-02 15:00:00,CRVBND,14.14,80.71,0.0,27.9,27.9,3,27.431331634521484,15.558367562494015,49.452147140276935,39.75019073486328
200506B,2005,2005-12-06 06:00:00,CRVBND,11.44,88.89,0.0,25.0,25.0,0,33.974544525146484,30.9353846026562,47.153197919247134,48.55248260498047
200506B,2005,2005-12-06 18:00:00,EMBC,12.2,87.1,0.0,30.0,30.0,0,45.96222686767578,45.29082505463108,47.153197919247134,62.687042236328125
200506B,2005,2005-12-07 01:00:00,EMBC,11.67,86.96,0.0,31.81818181813108,31.81818181813108,0,35.325496673583984,32.55317130789435,47.153197919247134,59.76199722290039
200506B,2005,2005-12-10 06:00:00,EMBC,11.48,79.83,0.0,41.85,41.85,0,31.903841018676758,28.455684187559125,47.153197919247134,47.097190856933594
200506B,2005,2005-12-10 12:00:00,SHEAR,10.6,79.7,0.0,30.0,30.0,0,28.47435760498047,24.348823201454188,47.153197919247134,30.894702911376953
200506B,2005,2005-12-10 18:00:00,SHEAR,10.33,79.28,0.0,27.9,27.9,0,27.836984634399414,23.585558922051856,47.153197919247134,27.012470245361328
200506B,2005,2005-12-11 05:00:00,SHEAR,9.62,78.71,0.0,24.08699999999429,24.08699999999429,0,30.50571060180664,26.781400754783494,47.153197919247134,27.733396530151367
200507B,2005,2005-12-17 06:00:00,SHEAR,7.54,83.11,0.0,30.0,30.0,1,31.475553512573242,22.29595443416101,48.39756282189469,38.475311279296875
200507B,2005,2005-12-17 12:00:00,CRVBND,8.64,82.85,0.0,30.0,30.0,1,31.311922073364258,22.064435947791655,48.39756282189469,48.46540069580078
200507B,2005,2005-12-17 18:00:00,CRVBND,8.9,82.4,0.0,30.0,30.0,1,34.74774169921875,26.925700769890003,48.39756282189469,52.93673324584961
200507B,2005,2005-12-18 06:00:00,CRVBND,10.4,82.7,0.0,30.0,30.0,1,33.296173095703125,24.871908616182868,48.39756282189469,51.99972152709961
200507B,2005,2005-12-18 12:00:00,CRVBND,10.7,82.43,0.0,30.0,30.0,1,30.930110931396484,21.52421984937772,48.39756282189469,45.58573532104492
200507B,2005,2005-12-19 07:00:00,CRVBND,11.96,82.68,0.0,30.0,30.0,1,33.57583999633789,25.267603097851982,48.39756282189469,55.560359954833984
200507B,2005,2005-12-19 11:00:00,EMBC,11.88,82.6,0.0,30.0,30.0,1,35.29578399658203,27.701113635322802,48.39756282189469,54.98859405517578
200507B,2005,2005-12-19 18:00:00,EMBC,12.2,82.5,0.0,30.0,30.0,1,36.60641098022461,29.555490623721887,48.39756282189469,58.33237838745117
200507B,2005,2005-12-20 00:00:00,SHEAR,11.05,83.79,0.0,30.0,30.0,1,31.08220672607422,21.739416808697747,48.39756282189469,29.92371368408203
200507B,2005,2005-12-20 06:00:00,SHEAR,11.18,83.65,0.0,25.0,25.0,1,29.84579849243164,19.990050280044603,48.39756282189469,40.06181335449219
200507B,2005,2005-12-20 12:00:00,EMBC,11.3,83.7,0.0,25.0,25.0,1,31.42884635925293,22.229869521068427,48.39756282189469,41.54930877685547
200507B,2005,2005-12-20 18:00:00,IRRCDO,12.18,84.44,0.0,25.0,25.0,1,33.58477783203125,25.28024904291699,48.39756282189469,47.80300521850586
200507B,2005,2005-12-20 23:00:00,EMBC,12.53,84.41,0.0,25.0,25.0,1,32.138580322265625,23.23405633037568,48.39756282189469,65.49241638183594
200507B,2005,2005-12-21 06:00:00,SHEAR,12.05,84.55,0.0,25.0,25.0,1,32.38370132446289,23.580872588182782,48.39756282189469,36.13818359375
200507B,2005,2005-12-21 13:00:00,CRVBND,12.58,84.61,0.0,25.0,25.0,1,36.60813903808594,29.557935614381062,48.39756282189469,50.262508392333984
200507B,2005,2005-12-21 18:00:00,SHEAR,11.63,84.8,0.0,25.0,25.0,1,30.847240447998047,21.40696824434478,48.39756282189469,31.79308319091797
200507B,2005,2005-12-22 00:00:00,SHEAR,12.1,85.1,0.0,25.0,25.0,1,32.30522918701172,23.46984410507044,48.39756282189469,35.11896514892578
200507B,2005,2005-12-22 06:00:00,SHEAR,13.45,86.3,0.0,27.9,27.9,1,32.33941650390625,23.518214979877342,48.39756282189469,35.97239303588867
200507B,2005,2005-12-22 12:00:00,SHEAR,14.42,87.19,0.0,23.25,23.25,1,35.61476135253906,28.15242760649037,48.39756282189469,28.903457641601562
200601A,2006,2006-01-14 06:00:00,CRVBND,6.9,74.7,0.0,30.0,30.0,0,30.457040786743164,26.723117876409777,47.153197919247134,50.91029739379883
200601A,2006,2006-01-14 12:00:00,SHEAR,7.27,73.84,0.0,25.0,25.0,0,31.945018768310547,28.504995198305302,47.153197919247134,38.38172149658203
200601A,2006,2006-01-14 17:00:00,SHEAR,7.47,73.06,0.0,25.0,25.0,0,29.58709716796875,25.68134654321505,47.153197919247134,22.63672637939453
200602B,2006,2006-04-25 09:00:00,IRRCDO,10.23,89.55,0.0,30.0,30.0,2,30.984039306640625,31.264446868434096,48.89265230808791,42.93417739868164
200602B,2006,2006-04-25 21:00:00,CRVBND,10.6,89.59,0.0,35.0,35.0,2,38.10768127441406,40.203905280301385,48.89265230808791,49.69697952270508
200602B,2006,2006-04-26 09:00:00,CRVBND,10.77,90.98,0.0,45.0,45.0,2,28.545944213867188,28.20488130005978,48.89265230808791,27.786828994750977
200602B,2006,2006-04-26 20:00:00,EMBC,12.48,90.82,0.0,45.0,45.0,2,39.72894287109375,42.238426482214855,48.89265230808791,60.732810974121094
200602B,2006,2006-04-27 04:00:00,EMBC,12.77,90.78,0.0,55.0,55.0,2,47.671478271484375,52.20551427491705,48.89265230808791,72.948974609375
200602B,2006,2006-04-27 15:00:00,EMBC,13.22,89.84,0.0,65.0,65.0,2,34.32200622558594,35.453261604925835,48.89265230808791,65.134521484375
200602B,2006,2006-04-27 21:00:00,EMBC,14.24,90.45,0.0,65.0,65.0,2,67.88436889648438,77.57067102244051,48.89265230808791,72.36447143554688
200603B,2006,2006-07-03 00:00:00,CRVBND,19.85,85.65,0.0,30.0,30.0,4,44.5445556640625,39.03054331983652,47.8898116167798,50.701271057128906
200603B,2006,2006-07-03 04:30:00,CRVBND,19.74,85.16,0.0,30.0,30.0,4,44.23916244506836,38.523908133576334,47.8898116167798,28.351316452026367
200604A,2006,2006-09-21 15:00:00,CRVBND,19.84,66.19,0.0,30.0,30.0,3,43.18070602416992,38.80458029211626,49.452147140276935,46.340179443359375
200604A,2006,2006-09-22 09:00:00,EMBC,20.13,66.43,0.0,45.0,45.0,3,68.7655029296875,76.56796166812524,49.452147140276935,66.26054382324219
200604A,2006,2006-09-22 15:00:00,EYE,20.48,66.68,0.0,45.0,45.0,3,75.41797637939453,86.38706998087808,49.452147140276935,57.65399169921875
200604A,2006,2006-09-23 09:00:00,CRVBND,20.75,67.18,0.0,45.0,45.0,3,48.09034729003906,46.05125323726767,49.452147140276935,49.63576889038086
200604A,2006,2006-09-23 15:00:00,CRVBND,20.8,67.33,0.0,55.0,55.0,3,52.52935028076172,52.603260020317535,49.452147140276935,45.6004638671875
200604A,2006,2006-09-23 21:00:00,CRVBND,20.43,66.98,0.0,45.0,45.0,3,59.249481201171875,62.5222313446289,49.452147140276935,40.87130355834961
200604A,2006,2006-09-24 03:00:00,CRVBND,20.68,67.56,0.0,35.0,35.0,3,47.23748779296875,44.7924252478584,49.452147140276935,41.521209716796875
200605B,2006,2006-09-29 03:00:00,CRVBND,19.12,85.1,0.0,25.0,25.0,2,26.41678810119629,25.53300326243521,48.89265230808791,37.279396057128906
200701B,2007,2007-05-14 07:00:00,EMBC,17.19,91.54,0.0,45.0,45.0,2,41.6778450012207,44.684103794449975,48.89265230808791,64.23678588867188
200702A,2007,2007-06-02 06:00:00,EMBC,15.27,67.34,0.0,33.0,33.0,4,58.30292892456055,61.85513655222043,47.8898116167798,66.69839477539062
200702A,2007,2007-06-02 16:30:00,CRVBND,15.36,66.77,0.0,45.0,45.0,4,43.51059341430664,37.31524113101774,47.8898116167798,50.03172302246094
200702A,2007,2007-06-03 00:30:00,EMBC,15.42,66.39,0.0,55.0,55.0,4,49.251583099365234,46.839314350414526,47.8898116167798,65.17277526855469
200702A,2007,2007-06-03 19:00:00,EYE,18.15,65.87,0.0,65.0,65.0,4,81.47342681884766,100.29406965976477,47.8898116167798,68.6442642211914
200702A,2007,2007-06-04 00:00:00,EYE,18.56,65.43,0.0,77.0,77.0,4,95.14370727539062,122.97252043919259,47.8898116167798,69.99927520751953
200702A,2007,2007-06-04 06:00:00,EYE,19.27,64.81,0.0,102.0,102.0,4,110.97531127929688,149.23652089648647,47.8898116167798,71.80970764160156
200702A,2007,2007-06-04 12:00:00,EYE,20.01,64.15,0.0,115.0,115.0,4,102.62165069580078,135.37813072131,47.8898116167798,74.07201385498047
200702A,2007,2007-06-04 18:00:00,EYE,20.44,63.27,0.0,127.0,127.0,4,106.55534362792969,141.90397061364152,47.8898116167798,72.68180847167969
200702A,2007,2007-06-05 00:00:00,EMBC,20.89,62.54,0.0,115.0,115.0,4,98.45864868164062,128.4718761954489,47.8898116167798,75.96913146972656
200702A,2007,2007-06-05 06:00:00,EMBC,21.38,61.73,0.0,102.0,102.0,4,100.39938354492188,131.69147803264295,47.8898116167798,80.65630340576172
200702A,2007,2007-06-06 07:00:00,EMBC,23.07,59.4,0.0,77.0,77.0,4,68.52198028564453,78.80813572743962,47.8898116167798,61.124778747558594
200702A,2007,2007-06-06 18:00:00,CRVBND,24.25,58.99,0.0,65.0,65.0,4,62.69508361816406,69.14154624594734,47.8898116167798,50.70368194580078
200702A,2007,2007-06-07 00:00:00,CRVBND,25.25,58.4,0.0,45.0,45.0,4,59.28996276855469,63.49258638507567,47.8898116167798,41.96904373168945
200702A,2007,2007-06-07 06:00:00,SHEAR,25.6,58.0,0.0,41.85,41.85,4,42.943206787109375,36.373969315951214,47.8898116167798,40.613590240478516
200702A,2007,2007-06-07 12:00:00,SHEAR,25.96,57.63,0.0,32.550000000000004,32.550000000000004,4,34.43305969238281,22.255974251623666,47.8898116167798,41.39759826660156
200703B,2007,2007-06-21 15:00:00,SHEAR,16.35,83.25,0.0,27.9,27.9,2,33.554100036621094,34.489616116912586,48.89265230808791,19.276750564575195
200703B,2007,2007-06-21 20:30:00,CRVBND,16.81,82.24,0.0,27.9,27.9,2,34.15470886230469,35.24332014124287,48.89265230808791,27.631685256958008
200703B,2007,2007-06-22 03:00:00,CRVBND,15.62,80.9,0.0,27.9,27.9,2,35.340885162353516,36.731852797909134,48.89265230808791,50.03080749511719
200703B,2007,2007-06-22 09:00:00,CRVBND,15.44,80.03,0.0,26.040000000000003,26.040000000000003,2,33.02415466308594,33.82458765973989,48.89265230808791,34.23857116699219
200703B,2007,2007-06-25 09:00:00,CRVBND,23.07,66.83,0.0,25.0,25.0,2,30.344287872314453,30.461622783933002,48.89265230808791,47.390167236328125
200703B,2007,2007-06-25 15:00:00,CRVBND,23.77,65.93,0.0,30.0,30.0,2,26.51734733581543,25.65919504746227,48.89265230808791,38.36357498168945
200704B,2007,2007-06-28 17:00:00,IRRCDO,18.77,86.06,0.0,40.58181818181032,40.58181818181032,4,48.149658203125,45.011264838083605,47.8898116167798,42.38356399536133
200705A,2007,2007-10-28 03:00:00,CRVBND,10.65,66.05,0.0,37.2,37.2,0,39.82785415649414,37.94481607229701,47.153197919247134,27.563552856445312
200705A,2007,2007-10-28 09:00:00,CRVBND,10.7,65.55,0.0,37.2,37.2,0,35.18434524536133,32.384140225432915,47.153197919247134,28.392059326171875
200705A,2007,2007-10-28 15:00:00,CRVBND,11.45,65.85,0.0,37.2,37.2,0,31.478790283203125,27.946679164919157,47.153197919247134,22.51319122314453
200705A,2007,2007-10-28 21:00:00,CRVBND,11.5,65.65,0.0,37.2,37.2,0,30.226669311523438,26.447244367264673,47.153197919247134,31.8443603515625
200705A,2007,2007-10-29 03:00:00,SHEAR,11.26,66.33,0.0,37.2,37.2,0,31.07801055908203,27.466739064774217,47.153197919247134,14.428962707519531
200705A,2007,2007-10-29 09:00:00,CRVBND,11.21,66.13,0.0,35.34,35.34,0,34.02354431152344,30.994062626931026,47.153197919247134,35.357421875
200705A,2007,2007-10-29 15:00:00,CRVBND,10.93,66.85,0.0,32.550000000000004,32.550000000000004,0,31.283550262451172,27.712876131800446,47.153197919247134,26.829030990600586
200705A,2007,2007-10-29 21:00:00,CRVBND,11.0,66.33,0.0,30.69,30.69,0,31.792835235595703,28.322752995080705,47.153197919247134,40.238040924072266
200705A,2007,2007-10-30 03:00:00,SHEAR,11.11,66.14,0.0,26.040000000000003,26.040000000000003,0,24.193557739257812,19.2224972108843,47.153197919247134,24.655710220336914
200706B,2007,2007-11-12 00:00:00,EMBC,10.78,90.87,0.0,30.0,30.0,3,41.80760955810547,36.777878039777505,49.452147140276935,70.37957763671875
200706B,2007,2007-11-12 05:30:00,EMBC,10.93,90.58,0.0,39.09090909093446,39.09090909093446,3,51.47891616821289,51.052810190715945,49.452147140276935,71.96879577636719
200706B,2007,2007-11-12 12:00:00,EYE,11.07,90.37,0.0,55.0,55.0,3,89.67849731445312,107.43572214254681,49.452147140276935,72.74392700195312
200706B,2007,2007-11-12 18:00:00,EYE,11.55,90.06,0.0,65.0,65.0,3,88.41486358642578,105.57058783769746,49.452147140276935,76.78740692138672
200706B,2007,2007-11-13 00:00:00,EYE,11.96,89.92,0.0,90.0,90.0,3,93.4908447265625,113.06277987503479,49.452147140276935,75.6200942993164
200706B,2007,2007-11-13 05:30:00,EYE,12.51,89.78,0.0,90.0,90.0,3,74.75349426269531,85.40628863314579,49.452147140276935,69.66445922851562
200706B,2007,2007-11-13 18:00:00,EYE,13.75,89.55,0.0,90.0,90.0,3,99.03826904296875,121.25082611548851,49.452147140276935,77.47208404541016
200706B,2007,2007-11-13 23:30:00,EYE,14.31,89.53,0.0,90.0,90.0,3,88.84429168701172,106.20442742594545,49.452147140276935,79.91233825683594
200706B,2007,2007-11-14 06:30:00,EYE,14.99,89.41,0.0,90.0,90.0,3,91.39598083496094,109.97074266397061,49.452147140276935,83.19338989257812
200706B,2007,2007-11-14 12:30:00,EYE,15.83,89.34,0.0,90.0,90.0,3,91.62987518310547,110.31597274350938,49.452147140276935,84.60195922851562
200706B,2007,2007-11-14 18:30:00,EYE,16.68,89.22,0.0,105.0,105.0,3,95.99679565429688,116.76158510468225,49.452147140276935,82.46668243408203
200706B,2007,2007-11-14 23:30:00,EYE,17.66,89.3,0.0,105.0,105.0,3,98.20050048828125,120.01427248747558,49.452147140276935,82.89452362060547
200706B,2007,2007-11-15 06:30:00,EYE,19.48,89.25,0.0,115.0,115.0,3,109.75907897949219,137.0748342476512,49.452147140276935,79.81712341308594
200706B,2007,2007-11-15 11:30:00,EYE,20.89,89.59,0.0,115.0,115.0,3,94.11812591552734,113.98865233188307,49.452147140276935,78.63215637207031
200801B,2008,2008-04-28 14:30:00,EMBC,12.94,85.3,0.0,55.0,55.0,0,81.31483459472656,87.62613562982155,47.153197919247134,63.00678634643555
200801B,2008,2008-04-28 21:30:00,EMBC,13.33,85.3,0.0,55.0,55.0,0,67.54093170166016,71.13166763151622,47.153197919247134,65.97573852539062
200801B,2008,2008-04-29 09:30:00,EMBC,13.58,85.69,0.0,65.0,65.0,0,48.541648864746094,48.3797239611435,47.153197919247134,52.29822540283203
200801B,2008,2008-04-29 20:30:00,IRRCDO,13.74,86.68,0.0,65.0,65.0,0,36.808807373046875,34.329459485165486,47.153197919247134,43.927223205566406
200801B,2008,2008-04-30 20:30:00,EMBC,15.39,88.45,0.0,65.0,65.0,0,61.12378692626953,63.44703460049238,47.153197919247134,59.70018005371094
200801B,2008,2008-05-01 09:30:00,EMBC,15.9,90.29,0.0,65.0,65.0,0,71.50872039794922,75.88315776347602,47.153197919247134,61.992462158203125
200801B,2008,2008-05-01 15:30:00,EMBC,15.86,91.24,0.0,65.0,65.0,0,87.20196533203125,94.67606841228607,47.153197919247134,53.32445526123047
200801B,2008,2008-05-02 02:30:00,EMBC,15.72,93.0,0.0,77.0,77.0,0,73.53390502929688,78.30834860094294,47.153197919247134,71.09015655517578
200801B,2008,2008-05-02 08:30:00,EYE,16.0,94.15,0.0,90.0,90.0,0,86.51902770996094,93.8582397373251,47.153197919247134,74.67066955566406
200803B,2008,2008-10-21 01:00:00,EMBC,10.33,53.6,0.0,28.472727272730825,28.472727272730825,1,39.69511795043945,33.92563346448325,48.39756282189469,61.592994689941406
200803B,2008,2008-10-21 06:00:00,CRVBND,10.82,54.1,0.0,30.0,30.0,1,33.89268493652344,25.71589996134079,48.39756282189469,32.590694427490234
200803B,2008,2008-10-21 12:00:00,CRVBND,11.5,52.98,0.0,30.0,30.0,1,39.918434143066406,34.241598581875685,48.39756282189469,43.781497955322266
200803B,2008,2008-10-21 18:00:00,SHEAR,11.78,53.68,0.0,27.9,27.9,1,34.51692199707031,26.59911910365298,48.39756282189469,31.955121994018555
200803B,2008,2008-10-22 00:00:00,SHEAR,13.52,53.77,0.0,27.9,27.9,1,34.047210693359375,25.934535020108708,48.39756282189469,28.475120544433594
200803B,2008,2008-10-22 06:00:00,SHEAR,13.98,53.4,0.0,25.0,25.0,1,31.150495529174805,21.836037118378155,48.39756282189469,30.088340759277344
200803B,2008,2008-10-22 13:00:00,CRVBND,14.14,51.44,0.0,26.054545454516028,26.054545454516028,1,42.67293930053711,38.13888670594902,48.39756282189469,52.8100471496582
200803B,2008,2008-10-22 18:00:00,CRVBND,14.1,51.62,0.0,27.9,27.9,1,35.68846893310547,28.25671482396627,48.39756282189469,32.02508544921875
200803B,2008,2008-10-23 00:00:00,CRVBND,14.8,51.23,0.0,23.25,23.25,1,32.0691032409668,23.13575475228394,48.39756282189469,38.84259796142578
200803B,2008,2008-10-23 05:30:00,CRVBND,15.27,50.57,0.0,23.25,23.25,1,44.176273345947266,40.265920632823935,48.39756282189469,44.11805725097656
200803B,2008,2008-10-23 17:00:00,CRVBND,13.88,48.16,0.0,23.25,23.25,1,40.008785247802734,34.36943435177097,48.39756282189469,45.882362365722656
200805B,2008,2008-11-14 06:00:00,CRVBND,13.32,84.22,0.0,30.0,30.0,0,37.970516204833984,35.72062430591552,47.153197919247134,45.68315124511719
200805B,2008,2008-11-14 12:00:00,CRVBND,13.8,84.33,0.0,35.0,35.0,0,35.5124626159668,32.7770660004407,47.153197919247134,34.21846008300781
200805B,2008,2008-11-14 18:00:00,EMBC,14.77,83.12,0.0,35.0,35.0,0,49.390445709228516,49.39617169546182,47.153197919247134,52.61304473876953
200805B,2008,2008-11-15 01:30:00,IRRCDO,14.4,82.5,0.0,37.72727272728964,37.72727272728964,0,37.960968017578125,35.709190199667184,47.153197919247134,43.38178634643555
200805B,2008,2008-11-15 06:00:00,CRVBND,14.7,81.88,0.0,30.0,30.0,0,32.321075439453125,28.9553290489115,47.153197919247134,33.374610900878906
200805B,2008,2008-11-15 11:00:00,IRRCDO,14.22,81.73,0.0,30.0,30.0,0,43.292762756347656,42.09409928280274,47.153197919247134,38.743045806884766
200805B,2008,2008-11-15 19:00:00,CRVBND,14.46,80.7,0.0,30.0,30.0,0,33.42099380493164,30.27249880253786,47.153197919247134,37.605194091796875
200805B,2008,2008-11-15 23:00:00,CRVBND,14.68,80.01,0.0,30.0,30.0,0,28.064664840698242,23.858209593818536,47.153197919247134,34.7333984375
200806B,2008,2008-11-25 19:30:00,CRVBND,9.75,80.35,0.0,30.0,30.0,3,42.38508224487305,37.63023271686035,49.452147140276935,56.871864318847656
200806B,2008,2008-11-25 23:30:00,CRVBND,9.88,80.2,0.0,30.0,30.0,3,33.3078498840332,24.23215929275119,49.452147140276935,55.26336669921875
200806B,2008,2008-11-26 06:30:00,EMBC,10.12,79.57,0.0,40.90909090906554,40.90909090906554,3,37.445167541503906,30.338875916288973,49.452147140276935,61.558189392089844
200806B,2008,2008-11-26 12:00:00,CRVBND,10.4,79.8,0.0,45.0,45.0,3,43.8369026184082,39.77313213707988,49.452147140276935,55.94437789916992
200806B,2008,2008-11-26 19:30:00,CRVBND,11.15,80.1,0.0,45.0,45.0,3,31.16577911376953,21.070444320746727,49.452147140276935,46.945457458496094
200806B,2008,2008-11-27 00:00:00,CRVBND,11.33,79.78,0.0,45.0,45.0,3,31.00359344482422,20.831056871523547,49.452147140276935,56.21432113647461
200807B,2008,2008-12-04 06:00:00,CRVBND,6.72,89.6,0.0,25.0,25.0,0,37.514801025390625,35.17489812343646,47.153197919247134,38.97122573852539
200807B,2008,2008-12-04 12:00:00,CRVBND,6.83,89.02,0.0,25.0,25.0,0,34.81934356689453,31.947044904554115,47.153197919247134,39.3557014465332
200807B,2008,2008-12-04 18:00:00,CRVBND,7.3,88.53,0.0,25.0,25.0,0,31.79483413696289,28.325146711290905,47.153197919247134,28.120616912841797
200807B,2008,2008-12-05 00:00:00,CRVBND,7.78,88.78,0.0,30.0,30.0,0,34.90256118774414,32.04669933036613,47.153197919247134,29.515460968017578
200807B,2008,2008-12-05 06:00:00,IRRCDO,7.88,88.22,0.0,30.0,30.0,0,35.15211486816406,32.34554383562381,47.153197919247134,20.78282928466797
200807B,2008,2008-12-05 12:00:00,SHEAR,8.3,87.8,0.0,30.0,30.0,0,27.370161056518555,23.026530255595503,47.153197919247134,19.172252655029297
200807B,2008,2008-12-05 18:00:00,SHEAR,8.8,87.0,0.0,30.0,30.0,0,27.840412139892578,23.589663414446637,47.153197919247134,24.865079879760742
200807B,2008,2008-12-06 00:00:00,SHEAR,9.0,85.68,0.0,30.0,30.0,0,26.26799201965332,21.706665287152315,47.153197919247134,13.332122802734375
200807B,2008,2008-12-06 06:00:00,SHEAR,8.98,84.78,0.0,30.0,30.0,0,31.035240173339844,27.41552084693308,47.153197919247134,26.269195556640625
200807B,2008,2008-12-06 12:00:00,CRVBND,8.22,83.68,0.0,30.0,30.0,0,26.487913131713867,21.970024320042,47.153197919247134,30.961984634399414
200807B,2008,2008-12-06 18:00:00,IRRCDO,8.03,83.08,0.0,30.0,30.0,0,30.57402992248535,26.863214228956323,47.153197919247134,17.768810272216797
200807B,2008,2008-12-07 00:00:00,CRVBND,7.67,82.37,0.0,25.0,25.0,0,31.01242446899414,27.38819867774758,47.153197919247134,19.579370498657227
200807B,2008,2008-12-07 06:00:00,SHEAR,7.67,82.6,0.0,25.0,25.0,0,26.574003219604492,22.073118570866,47.153197919247134,17.089637756347656
200807B,2008,2008-12-07 12:00:00,CRVBND,7.57,82.21,0.0,25.0,25.0,0,30.412321090698242,26.669565328447632,47.153197919247134,19.96381378173828
200807B,2008,2008-12-07 16:30:00,SHEAR,7.48,81.7,0.0,23.25,23.25,0,28.495763778686523,24.37445743525864,47.153197919247134,24.87358856201172
200904A,2009,2009-11-10 03:00:00,CRVBND,14.12,70.89,0.0,30.0,30.0,1,33.77960968017578,25.555912294410835,48.39756282189469,53.12556457519531
200904A,2009,2009-11-10 09:00:00,CRVBND,14.5,71.3,0.0,33.0,33.0,1,36.03465270996094,28.74652255535732,48.39756282189469,55.40325164794922
200904A,2009,2009-11-10 21:30:00,EMBC,16.13,71.67,0.0,45.0,45.0,1,61.30137634277344,64.49584823054461,48.39756282189469,62.6634407043457
200904A,2009,2009-11-11 09:00:00,CRVBND,18.3,73.0,0.0,30.0,30.0,1,43.146148681640625,38.80842014144575,48.39756282189469,54.069061279296875
200905B,2009,2009-12-12 00:00:00,CRVBND,10.47,84.37,0.0,45.0,45.0,2,39.20368957519531,41.57928611333863,48.89265230808791,63.58743667602539
200905B,2009,2009-12-12 06:00:00,CRVBND,10.21,84.09,0.0,45.0,45.0,2,27.3179988861084,26.663932689895777,48.89265230808791,49.10613250732422
200905B,2009,2009-12-12 12:00:00,CRVBND,9.98,83.37,0.0,35.0,35.0,2,29.616926193237305,29.548856601984017,48.89265230808791,41.037139892578125
200905B,2009,2009-12-12 18:00:00,CRVBND,9.23,82.11,0.0,30.0,30.0,2,22.82084846496582,21.020458559165274,48.89265230808791,41.01820755004883
200905B,2009,2009-12-13 00:00:00,CRVBND,8.23,81.78,0.0,30.0,30.0,2,30.022981643676758,30.05841559281158,48.89265230808791,36.608970642089844
200905B,2009,2009-12-13 12:00:00,CRVBND,8.44,82.43,0.0,30.0,30.0,2,27.44297218322754,26.820761682319112,48.89265230808791,39.4962158203125
200905B,2009,2009-12-13 18:00:00,CRVBND,8.8,82.17,0.0,30.0,30.0,2,26.85939598083496,26.088431897211386,48.89265230808791,32.21642303466797
200905B,2009,2009-12-14 00:30:00,CRVBND,8.9,81.57,0.0,30.0,30.0,2,23.441055297851562,21.79875612302655,48.89265230808791,43.977325439453125
201001B,2010,2010-05-17 22:00:00,EMBC,11.74,86.47,0.0,33.59999999999591,33.59999999999591,3,38.68384552001953,32.167175319152776,49.452147140276935,71.0296859741211
201001B,2010,2010-05-19 03:30:00,EMBC,13.64,81.67,0.0,46.00000000006139,46.00000000006139,3,38.34955596923828,31.673761052751285,49.452147140276935,74.61309814453125
201002A,2010,2010-05-19 15:00:00,CRVBND,11.4,53.4,0.0,25.0,25.0,2,41.44364929199219,44.39021159543756,48.89265230808791,47.60200881958008
201001B,2010,2010-05-19 20:30:00,EMBC,14.38,81.4,0.0,55.0,55.0,3,35.236759185791016,27.079246094769246,49.452147140276935,55.77802276611328
201002A,2010,2010-05-19 21:00:00,CRVBND,11.6,52.8,0.0,30.0,30.0,2,38.377952575683594,40.54306874030546,48.89265230808791,56.05634689331055
201002A,2010,2010-05-20 03:00:00,IRRCDO,11.8,52.5,0.0,30.0,30.0,2,42.4846076965332,45.696510312859864,48.89265230808791,47.74310302734375
201001B,2010,2010-05-20 08:00:00,EMBC,15.42,80.92,0.0,55.0,55.0,3,41.575809478759766,36.43573911908773,49.452147140276935,47.51258850097656
201001B,2010,2010-05-20 20:30:00,CRVBND,15.68,80.5,0.0,40.909090909141646,40.909090909141646,3,35.52864074707031,27.510065802110283,49.452147140276935,42.62461853027344
201002A,2010,2010-05-20 21:00:00,IRRCDO,12.5,52.2,0.0,30.0,30.0,2,37.096282958984375,38.93470151914685,48.89265230808791,49.76447677612305
201002A,2010,2010-05-21 15:00:00,CRVBND,12.6,51.4,0.0,40.0,40.0,2,45.34849166870117,49.29039835235251,48.89265230808791,60.98835372924805
201002A,2010,2010-05-21 21:30:00,IRRCDO,12.5,50.97,0.0,40.0,40.0,2,28.91082763671875,28.66277351285172,48.89265230808791,39.24370574951172
201002A,2010,2010-05-22 09:00:00,IRRCDO,12.6,51.0,0.0,35.0,35.0,2,42.096981048583984,45.21007762655283,48.89265230808791,46.6223258972168
201002A,2010,2010-05-22 15:00:00,CRVBND,12.6,51.0,0.0,28.0,28.0,2,24.877241134643555,23.601025751089804,48.89265230808791,31.044527053833008
201003A,2010,2010-06-01 16:00:00,EMBC,17.07,62.07,0.0,41.81818181813108,41.81818181813108,4,73.22149658203125,86.6044460777305,47.8898116167798,68.41741943359375
201003A,2010,2010-06-01 21:30:00,EMBC,17.21,61.35,0.0,45.99999999987722,45.99999999987722,4,88.76597595214844,112.39211820396737,47.8898116167798,69.42737579345703
201003A,2010,2010-06-02 03:00:00,EYE,17.75,60.85,0.0,60.0,60.0,4,89.08720397949219,112.92502270656674,47.8898116167798,69.1442642211914
201003A,2010,2010-06-02 09:00:00,EYE,17.95,60.34,0.0,80.0,80.0,4,104.74778747558594,138.90530695328044,47.8898116167798,74.39271545410156
201003A,2010,2010-06-02 14:00:00,EYE,18.38,59.81,0.0,85.0,85.0,4,59.23044967651367,63.39385653583269,47.8898116167798,69.1614990234375
201003A,2010,2010-06-02 21:00:00,EMBC,18.85,59.24,0.0,80.0,80.0,4,63.419639587402344,70.34355573928192,47.8898116167798,70.5945816040039
201003A,2010,2010-06-03 02:00:00,EMBC,18.79,59.39,0.0,75.0,75.0,4,68.97552490234375,79.56054818150633,47.8898116167798,74.63834381103516
201003A,2010,2010-06-03 14:00:00,EMBC,20.35,59.35,0.0,70.0,70.0,4,77.63941192626953,93.9335916647936,47.8898116167798,78.83253479003906
201003A,2010,2010-06-03 22:00:00,EMBC,21.14,59.12,0.0,65.0,65.0,4,97.9898681640625,127.69418798868196,47.8898116167798,71.6884765625
201003A,2010,2010-06-04 15:00:00,CRVBND,23.0,59.7,0.0,55.0,55.0,4,59.73514175415039,64.23112059035128,47.8898116167798,44.93715286254883
201003A,2010,2010-06-04 21:00:00,CRVBND,23.6,60.1,0.0,50.0,50.0,4,39.20989227294922,30.180549237800495,47.8898116167798,42.33666229248047
201003A,2010,2010-06-05 03:00:00,SHEAR,24.0,60.7,0.0,40.0,40.0,4,33.689327239990234,21.022151736550438,47.8898116167798,39.04124450683594
201003A,2010,2010-06-05 09:00:00,SHEAR,23.8,61.4,0.0,40.0,40.0,4,40.398902893066406,32.15307049735069,47.8898116167798,38.86084747314453
201003A,2010,2010-06-05 15:00:00,SHEAR,23.7,62.1,0.0,35.0,35.0,4,37.51510238647461,27.368960320947632,47.8898116167798,32.33915710449219
201003A,2010,2010-06-05 21:00:00,SHEAR,23.5,62.8,0.0,30.0,30.0,4,40.366058349609375,32.09858270797937,47.8898116167798,31.603055953979492
201003A,2010,2010-06-06 03:00:00,CRVBND,23.0,64.8,0.0,25.0,25.0,4,45.580360412597656,40.74890214074198,47.8898116167798,28.209423065185547
201003A,2010,2010-06-06 09:00:00,CRVBND,23.7,66.3,0.0,25.0,25.0,4,40.02475357055664,31.532371673967535,47.8898116167798,41.6799201965332
201004B,2010,2010-10-21 06:00:00,CRVBND,17.77,91.53,0.0,35.0,35.0,4,39.12895202636719,30.046272592634317,47.8898116167798,62.14250183105469
201004B,2010,2010-10-21 19:00:00,EMBC,18.16,92.53,0.0,51.49999999998977,51.49999999998977,4,56.237274169921875,58.428297590921545,47.8898116167798,52.89665985107422
201004B,2010,2010-10-22 06:00:00,EYE,18.95,92.94,0.0,90.0,90.0,4,88.47721862792969,111.91308130451883,47.8898116167798,62.331947326660156
201004B,2010,2010-10-22 12:00:00,EYE,19.77,93.4,0.0,105.0,105.0,4,88.48419952392578,111.9246623329218,47.8898116167798,62.82898712158203
201005B,2010,2010-11-06 08:30:00,CRVBND,10.77,85.37,0.0,55.0,55.0,2,37.28984451293945,39.17760191609909,48.89265230808791,32.69120788574219
201005B,2010,2010-11-06 21:00:00,CRVBND,11.7,83.8,0.0,60.0,60.0,2,43.6452522277832,47.153003152478746,48.89265230808791,42.34830856323242
201005B,2010,2010-11-07 03:00:00,CRVBND,12.4,82.5,0.0,55.0,55.0,2,33.256649017333984,34.11634482836188,48.89265230808791,34.613826751708984
201005B,2010,2010-11-07 09:00:00,CRVBND,13.1,81.2,0.0,40.0,40.0,2,35.22494888305664,36.58636435928608,48.89265230808791,29.38922691345215
201005B,2010,2010-11-07 15:00:00,SHEAR,13.1,80.6,0.0,30.0,30.0,2,28.996112823486328,28.76979789500149,48.89265230808791,26.930849075317383
201101A,2011,2011-06-11 15:00:00,CRVBND,20.0,71.7,35.0,25.0,25.0,3,25.794382095336914,13.1422158936028,49.452147140276935,42.59065628051758
201101A,2011,2011-06-11 21:00:00,CRVBND,20.3,71.1,37.0,25.0,25.0,3,35.21556854248047,27.0479685220805,49.452147140276935,28.55568504333496
201101A,2011,2011-06-12 03:00:00,CRVBND,20.5,70.8,41.0,20.0,20.0,3,41.07645797729492,35.698691986756074,49.452147140276935,43.55487823486328
201101A,2011,2011-06-12 09:00:00,CRVBND,20.8,70.3,43.0,21.39,21.39,3,34.320743560791016,25.727199114642612,49.452147140276935,47.074668884277344
201102B,2011,2011-10-19 12:00:00,CRVBND,21.02,92.07,37.0,5.0,5.0,2,33.79376220703125,34.790368178143574,48.89265230808791,47.56217956542969
201103A,2011,2011-11-02 07:30:00,CRVBND,16.15,54.27,43.0,35.0,35.0,0,43.80546569824219,42.70806921807601,47.153197919247134,65.82209777832031
201103A,2011,2011-11-02 12:00:00,CRVBND,16.73,54.38,43.0,35.0,35.0,0,46.65306091308594,46.118109822254475,47.153197919247134,50.26013946533203
201104A,2011,2011-11-08 00:00:00,CRVBND,13.67,59.09,31.0,25.0,25.0,1,33.84026336669922,25.64172984734877,48.39756282189469,49.44370651245117
201104A,2011,2011-11-08 12:00:00,CRVBND,13.93,58.57,43.0,30.0,30.0,1,38.72431945800781,32.552072255073035,48.39756282189469,55.713191986083984
201104A,2011,2011-11-09 07:30:00,IRRCDO,16.18,58.85,45.0,29.09090909091585,29.09090909091585,1,38.767059326171875,32.612543944577226,48.39756282189469,57.09308624267578
201104A,2011,2011-11-09 12:00:00,SHEAR,15.96,58.34,45.0,25.0,25.0,1,43.18670654296875,38.865804557976325,48.39756282189469,37.89249801635742
201104A,2011,2011-11-09 18:00:00,SHEAR,15.9,58.3,37.0,25.0,25.0,1,31.28168487548828,22.021654008586463,48.39756282189469,27.374486923217773
201104A,2011,2011-11-09 23:00:00,SHEAR,16.07,58.13,33.0,25.0,25.0,1,36.26486587524414,29.07224604606496,48.39756282189469,26.573074340820312
201105A,2011,2011-11-27 15:30:00,CRVBND,12.67,70.94,30.0,25.0,25.0,2,29.15232276916504,28.96582575816926,48.89265230808791,25.020427703857422
201105B,2011,2011-11-27 15:30:00,CRVBND,12.67,70.94,35.0,25.0,25.0,0,29.118083953857422,25.119695752513174,47.153197919247134,24.612205505371094
201105A,2011,2011-11-28 03:00:00,IRRCDO,14.6,68.5,43.0,30.0,30.0,2,33.988677978515625,35.03496798269358,48.89265230808791,51.91378402709961
201105A,2011,2011-11-28 14:30:00,IRRCDO,15.17,67.87,55.0,30.0,30.0,2,30.857009887695312,31.105037648700353,48.89265230808791,29.909149169921875
201105A,2011,2011-11-28 21:00:00,CRVBND,15.8,67.2,45.0,30.0,30.0,2,35.45477294921875,36.8747705833491,48.89265230808791,34.07877731323242
201105A,2011,2011-11-29 03:00:00,CRVBND,16.0,66.6,37.0,30.0,30.0,2,24.906475067138672,23.637711413415015,48.89265230808791,28.80628776550293
201105A,2011,2011-11-29 09:00:00,SHEAR,15.8,66.1,33.0,28.0,28.0,2,36.66552734375,38.394146291148836,48.89265230808791,27.274694442749023
201105A,2011,2011-11-29 15:00:00,SHEAR,16.4,65.9,25.0,25.0,25.0,2,27.492820739746094,26.883316636639552,48.89265230808791,26.881393432617188
201105A,2011,2011-11-29 21:00:00,SHEAR,17.3,64.9,31.0,25.0,25.0,2,23.46324920654297,21.826607259375226,48.89265230808791,24.642257690429688
201105A,2011,2011-11-30 02:30:00,CRVBND,17.45,63.87,37.0,25.0,25.0,2,22.380624771118164,20.46802183917389,48.89265230808791,34.62604522705078
201105A,2011,2011-11-30 09:00:00,SHEAR,18.12,63.03,39.0,25.0,25.0,2,24.6088924407959,23.264274971168195,48.89265230808791,25.71784019470215
201105A,2011,2011-11-30 15:00:00,SHEAR,18.65,62.42,33.0,25.0,25.0,2,22.633764266967773,20.78568659630035,48.89265230808791,31.044071197509766
201105A,2011,2011-11-30 21:00:00,SHEAR,19.0,62.03,30.0,25.0,25.0,2,25.63617706298828,24.553414458916755,48.89265230808791,30.80199432373047
201106B,2011,2011-12-26 00:00:00,CRVBND,10.17,87.33,31.0,30.0,30.0,0,37.464942932128906,35.115192263002676,47.153197919247134,43.21930694580078
201106B,2011,2011-12-26 07:30:00,CRVBND,10.4,88.4,39.0,30.0,30.0,0,33.33909606933594,30.174424960330292,47.153197919247134,37.665855407714844
201106B,2011,2011-12-26 12:00:00,EYE,11.06,87.83,51.0,30.0,30.0,0,54.08588409423828,55.01903391402332,47.153197919247134,57.76396179199219
201106B,2011,2011-12-26 18:00:00,EYE,12.32,87.68,65.0,35.0,35.0,0,59.953407287597656,62.0454863504565,47.153197919247134,55.455535888671875
201106B,2011,2011-12-26 22:30:00,EMBC,11.91,87.26,55.0,37.272727272761095,37.272727272761095,0,53.775821685791016,54.64772924363934,47.153197919247134,52.60439682006836
201106B,2011,2011-12-27 06:00:00,EMBC,12.51,87.09,53.0,40.0,40.0,0,68.48846435546875,72.26635306940054,47.153197919247134,51.31377029418945
201106B,2011,2011-12-27 13:00:00,EMBC,13.43,86.05,55.0,41.36363636371247,41.36363636371247,0,60.336666107177734,62.50444488847655,47.153197919247134,58.19013977050781
201106B,2011,2011-12-27 18:00:00,EMBC,12.4,86.03,55.0,45.0,45.0,0,57.45246505737305,59.05056821415864,47.153197919247134,62.90262222290039
201106B,2011,2011-12-28 04:30:00,EMBC,12.25,84.74,61.0,45.0,45.0,0,57.535255432128906,59.149711005971525,47.153197919247134,70.11772155761719
201106B,2011,2011-12-29 00:00:00,EMBC,11.97,82.62,72.2,70.0,70.0,0,71.3521728515625,75.6956895844032,47.153197919247134,65.32313537597656
201106B,2011,2011-12-29 05:00:00,EYE,11.89,82.05,74.6,75.0,75.0,0,84.87197875976562,91.88587239804943,47.153197919247134,73.44686889648438
201106B,2011,2011-12-29 12:00:00,EMBC,12.15,81.68,69.8,75.0,75.0,0,95.48939514160156,104.6003975471292,47.153197919247134,69.04173278808594
201106B,2011,2011-12-29 18:30:00,EMBC,12.62,80.28,74.6,75.0,75.0,0,64.09745025634766,67.00804377969882,47.153197919247134,56.990623474121094
201201A,2012,2012-10-24 18:00:00,CRVBND,10.33,55.11,37.0,35.0,35.0,3,33.46577453613281,24.465257444279803,49.452147140276935,50.34650802612305
201201A,2012,2012-10-25 00:00:00,CRVBND,10.28,54.27,41.0,35.0,35.0,3,27.13222312927246,15.11688082338721,49.452147140276935,42.13182830810547
201201A,2012,2012-10-25 06:00:00,CRVBND,10.28,52.93,39.0,35.0,35.0,3,31.0931396484375,20.96322784205382,49.452147140276935,50.544227600097656
201201A,2012,2012-10-25 12:00:00,CRVBND,9.52,51.3,49.0,30.0,30.0,3,40.006813049316406,34.11988682753063,49.452147140276935,65.73213958740234
201202B,2012,2012-10-30 01:30:00,CRVBND,8.95,83.34,55.0,32.27272727271036,32.27272727271036,3,29.339879989624023,18.37540143125803,49.452147140276935,37.517333984375
201202B,2012,2012-10-30 06:00:00,EMBC,9.26,83.08,57.0,35.0,35.0,3,45.236141204833984,41.83842038503267,49.452147140276935,57.893775939941406
201202B,2012,2012-10-30 11:30:00,CRVBND,9.52,83.2,57.0,39.09090909093446,39.09090909093446,3,41.333763122558594,36.07847660519508,49.452147140276935,49.68940734863281
201202B,2012,2012-10-31 12:00:00,EMBC,12.62,80.27,61.0,35.0,35.0,3,44.24458312988281,40.374872095823186,49.452147140276935,60.8177490234375
201203B,2012,2012-11-17 21:30:00,IRRCDO,16.21,88.27,35.0,30.0,30.0,4,44.92347717285156,39.65915901017711,47.8898116167798,50.16323471069336
201203B,2012,2012-11-18 09:00:00,CRVBND,16.0,87.8,51.0,30.0,30.0,4,43.07012176513672,36.5845162093756,47.8898116167798,51.062110900878906
201203B,2012,2012-11-18 15:00:00,SHEAR,15.8,87.5,41.0,30.0,30.0,4,35.93369674682617,24.745471353396038,47.8898116167798,31.64366340637207
201203B,2012,2012-11-18 21:00:00,SHEAR,15.4,86.6,30.0,28.0,28.0,4,33.17829895019531,20.174376158437674,47.8898116167798,25.13898468017578
201203B,2012,2012-11-19 03:00:00,SHEAR,15.2,86.5,25.0,25.0,25.0,4,33.74494171142578,21.114413929494056,47.8898116167798,26.454776763916016
201203B,2012,2012-11-19 09:00:00,SHEAR,15.2,86.1,25.0,23.0,23.0,4,32.57292175292969,19.170079500821895,47.8898116167798,28.317716598510742
201204A,2012,2012-12-23 06:00:00,CRVBND,8.67,58.06,43.0,30.0,30.0,2,27.934974670410156,27.438175610840702,48.89265230808791,53.957672119140625
201204A,2012,2012-12-23 12:00:00,CRVBND,8.15,57.17,49.0,30.0,30.0,2,25.67238998413086,24.59885805420001,48.89265230808791,27.709259033203125
201204A,2012,2012-12-23 18:00:00,CRVBND,8.18,56.22,43.0,32.550000000000004,32.550000000000004,2,22.940746307373047,21.17091836339474,48.89265230808791,25.47109031677246
201204A,2012,2012-12-24 00:00:00,CRVBND,8.42,54.89,41.0,32.550000000000004,32.550000000000004,2,23.326173782348633,21.654591307504283,48.89265230808791,29.5212459564209
201204A,2012,2012-12-24 06:00:00,CRVBND,8.23,53.17,41.0,28.0,28.0,2,33.46349334716797,34.37591378096316,48.89265230808791,29.817630767822266
201204A,2012,2012-12-24 12:00:00,SHEAR,7.52,51.77,33.0,25.0,25.0,2,26.21598243713379,25.281012231600855,48.89265230808791,31.025131225585938
201204A,2012,2012-12-24 18:00:00,CRVBND,6.6,51.0,29.0,23.25,23.25,2,25.851619720458984,24.82377345299791,48.89265230808791,23.40443992614746
201204A,2012,2012-12-24 23:00:00,SHEAR,6.1,50.17,32.0,19.36090909091381,19.36090909091381,2,27.67118263244629,27.107142978455787,48.89265230808791,27.160917282104492
201301B,2013,2013-05-10 08:30:00,EMBC,5.04,93.35,30.0,26.37272727268897,26.37272727268897,2,35.368858337402344,36.76695633569615,48.89265230808791,57.51380920410156
201301B,2013,2013-05-10 20:00:00,IRRCDO,6.35,92.03,43.0,30.0,30.0,2,41.682594299316406,44.69006368870129,48.89265230808791,42.01686096191406
201301B,2013,2013-05-11 02:00:00,EMBC,6.95,91.05,55.0,33.181818181809724,33.181818181809724,2,36.85386657714844,38.63049319795647,48.89265230808791,52.565914154052734
201301B,2013,2013-05-11 08:30:00,EMBC,7.95,89.87,59.0,35.0,35.0,2,52.593666076660156,58.38236782522573,48.89265230808791,62.213809967041016
201301B,2013,2013-05-12 15:00:00,IRRCDO,10.5,86.9,59.0,40.0,40.0,2,36.378257751464844,38.03365167549511,48.89265230808791,38.58816146850586
201301B,2013,2013-05-13 03:30:00,IRRCDO,11.85,86.7,61.0,40.0,40.0,2,28.06365203857422,27.59965284207369,48.89265230808791,43.2885627746582
201301B,2013,2013-05-13 16:00:00,CRVBND,12.92,85.7,49.0,40.0,40.0,2,30.89745330810547,31.155790097577746,48.89265230808791,52.129398345947266
201301B,2013,2013-05-14 03:00:00,CRVBND,14.0,85.4,51.0,40.0,40.0,2,26.106122970581055,25.143149585381273,48.89265230808791,46.513607025146484
201301B,2013,2013-05-14 09:00:00,CRVBND,14.5,85.9,49.0,40.0,40.0,2,26.733875274658203,25.930915961153463,48.89265230808791,27.66472625732422
201301B,2013,2013-05-14 15:00:00,IRRCDO,15.1,86.4,47.0,40.0,40.0,2,32.58492660522461,33.27340036336264,48.89265230808791,39.90205383300781
201301B,2013,2013-05-14 21:30:00,IRRCDO,15.87,86.93,47.0,40.0,40.0,2,42.925254821777344,46.24947839691703,48.89265230808791,38.592403411865234
201301B,2013,2013-05-15 08:00:00,EMBC,17.76,88.07,57.0,45.0,45.0,2,35.55018997192383,36.99450940656832,48.89265230808791,62.58524703979492
201302B,2013,2013-10-09 08:30:00,CRVBND,13.57,92.54,43.0,30.0,30.0,2,31.35089111328125,31.72480920607236,48.89265230808791,49.26328659057617
201302B,2013,2013-10-09 15:00:00,IRRCDO,13.9,91.9,51.0,35.0,35.0,2,45.82659149169922,49.890365827381025,48.89265230808791,53.60763168334961
201302B,2013,2013-10-09 21:30:00,EMBC,14.33,91.25,72.2,45.0,45.0,2,46.03234100341797,50.14856089271313,48.89265230808791,71.17425537109375
201302B,2013,2013-10-10 02:30:00,EMBC,14.57,91.05,90.0,53.18181818186892,53.18181818186892,2,65.05366516113281,74.01842086262486,48.89265230808791,64.8853759765625
201302B,2013,2013-10-10 09:00:00,EYE,15.1,90.7,107.2,70.0,70.0,2,82.18862915039062,95.52108742893614,48.89265230808791,63.74319839477539
201302B,2013,2013-10-10 15:00:00,EYE,15.55,89.84,122.2,90.0,90.0,2,88.76683807373047,103.77608190518873,48.89265230808791,73.66148376464844
201302B,2013,2013-10-10 21:00:00,EYE,15.65,89.05,137.4,100.0,100.0,2,93.2447509765625,109.3954148739037,48.89265230808791,74.65727233886719
201302B,2013,2013-10-11 03:00:00,EYE,15.85,88.56,137.4,115.0,115.0,2,69.98147583007812,80.20233054476199,48.89265230808791,64.2867202758789
201302B,2013,2013-10-11 09:00:00,EYE,16.45,88.05,119.8,115.0,115.0,2,78.90043640136719,91.39473429902355,48.89265230808791,59.24140167236328
201302B,2013,2013-10-11 15:00:00,EYE,16.75,87.14,129.6,115.0,115.0,2,94.54762268066406,111.0303885948605,48.89265230808791,66.6419906616211
201302B,2013,2013-10-11 21:00:00,EYE,17.25,86.75,134.8,115.0,115.0,2,100.24063110351562,118.17454494981536,48.89265230808791,69.41926574707031
201302B,2013,2013-10-12 03:00:00,EYE,17.75,86.15,134.8,115.0,115.0,2,96.45344543457031,113.42200559723217,48.89265230808791,66.85700225830078
201302B,2013,2013-10-12 09:00:00,EYE,18.45,85.55,119.8,115.0,115.0,2,83.22224426269531,96.81817104882128,48.89265230808791,61.444087982177734
201303A,2013,2013-11-09 21:00:00,IRRCDO,8.0,52.2,51.0,30.0,30.0,0,32.88734817504883,29.633449664985974,47.153197919247134,23.371448516845703
201303A,2013,2013-11-10 09:00:00,IRRCDO,8.0,51.6,55.0,30.0,30.0,0,30.52993392944336,26.810408575269687,47.153197919247134,41.04730224609375
201303A,2013,2013-11-10 14:30:00,IRRCDO,8.28,51.25,49.0,30.0,30.0,0,34.56942367553711,31.647761855868616,47.153197919247134,33.42942810058594
201304B,2013,2013-11-19 13:00:00,EMBC,15.0,84.7,35.0,26.81818181819028,26.81818181819028,2,33.588504791259766,34.53279064402305,48.89265230808791,46.48753356933594
201304B,2013,2013-11-19 19:30:00,EMBC,15.05,84.04,53.0,30.0,30.0,2,45.98320388793945,50.08689872576447,48.89265230808791,62.19223403930664
201304B,2013,2013-11-20 00:30:00,EMBC,15.75,84.07,53.0,30.90909090904863,30.90909090904863,2,40.683109283447266,43.4358099273434,48.89265230808791,62.3016357421875
201304B,2013,2013-11-20 06:30:00,IRRCDO,15.07,83.33,53.0,40.0,40.0,2,53.278682708740234,59.24199520706497,48.89265230808791,51.14918899536133
201304B,2013,2013-11-20 19:30:00,EMBC,15.7,84.11,65.0,45.0,45.0,2,58.26801300048828,65.50310586477705,48.89265230808791,66.76057434082031
201304B,2013,2013-11-21 00:00:00,EMBC,15.43,83.83,69.8,50.0,50.0,2,53.645774841308594,59.702659129713545,48.89265230808791,60.564674377441406
201304B,2013,2013-11-21 18:00:00,CRVBND,16.13,82.46,74.6,55.0,55.0,2,39.40570831298828,41.83279943041549,48.89265230808791,43.19273376464844
201304B,2013,2013-11-22 00:00:00,IRRCDO,16.07,82.56,59.0,55.0,55.0,2,52.846378326416016,58.699496431222755,48.89265230808791,65.28424072265625
201304B,2013,2013-11-22 06:00:00,CRVBND,16.22,81.38,53.0,55.0,55.0,2,36.48326873779297,38.165429963808336,48.89265230808791,43.7710075378418
201305B,2013,2013-11-23 19:00:00,EMBC,9.45,95.67,49.0,31.09090909087865,31.09090909087865,2,32.523704528808594,33.196572778752824,48.89265230808791,61.78755187988281
201305B,2013,2013-11-25 07:00:00,EMBC,12.33,91.2,59.0,56.36363636364482,56.36363636364482,2,37.94941711425781,40.00529958335503,48.89265230808791,74.367919921875
201305B,2013,2013-11-26 01:30:00,EMBC,12.41,90.59,63.0,70.0,70.0,2,35.529518127441406,36.96856830861825,48.89265230808791,77.2585678100586
201305B,2013,2013-11-26 06:00:00,EMBC,12.67,90.05,65.0,70.0,70.0,2,33.93275451660156,34.96478962950149,48.89265230808791,76.1580581665039
201305B,2013,2013-11-27 06:30:00,EMBC,13.87,86.1,79.6,69.4999999999693,69.4999999999693,2,33.178829193115234,34.018688729786255,48.89265230808791,73.67997741699219
201305B,2013,2013-11-27 12:30:00,CRVBND,14.2,85.91,79.6,55.0,55.0,2,44.31397247314453,47.99218019838098,48.89265230808791,45.40632629394531
201305B,2013,2013-11-27 18:00:00,CRVBND,15.9,83.7,79.6,45.0,45.0,2,48.41039276123047,53.13277807914723,48.89265230808791,38.557220458984375
201305B,2013,2013-11-28 00:00:00,CRVBND,14.67,82.61,63.0,30.0,30.0,2,42.38220977783203,45.56801116315077,48.89265230808791,32.3578987121582
201305B,2013,2013-11-28 06:00:00,SHEAR,15.08,81.92,51.0,30.0,30.0,2,29.026365280151367,28.80776170332276,48.89265230808791,33.39588928222656
201305B,2013,2013-11-28 12:00:00,CRVBND,15.4,80.94,39.0,20.0,20.0,2,29.681018829345703,29.62928645199472,48.89265230808791,28.571826934814453
201306B,2013,2013-12-06 03:00:00,CRVBND,9.8,83.7,37.0,25.0,25.0,3,30.313831329345703,19.812962027084094,49.452147140276935,55.315242767333984
201306B,2013,2013-12-06 09:00:00,CRVBND,10.2,83.6,47.0,25.0,25.0,3,35.25004577636719,27.09885721730298,49.452147140276935,55.21323013305664
201306B,2013,2013-12-07 08:30:00,EMBC,10.48,84.3,55.0,54.00000000012278,54.00000000012278,3,48.69191360473633,46.939170317429216,49.452147140276935,58.73240280151367
201306B,2013,2013-12-07 14:00:00,EMBC,11.19,84.65,57.0,55.0,55.0,3,45.19599914550781,41.77917035849735,49.452147140276935,60.93311309814453
201306B,2013,2013-12-08 02:30:00,EMBC,12.02,84.76,59.0,60.0,60.0,3,45.66743850708008,42.4750189310876,49.452147140276935,61.209228515625
201306B,2013,2013-12-08 09:00:00,EMBC,13.65,84.14,59.0,65.0,65.0,3,47.217472076416016,44.76288187721972,49.452147140276935,59.486881256103516
201306B,2013,2013-12-08 15:00:00,EMBC,13.65,85.57,63.0,65.0,65.0,3,41.384010314941406,36.15264189546622,49.452147140276935,52.4166259765625
201306B,2013,2013-12-08 20:00:00,EMBC,13.71,84.96,67.4,65.0,65.0,3,49.927757263183594,48.76328623937353,49.452147140276935,59.540367126464844
201306B,2013,2013-12-09 14:00:00,EMBC,14.66,84.79,84.8,60.0,60.0,3,47.01877212524414,44.46959903181712,49.452147140276935,66.08907318115234
201306B,2013,2013-12-10 03:00:00,EYE,15.25,85.46,90.0,65.0,65.0,3,64.76437377929688,70.66226045818979,49.452147140276935,69.30677032470703
201306B,2013,2013-12-10 09:00:00,EMBC,15.5,85.2,104.6,65.0,65.0,3,51.058345794677734,50.432044684157106,49.452147140276935,65.16940307617188
201306B,2013,2013-12-10 15:00:00,CRVBND,15.0,84.8,92.4,55.0,55.0,3,32.660362243652344,23.276461938957407,49.452147140276935,34.550392150878906
201306B,2013,2013-12-10 21:00:00,SHEAR,14.55,84.45,69.8,45.0,45.0,3,31.951608657836914,22.230335520146948,49.452147140276935,26.38005828857422
201306B,2013,2013-12-11 03:00:00,SHEAR,14.2,83.9,51.0,30.0,30.0,3,27.09966468811035,15.06882428281143,49.452147140276935,25.390239715576172
201306B,2013,2013-12-11 09:00:00,CRVBND,13.6,83.3,41.0,30.0,30.0,3,28.59498405456543,17.27592859256647,49.452147140276935,35.409271240234375
201306B,2013,2013-12-11 15:30:00,CRVBND,13.05,82.64,43.0,27.699999999981586,27.699999999981586,3,28.571434020996094,17.241168539462244,49.452147140276935,43.63946533203125
201306B,2013,2013-12-11 21:00:00,SHEAR,12.6,82.3,41.0,25.0,25.0,3,27.703908920288086,15.96069399232085,49.452147140276935,34.856414794921875
201306B,2013,2013-12-12 03:00:00,SHEAR,11.9,81.5,28.0,25.0,25.0,3,29.197093963623047,18.16464802270247,49.452147140276935,26.671905517578125
201306B,2013,2013-12-12 08:00:00,IRRCDO,11.35,80.77,32.0,25.0,25.0,3,46.939788818359375,44.353018988159064,49.452147140276935,50.473045349121094
201306B,2013,2013-12-12 15:00:00,SHEAR,10.58,79.75,34.0,23.0,23.0,3,25.255578994750977,12.346937859966548,49.452147140276935,33.898475646972656
201401B,2014,2014-01-04 07:30:00,CRVBND,8.99,83.19,35.0,25.0,25.0,1,30.932605743408203,21.52774970344196,48.39756282189469,35.03281021118164
201401B,2014,2014-01-04 12:00:00,CRVBND,9.05,82.95,35.0,25.0,25.0,1,31.985414505004883,23.017345419885896,48.39756282189469,28.77814292907715
201401B,2014,2014-01-04 18:00:00,CRVBND,9.15,82.76,32.0,25.0,25.0,1,33.826908111572266,25.6228337937113,48.39756282189469,23.434368133544922
201401B,2014,2014-01-05 00:00:00,CRVBND,9.43,82.04,35.0,25.0,25.0,1,43.68348693847656,39.56868809785063,48.39756282189469,35.435089111328125
201401B,2014,2014-01-05 06:00:00,CRVBND,9.3,81.49,34.0,25.0,25.0,1,32.19220733642578,23.309932000765713,48.39756282189469,28.453325271606445
201401B,2014,2014-01-05 12:00:00,CRVBND,9.26,81.4,33.0,25.0,25.0,1,31.376197814941406,22.155378265919186,48.39756282189469,28.49654769897461
201401B,2014,2014-01-05 18:00:00,CRVBND,9.16,81.26,33.0,25.0,25.0,1,36.71112060546875,29.703641945142856,48.39756282189469,31.55238914489746
201401B,2014,2014-01-06 00:00:00,CRVBND,9.28,80.82,33.0,25.0,25.0,1,33.31645202636719,24.900600824448155,48.39756282189469,44.462158203125
201402A,2014,2014-06-10 03:00:00,IRRCDO,15.3,68.7,39.0,35.34,35.34,1,44.37051010131836,40.54074190077952,48.39756282189469,31.712310791015625
201402A,2014,2014-06-10 20:00:00,EMBC,16.56,67.67,57.0,31.90909090906554,31.90909090906554,1,56.79966735839844,58.12648024615174,48.39756282189469,56.91011047363281
201402A,2014,2014-06-11 03:00:00,EMBC,17.25,66.85,59.0,35.0,35.0,1,62.73355484008789,66.52220575396346,48.39756282189469,59.51904296875
201402A,2014,2014-06-11 09:30:00,EMBC,16.57,66.2,57.0,45.0,45.0,1,58.840396881103516,61.013863089387144,48.39756282189469,68.3375473022461
201402A,2014,2014-06-12 03:30:00,EMBC,18.47,63.65,67.4,45.0,45.0,1,61.489524841308594,64.76205535922415,48.39756282189469,67.22814178466797
201402A,2014,2014-06-12 15:00:00,EMBC,18.3,63.4,74.6,45.0,45.0,1,62.8664436340332,66.71022715485314,48.39756282189469,45.94554901123047
201402A,2014,2014-06-13 09:00:00,SHEAR,21.4,64.3,63.0,30.0,30.0,1,38.85197448730469,32.73268851869034,48.39756282189469,31.774322509765625
201402A,2014,2014-06-13 15:00:00,SHEAR,21.66,64.41,47.0,25.0,25.0,1,37.429805755615234,30.720493590171422,48.39756282189469,27.789087295532227
201402A,2014,2014-06-13 21:00:00,SHEAR,21.93,64.6,32.0,25.0,25.0,1,34.01341247558594,25.886714672999897,48.39756282189469,27.979576110839844
201402A,2014,2014-06-14 02:30:00,SHEAR,22.13,64.8,27.0,17.56600000005071,17.56600000005071,1,32.23210144042969,23.366377281811303,48.39756282189469,27.808977127075195
201403B,2014,2014-10-08 10:30:00,EMBC,12.89,91.35,55.0,40.0,40.0,1,50.15726089477539,48.72828697875671,48.39756282189469,58.00276565551758
201403B,2014,2014-10-09 01:30:00,EMBC,13.7,89.06,72.2,50.45454545457928,50.45454545457928,1,52.06472396850586,51.42711408539546,48.39756282189469,70.20441436767578
201403B,2014,2014-10-09 05:00:00,EMBC,13.92,88.68,77.0,55.0,55.0,1,49.57132339477539,47.89925703339401,48.39756282189469,69.25308227539062
201403B,2014,2014-10-10 18:00:00,EMBC,15.62,86.48,82.2,75.0,75.0,1,65.31839752197266,70.17944221234701,48.39756282189469,73.46574401855469
201403B,2014,2014-10-11 06:00:00,EYE,16.07,85.22,115.0,90.0,90.0,1,106.24900817871094,128.09125348303337,48.39756282189469,68.23660278320312
201403B,2014,2014-10-11 12:00:00,EYE,16.26,84.88,127.0,95.0,95.0,1,102.00381469726562,122.08482358227312,48.39756282189469,67.12310791015625
201403B,2014,2014-10-11 17:00:00,EYE,16.46,84.79,132.2,98.18181818180972,98.18181818180972,1,95.39952850341797,112.74056583730003,48.39756282189469,66.7914810180664
201403B,2014,2014-10-11 23:30:00,EYE,17.2,84.24,124.6,100.0,100.0,1,90.56819152832031,105.90481453533691,48.39756282189469,69.40895080566406
201403B,2014,2014-10-12 06:00:00,EYE,17.52,83.45,122.2,100.0,100.0,1,104.40543365478516,125.48282086548924,48.39756282189469,67.46885681152344
201404A,2014,2014-10-25 18:00:00,CRVBND,13.75,62.72,39.0,25.0,25.0,0,38.732791900634766,36.63346158725001,47.153197919247134,37.321990966796875
201404A,2014,2014-10-25 23:30:00,CRVBND,14.03,63.03,49.0,25.0,25.0,0,42.42272186279297,41.05221146151,47.153197919247134,52.80855941772461
201404A,2014,2014-10-26 06:00:00,EMBC,14.48,62.81,57.0,35.0,35.0,0,47.13898468017578,46.70001126936821,47.153197919247134,59.66797637939453
201404A,2014,2014-10-26 13:30:00,EMBC,14.29,62.9,72.2,40.0,40.0,0,54.50236892700195,55.517781131796866,47.153197919247134,57.876075744628906
201404A,2014,2014-10-26 18:00:00,CRVBND,14.55,62.7,77.0,45.0,45.0,0,60.06366729736328,62.177524467516804,47.153197919247134,48.136329650878906
201404A,2014,2014-10-27 00:00:00,EYE,14.9,62.89,90.0,55.0,55.0,0,68.47490692138672,72.25011782624968,47.153197919247134,56.69498062133789
201404A,2014,2014-10-27 05:00:00,EYE,14.97,62.57,102.0,63.63636363635518,63.63636363635518,0,68.0133056640625,71.69734297180051,47.153197919247134,62.04024124145508
201404A,2014,2014-10-27 12:30:00,EMBC,15.36,62.16,82.2,70.0,70.0,0,63.84735870361328,66.70855516378154,47.153197919247134,59.40106201171875
201404A,2014,2014-10-27 18:30:00,EYE,15.48,62.14,92.4,70.90909090906554,70.90909090906554,0,69.46857452392578,73.44005059971826,47.153197919247134,59.24657440185547
201404A,2014,2014-10-28 01:00:00,EMBC,15.81,61.72,87.4,75.0,75.0,0,55.46883773803711,56.67514291942819,47.153197919247134,57.88787841796875
201404A,2014,2014-10-28 06:00:00,EYE,16.12,61.47,69.8,80.0,80.0,0,86.68661499023438,94.0589281734825,47.153197919247134,74.4534683227539
201404A,2014,2014-10-28 12:00:00,EYE,16.8,61.8,99.6,100.0,100.0,0,101.29849243164062,111.55688403418183,47.153197919247134,72.5613021850586
201404A,2014,2014-10-28 18:30:00,EMBC,17.73,61.45,117.4,110.0,110.0,0,75.06106567382812,80.13714778553513,47.153197919247134,73.09235382080078
201404A,2014,2014-10-29 00:00:00,EMBC,18.56,62.01,109.8,105.0,105.0,0,81.58007049560547,87.94375984374359,47.153197919247134,70.11209106445312
201404A,2014,2014-10-29 12:30:00,EMBC,19.84,62.57,74.6,78.99999999993861,78.99999999993861,0,47.489139556884766,47.119327308777365,47.153197919247134,63.436248779296875
201404A,2014,2014-10-29 18:00:00,CRVBND,19.75,62.8,61.0,70.0,70.0,0,53.419830322265625,54.22142391834927,47.153197919247134,33.662628173828125
201404A,2014,2014-10-30 00:00:00,IRRCDO,19.5,63.79,51.0,60.0,60.0,0,42.7597770690918,41.45584043705308,47.153197919247134,42.258995056152344
201404A,2014,2014-10-30 12:00:00,CRVBND,20.43,64.58,49.0,40.0,40.0,0,45.90120315551758,45.217748187809406,47.153197919247134,42.54804229736328
201404A,2014,2014-10-30 18:00:00,SHEAR,20.72,65.06,35.0,35.0,35.0,0,35.65744400024414,32.950683516251445,47.153197919247134,26.18793487548828
201404A,2014,2014-10-31 00:00:00,SHEAR,21.2,65.5,30.0,25.0,25.0,0,26.61248016357422,22.119195323831985,47.153197919247134,28.589111328125
201404A,2014,2014-10-31 05:30:00,SHEAR,21.18,65.47,25.0,23.757272727258574,23.757272727258574,0,25.416397094726562,20.68686680695579,47.153197919247134,15.399374008178711
201405B,2014,2014-11-06 05:00:00,EMBC,13.96,87.0,41.0,30.0,30.0,3,44.98002624511719,41.46039249074828,49.452147140276935,57.021324157714844
201405B,2014,2014-11-06 12:00:00,CRVBND,13.86,88.01,49.0,30.0,30.0,3,35.13842010498047,26.93409676149414,49.452147140276935,29.64571762084961
201405B,2014,2014-11-06 18:00:00,CRVBND,13.35,87.7,37.0,30.0,30.0,3,34.765995025634766,26.384394125305178,49.452147140276935,23.318286895751953
201405B,2014,2014-11-07 06:00:00,CRVBND,13.3,87.1,33.0,25.0,25.0,3,29.608083724975586,18.77127246286927,49.452147140276935,28.55982208251953
201405B,2014,2014-11-07 12:00:00,CRVBND,14.27,87.11,33.0,25.0,25.0,3,28.591449737548828,17.27071191010092,49.452147140276935,33.60091018676758
201405B,2014,2014-11-07 18:00:00,SHEAR,14.34,87.12,33.0,25.0,25.0,3,24.904220581054688,11.828329804366895,49.452147140276935,33.155853271484375
201405B,2014,2014-11-08 00:00:00,SHEAR,14.57,86.7,28.0,25.0,25.0,3,26.912723541259766,14.79289753422486,49.452147140276935,27.193716049194336
201405B,2014,2014-11-08 05:30:00,SHEAR,14.6,86.15,25.0,18.6,18.6,3,35.44157409667969,27.381554673568797,49.452147140276935,29.605640411376953
201501A,2015,2015-06-07 09:00:00,CRVBND,15.8,68.4,35.0,25.0,25.0,4,40.78268051147461,32.78974228012679,47.8898116167798,56.048397064208984
201501A,2015,2015-06-07 15:00:00,CRVBND,16.3,68.5,34.0,25.0,25.0,4,38.9307975769043,29.717542253622295,47.8898116167798,22.672821044921875
201501A,2015,2015-06-07 21:00:00,IRRCDO,16.9,68.1,41.0,28.0,28.0,4,43.1911506652832,36.785298334042736,47.8898116167798,36.538387298583984
201501A,2015,2015-06-08 03:00:00,EMBC,18.0,67.5,51.0,35.0,35.0,4,52.50972366333008,52.2444397717418,47.8898116167798,52.432865142822266
201501A,2015,2015-06-08 21:00:00,IRRCDO,19.6,65.5,49.0,35.0,35.0,4,40.67403030395508,32.609495913474746,47.8898116167798,33.978092193603516
201501A,2015,2015-06-09 03:00:00,IRRCDO,20.4,64.8,47.0,35.0,35.0,4,39.9510612487793,31.410119047361814,47.8898116167798,40.23617935180664
201501A,2015,2015-06-09 15:00:00,CRVBND,21.2,62.5,53.0,40.0,40.0,4,46.333255767822266,41.99792554664795,47.8898116167798,51.4794807434082
201501A,2015,2015-06-09 21:00:00,IRRCDO,21.1,62.5,59.0,45.0,45.0,4,45.27375030517578,40.2402481850498,47.8898116167798,47.02791213989258
201501A,2015,2015-06-10 03:00:00,EMBC,21.2,61.6,69.8,45.0,45.0,4,65.31047821044922,73.48038170133346,47.8898116167798,72.6290054321289
201501A,2015,2015-06-10 21:00:00,SHEAR,20.6,61.1,74.6,45.0,45.0,4,29.34356689453125,13.812708418472086,47.8898116167798,29.554445266723633
201501A,2015,2015-06-11 03:00:00,CRVBND,20.6,60.8,55.0,40.0,40.0,4,36.73830795288086,26.08028929594627,47.8898116167798,56.71376419067383
201501A,2015,2015-06-11 09:00:00,EMBC,20.8,60.5,55.0,35.0,35.0,4,62.16389465332031,68.26032491094405,47.8898116167798,77.38384246826172
201501A,2015,2015-06-11 15:00:00,CRVBND,20.8,59.8,55.0,35.0,35.0,4,51.22217559814453,50.10844881564681,47.8898116167798,59.958709716796875
201501A,2015,2015-06-11 21:00:00,CRVBND,20.85,59.83,41.0,28.0,28.0,4,38.83074951171875,29.551566498472265,47.8898116167798,38.950294494628906
201502B,2015,2015-07-29 01:00:00,CRVBND,21.23,91.24,35.0,30.0,30.0,3,36.267127990722656,28.60007935689238,49.452147140276935,38.75767135620117
201502B,2015,2015-07-29 06:00:00,CRVBND,21.41,91.38,35.0,30.0,30.0,3,37.066768646240234,29.780355876170116,49.452147140276935,32.14241409301758
201502B,2015,2015-07-29 12:00:00,CRVBND,21.44,91.46,35.0,30.0,30.0,3,30.352001190185547,19.869301071606795,49.452147140276935,43.07002639770508
201502B,2015,2015-07-29 18:00:00,CRVBND,21.62,91.21,41.0,35.0,35.0,3,32.28261947631836,22.718910349334042,49.452147140276935,40.15146255493164
201502B,2015,2015-07-30 00:00:00,CRVBND,21.96,91.19,41.0,35.0,35.0,3,35.668975830078125,27.717201597623088,49.452147140276935,29.319515228271484
201502B,2015,2015-07-30 06:00:00,CRVBND,22.31,91.05,37.0,40.0,40.0,3,43.41183090209961,39.145722609679865,49.452147140276935,43.496192932128906
201503A,2015,2015-10-09 21:00:00,CRVBND,15.0,69.8,37.0,30.0,30.0,2,22.25487518310547,20.310218679296625,48.89265230808791,33.612335205078125
201503A,2015,2015-10-10 03:30:00,IRRCDO,15.02,69.49,45.0,30.0,30.0,2,23.900121688842773,22.374838543945103,48.89265230808791,47.57342529296875
201503A,2015,2015-10-10 09:00:00,CRVBND,15.0,69.1,47.0,30.0,30.0,2,27.235424041748047,26.56030951647336,48.89265230808791,45.14300537109375
201503A,2015,2015-10-10 15:00:00,CRVBND,15.3,69.4,35.0,30.0,30.0,2,28.342893600463867,27.950073082264062,48.89265230808791,37.67386245727539
201503A,2015,2015-10-10 21:00:00,CRVBND,15.7,69.5,33.0,30.0,30.0,2,30.291229248046875,30.39503951554632,48.89265230808791,28.475122451782227
201503A,2015,2015-10-11 03:00:00,CRVBND,15.9,69.7,32.0,25.0,25.0,2,23.193023681640625,21.487501244135025,48.89265230808791,22.490692138671875
201503A,2015,2015-10-11 09:00:00,CRVBND,16.0,69.3,35.0,25.0,25.0,2,21.55613136291504,19.43336504889246,48.89265230808791,39.65540313720703
201503A,2015,2015-10-11 15:00:00,CRVBND,16.2,69.11,39.0,25.0,25.0,2,28.88043785095215,28.624637370238844,48.89265230808791,36.65351104736328
201503A,2015,2015-10-11 21:00:00,CRVBND,16.4,68.86,34.0,23.0,23.0,2,23.486059188842773,21.85523150650429,48.89265230808791,27.2421875
201504A,2015,2015-10-28 20:30:00,EMBC,13.57,64.53,37.0,32.45454545456067,32.45454545456067,2,34.30049133300781,35.42626256590787,48.89265230808791,58.380958557128906
201504A,2015,2015-10-29 03:00:00,CRVBND,13.7,64.0,53.0,40.0,40.0,2,34.93663024902344,36.224553301127045,48.89265230808791,51.56013107299805
201504A,2015,2015-10-29 09:00:00,EMBC,13.85,63.45,65.0,50.0,50.0,2,47.849639892578125,52.429089295891366,48.89265230808791,56.9493408203125
201504A,2015,2015-10-29 15:00:00,EYE,14.25,62.75,77.0,60.0,60.0,2,60.0946044921875,67.7952955550205,48.89265230808791,61.366661071777344
201504A,2015,2015-10-29 21:30:00,EMBC,14.06,62.1,82.2,77.72727272719662,77.72727272719662,2,59.91925811767578,67.57525338702408,48.89265230808791,67.646240234375
201504A,2015,2015-10-30 03:00:00,EYE,14.15,61.45,109.8,105.0,105.0,2,93.08779907226562,109.1984559268549,48.89265230808791,72.15226745605469
201504A,2015,2015-10-30 15:00:00,EYE,13.86,60.37,124.6,115.0,115.0,2,86.46511840820312,100.88765386250454,48.89265230808791,65.22412109375
201504A,2015,2015-10-31 03:00:00,EYE,13.85,59.25,102.0,110.0,110.0,2,64.0377426147461,72.7435396439747,48.89265230808791,71.05709075927734
201504A,2015,2015-10-31 09:00:00,EYE,13.9,58.3,104.6,105.0,105.0,2,80.21026611328125,93.0384396240883,48.89265230808791,69.30280303955078
201504A,2015,2015-10-31 15:00:00,EYE,13.65,57.55,112.4,105.0,105.0,2,87.50494384765625,102.19253082202111,48.89265230808791,68.9271469116211
201504A,2015,2015-10-31 21:00:00,EYE,13.65,56.75,112.4,105.0,105.0,2,84.13075256347656,97.95825812905514,48.89265230808791,70.62296295166016
201504A,2015,2015-11-01 04:00:00,EYE,13.55,55.92,112.4,103.1818181817759,103.1818181817759,2,85.68791198730469,99.91233751329877,48.89265230808791,73.96814727783203
201504A,2015,2015-11-01 09:00:00,EYE,13.65,55.04,119.8,100.0,100.0,2,92.15119934082031,108.0231169098607,48.89265230808791,70.52935791015625
201504A,2015,2015-11-01 15:00:00,EYE,13.55,54.05,117.4,100.0,100.0,2,100.18948364257812,118.11036000032016,48.89265230808791,66.06922912597656
201504A,2015,2015-11-01 21:00:00,EYE,13.15,53.05,119.8,100.0,100.0,2,104.61076354980469,123.65862422200308,48.89265230808791,61.961429595947266
201504A,2015,2015-11-02 03:00:00,EYE,13.25,52.15,117.4,95.0,95.0,2,89.70948028564453,104.9590036310135,48.89265230808791,63.08968734741211
201504A,2015,2015-11-02 09:00:00,EYE,13.35,50.94,112.4,90.0,90.0,2,90.6865234375,106.18509509688509,48.89265230808791,57.997520446777344
201504A,2015,2015-11-02 15:00:00,EYE,13.55,50.04,92.4,85.0,85.0,2,82.898193359375,96.41151956539962,48.89265230808791,58.31309509277344
201504A,2015,2015-11-03 03:30:00,CRVBND,13.47,48.08,72.2,53.18181818186892,53.18181818186892,2,36.53480911254883,38.23010798086006,48.89265230808791,39.806396484375
201505A,2015,2015-11-05 08:00:00,CRVBND,14.03,64.64,37.0,31.90909090908584,31.90909090908584,0,33.92547607421875,30.876624351488655,47.153197919247134,51.48782730102539
201505A,2015,2015-11-05 14:30:00,CRVBND,13.82,63.57,53.0,39.09090909093446,39.09090909093446,0,36.303958892822266,33.72489539278687,47.153197919247134,52.77131271362305
201505A,2015,2015-11-06 09:00:00,CRVBND,13.0,61.4,53.0,45.0,45.0,0,30.791963577270508,27.12419325011793,47.153197919247134,52.324798583984375
201505A,2015,2015-11-06 15:00:00,CRVBND,12.9,60.4,45.0,45.0,45.0,0,35.37092590332031,32.6075735337479,47.153197919247134,47.70329666137695
201505A,2015,2015-11-07 09:00:00,EMBC,12.8,58.7,69.8,55.0,55.0,0,57.07699203491211,58.600933292140525,47.153197919247134,61.33513259887695
201505A,2015,2015-11-07 21:00:00,EYE,12.8,56.7,77.0,80.0,80.0,0,41.43922424316406,39.874457404484914,47.153197919247134,44.51029968261719
201505A,2015,2015-11-08 03:00:00,EYE,12.65,55.55,82.2,90.0,90.0,0,62.659934997558594,65.28659637170907,47.153197919247134,62.27373504638672
201505A,2015,2015-11-08 08:00:00,EYE,12.65,54.34,104.6,95.0,95.0,0,69.73487091064453,73.7589447623167,47.153197919247134,51.08573532104492
201505A,2015,2015-11-09 03:30:00,EMBC,12.25,49.84,69.8,80.0,80.0,0,41.1142463684082,39.48529122573858,47.153197919247134,63.65605163574219
201505A,2015,2015-11-09 09:00:00,IRRCDO,12.3,49.1,61.0,75.0,75.0,0,40.733890533447266,39.02980905801616,47.153197919247134,46.115821838378906
201505A,2015,2015-11-09 15:00:00,CRVBND,12.5,47.5,51.0,65.0,65.0,0,48.33285140991211,48.129685684873934,47.153197919247134,43.91352081298828
201505A,2015,2015-11-09 21:00:00,SHEAR,12.9,46.5,35.0,60.0,60.0,0,34.3628044128418,31.40033199936245,47.153197919247134,33.49021530151367
201601B,2016,2016-05-19 15:00:00,IRRCDO,15.7,83.3,57.0,40.0,40.0,4,42.64746856689453,35.88335138809971,47.8898116167798,38.07072448730469
201601B,2016,2016-05-19 21:00:00,CRVBND,16.7,84.0,47.0,40.0,40.0,4,38.66705322265625,29.28000087506898,47.8898116167798,38.08361053466797
201601B,2016,2016-05-20 10:00:00,EMBC,18.93,86.4,57.0,40.0,40.0,4,57.27350616455078,60.14736519607899,47.8898116167798,66.96150970458984
201601B,2016,2016-05-20 15:00:00,CRVBND,19.2,87.6,57.0,40.0,40.0,4,41.87530517578125,34.602363078115395,47.8898116167798,39.165443420410156
201602A,2016,2016-06-27 09:00:00,CRVBND,21.8,64.4,49.0,25.0,25.0,0,36.47490310668945,33.92960381036597,47.153197919247134,49.03315353393555
201602A,2016,2016-06-27 15:00:00,IRRCDO,21.7,63.8,49.0,25.0,25.0,0,36.81462860107422,34.33643049840359,47.153197919247134,28.352338790893555
201602A,2016,2016-06-28 03:00:00,CRVBND,21.2,62.2,37.0,25.0,25.0,0,27.273759841918945,22.91108826638187,47.153197919247134,25.502962112426758
201602A,2016,2016-06-28 09:00:00,CRVBND,20.8,63.4,32.0,25.0,25.0,0,29.29388999938965,25.33022629091269,47.153197919247134,31.68201446533203
201602A,2016,2016-06-28 15:00:00,SHEAR,20.4,63.3,33.0,25.0,25.0,0,30.801244735717773,27.135307585116813,47.153197919247134,19.447978973388672
201602A,2016,2016-06-28 21:00:00,SHEAR,20.3,63.2,33.0,25.0,25.0,0,26.58009910583496,22.08041849167497,47.153197919247134,21.042688369750977
201603B,2016,2016-10-25 04:30:00,EMBC,16.62,90.88,45.0,35.0,35.0,3,48.237449645996094,46.26837758614679,49.452147140276935,73.38432312011719
201603B,2016,2016-10-25 11:30:00,EMBC,16.72,90.36,57.0,35.0,35.0,3,46.5520133972168,43.78065911479647,49.452147140276935,75.237548828125
201603B,2016,2016-10-25 17:30:00,IRRCDO,16.62,90.09,57.0,35.0,35.0,3,47.726810455322266,45.51466972697697,49.452147140276935,42.22605514526367
201603B,2016,2016-10-26 12:00:00,CRVBND,16.36,86.53,57.0,40.0,40.0,3,51.700096130371094,51.37927372664146,49.452147140276935,59.83406066894531
201603B,2016,2016-10-26 18:00:00,CRVBND,15.64,85.27,49.0,35.0,35.0,3,40.04576873779297,34.17738576043747,49.452147140276935,41.73577880859375
201603B,2016,2016-10-27 00:00:00,IRRCDO,15.68,85.27,41.0,30.0,30.0,3,33.047664642333984,23.84812362707906,49.452147140276935,27.211421966552734
201603B,2016,2016-10-27 04:30:00,CRVBND,15.48,84.55,43.0,30.0,30.0,3,35.29268264770508,27.161789607931627,49.452147140276935,44.087135314941406
201604B,2016,2016-11-30 03:30:00,IRRCDO,8.95,85.23,51.0,35.0,35.0,2,32.20158386230469,32.79234354954092,48.89265230808791,45.790462493896484
201604B,2016,2016-11-30 09:00:00,CRVBND,9.5,84.5,51.0,35.0,35.0,2,25.47034454345703,24.345311227677563,48.89265230808791,37.166316986083984
201604B,2016,2016-11-30 15:00:00,CRVBND,10.1,83.5,37.0,40.0,40.0,2,29.50423812866211,29.40744434806376,48.89265230808791,35.921295166015625
201604B,2016,2016-11-30 21:00:00,SHEAR,10.2,82.3,33.0,40.0,40.0,2,26.447555541992188,25.57161332435,48.89265230808791,27.778791427612305
201604B,2016,2016-12-01 03:00:00,SHEAR,10.3,81.4,34.0,30.0,30.0,2,24.68596076965332,23.360988018203653,48.89265230808791,30.053468704223633
201604B,2016,2016-12-01 09:00:00,SHEAR,10.4,80.9,25.0,30.0,30.0,2,27.963706970214844,27.47423177429519,48.89265230808791,28.80781364440918
201604B,2016,2016-12-01 15:00:00,SHEAR,10.6,80.4,25.0,28.0,28.0,2,34.28511428833008,35.406965912311875,48.89265230808791,27.838916778564453
201604B,2016,2016-12-01 21:00:00,SHEAR,10.75,79.7,25.0,25.0,25.0,2,28.128902435302734,27.68153556590389,48.89265230808791,28.887714385986328
201605B,2016,2016-12-07 15:00:00,CRVBND,10.9,91.7,39.0,28.0,28.0,4,38.498741149902344,29.000777850371925,47.8898116167798,66.10963439941406
201605B,2016,2016-12-07 20:30:00,IRRCDO,11.17,92.0,51.0,32.45454545456067,32.45454545456067,4,38.6078987121582,29.1818658983232,47.8898116167798,62.097923278808594
201605B,2016,2016-12-08 03:30:00,CRVBND,11.63,92.1,55.0,35.0,35.0,4,40.86122131347656,32.92003834230638,47.8898116167798,58.286109924316406
201605B,2016,2016-12-08 09:00:00,CRVBND,11.4,91.9,53.0,35.0,35.0,4,37.26332473754883,26.951271229880707,47.8898116167798,37.69881820678711
201605B,2016,2016-12-08 15:00:00,CRVBND,11.7,91.6,41.0,40.0,40.0,4,41.41796875,33.843660163812324,47.8898116167798,21.877639770507812
201605B,2016,2016-12-08 20:30:00,IRRCDO,11.88,91.33,53.0,40.0,40.0,4,51.27975082397461,50.20396382203257,47.8898116167798,38.190773010253906
201605B,2016,2016-12-09 09:00:00,IRRCDO,11.9,90.5,49.0,45.0,45.0,4,39.23320770263672,30.21922860698023,47.8898116167798,37.36925506591797
201605B,2016,2016-12-10 02:30:00,EMBC,12.82,87.52,65.0,55.0,55.0,4,63.36946105957031,70.26031156025864,47.8898116167798,76.57469177246094
201605B,2016,2016-12-10 15:00:00,EMBC,13.3,85.8,63.0,65.0,65.0,4,55.824676513671875,57.74381451329058,47.8898116167798,71.01823425292969
201605B,2016,2016-12-10 21:00:00,EMBC,13.35,83.72,63.0,65.0,65.0,4,52.22951126098633,51.77957855733297,47.8898116167798,64.65190887451172
201605B,2016,2016-12-11 21:00:00,EYE,13.2,82.0,74.6,70.0,70.0,4,76.13612365722656,91.43969630360041,47.8898116167798,70.7281494140625
201605B,2016,2016-12-12 04:00:00,EYE,13.25,80.82,67.4,70.0,70.0,4,57.93106460571289,61.23822845889922,47.8898116167798,66.9283447265625
201701B,2017,2017-04-15 21:10:00,IRRCDO,15.83,91.72,53.0,40.0,40.0,3,41.915592193603516,36.937261343125904,49.452147140276935,46.472320556640625
201701B,2017,2017-04-16 03:00:00,IRRCDO,16.8,92.7,51.0,40.0,40.0,3,40.40848159790039,34.712753077082674,49.452147140276935,49.49574661254883
201701B,2017,2017-04-16 09:10:00,IRRCDO,17.33,93.13,53.0,40.0,40.0,3,45.70358657836914,42.528373796757904,49.452147140276935,59.27001953125
201701B,2017,2017-04-16 15:40:00,IRRCDO,18.61,93.99,53.0,40.0,40.0,3,44.55649948120117,40.835263326433584,49.452147140276935,44.243934631347656
201702B,2017,2017-05-28 07:00:00,EMBC,14.68,89.54,45.0,26.36363636361945,26.36363636361945,2,35.133705139160156,36.471862583706155,48.89265230808791,80.54705810546875
201702B,2017,2017-05-28 12:10:00,IRRCDO,15.41,90.82,49.0,30.454545454570823,30.454545454570823,2,42.72317123413086,45.99588369975802,48.89265230808791,40.89685821533203
201702B,2017,2017-05-28 18:10:00,IRRCDO,16.62,91.44,49.0,35.45454545457082,35.45454545457082,2,40.92165756225586,43.73516416598694,48.89265230808791,55.29070281982422
201702B,2017,2017-05-29 00:10:00,IRRCDO,17.11,91.05,51.0,45.0,45.0,2,38.019859313964844,40.093697500820596,48.89265230808791,63.07610321044922
201702B,2017,2017-05-29 13:10:00,IRRCDO,19.08,91.58,57.0,51.8181818182241,51.8181818182241,2,52.40709686279297,58.14824211595432,48.89265230808791,45.1192626953125
201702B,2017,2017-05-29 22:40:00,EYE,20.74,91.84,69.8,60.0,60.0,2,69.64912414550781,79.78526241082558,48.89265230808791,61.656951904296875
201703B,2017,2017-11-30 03:00:00,EMBC,7.7,76.9,51.0,35.0,35.0,3,48.36820983886719,46.46138076105675,49.452147140276935,72.62561798095703
201703A,2017,2017-11-30 08:30:00,EMBC,7.97,76.27,55.0,44.09090909093446,44.09090909093446,1,57.799842834472656,59.54160629676793,48.39756282189469,60.9144287109375
201703B,2017,2017-11-30 14:30:00,EYE,8.42,74.91,72.2,45.0,45.0,3,56.47298812866211,58.424103570848466,49.452147140276935,68.17019653320312
201703B,2017,2017-11-30 21:00:00,EMBC,8.7,74.3,79.6,45.0,45.0,3,44.92556381225586,41.38000546909621,49.452147140276935,72.75629425048828
201703B,2017,2017-12-01 03:00:00,EYE,8.9,73.8,84.8,55.0,55.0,3,42.61125183105469,37.964060980972526,49.452147140276935,64.68817138671875
201703B,2017,2017-12-01 09:30:00,EMBC,8.79,72.28,90.0,65.0,65.0,3,53.50880813598633,54.04894828062176,49.452147140276935,60.152992248535156
201703B,2017,2017-12-01 15:30:00,EYE,9.14,72.25,90.0,65.90909090906554,65.90909090906554,3,64.60050964355469,70.42039557746651,49.452147140276935,60.667213439941406
201703B,2017,2017-12-01 22:00:00,EYE,9.31,71.67,90.0,76.50000000002046,76.50000000002046,3,69.84064483642578,78.15488041551352,49.452147140276935,63.37889099121094
201703B,2017,2017-12-02 03:00:00,EYE,9.45,71.45,107.2,80.0,80.0,3,70.59611511230469,79.26996107265569,49.452147140276935,64.14370727539062
201703B,2017,2017-12-02 09:00:00,EYE,10.25,70.65,107.2,85.0,85.0,3,67.8265151977539,75.18200765960408,49.452147140276935,63.387351989746094
201703B,2017,2017-12-03 04:00:00,IRRCDO,12.22,69.04,67.4,78.50000000001023,78.50000000001023,3,53.04364776611328,53.36236755405234,49.452147140276935,65.85122680664062
201703B,2017,2017-12-03 14:30:00,EMBC,13.05,68.7,72.2,75.0,75.0,3,68.7354507446289,76.5236043832212,49.452147140276935,80.33466339111328
201703B,2017,2017-12-03 21:00:00,EMBC,14.0,68.7,79.6,75.0,75.0,3,65.49688720703125,71.74345660904198,49.452147140276935,73.61239624023438
201703B,2017,2017-12-04 04:00:00,EMBC,14.72,68.95,79.6,65.0,65.0,3,54.978416442871094,56.2181028442162,49.452147140276935,71.63691711425781
201703B,2017,2017-12-05 09:00:00,SHEAR,18.7,70.8,82.2,30.0,30.0,3,33.768409729003906,24.911949604799883,49.452147140276935,33.9841194152832
201703B,2017,2017-12-05 17:00:00,SHEAR,20.03,71.41,47.0,21.499999999989768,21.499999999989768,3,28.054157257080078,16.47766356481476,49.452147140276935,31.95791244506836
201704B,2017,2017-12-08 21:00:00,CRVBND,18.7,86.9,41.0,25.0,25.0,0,32.21141815185547,28.824012701242825,47.153197919247134,41.34864044189453
201704B,2017,2017-12-09 03:00:00,CRVBND,19.7,87.0,37.0,25.0,25.0,0,35.955570220947266,33.30769441178482,47.153197919247134,36.85652160644531
201704B,2017,2017-12-09 09:00:00,SHEAR,19.1,86.9,32.0,27.9,27.9,0,18.282337188720703,12.14371649355831,47.153197919247134,32.22077178955078
201704B,2017,2017-12-09 15:00:00,SHEAR,19.7,87.2,27.0,26.040000000000003,26.040000000000003,0,20.568527221679688,14.881465454723777,47.153197919247134,28.959266662597656
201704B,2017,2017-12-09 21:00:00,SHEAR,20.31,87.63,25.0,23.25,23.25,0,24.18244743347168,19.209192442826655,47.153197919247134,34.83424377441406
201704B,2017,2017-12-10 03:45:00,SHEAR,21.04,88.26,25.0,20.62909090908619,20.62909090908619,0,26.819351196289062,22.36692667894478,47.153197919247134,34.826133728027344
201801A,2018,2018-05-17 00:00:00,CRVBND,13.21,49.1,37.0,30.0,30.0,2,27.373931884765625,26.734123010747005,48.89265230808791,45.28246307373047
201801A,2018,2018-05-17 11:00:00,IRRCDO,13.05,48.47,49.0,38.1818181817759,38.1818181817759,2,43.295284271240234,46.713828358580464,48.89265230808791,48.1363410949707
201801A,2018,2018-05-17 18:00:00,CRVBND,12.7,47.54,47.0,40.0,40.0,2,34.14241027832031,35.22788664801699,48.89265230808791,47.99547576904297
201801A,2018,2018-05-18 00:00:00,EMBC,12.28,46.59,41.0,45.0,45.0,2,32.408077239990234,33.05147209228588,48.89265230808791,62.701663970947266
201801A,2018,2018-05-18 18:00:00,IRRCDO,11.3,45.1,67.4,45.0,45.0,2,36.98015213012695,38.78896894027735,48.89265230808791,45.87993621826172
201802A,2018,2018-05-22 06:00:00,CRVBND,9.37,56.87,35.0,30.0,30.0,1,35.95928955078125,28.63989289649934,48.39756282189469,35.21638107299805
201802A,2018,2018-05-22 12:00:00,CRVBND,10.02,56.99,34.0,35.0,35.0,1,40.913265228271484,35.64916297263866,48.39756282189469,45.839595794677734
201802A,2018,2018-05-23 19:00:00,EMBC,12.67,55.8,77.0,70.0,70.0,1,74.43717956542969,83.08140424628677,48.39756282189469,66.37486267089844
201802A,2018,2018-05-24 12:30:00,EMBC,14.35,55.26,77.0,80.0,80.0,1,62.302249908447266,65.91196199261914,48.39756282189469,56.54206848144531
201802A,2018,2018-05-24 16:45:00,EYE,14.8,54.78,69.8,80.0,80.0,1,69.57846069335938,76.20691090690299,48.39756282189469,63.624698638916016
201802A,2018,2018-05-24 23:00:00,EMBC,15.34,54.51,63.0,83.1818181817759,83.1818181817759,1,81.83578491210938,93.54952650560293,48.39756282189469,61.761749267578125
201802A,2018,2018-05-25 19:00:00,EYE,16.81,53.77,99.6,93.63636363635518,93.63636363635518,1,79.22798156738281,89.85980351570156,48.39756282189469,70.83244323730469
201804B,2018,2018-09-20 18:15:00,CRVBND,19.14,85.3,35.0,35.0,35.0,4,39.55308151245117,30.749886516638043,47.8898116167798,20.5516357421875
201805A,2018,2018-10-08 06:00:00,CRVBND,12.76,61.73,45.0,40.0,40.0,2,34.435142517089844,35.595236338825636,48.89265230808791,57.754737854003906
201805A,2018,2018-10-08 12:00:00,CRVBND,12.53,61.05,47.0,45.0,45.0,2,38.09701919555664,40.1905254373838,48.89265230808791,54.127315521240234
201805A,2018,2018-10-08 23:00:00,EMBC,12.67,60.87,53.0,45.0,45.0,2,52.92607116699219,58.79950297805331,48.89265230808791,71.71609497070312
201805A,2018,2018-10-09 06:30:00,CRVBND,13.12,60.17,59.0,45.90909090906554,45.90909090906554,2,51.36124038696289,56.83579680879814,48.89265230808791,65.58094787597656
201805A,2018,2018-10-09 12:00:00,EMBC,13.43,59.67,53.0,55.0,55.0,2,56.34940719604492,63.09544741209525,48.89265230808791,64.3736572265625
201805A,2018,2018-10-09 17:30:00,CRVBND,13.59,59.33,59.0,55.0,55.0,2,50.54109573364258,55.80659727108417,48.89265230808791,55.32758712768555
201805A,2018,2018-10-10 05:30:00,EYE,14.26,58.94,77.0,73.18181818186892,73.18181818186892,2,65.45108032226562,74.51713715427233,48.89265230808791,57.49695587158203
201806B,2018,2018-10-10 06:00:00,EMBC,16.87,85.72,59.0,70.0,70.0,0,82.21797180175781,88.70765681340377,47.153197919247134,65.86328125
201805A,2018,2018-10-10 12:00:00,CRVBND,14.39,58.69,87.4,75.0,75.0,2,77.08631896972656,89.11819830693415,48.89265230808791,55.36761474609375
201806B,2018,2018-10-10 12:00:00,EYE,17.75,85.61,97.2,80.0,80.0,0,91.97412109375,100.39080091081573,47.153197919247134,58.52603530883789
201805A,2018,2018-10-10 18:00:00,EYE,14.47,58.46,87.4,75.0,75.0,2,70.97166442871094,81.44491823199101,48.89265230808791,50.580413818359375
201806B,2018,2018-10-10 17:15:00,EMBC,18.14,85.19,97.2,80.0,80.0,0,90.07852172851562,98.12079049254818,47.153197919247134,71.3158950805664
201805A,2018,2018-10-10 23:45:00,CRVBND,14.54,58.1,84.8,75.0,75.0,2,39.25672149658203,41.645835872279726,48.89265230808791,45.9027099609375
201806B,2018,2018-10-10 23:15:00,EMBC,19.0,85.0,84.8,80.0,80.0,0,104.34004211425781,115.19918820132092,47.153197919247134,72.85884094238281
201805A,2018,2018-10-11 05:45:00,CRVBND,14.52,57.9,67.4,70.0,70.0,2,56.87445068359375,63.7543244924704,48.89265230808791,45.748966217041016
201805A,2018,2018-10-11 12:15:00,CRVBND,14.37,57.91,51.0,70.0,70.0,2,38.379425048828125,40.54491654687654,48.89265230808791,45.744651794433594
201805A,2018,2018-10-11 18:15:00,CRVBND,14.53,57.67,41.0,69.54545454542072,69.54545454542072,2,41.15079116821289,44.022703931528284,48.89265230808791,41.611839294433594
201805A,2018,2018-10-11 23:45:00,CRVBND,14.53,57.58,33.0,60.45454545457082,60.45454545457082,2,31.518022537231445,31.93454243248631,48.89265230808791,45.73637390136719
201805A,2018,2018-10-12 06:15:00,CRVBND,14.63,57.2,32.0,50.0,50.0,2,37.17662811279297,39.035526653862526,48.89265230808791,45.649497985839844
201805A,2018,2018-10-12 12:00:00,CRVBND,14.6,56.99,33.0,50.0,50.0,2,33.75994873046875,34.74793564589973,48.89265230808791,47.526885986328125
201805A,2018,2018-10-12 18:15:00,CRVBND,14.85,56.16,33.0,45.0,45.0,2,37.70515441894531,39.69877432335531,48.89265230808791,37.142616271972656
201805A,2018,2018-10-13 00:15:00,SHEAR,14.57,55.76,31.0,44.54545454542918,44.54545454542918,2,33.36700439453125,34.2548297928567,48.89265230808791,35.40939712524414
201805A,2018,2018-10-13 06:15:00,CRVBND,14.6,54.9,33.0,40.0,40.0,2,28.665056228637695,28.354354969176182,48.89265230808791,35.11848068237305
201805A,2018,2018-10-13 12:00:00,CRVBND,14.79,54.31,33.0,40.0,40.0,2,35.52839660644531,36.96716091190349,48.89265230808791,41.316871643066406
201805A,2018,2018-10-13 18:15:00,CRVBND,15.06,53.55,32.0,40.0,40.0,2,41.08803939819336,43.94395673439254,48.89265230808791,39.38192367553711
201805A,2018,2018-10-14 00:00:00,CRVBND,15.2,52.9,34.0,40.0,40.0,2,33.79424285888672,34.790971348164184,48.89265230808791,37.291748046875
201807B,2018,2018-11-10 20:45:00,IRRCDO,13.2,89.21,37.0,32.72727272725751,32.72727272725751,3,37.81614685058594,30.88644458307217,49.452147140276935,41.11967468261719
201807B,2018,2018-11-11 03:15:00,CRVBND,13.41,88.98,47.0,35.454545454486265,35.454545454486265,3,35.700199127197266,27.763287454051063,49.452147140276935,47.36750411987305
201807B,2018,2018-11-11 09:15:00,CRVBND,13.41,88.38,45.0,40.0,40.0,3,31.950584411621094,22.228823723879273,49.452147140276935,43.90107727050781
201807B,2018,2018-11-11 15:15:00,CRVBND,13.4,87.28,45.0,40.0,40.0,3,29.33562469482422,18.369120579352668,49.452147140276935,41.921634674072266
201807B,2018,2018-11-11 20:45:00,IRRCDO,12.9,86.72,41.0,40.0,40.0,3,35.318199157714844,27.199452197259266,49.452147140276935,50.54165267944336
201807B,2018,2018-11-12 02:45:00,CRVBND,12.4,86.91,45.0,40.0,40.0,3,33.92929458618164,25.149417044610487,49.452147140276935,35.38482666015625
201807B,2018,2018-11-12 08:45:00,CRVBND,12.2,87.21,49.0,40.0,40.0,3,31.71455955505371,21.880448995493225,49.452147140276935,26.293607711791992
201807B,2018,2018-11-12 15:15:00,CRVBND,12.6,87.49,39.0,40.45454545457082,40.45454545457082,3,33.63998031616211,24.72238668135937,49.452147140276935,35.40934753417969
201807B,2018,2018-11-12 21:15:00,CRVBND,13.2,87.59,35.0,44.54545454542072,44.54545454542072,3,36.53162384033203,28.990477517098853,49.452147140276935,50.339271545410156
201807B,2018,2018-11-13 03:15:00,CRVBND,13.7,87.18,45.0,40.0,40.0,3,33.487972259521484,24.498021475868608,49.452147140276935,56.69990539550781
201807B,2018,2018-11-13 09:15:00,CRVBND,13.79,86.07,45.0,40.0,40.0,3,36.3973274230957,28.792254844460267,49.452147140276935,57.614105224609375
201807B,2018,2018-11-13 15:15:00,EYE,13.39,85.58,53.0,40.0,40.0,3,29.40616226196289,18.47323463814432,49.452147140276935,53.82452392578125
201807B,2018,2018-11-14 09:00:00,EMBC,12.6,84.5,53.0,45.0,45.0,3,42.9037971496582,38.395860399861334,49.452147140276935,65.45433044433594
201807B,2018,2018-11-14 15:45:00,EMBC,12.05,83.51,55.0,45.0,45.0,3,47.19326400756836,44.72715055835693,49.452147140276935,55.93344497680664
201807B,2018,2018-11-15 08:45:00,EMBC,11.21,81.64,72.2,55.0,55.0,3,54.101707458496094,54.92407280540097,49.452147140276935,68.005615234375
201807B,2018,2018-11-15 15:45:00,EMBC,10.77,80.57,79.6,65.99999999997954,65.99999999997954,3,68.18274688720703,75.70780871234322,49.452147140276935,68.01194763183594
201807B,2018,2018-11-16 19:45:00,CRVBND,9.7,74.99,49.0,26.636363636373783,26.636363636373783,3,44.883705139160156,41.31822170579943,49.452147140276935,60.35471725463867
201807B,2018,2018-11-17 03:15:00,CRVBND,10.11,73.65,53.0,30.0,30.0,3,41.78657150268555,36.74682568813422,49.452147140276935,62.513389587402344
201807B,2018,2018-11-17 10:15:00,CRVBND,9.83,71.96,55.0,30.0,30.0,3,54.78595733642578,55.934031539573056,49.452147140276935,69.29193878173828
201807B,2018,2018-11-17 13:45:00,CRVBND,10.06,71.31,55.0,30.0,30.0,3,36.71430969238281,29.260123413780057,49.452147140276935,47.63047409057617
201807B,2018,2018-11-18 09:15:00,CRVBND,10.61,68.36,57.0,30.0,30.0,3,44.54057312011719,40.81175587981333,49.452147140276935,68.63240051269531
201807B,2018,2018-11-18 15:15:00,SHEAR,11.01,67.97,51.0,30.0,30.0,3,35.901397705078125,28.06025829407313,49.452147140276935,40.25159454345703
201807B,2018,2018-11-18 21:15:00,SHEAR,10.61,67.37,39.0,30.0,30.0,3,28.9931640625,17.863645725966606,49.452147140276935,29.995899200439453
201807B,2018,2018-11-19 03:15:00,SHEAR,10.75,66.51,31.0,29.545454545429177,29.545454545429177,3,28.775373458862305,17.54218491251345,49.452147140276935,25.453048706054688
201807B,2018,2018-11-19 09:15:00,CRVBND,10.85,65.59,34.0,25.0,25.0,3,34.31079864501953,25.712520333004527,49.452147140276935,52.71111297607422
201808B,2018,2018-12-15 15:15:00,IRRCDO,10.83,84.88,45.0,35.0,35.0,4,47.40803146362305,43.78093561682373,47.8898116167798,40.79241180419922
201808B,2018,2018-12-16 21:00:00,EMBC,14.7,82.1,77.0,55.0,55.0,4,56.72846984863281,59.24317165719441,47.8898116167798,65.50545501708984
201808B,2018,2018-12-17 09:15:00,CRVBND,16.63,82.3,61.0,39.090909090858354,39.090909090858354,4,42.128719329833984,35.022767066004654,47.8898116167798,44.97396469116211
201901B,2019,2019-04-27 14:45:00,IRRCDO,6.67,89.32,55.0,45.0,45.0,0,38.261749267578125,36.06938053505228,47.153197919247134,36.34918212890625
201901B,2019,2019-04-27 21:15:00,CRVBND,7.83,88.58,49.0,45.0,45.0,0,33.38282012939453,30.226785218348045,47.153197919247134,36.281646728515625
201901B,2019,2019-04-28 02:45:00,CRVBND,7.38,87.92,37.0,45.0,45.0,0,34.8293571472168,31.959036326408643,47.153197919247134,42.220672607421875
201901B,2019,2019-04-28 09:15:00,EMBC,7.82,87.38,49.0,45.0,45.0,0,31.58607292175293,28.07515183254805,47.153197919247134,56.943077087402344
201901B,2019,2019-04-28 15:15:00,CRVBND,8.82,86.68,51.0,45.0,45.0,0,29.739673614501953,25.864059266992413,47.153197919247134,41.568119049072266
201901B,2019,2019-04-29 22:15:00,EMBC,11.63,86.84,72.2,67.27272727271036,67.27272727271036,0,46.08314895629883,45.43563118086601,47.153197919247134,61.15043640136719
201901B,2019,2019-04-30 08:45:00,EMBC,12.88,85.53,84.8,84.4999999999693,84.4999999999693,0,68.47283172607422,72.24763274682536,47.153197919247134,58.08540725708008
201901B,2019,2019-04-30 20:15:00,EMBC,13.61,84.14,90.0,95.0,95.0,0,61.64948272705078,64.07656369113195,47.153197919247134,57.86661911010742
201901B,2019,2019-05-01 04:15:00,EMBC,14.11,83.79,90.0,95.0,95.0,0,54.97923278808594,56.088833197232695,47.153197919247134,59.106536865234375
201901B,2019,2019-05-01 09:15:00,EYE,14.69,84.18,90.0,95.45454545457082,95.45454545457082,0,86.78691101074219,94.17903425477745,47.153197919247134,64.46257019042969
201901B,2019,2019-05-01 15:15:00,EYE,15.22,84.15,97.2,100.0,100.0,0,89.3768310546875,97.28050473955413,47.153197919247134,58.23882293701172
201901B,2019,2019-05-02 03:45:00,EMBC,16.28,84.62,90.0,105.99999999995909,105.99999999995909,0,74.89517211914062,79.93848761273142,47.153197919247134,70.93987274169922
201901B,2019,2019-05-02 09:15:00,EYE,17.13,85.01,107.2,115.0,115.0,0,100.9913558959961,111.18908314305973,47.153197919247134,76.2403564453125
201901B,2019,2019-05-02 14:45:00,EYE,17.79,85.0,122.2,115.0,115.0,0,109.57199096679688,121.46453024612488,47.153197919247134,76.05155944824219
201901B,2019,2019-05-02 21:15:00,EYE,18.78,85.32,132.2,114.09090909084144,114.09090909084144,0,93.14421844482422,101.79201111695933,47.153197919247134,71.83030700683594
201902A,2019,2019-06-10 14:45:00,IRRCDO,13.68,70.8,37.0,32.699999999981586,32.699999999981586,2,34.95058059692383,36.24205959291582,48.89265230808791,29.50345230102539
201902A,2019,2019-06-10 20:45:00,CRVBND,14.17,70.7,47.0,35.0,35.0,2,35.652889251708984,37.12338673430621,48.89265230808791,37.57374572753906
201902A,2019,2019-06-11 03:45:00,IRRCDO,15.19,70.6,61.0,41.00000000006139,41.00000000006139,2,33.30426025390625,34.176092169848275,48.89265230808791,42.74007034301758
201902A,2019,2019-06-11 09:15:00,EMBC,15.63,70.9,72.2,45.909090909141646,45.909090909141646,2,40.34800338745117,43.0152855334476,48.89265230808791,69.64268493652344
201902A,2019,2019-06-11 14:45:00,EYE,16.72,70.9,79.6,59.545454545513735,59.545454545513735,2,59.310699462890625,66.81157312203537,48.89265230808791,59.44450378417969
201902A,2019,2019-06-11 20:45:00,IRRCDO,17.47,70.7,84.8,69.50000000006139,69.50000000006139,2,56.0800895690918,62.75748071800509,48.89265230808791,51.82779312133789
201902A,2019,2019-06-12 10:15:00,EMBC,18.83,69.99,74.6,80.0,80.0,2,69.8671646118164,80.05888139525624,48.89265230808791,60.0155143737793
201902A,2019,2019-06-12 16:15:00,IRRCDO,19.52,69.68,65.0,80.0,80.0,2,49.586158752441406,54.60824683909718,48.89265230808791,43.49410629272461
201902A,2019,2019-06-13 08:15:00,EYE,20.69,69.29,67.4,80.0,80.0,2,74.03800201416016,85.29286531381726,48.89265230808791,65.67255401611328
201902A,2019,2019-06-13 15:15:00,EYE,20.81,68.97,77.0,80.0,80.0,2,73.7579345703125,84.94140867434544,48.89265230808791,62.18419647216797
201902A,2019,2019-06-14 01:45:00,EMBC,20.94,68.42,92.4,77.27272727271036,77.27272727271036,2,62.45494842529297,70.757291191965,48.89265230808791,54.30417251586914
201902A,2019,2019-06-14 09:15:00,EYE,20.55,68.39,79.6,74.54545454542918,74.54545454542918,2,59.65178680419922,67.23960363174326,48.89265230808791,62.34637451171875
201902A,2019,2019-06-14 14:45:00,CRVBND,20.75,68.21,79.6,70.0,70.0,2,59.593544006347656,67.16651474384852,48.89265230808791,49.01696014404297
201902A,2019,2019-06-15 03:15:00,EYE,20.78,66.98,82.2,65.0,65.0,2,71.84002685546875,82.53462625431261,48.89265230808791,73.3388671875
201902A,2019,2019-06-15 07:45:00,EYE,20.59,67.08,77.0,65.0,65.0,2,69.2989730834961,79.34585783787182,48.89265230808791,69.94277954101562
201902A,2019,2019-06-15 15:15:00,CRVBND,20.81,66.29,74.6,65.0,65.0,2,69.20417785644531,79.22689930602849,48.89265230808791,46.119773864746094
201902A,2019,2019-06-15 20:45:00,IRRCDO,20.7,65.81,61.0,65.0,65.0,2,58.01829528808594,65.18973510374973,48.89265230808791,41.476505279541016
201902A,2019,2019-06-16 03:15:00,CRVBND,21.21,65.3,45.0,55.0,55.0,2,47.081172943115234,51.464740109520726,48.89265230808791,40.83985900878906
201902A,2019,2019-06-16 08:15:00,IRRCDO,20.76,65.75,43.0,55.0,55.0,2,56.91633605957031,63.80688645140964,48.89265230808791,43.40254211425781
201902A,2019,2019-06-16 14:45:00,SHEAR,20.68,65.48,39.0,45.45454545457928,45.45454545457928,2,36.041786193847656,37.61141351281058,48.89265230808791,24.632343292236328
201902A,2019,2019-06-16 21:15:00,SHEAR,21.01,66.42,39.0,39.54545454542918,39.54545454542918,2,24.333751678466797,22.919000824407664,48.89265230808791,28.63397216796875
201902A,2019,2019-06-17 03:15:00,SHEAR,22.12,67.12,29.0,30.0,30.0,2,22.84535789489746,21.051215443152937,48.89265230808791,30.354053497314453
201902A,2019,2019-06-17 09:15:00,SHEAR,22.67,67.67,25.0,25.0,25.0,2,25.70707893371582,24.642389217552825,48.89265230808791,29.46160125732422
201903A,2019,2019-09-23 03:45:00,EMBC,20.3,65.28,47.0,41.36363636361945,41.36363636361945,1,44.79494094848633,41.14125967279089,48.39756282189469,58.80004119873047
201903A,2019,2019-09-23 09:15:00,CRVBND,20.2,63.95,72.2,55.0,55.0,1,58.013614654541016,59.844067293565985,48.39756282189469,46.942352294921875
201903A,2019,2019-09-23 14:45:00,EMBC,20.2,62.95,77.0,55.0,55.0,1,69.29442596435547,75.80503648195626,48.39756282189469,50.2151985168457
201903A,2019,2019-09-24 01:45:00,EYE,20.13,60.58,84.8,72.7272727272389,72.7272727272389,1,56.31093978881836,57.434990470695794,48.39756282189469,56.31144332885742
201903A,2019,2019-09-24 14:15:00,EMBC,19.9,57.95,67.4,64.09090909093446,64.09090909093446,1,56.5152473449707,57.7240606908373,48.39756282189469,54.992652893066406
201904A,2019,2019-10-25 12:45:00,EMBC,16.13,71.66,63.0,51.36363636361945,51.36363636361945,1,70.93681335449219,78.12881389560437,48.39756282189469,65.1864242553711
201904A,2019,2019-10-25 16:45:00,EMBC,16.47,71.75,67.4,55.0,55.0,1,71.46621704101562,78.87785540483247,48.39756282189469,73.30111694335938
201904A,2019,2019-10-25 22:45:00,EMBC,16.57,71.04,74.6,62.72727272733192,62.72727272733192,1,89.49088287353516,104.38055446456946,48.39756282189469,73.62406921386719
201904A,2019,2019-10-26 07:15:00,EMBC,16.9,70.04,84.8,77.27272727271036,77.27272727271036,1,80.79045104980469,92.07050685802577,48.39756282189469,59.77085494995117
201904A,2019,2019-10-26 12:15:00,EYE,16.75,69.49,84.8,85.45454545448627,85.45454545448627,1,93.89913177490234,110.61768785481267,48.39756282189469,69.6546630859375
201904A,2019,2019-10-26 18:15:00,EYE,16.95,68.86,115.0,105.45454545457928,105.45454545457928,1,100.28157043457031,119.64805845458712,48.39756282189469,70.30380249023438
201904A,2019,2019-10-27 00:15:00,EYE,17.13,68.22,132.2,120.45454545448628,120.45454545448628,1,121.05531311035156,149.040365237276,48.39756282189469,69.33467102050781
201904A,2019,2019-10-27 06:15:00,EYE,17.31,67.39,140.0,125.0,125.0,1,119.39175415039062,146.68663264005522,48.39756282189469,66.74192810058594
201904A,2019,2019-10-27 11:45:00,EYE,17.56,66.88,129.6,130.0,130.0,1,123.78378295898438,152.90081658155052,48.39756282189469,64.54550170898438
201904A,2019,2019-10-27 18:15:00,EYE,18.0,66.17,129.6,129.54545454542918,129.54545454542918,1,113.64031982421875,138.54905604667547,48.39756282189469,62.96759796142578
201904A,2019,2019-10-28 00:15:00,EYE,18.29,65.44,127.0,125.0,125.0,1,110.93640899658203,134.72335271534527,48.39756282189469,66.3156509399414
201904A,2019,2019-10-28 06:15:00,EYE,18.38,64.81,129.6,125.0,125.0,1,124.16656494140625,153.4424063005445,48.39756282189469,68.2816162109375
201904A,2019,2019-10-28 12:15:00,EYE,18.61,64.41,127.0,125.0,125.0,1,119.11073303222656,146.28902210610354,48.39756282189469,65.34510803222656
201904A,2019,2019-10-28 17:45:00,EYE,18.82,64.01,122.2,125.0,125.0,1,106.03976440429688,127.7951991173886,48.39756282189469,63.99549102783203
201904A,2019,2019-10-29 06:15:00,EYE,19.36,63.27,109.8,109.54545454551372,109.54545454551372,1,97.26626586914062,115.38177104487177,48.39756282189469,70.63092041015625
201904A,2019,2019-10-29 11:45:00,EYE,19.45,63.01,112.4,100.45454545457082,100.45454545457082,1,88.02578735351562,102.30762337735806,48.39756282189469,71.392578125
201904A,2019,2019-10-29 17:45:00,EMBC,19.53,62.82,97.2,95.45454545448628,95.45454545448628,1,57.82943344116211,59.58347338847482,48.39756282189469,70.23217010498047
201904A,2019,2019-10-29 23:15:00,EMBC,19.61,62.51,90.0,86.36363636364482,86.36363636364482,1,61.380638122558594,64.60799396104426,48.39756282189469,65.49749755859375
201904A,2019,2019-10-30 12:15:00,CRVBND,19.0,61.41,59.0,64.54545454542918,64.54545454542918,1,45.43961715698242,42.05339771124405,48.39756282189469,49.94658279418945
201905A,2019,2019-10-30 12:15:00,CRVBND,9.85,74.2,39.0,35.45454545457082,35.45454545457082,0,30.189510345458984,26.40274591382278,47.153197919247134,40.37782669067383
201904A,2019,2019-10-30 18:15:00,SHEAR,18.54,60.89,45.0,55.0,55.0,1,38.8697395324707,32.75782388623952,48.39756282189469,28.4085693359375
201905A,2019,2019-10-30 18:15:00,CRVBND,10.91,73.44,39.0,40.0,40.0,0,33.58579635620117,30.469852481379515,47.153197919247134,37.502769470214844
201904A,2019,2019-10-30 23:45:00,CRVBND,18.14,60.49,35.0,50.45454545457082,50.45454545457082,1,33.9649658203125,25.818168577257016,48.39756282189469,32.83918762207031
201904A,2019,2019-10-31 05:45:00,SHEAR,17.85,60.12,33.0,40.45454545457928,40.45454545457928,1,33.102134704589844,24.5973680094067,48.39756282189469,29.33827781677246
201904A,2019,2019-10-31 11:45:00,SHEAR,17.33,59.52,35.0,35.45454545457082,35.45454545457082,1,42.387046813964844,37.73438378111043,48.39756282189469,27.383403778076172
201905A,2019,2019-10-31 12:45:00,CRVBND,12.81,72.63,55.0,50.90909090906554,50.90909090906554,0,33.56120681762695,30.4404061174655,47.153197919247134,44.424652099609375
201904A,2019,2019-10-31 17:45:00,CRVBND,16.88,59.31,37.0,30.0,30.0,1,42.79384994506836,38.30996048946605,48.39756282189469,32.68178176879883
201905A,2019,2019-10-31 17:45:00,IRRCDO,13.62,72.31,51.0,55.0,55.0,0,33.14604949951172,29.943248619617805,47.153197919247134,35.953102111816406
201904A,2019,2019-11-01 00:15:00,CRVBND,16.58,59.1,31.0,25.0,25.0,1,30.81528091430664,21.361749410475973,48.39756282189469,31.075777053833008
201905A,2019,2019-11-01 00:45:00,CRVBND,15.06,71.72,49.0,55.0,55.0,0,24.68987274169922,19.816842327762505,47.153197919247134,46.86274719238281
201904A,2019,2019-11-01 05:45:00,SHEAR,16.03,58.62,32.0,25.0,25.0,1,31.550048828125,22.40135620035903,48.39756282189469,33.632171630859375
201905A,2019,2019-11-01 06:15:00,CRVBND,15.77,71.09,49.0,55.0,55.0,0,31.46233367919922,27.926972119631372,47.153197919247134,32.522911071777344
201904A,2019,2019-11-01 11:45:00,CRVBND,15.38,58.03,34.0,25.0,25.0,1,33.46556854248047,25.111582468746516,48.39756282189469,53.52239990234375
201905A,2019,2019-11-01 12:45:00,CRVBND,15.82,69.52,47.0,50.0,50.0,0,43.788330078125,42.687549040182475,47.153197919247134,49.97949981689453
201905A,2019,2019-11-02 13:15:00,CRVBND,16.85,67.56,53.0,55.0,55.0,0,55.96804428100586,57.27295070212191,47.153197919247134,62.04483413696289
201905A,2019,2019-11-02 18:15:00,CRVBND,17.37,67.01,61.0,60.0,60.0,0,46.203208923339844,45.57940490278128,47.153197919247134,36.53983688354492
201905A,2019,2019-11-02 23:45:00,CRVBND,17.49,66.47,69.8,60.0,60.0,0,25.391841888427734,20.657461556488133,47.153197919247134,35.31108474731445
201905A,2019,2019-11-03 13:15:00,EYE,17.79,65.75,82.2,71.81818181819027,71.81818181819027,0,71.42244720458984,75.7798442409381,47.153197919247134,63.023170471191406
201905A,2019,2019-11-03 17:45:00,EYE,17.99,65.43,87.4,79.54545454551373,79.54545454551373,0,68.16156768798828,71.87488910581884,47.153197919247134,48.97401809692383
201905A,2019,2019-11-03 23:45:00,EYE,18.19,65.05,94.8,89.54545454551373,89.54545454551373,0,60.795127868652344,63.05346014666428,47.153197919247134,50.45991897583008
201905A,2019,2019-11-04 06:15:00,EYE,18.61,64.32,97.2,90.45454545457928,90.45454545457928,0,84.82432556152344,91.82880693450399,47.153197919247134,58.51861572265625
201905A,2019,2019-11-04 11:45:00,EYE,19.0,64.19,102.0,99.50000000007162,99.50000000007162,0,82.87434387207031,89.49367281720475,47.153197919247134,55.79454040527344
201905A,2019,2019-11-04 17:45:00,EYE,19.44,63.71,104.6,100.0,100.0,0,73.24384307861328,77.96099479714307,47.153197919247134,52.124908447265625
201905A,2019,2019-11-05 05:45:00,EYE,20.05,64.11,84.8,80.45454545457082,80.45454545457082,0,42.88607406616211,41.60708310172345,47.153197919247134,59.52032470703125
201905A,2019,2019-11-05 11:15:00,EMBC,19.7,64.28,74.6,72.7272727272389,72.7272727272389,0,57.31427001953125,58.88507745624473,47.153197919247134,59.654930114746094
201905A,2019,2019-11-05 17:45:00,CRVBND,19.8,64.34,59.0,70.0,70.0,0,56.90595245361328,58.39611067054377,47.153197919247134,36.8271484375
201905A,2019,2019-11-05 23:45:00,CRVBND,19.77,65.64,47.0,60.90909090897252,60.90909090897252,0,48.82430648803711,48.71821096501207,47.153197919247134,34.426753997802734
201905A,2019,2019-11-06 05:15:00,CRVBND,19.78,67.02,41.0,51.36363636364482,51.36363636364482,0,36.2199821472168,33.624331902994264,47.153197919247134,35.13960266113281
201905A,2019,2019-11-06 18:00:00,SHEAR,19.82,68.74,47.0,40.0,40.0,0,30.9600887298584,27.325525796934933,47.153197919247134,20.485336303710938
201905A,2019,2019-11-06 23:45:00,SHEAR,19.12,68.58,32.0,30.500000000030692,30.500000000030692,0,31.770166397094727,28.295606700082406,47.153197919247134,22.57880401611328
201905A,2019,2019-11-07 05:15:00,SHEAR,19.01,68.95,28.0,26.36363636364482,26.36363636364482,0,27.954517364501953,23.726306237499077,47.153197919247134,25.558456420898438
201906A,2019,2019-12-03 09:15:00,CRVBND,6.91,57.09,37.0,30.0,30.0,3,34.1762809753418,25.51397108985002,49.452147140276935,40.329139709472656
201906A,2019,2019-12-03 15:15:00,SHEAR,7.11,57.39,33.0,30.0,30.0,3,29.652610778808594,18.836994779198594,49.452147140276935,32.893524169921875
201907A,2019,2019-12-03 15:15:00,CRVBND,13.72,69.98,35.0,40.31818181809633,40.31818181809633,1,40.47041702270508,35.02258688958426,48.39756282189469,55.00967025756836
201906A,2019,2019-12-03 20:15:00,CRVBND,7.22,57.33,33.0,30.0,30.0,3,32.596927642822266,23.182831919832083,49.452147140276935,45.73272705078125
201907A,2019,2019-12-03 20:45:00,IRRCDO,13.78,69.32,41.0,27.700000000036837,27.700000000036837,1,36.21430206298828,29.000704431964813,48.39756282189469,39.86182403564453
201906A,2019,2019-12-04 02:45:00,EMBC,7.34,57.64,41.0,30.0,30.0,3,44.91071701049805,41.35809146137261,49.452147140276935,67.71715545654297
201907A,2019,2019-12-04 03:15:00,CRVBND,14.62,69.08,39.0,30.0,30.0,1,34.53738784790039,26.628075781106567,48.39756282189469,33.30660629272461
201906A,2019,2019-12-04 09:15:00,CRVBND,7.7,57.4,51.0,30.0,30.0,3,54.1757698059082,55.033389470342826,49.452147140276935,71.65142822265625
201907A,2019,2019-12-04 08:45:00,SHEAR,14.88,68.72,32.0,30.0,30.0,1,30.353864669799805,20.70890182182878,48.39756282189469,26.089509963989258
201906A,2019,2019-12-04 14:45:00,CRVBND,8.38,57.01,51.0,30.0,30.0,3,27.621580123901367,15.839175977241005,49.452147140276935,42.7249641418457
201907A,2019,2019-12-04 15:15:00,SHEAR,14.91,68.18,29.0,30.0,30.0,1,31.805797576904297,22.763209420586577,48.39756282189469,22.64491081237793
201906A,2019,2019-12-04 20:45:00,CRVBND,8.95,56.61,39.0,32.72727272725751,32.72727272725751,3,45.17028045654297,41.741209351284475,49.452147140276935,43.0535888671875
201907A,2019,2019-12-04 20:45:00,SHEAR,15.09,67.67,25.0,28.18181818182833,28.18181818182833,1,32.620887756347656,23.916462398813103,48.39756282189469,14.807186126708984
201906A,2019,2019-12-05 02:45:00,CRVBND,9.69,55.83,37.0,35.0,35.0,3,44.354793548583984,40.53754362643535,49.452147140276935,51.42842102050781
201906A,2019,2019-12-05 15:00:00,CRVBND,9.3,54.5,47.0,35.0,35.0,3,34.698997497558594,26.28550519476828,49.452147140276935,49.12899398803711
201906A,2019,2019-12-05 20:45:00,IRRCDO,9.06,53.68,35.0,35.0,35.0,3,31.497468948364258,21.560021383586133,49.452147140276935,47.59257507324219
201906A,2019,2019-12-06 09:45:00,CRVBND,7.52,51.55,55.0,35.0,35.0,3,51.450252532958984,51.01050241732562,49.452147140276935,67.64712524414062
201906A,2019,2019-12-06 14:45:00,CRVBND,7.37,51.54,53.0,35.0,35.0,3,33.111663818359375,23.9425869640726,49.452147140276935,38.92546844482422
201906A,2019,2019-12-06 20:45:00,CRVBND,7.07,50.29,39.0,35.0,35.0,3,40.04915237426758,34.182380037120616,49.452147140276935,31.990140914916992
202001B,2020,2020-05-17 09:15:00,EMBC,11.72,86.3,55.0,65.0,65.0,4,56.706581115722656,59.20685912114183,47.8898116167798,52.54021453857422
202001B,2020,2020-05-17 15:15:00,EMBC,12.2,86.76,61.0,75.45454545457082,75.45454545457082,4,78.10176086425781,94.70061013719584,47.8898116167798,51.56195068359375
202001B,2020,2020-05-17 20:45:00,EYE,12.9,86.57,87.4,89.09090909102747,89.09090909102747,4,94.97578430175781,122.6939429144393,47.8898116167798,65.07262420654297
202001B,2020,2020-05-18 02:45:00,EYE,13.33,86.35,117.4,113.50000000018416,113.50000000018416,4,102.0419921875,134.41650034429134,47.8898116167798,71.95785522460938
202001B,2020,2020-05-18 08:45:00,EYE,13.65,86.39,134.8,120.0,120.0,4,107.50801086425781,143.48440761322775,47.8898116167798,65.89566040039062
202001B,2020,2020-05-18 15:15:00,EYE,14.53,86.64,143.0,125.0,125.0,4,104.11897277832031,137.86212841669865,47.8898116167798,61.28554153442383
202001B,2020,2020-05-18 22:15:00,EMBC,15.36,86.64,132.2,127.72727272728964,127.72727272728964,4,87.58033752441406,110.4251912772632,47.8898116167798,64.001220703125
202001B,2020,2020-05-19 07:45:00,EMBC,16.71,87.1,104.6,112.00000000002046,112.00000000002046,4,70.057373046875,81.35529116242479,47.8898116167798,66.18330383300781
202001B,2020,2020-05-19 15:15:00,EMBC,17.91,87.13,90.0,100.0,100.0,4,88.53890991210938,112.01542468776077,47.8898116167798,69.60690307617188
202001B,2020,2020-05-20 01:45:00,EMBC,19.62,87.09,69.8,95.0,95.0,4,72.91456604003906,86.09526053384933,47.8898116167798,72.41222381591797
202002A,2020,2020-06-02 23:45:00,EYE,17.61,72.23,47.0,49.545454545420725,49.545454545420725,4,54.26119613647461,55.15006284216824,47.8898116167798,53.13084030151367
202002A,2020,2020-06-03 06:15:00,EYE,18.03,72.74,72.2,60.0,60.0,4,74.67288970947266,89.01224946603081,47.8898116167798,58.918067932128906
202003A,2020,2020-11-22 06:15:00,EYE,10.41,52.43,61.0,51.36363636345879,51.36363636345879,4,74.02267456054688,87.93356843254156,47.8898116167798,65.90400695800781
202003A,2020,2020-11-22 11:45:00,EYE,10.32,51.55,87.4,74.09090909102747,74.09090909102747,4,76.3477554321289,91.79078498870406,47.8898116167798,56.05695724487305
202003A,2020,2020-11-23 11:45:00,SHEAR,11.48,48.73,35.0,30.0,30.0,4,38.20785903930664,28.518216014955932,47.8898116167798,35.220558166503906
202003A,2020,2020-11-23 17:45:00,SHEAR,11.58,47.83,27.0,30.0,30.0,4,35.358116149902344,23.79060606892537,47.8898116167798,32.92339324951172
202004B,2020,2020-11-23 18:15:00,CRVBND,10.18,83.67,35.0,30.27272727269176,30.27272727269176,2,28.78228759765625,28.501468615910337,48.89265230808791,31.643783569335938
202003A,2020,2020-11-23 23:45:00,CRVBND,11.71,46.73,30.0,25.272727272742493,25.272727272742493,4,35.241119384765625,23.59651309563634,47.8898116167798,34.82786178588867
202004B,2020,2020-11-23 23:45:00,CRVBND,9.97,82.84,37.0,34.818181818171674,34.818181818171674,2,31.123531341552734,31.4394954251309,48.89265230808791,51.23255920410156
202003A,2020,2020-11-24 05:15:00,CRVBND,11.52,46.0,33.0,22.363636363647355,22.363636363647355,4,33.90696716308594,21.38320770019762,47.8898116167798,38.229393005371094
202004B,2020,2020-11-25 06:45:00,EMBC,11.29,81.95,61.0,60.99999999995907,60.99999999995907,2,44.98733139038086,48.837178313688504,48.89265230808791,69.64521789550781
202004B,2020,2020-11-25 13:15:00,EMBC,11.72,81.02,57.0,65.0,65.0,2,32.21472930908203,32.80883977089835,48.89265230808791,68.47201538085938
202004B,2020,2020-11-25 18:45:00,IRRCDO,12.09,80.34,57.0,64.09090909093446,64.09090909093446,2,41.73728561401367,44.75869582033259,48.89265230808791,49.44529342651367
202005B,2020,2020-12-01 19:30:00,EMBC,8.31,83.77,53.0,35.0,35.0,1,36.93551254272461,30.021129109700606,48.39756282189469,63.73163604736328
202005B,2020,2020-12-02 01:15:00,EMBC,8.61,83.14,55.0,40.0,40.0,1,46.61357498168945,43.714404544353364,48.39756282189469,67.70062255859375
202005B,2020,2020-12-02 11:15:00,CRVBND,9.06,81.7,53.0,45.0,45.0,1,38.29567337036133,31.94559043299901,48.39756282189469,45.65876770019531
202005B,2020,2020-12-02 17:45:00,CRVBND,8.84,81.55,45.0,45.0,45.0,1,32.341400146484375,23.52102159167154,48.39756282189469,36.22269821166992
202005B,2020,2020-12-02 22:45:00,EMBC,9.15,80.94,47.0,40.0,40.0,1,61.0060920715332,64.07805707832657,48.39756282189469,59.97654724121094
202005B,2020,2020-12-03 06:45:00,CRVBND,9.2,80.09,33.0,39.09090909093446,39.09090909093446,1,35.20832824707031,27.57737443918097,48.39756282189469,51.49391555786133
202005B,2020,2020-12-03 12:00:00,CRVBND,9.22,79.4,33.0,30.0,30.0,1,33.385658264160156,24.99851919208338,48.39756282189469,36.03172302246094
202005B,2020,2020-12-03 23:45:00,CRVBND,9.4,79.41,41.0,30.0,30.0,1,33.63414001464844,25.350090497949495,48.39756282189469,36.049102783203125
202005B,2020,2020-12-04 06:15:00,CRVBND,9.3,79.36,35.0,29.81818181817167,29.81818181817167,1,31.59943199157715,22.47122734070859,48.39756282189469,37.58488464355469
202005B,2020,2020-12-04 11:45:00,CRVBND,9.3,79.31,35.0,25.27272727269176,25.27272727269176,1,32.2091064453125,23.333842174320118,48.39756282189469,40.953365325927734
202005B,2020,2020-12-05 05:15:00,CRVBND,9.0,78.85,57.0,18.98181818181345,18.98181818181345,1,33.4532356262207,25.094132899649136,48.39756282189469,51.58523941040039
202101A,2021,2021-05-14 09:45:00,CRVBND,11.96,72.22,35.0,30.0,30.0,1,35.25324630737305,27.640928004328405,48.39756282189469,38.46421813964844
202101A,2021,2021-05-14 15:15:00,CRVBND,12.22,72.2,41.0,33.181818181794505,33.181818181794505,1,37.28462219238281,30.515076593488097,48.39756282189469,40.44926834106445
202101A,2021,2021-05-14 20:15:00,CRVBND,12.32,72.29,43.0,38.63636363638055,38.63636363638055,1,55.210514068603516,55.8780225778652,48.39756282189469,50.04094696044922
202101A,2021,2021-05-15 03:15:00,EMBC,13.03,72.3,55.0,40.454545454486265,40.454545454486265,1,51.38020706176758,50.45860632852193,48.39756282189469,65.74784851074219
202101A,2021,2021-05-15 21:15:00,EMBC,14.93,72.79,72.2,60.45454545457082,60.45454545457082,1,97.42559814453125,115.60720673991024,48.39756282189469,71.74085998535156
202101A,2021,2021-05-16 09:15:00,EYE,16.41,72.63,107.2,70.45454545457082,70.45454545457082,1,102.51107788085938,122.80253898601369,48.39756282189469,68.0745849609375
202101A,2021,2021-05-16 15:15:00,EYE,17.44,72.28,119.8,80.45454545457928,80.45454545457928,1,100.78121185302734,120.35498999224151,48.39756282189469,67.62702178955078
202101A,2021,2021-05-16 21:15:00,EYE,18.17,71.75,134.8,90.90909090915856,90.90909090915856,1,109.899658203125,133.2564770611084,48.39756282189469,72.38054656982422
202101A,2021,2021-05-17 02:45:00,EYE,18.93,71.46,124.6,100.0,100.0,1,112.44125366210938,136.8525239850481,48.39756282189469,74.18405151367188
202101A,2021,2021-05-17 09:15:00,EYE,20.03,71.35,119.8,100.0,100.0,1,98.39479064941406,116.97849567323323,48.39756282189469,69.34356689453125
202101A,2021,2021-05-17 15:15:00,EYE,20.56,71.39,109.8,89.54545454551373,89.54545454551373,1,101.63945007324219,121.56929217432219,48.39756282189469,65.30461120605469
202102B,2021,2021-05-24 03:15:00,CRVBND,16.22,89.8,35.0,40.0,40.0,3,37.69395446777344,30.706087569864977,49.452147140276935,28.334026336669922
202102B,2021,2021-05-24 08:45:00,CRVBND,17.08,89.91,35.0,40.0,40.0,3,31.548686981201172,21.635619642759032,49.452147140276935,25.68398094177246
202102B,2021,2021-05-24 15:15:00,CRVBND,17.62,89.09,37.0,45.454545454486265,45.454545454486265,3,35.0623779296875,26.82185785348739,49.452147140276935,24.19574737548828
202102B,2021,2021-05-25 15:15:00,EMBC,20.13,88.08,61.0,65.45454545457082,65.45454545457082,3,52.35603713989258,52.34744832635393,49.452147140276935,44.04124069213867
202103B,2021,2021-09-24 12:10:00,CRVBND,19.01,91.31,35.0,25.0,25.0,2,31.16451644897461,31.490927637047395,48.89265230808791,40.57728576660156
202103B,2021,2021-09-24 18:15:00,CRVBND,18.66,89.99,35.0,25.272727272747566,25.272727272747566,2,31.61370086669922,32.05460916956594,48.89265230808791,48.0322265625
202103B,2021,2021-09-25 18:15:00,IRRCDO,18.33,87.61,53.0,35.0,35.0,2,38.526206970214844,40.72911318221933,48.89265230808791,48.83131408691406
202103B,2021,2021-09-26 00:15:00,IRRCDO,18.26,87.32,53.0,40.0,40.0,2,34.6922721862793,35.917908364535926,48.89265230808791,36.65943145751953
202103B,2021,2021-09-26 06:15:00,EMBC,18.5,85.96,47.0,45.0,45.0,2,42.20529556274414,45.34600151199186,48.89265230808791,52.45389938354492
202103A,2021,2021-10-01 00:45:00,EMBC,22.85,64.51,51.0,36.36363636361945,36.36363636361945,4,60.626434326171875,65.70973946645374,47.8898116167798,61.38636779785156
202103A,2021,2021-10-01 06:15:00,EMBC,23.01,64.26,55.0,45.0,45.0,4,82.68975830078125,102.31191514085707,47.8898116167798,74.2973403930664
202103A,2021,2021-10-01 12:45:00,EMBC,23.33,63.53,57.0,55.0,55.0,4,78.17794799804688,94.82700155755869,47.8898116167798,71.28031921386719
202103A,2021,2021-10-01 18:15:00,EYE,23.82,63.06,55.0,60.0,60.0,4,68.31746673583984,78.4688558942485,47.8898116167798,55.821258544921875
202103A,2021,2021-10-02 00:15:00,CRVBND,23.91,62.39,57.0,60.0,60.0,4,66.47957611083984,75.4198685519965,47.8898116167798,44.50008773803711
202103A,2021,2021-10-02 06:15:00,EYE,24.11,61.69,67.4,60.0,60.0,4,71.69294738769531,84.06864384763873,47.8898116167798,52.29351043701172
202103A,2021,2021-10-02 18:15:00,EMBC,24.34,59.76,77.0,60.0,60.0,4,71.20710754394531,83.26265489823896,47.8898116167798,49.27643585205078
202103A,2021,2021-10-03 00:15:00,CRVBND,24.27,59.43,65.0,60.0,60.0,4,63.679168701171875,70.77410420177772,47.8898116167798,46.42852020263672
202103A,2021,2021-10-03 06:15:00,EYE,24.3,58.68,55.0,60.0,60.0,4,75.1460952758789,89.79727865255046,47.8898116167798,54.06389617919922
202104B,2021,2021-11-11 11:45:00,CRVBND,13.19,80.32,35.0,25.0,25.0,3,33.7816276550293,24.93145937786316,49.452147140276935,32.430145263671875
202105B,2021,2021-12-03 08:45:00,CRVBND,14.48,84.92,43.0,35.0,35.0,4,46.21338653564453,41.79906726495049,47.8898116167798,47.93140411376953
202105B,2021,2021-12-03 21:15:00,CRVBND,15.13,84.79,34.0,40.0,40.0,4,35.64081573486328,24.25959342022969,47.8898116167798,30.598098754882812
202105B,2021,2021-12-04 03:15:00,CRVBND,16.03,85.0,31.0,39.54545454542918,39.54545454542918,4,36.283512115478516,25.325801116570172,47.8898116167798,38.59757995605469
202105B,2021,2021-12-04 08:15:00,IRRCDO,16.33,84.89,39.0,35.0,35.0,4,36.309295654296875,25.36857498049129,47.8898116167798,49.844058990478516
202105B,2021,2021-12-04 15:15:00,CRVBND,16.97,85.03,41.0,30.0,30.0,4,34.49562454223633,22.359766845523676,47.8898116167798,39.15814208984375
202105B,2021,2021-12-04 21:15:00,CRVBND,17.45,85.19,33.0,30.0,30.0,4,40.986846923828125,33.12844622611317,47.8898116167798,30.595094680786133
202105B,2021,2021-12-05 09:15:00,CRVBND,20.02,86.56,45.0,25.0,25.0,4,52.349090576171875,51.977955878288014,47.8898116167798,58.49578857421875
202105B,2021,2021-12-05 14:45:00,IRRCDO,20.61,87.01,47.0,25.0,25.0,4,43.003902435302734,36.474660978748794,47.8898116167798,34.966487884521484
202201B,2022,2022-03-04 20:45:00,CRVBND,11.1,83.51,37.0,30.0,30.0,2,29.40077018737793,29.277602426999252,48.89265230808791,48.572845458984375
202201B,2022,2022-03-05 03:15:00,CRVBND,11.91,84.19,37.0,30.0,30.0,2,40.410316467285156,43.093482218262935,48.89265230808791,45.153778076171875
202201B,2022,2022-03-05 09:15:00,CRVBND,11.71,83.79,37.0,30.0,30.0,2,27.387771606445312,26.75149047768977,48.89265230808791,39.74604034423828
202201B,2022,2022-03-05 15:15:00,CRVBND,11.3,83.18,33.0,27.727272727252437,27.727272727252437,2,24.746906280517578,23.43746854069843,48.89265230808791,34.92273712158203
202201B,2022,2022-03-05 21:15:00,SHEAR,11.37,82.85,32.0,25.0,25.0,2,30.710647583007812,30.92136759035969,48.89265230808791,31.64845085144043
202201B,2022,2022-03-06 03:15:00,SHEAR,11.4,82.49,26.0,23.25,23.25,2,25.765605926513672,24.71583474168991,48.89265230808791,26.693552017211914
202201B,2022,2022-03-06 09:15:00,SHEAR,11.2,81.95,25.0,21.136363636396663,21.136363636396663,2,32.34469223022461,32.9719302425833,48.89265230808791,30.467870712280273
202202B,2022,2022-05-07 09:10:00,IRRCDO,9.92,90.88,43.0,28.0,28.0,0,38.69626235961914,36.58971688032469,47.153197919247134,43.96696090698242
202202B,2022,2022-05-08 03:15:00,EMBC,11.43,88.57,65.0,40.454545454486265,40.454545454486265,0,66.29905700683594,69.64450291351936,47.153197919247134,75.95484924316406
202202B,2022,2022-05-08 19:45:00,IRRCDO,13.38,86.62,51.0,55.0,55.0,0,39.07429504394531,37.04241703817685,47.153197919247134,38.04169464111328
202202B,2022,2022-05-09 03:45:00,IRRCDO,14.25,85.73,59.0,55.0,55.0,0,50.291099548339844,50.47471900642412,47.153197919247134,52.4734992980957
202202B,2022,2022-05-10 02:15:00,EMBC,14.95,83.75,72.0,55.0,55.0,0,36.94789123535156,34.49601462452401,47.153197919247134,64.82257080078125
202202B,2022,2022-05-10 10:15:00,EMBC,15.18,82.02,80.0,53.18181818186892,53.18181818186892,0,58.54804992675781,60.36254853722242,47.153197919247134,56.0389289855957
202202B,2022,2022-05-10 20:45:00,CRVBND,15.49,81.11,63.0,45.45454545457082,45.45454545457082,0,34.8023796081543,31.92673029389237,47.153197919247134,43.3755989074707
202202B,2022,2022-05-11 02:45:00,EMBC,15.74,80.58,57.0,45.0,45.0,0,46.44549560546875,45.8695470618931,47.153197919247134,64.95008850097656
202202B,2022,2022-05-11 07:45:00,IRRCDO,15.69,81.04,57.0,40.0,40.0,0,40.766788482666016,39.069204875948905,47.153197919247134,47.08517837524414
202203A,2022,2022-08-12 08:15:00,CRVBND,21.83,65.7,35.0,25.0,25.0,3,38.013404846191406,31.17759908959514,49.452147140276935,40.761295318603516
202203A,2022,2022-08-12 15:15:00,SHEAR,22.11,65.49,34.0,25.0,25.0,3,37.097564697265625,29.82581111367079,49.452147140276935,28.491573333740234
202203A,2022,2022-08-12 21:15:00,SHEAR,22.41,64.59,30.0,25.0,25.0,3,39.23780822753906,32.98482906365583,49.452147140276935,28.426700592041016
202203A,2022,2022-08-13 09:15:00,SHEAR,22.15,63.68,25.0,27.9,27.9,3,35.59397506713867,27.606499823251628,49.452147140276935,26.485355377197266
202203A,2022,2022-08-13 15:15:00,SHEAR,22.26,63.77,25.0,25.786363636349485,25.786363636349485,3,33.16404724121094,24.019905348980227,49.452147140276935,20.23583221435547
202204B,2022,2022-08-19 00:15:00,CRVBND,20.89,89.1,35.0,25.0,25.0,1,38.01963424682617,31.55502881251505,48.39756282189469,24.498035430908203
202204B,2022,2022-08-19 06:45:00,CRVBND,21.05,89.0,39.0,30.0,30.0,1,55.45380401611328,56.222248117093045,48.39756282189469,52.76484680175781
202204B,2022,2022-08-19 11:15:00,CRVBND,21.35,88.37,39.0,30.0,30.0,1,44.6321907043457,40.910987969737796,48.39756282189469,43.026512145996094
202205B,2022,2022-10-23 15:15:00,CRVBND,16.34,88.61,35.0,35.0,35.0,2,36.489105224609375,38.172754171201504,48.89265230808791,43.51111602783203
202205B,2022,2022-10-23 20:15:00,CRVBND,17.07,88.95,39.0,38.99999999993861,38.99999999993861,2,40.156822204589844,42.77537226421649,48.89265230808791,43.83153533935547
202205B,2022,2022-10-24 01:45:00,CRVBND,18.05,89.31,41.0,42.72727272728964,42.72727272728964,2,42.355323791503906,45.534271938505626,48.89265230808791,53.907989501953125
202205B,2022,2022-10-24 09:15:00,CRVBND,20.06,89.92,47.0,45.0,45.0,2,37.43058776855469,39.354220629674955,48.89265230808791,58.22773361206055
202205B,2022,2022-10-24 15:15:00,CRVBND,21.76,90.42,39.0,44.54545454542918,44.54545454542918,2,44.646114349365234,48.40898504381632,48.89265230808791,46.668975830078125
202206B,2022,2022-12-08 12:15:00,IRRCDO,10.27,82.87,57.0,50.0,50.0,3,42.75947570800781,38.18284070453579,49.452147140276935,42.15550994873047
202206B,2022,2022-12-08 18:15:00,EMBC,10.72,82.28,53.0,50.0,50.0,3,41.550743103027344,36.39874093184421,49.452147140276935,49.332122802734375
202206B,2022,2022-12-09 00:15:00,CRVBND,10.87,81.61,53.0,50.0,50.0,3,50.576148986816406,49.72031802786169,49.452147140276935,45.42102813720703
202206B,2022,2022-12-09 06:15:00,CRVBND,11.32,80.8,49.0,45.0,45.0,3,38.94622802734375,32.55445416787958,49.452147140276935,38.43570327758789
202206B,2022,2022-12-09 12:15:00,CRVBND,11.63,80.8,41.0,40.0,40.0,3,41.02415084838867,35.621486212371174,49.452147140276935,24.682592391967773
202206B,2022,2022-12-09 17:45:00,CRVBND,12.25,80.67,33.0,35.500000000030695,35.500000000030695,3,28.33115005493164,16.886507328644694,49.452147140276935,22.089447021484375
202207A,2022,2022-12-15 15:15:00,CRVBND,14.21,66.07,33.0,30.0,30.0,4,35.73650360107422,24.418335778950983,47.8898116167798,38.68254089355469
202207A,2022,2022-12-15 21:15:00,SHEAR,14.0,65.27,34.0,30.0,30.0,4,35.13852310180664,23.42630994869769,47.8898116167798,27.66335678100586
202207A,2022,2022-12-16 03:15:00,SHEAR,14.01,64.47,34.0,30.0,30.0,4,34.00022888183594,21.53792517691657,47.8898116167798,29.88098907470703
202207A,2022,2022-12-16 08:45:00,SHEAR,13.6,64.13,33.0,28.181818181831712,28.181818181831712,4,34.431697845458984,22.253715001820463,47.8898116167798,24.40357780456543
202207A,2022,2022-12-16 15:15:00,SHEAR,13.59,63.39,27.0,25.0,25.0,4,36.137725830078125,25.08394747587285,47.8898116167798,22.518539428710938
202207A,2022,2022-12-16 21:15:00,SHEAR,13.63,62.77,25.0,25.0,25.0,4,34.55249786376953,22.454117420638322,47.8898116167798,27.49022674560547
202207A,2022,2022-12-17 03:15:00,SHEAR,13.78,62.13,25.0,25.0,25.0,4,36.8978271484375,26.344925287600244,47.8898116167798,21.85354995727539
202301B,2023,2023-05-11 08:30:00,EMBC,11.65,88.1,51.0,45.0,45.0,1,53.15290832519531,52.966761945057634,48.39756282189469,63.02118682861328
202301B,2023,2023-05-11 14:30:00,EYE,12.25,88.19,55.0,50.0,50.0,1,59.33366394042969,61.711775687987505,48.39756282189469,59.84355926513672
202301B,2023,2023-05-12 09:00:00,EMBC,14.33,88.52,79.6,85.0,85.0,1,86.63560485839844,100.34068506402056,48.39756282189469,64.94274139404297
202301B,2023,2023-05-12 15:00:00,EYE,14.7,88.59,104.6,90.0,90.0,1,103.76121520996094,124.5713305066809,48.39756282189469,64.908935546875
202301B,2023,2023-05-12 20:30:00,EYE,15.25,88.87,112.4,100.0,100.0,1,84.77569580078125,97.70914107781729,48.39756282189469,67.17577362060547
202301B,2023,2023-05-13 03:00:00,EMBC,15.0,89.66,112.4,100.0,100.0,1,89.04559326171875,103.75052409007604,48.39756282189469,74.9433364868164
202301B,2023,2023-05-13 15:30:00,EMBC,17.48,91.15,122.2,110.5000000000307,110.5000000000307,1,115.36396789550781,140.98780739193893,48.39756282189469,70.87139892578125
202301B,2023,2023-05-13 21:30:00,EYE,18.1,91.03,122.2,115.0,115.0,1,112.06312561035156,136.31751900910973,48.39756282189469,73.24656677246094
202302A,2023,2023-06-06 09:00:00,CRVBND,12.0,66.0,49.0,33.0,33.0,0,34.28763961791992,31.310320960801832,47.153197919247134,59.54903030395508
202302A,2023,2023-06-06 15:30:00,EMBC,12.42,66.0,57.0,35.90909090906554,35.90909090906554,0,51.20376968383789,51.56765602361185,47.153197919247134,60.626220703125
202302A,2023,2023-06-07 16:00:00,IRRCDO,13.75,66.39,77.0,66.49999999998977,66.49999999998977,0,37.52779769897461,35.19046184696346,47.153197919247134,43.23229217529297
202302A,2023,2023-06-08 03:00:00,EYE,13.55,66.81,77.0,75.0,75.0,0,34.57200241088867,31.6508499325062,47.153197919247134,44.20381546020508
202302A,2023,2023-06-08 09:00:00,IRRCDO,14.6,65.69,79.6,75.0,75.0,0,43.00537872314453,41.74995232781883,47.153197919247134,35.743560791015625
202302A,2023,2023-06-08 15:00:00,IRRCDO,14.6,66.0,65.0,75.0,75.0,0,33.795223236083984,30.720644504165655,47.153197919247134,27.41975212097168
202302A,2023,2023-06-09 03:00:00,EMBC,14.8,66.7,55.0,70.0,70.0,0,36.36149597167969,33.793796960722815,47.153197919247134,51.51691436767578
202303B,2023,2023-06-09 09:00:00,SHEAR,19.9,91.7,41.0,39.99,39.99,2,28.059904098510742,27.594949552032,48.89265230808791,17.624204635620117
202302A,2023,2023-06-09 15:00:00,IRRCDO,15.7,67.3,65.0,65.0,65.0,0,46.89346694946289,46.405999878138,47.153197919247134,31.387496948242188
202303B,2023,2023-06-09 15:00:00,SHEAR,20.0,91.9,37.0,37.2,37.2,2,26.245426177978516,25.317961182427126,48.89265230808791,16.414241790771484
202302A,2023,2023-06-09 20:30:00,EMBC,16.37,67.4,72.2,70.0,70.0,0,46.18614959716797,45.55897608810187,47.153197919247134,65.18572235107422
202303B,2023,2023-06-09 21:00:00,CRVBND,20.47,91.85,35.0,30.69,30.69,2,31.003103256225586,31.288370219053295,48.89265230808791,34.655181884765625
202302A,2023,2023-06-10 03:00:00,EMBC,16.8,67.4,77.0,75.0,75.0,0,65.57514190673828,68.7776030562493,47.153197919247134,64.54884338378906
202303B,2023,2023-06-10 03:10:00,CRVBND,21.11,91.9,32.0,26.040000000000003,26.040000000000003,2,28.910329818725586,28.66214880104466,48.89265230808791,44.927913665771484
202302A,2023,2023-06-10 14:00:00,EMBC,17.44,67.39,59.0,80.0,80.0,0,53.917510986328125,54.81740443676039,47.153197919247134,52.046287536621094
202302A,2023,2023-06-11 02:00:00,SHEAR,19.15,68.86,65.0,90.0,90.0,0,30.940196990966797,27.301705122930958,47.153197919247134,30.34258460998535
202302A,2023,2023-06-11 08:30:00,EMBC,18.57,67.85,74.6,90.0,90.0,0,46.51145935058594,45.94853969682968,47.153197919247134,58.2125244140625
202302A,2023,2023-06-12 02:00:00,EMBC,19.47,67.63,74.6,90.0,90.0,0,56.73021697998047,58.18566464311732,47.153197919247134,73.8387680053711
202302A,2023,2023-06-12 08:00:00,EYE,19.67,67.15,82.2,90.0,90.0,0,59.12464141845703,61.05302602800795,47.153197919247134,67.94996643066406
202302A,2023,2023-06-12 15:00:00,EYE,20.0,67.09,74.6,90.0,90.0,0,68.08869171142578,71.7876189636821,47.153197919247134,62.016990661621094
202302A,2023,2023-06-13 15:00:00,EMBC,21.5,66.4,82.2,85.0,85.0,0,54.29970169067383,55.27508388978262,47.153197919247134,64.82433319091797
202302A,2023,2023-06-13 21:00:00,CRVBND,21.8,66.8,67.4,85.0,85.0,0,56.93318176269531,58.42871820166667,47.153197919247134,44.2889404296875
202302A,2023,2023-06-14 09:00:00,CRVBND,21.7,66.4,53.0,80.0,80.0,0,60.956600189208984,63.24682582120917,47.153197919247134,40.66402816772461
202302A,2023,2023-06-14 15:00:00,SHEAR,22.2,66.9,39.0,70.0,70.0,0,50.2114372253418,50.379322106390546,47.153197919247134,24.71072769165039
202302A,2023,2023-06-14 21:00:00,CRVBND,22.4,66.8,35.0,70.0,70.0,0,46.146244049072266,45.51118855895131,47.153197919247134,33.31978225708008
202302A,2023,2023-06-15 03:00:00,SHEAR,22.8,67.0,35.0,70.0,70.0,0,42.408180236816406,41.03479763289687,47.153197919247134,38.83866882324219
202302A,2023,2023-06-15 09:00:00,CRVBND,22.9,67.4,34.0,65.0,65.0,0,44.476383209228516,43.511503618650835,47.153197919247134,53.68743133544922
202302A,2023,2023-06-15 15:00:00,CRVBND,23.1,68.3,34.0,65.0,65.0,0,54.7120475769043,55.768874653189634,47.153197919247134,53.790382385253906
202304B,2023,2023-08-01 00:00:00,CRVBND,20.63,91.78,41.0,25.0,25.0,4,37.93898010253906,28.072156568517155,47.8898116167798,22.280071258544922
202304B,2023,2023-08-01 06:00:00,SHEAR,21.53,91.07,33.0,30.0,30.0,4,40.14762496948242,31.736210430721357,47.8898116167798,13.579887390136719
202305A,2023,2023-10-21 15:30:00,EYE,11.25,56.95,65.0,66.81818181813108,66.81818181813108,3,88.56844329833984,105.79727281995649,49.452147140276935,69.59374237060547
202305A,2023,2023-10-21 21:00:00,EYE,11.68,56.07,94.8,80.0,80.0,3,95.38322448730469,115.85594875876887,49.452147140276935,64.83055114746094
202305A,2023,2023-10-22 03:00:00,EYE,12.4,55.42,99.6,95.0,95.0,3,89.59207153320312,107.30815694239628,49.452147140276935,73.34981536865234
202305A,2023,2023-10-22 09:00:00,EYE,13.1,54.37,99.6,95.0,95.0,3,81.68487548828125,95.63706723384915,49.452147140276935,70.79891967773438
202305A,2023,2023-10-22 15:00:00,EYE,13.63,54.05,92.4,95.0,95.0,3,82.02484130859375,96.13885972314188,49.452147140276935,64.41938781738281
202305A,2023,2023-10-22 21:00:00,EYE,14.0,53.6,94.8,95.0,95.0,3,76.32646179199219,87.72800230241108,49.452147140276935,59.691314697265625
202305A,2023,2023-10-23 15:00:00,EYE,15.48,52.44,67.4,70.0,70.0,3,59.18858337402344,62.4323456253844,49.452147140276935,62.77294921875
202306B,2023,2023-10-24 03:00:00,EMBC,20.0,89.5,74.6,65.0,65.0,1,84.90032958984375,97.88548265577882,48.39756282189469,69.72881317138672
202306B,2023,2023-10-24 08:30:00,EMBC,20.65,90.73,79.6,65.0,65.0,1,60.1915168762207,62.92553273970046,48.39756282189469,68.80723571777344
202306B,2023,2023-10-24 15:00:00,EMBC,21.1,91.5,74.6,55.0,55.0,1,61.3914794921875,64.62333317396562,48.39756282189469,73.5857162475586
202307B,2023,2023-11-17 00:00:00,CRVBND,20.26,88.86,35.0,35.0,35.0,3,46.89640808105469,44.28898864493378,49.452147140276935,29.43206024169922
202307B,2023,2023-11-17 06:00:00,SHEAR,21.11,89.53,32.0,45.0,45.0,3,34.42375183105469,25.879240211908904,49.452147140276935,20.978374481201172
202308B,2023,2023-12-03 03:00:00,CRVBND,11.67,82.36,37.0,35.0,35.0,2,34.26434326171875,35.38090035070676,48.89265230808791,57.51350021362305
202308B,2023,2023-12-03 09:00:00,CRVBND,12.0,82.5,37.0,35.0,35.0,2,33.55080795288086,34.485484880977744,48.89265230808791,37.148521423339844
202308B,2023,2023-12-03 14:30:00,CRVBND,12.56,82.42,43.0,39.090909090858354,39.090909090858354,2,32.19091033935547,32.77894934543236,48.89265230808791,49.61172866821289
202308B,2023,2023-12-03 20:00:00,CRVBND,12.98,82.14,45.0,45.0,45.0,2,41.229393005371094,44.12134137815332,48.89265230808791,50.80645751953125
202308B,2023,2023-12-04 03:00:00,CRVBND,13.7,81.1,53.0,50.0,50.0,2,37.094276428222656,38.932183523663966,48.89265230808791,47.296443939208984
202401B,2024,2024-05-25 18:30:00,CRVBND,18.87,89.1,35.0,40.49999999993861,40.49999999993861,0,32.89448547363281,29.64199669366781,47.153197919247134,33.14106750488281
202401B,2024,2024-05-26 00:00:00,CRVBND,19.34,89.01,35.0,50.0,50.0,0,34.99909210205078,32.16229663704379,47.153197919247134,53.0579719543457
202401B,2024,2024-05-26 06:00:00,CRVBND,20.53,88.61,41.0,50.0,50.0,0,41.146602630615234,39.524038364851,47.153197919247134,56.84556579589844
202401B,2024,2024-05-26 12:00:00,CRVBND,21.02,88.89,51.0,60.0,60.0,0,36.661216735839844,34.152717347431505,47.153197919247134,45.59284210205078
202402A,2024,2024-08-30 06:00:00,CRVBND,23.55,67.77,35.0,35.0,35.0,1,45.480072021484375,42.11063639985454,48.39756282189469,34.852813720703125
202402A,2024,2024-08-30 12:00:00,CRVBND,23.55,66.86,33.0,35.0,35.0,1,43.994720458984375,40.00904548836009,48.39756282189469,39.65291976928711
202402A,2024,2024-08-30 18:00:00,CRVBND,23.93,66.04,33.0,35.0,35.0,1,48.353885650634766,46.17673142868805,48.39756282189469,37.97187042236328
202402A,2024,2024-08-31 00:00:00,CRVBND,23.42,65.58,33.0,40.0,40.0,1,51.717803955078125,50.936264669242334,48.39756282189469,39.411468505859375
202402A,2024,2024-08-31 06:00:00,CRVBND,23.64,64.9,31.0,40.0,40.0,1,55.541019439697266,56.34564728142135,48.39756282189469,43.19153594970703
202402A,2024,2024-08-31 12:00:00,CRVBND,23.29,64.12,34.0,40.0,40.0,1,47.15070343017578,44.474375647587706,48.39756282189469,34.24978256225586
202402A,2024,2024-08-31 18:00:00,CRVBND,23.14,63.44,33.0,40.0,40.0,1,41.78477096557617,36.88223706975822,48.39756282189469,33.63507843017578
202402A,2024,2024-09-01 00:00:00,CRVBND,23.11,62.61,39.0,40.0,40.0,1,43.599021911621094,39.449180408721595,48.39756282189469,38.9031982421875
202402A,2024,2024-09-01 06:00:00,SHEAR,22.37,62.06,39.0,35.0,35.0,1,38.983612060546875,32.91893959521752,48.39756282189469,32.371543884277344
202402A,2024,2024-09-01 12:00:00,SHEAR,22.2,61.54,31.0,30.0,30.0,1,34.596961975097656,26.712365889548817,48.39756282189469,31.327899932861328
202402A,2024,2024-09-01 18:00:00,SHEAR,21.68,61.6,30.0,30.0,30.0,1,35.20414352416992,27.57145356776129,48.39756282189469,35.23281478881836
202402A,2024,2024-09-01 22:30:00,SHEAR,21.33,61.45,25.0,22.72727272728964,22.72727272728964,1,36.32597732543945,29.15871127864771,48.39756282189469,33.549888610839844
202403B,2024,2024-10-23 13:00:00,IRRCDO,17.4,88.93,47.0,45.0,45.0,4,46.12368392944336,41.650254214187804,47.8898116167798,62.1759033203125
202403B,2024,2024-10-24 00:30:00,EMBC,18.76,88.42,63.0,55.0,55.0,4,48.47883224487305,45.55735146208373,47.8898116167798,85.18665313720703
202403B,2024,2024-10-25 00:30:00,IRRCDO,20.82,86.87,49.0,49.090909090858354,49.090909090858354,4,51.14960479736328,49.98805674770255,47.8898116167798,55.692481994628906
202404B,2024,2024-11-30 09:30:00,CRVBND,12.4,80.78,53.0,44.09090909093446,44.09090909093446,2,41.74655532836914,44.770328385015866,48.89265230808791,42.66756057739258
202404B,2024,2024-11-30 15:00:00,CRVBND,12.4,80.5,51.0,40.0,40.0,2,40.07665252685547,42.67476733442898,48.89265230808791,21.3418025970459
202404B,2024,2024-11-30 21:00:00,IRRCDO,12.2,80.1,37.0,35.0,35.0,2,40.48189926147461,43.18331146776154,48.89265230808791,27.30007553100586
202501B,2025,2025-10-01 12:00:00,SHEAR,16.52,86.27,35.0,25.0,25.0,3,29.33479881286621,18.367901570444097,49.452147140276935,10.121658325195312
202501B,2025,2025-10-01 18:00:00,SHEAR,17.49,86.08,31.0,30.0,30.0,3,32.23743438720703,22.652216767246156,49.452147140276935,17.675582885742188
202501B,2025,2025-10-02 00:00:00,CRVBND,17.33,85.26,32.0,30.0,30.0,3,37.012813568115234,29.700717714494214,49.452147140276935,22.434642791748047
202501B,2025,2025-10-02 06:00:00,CRVBND,17.72,84.84,35.0,30.0,30.0,3,46.807464599609375,44.15770729753309,49.452147140276935,24.78097915649414
202502A,2025,2025-10-03 05:30:00,CRVBND,21.65,66.85,39.0,34.090909090858354,34.090909090858354,0,47.78095626831055,47.46878246650221,47.153197919247134,51.41672134399414
202502A,2025,2025-10-03 12:30:00,IRRCDO,21.97,66.4,47.0,40.0,40.0,0,57.36375427246094,58.94433563692928,47.153197919247134,52.45977783203125
202502A,2025,2025-10-03 18:00:00,IRRCDO,22.01,65.84,49.0,45.0,45.0,0,54.05060958862305,54.976792131970434,47.153197919247134,44.63530731201172
202502A,2025,2025-10-04 00:00:00,CRVBND,22.15,64.68,55.0,50.0,50.0,0,53.274757385253906,54.04769676668156,47.153197919247134,48.93866729736328
202502A,2025,2025-10-04 06:00:00,CRVBND,22.03,64.25,65.0,55.0,55.0,0,54.28752899169922,55.26050688896822,47.153197919247134,46.909454345703125
202502A,2025,2025-10-04 12:00:00,EMBC,21.7,63.5,74.6,55.0,55.0,0,57.291847229003906,58.858225807612,47.153197919247134,43.2184944152832
202502A,2025,2025-10-04 17:00:00,IRRCDO,21.13,62.92,79.6,55.0,55.0,0,61.535301208496094,63.93982950486538,47.153197919247134,54.52351760864258
202502A,2025,2025-10-05 05:30:00,EMBC,20.82,60.91,61.0,60.0,60.0,0,57.788246154785156,59.452671424025745,47.153197919247134,54.341644287109375
202502A,2025,2025-10-05 18:00:00,CRVBND,19.79,60.34,49.0,50.0,50.0,0,53.82203674316406,54.70307251059843,47.153197919247134,45.16899871826172
202502A,2025,2025-10-06 00:00:00,SHEAR,19.66,60.01,41.0,45.0,45.0,0,40.93212890625,39.26720266545018,47.153197919247134,36.864830017089844
202502A,2025,2025-10-06 06:00:00,SHEAR,19.76,60.77,31.0,40.0,40.0,0,21.5743465423584,16.08595010412287,47.153197919247134,20.250423431396484
202502A,2025,2025-10-06 12:00:00,SHEAR,19.76,60.39,31.0,35.0,35.0,0,26.076705932617188,21.477597152605878,47.153197919247134,25.633960723876953
202502A,2025,2025-10-06 18:00:00,SHEAR,19.52,60.22,28.0,30.0,30.0,0,27.84630012512207,23.5967143704971,47.153197919247134,34.892799377441406
202502A,2025,2025-10-06 22:30:00,SHEAR,19.42,60.27,25.0,30.0,30.0,0,31.117717742919922,27.51428904956804,47.153197919247134,40.03412628173828
202503B,2025,2025-10-26 18:00:00,CRVBND,11.85,85.68,35.0,35.0,35.0,1,36.08045959472656,28.811333698481768,48.39756282189469,28.64736557006836
202503B,2025,2025-10-27 00:00:00,CRVBND,11.67,84.9,35.0,35.0,35.0,1,36.968753814697266,30.068161446574894,48.39756282189469,38.127403259277344
202503B,2025,2025-10-27 06:00:00,CRVBND,13.16,84.8,35.0,40.0,40.0,1,38.82457733154297,32.693924891948186,48.39756282189469,26.279632568359375
202503B,2025,2025-10-27 13:00:00,IRRCDO,13.4,83.94,43.0,45.0,45.0,1,45.08515930175781,41.55188317027297,48.39756282189469,35.816322326660156
202503B,2025,2025-10-27 18:00:00,CRVBND,13.9,83.57,43.0,45.0,45.0,1,56.826534271240234,58.16449364397199,48.39756282189469,23.428802490234375
202503B,2025,2025-10-27 23:30:00,IRRCDO,14.75,83.15,33.0,49.09090909093446,49.09090909093446,1,60.08003616333008,62.767801156866604,48.39756282189469,45.02387619018555
202503B,2025,2025-10-28 06:00:00,CRVBND,15.12,82.72,39.0,50.0,50.0,1,54.632049560546875,55.059566002704095,48.39756282189469,30.100990295410156
202503B,2025,2025-10-28 12:00:00,CRVBND,15.82,82.2,35.0,50.0,50.0,1,58.227561950683594,60.14677656756121,48.39756282189469,36.399818420410156
202503B,2025,2025-10-28 17:00:00,CRVBND,16.41,81.75,35.0,50.0,50.0,1,45.90547561645508,42.71253049111113,48.39756282189469,27.69594955444336
202505B,2025,2025-11-27 09:00:00,CRVBND,7.2,82.0,39.0,35.0,35.0,1,39.865928649902344,34.16730972661545,48.39756282189469,47.339500427246094
202505B,2025,2025-11-29 03:00:00,SHEAR,9.6,80.8,35.0,40.0,40.0,1,30.97882652282715,21.593146456911928,48.39756282189469,28.54131317138672
202505B,2025,2025-11-29 09:00:00,SHEAR,10.2,80.8,29.0,40.0,40.0,1,32.57172393798828,23.84690160496001,48.39756282189469,29.473773956298828
202505B,2025,2025-11-29 15:00:00,SHEAR,10.4,80.8,28.0,40.0,40.0,1,30.803884506225586,21.345624885985277,48.39756282189469,29.886722564697266
202505B,2025,2025-11-29 21:00:00,SHEAR,10.7,80.8,25.0,40.0,40.0,1,32.103187561035156,23.18397989917076,48.39756282189469,29.334796905517578
202505B,2025,2025-11-30 03:00:00,SHEAR,11.15,80.8,25.0,40.0,40.0,1,36.074710845947266,28.80319992160897,48.39756282189469,26.3458194732666
202505B,2025,2025-11-30 09:00:00,SHEAR,11.65,80.8,25.0,35.0,35.0,1,34.45683288574219,26.514100355610317,48.39756282189469,28.32784080505371
202505B,2025,2025-11-30 15:00:00,SHEAR,12.16,80.8,25.0,30.0,30.0,1,33.968074798583984,25.82256740151138,48.39756282189469,23.062915802001953
