storm,season,time,scene,lat,lon,vmax_kt,bt_vmax_kt,truth,fold,cnn_raw,cnn_recalibrated,predict_the_mean,cold_cloud
200501B,2005,2005-01-09 01:00:00,EMBC,5.55,84.16,,23.25,23.25,1,30.349485397338867,24.196724806238834,48.893103305784514,35.314361572265625
200501B,2005,2005-01-09 07:00:00,CRVBND,5.63,83.3,,23.25,23.25,1,31.874359130859375,26.196460071176325,48.893103305784514,63.555931091308594
200501B,2005,2005-01-09 11:30:00,SHEAR,6.35,83.3,,23.25,23.25,1,34.03388214111328,29.028480994691453,48.893103305784514,59.94725799560547
200501B,2005,2005-01-09 18:00:00,CRVBND,6.5,83.33,,23.25,23.25,1,32.35621643066406,26.828372742963477,48.893103305784514,52.328887939453125
200501B,2005,2005-01-10 00:00:00,SHEAR,6.69,83.7,,23.25,23.25,1,30.799819946289062,24.78729821488186,48.893103305784514,38.739871978759766
200501B,2005,2005-01-10 05:30:00,CRVBND,6.72,83.07,,18.878999999965743,18.878999999965743,1,30.693876266479492,24.648362571913363,48.893103305784514,39.60028076171875
200502B,2005,2005-01-14 21:30:00,CRVBND,5.05,87.05,,32.550000000000004,32.550000000000004,2,31.417381286621094,29.570461105198543,49.540730037703746,54.40128707885742
200502B,2005,2005-01-15 02:00:00,CRVBND,5.05,86.92,,34.10909090911577,34.10909090911577,2,29.018991470336914,26.652808566199216,49.540730037703746,46.26766586303711
200502B,2005,2005-01-15 15:00:00,CRVBND,4.89,86.53,,35.0,35.0,2,33.15734100341797,31.687130318435162,49.540730037703746,35.106117248535156
200502B,2005,2005-01-15 21:00:00,CRVBND,4.61,86.4,,35.0,35.0,2,27.961856842041016,25.3667992980769,49.540730037703746,42.05814743041992
200502B,2005,2005-01-16 03:00:00,IRRCDO,4.49,86.14,,35.0,35.0,2,29.962535858154297,27.80063477029771,49.540730037703746,48.56862258911133
200502B,2005,2005-01-16 15:00:00,SHEAR,4.63,86.2,,35.0,35.0,2,32.352516174316406,30.708057112680837,49.540730037703746,32.47632598876953
200502B,2005,2005-01-16 20:30:00,IRRCDO,5.23,85.69,,35.0,35.0,2,27.085851669311523,24.30113486811757,49.540730037703746,39.445777893066406
200502B,2005,2005-01-17 03:00:00,CRVBND,4.61,85.12,,30.0,30.0,2,31.014116287231445,29.07988732883818,49.540730037703746,40.10753631591797
200502B,2005,2005-01-17 08:30:00,SHEAR,4.55,84.96,,25.909090909141646,25.909090909141646,2,30.04788589477539,27.90446349295174,49.540730037703746,31.99310302734375
200505B,2005,2005-11-28 02:00:00,IRRCDO,11.22,89.63,0.0,27.264999999984557,27.264999999984557,3,38.79960632324219,33.779587799112356,50.69363147943891,43.324180603027344
200505B,2005,2005-11-28 09:00:00,CRVBND,10.25,88.46,0.0,30.0,30.0,3,39.72273254394531,35.18081925789488,50.69363147943891,36.67485046386719
200505B,2005,2005-11-28 15:00:00,IRRCDO,10.25,87.41,0.0,30.0,30.0,3,39.821014404296875,35.330003228042955,50.69363147943891,26.95648956298828
200505B,2005,2005-11-28 20:00:00,IRRCDO,10.35,86.57,0.0,35.0,35.0,3,37.99557113647461,32.559126964613824,50.69363147943891,44.56938171386719
200505B,2005,2005-11-29 09:00:00,CRVBND,11.75,85.2,0.0,45.0,45.0,3,40.05999755859375,35.6927604614631,50.69363147943891,51.211509704589844
200505B,2005,2005-11-29 15:00:00,CRVBND,12.05,84.45,0.0,45.0,45.0,3,33.26789093017578,25.38288813230813,50.69363147943891,33.10911178588867
200505B,2005,2005-11-29 21:00:00,EMBC,12.35,83.77,0.0,45.0,45.0,3,28.722305297851562,18.483054237706913,50.69363147943891,41.94379425048828
200505B,2005,2005-11-30 02:00:00,EMBC,12.6,83.27,0.0,45.0,45.0,3,27.28021812438965,16.29408173487574,50.69363147943891,65.76885986328125
200505B,2005,2005-11-30 09:00:00,CRVBND,12.69,84.01,0.0,35.0,35.0,3,30.044492721557617,20.49002855059382,50.69363147943891,46.36419677734375
200505B,2005,2005-11-30 14:30:00,CRVBND,12.87,83.64,0.0,35.0,35.0,3,27.272947311401367,16.283045224741358,50.69363147943891,41.02024459838867
200505B,2005,2005-11-30 22:00:00,CRVBND,12.58,83.7,0.0,35.0,35.0,3,33.16017150878906,25.219378702520775,50.69363147943891,64.84723663330078
200505B,2005,2005-12-01 09:00:00,IRRCDO,12.89,83.68,0.0,35.0,35.0,3,39.04643630981445,34.15425589367963,50.69363147943891,50.144954681396484
200505B,2005,2005-12-01 15:00:00,SHEAR,12.89,83.33,0.0,30.0,30.0,3,31.663883209228516,22.948133243632743,50.69363147943891,30.716156005859375
200505B,2005,2005-12-01 21:00:00,SHEAR,13.47,82.28,0.0,30.0,30.0,3,29.322988510131836,19.39484310788824,50.69363147943891,37.75225067138672
200505B,2005,2005-12-02 03:00:00,CRVBND,13.67,81.78,0.0,25.0,25.0,3,29.831626892089844,20.16691531855618,50.69363147943891,52.379302978515625
200505B,2005,2005-12-02 09:00:00,CRVBND,13.91,81.24,0.0,27.9,27.9,3,27.82767677307129,17.12507999243903,50.69363147943891,40.98393630981445
200505B,2005,2005-12-02 15:00:00,CRVBND,14.14,80.71,0.0,27.9,27.9,3,28.757959365844727,18.537174249234198,50.69363147943891,41.470863342285156
200506B,2005,2005-12-06 06:00:00,CRVBND,11.44,88.89,0.0,25.0,25.0,0,35.50046920776367,33.53735422791294,47.71526680016013,49.91033172607422
200506B,2005,2005-12-06 18:00:00,EMBC,12.2,87.1,0.0,30.0,30.0,0,37.27637481689453,35.650194471968135,47.71526680016013,62.84374237060547
200506B,2005,2005-12-07 01:00:00,EMBC,11.67,86.96,0.0,31.81818181813108,31.81818181813108,0,34.736793518066406,32.628789762378844,47.71526680016013,59.94195556640625
200506B,2005,2005-12-10 06:00:00,EMBC,11.48,79.83,0.0,41.85,41.85,0,28.778438568115234,25.53998275490313,47.71526680016013,49.35102462768555
200506B,2005,2005-12-10 12:00:00,SHEAR,10.6,79.7,0.0,30.0,30.0,0,29.816425323486328,26.77490209874012,47.71526680016013,29.218494415283203
200506B,2005,2005-12-10 18:00:00,SHEAR,10.33,79.28,0.0,27.9,27.9,0,29.76163101196289,26.709711907360145,47.71526680016013,26.72641372680664
200506B,2005,2005-12-11 05:00:00,SHEAR,9.62,78.71,0.0,24.08699999999429,24.08699999999429,0,28.75720977783203,25.514726321108256,47.71526680016013,27.830612182617188
200507B,2005,2005-12-17 06:00:00,SHEAR,7.54,83.11,0.0,30.0,30.0,1,33.586692810058594,28.44203225749059,48.893103305784514,41.10803985595703
200507B,2005,2005-12-17 12:00:00,CRVBND,8.64,82.85,0.0,30.0,30.0,1,33.23138427734375,27.976076954317605,48.893103305784514,50.129634857177734
200507B,2005,2005-12-17 18:00:00,CRVBND,8.9,82.4,0.0,30.0,30.0,1,38.50102996826172,34.88674509044288,48.893103305784514,55.366241455078125
200507B,2005,2005-12-18 06:00:00,CRVBND,10.4,82.7,0.0,30.0,30.0,1,34.50218200683594,29.642614306496245,48.893103305784514,53.94975280761719
200507B,2005,2005-12-18 12:00:00,CRVBND,10.7,82.43,0.0,30.0,30.0,1,33.0413818359375,27.726905777614935,48.893103305784514,45.872310638427734
200507B,2005,2005-12-19 07:00:00,CRVBND,11.96,82.68,0.0,30.0,30.0,1,36.81484603881836,32.67546595778058,48.893103305784514,56.22560119628906
200507B,2005,2005-12-19 11:00:00,EMBC,11.88,82.6,0.0,30.0,30.0,1,36.93522644042969,32.83333406778713,48.893103305784514,55.49033737182617
200507B,2005,2005-12-19 18:00:00,EMBC,12.2,82.5,0.0,30.0,30.0,1,35.98235321044922,31.583726209038335,48.893103305784514,57.29641342163086
200507B,2005,2005-12-20 00:00:00,SHEAR,11.05,83.79,0.0,30.0,30.0,1,32.05586242675781,26.434485380112903,48.893103305784514,32.20568084716797
200507B,2005,2005-12-20 06:00:00,SHEAR,11.18,83.65,0.0,25.0,25.0,1,32.213714599609375,26.641494360436475,48.893103305784514,43.77125549316406
200507B,2005,2005-12-20 12:00:00,EMBC,11.3,83.7,0.0,25.0,25.0,1,33.25105667114258,28.00187553603652,48.893103305784514,43.42427444458008
200507B,2005,2005-12-20 18:00:00,IRRCDO,12.18,84.44,0.0,25.0,25.0,1,36.67889404296875,32.49717709722592,48.893103305784514,50.224876403808594
200507B,2005,2005-12-20 23:00:00,EMBC,12.53,84.41,0.0,25.0,25.0,1,30.742813110351562,24.712538857657226,48.893103305784514,63.000186920166016
200507B,2005,2005-12-21 06:00:00,SHEAR,12.05,84.55,0.0,25.0,25.0,1,30.761680603027344,24.737281883676566,48.893103305784514,39.63633728027344
200507B,2005,2005-12-21 13:00:00,CRVBND,12.58,84.61,0.0,25.0,25.0,1,32.53377914428711,27.061230331342436,48.893103305784514,50.6559944152832
200507B,2005,2005-12-21 18:00:00,SHEAR,11.63,84.8,0.0,25.0,25.0,1,29.699363708496094,23.344148465587917,48.893103305784514,34.96000289916992
200507B,2005,2005-12-22 00:00:00,SHEAR,12.1,85.1,0.0,25.0,25.0,1,31.60304069519043,25.840650254331862,48.893103305784514,36.836875915527344
200507B,2005,2005-12-22 06:00:00,SHEAR,13.45,86.3,0.0,27.9,27.9,1,30.23666763305664,24.048774417437976,48.893103305784514,38.09556198120117
200507B,2005,2005-12-22 12:00:00,SHEAR,14.42,87.19,0.0,23.25,23.25,1,31.06926918029785,25.140656741239166,48.893103305784514,32.22557067871094
200601A,2006,2006-01-14 06:00:00,CRVBND,6.9,74.7,0.0,30.0,30.0,0,27.667587280273438,24.218374616472087,47.71526680016013,51.22673797607422
200601A,2006,2006-01-14 12:00:00,SHEAR,7.27,73.84,0.0,25.0,25.0,0,31.237356185913086,28.46541982373599,47.71526680016013,35.8868522644043
200601A,2006,2006-01-14 17:00:00,SHEAR,7.47,73.06,0.0,25.0,25.0,0,29.53779411315918,26.44340743404501,47.71526680016013,21.351211547851562
200602B,2006,2006-04-25 09:00:00,IRRCDO,10.23,89.55,0.0,30.0,30.0,2,33.204383850097656,31.744358163602296,49.540730037703746,43.085487365722656
200602B,2006,2006-04-25 21:00:00,CRVBND,10.6,89.59,0.0,35.0,35.0,2,30.715383529663086,28.716477518354594,49.540730037703746,46.55406188964844
200602B,2006,2006-04-26 09:00:00,CRVBND,10.77,90.98,0.0,45.0,45.0,2,26.529796600341797,23.624691250492262,49.540730037703746,30.748756408691406
200602B,2006,2006-04-26 20:00:00,EMBC,12.48,90.82,0.0,45.0,45.0,2,41.857154846191406,42.27049494700721,49.540730037703746,58.26662063598633
200602B,2006,2006-04-27 04:00:00,EMBC,12.77,90.78,0.0,55.0,55.0,2,50.63111877441406,52.94406350473582,49.540730037703746,73.96630096435547
200602B,2006,2006-04-27 15:00:00,EMBC,13.22,89.84,0.0,65.0,65.0,2,50.49034881591797,52.77281618537501,49.540730037703746,61.83294677734375
200602B,2006,2006-04-27 21:00:00,EMBC,14.24,90.45,0.0,65.0,65.0,2,67.30964660644531,73.23357138435527,49.540730037703746,70.14542388916016
200603B,2006,2006-07-03 00:00:00,CRVBND,19.85,85.65,0.0,30.0,30.0,4,50.00374221801758,48.745396565145924,49.12199992680404,46.2013053894043
200603B,2006,2006-07-03 04:30:00,CRVBND,19.74,85.16,0.0,30.0,30.0,4,36.959571838378906,26.95508580472284,49.12199992680404,28.000247955322266
200604A,2006,2006-09-21 15:00:00,CRVBND,19.84,66.19,0.0,30.0,30.0,3,35.41474151611328,28.64163488963673,50.69363147943891,46.702571868896484
200604A,2006,2006-09-22 09:00:00,EMBC,20.13,66.43,0.0,45.0,45.0,3,62.61351013183594,69.92718108013327,50.69363147943891,66.48768615722656
200604A,2006,2006-09-22 15:00:00,EYE,20.48,66.68,0.0,45.0,45.0,3,77.99080657958984,93.26868200424907,50.69363147943891,56.09861755371094
200604A,2006,2006-09-23 09:00:00,CRVBND,20.75,67.18,0.0,45.0,45.0,3,46.81208038330078,45.94187987124245,50.69363147943891,50.75471496582031
200604A,2006,2006-09-23 15:00:00,CRVBND,20.8,67.33,0.0,55.0,55.0,3,41.757328033447266,38.269171795011275,50.69363147943891,46.80451202392578
200604A,2006,2006-09-23 21:00:00,CRVBND,20.43,66.98,0.0,45.0,45.0,3,48.60188674926758,48.65866217996256,50.69363147943891,39.55134582519531
200604A,2006,2006-09-24 03:00:00,CRVBND,20.68,67.56,0.0,35.0,35.0,3,46.306365966796875,45.1742460052849,50.69363147943891,39.45214080810547
200605B,2006,2006-09-29 03:00:00,CRVBND,19.12,85.1,0.0,25.0,25.0,2,25.284515380859375,22.10980076558346,49.540730037703746,40.54299545288086
200701B,2007,2007-05-14 07:00:00,EMBC,17.19,91.54,0.0,45.0,45.0,2,42.53470230102539,43.094734625839585,49.540730037703746,61.07698059082031
200702A,2007,2007-06-02 06:00:00,EMBC,15.27,67.34,0.0,33.0,33.0,4,46.75397872924805,43.31666064272183,49.12199992680404,65.6370620727539
200702A,2007,2007-06-02 16:30:00,CRVBND,15.36,66.77,0.0,45.0,45.0,4,44.85630416870117,40.14659177724515,49.12199992680404,48.67536926269531
200702A,2007,2007-06-03 00:30:00,EMBC,15.42,66.39,0.0,55.0,55.0,4,47.91598892211914,45.25780082048005,49.12199992680404,64.23412322998047
200702A,2007,2007-06-03 19:00:00,EYE,18.15,65.87,0.0,65.0,65.0,4,72.89303588867188,86.98200400387505,49.12199992680404,67.05204772949219
200702A,2007,2007-06-04 00:00:00,EYE,18.56,65.43,0.0,77.0,77.0,4,79.37716674804688,97.81375660483612,49.12199992680404,67.7739028930664
200702A,2007,2007-06-04 06:00:00,EYE,19.27,64.81,0.0,102.0,102.0,4,96.89921569824219,127.08437180471802,49.12199992680404,71.50491333007812
200702A,2007,2007-06-04 12:00:00,EYE,20.01,64.15,0.0,115.0,115.0,4,91.24000549316406,117.63065068346523,49.12199992680404,73.28787231445312
200702A,2007,2007-06-04 18:00:00,EYE,20.44,63.27,0.0,127.0,127.0,4,98.04212951660156,128.99361145351216,49.12199992680404,71.23357391357422
200702A,2007,2007-06-05 00:00:00,EMBC,20.89,62.54,0.0,115.0,115.0,4,91.97847747802734,118.86426950089157,49.12199992680404,75.45714569091797
200702A,2007,2007-06-05 06:00:00,EMBC,21.38,61.73,0.0,102.0,102.0,4,94.21397399902344,122.59867057651589,49.12199992680404,82.8181381225586
200702A,2007,2007-06-06 07:00:00,EMBC,23.07,59.4,0.0,77.0,77.0,4,66.09772491455078,75.63042444532029,49.12199992680404,60.66231155395508
200702A,2007,2007-06-06 18:00:00,CRVBND,24.25,58.99,0.0,65.0,65.0,4,71.87018585205078,85.27333112468033,49.12199992680404,50.63882827758789
200702A,2007,2007-06-07 00:00:00,CRVBND,25.25,58.4,0.0,45.0,45.0,4,62.578529357910156,69.75160175487153,49.12199992680404,42.17470932006836
200702A,2007,2007-06-07 06:00:00,SHEAR,25.6,58.0,0.0,41.85,41.85,4,41.019195556640625,33.736694739346206,49.12199992680404,41.232147216796875
200702A,2007,2007-06-07 12:00:00,SHEAR,25.96,57.63,0.0,32.550000000000004,32.550000000000004,4,25.826852798461914,8.357858044885054,49.12199992680404,39.76844787597656
200703B,2007,2007-06-21 15:00:00,SHEAR,16.35,83.25,0.0,27.9,27.9,2,31.50362205505371,29.67537340730818,49.540730037703746,23.797523498535156
200703B,2007,2007-06-21 20:30:00,CRVBND,16.81,82.24,0.0,27.9,27.9,2,32.76890563964844,31.214596863846385,49.540730037703746,27.33121109008789
200703B,2007,2007-06-22 03:00:00,CRVBND,15.62,80.9,0.0,27.9,27.9,2,35.490081787109375,34.52492049922788,49.540730037703746,48.73548889160156
200703B,2007,2007-06-22 09:00:00,CRVBND,15.44,80.03,0.0,26.040000000000003,26.040000000000003,2,40.02796173095703,40.04527288312596,49.540730037703746,30.98670196533203
200703B,2007,2007-06-25 09:00:00,CRVBND,23.07,66.83,0.0,25.0,25.0,2,27.882360458374023,25.27009157188808,49.540730037703746,48.08757781982422
200703B,2007,2007-06-25 15:00:00,CRVBND,23.77,65.93,0.0,30.0,30.0,2,26.2933349609375,23.33703454935901,49.540730037703746,39.06991195678711
200704B,2007,2007-06-28 17:00:00,IRRCDO,18.77,86.06,0.0,40.58181818181032,40.58181818181032,4,45.61491775512695,41.413857177358295,49.12199992680404,39.58219909667969
200705A,2007,2007-10-28 03:00:00,CRVBND,10.65,66.05,0.0,37.2,37.2,0,29.610748291015625,26.530202882043223,47.71526680016013,31.378639221191406
200705A,2007,2007-10-28 09:00:00,CRVBND,10.7,65.55,0.0,37.2,37.2,0,32.42303466796875,29.87605178554589,47.71526680016013,31.58461570739746
200705A,2007,2007-10-28 15:00:00,CRVBND,11.45,65.85,0.0,37.2,37.2,0,35.38666915893555,33.40196340437859,47.71526680016013,25.5823917388916
200705A,2007,2007-10-28 21:00:00,CRVBND,11.5,65.65,0.0,37.2,37.2,0,32.517578125,29.988532550177005,47.71526680016013,32.620880126953125
200705A,2007,2007-10-29 03:00:00,SHEAR,11.26,66.33,0.0,37.2,37.2,0,29.586883544921875,26.50181038432162,47.71526680016013,17.611448287963867
200705A,2007,2007-10-29 09:00:00,CRVBND,11.21,66.13,0.0,35.34,35.34,0,33.493568420410156,31.149693122758958,47.71526680016013,36.774139404296875
200705A,2007,2007-10-29 15:00:00,CRVBND,10.93,66.85,0.0,32.550000000000004,32.550000000000004,0,39.54917907714844,38.35420772764713,47.71526680016013,31.931961059570312
200705A,2007,2007-10-29 21:00:00,CRVBND,11.0,66.33,0.0,30.69,30.69,0,36.54801940917969,34.78365144767514,47.71526680016013,42.9234619140625
200705A,2007,2007-10-30 03:00:00,SHEAR,11.11,66.14,0.0,26.040000000000003,26.040000000000003,0,29.31787109375,26.1817594029713,47.71526680016013,30.000940322875977
200706B,2007,2007-11-12 00:00:00,EMBC,10.78,90.87,0.0,30.0,30.0,3,45.19010925292969,43.47985796985835,50.69363147943891,70.97795104980469
200706B,2007,2007-11-12 05:30:00,EMBC,10.93,90.58,0.0,39.09090909093446,39.09090909093446,3,47.5197639465332,47.01608668004621,50.69363147943891,72.20503234863281
200706B,2007,2007-11-12 12:00:00,EYE,11.07,90.37,0.0,55.0,55.0,3,95.00323486328125,119.09218172374877,50.69363147943891,72.28839111328125
200706B,2007,2007-11-12 18:00:00,EYE,11.55,90.06,0.0,65.0,65.0,3,98.66006469726562,124.64295570012925,50.69363147943891,76.91712951660156
200706B,2007,2007-11-13 00:00:00,EYE,11.96,89.92,0.0,90.0,90.0,3,96.49057006835938,121.34983710431288,50.69363147943891,75.493408203125
200706B,2007,2007-11-13 05:30:00,EYE,12.51,89.78,0.0,90.0,90.0,3,81.6276626586914,98.78913742498233,50.69363147943891,70.36744689941406
200706B,2007,2007-11-13 18:00:00,EYE,13.75,89.55,0.0,90.0,90.0,3,94.8465805053711,118.8543929907065,50.69363147943891,77.4462661743164
200706B,2007,2007-11-13 23:30:00,EYE,14.31,89.53,0.0,90.0,90.0,3,99.69905090332031,126.22005331095872,50.69363147943891,79.71296691894531
200706B,2007,2007-11-14 06:30:00,EYE,14.99,89.41,0.0,90.0,90.0,3,91.93778991699219,114.43908250765844,50.69363147943891,84.99529266357422
200706B,2007,2007-11-14 12:30:00,EYE,15.83,89.34,0.0,90.0,90.0,3,100.97206115722656,128.15238062993305,50.69363147943891,86.47138977050781
200706B,2007,2007-11-14 18:30:00,EYE,16.68,89.22,0.0,105.0,105.0,3,98.600341796875,124.55230113419857,50.69363147943891,83.91963195800781
200706B,2007,2007-11-14 23:30:00,EYE,17.66,89.3,0.0,105.0,105.0,3,99.8577880859375,126.46100360461661,50.69363147943891,84.76628112792969
200706B,2007,2007-11-15 06:30:00,EYE,19.48,89.25,0.0,115.0,115.0,3,107.00148010253906,137.3045543141732,50.69363147943891,81.49369812011719
200706B,2007,2007-11-15 11:30:00,EYE,20.89,89.59,0.0,115.0,115.0,3,100.24136352539062,127.04324031344788,50.69363147943891,78.74044036865234
200801B,2008,2008-04-28 14:30:00,EMBC,12.94,85.3,0.0,55.0,55.0,0,71.9864273071289,76.94563010636915,47.71526680016013,61.94702911376953
200801B,2008,2008-04-28 21:30:00,EMBC,13.33,85.3,0.0,55.0,55.0,0,69.19407653808594,73.62349910457576,47.71526680016013,65.09956359863281
200801B,2008,2008-04-29 09:30:00,EMBC,13.58,85.69,0.0,65.0,65.0,0,48.23141860961914,48.6836897667904,47.71526680016013,50.66606140136719
200801B,2008,2008-04-29 20:30:00,IRRCDO,13.74,86.68,0.0,65.0,65.0,0,43.005123138427734,42.46583261149893,47.71526680016013,45.32569122314453
200801B,2008,2008-04-30 20:30:00,EMBC,15.39,88.45,0.0,65.0,65.0,0,62.63084411621094,65.81505392554851,47.71526680016013,60.90043258666992
200801B,2008,2008-05-01 09:30:00,EMBC,15.9,90.29,0.0,65.0,65.0,0,69.33154296875,73.78704642680974,47.71526680016013,64.00674438476562
200801B,2008,2008-05-01 15:30:00,EMBC,15.86,91.24,0.0,65.0,65.0,0,103.0583267211914,113.91266213989914,47.71526680016013,52.84321594238281
200801B,2008,2008-05-02 02:30:00,EMBC,15.72,93.0,0.0,77.0,77.0,0,68.80896759033203,73.16532515716736,47.71526680016013,71.46229553222656
200801B,2008,2008-05-02 08:30:00,EYE,16.0,94.15,0.0,90.0,90.0,0,83.50370788574219,90.64803285990214,47.71526680016013,75.34706115722656
200803B,2008,2008-10-21 01:00:00,EMBC,10.33,53.6,0.0,28.472727272730825,28.472727272730825,1,37.39525604248047,33.43662166984466,48.893103305784514,58.78203201293945
200803B,2008,2008-10-21 06:00:00,CRVBND,10.82,54.1,0.0,30.0,30.0,1,32.16350555419922,26.575649696371254,48.893103305784514,35.407630920410156
200803B,2008,2008-10-21 12:00:00,CRVBND,11.5,52.98,0.0,30.0,30.0,1,37.30937957763672,33.32400238117757,48.893103305784514,44.550209045410156
200803B,2008,2008-10-21 18:00:00,SHEAR,11.78,53.68,0.0,27.9,27.9,1,33.99610900878906,28.978944916316294,48.893103305784514,32.759803771972656
200803B,2008,2008-10-22 00:00:00,SHEAR,13.52,53.77,0.0,27.9,27.9,1,29.454498291015625,23.023029411770374,48.893103305784514,28.73427963256836
200803B,2008,2008-10-22 06:00:00,SHEAR,13.98,53.4,0.0,25.0,25.0,1,30.384672164916992,24.24286909900115,48.893103305784514,32.13801193237305
200803B,2008,2008-10-22 13:00:00,CRVBND,14.14,51.44,0.0,26.054545454516028,26.054545454516028,1,34.86243438720703,30.115053022876076,48.893103305784514,52.15388107299805
200803B,2008,2008-10-22 18:00:00,CRVBND,14.1,51.62,0.0,27.9,27.9,1,30.219999313354492,24.026915409716278,48.893103305784514,33.24028778076172
200803B,2008,2008-10-23 00:00:00,CRVBND,14.8,51.23,0.0,23.25,23.25,1,31.05731201171875,25.124975986071835,48.893103305784514,40.87937927246094
200803B,2008,2008-10-23 05:30:00,CRVBND,15.27,50.57,0.0,23.25,23.25,1,46.537269592285156,45.425553268708065,48.893103305784514,47.08821487426758
200803B,2008,2008-10-23 17:00:00,CRVBND,13.88,48.16,0.0,23.25,23.25,1,34.60503005981445,29.777490312259992,48.893103305784514,47.37127685546875
200805B,2008,2008-11-14 06:00:00,CRVBND,13.32,84.22,0.0,30.0,30.0,0,32.6290283203125,30.121127692989415,47.71526680016013,46.43973922729492
200805B,2008,2008-11-14 12:00:00,CRVBND,13.8,84.33,0.0,35.0,35.0,0,33.496177673339844,31.152797417586577,47.71526680016013,34.48396301269531
200805B,2008,2008-11-14 18:00:00,EMBC,14.77,83.12,0.0,35.0,35.0,0,56.52451705932617,58.5502007245592,47.71526680016013,51.491493225097656
200805B,2008,2008-11-15 01:30:00,IRRCDO,14.4,82.5,0.0,37.72727272728964,37.72727272728964,0,32.04988098144531,29.432101317654677,47.71526680016013,43.7233772277832
200805B,2008,2008-11-15 06:00:00,CRVBND,14.7,81.88,0.0,30.0,30.0,0,32.193115234375,29.602510765297076,47.71526680016013,34.70490646362305
200805B,2008,2008-11-15 11:00:00,IRRCDO,14.22,81.73,0.0,30.0,30.0,0,44.444862365722656,44.17872712837721,47.71526680016013,38.9434700012207
200805B,2008,2008-11-15 19:00:00,CRVBND,14.46,80.7,0.0,30.0,30.0,0,37.79263687133789,36.26440461889164,47.71526680016013,39.31932067871094
200805B,2008,2008-11-15 23:00:00,CRVBND,14.68,80.01,0.0,30.0,30.0,0,29.436697006225586,26.323129624803006,47.71526680016013,37.20513153076172
200806B,2008,2008-11-25 19:30:00,CRVBND,9.75,80.35,0.0,30.0,30.0,3,44.44475555419922,42.3484709209827,50.69363147943891,57.33662796020508
200806B,2008,2008-11-25 23:30:00,CRVBND,9.88,80.2,0.0,30.0,30.0,3,33.503082275390625,25.739889704094708,50.69363147943891,56.843441009521484
200806B,2008,2008-11-26 06:30:00,EMBC,10.12,79.57,0.0,40.90909090906554,40.90909090906554,3,36.01660919189453,29.555221680278038,50.69363147943891,61.47606658935547
200806B,2008,2008-11-26 12:00:00,CRVBND,10.4,79.8,0.0,45.0,45.0,3,49.339195251464844,49.77783726668007,50.69363147943891,53.482051849365234
200806B,2008,2008-11-26 19:30:00,CRVBND,11.15,80.1,0.0,45.0,45.0,3,34.06187438964844,26.588091252114058,50.69363147943891,44.539920806884766
200806B,2008,2008-11-27 00:00:00,CRVBND,11.33,79.78,0.0,45.0,45.0,3,37.65408706665039,32.040781574157556,50.69363147943891,56.153011322021484
200807B,2008,2008-12-04 06:00:00,CRVBND,6.72,89.6,0.0,25.0,25.0,0,34.36136245727539,32.18212984417757,47.71526680016013,40.72443389892578
200807B,2008,2008-12-04 12:00:00,CRVBND,6.83,89.02,0.0,25.0,25.0,0,32.25368881225586,29.674576697413663,47.71526680016013,39.49883270263672
200807B,2008,2008-12-04 18:00:00,CRVBND,7.3,88.53,0.0,25.0,25.0,0,32.97197341918945,30.529138232898305,47.71526680016013,27.626991271972656
200807B,2008,2008-12-05 00:00:00,CRVBND,7.78,88.78,0.0,30.0,30.0,0,35.24692916870117,33.23571117027727,47.71526680016013,31.24993324279785
200807B,2008,2008-12-05 06:00:00,IRRCDO,7.88,88.22,0.0,30.0,30.0,0,35.76605224609375,33.853325149248604,47.71526680016013,22.120506286621094
200807B,2008,2008-12-05 12:00:00,SHEAR,8.3,87.8,0.0,30.0,30.0,0,27.816604614257812,24.395664343293824,47.71526680016013,19.550273895263672
200807B,2008,2008-12-05 18:00:00,SHEAR,8.8,87.0,0.0,30.0,30.0,0,30.542253494262695,27.6384384047242,47.71526680016013,23.960939407348633
200807B,2008,2008-12-06 00:00:00,SHEAR,9.0,85.68,0.0,30.0,30.0,0,24.652969360351562,20.631806710547117,47.71526680016013,14.30550765991211
200807B,2008,2008-12-06 06:00:00,SHEAR,8.98,84.78,0.0,30.0,30.0,0,29.837810516357422,26.800344608686945,47.71526680016013,30.203413009643555
200807B,2008,2008-12-06 12:00:00,CRVBND,8.22,83.68,0.0,30.0,30.0,0,30.4906063079834,27.576992428596835,47.71526680016013,32.64616394042969
200807B,2008,2008-12-06 18:00:00,IRRCDO,8.03,83.08,0.0,30.0,30.0,0,28.694578170776367,25.4402118991386,47.71526680016013,19.457530975341797
200807B,2008,2008-12-07 00:00:00,CRVBND,7.67,82.37,0.0,25.0,25.0,0,27.171525955200195,23.628197793027606,47.71526680016013,20.659408569335938
200807B,2008,2008-12-07 06:00:00,SHEAR,7.67,82.6,0.0,25.0,25.0,0,24.528072357177734,20.483213557109924,47.71526680016013,18.504528045654297
200807B,2008,2008-12-07 12:00:00,CRVBND,7.57,82.21,0.0,25.0,25.0,0,28.69649887084961,25.442497005053372,47.71526680016013,21.960826873779297
200807B,2008,2008-12-07 16:30:00,SHEAR,7.48,81.7,0.0,23.25,23.25,0,30.441129684448242,27.518128826383084,47.71526680016013,26.09239387512207
200904A,2009,2009-11-10 03:00:00,CRVBND,14.12,70.89,0.0,30.0,30.0,1,31.120283126831055,25.20755696100396,48.893103305784514,52.86479949951172
200904A,2009,2009-11-10 09:00:00,CRVBND,14.5,71.3,0.0,33.0,33.0,1,34.85133743286133,30.1005003615962,48.893103305784514,54.62509536743164
200904A,2009,2009-11-10 21:30:00,EMBC,16.13,71.67,0.0,45.0,45.0,1,65.0171890258789,69.6603117094889,48.893103305784514,60.473045349121094
200904A,2009,2009-11-11 09:00:00,CRVBND,18.3,73.0,0.0,30.0,30.0,1,46.26200485229492,45.06456822735551,48.893103305784514,53.004249572753906
200905B,2009,2009-12-12 00:00:00,CRVBND,10.47,84.37,0.0,45.0,45.0,2,46.9268684387207,48.43782547635343,49.540730037703746,68.09803771972656
200905B,2009,2009-12-12 06:00:00,CRVBND,10.21,84.09,0.0,45.0,45.0,2,31.32274055480957,29.45533020796581,49.540730037703746,52.023841857910156
200905B,2009,2009-12-12 12:00:00,CRVBND,9.98,83.37,0.0,35.0,35.0,2,39.06907653808594,38.878784517225675,49.540730037703746,43.51653289794922
200905B,2009,2009-12-12 18:00:00,CRVBND,9.23,82.11,0.0,30.0,30.0,2,25.9576416015625,22.92866199221435,49.540730037703746,42.54759979248047
200905B,2009,2009-12-13 00:00:00,CRVBND,8.23,81.78,0.0,30.0,30.0,2,31.566219329833984,29.751523287722556,49.540730037703746,37.129058837890625
200905B,2009,2009-12-13 12:00:00,CRVBND,8.44,82.43,0.0,30.0,30.0,2,29.600339889526367,27.360021663826203,49.540730037703746,43.84075164794922
200905B,2009,2009-12-13 18:00:00,CRVBND,8.8,82.17,0.0,30.0,30.0,2,28.091182708740234,25.52412482571688,49.540730037703746,33.448699951171875
200905B,2009,2009-12-14 00:30:00,CRVBND,8.9,81.57,0.0,30.0,30.0,2,22.389541625976562,18.588051519934798,49.540730037703746,42.002464294433594
201001B,2010,2010-05-17 22:00:00,EMBC,11.74,86.47,0.0,33.59999999999591,33.59999999999591,3,40.063133239746094,35.697520173598704,50.69363147943891,67.81362915039062
201001B,2010,2010-05-19 03:30:00,EMBC,13.64,81.67,0.0,46.00000000006139,46.00000000006139,3,48.07403564453125,47.85742659925693,50.69363147943891,72.02943420410156
201002A,2010,2010-05-19 15:00:00,CRVBND,11.4,53.4,0.0,25.0,25.0,2,43.75788879394531,44.582746771532676,49.540730037703746,52.65556716918945
201001B,2010,2010-05-19 20:30:00,EMBC,14.38,81.4,0.0,55.0,55.0,3,48.92581558227539,49.150360130944314,50.69363147943891,53.19613265991211
201002A,2010,2010-05-19 21:00:00,CRVBND,11.6,52.8,0.0,30.0,30.0,2,39.5599250793457,39.475904085924256,49.540730037703746,53.150386810302734
201002A,2010,2010-05-20 03:00:00,IRRCDO,11.8,52.5,0.0,30.0,30.0,2,42.46556091308594,43.010623800859506,49.540730037703746,51.08652877807617
201001B,2010,2010-05-20 08:00:00,EMBC,15.42,80.92,0.0,55.0,55.0,3,40.0303840637207,35.64780955476152,50.69363147943891,48.67780685424805
201001B,2010,2010-05-20 20:30:00,CRVBND,15.68,80.5,0.0,40.909090909141646,40.909090909141646,3,39.69649124145508,35.1409870683805,50.69363147943891,40.53999328613281
201002A,2010,2010-05-20 21:00:00,IRRCDO,12.5,52.2,0.0,30.0,30.0,2,34.517112731933594,33.341299048316486,49.540730037703746,49.56613540649414
201002A,2010,2010-05-21 15:00:00,CRVBND,12.6,51.4,0.0,40.0,40.0,2,51.05025863647461,53.45394912651162,49.540730037703746,60.56475830078125
201002A,2010,2010-05-21 21:30:00,IRRCDO,12.5,50.97,0.0,40.0,40.0,2,33.23357391357422,31.779868013684922,49.540730037703746,40.882904052734375
201002A,2010,2010-05-22 09:00:00,IRRCDO,12.6,51.0,0.0,35.0,35.0,2,48.25956344604492,50.05905524702325,49.540730037703746,48.80531311035156
201002A,2010,2010-05-22 15:00:00,CRVBND,12.6,51.0,0.0,28.0,28.0,2,24.640209197998047,21.325999251102893,49.540730037703746,34.74382019042969
201003A,2010,2010-06-01 16:00:00,EMBC,17.07,62.07,0.0,41.81818181813108,41.81818181813108,4,71.38224792480469,84.4582299141744,49.12199992680404,69.04924774169922
201003A,2010,2010-06-01 21:30:00,EMBC,17.21,61.35,0.0,45.99999999987722,45.99999999987722,4,84.23738098144531,105.9327534766722,49.12199992680404,68.6661376953125
201003A,2010,2010-06-02 03:00:00,EYE,17.75,60.85,0.0,60.0,60.0,4,91.30546569824219,117.7400020771974,49.12199992680404,68.61329650878906
201003A,2010,2010-06-02 09:00:00,EYE,17.95,60.34,0.0,80.0,80.0,4,99.8208999633789,131.96505077687746,49.12199992680404,74.28550720214844
201003A,2010,2010-06-02 14:00:00,EYE,18.38,59.81,0.0,85.0,85.0,4,63.340118408203125,71.0238376728816,49.12199992680404,68.16748046875
201003A,2010,2010-06-02 21:00:00,EMBC,18.85,59.24,0.0,80.0,80.0,4,67.40243530273438,77.80994556344756,49.12199992680404,69.18043518066406
201003A,2010,2010-06-03 02:00:00,EMBC,18.79,59.39,0.0,75.0,75.0,4,68.40336608886719,79.482002294135,49.12199992680404,73.59158325195312
201003A,2010,2010-06-03 14:00:00,EMBC,20.35,59.35,0.0,70.0,70.0,4,77.48908996582031,94.6597208458064,49.12199992680404,78.41061401367188
201003A,2010,2010-06-03 22:00:00,EMBC,21.14,59.12,0.0,65.0,65.0,4,87.62421417236328,111.59046459021427,49.12199992680404,72.82453918457031
201003A,2010,2010-06-04 15:00:00,CRVBND,23.0,59.7,0.0,55.0,55.0,4,60.376121520996094,66.07247538724447,49.12199992680404,47.04030227661133
201003A,2010,2010-06-04 21:00:00,CRVBND,23.6,60.1,0.0,50.0,50.0,4,33.88231658935547,21.814525216060765,49.12199992680404,44.438934326171875
201003A,2010,2010-06-05 03:00:00,SHEAR,24.0,60.7,0.0,40.0,40.0,4,29.97058868408203,15.279976510749533,49.12199992680404,41.15777587890625
201003A,2010,2010-06-05 09:00:00,SHEAR,23.8,61.4,0.0,40.0,40.0,4,39.662109375,31.469679761315515,49.12199992680404,41.939292907714844
201003A,2010,2010-06-05 15:00:00,SHEAR,23.7,62.1,0.0,35.0,35.0,4,31.02861976623535,17.047419391616454,49.12199992680404,33.61516189575195
201003A,2010,2010-06-05 21:00:00,SHEAR,23.5,62.8,0.0,30.0,30.0,4,31.6881046295166,18.149090076256165,49.12199992680404,31.856781005859375
201003A,2010,2010-06-06 03:00:00,CRVBND,23.0,64.8,0.0,25.0,25.0,4,28.77586555480957,13.28418931219002,49.12199992680404,29.959854125976562
201003A,2010,2010-06-06 09:00:00,CRVBND,23.7,66.3,0.0,25.0,25.0,4,37.52402114868164,27.8979994222268,49.12199992680404,44.19224548339844
201004B,2010,2010-10-21 06:00:00,CRVBND,17.77,91.53,0.0,35.0,35.0,4,50.88983154296875,50.2256104223889,49.12199992680404,63.94693374633789
201004B,2010,2010-10-21 19:00:00,EMBC,18.16,92.53,0.0,51.49999999998977,51.49999999998977,4,50.00154495239258,48.74172602885282,49.12199992680404,48.61083221435547
201004B,2010,2010-10-22 06:00:00,EYE,18.95,92.94,0.0,90.0,90.0,4,80.84236145019531,100.26136706645478,49.12199992680404,62.456912994384766
201004B,2010,2010-10-22 12:00:00,EYE,19.77,93.4,0.0,105.0,105.0,4,84.41703796386719,106.2328707983045,49.12199992680404,60.48752212524414
201005B,2010,2010-11-06 08:30:00,CRVBND,10.77,85.37,0.0,55.0,55.0,2,40.2315788269043,40.2929740420204,49.540730037703746,33.35511016845703
201005B,2010,2010-11-06 21:00:00,CRVBND,11.7,83.8,0.0,60.0,60.0,2,40.73773956298828,40.90872096804146,49.540730037703746,42.057918548583984
201005B,2010,2010-11-07 03:00:00,CRVBND,12.4,82.5,0.0,55.0,55.0,2,28.505701065063477,26.02838836393607,49.540730037703746,37.19382858276367
201005B,2010,2010-11-07 09:00:00,CRVBND,13.1,81.2,0.0,40.0,40.0,2,30.36046028137207,28.28471171052168,49.540730037703746,31.59600067138672
201005B,2010,2010-11-07 15:00:00,SHEAR,13.1,80.6,0.0,30.0,30.0,2,35.50436782836914,34.54229953589273,49.540730037703746,25.19595718383789
201101A,2011,2011-06-11 15:00:00,CRVBND,20.0,71.7,35.0,25.0,25.0,3,30.3681697845459,20.981344334907753,50.69363147943891,45.44194030761719
201101A,2011,2011-06-11 21:00:00,CRVBND,20.3,71.1,37.0,25.0,25.0,3,30.556161880493164,21.266701237285773,50.69363147943891,31.250614166259766
201101A,2011,2011-06-12 03:00:00,CRVBND,20.5,70.8,41.0,20.0,20.0,3,36.15985107421875,29.77265135265268,50.69363147943891,45.23822021484375
201101A,2011,2011-06-12 09:00:00,CRVBND,20.8,70.3,43.0,21.39,21.39,3,34.14717102050781,26.717564686849,50.69363147943891,50.86871337890625
201102B,2011,2011-10-19 12:00:00,CRVBND,21.02,92.07,37.0,5.0,5.0,2,40.63325119018555,40.78161036903294,49.540730037703746,49.733741760253906
201103A,2011,2011-11-02 07:30:00,CRVBND,16.15,54.27,43.0,35.0,35.0,0,53.51620864868164,54.97113940291037,47.71526680016013,65.61384582519531
201103A,2011,2011-11-02 12:00:00,CRVBND,16.73,54.38,43.0,35.0,35.0,0,48.325992584228516,48.79620683896336,47.71526680016013,51.37339782714844
201104A,2011,2011-11-08 00:00:00,CRVBND,13.67,59.09,31.0,25.0,25.0,1,35.90459060668945,31.481747522138964,48.893103305784514,52.76423263549805
201104A,2011,2011-11-08 12:00:00,CRVBND,13.93,58.57,43.0,30.0,30.0,1,38.08930206298828,34.34680083562694,48.893103305784514,58.3285026550293
201104A,2011,2011-11-09 07:30:00,IRRCDO,16.18,58.85,45.0,29.09090909091585,29.09090909091585,1,40.40363693237305,37.38184364044877,48.893103305784514,55.94655990600586
201104A,2011,2011-11-09 12:00:00,SHEAR,15.96,58.34,45.0,25.0,25.0,1,47.24946975708008,46.35953996801764,48.893103305784514,41.2765998840332
201104A,2011,2011-11-09 18:00:00,SHEAR,15.9,58.3,37.0,25.0,25.0,1,37.71139144897461,33.85120492809394,48.893103305784514,32.10433578491211
201104A,2011,2011-11-09 23:00:00,SHEAR,16.07,58.13,33.0,25.0,25.0,1,44.26508331298828,42.445784563054794,48.893103305784514,31.534875869750977
201105A,2011,2011-11-27 15:30:00,CRVBND,12.67,70.94,30.0,25.0,25.0,2,25.918973922729492,22.88162257828825,49.540730037703746,29.771896362304688
201105B,2011,2011-11-27 15:30:00,CRVBND,12.67,70.94,35.0,25.0,25.0,0,30.859638214111328,28.01603910911781,47.71526680016013,26.55825424194336
201105A,2011,2011-11-28 03:00:00,IRRCDO,14.6,68.5,43.0,30.0,30.0,2,33.83782196044922,32.51493861654531,49.540730037703746,51.79743194580078
201105A,2011,2011-11-28 14:30:00,IRRCDO,15.17,67.87,55.0,30.0,30.0,2,31.510324478149414,29.68352693665935,49.540730037703746,32.12907791137695
201105A,2011,2011-11-28 21:00:00,CRVBND,15.8,67.2,45.0,30.0,30.0,2,37.259307861328125,36.67719237449193,49.540730037703746,36.022178649902344
201105A,2011,2011-11-29 03:00:00,CRVBND,16.0,66.6,37.0,30.0,30.0,2,26.099992752075195,23.101832839131266,49.540730037703746,33.0461540222168
201105A,2011,2011-11-29 09:00:00,SHEAR,15.8,66.1,33.0,28.0,28.0,2,35.905723571777344,35.030550693334334,49.540730037703746,23.320730209350586
201105A,2011,2011-11-29 15:00:00,SHEAR,16.4,65.9,25.0,25.0,25.0,2,27.521869659423828,24.831552812382977,49.540730037703746,23.463848114013672
201105A,2011,2011-11-29 21:00:00,SHEAR,17.3,64.9,31.0,25.0,25.0,2,25.70745277404785,22.62430610191195,49.540730037703746,31.50345802307129
201105A,2011,2011-11-30 02:30:00,CRVBND,17.45,63.87,37.0,25.0,25.0,2,28.665380477905273,26.22263912381696,49.540730037703746,40.64665222167969
201105A,2011,2011-11-30 09:00:00,SHEAR,18.12,63.03,39.0,25.0,25.0,2,27.67023277282715,25.012037240550576,49.540730037703746,29.798044204711914
201105A,2011,2011-11-30 15:00:00,SHEAR,18.65,62.42,33.0,25.0,25.0,2,22.775863647460938,19.05801408365246,49.540730037703746,31.63862419128418
201105A,2011,2011-11-30 21:00:00,SHEAR,19.0,62.03,30.0,25.0,25.0,2,27.001680374145508,24.198740090010784,49.540730037703746,34.55778503417969
201106B,2011,2011-12-26 00:00:00,CRVBND,10.17,87.33,31.0,30.0,30.0,0,36.77248764038086,35.050707033262164,47.71526680016013,46.26746368408203
201106B,2011,2011-12-26 07:30:00,CRVBND,10.4,88.4,39.0,30.0,30.0,0,34.94575119018555,32.87739203982392,47.71526680016013,37.74185562133789
201106B,2011,2011-12-26 12:00:00,EYE,11.06,87.83,51.0,30.0,30.0,0,51.06694030761719,52.057182324964145,47.71526680016013,55.805747985839844
201106B,2011,2011-12-26 18:00:00,EYE,12.32,87.68,65.0,35.0,35.0,0,58.80937957763672,61.268559997709104,47.71526680016013,57.166908264160156
201106B,2011,2011-12-26 22:30:00,EMBC,11.91,87.26,55.0,37.272727272761095,37.272727272761095,0,55.534339904785156,57.37216168346276,47.71526680016013,53.14170837402344
201106B,2011,2011-12-27 06:00:00,EMBC,12.51,87.09,53.0,40.0,40.0,0,67.05659484863281,71.08048256631623,47.71526680016013,53.00273513793945
201106B,2011,2011-12-27 13:00:00,EMBC,13.43,86.05,55.0,41.36363636371247,41.36363636371247,0,59.99226760864258,62.6758720886617,47.71526680016013,58.42293930053711
201106B,2011,2011-12-27 18:00:00,EMBC,12.4,86.03,55.0,45.0,45.0,0,58.35413360595703,60.72694224225892,47.71526680016013,64.08877563476562
201106B,2011,2011-12-28 04:30:00,EMBC,12.25,84.74,61.0,45.0,45.0,0,48.64657974243164,49.17761756602917,47.71526680016013,70.91508483886719
201106B,2011,2011-12-29 00:00:00,EMBC,11.97,82.62,72.2,70.0,70.0,0,62.303863525390625,65.4260367684665,47.71526680016013,66.63202667236328
201106B,2011,2011-12-29 05:00:00,EYE,11.89,82.05,74.6,75.0,75.0,0,88.0217514038086,96.02326458409001,47.71526680016013,77.23680114746094
201106B,2011,2011-12-29 12:00:00,EMBC,12.15,81.68,69.8,75.0,75.0,0,97.96271514892578,107.85028295566693,47.71526680016013,70.49430847167969
201106B,2011,2011-12-29 18:30:00,EMBC,12.62,80.28,74.6,75.0,75.0,0,71.61526489257812,76.50404870558323,47.71526680016013,56.46678924560547
201201A,2012,2012-10-24 18:00:00,CRVBND,10.33,55.11,37.0,35.0,35.0,3,34.2855110168457,26.92755369000922,50.69363147943891,51.361576080322266
201201A,2012,2012-10-25 00:00:00,CRVBND,10.28,54.27,41.0,35.0,35.0,3,30.31797981262207,20.905159988717788,50.69363147943891,45.46162796020508
201201A,2012,2012-10-25 06:00:00,CRVBND,10.28,52.93,39.0,35.0,35.0,3,36.65855026245117,30.529636665547724,50.69363147943891,54.057151794433594
201201A,2012,2012-10-25 12:00:00,CRVBND,9.52,51.3,49.0,30.0,30.0,3,36.87993240356445,30.865676974644657,50.69363147943891,66.21833801269531
201202B,2012,2012-10-30 01:30:00,CRVBND,8.95,83.34,55.0,32.27272727271036,32.27272727271036,3,35.39304733276367,28.608704861759378,50.69363147943891,37.524688720703125
201202B,2012,2012-10-30 06:00:00,EMBC,9.26,83.08,57.0,35.0,35.0,3,50.90171813964844,52.149621511225654,50.69363147943891,53.45244216918945
201202B,2012,2012-10-30 11:30:00,CRVBND,9.52,83.2,57.0,39.09090909093446,39.09090909093446,3,46.560306549072266,45.55970741301612,50.69363147943891,48.192710876464844
201202B,2012,2012-10-31 12:00:00,EMBC,12.62,80.27,61.0,35.0,35.0,3,46.11738967895508,44.88739517865994,50.69363147943891,55.07823944091797
201203B,2012,2012-11-17 21:30:00,IRRCDO,16.21,88.27,35.0,30.0,30.0,4,44.67985153198242,39.8518273210403,49.12199992680404,49.95340347290039
201203B,2012,2012-11-18 09:00:00,CRVBND,16.0,87.8,51.0,30.0,30.0,4,34.711143493652344,23.199082093623463,49.12199992680404,50.05265426635742
201203B,2012,2012-11-18 15:00:00,SHEAR,15.8,87.5,41.0,30.0,30.0,4,35.07072830200195,23.799769181465855,49.12199992680404,30.339214324951172
201203B,2012,2012-11-18 21:00:00,SHEAR,15.4,86.6,30.0,28.0,28.0,4,28.45186996459961,12.74295407911594,49.12199992680404,25.382139205932617
201203B,2012,2012-11-19 03:00:00,SHEAR,15.2,86.5,25.0,25.0,25.0,4,28.270856857299805,12.44057134836524,49.12199992680404,26.808650970458984
201203B,2012,2012-11-19 09:00:00,SHEAR,15.2,86.1,25.0,23.0,23.0,4,25.635583877563477,8.038342958537097,49.12199992680404,28.86566925048828
201204A,2012,2012-12-23 06:00:00,CRVBND,8.67,58.06,43.0,30.0,30.0,2,25.976037979125977,22.9510412724056,49.540730037703746,53.07740020751953
201204A,2012,2012-12-23 12:00:00,CRVBND,8.15,57.17,49.0,30.0,30.0,2,26.3260498046875,23.376832311291654,49.540730037703746,30.373037338256836
201204A,2012,2012-12-23 18:00:00,CRVBND,8.18,56.22,43.0,32.550000000000004,32.550000000000004,2,23.753122329711914,20.246853886160547,49.540730037703746,28.755361557006836
201204A,2012,2012-12-24 00:00:00,CRVBND,8.42,54.89,41.0,32.550000000000004,32.550000000000004,2,23.70186424255371,20.1844981810429,49.540730037703746,34.382293701171875
201204A,2012,2012-12-24 06:00:00,CRVBND,8.23,53.17,41.0,28.0,28.0,2,33.216285705566406,31.75883682699197,49.540730037703746,33.097190856933594
201204A,2012,2012-12-24 12:00:00,SHEAR,7.52,51.77,33.0,25.0,25.0,2,24.72991180419922,21.43512289520808,49.540730037703746,30.063526153564453
201204A,2012,2012-12-24 18:00:00,CRVBND,6.6,51.0,29.0,23.25,23.25,2,24.288908004760742,20.898639690349626,49.540730037703746,20.96411895751953
201204A,2012,2012-12-24 23:00:00,SHEAR,6.1,50.17,32.0,19.36090909091381,19.36090909091381,2,31.183170318603516,29.28554235643706,49.540730037703746,24.762794494628906
201301B,2013,2013-05-10 08:30:00,EMBC,5.04,93.35,30.0,26.37272727268897,26.37272727268897,2,32.06045913696289,30.352768347367743,49.540730037703746,55.09209442138672
201301B,2013,2013-05-10 20:00:00,IRRCDO,6.35,92.03,43.0,30.0,30.0,2,39.25874328613281,39.10951501201241,49.540730037703746,40.657997131347656
201301B,2013,2013-05-11 02:00:00,EMBC,6.95,91.05,55.0,33.181818181809724,33.181818181809724,2,35.15193176269531,34.113559397460484,49.540730037703746,52.963321685791016
201301B,2013,2013-05-11 08:30:00,EMBC,7.95,89.87,59.0,35.0,35.0,2,55.291786193847656,58.61378743260404,49.540730037703746,64.75051879882812
201301B,2013,2013-05-12 15:00:00,IRRCDO,10.5,86.9,59.0,40.0,40.0,2,33.47172164916992,32.06957585879837,49.540730037703746,39.14678192138672
201301B,2013,2013-05-13 03:30:00,IRRCDO,11.85,86.7,61.0,40.0,40.0,2,30.09978485107422,27.96759881840575,49.540730037703746,42.616397857666016
201301B,2013,2013-05-13 16:00:00,CRVBND,12.92,85.7,49.0,40.0,40.0,2,46.457454681396484,47.86678142354799,49.540730037703746,54.1236457824707
201301B,2013,2013-05-14 03:00:00,CRVBND,14.0,85.4,51.0,40.0,40.0,2,25.871904373168945,22.82436224894043,49.540730037703746,47.928314208984375
201301B,2013,2013-05-14 09:00:00,CRVBND,14.5,85.9,49.0,40.0,40.0,2,26.366079330444336,23.425528418432535,49.540730037703746,29.232650756835938
201301B,2013,2013-05-14 15:00:00,IRRCDO,15.1,86.4,47.0,40.0,40.0,2,43.50645446777344,44.276875726231324,49.540730037703746,43.08414077758789
201301B,2013,2013-05-14 21:30:00,IRRCDO,15.87,86.93,47.0,40.0,40.0,2,48.75456237792969,50.661223785519255,49.540730037703746,37.21920394897461
201301B,2013,2013-05-15 08:00:00,EMBC,17.76,88.07,57.0,45.0,45.0,2,37.449546813964844,36.90861895886471,49.540730037703746,65.03070831298828
201302B,2013,2013-10-09 08:30:00,CRVBND,13.57,92.54,43.0,30.0,30.0,2,41.07312774658203,41.316722277406896,49.540730037703746,45.76631546020508
201302B,2013,2013-10-09 15:00:00,IRRCDO,13.9,91.9,51.0,35.0,35.0,2,47.52297592163086,49.162993044703065,49.540730037703746,52.41442108154297
201302B,2013,2013-10-09 21:30:00,EMBC,14.33,91.25,72.2,45.0,45.0,2,46.02470779418945,47.34034279141612,49.540730037703746,68.21495056152344
201302B,2013,2013-10-10 02:30:00,EMBC,14.57,91.05,90.0,53.18181818186892,53.18181818186892,2,64.75904846191406,70.13075669517015,49.540730037703746,60.93012619018555
201302B,2013,2013-10-10 09:00:00,EYE,15.1,90.7,107.2,70.0,70.0,2,88.99992370605469,99.6198959182549,49.540730037703746,58.37685012817383
201302B,2013,2013-10-10 15:00:00,EYE,15.55,89.84,122.2,90.0,90.0,2,89.17056274414062,99.8274791140071,49.540730037703746,72.30142974853516
201302B,2013,2013-10-10 21:00:00,EYE,15.65,89.05,137.4,100.0,100.0,2,97.28483581542969,109.6985306285851,49.540730037703746,74.390869140625
201302B,2013,2013-10-11 03:00:00,EYE,15.85,88.56,137.4,115.0,115.0,2,76.77397918701172,84.74697666824085,49.540730037703746,66.3438720703125
201302B,2013,2013-10-11 09:00:00,EYE,16.45,88.05,119.8,115.0,115.0,2,87.0345458984375,97.22900453289563,49.540730037703746,56.106048583984375
201302B,2013,2013-10-11 15:00:00,EYE,16.75,87.14,129.6,115.0,115.0,2,100.07476806640625,113.0924963886254,49.540730037703746,60.79508590698242
201302B,2013,2013-10-11 21:00:00,EYE,17.25,86.75,134.8,115.0,115.0,2,113.73411560058594,129.70915717645266,49.540730037703746,67.03363037109375
201302B,2013,2013-10-12 03:00:00,EYE,17.75,86.15,134.8,115.0,115.0,2,108.68260955810547,123.56397621773431,49.540730037703746,68.37113952636719
201302B,2013,2013-10-12 09:00:00,EYE,18.45,85.55,119.8,115.0,115.0,2,91.91792297363281,103.16965580884589,49.540730037703746,59.53024673461914
201303A,2013,2013-11-09 21:00:00,IRRCDO,8.0,52.2,51.0,30.0,30.0,0,34.175933837890625,31.96152068149382,47.71526680016013,24.210155487060547
201303A,2013,2013-11-10 09:00:00,IRRCDO,8.0,51.6,55.0,30.0,30.0,0,36.13263702392578,34.289460418758004,47.71526680016013,42.19474411010742
201303A,2013,2013-11-10 14:30:00,IRRCDO,8.28,51.25,49.0,30.0,30.0,0,36.79547119140625,35.07805115071304,47.71526680016013,33.671226501464844
201304B,2013,2013-11-19 13:00:00,EMBC,15.0,84.7,35.0,26.81818181819028,26.81818181819028,2,44.93574142456055,46.01561005962228,49.540730037703746,45.194435119628906
201304B,2013,2013-11-19 19:30:00,EMBC,15.05,84.04,53.0,30.0,30.0,2,50.451385498046875,52.725417125162785,49.540730037703746,57.397315979003906
201304B,2013,2013-11-20 00:30:00,EMBC,15.75,84.07,53.0,30.90909090904863,30.90909090904863,2,51.16281509399414,53.59087458868333,49.540730037703746,60.57992172241211
201304B,2013,2013-11-20 06:30:00,IRRCDO,15.07,83.33,53.0,40.0,40.0,2,50.45926284790039,52.73499995846396,49.540730037703746,51.188053131103516
201304B,2013,2013-11-20 19:30:00,EMBC,15.7,84.11,65.0,45.0,45.0,2,53.645362854003906,56.61090566369909,49.540730037703746,63.36467361450195
201304B,2013,2013-11-21 00:00:00,EMBC,15.43,83.83,69.8,50.0,50.0,2,55.95424270629883,59.41966890875386,49.540730037703746,57.378662109375
201304B,2013,2013-11-21 18:00:00,CRVBND,16.13,82.46,74.6,55.0,55.0,2,35.25473403930664,34.2386188524888,49.540730037703746,42.595638275146484
201304B,2013,2013-11-22 00:00:00,IRRCDO,16.07,82.56,59.0,55.0,55.0,2,45.27745056152344,46.43130083861487,49.540730037703746,58.807979583740234
201304B,2013,2013-11-22 06:00:00,CRVBND,16.22,81.38,53.0,55.0,55.0,2,39.259857177734375,39.11087006640657,49.540730037703746,46.91069030761719
201305B,2013,2013-11-23 19:00:00,EMBC,9.45,95.67,49.0,31.09090909087865,31.09090909087865,2,31.122404098510742,29.211619962698013,49.540730037703746,62.780174255371094
201305B,2013,2013-11-25 07:00:00,EMBC,12.33,91.2,59.0,56.36363636364482,56.36363636364482,2,42.06681823730469,42.525551452527495,49.540730037703746,76.62925720214844
201305B,2013,2013-11-26 01:30:00,EMBC,12.41,90.59,63.0,70.0,70.0,2,34.793312072753906,33.67729685090174,49.540730037703746,80.17945098876953
201305B,2013,2013-11-26 06:00:00,EMBC,12.67,90.05,65.0,70.0,70.0,2,31.2410888671875,29.356000544336233,49.540730037703746,78.27642822265625
201305B,2013,2013-11-27 06:30:00,EMBC,13.87,86.1,79.6,69.4999999999693,69.4999999999693,2,31.387248992919922,29.53380502759757,49.540730037703746,77.730224609375
201305B,2013,2013-11-27 12:30:00,CRVBND,14.2,85.91,79.6,55.0,55.0,2,60.11701202392578,64.48369744422347,49.540730037703746,48.414703369140625
201305B,2013,2013-11-27 18:00:00,CRVBND,15.9,83.7,79.6,45.0,45.0,2,57.27546691894531,61.02694440352216,49.540730037703746,36.66737365722656
201305B,2013,2013-11-28 00:00:00,CRVBND,14.67,82.61,63.0,30.0,30.0,2,45.65413284301758,46.88953661310634,49.540730037703746,31.47419548034668
201305B,2013,2013-11-28 06:00:00,SHEAR,15.08,81.92,51.0,30.0,30.0,2,29.878568649291992,27.698488264143283,49.540730037703746,34.8616943359375
201305B,2013,2013-11-28 12:00:00,CRVBND,15.4,80.94,39.0,20.0,20.0,2,30.474517822265625,28.42346324770744,49.540730037703746,29.445823669433594
201306B,2013,2013-12-06 03:00:00,CRVBND,9.8,83.7,37.0,25.0,25.0,3,32.68153381347656,24.492845124566294,50.69363147943891,54.4999885559082
201306B,2013,2013-12-06 09:00:00,CRVBND,10.2,83.6,47.0,25.0,25.0,3,39.097412109375,34.23163306310553,50.69363147943891,53.85039520263672
201306B,2013,2013-12-07 08:30:00,EMBC,10.48,84.3,55.0,54.00000000012278,54.00000000012278,3,49.30149841308594,49.72061649377978,50.69363147943891,53.2995491027832
201306B,2013,2013-12-07 14:00:00,EMBC,11.19,84.65,57.0,55.0,55.0,3,45.537742614746094,44.007537491655974,50.69363147943891,57.505531311035156
201306B,2013,2013-12-08 02:30:00,EMBC,12.02,84.76,59.0,60.0,60.0,3,49.5697135925293,50.12774559349571,50.69363147943891,59.698638916015625
201306B,2013,2013-12-08 09:00:00,EMBC,13.65,84.14,59.0,65.0,65.0,3,44.52898406982422,42.47632304258142,50.69363147943891,56.71697235107422
201306B,2013,2013-12-08 15:00:00,EMBC,13.65,85.57,63.0,65.0,65.0,3,42.569664001464844,39.502232548739826,50.69363147943891,49.89699172973633
201306B,2013,2013-12-08 20:00:00,EMBC,13.71,84.96,67.4,65.0,65.0,3,52.806732177734375,55.04127981289879,50.69363147943891,56.20233154296875
201306B,2013,2013-12-09 14:00:00,EMBC,14.66,84.79,84.8,60.0,60.0,3,45.60211181640625,44.105244769729204,50.69363147943891,64.7662582397461
201306B,2013,2013-12-10 03:00:00,EYE,15.25,85.46,90.0,65.0,65.0,3,74.18653869628906,87.49410891103024,50.69363147943891,69.91949462890625
201306B,2013,2013-12-10 09:00:00,EMBC,15.5,85.2,104.6,65.0,65.0,3,43.7198371887207,41.248103066645285,50.69363147943891,65.25704193115234
201306B,2013,2013-12-10 15:00:00,CRVBND,15.0,84.8,92.4,55.0,55.0,3,34.85005187988281,27.784481376943845,50.69363147943891,34.21124267578125
201306B,2013,2013-12-10 21:00:00,SHEAR,14.55,84.45,69.8,45.0,45.0,3,29.86919403076172,20.223939217718506,50.69363147943891,26.044517517089844
201306B,2013,2013-12-11 03:00:00,SHEAR,14.2,83.9,51.0,30.0,30.0,3,24.6091365814209,12.239594490292475,50.69363147943891,26.13739585876465
201306B,2013,2013-12-11 09:00:00,CRVBND,13.6,83.3,41.0,30.0,30.0,3,25.4233341217041,13.475480961201288,50.69363147943891,36.59651565551758
201306B,2013,2013-12-11 15:30:00,CRVBND,13.05,82.64,43.0,27.699999999981586,27.699999999981586,3,26.62221336364746,15.29528335811818,50.69363147943891,41.47474670410156
201306B,2013,2013-12-11 21:00:00,SHEAR,12.6,82.3,41.0,25.0,25.0,3,25.848207473754883,14.120404584363541,50.69363147943891,30.666011810302734
201306B,2013,2013-12-12 03:00:00,SHEAR,11.9,81.5,28.0,25.0,25.0,3,22.644512176513672,9.257452439608356,50.69363147943891,28.92992401123047
201306B,2013,2013-12-12 08:00:00,IRRCDO,11.35,80.77,32.0,25.0,25.0,3,29.477312088012695,19.629093904051118,50.69363147943891,50.98596954345703
201306B,2013,2013-12-12 15:00:00,SHEAR,10.58,79.75,34.0,23.0,23.0,3,24.187822341918945,11.600073314116257,50.69363147943891,35.630184173583984
201401B,2014,2014-01-04 07:30:00,CRVBND,8.99,83.19,35.0,25.0,25.0,1,31.968523025512695,26.319947581442086,48.893103305784514,37.74150466918945
201401B,2014,2014-01-04 12:00:00,CRVBND,9.05,82.95,35.0,25.0,25.0,1,32.3159294128418,26.775539929014776,48.893103305784514,31.073760986328125
201401B,2014,2014-01-04 18:00:00,CRVBND,9.15,82.76,32.0,25.0,25.0,1,31.927820205688477,26.266569480425837,48.893103305784514,26.27224349975586
201401B,2014,2014-01-05 00:00:00,CRVBND,9.43,82.04,35.0,25.0,25.0,1,34.44765090942383,29.57110165850868,48.893103305784514,35.34070587158203
201401B,2014,2014-01-05 06:00:00,CRVBND,9.3,81.49,34.0,25.0,25.0,1,30.32455062866211,24.164025091403527,48.893103305784514,29.62961196899414
201401B,2014,2014-01-05 12:00:00,CRVBND,9.26,81.4,33.0,25.0,25.0,1,30.375247955322266,24.230510092575596,48.893103305784514,31.156986236572266
201401B,2014,2014-01-05 18:00:00,CRVBND,9.16,81.26,33.0,25.0,25.0,1,30.300575256347656,24.132583538930504,48.893103305784514,32.57635498046875
201401B,2014,2014-01-06 00:00:00,CRVBND,9.28,80.82,33.0,25.0,25.0,1,29.783992767333984,23.455131893052357,48.893103305784514,43.22488784790039
201402A,2014,2014-06-10 03:00:00,IRRCDO,15.3,68.7,39.0,35.34,35.34,1,34.12675857543945,29.150280116101264,48.893103305784514,32.41676712036133
201402A,2014,2014-06-10 20:00:00,EMBC,16.56,67.67,57.0,31.90909090906554,31.90909090906554,1,58.248680114746094,60.78401876594996,48.893103305784514,56.225830078125
201402A,2014,2014-06-11 03:00:00,EMBC,17.25,66.85,59.0,35.0,35.0,1,65.146240234375,69.82955080577567,48.893103305784514,59.15581512451172
201402A,2014,2014-06-11 09:30:00,EMBC,16.57,66.2,57.0,45.0,45.0,1,55.045249938964844,56.58300713432786,48.893103305784514,67.60462951660156
201402A,2014,2014-06-12 03:30:00,EMBC,18.47,63.65,67.4,45.0,45.0,1,63.212921142578125,67.2941760522757,48.893103305784514,71.27166748046875
201402A,2014,2014-06-12 15:00:00,EMBC,18.3,63.4,74.6,45.0,45.0,1,57.93411636352539,60.37149659276335,48.893103305784514,48.653892517089844
201402A,2014,2014-06-13 09:00:00,SHEAR,21.4,64.3,63.0,30.0,30.0,1,38.19297790527344,34.48276241289214,48.893103305784514,36.92452621459961
201402A,2014,2014-06-13 15:00:00,SHEAR,21.66,64.41,47.0,25.0,25.0,1,33.56009292602539,28.407148893068253,48.893103305784514,30.332683563232422
201402A,2014,2014-06-13 21:00:00,SHEAR,21.93,64.6,32.0,25.0,25.0,1,30.46639060974121,24.35003551699273,48.893103305784514,29.423961639404297
201402A,2014,2014-06-14 02:30:00,SHEAR,22.13,64.8,27.0,17.56600000005071,17.56600000005071,1,30.325895309448242,24.165788519764185,48.893103305784514,32.02959060668945
201403B,2014,2014-10-08 10:30:00,EMBC,12.89,91.35,55.0,40.0,40.0,1,41.00996017456055,38.17698224287869,48.893103305784514,55.45603942871094
201403B,2014,2014-10-09 01:30:00,EMBC,13.7,89.06,72.2,50.45454545457928,50.45454545457928,1,45.75713348388672,44.402474666774445,48.893103305784514,69.05496215820312
201403B,2014,2014-10-09 05:00:00,EMBC,13.92,88.68,77.0,55.0,55.0,1,39.32648849487305,35.96925998273958,48.893103305784514,67.28711700439453
201403B,2014,2014-10-10 18:00:00,EMBC,15.62,86.48,82.2,75.0,75.0,1,65.8678970336914,70.7759390338968,48.893103305784514,71.88009643554688
201403B,2014,2014-10-11 06:00:00,EYE,16.07,85.22,115.0,90.0,90.0,1,98.58065032958984,113.6757837495501,48.893103305784514,67.30308532714844
201403B,2014,2014-10-11 12:00:00,EYE,16.26,84.88,127.0,95.0,95.0,1,96.40161895751953,110.8181793575629,48.893103305784514,64.68651580810547
201403B,2014,2014-10-11 17:00:00,EYE,16.46,84.79,132.2,98.18181818180972,98.18181818180972,1,97.84959411621094,112.71706903212213,48.893103305784514,65.04374694824219
201403B,2014,2014-10-11 23:30:00,EYE,17.2,84.24,124.6,100.0,100.0,1,94.3577880859375,108.13787830730183,48.893103305784514,68.09367370605469
201403B,2014,2014-10-12 06:00:00,EYE,17.52,83.45,122.2,100.0,100.0,1,105.47283935546875,122.71427208120046,48.893103305784514,66.95441436767578
201404A,2014,2014-10-25 18:00:00,CRVBND,13.75,62.72,39.0,25.0,25.0,0,33.57807159423828,31.25022870612357,47.71526680016013,38.49737548828125
201404A,2014,2014-10-25 23:30:00,CRVBND,14.03,63.03,49.0,25.0,25.0,0,39.670143127441406,38.498121746629245,47.71526680016013,54.584693908691406
201404A,2014,2014-10-26 06:00:00,EMBC,14.48,62.81,57.0,35.0,35.0,0,46.96968460083008,47.18257260304244,47.71526680016013,61.5242805480957
201404A,2014,2014-10-26 13:30:00,EMBC,14.29,62.9,72.2,40.0,40.0,0,50.98143005371094,51.9554485927187,47.71526680016013,58.252655029296875
201404A,2014,2014-10-26 18:00:00,CRVBND,14.55,62.7,77.0,45.0,45.0,0,57.07247543334961,59.2021207921299,47.71526680016013,49.23668670654297
201404A,2014,2014-10-27 00:00:00,EYE,14.9,62.89,90.0,55.0,55.0,0,67.71044158935547,71.85838072719835,47.71526680016013,56.254730224609375
201404A,2014,2014-10-27 05:00:00,EYE,14.97,62.57,102.0,63.63636363635518,63.63636363635518,0,65.46835327148438,69.19091101238482,47.71526680016013,65.10346984863281
201404A,2014,2014-10-27 12:30:00,EMBC,15.36,62.16,82.2,70.0,70.0,0,60.511070251464844,63.29310483844367,47.71526680016013,62.53709030151367
201404A,2014,2014-10-27 18:30:00,EYE,15.48,62.14,92.4,70.90909090906554,70.90909090906554,0,71.05619812011719,75.83891269278152,47.71526680016013,60.59365463256836
201404A,2014,2014-10-28 01:00:00,EMBC,15.81,61.72,87.4,75.0,75.0,0,54.09748458862305,55.66269822928869,47.71526680016013,60.49312210083008
201404A,2014,2014-10-28 06:00:00,EYE,16.12,61.47,69.8,80.0,80.0,0,82.38298034667969,89.314674693242,47.71526680016013,76.28208923339844
201404A,2014,2014-10-28 12:00:00,EYE,16.8,61.8,99.6,100.0,100.0,0,100.16932678222656,110.47554515308741,47.71526680016013,73.95709228515625
201404A,2014,2014-10-28 18:30:00,EMBC,17.73,61.45,117.4,110.0,110.0,0,75.2953872680664,80.88238425337454,47.71526680016013,73.17745971679688
201404A,2014,2014-10-29 00:00:00,EMBC,18.56,62.01,109.8,105.0,105.0,0,82.5206069946289,89.47841263007065,47.71526680016013,69.76801300048828
201404A,2014,2014-10-29 12:30:00,EMBC,19.84,62.57,74.6,78.99999999993861,78.99999999993861,0,50.224281311035156,51.054649402696384,47.71526680016013,62.46596145629883
201404A,2014,2014-10-29 18:00:00,CRVBND,19.75,62.8,61.0,70.0,70.0,0,53.52842330932617,54.98567149653322,47.71526680016013,35.583248138427734
201404A,2014,2014-10-30 00:00:00,IRRCDO,19.5,63.79,51.0,60.0,60.0,0,52.46241760253906,53.71741729084118,47.71526680016013,43.81111526489258
201404A,2014,2014-10-30 12:00:00,CRVBND,20.43,64.58,49.0,40.0,40.0,0,51.46892547607422,52.53543434301199,47.71526680016013,43.94758987426758
201404A,2014,2014-10-30 18:00:00,SHEAR,20.72,65.06,35.0,35.0,35.0,0,37.78889465332031,36.25995240657308,47.71526680016013,28.876134872436523
201404A,2014,2014-10-31 00:00:00,SHEAR,21.2,65.5,30.0,25.0,25.0,0,24.377595901489258,20.304187875943796,47.71526680016013,28.54944610595703
201404A,2014,2014-10-31 05:30:00,SHEAR,21.18,65.47,25.0,23.757272727258574,23.757272727258574,0,24.945676803588867,20.98004822891754,47.71526680016013,19.596477508544922
201405B,2014,2014-11-06 05:00:00,EMBC,13.96,87.0,41.0,30.0,30.0,3,41.74915313720703,38.256762959115164,50.69363147943891,56.14705276489258
201405B,2014,2014-11-06 12:00:00,CRVBND,13.86,88.01,49.0,30.0,30.0,3,34.84991455078125,27.78427292239776,50.69363147943891,32.49729919433594
201405B,2014,2014-11-06 18:00:00,CRVBND,13.35,87.7,37.0,30.0,30.0,3,34.38220977783203,27.074334642473257,50.69363147943891,23.90778350830078
201405B,2014,2014-11-07 06:00:00,CRVBND,13.3,87.1,33.0,25.0,25.0,3,30.86556053161621,21.736343539210935,50.69363147943891,31.72879409790039
201405B,2014,2014-11-07 12:00:00,CRVBND,14.27,87.11,33.0,25.0,25.0,3,27.18440818786621,16.148649946557192,50.69363147943891,34.12554931640625
201405B,2014,2014-11-07 18:00:00,SHEAR,14.34,87.12,33.0,25.0,25.0,3,24.899097442626953,12.679731788340542,50.69363147943891,33.62474060058594
201405B,2014,2014-11-08 00:00:00,SHEAR,14.57,86.7,28.0,25.0,25.0,3,23.965200424194336,11.262151123700502,50.69363147943891,28.351276397705078
201405B,2014,2014-11-08 05:30:00,SHEAR,14.6,86.15,25.0,18.6,18.6,3,27.89252281188965,17.223511071019498,50.69363147943891,30.406770706176758
201501A,2015,2015-06-07 09:00:00,CRVBND,15.8,68.4,35.0,25.0,25.0,4,38.94154357910156,30.265973265694484,49.12199992680404,56.025943756103516
201501A,2015,2015-06-07 15:00:00,CRVBND,16.3,68.5,34.0,25.0,25.0,4,37.27290344238281,27.478506829103548,49.12199992680404,24.957429885864258
201501A,2015,2015-06-07 21:00:00,IRRCDO,16.9,68.1,41.0,28.0,28.0,4,41.769081115722656,34.9893799536284,49.12199992680404,36.284645080566406
201501A,2015,2015-06-08 03:00:00,EMBC,18.0,67.5,51.0,35.0,35.0,4,56.0079231262207,58.77539188441662,49.12199992680404,49.859092712402344
201501A,2015,2015-06-08 21:00:00,IRRCDO,19.6,65.5,49.0,35.0,35.0,4,47.26622009277344,44.172360788511426,49.12199992680404,34.11243438720703
201501A,2015,2015-06-09 03:00:00,IRRCDO,20.4,64.8,47.0,35.0,35.0,4,36.952186584472656,26.942748724404343,49.12199992680404,40.92229461669922
201501A,2015,2015-06-09 15:00:00,CRVBND,21.2,62.5,53.0,40.0,40.0,4,46.199005126953125,42.3895762129819,49.12199992680404,51.505950927734375
201501A,2015,2015-06-09 21:00:00,IRRCDO,21.1,62.5,59.0,45.0,45.0,4,43.96742248535156,38.66171328012968,49.12199992680404,49.6214485168457
201501A,2015,2015-06-10 03:00:00,EMBC,21.2,61.6,69.8,45.0,45.0,4,55.94148635864258,58.66440914122085,49.12199992680404,74.41441345214844
201501A,2015,2015-06-10 21:00:00,SHEAR,20.6,61.1,74.6,45.0,45.0,4,27.69725227355957,11.48236382964,49.12199992680404,34.705535888671875
201501A,2015,2015-06-11 03:00:00,CRVBND,20.6,60.8,55.0,40.0,40.0,4,39.74058151245117,31.60076761215843,49.12199992680404,60.459842681884766
201501A,2015,2015-06-11 09:00:00,EMBC,20.8,60.5,55.0,35.0,35.0,4,67.14494323730469,77.37980459159898,49.12199992680404,79.43911743164062
201501A,2015,2015-06-11 15:00:00,CRVBND,20.8,59.8,55.0,35.0,35.0,4,60.38307189941406,66.08408600725495,49.12199992680404,63.57958221435547
201501A,2015,2015-06-11 21:00:00,CRVBND,20.85,59.83,41.0,28.0,28.0,4,32.83864212036133,20.071065084046463,49.12199992680404,40.489803314208984
201502B,2015,2015-07-29 01:00:00,CRVBND,21.23,91.24,35.0,30.0,30.0,3,36.68228530883789,30.565664559596062,50.69363147943891,38.00659942626953
201502B,2015,2015-07-29 06:00:00,CRVBND,21.41,91.38,35.0,30.0,30.0,3,36.658843994140625,30.530082526660184,50.69363147943891,31.4693546295166
201502B,2015,2015-07-29 12:00:00,CRVBND,21.44,91.46,35.0,30.0,30.0,3,36.112403869628906,29.700630306980354,50.69363147943891,35.03643035888672
201502B,2015,2015-07-29 18:00:00,CRVBND,21.62,91.21,41.0,35.0,35.0,3,35.826786041259766,29.26708538395222,50.69363147943891,33.86497497558594
201502B,2015,2015-07-30 00:00:00,CRVBND,21.96,91.19,41.0,35.0,35.0,3,37.0377197265625,31.10518545769212,50.69363147943891,26.75364875793457
201502B,2015,2015-07-30 06:00:00,CRVBND,22.31,91.05,37.0,40.0,40.0,3,36.48109436035156,30.26027285917766,50.69363147943891,38.89254379272461
201503A,2015,2015-10-09 21:00:00,CRVBND,15.0,69.8,37.0,30.0,30.0,2,22.59147071838379,18.833699214550414,49.540730037703746,36.95194625854492
201503A,2015,2015-10-10 03:30:00,IRRCDO,15.02,69.49,45.0,30.0,30.0,2,23.89559555053711,20.420173232189153,49.540730037703746,50.468021392822266
201503A,2015,2015-10-10 09:00:00,CRVBND,15.0,69.1,47.0,30.0,30.0,2,25.480121612548828,22.347756670273313,49.540730037703746,48.11347579956055
201503A,2015,2015-10-10 15:00:00,CRVBND,15.3,69.4,35.0,30.0,30.0,2,27.7479190826416,25.106543003348882,49.540730037703746,37.002952575683594
201503A,2015,2015-10-10 21:00:00,CRVBND,15.7,69.5,33.0,30.0,30.0,2,26.252649307250977,23.2875402594928,49.540730037703746,27.454315185546875
201503A,2015,2015-10-11 03:00:00,CRVBND,15.9,69.7,32.0,25.0,25.0,2,20.335813522338867,16.089681582192032,49.540730037703746,25.214340209960938
201503A,2015,2015-10-11 09:00:00,CRVBND,16.0,69.3,35.0,25.0,25.0,2,24.0595645904541,20.619642343666737,49.540730037703746,45.516075134277344
201503A,2015,2015-10-11 15:00:00,CRVBND,16.2,69.11,39.0,25.0,25.0,2,27.8243465423584,25.199517369057897,49.540730037703746,36.68649673461914
201503A,2015,2015-10-11 21:00:00,CRVBND,16.4,68.86,34.0,23.0,23.0,2,21.18897247314453,17.127553475279324,49.540730037703746,27.706214904785156
201504A,2015,2015-10-28 20:30:00,EMBC,13.57,64.53,37.0,32.45454545456067,32.45454545456067,2,44.585113525390625,45.58906956428193,49.540730037703746,58.935203552246094
201504A,2015,2015-10-29 03:00:00,CRVBND,13.7,64.0,53.0,40.0,40.0,2,41.97798538208008,42.41748586459309,49.540730037703746,52.06651306152344
201504A,2015,2015-10-29 09:00:00,EMBC,13.85,63.45,65.0,50.0,50.0,2,52.38017272949219,55.07179590179327,49.540730037703746,56.11456298828125
201504A,2015,2015-10-29 15:00:00,EYE,14.25,62.75,77.0,60.0,60.0,2,69.83655548095703,76.30756796467826,49.540730037703746,59.3341178894043
201504A,2015,2015-10-29 21:30:00,EMBC,14.06,62.1,82.2,77.72727272719662,77.72727272719662,2,60.75255584716797,65.25683950684311,49.540730037703746,64.71035766601562
201504A,2015,2015-10-30 03:00:00,EYE,14.15,61.45,109.8,105.0,105.0,2,101.04338073730469,114.2708182774884,49.540730037703746,73.90027618408203
201504A,2015,2015-10-30 15:00:00,EYE,13.86,60.37,124.6,115.0,115.0,2,90.39152526855469,101.31278579150911,49.540730037703746,64.60358428955078
201504A,2015,2015-10-31 03:00:00,EYE,13.85,59.25,102.0,110.0,110.0,2,70.72947692871094,77.39381112309961,49.540730037703746,72.85616302490234
201504A,2015,2015-10-31 09:00:00,EYE,13.9,58.3,104.6,105.0,105.0,2,90.7279052734375,101.72199365615703,49.540730037703746,72.70452880859375
201504A,2015,2015-10-31 15:00:00,EYE,13.65,57.55,112.4,105.0,105.0,2,98.202880859375,110.81533676043094,49.540730037703746,68.83154296875
201504A,2015,2015-10-31 21:00:00,EYE,13.65,56.75,112.4,105.0,105.0,2,87.58321380615234,97.89646163396515,49.540730037703746,71.49773406982422
201504A,2015,2015-11-01 04:00:00,EYE,13.55,55.92,112.4,103.1818181817759,103.1818181817759,2,94.6109390258789,106.44572255539964,49.540730037703746,76.50921630859375
201504A,2015,2015-11-01 09:00:00,EYE,13.65,55.04,119.8,100.0,100.0,2,107.62725067138672,122.28012714762734,49.540730037703746,73.4210205078125
201504A,2015,2015-11-01 15:00:00,EYE,13.55,54.05,117.4,100.0,100.0,2,112.46369934082031,128.16368979632767,49.540730037703746,66.8726806640625
201504A,2015,2015-11-01 21:00:00,EYE,13.15,53.05,119.8,100.0,100.0,2,119.01888275146484,136.1381013752197,49.540730037703746,60.861785888671875
201504A,2015,2015-11-02 03:00:00,EYE,13.25,52.15,117.4,95.0,95.0,2,97.41974639892578,109.86264999058486,49.540730037703746,63.58079528808594
201504A,2015,2015-11-02 09:00:00,EYE,13.35,50.94,112.4,90.0,90.0,2,96.3755874633789,108.59242571397535,49.540730037703746,63.723209381103516
201504A,2015,2015-11-02 15:00:00,EYE,13.55,50.04,92.4,85.0,85.0,2,90.73656463623047,101.73252781189247,49.540730037703746,57.392005920410156
201504A,2015,2015-11-03 03:30:00,CRVBND,13.47,48.08,72.2,53.18181818186892,53.18181818186892,2,37.27533721923828,36.69669216409559,49.540730037703746,43.20750427246094
201505A,2015,2015-11-05 08:00:00,CRVBND,14.03,64.64,37.0,31.90909090908584,31.90909090908584,0,29.814821243286133,26.772993683571972,47.71526680016013,53.656272888183594
201505A,2015,2015-11-05 14:30:00,CRVBND,13.82,63.57,53.0,39.09090909093446,39.09090909093446,0,36.17247009277344,34.33685083774921,47.71526680016013,53.661075592041016
201505A,2015,2015-11-06 09:00:00,CRVBND,13.0,61.4,53.0,45.0,45.0,0,28.215211868286133,24.86989757030387,47.71526680016013,53.32737350463867
201505A,2015,2015-11-06 15:00:00,CRVBND,12.9,60.4,45.0,45.0,45.0,0,34.8661994934082,32.78274735512341,47.71526680016013,47.546627044677734
201505A,2015,2015-11-07 09:00:00,EMBC,12.8,58.7,69.8,55.0,55.0,0,71.08428955078125,75.87233378504844,47.71526680016013,62.537353515625
201505A,2015,2015-11-07 21:00:00,EYE,12.8,56.7,77.0,80.0,80.0,0,56.28325271606445,58.26316237563007,47.71526680016013,44.999759674072266
201505A,2015,2015-11-08 03:00:00,EYE,12.65,55.55,82.2,90.0,90.0,0,80.27201080322266,86.803200331959,47.71526680016013,61.801151275634766
201505A,2015,2015-11-08 08:00:00,EYE,12.65,54.34,104.6,95.0,95.0,0,76.83321380615234,82.7119757481805,47.71526680016013,52.659671783447266
201505A,2015,2015-11-09 03:30:00,EMBC,12.25,49.84,69.8,80.0,80.0,0,38.28303909301758,36.847848662545516,47.71526680016013,63.78371810913086
201505A,2015,2015-11-09 09:00:00,IRRCDO,12.3,49.1,61.0,75.0,75.0,0,42.106327056884766,41.396511966010074,47.71526680016013,48.569976806640625
201505A,2015,2015-11-09 15:00:00,CRVBND,12.5,47.5,51.0,65.0,65.0,0,37.99186706542969,36.5014338673741,47.71526680016013,42.92543411254883
201505A,2015,2015-11-09 21:00:00,SHEAR,12.9,46.5,35.0,60.0,60.0,0,34.975067138671875,32.91226997220732,47.71526680016013,33.0963020324707
201601B,2016,2016-05-19 15:00:00,IRRCDO,15.7,83.3,57.0,40.0,40.0,4,36.71418762207031,26.545171017239422,49.12199992680404,38.437740325927734
201601B,2016,2016-05-19 21:00:00,CRVBND,16.7,84.0,47.0,40.0,40.0,4,39.282196044921875,30.835033840303034,49.12199992680404,38.67018127441406
201601B,2016,2016-05-20 10:00:00,EMBC,18.93,86.4,57.0,40.0,40.0,4,58.62245559692383,63.14297321551972,49.12199992680404,65.87863159179688
201601B,2016,2016-05-20 15:00:00,CRVBND,19.2,87.6,57.0,40.0,40.0,4,37.03114700317383,27.07465224997906,49.12199992680404,40.78834533691406
201602A,2016,2016-06-27 09:00:00,CRVBND,21.8,64.4,49.0,25.0,25.0,0,31.02041244506836,28.20731631643475,47.71526680016013,50.729087829589844
201602A,2016,2016-06-27 15:00:00,IRRCDO,21.7,63.8,49.0,25.0,25.0,0,34.0291862487793,31.786931328096692,47.71526680016013,29.63864517211914
201602A,2016,2016-06-28 03:00:00,CRVBND,21.2,62.2,37.0,25.0,25.0,0,25.67096519470215,21.84294234525526,47.71526680016013,28.40384864807129
201602A,2016,2016-06-28 09:00:00,CRVBND,20.8,63.4,32.0,25.0,25.0,0,27.114479064941406,23.560327651215307,47.71526680016013,34.32893371582031
201602A,2016,2016-06-28 15:00:00,SHEAR,20.4,63.3,33.0,25.0,25.0,0,25.074731826782227,21.133588284930905,47.71526680016013,20.57117462158203
201602A,2016,2016-06-28 21:00:00,SHEAR,20.3,63.2,33.0,25.0,25.0,0,25.37761116027832,21.493931560842032,47.71526680016013,22.624217987060547
201603B,2016,2016-10-25 04:30:00,EMBC,16.62,90.88,45.0,35.0,35.0,3,49.01572036743164,49.28682837378121,50.69363147943891,76.21228790283203
201603B,2016,2016-10-25 11:30:00,EMBC,16.72,90.36,57.0,35.0,35.0,3,47.64360809326172,47.20407214778636,50.69363147943891,76.96861267089844
201603B,2016,2016-10-25 17:30:00,IRRCDO,16.62,90.09,57.0,35.0,35.0,3,48.80232620239258,48.96291317078155,50.69363147943891,45.68248748779297
201603B,2016,2016-10-26 12:00:00,CRVBND,16.36,86.53,57.0,40.0,40.0,3,46.611366271972656,45.63721197133129,50.69363147943891,60.94623947143555
201603B,2016,2016-10-26 18:00:00,CRVBND,15.64,85.27,49.0,35.0,35.0,3,37.56007385253906,31.898077066150286,50.69363147943891,41.24502944946289
201603B,2016,2016-10-27 00:00:00,IRRCDO,15.68,85.27,41.0,30.0,30.0,3,33.3131103515625,25.45152758201063,50.69363147943891,28.320335388183594
201603B,2016,2016-10-27 04:30:00,CRVBND,15.48,84.55,43.0,30.0,30.0,3,32.65000534057617,24.44498743502764,50.69363147943891,47.9528694152832
201604B,2016,2016-11-30 03:30:00,IRRCDO,8.95,85.23,51.0,35.0,35.0,2,32.87884521484375,31.348338876311264,49.540730037703746,44.03741455078125
201604B,2016,2016-11-30 09:00:00,CRVBND,9.5,84.5,51.0,35.0,35.0,2,25.87501335144043,22.82814433569126,49.540730037703746,39.54280471801758
201604B,2016,2016-11-30 15:00:00,CRVBND,10.1,83.5,37.0,40.0,40.0,2,26.883739471435547,24.055264424834423,49.540730037703746,35.81108093261719
201604B,2016,2016-11-30 21:00:00,SHEAR,10.2,82.3,33.0,40.0,40.0,2,24.744667053222656,21.453072725333485,49.540730037703746,26.55128288269043
201604B,2016,2016-12-01 03:00:00,SHEAR,10.3,81.4,34.0,30.0,30.0,2,24.657514572143555,21.347051320483423,49.540730037703746,28.81015396118164
201604B,2016,2016-12-01 09:00:00,SHEAR,10.4,80.9,25.0,30.0,30.0,2,31.930334091186523,30.194470614605926,49.540730037703746,27.15005111694336
201604B,2016,2016-12-01 15:00:00,SHEAR,10.6,80.4,25.0,28.0,28.0,2,33.67504119873047,32.31691505110807,49.540730037703746,24.223159790039062
201604B,2016,2016-12-01 21:00:00,SHEAR,10.75,79.7,25.0,25.0,25.0,2,27.736404418945312,25.0925353605791,49.540730037703746,24.595632553100586
201605B,2016,2016-12-07 15:00:00,CRVBND,10.9,91.7,39.0,28.0,28.0,4,41.79521560668945,35.033037669156315,49.12199992680404,69.61336517333984
201605B,2016,2016-12-07 20:30:00,IRRCDO,11.17,92.0,51.0,32.45454545456067,32.45454545456067,4,40.1821174621582,32.33835423330783,49.12199992680404,65.94577026367188
201605B,2016,2016-12-08 03:30:00,CRVBND,11.63,92.1,55.0,35.0,35.0,4,33.23827362060547,20.738650244814284,49.12199992680404,60.975242614746094
201605B,2016,2016-12-08 09:00:00,CRVBND,11.4,91.9,53.0,35.0,35.0,4,38.15829849243164,28.957560898837244,49.12199992680404,40.54489517211914
201605B,2016,2016-12-08 15:00:00,CRVBND,11.7,91.6,41.0,40.0,40.0,4,39.767578125,31.64586550338469,49.12199992680404,23.541494369506836
201605B,2016,2016-12-08 20:30:00,IRRCDO,11.88,91.33,53.0,40.0,40.0,4,55.600521087646484,58.094826024987235,49.12199992680404,39.006893157958984
201605B,2016,2016-12-09 09:00:00,IRRCDO,11.9,90.5,49.0,45.0,45.0,4,40.298465728759766,32.53271422799496,49.12199992680404,39.040714263916016
201605B,2016,2016-12-10 02:30:00,EMBC,12.82,87.52,65.0,55.0,55.0,4,70.31559753417969,82.67638846255352,49.12199992680404,77.67898559570312
201605B,2016,2016-12-10 15:00:00,EMBC,13.3,85.8,63.0,65.0,65.0,4,58.88619613647461,63.583552274951806,49.12199992680404,72.63044738769531
201605B,2016,2016-12-10 21:00:00,EMBC,13.35,83.72,63.0,65.0,65.0,4,52.99403762817383,53.74069058204119,49.12199992680404,67.21388244628906
201605B,2016,2016-12-11 21:00:00,EYE,13.2,82.0,74.6,70.0,70.0,4,72.98866271972656,87.14174880213135,49.12199992680404,71.7425537109375
201605B,2016,2016-12-12 04:00:00,EYE,13.25,80.82,67.4,70.0,70.0,4,54.297576904296875,55.918255355303906,49.12199992680404,67.66759490966797
201701B,2017,2017-04-15 21:10:00,IRRCDO,15.83,91.72,53.0,40.0,40.0,3,41.993324279785156,38.62739514205407,50.69363147943891,47.04823303222656
201701B,2017,2017-04-16 03:00:00,IRRCDO,16.8,92.7,51.0,40.0,40.0,3,38.9481201171875,34.00501980989503,50.69363147943891,49.90312194824219
201701B,2017,2017-04-16 09:10:00,IRRCDO,17.33,93.13,53.0,40.0,40.0,3,39.770179748535156,35.252840303567204,50.69363147943891,59.74470520019531
201701B,2017,2017-04-16 15:40:00,IRRCDO,18.61,93.99,53.0,40.0,40.0,3,38.161277770996094,32.810656326485514,50.69363147943891,43.44412612915039
201702B,2017,2017-05-28 07:00:00,EMBC,14.68,89.54,45.0,26.36363636361945,26.36363636361945,2,39.05638122558594,38.86334060961003,49.540730037703746,79.4654312133789
201702B,2017,2017-05-28 12:10:00,IRRCDO,15.41,90.82,49.0,30.454545454570823,30.454545454570823,2,43.83259582519531,44.673628227886326,49.540730037703746,44.62476348876953
201702B,2017,2017-05-28 18:10:00,IRRCDO,16.62,91.44,49.0,35.45454545457082,35.45454545457082,2,37.728919982910156,37.24847773835387,49.540730037703746,55.02024841308594
201702B,2017,2017-05-29 00:10:00,IRRCDO,17.11,91.05,51.0,45.0,45.0,2,45.23223876953125,46.376300480123064,49.540730037703746,67.35987854003906
201702B,2017,2017-05-29 13:10:00,IRRCDO,19.08,91.58,57.0,51.8181818182241,51.8181818182241,2,52.306556701660156,54.982241656250345,49.540730037703746,42.2706184387207
201702B,2017,2017-05-29 22:40:00,EYE,20.74,91.84,69.8,60.0,60.0,2,79.26626586914062,87.77885518801105,49.540730037703746,60.98386001586914
201703B,2017,2017-11-30 03:00:00,EMBC,7.7,76.9,51.0,35.0,35.0,3,54.3989143371582,57.458084448994654,50.69363147943891,73.51231384277344
201703A,2017,2017-11-30 08:30:00,EMBC,7.97,76.27,55.0,44.09090909093446,44.09090909093446,1,55.18576431274414,56.76727914472464,48.893103305784514,59.88302230834961
201703B,2017,2017-11-30 14:30:00,EYE,8.42,74.91,72.2,45.0,45.0,3,57.854148864746094,62.702852942126604,50.69363147943891,66.06968688964844
201703B,2017,2017-11-30 21:00:00,EMBC,8.7,74.3,79.6,45.0,45.0,3,53.509742736816406,56.10839337673161,50.69363147943891,71.65914154052734
201703B,2017,2017-12-01 03:00:00,EYE,8.9,73.8,84.8,55.0,55.0,3,52.941715240478516,55.24617326048805,50.69363147943891,62.050323486328125
201703B,2017,2017-12-01 09:30:00,EMBC,8.79,72.28,90.0,65.0,65.0,3,57.40935516357422,62.02769182897393,50.69363147943891,56.60265350341797
201703B,2017,2017-12-01 15:30:00,EYE,9.14,72.25,90.0,65.90909090906554,65.90909090906554,3,62.480255126953125,69.72491068558224,50.69363147943891,59.05207824707031
201703B,2017,2017-12-01 22:00:00,EYE,9.31,71.67,90.0,76.50000000002046,76.50000000002046,3,69.61575317382812,80.55602360722244,50.69363147943891,63.01249694824219
201703B,2017,2017-12-02 03:00:00,EYE,9.45,71.45,107.2,80.0,80.0,3,67.3102798461914,77.0565002683577,50.69363147943891,65.00900268554688
201703B,2017,2017-12-02 09:00:00,EYE,10.25,70.65,107.2,85.0,85.0,3,76.9532470703125,91.69375000453726,50.69363147943891,64.43787384033203
201703B,2017,2017-12-03 04:00:00,IRRCDO,12.22,69.04,67.4,78.50000000001023,78.50000000001023,3,63.505210876464844,71.28071119028671,50.69363147943891,69.43637084960938
201703B,2017,2017-12-03 14:30:00,EMBC,13.05,68.7,72.2,75.0,75.0,3,63.752655029296875,71.6563115399073,50.69363147943891,81.37088775634766
201703B,2017,2017-12-03 21:00:00,EMBC,14.0,68.7,79.6,75.0,75.0,3,68.3597640991211,78.64953307115454,50.69363147943891,75.39474487304688
201703B,2017,2017-12-04 04:00:00,EMBC,14.72,68.95,79.6,65.0,65.0,3,57.5673713684082,62.267547736264866,50.69363147943891,73.16934204101562
201703B,2017,2017-12-05 09:00:00,SHEAR,18.7,70.8,82.2,30.0,30.0,3,34.37674331665039,27.06603699345827,50.69363147943891,33.56892395019531
201703B,2017,2017-12-05 17:00:00,SHEAR,20.03,71.41,47.0,21.499999999989768,21.499999999989768,3,28.491012573242188,18.13197045886752,50.69363147943891,27.02364730834961
201704B,2017,2017-12-08 21:00:00,CRVBND,18.7,86.9,41.0,25.0,25.0,0,29.223739624023438,26.06976879015507,47.71526680016013,42.42155838012695
201704B,2017,2017-12-09 03:00:00,CRVBND,19.7,87.0,37.0,25.0,25.0,0,30.880699157714844,28.041095851432544,47.71526680016013,39.66345977783203
201704B,2017,2017-12-09 09:00:00,SHEAR,19.1,86.9,32.0,27.9,27.9,0,23.356403350830078,19.08924902622755,47.71526680016013,31.105117797851562
201704B,2017,2017-12-09 15:00:00,SHEAR,19.7,87.2,27.0,26.040000000000003,26.040000000000003,0,22.407094955444336,17.959832591323625,47.71526680016013,27.59617805480957
201704B,2017,2017-12-09 21:00:00,SHEAR,20.31,87.63,25.0,23.25,23.25,0,27.579702377319336,24.113815703626948,47.71526680016013,28.004398345947266
201704B,2017,2017-12-10 03:45:00,SHEAR,21.04,88.26,25.0,20.62909090908619,20.62909090908619,0,27.234468460083008,23.703082098079793,47.71526680016013,28.178789138793945
201801A,2018,2018-05-17 00:00:00,CRVBND,13.21,49.1,37.0,30.0,30.0,2,34.369075775146484,33.16121139121294,49.540730037703746,42.906375885009766
201801A,2018,2018-05-17 11:00:00,IRRCDO,13.05,48.47,49.0,38.1818181817759,38.1818181817759,2,55.05006790161133,58.31973598847368,49.540730037703746,52.18597412109375
201801A,2018,2018-05-17 18:00:00,CRVBND,12.7,47.54,47.0,40.0,40.0,2,29.54447364807129,27.2920601172423,49.540730037703746,50.80864715576172
201801A,2018,2018-05-18 00:00:00,EMBC,12.28,46.59,41.0,45.0,45.0,2,34.02513885498047,32.74281050343203,49.540730037703746,62.42197036743164
201801A,2018,2018-05-18 18:00:00,IRRCDO,11.3,45.1,67.4,45.0,45.0,2,36.3709716796875,35.596527213953394,49.540730037703746,46.53889846801758
201802A,2018,2018-05-22 06:00:00,CRVBND,9.37,56.87,35.0,30.0,30.0,1,32.506961822509766,27.026061816802205,48.893103305784514,39.785499572753906
201802A,2018,2018-05-22 12:00:00,CRVBND,10.02,56.99,34.0,35.0,35.0,1,36.266937255859375,31.95693268439114,48.893103305784514,46.801021575927734
201802A,2018,2018-05-23 19:00:00,EMBC,12.67,55.8,77.0,70.0,70.0,1,82.314453125,92.34412365114464,48.893103305784514,64.20014190673828
201802A,2018,2018-05-24 12:30:00,EMBC,14.35,55.26,77.0,80.0,80.0,1,64.47958374023438,68.95529054958071,48.893103305784514,56.328712463378906
201802A,2018,2018-05-24 16:45:00,EYE,14.8,54.78,69.8,80.0,80.0,1,81.78662109375,91.65191923864073,48.893103305784514,62.93619918823242
201802A,2018,2018-05-24 23:00:00,EMBC,15.34,54.51,63.0,83.1818181817759,83.1818181817759,1,81.9834976196289,91.91010516117576,48.893103305784514,60.812408447265625
201802A,2018,2018-05-25 19:00:00,EYE,16.81,53.77,99.6,93.63636363635518,93.63636363635518,1,89.24697875976562,101.43550983098113,48.893103305784514,72.25308227539062
201804B,2018,2018-09-20 18:15:00,CRVBND,19.14,85.3,35.0,35.0,35.0,4,36.60045623779297,26.35518252931804,49.12199992680404,21.401399612426758
201805A,2018,2018-10-08 06:00:00,CRVBND,12.76,61.73,45.0,40.0,40.0,2,41.050392150878906,41.28906431785482,49.540730037703746,63.01414489746094
201805A,2018,2018-10-08 12:00:00,CRVBND,12.53,61.05,47.0,45.0,45.0,2,49.159420013427734,51.15373501122743,49.540730037703746,56.24911117553711
201805A,2018,2018-10-08 23:00:00,EMBC,12.67,60.87,53.0,45.0,45.0,2,58.48189163208008,62.49456576494146,49.540730037703746,69.6683349609375
201805A,2018,2018-10-09 06:30:00,CRVBND,13.12,60.17,59.0,45.90909090906554,45.90909090906554,2,56.17547607421875,59.68880034570392,49.540730037703746,69.48604583740234
201805A,2018,2018-10-09 12:00:00,EMBC,13.43,59.67,53.0,55.0,55.0,2,64.03827667236328,69.25393440900815,49.540730037703746,66.31071472167969
201805A,2018,2018-10-09 17:30:00,CRVBND,13.59,59.33,59.0,55.0,55.0,2,55.07530212402344,58.35043353921814,49.540730037703746,59.406700134277344
201805A,2018,2018-10-10 05:30:00,EYE,14.26,58.94,77.0,73.18181818186892,73.18181818186892,2,71.66536712646484,78.5323259688355,49.540730037703746,62.118988037109375
201806B,2018,2018-10-10 06:00:00,EMBC,16.87,85.72,59.0,70.0,70.0,0,86.04168701171875,93.66753142354465,47.71526680016013,64.1517105102539
201805A,2018,2018-10-10 12:00:00,CRVBND,14.39,58.69,87.4,75.0,75.0,2,78.27162170410156,86.56886586358038,49.540730037703746,59.927947998046875
201806B,2018,2018-10-10 12:00:00,EYE,17.75,85.61,97.2,80.0,80.0,0,101.2048110961914,111.70748727849323,47.71526680016013,56.080902099609375
201805A,2018,2018-10-10 18:00:00,EYE,14.47,58.46,87.4,75.0,75.0,2,75.55905151367188,83.26901141557296,49.540730037703746,52.27537536621094
201806B,2018,2018-10-10 17:15:00,EMBC,18.14,85.19,97.2,80.0,80.0,0,87.98797607421875,95.98308121215473,47.71526680016013,69.03652954101562
201805A,2018,2018-10-10 23:45:00,CRVBND,14.54,58.1,84.8,75.0,75.0,2,40.92542266845703,41.13703835226325,49.540730037703746,45.2231330871582
201806B,2018,2018-10-10 23:15:00,EMBC,19.0,85.0,84.8,80.0,80.0,0,108.18437957763672,120.01125809712022,47.71526680016013,70.60371398925781
201805A,2018,2018-10-11 05:45:00,CRVBND,14.52,57.9,67.4,70.0,70.0,2,56.80796813964844,60.45822993053134,49.540730037703746,51.09325408935547
201805A,2018,2018-10-11 12:15:00,CRVBND,14.37,57.91,51.0,70.0,70.0,2,42.543846130371094,43.10585813742453,49.540730037703746,51.9876708984375
201805A,2018,2018-10-11 18:15:00,CRVBND,14.53,57.67,41.0,69.54545454542072,69.54545454542072,2,59.716407775878906,63.99636048443819,49.540730037703746,45.250518798828125
201805A,2018,2018-10-11 23:45:00,CRVBND,14.53,57.58,33.0,60.45454545457082,60.45454545457082,2,34.68953323364258,33.55104940297991,49.540730037703746,45.97012710571289
201805A,2018,2018-10-12 06:15:00,CRVBND,14.63,57.2,32.0,50.0,50.0,2,45.10786437988281,46.22499844770097,49.540730037703746,48.24864196777344
201805A,2018,2018-10-12 12:00:00,CRVBND,14.6,56.99,33.0,50.0,50.0,2,39.2755126953125,39.12991507748068,49.540730037703746,50.250831604003906
201805A,2018,2018-10-12 18:15:00,CRVBND,14.85,56.16,33.0,45.0,45.0,2,41.953834533691406,42.388106243464875,49.540730037703746,38.37298583984375
201805A,2018,2018-10-13 00:15:00,SHEAR,14.57,55.76,31.0,44.54545454542918,44.54545454542918,2,40.107444763183594,40.14196436722444,49.540730037703746,39.34867858886719
201805A,2018,2018-10-13 06:15:00,CRVBND,14.6,54.9,33.0,40.0,40.0,2,32.69414520263672,31.123650439131374,49.540730037703746,42.51682662963867
201805A,2018,2018-10-13 12:00:00,CRVBND,14.79,54.31,33.0,40.0,40.0,2,36.61680221557617,35.89558122190877,49.540730037703746,46.641845703125
201805A,2018,2018-10-13 18:15:00,CRVBND,15.06,53.55,32.0,40.0,40.0,2,49.43495559692383,51.488925349892874,49.540730037703746,40.0347900390625
201805A,2018,2018-10-14 00:00:00,CRVBND,15.2,52.9,34.0,40.0,40.0,2,38.09077072143555,37.688670870775134,49.540730037703746,37.48389434814453
201807B,2018,2018-11-10 20:45:00,IRRCDO,13.2,89.21,37.0,32.72727272725751,32.72727272725751,3,43.94371032714844,41.587924509592035,50.69363147943891,40.47394943237305
201807B,2018,2018-11-11 03:15:00,CRVBND,13.41,88.98,47.0,35.454545454486265,35.454545454486265,3,37.1578483581543,31.287531071879865,50.69363147943891,46.09123611450195
201807B,2018,2018-11-11 09:15:00,CRVBND,13.41,88.38,45.0,40.0,40.0,3,37.78565216064453,32.240486819710924,50.69363147943891,42.46546173095703
201807B,2018,2018-11-11 15:15:00,CRVBND,13.4,87.28,45.0,40.0,40.0,3,35.633426666259766,28.97358138306472,50.69363147943891,41.903106689453125
201807B,2018,2018-11-11 20:45:00,IRRCDO,12.9,86.72,41.0,40.0,40.0,3,38.6784782409668,33.59572509906144,50.69363147943891,49.877750396728516
201807B,2018,2018-11-12 02:45:00,CRVBND,12.4,86.91,45.0,40.0,40.0,3,34.581703186035156,27.377149613085887,50.69363147943891,34.46575164794922
201807B,2018,2018-11-12 08:45:00,CRVBND,12.2,87.21,49.0,40.0,40.0,3,34.6382942199707,27.463050257285026,50.69363147943891,25.791915893554688
201807B,2018,2018-11-12 15:15:00,CRVBND,12.6,87.49,39.0,40.45454545457082,40.45454545457082,3,35.650001525878906,28.99874068869635,50.69363147943891,35.892818450927734
201807B,2018,2018-11-12 21:15:00,CRVBND,13.2,87.59,35.0,44.54545454542072,44.54545454542072,3,41.00587463378906,37.128525890047015,50.69363147943891,48.78086853027344
201807B,2018,2018-11-13 03:15:00,CRVBND,13.7,87.18,45.0,40.0,40.0,3,38.17728805541992,32.83495865231658,50.69363147943891,55.76693344116211
201807B,2018,2018-11-13 09:15:00,CRVBND,13.79,86.07,45.0,40.0,40.0,3,37.355106353759766,31.586952865714554,50.69363147943891,58.27537536621094
201807B,2018,2018-11-13 15:15:00,EYE,13.39,85.58,53.0,40.0,40.0,3,38.650428771972656,33.553148258023604,50.69363147943891,53.02188491821289
201807B,2018,2018-11-14 09:00:00,EMBC,12.6,84.5,53.0,45.0,45.0,3,40.13887023925781,35.812482855764515,50.69363147943891,66.94270324707031
201807B,2018,2018-11-14 15:45:00,EMBC,12.05,83.51,55.0,45.0,45.0,3,40.72970962524414,36.70932958827439,50.69363147943891,55.327911376953125
201807B,2018,2018-11-15 08:45:00,EMBC,11.21,81.64,72.2,55.0,55.0,3,46.70909118652344,45.78555054248691,50.69363147943891,69.78546142578125
201807B,2018,2018-11-15 15:45:00,EMBC,10.77,80.57,79.6,65.99999999997954,65.99999999997954,3,69.60893249511719,80.5456703647669,50.69363147943891,69.18363952636719
201807B,2018,2018-11-16 19:45:00,CRVBND,9.7,74.99,49.0,26.636363636373783,26.636363636373783,3,34.768028259277344,27.659976108890596,50.69363147943891,61.27405548095703
201807B,2018,2018-11-17 03:15:00,CRVBND,10.11,73.65,53.0,30.0,30.0,3,43.181392669677734,40.43078753387084,50.69363147943891,65.25591278076172
201807B,2018,2018-11-17 10:15:00,CRVBND,9.83,71.96,55.0,30.0,30.0,3,50.44232177734375,51.452294731339286,50.69363147943891,71.29572296142578
201807B,2018,2018-11-17 13:45:00,CRVBND,10.06,71.31,55.0,30.0,30.0,3,35.429439544677734,28.66394531647187,50.69363147943891,48.67580032348633
201807B,2018,2018-11-18 09:15:00,CRVBND,10.61,68.36,57.0,30.0,30.0,3,46.1307487487793,44.90767317367075,50.69363147943891,72.11524963378906
201807B,2018,2018-11-18 15:15:00,SHEAR,11.01,67.97,51.0,30.0,30.0,3,36.31460189819336,30.007550674070043,50.69363147943891,43.02267837524414
201807B,2018,2018-11-18 21:15:00,SHEAR,10.61,67.37,39.0,30.0,30.0,3,30.97416877746582,21.90120213314378,50.69363147943891,34.13119125366211
201807B,2018,2018-11-19 03:15:00,SHEAR,10.75,66.51,31.0,29.545454545429177,29.545454545429177,3,32.8067741394043,24.682949880191643,50.69363147943891,32.13825225830078
201807B,2018,2018-11-19 09:15:00,CRVBND,10.85,65.59,34.0,25.0,25.0,3,33.30796432495117,25.443716326936507,50.69363147943891,54.854164123535156
201808B,2018,2018-12-15 15:15:00,IRRCDO,10.83,84.88,45.0,35.0,35.0,4,46.00927734375,42.072635600006194,49.12199992680404,43.253726959228516
201808B,2018,2018-12-16 21:00:00,EMBC,14.7,82.1,77.0,55.0,55.0,4,62.11327362060547,68.97439118464133,49.12199992680404,64.77466583251953
201808B,2018,2018-12-17 09:15:00,CRVBND,16.63,82.3,61.0,39.090909090858354,39.090909090858354,4,44.331748962402344,39.27032133431293,49.12199992680404,43.07120895385742
201901B,2019,2019-04-27 14:45:00,IRRCDO,6.67,89.32,55.0,45.0,45.0,0,37.40743637084961,35.806121748857706,47.71526680016013,34.85855484008789
201901B,2019,2019-04-27 21:15:00,CRVBND,7.83,88.58,49.0,45.0,45.0,0,34.199485778808594,31.98954102691153,47.71526680016013,37.669036865234375
201901B,2019,2019-04-28 02:45:00,CRVBND,7.38,87.92,37.0,45.0,45.0,0,32.22552490234375,29.641069374734855,47.71526680016013,42.349971771240234
201901B,2019,2019-04-28 09:15:00,EMBC,7.82,87.38,49.0,45.0,45.0,0,30.786090850830078,27.928537933275013,47.71526680016013,56.28794860839844
201901B,2019,2019-04-28 15:15:00,CRVBND,8.82,86.68,51.0,45.0,45.0,0,29.80289649963379,26.75880651159663,47.71526680016013,42.8416748046875
201901B,2019,2019-04-29 22:15:00,EMBC,11.63,86.84,72.2,67.27272727271036,67.27272727271036,0,51.08779525756836,52.08199399137144,47.71526680016013,59.81964111328125
201901B,2019,2019-04-30 08:45:00,EMBC,12.88,85.53,84.8,84.4999999999693,84.4999999999693,0,74.85340881347656,80.35655120174081,47.71526680016013,57.641822814941406
201901B,2019,2019-04-30 20:15:00,EMBC,13.61,84.14,90.0,95.0,95.0,0,68.34706115722656,72.61578328070983,47.71526680016013,56.93433380126953
201901B,2019,2019-05-01 04:15:00,EMBC,14.11,83.79,90.0,95.0,95.0,0,67.39041137695312,71.47763261277119,47.71526680016013,61.41078567504883
201901B,2019,2019-05-01 09:15:00,EYE,14.69,84.18,90.0,95.45454545457082,95.45454545457082,0,82.73605346679688,89.7347347986002,47.71526680016013,64.90744018554688
201901B,2019,2019-05-01 15:15:00,EYE,15.22,84.15,97.2,100.0,100.0,0,99.43290710449219,109.59940786086227,47.71526680016013,57.158145904541016
201901B,2019,2019-05-02 03:45:00,EMBC,16.28,84.62,90.0,105.99999999995909,105.99999999995909,0,80.89454650878906,87.54384695490971,47.71526680016013,71.82659912109375
201901B,2019,2019-05-02 09:15:00,EYE,17.13,85.01,107.2,115.0,115.0,0,94.05784606933594,103.20456051596928,47.71526680016013,76.78825378417969
201901B,2019,2019-05-02 14:45:00,EYE,17.79,85.0,122.2,115.0,115.0,0,105.31159973144531,116.5934385687983,47.71526680016013,76.70380401611328
201901B,2019,2019-05-02 21:15:00,EYE,18.78,85.32,132.2,114.09090909084144,114.09090909084144,0,104.40248107910156,115.51183689728089,47.71526680016013,72.7236328125
201902A,2019,2019-06-10 14:45:00,IRRCDO,13.68,70.8,37.0,32.699999999981586,32.699999999981586,2,32.51286315917969,30.903119977078777,49.540730037703746,29.179744720458984
201902A,2019,2019-06-10 20:45:00,CRVBND,14.17,70.7,47.0,35.0,35.0,2,36.7100830078125,36.009057746225345,49.540730037703746,36.78845977783203
201902A,2019,2019-06-11 03:45:00,IRRCDO,15.19,70.6,61.0,41.00000000006139,41.00000000006139,2,36.48149871826172,35.730983878393275,49.540730037703746,44.8860969543457
201902A,2019,2019-06-11 09:15:00,EMBC,15.63,70.9,72.2,45.909090909141646,45.909090909141646,2,51.0464973449707,53.4493734976327,49.540730037703746,67.88945007324219
201902A,2019,2019-06-11 14:45:00,EYE,16.72,70.9,79.6,59.545454545513735,59.545454545513735,2,54.58657455444336,57.755894142585156,49.540730037703746,58.18974685668945
201902A,2019,2019-06-11 20:45:00,IRRCDO,17.47,70.7,84.8,69.50000000006139,69.50000000006139,2,52.78798294067383,55.56789894976543,49.540730037703746,54.86468505859375
201902A,2019,2019-06-12 10:15:00,EMBC,18.83,69.99,74.6,80.0,80.0,2,69.83810424804688,76.30945204715782,49.540730037703746,60.152042388916016
201902A,2019,2019-06-12 16:15:00,IRRCDO,19.52,69.68,65.0,80.0,80.0,2,49.56003952026367,51.641090533401666,49.540730037703746,43.11062240600586
201902A,2019,2019-06-13 08:15:00,EYE,20.69,69.29,67.4,80.0,80.0,2,79.50627136230469,88.07082300398052,49.540730037703746,65.1980972290039
201902A,2019,2019-06-13 15:15:00,EYE,20.81,68.97,77.0,80.0,80.0,2,76.78485107421875,84.76020237037565,49.540730037703746,60.45469284057617
201902A,2019,2019-06-14 01:45:00,EMBC,20.94,68.42,92.4,77.27272727271036,77.27272727271036,2,69.34681701660156,75.71179880977661,49.540730037703746,59.70526123046875
201902A,2019,2019-06-14 09:15:00,EYE,20.55,68.39,79.6,74.54545454542918,74.54545454542918,2,62.00459289550781,66.77994848946445,49.540730037703746,66.00924682617188
201902A,2019,2019-06-14 14:45:00,CRVBND,20.75,68.21,79.6,70.0,70.0,2,64.53129577636719,69.85369447753645,49.540730037703746,53.72060775756836
201902A,2019,2019-06-15 03:15:00,EYE,20.78,66.98,82.2,65.0,65.0,2,76.1897964477539,84.03631560686433,49.540730037703746,78.00688171386719
201902A,2019,2019-06-15 07:45:00,EYE,20.59,67.08,77.0,65.0,65.0,2,69.15487670898438,75.47830251903467,49.540730037703746,71.40587615966797
201902A,2019,2019-06-15 15:15:00,CRVBND,20.81,66.29,74.6,65.0,65.0,2,74.04147338867188,81.42287045905572,49.540730037703746,50.15726089477539
201902A,2019,2019-06-15 20:45:00,IRRCDO,20.7,65.81,61.0,65.0,65.0,2,62.69008255004883,67.61384989175107,49.540730037703746,45.96971893310547
201902A,2019,2019-06-16 03:15:00,CRVBND,21.21,65.3,45.0,55.0,55.0,2,55.505462646484375,58.873725846421095,49.540730037703746,47.89237976074219
201902A,2019,2019-06-16 08:15:00,IRRCDO,20.76,65.75,43.0,55.0,55.0,2,61.0882453918457,65.66520742339053,49.540730037703746,47.94407653808594
201902A,2019,2019-06-16 14:45:00,SHEAR,20.68,65.48,39.0,45.45454545457928,45.45454545457928,2,45.78169631958008,47.044718184821306,49.540730037703746,32.50897216796875
201902A,2019,2019-06-16 21:15:00,SHEAR,21.01,66.42,39.0,39.54545454542918,39.54545454542918,2,29.70281219482422,27.48467970719323,49.540730037703746,28.721654891967773
201902A,2019,2019-06-17 03:15:00,SHEAR,22.12,67.12,29.0,30.0,30.0,2,26.400352478027344,23.46722186433783,49.540730037703746,31.794719696044922
201902A,2019,2019-06-17 09:15:00,SHEAR,22.67,67.67,25.0,25.0,25.0,2,24.012924194335938,20.56290408150845,49.540730037703746,30.820459365844727
201903A,2019,2019-09-23 03:45:00,EMBC,20.3,65.28,47.0,41.36363636361945,41.36363636361945,1,49.776546478271484,49.673574648713455,48.893103305784514,59.11845779418945
201903A,2019,2019-09-23 09:15:00,CRVBND,20.2,63.95,72.2,55.0,55.0,1,67.1120834350586,72.40757801375216,48.893103305784514,50.222198486328125
201903A,2019,2019-09-23 14:45:00,EMBC,20.2,62.95,77.0,55.0,55.0,1,73.6915283203125,81.03593042846566,48.893103305784514,49.6764030456543
201903A,2019,2019-09-24 01:45:00,EYE,20.13,60.58,84.8,72.7272727272389,72.7272727272389,1,55.10268020629883,56.658321783887345,48.893103305784514,53.4731330871582
201903A,2019,2019-09-24 14:15:00,EMBC,19.9,57.95,67.4,64.09090909093446,64.09090909093446,1,55.315185546875,56.93700349647519,48.893103305784514,52.33004379272461
201904A,2019,2019-10-25 12:45:00,EMBC,16.13,71.66,63.0,51.36363636361945,51.36363636361945,1,77.03904724121094,85.42590153821202,48.893103305784514,63.054840087890625
201904A,2019,2019-10-25 16:45:00,EMBC,16.47,71.75,67.4,55.0,55.0,1,67.459716796875,72.86346801802686,48.893103305784514,71.49122619628906
201904A,2019,2019-10-25 22:45:00,EMBC,16.57,71.04,74.6,62.72727272733192,62.72727272733192,1,80.67063903808594,90.18840877040245,48.893103305784514,72.99382019042969
201904A,2019,2019-10-26 07:15:00,EMBC,16.9,70.04,84.8,77.27272727271036,77.27272727271036,1,81.92925262451172,91.83896771071174,48.893103305784514,59.851104736328125
201904A,2019,2019-10-26 12:15:00,EYE,16.75,69.49,84.8,85.45454545448627,85.45454545448627,1,97.84335327148438,112.70888472347521,48.893103305784514,67.03933715820312
201904A,2019,2019-10-26 18:15:00,EYE,16.95,68.86,115.0,105.45454545457928,105.45454545457928,1,97.78257751464844,112.62918276420707,48.893103305784514,67.77452087402344
201904A,2019,2019-10-27 00:15:00,EYE,17.13,68.22,132.2,120.45454545448628,120.45454545448628,1,105.67556762695312,122.98013204375039,48.893103305784514,69.20553588867188
201904A,2019,2019-10-27 06:15:00,EYE,17.31,67.39,140.0,125.0,125.0,1,107.29582214355469,125.10495065908712,48.893103305784514,66.89767456054688
201904A,2019,2019-10-27 11:45:00,EYE,17.56,66.88,129.6,130.0,130.0,1,112.23262023925781,131.57911899895447,48.893103305784514,64.83082580566406
201904A,2019,2019-10-27 18:15:00,EYE,18.0,66.17,129.6,129.54545454542918,129.54545454542918,1,103.99166107177734,120.7718394833755,48.893103305784514,62.3785285949707
201904A,2019,2019-10-28 00:15:00,EYE,18.29,65.44,127.0,125.0,125.0,1,100.40977478027344,116.07451656760885,48.893103305784514,66.28572082519531
201904A,2019,2019-10-28 06:15:00,EYE,18.38,64.81,129.6,125.0,125.0,1,109.4046630859375,127.87050659196477,48.893103305784514,69.35101318359375
201904A,2019,2019-10-28 12:15:00,EYE,18.61,64.41,127.0,125.0,125.0,1,105.7725601196289,123.1073290068656,48.893103305784514,66.87896728515625
201904A,2019,2019-10-28 17:45:00,EYE,18.82,64.01,122.2,125.0,125.0,1,99.60819244384766,115.02331315931035,48.893103305784514,63.229549407958984
201904A,2019,2019-10-29 06:15:00,EYE,19.36,63.27,109.8,109.54545454551372,109.54545454551372,1,92.99192810058594,106.34667532463351,48.893103305784514,69.77302551269531
201904A,2019,2019-10-29 11:45:00,EYE,19.45,63.01,112.4,100.45454545457082,100.45454545457082,1,81.84209442138672,91.72466753713917,48.893103305784514,70.54727172851562
201904A,2019,2019-10-29 17:45:00,EMBC,19.53,62.82,97.2,95.45454545448628,95.45454545448628,1,51.1811637878418,51.515604389237936,48.893103305784514,69.38703918457031
201904A,2019,2019-10-29 23:15:00,EMBC,19.61,62.51,90.0,86.36363636364482,86.36363636364482,1,55.756011962890625,57.51510784075243,48.893103305784514,65.38973236083984
201904A,2019,2019-10-30 12:15:00,CRVBND,19.0,61.41,59.0,64.54545454542918,64.54545454542918,1,39.095550537109375,35.666405544368175,48.893103305784514,53.384376525878906
201905A,2019,2019-10-30 12:15:00,CRVBND,9.85,74.2,39.0,35.45454545457082,35.45454545457082,0,31.09280776977539,28.293446882572958,47.71526680016013,38.94050598144531
201904A,2019,2019-10-30 18:15:00,SHEAR,18.54,60.89,45.0,55.0,55.0,1,36.866188049316406,32.742796404039034,48.893103305784514,32.967594146728516
201905A,2019,2019-10-30 18:15:00,CRVBND,10.91,73.44,39.0,40.0,40.0,0,27.960350036621094,24.5666819422621,47.71526680016013,36.99437713623047
201904A,2019,2019-10-30 23:45:00,CRVBND,18.14,60.49,35.0,50.45454545457082,50.45454545457082,1,34.677032470703125,29.871915022352002,48.893103305784514,36.81426239013672
201904A,2019,2019-10-31 05:45:00,SHEAR,17.85,60.12,33.0,40.45454545457928,40.45454545457928,1,36.61958312988281,32.41939614927834,48.893103305784514,34.90099334716797
201904A,2019,2019-10-31 11:45:00,SHEAR,17.33,59.52,35.0,35.45454545457082,35.45454545457082,1,35.24061965942383,30.611009120031675,48.893103305784514,32.57642364501953
201905A,2019,2019-10-31 12:45:00,CRVBND,12.81,72.63,55.0,50.90909090906554,50.90909090906554,0,29.15690040588379,25.990248465853742,47.71526680016013,44.42304611206055
201904A,2019,2019-10-31 17:45:00,CRVBND,16.88,59.31,37.0,30.0,30.0,1,33.19457244873047,27.92780153962156,48.893103305784514,35.06149673461914
201905A,2019,2019-10-31 17:45:00,IRRCDO,13.62,72.31,51.0,55.0,55.0,0,35.315277099609375,33.31702644867848,47.71526680016013,37.193267822265625
201904A,2019,2019-11-01 00:15:00,CRVBND,16.58,59.1,31.0,25.0,25.0,1,31.516510009765625,25.727173013994268,48.893103305784514,33.84245300292969
201905A,2019,2019-11-01 00:45:00,CRVBND,15.06,71.72,49.0,55.0,55.0,0,31.182714462280273,28.40041117006523,47.71526680016013,50.367820739746094
201904A,2019,2019-11-01 05:45:00,SHEAR,16.03,58.62,32.0,25.0,25.0,1,31.30722999572754,25.452721028155175,48.893103305784514,37.27562713623047
201905A,2019,2019-11-01 06:15:00,CRVBND,15.77,71.09,49.0,55.0,55.0,0,30.49757194519043,27.585279625022608,47.71526680016013,38.58326721191406
201904A,2019,2019-11-01 11:45:00,CRVBND,15.38,58.03,34.0,25.0,25.0,1,33.46547317504883,28.283063568081644,48.893103305784514,55.893943786621094
201905A,2019,2019-11-01 12:45:00,CRVBND,15.82,69.52,47.0,50.0,50.0,0,36.52958297729492,34.76171715395894,47.71526680016013,52.789695739746094
201905A,2019,2019-11-02 13:15:00,CRVBND,16.85,67.56,53.0,55.0,55.0,0,60.82826232910156,63.670476351479394,47.71526680016013,62.242740631103516
201905A,2019,2019-11-02 18:15:00,CRVBND,17.37,67.01,61.0,60.0,60.0,0,45.0185661315918,44.86127714593561,47.71526680016013,37.26764678955078
201905A,2019,2019-11-02 23:45:00,CRVBND,17.49,66.47,69.8,60.0,60.0,0,27.77996826171875,24.352077139310722,47.71526680016013,38.2944450378418
201905A,2019,2019-11-03 13:15:00,EYE,17.79,65.75,82.2,71.81818181819027,71.81818181819027,0,78.03252410888672,84.13882583508762,47.71526680016013,65.47461700439453
201905A,2019,2019-11-03 17:45:00,EYE,17.99,65.43,87.4,79.54545454551373,79.54545454551373,0,70.61761474609375,75.31711885517788,47.71526680016013,49.96881866455078
201905A,2019,2019-11-03 23:45:00,EYE,18.19,65.05,94.8,89.54545454551373,89.54545454551373,0,63.15217208862305,66.43529112441804,47.71526680016013,50.00395202636719
201905A,2019,2019-11-04 06:15:00,EYE,18.61,64.32,97.2,90.45454545457928,90.45454545457928,0,81.5074462890625,88.27302947152334,47.71526680016013,59.63459014892578
201905A,2019,2019-11-04 11:45:00,EYE,19.0,64.19,102.0,99.50000000007162,99.50000000007162,0,83.98912811279297,91.22554969735008,47.71526680016013,56.50457763671875
201905A,2019,2019-11-04 17:45:00,EYE,19.44,63.71,104.6,100.0,100.0,0,71.34020233154297,76.17679975406244,47.71526680016013,53.7103271484375
201905A,2019,2019-11-05 05:45:00,EYE,20.05,64.11,84.8,80.45454545457082,80.45454545457082,0,47.600364685058594,47.93290880122263,47.71526680016013,58.46884536743164
201905A,2019,2019-11-05 11:15:00,EMBC,19.7,64.28,74.6,72.7272727272389,72.7272727272389,0,56.69350814819336,58.7512537375175,47.71526680016013,61.10224533081055
201905A,2019,2019-11-05 17:45:00,CRVBND,19.8,64.34,59.0,70.0,70.0,0,60.13905334472656,62.850506826486125,47.71526680016013,39.97797775268555
201905A,2019,2019-11-05 23:45:00,CRVBND,19.77,65.64,47.0,60.90909090897252,60.90909090897252,0,47.799591064453125,48.16993351126236,47.71526680016013,33.78240966796875
201905A,2019,2019-11-06 05:15:00,CRVBND,19.78,67.02,41.0,51.36363636364482,51.36363636364482,0,34.88724899291992,32.80779048210996,47.71526680016013,37.82693099975586
201905A,2019,2019-11-06 18:00:00,SHEAR,19.82,68.74,47.0,40.0,40.0,0,39.855934143066406,38.71916206137238,47.71526680016013,22.361610412597656
201905A,2019,2019-11-06 23:45:00,SHEAR,19.12,68.58,32.0,30.500000000030692,30.500000000030692,0,34.05326843261719,31.815582517053933,47.71526680016013,27.107723236083984
201905A,2019,2019-11-07 05:15:00,SHEAR,19.01,68.95,28.0,26.36363636364482,26.36363636364482,0,31.92788314819336,29.286957380692616,47.71526680016013,26.238208770751953
201906A,2019,2019-12-03 09:15:00,CRVBND,6.91,57.09,37.0,30.0,30.0,3,34.817291259765625,27.734753386894486,50.69363147943891,43.490821838378906
201906A,2019,2019-12-03 15:15:00,SHEAR,7.11,57.39,33.0,30.0,30.0,3,33.58642578125,25.866398451951994,50.69363147943891,35.01210021972656
201907A,2019,2019-12-03 15:15:00,CRVBND,13.72,69.98,35.0,40.31818181809633,40.31818181809633,1,41.49650573730469,38.815043151418315,48.893103305784514,53.93557357788086
201906A,2019,2019-12-03 20:15:00,CRVBND,7.22,57.33,33.0,30.0,30.0,3,45.15070724487305,43.42004888634416,50.69363147943891,47.72321701049805
201907A,2019,2019-12-03 20:45:00,IRRCDO,13.78,69.32,41.0,27.700000000036837,27.700000000036837,1,33.24761962890625,27.99736816312034,48.893103305784514,40.472347259521484
201906A,2019,2019-12-04 02:45:00,EMBC,7.34,57.64,41.0,30.0,30.0,3,47.947994232177734,47.666105858779424,50.69363147943891,70.60784912109375
201907A,2019,2019-12-04 03:15:00,CRVBND,14.62,69.08,39.0,30.0,30.0,1,32.292293548583984,26.74454361093636,48.893103305784514,36.00833511352539
201906A,2019,2019-12-04 09:15:00,CRVBND,7.7,57.4,51.0,30.0,30.0,3,51.33115005493164,52.80146466723711,50.69363147943891,74.30868530273438
201907A,2019,2019-12-04 08:45:00,SHEAR,14.88,68.72,32.0,30.0,30.0,1,30.822399139404297,24.816908803439986,48.893103305784514,29.815099716186523
201906A,2019,2019-12-04 14:45:00,CRVBND,8.38,57.01,51.0,30.0,30.0,3,31.54936981201172,22.774311104218246,50.69363147943891,46.121490478515625
201907A,2019,2019-12-04 15:15:00,SHEAR,14.91,68.18,29.0,30.0,30.0,1,30.96627426147461,25.00558813408,48.893103305784514,22.910993576049805
201906A,2019,2019-12-04 20:45:00,CRVBND,8.95,56.61,39.0,32.72727272725751,32.72727272725751,3,43.20130920410156,40.4610192334572,50.69363147943891,48.26036071777344
201907A,2019,2019-12-04 20:45:00,SHEAR,15.09,67.67,25.0,28.18181818182833,28.18181818182833,1,30.246994018554688,24.062316546721107,48.893103305784514,16.374534606933594
201906A,2019,2019-12-05 02:45:00,CRVBND,9.69,55.83,37.0,35.0,35.0,3,40.61824417114258,36.54013398170217,50.69363147943891,55.44728469848633
201906A,2019,2019-12-05 15:00:00,CRVBND,9.3,54.5,47.0,35.0,35.0,3,33.42829895019531,25.626374622943377,50.69363147943891,50.26901626586914
201906A,2019,2019-12-05 20:45:00,IRRCDO,9.06,53.68,35.0,35.0,35.0,3,33.54731750488281,25.807035229550266,50.69363147943891,50.076011657714844
201906A,2019,2019-12-06 09:45:00,CRVBND,7.52,51.55,55.0,35.0,35.0,3,50.324989318847656,51.274193483325995,50.69363147943891,71.3958969116211
201906A,2019,2019-12-06 14:45:00,CRVBND,7.37,51.54,53.0,35.0,35.0,3,40.566001892089844,36.46083439812905,50.69363147943891,41.416534423828125
201906A,2019,2019-12-06 20:45:00,CRVBND,7.07,50.29,39.0,35.0,35.0,3,42.111534118652344,38.80682818300069,50.69363147943891,35.05101013183594
202001B,2020,2020-05-17 09:15:00,EMBC,11.72,86.3,55.0,65.0,65.0,4,66.59959411621094,76.46879787551794,49.12199992680404,50.582462310791016
202001B,2020,2020-05-17 15:15:00,EMBC,12.2,86.76,61.0,75.45454545457082,75.45454545457082,4,79.45098876953125,97.93707642835038,49.12199992680404,49.69965744018555
202001B,2020,2020-05-17 20:45:00,EYE,12.9,86.57,87.4,89.09090909102747,89.09090909102747,4,97.43824005126953,127.9848129840387,49.12199992680404,61.38318634033203
202001B,2020,2020-05-18 02:45:00,EYE,13.33,86.35,117.4,113.50000000018416,113.50000000018416,4,101.24894714355469,134.35060623429078,49.12199992680404,69.03871154785156
202001B,2020,2020-05-18 08:45:00,EYE,13.65,86.39,134.8,120.0,120.0,4,98.315673828125,129.45056773216874,49.12199992680404,61.82115936279297
202001B,2020,2020-05-18 15:15:00,EYE,14.53,86.64,143.0,125.0,125.0,4,100.09912109375,132.42981969007454,49.12199992680404,57.518959045410156
202001B,2020,2020-05-18 22:15:00,EMBC,15.36,86.64,132.2,127.72727272728964,127.72727272728964,4,81.78768920898438,101.8405388370583,49.12199992680404,61.556907653808594
202001B,2020,2020-05-19 07:45:00,EMBC,16.71,87.1,104.6,112.00000000002046,112.00000000002046,4,67.89810943603516,78.63797012048548,49.12199992680404,64.12752532958984
202001B,2020,2020-05-19 15:15:00,EMBC,17.91,87.13,90.0,100.0,100.0,4,86.9449691772461,110.45578456877196,49.12199992680404,67.87583923339844
202001B,2020,2020-05-20 01:45:00,EMBC,19.62,87.09,69.8,95.0,95.0,4,84.1651382446289,105.8120718511186,49.12199992680404,70.96990966796875
202002A,2020,2020-06-02 23:45:00,EYE,17.61,72.23,47.0,49.545454545420725,49.545454545420725,4,62.06972122192383,68.90163682203992,49.12199992680404,53.389766693115234
202002A,2020,2020-06-03 06:15:00,EYE,18.03,72.74,72.2,60.0,60.0,4,74.34833526611328,89.41308430725705,49.12199992680404,58.14204406738281
202003A,2020,2020-11-22 06:15:00,EYE,10.41,52.43,61.0,51.36363636345879,51.36363636345879,4,75.2330322265625,90.89097221702262,49.12199992680404,66.39373016357422
202003A,2020,2020-11-22 11:45:00,EYE,10.32,51.55,87.4,74.09090909102747,74.09090909102747,4,73.15205383300781,87.4146939592605,49.12199992680404,56.996437072753906
202003A,2020,2020-11-23 11:45:00,SHEAR,11.48,48.73,35.0,30.0,30.0,4,31.163137435913086,17.272131407768992,49.12199992680404,37.002159118652344
202003A,2020,2020-11-23 17:45:00,SHEAR,11.58,47.83,27.0,30.0,30.0,4,29.882640838623047,15.133059472142588,49.12199992680404,33.98452377319336
202004B,2020,2020-11-23 18:15:00,CRVBND,10.18,83.67,35.0,30.27272727269176,30.27272727269176,2,29.968870162963867,27.808340482015197,49.540730037703746,30.963157653808594
202003A,2020,2020-11-23 23:45:00,CRVBND,11.71,46.73,30.0,25.272727272742493,25.272727272742493,4,26.365785598754883,9.25814628519353,49.12199992680404,35.48594284057617
202004B,2020,2020-11-23 23:45:00,CRVBND,9.97,82.84,37.0,34.818181818171674,34.818181818171674,2,33.77417755126953,32.437514892188474,49.540730037703746,48.939361572265625
202003A,2020,2020-11-24 05:15:00,CRVBND,11.52,46.0,33.0,22.363636363647355,22.363636363647355,4,28.499704360961914,12.822861526767719,49.12199992680404,37.26981735229492
202004B,2020,2020-11-25 06:45:00,EMBC,11.29,81.95,61.0,60.99999999995907,60.99999999995907,2,46.610469818115234,48.05292506005011,49.540730037703746,74.26823425292969
202004B,2020,2020-11-25 13:15:00,EMBC,11.72,81.02,57.0,65.0,65.0,2,39.22955322265625,39.07400516192978,49.540730037703746,68.6646957397461
202004B,2020,2020-11-25 18:45:00,IRRCDO,12.09,80.34,57.0,64.09090909093446,64.09090909093446,2,42.66569900512695,43.254092735070806,49.540730037703746,51.3515739440918
202005B,2020,2020-12-01 19:30:00,EMBC,8.31,83.77,53.0,35.0,35.0,1,36.08282470703125,31.71548557403984,48.893103305784514,62.90678405761719
202005B,2020,2020-12-02 01:15:00,EMBC,8.61,83.14,55.0,40.0,40.0,1,40.746421813964844,37.8313752973578,48.893103305784514,66.92330169677734
202005B,2020,2020-12-02 11:15:00,CRVBND,9.06,81.7,53.0,45.0,45.0,1,36.18597412109375,31.85075678786172,48.893103305784514,47.03727340698242
202005B,2020,2020-12-02 17:45:00,CRVBND,8.84,81.55,45.0,45.0,45.0,1,32.64905548095703,27.21240491752895,48.893103305784514,38.838775634765625
202005B,2020,2020-12-02 22:45:00,EMBC,9.15,80.94,47.0,40.0,40.0,1,54.91478729248047,56.41191706359161,48.893103305784514,59.1619873046875
202005B,2020,2020-12-03 06:45:00,CRVBND,9.2,80.09,33.0,39.09090909093446,39.09090909093446,1,33.086570739746094,27.786166975800363,48.893103305784514,51.65431213378906
202005B,2020,2020-12-03 12:00:00,CRVBND,9.22,79.4,33.0,30.0,30.0,1,31.88075065612793,26.204841983852308,48.893103305784514,37.633216857910156
202005B,2020,2020-12-03 23:45:00,CRVBND,9.4,79.41,41.0,30.0,30.0,1,34.08113479614258,29.090448617680046,48.893103305784514,39.457847595214844
202005B,2020,2020-12-04 06:15:00,CRVBND,9.3,79.36,35.0,29.81818181817167,29.81818181817167,1,33.60342788696289,28.463978811301114,48.893103305784514,40.26023864746094
202005B,2020,2020-12-04 11:45:00,CRVBND,9.3,79.31,35.0,25.27272727269176,25.27272727269176,1,30.72191619873047,24.68513443053754,48.893103305784514,41.79267120361328
202005B,2020,2020-12-05 05:15:00,CRVBND,9.0,78.85,57.0,18.98181818181345,18.98181818181345,1,32.17573547363281,26.591688139844365,48.893103305784514,52.49552536010742
202101A,2021,2021-05-14 09:45:00,CRVBND,11.96,72.22,35.0,30.0,30.0,1,30.83510971069336,24.833577578752653,48.893103305784514,41.009063720703125
202101A,2021,2021-05-14 15:15:00,CRVBND,12.22,72.2,41.0,33.181818181794505,33.181818181794505,1,31.898805618286133,26.228519448904784,48.893103305784514,40.996280670166016
202101A,2021,2021-05-14 20:15:00,CRVBND,12.32,72.29,43.0,38.63636363638055,38.63636363638055,1,41.8931770324707,39.33524201122853,48.893103305784514,49.03096008300781
202101A,2021,2021-05-15 03:15:00,EMBC,13.03,72.3,55.0,40.454545454486265,40.454545454486265,1,37.134521484375,33.094691660054515,48.893103305784514,62.085208892822266
202101A,2021,2021-05-15 21:15:00,EMBC,14.93,72.79,72.2,60.45454545457082,60.45454545457082,1,93.04629516601562,106.41797285937425,48.893103305784514,69.80357360839844
202101A,2021,2021-05-16 09:15:00,EYE,16.41,72.63,107.2,70.45454545457082,70.45454545457082,1,97.5736312866211,112.35516850881213,48.893103305784514,67.45329284667969
202101A,2021,2021-05-16 15:15:00,EYE,17.44,72.28,119.8,80.45454545457928,80.45454545457928,1,102.06980895996094,118.25150264661919,48.893103305784514,66.26211547851562
202101A,2021,2021-05-16 21:15:00,EYE,18.17,71.75,134.8,90.90909090915856,90.90909090915856,1,107.47454071044922,125.3393240454612,48.893103305784514,73.33653259277344
202101A,2021,2021-05-17 02:45:00,EYE,18.93,71.46,124.6,100.0,100.0,1,107.37149810791016,125.20419290538145,48.893103305784514,74.57260131835938
202101A,2021,2021-05-17 09:15:00,EYE,20.03,71.35,119.8,100.0,100.0,1,98.79013061523438,113.95049837365568,48.893103305784514,70.85786437988281
202101A,2021,2021-05-17 15:15:00,EYE,20.56,71.39,109.8,89.54545454551373,89.54545454551373,1,97.78395080566406,112.63098371232009,48.893103305784514,64.9374771118164
202102B,2021,2021-05-24 03:15:00,CRVBND,16.22,89.8,35.0,40.0,40.0,3,38.57695770263672,33.441625075868195,50.69363147943891,31.411277770996094
202102B,2021,2021-05-24 08:45:00,CRVBND,17.08,89.91,35.0,40.0,40.0,3,35.46467590332031,28.717431278754816,50.69363147943891,25.136310577392578
202102B,2021,2021-05-24 15:15:00,CRVBND,17.62,89.09,37.0,45.454545454486265,45.454545454486265,3,50.81510543823242,52.018150387090735,50.69363147943891,24.44668197631836
202102B,2021,2021-05-25 15:15:00,EMBC,20.13,88.08,61.0,65.45454545457082,65.45454545457082,3,54.73984146118164,57.97558444045847,50.69363147943891,40.756587982177734
202103B,2021,2021-09-24 12:10:00,CRVBND,19.01,91.31,35.0,25.0,25.0,2,33.011478424072266,31.509687801758567,49.540730037703746,39.874820709228516
202103B,2021,2021-09-24 18:15:00,CRVBND,18.66,89.99,35.0,25.272727272747566,25.272727272747566,2,28.617441177368164,26.164320738298358,49.540730037703746,43.106597900390625
202103B,2021,2021-09-25 18:15:00,IRRCDO,18.33,87.61,53.0,35.0,35.0,2,46.407527923583984,47.8060452868672,49.540730037703746,45.036407470703125
202103B,2021,2021-09-26 00:15:00,IRRCDO,18.26,87.32,53.0,40.0,40.0,2,34.106346130371094,32.84159953748311,49.540730037703746,37.82984161376953
202103B,2021,2021-09-26 06:15:00,EMBC,18.5,85.96,47.0,45.0,45.0,2,39.53923797607422,39.45073812709022,49.540730037703746,51.39582061767578
202103A,2021,2021-10-01 00:45:00,EMBC,22.85,64.51,51.0,36.36363636361945,36.36363636361945,4,64.12667846679688,72.33778770647271,49.12199992680404,63.43389129638672
202103A,2021,2021-10-01 06:15:00,EMBC,23.01,64.26,55.0,45.0,45.0,4,81.63581848144531,101.58683850563258,49.12199992680404,75.64775848388672
202103A,2021,2021-10-01 12:45:00,EMBC,23.33,63.53,57.0,55.0,55.0,4,75.34269714355469,91.07416766381822,49.12199992680404,71.91399383544922
202103A,2021,2021-10-01 18:15:00,EYE,23.82,63.06,55.0,60.0,60.0,4,73.1761703491211,87.4549806440609,49.12199992680404,57.76760482788086
202103A,2021,2021-10-02 00:15:00,CRVBND,23.91,62.39,57.0,60.0,60.0,4,67.10053253173828,77.30561642575809,49.12199992680404,46.61453628540039
202103A,2021,2021-10-02 06:15:00,EYE,24.11,61.69,67.4,60.0,60.0,4,71.61994934082031,84.85531056954963,49.12199992680404,55.97428512573242
202103A,2021,2021-10-02 18:15:00,EMBC,24.34,59.76,77.0,60.0,60.0,4,72.80351257324219,86.83245513976628,49.12199992680404,50.03862380981445
202103A,2021,2021-10-03 00:15:00,CRVBND,24.27,59.43,65.0,60.0,60.0,4,62.90214920043945,70.29220930074966,49.12199992680404,47.70390319824219
202103A,2021,2021-10-03 06:15:00,EYE,24.3,58.68,55.0,60.0,60.0,4,71.41932678222656,84.52017021412058,49.12199992680404,55.677635192871094
202104B,2021,2021-11-11 11:45:00,CRVBND,13.19,80.32,35.0,25.0,25.0,3,36.807395935058594,30.755572441483437,50.69363147943891,31.229110717773438
202105B,2021,2021-12-03 08:45:00,CRVBND,14.48,84.92,43.0,35.0,35.0,4,46.90614700317383,43.57085802593723,49.12199992680404,49.542781829833984
202105B,2021,2021-12-03 21:15:00,CRVBND,15.13,84.79,34.0,40.0,40.0,4,32.975799560546875,20.300186841717803,49.12199992680404,31.986801147460938
202105B,2021,2021-12-04 03:15:00,CRVBND,16.03,85.0,31.0,39.54545454542918,39.54545454542918,4,33.64228057861328,21.41354461587411,49.12199992680404,40.404354095458984
202105B,2021,2021-12-04 08:15:00,IRRCDO,16.33,84.89,39.0,35.0,35.0,4,32.04693603515625,18.748518603477226,49.12199992680404,49.972686767578125
202105B,2021,2021-12-04 15:15:00,CRVBND,16.97,85.03,41.0,30.0,30.0,4,32.103424072265625,18.84288197401254,49.12199992680404,42.16986846923828
202105B,2021,2021-12-04 21:15:00,CRVBND,17.45,85.19,33.0,30.0,30.0,4,35.848209381103516,25.098552763012528,49.12199992680404,33.960853576660156
202105B,2021,2021-12-05 09:15:00,CRVBND,20.02,86.56,45.0,25.0,25.0,4,45.78761291503906,41.70234476160358,49.12199992680404,59.93914794921875
202105B,2021,2021-12-05 14:45:00,IRRCDO,20.61,87.01,47.0,25.0,25.0,4,32.157527923583984,18.933262557771474,49.12199992680404,37.72993850708008
202201B,2022,2022-03-04 20:45:00,CRVBND,11.1,83.51,37.0,30.0,30.0,2,28.944442749023438,26.56211969463104,49.540730037703746,49.931175231933594
202201B,2022,2022-03-05 03:15:00,CRVBND,11.91,84.19,37.0,30.0,30.0,2,41.822265625,42.228052044647605,49.540730037703746,47.59312057495117
202201B,2022,2022-03-05 09:15:00,CRVBND,11.71,83.79,37.0,30.0,30.0,2,27.22414779663086,24.469372760168067,49.540730037703746,41.83402633666992
202201B,2022,2022-03-05 15:15:00,CRVBND,11.3,83.18,33.0,27.727272727252437,27.727272727252437,2,24.390981674194336,21.022812791305043,49.540730037703746,32.332584381103516
202201B,2022,2022-03-05 21:15:00,SHEAR,11.37,82.85,32.0,25.0,25.0,2,30.317794799804688,28.23280895068777,49.540730037703746,28.943737030029297
202201B,2022,2022-03-06 03:15:00,SHEAR,11.4,82.49,26.0,23.25,23.25,2,25.0422420501709,21.815074114554644,49.540730037703746,24.803054809570312
202201B,2022,2022-03-06 09:15:00,SHEAR,11.2,81.95,25.0,21.136363636396663,21.136363636396663,2,30.11045265197754,27.980576248588196,49.540730037703746,28.391380310058594
202202B,2022,2022-05-07 09:10:00,IRRCDO,9.92,90.88,43.0,28.0,28.0,0,42.799068450927734,42.220684088971716,47.71526680016013,42.333892822265625
202202B,2022,2022-05-08 03:15:00,EMBC,11.43,88.57,65.0,40.454545454486265,40.454545454486265,0,40.23307800292969,39.16785974035963,47.71526680016013,73.95767974853516
202202B,2022,2022-05-08 19:45:00,IRRCDO,13.38,86.62,51.0,55.0,55.0,0,31.945995330810547,29.308505906776727,47.71526680016013,37.062232971191406
202202B,2022,2022-05-09 03:45:00,IRRCDO,14.25,85.73,59.0,55.0,55.0,0,56.13923263549805,58.091818008785204,47.71526680016013,52.635276794433594
202202B,2022,2022-05-10 02:15:00,EMBC,14.95,83.75,72.0,55.0,55.0,0,38.20930480957031,36.760125103008924,47.71526680016013,65.36735534667969
202202B,2022,2022-05-10 10:15:00,EMBC,15.18,82.02,80.0,53.18181818186892,53.18181818186892,0,59.45684814453125,62.03886988234594,47.71526680016013,58.2047004699707
202202B,2022,2022-05-10 20:45:00,CRVBND,15.49,81.11,63.0,45.45454545457082,45.45454545457082,0,33.439640045166016,31.08553315787879,47.71526680016013,46.287715911865234
202202B,2022,2022-05-11 02:45:00,EMBC,15.74,80.58,57.0,45.0,45.0,0,51.820709228515625,52.9539604547273,47.71526680016013,66.63369750976562
202202B,2022,2022-05-11 07:45:00,IRRCDO,15.69,81.04,57.0,40.0,40.0,0,39.05329895019531,37.764246480232345,47.71526680016013,49.258140563964844
202203A,2022,2022-08-12 08:15:00,CRVBND,21.83,65.7,35.0,25.0,25.0,3,47.498809814453125,46.98427999055609,50.69363147943891,42.0684814453125
202203A,2022,2022-08-12 15:15:00,SHEAR,22.11,65.49,34.0,25.0,25.0,3,38.34212875366211,33.08517359246712,50.69363147943891,30.29545021057129
202203A,2022,2022-08-12 21:15:00,SHEAR,22.41,64.59,30.0,25.0,25.0,3,39.785972595214844,35.276812576366964,50.69363147943891,28.733570098876953
202203A,2022,2022-08-13 09:15:00,SHEAR,22.15,63.68,25.0,27.9,27.9,3,31.944843292236328,23.37460808330616,50.69363147943891,28.270538330078125
202203A,2022,2022-08-13 15:15:00,SHEAR,22.26,63.77,25.0,25.786363636349485,25.786363636349485,3,32.04813003540039,23.531389063578217,50.69363147943891,20.04581069946289
202204B,2022,2022-08-19 00:15:00,CRVBND,20.89,89.1,35.0,25.0,25.0,1,33.268943786621094,28.025332885208517,48.893103305784514,27.440778732299805
202204B,2022,2022-08-19 06:45:00,CRVBND,21.05,89.0,39.0,30.0,30.0,1,52.88532638549805,53.75046093427977,48.893103305784514,52.2306022644043
202204B,2022,2022-08-19 11:15:00,CRVBND,21.35,88.37,39.0,30.0,30.0,1,47.995948791503906,47.338480333281495,48.893103305784514,41.19020462036133
202205B,2022,2022-10-23 15:15:00,CRVBND,16.34,88.61,35.0,35.0,35.0,2,36.34880447387695,35.569560703390124,49.540730037703746,47.661224365234375
202205B,2022,2022-10-23 20:15:00,CRVBND,17.07,88.95,39.0,38.99999999993861,38.99999999993861,2,35.6405029296875,34.70790852960661,49.540730037703746,47.85894012451172
202205B,2022,2022-10-24 01:45:00,CRVBND,18.05,89.31,41.0,42.72727272728964,42.72727272728964,2,43.506134033203125,44.276485916063145,49.540730037703746,57.7453727722168
202205B,2022,2022-10-24 09:15:00,CRVBND,20.06,89.92,47.0,45.0,45.0,2,40.81032943725586,40.99702689292675,49.540730037703746,59.004981994628906
202205B,2022,2022-10-24 15:15:00,CRVBND,21.76,90.42,39.0,44.54545454542918,44.54545454542918,2,46.93951416015625,48.45320905620496,49.540730037703746,47.37983703613281
202206B,2022,2022-12-08 12:15:00,IRRCDO,10.27,82.87,57.0,50.0,50.0,3,44.500057220458984,42.43241440861026,50.69363147943891,39.29289245605469
202206B,2022,2022-12-08 18:15:00,EMBC,10.72,82.28,53.0,50.0,50.0,3,42.89924621582031,40.00251187853541,50.69363147943891,45.750972747802734
202206B,2022,2022-12-09 00:15:00,CRVBND,10.87,81.61,53.0,50.0,50.0,3,51.315887451171875,52.778297260601406,50.69363147943891,43.36592483520508
202206B,2022,2022-12-09 06:15:00,CRVBND,11.32,80.8,49.0,45.0,45.0,3,38.256649017333984,32.955422218337404,50.69363147943891,38.168663024902344
202206B,2022,2022-12-09 12:15:00,CRVBND,11.63,80.8,41.0,40.0,40.0,3,37.365745544433594,31.603102302632074,50.69363147943891,23.93914222717285
202206B,2022,2022-12-09 17:45:00,CRVBND,12.25,80.67,33.0,35.500000000030695,35.500000000030695,3,30.52766227722168,21.223441128569103,50.69363147943891,20.71177864074707
202207A,2022,2022-12-15 15:15:00,CRVBND,14.21,66.07,33.0,30.0,30.0,4,45.687538146972656,41.535169676337276,49.12199992680404,40.52081298828125
202207A,2022,2022-12-15 21:15:00,SHEAR,14.0,65.27,34.0,30.0,30.0,4,33.76234436035156,21.614111385473542,49.12199992680404,31.977523803710938
202207A,2022,2022-12-16 03:15:00,SHEAR,14.01,64.47,34.0,30.0,30.0,4,33.74875259399414,21.59140631461878,49.12199992680404,33.32521057128906
202207A,2022,2022-12-16 08:45:00,SHEAR,13.6,64.13,33.0,28.181818181831712,28.181818181831712,4,34.274024963378906,22.468874779813333,49.12199992680404,27.854312896728516
202207A,2022,2022-12-16 15:15:00,SHEAR,13.59,63.39,27.0,25.0,25.0,4,25.618139266967773,8.009201704251712,49.12199992680404,25.851139068603516
202207A,2022,2022-12-16 21:15:00,SHEAR,13.63,62.77,25.0,25.0,25.0,4,29.752042770385742,14.914895157450415,49.12199992680404,28.657011032104492
202207A,2022,2022-12-17 03:15:00,SHEAR,13.78,62.13,25.0,25.0,25.0,4,31.196735382080078,17.328256839021677,49.12199992680404,23.662696838378906
202301B,2023,2023-05-11 08:30:00,EMBC,11.65,88.1,51.0,45.0,45.0,1,55.94829177856445,57.76726558974251,48.893103305784514,63.289222717285156
202301B,2023,2023-05-11 14:30:00,EYE,12.25,88.19,55.0,50.0,50.0,1,61.3582649230957,64.86196060721585,48.893103305784514,58.27901077270508
202301B,2023,2023-05-12 09:00:00,EMBC,14.33,88.52,79.6,85.0,85.0,1,83.13434600830078,93.41933970094999,48.893103305784514,64.17613220214844
202301B,2023,2023-05-12 15:00:00,EYE,14.7,88.59,104.6,90.0,90.0,1,102.20475769042969,118.42847581452462,48.893103305784514,63.64598846435547
202301B,2023,2023-05-12 20:30:00,EYE,15.25,88.87,112.4,100.0,100.0,1,94.34327697753906,108.11884828890767,48.893103305784514,65.45126342773438
202301B,2023,2023-05-13 03:00:00,EMBC,15.0,89.66,112.4,100.0,100.0,1,89.45433044433594,101.70743298551153,48.893103305784514,74.81741333007812
202301B,2023,2023-05-13 15:30:00,EMBC,17.48,91.15,122.2,110.5000000000307,110.5000000000307,1,99.27983093261719,114.59269646022159,48.893103305784514,69.30207061767578
202301B,2023,2023-05-13 21:30:00,EYE,18.1,91.03,122.2,115.0,115.0,1,102.02738952636719,118.19587336046168,48.893103305784514,71.69961547851562
202302A,2023,2023-06-06 09:00:00,CRVBND,12.0,66.0,49.0,33.0,33.0,0,40.288516998291016,39.23381692856105,47.71526680016013,63.722999572753906
202302A,2023,2023-06-06 15:30:00,EMBC,12.42,66.0,57.0,35.90909090906554,35.90909090906554,0,55.38246536254883,57.191472663035924,47.71526680016013,60.839393615722656
202302A,2023,2023-06-07 16:00:00,IRRCDO,13.75,66.39,77.0,66.49999999998977,66.49999999998977,0,36.96685028076172,35.28194522882059,47.71526680016013,43.96875762939453
202302A,2023,2023-06-08 03:00:00,EYE,13.55,66.81,77.0,75.0,75.0,0,42.395198822021484,41.74019008021504,47.71526680016013,44.994293212890625
202302A,2023,2023-06-08 09:00:00,IRRCDO,14.6,65.69,79.6,75.0,75.0,0,39.61408615112305,38.43142933070549,47.71526680016013,37.49222946166992
202302A,2023,2023-06-08 15:00:00,IRRCDO,14.6,66.0,65.0,75.0,75.0,0,36.718910217285156,34.986964605113194,47.71526680016013,29.615428924560547
202302A,2023,2023-06-09 03:00:00,EMBC,14.8,66.7,55.0,70.0,70.0,0,48.25140380859375,48.70746666825515,47.71526680016013,51.9917106628418
202303B,2023,2023-06-09 09:00:00,SHEAR,19.9,91.7,41.0,39.99,39.99,2,30.134191513061523,28.00945468521446,49.540730037703746,18.272903442382812
202302A,2023,2023-06-09 15:00:00,IRRCDO,15.7,67.3,65.0,65.0,65.0,0,50.23690414428711,51.069667109691395,47.71526680016013,33.99712371826172
202303B,2023,2023-06-09 15:00:00,SHEAR,20.0,91.9,37.0,37.2,37.2,2,20.50250244140625,16.292459439501936,49.540730037703746,13.99612045288086
202302A,2023,2023-06-09 20:30:00,EMBC,16.37,67.4,72.2,70.0,70.0,0,49.908443450927734,50.678889036829965,47.71526680016013,64.59147644042969
202303B,2023,2023-06-09 21:00:00,CRVBND,20.47,91.85,35.0,30.69,30.69,2,29.801931381225586,27.605258665586053,49.540730037703746,31.93286895751953
202302A,2023,2023-06-10 03:00:00,EMBC,16.8,67.4,77.0,75.0,75.0,0,68.69981384277344,73.03546215687868,47.71526680016013,66.31602478027344
202303B,2023,2023-06-10 03:10:00,CRVBND,21.11,91.9,32.0,26.040000000000003,26.040000000000003,2,25.288421630859375,22.11455273715751,49.540730037703746,42.004417419433594
202302A,2023,2023-06-10 14:00:00,EMBC,17.44,67.39,59.0,80.0,80.0,0,57.663307189941406,59.90504841754795,47.71526680016013,52.014495849609375
202302A,2023,2023-06-11 02:00:00,SHEAR,19.15,68.86,65.0,90.0,90.0,0,33.37078857421875,31.003618805037156,47.71526680016013,34.47176742553711
202302A,2023,2023-06-11 08:30:00,EMBC,18.57,67.85,74.6,90.0,90.0,0,53.689823150634766,55.17769300845796,47.71526680016013,60.62128448486328
202302A,2023,2023-06-12 02:00:00,EMBC,19.47,67.63,74.6,90.0,90.0,0,58.33170700073242,60.70026073744669,47.71526680016013,76.11006927490234
202302A,2023,2023-06-12 08:00:00,EYE,19.67,67.15,82.2,90.0,90.0,0,61.242431640625,64.16322415560825,47.71526680016013,71.88121032714844
202302A,2023,2023-06-12 15:00:00,EYE,20.0,67.09,74.6,90.0,90.0,0,77.87294006347656,83.94896462190258,47.71526680016013,64.82296752929688
202302A,2023,2023-06-13 15:00:00,EMBC,21.5,66.4,82.2,85.0,85.0,0,60.68887710571289,63.504646192552,47.71526680016013,67.51318359375
202302A,2023,2023-06-13 21:00:00,CRVBND,21.8,66.8,67.4,85.0,85.0,0,54.788726806640625,56.48508674425727,47.71526680016013,48.15144729614258
202302A,2023,2023-06-14 09:00:00,CRVBND,21.7,66.4,53.0,80.0,80.0,0,57.24044418334961,59.40195750243643,47.71526680016013,46.544944763183594
202302A,2023,2023-06-14 15:00:00,SHEAR,22.2,66.9,39.0,70.0,70.0,0,51.71747589111328,52.83114111755626,47.71526680016013,30.44417953491211
202302A,2023,2023-06-14 21:00:00,CRVBND,22.4,66.8,35.0,70.0,70.0,0,53.46860885620117,54.91450871452,47.71526680016013,37.73467254638672
202302A,2023,2023-06-15 03:00:00,SHEAR,22.8,67.0,35.0,70.0,70.0,0,47.258365631103516,47.52602379511088,47.71526680016013,40.161865234375
202302A,2023,2023-06-15 09:00:00,CRVBND,22.9,67.4,34.0,65.0,65.0,0,37.71495056152344,36.17197923268631,47.71526680016013,56.60407257080078
202302A,2023,2023-06-15 15:00:00,CRVBND,23.1,68.3,34.0,65.0,65.0,0,50.39937973022461,51.262968462466105,47.71526680016013,55.50611877441406
202304B,2023,2023-08-01 00:00:00,CRVBND,20.63,91.78,41.0,25.0,25.0,4,33.51435852050781,21.19985058105974,49.12199992680404,20.360570907592773
202304B,2023,2023-08-01 06:00:00,SHEAR,21.53,91.07,33.0,30.0,30.0,4,34.37477111816406,22.637171417835862,49.12199992680404,12.309425354003906
202305A,2023,2023-10-21 15:30:00,EYE,11.25,56.95,65.0,66.81818181813108,66.81818181813108,3,82.89781951904297,100.71713352172132,50.69363147943891,68.97148132324219
202305A,2023,2023-10-21 21:00:00,EYE,11.68,56.07,94.8,80.0,80.0,3,89.57654571533203,110.854903461467,50.69363147943891,63.73741912841797
202305A,2023,2023-10-22 03:00:00,EYE,12.4,55.42,99.6,95.0,95.0,3,86.49839782714844,106.18252219986383,50.69363147943891,74.23069763183594
202305A,2023,2023-10-22 09:00:00,EYE,13.1,54.37,99.6,95.0,95.0,3,83.20939636230469,101.19008214436356,50.69363147943891,71.5947265625
202305A,2023,2023-10-22 15:00:00,EYE,13.63,54.05,92.4,95.0,95.0,3,84.79244995117188,103.59303034354882,50.69363147943891,64.72303009033203
202305A,2023,2023-10-22 21:00:00,EYE,14.0,53.6,94.8,95.0,95.0,3,80.83976745605469,97.59317579005283,50.69363147943891,57.19347381591797
202305A,2023,2023-10-23 15:00:00,EYE,15.48,52.44,67.4,70.0,70.0,3,61.68266677856445,68.5142356339416,50.69363147943891,63.292320251464844
202306B,2023,2023-10-24 03:00:00,EMBC,20.0,89.5,74.6,65.0,65.0,1,92.7337646484375,106.00811708992161,48.893103305784514,69.01798248291016
202306B,2023,2023-10-24 08:30:00,EMBC,20.65,90.73,79.6,65.0,65.0,1,59.731414794921875,62.72849243830301,48.893103305784514,67.42375183105469
202306B,2023,2023-10-24 15:00:00,EMBC,21.1,91.5,74.6,55.0,55.0,1,71.41581726074219,78.05153928932232,48.893103305784514,70.90567016601562
202307B,2023,2023-11-17 00:00:00,CRVBND,20.26,88.86,35.0,35.0,35.0,3,46.3836669921875,45.291582753114454,50.69363147943891,31.922752380371094
202307B,2023,2023-11-17 06:00:00,SHEAR,21.11,89.53,32.0,45.0,45.0,3,34.151451110839844,26.724061520201975,50.69363147943891,23.48278045654297
202308B,2023,2023-12-03 03:00:00,CRVBND,11.67,82.36,37.0,35.0,35.0,2,33.26335906982422,31.81610179693703,49.540730037703746,56.305328369140625
202308B,2023,2023-12-03 09:00:00,CRVBND,12.0,82.5,37.0,35.0,35.0,2,34.75914764404297,33.63573566201779,49.540730037703746,39.49597930908203
202308B,2023,2023-12-03 14:30:00,CRVBND,12.56,82.42,43.0,39.090909090858354,39.090909090858354,2,30.375911712646484,28.303508449643438,49.540730037703746,50.68854904174805
202308B,2023,2023-12-03 20:00:00,CRVBND,12.98,82.14,45.0,45.0,45.0,2,44.01258850097656,44.892590168071706,49.540730037703746,53.083824157714844
202308B,2023,2023-12-04 03:00:00,CRVBND,13.7,81.1,53.0,50.0,50.0,2,43.354393005371094,44.091892239039275,49.540730037703746,46.61907196044922
202401B,2024,2024-05-25 18:30:00,CRVBND,18.87,89.1,35.0,40.49999999993861,40.49999999993861,0,33.4163703918457,31.057848657223133,47.71526680016013,33.905113220214844
202401B,2024,2024-05-26 00:00:00,CRVBND,19.34,89.01,35.0,50.0,50.0,0,36.01750946044922,34.152490217153456,47.71526680016013,53.18147659301758
202401B,2024,2024-05-26 06:00:00,CRVBND,20.53,88.61,41.0,50.0,50.0,0,42.88719940185547,42.32553573137297,47.71526680016013,56.40651321411133
202401B,2024,2024-05-26 12:00:00,CRVBND,21.02,88.89,51.0,60.0,60.0,0,36.47536087036133,34.69720772898853,47.71526680016013,47.36015319824219
202402A,2024,2024-08-30 06:00:00,CRVBND,23.55,67.77,35.0,35.0,35.0,1,42.99247360229492,40.77687095989371,48.893103305784514,37.190513610839844
202402A,2024,2024-08-30 12:00:00,CRVBND,23.55,66.86,33.0,35.0,35.0,1,40.11094665527344,36.99800656859554,48.893103305784514,42.97587203979492
202402A,2024,2024-08-30 18:00:00,CRVBND,23.93,66.04,33.0,35.0,35.0,1,42.5589485168457,40.208341656417325,48.893103305784514,38.74222946166992
202402A,2024,2024-08-31 00:00:00,CRVBND,23.42,65.58,33.0,40.0,40.0,1,52.85956954956055,53.71668315189348,48.893103305784514,40.91320037841797
202402A,2024,2024-08-31 06:00:00,CRVBND,23.64,64.9,31.0,40.0,40.0,1,50.890403747558594,51.134298650010216,48.893103305784514,44.460289001464844
202402A,2024,2024-08-31 12:00:00,CRVBND,23.29,64.12,34.0,40.0,40.0,1,50.88129425048828,51.12235236086057,48.893103305784514,38.676544189453125
202402A,2024,2024-08-31 18:00:00,CRVBND,23.14,63.44,33.0,40.0,40.0,1,46.308067321777344,45.12497502864616,48.893103305784514,36.45336151123047
202402A,2024,2024-09-01 00:00:00,CRVBND,23.11,62.61,39.0,40.0,40.0,1,39.80364227294922,36.595004407239664,48.893103305784514,38.891719818115234
202402A,2024,2024-09-01 06:00:00,SHEAR,22.37,62.06,39.0,35.0,35.0,1,36.382301330566406,32.108222331151545,48.893103305784514,34.7373161315918
202402A,2024,2024-09-01 12:00:00,SHEAR,22.2,61.54,31.0,30.0,30.0,1,35.15879821777344,30.50370763093162,48.893103305784514,34.07486343383789
202402A,2024,2024-09-01 18:00:00,SHEAR,21.68,61.6,30.0,30.0,30.0,1,30.80317497253418,24.791698031174626,48.893103305784514,33.175636291503906
202402A,2024,2024-09-01 22:30:00,SHEAR,21.33,61.45,25.0,22.72727272728964,22.72727272728964,1,33.43487548828125,28.242937443596983,48.893103305784514,31.030559539794922
202403B,2024,2024-10-23 13:00:00,IRRCDO,17.4,88.93,47.0,45.0,45.0,4,45.84002685546875,41.78990234609542,49.12199992680404,66.02716827392578
202403B,2024,2024-10-24 00:30:00,EMBC,18.76,88.42,63.0,55.0,55.0,4,47.458702087402344,44.493902316771205,49.12199992680404,90.27372741699219
202403B,2024,2024-10-25 00:30:00,IRRCDO,20.82,86.87,49.0,49.090909090858354,49.090909090858354,4,54.84500503540039,56.83273506145396,49.12199992680404,60.28263854980469
202404B,2024,2024-11-30 09:30:00,CRVBND,12.4,80.78,53.0,44.09090909093446,44.09090909093446,2,49.31501770019531,51.34302033206122,49.540730037703746,49.723854064941406
202404B,2024,2024-11-30 15:00:00,CRVBND,12.4,80.5,51.0,40.0,40.0,2,38.817588806152344,38.572848503562966,49.540730037703746,34.63275146484375
202404B,2024,2024-11-30 21:00:00,IRRCDO,12.2,80.1,37.0,35.0,35.0,2,43.89803695678711,44.75323767354333,49.540730037703746,38.03987121582031
202501B,2025,2025-10-01 12:00:00,SHEAR,16.52,86.27,35.0,25.0,25.0,3,32.70393371582031,24.52684637719436,50.69363147943891,8.491241455078125
202501B,2025,2025-10-01 18:00:00,SHEAR,17.49,86.08,31.0,30.0,30.0,3,36.1900634765625,29.81851135279135,50.69363147943891,18.840476989746094
202501B,2025,2025-10-02 00:00:00,CRVBND,17.33,85.26,32.0,30.0,30.0,3,39.539363861083984,34.902480325235054,50.69363147943891,26.798503875732422
202501B,2025,2025-10-02 06:00:00,CRVBND,17.72,84.84,35.0,30.0,30.0,3,43.839012145996094,41.42900107981855,50.69363147943891,28.307723999023438
202502A,2025,2025-10-03 05:30:00,CRVBND,21.65,66.85,39.0,34.090909090858354,34.090909090858354,0,49.45890808105469,50.14406533014724,47.71526680016013,54.997657775878906
202502A,2025,2025-10-03 12:30:00,IRRCDO,21.97,66.4,47.0,40.0,40.0,0,61.37876510620117,64.32542356035128,47.71526680016013,56.98926544189453
202502A,2025,2025-10-03 18:00:00,IRRCDO,22.01,65.84,49.0,45.0,45.0,0,58.49142837524414,60.89028533457003,47.71526680016013,48.75322341918945
202502A,2025,2025-10-04 00:00:00,CRVBND,22.15,64.68,55.0,50.0,50.0,0,55.98493194580078,57.90824253878181,47.71526680016013,50.01741409301758
202502A,2025,2025-10-04 06:00:00,CRVBND,22.03,64.25,65.0,55.0,55.0,0,55.20827102661133,56.98422921419331,47.71526680016013,52.3587646484375
202502A,2025,2025-10-04 12:00:00,EMBC,21.7,63.5,74.6,55.0,55.0,0,58.951507568359375,61.43765329695968,47.71526680016013,47.33433151245117
202502A,2025,2025-10-04 17:00:00,IRRCDO,21.13,62.92,79.6,55.0,55.0,0,61.7077522277832,64.7168279383095,47.71526680016013,57.26616668701172
202502A,2025,2025-10-05 05:30:00,EMBC,20.82,60.91,61.0,60.0,60.0,0,53.362796783447266,54.78862139006317,47.71526680016013,59.67402648925781
202502A,2025,2025-10-05 18:00:00,CRVBND,19.79,60.34,49.0,50.0,50.0,0,50.0189323425293,50.8103404920743,47.71526680016013,45.51870346069336
202502A,2025,2025-10-06 00:00:00,SHEAR,19.66,60.01,41.0,45.0,45.0,0,44.194496154785156,43.88086005509326,47.71526680016013,33.43449783325195
202502A,2025,2025-10-06 06:00:00,SHEAR,19.76,60.77,31.0,40.0,40.0,0,22.590476989746094,18.178006879482492,47.71526680016013,27.2725887298584
202502A,2025,2025-10-06 12:00:00,SHEAR,19.76,60.39,31.0,35.0,35.0,0,25.422252655029297,21.547042686894954,47.71526680016013,31.267074584960938
202502A,2025,2025-10-06 18:00:00,SHEAR,19.52,60.22,28.0,30.0,30.0,0,29.490015029907227,26.386563438846302,47.71526680016013,32.28470230102539
202502A,2025,2025-10-06 22:30:00,SHEAR,19.42,60.27,25.0,30.0,30.0,0,25.838335037231445,22.042066520053123,47.71526680016013,30.72648811340332
202503B,2025,2025-10-26 18:00:00,CRVBND,11.85,85.68,35.0,35.0,35.0,1,33.39115524291992,28.185602259365748,48.893103305784514,31.153087615966797
202503B,2025,2025-10-27 00:00:00,CRVBND,11.67,84.9,35.0,35.0,35.0,1,32.59619140625,27.14307842044524,48.893103305784514,40.01085662841797
202503B,2025,2025-10-27 06:00:00,CRVBND,13.16,84.8,35.0,40.0,40.0,1,32.3513069152832,26.821934353459454,48.893103305784514,29.76169204711914
202503B,2025,2025-10-27 13:00:00,IRRCDO,13.4,83.94,43.0,45.0,45.0,1,33.166290283203125,27.89071201376078,48.893103305784514,35.44654083251953
202503B,2025,2025-10-27 18:00:00,CRVBND,13.9,83.57,43.0,45.0,45.0,1,34.65119171142578,29.83802718202547,48.893103305784514,26.14653968811035
202503B,2025,2025-10-27 23:30:00,IRRCDO,14.75,83.15,33.0,49.09090909093446,49.09090909093446,1,53.7562255859375,54.89256719858262,48.893103305784514,45.315982818603516
202503B,2025,2025-10-28 06:00:00,CRVBND,15.12,82.72,39.0,50.0,50.0,1,47.8456916809082,47.141431596549616,48.893103305784514,33.67594909667969
202503B,2025,2025-10-28 12:00:00,CRVBND,15.82,82.2,35.0,50.0,50.0,1,59.50847625732422,62.436128522689906,48.893103305784514,38.857418060302734
202503B,2025,2025-10-28 17:00:00,CRVBND,16.41,81.75,35.0,50.0,50.0,1,34.16758728027344,29.203823304027875,48.893103305784514,30.33979034423828
202505B,2025,2025-11-27 09:00:00,CRVBND,7.2,82.0,39.0,35.0,35.0,1,38.43768310546875,34.8036713560965,48.893103305784514,46.86944580078125
202505B,2025,2025-11-29 03:00:00,SHEAR,9.6,80.8,35.0,40.0,40.0,1,31.562240600585938,25.787144586157606,48.893103305784514,31.76321029663086
202505B,2025,2025-11-29 09:00:00,SHEAR,10.2,80.8,29.0,40.0,40.0,1,34.34463882446289,29.436010539498103,48.893103305784514,34.16878128051758
202505B,2025,2025-11-29 15:00:00,SHEAR,10.4,80.8,28.0,40.0,40.0,1,32.6156005859375,27.16853182044249,48.893103305784514,32.09284973144531
202505B,2025,2025-11-29 21:00:00,SHEAR,10.7,80.8,25.0,40.0,40.0,1,31.95342254638672,26.300144656149413,48.893103305784514,31.0421142578125
202505B,2025,2025-11-30 03:00:00,SHEAR,11.15,80.8,25.0,40.0,40.0,1,31.057016372680664,25.124588281964172,48.893103305784514,27.505619049072266
202505B,2025,2025-11-30 09:00:00,SHEAR,11.65,80.8,25.0,35.0,35.0,1,31.229328155517578,25.35055974512768,48.893103305784514,29.177165985107422
202505B,2025,2025-11-30 15:00:00,SHEAR,12.16,80.8,25.0,30.0,30.0,1,31.003490447998047,25.054393827942658,48.893103305784514,23.485639572143555
201401B,2014,2014-01-04 07:30:00,CRVBND,8.99,83.19,35.0,25.0,25.0,1,31.46202278137207,25.655717896293645,48.893103305784514,32.11823272705078
201401B,2014,2014-01-04 12:00:00,CRVBND,9.05,82.95,35.0,25.0,25.0,1,32.210975646972656,26.637902469477744,48.893103305784514,30.32647705078125
201401B,2014,2014-01-04 18:00:00,CRVBND,9.15,82.76,32.0,25.0,25.0,1,30.555908203125,24.46742981947613,48.893103305784514,25.747766494750977
201401B,2014,2014-01-05 00:00:00,CRVBND,9.43,82.04,35.0,25.0,25.0,1,37.00111389160156,32.91973955614258,48.893103305784514,30.210826873779297
201401B,2014,2014-01-05 06:00:00,CRVBND,9.3,81.49,34.0,25.0,25.0,1,29.974451065063477,23.704900884475872,48.893103305784514,29.884654998779297
201401B,2014,2014-01-05 12:00:00,CRVBND,9.26,81.4,33.0,25.0,25.0,1,30.145769119262695,23.929569161574268,48.893103305784514,32.33837127685547
201401B,2014,2014-01-05 18:00:00,CRVBND,9.16,81.26,33.0,25.0,25.0,1,30.00453758239746,23.744356656051803,48.893103305784514,33.686344146728516
201401B,2014,2014-01-06 00:00:00,CRVBND,9.28,80.82,33.0,25.0,25.0,1,29.840835571289062,23.52967613703016,48.893103305784514,39.97972106933594
201402A,2014,2014-06-10 03:00:00,IRRCDO,15.3,68.7,39.0,35.34,35.34,1,33.51063537597656,28.342289747831543,48.893103305784514,30.987812042236328
201402A,2014,2014-06-10 20:00:00,EMBC,16.56,67.67,57.0,31.90909090906554,31.90909090906554,1,57.861209869384766,60.27588625849694,48.893103305784514,52.937862396240234
201402A,2014,2014-06-11 03:00:00,EMBC,17.25,66.85,59.0,35.0,35.0,1,54.88705825805664,56.37555291960968,48.893103305784514,55.95211410522461
201402A,2014,2014-06-11 09:30:00,EMBC,16.57,66.2,57.0,45.0,45.0,1,49.376365661621094,49.14877336594776,48.893103305784514,67.60816955566406
201402A,2014,2014-06-12 03:30:00,EMBC,18.47,63.65,67.4,45.0,45.0,1,54.92763137817383,56.428760931081925,48.893103305784514,55.834320068359375
201402A,2014,2014-06-12 15:00:00,EMBC,18.3,63.4,74.6,45.0,45.0,1,63.425106048583984,67.57243754363718,48.893103305784514,48.8533935546875
201402A,2014,2014-06-13 09:00:00,SHEAR,21.4,64.3,63.0,30.0,30.0,1,38.714054107666016,35.16610716120676,48.893103305784514,37.02395248413086
201402A,2014,2014-06-13 15:00:00,SHEAR,21.66,64.41,47.0,25.0,25.0,1,36.55730056762695,32.33771814971954,48.893103305784514,30.259765625
201402A,2014,2014-06-13 21:00:00,SHEAR,21.93,64.6,32.0,25.0,25.0,1,30.700061798095703,24.656474342372395,48.893103305784514,28.931655883789062
201402A,2014,2014-06-14 02:30:00,SHEAR,22.13,64.8,27.0,17.56600000005071,17.56600000005071,1,31.302291870117188,25.446245118898798,48.893103305784514,33.10538864135742
201403B,2014,2014-10-08 10:30:00,EMBC,12.89,91.35,55.0,40.0,40.0,1,37.35615539550781,33.38534467496026,48.893103305784514,47.7662467956543
201403B,2014,2014-10-09 01:30:00,EMBC,13.7,89.06,72.2,50.45454545457928,50.45454545457928,1,49.030303955078125,48.69494444673573,48.893103305784514,62.409751892089844
201403B,2014,2014-10-09 05:00:00,EMBC,13.92,88.68,77.0,55.0,55.0,1,34.31669235229492,29.399361245398282,48.893103305784514,60.45585250854492
201403B,2014,2014-10-11 06:00:00,EYE,16.07,85.22,115.0,90.0,90.0,1,92.7873764038086,106.07842410320019,48.893103305784514,62.721553802490234
201403B,2014,2014-10-11 12:00:00,EYE,16.26,84.88,127.0,95.0,95.0,1,98.921630859375,114.12294916074399,48.893103305784514,63.40751266479492
201403B,2014,2014-10-11 23:30:00,EYE,17.2,84.24,124.6,100.0,100.0,1,92.96598815917969,106.31265741583215,48.893103305784514,68.40106201171875
201403B,2014,2014-10-12 06:00:00,EYE,17.52,83.45,122.2,100.0,100.0,1,103.57038879394531,120.21937863917411,48.893103305784514,70.45588684082031
201404A,2014,2014-10-25 23:30:00,CRVBND,14.03,63.03,49.0,25.0,25.0,0,40.17972946166992,39.10438961877448,47.71526680016013,54.62323760986328
201404A,2014,2014-10-26 06:00:00,EMBC,14.48,62.81,57.0,35.0,35.0,0,38.90147399902344,37.58361645956101,47.71526680016013,47.95323181152344
201404A,2014,2014-10-26 13:30:00,EMBC,14.29,62.9,72.2,40.0,40.0,0,54.025352478027344,55.57688081569888,47.71526680016013,55.9495849609375
201404A,2014,2014-10-27 00:00:00,EYE,14.9,62.89,90.0,55.0,55.0,0,63.77534484863281,67.17669566730473,47.71526680016013,47.32649612426758
201404A,2014,2014-10-27 05:00:00,EYE,14.97,62.57,102.0,63.63636363635518,63.63636363635518,0,55.18177032470703,56.952700652544976,47.71526680016013,54.858543395996094
201404A,2014,2014-10-27 12:30:00,EMBC,15.36,62.16,82.2,70.0,70.0,0,60.31641387939453,63.061517182795,47.71526680016013,53.044639587402344
201404A,2014,2014-10-28 01:00:00,EMBC,15.81,61.72,87.4,75.0,75.0,0,53.807456970214844,55.3176449669364,47.71526680016013,44.45735549926758
201404A,2014,2014-10-28 06:00:00,EYE,16.12,61.47,69.8,80.0,80.0,0,80.83952331542969,87.4783844569659,47.71526680016013,51.61650085449219
201404A,2014,2014-10-28 12:00:00,EYE,16.8,61.8,99.6,100.0,100.0,0,89.2639389038086,97.50112676728722,47.71526680016013,73.16410827636719
201404A,2014,2014-10-29 00:00:00,EMBC,18.56,62.01,109.8,105.0,105.0,0,86.99830627441406,94.80564578394144,47.71526680016013,64.96601104736328
201404A,2014,2014-10-29 12:30:00,EMBC,19.84,62.57,74.6,78.99999999993861,78.99999999993861,0,45.09859848022461,44.95649367442015,47.71526680016013,49.679264068603516
201404A,2014,2014-10-30 00:00:00,IRRCDO,19.5,63.79,51.0,60.0,60.0,0,48.944766998291016,49.53237855738186,47.71526680016013,47.22309875488281
201404A,2014,2014-10-30 12:00:00,CRVBND,20.43,64.58,49.0,40.0,40.0,0,46.15924072265625,46.2183668296332,47.71526680016013,30.17604637145996
201404A,2014,2014-10-31 00:00:00,SHEAR,21.2,65.5,30.0,25.0,25.0,0,25.607746124267578,21.767729003105117,47.71526680016013,28.474212646484375
201404A,2014,2014-10-31 05:30:00,SHEAR,21.18,65.47,25.0,23.757272727258574,23.757272727258574,0,25.171812057495117,21.24908711397776,47.71526680016013,20.442750930786133
201405B,2014,2014-11-06 05:00:00,EMBC,13.96,87.0,41.0,30.0,30.0,3,37.423370361328125,31.69057214633091,50.69363147943891,48.95248031616211
201405B,2014,2014-11-06 12:00:00,CRVBND,13.86,88.01,49.0,30.0,30.0,3,35.092063903808594,28.15183619118597,50.69363147943891,29.272356033325195
201405B,2014,2014-11-07 06:00:00,CRVBND,13.3,87.1,33.0,25.0,25.0,3,27.25374984741211,16.25390501631991,50.69363147943891,26.746570587158203
201405B,2014,2014-11-07 12:00:00,CRVBND,14.27,87.11,33.0,25.0,25.0,3,27.50482940673828,16.635023621007694,50.69363147943891,30.094158172607422
201405B,2014,2014-11-08 00:00:00,SHEAR,14.57,86.7,28.0,25.0,25.0,3,23.270742416381836,10.208019645765525,50.69363147943891,28.097227096557617
201405B,2014,2014-11-08 05:30:00,SHEAR,14.6,86.15,25.0,18.6,18.6,3,26.200580596923828,14.655278683203125,50.69363147943891,24.303165435791016
201501A,2015,2015-06-07 09:00:00,CRVBND,15.8,68.4,35.0,25.0,25.0,4,40.584228515625,33.01008149232308,49.12199992680404,62.50833511352539
201501A,2015,2015-06-07 15:00:00,CRVBND,16.3,68.5,34.0,25.0,25.0,4,47.87474060058594,45.188895423019325,49.12199992680404,32.86601638793945
201501A,2015,2015-06-07 21:00:00,IRRCDO,16.9,68.1,41.0,28.0,28.0,4,53.26841735839844,54.199042429184175,49.12199992680404,47.331111907958984
201501A,2015,2015-06-08 03:00:00,EMBC,18.0,67.5,51.0,35.0,35.0,4,55.182891845703125,57.39717560340191,49.12199992680404,57.0034065246582
201501A,2015,2015-06-08 21:00:00,IRRCDO,19.6,65.5,49.0,35.0,35.0,4,53.445396423339844,54.49468628470925,49.12199992680404,40.238040924072266
201501A,2015,2015-06-09 03:00:00,IRRCDO,20.4,64.8,47.0,35.0,35.0,4,42.59825134277344,36.374510352486894,49.12199992680404,44.81592559814453
201501A,2015,2015-06-09 15:00:00,CRVBND,21.2,62.5,53.0,40.0,40.0,4,51.88153839111328,51.882258547595896,49.12199992680404,39.271263122558594
201501A,2015,2015-06-09 21:00:00,IRRCDO,21.1,62.5,59.0,45.0,45.0,4,56.72369384765625,59.971088199273005,49.12199992680404,46.4731559753418
201501A,2015,2015-06-10 03:00:00,EMBC,21.2,61.6,69.8,45.0,45.0,4,54.490509033203125,56.24054883370706,49.12199992680404,59.570228576660156
201501A,2015,2015-06-10 21:00:00,SHEAR,20.6,61.1,74.6,45.0,45.0,4,31.909311294555664,18.518616219597718,49.12199992680404,41.55921173095703
201501A,2015,2015-06-11 03:00:00,CRVBND,20.6,60.8,55.0,40.0,40.0,4,41.00398254394531,33.71128137348351,49.12199992680404,54.13990020751953
201501A,2015,2015-06-11 09:00:00,EMBC,20.8,60.5,55.0,35.0,35.0,4,62.8580207824707,70.21849269686308,49.12199992680404,67.38832092285156
201501A,2015,2015-06-11 15:00:00,CRVBND,20.8,59.8,55.0,35.0,35.0,4,60.3006706237793,65.94643452380457,49.12199992680404,57.88758087158203
201501A,2015,2015-06-11 21:00:00,CRVBND,20.85,59.83,41.0,28.0,28.0,4,34.28061294555664,22.479880016233814,49.12199992680404,46.12076950073242
201502B,2015,2015-07-29 01:00:00,CRVBND,21.23,91.24,35.0,30.0,30.0,3,33.766544342041016,26.139803960354477,50.69363147943891,35.05431365966797
201502B,2015,2015-07-29 06:00:00,CRVBND,21.41,91.38,35.0,30.0,30.0,3,36.151268005371094,29.759622943522373,50.69363147943891,31.98862075805664
201502B,2015,2015-07-29 12:00:00,CRVBND,21.44,91.46,35.0,30.0,30.0,3,37.232269287109375,31.40049606464569,50.69363147943891,27.770811080932617
201502B,2015,2015-07-29 18:00:00,CRVBND,21.62,91.21,41.0,35.0,35.0,3,35.555824279785156,28.85578719331459,50.69363147943891,29.504491806030273
201502B,2015,2015-07-30 00:00:00,CRVBND,21.96,91.19,41.0,35.0,35.0,3,40.06700134277344,35.70339164331343,50.69363147943891,29.265789031982422
201502B,2015,2015-07-30 06:00:00,CRVBND,22.31,91.05,37.0,40.0,40.0,3,37.717933654785156,32.13769556687485,50.69363147943891,36.488136291503906
201503A,2015,2015-10-09 21:00:00,CRVBND,15.0,69.8,37.0,30.0,30.0,2,23.96209144592285,20.501065802983096,49.540730037703746,46.57562255859375
201503A,2015,2015-10-10 03:30:00,IRRCDO,15.02,69.49,45.0,30.0,30.0,2,25.63768768310547,22.539436539283088,49.540730037703746,62.00056457519531
201503A,2015,2015-10-10 09:00:00,CRVBND,15.0,69.1,47.0,30.0,30.0,2,28.08885383605957,25.521291741101688,49.540730037703746,51.7795524597168
201503A,2015,2015-10-10 15:00:00,CRVBND,15.3,69.4,35.0,30.0,30.0,2,31.99842643737793,30.277305275344926,49.540730037703746,33.424232482910156
201503A,2015,2015-10-10 21:00:00,CRVBND,15.7,69.5,33.0,30.0,30.0,2,31.886005401611328,30.14054455437525,49.540730037703746,28.521108627319336
201503A,2015,2015-10-11 03:00:00,CRVBND,15.9,69.7,32.0,25.0,25.0,2,21.81545066833496,17.889667158557447,49.540730037703746,25.440162658691406
201503A,2015,2015-10-11 09:00:00,CRVBND,16.0,69.3,35.0,25.0,25.0,2,24.43717384338379,21.079005783287595,49.540730037703746,48.565765380859375
201503A,2015,2015-10-11 15:00:00,CRVBND,16.2,69.11,39.0,25.0,25.0,2,32.7306022644043,31.168000626956733,49.540730037703746,39.649864196777344
201503A,2015,2015-10-11 21:00:00,CRVBND,16.4,68.86,34.0,23.0,23.0,2,23.348169326782227,19.754226645521356,49.540730037703746,27.34481430053711
201504A,2015,2015-10-28 20:30:00,EMBC,13.57,64.53,37.0,32.45454545456067,32.45454545456067,2,59.1167106628418,63.26682611408546,49.540730037703746,62.626869201660156
201504A,2015,2015-10-29 03:00:00,CRVBND,13.7,64.0,53.0,40.0,40.0,2,38.8064079284668,38.5592469130517,49.540730037703746,52.62060546875
201504A,2015,2015-10-29 09:00:00,EMBC,13.85,63.45,65.0,50.0,50.0,2,57.30790710449219,61.0664080424535,49.540730037703746,58.04911804199219
201504A,2015,2015-10-29 15:00:00,EYE,14.25,62.75,77.0,60.0,60.0,2,76.67338562011719,84.62460411901466,49.540730037703746,54.503013610839844
201504A,2015,2015-10-29 21:30:00,EMBC,14.06,62.1,82.2,77.72727272719662,77.72727272719662,2,65.86782836914062,71.47959268903,49.540730037703746,61.580204010009766
201504A,2015,2015-10-30 03:00:00,EYE,14.15,61.45,109.8,105.0,105.0,2,103.59925842285156,117.38005555325408,49.540730037703746,71.4166259765625
201504A,2015,2015-10-30 15:00:00,EYE,13.86,60.37,124.6,115.0,115.0,2,83.4302978515625,92.84441976116719,49.540730037703746,58.59463119506836
201504A,2015,2015-10-31 03:00:00,EYE,13.85,59.25,102.0,110.0,110.0,2,75.59391784667969,83.31142647434912,49.540730037703746,60.971885681152344
201504A,2015,2015-10-31 09:00:00,EYE,13.9,58.3,104.6,105.0,105.0,2,90.37020111083984,101.28684485293596,49.540730037703746,65.14447784423828
201504A,2015,2015-10-31 15:00:00,EYE,13.65,57.55,112.4,105.0,105.0,2,85.67144775390625,95.57078920222078,49.540730037703746,57.26716995239258
201504A,2015,2015-10-31 21:00:00,EYE,13.65,56.75,112.4,105.0,105.0,2,89.20123291015625,99.86478951581896,49.540730037703746,65.81859588623047
201504A,2015,2015-11-01 04:00:00,EYE,13.55,55.92,112.4,103.1818181817759,103.1818181817759,2,94.44692993164062,106.24620471765103,49.540730037703746,73.90763854980469
201504A,2015,2015-11-01 09:00:00,EYE,13.65,55.04,119.8,100.0,100.0,2,92.59439849853516,103.99259147985374,49.540730037703746,70.0468978881836
201504A,2015,2015-11-01 15:00:00,EYE,13.55,54.05,117.4,100.0,100.0,2,110.45417785644531,125.71909741970389,49.540730037703746,61.801334381103516
201504A,2015,2015-11-01 21:00:00,EYE,13.15,53.05,119.8,100.0,100.0,2,116.70893096923828,133.3280341223404,49.540730037703746,58.94139099121094
201504A,2015,2015-11-02 03:00:00,EYE,13.25,52.15,117.4,95.0,95.0,2,110.09075927734375,125.27699700181687,49.540730037703746,70.49864959716797
201504A,2015,2015-11-02 09:00:00,EYE,13.35,50.94,112.4,90.0,90.0,2,99.52802276611328,112.42737814856501,49.540730037703746,67.46578979492188
201504A,2015,2015-11-02 15:00:00,EYE,13.55,50.04,92.4,85.0,85.0,2,87.38595581054688,97.65649635067025,49.540730037703746,63.30629348754883
201504A,2015,2015-11-03 03:30:00,CRVBND,13.47,48.08,72.2,53.18181818186892,53.18181818186892,2,51.63228225708008,54.16198360985013,49.540730037703746,48.7881965637207
201505A,2015,2015-11-05 08:00:00,CRVBND,14.03,64.64,37.0,31.90909090908584,31.90909090908584,0,34.06657791137695,31.831417143740424,47.71526680016013,56.04987335205078
201505A,2015,2015-11-05 14:30:00,CRVBND,13.82,63.57,53.0,39.09090909093446,39.09090909093446,0,31.49365234375,28.7703419062444,47.71526680016013,42.33937454223633
201505A,2015,2015-11-06 09:00:00,CRVBND,13.0,61.4,53.0,45.0,45.0,0,30.81787109375,27.966347699662272,47.71526680016013,46.74769592285156
201505A,2015,2015-11-06 15:00:00,CRVBND,12.9,60.4,45.0,45.0,45.0,0,38.05939483642578,36.58177338058827,47.71526680016013,46.32701873779297
201505A,2015,2015-11-07 09:00:00,EMBC,12.8,58.7,69.8,55.0,55.0,0,71.45466613769531,76.3129802666319,47.71526680016013,58.8658561706543
201505A,2015,2015-11-07 21:00:00,EYE,12.8,56.7,77.0,80.0,80.0,0,60.79722595214844,63.63355158142457,47.71526680016013,32.833065032958984
201505A,2015,2015-11-08 03:00:00,EYE,12.65,55.55,82.2,90.0,90.0,0,74.57786560058594,80.02873040643598,47.71526680016013,37.843971252441406
201505A,2015,2015-11-08 08:00:00,EYE,12.65,54.34,104.6,95.0,95.0,0,82.20524597167969,89.10321956954554,47.71526680016013,55.27985382080078
201505A,2015,2015-11-09 03:30:00,EMBC,12.25,49.84,69.8,80.0,80.0,0,44.47144317626953,44.210350997322884,47.71526680016013,49.95748519897461
201505A,2015,2015-11-09 09:00:00,IRRCDO,12.3,49.1,61.0,75.0,75.0,0,38.88683319091797,37.566197916361595,47.71526680016013,48.315128326416016
201505A,2015,2015-11-09 15:00:00,CRVBND,12.5,47.5,51.0,65.0,65.0,0,40.44332504272461,39.417996011447585,47.71526680016013,36.98382568359375
201505A,2015,2015-11-09 21:00:00,SHEAR,12.9,46.5,35.0,60.0,60.0,0,36.169612884521484,34.33345154414412,47.71526680016013,26.37775993347168
201601B,2016,2016-05-19 15:00:00,IRRCDO,15.7,83.3,57.0,40.0,40.0,4,36.42707443237305,26.06554790248116,49.12199992680404,40.6832160949707
201601B,2016,2016-05-19 21:00:00,CRVBND,16.7,84.0,47.0,40.0,40.0,4,37.53380584716797,27.914344779157044,49.12199992680404,41.530982971191406
201601B,2016,2016-05-20 10:00:00,EMBC,18.93,86.4,57.0,40.0,40.0,4,47.43561553955078,44.4553361958582,49.12199992680404,69.33645629882812
201601B,2016,2016-05-20 15:00:00,CRVBND,19.2,87.6,57.0,40.0,40.0,4,34.8642578125,23.454859846631727,49.12199992680404,42.296932220458984
201602A,2016,2016-06-27 09:00:00,CRVBND,21.8,64.4,49.0,25.0,25.0,0,40.804805755615234,39.84805884458367,47.71526680016013,47.233524322509766
201602A,2016,2016-06-27 15:00:00,IRRCDO,21.7,63.8,49.0,25.0,25.0,0,32.76138687133789,30.27859804040734,47.71526680016013,39.49165725708008
201602A,2016,2016-06-28 03:00:00,CRVBND,21.2,62.2,37.0,25.0,25.0,0,26.7946720123291,23.179845035687872,47.71526680016013,34.577640533447266
201602A,2016,2016-06-28 21:00:00,SHEAR,20.3,63.2,33.0,25.0,25.0,0,25.304325103759766,21.406741268326268,47.71526680016013,27.479206085205078
201603B,2016,2016-10-25 04:30:00,EMBC,16.62,90.88,45.0,35.0,35.0,3,39.375370025634766,34.653550854785365,50.69363147943891,62.32243347167969
201603B,2016,2016-10-25 11:30:00,EMBC,16.72,90.36,57.0,35.0,35.0,3,41.27825164794922,37.54197232059013,50.69363147943891,61.8465576171875
201603B,2016,2016-10-26 12:00:00,CRVBND,16.36,86.53,57.0,40.0,40.0,3,41.74967575073242,38.257556244471104,50.69363147943891,50.93806076049805
201603B,2016,2016-10-27 00:00:00,IRRCDO,15.68,85.27,41.0,30.0,30.0,3,30.88941192626953,21.772548040583036,50.69363147943891,22.763917922973633
201603B,2016,2016-10-27 04:30:00,CRVBND,15.48,84.55,43.0,30.0,30.0,3,31.348596572875977,22.46955345304419,50.69363147943891,45.164695739746094
201604B,2016,2016-11-30 03:30:00,IRRCDO,8.95,85.23,51.0,35.0,35.0,2,30.213449478149414,28.105872374075762,49.540730037703746,37.281227111816406
201604B,2016,2016-11-30 09:00:00,CRVBND,9.5,84.5,51.0,35.0,35.0,2,29.314661026000977,27.012491977098858,49.540730037703746,38.88908386230469
201604B,2016,2016-11-30 15:00:00,CRVBND,10.1,83.5,37.0,40.0,40.0,2,23.624422073364258,20.09028941646797,49.540730037703746,35.771636962890625
201604B,2016,2016-11-30 21:00:00,SHEAR,10.2,82.3,33.0,40.0,40.0,2,24.288822174072266,20.89853527691172,49.540730037703746,27.152828216552734
201604B,2016,2016-12-01 03:00:00,SHEAR,10.3,81.4,34.0,30.0,30.0,2,26.072534561157227,23.06842982019573,49.540730037703746,28.901912689208984
201604B,2016,2016-12-01 09:00:00,SHEAR,10.4,80.9,25.0,30.0,30.0,2,30.65275001525879,28.640283552266432,49.540730037703746,28.649993896484375
201604B,2016,2016-12-01 15:00:00,SHEAR,10.6,80.4,25.0,28.0,28.0,2,37.57768630981445,37.06450126076296,49.540730037703746,25.4407901763916
201604B,2016,2016-12-01 21:00:00,SHEAR,10.75,79.7,25.0,25.0,25.0,2,25.794361114501953,22.730030508538636,49.540730037703746,25.074867248535156
201605B,2016,2016-12-07 15:00:00,CRVBND,10.9,91.7,39.0,28.0,28.0,4,39.734153747558594,31.590030019009323,49.12199992680404,72.67716979980469
201605B,2016,2016-12-07 20:30:00,IRRCDO,11.17,92.0,51.0,32.45454545456067,32.45454545456067,4,45.99755859375,42.05305940644295,49.12199992680404,73.87840270996094
201605B,2016,2016-12-08 03:30:00,CRVBND,11.63,92.1,55.0,35.0,35.0,4,38.193878173828125,29.016996822458456,49.12199992680404,61.65992736816406
201605B,2016,2016-12-08 09:00:00,CRVBND,11.4,91.9,53.0,35.0,35.0,4,38.09567642211914,28.852950614483674,49.12199992680404,44.258934020996094
201605B,2016,2016-12-08 15:00:00,CRVBND,11.7,91.6,41.0,40.0,40.0,4,42.179847717285156,35.675566321756605,49.12199992680404,29.80152130126953
201605B,2016,2016-12-08 20:30:00,IRRCDO,11.88,91.33,53.0,40.0,40.0,4,57.39521789550781,61.0928703640187,49.12199992680404,36.52729415893555
201605B,2016,2016-12-09 09:00:00,IRRCDO,11.9,90.5,49.0,45.0,45.0,4,46.837890625,43.45683561987373,49.12199992680404,38.92564392089844
201605B,2016,2016-12-10 02:30:00,EMBC,12.82,87.52,65.0,55.0,55.0,4,71.2579574584961,84.2506024601778,49.12199992680404,76.11119079589844
201605B,2016,2016-12-10 15:00:00,EMBC,13.3,85.8,63.0,65.0,65.0,4,62.36306381225586,69.3916661620875,49.12199992680404,62.04420852661133
201605B,2016,2016-12-10 21:00:00,EMBC,13.35,83.72,63.0,65.0,65.0,4,57.29512023925781,60.92565704399935,49.12199992680404,66.88665771484375
201605B,2016,2016-12-11 21:00:00,EYE,13.2,82.0,74.6,70.0,70.0,4,68.97819519042969,80.44225537214858,49.12199992680404,69.6760482788086
201605B,2016,2016-12-12 04:00:00,EYE,13.25,80.82,67.4,70.0,70.0,4,58.40622329711914,62.78175675850839,49.12199992680404,64.59477996826172
201701B,2017,2017-04-16 03:00:00,IRRCDO,16.8,92.7,51.0,40.0,40.0,3,48.633514404296875,48.706670420006716,50.69363147943891,55.97739028930664
201701B,2017,2017-04-16 09:10:00,IRRCDO,17.33,93.13,53.0,40.0,40.0,3,49.29035949707031,49.70370851393067,50.69363147943891,63.72749328613281
201701B,2017,2017-04-16 15:40:00,IRRCDO,18.61,93.99,53.0,40.0,40.0,3,42.4548225402832,39.32791243457635,50.69363147943891,58.48680877685547
201702B,2017,2017-05-28 07:00:00,EMBC,14.68,89.54,45.0,26.36363636361945,26.36363636361945,2,38.04722213745117,37.63569381268009,49.540730037703746,80.0836181640625
201702B,2017,2017-05-28 12:10:00,IRRCDO,15.41,90.82,49.0,30.454545454570823,30.454545454570823,2,47.5035514831543,49.139363123555555,49.540730037703746,53.4140625
201702B,2017,2017-05-28 18:10:00,IRRCDO,16.62,91.44,49.0,35.45454545457082,35.45454545457082,2,38.267677307128906,37.90387856779313,49.540730037703746,54.10392761230469
201702B,2017,2017-05-29 00:10:00,IRRCDO,17.11,91.05,51.0,45.0,45.0,2,53.07722473144531,55.919762954315196,49.540730037703746,75.34058380126953
201702B,2017,2017-05-29 13:10:00,IRRCDO,19.08,91.58,57.0,51.8181818182241,51.8181818182241,2,67.7860107421875,73.81307060533251,49.540730037703746,42.6337890625
201702B,2017,2017-05-29 22:40:00,EYE,20.74,91.84,69.8,60.0,60.0,2,80.19070434570312,88.90343896083161,49.540730037703746,60.13166427612305
201703B,2017,2017-11-30 03:00:00,EMBC,7.7,76.9,51.0,35.0,35.0,3,42.03050994873047,38.68384000081061,50.69363147943891,69.97294616699219
201703A,2017,2017-11-30 08:30:00,EMBC,7.97,76.27,55.0,44.09090909093446,44.09090909093446,1,54.57915115356445,55.971760342137536,48.893103305784514,62.13811492919922
201703B,2017,2017-11-30 14:30:00,EYE,8.42,74.91,72.2,45.0,45.0,3,42.75634002685547,39.78559176171787,50.69363147943891,64.1169204711914
201703B,2017,2017-12-01 03:00:00,EYE,8.9,73.8,84.8,55.0,55.0,3,54.76081466674805,58.007420081968874,50.69363147943891,60.08952713012695
201703B,2017,2017-12-01 09:30:00,EMBC,8.79,72.28,90.0,65.0,65.0,3,48.3812141418457,48.323698886020395,50.69363147943891,55.93986511230469
201703B,2017,2017-12-01 15:30:00,EYE,9.14,72.25,90.0,65.90909090906554,65.90909090906554,3,62.95991134643555,70.45299030142019,50.69363147943891,57.69739532470703
201703B,2017,2017-12-01 22:00:00,EYE,9.31,71.67,90.0,76.50000000002046,76.50000000002046,3,55.75944137573242,59.52325521786561,50.69363147943891,56.79253387451172
201703B,2017,2017-12-02 03:00:00,EYE,9.45,71.45,107.2,80.0,80.0,3,67.37679290771484,77.15746175351147,50.69363147943891,62.187923431396484
201703B,2017,2017-12-02 09:00:00,EYE,10.25,70.65,107.2,85.0,85.0,3,68.1700210571289,78.36151837331394,50.69363147943891,56.814144134521484
201703B,2017,2017-12-03 04:00:00,IRRCDO,12.22,69.04,67.4,78.50000000001023,78.50000000001023,3,49.4727897644043,49.98062300719225,50.69363147943891,63.295387268066406
201703B,2017,2017-12-03 14:30:00,EMBC,13.05,68.7,72.2,75.0,75.0,3,51.61589813232422,53.23368937814004,50.69363147943891,73.43318176269531
201703B,2017,2017-12-03 21:00:00,EMBC,14.0,68.7,79.6,75.0,75.0,3,52.76380920410156,54.97612618643916,50.69363147943891,66.85830688476562
201703B,2017,2017-12-04 04:00:00,EMBC,14.72,68.95,79.6,65.0,65.0,3,44.39492416381836,42.27283087277418,50.69363147943891,67.65853118896484
201703B,2017,2017-12-05 09:00:00,SHEAR,18.7,70.8,82.2,30.0,30.0,3,35.87092208862305,29.334080358902277,50.69363147943891,33.53690719604492
201703B,2017,2017-12-05 17:00:00,SHEAR,20.03,71.41,47.0,21.499999999989768,21.499999999989768,3,26.96173858642578,15.810655376090713,50.69363147943891,26.3157958984375
201704B,2017,2017-12-08 21:00:00,CRVBND,18.7,86.9,41.0,25.0,25.0,0,33.99627685546875,31.747778182661225,47.71526680016013,44.46033477783203
201704B,2017,2017-12-09 03:00:00,CRVBND,19.7,87.0,37.0,25.0,25.0,0,32.92936706542969,30.47844836604207,47.71526680016013,51.830684661865234
201704B,2017,2017-12-09 09:00:00,SHEAR,19.1,86.9,32.0,27.9,27.9,0,25.775989532470703,21.96789248128825,47.71526680016013,33.17823028564453
201704B,2017,2017-12-09 15:00:00,SHEAR,19.7,87.2,27.0,26.040000000000003,26.040000000000003,0,26.596220016479492,22.94374162952242,47.71526680016013,28.347332000732422
201704B,2017,2017-12-09 21:00:00,SHEAR,20.31,87.63,25.0,23.25,23.25,0,26.48862075805664,22.815728044646388,47.71526680016013,28.003971099853516
201704B,2017,2017-12-10 03:45:00,SHEAR,21.04,88.26,25.0,20.62909090908619,20.62909090908619,0,30.349651336669922,27.409294700485873,47.71526680016013,28.994976043701172
201801A,2018,2018-05-17 00:00:00,CRVBND,13.21,49.1,37.0,30.0,30.0,2,53.463314056396484,56.3894424416012,49.540730037703746,48.94462585449219
201801A,2018,2018-05-17 11:00:00,IRRCDO,13.05,48.47,49.0,38.1818181817759,38.1818181817759,2,51.967708587646484,54.57003132518797,49.540730037703746,71.30400085449219
201801A,2018,2018-05-17 18:00:00,CRVBND,12.7,47.54,47.0,40.0,40.0,2,41.841400146484375,42.25132928040485,49.540730037703746,62.119293212890625
201801A,2018,2018-05-18 00:00:00,EMBC,12.28,46.59,41.0,45.0,45.0,2,49.566158294677734,51.64853405137507,49.540730037703746,43.514747619628906
201801A,2018,2018-05-18 18:00:00,IRRCDO,11.3,45.1,67.4,45.0,45.0,2,37.1861457824707,36.5881903600206,49.540730037703746,21.024070739746094
201802A,2018,2018-05-22 12:00:00,CRVBND,10.02,56.99,34.0,35.0,35.0,1,66.02499389648438,70.98195749275821,48.893103305784514,67.78903198242188
201802A,2018,2018-05-23 19:00:00,EMBC,12.67,55.8,77.0,70.0,70.0,1,84.35997772216797,95.02664587074509,48.893103305784514,67.3224105834961
201802A,2018,2018-05-24 12:30:00,EMBC,14.35,55.26,77.0,80.0,80.0,1,59.55134963989258,62.49235312225145,48.893103305784514,60.70891571044922
201802A,2018,2018-05-24 16:45:00,EYE,14.8,54.78,69.8,80.0,80.0,1,81.46369171142578,91.22842628986568,48.893103305784514,56.94458770751953
201802A,2018,2018-05-24 23:00:00,EMBC,15.34,54.51,63.0,83.1818181817759,83.1818181817759,1,77.71450805664062,86.31170787286484,48.893103305784514,56.22585678100586
201802A,2018,2018-05-25 19:00:00,EYE,16.81,53.77,99.6,93.63636363635518,93.63636363635518,1,81.71504211425781,91.55804982088357,48.893103305784514,68.15946197509766
201805A,2018,2018-10-08 06:00:00,CRVBND,12.76,61.73,45.0,40.0,40.0,2,46.76459503173828,48.24041911034915,49.540730037703746,76.07723999023438
201805A,2018,2018-10-08 12:00:00,CRVBND,12.53,61.05,47.0,45.0,45.0,2,51.40627670288086,53.88704678575249,49.540730037703746,66.37454223632812
201805A,2018,2018-10-08 23:00:00,EMBC,12.67,60.87,53.0,45.0,45.0,2,57.72556686401367,61.574493112500065,49.540730037703746,66.94294738769531
201805A,2018,2018-10-09 06:30:00,CRVBND,13.12,60.17,59.0,45.90909090906554,45.90909090906554,2,55.56488037109375,58.946007789035704,49.540730037703746,57.78556442260742
201805A,2018,2018-10-09 12:00:00,EMBC,13.43,59.67,53.0,55.0,55.0,2,62.51974868774414,67.40663794377808,49.540730037703746,67.51411437988281
201805A,2018,2018-10-10 05:30:00,EYE,14.26,58.94,77.0,73.18181818186892,73.18181818186892,2,71.41808319091797,78.23150389333156,49.540730037703746,63.05213165283203
201806B,2018,2018-10-10 06:00:00,EMBC,16.87,85.72,59.0,70.0,70.0,0,81.27995300292969,88.00237490085108,47.71526680016013,65.03194427490234
201805A,2018,2018-10-10 12:00:00,CRVBND,14.39,58.69,87.4,75.0,75.0,2,79.4012451171875,87.94305808076113,49.540730037703746,57.310707092285156
201806B,2018,2018-10-10 12:00:00,EYE,17.75,85.61,97.2,80.0,80.0,0,89.91560363769531,98.27642893892754,47.71526680016013,59.11347961425781
201805A,2018,2018-10-10 23:45:00,CRVBND,14.54,58.1,84.8,75.0,75.0,2,46.35017013549805,47.73626926676235,49.540730037703746,42.59287643432617
201806B,2018,2018-10-10 23:15:00,EMBC,19.0,85.0,84.8,80.0,80.0,0,101.18020629882812,111.67821432288193,47.71526680016013,70.73199462890625
201805A,2018,2018-10-11 05:45:00,CRVBND,14.52,57.9,67.4,70.0,70.0,2,60.5780029296875,65.04449505832237,49.540730037703746,49.52788162231445
201805A,2018,2018-10-11 12:15:00,CRVBND,14.37,57.91,51.0,70.0,70.0,2,38.51848602294922,38.20898855514707,49.540730037703746,55.02574920654297
201805A,2018,2018-10-11 23:45:00,CRVBND,14.53,57.58,33.0,60.45454545457082,60.45454545457082,2,37.994808197021484,37.571932006598644,49.540730037703746,38.53692626953125
201805A,2018,2018-10-12 06:15:00,CRVBND,14.63,57.2,32.0,50.0,50.0,2,47.96341323852539,49.69878712087134,49.540730037703746,47.159751892089844
201805A,2018,2018-10-12 12:00:00,CRVBND,14.6,56.99,33.0,50.0,50.0,2,37.92143630981445,37.48267475927909,49.540730037703746,47.24481964111328
201805A,2018,2018-10-13 00:15:00,SHEAR,14.57,55.76,31.0,44.54545454542918,44.54545454542918,2,48.344764709472656,50.16270298638491,49.540730037703746,41.645450592041016
201805A,2018,2018-10-13 06:15:00,CRVBND,14.6,54.9,33.0,40.0,40.0,2,33.39568328857422,31.97707483400787,49.540730037703746,52.51527404785156
201805A,2018,2018-10-13 12:00:00,CRVBND,14.79,54.31,33.0,40.0,40.0,2,45.807437896728516,47.07603293499872,49.540730037703746,47.780235290527344
201805A,2018,2018-10-14 00:00:00,CRVBND,15.2,52.9,34.0,40.0,40.0,2,43.25688934326172,43.973278573577716,49.540730037703746,39.95688247680664
201807B,2018,2018-11-10 20:45:00,IRRCDO,13.2,89.21,37.0,32.72727272725751,32.72727272725751,3,46.981475830078125,46.19900855383814,50.69363147943891,51.950252532958984
201807B,2018,2018-11-11 03:15:00,CRVBND,13.41,88.98,47.0,35.454545454486265,35.454545454486265,3,39.409366607666016,34.70515493574949,50.69363147943891,57.95002746582031
201807B,2018,2018-11-11 09:15:00,CRVBND,13.41,88.38,45.0,40.0,40.0,3,42.822532653808594,39.886066852930774,50.69363147943891,59.82866287231445
201807B,2018,2018-11-11 15:15:00,CRVBND,13.4,87.28,45.0,40.0,40.0,3,35.815391540527344,29.249789447031237,50.69363147943891,61.61235809326172
201807B,2018,2018-11-11 20:45:00,IRRCDO,12.9,86.72,41.0,40.0,40.0,3,37.854026794433594,32.34427402204496,50.69363147943891,58.828853607177734
201807B,2018,2018-11-12 02:45:00,CRVBND,12.4,86.91,45.0,40.0,40.0,3,35.06336975097656,28.10828077186235,50.69363147943891,38.55012512207031
201807B,2018,2018-11-12 08:45:00,CRVBND,12.2,87.21,49.0,40.0,40.0,3,35.52410888671875,28.807645773977104,50.69363147943891,32.30164337158203
201807B,2018,2018-11-12 15:15:00,CRVBND,12.6,87.49,39.0,40.45454545457082,40.45454545457082,3,38.20923614501953,32.8834532863016,50.69363147943891,47.32429122924805
201807B,2018,2018-11-12 21:15:00,CRVBND,13.2,87.59,35.0,44.54545454542072,44.54545454542072,3,44.74148941040039,42.79888908143559,50.69363147943891,67.71316528320312
201807B,2018,2018-11-13 03:15:00,CRVBND,13.7,87.18,45.0,40.0,40.0,3,42.85715866088867,39.938626350564455,50.69363147943891,68.15460968017578
201807B,2018,2018-11-13 09:15:00,CRVBND,13.79,86.07,45.0,40.0,40.0,3,41.15043258666992,37.347953251821636,50.69363147943891,59.87454605102539
201807B,2018,2018-11-13 15:15:00,EYE,13.39,85.58,53.0,40.0,40.0,3,40.06200408935547,35.695806213997564,50.69363147943891,55.94715881347656
201807B,2018,2018-11-14 09:00:00,EMBC,12.6,84.5,53.0,45.0,45.0,3,40.26691818237305,36.006849348776484,50.69363147943891,75.55140686035156
201807B,2018,2018-11-14 15:45:00,EMBC,12.05,83.51,55.0,45.0,45.0,3,37.48885726928711,31.789976012793105,50.69363147943891,59.687416076660156
201807B,2018,2018-11-15 08:45:00,EMBC,11.21,81.64,72.2,55.0,55.0,3,45.34774398803711,43.71913483674349,50.69363147943891,65.60897827148438
201807B,2018,2018-11-15 15:45:00,EMBC,10.77,80.57,79.6,65.99999999997954,65.99999999997954,3,68.93841552734375,79.52787946269939,50.69363147943891,65.91798400878906
201807B,2018,2018-11-16 19:45:00,CRVBND,9.7,74.99,49.0,26.636363636373783,26.636363636373783,3,32.27597427368164,23.877238317149256,50.69363147943891,57.09430694580078
201807B,2018,2018-11-17 03:15:00,CRVBND,10.11,73.65,53.0,30.0,30.0,3,39.11573028564453,34.25943858339162,50.69363147943891,61.940406799316406
201807B,2018,2018-11-17 10:15:00,CRVBND,9.83,71.96,55.0,30.0,30.0,3,44.95167922973633,43.117940345026604,50.69363147943891,67.51622009277344
201807B,2018,2018-11-17 13:45:00,CRVBND,10.06,71.31,55.0,30.0,30.0,3,37.7425537109375,32.17506683466462,50.69363147943891,51.712955474853516
201807B,2018,2018-11-18 09:15:00,CRVBND,10.61,68.36,57.0,30.0,30.0,3,44.43506622314453,42.3337632946756,50.69363147943891,72.57270050048828
201807B,2018,2018-11-18 15:15:00,SHEAR,11.01,67.97,51.0,30.0,30.0,3,37.12556076049805,31.238521091933688,50.69363147943891,48.72650909423828
201807B,2018,2018-11-18 21:15:00,SHEAR,10.61,67.37,39.0,30.0,30.0,3,30.413137435913086,21.049601617942432,50.69363147943891,34.547760009765625
201807B,2018,2018-11-19 03:15:00,SHEAR,10.75,66.51,31.0,29.545454545429177,29.545454545429177,3,33.43037414550781,25.62952460275088,50.69363147943891,41.207618713378906
201807B,2018,2018-11-19 09:15:00,CRVBND,10.85,65.59,34.0,25.0,25.0,3,32.968658447265625,24.928677257197304,50.69363147943891,57.967952728271484
201808B,2018,2018-12-15 15:15:00,IRRCDO,10.83,84.88,45.0,35.0,35.0,4,42.1051139831543,35.550723480579045,49.12199992680404,44.30946350097656
201808B,2018,2018-12-16 21:00:00,EMBC,14.7,82.1,77.0,55.0,55.0,4,59.29315185546875,64.26337255669665,49.12199992680404,62.47209930419922
201808B,2018,2018-12-17 09:15:00,CRVBND,16.63,82.3,61.0,39.090909090858354,39.090909090858354,4,47.068450927734375,43.84198703229635,49.12199992680404,45.23220443725586
201901B,2019,2019-04-27 14:45:00,IRRCDO,6.67,89.32,55.0,45.0,45.0,0,38.34756851196289,36.92462095977356,47.71526680016013,30.545040130615234
201901B,2019,2019-04-28 02:45:00,CRVBND,7.38,87.92,37.0,45.0,45.0,0,33.52463912963867,31.186658738798357,47.71526680016013,33.75968551635742
201901B,2019,2019-04-28 09:15:00,EMBC,7.82,87.38,49.0,45.0,45.0,0,32.34950256347656,29.788568763474014,47.71526680016013,51.915977478027344
201901B,2019,2019-04-28 15:15:00,CRVBND,8.82,86.68,51.0,45.0,45.0,0,33.22169494628906,30.82623830936081,47.71526680016013,42.6624641418457
201901B,2019,2019-04-30 08:45:00,EMBC,12.88,85.53,84.8,84.4999999999693,84.4999999999693,0,69.38721466064453,73.85328046001771,47.71526680016013,49.28834533691406
201901B,2019,2019-05-01 04:15:00,EMBC,14.11,83.79,90.0,95.0,95.0,0,58.75894546508789,61.20855724637002,47.71526680016013,49.045467376708984
201901B,2019,2019-05-01 09:15:00,EYE,14.69,84.18,90.0,95.45454545457082,95.45454545457082,0,90.27409362792969,98.70293363296295,47.71526680016013,61.71924591064453
201901B,2019,2019-05-01 15:15:00,EYE,15.22,84.15,97.2,100.0,100.0,0,90.54588317871094,99.02628860062103,47.71526680016013,51.49799346923828
201901B,2019,2019-05-02 03:45:00,EMBC,16.28,84.62,90.0,105.99999999995909,105.99999999995909,0,86.39128112792969,94.08345246913268,47.71526680016013,50.923736572265625
201901B,2019,2019-05-02 09:15:00,EYE,17.13,85.01,107.2,115.0,115.0,0,95.14643859863281,104.49968684106823,47.71526680016013,78.3421401977539
201901B,2019,2019-05-02 14:45:00,EYE,17.79,85.0,122.2,115.0,115.0,0,104.74237060546875,115.9162121445627,47.71526680016013,84.08737182617188
201902A,2019,2019-06-10 14:45:00,IRRCDO,13.68,70.8,37.0,32.699999999981586,32.699999999981586,2,37.69207763671875,37.20365885020724,49.540730037703746,25.44849395751953
201902A,2019,2019-06-10 20:45:00,CRVBND,14.17,70.7,47.0,35.0,35.0,2,38.65191650390625,38.37130736541759,49.540730037703746,34.69941711425781
201902A,2019,2019-06-11 03:45:00,IRRCDO,15.19,70.6,61.0,41.00000000006139,41.00000000006139,2,39.45610809326172,39.34961023203003,49.540730037703746,43.947017669677734
201902A,2019,2019-06-11 09:15:00,EMBC,15.63,70.9,72.2,45.909090909141646,45.909090909141646,2,58.184852600097656,62.133216379632564,49.540730037703746,60.15019989013672
201902A,2019,2019-06-11 14:45:00,EYE,16.72,70.9,79.6,59.545454545513735,59.545454545513735,2,63.81764221191406,68.98553154582483,49.540730037703746,48.55912780761719
201902A,2019,2019-06-11 20:45:00,IRRCDO,17.47,70.7,84.8,69.50000000006139,69.50000000006139,2,55.07475280761719,58.34976529321553,49.540730037703746,43.145809173583984
201902A,2019,2019-06-12 10:15:00,EMBC,18.83,69.99,74.6,80.0,80.0,2,82.50383758544922,91.71737647180929,49.540730037703746,60.68396759033203
201902A,2019,2019-06-12 16:15:00,IRRCDO,19.52,69.68,65.0,80.0,80.0,2,68.63561248779297,74.84661514149325,49.540730037703746,46.2843132019043
201902A,2019,2019-06-13 08:15:00,EYE,20.69,69.29,67.4,80.0,80.0,2,86.99103546142578,97.176073880773,49.540730037703746,58.934844970703125
201902A,2019,2019-06-13 15:15:00,EYE,20.81,68.97,77.0,80.0,80.0,2,82.03201293945312,91.143399561548,49.540730037703746,48.56505584716797
201902A,2019,2019-06-14 01:45:00,EMBC,20.94,68.42,92.4,77.27272727271036,77.27272727271036,2,76.08438873291016,83.90808662392091,49.540730037703746,54.0812873840332
201902A,2019,2019-06-14 09:15:00,EYE,20.55,68.39,79.6,74.54545454542918,74.54545454542918,2,66.57183074951172,72.33601490972372,49.540730037703746,56.07379913330078
201902A,2019,2019-06-14 14:45:00,CRVBND,20.75,68.21,79.6,70.0,70.0,2,67.51295471191406,73.48089665487325,49.540730037703746,52.201377868652344
201902A,2019,2019-06-15 03:15:00,EYE,20.78,66.98,82.2,65.0,65.0,2,80.63650512695312,89.44575771671971,49.540730037703746,63.18716812133789
201902A,2019,2019-06-15 07:45:00,EYE,20.59,67.08,77.0,65.0,65.0,2,79.2264404296875,87.73040735282252,49.540730037703746,56.669151306152344
201902A,2019,2019-06-15 15:15:00,CRVBND,20.81,66.29,74.6,65.0,65.0,2,76.61376953125,84.55208086534357,49.540730037703746,51.20802307128906
201902A,2019,2019-06-15 20:45:00,IRRCDO,20.7,65.81,61.0,65.0,65.0,2,70.64592742919922,77.292172762343,49.540730037703746,46.64944839477539
201902A,2019,2019-06-16 03:15:00,CRVBND,21.21,65.3,45.0,55.0,55.0,2,63.6572380065918,68.79039907246829,49.540730037703746,44.070953369140625
201902A,2019,2019-06-16 08:15:00,IRRCDO,20.76,65.75,43.0,55.0,55.0,2,69.23487854003906,75.57562512435781,49.540730037703746,37.83919906616211
201902A,2019,2019-06-16 14:45:00,SHEAR,20.68,65.48,39.0,45.45454545457928,45.45454545457928,2,58.285186767578125,62.255273368246414,49.540730037703746,29.60444450378418
201902A,2019,2019-06-16 21:15:00,SHEAR,21.01,66.42,39.0,39.54545454542918,39.54545454542918,2,32.00450134277344,30.284695426450075,49.540730037703746,26.736106872558594
201902A,2019,2019-06-17 03:15:00,SHEAR,22.12,67.12,29.0,30.0,30.0,2,27.193946838378906,24.43263315181677,49.540730037703746,30.361780166625977
201902A,2019,2019-06-17 09:15:00,SHEAR,22.67,67.67,25.0,25.0,25.0,2,24.34886932373047,20.97158291807097,49.540730037703746,28.74388885498047
201903A,2019,2019-09-23 03:45:00,EMBC,20.3,65.28,47.0,41.36363636361945,41.36363636361945,1,49.145164489746094,48.8455737458547,48.893103305784514,44.67424774169922
201903A,2019,2019-09-23 09:15:00,CRVBND,20.2,63.95,72.2,55.0,55.0,1,61.48692321777344,65.03068443223695,48.893103305784514,45.221275329589844
201903A,2019,2019-09-23 14:45:00,EMBC,20.2,62.95,77.0,55.0,55.0,1,75.44024658203125,83.32921773450748,48.893103305784514,35.01625061035156
201903A,2019,2019-09-24 01:45:00,EYE,20.13,60.58,84.8,72.7272727272389,72.7272727272389,1,56.346195220947266,58.28908030022079,48.893103305784514,36.032989501953125
201903A,2019,2019-09-24 14:15:00,EMBC,19.9,57.95,67.4,64.09090909093446,64.09090909093446,1,53.90162658691406,55.08324758268154,48.893103305784514,39.99638366699219
201904A,2019,2019-10-25 12:45:00,EMBC,16.13,71.66,63.0,51.36363636361945,51.36363636361945,1,85.32962036132812,96.29824530700724,48.893103305784514,61.42383575439453
201904A,2019,2019-10-25 22:45:00,EMBC,16.57,71.04,74.6,62.72727272733192,62.72727272733192,1,84.78811645507812,95.58811145551154,48.893103305784514,68.72500610351562
201904A,2019,2019-10-26 07:15:00,EMBC,16.9,70.04,84.8,77.27272727271036,77.27272727271036,1,82.801025390625,92.98221957811981,48.893103305784514,53.615509033203125
201904A,2019,2019-10-26 12:15:00,EYE,16.75,69.49,84.8,85.45454545448627,85.45454545448627,1,95.96842193603516,110.25008028058018,48.893103305784514,48.550106048583984
201904A,2019,2019-10-27 00:15:00,EYE,17.13,68.22,132.2,120.45454545448628,120.45454545448628,1,102.07968139648438,118.26444946249829,48.893103305784514,66.51802825927734
201904A,2019,2019-10-27 06:15:00,EYE,17.31,67.39,140.0,125.0,125.0,1,105.31097412109375,122.50200033027998,48.893103305784514,67.51168060302734
201904A,2019,2019-10-27 11:45:00,EYE,17.56,66.88,129.6,130.0,130.0,1,103.62699127197266,120.29360771723215,48.893103305784514,64.31224822998047
201904A,2019,2019-10-28 00:15:00,EYE,18.29,65.44,127.0,125.0,125.0,1,100.63125610351562,116.3649694771687,48.893103305784514,67.41926574707031
201904A,2019,2019-10-28 06:15:00,EYE,18.38,64.81,129.6,125.0,125.0,1,105.32675170898438,122.52269122304504,48.893103305784514,67.5151138305664
201904A,2019,2019-10-28 12:15:00,EYE,18.61,64.41,127.0,125.0,125.0,1,98.49809265136719,113.56751675215612,48.893103305784514,62.055091857910156
201904A,2019,2019-10-29 06:15:00,EYE,19.36,63.27,109.8,109.54545454551372,109.54545454551372,1,85.93509674072266,97.09227332476745,48.893103305784514,60.97705078125
201904A,2019,2019-10-29 11:45:00,EYE,19.45,63.01,112.4,100.45454545457082,100.45454545457082,1,76.99714660644531,85.37095261023052,48.893103305784514,48.67729568481445
201904A,2019,2019-10-29 23:15:00,EMBC,19.61,62.51,90.0,86.36363636364482,86.36363636364482,1,50.165130615234375,50.183167925191476,48.893103305784514,60.18328094482422
201904A,2019,2019-10-30 12:15:00,CRVBND,19.0,61.41,59.0,64.54545454542918,64.54545454542918,1,40.12175369262695,37.012179029718226,48.893103305784514,49.680694580078125
201905A,2019,2019-10-30 12:15:00,CRVBND,9.85,74.2,39.0,35.45454545457082,35.45454545457082,0,31.298965454101562,28.53871794305389,47.71526680016013,39.78064727783203
201904A,2019,2019-10-30 23:45:00,CRVBND,18.14,60.49,35.0,50.45454545457082,50.45454545457082,1,32.11335754394531,26.509885074444387,48.893103305784514,39.05720901489258
201904A,2019,2019-10-31 05:45:00,SHEAR,17.85,60.12,33.0,40.45454545457928,40.45454545457928,1,32.493736267089844,27.008717685947158,48.893103305784514,35.35332489013672
201906A,2019,2019-12-03 09:15:00,CRVBND,6.91,57.09,37.0,30.0,30.0,3,35.43006134033203,28.66488915233331,50.69363147943891,56.41499328613281
201906A,2019,2019-12-03 15:15:00,SHEAR,7.11,57.39,33.0,30.0,30.0,3,33.69671630859375,26.03381061407438,50.69363147943891,42.930301666259766
201907A,2019,2019-12-03 15:15:00,CRVBND,13.72,69.98,35.0,40.31818181809633,40.31818181809633,1,37.64736557006836,33.767240724958356,48.893103305784514,41.74443054199219
201906A,2019,2019-12-03 20:15:00,CRVBND,7.22,57.33,33.0,30.0,30.0,3,49.298248291015625,49.715683069522434,50.69363147943891,56.30763244628906
201907A,2019,2019-12-03 20:45:00,IRRCDO,13.78,69.32,41.0,27.700000000036837,27.700000000036837,1,30.752355575561523,24.725052945725842,48.893103305784514,33.67279052734375
201906A,2019,2019-12-04 02:45:00,EMBC,7.34,57.64,41.0,30.0,30.0,3,50.3613166809082,51.3293355011695,50.69363147943891,81.7973861694336
201907A,2019,2019-12-04 03:15:00,CRVBND,14.62,69.08,39.0,30.0,30.0,1,29.984346389770508,23.717877716156863,48.893103305784514,29.71708869934082
201906A,2019,2019-12-04 09:15:00,CRVBND,7.7,57.4,51.0,30.0,30.0,3,48.65074157714844,48.73281988473225,50.69363147943891,81.27584838867188
201907A,2019,2019-12-04 08:45:00,SHEAR,14.88,68.72,32.0,30.0,30.0,1,30.845705032348633,24.847472393707914,48.893103305784514,31.120447158813477
201906A,2019,2019-12-04 14:45:00,CRVBND,8.38,57.01,51.0,30.0,30.0,3,34.46107482910156,27.194045455966556,50.69363147943891,60.97608184814453
201907A,2019,2019-12-04 15:15:00,SHEAR,14.91,68.18,29.0,30.0,30.0,1,29.641372680664062,23.26809842888229,48.893103305784514,23.658674240112305
201906A,2019,2019-12-04 20:45:00,CRVBND,8.95,56.61,39.0,32.72727272725751,32.72727272725751,3,47.59352493286133,47.12804993291002,50.69363147943891,50.09014892578125
201907A,2019,2019-12-04 20:45:00,SHEAR,15.09,67.67,25.0,28.18181818182833,28.18181818182833,1,30.1877498626709,23.984623144862354,48.893103305784514,22.415664672851562
201906A,2019,2019-12-05 02:45:00,CRVBND,9.69,55.83,37.0,35.0,35.0,3,48.76554489135742,48.90708209485515,50.69363147943891,45.74443817138672
201906A,2019,2019-12-05 15:00:00,CRVBND,9.3,54.5,47.0,35.0,35.0,3,37.324466705322266,31.540444340321393,50.69363147943891,50.78909683227539
201906A,2019,2019-12-05 20:45:00,IRRCDO,9.06,53.68,35.0,35.0,35.0,3,42.442718505859375,39.30953948250059,50.69363147943891,49.60304260253906
201906A,2019,2019-12-06 09:45:00,CRVBND,7.52,51.55,55.0,35.0,35.0,3,52.731483459472656,54.9270583024524,50.69363147943891,74.96507263183594
201906A,2019,2019-12-06 14:45:00,CRVBND,7.37,51.54,53.0,35.0,35.0,3,47.37001419067383,46.78877857834877,50.69363147943891,63.876319885253906
201906A,2019,2019-12-06 20:45:00,CRVBND,7.07,50.29,39.0,35.0,35.0,3,51.28181457519531,52.726577371556125,50.69363147943891,55.27056121826172
202001B,2020,2020-05-18 08:45:00,EYE,13.65,86.39,134.8,120.0,120.0,4,96.59736633300781,126.58013188145233,49.12199992680404,73.90473937988281
202001B,2020,2020-05-18 15:15:00,EYE,14.53,86.64,143.0,125.0,125.0,4,98.55682373046875,129.8534090903373,49.12199992680404,72.09722900390625
202001B,2020,2020-05-18 22:15:00,EMBC,15.36,86.64,132.2,127.72727272728964,127.72727272728964,4,70.35018157958984,82.73416117441691,49.12199992680404,51.60789489746094
202001B,2020,2020-05-19 07:45:00,EMBC,16.71,87.1,104.6,112.00000000002046,112.00000000002046,4,61.24635696411133,67.52620530553926,49.12199992680404,72.11058044433594
202001B,2020,2020-05-19 15:15:00,EMBC,17.91,87.13,90.0,100.0,100.0,4,68.19140625,79.12792299102694,49.12199992680404,81.55844116210938
202001B,2020,2020-05-20 01:45:00,EMBC,19.62,87.09,69.8,95.0,95.0,4,70.78226470947266,83.45595684255534,49.12199992680404,87.62362670898438
202002A,2020,2020-06-02 23:45:00,EYE,17.61,72.23,47.0,49.545454545420725,49.545454545420725,4,68.94003295898438,80.37850529389121,49.12199992680404,49.206825256347656
202002A,2020,2020-06-03 06:15:00,EYE,18.03,72.74,72.2,60.0,60.0,4,79.19307708740234,97.50623448602917,49.12199992680404,54.56207275390625
202003A,2020,2020-11-22 06:15:00,EYE,10.41,52.43,61.0,51.36363636345879,51.36363636345879,4,79.72566223144531,98.39591895482423,49.12199992680404,62.6750602722168
202003A,2020,2020-11-22 11:45:00,EYE,10.32,51.55,87.4,74.09090909102747,74.09090909102747,4,67.53309631347656,78.02821502371063,49.12199992680404,62.40538024902344
202003A,2020,2020-11-23 11:45:00,SHEAR,11.48,48.73,35.0,30.0,30.0,4,29.568143844604492,14.607691661585589,49.12199992680404,52.39108657836914
202003A,2020,2020-11-23 17:45:00,SHEAR,11.58,47.83,27.0,30.0,30.0,4,29.42115592956543,14.3621480774779,49.12199992680404,48.7574462890625
202004B,2020,2020-11-23 18:15:00,CRVBND,10.18,83.67,35.0,30.27272727269176,30.27272727269176,2,35.132179260253906,34.089530384950315,49.540730037703746,42.22038650512695
202003A,2020,2020-11-23 23:45:00,CRVBND,11.71,46.73,30.0,25.272727272742493,25.272727272742493,4,30.99732780456543,16.99514611173388,49.12199992680404,39.80510711669922
202004B,2020,2020-11-23 23:45:00,CRVBND,9.97,82.84,37.0,34.818181818171674,34.818181818171674,2,28.419815063476562,25.92390763736978,49.540730037703746,50.315372467041016
202003A,2020,2020-11-24 05:15:00,CRVBND,11.52,46.0,33.0,22.363636363647355,22.363636363647355,4,31.904150009155273,18.50999428278422,49.12199992680404,27.682716369628906
202004B,2020,2020-11-25 06:45:00,EMBC,11.29,81.95,61.0,60.99999999995907,60.99999999995907,2,44.922584533691406,45.999604639740554,49.540730037703746,77.94366455078125
202004B,2020,2020-11-25 13:15:00,EMBC,11.72,81.02,57.0,65.0,65.0,2,39.25645446777344,39.106730653668244,49.540730037703746,66.4375991821289
202004B,2020,2020-11-25 18:45:00,IRRCDO,12.09,80.34,57.0,64.09090909093446,64.09090909093446,2,41.181922912597656,41.44907211069969,49.540730037703746,52.84226608276367
202005B,2020,2020-12-01 19:30:00,EMBC,8.31,83.77,53.0,35.0,35.0,1,35.233375549316406,30.601509118735528,48.893103305784514,62.90090560913086
202005B,2020,2020-12-02 11:15:00,CRVBND,9.06,81.7,53.0,45.0,45.0,1,32.562156677246094,27.098444923044394,48.893103305784514,48.23622512817383
202005B,2020,2020-12-02 17:45:00,CRVBND,8.84,81.55,45.0,45.0,45.0,1,34.353721618652344,29.447921810212225,48.893103305784514,48.5645751953125
202005B,2020,2020-12-02 22:45:00,EMBC,9.15,80.94,47.0,40.0,40.0,1,42.02657699584961,39.51018410987317,48.893103305784514,48.29591369628906
202005B,2020,2020-12-03 06:45:00,CRVBND,9.2,80.09,33.0,39.09090909093446,39.09090909093446,1,33.5433235168457,28.385157315554903,48.893103305784514,49.888465881347656
202005B,2020,2020-12-03 12:00:00,CRVBND,9.22,79.4,33.0,30.0,30.0,1,31.52401351928711,25.737013194378424,48.893103305784514,34.31155014038086
202005B,2020,2020-12-03 23:45:00,CRVBND,9.4,79.41,41.0,30.0,30.0,1,32.947486877441406,27.603770953021307,48.893103305784514,41.330623626708984
202005B,2020,2020-12-04 06:15:00,CRVBND,9.3,79.36,35.0,29.81818181817167,29.81818181817167,1,32.76275634765625,27.361513416019147,48.893103305784514,38.66148376464844
202005B,2020,2020-12-04 11:45:00,CRVBND,9.3,79.31,35.0,25.27272727269176,25.27272727269176,1,30.01555824279785,23.758809264658733,48.893103305784514,47.30537796020508
202005B,2020,2020-12-05 05:15:00,CRVBND,9.0,78.85,57.0,18.98181818181345,18.98181818181345,1,33.91315841674805,28.870162647656652,48.893103305784514,51.289276123046875
202101A,2021,2021-05-14 09:45:00,CRVBND,11.96,72.22,35.0,30.0,30.0,1,30.36880874633789,24.222065646979022,48.893103305784514,42.23283767700195
202101A,2021,2021-05-14 15:15:00,CRVBND,12.22,72.2,41.0,33.181818181794505,33.181818181794505,1,32.65757751464844,27.223580801096926,48.893103305784514,48.29790496826172
202101A,2021,2021-05-15 03:15:00,EMBC,13.03,72.3,55.0,40.454545454486265,40.454545454486265,1,36.57676315307617,32.363241586587854,48.893103305784514,72.21175384521484
202101A,2021,2021-05-16 15:15:00,EYE,17.44,72.28,119.8,80.45454545457928,80.45454545457928,1,93.19694519042969,106.61553686737179,48.893103305784514,69.19274139404297
202101A,2021,2021-05-16 21:15:00,EYE,18.17,71.75,134.8,90.90909090915856,90.90909090915856,1,99.60002899169922,115.0126075233052,48.893103305784514,73.21350860595703
202101A,2021,2021-05-17 02:45:00,EYE,18.93,71.46,124.6,100.0,100.0,1,107.01930236816406,124.74231975126462,48.893103305784514,70.59850311279297
202101A,2021,2021-05-17 09:15:00,EYE,20.03,71.35,119.8,100.0,100.0,1,93.6947021484375,107.26830051620071,48.893103305784514,68.3381576538086
202101A,2021,2021-05-17 15:15:00,EYE,20.56,71.39,109.8,89.54545454551373,89.54545454551373,1,97.67828369140625,112.49241076029102,48.893103305784514,62.713863372802734
202102B,2021,2021-05-24 03:15:00,CRVBND,16.22,89.8,35.0,40.0,40.0,3,41.572574615478516,37.98873094567843,50.69363147943891,36.7958869934082
202102B,2021,2021-05-24 08:45:00,CRVBND,17.08,89.91,35.0,40.0,40.0,3,37.596588134765625,31.953502813792632,50.69363147943891,29.774169921875
202102B,2021,2021-05-24 15:15:00,CRVBND,17.62,89.09,37.0,45.454545454486265,45.454545454486265,3,46.065032958984375,44.80792188296508,50.69363147943891,20.380970001220703
202103B,2021,2021-09-24 12:10:00,CRVBND,19.01,91.31,35.0,25.0,25.0,2,27.011186599731445,24.210304458333564,49.540730037703746,33.04277801513672
202103B,2021,2021-09-26 00:15:00,IRRCDO,18.26,87.32,53.0,40.0,40.0,2,29.117103576660156,26.772162406920604,49.540730037703746,32.158302307128906
202103B,2021,2021-09-26 06:15:00,EMBC,18.5,85.96,47.0,45.0,45.0,2,30.934341430664062,28.98284083905082,49.540730037703746,39.05611801147461
202103A,2021,2021-10-01 00:45:00,EMBC,22.85,64.51,51.0,36.36363636361945,36.36363636361945,4,61.736656188964844,68.3452510680685,49.12199992680404,43.08407974243164
202103A,2021,2021-10-01 06:15:00,EMBC,23.01,64.26,55.0,45.0,45.0,4,77.53056335449219,94.72900221833882,49.12199992680404,55.5996208190918
202103A,2021,2021-10-01 12:45:00,EMBC,23.33,63.53,57.0,55.0,55.0,4,70.87447357177734,83.60999191768902,49.12199992680404,64.85470581054688
202103A,2021,2021-10-02 00:15:00,CRVBND,23.91,62.39,57.0,60.0,60.0,4,61.348838806152344,67.69740141233498,49.12199992680404,49.22289276123047
202103A,2021,2021-10-02 06:15:00,EYE,24.11,61.69,67.4,60.0,60.0,4,71.62931823730469,84.87096132846607,49.12199992680404,51.24072265625
202103A,2021,2021-10-03 00:15:00,CRVBND,24.27,59.43,65.0,60.0,60.0,4,63.07244873046875,70.57669498084203,49.12199992680404,45.02975845336914
202103A,2021,2021-10-03 06:15:00,EYE,24.3,58.68,55.0,60.0,60.0,4,69.31182861328125,80.99959062248749,49.12199992680404,48.07488250732422
202104B,2021,2021-11-11 11:45:00,CRVBND,13.19,80.32,35.0,25.0,25.0,3,35.361122131347656,28.560244970198703,50.69363147943891,36.90122985839844
202105B,2021,2021-12-03 08:45:00,CRVBND,14.48,84.92,43.0,35.0,35.0,4,46.437496185302734,42.787975967337466,49.12199992680404,55.639102935791016
202105B,2021,2021-12-03 21:15:00,CRVBND,15.13,84.79,34.0,40.0,40.0,4,34.57313919067383,22.968545650089155,49.12199992680404,34.52767562866211
202105B,2021,2021-12-04 03:15:00,CRVBND,16.03,85.0,31.0,39.54545454542918,39.54545454542918,4,34.1982536315918,22.342298629830694,49.12199992680404,43.780609130859375
202105B,2021,2021-12-04 08:15:00,IRRCDO,16.33,84.89,39.0,35.0,35.0,4,30.382436752319336,15.9679694709595,49.12199992680404,56.55253219604492
202105B,2021,2021-12-05 09:15:00,CRVBND,20.02,86.56,45.0,25.0,25.0,4,35.3338508605957,24.23931590256551,49.12199992680404,66.46064758300781
202105B,2021,2021-12-05 14:45:00,IRRCDO,20.61,87.01,47.0,25.0,25.0,4,34.77226257324219,23.301181629193206,49.12199992680404,52.983001708984375
202201B,2022,2022-03-04 20:45:00,CRVBND,11.1,83.51,37.0,30.0,30.0,2,31.00724983215332,29.071534253805673,49.540730037703746,50.44612503051758
202201B,2022,2022-03-05 03:15:00,CRVBND,11.91,84.19,37.0,30.0,30.0,2,38.8662223815918,38.632011477779294,49.540730037703746,53.84800720214844
202201B,2022,2022-03-05 09:15:00,CRVBND,11.71,83.79,37.0,30.0,30.0,2,26.253833770751953,23.288981164935908,49.540730037703746,44.759803771972656
202201B,2022,2022-03-05 15:15:00,CRVBND,11.3,83.18,33.0,27.727272727252437,27.727272727252437,2,25.98741912841797,22.964886494271976,49.540730037703746,35.49040603637695
202201B,2022,2022-03-05 21:15:00,SHEAR,11.37,82.85,32.0,25.0,25.0,2,29.5794620513916,27.33462367513015,49.540730037703746,29.835105895996094
202201B,2022,2022-03-06 03:15:00,SHEAR,11.4,82.49,26.0,23.25,23.25,2,27.35649871826172,24.630378281419592,49.540730037703746,28.241817474365234
202201B,2022,2022-03-06 09:15:00,SHEAR,11.2,81.95,25.0,21.136363636396663,21.136363636396663,2,24.817548751831055,21.54173365590766,49.540730037703746,30.51874542236328
202202B,2022,2022-05-07 09:10:00,IRRCDO,9.92,90.88,43.0,28.0,28.0,0,36.862571716308594,35.157882358341396,47.71526680016013,38.03374481201172
202202B,2022,2022-05-08 03:15:00,EMBC,11.43,88.57,65.0,40.454545454486265,40.454545454486265,0,42.24212646484375,41.55807598877085,47.71526680016013,80.51726531982422
202202B,2022,2022-05-09 03:45:00,IRRCDO,14.25,85.73,59.0,55.0,55.0,0,63.15814208984375,66.44239378729117,47.71526680016013,28.120773315429688
202202B,2022,2022-05-10 02:15:00,EMBC,14.95,83.75,72.0,55.0,55.0,0,47.42293167114258,47.721812214501874,47.71526680016013,51.68880844116211
202202B,2022,2022-05-10 10:15:00,EMBC,15.18,82.02,80.0,53.18181818186892,53.18181818186892,0,55.44908142089844,57.27072748843752,47.71526680016013,51.9289665222168
202202B,2022,2022-05-11 02:45:00,EMBC,15.74,80.58,57.0,45.0,45.0,0,44.771785736083984,44.56767620881827,47.71526680016013,53.70273208618164
202202B,2022,2022-05-11 07:45:00,IRRCDO,15.69,81.04,57.0,40.0,40.0,0,37.317359924316406,35.698955500663935,47.71526680016013,51.6667366027832
202203A,2022,2022-08-12 08:15:00,CRVBND,21.83,65.7,35.0,25.0,25.0,3,42.309356689453125,39.107106956635945,50.69363147943891,46.00920486450195
202203A,2022,2022-08-12 15:15:00,SHEAR,22.11,65.49,34.0,25.0,25.0,3,39.864986419677734,35.39674921561852,50.69363147943891,34.59406661987305
202203A,2022,2022-08-12 21:15:00,SHEAR,22.41,64.59,30.0,25.0,25.0,3,39.51676559448242,34.868177971595976,50.69363147943891,34.510704040527344
202203A,2022,2022-08-13 09:15:00,SHEAR,22.15,63.68,25.0,27.9,27.9,3,31.44009017944336,22.608433399171208,50.69363147943891,31.19622039794922
202203A,2022,2022-08-13 15:15:00,SHEAR,22.26,63.77,25.0,25.786363636349485,25.786363636349485,3,30.583459854125977,21.308137368724196,50.69363147943891,23.831607818603516
202204B,2022,2022-08-19 00:15:00,CRVBND,20.89,89.1,35.0,25.0,25.0,1,31.5537109375,25.775958697322334,48.893103305784514,28.100196838378906
202204B,2022,2022-08-19 06:45:00,CRVBND,21.05,89.0,39.0,30.0,30.0,1,43.80528259277344,41.84279711901609,48.893103305784514,42.7472038269043
202204B,2022,2022-08-19 11:15:00,CRVBND,21.35,88.37,39.0,30.0,30.0,1,41.312686920166016,38.57398124385785,48.893103305784514,36.27516174316406
202205B,2022,2022-10-23 15:15:00,CRVBND,16.34,88.61,35.0,35.0,35.0,2,35.72407531738281,34.809574733946675,49.540730037703746,59.30755615234375
202205B,2022,2022-10-23 20:15:00,CRVBND,17.07,88.95,39.0,38.99999999993861,38.99999999993861,2,30.91783332824707,28.962758654493506,49.540730037703746,57.768043518066406
202205B,2022,2022-10-24 01:45:00,CRVBND,18.05,89.31,41.0,42.72727272728964,42.72727272728964,2,43.5318603515625,44.30778210385159,49.540730037703746,69.60716247558594
202205B,2022,2022-10-24 09:15:00,CRVBND,20.06,89.92,47.0,45.0,45.0,2,39.24403381347656,39.09162086905389,49.540730037703746,68.3436279296875
202205B,2022,2022-10-24 15:15:00,CRVBND,21.76,90.42,39.0,44.54545454542918,44.54545454542918,2,50.850101470947266,53.21045698931411,49.540730037703746,57.362945556640625
202206B,2022,2022-12-08 12:15:00,IRRCDO,10.27,82.87,57.0,50.0,50.0,3,48.992469787597656,49.25153586104823,50.69363147943891,38.01106262207031
202206B,2022,2022-12-08 18:15:00,EMBC,10.72,82.28,53.0,50.0,50.0,3,44.83423614501953,42.93967117529563,50.69363147943891,51.071441650390625
202206B,2022,2022-12-09 00:15:00,CRVBND,10.87,81.61,53.0,50.0,50.0,3,54.40707015991211,57.47046433287047,50.69363147943891,49.2491340637207
202206B,2022,2022-12-09 06:15:00,CRVBND,11.32,80.8,49.0,45.0,45.0,3,38.7574462890625,33.7155922534643,50.69363147943891,48.022552490234375
202206B,2022,2022-12-09 12:15:00,CRVBND,11.63,80.8,41.0,40.0,40.0,3,45.72105026245117,44.28578377785088,50.69363147943891,36.365264892578125
202206B,2022,2022-12-09 17:45:00,CRVBND,12.25,80.67,33.0,35.500000000030695,35.500000000030695,3,34.12845230102539,26.689151174136818,50.69363147943891,33.4820671081543
202207A,2022,2022-12-15 15:15:00,CRVBND,14.21,66.07,33.0,30.0,30.0,4,46.8320426940918,43.447066640468634,49.12199992680404,39.485267639160156
202207A,2022,2022-12-15 21:15:00,SHEAR,14.0,65.27,34.0,30.0,30.0,4,33.13156509399414,20.560393453621394,49.12199992680404,33.69025802612305
202207A,2022,2022-12-16 03:15:00,SHEAR,14.01,64.47,34.0,30.0,30.0,4,35.99885177612305,25.350201162691047,49.12199992680404,35.56431198120117
202207A,2022,2022-12-16 08:45:00,SHEAR,13.6,64.13,33.0,28.181818181831712,28.181818181831712,4,34.854339599609375,23.438291453642005,49.12199992680404,32.357994079589844
202207A,2022,2022-12-16 15:15:00,SHEAR,13.59,63.39,27.0,25.0,25.0,4,29.02202606201172,13.695400895047829,49.12199992680404,30.406251907348633
202207A,2022,2022-12-16 21:15:00,SHEAR,13.63,62.77,25.0,25.0,25.0,4,30.950817108154297,16.917449907300345,49.12199992680404,27.787546157836914
202207A,2022,2022-12-17 03:15:00,SHEAR,13.78,62.13,25.0,25.0,25.0,4,29.240219116210938,14.059892795904043,49.12199992680404,23.875682830810547
202301B,2023,2023-05-11 08:30:00,EMBC,11.65,88.1,51.0,45.0,45.0,1,56.850162506103516,58.94998823662745,48.893103305784514,67.6399917602539
202301B,2023,2023-05-11 14:30:00,EYE,12.25,88.19,55.0,50.0,50.0,1,70.32598876953125,76.62232687736964,48.893103305784514,65.22140502929688
202301B,2023,2023-05-12 09:00:00,EMBC,14.33,88.52,79.6,85.0,85.0,1,92.92562103271484,106.25971954657686,48.893103305784514,70.26081085205078
202301B,2023,2023-05-12 15:00:00,EYE,14.7,88.59,104.6,90.0,90.0,1,107.31373596191406,125.12844302669465,48.893103305784514,68.89297485351562
202301B,2023,2023-05-13 03:00:00,EMBC,15.0,89.66,112.4,100.0,100.0,1,104.7659912109375,121.787304076898,48.893103305784514,84.9185791015625
202301B,2023,2023-05-13 15:30:00,EMBC,17.48,91.15,122.2,110.5000000000307,110.5000000000307,1,110.38995361328125,129.16262683144797,48.893103305784514,80.00416564941406
202302A,2023,2023-06-06 09:00:00,CRVBND,12.0,66.0,49.0,33.0,33.0,0,44.340476989746094,44.054537181501566,47.71526680016013,72.16212463378906
202302A,2023,2023-06-06 15:30:00,EMBC,12.42,66.0,57.0,35.90909090906554,35.90909090906554,0,50.89813232421875,51.85634715725691,47.71526680016013,64.44412231445312
202302A,2023,2023-06-07 16:00:00,IRRCDO,13.75,66.39,77.0,66.49999999998977,66.49999999998977,0,34.73303985595703,32.6243239347321,47.71526680016013,42.565162658691406
202302A,2023,2023-06-08 03:00:00,EYE,13.55,66.81,77.0,75.0,75.0,0,50.96979904174805,51.94161088083361,47.71526680016013,55.32208251953125
202302A,2023,2023-06-08 09:00:00,IRRCDO,14.6,65.69,79.6,75.0,75.0,0,37.2720832824707,35.64508872389639,47.71526680016013,41.508174896240234
202302A,2023,2023-06-08 15:00:00,IRRCDO,14.6,66.0,65.0,75.0,75.0,0,38.479408264160156,37.08147407898015,47.71526680016013,31.876358032226562
202302A,2023,2023-06-09 03:00:00,EMBC,14.8,66.7,55.0,70.0,70.0,0,54.0111083984375,55.55993427054344,47.71526680016013,43.58537292480469
202303B,2023,2023-06-09 09:00:00,SHEAR,19.9,91.7,41.0,39.99,39.99,2,29.843435287475586,27.6557483635603,49.540730037703746,37.59388732910156
202302A,2023,2023-06-09 15:00:00,IRRCDO,15.7,67.3,65.0,65.0,65.0,0,48.362525939941406,48.839671504992744,47.71526680016013,37.871578216552734
202303B,2023,2023-06-09 15:00:00,SHEAR,20.0,91.9,37.0,37.2,37.2,2,28.602724075317383,26.146417314145356,49.540730037703746,30.21441650390625
202302A,2023,2023-06-09 20:30:00,EMBC,16.37,67.4,72.2,70.0,70.0,0,47.022789001464844,47.24575226429283,47.71526680016013,56.670902252197266
202303B,2023,2023-06-09 21:00:00,CRVBND,20.47,91.85,35.0,30.69,30.69,2,33.1031494140625,31.62120599403974,49.540730037703746,37.89370346069336
202302A,2023,2023-06-10 03:00:00,EMBC,16.8,67.4,77.0,75.0,75.0,0,66.10391235351562,69.94705187881723,47.71526680016013,67.8322982788086
202303B,2023,2023-06-10 03:10:00,CRVBND,21.11,91.9,32.0,26.040000000000003,26.040000000000003,2,26.69171905517578,23.821670681550437,49.540730037703746,37.94512176513672
202302A,2023,2023-06-10 14:00:00,EMBC,17.44,67.39,59.0,80.0,80.0,0,57.522560119628906,59.7375980345658,47.71526680016013,39.78323745727539
202302A,2023,2023-06-11 02:00:00,SHEAR,19.15,68.86,65.0,90.0,90.0,0,39.6123046875,38.42930987795038,47.71526680016013,33.50907897949219
202302A,2023,2023-06-11 08:30:00,EMBC,18.57,67.85,74.6,90.0,90.0,0,53.40616226196289,54.84021440702276,47.71526680016013,53.67034149169922
202302A,2023,2023-06-12 02:00:00,EMBC,19.47,67.63,74.6,90.0,90.0,0,57.167991638183594,59.31575885965727,47.71526680016013,63.748680114746094
202302A,2023,2023-06-12 08:00:00,EYE,19.67,67.15,82.2,90.0,90.0,0,57.88947296142578,60.17412361015002,47.71526680016013,67.11286163330078
202302A,2023,2023-06-12 15:00:00,EYE,20.0,67.09,74.6,90.0,90.0,0,83.29862976074219,90.40404617871393,47.71526680016013,60.455535888671875
202302A,2023,2023-06-13 15:00:00,EMBC,21.5,66.4,82.2,85.0,85.0,0,58.74401092529297,61.19078924308036,47.71526680016013,55.30018997192383
202302A,2023,2023-06-13 21:00:00,CRVBND,21.8,66.8,67.4,85.0,85.0,0,50.53727340698242,51.4270240902859,47.71526680016013,45.244266510009766
202302A,2023,2023-06-14 09:00:00,CRVBND,21.7,66.4,53.0,80.0,80.0,0,54.61790466308594,56.28185527878837,47.71526680016013,39.79930114746094
202302A,2023,2023-06-14 15:00:00,SHEAR,22.2,66.9,39.0,70.0,70.0,0,60.92087173461914,63.780656125646175,47.71526680016013,29.474077224731445
202302A,2023,2023-06-14 21:00:00,CRVBND,22.4,66.8,35.0,70.0,70.0,0,52.77592849731445,54.090409206642036,47.71526680016013,27.32465934753418
202302A,2023,2023-06-15 03:00:00,SHEAR,22.8,67.0,35.0,70.0,70.0,0,41.339317321777344,40.48398090152958,47.71526680016013,30.619579315185547
202302A,2023,2023-06-15 09:00:00,CRVBND,22.9,67.4,34.0,65.0,65.0,0,35.64422607421875,33.70838544220941,47.71526680016013,44.693382263183594
202304B,2023,2023-08-01 00:00:00,CRVBND,20.63,91.78,41.0,25.0,25.0,4,34.8334846496582,23.40345322115169,49.12199992680404,17.90850257873535
202304B,2023,2023-08-01 06:00:00,SHEAR,21.53,91.07,33.0,30.0,30.0,4,32.74092102050781,19.907821805885803,49.12199992680404,19.920949935913086
202305A,2023,2023-10-21 15:30:00,EYE,11.25,56.95,65.0,66.81818181813108,66.81818181813108,3,68.82281494140625,79.35240705812839,50.69363147943891,66.59742736816406
202305A,2023,2023-10-21 21:00:00,EYE,11.68,56.07,94.8,80.0,80.0,3,77.09663391113281,91.9113997122661,50.69363147943891,60.37940216064453
202305A,2023,2023-10-22 03:00:00,EYE,12.4,55.42,99.6,95.0,95.0,3,78.36380767822266,93.83486771303181,50.69363147943891,68.34762573242188
202305A,2023,2023-10-22 09:00:00,EYE,13.1,54.37,99.6,95.0,95.0,3,73.53167724609375,86.5000818272164,50.69363147943891,62.36048889160156
202305A,2023,2023-10-22 15:00:00,EYE,13.63,54.05,92.4,95.0,95.0,3,80.22412109375,96.65867405995434,50.69363147943891,54.90491485595703
202305A,2023,2023-10-23 15:00:00,EYE,15.48,52.44,67.4,70.0,70.0,3,65.23509979248047,73.90654362246917,50.69363147943891,54.99330520629883
202306B,2023,2023-10-24 03:00:00,EMBC,20.0,89.5,74.6,65.0,65.0,1,84.19966888427734,94.81641519435269,48.893103305784514,68.70890808105469
202306B,2023,2023-10-24 08:30:00,EMBC,20.65,90.73,79.6,65.0,65.0,1,57.298797607421875,59.53833297198062,48.893103305784514,64.70159149169922
202306B,2023,2023-10-24 15:00:00,EMBC,21.1,91.5,74.6,55.0,55.0,1,63.624916076660156,67.83447049144695,48.893103305784514,69.24958801269531
202307B,2023,2023-11-17 00:00:00,CRVBND,20.26,88.86,35.0,35.0,35.0,3,48.780723571777344,48.93012211260159,50.69363147943891,57.610870361328125
202307B,2023,2023-11-17 06:00:00,SHEAR,21.11,89.53,32.0,45.0,45.0,3,37.38542556762695,31.632974997166848,50.69363147943891,31.321001052856445
202308B,2023,2023-12-03 03:00:00,CRVBND,11.67,82.36,37.0,35.0,35.0,2,37.49643325805664,36.96565653954499,49.540730037703746,70.70021057128906
202308B,2023,2023-12-03 09:00:00,CRVBND,12.0,82.5,37.0,35.0,35.0,2,40.817115783691406,41.00528251541721,49.540730037703746,52.117103576660156
202308B,2023,2023-12-03 14:30:00,CRVBND,12.56,82.42,43.0,39.090909090858354,39.090909090858354,2,31.786354064941406,30.01931823266741,49.540730037703746,62.23942947387695
202308B,2023,2023-12-03 20:00:00,CRVBND,12.98,82.14,45.0,45.0,45.0,2,44.5523681640625,45.54923467757136,49.540730037703746,63.425716400146484
202308B,2023,2023-12-04 03:00:00,CRVBND,13.7,81.1,53.0,50.0,50.0,2,40.23149108886719,40.29286730828387,49.540730037703746,50.373287200927734
202401B,2024,2024-05-25 18:30:00,CRVBND,18.87,89.1,35.0,40.49999999993861,40.49999999993861,0,32.63250732421875,30.125266752759572,47.71526680016013,31.81387710571289
202401B,2024,2024-05-26 00:00:00,CRVBND,19.34,89.01,35.0,50.0,50.0,0,35.451332092285156,33.4788945471022,47.71526680016013,51.034515380859375
202401B,2024,2024-05-26 06:00:00,CRVBND,20.53,88.61,41.0,50.0,50.0,0,47.618648529052734,47.954661557229606,47.71526680016013,50.54821014404297
202401B,2024,2024-05-26 12:00:00,CRVBND,21.02,88.89,51.0,60.0,60.0,0,45.360557556152344,45.2681530751619,47.71526680016013,51.296302795410156
202402A,2024,2024-08-30 06:00:00,CRVBND,23.55,67.77,35.0,35.0,35.0,1,39.315162658691406,35.95440716344087,48.893103305784514,34.42440414428711
202402A,2024,2024-08-30 12:00:00,CRVBND,23.55,66.86,33.0,35.0,35.0,1,38.21440887451172,34.51086720872244,48.893103305784514,37.708866119384766
202402A,2024,2024-08-31 00:00:00,CRVBND,23.42,65.58,33.0,40.0,40.0,1,48.36488342285156,47.82230504384249,48.893103305784514,33.28382110595703
202402A,2024,2024-08-31 06:00:00,CRVBND,23.64,64.9,31.0,40.0,40.0,1,49.056976318359375,48.729922861197366,48.893103305784514,43.30847930908203
202402A,2024,2024-08-31 12:00:00,CRVBND,23.29,64.12,34.0,40.0,40.0,1,53.394386291503906,54.41804738660552,48.893103305784514,48.75809097290039
202402A,2024,2024-09-01 00:00:00,CRVBND,23.11,62.61,39.0,40.0,40.0,1,46.08639144897461,44.8342669847703,48.893103305784514,36.86914825439453
202402A,2024,2024-09-01 06:00:00,SHEAR,22.37,62.06,39.0,35.0,35.0,1,38.26737594604492,34.58032877691463,48.893103305784514,37.84593963623047
202402A,2024,2024-09-01 12:00:00,SHEAR,22.2,61.54,31.0,30.0,30.0,1,41.98202896118164,39.45176335414048,48.893103305784514,42.99439239501953
202402A,2024,2024-09-01 22:30:00,SHEAR,21.33,61.45,25.0,22.72727272728964,22.72727272728964,1,32.31654739379883,26.77635035566563,48.893103305784514,31.259523391723633
202403B,2024,2024-10-23 13:00:00,IRRCDO,17.4,88.93,47.0,45.0,45.0,4,49.30706024169922,47.58158803433591,49.12199992680404,48.12171936035156
202403B,2024,2024-10-24 00:30:00,EMBC,18.76,88.42,63.0,55.0,55.0,4,63.904937744140625,71.96736941889324,49.12199992680404,60.95671844482422
202403B,2024,2024-10-25 00:30:00,IRRCDO,20.82,86.87,49.0,49.090909090858354,49.090909090858354,4,48.1077995300293,45.5782207959836,49.12199992680404,46.556453704833984
202404B,2024,2024-11-30 09:30:00,CRVBND,12.4,80.78,53.0,44.09090909093446,44.09090909093446,2,42.089385986328125,42.55300522580099,49.540730037703746,48.79250717163086
202404B,2024,2024-11-30 15:00:00,CRVBND,12.4,80.5,51.0,40.0,40.0,2,36.044227600097656,35.19904149793443,49.540730037703746,36.20166778564453
202404B,2024,2024-11-30 21:00:00,IRRCDO,12.2,80.1,37.0,35.0,35.0,2,37.57455062866211,37.06068668983145,49.540730037703746,35.638099670410156
202501B,2025,2025-10-01 12:00:00,SHEAR,16.52,86.27,35.0,25.0,25.0,3,31.818279266357422,23.18249405747272,50.69363147943891,10.787933349609375
202501B,2025,2025-10-02 00:00:00,CRVBND,17.33,85.26,32.0,30.0,30.0,3,43.674659729003906,41.17952731138742,50.69363147943891,27.835649490356445
202501B,2025,2025-10-02 06:00:00,CRVBND,17.72,84.84,35.0,30.0,30.0,3,42.61149597167969,39.5657301196389,50.69363147943891,24.560827255249023
202502A,2025,2025-10-03 05:30:00,CRVBND,21.65,66.85,39.0,34.090909090858354,34.090909090858354,0,46.90339660644531,47.10370808371566,47.71526680016013,50.56489944458008
202502A,2025,2025-10-03 12:30:00,IRRCDO,21.97,66.4,47.0,40.0,40.0,0,52.84870529174805,54.176993617053284,47.71526680016013,55.73627471923828
202502A,2025,2025-10-04 00:00:00,CRVBND,22.15,64.68,55.0,50.0,50.0,0,61.52054977416992,64.49410839975612,47.71526680016013,37.31208038330078
202502A,2025,2025-10-04 06:00:00,CRVBND,22.03,64.25,65.0,55.0,55.0,0,58.45917510986328,60.85191280128419,47.71526680016013,40.79117202758789
202502A,2025,2025-10-04 12:00:00,EMBC,21.7,63.5,74.6,55.0,55.0,0,52.581634521484375,53.85925270305276,47.71526680016013,37.109073638916016
202502A,2025,2025-10-05 05:30:00,EMBC,20.82,60.91,61.0,60.0,60.0,0,40.796142578125,39.83775204114285,47.71526680016013,32.919708251953125
202502A,2025,2025-10-06 00:00:00,SHEAR,19.66,60.01,41.0,45.0,45.0,0,41.84938049316406,41.09081607901612,47.71526680016013,30.454753875732422
202502A,2025,2025-10-06 06:00:00,SHEAR,19.76,60.77,31.0,40.0,40.0,0,23.982290267944336,19.833882671116946,47.71526680016013,29.544466018676758
202502A,2025,2025-10-06 12:00:00,SHEAR,19.76,60.39,31.0,35.0,35.0,0,25.041933059692383,21.09456675433462,47.71526680016013,29.766286849975586
202502A,2025,2025-10-06 22:30:00,SHEAR,19.42,60.27,25.0,30.0,30.0,0,23.712425231933594,19.512817347816373,47.71526680016013,28.10094451904297
202503B,2025,2025-10-27 00:00:00,CRVBND,11.67,84.9,35.0,35.0,35.0,1,32.94475173950195,27.600184064696222,48.893103305784514,38.99427032470703
202503B,2025,2025-10-27 06:00:00,CRVBND,13.16,84.8,35.0,40.0,40.0,1,33.07868576049805,27.77582653205148,48.893103305784514,34.17976379394531
202503B,2025,2025-10-27 13:00:00,IRRCDO,13.4,83.94,43.0,45.0,45.0,1,29.890222549438477,23.594442733544398,48.893103305784514,25.4354248046875
202503B,2025,2025-10-27 23:30:00,IRRCDO,14.75,83.15,33.0,49.09090909093446,49.09090909093446,1,36.07735061645508,31.708306794756023,48.893103305784514,35.504302978515625
202503B,2025,2025-10-28 06:00:00,CRVBND,15.12,82.72,39.0,50.0,50.0,1,49.31985855102539,49.07466935373092,48.893103305784514,33.265960693359375
202503B,2025,2025-10-28 12:00:00,CRVBND,15.82,82.2,35.0,50.0,50.0,1,39.612369537353516,36.344167353532455,48.893103305784514,36.05775451660156
202505B,2025,2025-11-27 09:00:00,CRVBND,7.2,82.0,39.0,35.0,35.0,1,37.662296295166016,33.78682103305373,48.893103305784514,46.47804641723633
202505B,2025,2025-11-29 03:00:00,SHEAR,9.6,80.8,35.0,40.0,40.0,1,31.600074768066406,25.836760706671118,48.893103305784514,28.865083694458008
202505B,2025,2025-11-29 09:00:00,SHEAR,10.2,80.8,29.0,40.0,40.0,1,32.75428009033203,27.35039756405494,48.893103305784514,34.671409606933594
202505B,2025,2025-11-29 15:00:00,SHEAR,10.4,80.8,28.0,40.0,40.0,1,31.338788986206055,25.494107816318948,48.893103305784514,32.666786193847656
202505B,2025,2025-11-29 21:00:00,SHEAR,10.7,80.8,25.0,40.0,40.0,1,33.60188293457031,28.461952744673976,48.893103305784514,32.04665756225586
202505B,2025,2025-11-30 03:00:00,SHEAR,11.15,80.8,25.0,40.0,40.0,1,32.25782775878906,26.699344815933376,48.893103305784514,28.843427658081055
202505B,2025,2025-11-30 09:00:00,SHEAR,11.65,80.8,25.0,35.0,35.0,1,30.382471084594727,24.23998257938668,48.893103305784514,30.885339736938477
202505B,2025,2025-11-30 15:00:00,SHEAR,12.16,80.8,25.0,30.0,30.0,1,29.702606201171875,23.348400704188087,48.893103305784514,29.53464698791504
