storm,season,time,scene,lat,lon,vmax_kt,bt_vmax_kt,truth,fold,cnn_raw,cnn_recalibrated,predict_the_mean,cold_cloud
200501B,2005,2005-01-09 01:00:00,EMBC,5.55,84.16,,23.25,23.25,1,30.286638259887695,22.17186245594362,48.39756282189469,36.185791015625
200501B,2005,2005-01-09 07:00:00,CRVBND,5.63,83.3,,23.25,23.25,1,32.43156814575195,25.082701700445035,48.39756282189469,65.18742370605469
200501B,2005,2005-01-09 11:30:00,SHEAR,6.35,83.3,,23.25,23.25,1,34.6939697265625,28.152959311962192,48.39756282189469,59.711883544921875
200501B,2005,2005-01-09 18:00:00,CRVBND,6.5,83.33,,23.25,23.25,1,29.767913818359375,21.467912424087775,48.39756282189469,52.09701919555664
200501B,2005,2005-01-10 00:00:00,SHEAR,6.69,83.7,,23.25,23.25,1,28.367965698242188,19.568072268398428,48.39756282189469,38.427818298339844
200501B,2005,2005-01-10 05:30:00,CRVBND,6.72,83.07,,18.878999999965743,18.878999999965743,1,27.965816497802734,19.022324044879056,48.39756282189469,41.18586349487305
200502B,2005,2005-01-14 21:30:00,CRVBND,5.05,87.05,,32.550000000000004,32.550000000000004,2,39.46247100830078,37.776743076013204,48.89265230808791,57.58919906616211
200502B,2005,2005-01-15 02:00:00,CRVBND,5.05,86.92,,34.10909090911577,34.10909090911577,2,30.79918098449707,27.140624675768276,48.89265230808791,48.28717803955078
200502B,2005,2005-01-15 15:00:00,CRVBND,4.89,86.53,,35.0,35.0,2,29.643924713134766,25.72229024957761,48.89265230808791,39.38072204589844
200502B,2005,2005-01-15 21:00:00,CRVBND,4.61,86.4,,35.0,35.0,2,31.153581619262695,27.575730403745986,48.89265230808791,42.524192810058594
200502B,2005,2005-01-16 03:00:00,IRRCDO,4.49,86.14,,35.0,35.0,2,31.39040756225586,27.866487005799463,48.89265230808791,46.93269348144531
200502B,2005,2005-01-16 15:00:00,SHEAR,4.63,86.2,,35.0,35.0,2,26.243770599365234,21.54784363244194,48.89265230808791,30.340330123901367
200502B,2005,2005-01-16 20:30:00,IRRCDO,5.23,85.69,,35.0,35.0,2,28.48086929321289,24.294380631136338,48.89265230808791,37.980125427246094
200502B,2005,2005-01-17 03:00:00,CRVBND,4.61,85.12,,30.0,30.0,2,31.9605712890625,28.56648999417659,48.89265230808791,40.159175872802734
200502B,2005,2005-01-17 08:30:00,SHEAR,4.55,84.96,,25.909090909141646,25.909090909141646,2,32.1531982421875,28.80298249008594,48.89265230808791,34.42281723022461
200505B,2005,2005-11-28 02:00:00,IRRCDO,11.22,89.63,0.0,27.264999999984557,27.264999999984557,3,42.46183776855469,36.5778317480765,49.452147140276935,39.82450866699219
200505B,2005,2005-11-28 09:00:00,CRVBND,10.25,88.46,0.0,30.0,30.0,3,39.45386505126953,32.30789604441258,49.452147140276935,36.71135711669922
200505B,2005,2005-11-28 15:00:00,IRRCDO,10.25,87.41,0.0,30.0,30.0,3,35.619693756103516,26.865138929923546,49.452147140276935,25.337854385375977
200505B,2005,2005-11-28 20:00:00,IRRCDO,10.35,86.57,0.0,35.0,35.0,3,36.312862396240234,27.849119106396454,49.452147140276935,44.376277923583984
200505B,2005,2005-11-29 09:00:00,CRVBND,11.75,85.2,0.0,45.0,45.0,3,33.12361526489258,23.32185723473962,49.452147140276935,51.28156661987305
200505B,2005,2005-11-29 15:00:00,CRVBND,12.05,84.45,0.0,45.0,45.0,3,34.63849639892578,25.472290649193376,49.452147140276935,35.53160858154297
200505B,2005,2005-11-29 21:00:00,EMBC,12.35,83.77,0.0,45.0,45.0,3,25.098718643188477,11.930200519796784,49.452147140276935,43.20377731323242
200505B,2005,2005-11-30 02:00:00,EMBC,12.6,83.27,0.0,45.0,45.0,3,25.39153289794922,12.345861883265895,49.452147140276935,66.54505920410156
200505B,2005,2005-11-30 09:00:00,CRVBND,12.69,84.01,0.0,35.0,35.0,3,34.20077133178711,24.850922682049372,49.452147140276935,45.451351165771484
200505B,2005,2005-11-30 14:30:00,CRVBND,12.87,83.64,0.0,35.0,35.0,3,25.51183319091797,12.516632885661194,49.452147140276935,41.43147277832031
200505B,2005,2005-11-30 22:00:00,CRVBND,12.58,83.7,0.0,35.0,35.0,3,38.27043914794922,30.62797638018476,49.452147140276935,64.83271026611328
200505B,2005,2005-12-01 09:00:00,IRRCDO,12.89,83.68,0.0,35.0,35.0,3,34.021514892578125,24.596461108813788,49.452147140276935,47.52395248413086
200505B,2005,2005-12-01 15:00:00,SHEAR,12.89,83.33,0.0,30.0,30.0,3,33.51691436767578,23.880160796318695,49.452147140276935,31.891069412231445
200505B,2005,2005-12-01 21:00:00,SHEAR,13.47,82.28,0.0,30.0,30.0,3,26.926511764526367,14.524824820364236,49.452147140276935,35.997867584228516
200505B,2005,2005-12-02 03:00:00,CRVBND,13.67,81.78,0.0,25.0,25.0,3,26.365522384643555,13.728478308052829,49.452147140276935,52.88979721069336
200505B,2005,2005-12-02 09:00:00,CRVBND,13.91,81.24,0.0,27.9,27.9,3,25.308679580688477,12.22824833727006,49.452147140276935,39.84388732910156
200505B,2005,2005-12-02 15:00:00,CRVBND,14.14,80.71,0.0,27.9,27.9,3,24.30609130859375,10.805034810600912,49.452147140276935,39.75019073486328
200506B,2005,2005-12-06 06:00:00,CRVBND,11.44,88.89,0.0,25.0,25.0,0,32.92580795288086,29.28881892414939,47.153197919247134,48.55248260498047
200506B,2005,2005-12-06 18:00:00,EMBC,12.2,87.1,0.0,30.0,30.0,0,38.342464447021484,35.646452687113644,47.153197919247134,62.687042236328125
200506B,2005,2005-12-07 01:00:00,EMBC,11.67,86.96,0.0,31.81818181813108,31.81818181813108,0,35.01935577392578,31.74605621173691,47.153197919247134,59.76199722290039
200506B,2005,2005-12-10 06:00:00,EMBC,11.48,79.83,0.0,41.85,41.85,0,31.583600997924805,27.713444841826693,47.153197919247134,47.097190856933594
200506B,2005,2005-12-10 12:00:00,SHEAR,10.6,79.7,0.0,30.0,30.0,0,30.313203811645508,26.22235526422455,47.153197919247134,30.894702911376953
200506B,2005,2005-12-10 18:00:00,SHEAR,10.33,79.28,0.0,27.9,27.9,0,29.30864906311035,25.043290061743694,47.153197919247134,27.012470245361328
200506B,2005,2005-12-11 05:00:00,SHEAR,9.62,78.71,0.0,24.08699999999429,24.08699999999429,0,28.863401412963867,24.520694343053783,47.153197919247134,27.733396530151367
200507B,2005,2005-12-17 06:00:00,SHEAR,7.54,83.11,0.0,30.0,30.0,1,31.754968643188477,24.164502743056577,48.39756282189469,38.475311279296875
200507B,2005,2005-12-17 12:00:00,CRVBND,8.64,82.85,0.0,30.0,30.0,1,30.700105667114258,22.732970379894425,48.39756282189469,48.46540069580078
200507B,2005,2005-12-17 18:00:00,CRVBND,8.9,82.4,0.0,30.0,30.0,1,35.00629806518555,28.57681353266441,48.39756282189469,52.93673324584961
200507B,2005,2005-12-18 06:00:00,CRVBND,10.4,82.7,0.0,30.0,30.0,1,34.440670013427734,27.809211597655654,48.39756282189469,51.99972152709961
200507B,2005,2005-12-18 12:00:00,CRVBND,10.7,82.43,0.0,30.0,30.0,1,30.61964225769043,22.62377517895065,48.39756282189469,45.58573532104492
200507B,2005,2005-12-19 07:00:00,CRVBND,11.96,82.68,0.0,30.0,30.0,1,34.8223991394043,28.327248167514945,48.39756282189469,55.560359954833984
200507B,2005,2005-12-19 11:00:00,EMBC,11.88,82.6,0.0,30.0,30.0,1,35.589385986328125,29.368109889268943,48.39756282189469,54.98859405517578
200507B,2005,2005-12-19 18:00:00,EMBC,12.2,82.5,0.0,30.0,30.0,1,34.061912536621094,27.295207790396997,48.39756282189469,58.33237838745117
200507B,2005,2005-12-20 00:00:00,SHEAR,11.05,83.79,0.0,30.0,30.0,1,26.08596420288086,16.47121602499158,48.39756282189469,29.92371368408203
200507B,2005,2005-12-20 06:00:00,SHEAR,11.18,83.65,0.0,25.0,25.0,1,28.57423973083496,19.848002420497863,48.39756282189469,40.06181335449219
200507B,2005,2005-12-20 12:00:00,EMBC,11.3,83.7,0.0,25.0,25.0,1,32.21179962158203,24.78445845758854,48.39756282189469,41.54930877685547
200507B,2005,2005-12-20 18:00:00,IRRCDO,12.18,84.44,0.0,25.0,25.0,1,33.60038375854492,26.66887679070113,48.39756282189469,47.80300521850586
200507B,2005,2005-12-20 23:00:00,EMBC,12.53,84.41,0.0,25.0,25.0,1,29.108537673950195,20.573086923877582,48.39756282189469,65.49241638183594
200507B,2005,2005-12-21 06:00:00,SHEAR,12.05,84.55,0.0,25.0,25.0,1,29.91473388671875,21.66715885152456,48.39756282189469,36.13818359375
200507B,2005,2005-12-21 13:00:00,CRVBND,12.58,84.61,0.0,25.0,25.0,1,37.178436279296875,31.524576627292948,48.39756282189469,50.262508392333984
200507B,2005,2005-12-21 18:00:00,SHEAR,11.63,84.8,0.0,25.0,25.0,1,27.635629653930664,18.5742344222322,48.39756282189469,31.79308319091797
200507B,2005,2005-12-22 00:00:00,SHEAR,12.1,85.1,0.0,25.0,25.0,1,29.657608032226562,21.318218761238,48.39756282189469,35.11896514892578
200507B,2005,2005-12-22 06:00:00,SHEAR,13.45,86.3,0.0,27.9,27.9,1,34.10698699951172,27.356377396159655,48.39756282189469,35.97239303588867
200507B,2005,2005-12-22 12:00:00,SHEAR,14.42,87.19,0.0,23.25,23.25,1,35.42533874511719,29.145484827808446,48.39756282189469,28.903457641601562
200601A,2006,2006-01-14 06:00:00,CRVBND,6.9,74.7,0.0,30.0,30.0,0,29.374006271362305,25.12000107236162,47.153197919247134,50.91029739379883
200601A,2006,2006-01-14 12:00:00,SHEAR,7.27,73.84,0.0,25.0,25.0,0,32.39326095581055,28.66375828524753,47.153197919247134,38.38172149658203
200601A,2006,2006-01-14 17:00:00,SHEAR,7.47,73.06,0.0,25.0,25.0,0,28.962703704833984,24.63724735028548,47.153197919247134,22.63672637939453
200602B,2006,2006-04-25 09:00:00,IRRCDO,10.23,89.55,0.0,30.0,30.0,2,34.13475799560547,31.23578851373329,48.89265230808791,42.93417739868164
200602B,2006,2006-04-25 21:00:00,CRVBND,10.6,89.59,0.0,35.0,35.0,2,37.65055847167969,35.55221680280313,48.89265230808791,49.69697952270508
200602B,2006,2006-04-26 09:00:00,CRVBND,10.77,90.98,0.0,45.0,45.0,2,39.39731979370117,37.69675544654482,48.89265230808791,27.786828994750977
200602B,2006,2006-04-26 20:00:00,EMBC,12.48,90.82,0.0,45.0,45.0,2,48.56425476074219,48.95121021013876,48.89265230808791,60.732810974121094
200602B,2006,2006-04-27 04:00:00,EMBC,12.77,90.78,0.0,55.0,55.0,2,48.65277099609375,49.05988360753817,48.89265230808791,72.948974609375
200602B,2006,2006-04-27 15:00:00,EMBC,13.22,89.84,0.0,65.0,65.0,2,46.60383987426758,46.54436422104515,48.89265230808791,65.134521484375
200602B,2006,2006-04-27 21:00:00,EMBC,14.24,90.45,0.0,65.0,65.0,2,72.93463134765625,78.87127638878063,48.89265230808791,72.36447143554688
200603B,2006,2006-07-03 00:00:00,CRVBND,19.85,85.65,0.0,30.0,30.0,4,51.08560562133789,45.257380288512465,47.8898116167798,50.701271057128906
200603B,2006,2006-07-03 04:30:00,CRVBND,19.74,85.16,0.0,30.0,30.0,4,48.041717529296875,40.04503940921108,47.8898116167798,28.351316452026367
200604A,2006,2006-09-21 15:00:00,CRVBND,19.84,66.19,0.0,30.0,30.0,3,43.23495101928711,37.6752964469111,49.452147140276935,46.340179443359375
200604A,2006,2006-09-22 09:00:00,EMBC,20.13,66.43,0.0,45.0,45.0,3,69.38008117675781,74.7893381052022,49.452147140276935,66.26054382324219
200604A,2006,2006-09-22 15:00:00,EYE,20.48,66.68,0.0,45.0,45.0,3,69.651123046875,75.17409271143606,49.452147140276935,57.65399169921875
200604A,2006,2006-09-23 09:00:00,CRVBND,20.75,67.18,0.0,45.0,45.0,3,56.6485595703125,56.71644191271462,49.452147140276935,49.63576889038086
200604A,2006,2006-09-23 15:00:00,CRVBND,20.8,67.33,0.0,55.0,55.0,3,59.18599319458008,60.318428847528416,49.452147140276935,45.6004638671875
200604A,2006,2006-09-23 21:00:00,CRVBND,20.43,66.98,0.0,45.0,45.0,3,60.18578338623047,61.73767038883934,49.452147140276935,40.87130355834961
200604A,2006,2006-09-24 03:00:00,CRVBND,20.68,67.56,0.0,35.0,35.0,3,55.44292449951172,55.0049954608173,49.452147140276935,41.521209716796875
200605B,2006,2006-09-29 03:00:00,CRVBND,19.12,85.1,0.0,25.0,25.0,2,27.634902954101562,23.255768496406112,48.89265230808791,37.279396057128906
200701B,2007,2007-05-14 07:00:00,EMBC,17.19,91.54,0.0,45.0,45.0,2,39.09294509887695,37.32306770397893,48.89265230808791,64.23678588867188
200702A,2007,2007-06-02 06:00:00,EMBC,15.27,67.34,0.0,33.0,33.0,4,50.652225494384766,44.51526202276508,47.8898116167798,66.69839477539062
200702A,2007,2007-06-02 16:30:00,CRVBND,15.36,66.77,0.0,45.0,45.0,4,48.59382629394531,40.99046808358393,47.8898116167798,50.03172302246094
200702A,2007,2007-06-03 00:30:00,EMBC,15.42,66.39,0.0,55.0,55.0,4,56.38129806518555,54.32570125650377,47.8898116167798,65.17277526855469
200702A,2007,2007-06-03 19:00:00,EYE,18.15,65.87,0.0,65.0,65.0,4,82.65528869628906,99.31716982821926,47.8898116167798,68.6442642211914
200702A,2007,2007-06-04 00:00:00,EYE,18.56,65.43,0.0,77.0,77.0,4,94.91096496582031,120.30373716957237,47.8898116167798,69.99927520751953
200702A,2007,2007-06-04 06:00:00,EYE,19.27,64.81,0.0,102.0,102.0,4,115.06239318847656,154.81095620167187,47.8898116167798,71.80970764160156
200702A,2007,2007-06-04 12:00:00,EYE,20.01,64.15,0.0,115.0,115.0,4,101.15325927734375,130.99301510513772,47.8898116167798,74.07201385498047
200702A,2007,2007-06-04 18:00:00,EYE,20.44,63.27,0.0,127.0,127.0,4,101.97632598876953,132.4024310023825,47.8898116167798,72.68180847167969
200702A,2007,2007-06-05 00:00:00,EMBC,20.89,62.54,0.0,115.0,115.0,4,92.01197814941406,115.33952461155484,47.8898116167798,75.96913146972656
200702A,2007,2007-06-05 06:00:00,EMBC,21.38,61.73,0.0,102.0,102.0,4,95.85486602783203,121.92006928914144,47.8898116167798,80.65630340576172
200702A,2007,2007-06-06 07:00:00,EMBC,23.07,59.4,0.0,77.0,77.0,4,71.27458190917969,79.82889646596927,47.8898116167798,61.124778747558594
200702A,2007,2007-06-06 18:00:00,CRVBND,24.25,58.99,0.0,65.0,65.0,4,73.1373062133789,83.01861755428153,47.8898116167798,50.70368194580078
200702A,2007,2007-06-07 00:00:00,CRVBND,25.25,58.4,0.0,45.0,45.0,4,68.46347045898438,75.01516130716442,47.8898116167798,41.96904373168945
200702A,2007,2007-06-07 06:00:00,SHEAR,25.6,58.0,0.0,41.85,41.85,4,47.488250732421875,39.09728524629336,47.8898116167798,40.613590240478516
200702A,2007,2007-06-07 12:00:00,SHEAR,25.96,57.63,0.0,32.550000000000004,32.550000000000004,4,39.74855422973633,25.8438622378005,47.8898116167798,41.39759826660156
200703B,2007,2007-06-21 15:00:00,SHEAR,16.35,83.25,0.0,27.9,27.9,2,35.71421813964844,33.174927692307506,48.89265230808791,19.276750564575195
200703B,2007,2007-06-21 20:30:00,CRVBND,16.81,82.24,0.0,27.9,27.9,2,35.11547088623047,32.439832057545544,48.89265230808791,27.631685256958008
200703B,2007,2007-06-22 03:00:00,CRVBND,15.62,80.9,0.0,27.9,27.9,2,36.613243103027344,34.278681108042235,48.89265230808791,50.03080749511719
200703B,2007,2007-06-22 09:00:00,CRVBND,15.44,80.03,0.0,26.040000000000003,26.040000000000003,2,37.214759826660156,35.01717688443978,48.89265230808791,34.23857116699219
200703B,2007,2007-06-25 09:00:00,CRVBND,23.07,66.83,0.0,25.0,25.0,2,33.93244171142578,30.987400205490097,48.89265230808791,47.390167236328125
200703B,2007,2007-06-25 15:00:00,CRVBND,23.77,65.93,0.0,30.0,30.0,2,28.44144630432129,24.24598013012685,48.89265230808791,38.36357498168945
200704B,2007,2007-06-28 17:00:00,IRRCDO,18.77,86.06,0.0,40.58181818181032,40.58181818181032,4,54.79875946044922,51.615768955080455,47.8898116167798,42.38356399536133
200705A,2007,2007-10-28 03:00:00,CRVBND,10.65,66.05,0.0,37.2,37.2,0,32.04453659057617,28.254453799947306,47.153197919247134,27.563552856445312
200705A,2007,2007-10-28 09:00:00,CRVBND,10.7,65.55,0.0,37.2,37.2,0,33.08184814453125,29.471966294097818,47.153197919247134,28.392059326171875
200705A,2007,2007-10-28 15:00:00,CRVBND,11.45,65.85,0.0,37.2,37.2,0,32.52330780029297,28.816396764379956,47.153197919247134,22.51319122314453
200705A,2007,2007-10-28 21:00:00,CRVBND,11.5,65.65,0.0,37.2,37.2,0,31.944091796875,28.136559816372877,47.153197919247134,31.8443603515625
200705A,2007,2007-10-29 03:00:00,SHEAR,11.26,66.33,0.0,37.2,37.2,0,32.329532623291016,28.588959117361977,47.153197919247134,14.428962707519531
200705A,2007,2007-10-29 09:00:00,CRVBND,11.21,66.13,0.0,35.34,35.34,0,31.951541900634766,28.145304146247202,47.153197919247134,35.357421875
200705A,2007,2007-10-29 15:00:00,CRVBND,10.93,66.85,0.0,32.550000000000004,32.550000000000004,0,41.26728820800781,39.0793745114312,47.153197919247134,26.829030990600586
200705A,2007,2007-10-29 21:00:00,CRVBND,11.0,66.33,0.0,30.69,30.69,0,32.564292907714844,28.864501772147367,47.153197919247134,40.238040924072266
200705A,2007,2007-10-30 03:00:00,SHEAR,11.11,66.14,0.0,26.040000000000003,26.040000000000003,0,28.710784912109375,24.341565424750108,47.153197919247134,24.655710220336914
200706B,2007,2007-11-12 00:00:00,EMBC,10.78,90.87,0.0,30.0,30.0,3,50.59606170654297,48.124682892977106,49.452147140276935,70.37957763671875
200706B,2007,2007-11-12 05:30:00,EMBC,10.93,90.58,0.0,39.09090909093446,39.09090909093446,3,54.112876892089844,53.116940514750766,49.452147140276935,71.96879577636719
200706B,2007,2007-11-12 12:00:00,EYE,11.07,90.37,0.0,55.0,55.0,3,91.63233947753906,106.3772948907325,49.452147140276935,72.74392700195312
200706B,2007,2007-11-12 18:00:00,EYE,11.55,90.06,0.0,65.0,65.0,3,96.80400848388672,113.71868266690444,49.452147140276935,76.78740692138672
200706B,2007,2007-11-13 00:00:00,EYE,11.96,89.92,0.0,90.0,90.0,3,94.90320587158203,111.0204185193417,49.452147140276935,75.6200942993164
200706B,2007,2007-11-13 05:30:00,EYE,12.51,89.78,0.0,90.0,90.0,3,69.22840881347656,74.57403321380073,49.452147140276935,69.66445922851562
200706B,2007,2007-11-13 18:00:00,EYE,13.75,89.55,0.0,90.0,90.0,3,106.49646759033203,127.47750998508118,49.452147140276935,77.47208404541016
200706B,2007,2007-11-13 23:30:00,EYE,14.31,89.53,0.0,90.0,90.0,3,96.74236297607422,113.63117444142537,49.452147140276935,79.91233825683594
200706B,2007,2007-11-14 06:30:00,EYE,14.99,89.41,0.0,90.0,90.0,3,90.57742309570312,104.87979955199596,49.452147140276935,83.19338989257812
200706B,2007,2007-11-14 12:30:00,EYE,15.83,89.34,0.0,90.0,90.0,3,97.47232055664062,114.66737796731167,49.452147140276935,84.60195922851562
200706B,2007,2007-11-14 18:30:00,EYE,16.68,89.22,0.0,105.0,105.0,3,101.12056732177734,119.84620789110612,49.452147140276935,82.46668243408203
200706B,2007,2007-11-14 23:30:00,EYE,17.66,89.3,0.0,105.0,105.0,3,97.78144073486328,115.10618623114033,49.452147140276935,82.89452362060547
200706B,2007,2007-11-15 06:30:00,EYE,19.48,89.25,0.0,115.0,115.0,3,110.15971374511719,132.67763213304542,49.452147140276935,79.81712341308594
200706B,2007,2007-11-15 11:30:00,EYE,20.89,89.59,0.0,115.0,115.0,3,99.13446044921875,117.02685098746892,49.452147140276935,78.63215637207031
200801B,2008,2008-04-28 14:30:00,EMBC,12.94,85.3,0.0,55.0,55.0,0,82.71397399902344,87.72614567607334,47.153197919247134,63.00678634643555
200801B,2008,2008-04-28 21:30:00,EMBC,13.33,85.3,0.0,55.0,55.0,0,77.30470275878906,81.3771801274648,47.153197919247134,65.97573852539062
200801B,2008,2008-04-29 09:30:00,EMBC,13.58,85.69,0.0,65.0,65.0,0,40.05868911743164,37.66081854568982,47.153197919247134,52.29822540283203
200801B,2008,2008-04-29 20:30:00,IRRCDO,13.74,86.68,0.0,65.0,65.0,0,42.225425720214844,40.203958912114416,47.153197919247134,43.927223205566406
200801B,2008,2008-04-30 20:30:00,EMBC,15.39,88.45,0.0,65.0,65.0,0,62.65714645385742,64.1850619619713,47.153197919247134,59.70018005371094
200801B,2008,2008-05-01 09:30:00,EMBC,15.9,90.29,0.0,65.0,65.0,0,70.85768127441406,73.8101871856092,47.153197919247134,61.992462158203125
200801B,2008,2008-05-01 15:30:00,EMBC,15.86,91.24,0.0,65.0,65.0,0,96.42630004882812,103.82056612849003,47.153197919247134,53.32445526123047
200801B,2008,2008-05-02 02:30:00,EMBC,15.72,93.0,0.0,77.0,77.0,0,73.26368713378906,76.63416247405495,47.153197919247134,71.09015655517578
200801B,2008,2008-05-02 08:30:00,EYE,16.0,94.15,0.0,90.0,90.0,0,93.6105728149414,100.51569299340741,47.153197919247134,74.67066955566406
200803B,2008,2008-10-21 01:00:00,EMBC,10.33,53.6,0.0,28.472727272730825,28.472727272730825,1,42.550655364990234,38.81510218141605,48.39756282189469,61.592994689941406
200803B,2008,2008-10-21 06:00:00,CRVBND,10.82,54.1,0.0,30.0,30.0,1,34.40044403076172,27.75462176245193,48.39756282189469,32.590694427490234
200803B,2008,2008-10-21 12:00:00,CRVBND,11.5,52.98,0.0,30.0,30.0,1,39.768131256103516,35.03899722418792,48.39756282189469,43.781497955322266
200803B,2008,2008-10-21 18:00:00,SHEAR,11.78,53.68,0.0,27.9,27.9,1,31.1162166595459,23.297665857737705,48.39756282189469,31.955121994018555
200803B,2008,2008-10-22 00:00:00,SHEAR,13.52,53.77,0.0,27.9,27.9,1,30.457469940185547,22.403694537025725,48.39756282189469,28.475120544433594
200803B,2008,2008-10-22 06:00:00,SHEAR,13.98,53.4,0.0,25.0,25.0,1,27.403257369995117,18.25888688202975,48.39756282189469,30.088340759277344
200803B,2008,2008-10-22 13:00:00,CRVBND,14.14,51.44,0.0,26.054545454516028,26.054545454516028,1,35.290306091308594,28.962234852792665,48.39756282189469,52.8100471496582
200803B,2008,2008-10-22 18:00:00,CRVBND,14.1,51.62,0.0,27.9,27.9,1,30.652257919311523,22.668037207494205,48.39756282189469,32.02508544921875
200803B,2008,2008-10-23 00:00:00,CRVBND,14.8,51.23,0.0,23.25,23.25,1,25.76192283630371,16.03146630035451,48.39756282189469,38.84259796142578
200803B,2008,2008-10-23 05:30:00,CRVBND,15.27,50.57,0.0,23.25,23.25,1,46.30710983276367,43.91290754887297,48.39756282189469,44.11805725097656
200803B,2008,2008-10-23 17:00:00,CRVBND,13.88,48.16,0.0,23.25,23.25,1,30.751142501831055,22.80223139508557,48.39756282189469,45.882362365722656
200805B,2008,2008-11-14 06:00:00,CRVBND,13.32,84.22,0.0,30.0,30.0,0,34.51003646850586,31.148258360651113,47.153197919247134,45.68315124511719
200805B,2008,2008-11-14 12:00:00,CRVBND,13.8,84.33,0.0,35.0,35.0,0,32.7127685546875,29.038770490718026,47.153197919247134,34.21846008300781
200805B,2008,2008-11-14 18:00:00,EMBC,14.77,83.12,0.0,35.0,35.0,0,58.86138153076172,59.72989976782937,47.153197919247134,52.61304473876953
200805B,2008,2008-11-15 01:30:00,IRRCDO,14.4,82.5,0.0,37.72727272728964,37.72727272728964,0,38.04441833496094,35.296630240922696,47.153197919247134,43.38178634643555
200805B,2008,2008-11-15 06:00:00,CRVBND,14.7,81.88,0.0,30.0,30.0,0,30.592947006225586,26.55069522463106,47.153197919247134,33.374610900878906
200805B,2008,2008-11-15 11:00:00,IRRCDO,14.22,81.73,0.0,30.0,30.0,0,42.499332427978516,40.52544847584519,47.153197919247134,38.743045806884766
200805B,2008,2008-11-15 19:00:00,CRVBND,14.46,80.7,0.0,30.0,30.0,0,35.425254821777344,32.22246772015868,47.153197919247134,37.605194091796875
200805B,2008,2008-11-15 23:00:00,CRVBND,14.68,80.01,0.0,30.0,30.0,0,33.9205322265625,30.45634590948425,47.153197919247134,34.7333984375
200806B,2008,2008-11-25 19:30:00,CRVBND,9.75,80.35,0.0,30.0,30.0,3,45.636199951171875,41.08396384895243,49.452147140276935,56.871864318847656
200806B,2008,2008-11-25 23:30:00,CRVBND,9.88,80.2,0.0,30.0,30.0,3,35.112457275390625,26.145096774371147,49.452147140276935,55.26336669921875
200806B,2008,2008-11-26 06:30:00,EMBC,10.12,79.57,0.0,40.90909090906554,40.90909090906554,3,41.761070251464844,35.58306466658166,49.452147140276935,61.558189392089844
200806B,2008,2008-11-26 12:00:00,CRVBND,10.4,79.8,0.0,45.0,45.0,3,46.98670196533203,43.00105463072558,49.452147140276935,55.94437789916992
200806B,2008,2008-11-26 19:30:00,CRVBND,11.15,80.1,0.0,45.0,45.0,3,34.01446533203125,24.586453980058508,49.452147140276935,46.945457458496094
200806B,2008,2008-11-27 00:00:00,CRVBND,11.33,79.78,0.0,45.0,45.0,3,30.945146560668945,20.229435137283097,49.452147140276935,56.21432113647461
200807B,2008,2008-12-04 06:00:00,CRVBND,6.72,89.6,0.0,25.0,25.0,0,33.716407775878906,30.216761121171317,47.153197919247134,38.97122573852539
200807B,2008,2008-12-04 12:00:00,CRVBND,6.83,89.02,0.0,25.0,25.0,0,31.98727798461914,28.187248274389894,47.153197919247134,39.3557014465332
200807B,2008,2008-12-04 18:00:00,CRVBND,7.3,88.53,0.0,25.0,25.0,0,30.99976921081543,27.028190259847296,47.153197919247134,28.120616912841797
200807B,2008,2008-12-05 00:00:00,CRVBND,7.78,88.78,0.0,30.0,30.0,0,31.053104400634766,27.09079079652824,47.153197919247134,29.515460968017578
200807B,2008,2008-12-05 06:00:00,IRRCDO,7.88,88.22,0.0,30.0,30.0,0,30.87505340576172,26.88180892408372,47.153197919247134,20.78282928466797
200807B,2008,2008-12-05 12:00:00,SHEAR,8.3,87.8,0.0,30.0,30.0,0,28.721473693847656,24.354111053171952,47.153197919247134,19.172252655029297
200807B,2008,2008-12-05 18:00:00,SHEAR,8.8,87.0,0.0,30.0,30.0,0,29.719575881958008,25.52560276155019,47.153197919247134,24.865079879760742
200807B,2008,2008-12-06 00:00:00,SHEAR,9.0,85.68,0.0,30.0,30.0,0,28.498762130737305,24.09271021400769,47.153197919247134,13.332122802734375
200807B,2008,2008-12-06 06:00:00,SHEAR,8.98,84.78,0.0,30.0,30.0,0,29.670473098754883,25.46796988180502,47.153197919247134,26.269195556640625
200807B,2008,2008-12-06 12:00:00,CRVBND,8.22,83.68,0.0,30.0,30.0,0,28.7414608001709,24.377570303748772,47.153197919247134,30.961984634399414
200807B,2008,2008-12-06 18:00:00,IRRCDO,8.03,83.08,0.0,30.0,30.0,0,30.767488479614258,26.755557904303235,47.153197919247134,17.768810272216797
200807B,2008,2008-12-07 00:00:00,CRVBND,7.67,82.37,0.0,25.0,25.0,0,31.366989135742188,27.459203338796094,47.153197919247134,19.579370498657227
200807B,2008,2008-12-07 06:00:00,SHEAR,7.67,82.6,0.0,25.0,25.0,0,27.40408706665039,22.807869066254938,47.153197919247134,17.089637756347656
200807B,2008,2008-12-07 12:00:00,CRVBND,7.57,82.21,0.0,25.0,25.0,0,30.846900939941406,26.84876583423604,47.153197919247134,19.96381378173828
200807B,2008,2008-12-07 16:30:00,SHEAR,7.48,81.7,0.0,23.25,23.25,0,28.061201095581055,23.57913642296589,47.153197919247134,24.87358856201172
200904A,2009,2009-11-10 03:00:00,CRVBND,14.12,70.89,0.0,30.0,30.0,1,35.18954849243164,28.82549883408845,48.39756282189469,53.12556457519531
200904A,2009,2009-11-10 09:00:00,CRVBND,14.5,71.3,0.0,33.0,33.0,1,39.187950134277344,34.25164562381149,48.39756282189469,55.40325164794922
200904A,2009,2009-11-10 21:30:00,EMBC,16.13,71.67,0.0,45.0,45.0,1,58.62291717529297,60.62643071651168,48.39756282189469,62.6634407043457
200904A,2009,2009-11-11 09:00:00,CRVBND,18.3,73.0,0.0,30.0,30.0,1,40.59251403808594,36.157749762487704,48.39756282189469,54.069061279296875
200905B,2009,2009-12-12 00:00:00,CRVBND,10.47,84.37,0.0,45.0,45.0,2,46.711978912353516,46.67712898011593,48.89265230808791,63.58743667602539
200905B,2009,2009-12-12 06:00:00,CRVBND,10.21,84.09,0.0,45.0,45.0,2,28.104307174682617,23.832066744987973,48.89265230808791,49.10613250732422
200905B,2009,2009-12-12 12:00:00,CRVBND,9.98,83.37,0.0,35.0,35.0,2,34.434654235839844,31.60397795563779,48.89265230808791,41.037139892578125
200905B,2009,2009-12-12 18:00:00,CRVBND,9.23,82.11,0.0,30.0,30.0,2,28.978290557861328,24.905076042586668,48.89265230808791,41.01820755004883
200905B,2009,2009-12-13 00:00:00,CRVBND,8.23,81.78,0.0,30.0,30.0,2,34.70046615600586,31.93032130179312,48.89265230808791,36.608970642089844
200905B,2009,2009-12-13 12:00:00,CRVBND,8.44,82.43,0.0,30.0,30.0,2,29.556785583496094,25.615307556214624,48.89265230808791,39.4962158203125
200905B,2009,2009-12-13 18:00:00,CRVBND,8.8,82.17,0.0,30.0,30.0,2,33.459598541259766,30.406879880207857,48.89265230808791,32.21642303466797
200905B,2009,2009-12-14 00:30:00,CRVBND,8.9,81.57,0.0,30.0,30.0,2,26.44050407409668,21.78937779842113,48.89265230808791,43.977325439453125
201001B,2010,2010-05-17 22:00:00,EMBC,11.74,86.47,0.0,33.59999999999591,33.59999999999591,3,37.451602935791016,29.465606137377872,49.452147140276935,71.0296859741211
201001B,2010,2010-05-19 03:30:00,EMBC,13.64,81.67,0.0,46.00000000006139,46.00000000006139,3,38.23786926269531,30.581742145708255,49.452147140276935,74.61309814453125
201002A,2010,2010-05-19 15:00:00,CRVBND,11.4,53.4,0.0,25.0,25.0,2,37.90813446044922,35.868448708474695,48.89265230808791,47.60200881958008
201001B,2010,2010-05-19 20:30:00,EMBC,14.38,81.4,0.0,55.0,55.0,3,39.244346618652344,32.01047638004299,49.452147140276935,55.77802276611328
201002A,2010,2010-05-19 21:00:00,CRVBND,11.6,52.8,0.0,30.0,30.0,2,44.14731216430664,43.52842922350534,48.89265230808791,56.05634689331055
201002A,2010,2010-05-20 03:00:00,IRRCDO,11.8,52.5,0.0,30.0,30.0,2,42.82263946533203,41.9020983920137,48.89265230808791,47.74310302734375
201001B,2010,2010-05-20 08:00:00,EMBC,15.42,80.92,0.0,55.0,55.0,3,39.19001770019531,31.933354341226597,49.452147140276935,47.51258850097656
201001B,2010,2010-05-20 20:30:00,CRVBND,15.68,80.5,0.0,40.909090909141646,40.909090909141646,3,36.08308029174805,27.5229343619684,49.452147140276935,42.62461853027344
201002A,2010,2010-05-20 21:00:00,IRRCDO,12.5,52.2,0.0,30.0,30.0,2,40.941429138183594,39.59249364366323,48.89265230808791,49.76447677612305
201002A,2010,2010-05-21 15:00:00,CRVBND,12.6,51.4,0.0,40.0,40.0,2,49.52410888671875,50.12964497369847,48.89265230808791,60.98835372924805
201002A,2010,2010-05-21 21:30:00,IRRCDO,12.5,50.97,0.0,40.0,40.0,2,35.44518280029297,32.84462688102537,48.89265230808791,39.24370574951172
201002A,2010,2010-05-22 09:00:00,IRRCDO,12.6,51.0,0.0,35.0,35.0,2,43.79327392578125,43.09376841764248,48.89265230808791,46.6223258972168
201002A,2010,2010-05-22 15:00:00,CRVBND,12.6,51.0,0.0,28.0,28.0,2,24.51834487915039,19.429499192788125,48.89265230808791,31.044527053833008
201003A,2010,2010-06-01 16:00:00,EMBC,17.07,62.07,0.0,41.81818181813108,41.81818181813108,4,70.91717529296875,79.21687491331096,47.8898116167798,68.41741943359375
201003A,2010,2010-06-01 21:30:00,EMBC,17.21,61.35,0.0,45.99999999987722,45.99999999987722,4,91.60916137695312,114.6497429026095,47.8898116167798,69.42737579345703
201003A,2010,2010-06-02 03:00:00,EYE,17.75,60.85,0.0,60.0,60.0,4,93.73101806640625,118.28320117309397,47.8898116167798,69.1442642211914
201003A,2010,2010-06-02 09:00:00,EYE,17.95,60.34,0.0,80.0,80.0,4,98.78327178955078,126.93465872260299,47.8898116167798,74.39271545410156
201003A,2010,2010-06-02 14:00:00,EYE,18.38,59.81,0.0,85.0,85.0,4,65.30696105957031,69.60996818541831,47.8898116167798,69.1614990234375
201003A,2010,2010-06-02 21:00:00,EMBC,18.85,59.24,0.0,80.0,80.0,4,66.85923767089844,72.26807997946386,47.8898116167798,70.5945816040039
201003A,2010,2010-06-03 02:00:00,EMBC,18.79,59.39,0.0,75.0,75.0,4,70.37390899658203,78.28658804356458,47.8898116167798,74.63834381103516
201003A,2010,2010-06-03 14:00:00,EMBC,20.35,59.35,0.0,70.0,70.0,4,86.16426086425781,105.32591867915694,47.8898116167798,78.83253479003906
201003A,2010,2010-06-03 22:00:00,EMBC,21.14,59.12,0.0,65.0,65.0,4,88.61688995361328,109.52579018482692,47.8898116167798,71.6884765625
201003A,2010,2010-06-04 15:00:00,CRVBND,23.0,59.7,0.0,55.0,55.0,4,65.162353515625,69.36234284901637,47.8898116167798,44.93715286254883
201003A,2010,2010-06-04 21:00:00,CRVBND,23.6,60.1,0.0,50.0,50.0,4,52.243194580078125,47.239630643525956,47.8898116167798,42.33666229248047
201003A,2010,2010-06-05 03:00:00,SHEAR,24.0,60.7,0.0,40.0,40.0,4,37.585609436035156,22.140044874291195,47.8898116167798,39.04124450683594
201003A,2010,2010-06-05 09:00:00,SHEAR,23.8,61.4,0.0,40.0,40.0,4,45.03041458129883,34.88849719044429,47.8898116167798,38.86084747314453
201003A,2010,2010-06-05 15:00:00,SHEAR,23.7,62.1,0.0,35.0,35.0,4,45.283363342285156,35.321645561011884,47.8898116167798,32.33915710449219
201003A,2010,2010-06-05 21:00:00,SHEAR,23.5,62.8,0.0,30.0,30.0,4,54.98046875,51.92692716111005,47.8898116167798,31.603055953979492
201003A,2010,2010-06-06 03:00:00,CRVBND,23.0,64.8,0.0,25.0,25.0,4,37.03874206542969,21.20359154053817,47.8898116167798,28.209423065185547
201003A,2010,2010-06-06 09:00:00,CRVBND,23.7,66.3,0.0,25.0,25.0,4,42.7247314453125,30.940255303417846,47.8898116167798,41.6799201965332
201004B,2010,2010-10-21 06:00:00,CRVBND,17.77,91.53,0.0,35.0,35.0,4,50.74696350097656,44.67749097785483,47.8898116167798,62.14250183105469
201004B,2010,2010-10-21 19:00:00,EMBC,18.16,92.53,0.0,51.49999999998977,51.49999999998977,4,62.55859375,64.90367582320361,47.8898116167798,52.89665985107422
201004B,2010,2010-10-22 06:00:00,EYE,18.95,92.94,0.0,90.0,90.0,4,85.84005737304688,104.77075401496657,47.8898116167798,62.331947326660156
201004B,2010,2010-10-22 12:00:00,EYE,19.77,93.4,0.0,105.0,105.0,4,89.15512084960938,110.44745445659794,47.8898116167798,62.82898712158203
201005B,2010,2010-11-06 08:30:00,CRVBND,10.77,85.37,0.0,55.0,55.0,2,40.26216506958008,38.75854568176331,48.89265230808791,32.69120788574219
201005B,2010,2010-11-06 21:00:00,CRVBND,11.7,83.8,0.0,60.0,60.0,2,45.01354217529297,44.59191952954162,48.89265230808791,42.34830856323242
201005B,2010,2010-11-07 03:00:00,CRVBND,12.4,82.5,0.0,55.0,55.0,2,33.201683044433594,30.09023115276554,48.89265230808791,34.613826751708984
201005B,2010,2010-11-07 09:00:00,CRVBND,13.1,81.2,0.0,40.0,40.0,2,38.45669174194336,36.54192497202549,48.89265230808791,29.38922691345215
201005B,2010,2010-11-07 15:00:00,SHEAR,13.1,80.6,0.0,30.0,30.0,2,32.21035385131836,28.87315373268357,48.89265230808791,26.930849075317383
201101A,2011,2011-06-11 15:00:00,CRVBND,20.0,71.7,35.0,25.0,25.0,3,28.84250259399414,17.244649240188426,49.452147140276935,42.59065628051758
201101A,2011,2011-06-11 21:00:00,CRVBND,20.3,71.1,37.0,25.0,25.0,3,35.073970794677734,26.09046369968932,49.452147140276935,28.55568504333496
201101A,2011,2011-06-12 03:00:00,CRVBND,20.5,70.8,41.0,20.0,20.0,3,47.83514404296875,44.20545156523686,49.452147140276935,43.55487823486328
201101A,2011,2011-06-12 09:00:00,CRVBND,20.8,70.3,43.0,21.39,21.39,3,44.48133087158203,39.44458172036423,49.452147140276935,47.074668884277344
201102B,2011,2011-10-19 12:00:00,CRVBND,21.02,92.07,37.0,5.0,5.0,2,44.78086853027344,44.30626079824617,48.89265230808791,47.56217956542969
201103A,2011,2011-11-02 07:30:00,CRVBND,16.15,54.27,43.0,35.0,35.0,0,51.1851806640625,50.72019537652938,47.153197919247134,65.82209777832031
201103A,2011,2011-11-02 12:00:00,CRVBND,16.73,54.38,43.0,35.0,35.0,0,38.716041564941406,36.08492732557886,47.153197919247134,50.26013946533203
201104A,2011,2011-11-08 00:00:00,CRVBND,13.67,59.09,31.0,25.0,25.0,1,33.125282287597656,26.02412657491661,48.39756282189469,49.44370651245117
201104A,2011,2011-11-08 12:00:00,CRVBND,13.93,58.57,43.0,30.0,30.0,1,37.836612701416016,32.4177740096111,48.39756282189469,55.713191986083984
201104A,2011,2011-11-09 07:30:00,IRRCDO,16.18,58.85,45.0,29.09090909091585,29.09090909091585,1,39.06924057006836,34.090547370449265,48.39756282189469,57.09308624267578
201104A,2011,2011-11-09 12:00:00,SHEAR,15.96,58.34,45.0,25.0,25.0,1,36.016212463378906,29.94734712596355,48.39756282189469,37.89249801635742
201104A,2011,2011-11-09 18:00:00,SHEAR,15.9,58.3,37.0,25.0,25.0,1,37.45384216308594,31.89832416094568,48.39756282189469,27.374486923217773
201104A,2011,2011-11-09 23:00:00,SHEAR,16.07,58.13,33.0,25.0,25.0,1,43.482295989990234,40.07941208305609,48.39756282189469,26.573074340820312
201105A,2011,2011-11-27 15:30:00,CRVBND,12.67,70.94,30.0,25.0,25.0,2,27.987472534179688,23.688626196856166,48.89265230808791,25.020427703857422
201105B,2011,2011-11-27 15:30:00,CRVBND,12.67,70.94,35.0,25.0,25.0,0,32.136474609375,28.36236321843226,47.153197919247134,24.612205505371094
201105A,2011,2011-11-28 03:00:00,IRRCDO,14.6,68.5,43.0,30.0,30.0,2,36.00129318237305,33.52737625812774,48.89265230808791,51.91378402709961
201105A,2011,2011-11-28 14:30:00,IRRCDO,15.17,67.87,55.0,30.0,30.0,2,30.010583877563477,26.172446053513905,48.89265230808791,29.909149169921875
201105A,2011,2011-11-28 21:00:00,CRVBND,15.8,67.2,45.0,30.0,30.0,2,36.69853210449219,34.38339235692415,48.89265230808791,34.07877731323242
201105A,2011,2011-11-29 03:00:00,CRVBND,16.0,66.6,37.0,30.0,30.0,2,29.792972564697266,25.905279690328765,48.89265230808791,28.80628776550293
201105A,2011,2011-11-29 09:00:00,SHEAR,15.8,66.1,33.0,28.0,28.0,2,32.71942901611328,29.49815690266929,48.89265230808791,27.274694442749023
201105A,2011,2011-11-29 15:00:00,SHEAR,16.4,65.9,25.0,25.0,25.0,2,30.475980758666992,26.74382440018368,48.89265230808791,26.881393432617188
201105A,2011,2011-11-29 21:00:00,SHEAR,17.3,64.9,31.0,25.0,25.0,2,26.049013137817383,21.30873546283635,48.89265230808791,24.642257690429688
201105A,2011,2011-11-30 02:30:00,CRVBND,17.45,63.87,37.0,25.0,25.0,2,27.88546371459961,23.563387646612345,48.89265230808791,34.62604522705078
201105A,2011,2011-11-30 09:00:00,SHEAR,18.12,63.03,39.0,25.0,25.0,2,30.639095306396484,26.944083844076978,48.89265230808791,25.71784019470215
201105A,2011,2011-11-30 15:00:00,SHEAR,18.65,62.42,33.0,25.0,25.0,2,25.99300193786621,21.239969237443503,48.89265230808791,31.044071197509766
201105A,2011,2011-11-30 21:00:00,SHEAR,19.0,62.03,30.0,25.0,25.0,2,29.773080825805664,25.880858149614266,48.89265230808791,30.80199432373047
201106B,2011,2011-12-26 00:00:00,CRVBND,10.17,87.33,31.0,30.0,30.0,0,33.242576599121094,29.66061636830408,47.153197919247134,43.21930694580078
201106B,2011,2011-12-26 07:30:00,CRVBND,10.4,88.4,39.0,30.0,30.0,0,33.64497756958008,30.13292211610386,47.153197919247134,37.665855407714844
201106B,2011,2011-12-26 12:00:00,EYE,11.06,87.83,51.0,30.0,30.0,0,49.93968200683594,49.258329680693606,47.153197919247134,57.76396179199219
201106B,2011,2011-12-26 18:00:00,EYE,12.32,87.68,65.0,35.0,35.0,0,57.94655227661133,58.65614710143352,47.153197919247134,55.455535888671875
201106B,2011,2011-12-26 22:30:00,EMBC,11.91,87.26,55.0,37.272727272761095,37.272727272761095,0,49.63199996948242,48.89719736391252,47.153197919247134,52.60439682006836
201106B,2011,2011-12-27 06:00:00,EMBC,12.51,87.09,53.0,40.0,40.0,0,68.89012908935547,71.5008333959321,47.153197919247134,51.31377029418945
201106B,2011,2011-12-27 13:00:00,EMBC,13.43,86.05,55.0,41.36363636371247,41.36363636371247,0,58.48933029174805,59.293216082743434,47.153197919247134,58.19013977050781
201106B,2011,2011-12-27 18:00:00,EMBC,12.4,86.03,55.0,45.0,45.0,0,60.884857177734375,62.10489199885699,47.153197919247134,62.90262222290039
201106B,2011,2011-12-28 04:30:00,EMBC,12.25,84.74,61.0,45.0,45.0,0,46.90376663208008,45.69501749559771,47.153197919247134,70.11772155761719
201106B,2011,2011-12-29 00:00:00,EMBC,11.97,82.62,72.2,70.0,70.0,0,70.9428939819336,73.91020297707497,47.153197919247134,65.32313537597656
201106B,2011,2011-12-29 05:00:00,EYE,11.89,82.05,74.6,75.0,75.0,0,89.28844451904297,95.44272799893315,47.153197919247134,73.44686889648438
201106B,2011,2011-12-29 12:00:00,EMBC,12.15,81.68,69.8,75.0,75.0,0,99.62391662597656,107.57367012057148,47.153197919247134,69.04173278808594
201106B,2011,2011-12-29 18:30:00,EMBC,12.62,80.28,74.6,75.0,75.0,0,72.300048828125,75.50312168643943,47.153197919247134,56.990623474121094
201201A,2012,2012-10-24 18:00:00,CRVBND,10.33,55.11,37.0,35.0,35.0,3,31.685924530029297,21.280998631088405,49.452147140276935,50.34650802612305
201201A,2012,2012-10-25 00:00:00,CRVBND,10.28,54.27,41.0,35.0,35.0,3,25.949602127075195,13.13806312660427,49.452147140276935,42.13182830810547
201201A,2012,2012-10-25 06:00:00,CRVBND,10.28,52.93,39.0,35.0,35.0,3,34.533485412597656,25.323223419553035,49.452147140276935,50.544227600097656
201201A,2012,2012-10-25 12:00:00,CRVBND,9.52,51.3,49.0,30.0,30.0,3,47.41145706176758,43.604011213796014,49.452147140276935,65.73213958740234
201202B,2012,2012-10-30 01:30:00,CRVBND,8.95,83.34,55.0,32.27272727271036,32.27272727271036,3,33.30692672729492,23.58207507305468,49.452147140276935,37.517333984375
201202B,2012,2012-10-30 06:00:00,EMBC,9.26,83.08,57.0,35.0,35.0,3,49.75584411621094,46.931960942013646,49.452147140276935,57.893775939941406
201202B,2012,2012-10-30 11:30:00,CRVBND,9.52,83.2,57.0,39.09090909093446,39.09090909093446,3,40.337154388427734,33.56176003583917,49.452147140276935,49.68940734863281
201202B,2012,2012-10-31 12:00:00,EMBC,12.62,80.27,61.0,35.0,35.0,3,41.3996696472168,35.070042279597644,49.452147140276935,60.8177490234375
201203B,2012,2012-11-17 21:30:00,IRRCDO,16.21,88.27,35.0,30.0,30.0,4,57.68080139160156,56.55096516445661,47.8898116167798,50.16323471069336
201203B,2012,2012-11-18 09:00:00,CRVBND,16.0,87.8,51.0,30.0,30.0,4,39.98025894165039,26.240632390091676,47.8898116167798,51.062110900878906
201203B,2012,2012-11-18 15:00:00,SHEAR,15.8,87.5,41.0,30.0,30.0,4,33.882686614990234,15.799175759064088,47.8898116167798,31.64366340637207
201203B,2012,2012-11-18 21:00:00,SHEAR,15.4,86.6,30.0,28.0,28.0,4,35.343021392822266,18.299846752804694,47.8898116167798,25.13898468017578
201203B,2012,2012-11-19 03:00:00,SHEAR,15.2,86.5,25.0,25.0,25.0,4,31.287151336669922,11.354592309944447,47.8898116167798,26.454776763916016
201203B,2012,2012-11-19 09:00:00,SHEAR,15.2,86.1,25.0,23.0,23.0,4,31.315078735351562,11.402415067351818,47.8898116167798,28.317716598510742
201204A,2012,2012-12-23 06:00:00,CRVBND,8.67,58.06,43.0,30.0,30.0,2,28.35602569580078,24.14110730426638,48.89265230808791,53.957672119140625
201204A,2012,2012-12-23 12:00:00,CRVBND,8.15,57.17,49.0,30.0,30.0,2,27.86524772644043,23.538568017689826,48.89265230808791,27.709259033203125
201204A,2012,2012-12-23 18:00:00,CRVBND,8.18,56.22,43.0,32.550000000000004,32.550000000000004,2,27.93541717529297,23.624716647601197,48.89265230808791,25.47109031677246
201204A,2012,2012-12-24 00:00:00,CRVBND,8.42,54.89,41.0,32.550000000000004,32.550000000000004,2,28.37629508972168,24.165992500658458,48.89265230808791,29.5212459564209
201204A,2012,2012-12-24 06:00:00,CRVBND,8.23,53.17,41.0,28.0,28.0,2,34.93779754638672,32.22169845311205,48.89265230808791,29.817630767822266
201204A,2012,2012-12-24 12:00:00,SHEAR,7.52,51.77,33.0,25.0,25.0,2,29.870141983032227,26.000022342142735,48.89265230808791,31.025131225585938
201204A,2012,2012-12-24 18:00:00,CRVBND,6.6,51.0,29.0,23.25,23.25,2,26.146291732788086,21.428166608633724,48.89265230808791,23.40443992614746
201204A,2012,2012-12-24 23:00:00,SHEAR,6.1,50.17,32.0,19.36090909091381,19.36090909091381,2,28.965513229370117,24.889389025495248,48.89265230808791,27.160917282104492
201301B,2013,2013-05-10 08:30:00,EMBC,5.04,93.35,30.0,26.37272727268897,26.37272727268897,2,36.71442413330078,34.40290336250793,48.89265230808791,57.51380920410156
201301B,2013,2013-05-10 20:00:00,IRRCDO,6.35,92.03,43.0,30.0,30.0,2,44.1021842956543,43.47302471173,48.89265230808791,42.01686096191406
201301B,2013,2013-05-11 02:00:00,EMBC,6.95,91.05,55.0,33.181818181809724,33.181818181809724,2,42.384483337402344,41.36416413820848,48.89265230808791,52.565914154052734
201301B,2013,2013-05-11 08:30:00,EMBC,7.95,89.87,59.0,35.0,35.0,2,58.288658142089844,60.89008163791809,48.89265230808791,62.213809967041016
201301B,2013,2013-05-12 15:00:00,IRRCDO,10.5,86.9,59.0,40.0,40.0,2,41.041847229003906,39.7157792199924,48.89265230808791,38.58816146850586
201301B,2013,2013-05-13 03:30:00,IRRCDO,11.85,86.7,61.0,40.0,40.0,2,36.89442443847656,34.62389383525782,48.89265230808791,43.2885627746582
201301B,2013,2013-05-13 16:00:00,CRVBND,12.92,85.7,49.0,40.0,40.0,2,45.280723571777344,44.91994421295201,48.89265230808791,52.129398345947266
201301B,2013,2013-05-14 03:00:00,CRVBND,14.0,85.4,51.0,40.0,40.0,2,28.06938934326172,23.78919732837465,48.89265230808791,46.513607025146484
201301B,2013,2013-05-14 09:00:00,CRVBND,14.5,85.9,49.0,40.0,40.0,2,34.521766662597656,31.710927865265997,48.89265230808791,27.66472625732422
201301B,2013,2013-05-14 15:00:00,IRRCDO,15.1,86.4,47.0,40.0,40.0,2,41.5860481262207,40.383907051383645,48.89265230808791,39.90205383300781
201301B,2013,2013-05-14 21:30:00,IRRCDO,15.87,86.93,47.0,40.0,40.0,2,52.68390655517578,54.009000510703906,48.89265230808791,38.592403411865234
201301B,2013,2013-05-15 08:00:00,EMBC,17.76,88.07,57.0,45.0,45.0,2,37.669715881347656,35.57573679081123,48.89265230808791,62.58524703979492
201302B,2013,2013-10-09 08:30:00,CRVBND,13.57,92.54,43.0,30.0,30.0,2,38.410789489746094,36.485569731941574,48.89265230808791,49.26328659057617
201302B,2013,2013-10-09 15:00:00,IRRCDO,13.9,91.9,51.0,35.0,35.0,2,44.650917053222656,44.14671641125219,48.89265230808791,53.60763168334961
201302B,2013,2013-10-09 21:30:00,EMBC,14.33,91.25,72.2,45.0,45.0,2,46.24944305419922,46.10926317645812,48.89265230808791,71.17425537109375
201302B,2013,2013-10-10 02:30:00,EMBC,14.57,91.05,90.0,53.18181818186892,53.18181818186892,2,66.0391616821289,70.40555129054076,48.89265230808791,64.8853759765625
201302B,2013,2013-10-10 09:00:00,EYE,15.1,90.7,107.2,70.0,70.0,2,87.15373229980469,96.32839035547713,48.89265230808791,63.74319839477539
201302B,2013,2013-10-10 15:00:00,EYE,15.55,89.84,122.2,90.0,90.0,2,89.99076080322266,99.8114748400451,48.89265230808791,73.66148376464844
201302B,2013,2013-10-10 21:00:00,EYE,15.65,89.05,137.4,100.0,100.0,2,100.18780517578125,112.33061837340048,48.89265230808791,74.65727233886719
201302B,2013,2013-10-11 03:00:00,EYE,15.85,88.56,137.4,115.0,115.0,2,73.74744415283203,79.86918517508823,48.89265230808791,64.2867202758789
201302B,2013,2013-10-11 09:00:00,EYE,16.45,88.05,119.8,115.0,115.0,2,84.65291595458984,93.25808119211216,48.89265230808791,59.24140167236328
201302B,2013,2013-10-11 15:00:00,EYE,16.75,87.14,129.6,115.0,115.0,2,99.07371520996094,110.96282475776127,48.89265230808791,66.6419906616211
201302B,2013,2013-10-11 21:00:00,EYE,17.25,86.75,134.8,115.0,115.0,2,110.68865203857422,125.22274714071936,48.89265230808791,69.41926574707031
201302B,2013,2013-10-12 03:00:00,EYE,17.75,86.15,134.8,115.0,115.0,2,101.296875,113.69224864690138,48.89265230808791,66.85700225830078
201302B,2013,2013-10-12 09:00:00,EYE,18.45,85.55,119.8,115.0,115.0,2,85.366455078125,94.13410941929538,48.89265230808791,61.444087982177734
201303A,2013,2013-11-09 21:00:00,IRRCDO,8.0,52.2,51.0,30.0,30.0,0,32.82752990722656,29.173468094373533,47.153197919247134,23.371448516845703
201303A,2013,2013-11-10 09:00:00,IRRCDO,8.0,51.6,55.0,30.0,30.0,0,32.76332092285156,29.09810477617351,47.153197919247134,41.04730224609375
201303A,2013,2013-11-10 14:30:00,IRRCDO,8.28,51.25,49.0,30.0,30.0,0,33.41783905029297,29.866325273447966,47.153197919247134,33.42942810058594
201304B,2013,2013-11-19 13:00:00,EMBC,15.0,84.7,35.0,26.81818181819028,26.81818181819028,2,44.97109603881836,44.53980744141616,48.89265230808791,46.48753356933594
201304B,2013,2013-11-19 19:30:00,EMBC,15.05,84.04,53.0,30.0,30.0,2,49.58367919921875,50.2027808025982,48.89265230808791,62.19223403930664
201304B,2013,2013-11-20 00:30:00,EMBC,15.75,84.07,53.0,30.90909090904863,30.90909090904863,2,49.93193054199219,50.63033690479553,48.89265230808791,62.3016357421875
201304B,2013,2013-11-20 06:30:00,IRRCDO,15.07,83.33,53.0,40.0,40.0,2,55.986663818359375,58.063870796931035,48.89265230808791,51.14918899536133
201304B,2013,2013-11-20 19:30:00,EMBC,15.7,84.11,65.0,45.0,45.0,2,58.74021530151367,61.444468643191335,48.89265230808791,66.76057434082031
201304B,2013,2013-11-21 00:00:00,EMBC,15.43,83.83,69.8,50.0,50.0,2,60.615814208984375,63.747184123847674,48.89265230808791,60.564674377441406
201304B,2013,2013-11-21 18:00:00,CRVBND,16.13,82.46,74.6,55.0,55.0,2,42.10459518432617,41.020539080434304,48.89265230808791,43.19273376464844
201304B,2013,2013-11-22 00:00:00,IRRCDO,16.07,82.56,59.0,55.0,55.0,2,58.413055419921875,61.04280700807818,48.89265230808791,65.28424072265625
201304B,2013,2013-11-22 06:00:00,CRVBND,16.22,81.38,53.0,55.0,55.0,2,44.090728759765625,43.458960489510105,48.89265230808791,43.7710075378418
201305B,2013,2013-11-23 19:00:00,EMBC,9.45,95.67,49.0,31.09090909087865,31.09090909087865,2,35.219642639160156,32.56772609030641,48.89265230808791,61.78755187988281
201305B,2013,2013-11-25 07:00:00,EMBC,12.33,91.2,59.0,56.36363636364482,56.36363636364482,2,45.19303894042969,44.81229179472141,48.89265230808791,74.367919921875
201305B,2013,2013-11-26 01:30:00,EMBC,12.41,90.59,63.0,70.0,70.0,2,39.236610412597656,37.49944888047691,48.89265230808791,77.2585678100586
201305B,2013,2013-11-26 06:00:00,EMBC,12.67,90.05,65.0,70.0,70.0,2,36.63393020629883,34.304079135714055,48.89265230808791,76.1580581665039
201305B,2013,2013-11-27 06:30:00,EMBC,13.87,86.1,79.6,69.4999999999693,69.4999999999693,2,36.45750427246094,34.08747700003377,48.89265230808791,73.67997741699219
201305B,2013,2013-11-27 12:30:00,CRVBND,14.2,85.91,79.6,55.0,55.0,2,48.52386474609375,48.901622469591224,48.89265230808791,45.40632629394531
201305B,2013,2013-11-27 18:00:00,CRVBND,15.9,83.7,79.6,45.0,45.0,2,55.12871170043945,57.01054344867603,48.89265230808791,38.557220458984375
201305B,2013,2013-11-28 00:00:00,CRVBND,14.67,82.61,63.0,30.0,30.0,2,45.788700103759766,45.54359856642114,48.89265230808791,32.3578987121582
201305B,2013,2013-11-28 06:00:00,SHEAR,15.08,81.92,51.0,30.0,30.0,2,31.291296005249023,27.74480549077909,48.89265230808791,33.39588928222656
201305B,2013,2013-11-28 12:00:00,CRVBND,15.4,80.94,39.0,20.0,20.0,2,31.72759246826172,28.280456591626532,48.89265230808791,28.571826934814453
201306B,2013,2013-12-06 03:00:00,CRVBND,9.8,83.7,37.0,25.0,25.0,3,32.57379150390625,22.54136075807037,49.452147140276935,55.315242767333984
201306B,2013,2013-12-06 09:00:00,CRVBND,10.2,83.6,47.0,25.0,25.0,3,39.244842529296875,32.01118034472816,49.452147140276935,55.21323013305664
201306B,2013,2013-12-07 08:30:00,EMBC,10.48,84.3,55.0,54.00000000012278,54.00000000012278,3,48.975440979003906,45.82414796230711,49.452147140276935,58.73240280151367
201306B,2013,2013-12-07 14:00:00,EMBC,11.19,84.65,57.0,55.0,55.0,3,49.49172592163086,46.5570347658073,49.452147140276935,60.93311309814453
201306B,2013,2013-12-08 02:30:00,EMBC,12.02,84.76,59.0,60.0,60.0,3,52.29769515991211,50.54021857763838,49.452147140276935,61.209228515625
201306B,2013,2013-12-08 09:00:00,EMBC,13.65,84.14,59.0,65.0,65.0,3,56.674339294433594,56.753037246117316,49.452147140276935,59.486881256103516
201306B,2013,2013-12-08 15:00:00,EMBC,13.65,85.57,63.0,65.0,65.0,3,39.74881362915039,32.726587163584384,49.452147140276935,52.4166259765625
201306B,2013,2013-12-08 20:00:00,EMBC,13.71,84.96,67.4,65.0,65.0,3,54.026405334472656,52.9941907341097,49.452147140276935,59.540367126464844
201306B,2013,2013-12-09 14:00:00,EMBC,14.66,84.79,84.8,60.0,60.0,3,50.83797073364258,48.468082281513944,49.452147140276935,66.08907318115234
201306B,2013,2013-12-10 03:00:00,EYE,15.25,85.46,90.0,65.0,65.0,3,71.94830322265625,78.43503041673887,49.452147140276935,69.30677032470703
201306B,2013,2013-12-10 09:00:00,EMBC,15.5,85.2,104.6,65.0,65.0,3,55.426429748535156,54.981580512366094,49.452147140276935,65.16940307617188
201306B,2013,2013-12-10 15:00:00,CRVBND,15.0,84.8,92.4,55.0,55.0,3,31.482297897338867,20.991942608689882,49.452147140276935,34.550392150878906
201306B,2013,2013-12-10 21:00:00,SHEAR,14.55,84.45,69.8,45.0,45.0,3,30.167760848999023,19.125905511930146,49.452147140276935,26.38005828857422
201306B,2013,2013-12-11 03:00:00,SHEAR,14.2,83.9,51.0,30.0,30.0,3,26.00023078918457,13.209932505846735,49.452147140276935,25.390239715576172
201306B,2013,2013-12-11 09:00:00,CRVBND,13.6,83.3,41.0,30.0,30.0,3,28.446701049804688,16.682793364505745,49.452147140276935,35.409271240234375
201306B,2013,2013-12-11 15:30:00,CRVBND,13.05,82.64,43.0,27.699999999981586,27.699999999981586,3,26.76323699951172,14.293049862886358,49.452147140276935,43.63946533203125
201306B,2013,2013-12-11 21:00:00,SHEAR,12.6,82.3,41.0,25.0,25.0,3,27.133861541748047,14.819165993014465,49.452147140276935,34.856414794921875
201306B,2013,2013-12-12 03:00:00,SHEAR,11.9,81.5,28.0,25.0,25.0,3,27.6750545501709,15.587410776605351,49.452147140276935,26.671905517578125
201306B,2013,2013-12-12 08:00:00,IRRCDO,11.35,80.77,32.0,25.0,25.0,3,42.178985595703125,36.17631195210978,49.452147140276935,50.473045349121094
201306B,2013,2013-12-12 15:00:00,SHEAR,10.58,79.75,34.0,23.0,23.0,3,24.747888565063477,11.432183410832717,49.452147140276935,33.898475646972656
201401B,2014,2014-01-04 07:30:00,CRVBND,8.99,83.19,35.0,25.0,25.0,1,32.59208679199219,25.300538179870117,48.39756282189469,35.03281021118164
201401B,2014,2014-01-04 12:00:00,CRVBND,9.05,82.95,35.0,25.0,25.0,1,30.7435359954834,22.79190876527085,48.39756282189469,28.77814292907715
201401B,2014,2014-01-04 18:00:00,CRVBND,9.15,82.76,32.0,25.0,25.0,1,32.283599853515625,24.881897042529697,48.39756282189469,23.434368133544922
201401B,2014,2014-01-05 00:00:00,CRVBND,9.43,82.04,35.0,25.0,25.0,1,33.72129821777344,26.83296726072981,48.39756282189469,35.435089111328125
201401B,2014,2014-01-05 06:00:00,CRVBND,9.3,81.49,34.0,25.0,25.0,1,32.216949462890625,24.791447198937522,48.39756282189469,28.453325271606445
201401B,2014,2014-01-05 12:00:00,CRVBND,9.26,81.4,33.0,25.0,25.0,1,29.114778518676758,20.581556243023464,48.39756282189469,28.49654769897461
201401B,2014,2014-01-05 18:00:00,CRVBND,9.16,81.26,33.0,25.0,25.0,1,28.085254669189453,19.184411075721027,48.39756282189469,31.55238914489746
201401B,2014,2014-01-06 00:00:00,CRVBND,9.28,80.82,33.0,25.0,25.0,1,28.62147331237793,19.912102120781647,48.39756282189469,44.462158203125
201402A,2014,2014-06-10 03:00:00,IRRCDO,15.3,68.7,39.0,35.34,35.34,1,38.22651290893555,32.94689938241078,48.39756282189469,31.712310791015625
201402A,2014,2014-06-10 20:00:00,EMBC,16.56,67.67,57.0,31.90909090906554,31.90909090906554,1,50.937076568603516,50.19613804709898,48.39756282189469,56.91011047363281
201402A,2014,2014-06-11 03:00:00,EMBC,17.25,66.85,59.0,35.0,35.0,1,61.54886245727539,64.59716953188625,48.39756282189469,59.51904296875
201402A,2014,2014-06-11 09:30:00,EMBC,16.57,66.2,57.0,45.0,45.0,1,61.18036651611328,64.09709143887113,48.39756282189469,68.3375473022461
201402A,2014,2014-06-12 03:30:00,EMBC,18.47,63.65,67.4,45.0,45.0,1,65.9566650390625,70.57890572831712,48.39756282189469,67.22814178466797
201402A,2014,2014-06-12 15:00:00,EMBC,18.3,63.4,74.6,45.0,45.0,1,63.95748519897461,67.86586080610554,48.39756282189469,45.94554901123047
201402A,2014,2014-06-13 09:00:00,SHEAR,21.4,64.3,63.0,30.0,30.0,1,39.83310317993164,35.12716925578488,48.39756282189469,31.774322509765625
201402A,2014,2014-06-13 15:00:00,SHEAR,21.66,64.41,47.0,25.0,25.0,1,35.71812438964844,29.542818069302633,48.39756282189469,27.789087295532227
201402A,2014,2014-06-13 21:00:00,SHEAR,21.93,64.6,32.0,25.0,25.0,1,27.244476318359375,18.04340845570427,48.39756282189469,27.979576110839844
201402A,2014,2014-06-14 02:30:00,SHEAR,22.13,64.8,27.0,17.56600000005071,17.56600000005071,1,27.947978973388672,18.998117115584357,48.39756282189469,27.808977127075195
201403B,2014,2014-10-08 10:30:00,EMBC,12.89,91.35,55.0,40.0,40.0,1,45.97215270996094,43.45834428099878,48.39756282189469,58.00276565551758
201403B,2014,2014-10-09 01:30:00,EMBC,13.7,89.06,72.2,50.45454545457928,50.45454545457928,1,52.554542541503906,52.39116710683304,48.39756282189469,70.20441436767578
201403B,2014,2014-10-09 05:00:00,EMBC,13.92,88.68,77.0,55.0,55.0,1,52.387081146240234,52.16390876870044,48.39756282189469,69.25308227539062
201403B,2014,2014-10-10 18:00:00,EMBC,15.62,86.48,82.2,75.0,75.0,1,62.76627731323242,66.24929763309498,48.39756282189469,73.46574401855469
201403B,2014,2014-10-11 06:00:00,EYE,16.07,85.22,115.0,90.0,90.0,1,102.80184936523438,120.58073059649686,48.39756282189469,68.23660278320312
201403B,2014,2014-10-11 12:00:00,EYE,16.26,84.88,127.0,95.0,95.0,1,101.27798461914062,118.51272579341465,48.39756282189469,67.12310791015625
201403B,2014,2014-10-11 17:00:00,EYE,16.46,84.79,132.2,98.18181818180972,98.18181818180972,1,100.12773895263672,116.95175158677844,48.39756282189469,66.7914810180664
201403B,2014,2014-10-11 23:30:00,EYE,17.2,84.24,124.6,100.0,100.0,1,98.68461608886719,114.9933198943574,48.39756282189469,69.40895080566406
201403B,2014,2014-10-12 06:00:00,EYE,17.52,83.45,122.2,100.0,100.0,1,107.61898803710938,127.11796819326301,48.39756282189469,67.46885681152344
201404A,2014,2014-10-25 18:00:00,CRVBND,13.75,62.72,39.0,25.0,25.0,0,31.877647399902344,28.05857275147221,47.153197919247134,37.321990966796875
201404A,2014,2014-10-25 23:30:00,CRVBND,14.03,63.03,49.0,25.0,25.0,0,36.91975021362305,33.97658566580851,47.153197919247134,52.80855941772461
201404A,2014,2014-10-26 06:00:00,EMBC,14.48,62.81,57.0,35.0,35.0,0,38.470375061035156,35.79658383151508,47.153197919247134,59.66797637939453
201404A,2014,2014-10-26 13:30:00,EMBC,14.29,62.9,72.2,40.0,40.0,0,49.46014404296875,48.69548676218787,47.153197919247134,57.876075744628906
201404A,2014,2014-10-26 18:00:00,CRVBND,14.55,62.7,77.0,45.0,45.0,0,59.051246643066406,59.952748096812954,47.153197919247134,48.136329650878906
201404A,2014,2014-10-27 00:00:00,EYE,14.9,62.89,90.0,55.0,55.0,0,74.91246795654297,78.56936819326702,47.153197919247134,56.69498062133789
201404A,2014,2014-10-27 05:00:00,EYE,14.97,62.57,102.0,63.63636363635518,63.63636363635518,0,76.01255798339844,79.86056498682449,47.153197919247134,62.04024124145508
201404A,2014,2014-10-27 12:30:00,EMBC,15.36,62.16,82.2,70.0,70.0,0,63.94970703125,65.70216513740746,47.153197919247134,59.40106201171875
201404A,2014,2014-10-27 18:30:00,EYE,15.48,62.14,92.4,70.90909090906554,70.90909090906554,0,65.7486343383789,67.81360066914051,47.153197919247134,59.24657440185547
201404A,2014,2014-10-28 01:00:00,EMBC,15.81,61.72,87.4,75.0,75.0,0,45.901702880859375,44.51887602450852,47.153197919247134,57.88787841796875
201404A,2014,2014-10-28 06:00:00,EYE,16.12,61.47,69.8,80.0,80.0,0,88.76333618164062,94.82639825775527,47.153197919247134,74.4534683227539
201404A,2014,2014-10-28 12:00:00,EYE,16.8,61.8,99.6,100.0,100.0,0,97.41801452636719,104.98456045828426,47.153197919247134,72.5613021850586
201404A,2014,2014-10-28 18:30:00,EMBC,17.73,61.45,117.4,110.0,110.0,0,78.96051025390625,83.32063318698845,47.153197919247134,73.09235382080078
201404A,2014,2014-10-29 00:00:00,EMBC,18.56,62.01,109.8,105.0,105.0,0,74.01909637451172,77.52080080876726,47.153197919247134,70.11209106445312
201404A,2014,2014-10-29 12:30:00,EMBC,19.84,62.57,74.6,78.99999999993861,78.99999999993861,0,53.7416877746582,53.72081687415678,47.153197919247134,63.436248779296875
201404A,2014,2014-10-29 18:00:00,CRVBND,19.75,62.8,61.0,70.0,70.0,0,56.48290252685547,56.9382332783458,47.153197919247134,33.662628173828125
201404A,2014,2014-10-30 00:00:00,IRRCDO,19.5,63.79,51.0,60.0,60.0,0,51.91971206665039,51.58232899162973,47.153197919247134,42.258995056152344
201404A,2014,2014-10-30 12:00:00,CRVBND,20.43,64.58,49.0,40.0,40.0,0,49.713645935058594,48.99302680185424,47.153197919247134,42.54804229736328
201404A,2014,2014-10-30 18:00:00,SHEAR,20.72,65.06,35.0,35.0,35.0,0,39.35710525512695,36.83735609143153,47.153197919247134,26.18793487548828
201404A,2014,2014-10-31 00:00:00,SHEAR,21.2,65.5,30.0,25.0,25.0,0,29.71473503112793,25.51992096195443,47.153197919247134,28.589111328125
201404A,2014,2014-10-31 05:30:00,SHEAR,21.18,65.47,25.0,23.757272727258574,23.757272727258574,0,27.225711822509766,22.598506616217325,47.153197919247134,15.399374008178711
201405B,2014,2014-11-06 05:00:00,EMBC,13.96,87.0,41.0,30.0,30.0,3,48.460445404052734,45.09309146698835,49.452147140276935,57.021324157714844
201405B,2014,2014-11-06 12:00:00,CRVBND,13.86,88.01,49.0,30.0,30.0,3,32.44408416748047,22.357236087108774,49.452147140276935,29.64571762084961
201405B,2014,2014-11-06 18:00:00,CRVBND,13.35,87.7,37.0,30.0,30.0,3,34.6766471862793,25.526447193934477,49.452147140276935,23.318286895751953
201405B,2014,2014-11-07 06:00:00,CRVBND,13.3,87.1,33.0,25.0,25.0,3,26.775699615478516,14.310741036935871,49.452147140276935,28.55982208251953
201405B,2014,2014-11-07 12:00:00,CRVBND,14.27,87.11,33.0,25.0,25.0,3,24.54627799987793,11.145989275635042,49.452147140276935,33.60091018676758
201405B,2014,2014-11-07 18:00:00,SHEAR,14.34,87.12,33.0,25.0,25.0,3,19.388708114624023,3.8246157569736576,49.452147140276935,33.155853271484375
201405B,2014,2014-11-08 00:00:00,SHEAR,14.57,86.7,28.0,25.0,25.0,3,22.949207305908203,8.87888454484098,49.452147140276935,27.193716049194336
201405B,2014,2014-11-08 05:30:00,SHEAR,14.6,86.15,25.0,18.6,18.6,3,26.434865951538086,13.826914231490859,49.452147140276935,29.605640411376953
201501A,2015,2015-06-07 09:00:00,CRVBND,15.8,68.4,35.0,25.0,25.0,4,39.42469787597656,25.28929201028874,47.8898116167798,56.048397064208984
201501A,2015,2015-06-07 15:00:00,CRVBND,16.3,68.5,34.0,25.0,25.0,4,44.144981384277344,33.3722851914575,47.8898116167798,22.672821044921875
201501A,2015,2015-06-07 21:00:00,IRRCDO,16.9,68.1,41.0,28.0,28.0,4,47.481685638427734,39.0860432075694,47.8898116167798,36.538387298583984
201501A,2015,2015-06-08 03:00:00,EMBC,18.0,67.5,51.0,35.0,35.0,4,51.858734130859375,46.58128222356359,47.8898116167798,52.432865142822266
201501A,2015,2015-06-08 21:00:00,IRRCDO,19.6,65.5,49.0,35.0,35.0,4,52.153255462646484,47.08561928559759,47.8898116167798,33.978092193603516
201501A,2015,2015-06-09 03:00:00,IRRCDO,20.4,64.8,47.0,35.0,35.0,4,55.35680389404297,52.57136184343034,47.8898116167798,40.23617935180664
201501A,2015,2015-06-09 15:00:00,CRVBND,21.2,62.5,53.0,40.0,40.0,4,48.74379348754883,41.24727126101269,47.8898116167798,51.4794807434082
201501A,2015,2015-06-09 21:00:00,IRRCDO,21.1,62.5,59.0,45.0,45.0,4,48.16606140136719,40.257965321033325,47.8898116167798,47.02791213989258
201501A,2015,2015-06-10 03:00:00,EMBC,21.2,61.6,69.8,45.0,45.0,4,68.29612731933594,74.72860363444941,47.8898116167798,72.6290054321289
201501A,2015,2015-06-10 21:00:00,SHEAR,20.6,61.1,74.6,45.0,45.0,4,37.843658447265625,22.581926891444457,47.8898116167798,29.554445266723633
201501A,2015,2015-06-11 03:00:00,CRVBND,20.6,60.8,55.0,40.0,40.0,4,44.896610260009766,34.65937124606225,47.8898116167798,56.71376419067383
201501A,2015,2015-06-11 09:00:00,EMBC,20.8,60.5,55.0,35.0,35.0,4,67.59205627441406,73.52295540481362,47.8898116167798,77.38384246826172
201501A,2015,2015-06-11 15:00:00,CRVBND,20.8,59.8,55.0,35.0,35.0,4,57.08360290527344,55.52832504457698,47.8898116167798,59.958709716796875
201501A,2015,2015-06-11 21:00:00,CRVBND,20.85,59.83,41.0,28.0,28.0,4,42.51481628417969,30.58079748418375,47.8898116167798,38.950294494628906
201502B,2015,2015-07-29 01:00:00,CRVBND,21.23,91.24,35.0,30.0,30.0,3,44.510406494140625,39.4858557113668,49.452147140276935,38.75767135620117
201502B,2015,2015-07-29 06:00:00,CRVBND,21.41,91.38,35.0,30.0,30.0,3,46.9346923828125,42.92722498059057,49.452147140276935,32.14241409301758
201502B,2015,2015-07-29 12:00:00,CRVBND,21.44,91.46,35.0,30.0,30.0,3,35.99140167236328,27.392792952133092,49.452147140276935,43.07002639770508
201502B,2015,2015-07-29 18:00:00,CRVBND,21.62,91.21,41.0,35.0,35.0,3,39.23896789550781,32.00284107076542,49.452147140276935,40.15146255493164
201502B,2015,2015-07-30 00:00:00,CRVBND,21.96,91.19,41.0,35.0,35.0,3,37.566558837890625,29.62879056651227,49.452147140276935,29.319515228271484
201502B,2015,2015-07-30 06:00:00,CRVBND,22.31,91.05,37.0,40.0,40.0,3,44.1317253112793,38.94830286266123,49.452147140276935,43.496192932128906
201503A,2015,2015-10-09 21:00:00,CRVBND,15.0,69.8,37.0,30.0,30.0,2,24.954994201660156,19.96558350727371,48.89265230808791,33.612335205078125
201503A,2015,2015-10-10 03:30:00,IRRCDO,15.02,69.49,45.0,30.0,30.0,2,27.2484188079834,22.781273111092265,48.89265230808791,47.57342529296875
201503A,2015,2015-10-10 09:00:00,CRVBND,15.0,69.1,47.0,30.0,30.0,2,30.82889175415039,27.17710126409983,48.89265230808791,45.14300537109375
201503A,2015,2015-10-10 15:00:00,CRVBND,15.3,69.4,35.0,30.0,30.0,2,27.762283325195312,23.41215627808001,48.89265230808791,37.67386245727539
201503A,2015,2015-10-10 21:00:00,CRVBND,15.7,69.5,33.0,30.0,30.0,2,29.150514602661133,25.116519423430052,48.89265230808791,28.475122451782227
201503A,2015,2015-10-11 03:00:00,CRVBND,15.9,69.7,32.0,25.0,25.0,2,24.729595184326172,19.688856002010006,48.89265230808791,22.490692138671875
201503A,2015,2015-10-11 09:00:00,CRVBND,16.0,69.3,35.0,25.0,25.0,2,26.243927001953125,21.548035651459926,48.89265230808791,39.65540313720703
201503A,2015,2015-10-11 15:00:00,CRVBND,16.2,69.11,39.0,25.0,25.0,2,28.062837600708008,23.78115360487726,48.89265230808791,36.65351104736328
201503A,2015,2015-10-11 21:00:00,CRVBND,16.4,68.86,34.0,23.0,23.0,2,21.969783782958984,16.30057271163954,48.89265230808791,27.2421875
201504A,2015,2015-10-28 20:30:00,EMBC,13.57,64.53,37.0,32.45454545456067,32.45454545456067,2,44.70440673828125,44.212386915403826,48.89265230808791,58.380958557128906
201504A,2015,2015-10-29 03:00:00,CRVBND,13.7,64.0,53.0,40.0,40.0,2,51.57405090332031,52.646405458722384,48.89265230808791,51.56013107299805
201504A,2015,2015-10-29 09:00:00,EMBC,13.85,63.45,65.0,50.0,50.0,2,52.64283752441406,53.958579126614865,48.89265230808791,56.9493408203125
201504A,2015,2015-10-29 15:00:00,EYE,14.25,62.75,77.0,60.0,60.0,2,69.9001693725586,75.14579833604321,48.89265230808791,61.366661071777344
201504A,2015,2015-10-29 21:30:00,EMBC,14.06,62.1,82.2,77.72727272719662,77.72727272719662,2,64.0273666381836,67.935624712343,48.89265230808791,67.646240234375
201504A,2015,2015-10-30 03:00:00,EYE,14.15,61.45,109.8,105.0,105.0,2,100.429443359375,112.62728307280008,48.89265230808791,72.15226745605469
201504A,2015,2015-10-30 15:00:00,EYE,13.86,60.37,124.6,115.0,115.0,2,87.00009155273438,96.1397621123441,48.89265230808791,65.22412109375
201504A,2015,2015-10-31 03:00:00,EYE,13.85,59.25,102.0,110.0,110.0,2,72.2553939819336,78.03736121061547,48.89265230808791,71.05709075927734
201504A,2015,2015-10-31 09:00:00,EYE,13.9,58.3,104.6,105.0,105.0,2,89.87797546386719,99.67300571112288,48.89265230808791,69.30280303955078
201504A,2015,2015-10-31 15:00:00,EYE,13.65,57.55,112.4,105.0,105.0,2,96.53746032714844,107.8490068949548,48.89265230808791,68.9271469116211
201504A,2015,2015-10-31 21:00:00,EYE,13.65,56.75,112.4,105.0,105.0,2,85.74109649658203,94.59406521823504,48.89265230808791,70.62296295166016
201504A,2015,2015-11-01 04:00:00,EYE,13.55,55.92,112.4,103.1818181817759,103.1818181817759,2,95.16297912597656,106.16152503132024,48.89265230808791,73.96814727783203
201504A,2015,2015-11-01 09:00:00,EYE,13.65,55.04,119.8,100.0,100.0,2,100.58966064453125,112.82398548146993,48.89265230808791,70.52935791015625
201504A,2015,2015-11-01 15:00:00,EYE,13.55,54.05,117.4,100.0,100.0,2,113.43107604980469,128.58968353635848,48.89265230808791,66.06922912597656
201504A,2015,2015-11-01 21:00:00,EYE,13.15,53.05,119.8,100.0,100.0,2,118.34471893310547,134.6222747736032,48.89265230808791,61.961429595947266
201504A,2015,2015-11-02 03:00:00,EYE,13.25,52.15,117.4,95.0,95.0,2,102.79938507080078,115.53691446862588,48.89265230808791,63.08968734741211
201504A,2015,2015-11-02 09:00:00,EYE,13.35,50.94,112.4,90.0,90.0,2,101.0144271850586,113.34548103397917,48.89265230808791,57.997520446777344
201504A,2015,2015-11-02 15:00:00,EYE,13.55,50.04,92.4,85.0,85.0,2,89.3095932006836,98.97518986619454,48.89265230808791,58.31309509277344
201504A,2015,2015-11-03 03:30:00,CRVBND,13.47,48.08,72.2,53.18181818186892,53.18181818186892,2,37.032283782958984,34.793146891136864,48.89265230808791,39.806396484375
201505A,2015,2015-11-05 08:00:00,CRVBND,14.03,64.64,37.0,31.90909090908584,31.90909090908584,0,32.79802322387695,29.138835533401743,47.153197919247134,51.48782730102539
201505A,2015,2015-11-05 14:30:00,CRVBND,13.82,63.57,53.0,39.09090909093446,39.09090909093446,0,40.5759391784668,38.267924876964415,47.153197919247134,52.77131271362305
201505A,2015,2015-11-06 09:00:00,CRVBND,13.0,61.4,53.0,45.0,45.0,0,34.81667709350586,31.508168351750843,47.153197919247134,52.324798583984375
201505A,2015,2015-11-06 15:00:00,CRVBND,12.9,60.4,45.0,45.0,45.0,0,33.24579620361328,29.664395279934357,47.153197919247134,47.70329666137695
201505A,2015,2015-11-07 09:00:00,EMBC,12.8,58.7,69.8,55.0,55.0,0,81.25996398925781,86.01954620095921,47.153197919247134,61.33513259887695
201505A,2015,2015-11-07 21:00:00,EYE,12.8,56.7,77.0,80.0,80.0,0,52.59523010253906,52.375197484786504,47.153197919247134,44.51029968261719
201505A,2015,2015-11-08 03:00:00,EYE,12.65,55.55,82.2,90.0,90.0,0,89.37246704101562,95.54134684676309,47.153197919247134,62.27373504638672
201505A,2015,2015-11-08 08:00:00,EYE,12.65,54.34,104.6,95.0,95.0,0,85.78143310546875,91.32648134490236,47.153197919247134,51.08573532104492
201505A,2015,2015-11-09 03:30:00,EMBC,12.25,49.84,69.8,80.0,80.0,0,49.66842269897461,48.939947421075885,47.153197919247134,63.65605163574219
201505A,2015,2015-11-09 09:00:00,IRRCDO,12.3,49.1,61.0,75.0,75.0,0,37.18962860107422,34.29334711261799,47.153197919247134,46.115821838378906
201505A,2015,2015-11-09 15:00:00,CRVBND,12.5,47.5,51.0,65.0,65.0,0,34.49589157104492,31.131656222825203,47.153197919247134,43.91352081298828
201505A,2015,2015-11-09 21:00:00,SHEAR,12.9,46.5,35.0,60.0,60.0,0,29.778661727905273,25.594952953779284,47.153197919247134,33.49021530151367
201601B,2016,2016-05-19 15:00:00,IRRCDO,15.7,83.3,57.0,40.0,40.0,4,38.00581359863281,22.85960067533635,47.8898116167798,38.07072448730469
201601B,2016,2016-05-19 21:00:00,CRVBND,16.7,84.0,47.0,40.0,40.0,4,36.87006759643555,20.914754105176645,47.8898116167798,38.08361053466797
201601B,2016,2016-05-20 10:00:00,EMBC,18.93,86.4,57.0,40.0,40.0,4,57.961578369140625,57.03176645338055,47.8898116167798,66.96150970458984
201601B,2016,2016-05-20 15:00:00,CRVBND,19.2,87.6,57.0,40.0,40.0,4,41.58622741699219,28.990685901185266,47.8898116167798,39.165443420410156
201602A,2016,2016-06-27 09:00:00,CRVBND,21.8,64.4,49.0,25.0,25.0,0,36.575653076171875,33.57271224663095,47.153197919247134,49.03315353393555
201602A,2016,2016-06-27 15:00:00,IRRCDO,21.7,63.8,49.0,25.0,25.0,0,34.663063049316406,31.32786859767547,47.153197919247134,28.352338790893555
201602A,2016,2016-06-28 03:00:00,CRVBND,21.2,62.2,37.0,25.0,25.0,0,28.66054344177246,24.28259604604565,47.153197919247134,25.502962112426758
201602A,2016,2016-06-28 09:00:00,CRVBND,20.8,63.4,32.0,25.0,25.0,0,29.86455726623535,25.6957701968823,47.153197919247134,31.68201446533203
201602A,2016,2016-06-28 15:00:00,SHEAR,20.4,63.3,33.0,25.0,25.0,0,29.69158935546875,25.492754437882503,47.153197919247134,19.447978973388672
201602A,2016,2016-06-28 21:00:00,SHEAR,20.3,63.2,33.0,25.0,25.0,0,28.16695213317871,23.703258446916763,47.153197919247134,21.042688369750977
201603B,2016,2016-10-25 04:30:00,EMBC,16.62,90.88,45.0,35.0,35.0,3,58.63481521606445,59.53601000575736,49.452147140276935,73.38432312011719
201603B,2016,2016-10-25 11:30:00,EMBC,16.72,90.36,57.0,35.0,35.0,3,51.474483489990234,49.371637200263145,49.452147140276935,75.237548828125
201603B,2016,2016-10-25 17:30:00,IRRCDO,16.62,90.09,57.0,35.0,35.0,3,48.00301742553711,44.443754441391405,49.452147140276935,42.22605514526367
201603B,2016,2016-10-26 12:00:00,CRVBND,16.36,86.53,57.0,40.0,40.0,3,54.158592224121094,53.18183522849713,49.452147140276935,59.83406066894531
201603B,2016,2016-10-26 18:00:00,CRVBND,15.64,85.27,49.0,35.0,35.0,3,39.07535171508789,31.770581460677374,49.452147140276935,41.73577880859375
201603B,2016,2016-10-27 00:00:00,IRRCDO,15.68,85.27,41.0,30.0,30.0,3,31.69057273864746,21.28759694623359,49.452147140276935,27.211421966552734
201603B,2016,2016-10-27 04:30:00,CRVBND,15.48,84.55,43.0,30.0,30.0,3,28.67400550842285,17.005460993064457,49.452147140276935,44.087135314941406
201604B,2016,2016-11-30 03:30:00,IRRCDO,8.95,85.23,51.0,35.0,35.0,2,34.07652282714844,31.164291871572484,48.89265230808791,45.790462493896484
201604B,2016,2016-11-30 09:00:00,CRVBND,9.5,84.5,51.0,35.0,35.0,2,26.543987274169922,21.916426479163782,48.89265230808791,37.166316986083984
201604B,2016,2016-11-30 15:00:00,CRVBND,10.1,83.5,37.0,40.0,40.0,2,28.706846237182617,24.571817670088457,48.89265230808791,35.921295166015625
201604B,2016,2016-11-30 21:00:00,SHEAR,10.2,82.3,33.0,40.0,40.0,2,28.233402252197266,23.990559710773706,48.89265230808791,27.778791427612305
201604B,2016,2016-12-01 03:00:00,SHEAR,10.3,81.4,34.0,30.0,30.0,2,28.164255142211914,23.905666229565277,48.89265230808791,30.053468704223633
201604B,2016,2016-12-01 09:00:00,SHEAR,10.4,80.9,25.0,30.0,30.0,2,33.51097869873047,30.469960469312007,48.89265230808791,28.80781364440918
201604B,2016,2016-12-01 15:00:00,SHEAR,10.6,80.4,25.0,28.0,28.0,2,33.10589599609375,29.972631212725066,48.89265230808791,27.838916778564453
201604B,2016,2016-12-01 21:00:00,SHEAR,10.75,79.7,25.0,25.0,25.0,2,30.709915161132812,27.031030992099733,48.89265230808791,28.887714385986328
201605B,2016,2016-12-07 15:00:00,CRVBND,10.9,91.7,39.0,28.0,28.0,4,43.91648864746094,32.98101521151122,47.8898116167798,66.10963439941406
201605B,2016,2016-12-07 20:30:00,IRRCDO,11.17,92.0,51.0,32.45454545456067,32.45454545456067,4,45.66608810424805,35.97702179758122,47.8898116167798,62.097923278808594
201605B,2016,2016-12-08 03:30:00,CRVBND,11.63,92.1,55.0,35.0,35.0,4,38.48697280883789,23.683535637781905,47.8898116167798,58.286109924316406
201605B,2016,2016-12-08 09:00:00,CRVBND,11.4,91.9,53.0,35.0,35.0,4,38.20997619628906,23.209207829610694,47.8898116167798,37.69881820678711
201605B,2016,2016-12-08 15:00:00,CRVBND,11.7,91.6,41.0,40.0,40.0,4,41.711544036865234,29.20527754216185,47.8898116167798,21.877639770507812
201605B,2016,2016-12-08 20:30:00,IRRCDO,11.88,91.33,53.0,40.0,40.0,4,55.32998275756836,52.52543344466907,47.8898116167798,38.190773010253906
201605B,2016,2016-12-09 09:00:00,IRRCDO,11.9,90.5,49.0,45.0,45.0,4,45.14918899536133,35.09188598632408,47.8898116167798,37.36925506591797
201605B,2016,2016-12-10 02:30:00,EMBC,12.82,87.52,65.0,55.0,55.0,4,65.16873168945312,69.37326480645184,47.8898116167798,76.57469177246094
201605B,2016,2016-12-10 15:00:00,EMBC,13.3,85.8,63.0,65.0,65.0,4,58.67988204956055,58.261786586839165,47.8898116167798,71.01823425292969
201605B,2016,2016-12-10 21:00:00,EMBC,13.35,83.72,63.0,65.0,65.0,4,51.38215637207031,45.76519251882139,47.8898116167798,64.65190887451172
201605B,2016,2016-12-11 21:00:00,EYE,13.2,82.0,74.6,70.0,70.0,4,78.5554428100586,92.29661136304072,47.8898116167798,70.7281494140625
201605B,2016,2016-12-12 04:00:00,EYE,13.25,80.82,67.4,70.0,70.0,4,59.822696685791016,60.21873745552036,47.8898116167798,66.9283447265625
201701B,2017,2017-04-15 21:10:00,IRRCDO,15.83,91.72,53.0,40.0,40.0,3,43.284423828125,37.74552504692583,49.452147140276935,46.472320556640625
201701B,2017,2017-04-16 03:00:00,IRRCDO,16.8,92.7,51.0,40.0,40.0,3,35.19783020019531,26.266287002478922,49.452147140276935,49.49574661254883
201701B,2017,2017-04-16 09:10:00,IRRCDO,17.33,93.13,53.0,40.0,40.0,3,47.41389846801758,43.607476886092215,49.452147140276935,59.27001953125
201701B,2017,2017-04-16 15:40:00,IRRCDO,18.61,93.99,53.0,40.0,40.0,3,43.37210464477539,37.86999141837611,49.452147140276935,44.243934631347656
201702B,2017,2017-05-28 07:00:00,EMBC,14.68,89.54,45.0,26.36363636361945,26.36363636361945,2,38.036659240722656,36.026241507353376,48.89265230808791,80.54705810546875
201702B,2017,2017-05-28 12:10:00,IRRCDO,15.41,90.82,49.0,30.454545454570823,30.454545454570823,2,42.75852966308594,41.823389328201664,48.89265230808791,40.89685821533203
201702B,2017,2017-05-28 18:10:00,IRRCDO,16.62,91.44,49.0,35.45454545457082,35.45454545457082,2,40.36971664428711,38.89058919866897,48.89265230808791,55.29070281982422
201702B,2017,2017-05-29 00:10:00,IRRCDO,17.11,91.05,51.0,45.0,45.0,2,42.482872009277344,41.4849581506945,48.89265230808791,63.07610321044922
201702B,2017,2017-05-29 13:10:00,IRRCDO,19.08,91.58,57.0,51.8181818182241,51.8181818182241,2,54.12240219116211,55.77507435338343,48.89265230808791,45.1192626953125
201702B,2017,2017-05-29 22:40:00,EYE,20.74,91.84,69.8,60.0,60.0,2,80.32115173339844,87.93987563603086,48.89265230808791,61.656951904296875
201703B,2017,2017-11-30 03:00:00,EMBC,7.7,76.9,51.0,35.0,35.0,3,53.34549331665039,52.02760931558631,49.452147140276935,72.62561798095703
201703A,2017,2017-11-30 08:30:00,EMBC,7.97,76.27,55.0,44.09090909093446,44.09090909093446,1,56.85501480102539,58.227247579860204,48.39756282189469,60.9144287109375
201703B,2017,2017-11-30 14:30:00,EYE,8.42,74.91,72.2,45.0,45.0,3,57.86021041870117,58.4364279977543,49.452147140276935,68.17019653320312
201703B,2017,2017-11-30 21:00:00,EMBC,8.7,74.3,79.6,45.0,45.0,3,50.728187561035156,48.312240745557126,49.452147140276935,72.75629425048828
201703B,2017,2017-12-01 03:00:00,EYE,8.9,73.8,84.8,55.0,55.0,3,54.443050384521484,53.58563478702119,49.452147140276935,64.68817138671875
201703B,2017,2017-12-01 09:30:00,EMBC,8.79,72.28,90.0,65.0,65.0,3,54.49607467651367,53.66090485720431,49.452147140276935,60.152992248535156
201703B,2017,2017-12-01 15:30:00,EYE,9.14,72.25,90.0,65.90909090906554,65.90909090906554,3,64.21885681152344,67.46277690832245,49.452147140276935,60.667213439941406
201703B,2017,2017-12-01 22:00:00,EYE,9.31,71.67,90.0,76.50000000002046,76.50000000002046,3,68.27556610107422,73.22143546772315,49.452147140276935,63.37889099121094
201703B,2017,2017-12-02 03:00:00,EYE,9.45,71.45,107.2,80.0,80.0,3,66.94740295410156,71.33605558746025,49.452147140276935,64.14370727539062
201703B,2017,2017-12-02 09:00:00,EYE,10.25,70.65,107.2,85.0,85.0,3,61.89522933959961,64.16429622484846,49.452147140276935,63.387351989746094
201703B,2017,2017-12-03 04:00:00,IRRCDO,12.22,69.04,67.4,78.50000000001023,78.50000000001023,3,49.081787109375,45.975110481484435,49.452147140276935,65.85122680664062
201703B,2017,2017-12-03 14:30:00,EMBC,13.05,68.7,72.2,75.0,75.0,3,65.17428588867188,68.81904610098881,49.452147140276935,80.33466339111328
201703B,2017,2017-12-03 21:00:00,EMBC,14.0,68.7,79.6,75.0,75.0,3,60.928680419921875,62.792241977895486,49.452147140276935,73.61239624023438
201703B,2017,2017-12-04 04:00:00,EMBC,14.72,68.95,79.6,65.0,65.0,3,57.63499069213867,58.11671972842977,49.452147140276935,71.63691711425781
201703B,2017,2017-12-05 09:00:00,SHEAR,18.7,70.8,82.2,30.0,30.0,3,30.453102111816406,19.530958669105107,49.452147140276935,33.9841194152832
201703B,2017,2017-12-05 17:00:00,SHEAR,20.03,71.41,47.0,21.499999999989768,21.499999999989768,3,26.307573318481445,13.646217327034723,49.452147140276935,31.95791244506836
201704B,2017,2017-12-08 21:00:00,CRVBND,18.7,86.9,41.0,25.0,25.0,0,29.046142578125,24.735181158447855,47.153197919247134,41.34864044189453
201704B,2017,2017-12-09 03:00:00,CRVBND,19.7,87.0,37.0,25.0,25.0,0,36.268341064453125,33.21201423604433,47.153197919247134,36.85652160644531
201704B,2017,2017-12-09 09:00:00,SHEAR,19.1,86.9,32.0,27.9,27.9,0,22.945026397705078,17.57418391552426,47.153197919247134,32.22077178955078
201704B,2017,2017-12-09 15:00:00,SHEAR,19.7,87.2,27.0,26.040000000000003,26.040000000000003,0,24.433189392089844,19.32086940465008,47.153197919247134,28.959266662597656
201704B,2017,2017-12-09 21:00:00,SHEAR,20.31,87.63,25.0,23.25,23.25,0,26.91911506652832,22.23864811502725,47.153197919247134,34.83424377441406
201704B,2017,2017-12-10 03:45:00,SHEAR,21.04,88.26,25.0,20.62909090908619,20.62909090908619,0,30.30515480041504,26.21290798514886,47.153197919247134,34.826133728027344
201801A,2018,2018-05-17 00:00:00,CRVBND,13.21,49.1,37.0,30.0,30.0,2,31.83807945251465,28.416103977662463,48.89265230808791,45.28246307373047
201801A,2018,2018-05-17 11:00:00,IRRCDO,13.05,48.47,49.0,38.1818181817759,38.1818181817759,2,48.54124450683594,48.92295999754123,48.89265230808791,48.1363410949707
201801A,2018,2018-05-17 18:00:00,CRVBND,12.7,47.54,47.0,40.0,40.0,2,35.57564926147461,33.0048035257615,48.89265230808791,47.99547576904297
201801A,2018,2018-05-18 00:00:00,EMBC,12.28,46.59,41.0,45.0,45.0,2,33.81486511230469,30.84304873787052,48.89265230808791,62.701663970947266
201801A,2018,2018-05-18 18:00:00,IRRCDO,11.3,45.1,67.4,45.0,45.0,2,44.32085037231445,43.741486032438885,48.89265230808791,45.87993621826172
201802A,2018,2018-05-22 06:00:00,CRVBND,9.37,56.87,35.0,30.0,30.0,1,34.53901672363281,27.942675850039457,48.39756282189469,35.21638107299805
201802A,2018,2018-05-22 12:00:00,CRVBND,10.02,56.99,34.0,35.0,35.0,1,45.347412109375,42.61052194899459,48.39756282189469,45.839595794677734
201802A,2018,2018-05-23 19:00:00,EMBC,12.67,55.8,77.0,70.0,70.0,1,74.14500427246094,81.69112871749094,48.39756282189469,66.37486267089844
201802A,2018,2018-05-24 12:30:00,EMBC,14.35,55.26,77.0,80.0,80.0,1,72.29359436035156,79.17861925723163,48.39756282189469,56.54206848144531
201802A,2018,2018-05-24 16:45:00,EYE,14.8,54.78,69.8,80.0,80.0,1,77.76129150390625,86.59871607596487,48.39756282189469,63.624698638916016
201802A,2018,2018-05-24 23:00:00,EMBC,15.34,54.51,63.0,83.1818181817759,83.1818181817759,1,87.36002349853516,99.62495342365285,48.39756282189469,61.761749267578125
201802A,2018,2018-05-25 19:00:00,EYE,16.81,53.77,99.6,93.63636363635518,93.63636363635518,1,87.87159729003906,100.31919945872451,48.39756282189469,70.83244323730469
201804B,2018,2018-09-20 18:15:00,CRVBND,19.14,85.3,35.0,35.0,35.0,4,35.33390808105469,18.2842411569235,47.8898116167798,20.5516357421875
201805A,2018,2018-10-08 06:00:00,CRVBND,12.76,61.73,45.0,40.0,40.0,2,36.62968444824219,34.29886652188431,48.89265230808791,57.754737854003906
201805A,2018,2018-10-08 12:00:00,CRVBND,12.53,61.05,47.0,45.0,45.0,2,42.64190673828125,41.68020870825274,48.89265230808791,54.127315521240234
201805A,2018,2018-10-08 23:00:00,EMBC,12.67,60.87,53.0,45.0,45.0,2,55.3126106262207,57.236320346703565,48.89265230808791,71.71609497070312
201805A,2018,2018-10-09 06:30:00,CRVBND,13.12,60.17,59.0,45.90909090906554,45.90909090906554,2,53.20090866088867,54.6437357665281,48.89265230808791,65.58094787597656
201805A,2018,2018-10-09 12:00:00,EMBC,13.43,59.67,53.0,55.0,55.0,2,57.34591293334961,59.73265188156991,48.89265230808791,64.3736572265625
201805A,2018,2018-10-09 17:30:00,CRVBND,13.59,59.33,59.0,55.0,55.0,2,52.61984634399414,53.93035233097074,48.89265230808791,55.32758712768555
201805A,2018,2018-10-10 05:30:00,EYE,14.26,58.94,77.0,73.18181818186892,73.18181818186892,2,72.0260238647461,77.75575829565118,48.89265230808791,57.49695587158203
201806B,2018,2018-10-10 06:00:00,EMBC,16.87,85.72,59.0,70.0,70.0,0,88.37886047363281,94.37513173477856,47.153197919247134,65.86328125
201805A,2018,2018-10-10 12:00:00,CRVBND,14.39,58.69,87.4,75.0,75.0,2,80.1247787475586,87.69878405047118,48.89265230808791,55.36761474609375
201806B,2018,2018-10-10 12:00:00,EYE,17.75,85.61,97.2,80.0,80.0,0,98.91854858398438,106.74576610193257,47.153197919247134,58.52603530883789
201805A,2018,2018-10-10 18:00:00,EYE,14.47,58.46,87.4,75.0,75.0,2,77.5208969116211,84.5019390376433,48.89265230808791,50.580413818359375
201806B,2018,2018-10-10 17:15:00,EMBC,18.14,85.19,97.2,80.0,80.0,0,89.24461364746094,95.39128286311339,47.153197919247134,71.3158950805664
201805A,2018,2018-10-10 23:45:00,CRVBND,14.54,58.1,84.8,75.0,75.0,2,47.46311950683594,47.5993213892577,48.89265230808791,45.9027099609375
201806B,2018,2018-10-10 23:15:00,EMBC,19.0,85.0,84.8,80.0,80.0,0,106.00236511230469,115.06017761756232,47.153197919247134,72.85884094238281
201805A,2018,2018-10-11 05:45:00,CRVBND,14.52,57.9,67.4,70.0,70.0,2,62.89345169067383,66.54349151532622,48.89265230808791,45.748966217041016
201805A,2018,2018-10-11 12:15:00,CRVBND,14.37,57.91,51.0,70.0,70.0,2,49.99161148071289,50.703608552025045,48.89265230808791,45.744651794433594
201805A,2018,2018-10-11 18:15:00,CRVBND,14.53,57.67,41.0,69.54545454542072,69.54545454542072,2,54.97626495361328,56.82338110682667,48.89265230808791,41.611839294433594
201805A,2018,2018-10-11 23:45:00,CRVBND,14.53,57.58,33.0,60.45454545457082,60.45454545457082,2,40.474388122558594,39.019096755609255,48.89265230808791,45.73637390136719
201805A,2018,2018-10-12 06:15:00,CRVBND,14.63,57.2,32.0,50.0,50.0,2,48.69642639160156,49.11348033051002,48.89265230808791,45.649497985839844
201805A,2018,2018-10-12 12:00:00,CRVBND,14.6,56.99,33.0,50.0,50.0,2,47.01181411743164,47.04524348776951,48.89265230808791,47.526885986328125
201805A,2018,2018-10-12 18:15:00,CRVBND,14.85,56.16,33.0,45.0,45.0,2,41.354610443115234,40.09976573866936,48.89265230808791,37.142616271972656
201805A,2018,2018-10-13 00:15:00,SHEAR,14.57,55.76,31.0,44.54545454542918,44.54545454542918,2,42.117897033691406,41.03687006374458,48.89265230808791,35.40939712524414
201805A,2018,2018-10-13 06:15:00,CRVBND,14.6,54.9,33.0,40.0,40.0,2,36.61430358886719,34.279983090651996,48.89265230808791,35.11848068237305
201805A,2018,2018-10-13 12:00:00,CRVBND,14.79,54.31,33.0,40.0,40.0,2,38.89698791503906,37.08248660800365,48.89265230808791,41.316871643066406
201805A,2018,2018-10-13 18:15:00,CRVBND,15.06,53.55,32.0,40.0,40.0,2,44.9134521484375,44.469036724811154,48.89265230808791,39.38192367553711
201805A,2018,2018-10-14 00:00:00,CRVBND,15.2,52.9,34.0,40.0,40.0,2,45.06852340698242,44.65942123945016,48.89265230808791,37.291748046875
201807B,2018,2018-11-10 20:45:00,IRRCDO,13.2,89.21,37.0,32.72727272725751,32.72727272725751,3,39.936180114746094,32.99256126697892,49.452147140276935,41.11967468261719
201807B,2018,2018-11-11 03:15:00,CRVBND,13.41,88.98,47.0,35.454545454486265,35.454545454486265,3,38.08786392211914,30.368803658671524,49.452147140276935,47.36750411987305
201807B,2018,2018-11-11 09:15:00,CRVBND,13.41,88.38,45.0,40.0,40.0,3,35.908382415771484,27.274943848723375,49.452147140276935,43.90107727050781
201807B,2018,2018-11-11 15:15:00,CRVBND,13.4,87.28,45.0,40.0,40.0,3,37.15748977661133,29.048100927944926,49.452147140276935,41.921634674072266
201807B,2018,2018-11-11 20:45:00,IRRCDO,12.9,86.72,41.0,40.0,40.0,3,36.022239685058594,27.43656872532448,49.452147140276935,50.54165267944336
201807B,2018,2018-11-12 02:45:00,CRVBND,12.4,86.91,45.0,40.0,40.0,3,36.138160705566406,27.601123178038467,49.452147140276935,35.38482666015625
201807B,2018,2018-11-12 08:45:00,CRVBND,12.2,87.21,49.0,40.0,40.0,3,36.4197998046875,28.000920968083015,49.452147140276935,26.293607711791992
201807B,2018,2018-11-12 15:15:00,CRVBND,12.6,87.49,39.0,40.45454545457082,40.45454545457082,3,35.18368911743164,26.24621317872577,49.452147140276935,35.40934753417969
201807B,2018,2018-11-12 21:15:00,CRVBND,13.2,87.59,35.0,44.54545454542072,44.54545454542072,3,35.97679138183594,27.372053069485514,49.452147140276935,50.339271545410156
201807B,2018,2018-11-13 03:15:00,CRVBND,13.7,87.18,45.0,40.0,40.0,3,34.49158477783203,25.263743818769488,49.452147140276935,56.69990539550781
201807B,2018,2018-11-13 09:15:00,CRVBND,13.79,86.07,45.0,40.0,40.0,3,36.259010314941406,27.772673956700412,49.452147140276935,57.614105224609375
201807B,2018,2018-11-13 15:15:00,EYE,13.39,85.58,53.0,40.0,40.0,3,36.573646545410156,28.2193124738733,49.452147140276935,53.82452392578125
201807B,2018,2018-11-14 09:00:00,EMBC,12.6,84.5,53.0,45.0,45.0,3,52.458438873291016,50.76840060766543,49.452147140276935,65.45433044433594
201807B,2018,2018-11-14 15:45:00,EMBC,12.05,83.51,55.0,45.0,45.0,3,50.168296813964844,47.51745378577901,49.452147140276935,55.93344497680664
201807B,2018,2018-11-15 08:45:00,EMBC,11.21,81.64,72.2,55.0,55.0,3,45.761680603027344,41.26208857475123,49.452147140276935,68.005615234375
201807B,2018,2018-11-15 15:45:00,EMBC,10.77,80.57,79.6,65.99999999997954,65.99999999997954,3,67.46796417236328,72.07501273259176,49.452147140276935,68.01194763183594
201807B,2018,2018-11-16 19:45:00,CRVBND,9.7,74.99,49.0,26.636363636373783,26.636363636373783,3,55.4117431640625,54.96073232745926,49.452147140276935,60.35471725463867
201807B,2018,2018-11-17 03:15:00,CRVBND,10.11,73.65,53.0,30.0,30.0,3,37.32081604003906,29.2799489894478,49.452147140276935,62.513389587402344
201807B,2018,2018-11-17 10:15:00,CRVBND,9.83,71.96,55.0,30.0,30.0,3,41.52106857299805,35.24237283452623,49.452147140276935,69.29193878173828
201807B,2018,2018-11-17 13:45:00,CRVBND,10.06,71.31,55.0,30.0,30.0,3,43.315879821777344,37.79017806841719,49.452147140276935,47.63047409057617
201807B,2018,2018-11-18 09:15:00,CRVBND,10.61,68.36,57.0,30.0,30.0,3,39.06504440307617,31.75594982545185,49.452147140276935,68.63240051269531
201807B,2018,2018-11-18 15:15:00,SHEAR,11.01,67.97,51.0,30.0,30.0,3,42.1871337890625,36.18787863339835,49.452147140276935,40.25159454345703
201807B,2018,2018-11-18 21:15:00,SHEAR,10.61,67.37,39.0,30.0,30.0,3,26.92389488220215,14.521110052871746,49.452147140276935,29.995899200439453
201807B,2018,2018-11-19 03:15:00,SHEAR,10.75,66.51,31.0,29.545454545429177,29.545454545429177,3,30.05438804626465,18.96496835467532,49.452147140276935,25.453048706054688
201807B,2018,2018-11-19 09:15:00,CRVBND,10.85,65.59,34.0,25.0,25.0,3,31.16266632080078,20.53821300109219,49.452147140276935,52.71111297607422
201808B,2018,2018-12-15 15:15:00,IRRCDO,10.83,84.88,45.0,35.0,35.0,4,50.76075744628906,44.701111670490405,47.8898116167798,40.79241180419922
201808B,2018,2018-12-16 21:00:00,EMBC,14.7,82.1,77.0,55.0,55.0,4,60.3632926940918,61.14445173543133,47.8898116167798,65.50545501708984
201808B,2018,2018-12-17 09:15:00,CRVBND,16.63,82.3,61.0,39.090909090858354,39.090909090858354,4,45.628578186035156,35.91278997493587,47.8898116167798,44.97396469116211
201901B,2019,2019-04-27 14:45:00,IRRCDO,6.67,89.32,55.0,45.0,45.0,0,31.884090423583984,28.066135052116213,47.153197919247134,36.34918212890625
201901B,2019,2019-04-27 21:15:00,CRVBND,7.83,88.58,49.0,45.0,45.0,0,31.926071166992188,28.115408656963602,47.153197919247134,36.281646728515625
201901B,2019,2019-04-28 02:45:00,CRVBND,7.38,87.92,37.0,45.0,45.0,0,31.98291015625,28.18212167034171,47.153197919247134,42.220672607421875
201901B,2019,2019-04-28 09:15:00,EMBC,7.82,87.38,49.0,45.0,45.0,0,30.502870559692383,26.44497076926882,47.153197919247134,56.943077087402344
201901B,2019,2019-04-28 15:15:00,CRVBND,8.82,86.68,51.0,45.0,45.0,0,28.564603805541992,24.16998985232354,47.153197919247134,41.568119049072266
201901B,2019,2019-04-29 22:15:00,EMBC,11.63,86.84,72.2,67.27272727271036,67.27272727271036,0,44.974674224853516,43.43080468584534,47.153197919247134,61.15043640136719
201901B,2019,2019-04-30 08:45:00,EMBC,12.88,85.53,84.8,84.4999999999693,84.4999999999693,0,68.014404296875,70.47297838726371,47.153197919247134,58.08540725708008
201901B,2019,2019-04-30 20:15:00,EMBC,13.61,84.14,90.0,95.0,95.0,0,65.40090942382812,67.40546925830371,47.153197919247134,57.86661911010742
201901B,2019,2019-05-01 04:15:00,EMBC,14.11,83.79,90.0,95.0,95.0,0,58.93576431274414,59.81720426768573,47.153197919247134,59.106536865234375
201901B,2019,2019-05-01 09:15:00,EYE,14.69,84.18,90.0,95.45454545457082,95.45454545457082,0,86.5694580078125,92.25140130809676,47.153197919247134,64.46257019042969
201901B,2019,2019-05-01 15:15:00,EYE,15.22,84.15,97.2,100.0,100.0,0,91.64607238769531,98.20992111048889,47.153197919247134,58.23882293701172
201901B,2019,2019-05-02 03:45:00,EMBC,16.28,84.62,90.0,105.99999999995909,105.99999999995909,0,76.71678924560547,80.68713474519582,47.153197919247134,70.93987274169922
201901B,2019,2019-05-02 09:15:00,EYE,17.13,85.01,107.2,115.0,115.0,0,99.36576843261719,107.2706766278652,47.153197919247134,76.2403564453125
201901B,2019,2019-05-02 14:45:00,EYE,17.79,85.0,122.2,115.0,115.0,0,106.92770385742188,116.14626547535795,47.153197919247134,76.05155944824219
201901B,2019,2019-05-02 21:15:00,EYE,18.78,85.32,132.2,114.09090909084144,114.09090909084144,0,100.10359191894531,108.13667422488135,47.153197919247134,71.83030700683594
201902A,2019,2019-06-10 14:45:00,IRRCDO,13.68,70.8,37.0,32.699999999981586,32.699999999981586,2,39.10291290283203,37.3353054038326,48.89265230808791,29.50345230102539
201902A,2019,2019-06-10 20:45:00,CRVBND,14.17,70.7,47.0,35.0,35.0,2,40.02345275878906,38.46547314301728,48.89265230808791,37.57374572753906
201902A,2019,2019-06-11 03:45:00,IRRCDO,15.19,70.6,61.0,41.00000000006139,41.00000000006139,2,36.42683410644531,34.04982253894554,48.89265230808791,42.74007034301758
201902A,2019,2019-06-11 09:15:00,EMBC,15.63,70.9,72.2,45.909090909141646,45.909090909141646,2,40.92414093017578,39.57126851708962,48.89265230808791,69.64268493652344
201902A,2019,2019-06-11 14:45:00,EYE,16.72,70.9,79.6,59.545454545513735,59.545454545513735,2,56.46970748901367,58.65691450889859,48.89265230808791,59.44450378417969
201902A,2019,2019-06-11 20:45:00,IRRCDO,17.47,70.7,84.8,69.50000000006139,69.50000000006139,2,57.016090393066406,59.32772123976029,48.89265230808791,51.82779312133789
201902A,2019,2019-06-12 10:15:00,EMBC,18.83,69.99,74.6,80.0,80.0,2,69.86370849609375,75.10103448789877,48.89265230808791,60.0155143737793
201902A,2019,2019-06-12 16:15:00,IRRCDO,19.52,69.68,65.0,80.0,80.0,2,55.90921401977539,57.968783915901895,48.89265230808791,43.49410629272461
201902A,2019,2019-06-13 08:15:00,EYE,20.69,69.29,67.4,80.0,80.0,2,80.09497833251953,87.66219740245859,48.89265230808791,65.67255401611328
201902A,2019,2019-06-13 15:15:00,EYE,20.81,68.97,77.0,80.0,80.0,2,80.25725555419922,87.86142884209704,48.89265230808791,62.18419647216797
201902A,2019,2019-06-14 01:45:00,EMBC,20.94,68.42,92.4,77.27272727271036,77.27272727271036,2,69.65729522705078,74.84761621806244,48.89265230808791,54.30417251586914
201902A,2019,2019-06-14 09:15:00,EYE,20.55,68.39,79.6,74.54545454542918,74.54545454542918,2,65.96605682373047,70.31579879149912,48.89265230808791,62.34637451171875
201902A,2019,2019-06-14 14:45:00,CRVBND,20.75,68.21,79.6,70.0,70.0,2,63.27056884765625,67.00648683481892,48.89265230808791,49.01696014404297
201902A,2019,2019-06-15 03:15:00,EYE,20.78,66.98,82.2,65.0,65.0,2,72.3031005859375,78.09593169449226,48.89265230808791,73.3388671875
201902A,2019,2019-06-15 07:45:00,EYE,20.59,67.08,77.0,65.0,65.0,2,67.87306213378906,72.65707262764543,48.89265230808791,69.94277954101562
201902A,2019,2019-06-15 15:15:00,CRVBND,20.81,66.29,74.6,65.0,65.0,2,70.45394897460938,75.8256861614385,48.89265230808791,46.119773864746094
201902A,2019,2019-06-15 20:45:00,IRRCDO,20.7,65.81,61.0,65.0,65.0,2,55.73339080810547,57.752921755949465,48.89265230808791,41.476505279541016
201902A,2019,2019-06-16 03:15:00,CRVBND,21.21,65.3,45.0,55.0,55.0,2,50.14464569091797,50.89149213603953,48.89265230808791,40.83985900878906
201902A,2019,2019-06-16 08:15:00,IRRCDO,20.76,65.75,43.0,55.0,55.0,2,61.60300827026367,64.95918474842969,48.89265230808791,43.40254211425781
201902A,2019,2019-06-16 14:45:00,SHEAR,20.68,65.48,39.0,45.45454545457928,45.45454545457928,2,36.59489822387695,34.256158682249534,48.89265230808791,24.632343292236328
201902A,2019,2019-06-16 21:15:00,SHEAR,21.01,66.42,39.0,39.54545454542918,39.54545454542918,2,28.21260643005371,23.965028206467426,48.89265230808791,28.63397216796875
201902A,2019,2019-06-17 03:15:00,SHEAR,22.12,67.12,29.0,30.0,30.0,2,23.81269645690918,18.563158559231887,48.89265230808791,30.354053497314453
201902A,2019,2019-06-17 09:15:00,SHEAR,22.67,67.67,25.0,25.0,25.0,2,26.109514236450195,21.38301403906263,48.89265230808791,29.46160125732422
201903A,2019,2019-09-23 03:45:00,EMBC,20.3,65.28,47.0,41.36363636361945,41.36363636361945,1,53.205039978027344,53.27394349927304,48.39756282189469,58.80004119873047
201903A,2019,2019-09-23 09:15:00,CRVBND,20.2,63.95,72.2,55.0,55.0,1,60.46306228637695,63.12365295217577,48.39756282189469,46.942352294921875
201903A,2019,2019-09-23 14:45:00,EMBC,20.2,62.95,77.0,55.0,55.0,1,69.01718139648438,74.7322681204088,48.39756282189469,50.2151985168457
201903A,2019,2019-09-24 01:45:00,EYE,20.13,60.58,84.8,72.7272727272389,72.7272727272389,1,58.09726333618164,59.91307694490736,48.39756282189469,56.31144332885742
201903A,2019,2019-09-24 14:15:00,EMBC,19.9,57.95,67.4,64.09090909093446,64.09090909093446,1,56.598602294921875,57.87927555967162,48.39756282189469,54.992652893066406
201904A,2019,2019-10-25 12:45:00,EMBC,16.13,71.66,63.0,51.36363636361945,51.36363636361945,1,66.89067077636719,71.84642527413226,48.39756282189469,65.1864242553711
201904A,2019,2019-10-25 16:45:00,EMBC,16.47,71.75,67.4,55.0,55.0,1,73.74967193603516,81.15463151677945,48.39756282189469,73.30111694335938
201904A,2019,2019-10-25 22:45:00,EMBC,16.57,71.04,74.6,62.72727272733192,62.72727272733192,1,82.77168273925781,93.39821266290842,48.39756282189469,73.62406921386719
201904A,2019,2019-10-26 07:15:00,EMBC,16.9,70.04,84.8,77.27272727271036,77.27272727271036,1,83.52730560302734,94.42365256208566,48.39756282189469,59.77085494995117
201904A,2019,2019-10-26 12:15:00,EYE,16.75,69.49,84.8,85.45454545448627,85.45454545448627,1,98.86283874511719,115.23518211348664,48.39756282189469,69.6546630859375
201904A,2019,2019-10-26 18:15:00,EYE,16.95,68.86,115.0,105.45454545457928,105.45454545457928,1,101.68502807617188,119.06511590963828,48.39756282189469,70.30380249023438
201904A,2019,2019-10-27 00:15:00,EYE,17.13,68.22,132.2,120.45454545448628,120.45454545448628,1,113.58451843261719,135.21366404977974,48.39756282189469,69.33467102050781
201904A,2019,2019-10-27 06:15:00,EYE,17.31,67.39,140.0,125.0,125.0,1,110.59034729003906,131.15033735364474,48.39756282189469,66.74192810058594
201904A,2019,2019-10-27 11:45:00,EYE,17.56,66.88,129.6,130.0,130.0,1,113.19146728515625,134.68026260264358,48.39756282189469,64.54550170898438
201904A,2019,2019-10-27 18:15:00,EYE,18.0,66.17,129.6,129.54545454542918,129.54545454542918,1,105.6038818359375,124.38330994132401,48.39756282189469,62.96759796142578
201904A,2019,2019-10-28 00:15:00,EYE,18.29,65.44,127.0,125.0,125.0,1,104.01142120361328,122.22221510347336,48.39756282189469,66.3156509399414
201904A,2019,2019-10-28 06:15:00,EYE,18.38,64.81,129.6,125.0,125.0,1,112.90457153320312,134.29092241051444,48.39756282189469,68.2816162109375
201904A,2019,2019-10-28 12:15:00,EYE,18.61,64.41,127.0,125.0,125.0,1,113.28302001953125,134.80450689329217,48.39756282189469,65.34510803222656
201904A,2019,2019-10-28 17:45:00,EYE,18.82,64.01,122.2,125.0,125.0,1,110.39602661132812,130.8866288467431,48.39756282189469,63.99549102783203
201904A,2019,2019-10-29 06:15:00,EYE,19.36,63.27,109.8,109.54545454551372,109.54545454551372,1,98.66046142578125,114.96054010900794,48.39756282189469,70.63092041015625
201904A,2019,2019-10-29 11:45:00,EYE,19.45,63.01,112.4,100.45454545457082,100.45454545457082,1,89.24734497070312,102.18619770691909,48.39756282189469,71.392578125
201904A,2019,2019-10-29 17:45:00,EMBC,19.53,62.82,97.2,95.45454545448628,95.45454545448628,1,64.92008972167969,69.17219116221203,48.39756282189469,70.23217010498047
201904A,2019,2019-10-29 23:15:00,EMBC,19.61,62.51,90.0,86.36363636364482,86.36363636364482,1,67.00728607177734,72.00468143934589,48.39756282189469,65.49749755859375
201904A,2019,2019-10-30 12:15:00,CRVBND,19.0,61.41,59.0,64.54545454542918,64.54545454542918,1,42.458343505859375,38.68982769852417,48.39756282189469,49.94658279418945
201905A,2019,2019-10-30 12:15:00,CRVBND,9.85,74.2,39.0,35.45454545457082,35.45454545457082,0,30.582231521606445,26.538118254525077,47.153197919247134,40.37782669067383
201904A,2019,2019-10-30 18:15:00,SHEAR,18.54,60.89,45.0,55.0,55.0,1,41.612464904785156,37.54190363614919,48.39756282189469,28.4085693359375
201905A,2019,2019-10-30 18:15:00,CRVBND,10.91,73.44,39.0,40.0,40.0,0,31.24327278137207,27.31399507749595,47.153197919247134,37.502769470214844
201904A,2019,2019-10-30 23:45:00,CRVBND,18.14,60.49,35.0,50.45454545457082,50.45454545457082,1,35.568721771240234,29.340066917500465,48.39756282189469,32.83918762207031
201904A,2019,2019-10-31 05:45:00,SHEAR,17.85,60.12,33.0,40.45454545457928,40.45454545457928,1,34.34074401855469,27.673604131258163,48.39756282189469,29.33827781677246
201904A,2019,2019-10-31 11:45:00,SHEAR,17.33,59.52,35.0,35.45454545457082,35.45454545457082,1,41.3129997253418,37.1355057382831,48.39756282189469,27.383403778076172
201905A,2019,2019-10-31 12:45:00,CRVBND,12.81,72.63,55.0,50.90909090906554,50.90909090906554,0,30.119836807250977,25.99539669723553,47.153197919247134,44.424652099609375
201904A,2019,2019-10-31 17:45:00,CRVBND,16.88,59.31,37.0,30.0,30.0,1,33.827816009521484,26.977520316054,48.39756282189469,32.68178176879883
201905A,2019,2019-10-31 17:45:00,IRRCDO,13.62,72.31,51.0,55.0,55.0,0,30.70979881286621,26.687846434416176,47.153197919247134,35.953102111816406
201904A,2019,2019-11-01 00:15:00,CRVBND,16.58,59.1,31.0,25.0,25.0,1,26.95442771911621,17.64978960081593,48.39756282189469,31.075777053833008
201905A,2019,2019-11-01 00:45:00,CRVBND,15.06,71.72,49.0,55.0,55.0,0,30.00883674621582,25.865113793659944,47.153197919247134,46.86274719238281
201904A,2019,2019-11-01 05:45:00,SHEAR,16.03,58.62,32.0,25.0,25.0,1,32.2376823425293,24.819583353923985,48.39756282189469,33.632171630859375
201905A,2019,2019-11-01 06:15:00,CRVBND,15.77,71.09,49.0,55.0,55.0,0,29.484039306640625,25.249148959233093,47.153197919247134,32.522911071777344
201904A,2019,2019-11-01 11:45:00,CRVBND,15.38,58.03,34.0,25.0,25.0,1,33.60236740112305,26.67156875033185,48.39756282189469,53.52239990234375
201905A,2019,2019-11-01 12:45:00,CRVBND,15.82,69.52,47.0,50.0,50.0,0,39.33839416503906,36.81539452561813,47.153197919247134,49.97949981689453
201905A,2019,2019-11-02 13:15:00,CRVBND,16.85,67.56,53.0,55.0,55.0,0,57.13453674316406,57.70306887373342,47.153197919247134,62.04483413696289
201905A,2019,2019-11-02 18:15:00,CRVBND,17.37,67.01,61.0,60.0,60.0,0,43.61381149291992,41.83353395976924,47.153197919247134,36.53983688354492
201905A,2019,2019-11-02 23:45:00,CRVBND,17.49,66.47,69.8,60.0,60.0,0,28.604780197143555,24.217145654799932,47.153197919247134,35.31108474731445
201905A,2019,2019-11-03 13:15:00,EYE,17.79,65.75,82.2,71.81818181819027,71.81818181819027,0,78.22074890136719,82.45236107918062,47.153197919247134,63.023170471191406
201905A,2019,2019-11-03 17:45:00,EYE,17.99,65.43,87.4,79.54545454551373,79.54545454551373,0,80.93334197998047,85.63618367535783,47.153197919247134,48.97401809692383
201905A,2019,2019-11-03 23:45:00,EYE,18.19,65.05,94.8,89.54545454551373,89.54545454551373,0,70.85794830322266,73.81050060245056,47.153197919247134,50.45991897583008
201905A,2019,2019-11-04 06:15:00,EYE,18.61,64.32,97.2,90.45454545457928,90.45454545457928,0,86.63032531738281,92.32284243839617,47.153197919247134,58.51861572265625
201905A,2019,2019-11-04 11:45:00,EYE,19.0,64.19,102.0,99.50000000007162,99.50000000007162,0,93.25129699707031,100.09400406548947,47.153197919247134,55.79454040527344
201905A,2019,2019-11-04 17:45:00,EYE,19.44,63.71,104.6,100.0,100.0,0,84.27590942382812,89.5594192837038,47.153197919247134,52.124908447265625
201905A,2019,2019-11-05 05:45:00,EYE,20.05,64.11,84.8,80.45454545457082,80.45454545457082,0,54.00221252441406,54.02659977675128,47.153197919247134,59.52032470703125
201905A,2019,2019-11-05 11:15:00,EMBC,19.7,64.28,74.6,72.7272727272389,72.7272727272389,0,63.39641571044922,65.05275648731431,47.153197919247134,59.654930114746094
201905A,2019,2019-11-05 17:45:00,CRVBND,19.8,64.34,59.0,70.0,70.0,0,56.34235382080078,56.77326856258049,47.153197919247134,36.8271484375
201905A,2019,2019-11-05 23:45:00,CRVBND,19.77,65.64,47.0,60.90909090897252,60.90909090897252,0,51.230438232421875,50.77331505375877,47.153197919247134,34.426753997802734
201905A,2019,2019-11-06 05:15:00,CRVBND,19.78,67.02,41.0,51.36363636364482,51.36363636364482,0,40.73630142211914,38.45614512235965,47.153197919247134,35.13960266113281
201905A,2019,2019-11-06 18:00:00,SHEAR,19.82,68.74,47.0,40.0,40.0,0,32.39445877075195,28.665164183650262,47.153197919247134,20.485336303710938
201905A,2019,2019-11-06 23:45:00,SHEAR,19.12,68.58,32.0,30.500000000030692,30.500000000030692,0,32.70289611816406,29.027183022354095,47.153197919247134,22.57880401611328
201905A,2019,2019-11-07 05:15:00,SHEAR,19.01,68.95,28.0,26.36363636364482,26.36363636364482,0,30.342138290405273,26.256316217679114,47.153197919247134,25.558456420898438
201906A,2019,2019-12-03 09:15:00,CRVBND,6.91,57.09,37.0,30.0,30.0,3,37.211219787597656,29.124372794026158,49.452147140276935,40.329139709472656
201906A,2019,2019-12-03 15:15:00,SHEAR,7.11,57.39,33.0,30.0,30.0,3,30.494932174682617,19.590338090298843,49.452147140276935,32.893524169921875
201907A,2019,2019-12-03 15:15:00,CRVBND,13.72,69.98,35.0,40.31818181809633,40.31818181809633,1,45.990379333496094,43.48307924852874,48.39756282189469,55.00967025756836
201906A,2019,2019-12-03 20:15:00,CRVBND,7.22,57.33,33.0,30.0,30.0,3,38.269866943359375,30.627164113240337,49.452147140276935,45.73272705078125
201907A,2019,2019-12-03 20:45:00,IRRCDO,13.78,69.32,41.0,27.700000000036837,27.700000000036837,1,42.058135986328125,38.146714489335636,48.39756282189469,39.86182403564453
201906A,2019,2019-12-04 02:45:00,EMBC,7.34,57.64,41.0,30.0,30.0,3,36.02302932739258,27.437689653707782,49.452147140276935,67.71715545654297
201907A,2019,2019-12-04 03:15:00,CRVBND,14.62,69.08,39.0,30.0,30.0,1,33.94279098510742,27.133550437726853,48.39756282189469,33.30660629272461
201906A,2019,2019-12-04 09:15:00,CRVBND,7.7,57.4,51.0,30.0,30.0,3,53.088050842285156,51.66215958706489,49.452147140276935,71.65142822265625
201907A,2019,2019-12-04 08:45:00,SHEAR,14.88,68.72,32.0,30.0,30.0,1,33.05358123779297,25.92682258795699,48.39756282189469,26.089509963989258
201906A,2019,2019-12-04 14:45:00,CRVBND,8.38,57.01,51.0,30.0,30.0,3,29.49588966369629,18.17215791112863,49.452147140276935,42.7249641418457
201907A,2019,2019-12-04 15:15:00,SHEAR,14.91,68.18,29.0,30.0,30.0,1,31.60004234313965,23.954255519051948,48.39756282189469,22.64491081237793
201906A,2019,2019-12-04 20:45:00,CRVBND,8.95,56.61,39.0,32.72727272725751,32.72727272725751,3,39.55697250366211,32.45426113268448,49.452147140276935,43.0535888671875
201907A,2019,2019-12-04 20:45:00,SHEAR,15.09,67.67,25.0,28.18181818182833,28.18181818182833,1,27.916379928588867,18.95523471635154,48.39756282189469,14.807186126708984
201906A,2019,2019-12-05 02:45:00,CRVBND,9.69,55.83,37.0,35.0,35.0,3,47.39663314819336,43.58296808482252,49.452147140276935,51.42842102050781
201906A,2019,2019-12-05 15:00:00,CRVBND,9.3,54.5,47.0,35.0,35.0,3,30.870758056640625,20.123837726951745,49.452147140276935,49.12899398803711
201906A,2019,2019-12-05 20:45:00,IRRCDO,9.06,53.68,35.0,35.0,35.0,3,30.482973098754883,19.57336171116042,49.452147140276935,47.59257507324219
201906A,2019,2019-12-06 09:45:00,CRVBND,7.52,51.55,55.0,35.0,35.0,3,49.15792465209961,46.08319072110924,49.452147140276935,67.64712524414062
201906A,2019,2019-12-06 14:45:00,CRVBND,7.37,51.54,53.0,35.0,35.0,3,32.865684509277344,22.955714371758962,49.452147140276935,38.92546844482422
201906A,2019,2019-12-06 20:45:00,CRVBND,7.07,50.29,39.0,35.0,35.0,3,48.1484260559082,44.650167717307944,49.452147140276935,31.990140914916992
202001B,2020,2020-05-17 09:15:00,EMBC,11.72,86.3,55.0,65.0,65.0,4,59.20310974121094,59.15775943600628,47.8898116167798,52.54021453857422
202001B,2020,2020-05-17 15:15:00,EMBC,12.2,86.76,61.0,75.45454545457082,75.45454545457082,4,74.94615173339844,86.11607684425726,47.8898116167798,51.56195068359375
202001B,2020,2020-05-17 20:45:00,EYE,12.9,86.57,87.4,89.09090909102747,89.09090909102747,4,92.93286895751953,116.9164540712849,47.8898116167798,65.07262420654297
202001B,2020,2020-05-18 02:45:00,EYE,13.33,86.35,117.4,113.50000000018416,113.50000000018416,4,99.19722747802734,127.64351466343325,47.8898116167798,71.95785522460938
202001B,2020,2020-05-18 08:45:00,EYE,13.65,86.39,134.8,120.0,120.0,4,99.64259338378906,128.4061573252705,47.8898116167798,65.89566040039062
202001B,2020,2020-05-18 15:15:00,EYE,14.53,86.64,143.0,125.0,125.0,4,100.6826400756836,130.1871288079997,47.8898116167798,61.28554153442383
202001B,2020,2020-05-18 22:15:00,EMBC,15.36,86.64,132.2,127.72727272728964,127.72727272728964,4,79.20420837402344,93.40755472491364,47.8898116167798,64.001220703125
202001B,2020,2020-05-19 07:45:00,EMBC,16.71,87.1,104.6,112.00000000002046,112.00000000002046,4,69.0011215209961,75.93583267371403,47.8898116167798,66.18330383300781
202001B,2020,2020-05-19 15:15:00,EMBC,17.91,87.13,90.0,100.0,100.0,4,82.74302673339844,99.467412065669,47.8898116167798,69.60690307617188
202001B,2020,2020-05-20 01:45:00,EMBC,19.62,87.09,69.8,95.0,95.0,4,75.37994384765625,86.85890059529355,47.8898116167798,72.41222381591797
202002A,2020,2020-06-02 23:45:00,EYE,17.61,72.23,47.0,49.545454545420725,49.545454545420725,4,57.73783874511719,56.648635683341325,47.8898116167798,53.13084030151367
202002A,2020,2020-06-03 06:15:00,EYE,18.03,72.74,72.2,60.0,60.0,4,73.10136413574219,82.95707049509669,47.8898116167798,58.918067932128906
202003A,2020,2020-11-22 06:15:00,EYE,10.41,52.43,61.0,51.36363636345879,51.36363636345879,4,80.6890869140625,95.95025435151301,47.8898116167798,65.90400695800781
202003A,2020,2020-11-22 11:45:00,EYE,10.32,51.55,87.4,74.09090909102747,74.09090909102747,4,77.23124694824219,90.02906406365257,47.8898116167798,56.05695724487305
202003A,2020,2020-11-23 11:45:00,SHEAR,11.48,48.73,35.0,30.0,30.0,4,37.306854248046875,21.6627056890998,47.8898116167798,35.220558166503906
202003A,2020,2020-11-23 17:45:00,SHEAR,11.58,47.83,27.0,30.0,30.0,4,32.927886962890625,14.164180940695294,47.8898116167798,32.92339324951172
202004B,2020,2020-11-23 18:15:00,CRVBND,10.18,83.67,35.0,30.27272727269176,30.27272727269176,2,34.21379089355469,31.332819001895718,48.89265230808791,31.643783569335938
202003A,2020,2020-11-23 23:45:00,CRVBND,11.71,46.73,30.0,25.272727272742493,25.272727272742493,4,25.613447189331055,1.6389657264433328,47.8898116167798,34.82786178588867
202004B,2020,2020-11-23 23:45:00,CRVBND,9.97,82.84,37.0,34.818181818171674,34.818181818171674,2,37.127017974853516,34.90945421534894,48.89265230808791,51.23255920410156
202003A,2020,2020-11-24 05:15:00,CRVBND,11.52,46.0,33.0,22.363636363647355,22.363636363647355,4,26.878883361816406,3.8058931865029244,47.8898116167798,38.229393005371094
202004B,2020,2020-11-25 06:45:00,EMBC,11.29,81.95,61.0,60.99999999995907,60.99999999995907,2,45.5839729309082,45.29225035526653,48.89265230808791,69.64521789550781
202004B,2020,2020-11-25 13:15:00,EMBC,11.72,81.02,57.0,65.0,65.0,2,37.105499267578125,34.8830352085083,48.89265230808791,68.47201538085938
202004B,2020,2020-11-25 18:45:00,IRRCDO,12.09,80.34,57.0,64.09090909093446,64.09090909093446,2,45.502986907958984,45.1928219710746,48.89265230808791,49.44529342651367
202005B,2020,2020-12-01 19:30:00,EMBC,8.31,83.77,53.0,35.0,35.0,1,38.5118293762207,33.33409636052622,48.39756282189469,63.73163604736328
202005B,2020,2020-12-02 01:15:00,EMBC,8.61,83.14,55.0,40.0,40.0,1,48.023311614990234,46.241928899226096,48.39756282189469,67.70062255859375
202005B,2020,2020-12-02 11:15:00,CRVBND,9.06,81.7,53.0,45.0,45.0,1,33.82868957519531,26.978705813660607,48.39756282189469,45.65876770019531
202005B,2020,2020-12-02 17:45:00,CRVBND,8.84,81.55,45.0,45.0,45.0,1,29.943748474121094,21.706533937969276,48.39756282189469,36.22269821166992
202005B,2020,2020-12-02 22:45:00,EMBC,9.15,80.94,47.0,40.0,40.0,1,59.628883361816406,61.99160627477659,48.39756282189469,59.97654724121094
202005B,2020,2020-12-03 06:45:00,CRVBND,9.2,80.09,33.0,39.09090909093446,39.09090909093446,1,39.45209503173828,34.61011110971444,48.39756282189469,51.49391555786133
202005B,2020,2020-12-03 12:00:00,CRVBND,9.22,79.4,33.0,30.0,30.0,1,30.658735275268555,22.676827491057594,48.39756282189469,36.03172302246094
202005B,2020,2020-12-03 23:45:00,CRVBND,9.4,79.41,41.0,30.0,30.0,1,35.07259750366211,28.666787106475763,48.39756282189469,36.049102783203125
202005B,2020,2020-12-04 06:15:00,CRVBND,9.3,79.36,35.0,29.81818181817167,29.81818181817167,1,33.38365936279297,26.374764670508704,48.39756282189469,37.58488464355469
202005B,2020,2020-12-04 11:45:00,CRVBND,9.3,79.31,35.0,25.27272727269176,25.27272727269176,1,29.977088928222656,21.751779567147135,48.39756282189469,40.953365325927734
202005B,2020,2020-12-05 05:15:00,CRVBND,9.0,78.85,57.0,18.98181818181345,18.98181818181345,1,32.751434326171875,25.516785367743985,48.39756282189469,51.58523941040039
202101A,2021,2021-05-14 09:45:00,CRVBND,11.96,72.22,35.0,30.0,30.0,1,33.09893798828125,25.98837528028248,48.39756282189469,38.46421813964844
202101A,2021,2021-05-14 15:15:00,CRVBND,12.22,72.2,41.0,33.181818181794505,33.181818181794505,1,38.15376663208008,32.848176939799586,48.39756282189469,40.44926834106445
202101A,2021,2021-05-14 20:15:00,CRVBND,12.32,72.29,43.0,38.63636363638055,38.63636363638055,1,53.15852355957031,53.210817045932664,48.39756282189469,50.04094696044922
202101A,2021,2021-05-15 03:15:00,EMBC,13.03,72.3,55.0,40.454545454486265,40.454545454486265,1,47.51781463623047,45.55592957894625,48.39756282189469,65.74784851074219
202101A,2021,2021-05-15 21:15:00,EMBC,14.93,72.79,72.2,60.45454545457082,60.45454545457082,1,82.68287658691406,93.2776957009793,48.39756282189469,71.74085998535156
202101A,2021,2021-05-16 09:15:00,EYE,16.41,72.63,107.2,70.45454545457082,70.45454545457082,1,103.8370361328125,121.98556079086046,48.39756282189469,68.0745849609375
202101A,2021,2021-05-16 15:15:00,EYE,17.44,72.28,119.8,80.45454545457928,80.45454545457928,1,100.25868225097656,117.12945198347859,48.39756282189469,67.62702178955078
202101A,2021,2021-05-16 21:15:00,EYE,18.17,71.75,134.8,90.90909090915856,90.90909090915856,1,109.71528625488281,129.9628104236255,48.39756282189469,72.38054656982422
202101A,2021,2021-05-17 02:45:00,EYE,18.93,71.46,124.6,100.0,100.0,1,108.88716125488281,128.8389793999455,48.39756282189469,74.18405151367188
202101A,2021,2021-05-17 09:15:00,EYE,20.03,71.35,119.8,100.0,100.0,1,102.48863983154297,120.15568052449716,48.39756282189469,69.34356689453125
202101A,2021,2021-05-17 15:15:00,EYE,20.56,71.39,109.8,89.54545454551373,89.54545454551373,1,104.22830200195312,122.51653947432898,48.39756282189469,65.30461120605469
202102B,2021,2021-05-24 03:15:00,CRVBND,16.22,89.8,35.0,40.0,40.0,3,35.593990325927734,26.828651898780105,49.452147140276935,28.334026336669922
202102B,2021,2021-05-24 08:45:00,CRVBND,17.08,89.91,35.0,40.0,40.0,3,37.987388610839844,30.22617499834397,49.452147140276935,25.68398094177246
202102B,2021,2021-05-24 15:15:00,CRVBND,17.62,89.09,37.0,45.454545454486265,45.454545454486265,3,42.75088882446289,36.988151102607794,49.452147140276935,24.19574737548828
202102B,2021,2021-05-25 15:15:00,EMBC,20.13,88.08,61.0,65.45454545457082,65.45454545457082,3,52.7190055847168,51.13828531370339,49.452147140276935,44.04124069213867
202103B,2021,2021-09-24 12:10:00,CRVBND,19.01,91.31,35.0,25.0,25.0,2,32.22733688354492,28.894004188002572,48.89265230808791,40.57728576660156
202103B,2021,2021-09-24 18:15:00,CRVBND,18.66,89.99,35.0,25.272727272747566,25.272727272747566,2,36.01513671875,33.54437228291495,48.89265230808791,48.0322265625
202103B,2021,2021-09-25 18:15:00,IRRCDO,18.33,87.61,53.0,35.0,35.0,2,47.881168365478516,48.11256949077485,48.89265230808791,48.83131408691406
202103B,2021,2021-09-26 00:15:00,IRRCDO,18.26,87.32,53.0,40.0,40.0,2,38.8321647644043,37.002901750133965,48.89265230808791,36.65943145751953
202103B,2021,2021-09-26 06:15:00,EMBC,18.5,85.96,47.0,45.0,45.0,2,41.845420837402344,40.70234483406672,48.89265230808791,52.45389938354492
202103A,2021,2021-10-01 00:45:00,EMBC,22.85,64.51,51.0,36.36363636361945,36.36363636361945,4,58.36383819580078,57.72059445073163,47.8898116167798,61.38636779785156
202103A,2021,2021-10-01 06:15:00,EMBC,23.01,64.26,55.0,45.0,45.0,4,79.52322387695312,93.95383550028089,47.8898116167798,74.2973403930664
202103A,2021,2021-10-01 12:45:00,EMBC,23.33,63.53,57.0,55.0,55.0,4,70.40139770507812,78.33365958978469,47.8898116167798,71.28031921386719
202103A,2021,2021-10-01 18:15:00,EYE,23.82,63.06,55.0,60.0,60.0,4,66.76998901367188,72.1152509626215,47.8898116167798,55.821258544921875
202103A,2021,2021-10-02 00:15:00,CRVBND,23.91,62.39,57.0,60.0,60.0,4,72.1025390625,81.2466867348841,47.8898116167798,44.50008773803711
202103A,2021,2021-10-02 06:15:00,EYE,24.11,61.69,67.4,60.0,60.0,4,77.19254302978516,89.96278764012366,47.8898116167798,52.29351043701172
202103A,2021,2021-10-02 18:15:00,EMBC,24.34,59.76,77.0,60.0,60.0,4,74.05484008789062,84.58979861536135,47.8898116167798,49.27643585205078
202103A,2021,2021-10-03 00:15:00,CRVBND,24.27,59.43,65.0,60.0,60.0,4,60.64104080200195,61.62006640102765,47.8898116167798,46.42852020263672
202103A,2021,2021-10-03 06:15:00,EYE,24.3,58.68,55.0,60.0,60.0,4,74.94215393066406,86.10923102404651,47.8898116167798,54.06389617919922
202104B,2021,2021-11-11 11:45:00,CRVBND,13.19,80.32,35.0,25.0,25.0,3,39.0452880859375,31.727904955417436,49.452147140276935,32.430145263671875
202105B,2021,2021-12-03 08:45:00,CRVBND,14.48,84.92,43.0,35.0,35.0,4,54.26868438720703,50.70807067912107,47.8898116167798,47.93140411376953
202105B,2021,2021-12-03 21:15:00,CRVBND,15.13,84.79,34.0,40.0,40.0,4,36.29159927368164,19.92418743685694,47.8898116167798,30.598098754882812
202105B,2021,2021-12-04 03:15:00,CRVBND,16.03,85.0,31.0,39.54545454542918,39.54545454542918,4,36.74556350708008,20.701553837964273,47.8898116167798,38.59757995605469
202105B,2021,2021-12-04 08:15:00,IRRCDO,16.33,84.89,39.0,35.0,35.0,4,43.049198150634766,31.49587069432056,47.8898116167798,49.844058990478516
202105B,2021,2021-12-04 15:15:00,CRVBND,16.97,85.03,41.0,30.0,30.0,4,47.48519515991211,39.09205289706739,47.8898116167798,39.15814208984375
202105B,2021,2021-12-04 21:15:00,CRVBND,17.45,85.19,33.0,30.0,30.0,4,39.482357025146484,25.388027289377995,47.8898116167798,30.595094680786133
202105B,2021,2021-12-05 09:15:00,CRVBND,20.02,86.56,45.0,25.0,25.0,4,53.58029556274414,49.529276616361614,47.8898116167798,58.49578857421875
202105B,2021,2021-12-05 14:45:00,IRRCDO,20.61,87.01,47.0,25.0,25.0,4,35.56007766723633,18.671532983712957,47.8898116167798,34.966487884521484
202201B,2022,2022-03-04 20:45:00,CRVBND,11.1,83.51,37.0,30.0,30.0,2,32.01069641113281,28.628029747746158,48.89265230808791,48.572845458984375
202201B,2022,2022-03-05 03:15:00,CRVBND,11.91,84.19,37.0,30.0,30.0,2,39.98950958251953,38.42380033272337,48.89265230808791,45.153778076171875
202201B,2022,2022-03-05 09:15:00,CRVBND,11.71,83.79,37.0,30.0,30.0,2,30.53622055053711,26.817782164148202,48.89265230808791,39.74604034423828
202201B,2022,2022-03-05 15:15:00,CRVBND,11.3,83.18,33.0,27.727272727252437,27.727272727252437,2,28.76068878173828,24.637921387878233,48.89265230808791,34.92273712158203
202201B,2022,2022-03-05 21:15:00,SHEAR,11.37,82.85,32.0,25.0,25.0,2,34.5001220703125,31.68435430653284,48.89265230808791,31.64845085144043
202201B,2022,2022-03-06 03:15:00,SHEAR,11.4,82.49,26.0,23.25,23.25,2,30.029020309448242,26.195080880682987,48.89265230808791,26.693552017211914
202201B,2022,2022-03-06 09:15:00,SHEAR,11.2,81.95,25.0,21.136363636396663,21.136363636396663,2,30.372623443603516,26.616930271333555,48.89265230808791,30.467870712280273
202202B,2022,2022-05-07 09:10:00,IRRCDO,9.92,90.88,43.0,28.0,28.0,0,32.863731384277344,29.215958463296907,47.153197919247134,43.96696090698242
202202B,2022,2022-05-08 03:15:00,EMBC,11.43,88.57,65.0,40.454545454486265,40.454545454486265,0,41.47452163696289,39.32260836725441,47.153197919247134,75.95484924316406
202202B,2022,2022-05-08 19:45:00,IRRCDO,13.38,86.62,51.0,55.0,55.0,0,33.627967834472656,30.112957463308355,47.153197919247134,38.04169464111328
202202B,2022,2022-05-09 03:45:00,IRRCDO,14.25,85.73,59.0,55.0,55.0,0,57.038692474365234,57.590574614597514,47.153197919247134,52.4734992980957
202202B,2022,2022-05-10 02:15:00,EMBC,14.95,83.75,72.0,55.0,55.0,0,42.30950164794922,40.30264044331264,47.153197919247134,64.82257080078125
202202B,2022,2022-05-10 10:15:00,EMBC,15.18,82.02,80.0,53.18181818186892,53.18181818186892,0,63.39350891113281,65.04934472112679,47.153197919247134,56.0389289855957
202202B,2022,2022-05-10 20:45:00,CRVBND,15.49,81.11,63.0,45.45454545457082,45.45454545457082,0,31.985374450683594,28.185014060049244,47.153197919247134,43.3755989074707
202202B,2022,2022-05-11 02:45:00,EMBC,15.74,80.58,57.0,45.0,45.0,0,43.580421447753906,41.794343422447184,47.153197919247134,64.95008850097656
202202B,2022,2022-05-11 07:45:00,IRRCDO,15.69,81.04,57.0,40.0,40.0,0,37.21480941772461,34.32290232075952,47.153197919247134,47.08517837524414
202203A,2022,2022-08-12 08:15:00,CRVBND,21.83,65.7,35.0,25.0,25.0,3,43.5964469909668,38.18845421171919,49.452147140276935,40.761295318603516
202203A,2022,2022-08-12 15:15:00,SHEAR,22.11,65.49,34.0,25.0,25.0,3,39.528785705566406,32.41424886300224,49.452147140276935,28.491573333740234
202203A,2022,2022-08-12 21:15:00,SHEAR,22.41,64.59,30.0,25.0,25.0,3,34.7651252746582,25.65204532399398,49.452147140276935,28.426700592041016
202203A,2022,2022-08-13 09:15:00,SHEAR,22.15,63.68,25.0,27.9,27.9,3,39.24703598022461,32.014294034681775,49.452147140276935,26.485355377197266
202203A,2022,2022-08-13 15:15:00,SHEAR,22.26,63.77,25.0,25.786363636349485,25.786363636349485,3,30.965003967285156,20.257623507811026,49.452147140276935,20.23583221435547
202204B,2022,2022-08-19 00:15:00,CRVBND,20.89,89.1,35.0,25.0,25.0,1,37.32978820800781,31.72997314711684,48.39756282189469,24.498035430908203
202204B,2022,2022-08-19 06:45:00,CRVBND,21.05,89.0,39.0,30.0,30.0,1,53.13169860839844,53.17441346877263,48.39756282189469,52.76484680175781
202204B,2022,2022-08-19 11:15:00,CRVBND,21.35,88.37,39.0,30.0,30.0,1,45.56912612915039,42.911405383027365,48.39756282189469,43.026512145996094
202205B,2022,2022-10-23 15:15:00,CRVBND,16.34,88.61,35.0,35.0,35.0,2,36.100223541259766,33.64883531209069,48.89265230808791,43.51111602783203
202205B,2022,2022-10-23 20:15:00,CRVBND,17.07,88.95,39.0,38.99999999993861,38.99999999993861,2,40.18400192260742,38.66258300667651,48.89265230808791,43.83153533935547
202205B,2022,2022-10-24 01:45:00,CRVBND,18.05,89.31,41.0,42.72727272728964,42.72727272728964,2,42.558265686035156,41.57752068414571,48.89265230808791,53.907989501953125
202205B,2022,2022-10-24 09:15:00,CRVBND,20.06,89.92,47.0,45.0,45.0,2,39.32411193847656,37.606876495954744,48.89265230808791,58.22773361206055
202205B,2022,2022-10-24 15:15:00,CRVBND,21.76,90.42,39.0,44.54545454542918,44.54545454542918,2,45.10270690917969,44.70138910335707,48.89265230808791,46.668975830078125
202206B,2022,2022-12-08 12:15:00,IRRCDO,10.27,82.87,57.0,50.0,50.0,3,44.62004470825195,39.64149147303104,49.452147140276935,42.15550994873047
202206B,2022,2022-12-08 18:15:00,EMBC,10.72,82.28,53.0,50.0,50.0,3,51.61228561401367,49.56725274093183,49.452147140276935,49.332122802734375
202206B,2022,2022-12-09 00:15:00,CRVBND,10.87,81.61,53.0,50.0,50.0,3,57.722740173339844,58.24128357191338,49.452147140276935,45.42102813720703
202206B,2022,2022-12-09 06:15:00,CRVBND,11.32,80.8,49.0,45.0,45.0,3,45.633811950683594,41.08057398823771,49.452147140276935,38.43570327758789
202206B,2022,2022-12-09 12:15:00,CRVBND,11.63,80.8,41.0,40.0,40.0,3,40.415767669677734,33.673354683776836,49.452147140276935,24.682592391967773
202206B,2022,2022-12-09 17:45:00,CRVBND,12.25,80.67,33.0,35.500000000030695,35.500000000030695,3,31.06456756591797,20.398957956140467,49.452147140276935,22.089447021484375
202207A,2022,2022-12-15 15:15:00,CRVBND,14.21,66.07,33.0,30.0,30.0,4,48.36677169799805,40.60166076987759,47.8898116167798,38.68254089355469
202207A,2022,2022-12-15 21:15:00,SHEAR,14.0,65.27,34.0,30.0,30.0,4,31.91123390197754,12.423268611060033,47.8898116167798,27.66335678100586
202207A,2022,2022-12-16 03:15:00,SHEAR,14.01,64.47,34.0,30.0,30.0,4,37.35713577270508,21.748807555700886,47.8898116167798,29.88098907470703
202207A,2022,2022-12-16 08:45:00,SHEAR,13.6,64.13,33.0,28.181818181831712,28.181818181831712,4,36.487205505371094,20.259142706844344,47.8898116167798,24.40357780456543
202207A,2022,2022-12-16 15:15:00,SHEAR,13.59,63.39,27.0,25.0,25.0,4,30.18458366394043,9.466560168489924,47.8898116167798,22.518539428710938
202207A,2022,2022-12-16 21:15:00,SHEAR,13.63,62.77,25.0,25.0,25.0,4,31.781585693359375,12.20125957614327,47.8898116167798,27.49022674560547
202207A,2022,2022-12-17 03:15:00,SHEAR,13.78,62.13,25.0,25.0,25.0,4,28.10700798034668,5.908928502019217,47.8898116167798,21.85354995727539
202301B,2023,2023-05-11 08:30:00,EMBC,11.65,88.1,51.0,45.0,45.0,1,54.51670837402344,55.05398109770448,48.39756282189469,63.02118682861328
202301B,2023,2023-05-11 14:30:00,EYE,12.25,88.19,55.0,50.0,50.0,1,64.44047546386719,68.52131673826761,48.39756282189469,59.84355926513672
202301B,2023,2023-05-12 09:00:00,EMBC,14.33,88.52,79.6,85.0,85.0,1,78.71672058105469,87.89530878579177,48.39756282189469,64.94274139404297
202301B,2023,2023-05-12 15:00:00,EYE,14.7,88.59,104.6,90.0,90.0,1,103.23113250732422,121.1633017216572,48.39756282189469,64.908935546875
202301B,2023,2023-05-12 20:30:00,EYE,15.25,88.87,112.4,100.0,100.0,1,87.986572265625,100.47522958039737,48.39756282189469,67.17577362060547
202301B,2023,2023-05-13 03:00:00,EMBC,15.0,89.66,112.4,100.0,100.0,1,89.63099670410156,102.706843406882,48.39756282189469,74.9433364868164
202301B,2023,2023-05-13 15:30:00,EMBC,17.48,91.15,122.2,110.5000000000307,110.5000000000307,1,100.59510803222656,117.5860083368486,48.39756282189469,70.87139892578125
202301B,2023,2023-05-13 21:30:00,EYE,18.1,91.03,122.2,115.0,115.0,1,106.9037857055664,126.14738214840712,48.39756282189469,73.24656677246094
202302A,2023,2023-06-06 09:00:00,CRVBND,12.0,66.0,49.0,33.0,33.0,0,32.23128890991211,28.473648584037157,47.153197919247134,59.54903030395508
202302A,2023,2023-06-06 15:30:00,EMBC,12.42,66.0,57.0,35.90909090906554,35.90909090906554,0,50.70816421508789,50.1603120084829,47.153197919247134,60.626220703125
202302A,2023,2023-06-07 16:00:00,IRRCDO,13.75,66.39,77.0,66.49999999998977,66.49999999998977,0,33.76676940917969,30.275871537454393,47.153197919247134,43.23229217529297
202302A,2023,2023-06-08 03:00:00,EYE,13.55,66.81,77.0,75.0,75.0,0,38.62805938720703,35.98166095372968,47.153197919247134,44.20381546020508
202302A,2023,2023-06-08 09:00:00,IRRCDO,14.6,65.69,79.6,75.0,75.0,0,33.646728515625,30.134977235106582,47.153197919247134,35.743560791015625
202302A,2023,2023-06-08 15:00:00,IRRCDO,14.6,66.0,65.0,75.0,75.0,0,34.491966247558594,31.12704899525701,47.153197919247134,27.41975212097168
202302A,2023,2023-06-09 03:00:00,EMBC,14.8,66.7,55.0,70.0,70.0,0,42.672882080078125,40.72914703582083,47.153197919247134,51.51691436767578
202303B,2023,2023-06-09 09:00:00,SHEAR,19.9,91.7,41.0,39.99,39.99,2,33.38362121582031,30.313600787982203,48.89265230808791,17.624204635620117
202302A,2023,2023-06-09 15:00:00,IRRCDO,15.7,67.3,65.0,65.0,65.0,0,47.01689147949219,45.82779430175394,47.153197919247134,31.387496948242188
202303B,2023,2023-06-09 15:00:00,SHEAR,20.0,91.9,37.0,37.2,37.2,2,27.421558380126953,22.993840505699474,48.89265230808791,16.414241790771484
202302A,2023,2023-06-09 20:30:00,EMBC,16.37,67.4,72.2,70.0,70.0,0,48.32923126220703,47.36811271036899,47.153197919247134,65.18572235107422
202303B,2023,2023-06-09 21:00:00,CRVBND,20.47,91.85,35.0,30.69,30.69,2,35.516300201416016,32.93193933352137,48.89265230808791,34.655181884765625
202302A,2023,2023-06-10 03:00:00,EMBC,16.8,67.4,77.0,75.0,75.0,0,70.55882263183594,73.45941105674378,47.153197919247134,64.54884338378906
202303B,2023,2023-06-10 03:10:00,CRVBND,21.11,91.9,32.0,26.040000000000003,26.040000000000003,2,33.1833381652832,30.067708726972842,48.89265230808791,44.927913665771484
202302A,2023,2023-06-10 14:00:00,EMBC,17.44,67.39,59.0,80.0,80.0,0,55.766845703125,56.097783631285054,47.153197919247134,52.046287536621094
202302A,2023,2023-06-11 02:00:00,SHEAR,19.15,68.86,65.0,90.0,90.0,0,31.274982452392578,27.35121332740907,47.153197919247134,30.34258460998535
202302A,2023,2023-06-11 08:30:00,EMBC,18.57,67.85,74.6,90.0,90.0,0,61.517425537109375,62.847349631770534,47.153197919247134,58.2125244140625
202302A,2023,2023-06-12 02:00:00,EMBC,19.47,67.63,74.6,90.0,90.0,0,60.52944564819336,61.687738660372084,47.153197919247134,73.8387680053711
202302A,2023,2023-06-12 08:00:00,EYE,19.67,67.15,82.2,90.0,90.0,0,61.40589904785156,62.7164488492791,47.153197919247134,67.94996643066406
202302A,2023,2023-06-12 15:00:00,EYE,20.0,67.09,74.6,90.0,90.0,0,78.0296401977539,82.22805312319294,47.153197919247134,62.016990661621094
202302A,2023,2023-06-13 15:00:00,EMBC,21.5,66.4,82.2,85.0,85.0,0,60.115966796875,61.20243059103875,47.153197919247134,64.82433319091797
202302A,2023,2023-06-13 21:00:00,CRVBND,21.8,66.8,67.4,85.0,85.0,0,54.441017150878906,54.541633194797186,47.153197919247134,44.2889404296875
202302A,2023,2023-06-14 09:00:00,CRVBND,21.7,66.4,53.0,80.0,80.0,0,56.888519287109375,57.41431346039241,47.153197919247134,40.66402816772461
202302A,2023,2023-06-14 15:00:00,SHEAR,22.2,66.9,39.0,70.0,70.0,0,44.75499725341797,43.17296560521411,47.153197919247134,24.71072769165039
202302A,2023,2023-06-14 21:00:00,CRVBND,22.4,66.8,35.0,70.0,70.0,0,50.64908218383789,50.09096629363725,47.153197919247134,33.31978225708008
202302A,2023,2023-06-15 03:00:00,SHEAR,22.8,67.0,35.0,70.0,70.0,0,46.233585357666016,44.90841286188496,47.153197919247134,38.83866882324219
202302A,2023,2023-06-15 09:00:00,CRVBND,22.9,67.4,34.0,65.0,65.0,0,44.599876403808594,42.9908972846767,47.153197919247134,53.68743133544922
202302A,2023,2023-06-15 15:00:00,CRVBND,23.1,68.3,34.0,65.0,65.0,0,52.62268829345703,52.407425690846615,47.153197919247134,53.790382385253906
202304B,2023,2023-08-01 00:00:00,CRVBND,20.63,91.78,41.0,25.0,25.0,4,34.96821212768555,17.658024978961798,47.8898116167798,22.280071258544922
202304B,2023,2023-08-01 06:00:00,SHEAR,21.53,91.07,33.0,30.0,30.0,4,37.810081481933594,22.524429840399563,47.8898116167798,13.579887390136719
202305A,2023,2023-10-21 15:30:00,EYE,11.25,56.95,65.0,66.81818181813108,66.81818181813108,3,81.6883773803711,92.26144917491744,49.452147140276935,69.59374237060547
202305A,2023,2023-10-21 21:00:00,EYE,11.68,56.07,94.8,80.0,80.0,3,92.27983093261719,107.29643450458867,49.452147140276935,64.83055114746094
202305A,2023,2023-10-22 03:00:00,EYE,12.4,55.42,99.6,95.0,95.0,3,91.87294006347656,106.7188368955231,49.452147140276935,73.34981536865234
202305A,2023,2023-10-22 09:00:00,EYE,13.1,54.37,99.6,95.0,95.0,3,86.71026611328125,99.39021795571747,49.452147140276935,70.79891967773438
202305A,2023,2023-10-22 15:00:00,EYE,13.63,54.05,92.4,95.0,95.0,3,86.1214599609375,98.55438443968123,49.452147140276935,64.41938781738281
202305A,2023,2023-10-22 21:00:00,EYE,14.0,53.6,94.8,95.0,95.0,3,73.87619018554688,81.1717418663376,49.452147140276935,59.691314697265625
202305A,2023,2023-10-23 15:00:00,EYE,15.48,52.44,67.4,70.0,70.0,3,65.07665252685547,68.68045169981855,49.452147140276935,62.77294921875
202306B,2023,2023-10-24 03:00:00,EMBC,20.0,89.5,74.6,65.0,65.0,1,81.35751342773438,91.479073227405,48.39756282189469,69.72881317138672
202306B,2023,2023-10-24 08:30:00,EMBC,20.65,90.73,79.6,65.0,65.0,1,68.53559875488281,74.07872244421544,48.39756282189469,68.80723571777344
202306B,2023,2023-10-24 15:00:00,EMBC,21.1,91.5,74.6,55.0,55.0,1,60.1683235168457,62.723669165814414,48.39756282189469,73.5857162475586
202307B,2023,2023-11-17 00:00:00,CRVBND,20.26,88.86,35.0,35.0,35.0,3,45.81712341308594,41.34079182655277,49.452147140276935,29.43206024169922
202307B,2023,2023-11-17 06:00:00,SHEAR,21.11,89.53,32.0,45.0,45.0,3,32.312103271484375,22.169884008821338,49.452147140276935,20.978374481201172
202308B,2023,2023-12-03 03:00:00,CRVBND,11.67,82.36,37.0,35.0,35.0,2,33.122962951660156,29.993584702639087,48.89265230808791,57.51350021362305
202308B,2023,2023-12-03 09:00:00,CRVBND,12.0,82.5,37.0,35.0,35.0,2,34.84284973144531,32.10512885902175,48.89265230808791,37.148521423339844
202308B,2023,2023-12-03 14:30:00,CRVBND,12.56,82.42,43.0,39.090909090858354,39.090909090858354,2,34.20294952392578,31.319508805575726,48.89265230808791,49.61172866821289
202308B,2023,2023-12-03 20:00:00,CRVBND,12.98,82.14,45.0,45.0,45.0,2,45.3706169128418,45.030308314387845,48.89265230808791,50.80645751953125
202308B,2023,2023-12-04 03:00:00,CRVBND,13.7,81.1,53.0,50.0,50.0,2,42.029754638671875,40.928655638632065,48.89265230808791,47.296443939208984
202401B,2024,2024-05-25 18:30:00,CRVBND,18.87,89.1,35.0,40.49999999993861,40.49999999993861,0,30.568635940551758,26.522160859915708,47.153197919247134,33.14106750488281
202401B,2024,2024-05-26 00:00:00,CRVBND,19.34,89.01,35.0,50.0,50.0,0,32.13680648803711,28.362752750792254,47.153197919247134,53.0579719543457
202401B,2024,2024-05-26 06:00:00,CRVBND,20.53,88.61,41.0,50.0,50.0,0,34.899497985839844,31.605376823794614,47.153197919247134,56.84556579589844
202401B,2024,2024-05-26 12:00:00,CRVBND,21.02,88.89,51.0,60.0,60.0,0,33.36328887939453,29.802298690138773,47.153197919247134,45.59284210205078
202402A,2024,2024-08-30 06:00:00,CRVBND,23.55,67.77,35.0,35.0,35.0,1,46.43803024291992,44.09057688450046,48.39756282189469,34.852813720703125
202402A,2024,2024-08-30 12:00:00,CRVBND,23.55,66.86,33.0,35.0,35.0,1,45.3709831237793,42.64250967699115,48.39756282189469,39.65291976928711
202402A,2024,2024-08-30 18:00:00,CRVBND,23.93,66.04,33.0,35.0,35.0,1,43.52186584472656,40.1331115008435,48.39756282189469,37.97187042236328
202402A,2024,2024-08-31 00:00:00,CRVBND,23.42,65.58,33.0,40.0,40.0,1,53.31532669067383,53.42361127789559,48.39756282189469,39.411468505859375
202402A,2024,2024-08-31 06:00:00,CRVBND,23.64,64.9,31.0,40.0,40.0,1,52.19172286987305,51.89879215983812,48.39756282189469,43.19153594970703
202402A,2024,2024-08-31 12:00:00,CRVBND,23.29,64.12,34.0,40.0,40.0,1,54.83905792236328,55.49143489138727,48.39756282189469,34.24978256225586
202402A,2024,2024-08-31 18:00:00,CRVBND,23.14,63.44,33.0,40.0,40.0,1,45.70531463623047,43.09622394221258,48.39756282189469,33.63507843017578
202402A,2024,2024-09-01 00:00:00,CRVBND,23.11,62.61,39.0,40.0,40.0,1,43.286338806152344,39.813482709459116,48.39756282189469,38.9031982421875
202402A,2024,2024-09-01 06:00:00,SHEAR,22.37,62.06,39.0,35.0,35.0,1,37.40675735473633,31.8344263576342,48.39756282189469,32.371543884277344
202402A,2024,2024-09-01 12:00:00,SHEAR,22.2,61.54,31.0,30.0,30.0,1,40.03709030151367,35.40399588904082,48.39756282189469,31.327899932861328
202402A,2024,2024-09-01 18:00:00,SHEAR,21.68,61.6,30.0,30.0,30.0,1,35.2857780456543,28.956089937251004,48.39756282189469,35.23281478881836
202402A,2024,2024-09-01 22:30:00,SHEAR,21.33,61.45,25.0,22.72727272728964,22.72727272728964,1,27.831628799438477,18.840220741129052,48.39756282189469,33.549888610839844
202403B,2024,2024-10-23 13:00:00,IRRCDO,17.4,88.93,47.0,45.0,45.0,4,45.62906265258789,35.91361957337744,47.8898116167798,62.1759033203125
202403B,2024,2024-10-24 00:30:00,EMBC,18.76,88.42,63.0,55.0,55.0,4,50.199214935302734,43.739528689456115,47.8898116167798,85.18665313720703
202403B,2024,2024-10-25 00:30:00,IRRCDO,20.82,86.87,49.0,49.090909090858354,49.090909090858354,4,54.69620895385742,51.44016190858648,47.8898116167798,55.692481994628906
202404B,2024,2024-11-30 09:30:00,CRVBND,12.4,80.78,53.0,44.09090909093446,44.09090909093446,2,42.42170715332031,41.40986466448945,48.89265230808791,42.66756057739258
202404B,2024,2024-11-30 15:00:00,CRVBND,12.4,80.5,51.0,40.0,40.0,2,42.197898864746094,41.135090133140395,48.89265230808791,21.3418025970459
202404B,2024,2024-11-30 21:00:00,IRRCDO,12.2,80.1,37.0,35.0,35.0,2,46.12156677246094,45.952266553995486,48.89265230808791,27.30007553100586
202501B,2025,2025-10-01 12:00:00,SHEAR,16.52,86.27,35.0,25.0,25.0,3,34.05373001098633,24.64219173778475,49.452147140276935,10.121658325195312
202501B,2025,2025-10-01 18:00:00,SHEAR,17.49,86.08,31.0,30.0,30.0,3,37.059173583984375,28.908537221554322,49.452147140276935,17.675582885742188
202501B,2025,2025-10-02 00:00:00,CRVBND,17.33,85.26,32.0,30.0,30.0,3,41.18183517456055,34.76081766896912,49.452147140276935,22.434642791748047
202501B,2025,2025-10-02 06:00:00,CRVBND,17.72,84.84,35.0,30.0,30.0,3,49.02560806274414,45.895362112881074,49.452147140276935,24.78097915649414
202502A,2025,2025-10-03 05:30:00,CRVBND,21.65,66.85,39.0,34.090909090858354,34.090909090858354,0,53.06153106689453,52.92250388272701,47.153197919247134,51.41672134399414
202502A,2025,2025-10-03 12:30:00,IRRCDO,21.97,66.4,47.0,40.0,40.0,0,59.46067428588867,60.433301184924304,47.153197919247134,52.45977783203125
202502A,2025,2025-10-03 18:00:00,IRRCDO,22.01,65.84,49.0,45.0,45.0,0,58.49102020263672,59.295199563610986,47.153197919247134,44.63530731201172
202502A,2025,2025-10-04 00:00:00,CRVBND,22.15,64.68,55.0,50.0,50.0,0,57.49673843383789,58.12819195475612,47.153197919247134,48.93866729736328
202502A,2025,2025-10-04 06:00:00,CRVBND,22.03,64.25,65.0,55.0,55.0,0,56.672264099121094,57.16049059271422,47.153197919247134,46.909454345703125
202502A,2025,2025-10-04 12:00:00,EMBC,21.7,63.5,74.6,55.0,55.0,0,59.63037872314453,60.63248654238417,47.153197919247134,43.2184944152832
202502A,2025,2025-10-04 17:00:00,IRRCDO,21.13,62.92,79.6,55.0,55.0,0,63.457366943359375,65.12429612004958,47.153197919247134,54.52351760864258
202502A,2025,2025-10-05 05:30:00,EMBC,20.82,60.91,61.0,60.0,60.0,0,61.45891571044922,62.778675524442114,47.153197919247134,54.341644287109375
202502A,2025,2025-10-05 18:00:00,CRVBND,19.79,60.34,49.0,50.0,50.0,0,49.618141174316406,48.88093102984522,47.153197919247134,45.16899871826172
202502A,2025,2025-10-06 00:00:00,SHEAR,19.66,60.01,41.0,45.0,45.0,0,35.03822326660156,31.768201350271685,47.153197919247134,36.864830017089844
202502A,2025,2025-10-06 06:00:00,SHEAR,19.76,60.77,31.0,40.0,40.0,0,28.194005966186523,23.735012050331363,47.153197919247134,20.250423431396484
202502A,2025,2025-10-06 12:00:00,SHEAR,19.76,60.39,31.0,35.0,35.0,0,25.32039451599121,20.36219909880583,47.153197919247134,25.633960723876953
202502A,2025,2025-10-06 18:00:00,SHEAR,19.52,60.22,28.0,30.0,30.0,0,29.450773239135742,25.210103936873104,47.153197919247134,34.892799377441406
202502A,2025,2025-10-06 22:30:00,SHEAR,19.42,60.27,25.0,30.0,30.0,0,25.418113708496094,20.476893991906525,47.153197919247134,40.03412628173828
202503B,2025,2025-10-26 18:00:00,CRVBND,11.85,85.68,35.0,35.0,35.0,1,36.77269744873047,30.973956992211065,48.39756282189469,28.64736557006836
202503B,2025,2025-10-27 00:00:00,CRVBND,11.67,84.9,35.0,35.0,35.0,1,35.71559143066406,29.539380643928023,48.39756282189469,38.127403259277344
202503B,2025,2025-10-27 06:00:00,CRVBND,13.16,84.8,35.0,40.0,40.0,1,39.555763244628906,34.75079706149219,48.39756282189469,26.279632568359375
202503B,2025,2025-10-27 13:00:00,IRRCDO,13.4,83.94,43.0,45.0,45.0,1,45.228294372558594,42.44886977316988,48.39756282189469,35.816322326660156
202503B,2025,2025-10-27 18:00:00,CRVBND,13.9,83.57,43.0,45.0,45.0,1,48.410797119140625,46.76777732885992,48.39756282189469,23.428802490234375
202503B,2025,2025-10-27 23:30:00,IRRCDO,14.75,83.15,33.0,49.09090909093446,49.09090909093446,1,52.49924087524414,52.316118378435846,48.39756282189469,45.02387619018555
202503B,2025,2025-10-28 06:00:00,CRVBND,15.12,82.72,39.0,50.0,50.0,1,55.21274185180664,55.99855349420582,48.39756282189469,30.100990295410156
202503B,2025,2025-10-28 12:00:00,CRVBND,15.82,82.2,35.0,50.0,50.0,1,54.11309051513672,54.506239788689285,48.39756282189469,36.399818420410156
202503B,2025,2025-10-28 17:00:00,CRVBND,16.41,81.75,35.0,50.0,50.0,1,40.390586853027344,35.88371862577135,48.39756282189469,27.69594955444336
202505B,2025,2025-11-27 09:00:00,CRVBND,7.2,82.0,39.0,35.0,35.0,1,40.595035552978516,36.16117165732598,48.39756282189469,47.339500427246094
202505B,2025,2025-11-29 03:00:00,SHEAR,9.6,80.8,35.0,40.0,40.0,1,31.07430076599121,23.240782680002425,48.39756282189469,28.54131317138672
202505B,2025,2025-11-29 09:00:00,SHEAR,10.2,80.8,29.0,40.0,40.0,1,30.226613998413086,22.090404792887142,48.39756282189469,29.473773956298828
202505B,2025,2025-11-29 15:00:00,SHEAR,10.4,80.8,28.0,40.0,40.0,1,28.293842315673828,19.467480984582064,48.39756282189469,29.886722564697266
202505B,2025,2025-11-29 21:00:00,SHEAR,10.7,80.8,25.0,40.0,40.0,1,29.16330337524414,20.647408305489936,48.39756282189469,29.334796905517578
202505B,2025,2025-11-30 03:00:00,SHEAR,11.15,80.8,25.0,40.0,40.0,1,30.327621459960938,22.22747989496792,48.39756282189469,26.3458194732666
202505B,2025,2025-11-30 09:00:00,SHEAR,11.65,80.8,25.0,35.0,35.0,1,31.381610870361328,23.657826760523466,48.39756282189469,28.32784080505371
202505B,2025,2025-11-30 15:00:00,SHEAR,12.16,80.8,25.0,30.0,30.0,1,33.42502975463867,26.430907559345535,48.39756282189469,23.062915802001953
