storm,season,time,scene,lat,lon,vmax_kt,bt_vmax_kt,truth,fold,cnn_raw,cnn_recalibrated,predict_the_mean,cold_cloud
200501B,2005,2005-01-09 01:00:00,EMBC,5.55,84.16,,23.25,23.25,1,36.878116607666016,25.00803619577689,48.893103305784514,35.314361572265625
200501B,2005,2005-01-09 07:00:00,CRVBND,5.63,83.3,,23.25,23.25,1,38.99676513671875,27.623724423767595,48.893103305784514,63.555931091308594
200501B,2005,2005-01-09 11:30:00,SHEAR,6.35,83.3,,23.25,23.25,1,40.08772277832031,28.97062317608192,48.893103305784514,59.94725799560547
200501B,2005,2005-01-09 18:00:00,CRVBND,6.5,83.33,,23.25,23.25,1,38.70608901977539,27.264855037543,48.893103305784514,52.328887939453125
200501B,2005,2005-01-10 00:00:00,SHEAR,6.69,83.7,,23.25,23.25,1,37.703025817871094,26.026470957704703,48.893103305784514,38.739871978759766
200501B,2005,2005-01-10 05:30:00,CRVBND,6.72,83.07,,18.878999999965743,18.878999999965743,1,37.06452941894531,25.238181870872854,48.893103305784514,39.60028076171875
200502B,2005,2005-01-14 21:30:00,CRVBND,5.05,87.05,,32.550000000000004,32.550000000000004,2,41.105064392089844,37.47092901036205,49.540730037703746,54.40128707885742
200502B,2005,2005-01-15 02:00:00,CRVBND,5.05,86.92,,34.10909090911577,34.10909090911577,2,39.52464294433594,35.30355671829631,49.540730037703746,46.26766586303711
200502B,2005,2005-01-15 15:00:00,CRVBND,4.89,86.53,,35.0,35.0,2,32.86394119262695,26.169144854369474,49.540730037703746,35.106117248535156
200502B,2005,2005-01-15 21:00:00,CRVBND,4.61,86.4,,35.0,35.0,2,34.93877410888672,29.014547502984747,49.540730037703746,42.05814743041992
200502B,2005,2005-01-16 03:00:00,IRRCDO,4.49,86.14,,35.0,35.0,2,36.92993927001953,31.74520912827411,49.540730037703746,48.56862258911133
200502B,2005,2005-01-16 15:00:00,SHEAR,4.63,86.2,,35.0,35.0,2,30.60702133178711,23.074030207103053,49.540730037703746,32.47632598876953
200502B,2005,2005-01-16 20:30:00,IRRCDO,5.23,85.69,,35.0,35.0,2,34.0794677734375,27.83610440826715,49.540730037703746,39.445777893066406
200502B,2005,2005-01-17 03:00:00,CRVBND,4.61,85.12,,30.0,30.0,2,36.88056182861328,31.677493457552796,49.540730037703746,40.10753631591797
200502B,2005,2005-01-17 08:30:00,SHEAR,4.55,84.96,,25.909090909141646,25.909090909141646,2,32.462806701660156,25.619033501256084,49.540730037703746,31.99310302734375
200505B,2005,2005-11-28 02:00:00,IRRCDO,11.22,89.63,0.0,27.264999999984557,27.264999999984557,3,34.540958404541016,26.45034841785566,50.69363147943891,43.324180603027344
200505B,2005,2005-11-28 09:00:00,CRVBND,10.25,88.46,0.0,30.0,30.0,3,34.78843307495117,26.825071799063046,50.69363147943891,36.67485046386719
200505B,2005,2005-11-28 15:00:00,IRRCDO,10.25,87.41,0.0,30.0,30.0,3,32.88496780395508,23.9428659507783,50.69363147943891,26.95648956298828
200505B,2005,2005-11-28 20:00:00,IRRCDO,10.35,86.57,0.0,35.0,35.0,3,28.819345474243164,17.78674603928622,50.69363147943891,44.56938171386719
200505B,2005,2005-11-29 09:00:00,CRVBND,11.75,85.2,0.0,45.0,45.0,3,32.53374481201172,23.41104802015671,50.69363147943891,51.211509704589844
200505B,2005,2005-11-29 15:00:00,CRVBND,12.05,84.45,0.0,45.0,45.0,3,30.301883697509766,20.031588854395004,50.69363147943891,33.10911178588867
200505B,2005,2005-11-29 21:00:00,EMBC,12.35,83.77,0.0,45.0,45.0,3,26.18996810913086,13.805372207806544,50.69363147943891,41.94379425048828
200505B,2005,2005-11-30 02:00:00,EMBC,12.6,83.27,0.0,45.0,45.0,3,31.75143814086914,22.22648799845514,50.69363147943891,65.76885986328125
200505B,2005,2005-11-30 09:00:00,CRVBND,12.69,84.01,0.0,35.0,35.0,3,31.42177963256836,21.7273227680519,50.69363147943891,46.36419677734375
200505B,2005,2005-11-30 14:30:00,CRVBND,12.87,83.64,0.0,35.0,35.0,3,31.04532241821289,21.15729545976457,50.69363147943891,41.02024459838867
200505B,2005,2005-11-30 22:00:00,CRVBND,12.58,83.7,0.0,35.0,35.0,3,35.81135940551758,28.37397542091904,50.69363147943891,64.84723663330078
200505B,2005,2005-12-01 09:00:00,IRRCDO,12.89,83.68,0.0,35.0,35.0,3,33.66471862792969,25.123555937251442,50.69363147943891,50.144954681396484
200505B,2005,2005-12-01 15:00:00,SHEAR,12.89,83.33,0.0,30.0,30.0,3,29.365428924560547,18.61361949904345,50.69363147943891,30.716156005859375
200505B,2005,2005-12-01 21:00:00,SHEAR,13.47,82.28,0.0,30.0,30.0,3,25.884693145751953,13.343128268716887,50.69363147943891,37.75225067138672
200505B,2005,2005-12-02 03:00:00,CRVBND,13.67,81.78,0.0,25.0,25.0,3,26.019678115844727,13.54752100241165,50.69363147943891,52.379302978515625
200505B,2005,2005-12-02 09:00:00,CRVBND,13.91,81.24,0.0,27.9,27.9,3,27.137924194335938,15.240756721686017,50.69363147943891,40.98393630981445
200505B,2005,2005-12-02 15:00:00,CRVBND,14.14,80.71,0.0,27.9,27.9,3,26.17281150817871,13.779393874314232,50.69363147943891,41.470863342285156
200506B,2005,2005-12-06 06:00:00,CRVBND,11.44,88.89,0.0,25.0,25.0,0,33.946533203125,29.19435943029881,47.71526680016013,49.91033172607422
200506B,2005,2005-12-06 18:00:00,EMBC,12.2,87.1,0.0,30.0,30.0,0,45.141876220703125,46.32733125187542,47.71526680016013,62.84374237060547
200506B,2005,2005-12-07 01:00:00,EMBC,11.67,86.96,0.0,31.81818181813108,31.81818181813108,0,38.509727478027344,36.177716599929724,47.71526680016013,59.94195556640625
200506B,2005,2005-12-10 06:00:00,EMBC,11.48,79.83,0.0,41.85,41.85,0,32.99554443359375,27.738998592722666,47.71526680016013,49.35102462768555
200506B,2005,2005-12-10 12:00:00,SHEAR,10.6,79.7,0.0,30.0,30.0,0,32.857364654541016,27.527532963031373,47.71526680016013,29.218494415283203
200506B,2005,2005-12-10 18:00:00,SHEAR,10.33,79.28,0.0,27.9,27.9,0,32.27787780761719,26.640706020459675,47.71526680016013,26.72641372680664
200506B,2005,2005-12-11 05:00:00,SHEAR,9.62,78.71,0.0,24.08699999999429,24.08699999999429,0,33.307830810546875,28.216911032582644,47.71526680016013,27.830612182617188
200507B,2005,2005-12-17 06:00:00,SHEAR,7.54,83.11,0.0,30.0,30.0,1,39.40653991699219,28.129633286984248,48.893103305784514,41.10803985595703
200507B,2005,2005-12-17 12:00:00,CRVBND,8.64,82.85,0.0,30.0,30.0,1,38.06830596923828,26.47744665223248,48.893103305784514,50.129634857177734
200507B,2005,2005-12-17 18:00:00,CRVBND,8.9,82.4,0.0,30.0,30.0,1,43.24997329711914,32.87474476234514,48.893103305784514,55.366241455078125
200507B,2005,2005-12-18 06:00:00,CRVBND,10.4,82.7,0.0,30.0,30.0,1,40.81520080566406,29.868769181023914,48.893103305784514,53.94975280761719
200507B,2005,2005-12-18 12:00:00,CRVBND,10.7,82.43,0.0,30.0,30.0,1,38.759925842285156,27.331322099417665,48.893103305784514,45.872310638427734
200507B,2005,2005-12-19 07:00:00,CRVBND,11.96,82.68,0.0,30.0,30.0,1,45.02374267578125,35.064644417391406,48.893103305784514,56.22560119628906
200507B,2005,2005-12-19 11:00:00,EMBC,11.88,82.6,0.0,30.0,30.0,1,42.52400588989258,31.978463772389492,48.893103305784514,55.49033737182617
200507B,2005,2005-12-19 18:00:00,EMBC,12.2,82.5,0.0,30.0,30.0,1,41.90728759765625,31.2170619849442,48.893103305784514,57.29641342163086
200507B,2005,2005-12-20 00:00:00,SHEAR,11.05,83.79,0.0,30.0,30.0,1,38.2426643371582,26.69270988450807,48.893103305784514,32.20568084716797
200507B,2005,2005-12-20 06:00:00,SHEAR,11.18,83.65,0.0,25.0,25.0,1,38.66859436035156,27.21856404688431,48.893103305784514,43.77125549316406
200507B,2005,2005-12-20 12:00:00,EMBC,11.3,83.7,0.0,25.0,25.0,1,39.43056869506836,28.159299270315117,48.893103305784514,43.42427444458008
200507B,2005,2005-12-20 18:00:00,IRRCDO,12.18,84.44,0.0,25.0,25.0,1,39.93925857543945,28.78732893806731,48.893103305784514,50.224876403808594
200507B,2005,2005-12-20 23:00:00,EMBC,12.53,84.41,0.0,25.0,25.0,1,37.732120513916016,26.06239133472717,48.893103305784514,63.000186920166016
200507B,2005,2005-12-21 06:00:00,SHEAR,12.05,84.55,0.0,25.0,25.0,1,37.837013244628906,26.19189213543345,48.893103305784514,39.63633728027344
200507B,2005,2005-12-21 13:00:00,CRVBND,12.58,84.61,0.0,25.0,25.0,1,39.02126693725586,27.653974401690146,48.893103305784514,50.6559944152832
200507B,2005,2005-12-21 18:00:00,SHEAR,11.63,84.8,0.0,25.0,25.0,1,38.47963333129883,26.98527233640733,48.893103305784514,34.96000289916992
200507B,2005,2005-12-22 00:00:00,SHEAR,12.1,85.1,0.0,25.0,25.0,1,39.33498001098633,28.04128526645659,48.893103305784514,36.836875915527344
200507B,2005,2005-12-22 06:00:00,SHEAR,13.45,86.3,0.0,27.9,27.9,1,38.98072814941406,27.60392512325593,48.893103305784514,38.09556198120117
200507B,2005,2005-12-22 12:00:00,SHEAR,14.42,87.19,0.0,23.25,23.25,1,38.46355056762695,26.96541652029002,48.893103305784514,32.22557067871094
200601A,2006,2006-01-14 06:00:00,CRVBND,6.9,74.7,0.0,30.0,30.0,0,32.48738098144531,26.961322545392612,47.71526680016013,51.22673797607422
200601A,2006,2006-01-14 12:00:00,SHEAR,7.27,73.84,0.0,25.0,25.0,0,33.346343994140625,28.27585029761766,47.71526680016013,35.8868522644043
200601A,2006,2006-01-14 17:00:00,SHEAR,7.47,73.06,0.0,25.0,25.0,0,33.784889221191406,28.94698498333034,47.71526680016013,21.351211547851562
200602B,2006,2006-04-25 09:00:00,IRRCDO,10.23,89.55,0.0,30.0,30.0,2,43.654693603515625,40.967461986258556,49.540730037703746,43.085487365722656
200602B,2006,2006-04-25 21:00:00,CRVBND,10.6,89.59,0.0,35.0,35.0,2,41.0064697265625,37.33571738911181,49.540730037703746,46.55406188964844
200602B,2006,2006-04-26 09:00:00,CRVBND,10.77,90.98,0.0,45.0,45.0,2,35.88727569580078,30.315311967665703,49.540730037703746,30.748756408691406
200602B,2006,2006-04-26 20:00:00,EMBC,12.48,90.82,0.0,45.0,45.0,2,46.70000076293945,45.143762154511116,49.540730037703746,58.26662063598633
200602B,2006,2006-04-27 04:00:00,EMBC,12.77,90.78,0.0,55.0,55.0,2,48.191226959228516,47.188813076613485,49.540730037703746,73.96630096435547
200602B,2006,2006-04-27 15:00:00,EMBC,13.22,89.84,0.0,65.0,65.0,2,55.99162673950195,57.886194066239746,49.540730037703746,61.83294677734375
200602B,2006,2006-04-27 21:00:00,EMBC,14.24,90.45,0.0,65.0,65.0,2,68.83247375488281,75.49598800275245,49.540730037703746,70.14542388916016
200603B,2006,2006-07-03 00:00:00,CRVBND,19.85,85.65,0.0,30.0,30.0,4,41.80231475830078,39.47801424908825,49.12199992680404,46.2013053894043
200603B,2006,2006-07-03 04:30:00,CRVBND,19.74,85.16,0.0,30.0,30.0,4,36.59550094604492,26.906894026882203,49.12199992680404,28.000247955322266
200604A,2006,2006-09-21 15:00:00,CRVBND,19.84,66.19,0.0,30.0,30.0,3,37.559364318847656,31.020784932391738,50.69363147943891,46.702571868896484
200604A,2006,2006-09-22 09:00:00,EMBC,20.13,66.43,0.0,45.0,45.0,3,67.48133087158203,76.32829240550734,50.69363147943891,66.48768615722656
200604A,2006,2006-09-22 15:00:00,EYE,20.48,66.68,0.0,45.0,45.0,3,84.12481689453125,101.52967300442245,50.69363147943891,56.09861755371094
200604A,2006,2006-09-23 09:00:00,CRVBND,20.75,67.18,0.0,45.0,45.0,3,49.99119567871094,49.84492509205803,50.69363147943891,50.75471496582031
200604A,2006,2006-09-23 15:00:00,CRVBND,20.8,67.33,0.0,55.0,55.0,3,42.65077209472656,38.73013770664087,50.69363147943891,46.80451202392578
200604A,2006,2006-09-23 21:00:00,CRVBND,20.43,66.98,0.0,45.0,45.0,3,52.30403518676758,53.34700083666905,50.69363147943891,39.55134582519531
200604A,2006,2006-09-24 03:00:00,CRVBND,20.68,67.56,0.0,35.0,35.0,3,41.033878326416016,36.281855226214475,50.69363147943891,39.45214080810547
200605B,2006,2006-09-29 03:00:00,CRVBND,19.12,85.1,0.0,25.0,25.0,2,35.398231506347656,29.64464223756122,49.540730037703746,40.54299545288086
200701B,2007,2007-05-14 07:00:00,EMBC,17.19,91.54,0.0,45.0,45.0,2,46.61417770385742,45.026065371454244,49.540730037703746,61.07698059082031
200702A,2007,2007-06-02 06:00:00,EMBC,15.27,67.34,0.0,33.0,33.0,4,45.67136764526367,48.81929871629897,49.12199992680404,65.6370620727539
200702A,2007,2007-06-02 16:30:00,CRVBND,15.36,66.77,0.0,45.0,45.0,4,41.57869338989258,38.93811188117627,49.12199992680404,48.67536926269531
200702A,2007,2007-06-03 00:30:00,EMBC,15.42,66.39,0.0,55.0,55.0,4,48.68132781982422,56.08642456001323,49.12199992680404,64.23412322998047
200702A,2007,2007-06-03 19:00:00,EYE,18.15,65.87,0.0,65.0,65.0,4,62.11951446533203,88.53103771124323,49.12199992680404,67.05204772949219
200702A,2007,2007-06-04 00:00:00,EYE,18.56,65.43,0.0,77.0,77.0,4,73.20603942871094,115.2978942162855,49.12199992680404,67.7739028930664
200702A,2007,2007-06-04 06:00:00,EYE,19.27,64.81,0.0,102.0,102.0,4,88.59353637695312,152.44884315167172,49.12199992680404,71.50491333007812
200702A,2007,2007-06-04 12:00:00,EYE,20.01,64.15,0.0,115.0,115.0,4,87.883056640625,150.73348967392707,49.12199992680404,73.28787231445312
200702A,2007,2007-06-04 18:00:00,EYE,20.44,63.27,0.0,127.0,127.0,4,84.22154235839844,141.89327800189642,49.12199992680404,71.23357391357422
200702A,2007,2007-06-05 00:00:00,EMBC,20.89,62.54,0.0,115.0,115.0,4,72.5669937133789,113.75500814342166,49.12199992680404,75.45714569091797
200702A,2007,2007-06-05 06:00:00,EMBC,21.38,61.73,0.0,102.0,102.0,4,73.13417053222656,115.12437686565242,49.12199992680404,82.8181381225586
200702A,2007,2007-06-06 07:00:00,EMBC,23.07,59.4,0.0,77.0,77.0,4,58.73023986816406,80.34811050021473,49.12199992680404,60.66231155395508
200702A,2007,2007-06-06 18:00:00,CRVBND,24.25,58.99,0.0,65.0,65.0,4,58.465240478515625,79.70830671498231,49.12199992680404,50.63882827758789
200702A,2007,2007-06-07 00:00:00,CRVBND,25.25,58.4,0.0,45.0,45.0,4,58.41255569458008,79.58110670810368,49.12199992680404,42.17470932006836
200702A,2007,2007-06-07 06:00:00,SHEAR,25.6,58.0,0.0,41.85,41.85,4,39.145545959472656,33.06361934715026,49.12199992680404,41.232147216796875
200702A,2007,2007-06-07 12:00:00,SHEAR,25.96,57.63,0.0,32.550000000000004,32.550000000000004,4,31.437484741210938,14.453588770137856,49.12199992680404,39.76844787597656
200703B,2007,2007-06-21 15:00:00,SHEAR,16.35,83.25,0.0,27.9,27.9,2,32.971885681152344,26.31717871827561,49.540730037703746,23.797523498535156
200703B,2007,2007-06-21 20:30:00,CRVBND,16.81,82.24,0.0,27.9,27.9,2,34.958946228027344,29.04221132149327,49.540730037703746,27.33121109008789
200703B,2007,2007-06-22 03:00:00,CRVBND,15.62,80.9,0.0,27.9,27.9,2,36.42170715332031,31.048225289414358,49.540730037703746,48.73548889160156
200703B,2007,2007-06-22 09:00:00,CRVBND,15.44,80.03,0.0,26.040000000000003,26.040000000000003,2,38.08031463623047,33.322821035366374,49.540730037703746,30.98670196533203
200703B,2007,2007-06-25 09:00:00,CRVBND,23.07,66.83,0.0,25.0,25.0,2,42.60236358642578,39.52430837404262,49.540730037703746,48.08757781982422
200703B,2007,2007-06-25 15:00:00,CRVBND,23.77,65.93,0.0,30.0,30.0,2,35.99702453613281,30.4658202994528,49.540730037703746,39.06991195678711
200704B,2007,2007-06-28 17:00:00,IRRCDO,18.77,86.06,0.0,40.58181818181032,40.58181818181032,4,43.5505485534668,43.69887906354065,49.12199992680404,39.58219909667969
200705A,2007,2007-10-28 03:00:00,CRVBND,10.65,66.05,0.0,37.2,37.2,0,33.93743896484375,29.180441917636024,47.71526680016013,31.378639221191406
200705A,2007,2007-10-28 09:00:00,CRVBND,10.7,65.55,0.0,37.2,37.2,0,33.89378356933594,29.113633186548395,47.71526680016013,31.58461570739746
200705A,2007,2007-10-28 15:00:00,CRVBND,11.45,65.85,0.0,37.2,37.2,0,34.21092224121094,29.598971413366034,47.71526680016013,25.5823917388916
200705A,2007,2007-10-28 21:00:00,CRVBND,11.5,65.65,0.0,37.2,37.2,0,39.80844497680664,38.165229646724036,47.71526680016013,32.620880126953125
200705A,2007,2007-10-29 03:00:00,SHEAR,11.26,66.33,0.0,37.2,37.2,0,32.919654846191406,27.622859751735486,47.71526680016013,17.611448287963867
200705A,2007,2007-10-29 09:00:00,CRVBND,11.21,66.13,0.0,35.34,35.34,0,37.7340087890625,34.99058312678491,47.71526680016013,36.774139404296875
200705A,2007,2007-10-29 15:00:00,CRVBND,10.93,66.85,0.0,32.550000000000004,32.550000000000004,0,38.35149002075195,35.93555538232697,47.71526680016013,31.931961059570312
200705A,2007,2007-10-29 21:00:00,CRVBND,11.0,66.33,0.0,30.69,30.69,0,34.770206451416016,30.454880928478797,47.71526680016013,42.9234619140625
200705A,2007,2007-10-30 03:00:00,SHEAR,11.11,66.14,0.0,26.040000000000003,26.040000000000003,0,34.148231506347656,29.503031646964946,47.71526680016013,30.000940322875977
200706B,2007,2007-11-12 00:00:00,EMBC,10.78,90.87,0.0,30.0,30.0,3,45.39784622192383,42.88972666038959,50.69363147943891,70.97795104980469
200706B,2007,2007-11-12 05:30:00,EMBC,10.93,90.58,0.0,39.09090909093446,39.09090909093446,3,47.95874786376953,46.76741531669334,50.69363147943891,72.20503234863281
200706B,2007,2007-11-12 12:00:00,EYE,11.07,90.37,0.0,55.0,55.0,3,97.99324798583984,122.52909642809554,50.69363147943891,72.28839111328125
200706B,2007,2007-11-12 18:00:00,EYE,11.55,90.06,0.0,65.0,65.0,3,109.4759521484375,139.91607878908366,50.69363147943891,76.91712951660156
200706B,2007,2007-11-13 00:00:00,EYE,11.96,89.92,0.0,90.0,90.0,3,99.69004821777344,125.0983723830441,50.69363147943891,75.493408203125
200706B,2007,2007-11-13 05:30:00,EYE,12.51,89.78,0.0,90.0,90.0,3,60.980323791503906,66.48454011254515,50.69363147943891,70.36744689941406
200706B,2007,2007-11-13 18:00:00,EYE,13.75,89.55,0.0,90.0,90.0,3,107.00445556640625,136.17376627553907,50.69363147943891,77.4462661743164
200706B,2007,2007-11-13 23:30:00,EYE,14.31,89.53,0.0,90.0,90.0,3,103.41342163085938,130.73626280850397,50.69363147943891,79.71296691894531
200706B,2007,2007-11-14 06:30:00,EYE,14.99,89.41,0.0,90.0,90.0,3,86.98686218261719,105.86335000555856,50.69363147943891,84.99529266357422
200706B,2007,2007-11-14 12:30:00,EYE,15.83,89.34,0.0,90.0,90.0,3,105.19377899169922,133.43206003456214,50.69363147943891,86.47138977050781
200706B,2007,2007-11-14 18:30:00,EYE,16.68,89.22,0.0,105.0,105.0,3,114.33302307128906,147.2706013184339,50.69363147943891,83.91963195800781
200706B,2007,2007-11-14 23:30:00,EYE,17.66,89.3,0.0,105.0,105.0,3,116.48892211914062,150.53503957150357,50.69363147943891,84.76628112792969
200706B,2007,2007-11-15 06:30:00,EYE,19.48,89.25,0.0,115.0,115.0,3,122.726806640625,159.98037462578523,50.69363147943891,81.49369812011719
200706B,2007,2007-11-15 11:30:00,EYE,20.89,89.59,0.0,115.0,115.0,3,112.1678695678711,143.99215007213414,50.69363147943891,78.74044036865234
200801B,2008,2008-04-28 14:30:00,EMBC,12.94,85.3,0.0,55.0,55.0,0,58.24034118652344,66.37277611345283,47.71526680016013,61.94702911376953
200801B,2008,2008-04-28 21:30:00,EMBC,13.33,85.3,0.0,55.0,55.0,0,57.66681671142578,65.49507378174184,47.71526680016013,65.09956359863281
200801B,2008,2008-04-29 09:30:00,EMBC,13.58,85.69,0.0,65.0,65.0,0,47.21580505371094,49.50120133339838,47.71526680016013,50.66606140136719
200801B,2008,2008-04-29 20:30:00,IRRCDO,13.74,86.68,0.0,65.0,65.0,0,40.99044418334961,39.97412099261935,47.71526680016013,45.32569122314453
200801B,2008,2008-04-30 20:30:00,EMBC,15.39,88.45,0.0,65.0,65.0,0,51.905029296875,56.67743047591229,47.71526680016013,60.90043258666992
200801B,2008,2008-05-01 09:30:00,EMBC,15.9,90.29,0.0,65.0,65.0,0,54.20707321166992,60.200400112687696,47.71526680016013,64.00674438476562
200801B,2008,2008-05-01 15:30:00,EMBC,15.86,91.24,0.0,65.0,65.0,0,71.48210906982422,86.63752688135999,47.71526680016013,52.84321594238281
200801B,2008,2008-05-02 02:30:00,EMBC,15.72,93.0,0.0,77.0,77.0,0,58.33588790893555,66.51899756465448,47.71526680016013,71.46229553222656
200801B,2008,2008-05-02 08:30:00,EYE,16.0,94.15,0.0,90.0,90.0,0,74.90608978271484,91.87747039889835,47.71526680016013,75.34706115722656
200803B,2008,2008-10-21 01:00:00,EMBC,10.33,53.6,0.0,28.472727272730825,28.472727272730825,1,46.513553619384766,36.903968351341774,48.893103305784514,58.78203201293945
200803B,2008,2008-10-21 06:00:00,CRVBND,10.82,54.1,0.0,30.0,30.0,1,39.743751525878906,28.545955495982813,48.893103305784514,35.407630920410156
200803B,2008,2008-10-21 12:00:00,CRVBND,11.5,52.98,0.0,30.0,30.0,1,40.93748092651367,30.01973649260844,48.893103305784514,44.550209045410156
200803B,2008,2008-10-21 18:00:00,SHEAR,11.78,53.68,0.0,27.9,27.9,1,39.48476028442383,28.226204328133548,48.893103305784514,32.759803771972656
200803B,2008,2008-10-22 00:00:00,SHEAR,13.52,53.77,0.0,27.9,27.9,1,36.678260803222656,24.761293771155927,48.893103305784514,28.73427963256836
200803B,2008,2008-10-22 06:00:00,SHEAR,13.98,53.4,0.0,25.0,25.0,1,36.034488677978516,23.96649126077326,48.893103305784514,32.13801193237305
200803B,2008,2008-10-22 13:00:00,CRVBND,14.14,51.44,0.0,26.054545454516028,26.054545454516028,1,38.208438873291016,26.650455050019335,48.893103305784514,52.15388107299805
200803B,2008,2008-10-22 18:00:00,CRVBND,14.1,51.62,0.0,27.9,27.9,1,36.57028579711914,24.627987586336086,48.893103305784514,33.24028778076172
200803B,2008,2008-10-23 00:00:00,CRVBND,14.8,51.23,0.0,23.25,23.25,1,37.909339904785156,26.281186792355694,48.893103305784514,40.87937927246094
200803B,2008,2008-10-23 05:30:00,CRVBND,15.27,50.57,0.0,23.25,23.25,1,45.7046012878418,35.90523398761574,48.893103305784514,47.08821487426758
200803B,2008,2008-10-23 17:00:00,CRVBND,13.88,48.16,0.0,23.25,23.25,1,38.30858612060547,26.77409706627354,48.893103305784514,47.37127685546875
200805B,2008,2008-11-14 06:00:00,CRVBND,13.32,84.22,0.0,30.0,30.0,0,34.748043060302734,30.420962829246086,47.71526680016013,46.43973922729492
200805B,2008,2008-11-14 12:00:00,CRVBND,13.8,84.33,0.0,35.0,35.0,0,35.76160430908203,31.972082458855642,47.71526680016013,34.48396301269531
200805B,2008,2008-11-14 18:00:00,EMBC,14.77,83.12,0.0,35.0,35.0,0,44.848392486572266,45.87819373647637,47.71526680016013,51.491493225097656
200805B,2008,2008-11-15 01:30:00,IRRCDO,14.4,82.5,0.0,37.72727272728964,37.72727272728964,0,38.930145263671875,36.821109666442084,47.71526680016013,43.7233772277832
200805B,2008,2008-11-15 06:00:00,CRVBND,14.7,81.88,0.0,30.0,30.0,0,32.610015869140625,27.14899880255838,47.71526680016013,34.70490646362305
200805B,2008,2008-11-15 11:00:00,IRRCDO,14.22,81.73,0.0,30.0,30.0,0,38.41273880004883,36.02928842901894,47.71526680016013,38.9434700012207
200805B,2008,2008-11-15 19:00:00,CRVBND,14.46,80.7,0.0,30.0,30.0,0,36.15732192993164,32.577675234054446,47.71526680016013,39.31932067871094
200805B,2008,2008-11-15 23:00:00,CRVBND,14.68,80.01,0.0,30.0,30.0,0,34.49794006347656,30.03821371737103,47.71526680016013,37.20513153076172
200806B,2008,2008-11-25 19:30:00,CRVBND,9.75,80.35,0.0,30.0,30.0,3,47.94956970214844,46.753517846902895,50.69363147943891,57.33662796020508
200806B,2008,2008-11-25 23:30:00,CRVBND,9.88,80.2,0.0,30.0,30.0,3,36.5821647644043,29.541120284092685,50.69363147943891,56.843441009521484
200806B,2008,2008-11-26 06:30:00,EMBC,10.12,79.57,0.0,40.90909090906554,40.90909090906554,3,33.604896545410156,25.03297400821833,50.69363147943891,61.47606658935547
200806B,2008,2008-11-26 12:00:00,CRVBND,10.4,79.8,0.0,45.0,45.0,3,45.750160217285156,43.423196576198244,50.69363147943891,53.482051849365234
200806B,2008,2008-11-26 19:30:00,CRVBND,11.15,80.1,0.0,45.0,45.0,3,35.41411590576172,27.772473751497834,50.69363147943891,44.539920806884766
200806B,2008,2008-11-27 00:00:00,CRVBND,11.33,79.78,0.0,45.0,45.0,3,33.596290588378906,25.019942964225297,50.69363147943891,56.153011322021484
200807B,2008,2008-12-04 06:00:00,CRVBND,6.72,89.6,0.0,25.0,25.0,0,34.141990661621094,29.493480870657766,47.71526680016013,40.72443389892578
200807B,2008,2008-12-04 12:00:00,CRVBND,6.83,89.02,0.0,25.0,25.0,0,35.49965286254883,31.571200882915733,47.71526680016013,39.49883270263672
200807B,2008,2008-12-04 18:00:00,CRVBND,7.3,88.53,0.0,25.0,25.0,0,32.138633728027344,26.42761162145927,47.71526680016013,27.626991271972656
200807B,2008,2008-12-05 00:00:00,CRVBND,7.78,88.78,0.0,30.0,30.0,0,34.15762710571289,29.51741035237117,47.71526680016013,31.24993324279785
200807B,2008,2008-12-05 06:00:00,IRRCDO,7.88,88.22,0.0,30.0,30.0,0,32.148887634277344,26.443303850501874,47.71526680016013,22.120506286621094
200807B,2008,2008-12-05 12:00:00,SHEAR,8.3,87.8,0.0,30.0,30.0,0,32.76856231689453,27.39163288867023,47.71526680016013,19.550273895263672
200807B,2008,2008-12-05 18:00:00,SHEAR,8.8,87.0,0.0,30.0,30.0,0,32.76216506958008,27.38184275916709,47.71526680016013,23.960939407348633
200807B,2008,2008-12-06 00:00:00,SHEAR,9.0,85.68,0.0,30.0,30.0,0,31.215351104736328,25.01465132686543,47.71526680016013,14.30550765991211
200807B,2008,2008-12-06 06:00:00,SHEAR,8.98,84.78,0.0,30.0,30.0,0,31.483501434326172,25.42501946240141,47.71526680016013,30.203413009643555
200807B,2008,2008-12-06 12:00:00,CRVBND,8.22,83.68,0.0,30.0,30.0,0,31.89594841003418,26.056214272743937,47.71526680016013,32.64616394042969
200807B,2008,2008-12-06 18:00:00,IRRCDO,8.03,83.08,0.0,30.0,30.0,0,32.334354400634766,26.727135875733385,47.71526680016013,19.457530975341797
200807B,2008,2008-12-07 00:00:00,CRVBND,7.67,82.37,0.0,25.0,25.0,0,31.82958984375,25.95466138200339,47.71526680016013,20.659408569335938
200807B,2008,2008-12-07 06:00:00,SHEAR,7.67,82.6,0.0,25.0,25.0,0,31.970287322998047,26.169980014361393,47.71526680016013,18.504528045654297
200807B,2008,2008-12-07 12:00:00,CRVBND,7.57,82.21,0.0,25.0,25.0,0,31.38739776611328,25.277945680306807,47.71526680016013,21.960826873779297
200807B,2008,2008-12-07 16:30:00,SHEAR,7.48,81.7,0.0,23.25,23.25,0,31.989286422729492,26.199055589787985,47.71526680016013,26.09239387512207
200904A,2009,2009-11-10 03:00:00,CRVBND,14.12,70.89,0.0,30.0,30.0,1,39.04508590698242,27.6833813551618,48.893103305784514,52.86479949951172
200904A,2009,2009-11-10 09:00:00,CRVBND,14.5,71.3,0.0,33.0,33.0,1,41.196388244628906,30.339384048514024,48.893103305784514,54.62509536743164
200904A,2009,2009-11-10 21:30:00,EMBC,16.13,71.67,0.0,45.0,45.0,1,71.40316009521484,67.63273235603407,48.893103305784514,60.473045349121094
200904A,2009,2009-11-11 09:00:00,CRVBND,18.3,73.0,0.0,30.0,30.0,1,48.76884078979492,39.68835095255494,48.893103305784514,53.004249572753906
200905B,2009,2009-12-12 00:00:00,CRVBND,10.47,84.37,0.0,45.0,45.0,2,43.873497009277344,41.267526528999056,49.540730037703746,68.09803771972656
200905B,2009,2009-12-12 06:00:00,CRVBND,10.21,84.09,0.0,45.0,45.0,2,36.90623474121094,31.712701002666705,49.540730037703746,52.023841857910156
200905B,2009,2009-12-12 12:00:00,CRVBND,9.98,83.37,0.0,35.0,35.0,2,35.9617805480957,30.417487088560172,49.540730037703746,43.51653289794922
200905B,2009,2009-12-12 18:00:00,CRVBND,9.23,82.11,0.0,30.0,30.0,2,35.69158935546875,30.046949909827173,49.540730037703746,42.54759979248047
200905B,2009,2009-12-13 00:00:00,CRVBND,8.23,81.78,0.0,30.0,30.0,2,36.46733093261719,31.110793229913966,49.540730037703746,37.129058837890625
200905B,2009,2009-12-13 12:00:00,CRVBND,8.44,82.43,0.0,30.0,30.0,2,40.28083038330078,36.34058371204524,49.540730037703746,43.84075164794922
200905B,2009,2009-12-13 18:00:00,CRVBND,8.8,82.17,0.0,30.0,30.0,2,36.44429016113281,31.079195373675034,49.540730037703746,33.448699951171875
200905B,2009,2009-12-14 00:30:00,CRVBND,8.9,81.57,0.0,30.0,30.0,2,32.05940246582031,25.065809445417166,49.540730037703746,42.002464294433594
201001B,2010,2010-05-17 22:00:00,EMBC,11.74,86.47,0.0,33.59999999999591,33.59999999999591,3,34.04619598388672,25.70118468786804,50.69363147943891,67.81362915039062
201001B,2010,2010-05-19 03:30:00,EMBC,13.64,81.67,0.0,46.00000000006139,46.00000000006139,3,38.690147399902344,32.73300404088734,50.69363147943891,72.02943420410156
201002A,2010,2010-05-19 15:00:00,CRVBND,11.4,53.4,0.0,25.0,25.0,2,38.19974136352539,33.48660151306045,49.540730037703746,52.65556716918945
201001B,2010,2010-05-19 20:30:00,EMBC,14.38,81.4,0.0,55.0,55.0,3,36.49684143066406,29.411924645355047,50.69363147943891,53.19613265991211
201002A,2010,2010-05-19 21:00:00,CRVBND,11.6,52.8,0.0,30.0,30.0,2,43.30168914794922,40.48335562522573,49.540730037703746,53.150386810302734
201002A,2010,2010-05-20 03:00:00,IRRCDO,11.8,52.5,0.0,30.0,30.0,2,42.99237823486328,40.05917009951752,49.540730037703746,51.08652877807617
201001B,2010,2010-05-20 08:00:00,EMBC,15.42,80.92,0.0,55.0,55.0,3,34.51411437988281,26.409701495613216,50.69363147943891,48.67780685424805
201001B,2010,2010-05-20 20:30:00,CRVBND,15.68,80.5,0.0,40.909090909141646,40.909090909141646,3,34.87887191772461,26.962013284429524,50.69363147943891,40.53999328613281
201002A,2010,2010-05-20 21:00:00,IRRCDO,12.5,52.2,0.0,30.0,30.0,2,43.5270881652832,40.79246531588628,49.540730037703746,49.56613540649414
201002A,2010,2010-05-21 15:00:00,CRVBND,12.6,51.4,0.0,40.0,40.0,2,50.08022689819336,49.7793664592222,49.540730037703746,60.56475830078125
201002A,2010,2010-05-21 21:30:00,IRRCDO,12.5,50.97,0.0,40.0,40.0,2,33.25498962402344,26.705424298228603,49.540730037703746,40.882904052734375
201002A,2010,2010-05-22 09:00:00,IRRCDO,12.6,51.0,0.0,35.0,35.0,2,37.02381134033203,31.873944235281996,49.540730037703746,48.80531311035156
201002A,2010,2010-05-22 15:00:00,CRVBND,12.6,51.0,0.0,28.0,28.0,2,31.469018936157227,24.25616407790948,49.540730037703746,34.74382019042969
201003A,2010,2010-06-01 16:00:00,EMBC,17.07,62.07,0.0,41.81818181813108,41.81818181813108,4,62.657440185546875,89.82978376656027,49.12199992680404,69.04924774169922
201003A,2010,2010-06-01 21:30:00,EMBC,17.21,61.35,0.0,45.99999999987722,45.99999999987722,4,78.14613342285156,127.22505692050247,49.12199992680404,68.6661376953125
201003A,2010,2010-06-02 03:00:00,EYE,17.75,60.85,0.0,60.0,60.0,4,76.7868423461914,123.94323964072088,49.12199992680404,68.61329650878906
201003A,2010,2010-06-02 09:00:00,EYE,17.95,60.34,0.0,80.0,80.0,4,83.9623031616211,141.26738139285592,49.12199992680404,74.28550720214844
201003A,2010,2010-06-02 14:00:00,EYE,18.38,59.81,0.0,85.0,85.0,4,53.98412322998047,68.88927886179883,49.12199992680404,68.16748046875
201003A,2010,2010-06-02 21:00:00,EMBC,18.85,59.24,0.0,80.0,80.0,4,59.24972152709961,81.60232596156622,49.12199992680404,69.18043518066406
201003A,2010,2010-06-03 02:00:00,EMBC,18.79,59.39,0.0,75.0,75.0,4,57.714012145996094,77.89457147824281,49.12199992680404,73.59158325195312
201003A,2010,2010-06-03 14:00:00,EMBC,20.35,59.35,0.0,70.0,70.0,4,63.963741302490234,92.98366423542656,49.12199992680404,78.41061401367188
201003A,2010,2010-06-03 22:00:00,EMBC,21.14,59.12,0.0,65.0,65.0,4,65.4948501586914,96.68031139789734,49.12199992680404,72.82453918457031
201003A,2010,2010-06-04 15:00:00,CRVBND,23.0,59.7,0.0,55.0,55.0,4,52.46882629394531,65.2308073584774,49.12199992680404,47.04030227661133
201003A,2010,2010-06-04 21:00:00,CRVBND,23.6,60.1,0.0,50.0,50.0,4,38.6955680847168,31.97721100514774,49.12199992680404,44.438934326171875
201003A,2010,2010-06-05 03:00:00,SHEAR,24.0,60.7,0.0,40.0,40.0,4,34.614219665527344,22.123368809835533,49.12199992680404,41.15777587890625
201003A,2010,2010-06-05 09:00:00,SHEAR,23.8,61.4,0.0,40.0,40.0,4,36.576499938964844,26.861018765549755,49.12199992680404,41.939292907714844
201003A,2010,2010-06-05 15:00:00,SHEAR,23.7,62.1,0.0,35.0,35.0,4,33.236419677734375,18.796864365230608,49.12199992680404,33.61516189575195
201003A,2010,2010-06-05 21:00:00,SHEAR,23.5,62.8,0.0,30.0,30.0,4,31.821455001831055,15.380631004036363,49.12199992680404,31.856781005859375
201003A,2010,2010-06-06 03:00:00,CRVBND,23.0,64.8,0.0,25.0,25.0,4,30.861408233642578,13.062733000188045,49.12199992680404,29.959854125976562
201003A,2010,2010-06-06 09:00:00,CRVBND,23.7,66.3,0.0,25.0,25.0,4,36.4042854309082,26.4452310376129,49.12199992680404,44.19224548339844
201004B,2010,2010-10-21 06:00:00,CRVBND,17.77,91.53,0.0,35.0,35.0,4,47.93281173706055,54.27923766914952,49.12199992680404,63.94693374633789
201004B,2010,2010-10-21 19:00:00,EMBC,18.16,92.53,0.0,51.49999999998977,51.49999999998977,4,45.54643630981445,48.517669563791884,49.12199992680404,48.61083221435547
201004B,2010,2010-10-22 06:00:00,EYE,18.95,92.94,0.0,90.0,90.0,4,69.20435333251953,105.63638550469254,49.12199992680404,62.456912994384766
201004B,2010,2010-10-22 12:00:00,EYE,19.77,93.4,0.0,105.0,105.0,4,69.3221664428711,105.92082870304455,49.12199992680404,60.48752212524414
201005B,2010,2010-11-06 08:30:00,CRVBND,10.77,85.37,0.0,55.0,55.0,2,44.83259963989258,42.582829146409814,49.540730037703746,33.35511016845703
201005B,2010,2010-11-06 21:00:00,CRVBND,11.7,83.8,0.0,60.0,60.0,2,43.32988739013672,40.522026379086356,49.540730037703746,42.057918548583984
201005B,2010,2010-11-07 03:00:00,CRVBND,12.4,82.5,0.0,55.0,55.0,2,37.837646484375,32.99002864682607,49.540730037703746,37.19382858276367
201005B,2010,2010-11-07 09:00:00,CRVBND,13.1,81.2,0.0,40.0,40.0,2,40.399227142333984,36.50295170278824,49.540730037703746,31.59600067138672
201005B,2010,2010-11-07 15:00:00,SHEAR,13.1,80.6,0.0,30.0,30.0,2,32.4486198425293,25.59957780136327,49.540730037703746,25.19595718383789
201101A,2011,2011-06-11 15:00:00,CRVBND,20.0,71.7,35.0,25.0,25.0,3,34.121063232421875,25.814547839201026,50.69363147943891,45.44194030761719
201101A,2011,2011-06-11 21:00:00,CRVBND,20.3,71.1,37.0,25.0,25.0,3,33.766815185546875,25.27814940419713,50.69363147943891,31.250614166259766
201101A,2011,2011-06-12 03:00:00,CRVBND,20.5,70.8,41.0,20.0,20.0,3,43.808692932128906,40.483448502621584,50.69363147943891,45.23822021484375
201101A,2011,2011-06-12 09:00:00,CRVBND,20.8,70.3,43.0,21.39,21.39,3,39.35347366333008,33.737405258447666,50.69363147943891,50.86871337890625
201102B,2011,2011-10-19 12:00:00,CRVBND,21.02,92.07,37.0,5.0,5.0,2,46.28487014770508,44.574456673162516,49.540730037703746,49.733741760253906
201103A,2011,2011-11-02 07:30:00,CRVBND,16.15,54.27,43.0,35.0,35.0,0,44.76615905761719,45.75234649634565,47.71526680016013,65.61384582519531
201103A,2011,2011-11-02 12:00:00,CRVBND,16.73,54.38,43.0,35.0,35.0,0,45.75871658325195,47.27132274310231,47.71526680016013,51.37339782714844
201104A,2011,2011-11-08 00:00:00,CRVBND,13.67,59.09,31.0,25.0,25.0,1,45.48785400390625,35.63763730451104,48.893103305784514,52.76423263549805
201104A,2011,2011-11-08 12:00:00,CRVBND,13.93,58.57,43.0,30.0,30.0,1,41.002830505371094,30.100417229303325,48.893103305784514,58.3285026550293
201104A,2011,2011-11-09 07:30:00,IRRCDO,16.18,58.85,45.0,29.09090909091585,29.09090909091585,1,41.005245208740234,30.103398427501205,48.893103305784514,55.94655990600586
201104A,2011,2011-11-09 12:00:00,SHEAR,15.96,58.34,45.0,25.0,25.0,1,49.601287841796875,40.716091950879296,48.893103305784514,41.2765998840332
201104A,2011,2011-11-09 18:00:00,SHEAR,15.9,58.3,37.0,25.0,25.0,1,42.2064323425293,31.586386758213486,48.893103305784514,32.10433578491211
201104A,2011,2011-11-09 23:00:00,SHEAR,16.07,58.13,33.0,25.0,25.0,1,42.48023223876953,31.924420724489558,48.893103305784514,31.534875869750977
201105A,2011,2011-11-27 15:30:00,CRVBND,12.67,70.94,30.0,25.0,25.0,2,38.808319091796875,34.32119820098727,49.540730037703746,29.771896362304688
201105B,2011,2011-11-27 15:30:00,CRVBND,12.67,70.94,35.0,25.0,25.0,0,34.39083480834961,29.87430348119947,47.71526680016013,26.55825424194336
201105A,2011,2011-11-28 03:00:00,IRRCDO,14.6,68.5,43.0,30.0,30.0,2,40.32024383544922,36.39463487937316,49.540730037703746,51.79743194580078
201105A,2011,2011-11-28 14:30:00,IRRCDO,15.17,67.87,55.0,30.0,30.0,2,38.89210510253906,34.436101398740895,49.540730037703746,32.12907791137695
201105A,2011,2011-11-28 21:00:00,CRVBND,15.8,67.2,45.0,30.0,30.0,2,45.836971282958984,43.960213181037034,49.540730037703746,36.022178649902344
201105A,2011,2011-11-29 03:00:00,CRVBND,16.0,66.6,37.0,30.0,30.0,2,33.41999435424805,26.931709939224465,49.540730037703746,33.0461540222168
201105A,2011,2011-11-29 09:00:00,SHEAR,15.8,66.1,33.0,28.0,28.0,2,33.46760559082031,26.99700345639634,49.540730037703746,23.320730209350586
201105A,2011,2011-11-29 15:00:00,SHEAR,16.4,65.9,25.0,25.0,25.0,2,31.476804733276367,24.266841432973003,49.540730037703746,23.463848114013672
201105A,2011,2011-11-29 21:00:00,SHEAR,17.3,64.9,31.0,25.0,25.0,2,32.696197509765625,25.939103044370377,49.540730037703746,31.50345802307129
201105A,2011,2011-11-30 02:30:00,CRVBND,17.45,63.87,37.0,25.0,25.0,2,36.72922897338867,31.46995727297421,49.540730037703746,40.64665222167969
201105A,2011,2011-11-30 09:00:00,SHEAR,18.12,63.03,39.0,25.0,25.0,2,36.037200927734375,30.52091775341115,49.540730037703746,29.798044204711914
201105A,2011,2011-11-30 15:00:00,SHEAR,18.65,62.42,33.0,25.0,25.0,2,31.11271095275879,23.7675272957669,49.540730037703746,31.63862419128418
201105A,2011,2011-11-30 21:00:00,SHEAR,19.0,62.03,30.0,25.0,25.0,2,37.28419494628906,32.23103139938084,49.540730037703746,34.55778503417969
201106B,2011,2011-12-26 00:00:00,CRVBND,10.17,87.33,31.0,30.0,30.0,0,36.07213592529297,32.44730947261458,47.71526680016013,46.26746368408203
201106B,2011,2011-12-26 07:30:00,CRVBND,10.4,88.4,39.0,30.0,30.0,0,33.539695739746094,28.571749226655367,47.71526680016013,37.74185562133789
201106B,2011,2011-12-26 12:00:00,EYE,11.06,87.83,51.0,30.0,30.0,0,46.30052947998047,48.10049475486124,47.71526680016013,55.805747985839844
201106B,2011,2011-12-26 18:00:00,EYE,12.32,87.68,65.0,35.0,35.0,0,51.530364990234375,56.10405697604315,47.71526680016013,57.166908264160156
201106B,2011,2011-12-26 22:30:00,EMBC,11.91,87.26,55.0,37.272727272761095,37.272727272761095,0,43.512699127197266,43.83409409142687,47.71526680016013,53.14170837402344
201106B,2011,2011-12-27 06:00:00,EMBC,12.51,87.09,53.0,40.0,40.0,0,55.223087310791016,61.75527350095588,47.71526680016013,53.00273513793945
201106B,2011,2011-12-27 13:00:00,EMBC,13.43,86.05,55.0,41.36363636371247,41.36363636371247,0,46.79233932495117,48.85314379850615,47.71526680016013,58.42293930053711
201106B,2011,2011-12-27 18:00:00,EMBC,12.4,86.03,55.0,45.0,45.0,0,43.5588264465332,43.90468577058727,47.71526680016013,64.08877563476562
201106B,2011,2011-12-28 04:30:00,EMBC,12.25,84.74,61.0,45.0,45.0,0,40.56407928466797,39.32162666677758,47.71526680016013,70.91508483886719
201106B,2011,2011-12-29 00:00:00,EMBC,11.97,82.62,72.2,70.0,70.0,0,52.17394256591797,57.08896618801394,47.71526680016013,66.63202667236328
201106B,2011,2011-12-29 05:00:00,EYE,11.89,82.05,74.6,75.0,75.0,0,77.3492202758789,95.61635413208026,47.71526680016013,77.23680114746094
201106B,2011,2011-12-29 12:00:00,EMBC,12.15,81.68,69.8,75.0,75.0,0,77.36152648925781,95.6351871420845,47.71526680016013,70.49430847167969
201106B,2011,2011-12-29 18:30:00,EMBC,12.62,80.28,74.6,75.0,75.0,0,59.740577697753906,68.66868699642033,47.71526680016013,56.46678924560547
201201A,2012,2012-10-24 18:00:00,CRVBND,10.33,55.11,37.0,35.0,35.0,3,35.43494415283203,27.80401165052352,50.69363147943891,51.361576080322266
201201A,2012,2012-10-25 00:00:00,CRVBND,10.28,54.27,41.0,35.0,35.0,3,28.279308319091797,16.96902781212161,50.69363147943891,45.46162796020508
201201A,2012,2012-10-25 06:00:00,CRVBND,10.28,52.93,39.0,35.0,35.0,3,32.53882598876953,23.4187418812377,50.69363147943891,54.057151794433594
201201A,2012,2012-10-25 12:00:00,CRVBND,9.52,51.3,49.0,30.0,30.0,3,40.410335540771484,35.337693706261994,50.69363147943891,66.21833801269531
201202B,2012,2012-10-30 01:30:00,CRVBND,8.95,83.34,55.0,32.27272727271036,32.27272727271036,3,33.451377868652344,24.800517742945487,50.69363147943891,37.524688720703125
201202B,2012,2012-10-30 06:00:00,EMBC,9.26,83.08,57.0,35.0,35.0,3,33.10321807861328,24.273338078426022,50.69363147943891,53.45244216918945
201202B,2012,2012-10-30 11:30:00,CRVBND,9.52,83.2,57.0,39.09090909093446,39.09090909093446,3,36.387428283691406,29.24625248054649,50.69363147943891,48.192710876464844
201202B,2012,2012-10-31 12:00:00,EMBC,12.62,80.27,61.0,35.0,35.0,3,38.42803192138672,32.33611171161024,50.69363147943891,55.07823944091797
201203B,2012,2012-11-17 21:30:00,IRRCDO,16.21,88.27,35.0,30.0,30.0,4,46.61244583129883,51.09139974424373,49.12199992680404,49.95340347290039
201203B,2012,2012-11-18 09:00:00,CRVBND,16.0,87.8,51.0,30.0,30.0,4,38.47750473022461,31.450727680753403,49.12199992680404,50.05265426635742
201203B,2012,2012-11-18 15:00:00,SHEAR,15.8,87.5,41.0,30.0,30.0,4,33.5675048828125,19.596223064601425,49.12199992680404,30.339214324951172
201203B,2012,2012-11-18 21:00:00,SHEAR,15.4,86.6,30.0,28.0,28.0,4,31.508678436279297,14.625475941839827,49.12199992680404,25.382139205932617
201203B,2012,2012-11-19 03:00:00,SHEAR,15.2,86.5,25.0,25.0,25.0,4,30.757963180541992,12.812979456886955,49.12199992680404,26.808650970458984
201203B,2012,2012-11-19 09:00:00,SHEAR,15.2,86.1,25.0,23.0,23.0,4,30.375240325927734,11.888948909488288,49.12199992680404,28.86566925048828
201204A,2012,2012-12-23 06:00:00,CRVBND,8.67,58.06,43.0,30.0,30.0,2,36.92572021484375,31.739423163207842,49.540730037703746,53.07740020751953
201204A,2012,2012-12-23 12:00:00,CRVBND,8.15,57.17,49.0,30.0,30.0,2,35.544715881347656,29.84552927060344,49.540730037703746,30.373037338256836
201204A,2012,2012-12-23 18:00:00,CRVBND,8.18,56.22,43.0,32.550000000000004,32.550000000000004,2,34.79994583129883,28.824159956278876,49.540730037703746,28.755361557006836
201204A,2012,2012-12-24 00:00:00,CRVBND,8.42,54.89,41.0,32.550000000000004,32.550000000000004,2,32.7859992980957,26.06225621220493,49.540730037703746,34.382293701171875
201204A,2012,2012-12-24 06:00:00,CRVBND,8.23,53.17,41.0,28.0,28.0,2,42.049346923828125,38.765907509976735,49.540730037703746,33.097190856933594
201204A,2012,2012-12-24 12:00:00,SHEAR,7.52,51.77,33.0,25.0,25.0,2,30.615638732910156,23.08584801459374,49.540730037703746,30.063526153564453
201204A,2012,2012-12-24 18:00:00,CRVBND,6.6,51.0,29.0,23.25,23.25,2,30.17236328125,22.477945019448647,49.540730037703746,20.96411895751953
201204A,2012,2012-12-24 23:00:00,SHEAR,6.1,50.17,32.0,19.36090909091381,19.36090909091381,2,29.846065521240234,22.030463921913956,49.540730037703746,24.762794494628906
201301B,2013,2013-05-10 08:30:00,EMBC,5.04,93.35,30.0,26.37272727268897,26.37272727268897,2,36.29570770263672,30.87543105239914,49.540730037703746,55.09209442138672
201301B,2013,2013-05-10 20:00:00,IRRCDO,6.35,92.03,43.0,30.0,30.0,2,43.21358871459961,40.362535676577025,49.540730037703746,40.657997131347656
201301B,2013,2013-05-11 02:00:00,EMBC,6.95,91.05,55.0,33.181818181809724,33.181818181809724,2,34.36848449707031,28.232458709605964,49.540730037703746,52.963321685791016
201301B,2013,2013-05-11 08:30:00,EMBC,7.95,89.87,59.0,35.0,35.0,2,48.14656448364258,47.12756345726822,49.540730037703746,64.75051879882812
201301B,2013,2013-05-12 15:00:00,IRRCDO,10.5,86.9,59.0,40.0,40.0,2,37.027259826660156,31.878673450851533,49.540730037703746,39.14678192138672
201301B,2013,2013-05-13 03:30:00,IRRCDO,11.85,86.7,61.0,40.0,40.0,2,41.09367370605469,37.455307950969754,49.540730037703746,42.616397857666016
201301B,2013,2013-05-13 16:00:00,CRVBND,12.92,85.7,49.0,40.0,40.0,2,52.30179214477539,52.82599618403459,49.540730037703746,54.1236457824707
201301B,2013,2013-05-14 03:00:00,CRVBND,14.0,85.4,51.0,40.0,40.0,2,35.236671447753906,29.423080580701747,49.540730037703746,47.928314208984375
201301B,2013,2013-05-14 09:00:00,CRVBND,14.5,85.9,49.0,40.0,40.0,2,35.72090148925781,30.087148242168226,49.540730037703746,29.232650756835938
201301B,2013,2013-05-14 15:00:00,IRRCDO,15.1,86.4,47.0,40.0,40.0,2,37.96092987060547,33.15909810343697,49.540730037703746,43.08414077758789
201301B,2013,2013-05-14 21:30:00,IRRCDO,15.87,86.93,47.0,40.0,40.0,2,52.61194610595703,53.25133785646941,49.540730037703746,37.21920394897461
201301B,2013,2013-05-15 08:00:00,EMBC,17.76,88.07,57.0,45.0,45.0,2,37.41584777832031,32.41157862032753,49.540730037703746,65.03070831298828
201302B,2013,2013-10-09 08:30:00,CRVBND,13.57,92.54,43.0,30.0,30.0,2,41.339691162109375,37.792693537817634,49.540730037703746,45.76631546020508
201302B,2013,2013-10-09 15:00:00,IRRCDO,13.9,91.9,51.0,35.0,35.0,2,44.7796630859375,42.51023254855755,49.540730037703746,52.41442108154297
201302B,2013,2013-10-09 21:30:00,EMBC,14.33,91.25,72.2,45.0,45.0,2,48.30964279174805,47.35120722452225,49.540730037703746,68.21495056152344
201302B,2013,2013-10-10 02:30:00,EMBC,14.57,91.05,90.0,53.18181818186892,53.18181818186892,2,60.56545639038086,64.15869287852315,49.540730037703746,60.93012619018555
201302B,2013,2013-10-10 09:00:00,EYE,15.1,90.7,107.2,70.0,70.0,2,80.94099426269531,92.10147755988291,49.540730037703746,58.37685012817383
201302B,2013,2013-10-10 15:00:00,EYE,15.55,89.84,122.2,90.0,90.0,2,81.46137237548828,92.81511828189907,49.540730037703746,72.30142974853516
201302B,2013,2013-10-10 21:00:00,EYE,15.65,89.05,137.4,100.0,100.0,2,103.45883178710938,122.98218801658669,49.540730037703746,74.390869140625
201302B,2013,2013-10-11 03:00:00,EYE,15.85,88.56,137.4,115.0,115.0,2,77.03067779541016,86.73891330435029,49.540730037703746,66.3438720703125
201302B,2013,2013-10-11 09:00:00,EYE,16.45,88.05,119.8,115.0,115.0,2,103.96157836914062,123.67164905457366,49.540730037703746,56.106048583984375
201302B,2013,2013-10-11 15:00:00,EYE,16.75,87.14,129.6,115.0,115.0,2,106.72608947753906,127.46286865993028,49.540730037703746,60.79508590698242
201302B,2013,2013-10-11 21:00:00,EYE,17.25,86.75,134.8,115.0,115.0,2,112.72062683105469,135.6837101210656,49.540730037703746,67.03363037109375
201302B,2013,2013-10-12 03:00:00,EYE,17.75,86.15,134.8,115.0,115.0,2,110.733154296875,132.95811252306748,49.540730037703746,68.37113952636719
201302B,2013,2013-10-12 09:00:00,EYE,18.45,85.55,119.8,115.0,115.0,2,91.02082824707031,105.92484911523952,49.540730037703746,59.53024673461914
201303A,2013,2013-11-09 21:00:00,IRRCDO,8.0,52.2,51.0,30.0,30.0,0,34.05701446533203,29.36343619277346,47.71526680016013,24.210155487060547
201303A,2013,2013-11-10 09:00:00,IRRCDO,8.0,51.6,55.0,30.0,30.0,0,37.29853820800781,34.32415377463188,47.71526680016013,42.19474411010742
201303A,2013,2013-11-10 14:30:00,IRRCDO,8.28,51.25,49.0,30.0,30.0,0,35.02522277832031,30.845149233436768,47.71526680016013,33.671226501464844
201304B,2013,2013-11-19 13:00:00,EMBC,15.0,84.7,35.0,26.81818181819028,26.81818181819028,2,39.17250061035156,34.82063266115587,49.540730037703746,45.194435119628906
201304B,2013,2013-11-19 19:30:00,EMBC,15.05,84.04,53.0,30.0,30.0,2,49.129337310791016,48.475327117388005,49.540730037703746,57.397315979003906
201304B,2013,2013-11-20 00:30:00,EMBC,15.75,84.07,53.0,30.90909090904863,30.90909090904863,2,47.81935119628906,46.678826815777015,49.540730037703746,60.57992172241211
201304B,2013,2013-11-20 06:30:00,IRRCDO,15.07,83.33,53.0,40.0,40.0,2,52.170623779296875,52.646113355098215,49.540730037703746,51.188053131103516
201304B,2013,2013-11-20 19:30:00,EMBC,15.7,84.11,65.0,45.0,45.0,2,57.59100341796875,60.07956134963846,49.540730037703746,63.36467361450195
201304B,2013,2013-11-21 00:00:00,EMBC,15.43,83.83,69.8,50.0,50.0,2,51.86573791503906,52.227996291846495,49.540730037703746,57.378662109375
201304B,2013,2013-11-21 18:00:00,CRVBND,16.13,82.46,74.6,55.0,55.0,2,38.44664001464844,33.82519556096648,49.540730037703746,42.595638275146484
201304B,2013,2013-11-22 00:00:00,IRRCDO,16.07,82.56,59.0,55.0,55.0,2,38.85604476928711,34.38664866115371,49.540730037703746,58.807979583740234
201304B,2013,2013-11-22 06:00:00,CRVBND,16.22,81.38,53.0,55.0,55.0,2,41.784820556640625,38.403139009474664,49.540730037703746,46.91069030761719
201305B,2013,2013-11-23 19:00:00,EMBC,9.45,95.67,49.0,31.09090909087865,31.09090909087865,2,37.144989013671875,32.04012594079291,49.540730037703746,62.780174255371094
201305B,2013,2013-11-25 07:00:00,EMBC,12.33,91.2,59.0,56.36363636364482,56.36363636364482,2,46.97273254394531,45.51778346772344,49.540730037703746,76.62925720214844
201305B,2013,2013-11-26 01:30:00,EMBC,12.41,90.59,63.0,70.0,70.0,2,41.01152801513672,37.342654269471545,49.540730037703746,80.17945098876953
201305B,2013,2013-11-26 06:00:00,EMBC,12.67,90.05,65.0,70.0,70.0,2,38.348140716552734,33.690114725545044,49.540730037703746,78.27642822265625
201305B,2013,2013-11-27 06:30:00,EMBC,13.87,86.1,79.6,69.4999999999693,69.4999999999693,2,40.183013916015625,36.206439303158035,49.540730037703746,77.730224609375
201305B,2013,2013-11-27 12:30:00,CRVBND,14.2,85.91,79.6,55.0,55.0,2,50.10888671875,49.81867021649424,49.540730037703746,48.414703369140625
201305B,2013,2013-11-27 18:00:00,CRVBND,15.9,83.7,79.6,45.0,45.0,2,42.091636657714844,38.82390317790137,49.540730037703746,36.66737365722656
201305B,2013,2013-11-28 00:00:00,CRVBND,14.67,82.61,63.0,30.0,30.0,2,33.391971588134766,26.893279831288837,49.540730037703746,31.47419548034668
201305B,2013,2013-11-28 06:00:00,SHEAR,15.08,81.92,51.0,30.0,30.0,2,34.18981170654297,27.987428843625985,49.540730037703746,34.8616943359375
201305B,2013,2013-11-28 12:00:00,CRVBND,15.4,80.94,39.0,20.0,20.0,2,33.57054138183594,27.138168448573712,49.540730037703746,29.445823669433594
201306B,2013,2013-12-06 03:00:00,CRVBND,9.8,83.7,37.0,25.0,25.0,3,31.236330032348633,21.44651705519765,50.69363147943891,54.4999885559082
201306B,2013,2013-12-06 09:00:00,CRVBND,10.2,83.6,47.0,25.0,25.0,3,35.380523681640625,27.72160878101795,50.69363147943891,53.85039520263672
201306B,2013,2013-12-07 08:30:00,EMBC,10.48,84.3,55.0,54.00000000012278,54.00000000012278,3,49.68952941894531,49.388145411664034,50.69363147943891,53.2995491027832
201306B,2013,2013-12-07 14:00:00,EMBC,11.19,84.65,57.0,55.0,55.0,3,60.81987380981445,66.2415885427797,50.69363147943891,57.505531311035156
201306B,2013,2013-12-08 02:30:00,EMBC,12.02,84.76,59.0,60.0,60.0,3,55.14479064941406,57.64844102196957,50.69363147943891,59.698638916015625
201306B,2013,2013-12-08 09:00:00,EMBC,13.65,84.14,59.0,65.0,65.0,3,47.779266357421875,46.49564642490606,50.69363147943891,56.71697235107422
201306B,2013,2013-12-08 15:00:00,EMBC,13.65,85.57,63.0,65.0,65.0,3,41.700443267822266,37.29116041378814,50.69363147943891,49.89699172973633
201306B,2013,2013-12-08 20:00:00,EMBC,13.71,84.96,67.4,65.0,65.0,3,54.84705352783203,57.197610798717776,50.69363147943891,56.20233154296875
201306B,2013,2013-12-09 14:00:00,EMBC,14.66,84.79,84.8,60.0,60.0,3,49.728946685791016,49.44783059676154,50.69363147943891,64.7662582397461
201306B,2013,2013-12-10 03:00:00,EYE,15.25,85.46,90.0,65.0,65.0,3,79.22321319580078,94.10771944334586,50.69363147943891,69.91949462890625
201306B,2013,2013-12-10 09:00:00,EMBC,15.5,85.2,104.6,65.0,65.0,3,52.258602142333984,53.27820662835478,50.69363147943891,65.25704193115234
201306B,2013,2013-12-10 15:00:00,CRVBND,15.0,84.8,92.4,55.0,55.0,3,34.60953903198242,26.554192437761113,50.69363147943891,34.21124267578125
201306B,2013,2013-12-10 21:00:00,SHEAR,14.55,84.45,69.8,45.0,45.0,3,28.60406494140625,17.46077066152705,50.69363147943891,26.044517517089844
201306B,2013,2013-12-11 03:00:00,SHEAR,14.2,83.9,51.0,30.0,30.0,3,28.668672561645508,17.558598798312495,50.69363147943891,26.13739585876465
201306B,2013,2013-12-11 09:00:00,CRVBND,13.6,83.3,41.0,30.0,30.0,3,26.54563331604004,14.343916490702025,50.69363147943891,36.59651565551758
201306B,2013,2013-12-11 15:30:00,CRVBND,13.05,82.64,43.0,27.699999999981586,27.699999999981586,3,31.792932510375977,22.28931830919725,50.69363147943891,41.47474670410156
201306B,2013,2013-12-11 21:00:00,SHEAR,12.6,82.3,41.0,25.0,25.0,3,29.815641403198242,19.295326204530802,50.69363147943891,30.666011810302734
201306B,2013,2013-12-12 03:00:00,SHEAR,11.9,81.5,28.0,25.0,25.0,3,28.906776428222656,17.919133013044316,50.69363147943891,28.92992401123047
201306B,2013,2013-12-12 08:00:00,IRRCDO,11.35,80.77,32.0,25.0,25.0,3,30.869525909423828,20.891106350112608,50.69363147943891,50.98596954345703
201306B,2013,2013-12-12 15:00:00,SHEAR,10.58,79.75,34.0,23.0,23.0,3,27.63616371154785,15.995185432435893,50.69363147943891,35.630184173583984
201401B,2014,2014-01-04 07:30:00,CRVBND,8.99,83.19,35.0,25.0,25.0,1,39.45840072631836,28.193660758548486,48.893103305784514,37.74150466918945
201401B,2014,2014-01-04 12:00:00,CRVBND,9.05,82.95,35.0,25.0,25.0,1,39.686405181884766,28.475155571008546,48.893103305784514,31.073760986328125
201401B,2014,2014-01-04 18:00:00,CRVBND,9.15,82.76,32.0,25.0,25.0,1,37.95382308959961,26.336105832143158,48.893103305784514,26.27224349975586
201401B,2014,2014-01-05 00:00:00,CRVBND,9.43,82.04,35.0,25.0,25.0,1,37.07145690917969,25.246734565860763,48.893103305784514,35.34070587158203
201401B,2014,2014-01-05 06:00:00,CRVBND,9.3,81.49,34.0,25.0,25.0,1,36.89593505859375,25.03003489527498,48.893103305784514,29.62961196899414
201401B,2014,2014-01-05 12:00:00,CRVBND,9.26,81.4,33.0,25.0,25.0,1,38.81880187988281,27.404010587547305,48.893103305784514,31.156986236572266
201401B,2014,2014-01-05 18:00:00,CRVBND,9.16,81.26,33.0,25.0,25.0,1,36.25806427001953,24.242518188386974,48.893103305784514,32.57635498046875
201401B,2014,2014-01-06 00:00:00,CRVBND,9.28,80.82,33.0,25.0,25.0,1,35.30043411254883,23.060225847153315,48.893103305784514,43.22488784790039
201402A,2014,2014-06-10 03:00:00,IRRCDO,15.3,68.7,39.0,35.34,35.34,1,38.64277648925781,27.186689245299405,48.893103305784514,32.41676712036133
201402A,2014,2014-06-10 20:00:00,EMBC,16.56,67.67,57.0,31.90909090906554,31.90909090906554,1,58.393646240234375,51.57115735870831,48.893103305784514,56.225830078125
201402A,2014,2014-06-11 03:00:00,EMBC,17.25,66.85,59.0,35.0,35.0,1,62.41710662841797,56.53853058217741,48.893103305784514,59.15581512451172
201402A,2014,2014-06-11 09:30:00,EMBC,16.57,66.2,57.0,45.0,45.0,1,52.88581848144531,44.771180848727035,48.893103305784514,67.60462951660156
201402A,2014,2014-06-12 03:30:00,EMBC,18.47,63.65,67.4,45.0,45.0,1,78.18744659423828,76.00862769094648,48.893103305784514,71.27166748046875
201402A,2014,2014-06-12 15:00:00,EMBC,18.3,63.4,74.6,45.0,45.0,1,58.274024963378906,51.423472661885114,48.893103305784514,48.653892517089844
201402A,2014,2014-06-13 09:00:00,SHEAR,21.4,64.3,63.0,30.0,30.0,1,41.89863204956055,31.206375825843114,48.893103305784514,36.92452621459961
201402A,2014,2014-06-13 15:00:00,SHEAR,21.66,64.41,47.0,25.0,25.0,1,38.30626678466797,26.77123360892076,48.893103305784514,30.332683563232422
201402A,2014,2014-06-13 21:00:00,SHEAR,21.93,64.6,32.0,25.0,25.0,1,35.400779724121094,23.184112764365327,48.893103305784514,29.423961639404297
201402A,2014,2014-06-14 02:30:00,SHEAR,22.13,64.8,27.0,17.56600000005071,17.56600000005071,1,36.18382263183594,24.15085929529516,48.893103305784514,32.02959060668945
201403B,2014,2014-10-08 10:30:00,EMBC,12.89,91.35,55.0,40.0,40.0,1,44.85655212402344,34.858230587033376,48.893103305784514,55.45603942871094
201403B,2014,2014-10-09 01:30:00,EMBC,13.7,89.06,72.2,50.45454545457928,50.45454545457928,1,61.63583755493164,55.57397403096639,48.893103305784514,69.05496215820312
201403B,2014,2014-10-09 05:00:00,EMBC,13.92,88.68,77.0,55.0,55.0,1,48.779991149902344,39.70211721216379,48.893103305784514,67.28711700439453
201403B,2014,2014-10-10 18:00:00,EMBC,15.62,86.48,82.2,75.0,75.0,1,88.00262451171875,88.12646837208429,48.893103305784514,71.88009643554688
201403B,2014,2014-10-11 06:00:00,EYE,16.07,85.22,115.0,90.0,90.0,1,109.41077423095703,114.55701805306927,48.893103305784514,67.30308532714844
201403B,2014,2014-10-11 12:00:00,EYE,16.26,84.88,127.0,95.0,95.0,1,107.93130493164062,112.73046193636132,48.893103305784514,64.68651580810547
201403B,2014,2014-10-11 17:00:00,EYE,16.46,84.79,132.2,98.18181818180972,98.18181818180972,1,110.21896362304688,115.55481049003453,48.893103305784514,65.04374694824219
201403B,2014,2014-10-11 23:30:00,EYE,17.2,84.24,124.6,100.0,100.0,1,110.39567565917969,115.77297956636713,48.893103305784514,68.09367370605469
201403B,2014,2014-10-12 06:00:00,EYE,17.52,83.45,122.2,100.0,100.0,1,112.94034576416016,118.91463498794536,48.893103305784514,66.95441436767578
201404A,2014,2014-10-25 18:00:00,CRVBND,13.75,62.72,39.0,25.0,25.0,0,33.90187072753906,29.126009498144498,47.71526680016013,38.49737548828125
201404A,2014,2014-10-25 23:30:00,CRVBND,14.03,63.03,49.0,25.0,25.0,0,34.70695114135742,30.35807715541911,47.71526680016013,54.584693908691406
201404A,2014,2014-10-26 06:00:00,EMBC,14.48,62.81,57.0,35.0,35.0,0,39.62550354003906,37.88526229992489,47.71526680016013,61.5242805480957
201404A,2014,2014-10-26 13:30:00,EMBC,14.29,62.9,72.2,40.0,40.0,0,44.991146087646484,46.09665898767886,47.71526680016013,58.252655029296875
201404A,2014,2014-10-26 18:00:00,CRVBND,14.55,62.7,77.0,45.0,45.0,0,49.39162063598633,52.83099542738371,47.71526680016013,49.23668670654297
201404A,2014,2014-10-27 00:00:00,EYE,14.9,62.89,90.0,55.0,55.0,0,62.05900955200195,72.21673617782633,47.71526680016013,56.254730224609375
201404A,2014,2014-10-27 05:00:00,EYE,14.97,62.57,102.0,63.63636363635518,63.63636363635518,0,55.08842086791992,61.5491845613495,47.71526680016013,65.10346984863281
201404A,2014,2014-10-27 12:30:00,EMBC,15.36,62.16,82.2,70.0,70.0,0,52.79138946533203,58.03388590261054,47.71526680016013,62.53709030151367
201404A,2014,2014-10-27 18:30:00,EYE,15.48,62.14,92.4,70.90909090906554,70.90909090906554,0,53.09450912475586,58.497769910033995,47.71526680016013,60.59365463256836
201404A,2014,2014-10-28 01:00:00,EMBC,15.81,61.72,87.4,75.0,75.0,0,36.980255126953125,33.83706418296573,47.71526680016013,60.49312210083008
201404A,2014,2014-10-28 06:00:00,EYE,16.12,61.47,69.8,80.0,80.0,0,76.94877624511719,95.00352822005712,47.71526680016013,76.28208923339844
201404A,2014,2014-10-28 12:00:00,EYE,16.8,61.8,99.6,100.0,100.0,0,82.9249267578125,104.14922551354293,47.71526680016013,73.95709228515625
201404A,2014,2014-10-28 18:30:00,EMBC,17.73,61.45,117.4,110.0,110.0,0,68.80890655517578,82.54654875903469,47.71526680016013,73.17745971679688
201404A,2014,2014-10-29 00:00:00,EMBC,18.56,62.01,109.8,105.0,105.0,0,67.88755798339844,81.13654827103483,47.71526680016013,69.76801300048828
201404A,2014,2014-10-29 12:30:00,EMBC,19.84,62.57,74.6,78.99999999993861,78.99999999993861,0,47.57193374633789,50.046208560604576,47.71526680016013,62.46596145629883
201404A,2014,2014-10-29 18:00:00,CRVBND,19.75,62.8,61.0,70.0,70.0,0,49.004581451416016,52.2386838356194,47.71526680016013,35.583248138427734
201404A,2014,2014-10-30 00:00:00,IRRCDO,19.5,63.79,51.0,60.0,60.0,0,42.099998474121094,41.672145105721484,47.71526680016013,43.81111526489258
201404A,2014,2014-10-30 12:00:00,CRVBND,20.43,64.58,49.0,40.0,40.0,0,46.447227478027344,48.32499637690823,47.71526680016013,43.94758987426758
201404A,2014,2014-10-30 18:00:00,SHEAR,20.72,65.06,35.0,35.0,35.0,0,35.593650817871094,31.715052153689083,47.71526680016013,28.876134872436523
201404A,2014,2014-10-31 00:00:00,SHEAR,21.2,65.5,30.0,25.0,25.0,0,33.45262145996094,28.43849371321547,47.71526680016013,28.54944610595703
201404A,2014,2014-10-31 05:30:00,SHEAR,21.18,65.47,25.0,23.757272727258574,23.757272727258574,0,33.780364990234375,28.940061254295916,47.71526680016013,19.596477508544922
201405B,2014,2014-11-06 05:00:00,EMBC,13.96,87.0,41.0,30.0,30.0,3,42.75322723388672,38.88527413375293,50.69363147943891,56.14705276489258
201405B,2014,2014-11-06 12:00:00,CRVBND,13.86,88.01,49.0,30.0,30.0,3,35.71452331542969,28.227347295137534,50.69363147943891,32.49729919433594
201405B,2014,2014-11-06 18:00:00,CRVBND,13.35,87.7,37.0,30.0,30.0,3,42.27007293701172,38.153687295108746,50.69363147943891,23.90778350830078
201405B,2014,2014-11-07 06:00:00,CRVBND,13.3,87.1,33.0,25.0,25.0,3,32.618980407714844,23.540110806938745,50.69363147943891,31.72879409790039
201405B,2014,2014-11-07 12:00:00,CRVBND,14.27,87.11,33.0,25.0,25.0,3,31.303564071655273,21.548322086393203,50.69363147943891,34.12554931640625
201405B,2014,2014-11-07 18:00:00,SHEAR,14.34,87.12,33.0,25.0,25.0,3,28.174514770507812,16.810350591584136,50.69363147943891,33.62474060058594
201405B,2014,2014-11-08 00:00:00,SHEAR,14.57,86.7,28.0,25.0,25.0,3,25.940473556518555,13.427590343534304,50.69363147943891,28.351276397705078
201405B,2014,2014-11-08 05:30:00,SHEAR,14.6,86.15,25.0,18.6,18.6,3,28.049039840698242,16.62035785464231,50.69363147943891,30.406770706176758
201501A,2015,2015-06-07 09:00:00,CRVBND,15.8,68.4,35.0,25.0,25.0,4,35.35887908935547,23.921244339685963,49.12199992680404,56.025943756103516
201501A,2015,2015-06-07 15:00:00,CRVBND,16.3,68.5,34.0,25.0,25.0,4,38.65826416015625,31.887145921716698,49.12199992680404,24.957429885864258
201501A,2015,2015-06-07 21:00:00,IRRCDO,16.9,68.1,41.0,28.0,28.0,4,47.2901496887207,52.727620468451285,49.12199992680404,36.284645080566406
201501A,2015,2015-06-08 03:00:00,EMBC,18.0,67.5,51.0,35.0,35.0,4,47.76753616333008,53.88020302299619,49.12199992680404,49.859092712402344
201501A,2015,2015-06-08 21:00:00,IRRCDO,19.6,65.5,49.0,35.0,35.0,4,43.49215316772461,43.557891611126045,49.12199992680404,34.11243438720703
201501A,2015,2015-06-09 03:00:00,IRRCDO,20.4,64.8,47.0,35.0,35.0,4,42.74946975708008,41.764786887412974,49.12199992680404,40.92229461669922
201501A,2015,2015-06-09 15:00:00,CRVBND,21.2,62.5,53.0,40.0,40.0,4,46.20937728881836,50.11824739272608,49.12199992680404,51.505950927734375
201501A,2015,2015-06-09 21:00:00,IRRCDO,21.1,62.5,59.0,45.0,45.0,4,47.99735641479492,54.4350717229028,49.12199992680404,49.6214485168457
201501A,2015,2015-06-10 03:00:00,EMBC,21.2,61.6,69.8,45.0,45.0,4,57.33234405517578,76.97308750979585,49.12199992680404,74.41441345214844
201501A,2015,2015-06-10 21:00:00,SHEAR,20.6,61.1,74.6,45.0,45.0,4,34.604339599609375,22.099514779148713,49.12199992680404,34.705535888671875
201501A,2015,2015-06-11 03:00:00,CRVBND,20.6,60.8,55.0,40.0,40.0,4,45.74006271362305,48.98515330495079,49.12199992680404,60.459842681884766
201501A,2015,2015-06-11 09:00:00,EMBC,20.8,60.5,55.0,35.0,35.0,4,56.59715270996094,75.19807132518274,49.12199992680404,79.43911743164062
201501A,2015,2015-06-11 15:00:00,CRVBND,20.8,59.8,55.0,35.0,35.0,4,43.334327697753906,43.17684419351764,49.12199992680404,63.57958221435547
201501A,2015,2015-06-11 21:00:00,CRVBND,20.85,59.83,41.0,28.0,28.0,4,33.16961669921875,18.63557796160606,49.12199992680404,40.489803314208984
201502B,2015,2015-07-29 01:00:00,CRVBND,21.23,91.24,35.0,30.0,30.0,3,39.69270324707031,34.25106290435557,50.69363147943891,38.00659942626953
201502B,2015,2015-07-29 06:00:00,CRVBND,21.41,91.38,35.0,30.0,30.0,3,37.01801300048828,30.201076813979082,50.69363147943891,31.4693546295166
201502B,2015,2015-07-29 12:00:00,CRVBND,21.44,91.46,35.0,30.0,30.0,3,39.49365234375,33.94966225029691,50.69363147943891,35.03643035888672
201502B,2015,2015-07-29 18:00:00,CRVBND,21.62,91.21,41.0,35.0,35.0,3,38.09030532836914,31.824729877463536,50.69363147943891,33.86497497558594
201502B,2015,2015-07-30 00:00:00,CRVBND,21.96,91.19,41.0,35.0,35.0,3,35.36461639404297,27.69752214384998,50.69363147943891,26.75364875793457
201502B,2015,2015-07-30 06:00:00,CRVBND,22.31,91.05,37.0,40.0,40.0,3,48.15279006958008,47.061231856938676,50.69363147943891,38.89254379272461
201503A,2015,2015-10-09 21:00:00,CRVBND,15.0,69.8,37.0,30.0,30.0,2,32.44441223144531,25.593807530596457,49.540730037703746,36.95194625854492
201503A,2015,2015-10-10 03:30:00,IRRCDO,15.02,69.49,45.0,30.0,30.0,2,33.28485107421875,26.746375956943563,49.540730037703746,50.468021392822266
201503A,2015,2015-10-10 09:00:00,CRVBND,15.0,69.1,47.0,30.0,30.0,2,39.088199615478516,34.70502321992671,49.540730037703746,48.11347579956055
201503A,2015,2015-10-10 15:00:00,CRVBND,15.3,69.4,35.0,30.0,30.0,2,34.10174560546875,27.866655977875656,49.540730037703746,37.002952575683594
201503A,2015,2015-10-10 21:00:00,CRVBND,15.7,69.5,33.0,30.0,30.0,2,31.902555465698242,24.85071122421716,49.540730037703746,27.454315185546875
201503A,2015,2015-10-11 03:00:00,CRVBND,15.9,69.7,32.0,25.0,25.0,2,30.129104614257812,22.418620567503368,49.540730037703746,25.214340209960938
201503A,2015,2015-10-11 09:00:00,CRVBND,16.0,69.3,35.0,25.0,25.0,2,32.64524841308594,25.86923202319038,49.540730037703746,45.516075134277344
201503A,2015,2015-10-11 15:00:00,CRVBND,16.2,69.11,39.0,25.0,25.0,2,29.823040008544922,21.998886991407634,49.540730037703746,36.68649673461914
201503A,2015,2015-10-11 21:00:00,CRVBND,16.4,68.86,34.0,23.0,23.0,2,31.054983139038086,23.688360017875553,49.540730037703746,27.706214904785156
201504A,2015,2015-10-28 20:30:00,EMBC,13.57,64.53,37.0,32.45454545456067,32.45454545456067,2,51.66395568847656,51.95127440383084,49.540730037703746,58.935203552246094
201504A,2015,2015-10-29 03:00:00,CRVBND,13.7,64.0,53.0,40.0,40.0,2,52.439308166503906,53.01458411773611,49.540730037703746,52.06651306152344
201504A,2015,2015-10-29 09:00:00,EMBC,13.85,63.45,65.0,50.0,50.0,2,50.942501068115234,50.961879608932165,49.540730037703746,56.11456298828125
201504A,2015,2015-10-29 15:00:00,EYE,14.25,62.75,77.0,60.0,60.0,2,66.19950866699219,71.88516913821428,49.540730037703746,59.3341178894043
201504A,2015,2015-10-29 21:30:00,EMBC,14.06,62.1,82.2,77.72727272719662,77.72727272719662,2,67.23563385009766,73.30609962239991,49.540730037703746,64.71035766601562
201504A,2015,2015-10-30 03:00:00,EYE,14.15,61.45,109.8,105.0,105.0,2,106.85511779785156,127.6398166548683,49.540730037703746,73.90027618408203
201504A,2015,2015-10-30 15:00:00,EYE,13.86,60.37,124.6,115.0,115.0,2,95.58988952636719,112.19080863608276,49.540730037703746,64.60358428955078
201504A,2015,2015-10-31 03:00:00,EYE,13.85,59.25,102.0,110.0,110.0,2,75.12800598144531,84.1296104653243,49.540730037703746,72.85616302490234
201504A,2015,2015-10-31 09:00:00,EYE,13.9,58.3,104.6,105.0,105.0,2,85.21322631835938,97.96036880429175,49.540730037703746,72.70452880859375
201504A,2015,2015-10-31 15:00:00,EYE,13.65,57.55,112.4,105.0,105.0,2,100.41543579101562,118.80850879634335,49.540730037703746,68.83154296875
201504A,2015,2015-10-31 21:00:00,EYE,13.65,56.75,112.4,105.0,105.0,2,87.13829803466797,100.6003906187871,49.540730037703746,71.49773406982422
201504A,2015,2015-11-01 04:00:00,EYE,13.55,55.92,112.4,103.1818181817759,103.1818181817759,2,99.15228271484375,117.0762347995412,49.540730037703746,76.50921630859375
201504A,2015,2015-11-01 09:00:00,EYE,13.65,55.04,119.8,100.0,100.0,2,101.4889144897461,120.28066547395476,49.540730037703746,73.4210205078125
201504A,2015,2015-11-01 15:00:00,EYE,13.55,54.05,117.4,100.0,100.0,2,111.70524597167969,134.29122817036128,49.540730037703746,66.8726806640625
201504A,2015,2015-11-01 21:00:00,EYE,13.15,53.05,119.8,100.0,100.0,2,106.92192077636719,127.73142951222859,49.540730037703746,60.861785888671875
201504A,2015,2015-11-02 03:00:00,EYE,13.25,52.15,117.4,95.0,95.0,2,92.03880310058594,107.32088844048727,49.540730037703746,63.58079528808594
201504A,2015,2015-11-02 09:00:00,EYE,13.35,50.94,112.4,90.0,90.0,2,103.33731079101562,122.81553548209209,49.540730037703746,63.723209381103516
201504A,2015,2015-11-02 15:00:00,EYE,13.55,50.04,92.4,85.0,85.0,2,93.19080352783203,108.90072893810235,49.540730037703746,57.392005920410156
201504A,2015,2015-11-03 03:30:00,CRVBND,13.47,48.08,72.2,53.18181818186892,53.18181818186892,2,36.88972091674805,31.690054128551086,49.540730037703746,43.20750427246094
201505A,2015,2015-11-05 08:00:00,CRVBND,14.03,64.64,37.0,31.90909090908584,31.90909090908584,0,32.5498046875,27.056853659995717,47.71526680016013,53.656272888183594
201505A,2015,2015-11-05 14:30:00,CRVBND,13.82,63.57,53.0,39.09090909093446,39.09090909093446,0,40.681365966796875,39.50111821221801,47.71526680016013,53.661075592041016
201505A,2015,2015-11-06 09:00:00,CRVBND,13.0,61.4,53.0,45.0,45.0,0,35.599029541015625,31.723283568477058,47.71526680016013,53.32737350463867
201505A,2015,2015-11-06 15:00:00,CRVBND,12.9,60.4,45.0,45.0,45.0,0,38.10039138793945,35.55128258303371,47.71526680016013,47.546627044677734
201505A,2015,2015-11-07 09:00:00,EMBC,12.8,58.7,69.8,55.0,55.0,0,57.3321647644043,64.98293383485924,47.71526680016013,62.537353515625
201505A,2015,2015-11-07 21:00:00,EYE,12.8,56.7,77.0,80.0,80.0,0,50.67896270751953,54.80109990758389,47.71526680016013,44.999759674072266
201505A,2015,2015-11-08 03:00:00,EYE,12.65,55.55,82.2,90.0,90.0,0,73.76095581054688,90.12499635265621,47.71526680016013,61.801151275634766
201505A,2015,2015-11-08 08:00:00,EYE,12.65,54.34,104.6,95.0,95.0,0,63.9987678527832,75.18527624451059,47.71526680016013,52.659671783447266
201505A,2015,2015-11-09 03:30:00,EMBC,12.25,49.84,69.8,80.0,80.0,0,48.19717025756836,51.003049231936664,47.71526680016013,63.78371810913086
201505A,2015,2015-11-09 09:00:00,IRRCDO,12.3,49.1,61.0,75.0,75.0,0,37.817352294921875,35.118129190818685,47.71526680016013,48.569976806640625
201505A,2015,2015-11-09 15:00:00,CRVBND,12.5,47.5,51.0,65.0,65.0,0,40.10393524169922,38.61743788849079,47.71526680016013,42.92543411254883
201505A,2015,2015-11-09 21:00:00,SHEAR,12.9,46.5,35.0,60.0,60.0,0,35.33698654174805,31.322261883349263,47.71526680016013,33.0963020324707
201601B,2016,2016-05-19 15:00:00,IRRCDO,15.7,83.3,57.0,40.0,40.0,4,31.052997589111328,13.525298574402257,49.12199992680404,38.437740325927734
201601B,2016,2016-05-19 21:00:00,CRVBND,16.7,84.0,47.0,40.0,40.0,4,33.19548797607422,18.698040523813784,49.12199992680404,38.67018127441406
201601B,2016,2016-05-20 10:00:00,EMBC,18.93,86.4,57.0,40.0,40.0,4,48.29586410522461,55.15577659136032,49.12199992680404,65.87863159179688
201601B,2016,2016-05-20 15:00:00,CRVBND,19.2,87.6,57.0,40.0,40.0,4,37.090911865234375,28.102994069842254,49.12199992680404,40.78834533691406
201602A,2016,2016-06-27 09:00:00,CRVBND,21.8,64.4,49.0,25.0,25.0,0,37.3783073425293,34.446229742455486,47.71526680016013,50.729087829589844
201602A,2016,2016-06-27 15:00:00,IRRCDO,21.7,63.8,49.0,25.0,25.0,0,36.7322998046875,33.45760179912304,47.71526680016013,29.63864517211914
201602A,2016,2016-06-28 03:00:00,CRVBND,21.2,62.2,37.0,25.0,25.0,0,32.51408767700195,27.002193563073885,47.71526680016013,28.40384864807129
201602A,2016,2016-06-28 09:00:00,CRVBND,20.8,63.4,32.0,25.0,25.0,0,32.844478607177734,27.50781259483721,47.71526680016013,34.32893371582031
201602A,2016,2016-06-28 15:00:00,SHEAR,20.4,63.3,33.0,25.0,25.0,0,32.2421989440918,26.586104302366124,47.71526680016013,20.57117462158203
201602A,2016,2016-06-28 21:00:00,SHEAR,20.3,63.2,33.0,25.0,25.0,0,32.49335479736328,26.97046466990181,47.71526680016013,22.624217987060547
201603B,2016,2016-10-25 04:30:00,EMBC,16.62,90.88,45.0,35.0,35.0,3,54.85327911376953,57.20703751139359,50.69363147943891,76.21228790283203
201603B,2016,2016-10-25 11:30:00,EMBC,16.72,90.36,57.0,35.0,35.0,3,64.16458892822266,71.30611880871818,50.69363147943891,76.96861267089844
201603B,2016,2016-10-25 17:30:00,IRRCDO,16.62,90.09,57.0,35.0,35.0,3,50.79483413696289,51.061785467487,50.69363147943891,45.68248748779297
201603B,2016,2016-10-26 12:00:00,CRVBND,16.36,86.53,57.0,40.0,40.0,3,46.6442756652832,44.77705619871352,50.69363147943891,60.94623947143555
201603B,2016,2016-10-26 18:00:00,CRVBND,15.64,85.27,49.0,35.0,35.0,3,39.400177001953125,33.808122932032184,50.69363147943891,41.24502944946289
201603B,2016,2016-10-27 00:00:00,IRRCDO,15.68,85.27,41.0,30.0,30.0,3,31.29408073425293,21.533962522844146,50.69363147943891,28.320335388183594
201603B,2016,2016-10-27 04:30:00,CRVBND,15.48,84.55,43.0,30.0,30.0,3,39.082420349121094,33.32697935821505,50.69363147943891,47.9528694152832
201604B,2016,2016-11-30 03:30:00,IRRCDO,8.95,85.23,51.0,35.0,35.0,2,40.30545425415039,36.374352613042305,49.540730037703746,44.03741455078125
201604B,2016,2016-11-30 09:00:00,CRVBND,9.5,84.5,51.0,35.0,35.0,2,34.41105651855469,28.29084150358386,49.540730037703746,39.54280471801758
201604B,2016,2016-11-30 15:00:00,CRVBND,10.1,83.5,37.0,40.0,40.0,2,34.09867477416992,27.862444674188183,49.540730037703746,35.81108093261719
201604B,2016,2016-11-30 21:00:00,SHEAR,10.2,82.3,33.0,40.0,40.0,2,36.175132751464844,30.710075913326268,49.540730037703746,26.55128288269043
201604B,2016,2016-12-01 03:00:00,SHEAR,10.3,81.4,34.0,30.0,30.0,2,31.248659133911133,23.953965110442905,49.540730037703746,28.81015396118164
201604B,2016,2016-12-01 09:00:00,SHEAR,10.4,80.9,25.0,30.0,30.0,2,33.23968505859375,26.684435788422213,49.540730037703746,27.15005111694336
201604B,2016,2016-12-01 15:00:00,SHEAR,10.6,80.4,25.0,28.0,28.0,2,30.996057510375977,23.60755006997443,49.540730037703746,24.223159790039062
201604B,2016,2016-12-01 21:00:00,SHEAR,10.75,79.7,25.0,25.0,25.0,2,29.961002349853516,22.188087002787967,49.540730037703746,24.595632553100586
201605B,2016,2016-12-07 15:00:00,CRVBND,10.9,91.7,39.0,28.0,28.0,4,41.509830474853516,38.771852050304275,49.12199992680404,69.61336517333984
201605B,2016,2016-12-07 20:30:00,IRRCDO,11.17,92.0,51.0,32.45454545456067,32.45454545456067,4,47.22410202026367,52.56815765481746,49.12199992680404,65.94577026367188
201605B,2016,2016-12-08 03:30:00,CRVBND,11.63,92.1,55.0,35.0,35.0,4,38.86051559448242,32.37545358696167,49.12199992680404,60.975242614746094
201605B,2016,2016-12-08 09:00:00,CRVBND,11.4,91.9,53.0,35.0,35.0,4,35.31850051879883,23.823755955585586,49.12199992680404,40.54489517211914
201605B,2016,2016-12-08 15:00:00,CRVBND,11.7,91.6,41.0,40.0,40.0,4,36.2308235168457,26.0264316231762,49.12199992680404,23.541494369506836
201605B,2016,2016-12-08 20:30:00,IRRCDO,11.88,91.33,53.0,40.0,40.0,4,50.764705657958984,61.116447567524,49.12199992680404,39.006893157958984
201605B,2016,2016-12-09 09:00:00,IRRCDO,11.9,90.5,49.0,45.0,45.0,4,39.76180648803711,34.55149378862708,49.12199992680404,39.040714263916016
201605B,2016,2016-12-10 02:30:00,EMBC,12.82,87.52,65.0,55.0,55.0,4,53.42127227783203,67.53035433678771,49.12199992680404,77.67898559570312
201605B,2016,2016-12-10 15:00:00,EMBC,13.3,85.8,63.0,65.0,65.0,4,56.47312927246094,74.89863416468472,49.12199992680404,72.63044738769531
201605B,2016,2016-12-10 21:00:00,EMBC,13.35,83.72,63.0,65.0,65.0,4,50.68275833129883,60.918597263580274,49.12199992680404,67.21388244628906
201605B,2016,2016-12-11 21:00:00,EYE,13.2,82.0,74.6,70.0,70.0,4,61.2687873840332,86.47707672840167,49.12199992680404,71.7425537109375
201605B,2016,2016-12-12 04:00:00,EYE,13.25,80.82,67.4,70.0,70.0,4,54.42827606201172,69.96162345675162,49.12199992680404,67.66759490966797
201701B,2017,2017-04-15 21:10:00,IRRCDO,15.83,91.72,53.0,40.0,40.0,3,36.63533020019531,29.62162279301594,50.69363147943891,47.04823303222656
201701B,2017,2017-04-16 03:00:00,IRRCDO,16.8,92.7,51.0,40.0,40.0,3,39.25864028930664,33.59380962295709,50.69363147943891,49.90312194824219
201701B,2017,2017-04-16 09:10:00,IRRCDO,17.33,93.13,53.0,40.0,40.0,3,38.89353561401367,33.04097220249036,50.69363147943891,59.74470520019531
201701B,2017,2017-04-16 15:40:00,IRRCDO,18.61,93.99,53.0,40.0,40.0,3,36.43996810913086,29.32580769726458,50.69363147943891,43.44412612915039
201702B,2017,2017-05-28 07:00:00,EMBC,14.68,89.54,45.0,26.36363636361945,26.36363636361945,2,35.94892883300781,30.399862390270606,49.540730037703746,79.4654312133789
201702B,2017,2017-05-28 12:10:00,IRRCDO,15.41,90.82,49.0,30.454545454570823,30.454545454570823,2,40.08791732788086,36.07602490610831,49.540730037703746,44.62476348876953
201702B,2017,2017-05-28 18:10:00,IRRCDO,16.62,91.44,49.0,35.45454545457082,35.45454545457082,2,40.61951446533203,36.80505127302492,49.540730037703746,55.02024841308594
201702B,2017,2017-05-29 00:10:00,IRRCDO,17.11,91.05,51.0,45.0,45.0,2,41.174034118652344,37.56551332175275,49.540730037703746,67.35987854003906
201702B,2017,2017-05-29 13:10:00,IRRCDO,19.08,91.58,57.0,51.8181818182241,51.8181818182241,2,50.69845962524414,50.6272039044571,49.540730037703746,42.2706184387207
201702B,2017,2017-05-29 22:40:00,EYE,20.74,91.84,69.8,60.0,60.0,2,82.49382781982422,94.23101612739235,49.540730037703746,60.98386001586914
201703B,2017,2017-11-30 03:00:00,EMBC,7.7,76.9,51.0,35.0,35.0,3,44.845123291015625,42.05279977329643,50.69363147943891,73.51231384277344
201703A,2017,2017-11-30 08:30:00,EMBC,7.97,76.27,55.0,44.09090909093446,44.09090909093446,1,57.577430725097656,50.563455852219626,48.893103305784514,59.88302230834961
201703B,2017,2017-11-30 14:30:00,EYE,8.42,74.91,72.2,45.0,45.0,3,39.758705139160156,34.3510022320007,50.69363147943891,66.06968688964844
201703B,2017,2017-11-30 21:00:00,EMBC,8.7,74.3,79.6,45.0,45.0,3,38.32998275756836,32.18764676313823,50.69363147943891,71.65914154052734
201703B,2017,2017-12-01 03:00:00,EYE,8.9,73.8,84.8,55.0,55.0,3,40.58732604980469,35.60569075774455,50.69363147943891,62.050323486328125
201703B,2017,2017-12-01 09:30:00,EMBC,8.79,72.28,90.0,65.0,65.0,3,38.017539978027344,31.71454939689303,50.69363147943891,56.60265350341797
201703B,2017,2017-12-01 15:30:00,EYE,9.14,72.25,90.0,65.90909090906554,65.90909090906554,3,44.3790283203125,41.34704397575899,50.69363147943891,59.05207824707031
201703B,2017,2017-12-01 22:00:00,EYE,9.31,71.67,90.0,76.50000000002046,76.50000000002046,3,50.50956344604492,50.62983177427476,50.69363147943891,63.01249694824219
201703B,2017,2017-12-02 03:00:00,EYE,9.45,71.45,107.2,80.0,80.0,3,53.53860092163086,55.2163664801267,50.69363147943891,65.00900268554688
201703B,2017,2017-12-02 09:00:00,EYE,10.25,70.65,107.2,85.0,85.0,3,63.512210845947266,70.31829520474828,50.69363147943891,64.43787384033203
201703B,2017,2017-12-03 04:00:00,IRRCDO,12.22,69.04,67.4,78.50000000001023,78.50000000001023,3,39.80104064941406,34.415106188665,50.69363147943891,69.43637084960938
201703B,2017,2017-12-03 14:30:00,EMBC,13.05,68.7,72.2,75.0,75.0,3,56.02811050415039,58.98595407777372,50.69363147943891,81.37088775634766
201703B,2017,2017-12-03 21:00:00,EMBC,14.0,68.7,79.6,75.0,75.0,3,54.218894958496094,56.2464601106662,50.69363147943891,75.39474487304688
201703B,2017,2017-12-04 04:00:00,EMBC,14.72,68.95,79.6,65.0,65.0,3,50.296085357666016,50.30658563777743,50.69363147943891,73.16934204101562
201703B,2017,2017-12-05 09:00:00,SHEAR,18.7,70.8,82.2,30.0,30.0,3,30.89377212524414,20.927819699234817,50.69363147943891,33.56892395019531
201703B,2017,2017-12-05 17:00:00,SHEAR,20.03,71.41,47.0,21.499999999989768,21.499999999989768,3,28.338403701782227,17.058509380392017,50.69363147943891,27.02364730834961
201704B,2017,2017-12-08 21:00:00,CRVBND,18.7,86.9,41.0,25.0,25.0,0,33.72522735595703,28.85568049589496,47.71526680016013,42.42155838012695
201704B,2017,2017-12-09 03:00:00,CRVBND,19.7,87.0,37.0,25.0,25.0,0,35.502357482910156,31.57533994184103,47.71526680016013,39.66345977783203
201704B,2017,2017-12-09 09:00:00,SHEAR,19.1,86.9,32.0,27.9,27.9,0,33.11062240600586,27.915110004005477,47.71526680016013,31.105117797851562
201704B,2017,2017-12-09 15:00:00,SHEAR,19.7,87.2,27.0,26.040000000000003,26.040000000000003,0,33.630584716796875,28.710842622923614,47.71526680016013,27.59617805480957
201704B,2017,2017-12-09 21:00:00,SHEAR,20.31,87.63,25.0,23.25,23.25,0,33.490325927734375,28.49619534709087,47.71526680016013,28.004398345947266
201704B,2017,2017-12-10 03:45:00,SHEAR,21.04,88.26,25.0,20.62909090908619,20.62909090908619,0,34.68730926513672,30.32801789673594,47.71526680016013,28.178789138793945
201801A,2018,2018-05-17 00:00:00,CRVBND,13.21,49.1,37.0,30.0,30.0,2,41.142120361328125,37.52174715200194,49.540730037703746,42.906375885009766
201801A,2018,2018-05-17 11:00:00,IRRCDO,13.05,48.47,49.0,38.1818181817759,38.1818181817759,2,45.46304702758789,43.44741764059786,49.540730037703746,52.18597412109375
201801A,2018,2018-05-17 18:00:00,CRVBND,12.7,47.54,47.0,40.0,40.0,2,35.981842041015625,30.44499919550728,49.540730037703746,50.80864715576172
201801A,2018,2018-05-18 00:00:00,EMBC,12.28,46.59,41.0,45.0,45.0,2,39.3643798828125,35.083773748708566,49.540730037703746,62.42197036743164
201801A,2018,2018-05-18 18:00:00,IRRCDO,11.3,45.1,67.4,45.0,45.0,2,42.57965850830078,39.49317088392108,49.540730037703746,46.53889846801758
201802A,2018,2018-05-22 06:00:00,CRVBND,9.37,56.87,35.0,30.0,30.0,1,42.730010986328125,32.23279812670237,48.893103305784514,39.785499572753906
201802A,2018,2018-05-22 12:00:00,CRVBND,10.02,56.99,34.0,35.0,35.0,1,48.63238525390625,39.51988264175507,48.893103305784514,46.801021575927734
201802A,2018,2018-05-23 19:00:00,EMBC,12.67,55.8,77.0,70.0,70.0,1,96.50326538085938,98.62137866366024,48.893103305784514,64.20014190673828
201802A,2018,2018-05-24 12:30:00,EMBC,14.35,55.26,77.0,80.0,80.0,1,87.84397888183594,87.93060412144703,48.893103305784514,56.328712463378906
201802A,2018,2018-05-24 16:45:00,EYE,14.8,54.78,69.8,80.0,80.0,1,93.12277221679688,94.44781421784118,48.893103305784514,62.93619918823242
201802A,2018,2018-05-24 23:00:00,EMBC,15.34,54.51,63.0,83.1818181817759,83.1818181817759,1,98.3519287109375,100.9037425591788,48.893103305784514,60.812408447265625
201802A,2018,2018-05-25 19:00:00,EYE,16.81,53.77,99.6,93.63636363635518,93.63636363635518,1,97.50172424316406,99.85407821549721,48.893103305784514,72.25308227539062
201804B,2018,2018-09-20 18:15:00,CRVBND,19.14,85.3,35.0,35.0,35.0,4,30.740943908691406,12.771888816767555,49.12199992680404,21.401399612426758
201805A,2018,2018-10-08 06:00:00,CRVBND,12.76,61.73,45.0,40.0,40.0,2,42.617671966552734,39.54530211528216,49.540730037703746,63.01414489746094
201805A,2018,2018-10-08 12:00:00,CRVBND,12.53,61.05,47.0,45.0,45.0,2,47.9417839050293,46.84672966279498,49.540730037703746,56.24911117553711
201805A,2018,2018-10-08 23:00:00,EMBC,12.67,60.87,53.0,45.0,45.0,2,55.428001403808594,57.11324458657775,49.540730037703746,69.6683349609375
201805A,2018,2018-10-09 06:30:00,CRVBND,13.12,60.17,59.0,45.90909090906554,45.90909090906554,2,57.63539505004883,60.14043953722992,49.540730037703746,69.48604583740234
201805A,2018,2018-10-09 12:00:00,EMBC,13.43,59.67,53.0,55.0,55.0,2,62.901512145996094,67.36233360653074,49.540730037703746,66.31071472167969
201805A,2018,2018-10-09 17:30:00,CRVBND,13.59,59.33,59.0,55.0,55.0,2,60.33103942871094,63.837216079890936,49.540730037703746,59.406700134277344
201805A,2018,2018-10-10 05:30:00,EYE,14.26,58.94,77.0,73.18181818186892,73.18181818186892,2,71.54888916015625,79.22124969892688,49.540730037703746,62.118988037109375
201806B,2018,2018-10-10 06:00:00,EMBC,16.87,85.72,59.0,70.0,70.0,0,71.08967590332031,86.03696052327639,47.71526680016013,64.1517105102539
201805A,2018,2018-10-10 12:00:00,CRVBND,14.39,58.69,87.4,75.0,75.0,2,78.8080825805664,89.17642634152628,49.540730037703746,59.927947998046875
201806B,2018,2018-10-10 12:00:00,EYE,17.75,85.61,97.2,80.0,80.0,0,79.87931823730469,99.48832991798287,47.71526680016013,56.080902099609375
201805A,2018,2018-10-10 18:00:00,EYE,14.47,58.46,87.4,75.0,75.0,2,77.71585083007812,87.67855193853896,49.540730037703746,52.27537536621094
201806B,2018,2018-10-10 17:15:00,EMBC,18.14,85.19,97.2,80.0,80.0,0,71.7891845703125,87.10746477327645,47.71526680016013,69.03652954101562
201805A,2018,2018-10-10 23:45:00,CRVBND,14.54,58.1,84.8,75.0,75.0,2,52.27457809448242,52.78867513992721,49.540730037703746,45.2231330871582
201806B,2018,2018-10-10 23:15:00,EMBC,19.0,85.0,84.8,80.0,80.0,0,80.69810485839844,100.74137308825973,47.71526680016013,70.60371398925781
201805A,2018,2018-10-11 05:45:00,CRVBND,14.52,57.9,67.4,70.0,70.0,2,55.34515380859375,56.999628321379554,49.540730037703746,51.09325408935547
201805A,2018,2018-10-11 12:15:00,CRVBND,14.37,57.91,51.0,70.0,70.0,2,56.97211837768555,59.230829329334554,49.540730037703746,51.9876708984375
201805A,2018,2018-10-11 18:15:00,CRVBND,14.53,57.67,41.0,69.54545454542072,69.54545454542072,2,54.694053649902344,56.10671684810582,49.540730037703746,45.250518798828125
201805A,2018,2018-10-11 23:45:00,CRVBND,14.53,57.58,33.0,60.45454545457082,60.45454545457082,2,41.887054443359375,38.54334141795205,49.540730037703746,45.97012710571289
201805A,2018,2018-10-12 06:15:00,CRVBND,14.63,57.2,32.0,50.0,50.0,2,46.730796813964844,45.18599551434835,49.540730037703746,48.24864196777344
201805A,2018,2018-10-12 12:00:00,CRVBND,14.6,56.99,33.0,50.0,50.0,2,43.105247497558594,40.21395774362307,49.540730037703746,50.250831604003906
201805A,2018,2018-10-12 18:15:00,CRVBND,14.85,56.16,33.0,45.0,45.0,2,36.20067596435547,30.745105589713003,49.540730037703746,38.37298583984375
201805A,2018,2018-10-13 00:15:00,SHEAR,14.57,55.76,31.0,44.54545454542918,44.54545454542918,2,39.97245788574219,35.91768511889246,49.540730037703746,39.34867858886719
201805A,2018,2018-10-13 06:15:00,CRVBND,14.6,54.9,33.0,40.0,40.0,2,37.272464752197266,32.21494474243801,49.540730037703746,42.51682662963867
201805A,2018,2018-10-13 12:00:00,CRVBND,14.79,54.31,33.0,40.0,40.0,2,40.415794372558594,36.525671816967986,49.540730037703746,46.641845703125
201805A,2018,2018-10-13 18:15:00,CRVBND,15.06,53.55,32.0,40.0,40.0,2,37.814544677734375,32.958347087656705,49.540730037703746,40.0347900390625
201805A,2018,2018-10-14 00:00:00,CRVBND,15.2,52.9,34.0,40.0,40.0,2,39.310455322265625,35.0098222096699,49.540730037703746,37.48389434814453
201807B,2018,2018-11-10 20:45:00,IRRCDO,13.2,89.21,37.0,32.72727272725751,32.72727272725751,3,30.50194549560547,20.334520194029086,50.69363147943891,40.47394943237305
201807B,2018,2018-11-11 03:15:00,CRVBND,13.41,88.98,47.0,35.454545454486265,35.454545454486265,3,32.081199645996094,22.72580918550192,50.69363147943891,46.09123611450195
201807B,2018,2018-11-11 09:15:00,CRVBND,13.41,88.38,45.0,40.0,40.0,3,32.27751922607422,23.023074100420946,50.69363147943891,42.46546173095703
201807B,2018,2018-11-11 15:15:00,CRVBND,13.4,87.28,45.0,40.0,40.0,3,30.49942398071289,20.330702144348503,50.69363147943891,41.903106689453125
201807B,2018,2018-11-11 20:45:00,IRRCDO,12.9,86.72,41.0,40.0,40.0,3,30.43076515197754,20.226739712917404,50.69363147943891,49.877750396728516
201807B,2018,2018-11-12 02:45:00,CRVBND,12.4,86.91,45.0,40.0,40.0,3,32.97776794433594,24.083382886602084,50.69363147943891,34.46575164794922
201807B,2018,2018-11-12 08:45:00,CRVBND,12.2,87.21,49.0,40.0,40.0,3,29.954517364501953,19.505610633647944,50.69363147943891,25.791915893554688
201807B,2018,2018-11-12 15:15:00,CRVBND,12.6,87.49,39.0,40.45454545457082,40.45454545457082,3,30.68198013305664,20.607126630753854,50.69363147943891,35.892818450927734
201807B,2018,2018-11-12 21:15:00,CRVBND,13.2,87.59,35.0,44.54545454542072,44.54545454542072,3,29.73477554321289,19.172880022754978,50.69363147943891,48.78086853027344
201807B,2018,2018-11-13 03:15:00,CRVBND,13.7,87.18,45.0,40.0,40.0,3,30.5311336517334,20.378716573954915,50.69363147943891,55.76693344116211
201807B,2018,2018-11-13 09:15:00,CRVBND,13.79,86.07,45.0,40.0,40.0,3,34.41274642944336,26.25621127751623,50.69363147943891,58.27537536621094
201807B,2018,2018-11-13 15:15:00,EYE,13.39,85.58,53.0,40.0,40.0,3,31.3355770111084,21.59679572167224,50.69363147943891,53.02188491821289
201807B,2018,2018-11-14 09:00:00,EMBC,12.6,84.5,53.0,45.0,45.0,3,40.75143814086914,35.85418745261342,50.69363147943891,66.94270324707031
201807B,2018,2018-11-14 15:45:00,EMBC,12.05,83.51,55.0,45.0,45.0,3,39.03269958496094,33.2516927325922,50.69363147943891,55.327911376953125
201807B,2018,2018-11-15 08:45:00,EMBC,11.21,81.64,72.2,55.0,55.0,3,36.136192321777344,28.865833793764136,50.69363147943891,69.78546142578125
201807B,2018,2018-11-15 15:45:00,EMBC,10.77,80.57,79.6,65.99999999997954,65.99999999997954,3,71.73514556884766,82.76937109750926,50.69363147943891,69.18363952636719
201807B,2018,2018-11-16 19:45:00,CRVBND,9.7,74.99,49.0,26.636363636373783,26.636363636373783,3,37.742740631103516,31.298451295773376,50.69363147943891,61.27405548095703
201807B,2018,2018-11-17 03:15:00,CRVBND,10.11,73.65,53.0,30.0,30.0,3,40.10490417480469,34.875212944121046,50.69363147943891,65.25591278076172
201807B,2018,2018-11-17 10:15:00,CRVBND,9.83,71.96,55.0,30.0,30.0,3,41.96444320678711,37.6909061720247,50.69363147943891,71.29572296142578
201807B,2018,2018-11-17 13:45:00,CRVBND,10.06,71.31,55.0,30.0,30.0,3,36.59535217285156,29.56108851063697,50.69363147943891,48.67580032348633
201807B,2018,2018-11-18 09:15:00,CRVBND,10.61,68.36,57.0,30.0,30.0,3,45.88307571411133,43.62445573659238,50.69363147943891,72.11524963378906
201807B,2018,2018-11-18 15:15:00,SHEAR,11.01,67.97,51.0,30.0,30.0,3,39.50531768798828,33.96732578422009,50.69363147943891,43.02267837524414
201807B,2018,2018-11-18 21:15:00,SHEAR,10.61,67.37,39.0,30.0,30.0,3,33.51960372924805,24.90382457885655,50.69363147943891,34.13119125366211
201807B,2018,2018-11-19 03:15:00,SHEAR,10.75,66.51,31.0,29.545454545429177,29.545454545429177,3,32.336181640625,23.111900073171313,50.69363147943891,32.13825225830078
201807B,2018,2018-11-19 09:15:00,CRVBND,10.85,65.59,34.0,25.0,25.0,3,30.663476943969727,20.57910930855164,50.69363147943891,54.854164123535156
201808B,2018,2018-12-15 15:15:00,IRRCDO,10.83,84.88,45.0,35.0,35.0,4,47.381893157958984,52.949122181971745,49.12199992680404,43.253726959228516
201808B,2018,2018-12-16 21:00:00,EMBC,14.7,82.1,77.0,55.0,55.0,4,54.53538131713867,70.2202140434674,49.12199992680404,64.77466583251953
201808B,2018,2018-12-17 09:15:00,CRVBND,16.63,82.3,61.0,39.090909090858354,39.090909090858354,4,43.536800384521484,43.665686041689185,49.12199992680404,43.07120895385742
201901B,2019,2019-04-27 14:45:00,IRRCDO,6.67,89.32,55.0,45.0,45.0,0,33.955501556396484,29.208084292828257,47.71526680016013,34.85855484008789
201901B,2019,2019-04-27 21:15:00,CRVBND,7.83,88.58,49.0,45.0,45.0,0,32.469932556152344,26.934620069335743,47.71526680016013,37.669036865234375
201901B,2019,2019-04-28 02:45:00,CRVBND,7.38,87.92,37.0,45.0,45.0,0,33.03678894042969,27.802117781862776,47.71526680016013,42.349971771240234
201901B,2019,2019-04-28 09:15:00,EMBC,7.82,87.38,49.0,45.0,45.0,0,33.01383590698242,27.7669912408846,47.71526680016013,56.28794860839844
201901B,2019,2019-04-28 15:15:00,CRVBND,8.82,86.68,51.0,45.0,45.0,0,32.538116455078125,27.03896638700966,47.71526680016013,42.8416748046875
201901B,2019,2019-04-29 22:15:00,EMBC,11.63,86.84,72.2,67.27272727271036,67.27272727271036,0,43.0391731262207,43.109426020178226,47.71526680016013,59.81964111328125
201901B,2019,2019-04-30 08:45:00,EMBC,12.88,85.53,84.8,84.4999999999693,84.4999999999693,0,56.0538330078125,63.02661843389963,47.71526680016013,57.641822814941406
201901B,2019,2019-04-30 20:15:00,EMBC,13.61,84.14,90.0,95.0,95.0,0,55.17206954956055,61.67719765600954,47.71526680016013,56.93433380126953
201901B,2019,2019-05-01 04:15:00,EMBC,14.11,83.79,90.0,95.0,95.0,0,43.26605224609375,43.45663410139429,47.71526680016013,61.41078567504883
201901B,2019,2019-05-01 09:15:00,EYE,14.69,84.18,90.0,95.45454545457082,95.45454545457082,0,68.64033508300781,82.28857271684994,47.71526680016013,64.90744018554688
201901B,2019,2019-05-01 15:15:00,EYE,15.22,84.15,97.2,100.0,100.0,0,74.8348388671875,91.76843042343044,47.71526680016013,57.158145904541016
201901B,2019,2019-05-02 03:45:00,EMBC,16.28,84.62,90.0,105.99999999995909,105.99999999995909,0,68.65876007080078,82.31676969091086,47.71526680016013,71.82659912109375
201901B,2019,2019-05-02 09:15:00,EYE,17.13,85.01,107.2,115.0,115.0,0,88.75300598144531,113.06831954716353,47.71526680016013,76.78825378417969
201901B,2019,2019-05-02 14:45:00,EYE,17.79,85.0,122.2,115.0,115.0,0,89.60929870605469,114.37876078140873,47.71526680016013,76.70380401611328
201901B,2019,2019-05-02 21:15:00,EYE,18.78,85.32,132.2,114.09090909084144,114.09090909084144,0,92.0069580078125,118.0480569512767,47.71526680016013,72.7236328125
201902A,2019,2019-06-10 14:45:00,IRRCDO,13.68,70.8,37.0,32.699999999981586,32.699999999981586,2,36.28101348876953,30.855279571897093,49.540730037703746,29.179744720458984
201902A,2019,2019-06-10 20:45:00,CRVBND,14.17,70.7,47.0,35.0,35.0,2,36.44296646118164,31.07738006637124,49.540730037703746,36.78845977783203
201902A,2019,2019-06-11 03:45:00,IRRCDO,15.19,70.6,61.0,41.00000000006139,41.00000000006139,2,35.3594856262207,29.591506571034927,49.540730037703746,44.8860969543457
201902A,2019,2019-06-11 09:15:00,EMBC,15.63,70.9,72.2,45.909090909141646,45.909090909141646,2,39.830909729003906,35.72356756034911,49.540730037703746,67.88945007324219
201902A,2019,2019-06-11 14:45:00,EYE,16.72,70.9,79.6,59.545454545513735,59.545454545513735,2,57.07584762573242,59.37308245960757,49.540730037703746,58.18974685668945
201902A,2019,2019-06-11 20:45:00,IRRCDO,17.47,70.7,84.8,69.50000000006139,69.50000000006139,2,47.326507568359375,46.002946578253,49.540730037703746,54.86468505859375
201902A,2019,2019-06-12 10:15:00,EMBC,18.83,69.99,74.6,80.0,80.0,2,67.33956146240234,73.44862478719685,49.540730037703746,60.152042388916016
201902A,2019,2019-06-12 16:15:00,IRRCDO,19.52,69.68,65.0,80.0,80.0,2,54.03578567504883,55.203975511939205,49.540730037703746,43.11062240600586
201902A,2019,2019-06-13 08:15:00,EYE,20.69,69.29,67.4,80.0,80.0,2,86.84303283691406,100.19546722994508,49.540730037703746,65.1980972290039
201902A,2019,2019-06-13 15:15:00,EYE,20.81,68.97,77.0,80.0,80.0,2,87.97742462158203,101.75115943212988,49.540730037703746,60.45469284057617
201902A,2019,2019-06-14 01:45:00,EMBC,20.94,68.42,92.4,77.27272727271036,77.27272727271036,2,70.25623321533203,77.44851579812607,49.540730037703746,59.70526123046875
201902A,2019,2019-06-14 09:15:00,EYE,20.55,68.39,79.6,74.54545454542918,74.54545454542918,2,63.62291717529297,68.35166039279844,49.540730037703746,66.00924682617188
201902A,2019,2019-06-14 14:45:00,CRVBND,20.75,68.21,79.6,70.0,70.0,2,62.792930603027344,67.2134260932882,49.540730037703746,53.72060775756836
201902A,2019,2019-06-15 03:15:00,EYE,20.78,66.98,82.2,65.0,65.0,2,80.25566101074219,91.16161920550185,49.540730037703746,78.00688171386719
201902A,2019,2019-06-15 07:45:00,EYE,20.59,67.08,77.0,65.0,65.0,2,73.77322387695312,82.27167744420771,49.540730037703746,71.40587615966797
201902A,2019,2019-06-15 15:15:00,CRVBND,20.81,66.29,74.6,65.0,65.0,2,74.73387908935547,83.58910925491139,49.540730037703746,50.15726089477539
201902A,2019,2019-06-15 20:45:00,IRRCDO,20.7,65.81,61.0,65.0,65.0,2,53.54977798461914,54.53747000262383,49.540730037703746,45.96971893310547
201902A,2019,2019-06-16 03:15:00,CRVBND,21.21,65.3,45.0,55.0,55.0,2,43.68199920654297,41.00490858476158,49.540730037703746,47.89237976074219
201902A,2019,2019-06-16 08:15:00,IRRCDO,20.76,65.75,43.0,55.0,55.0,2,66.92665100097656,72.8823639999428,49.540730037703746,47.94407653808594
201902A,2019,2019-06-16 14:45:00,SHEAR,20.68,65.48,39.0,45.45454545457928,45.45454545457928,2,43.328880310058594,40.520645280734186,49.540730037703746,32.50897216796875
201902A,2019,2019-06-16 21:15:00,SHEAR,21.01,66.42,39.0,39.54545454542918,39.54545454542918,2,31.788328170776367,24.694061189909448,49.540730037703746,28.721654891967773
201902A,2019,2019-06-17 03:15:00,SHEAR,22.12,67.12,29.0,30.0,30.0,2,31.68294334411621,24.5495376176484,49.540730037703746,31.794719696044922
201902A,2019,2019-06-17 09:15:00,SHEAR,22.67,67.67,25.0,25.0,25.0,2,31.77926254272461,24.681628689023388,49.540730037703746,30.820459365844727
201903A,2019,2019-09-23 03:45:00,EMBC,20.3,65.28,47.0,41.36363636361945,41.36363636361945,1,46.069580078125,36.35583762107301,48.893103305784514,59.11845779418945
201903A,2019,2019-09-23 09:15:00,CRVBND,20.2,63.95,72.2,55.0,55.0,1,66.54544067382812,61.63538105818376,48.893103305784514,50.222198486328125
201903A,2019,2019-09-23 14:45:00,EMBC,20.2,62.95,77.0,55.0,55.0,1,73.06879425048828,69.68912802164073,48.893103305784514,49.6764030456543
201903A,2019,2019-09-24 01:45:00,EYE,20.13,60.58,84.8,72.7272727272389,72.7272727272389,1,59.29011535644531,52.67794014116379,48.893103305784514,53.4731330871582
201903A,2019,2019-09-24 14:15:00,EMBC,19.9,57.95,67.4,64.09090909093446,64.09090909093446,1,67.6868896484375,63.04461652352671,48.893103305784514,52.33004379272461
201904A,2019,2019-10-25 12:45:00,EMBC,16.13,71.66,63.0,51.36363636361945,51.36363636361945,1,82.70639038085938,81.58772582993862,48.893103305784514,63.054840087890625
201904A,2019,2019-10-25 16:45:00,EMBC,16.47,71.75,67.4,55.0,55.0,1,75.28970336914062,72.431067403013,48.893103305784514,71.49122619628906
201904A,2019,2019-10-25 22:45:00,EMBC,16.57,71.04,74.6,62.72727272733192,62.72727272733192,1,97.97972869873047,100.44422358893071,48.893103305784514,72.99382019042969
201904A,2019,2019-10-26 07:15:00,EMBC,16.9,70.04,84.8,77.27272727271036,77.27272727271036,1,97.08700561523438,99.34206566687068,48.893103305784514,59.851104736328125
201904A,2019,2019-10-26 12:15:00,EYE,16.75,69.49,84.8,85.45454545448627,85.45454545448627,1,105.88683319091797,110.20635253768776,48.893103305784514,67.03933715820312
201904A,2019,2019-10-26 18:15:00,EYE,16.95,68.86,115.0,105.45454545457928,105.45454545457928,1,110.84261322021484,116.32476968210153,48.893103305784514,67.77452087402344
201904A,2019,2019-10-27 00:15:00,EYE,17.13,68.22,132.2,120.45454545448628,120.45454545448628,1,108.78166198730469,113.78031466539505,48.893103305784514,69.20553588867188
201904A,2019,2019-10-27 06:15:00,EYE,17.31,67.39,140.0,125.0,125.0,1,106.46347045898438,110.91827020275531,48.893103305784514,66.89767456054688
201904A,2019,2019-10-27 11:45:00,EYE,17.56,66.88,129.6,130.0,130.0,1,112.63969421386719,118.54344990932353,48.893103305784514,64.83082580566406
201904A,2019,2019-10-27 18:15:00,EYE,18.0,66.17,129.6,129.54545454542918,129.54545454542918,1,107.90006256103516,112.69189003550726,48.893103305784514,62.3785285949707
201904A,2019,2019-10-28 00:15:00,EYE,18.29,65.44,127.0,125.0,125.0,1,105.65936279296875,109.92551707396025,48.893103305784514,66.28572082519531
201904A,2019,2019-10-28 06:15:00,EYE,18.38,64.81,129.6,125.0,125.0,1,112.2502670288086,118.06266223281696,48.893103305784514,69.35101318359375
201904A,2019,2019-10-28 12:15:00,EYE,18.61,64.41,127.0,125.0,125.0,1,110.2166519165039,115.55195645194935,48.893103305784514,66.87896728515625
201904A,2019,2019-10-28 17:45:00,EYE,18.82,64.01,122.2,125.0,125.0,1,107.12743377685547,111.73800080486211,48.893103305784514,63.229549407958984
201904A,2019,2019-10-29 06:15:00,EYE,19.36,63.27,109.8,109.54545454551372,109.54545454551372,1,100.04531860351562,102.99440552034274,48.893103305784514,69.77302551269531
201904A,2019,2019-10-29 11:45:00,EYE,19.45,63.01,112.4,100.45454545457082,100.45454545457082,1,101.33378601074219,104.58515027248862,48.893103305784514,70.54727172851562
201904A,2019,2019-10-29 17:45:00,EMBC,19.53,62.82,97.2,95.45454545448628,95.45454545448628,1,47.83258056640625,38.53244197989082,48.893103305784514,69.38703918457031
201904A,2019,2019-10-29 23:15:00,EMBC,19.61,62.51,90.0,86.36363636364482,86.36363636364482,1,58.087921142578125,51.193708467127266,48.893103305784514,65.38973236083984
201904A,2019,2019-10-30 12:15:00,CRVBND,19.0,61.41,59.0,64.54545454542918,64.54545454542918,1,42.77045440673828,32.28272966429149,48.893103305784514,53.384376525878906
201905A,2019,2019-10-30 12:15:00,CRVBND,9.85,74.2,39.0,35.45454545457082,35.45454545457082,0,33.92010498046875,29.153914578064004,47.71526680016013,38.94050598144531
201904A,2019,2019-10-30 18:15:00,SHEAR,18.54,60.89,45.0,55.0,55.0,1,38.483341217041016,26.989850100464736,48.893103305784514,32.967594146728516
201905A,2019,2019-10-30 18:15:00,CRVBND,10.91,73.44,39.0,40.0,40.0,0,32.62657165527344,27.17433521403342,47.71526680016013,36.99437713623047
201904A,2019,2019-10-30 23:45:00,CRVBND,18.14,60.49,35.0,50.45454545457082,50.45454545457082,1,38.643672943115234,27.187796009243325,48.893103305784514,36.81426239013672
201904A,2019,2019-10-31 05:45:00,SHEAR,17.85,60.12,33.0,40.45454545457928,40.45454545457928,1,39.60175323486328,28.370644087265845,48.893103305784514,34.90099334716797
201904A,2019,2019-10-31 11:45:00,SHEAR,17.33,59.52,35.0,35.45454545457082,35.45454545457082,1,39.12275314331055,27.779269499409526,48.893103305784514,32.57642364501953
201905A,2019,2019-10-31 12:45:00,CRVBND,12.81,72.63,55.0,50.90909090906554,50.90909090906554,0,33.7929573059082,28.9593321055123,47.71526680016013,44.42304611206055
201904A,2019,2019-10-31 17:45:00,CRVBND,16.88,59.31,37.0,30.0,30.0,1,36.36915588378906,24.379672144024614,48.893103305784514,35.06149673461914
201905A,2019,2019-10-31 17:45:00,IRRCDO,13.62,72.31,51.0,55.0,55.0,0,33.42921447753906,28.402672464180718,47.71526680016013,37.193267822265625
201904A,2019,2019-11-01 00:15:00,CRVBND,16.58,59.1,31.0,25.0,25.0,1,36.08613586425781,24.03025499284448,48.893103305784514,33.84245300292969
201905A,2019,2019-11-01 00:45:00,CRVBND,15.06,71.72,49.0,55.0,55.0,0,36.38282012939453,32.92277000168665,47.71526680016013,50.367820739746094
201904A,2019,2019-11-01 05:45:00,SHEAR,16.03,58.62,32.0,25.0,25.0,1,35.9432373046875,23.85383211054979,48.893103305784514,37.27562713623047
201905A,2019,2019-11-01 06:15:00,CRVBND,15.77,71.09,49.0,55.0,55.0,0,33.24787902832031,28.12516286605231,47.71526680016013,38.58326721191406
201904A,2019,2019-11-01 11:45:00,CRVBND,15.38,58.03,34.0,25.0,25.0,1,41.10505294799805,30.226621286346862,48.893103305784514,55.893943786621094
201905A,2019,2019-11-01 12:45:00,CRVBND,15.82,69.52,47.0,50.0,50.0,0,42.925235748291016,42.93506013586109,47.71526680016013,52.789695739746094
201905A,2019,2019-11-02 13:15:00,CRVBND,16.85,67.56,53.0,55.0,55.0,0,46.82844924926758,48.90840519735931,47.71526680016013,62.242740631103516
201905A,2019,2019-11-02 18:15:00,CRVBND,17.37,67.01,61.0,60.0,60.0,0,36.04871368408203,32.41146487204852,47.71526680016013,37.26764678955078
201905A,2019,2019-11-02 23:45:00,CRVBND,17.49,66.47,69.8,60.0,60.0,0,31.531076431274414,25.497826618095164,47.71526680016013,38.2944450378418
201905A,2019,2019-11-03 13:15:00,EYE,17.79,65.75,82.2,71.81818181819027,71.81818181819027,0,57.20574951171875,64.78947223581058,47.71526680016013,65.47461700439453
201905A,2019,2019-11-03 17:45:00,EYE,17.99,65.43,87.4,79.54545454551373,79.54545454551373,0,68.6845474243164,82.3562337788305,47.71526680016013,49.96881866455078
201905A,2019,2019-11-03 23:45:00,EYE,18.19,65.05,94.8,89.54545454551373,89.54545454551373,0,60.13655090332031,69.27467090976864,47.71526680016013,50.00395202636719
201905A,2019,2019-11-04 06:15:00,EYE,18.61,64.32,97.2,90.45454545457928,90.45454545457928,0,73.53787231445312,89.78359696485434,47.71526680016013,59.63459014892578
201905A,2019,2019-11-04 11:45:00,EYE,19.0,64.19,102.0,99.50000000007162,99.50000000007162,0,79.25912475585938,98.53920692774985,47.71526680016013,56.50457763671875
201905A,2019,2019-11-04 17:45:00,EYE,19.44,63.71,104.6,100.0,100.0,0,79.73580932617188,99.26870876598036,47.71526680016013,53.7103271484375
201905A,2019,2019-11-05 05:45:00,EYE,20.05,64.11,84.8,80.45454545457082,80.45454545457082,0,40.339996337890625,38.978697753674695,47.71526680016013,58.46884536743164
201905A,2019,2019-11-05 11:15:00,EMBC,19.7,64.28,74.6,72.7272727272389,72.7272727272389,0,55.25897216796875,61.81019046472216,47.71526680016013,61.10224533081055
201905A,2019,2019-11-05 17:45:00,CRVBND,19.8,64.34,59.0,70.0,70.0,0,61.09408950805664,70.74005539216107,47.71526680016013,39.97797775268555
201905A,2019,2019-11-05 23:45:00,CRVBND,19.77,65.64,47.0,60.90909090897252,60.90909090897252,0,46.931068420410156,49.065450083324734,47.71526680016013,33.78240966796875
201905A,2019,2019-11-06 05:15:00,CRVBND,19.78,67.02,41.0,51.36363636364482,51.36363636364482,0,37.94209289550781,35.3090279593057,47.71526680016013,37.82693099975586
201905A,2019,2019-11-06 18:00:00,SHEAR,19.82,68.74,47.0,40.0,40.0,0,33.82878875732422,29.014167338918984,47.71526680016013,22.361610412597656
201905A,2019,2019-11-06 23:45:00,SHEAR,19.12,68.58,32.0,30.500000000030692,30.500000000030692,0,32.77479934692383,27.401177827094582,47.71526680016013,27.107723236083984
201905A,2019,2019-11-07 05:15:00,SHEAR,19.01,68.95,28.0,26.36363636364482,26.36363636364482,0,33.35284423828125,28.285798049957165,47.71526680016013,26.238208770751953
201906A,2019,2019-12-03 09:15:00,CRVBND,6.91,57.09,37.0,30.0,30.0,3,35.98794937133789,28.641365974343408,50.69363147943891,43.490821838378906
201906A,2019,2019-12-03 15:15:00,SHEAR,7.11,57.39,33.0,30.0,30.0,3,31.82927131652832,22.3443421235047,50.69363147943891,35.01210021972656
201907A,2019,2019-12-03 15:15:00,CRVBND,13.72,69.98,35.0,40.31818181809633,40.31818181809633,1,45.057071685791016,35.10579248793622,48.893103305784514,53.93557357788086
201906A,2019,2019-12-03 20:15:00,CRVBND,7.22,57.33,33.0,30.0,30.0,3,30.649015426635742,20.557211840565124,50.69363147943891,47.72321701049805
201907A,2019,2019-12-03 20:45:00,IRRCDO,13.78,69.32,41.0,27.700000000036837,27.700000000036837,1,39.68099594116211,28.468477310274594,48.893103305784514,40.472347259521484
201906A,2019,2019-12-04 02:45:00,EMBC,7.34,57.64,41.0,30.0,30.0,3,36.419063568115234,29.29415427479924,50.69363147943891,70.60784912109375
201907A,2019,2019-12-04 03:15:00,CRVBND,14.62,69.08,39.0,30.0,30.0,1,37.92838668823242,26.304701993938647,48.893103305784514,36.00833511352539
201906A,2019,2019-12-04 09:15:00,CRVBND,7.7,57.4,51.0,30.0,30.0,3,42.76287078857422,38.899876296525264,50.69363147943891,74.30868530273438
201907A,2019,2019-12-04 08:45:00,SHEAR,14.88,68.72,32.0,30.0,30.0,1,37.37769317626953,25.624814548371532,48.893103305784514,29.815099716186523
201906A,2019,2019-12-04 14:45:00,CRVBND,8.38,57.01,51.0,30.0,30.0,3,32.22734451293945,22.947100110332148,50.69363147943891,46.121490478515625
201907A,2019,2019-12-04 15:15:00,SHEAR,14.91,68.18,29.0,30.0,30.0,1,36.2537841796875,24.23723397925898,48.893103305784514,22.910993576049805
201906A,2019,2019-12-04 20:45:00,CRVBND,8.95,56.61,39.0,32.72727272725751,32.72727272725751,3,33.280426025390625,24.54166437171159,50.69363147943891,48.26036071777344
201907A,2019,2019-12-04 20:45:00,SHEAR,15.09,67.67,25.0,28.18181818182833,28.18181818182833,1,36.297054290771484,24.2906553554968,48.893103305784514,16.374534606933594
201906A,2019,2019-12-05 02:45:00,CRVBND,9.69,55.83,37.0,35.0,35.0,3,33.3746337890625,24.684312714997002,50.69363147943891,55.44728469848633
201906A,2019,2019-12-05 15:00:00,CRVBND,9.3,54.5,47.0,35.0,35.0,3,34.53933334350586,26.44788776859102,50.69363147943891,50.26901626586914
201906A,2019,2019-12-05 20:45:00,IRRCDO,9.06,53.68,35.0,35.0,35.0,3,30.391801834106445,20.167741892285836,50.69363147943891,50.076011657714844
201906A,2019,2019-12-06 09:45:00,CRVBND,7.52,51.55,55.0,35.0,35.0,3,39.646183013916016,34.18062248702623,50.69363147943891,71.3958969116211
201906A,2019,2019-12-06 14:45:00,CRVBND,7.37,51.54,53.0,35.0,35.0,3,38.68537902832031,32.72578382590893,50.69363147943891,41.416534423828125
201906A,2019,2019-12-06 20:45:00,CRVBND,7.07,50.29,39.0,35.0,35.0,3,38.81236267089844,32.91806103886992,50.69363147943891,35.05101013183594
202001B,2020,2020-05-17 09:15:00,EMBC,11.72,86.3,55.0,65.0,65.0,4,49.55854797363281,58.2043493432872,49.12199992680404,50.582462310791016
202001B,2020,2020-05-17 15:15:00,EMBC,12.2,86.76,61.0,75.45454545457082,75.45454545457082,4,69.6695556640625,106.75955115807385,49.12199992680404,49.69965744018555
202001B,2020,2020-05-17 20:45:00,EYE,12.9,86.57,87.4,89.09090909102747,89.09090909102747,4,79.37202453613281,130.1847987357597,49.12199992680404,61.38318634033203
202001B,2020,2020-05-18 02:45:00,EYE,13.33,86.35,117.4,113.50000000018416,113.50000000018416,4,82.476806640625,137.68085880371422,49.12199992680404,69.03871154785156
202001B,2020,2020-05-18 08:45:00,EYE,13.65,86.39,134.8,120.0,120.0,4,81.96632385253906,136.4483698513937,49.12199992680404,61.82115936279297
202001B,2020,2020-05-18 15:15:00,EYE,14.53,86.64,143.0,125.0,125.0,4,86.39808654785156,147.14823807174858,49.12199992680404,57.518959045410156
202001B,2020,2020-05-18 22:15:00,EMBC,15.36,86.64,132.2,127.72727272728964,127.72727272728964,4,62.28533172607422,88.93138018456163,49.12199992680404,61.556907653808594
202001B,2020,2020-05-19 07:45:00,EMBC,16.71,87.1,104.6,112.00000000002046,112.00000000002046,4,57.37492370605469,77.07589009301061,49.12199992680404,64.12752532958984
202001B,2020,2020-05-19 15:15:00,EMBC,17.91,87.13,90.0,100.0,100.0,4,64.84185028076172,95.1037349604573,49.12199992680404,67.87583923339844
202001B,2020,2020-05-20 01:45:00,EMBC,19.62,87.09,69.8,95.0,95.0,4,59.64200210571289,82.54943229038798,49.12199992680404,70.96990966796875
202002A,2020,2020-06-02 23:45:00,EYE,17.61,72.23,47.0,49.545454545420725,49.545454545420725,4,51.82548522949219,63.67755076879761,49.12199992680404,53.389766693115234
202002A,2020,2020-06-03 06:15:00,EYE,18.03,72.74,72.2,60.0,60.0,4,56.03541564941406,73.84183613490542,49.12199992680404,58.14204406738281
202003A,2020,2020-11-22 06:15:00,EYE,10.41,52.43,61.0,51.36363636345879,51.36363636345879,4,61.65235900878906,87.4031565120273,49.12199992680404,66.39373016357422
202003A,2020,2020-11-22 11:45:00,EYE,10.32,51.55,87.4,74.09090909102747,74.09090909102747,4,63.26808547973633,91.30410101376258,49.12199992680404,56.996437072753906
202003A,2020,2020-11-23 11:45:00,SHEAR,11.48,48.73,35.0,30.0,30.0,4,31.940902709960938,15.669020709009734,49.12199992680404,37.002159118652344
202003A,2020,2020-11-23 17:45:00,SHEAR,11.58,47.83,27.0,30.0,30.0,4,31.148378372192383,13.755582071034645,49.12199992680404,33.98452377319336
202004B,2020,2020-11-23 18:15:00,CRVBND,10.18,83.67,35.0,30.27272727269176,30.27272727269176,2,37.37034225463867,32.34917285425564,49.540730037703746,30.963157653808594
202003A,2020,2020-11-23 23:45:00,CRVBND,11.71,46.73,30.0,25.272727272742493,25.272727272742493,4,30.22997283935547,11.538220977988379,49.12199992680404,35.48594284057617
202004B,2020,2020-11-23 23:45:00,CRVBND,9.97,82.84,37.0,34.818181818171674,34.818181818171674,2,37.633853912353516,32.71054979353924,49.540730037703746,48.939361572265625
202003A,2020,2020-11-24 05:15:00,CRVBND,11.52,46.0,33.0,22.363636363647355,22.363636363647355,4,30.702526092529297,12.679134398602708,49.12199992680404,37.26981735229492
202004B,2020,2020-11-25 06:45:00,EMBC,11.29,81.95,61.0,60.99999999995907,60.99999999995907,2,51.50103759765625,51.7278503567692,49.540730037703746,74.26823425292969
202004B,2020,2020-11-25 13:15:00,EMBC,11.72,81.02,57.0,65.0,65.0,2,40.91168212890625,37.205726738147405,49.540730037703746,68.6646957397461
202004B,2020,2020-11-25 18:45:00,IRRCDO,12.09,80.34,57.0,64.09090909093446,64.09090909093446,2,45.93617248535156,44.09625660015846,49.540730037703746,51.3515739440918
202005B,2020,2020-12-01 19:30:00,EMBC,8.31,83.77,53.0,35.0,35.0,1,39.32976150512695,28.03484248741283,48.893103305784514,62.90678405761719
202005B,2020,2020-12-02 01:15:00,EMBC,8.61,83.14,55.0,40.0,40.0,1,47.74800491333008,38.4280246888242,48.893103305784514,66.92330169677734
202005B,2020,2020-12-02 11:15:00,CRVBND,9.06,81.7,53.0,45.0,45.0,1,40.529727935791016,29.51632373530786,48.893103305784514,47.03727340698242
202005B,2020,2020-12-02 17:45:00,CRVBND,8.84,81.55,45.0,45.0,45.0,1,39.32908248901367,28.034004172595736,48.893103305784514,38.838775634765625
202005B,2020,2020-12-02 22:45:00,EMBC,9.15,80.94,47.0,40.0,40.0,1,61.373016357421875,55.24949439077799,48.893103305784514,59.1619873046875
202005B,2020,2020-12-03 06:45:00,CRVBND,9.2,80.09,33.0,39.09090909093446,39.09090909093446,1,39.345890045166016,28.054754819135788,48.893103305784514,51.65431213378906
202005B,2020,2020-12-03 12:00:00,CRVBND,9.22,79.4,33.0,30.0,30.0,1,37.95225143432617,26.334165463015946,48.893103305784514,37.633216857910156
202005B,2020,2020-12-03 23:45:00,CRVBND,9.4,79.41,41.0,30.0,30.0,1,38.93534851074219,27.547899319524547,48.893103305784514,39.457847595214844
202005B,2020,2020-12-04 06:15:00,CRVBND,9.3,79.36,35.0,29.81818181817167,29.81818181817167,1,38.08799743652344,26.501757781928298,48.893103305784514,40.26023864746094
202005B,2020,2020-12-04 11:45:00,CRVBND,9.3,79.31,35.0,25.27272727269176,25.27272727269176,1,38.178688049316406,26.613724615982594,48.893103305784514,41.79267120361328
202005B,2020,2020-12-05 05:15:00,CRVBND,9.0,78.85,57.0,18.98181818181345,18.98181818181345,1,38.26622009277344,26.721791873247252,48.893103305784514,52.49552536010742
202101A,2021,2021-05-14 09:45:00,CRVBND,11.96,72.22,35.0,30.0,30.0,1,38.995262145996094,27.62186882804885,48.893103305784514,41.009063720703125
202101A,2021,2021-05-14 15:15:00,CRVBND,12.22,72.2,41.0,33.181818181794505,33.181818181794505,1,39.79304122924805,28.60680867436321,48.893103305784514,40.996280670166016
202101A,2021,2021-05-14 20:15:00,CRVBND,12.32,72.29,43.0,38.63636363638055,38.63636363638055,1,46.30485534667969,36.64630899556333,48.893103305784514,49.03096008300781
202101A,2021,2021-05-15 03:15:00,EMBC,13.03,72.3,55.0,40.454545454486265,40.454545454486265,1,44.86823272705078,34.87265148574097,48.893103305784514,62.085208892822266
202101A,2021,2021-05-15 21:15:00,EMBC,14.93,72.79,72.2,60.45454545457082,60.45454545457082,1,109.32145690917969,114.44674668718439,48.893103305784514,69.80357360839844
202101A,2021,2021-05-16 09:15:00,EYE,16.41,72.63,107.2,70.45454545457082,70.45454545457082,1,100.92212677001953,104.07691485017283,48.893103305784514,67.45329284667969
202101A,2021,2021-05-16 15:15:00,EYE,17.44,72.28,119.8,80.45454545457928,80.45454545457928,1,104.17084503173828,108.08778970586941,48.893103305784514,66.26211547851562
202101A,2021,2021-05-16 21:15:00,EYE,18.17,71.75,134.8,90.90909090915856,90.90909090915856,1,106.62667846679688,111.11976717542206,48.893103305784514,73.33653259277344
202101A,2021,2021-05-17 02:45:00,EYE,18.93,71.46,124.6,100.0,100.0,1,113.1600341796875,119.18586279871289,48.893103305784514,74.57260131835938
202101A,2021,2021-05-17 09:15:00,EYE,20.03,71.35,119.8,100.0,100.0,1,104.6419677734375,108.66943889992065,48.893103305784514,70.85786437988281
202101A,2021,2021-05-17 15:15:00,EYE,20.56,71.39,109.8,89.54545454551373,89.54545454551373,1,105.63233947753906,109.89215402809332,48.893103305784514,64.9374771118164
202102B,2021,2021-05-24 03:15:00,CRVBND,16.22,89.8,35.0,40.0,40.0,3,33.260162353515625,24.51098134613935,50.69363147943891,31.411277770996094
202102B,2021,2021-05-24 08:45:00,CRVBND,17.08,89.91,35.0,40.0,40.0,3,33.14405822753906,24.335177775673092,50.69363147943891,25.136310577392578
202102B,2021,2021-05-24 15:15:00,CRVBND,17.62,89.09,37.0,45.454545454486265,45.454545454486265,3,31.64691162109375,22.06821510995646,50.69363147943891,24.44668197631836
202102B,2021,2021-05-25 15:15:00,EMBC,20.13,88.08,61.0,65.45454545457082,65.45454545457082,3,43.18479919433594,39.53875557484669,50.69363147943891,40.756587982177734
202103B,2021,2021-09-24 12:10:00,CRVBND,19.01,91.31,35.0,25.0,25.0,2,34.369712829589844,28.234143231080957,49.540730037703746,39.874820709228516
202103B,2021,2021-09-24 18:15:00,CRVBND,18.66,89.99,35.0,25.272727272747566,25.272727272747566,2,32.99447250366211,26.348154033969436,49.540730037703746,43.106597900390625
202103B,2021,2021-09-25 18:15:00,IRRCDO,18.33,87.61,53.0,35.0,35.0,2,39.824954986572266,35.71540129319862,49.540730037703746,45.036407470703125
202103B,2021,2021-09-26 00:15:00,IRRCDO,18.26,87.32,53.0,40.0,40.0,2,41.178226470947266,37.57126266678696,49.540730037703746,37.82984161376953
202103B,2021,2021-09-26 06:15:00,EMBC,18.5,85.96,47.0,45.0,45.0,2,39.28780746459961,34.97876319104564,49.540730037703746,51.39582061767578
202103A,2021,2021-10-01 00:45:00,EMBC,22.85,64.51,51.0,36.36363636361945,36.36363636361945,4,50.745933532714844,61.071124909219044,49.12199992680404,63.43389129638672
202103A,2021,2021-10-01 06:15:00,EMBC,23.01,64.26,55.0,45.0,45.0,4,60.053428649902344,83.54276386245961,49.12199992680404,75.64775848388672
202103A,2021,2021-10-01 12:45:00,EMBC,23.33,63.53,57.0,55.0,55.0,4,62.62687683105469,89.75599284228892,49.12199992680404,71.91399383544922
202103A,2021,2021-10-01 18:15:00,EYE,23.82,63.06,55.0,60.0,60.0,4,59.4470329284668,82.07870661146778,49.12199992680404,57.76760482788086
202103A,2021,2021-10-02 00:15:00,CRVBND,23.91,62.39,57.0,60.0,60.0,4,55.86625289916992,73.43341644733515,49.12199992680404,46.61453628540039
202103A,2021,2021-10-02 06:15:00,EYE,24.11,61.69,67.4,60.0,60.0,4,58.6857795715332,80.24076736212405,49.12199992680404,55.97428512573242
202103A,2021,2021-10-02 18:15:00,EMBC,24.34,59.76,77.0,60.0,60.0,4,61.71494674682617,87.5542658098955,49.12199992680404,50.03862380981445
202103A,2021,2021-10-03 00:15:00,CRVBND,24.27,59.43,65.0,60.0,60.0,4,50.278507232666016,59.94258979642058,49.12199992680404,47.70390319824219
202103A,2021,2021-10-03 06:15:00,EYE,24.3,58.68,55.0,60.0,60.0,4,60.82383346557617,85.40279802285265,49.12199992680404,55.677635192871094
202104B,2021,2021-11-11 11:45:00,CRVBND,13.19,80.32,35.0,25.0,25.0,3,33.4688720703125,24.82700726765827,50.69363147943891,31.229110717773438
202105B,2021,2021-12-03 08:45:00,CRVBND,14.48,84.92,43.0,35.0,35.0,4,47.73404312133789,53.79933877997292,49.12199992680404,49.542781829833984
202105B,2021,2021-12-03 21:15:00,CRVBND,15.13,84.79,34.0,40.0,40.0,4,32.583518981933594,17.220527389102475,49.12199992680404,31.986801147460938
202105B,2021,2021-12-04 03:15:00,CRVBND,16.03,85.0,31.0,39.54545454542918,39.54545454542918,4,35.31665802001953,23.819307501214258,49.12199992680404,40.404354095458984
202105B,2021,2021-12-04 08:15:00,IRRCDO,16.33,84.89,39.0,35.0,35.0,4,36.324851989746094,26.253450156921147,49.12199992680404,49.972686767578125
202105B,2021,2021-12-04 15:15:00,CRVBND,16.97,85.03,41.0,30.0,30.0,4,37.198524475097656,28.362809593268963,49.12199992680404,42.16986846923828
202105B,2021,2021-12-04 21:15:00,CRVBND,17.45,85.19,33.0,30.0,30.0,4,33.59535217285156,19.663456432946514,49.12199992680404,33.960853576660156
202105B,2021,2021-12-05 09:15:00,CRVBND,20.02,86.56,45.0,25.0,25.0,4,41.26560974121094,38.182215409917845,49.12199992680404,59.93914794921875
202105B,2021,2021-12-05 14:45:00,IRRCDO,20.61,87.01,47.0,25.0,25.0,4,34.348388671875,21.481557233603223,49.12199992680404,37.72993850708008
202201B,2022,2022-03-04 20:45:00,CRVBND,11.1,83.51,37.0,30.0,30.0,2,35.97676467895508,30.43803615798178,49.540730037703746,49.931175231933594
202201B,2022,2022-03-05 03:15:00,CRVBND,11.91,84.19,37.0,30.0,30.0,2,36.33495330810547,30.92925203666837,49.540730037703746,47.59312057495117
202201B,2022,2022-03-05 09:15:00,CRVBND,11.71,83.79,37.0,30.0,30.0,2,33.11279296875,26.510417396049395,49.540730037703746,41.83402633666992
202201B,2022,2022-03-05 15:15:00,CRVBND,11.3,83.18,33.0,27.727272727252437,27.727272727252437,2,31.96147346496582,24.931510709251977,49.540730037703746,32.332584381103516
202201B,2022,2022-03-05 21:15:00,SHEAR,11.37,82.85,32.0,25.0,25.0,2,32.21063232421875,25.273204381300648,49.540730037703746,28.943737030029297
202201B,2022,2022-03-06 03:15:00,SHEAR,11.4,82.49,26.0,23.25,23.25,2,30.487634658813477,22.910304659457072,49.540730037703746,24.803054809570312
202201B,2022,2022-03-06 09:15:00,SHEAR,11.2,81.95,25.0,21.136363636396663,21.136363636396663,2,31.57880210876465,24.40671949259495,49.540730037703746,28.391380310058594
202202B,2022,2022-05-07 09:10:00,IRRCDO,9.92,90.88,43.0,28.0,28.0,0,35.25340270996094,31.194348032697306,47.71526680016013,42.333892822265625
202202B,2022,2022-05-08 03:15:00,EMBC,11.43,88.57,65.0,40.454545454486265,40.454545454486265,0,41.75385665893555,41.1424214557599,47.71526680016013,73.95767974853516
202202B,2022,2022-05-08 19:45:00,IRRCDO,13.38,86.62,51.0,55.0,55.0,0,34.61240768432617,30.213391067401304,47.71526680016013,37.062232971191406
202202B,2022,2022-05-09 03:45:00,IRRCDO,14.25,85.73,59.0,55.0,55.0,0,47.383934020996094,49.75850018117504,47.71526680016013,52.635276794433594
202202B,2022,2022-05-10 02:15:00,EMBC,14.95,83.75,72.0,55.0,55.0,0,44.16011047363281,44.82487037564015,47.71526680016013,65.36735534667969
202202B,2022,2022-05-10 10:15:00,EMBC,15.18,82.02,80.0,53.18181818186892,53.18181818186892,0,43.22080993652344,43.387396811050074,47.71526680016013,58.2047004699707
202202B,2022,2022-05-10 20:45:00,CRVBND,15.49,81.11,63.0,45.45454545457082,45.45454545457082,0,32.18131637573242,26.49293169242567,47.71526680016013,46.287715911865234
202202B,2022,2022-05-11 02:45:00,EMBC,15.74,80.58,57.0,45.0,45.0,0,36.375091552734375,32.910942451076416,47.71526680016013,66.63369750976562
202202B,2022,2022-05-11 07:45:00,IRRCDO,15.69,81.04,57.0,40.0,40.0,0,33.01573181152344,27.76989266865029,47.71526680016013,49.258140563964844
202203A,2022,2022-08-12 08:15:00,CRVBND,21.83,65.7,35.0,25.0,25.0,3,39.135799407958984,33.40780533276934,50.69363147943891,42.0684814453125
202203A,2022,2022-08-12 15:15:00,SHEAR,22.11,65.49,34.0,25.0,25.0,3,36.56288146972656,29.511921734720005,50.69363147943891,30.29545021057129
202203A,2022,2022-08-12 21:15:00,SHEAR,22.41,64.59,30.0,25.0,25.0,3,36.97400665283203,30.13444289398635,50.69363147943891,28.733570098876953
202203A,2022,2022-08-13 09:15:00,SHEAR,22.15,63.68,25.0,27.9,27.9,3,34.81787109375,26.869646518253745,50.69363147943891,28.270538330078125
202203A,2022,2022-08-13 15:15:00,SHEAR,22.26,63.77,25.0,25.786363636349485,25.786363636349485,3,31.276653289794922,21.50757408114106,50.69363147943891,20.04581069946289
202204B,2022,2022-08-19 00:15:00,CRVBND,20.89,89.1,35.0,25.0,25.0,1,38.263450622558594,26.71837267910561,48.893103305784514,27.440778732299805
202204B,2022,2022-08-19 06:45:00,CRVBND,21.05,89.0,39.0,30.0,30.0,1,48.37734603881836,39.20501065452665,48.893103305784514,52.2306022644043
202204B,2022,2022-08-19 11:15:00,CRVBND,21.35,88.37,39.0,30.0,30.0,1,42.63134765625,32.11098815799788,48.893103305784514,41.19020462036133
202205B,2022,2022-10-23 15:15:00,CRVBND,16.34,88.61,35.0,35.0,35.0,2,39.76418685913086,35.63206456308502,49.540730037703746,47.661224365234375
202205B,2022,2022-10-23 20:15:00,CRVBND,17.07,88.95,39.0,38.99999999993861,38.99999999993861,2,37.773319244384766,32.90181098958152,49.540730037703746,47.85894012451172
202205B,2022,2022-10-24 01:45:00,CRVBND,18.05,89.31,41.0,42.72727272728964,42.72727272728964,2,44.06599044799805,41.531509877289245,49.540730037703746,57.7453727722168
202205B,2022,2022-10-24 09:15:00,CRVBND,20.06,89.92,47.0,45.0,45.0,2,55.047245025634766,56.5910795493631,49.540730037703746,59.004981994628906
202205B,2022,2022-10-24 15:15:00,CRVBND,21.76,90.42,39.0,44.54545454542918,44.54545454542918,2,52.42601776123047,52.99635780463406,49.540730037703746,47.37983703613281
202206B,2022,2022-12-08 12:15:00,IRRCDO,10.27,82.87,57.0,50.0,50.0,3,32.91221237182617,23.984119371078933,50.69363147943891,39.29289245605469
202206B,2022,2022-12-08 18:15:00,EMBC,10.72,82.28,53.0,50.0,50.0,3,39.396690368652344,33.80284351083998,50.69363147943891,45.750972747802734
202206B,2022,2022-12-09 00:15:00,CRVBND,10.87,81.61,53.0,50.0,50.0,3,43.118106842041016,39.43777076007269,50.69363147943891,43.36592483520508
202206B,2022,2022-12-09 06:15:00,CRVBND,11.32,80.8,49.0,45.0,45.0,3,38.05066680908203,31.764709674391028,50.69363147943891,38.168663024902344
202206B,2022,2022-12-09 12:15:00,CRVBND,11.63,80.8,41.0,40.0,40.0,3,33.265052795410156,24.518386398621203,50.69363147943891,23.93914222717285
202206B,2022,2022-12-09 17:45:00,CRVBND,12.25,80.67,33.0,35.500000000030695,35.500000000030695,3,28.033679962158203,16.597100098153863,50.69363147943891,20.71177864074707
202207A,2022,2022-12-15 15:15:00,CRVBND,14.21,66.07,33.0,30.0,30.0,4,40.94415283203125,37.4061028779036,49.12199992680404,40.52081298828125
202207A,2022,2022-12-15 21:15:00,SHEAR,14.0,65.27,34.0,30.0,30.0,4,31.252199172973633,14.00624280430587,49.12199992680404,31.977523803710938
202207A,2022,2022-12-16 03:15:00,SHEAR,14.01,64.47,34.0,30.0,30.0,4,33.554901123046875,19.56579305788743,49.12199992680404,33.32521057128906
202207A,2022,2022-12-16 08:45:00,SHEAR,13.6,64.13,33.0,28.181818181831712,28.181818181831712,4,34.2650146484375,21.280262370788115,49.12199992680404,27.854312896728516
202207A,2022,2022-12-16 15:15:00,SHEAR,13.59,63.39,27.0,25.0,25.0,4,30.41494369506836,11.98480711465756,49.12199992680404,25.851139068603516
202207A,2022,2022-12-16 21:15:00,SHEAR,13.63,62.77,25.0,25.0,25.0,4,29.672733306884766,10.192844437201314,49.12199992680404,28.657011032104492
202207A,2022,2022-12-17 03:15:00,SHEAR,13.78,62.13,25.0,25.0,25.0,4,30.012895584106445,11.014118451637493,49.12199992680404,23.662696838378906
202301B,2023,2023-05-11 08:30:00,EMBC,11.65,88.1,51.0,45.0,45.0,1,58.824317932128906,52.10286559590282,48.893103305784514,63.289222717285156
202301B,2023,2023-05-11 14:30:00,EYE,12.25,88.19,55.0,50.0,50.0,1,69.87789154052734,65.74963237587629,48.893103305784514,58.27901077270508
202301B,2023,2023-05-12 09:00:00,EMBC,14.33,88.52,79.6,85.0,85.0,1,94.95744323730469,96.71290317656697,48.893103305784514,64.17613220214844
202301B,2023,2023-05-12 15:00:00,EYE,14.7,88.59,104.6,90.0,90.0,1,110.96808624267578,116.47967895717994,48.893103305784514,63.64598846435547
202301B,2023,2023-05-12 20:30:00,EYE,15.25,88.87,112.4,100.0,100.0,1,106.6275634765625,111.12085981046457,48.893103305784514,65.45126342773438
202301B,2023,2023-05-13 03:00:00,EMBC,15.0,89.66,112.4,100.0,100.0,1,99.428955078125,102.23344172884121,48.893103305784514,74.81741333007812
202301B,2023,2023-05-13 15:30:00,EMBC,17.48,91.15,122.2,110.5000000000307,110.5000000000307,1,108.16236877441406,113.01573387513213,48.893103305784514,69.30207061767578
202301B,2023,2023-05-13 21:30:00,EYE,18.1,91.03,122.2,115.0,115.0,1,112.70533752441406,118.62449328782132,48.893103305784514,71.69961547851562
202302A,2023,2023-06-06 09:00:00,CRVBND,12.0,66.0,49.0,33.0,33.0,0,34.38920593261719,29.871810705231763,47.71526680016013,63.722999572753906
202302A,2023,2023-06-06 15:30:00,EMBC,12.42,66.0,57.0,35.90909090906554,35.90909090906554,0,38.83174514770508,36.670521478884815,47.71526680016013,60.839393615722656
202302A,2023,2023-06-07 16:00:00,IRRCDO,13.75,66.39,77.0,66.49999999998977,66.49999999998977,0,34.39244079589844,29.876761229870205,47.71526680016013,43.96875762939453
202302A,2023,2023-06-08 03:00:00,EYE,13.55,66.81,77.0,75.0,75.0,0,40.07868194580078,38.578791104167124,47.71526680016013,44.994293212890625
202302A,2023,2023-06-08 09:00:00,IRRCDO,14.6,65.69,79.6,75.0,75.0,0,34.276947021484375,29.700013489359105,47.71526680016013,37.49222946166992
202302A,2023,2023-06-08 15:00:00,IRRCDO,14.6,66.0,65.0,75.0,75.0,0,36.655975341796875,33.34079743949343,47.71526680016013,29.615428924560547
202302A,2023,2023-06-09 03:00:00,EMBC,14.8,66.7,55.0,70.0,70.0,0,37.870670318603516,35.199725279110524,47.71526680016013,51.9917106628418
202303B,2023,2023-06-09 09:00:00,SHEAR,19.9,91.7,41.0,39.99,39.99,2,33.517250061035156,27.0650853274383,49.540730037703746,18.272903442382812
202302A,2023,2023-06-09 15:00:00,IRRCDO,15.7,67.3,65.0,65.0,65.0,0,37.473228454589844,34.5914937808733,47.71526680016013,33.99712371826172
202303B,2023,2023-06-09 15:00:00,SHEAR,20.0,91.9,37.0,37.2,37.2,2,31.68406867980957,24.55108089042828,49.540730037703746,13.99612045288086
202302A,2023,2023-06-09 20:30:00,EMBC,16.37,67.4,72.2,70.0,70.0,0,45.876102447509766,47.450966073496275,47.71526680016013,64.59147644042969
202303B,2023,2023-06-09 21:00:00,CRVBND,20.47,91.85,35.0,30.69,30.69,2,39.94527053833008,35.88040069481715,49.540730037703746,31.93286895751953
202302A,2023,2023-06-10 03:00:00,EMBC,16.8,67.4,77.0,75.0,75.0,0,57.400516510009766,65.0875370193776,47.71526680016013,66.31602478027344
202303B,2023,2023-06-10 03:10:00,CRVBND,21.11,91.9,32.0,26.040000000000003,26.040000000000003,2,36.594783782958984,31.285580642960152,49.540730037703746,42.004417419433594
202302A,2023,2023-06-10 14:00:00,EMBC,17.44,67.39,59.0,80.0,80.0,0,45.07688903808594,46.22787708001166,47.71526680016013,52.014495849609375
202302A,2023,2023-06-11 02:00:00,SHEAR,19.15,68.86,65.0,90.0,90.0,0,33.45359420776367,28.439982373336697,47.71526680016013,34.47176742553711
202302A,2023,2023-06-11 08:30:00,EMBC,18.57,67.85,74.6,90.0,90.0,0,45.05327224731445,46.19173474742135,47.71526680016013,60.62128448486328
202302A,2023,2023-06-12 02:00:00,EMBC,19.47,67.63,74.6,90.0,90.0,0,54.689491271972656,60.938676288809226,47.71526680016013,76.11006927490234
202302A,2023,2023-06-12 08:00:00,EYE,19.67,67.15,82.2,90.0,90.0,0,61.82319641113281,71.85585577502627,47.71526680016013,71.88121032714844
202302A,2023,2023-06-12 15:00:00,EYE,20.0,67.09,74.6,90.0,90.0,0,74.6777114868164,91.52796802973074,47.71526680016013,64.82296752929688
202302A,2023,2023-06-13 15:00:00,EMBC,21.5,66.4,82.2,85.0,85.0,0,56.113494873046875,63.11792292133501,47.71526680016013,67.51318359375
202302A,2023,2023-06-13 21:00:00,CRVBND,21.8,66.8,67.4,85.0,85.0,0,50.05978775024414,53.85353563206604,47.71526680016013,48.15144729614258
202302A,2023,2023-06-14 09:00:00,CRVBND,21.7,66.4,53.0,80.0,80.0,0,53.08586502075195,58.484541267544955,47.71526680016013,46.544944763183594
202302A,2023,2023-06-14 15:00:00,SHEAR,22.2,66.9,39.0,70.0,70.0,0,56.15967559814453,63.188596330855006,47.71526680016013,30.44417953491211
202302A,2023,2023-06-14 21:00:00,CRVBND,22.4,66.8,35.0,70.0,70.0,0,49.525508880615234,53.03589343889311,47.71526680016013,37.73467254638672
202302A,2023,2023-06-15 03:00:00,SHEAR,22.8,67.0,35.0,70.0,70.0,0,40.08421325683594,38.58725603426823,47.71526680016013,40.161865234375
202302A,2023,2023-06-15 09:00:00,CRVBND,22.9,67.4,34.0,65.0,65.0,0,35.80176544189453,32.033543689272506,47.71526680016013,56.60407257080078
202302A,2023,2023-06-15 15:00:00,CRVBND,23.1,68.3,34.0,65.0,65.0,0,46.753177642822266,48.79321209339032,47.71526680016013,55.50611877441406
202304B,2023,2023-08-01 00:00:00,CRVBND,20.63,91.78,41.0,25.0,25.0,4,29.80608558654785,10.514804776094937,49.12199992680404,20.360570907592773
202304B,2023,2023-08-01 06:00:00,SHEAR,21.53,91.07,33.0,30.0,30.0,4,31.22805404663086,13.947947789930495,49.12199992680404,12.309425354003906
202305A,2023,2023-10-21 15:30:00,EYE,11.25,56.95,65.0,66.81818181813108,66.81818181813108,3,83.61784362792969,100.76201974791812,50.69363147943891,68.97148132324219
202305A,2023,2023-10-21 21:00:00,EYE,11.68,56.07,94.8,80.0,80.0,3,100.02448272705078,125.60476938076972,50.69363147943891,63.73741912841797
202305A,2023,2023-10-22 03:00:00,EYE,12.4,55.42,99.6,95.0,95.0,3,96.36000061035156,120.05605149837919,50.69363147943891,74.23069763183594
202305A,2023,2023-10-22 09:00:00,EYE,13.1,54.37,99.6,95.0,95.0,3,92.99134826660156,114.9552757532491,50.69363147943891,71.5947265625
202305A,2023,2023-10-22 15:00:00,EYE,13.63,54.05,92.4,95.0,95.0,3,90.14126586914062,110.63971282745082,50.69363147943891,64.72303009033203
202305A,2023,2023-10-22 21:00:00,EYE,14.0,53.6,94.8,95.0,95.0,3,67.20858001708984,75.91529610874241,50.69363147943891,57.19347381591797
202305A,2023,2023-10-23 15:00:00,EYE,15.48,52.44,67.4,70.0,70.0,3,73.66896057128906,85.69753217008858,50.69363147943891,63.292320251464844
202306B,2023,2023-10-24 03:00:00,EMBC,20.0,89.5,74.6,65.0,65.0,1,94.15089416503906,95.71713588213741,48.893103305784514,69.01798248291016
202306B,2023,2023-10-24 08:30:00,EMBC,20.65,90.73,79.6,65.0,65.0,1,54.90312576293945,47.26175294508291,48.893103305784514,67.42375183105469
202306B,2023,2023-10-24 15:00:00,EMBC,21.1,91.5,74.6,55.0,55.0,1,72.28660583496094,68.72343644868296,48.893103305784514,70.90567016601562
202307B,2023,2023-11-17 00:00:00,CRVBND,20.26,88.86,35.0,35.0,35.0,3,43.8535041809082,40.55130119490267,50.69363147943891,31.922752380371094
202307B,2023,2023-11-17 06:00:00,SHEAR,21.11,89.53,32.0,45.0,45.0,3,34.58274841308594,26.513626381926425,50.69363147943891,23.48278045654297
202308B,2023,2023-12-03 03:00:00,CRVBND,11.67,82.36,37.0,35.0,35.0,2,36.3638801574707,30.968921994261052,49.540730037703746,56.305328369140625
202308B,2023,2023-12-03 09:00:00,CRVBND,12.0,82.5,37.0,35.0,35.0,2,42.21213912963867,38.989158919744355,49.540730037703746,39.49597930908203
202308B,2023,2023-12-03 14:30:00,CRVBND,12.56,82.42,43.0,39.090909090858354,39.090909090858354,2,39.02788162231445,34.62230379892505,49.540730037703746,50.68854904174805
202308B,2023,2023-12-03 20:00:00,CRVBND,12.98,82.14,45.0,45.0,45.0,2,48.93059158325195,48.20276945016146,49.540730037703746,53.083824157714844
202308B,2023,2023-12-04 03:00:00,CRVBND,13.7,81.1,53.0,50.0,50.0,2,44.33478927612305,41.900137582921715,49.540730037703746,46.61907196044922
202401B,2024,2024-05-25 18:30:00,CRVBND,18.87,89.1,35.0,40.49999999993861,40.49999999993861,0,33.29704666137695,28.200407337826903,47.71526680016013,33.905113220214844
202401B,2024,2024-05-26 00:00:00,CRVBND,19.34,89.01,35.0,50.0,50.0,0,34.31254577636719,29.754492611913257,47.71526680016013,53.18147659301758
202401B,2024,2024-05-26 06:00:00,CRVBND,20.53,88.61,41.0,50.0,50.0,0,39.28585433959961,37.365474726537165,47.71526680016013,56.40651321411133
202401B,2024,2024-05-26 12:00:00,CRVBND,21.02,88.89,51.0,60.0,60.0,0,36.13784408569336,32.54786700433289,47.71526680016013,47.36015319824219
202402A,2024,2024-08-30 06:00:00,CRVBND,23.55,67.77,35.0,35.0,35.0,1,41.395729064941406,30.585490672571456,48.893103305784514,37.190513610839844
202402A,2024,2024-08-30 12:00:00,CRVBND,23.55,66.86,33.0,35.0,35.0,1,41.30430603027344,30.472619588826806,48.893103305784514,42.97587203979492
202402A,2024,2024-08-30 18:00:00,CRVBND,23.93,66.04,33.0,35.0,35.0,1,39.80776596069336,28.62498786084633,48.893103305784514,38.74222946166992
202402A,2024,2024-08-31 00:00:00,CRVBND,23.42,65.58,33.0,40.0,40.0,1,45.09563446044922,35.153402176060006,48.893103305784514,40.91320037841797
202402A,2024,2024-08-31 06:00:00,CRVBND,23.64,64.9,31.0,40.0,40.0,1,42.660858154296875,32.147421885104976,48.893103305784514,44.460289001464844
202402A,2024,2024-08-31 12:00:00,CRVBND,23.29,64.12,34.0,40.0,40.0,1,44.437469482421875,34.34083021733516,48.893103305784514,38.676544189453125
202402A,2024,2024-08-31 18:00:00,CRVBND,23.14,63.44,33.0,40.0,40.0,1,47.57946014404297,38.21993893846578,48.893103305784514,36.45336151123047
202402A,2024,2024-09-01 00:00:00,CRVBND,23.11,62.61,39.0,40.0,40.0,1,40.68478012084961,29.70775151090183,48.893103305784514,38.891719818115234
202402A,2024,2024-09-01 06:00:00,SHEAR,22.37,62.06,39.0,35.0,35.0,1,37.71112060546875,26.03646480063661,48.893103305784514,34.7373161315918
202402A,2024,2024-09-01 12:00:00,SHEAR,22.2,61.54,31.0,30.0,30.0,1,39.22018051147461,27.899553546761542,48.893103305784514,34.07486343383789
202402A,2024,2024-09-01 18:00:00,SHEAR,21.68,61.6,30.0,30.0,30.0,1,36.18699645996094,24.154777710620017,48.893103305784514,33.175636291503906
202402A,2024,2024-09-01 22:30:00,SHEAR,21.33,61.45,25.0,22.72727272728964,22.72727272728964,1,37.693939208984375,26.015252609983776,48.893103305784514,31.030559539794922
202403B,2024,2024-10-23 13:00:00,IRRCDO,17.4,88.93,47.0,45.0,45.0,4,31.514163970947266,14.638719994398764,49.12199992680404,66.02716827392578
202403B,2024,2024-10-24 00:30:00,EMBC,18.76,88.42,63.0,55.0,55.0,4,31.329708099365234,14.193377214541444,49.12199992680404,90.27372741699219
202403B,2024,2024-10-25 00:30:00,IRRCDO,20.82,86.87,49.0,49.090909090858354,49.090909090858354,4,32.668861389160156,17.426574637954026,49.12199992680404,60.28263854980469
202404B,2024,2024-11-30 09:30:00,CRVBND,12.4,80.78,53.0,44.09090909093446,44.09090909093446,2,30.594234466552734,23.056494443177076,49.540730037703746,49.723854064941406
202404B,2024,2024-11-30 15:00:00,CRVBND,12.4,80.5,51.0,40.0,40.0,2,31.342885971069336,24.08318674073394,49.540730037703746,34.63275146484375
202404B,2024,2024-11-30 21:00:00,IRRCDO,12.2,80.1,37.0,35.0,35.0,2,30.8062801361084,23.347291502088563,49.540730037703746,38.03987121582031
202501B,2025,2025-10-01 12:00:00,SHEAR,16.52,86.27,35.0,25.0,25.0,3,28.652536392211914,17.534165590825562,50.69363147943891,8.491241455078125
202501B,2025,2025-10-01 18:00:00,SHEAR,17.49,86.08,31.0,30.0,30.0,3,30.222917556762695,19.912019206266578,50.69363147943891,18.840476989746094
202501B,2025,2025-10-02 00:00:00,CRVBND,17.33,85.26,32.0,30.0,30.0,3,32.421661376953125,23.241332534960243,50.69363147943891,26.798503875732422
202501B,2025,2025-10-02 06:00:00,CRVBND,17.72,84.84,35.0,30.0,30.0,3,34.53340148925781,26.438905821157878,50.69363147943891,28.307723999023438
202502A,2025,2025-10-03 05:30:00,CRVBND,21.65,66.85,39.0,34.090909090858354,34.090909090858354,0,40.98551940917969,39.96658428588795,47.71526680016013,54.997657775878906
202502A,2025,2025-10-03 12:30:00,IRRCDO,21.97,66.4,47.0,40.0,40.0,0,41.7820930480957,41.18563346445534,47.71526680016013,56.98926544189453
202502A,2025,2025-10-03 18:00:00,IRRCDO,22.01,65.84,49.0,45.0,45.0,0,46.28672790527344,48.07937329478827,47.71526680016013,48.75322341918945
202502A,2025,2025-10-04 00:00:00,CRVBND,22.15,64.68,55.0,50.0,50.0,0,58.50367736816406,66.77577684085942,47.71526680016013,50.01741409301758
202502A,2025,2025-10-04 06:00:00,CRVBND,22.03,64.25,65.0,55.0,55.0,0,53.60617446899414,59.28080513380048,47.71526680016013,52.3587646484375
202502A,2025,2025-10-04 12:00:00,EMBC,21.7,63.5,74.6,55.0,55.0,0,49.57578659057617,53.112836734570756,47.71526680016013,47.33433151245117
202502A,2025,2025-10-04 17:00:00,IRRCDO,21.13,62.92,79.6,55.0,55.0,0,62.046470642089844,72.19754705696955,47.71526680016013,57.26616668701172
202502A,2025,2025-10-05 05:30:00,EMBC,20.82,60.91,61.0,60.0,60.0,0,46.86796569824219,48.96887982557818,47.71526680016013,59.67402648925781
202502A,2025,2025-10-05 18:00:00,CRVBND,19.79,60.34,49.0,50.0,50.0,0,44.68061828613281,45.62143781180275,47.71526680016013,45.51870346069336
202502A,2025,2025-10-06 00:00:00,SHEAR,19.66,60.01,41.0,45.0,45.0,0,36.80359649658203,33.56671182918488,47.71526680016013,33.43449783325195
202502A,2025,2025-10-06 06:00:00,SHEAR,19.76,60.77,31.0,40.0,40.0,0,32.936405181884766,27.64849389523477,47.71526680016013,27.2725887298584
202502A,2025,2025-10-06 12:00:00,SHEAR,19.76,60.39,31.0,35.0,35.0,0,33.78228759765625,28.943003547241407,47.71526680016013,31.267074584960938
202502A,2025,2025-10-06 18:00:00,SHEAR,19.52,60.22,28.0,30.0,30.0,0,35.69963836669922,31.87725189019194,47.71526680016013,32.28470230102539
202502A,2025,2025-10-06 22:30:00,SHEAR,19.42,60.27,25.0,30.0,30.0,0,34.372581481933594,29.846369211865817,47.71526680016013,30.72648811340332
202503B,2025,2025-10-26 18:00:00,CRVBND,11.85,85.68,35.0,35.0,35.0,1,38.941436767578125,27.555415895075598,48.893103305784514,31.153087615966797
202503B,2025,2025-10-27 00:00:00,CRVBND,11.67,84.9,35.0,35.0,35.0,1,40.67074966430664,29.690429477771026,48.893103305784514,40.01085662841797
202503B,2025,2025-10-27 06:00:00,CRVBND,13.16,84.8,35.0,40.0,40.0,1,39.03287887573242,27.668310526989266,48.893103305784514,29.76169204711914
202503B,2025,2025-10-27 13:00:00,IRRCDO,13.4,83.94,43.0,45.0,45.0,1,41.338897705078125,30.515326548160715,48.893103305784514,35.44654083251953
202503B,2025,2025-10-27 18:00:00,CRVBND,13.9,83.57,43.0,45.0,45.0,1,48.30635070800781,39.11735965980197,48.893103305784514,26.14653968811035
202503B,2025,2025-10-27 23:30:00,IRRCDO,14.75,83.15,33.0,49.09090909093446,49.09090909093446,1,77.57110595703125,75.24769215724778,48.893103305784514,45.315982818603516
202503B,2025,2025-10-28 06:00:00,CRVBND,15.12,82.72,39.0,50.0,50.0,1,59.88146209716797,53.40801815417923,48.893103305784514,33.67594909667969
202503B,2025,2025-10-28 12:00:00,CRVBND,15.82,82.2,35.0,50.0,50.0,1,82.83203125,81.7428423289044,48.893103305784514,38.857418060302734
202503B,2025,2025-10-28 17:00:00,CRVBND,16.41,81.75,35.0,50.0,50.0,1,39.804107666015625,28.620471322028372,48.893103305784514,30.33979034423828
202505B,2025,2025-11-27 09:00:00,CRVBND,7.2,82.0,39.0,35.0,35.0,1,43.561973571777344,33.25994100153362,48.893103305784514,46.86944580078125
202505B,2025,2025-11-29 03:00:00,SHEAR,9.6,80.8,35.0,40.0,40.0,1,36.63518142700195,24.708107876608302,48.893103305784514,31.76321029663086
202505B,2025,2025-11-29 09:00:00,SHEAR,10.2,80.8,29.0,40.0,40.0,1,39.98429870605469,28.842935584390148,48.893103305784514,34.16878128051758
202505B,2025,2025-11-29 15:00:00,SHEAR,10.4,80.8,28.0,40.0,40.0,1,37.36219024658203,25.605674596592415,48.893103305784514,32.09284973144531
202505B,2025,2025-11-29 21:00:00,SHEAR,10.7,80.8,25.0,40.0,40.0,1,36.671234130859375,24.752618625689113,48.893103305784514,31.0421142578125
202505B,2025,2025-11-30 03:00:00,SHEAR,11.15,80.8,25.0,40.0,40.0,1,36.65281677246094,24.729880513683806,48.893103305784514,27.505619049072266
202505B,2025,2025-11-30 09:00:00,SHEAR,11.65,80.8,25.0,35.0,35.0,1,37.6917839050293,26.01259166688456,48.893103305784514,29.177165985107422
202505B,2025,2025-11-30 15:00:00,SHEAR,12.16,80.8,25.0,30.0,30.0,1,37.03367614746094,25.20009035266678,48.893103305784514,23.485639572143555
201401B,2014,2014-01-04 07:30:00,CRVBND,8.99,83.19,35.0,25.0,25.0,1,39.05278396606445,27.6928853961781,48.893103305784514,32.11823272705078
201401B,2014,2014-01-04 12:00:00,CRVBND,9.05,82.95,35.0,25.0,25.0,1,37.53910827636719,25.82409799315043,48.893103305784514,30.32647705078125
201401B,2014,2014-01-04 18:00:00,CRVBND,9.15,82.76,32.0,25.0,25.0,1,39.42534637451172,28.152851781637555,48.893103305784514,25.747766494750977
201401B,2014,2014-01-05 00:00:00,CRVBND,9.43,82.04,35.0,25.0,25.0,1,40.076087951660156,28.956258792979977,48.893103305784514,30.210826873779297
201401B,2014,2014-01-05 06:00:00,CRVBND,9.3,81.49,34.0,25.0,25.0,1,37.25185012817383,25.469448438814148,48.893103305784514,29.884654998779297
201401B,2014,2014-01-05 12:00:00,CRVBND,9.26,81.4,33.0,25.0,25.0,1,38.27981948852539,26.738581717758212,48.893103305784514,32.33837127685547
201401B,2014,2014-01-05 18:00:00,CRVBND,9.16,81.26,33.0,25.0,25.0,1,35.696929931640625,23.549740475098538,48.893103305784514,33.686344146728516
201401B,2014,2014-01-06 00:00:00,CRVBND,9.28,80.82,33.0,25.0,25.0,1,35.72929763793945,23.58970171792477,48.893103305784514,39.97972106933594
201402A,2014,2014-06-10 03:00:00,IRRCDO,15.3,68.7,39.0,35.34,35.34,1,40.34961700439453,29.29395837525597,48.893103305784514,30.987812042236328
201402A,2014,2014-06-10 20:00:00,EMBC,16.56,67.67,57.0,31.90909090906554,31.90909090906554,1,77.0715560913086,74.63094677208977,48.893103305784514,52.937862396240234
201402A,2014,2014-06-11 03:00:00,EMBC,17.25,66.85,59.0,35.0,35.0,1,62.84174346923828,57.06278817869412,48.893103305784514,55.95211410522461
201402A,2014,2014-06-11 09:30:00,EMBC,16.57,66.2,57.0,45.0,45.0,1,50.074764251708984,41.300646988987545,48.893103305784514,67.60816955566406
201402A,2014,2014-06-12 03:30:00,EMBC,18.47,63.65,67.4,45.0,45.0,1,74.06478881835938,70.91878515004036,48.893103305784514,55.834320068359375
201402A,2014,2014-06-12 15:00:00,EMBC,18.3,63.4,74.6,45.0,45.0,1,59.939491271972656,53.4796611036044,48.893103305784514,48.8533935546875
201402A,2014,2014-06-13 09:00:00,SHEAR,21.4,64.3,63.0,30.0,30.0,1,40.80875015258789,29.86080519026149,48.893103305784514,37.02395248413086
201402A,2014,2014-06-13 15:00:00,SHEAR,21.66,64.41,47.0,25.0,25.0,1,38.93841552734375,27.551685865102893,48.893103305784514,30.259765625
201402A,2014,2014-06-13 21:00:00,SHEAR,21.93,64.6,32.0,25.0,25.0,1,36.92193603515625,25.062135759282473,48.893103305784514,28.931655883789062
201402A,2014,2014-06-14 02:30:00,SHEAR,22.13,64.8,27.0,17.56600000005071,17.56600000005071,1,37.03493118286133,25.20163982218827,48.893103305784514,33.10538864135742
201403B,2014,2014-10-08 10:30:00,EMBC,12.89,91.35,55.0,40.0,40.0,1,44.09592819213867,33.91916257396915,48.893103305784514,47.7662467956543
201403B,2014,2014-10-09 01:30:00,EMBC,13.7,89.06,72.2,50.45454545457928,50.45454545457928,1,64.53917694091797,59.158443351690224,48.893103305784514,62.409751892089844
201403B,2014,2014-10-09 05:00:00,EMBC,13.92,88.68,77.0,55.0,55.0,1,42.028785705566406,31.367063821598922,48.893103305784514,60.45585250854492
201403B,2014,2014-10-11 06:00:00,EYE,16.07,85.22,115.0,90.0,90.0,1,107.49929809570312,112.19710532733545,48.893103305784514,62.721553802490234
201403B,2014,2014-10-11 12:00:00,EYE,16.26,84.88,127.0,95.0,95.0,1,113.22709655761719,119.26865816098574,48.893103305784514,63.40751266479492
201403B,2014,2014-10-11 23:30:00,EYE,17.2,84.24,124.6,100.0,100.0,1,110.31219482421875,115.66991394020224,48.893103305784514,68.40106201171875
201403B,2014,2014-10-12 06:00:00,EYE,17.52,83.45,122.2,100.0,100.0,1,113.38027954101562,119.45777821601578,48.893103305784514,70.45588684082031
201404A,2014,2014-10-25 23:30:00,CRVBND,14.03,63.03,49.0,25.0,25.0,0,35.06587219238281,30.90735771285566,47.71526680016013,54.62323760986328
201404A,2014,2014-10-26 06:00:00,EMBC,14.48,62.81,57.0,35.0,35.0,0,37.697296142578125,34.93439934244488,47.71526680016013,47.95323181152344
201404A,2014,2014-10-26 13:30:00,EMBC,14.29,62.9,72.2,40.0,40.0,0,54.05497741699219,59.96763788643859,47.71526680016013,55.9495849609375
201404A,2014,2014-10-27 00:00:00,EYE,14.9,62.89,90.0,55.0,55.0,0,49.84640884399414,53.5269878181795,47.71526680016013,47.32649612426758
201404A,2014,2014-10-27 05:00:00,EYE,14.97,62.57,102.0,63.63636363635518,63.63636363635518,0,48.244728088378906,51.07583011715769,47.71526680016013,54.858543395996094
201404A,2014,2014-10-27 12:30:00,EMBC,15.36,62.16,82.2,70.0,70.0,0,53.12724685668945,58.54787062046689,47.71526680016013,53.044639587402344
201404A,2014,2014-10-28 01:00:00,EMBC,15.81,61.72,87.4,75.0,75.0,0,39.225128173828125,37.27254146979267,47.71526680016013,44.45735549926758
201404A,2014,2014-10-28 06:00:00,EYE,16.12,61.47,69.8,80.0,80.0,0,70.8883056640625,85.7287903645335,47.71526680016013,51.61650085449219
201404A,2014,2014-10-28 12:00:00,EYE,16.8,61.8,99.6,100.0,100.0,0,85.32194519042969,107.81754091909575,47.71526680016013,73.16410827636719
201404A,2014,2014-10-29 00:00:00,EMBC,18.56,62.01,109.8,105.0,105.0,0,72.94406127929688,88.8748487722622,47.71526680016013,64.96601104736328
201404A,2014,2014-10-29 12:30:00,EMBC,19.84,62.57,74.6,78.99999999993861,78.99999999993861,0,44.57846450805664,45.46510514754238,47.71526680016013,49.679264068603516
201404A,2014,2014-10-30 00:00:00,IRRCDO,19.5,63.79,51.0,60.0,60.0,0,43.32524108886719,43.54721469135896,47.71526680016013,47.22309875488281
201404A,2014,2014-10-30 12:00:00,CRVBND,20.43,64.58,49.0,40.0,40.0,0,46.44763946533203,48.32562686825369,47.71526680016013,30.17604637145996
201404A,2014,2014-10-31 00:00:00,SHEAR,21.2,65.5,30.0,25.0,25.0,0,34.15645217895508,29.515612284460037,47.71526680016013,28.474212646484375
201404A,2014,2014-10-31 05:30:00,SHEAR,21.18,65.47,25.0,23.757272727258574,23.757272727258574,0,33.54035949707031,28.5727650182675,47.71526680016013,20.442750930786133
201405B,2014,2014-11-06 05:00:00,EMBC,13.96,87.0,41.0,30.0,30.0,3,42.337066650390625,38.25512842746939,50.69363147943891,48.95248031616211
201405B,2014,2014-11-06 12:00:00,CRVBND,13.86,88.01,49.0,30.0,30.0,3,38.64539337158203,32.66523799118599,50.69363147943891,29.272356033325195
201405B,2014,2014-11-07 06:00:00,CRVBND,13.3,87.1,33.0,25.0,25.0,3,33.7349853515625,25.22995302517326,50.69363147943891,26.746570587158203
201405B,2014,2014-11-07 12:00:00,CRVBND,14.27,87.11,33.0,25.0,25.0,3,33.51203155517578,24.892358877470837,50.69363147943891,30.094158172607422
201405B,2014,2014-11-08 00:00:00,SHEAR,14.57,86.7,28.0,25.0,25.0,3,26.560470581054688,14.366382911628838,50.69363147943891,28.097227096557617
201405B,2014,2014-11-08 05:30:00,SHEAR,14.6,86.15,25.0,18.6,18.6,3,27.303735733032227,15.49182670117319,50.69363147943891,24.303165435791016
201501A,2015,2015-06-07 09:00:00,CRVBND,15.8,68.4,35.0,25.0,25.0,4,38.565555572509766,31.6633140654303,49.12199992680404,62.50833511352539
201501A,2015,2015-06-07 15:00:00,CRVBND,16.3,68.5,34.0,25.0,25.0,4,41.55978012084961,38.892448451004356,49.12199992680404,32.86601638793945
201501A,2015,2015-06-07 21:00:00,IRRCDO,16.9,68.1,41.0,28.0,28.0,4,48.948612213134766,56.73174516547012,49.12199992680404,47.331111907958984
201501A,2015,2015-06-08 03:00:00,EMBC,18.0,67.5,51.0,35.0,35.0,4,50.058860778808594,59.412284301086075,49.12199992680404,57.0034065246582
201501A,2015,2015-06-08 21:00:00,IRRCDO,19.6,65.5,49.0,35.0,35.0,4,43.29698181152344,43.08667779953155,49.12199992680404,40.238040924072266
201501A,2015,2015-06-09 03:00:00,IRRCDO,20.4,64.8,47.0,35.0,35.0,4,45.619293212890625,48.69357231749365,49.12199992680404,44.81592559814453
201501A,2015,2015-06-09 15:00:00,CRVBND,21.2,62.5,53.0,40.0,40.0,4,45.56474304199219,48.561868595940936,49.12199992680404,39.271263122558594
201501A,2015,2015-06-09 21:00:00,IRRCDO,21.1,62.5,59.0,45.0,45.0,4,52.22875213623047,64.65118204293908,49.12199992680404,46.4731559753418
201501A,2015,2015-06-10 03:00:00,EMBC,21.2,61.6,69.8,45.0,45.0,4,52.30220031738281,64.82851235446186,49.12199992680404,59.570228576660156
201501A,2015,2015-06-10 21:00:00,SHEAR,20.6,61.1,74.6,45.0,45.0,4,34.43006134033203,21.678744413913954,49.12199992680404,41.55921173095703
201501A,2015,2015-06-11 03:00:00,CRVBND,20.6,60.8,55.0,40.0,40.0,4,45.95420837402344,49.50217790752453,49.12199992680404,54.13990020751953
201501A,2015,2015-06-11 09:00:00,EMBC,20.8,60.5,55.0,35.0,35.0,4,52.51949691772461,65.3531444587141,49.12199992680404,67.38832092285156
201501A,2015,2015-06-11 15:00:00,CRVBND,20.8,59.8,55.0,35.0,35.0,4,46.297813415527344,50.33176399249926,49.12199992680404,57.88758087158203
201501A,2015,2015-06-11 21:00:00,CRVBND,20.85,59.83,41.0,28.0,28.0,4,32.95295715332031,18.11248393578035,49.12199992680404,46.12076950073242
201502B,2015,2015-07-29 01:00:00,CRVBND,21.23,91.24,35.0,30.0,30.0,3,37.60696029663086,31.092854230220215,50.69363147943891,35.05431365966797
201502B,2015,2015-07-29 06:00:00,CRVBND,21.41,91.38,35.0,30.0,30.0,3,39.51554870605469,33.98281747747776,50.69363147943891,31.98862075805664
201502B,2015,2015-07-29 12:00:00,CRVBND,21.44,91.46,35.0,30.0,30.0,3,36.36699295043945,29.215309527235025,50.69363147943891,27.770811080932617
201502B,2015,2015-07-29 18:00:00,CRVBND,21.62,91.21,41.0,35.0,35.0,3,39.33988571166992,33.7168305338452,50.69363147943891,29.504491806030273
201502B,2015,2015-07-30 00:00:00,CRVBND,21.96,91.19,41.0,35.0,35.0,3,38.971683502197266,33.159302861728484,50.69363147943891,29.265789031982422
201502B,2015,2015-07-30 06:00:00,CRVBND,22.31,91.05,37.0,40.0,40.0,3,47.29695510864258,45.765336120270064,50.69363147943891,36.488136291503906
201503A,2015,2015-10-09 21:00:00,CRVBND,15.0,69.8,37.0,30.0,30.0,2,35.37554168701172,29.613525673172287,49.540730037703746,46.57562255859375
201503A,2015,2015-10-10 03:30:00,IRRCDO,15.02,69.49,45.0,30.0,30.0,2,36.5369987487793,31.20633489357152,49.540730037703746,62.00056457519531
201503A,2015,2015-10-10 09:00:00,CRVBND,15.0,69.1,47.0,30.0,30.0,2,40.548641204833984,36.707856476491294,49.540730037703746,51.7795524597168
201503A,2015,2015-10-10 15:00:00,CRVBND,15.3,69.4,35.0,30.0,30.0,2,36.07879638671875,30.577961300502096,49.540730037703746,33.424232482910156
201503A,2015,2015-10-10 21:00:00,CRVBND,15.7,69.5,33.0,30.0,30.0,2,32.51976013183594,25.697138798217548,49.540730037703746,28.521108627319336
201503A,2015,2015-10-11 03:00:00,CRVBND,15.9,69.7,32.0,25.0,25.0,2,29.955415725708008,22.180425568936656,49.540730037703746,25.440162658691406
201503A,2015,2015-10-11 09:00:00,CRVBND,16.0,69.3,35.0,25.0,25.0,2,35.287513732910156,29.49280512175348,49.540730037703746,48.565765380859375
201503A,2015,2015-10-11 15:00:00,CRVBND,16.2,69.11,39.0,25.0,25.0,2,30.349510192871094,22.72088231216777,49.540730037703746,39.649864196777344
201503A,2015,2015-10-11 21:00:00,CRVBND,16.4,68.86,34.0,23.0,23.0,2,31.301485061645508,24.026409996733754,49.540730037703746,27.34481430053711
201504A,2015,2015-10-28 20:30:00,EMBC,13.57,64.53,37.0,32.45454545456067,32.45454545456067,2,54.713138580322266,56.132889708165976,49.540730037703746,62.626869201660156
201504A,2015,2015-10-29 03:00:00,CRVBND,13.7,64.0,53.0,40.0,40.0,2,42.74250030517578,39.71649030231968,49.540730037703746,52.62060546875
201504A,2015,2015-10-29 09:00:00,EMBC,13.85,63.45,65.0,50.0,50.0,2,54.70307922363281,56.11909441894378,49.540730037703746,58.04911804199219
201504A,2015,2015-10-29 15:00:00,EYE,14.25,62.75,77.0,60.0,60.0,2,69.77392578125,76.78708477896826,49.540730037703746,54.503013610839844
201504A,2015,2015-10-29 21:30:00,EMBC,14.06,62.1,82.2,77.72727272719662,77.72727272719662,2,55.2132453918457,56.81873059441167,49.540730037703746,61.580204010009766
201504A,2015,2015-10-30 03:00:00,EYE,14.15,61.45,109.8,105.0,105.0,2,106.65377044677734,127.36369115023199,49.540730037703746,71.4166259765625
201504A,2015,2015-10-30 15:00:00,EYE,13.86,60.37,124.6,115.0,115.0,2,75.56954193115234,84.73512792695202,49.540730037703746,58.59463119506836
201504A,2015,2015-10-31 03:00:00,EYE,13.85,59.25,102.0,110.0,110.0,2,72.52223205566406,80.55608125629458,49.540730037703746,60.971885681152344
201504A,2015,2015-10-31 09:00:00,EYE,13.9,58.3,104.6,105.0,105.0,2,80.9866943359375,92.16415012904555,49.540730037703746,65.14447784423828
201504A,2015,2015-10-31 15:00:00,EYE,13.65,57.55,112.4,105.0,105.0,2,90.93521881103516,105.80744529243917,49.540730037703746,57.26716995239258
201504A,2015,2015-10-31 21:00:00,EYE,13.65,56.75,112.4,105.0,105.0,2,87.27531433105469,100.78829323474571,49.540730037703746,65.81859588623047
201504A,2015,2015-11-01 04:00:00,EYE,13.55,55.92,112.4,103.1818181817759,103.1818181817759,2,88.93559265136719,103.06518034841837,49.540730037703746,73.90763854980469
201504A,2015,2015-11-01 09:00:00,EYE,13.65,55.04,119.8,100.0,100.0,2,89.62623596191406,104.01232085774718,49.540730037703746,70.0468978881836
201504A,2015,2015-11-01 15:00:00,EYE,13.55,54.05,117.4,100.0,100.0,2,109.95318603515625,131.88847277504811,49.540730037703746,61.801334381103516
201504A,2015,2015-11-01 21:00:00,EYE,13.15,53.05,119.8,100.0,100.0,2,114.46351623535156,138.07388915108098,49.540730037703746,58.94139099121094
201504A,2015,2015-11-02 03:00:00,EYE,13.25,52.15,117.4,95.0,95.0,2,108.22796630859375,129.52252574339343,49.540730037703746,70.49864959716797
201504A,2015,2015-11-02 09:00:00,EYE,13.35,50.94,112.4,90.0,90.0,2,108.1230239868164,129.378609017378,49.540730037703746,67.46578979492188
201504A,2015,2015-11-02 15:00:00,EYE,13.55,50.04,92.4,85.0,85.0,2,89.15669250488281,103.36839421391646,49.540730037703746,63.30629348754883
201504A,2015,2015-11-03 03:30:00,CRVBND,13.47,48.08,72.2,53.18181818186892,53.18181818186892,2,39.165985107421875,34.81169737333202,49.540730037703746,48.7881965637207
201505A,2015,2015-11-05 08:00:00,CRVBND,14.03,64.64,37.0,31.90909090908584,31.90909090908584,0,34.39961242675781,29.8877364495875,47.71526680016013,56.04987335205078
201505A,2015,2015-11-05 14:30:00,CRVBND,13.82,63.57,53.0,39.09090909093446,39.09090909093446,0,38.17781448364258,35.66976825291788,47.71526680016013,42.33937454223633
201505A,2015,2015-11-06 09:00:00,CRVBND,13.0,61.4,53.0,45.0,45.0,0,35.22574234008789,31.152017544308944,47.71526680016013,46.74769592285156
201505A,2015,2015-11-06 15:00:00,CRVBND,12.9,60.4,45.0,45.0,45.0,0,38.8843994140625,36.75110177556452,47.71526680016013,46.32701873779297
201505A,2015,2015-11-07 09:00:00,EMBC,12.8,58.7,69.8,55.0,55.0,0,63.23200988769531,74.01185595812957,47.71526680016013,58.8658561706543
201505A,2015,2015-11-07 21:00:00,EYE,12.8,56.7,77.0,80.0,80.0,0,64.67914581298828,76.22650351212647,47.71526680016013,32.833065032958984
201505A,2015,2015-11-08 03:00:00,EYE,12.65,55.55,82.2,90.0,90.0,0,71.56092071533203,86.75813754059368,47.71526680016013,37.843971252441406
201505A,2015,2015-11-08 08:00:00,EYE,12.65,54.34,104.6,95.0,95.0,0,67.7549819946289,80.93365849121837,47.71526680016013,55.27985382080078
201505A,2015,2015-11-09 03:30:00,EMBC,12.25,49.84,69.8,80.0,80.0,0,50.10712432861328,53.92597792008303,47.71526680016013,49.95748519897461
201505A,2015,2015-11-09 09:00:00,IRRCDO,12.3,49.1,61.0,75.0,75.0,0,40.84214401245117,39.74716745978444,47.71526680016013,48.315128326416016
201505A,2015,2015-11-09 15:00:00,CRVBND,12.5,47.5,51.0,65.0,65.0,0,41.92949676513672,41.411215094825586,47.71526680016013,36.98382568359375
201505A,2015,2015-11-09 21:00:00,SHEAR,12.9,46.5,35.0,60.0,60.0,0,35.10401916503906,30.96573654113915,47.71526680016013,26.37775993347168
201601B,2016,2016-05-19 15:00:00,IRRCDO,15.7,83.3,57.0,40.0,40.0,4,30.076261520385742,11.167106599799174,49.12199992680404,40.6832160949707
201601B,2016,2016-05-19 21:00:00,CRVBND,16.7,84.0,47.0,40.0,40.0,4,31.251354217529297,14.004202778129372,49.12199992680404,41.530982971191406
201601B,2016,2016-05-20 10:00:00,EMBC,18.93,86.4,57.0,40.0,40.0,4,47.44414138793945,53.09941178534917,49.12199992680404,69.33645629882812
201601B,2016,2016-05-20 15:00:00,CRVBND,19.2,87.6,57.0,40.0,40.0,4,34.82366180419922,22.62903742019427,49.12199992680404,42.296932220458984
201602A,2016,2016-06-27 09:00:00,CRVBND,21.8,64.4,49.0,25.0,25.0,0,35.70450210571289,31.884695190798084,47.71526680016013,47.233524322509766
201602A,2016,2016-06-27 15:00:00,IRRCDO,21.7,63.8,49.0,25.0,25.0,0,34.0926513671875,29.417973694155897,47.71526680016013,39.49165725708008
201602A,2016,2016-06-28 03:00:00,CRVBND,21.2,62.2,37.0,25.0,25.0,0,31.89312744140625,26.051897158392375,47.71526680016013,34.577640533447266
201602A,2016,2016-06-28 21:00:00,SHEAR,20.3,63.2,33.0,25.0,25.0,0,30.659154891967773,24.163467577902217,47.71526680016013,27.479206085205078
201603B,2016,2016-10-25 04:30:00,EMBC,16.62,90.88,45.0,35.0,35.0,3,47.380279541015625,45.89150504488875,50.69363147943891,62.32243347167969
201603B,2016,2016-10-25 11:30:00,EMBC,16.72,90.36,57.0,35.0,35.0,3,49.85184860229492,49.63392730570102,50.69363147943891,61.8465576171875
201603B,2016,2016-10-26 12:00:00,CRVBND,16.36,86.53,57.0,40.0,40.0,3,48.40885543823242,47.44896317745116,50.69363147943891,50.93806076049805
201603B,2016,2016-10-27 00:00:00,IRRCDO,15.68,85.27,41.0,30.0,30.0,3,29.229751586914062,18.408178390133823,50.69363147943891,22.763917922973633
201603B,2016,2016-10-27 04:30:00,CRVBND,15.48,84.55,43.0,30.0,30.0,3,35.677589416503906,28.171422398000775,50.69363147943891,45.164695739746094
201604B,2016,2016-11-30 03:30:00,IRRCDO,8.95,85.23,51.0,35.0,35.0,2,36.088287353515625,30.590977106184624,49.540730037703746,37.281227111816406
201604B,2016,2016-11-30 09:00:00,CRVBND,9.5,84.5,51.0,35.0,35.0,2,34.71258544921875,28.704354905661695,49.540730037703746,38.88908386230469
201604B,2016,2016-11-30 15:00:00,CRVBND,10.1,83.5,37.0,40.0,40.0,2,31.00969886779785,23.626257674926485,49.540730037703746,35.771636962890625
201604B,2016,2016-11-30 21:00:00,SHEAR,10.2,82.3,33.0,40.0,40.0,2,33.281333923339844,26.74155257557729,49.540730037703746,27.152828216552734
201604B,2016,2016-12-01 03:00:00,SHEAR,10.3,81.4,34.0,30.0,30.0,2,30.812814712524414,23.356252947078183,49.540730037703746,28.901912689208984
201604B,2016,2016-12-01 09:00:00,SHEAR,10.4,80.9,25.0,30.0,30.0,2,32.48484802246094,25.649260722009153,49.540730037703746,28.649993896484375
201604B,2016,2016-12-01 15:00:00,SHEAR,10.6,80.4,25.0,28.0,28.0,2,31.272260665893555,23.9863319873552,49.540730037703746,25.4407901763916
201604B,2016,2016-12-01 21:00:00,SHEAR,10.75,79.7,25.0,25.0,25.0,2,30.101911544799805,22.38132829627833,49.540730037703746,25.074867248535156
201605B,2016,2016-12-07 15:00:00,CRVBND,10.9,91.7,39.0,28.0,28.0,4,35.288856506347656,23.752184653474668,49.12199992680404,72.67716979980469
201605B,2016,2016-12-07 20:30:00,IRRCDO,11.17,92.0,51.0,32.45454545456067,32.45454545456067,4,44.74921417236328,46.59288874867749,49.12199992680404,73.87840270996094
201605B,2016,2016-12-08 03:30:00,CRVBND,11.63,92.1,55.0,35.0,35.0,4,38.4315185546875,31.339700522479426,49.12199992680404,61.65992736816406
201605B,2016,2016-12-08 09:00:00,CRVBND,11.4,91.9,53.0,35.0,35.0,4,37.311851501464844,28.636421772282098,49.12199992680404,44.258934020996094
201605B,2016,2016-12-08 15:00:00,CRVBND,11.7,91.6,41.0,40.0,40.0,4,35.13733673095703,23.386361449273718,49.12199992680404,29.80152130126953
201605B,2016,2016-12-08 20:30:00,IRRCDO,11.88,91.33,53.0,40.0,40.0,4,49.01650619506836,56.895665643525724,49.12199992680404,36.52729415893555
201605B,2016,2016-12-09 09:00:00,IRRCDO,11.9,90.5,49.0,45.0,45.0,4,39.04582595825195,32.82285941812163,49.12199992680404,38.92564392089844
201605B,2016,2016-12-10 02:30:00,EMBC,12.82,87.52,65.0,55.0,55.0,4,54.364532470703125,69.80772351359458,49.12199992680404,76.11119079589844
201605B,2016,2016-12-10 15:00:00,EMBC,13.3,85.8,63.0,65.0,65.0,4,58.88526916503906,80.72240695083725,49.12199992680404,62.04420852661133
201605B,2016,2016-12-10 21:00:00,EMBC,13.35,83.72,63.0,65.0,65.0,4,50.05394744873047,59.400421756095874,49.12199992680404,66.88665771484375
201605B,2016,2016-12-11 21:00:00,EYE,13.2,82.0,74.6,70.0,70.0,4,58.665306091308594,80.19133702131471,49.12199992680404,69.6760482788086
201605B,2016,2016-12-12 04:00:00,EYE,13.25,80.82,67.4,70.0,70.0,4,56.33839416503906,74.57333518249999,49.12199992680404,64.59477996826172
201701B,2017,2017-04-16 03:00:00,IRRCDO,16.8,92.7,51.0,40.0,40.0,3,43.60210037231445,40.170628356553074,50.69363147943891,55.97739028930664
201701B,2017,2017-04-16 09:10:00,IRRCDO,17.33,93.13,53.0,40.0,40.0,3,40.988494873046875,36.21313610813598,50.69363147943891,63.72749328613281
201701B,2017,2017-04-16 15:40:00,IRRCDO,18.61,93.99,53.0,40.0,40.0,3,41.327877044677734,36.72702480092319,50.69363147943891,58.48680877685547
201702B,2017,2017-05-28 07:00:00,EMBC,14.68,89.54,45.0,26.36363636361945,26.36363636361945,2,36.13227081298828,30.65129553042881,49.540730037703746,80.0836181640625
201702B,2017,2017-05-28 12:10:00,IRRCDO,15.41,90.82,49.0,30.454545454570823,30.454545454570823,2,40.60932540893555,36.79107811507556,49.540730037703746,53.4140625
201702B,2017,2017-05-28 18:10:00,IRRCDO,16.62,91.44,49.0,35.45454545457082,35.45454545457082,2,42.127872467041016,38.87359656141356,49.540730037703746,54.10392761230469
201702B,2017,2017-05-29 00:10:00,IRRCDO,17.11,91.05,51.0,45.0,45.0,2,42.526336669921875,39.42004591132045,49.540730037703746,75.34058380126953
201702B,2017,2017-05-29 13:10:00,IRRCDO,19.08,91.58,57.0,51.8181818182241,51.8181818182241,2,66.82250213623047,72.73953541202305,49.540730037703746,42.6337890625
201702B,2017,2017-05-29 22:40:00,EYE,20.74,91.84,69.8,60.0,60.0,2,69.5160140991211,76.433387583552,49.540730037703746,60.13166427612305
201703B,2017,2017-11-30 03:00:00,EMBC,7.7,76.9,51.0,35.0,35.0,3,53.51697540283203,55.183621361156625,50.69363147943891,69.97294616699219
201703A,2017,2017-11-30 08:30:00,EMBC,7.97,76.27,55.0,44.09090909093446,44.09090909093446,1,60.69438934326172,54.41165995632895,48.893103305784514,62.13811492919922
201703B,2017,2017-11-30 14:30:00,EYE,8.42,74.91,72.2,45.0,45.0,3,38.74822998046875,32.820952035496326,50.69363147943891,64.1169204711914
201703B,2017,2017-12-01 03:00:00,EYE,8.9,73.8,84.8,55.0,55.0,3,52.60389709472656,53.80104838771522,50.69363147943891,60.08952713012695
201703B,2017,2017-12-01 09:30:00,EMBC,8.79,72.28,90.0,65.0,65.0,3,40.41981506347656,35.35204749363907,50.69363147943891,55.93986511230469
201703B,2017,2017-12-01 15:30:00,EYE,9.14,72.25,90.0,65.90909090906554,65.90909090906554,3,50.960453033447266,51.312563750289044,50.69363147943891,57.69739532470703
201703B,2017,2017-12-01 22:00:00,EYE,9.31,71.67,90.0,76.50000000002046,76.50000000002046,3,53.029788970947266,54.445929108726695,50.69363147943891,56.79253387451172
201703B,2017,2017-12-02 03:00:00,EYE,9.45,71.45,107.2,80.0,80.0,3,66.2496337890625,74.46327044338071,50.69363147943891,62.187923431396484
201703B,2017,2017-12-02 09:00:00,EYE,10.25,70.65,107.2,85.0,85.0,3,65.21145629882812,72.89127368593778,50.69363147943891,56.814144134521484
201703B,2017,2017-12-03 04:00:00,IRRCDO,12.22,69.04,67.4,78.50000000001023,78.50000000001023,3,39.81353759765625,34.43402892808041,50.69363147943891,63.295387268066406
201703B,2017,2017-12-03 14:30:00,EMBC,13.05,68.7,72.2,75.0,75.0,3,57.42732620239258,61.10463085634981,50.69363147943891,73.43318176269531
201703B,2017,2017-12-03 21:00:00,EMBC,14.0,68.7,79.6,75.0,75.0,3,57.050106048583984,60.53344831366593,50.69363147943891,66.85830688476562
201703B,2017,2017-12-04 04:00:00,EMBC,14.72,68.95,79.6,65.0,65.0,3,48.7605094909668,47.981433815506804,50.69363147943891,67.65853118896484
201703B,2017,2017-12-05 09:00:00,SHEAR,18.7,70.8,82.2,30.0,30.0,3,33.996856689453125,25.626475679443455,50.69363147943891,33.53690719604492
201703B,2017,2017-12-05 17:00:00,SHEAR,20.03,71.41,47.0,21.499999999989768,21.499999999989768,3,29.14259910583496,18.276213076930464,50.69363147943891,26.3157958984375
201704B,2017,2017-12-08 21:00:00,CRVBND,18.7,86.9,41.0,25.0,25.0,0,35.07621383666992,30.923184213203314,47.71526680016013,44.46033477783203
201704B,2017,2017-12-09 03:00:00,CRVBND,19.7,87.0,37.0,25.0,25.0,0,40.541221618652344,39.28664607287012,47.71526680016013,51.830684661865234
201704B,2017,2017-12-09 09:00:00,SHEAR,19.1,86.9,32.0,27.9,27.9,0,33.73860168457031,28.87614811309115,47.71526680016013,33.17823028564453
201704B,2017,2017-12-09 15:00:00,SHEAR,19.7,87.2,27.0,26.040000000000003,26.040000000000003,0,33.68691635131836,28.797050638649846,47.71526680016013,28.347332000732422
201704B,2017,2017-12-09 21:00:00,SHEAR,20.31,87.63,25.0,23.25,23.25,0,34.4878044128418,30.022702462696106,47.71526680016013,28.003971099853516
201704B,2017,2017-12-10 03:45:00,SHEAR,21.04,88.26,25.0,20.62909090908619,20.62909090908619,0,34.951847076416016,30.732857557233473,47.71526680016013,28.994976043701172
201801A,2018,2018-05-17 00:00:00,CRVBND,13.21,49.1,37.0,30.0,30.0,2,43.15161895751953,40.277551045020495,49.540730037703746,48.94462585449219
201801A,2018,2018-05-17 11:00:00,IRRCDO,13.05,48.47,49.0,38.1818181817759,38.1818181817759,2,49.074737548828125,48.40044961468141,49.540730037703746,71.30400085449219
201801A,2018,2018-05-17 18:00:00,CRVBND,12.7,47.54,47.0,40.0,40.0,2,40.909019470214844,37.20207519780721,49.540730037703746,62.119293212890625
201801A,2018,2018-05-18 00:00:00,EMBC,12.28,46.59,41.0,45.0,45.0,2,39.92987060546875,35.85928139918195,49.540730037703746,43.514747619628906
201801A,2018,2018-05-18 18:00:00,IRRCDO,11.3,45.1,67.4,45.0,45.0,2,35.289405822753906,29.49539991259694,49.540730037703746,21.024070739746094
201802A,2018,2018-05-22 12:00:00,CRVBND,10.02,56.99,34.0,35.0,35.0,1,93.94827270507812,95.46697897300861,48.893103305784514,67.78903198242188
201802A,2018,2018-05-23 19:00:00,EMBC,12.67,55.8,77.0,70.0,70.0,1,99.51634216308594,102.34133002002132,48.893103305784514,67.3224105834961
201802A,2018,2018-05-24 12:30:00,EMBC,14.35,55.26,77.0,80.0,80.0,1,73.3218002319336,70.00148977405165,48.893103305784514,60.70891571044922
201802A,2018,2018-05-24 16:45:00,EYE,14.8,54.78,69.8,80.0,80.0,1,100.49139404296875,103.54513125883746,48.893103305784514,56.94458770751953
201802A,2018,2018-05-24 23:00:00,EMBC,15.34,54.51,63.0,83.1818181817759,83.1818181817759,1,95.63540649414062,97.54991813473414,48.893103305784514,56.22585678100586
201802A,2018,2018-05-25 19:00:00,EYE,16.81,53.77,99.6,93.63636363635518,93.63636363635518,1,92.4248046875,93.58610194000629,48.893103305784514,68.15946197509766
201805A,2018,2018-10-08 06:00:00,CRVBND,12.76,61.73,45.0,40.0,40.0,2,49.49549865722656,48.97747669136257,49.540730037703746,76.07723999023438
201805A,2018,2018-10-08 12:00:00,CRVBND,12.53,61.05,47.0,45.0,45.0,2,47.939735412597656,46.843920383192284,49.540730037703746,66.37454223632812
201805A,2018,2018-10-08 23:00:00,EMBC,12.67,60.87,53.0,45.0,45.0,2,54.56580352783203,55.93083606553083,49.540730037703746,66.94294738769531
201805A,2018,2018-10-09 06:30:00,CRVBND,13.12,60.17,59.0,45.90909090906554,45.90909090906554,2,57.781246185302734,60.34045815236889,49.540730037703746,57.78556442260742
201805A,2018,2018-10-09 12:00:00,EMBC,13.43,59.67,53.0,55.0,55.0,2,61.9163703918457,66.01132122642348,49.540730037703746,67.51411437988281
201805A,2018,2018-10-10 05:30:00,EYE,14.26,58.94,77.0,73.18181818186892,73.18181818186892,2,75.36209106445312,84.45063212927228,49.540730037703746,63.05213165283203
201806B,2018,2018-10-10 06:00:00,EMBC,16.87,85.72,59.0,70.0,70.0,0,69.82146453857422,84.09613302546039,47.71526680016013,65.03194427490234
201805A,2018,2018-10-10 12:00:00,CRVBND,14.39,58.69,87.4,75.0,75.0,2,77.15975189208984,86.91592407648614,49.540730037703746,57.310707092285156
201806B,2018,2018-10-10 12:00:00,EYE,17.75,85.61,97.2,80.0,80.0,0,70.3125228881836,84.84763200618812,47.71526680016013,59.11347961425781
201805A,2018,2018-10-10 23:45:00,CRVBND,14.54,58.1,84.8,75.0,75.0,2,44.03778839111328,41.49283389199547,49.540730037703746,42.59287643432617
201806B,2018,2018-10-10 23:15:00,EMBC,19.0,85.0,84.8,80.0,80.0,0,86.62730407714844,109.8152177198942,47.71526680016013,70.73199462890625
201805A,2018,2018-10-11 05:45:00,CRVBND,14.52,57.9,67.4,70.0,70.0,2,47.98484420776367,46.90578208021635,49.540730037703746,49.52788162231445
201805A,2018,2018-10-11 12:15:00,CRVBND,14.37,57.91,51.0,70.0,70.0,2,51.780948638916016,52.111717227173855,49.540730037703746,55.02574920654297
201805A,2018,2018-10-11 23:45:00,CRVBND,14.53,57.58,33.0,60.45454545457082,60.45454545457082,2,40.18916320800781,36.21487237339929,49.540730037703746,38.53692626953125
201805A,2018,2018-10-12 06:15:00,CRVBND,14.63,57.2,32.0,50.0,50.0,2,42.57883071899414,39.492035662927066,49.540730037703746,47.159751892089844
201805A,2018,2018-10-12 12:00:00,CRVBND,14.6,56.99,33.0,50.0,50.0,2,39.200584411621094,34.85914647202193,49.540730037703746,47.24481964111328
201805A,2018,2018-10-13 00:15:00,SHEAR,14.57,55.76,31.0,44.54545454542918,44.54545454542918,2,41.103572845458984,37.46888351999956,49.540730037703746,41.645450592041016
201805A,2018,2018-10-13 06:15:00,CRVBND,14.6,54.9,33.0,40.0,40.0,2,38.121116638183594,33.37877644436167,49.540730037703746,52.51527404785156
201805A,2018,2018-10-13 12:00:00,CRVBND,14.79,54.31,33.0,40.0,40.0,2,41.20924377441406,37.61379944974702,49.540730037703746,47.780235290527344
201805A,2018,2018-10-14 00:00:00,CRVBND,15.2,52.9,34.0,40.0,40.0,2,37.457115173339844,32.46817226416739,49.540730037703746,39.95688247680664
201807B,2018,2018-11-10 20:45:00,IRRCDO,13.2,89.21,37.0,32.72727272725751,32.72727272725751,3,41.16975402832031,36.4875966960672,50.69363147943891,51.950252532958984
201807B,2018,2018-11-11 03:15:00,CRVBND,13.41,88.98,47.0,35.454545454486265,35.454545454486265,3,36.59020233154297,29.55329067846029,50.69363147943891,57.95002746582031
201807B,2018,2018-11-11 09:15:00,CRVBND,13.41,88.38,45.0,40.0,40.0,3,38.432647705078125,32.34310087970935,50.69363147943891,59.82866287231445
201807B,2018,2018-11-11 15:15:00,CRVBND,13.4,87.28,45.0,40.0,40.0,3,33.86513900756836,25.4270302370519,50.69363147943891,61.61235809326172
201807B,2018,2018-11-11 20:45:00,IRRCDO,12.9,86.72,41.0,40.0,40.0,3,35.781822204589844,28.32925052125679,50.69363147943891,58.828853607177734
201807B,2018,2018-11-12 02:45:00,CRVBND,12.4,86.91,45.0,40.0,40.0,3,36.746543884277344,29.790021311000345,50.69363147943891,38.55012512207031
201807B,2018,2018-11-12 08:45:00,CRVBND,12.2,87.21,49.0,40.0,40.0,3,33.40973663330078,24.73746504958205,50.69363147943891,32.30164337158203
201807B,2018,2018-11-12 15:15:00,CRVBND,12.6,87.49,39.0,40.45454545457082,40.45454545457082,3,32.622901916503906,23.546048711736987,50.69363147943891,47.32429122924805
201807B,2018,2018-11-12 21:15:00,CRVBND,13.2,87.59,35.0,44.54545454542072,44.54545454542072,3,33.706321716308594,25.186550868895054,50.69363147943891,67.71316528320312
201807B,2018,2018-11-13 03:15:00,CRVBND,13.7,87.18,45.0,40.0,40.0,3,36.731510162353516,29.76725741721642,50.69363147943891,68.15460968017578
201807B,2018,2018-11-13 09:15:00,CRVBND,13.79,86.07,45.0,40.0,40.0,3,39.2554931640625,33.589044281071345,50.69363147943891,59.87454605102539
201807B,2018,2018-11-13 15:15:00,EYE,13.39,85.58,53.0,40.0,40.0,3,36.21571350097656,28.98624387491605,50.69363147943891,55.94715881347656
201807B,2018,2018-11-14 09:00:00,EMBC,12.6,84.5,53.0,45.0,45.0,3,49.77464294433594,49.51702336094262,50.69363147943891,75.55140686035156
201807B,2018,2018-11-14 15:45:00,EMBC,12.05,83.51,55.0,45.0,45.0,3,45.660430908203125,43.28732945882056,50.69363147943891,59.687416076660156
201807B,2018,2018-11-15 08:45:00,EMBC,11.21,81.64,72.2,55.0,55.0,3,43.1952018737793,39.554507195843584,50.69363147943891,65.60897827148438
201807B,2018,2018-11-15 15:45:00,EMBC,10.77,80.57,79.6,65.99999999997954,65.99999999997954,3,76.45925903320312,89.92257092857356,50.69363147943891,65.91798400878906
201807B,2018,2018-11-16 19:45:00,CRVBND,9.7,74.99,49.0,26.636363636373783,26.636363636373783,3,39.602577209472656,34.11459506509168,50.69363147943891,57.09430694580078
201807B,2018,2018-11-17 03:15:00,CRVBND,10.11,73.65,53.0,30.0,30.0,3,41.0537223815918,36.311902872868615,50.69363147943891,61.940406799316406
201807B,2018,2018-11-17 10:15:00,CRVBND,9.83,71.96,55.0,30.0,30.0,3,43.235382080078125,39.61534761533764,50.69363147943891,67.51622009277344
201807B,2018,2018-11-17 13:45:00,CRVBND,10.06,71.31,55.0,30.0,30.0,3,43.36029052734375,39.80448259074004,50.69363147943891,51.712955474853516
201807B,2018,2018-11-18 09:15:00,CRVBND,10.61,68.36,57.0,30.0,30.0,3,44.76003646850586,41.92396225722172,50.69363147943891,72.57270050048828
201807B,2018,2018-11-18 15:15:00,SHEAR,11.01,67.97,51.0,30.0,30.0,3,40.80529022216797,35.935729672493565,50.69363147943891,48.72650909423828
201807B,2018,2018-11-18 21:15:00,SHEAR,10.61,67.37,39.0,30.0,30.0,3,35.14702224731445,27.368043517783285,50.69363147943891,34.547760009765625
201807B,2018,2018-11-19 03:15:00,SHEAR,10.75,66.51,31.0,29.545454545429177,29.545454545429177,3,34.65278625488281,26.61967689952928,50.69363147943891,41.207618713378906
201807B,2018,2018-11-19 09:15:00,CRVBND,10.85,65.59,34.0,25.0,25.0,3,33.318336486816406,24.599067968875925,50.69363147943891,57.967952728271484
201808B,2018,2018-12-15 15:15:00,IRRCDO,10.83,84.88,45.0,35.0,35.0,4,44.69710922241211,46.4670886694685,49.12199992680404,44.30946350097656
201808B,2018,2018-12-16 21:00:00,EMBC,14.7,82.1,77.0,55.0,55.0,4,51.39168930053711,62.63021146083891,49.12199992680404,62.47209930419922
201808B,2018,2018-12-17 09:15:00,CRVBND,16.63,82.3,61.0,39.090909090858354,39.090909090858354,4,42.41062545776367,40.946694945410115,49.12199992680404,45.23220443725586
201901B,2019,2019-04-27 14:45:00,IRRCDO,6.67,89.32,55.0,45.0,45.0,0,35.45248794555664,31.499021299626023,47.71526680016013,30.545040130615234
201901B,2019,2019-04-28 02:45:00,CRVBND,7.38,87.92,37.0,45.0,45.0,0,31.972848892211914,26.17390015268063,47.71526680016013,33.75968551635742
201901B,2019,2019-04-28 09:15:00,EMBC,7.82,87.38,49.0,45.0,45.0,0,33.486385345458984,28.490164814129187,47.71526680016013,51.915977478027344
201901B,2019,2019-04-28 15:15:00,CRVBND,8.82,86.68,51.0,45.0,45.0,0,31.918048858642578,26.09003604690998,47.71526680016013,42.6624641418457
201901B,2019,2019-04-30 08:45:00,EMBC,12.88,85.53,84.8,84.4999999999693,84.4999999999693,0,49.74198913574219,53.3671874515191,47.71526680016013,49.28834533691406
201901B,2019,2019-05-01 04:15:00,EMBC,14.11,83.79,90.0,95.0,95.0,0,41.381797790527344,40.57303522986252,47.71526680016013,49.045467376708984
201901B,2019,2019-05-01 09:15:00,EYE,14.69,84.18,90.0,95.45454545457082,95.45454545457082,0,72.64158630371094,88.41195136703674,47.71526680016013,61.71924591064453
201901B,2019,2019-05-01 15:15:00,EYE,15.22,84.15,97.2,100.0,100.0,0,67.1358871459961,79.98621681123993,47.71526680016013,51.49799346923828
201901B,2019,2019-05-02 03:45:00,EMBC,16.28,84.62,90.0,105.99999999995909,105.99999999995909,0,62.87189483642578,73.46074814336775,47.71526680016013,50.923736572265625
201901B,2019,2019-05-02 09:15:00,EYE,17.13,85.01,107.2,115.0,115.0,0,90.93614959716797,116.40932821406211,47.71526680016013,78.3421401977539
201901B,2019,2019-05-02 14:45:00,EYE,17.79,85.0,122.2,115.0,115.0,0,96.75364685058594,125.31222796071687,47.71526680016013,84.08737182617188
201902A,2019,2019-06-10 14:45:00,IRRCDO,13.68,70.8,37.0,32.699999999981586,32.699999999981586,2,35.72697448730469,30.095476683746433,49.540730037703746,25.44849395751953
201902A,2019,2019-06-10 20:45:00,CRVBND,14.17,70.7,47.0,35.0,35.0,2,37.557464599609375,32.60579034466762,49.540730037703746,34.69941711425781
201902A,2019,2019-06-11 03:45:00,IRRCDO,15.19,70.6,61.0,41.00000000006139,41.00000000006139,2,35.03779983520508,29.150350276181175,49.540730037703746,43.947017669677734
201902A,2019,2019-06-11 09:15:00,EMBC,15.63,70.9,72.2,45.909090909141646,45.909090909141646,2,45.99882888793945,44.18218288968237,49.540730037703746,60.15019989013672
201902A,2019,2019-06-11 14:45:00,EYE,16.72,70.9,79.6,59.545454545513735,59.545454545513735,2,54.40904998779297,55.71586601444306,49.540730037703746,48.55912780761719
201902A,2019,2019-06-11 20:45:00,IRRCDO,17.47,70.7,84.8,69.50000000006139,69.50000000006139,2,39.93570327758789,35.86728026047158,49.540730037703746,43.145809173583984
201902A,2019,2019-06-12 10:15:00,EMBC,18.83,69.99,74.6,80.0,80.0,2,67.38963317871094,73.51729257875185,49.540730037703746,60.68396759033203
201902A,2019,2019-06-12 16:15:00,IRRCDO,19.52,69.68,65.0,80.0,80.0,2,58.373931884765625,61.15326068978389,49.540730037703746,46.2843132019043
201902A,2019,2019-06-13 08:15:00,EYE,20.69,69.29,67.4,80.0,80.0,2,87.98088073730469,101.75589911056572,49.540730037703746,58.934844970703125
201902A,2019,2019-06-13 15:15:00,EYE,20.81,68.97,77.0,80.0,80.0,2,93.08650207519531,108.7576910928565,49.540730037703746,48.56505584716797
201902A,2019,2019-06-14 01:45:00,EMBC,20.94,68.42,92.4,77.27272727271036,77.27272727271036,2,73.38065338134766,81.73331065852088,49.540730037703746,54.0812873840332
201902A,2019,2019-06-14 09:15:00,EYE,20.55,68.39,79.6,74.54545454542918,74.54545454542918,2,60.622440338134766,64.23684002694984,49.540730037703746,56.07379913330078
201902A,2019,2019-06-14 14:45:00,CRVBND,20.75,68.21,79.6,70.0,70.0,2,59.76673126220703,63.063330173694716,49.540730037703746,52.201377868652344
201902A,2019,2019-06-15 03:15:00,EYE,20.78,66.98,82.2,65.0,65.0,2,71.17574310302734,78.70952137085075,49.540730037703746,63.18716812133789
201902A,2019,2019-06-15 07:45:00,EYE,20.59,67.08,77.0,65.0,65.0,2,71.2519302368164,78.8140035537653,49.540730037703746,56.669151306152344
201902A,2019,2019-06-15 15:15:00,CRVBND,20.81,66.29,74.6,65.0,65.0,2,81.5490493774414,92.93535754146788,49.540730037703746,51.20802307128906
201902A,2019,2019-06-15 20:45:00,IRRCDO,20.7,65.81,61.0,65.0,65.0,2,56.7557373046875,58.93408674664566,49.540730037703746,46.64944839477539
201902A,2019,2019-06-16 03:15:00,CRVBND,21.21,65.3,45.0,55.0,55.0,2,41.13557815551758,37.51277524414602,49.540730037703746,44.070953369140625
201902A,2019,2019-06-16 08:15:00,IRRCDO,20.76,65.75,43.0,55.0,55.0,2,69.01296997070312,75.74351849377916,49.540730037703746,37.83919906616211
201902A,2019,2019-06-16 14:45:00,SHEAR,20.68,65.48,39.0,45.45454545457928,45.45454545457928,2,49.67414474487305,49.222469937310485,49.540730037703746,29.60444450378418
201902A,2019,2019-06-16 21:15:00,SHEAR,21.01,66.42,39.0,39.54545454542918,39.54545454542918,2,33.23242950439453,26.674485602566843,49.540730037703746,26.736106872558594
201902A,2019,2019-06-17 03:15:00,SHEAR,22.12,67.12,29.0,30.0,30.0,2,32.8341064453125,26.128229815686577,49.540730037703746,30.361780166625977
201902A,2019,2019-06-17 09:15:00,SHEAR,22.67,67.67,25.0,25.0,25.0,2,31.222782135009766,23.918477683655354,49.540730037703746,28.74388885498047
201903A,2019,2019-09-23 03:45:00,EMBC,20.3,65.28,47.0,41.36363636361945,41.36363636361945,1,46.77873611450195,37.2313632548548,48.893103305784514,44.67424774169922
201903A,2019,2019-09-23 09:15:00,CRVBND,20.2,63.95,72.2,55.0,55.0,1,57.89452362060547,50.95493945253634,48.893103305784514,45.221275329589844
201903A,2019,2019-09-23 14:45:00,EMBC,20.2,62.95,77.0,55.0,55.0,1,70.41493225097656,66.41266404205919,48.893103305784514,35.01625061035156
201903A,2019,2019-09-24 01:45:00,EYE,20.13,60.58,84.8,72.7272727272389,72.7272727272389,1,49.21551513671875,40.239816103556876,48.893103305784514,36.032989501953125
201903A,2019,2019-09-24 14:15:00,EMBC,19.9,57.95,67.4,64.09090909093446,64.09090909093446,1,53.93973159790039,46.07234434717154,48.893103305784514,39.99638366699219
201904A,2019,2019-10-25 12:45:00,EMBC,16.13,71.66,63.0,51.36363636361945,51.36363636361945,1,92.0071029663086,93.0704064577451,48.893103305784514,61.42383575439453
201904A,2019,2019-10-25 22:45:00,EMBC,16.57,71.04,74.6,62.72727272733192,62.72727272733192,1,98.15174865722656,100.6565998156845,48.893103305784514,68.72500610351562
201904A,2019,2019-10-26 07:15:00,EMBC,16.9,70.04,84.8,77.27272727271036,77.27272727271036,1,97.07537841796875,99.32771070303635,48.893103305784514,53.615509033203125
201904A,2019,2019-10-26 12:15:00,EYE,16.75,69.49,84.8,85.45454545448627,85.45454545448627,1,106.27803802490234,110.68933490354696,48.893103305784514,48.550106048583984
201904A,2019,2019-10-27 00:15:00,EYE,17.13,68.22,132.2,120.45454545448628,120.45454545448628,1,108.92007446289062,113.95119901833635,48.893103305784514,66.51802825927734
201904A,2019,2019-10-27 06:15:00,EYE,17.31,67.39,140.0,125.0,125.0,1,108.62327575683594,113.58477066985647,48.893103305784514,67.51168060302734
201904A,2019,2019-10-27 11:45:00,EYE,17.56,66.88,129.6,130.0,130.0,1,108.26405334472656,113.14127387380931,48.893103305784514,64.31224822998047
201904A,2019,2019-10-28 00:15:00,EYE,18.29,65.44,127.0,125.0,125.0,1,106.05722045898438,110.41671304117348,48.893103305784514,67.41926574707031
201904A,2019,2019-10-28 06:15:00,EYE,18.38,64.81,129.6,125.0,125.0,1,106.84552764892578,111.38995886675272,48.893103305784514,67.5151138305664
201904A,2019,2019-10-28 12:15:00,EYE,18.61,64.41,127.0,125.0,125.0,1,100.82057189941406,103.95153497904498,48.893103305784514,62.055091857910156
201904A,2019,2019-10-29 06:15:00,EYE,19.36,63.27,109.8,109.54545454551372,109.54545454551372,1,92.51248168945312,93.69434816335549,48.893103305784514,60.97705078125
201904A,2019,2019-10-29 11:45:00,EYE,19.45,63.01,112.4,100.45454545457082,100.45454545457082,1,92.41468048095703,93.57360257189069,48.893103305784514,48.67729568481445
201904A,2019,2019-10-29 23:15:00,EMBC,19.61,62.51,90.0,86.36363636364482,86.36363636364482,1,50.980690002441406,42.41910495364292,48.893103305784514,60.18328094482422
201904A,2019,2019-10-30 12:15:00,CRVBND,19.0,61.41,59.0,64.54545454542918,64.54545454542918,1,42.487693786621094,31.933632768210014,48.893103305784514,49.680694580078125
201905A,2019,2019-10-30 12:15:00,CRVBND,9.85,74.2,39.0,35.45454545457082,35.45454545457082,0,32.585205078125,27.111029212642798,47.71526680016013,39.78064727783203
201904A,2019,2019-10-30 23:45:00,CRVBND,18.14,60.49,35.0,50.45454545457082,50.45454545457082,1,37.620887756347656,25.925063122638782,48.893103305784514,39.05720901489258
201904A,2019,2019-10-31 05:45:00,SHEAR,17.85,60.12,33.0,40.45454545457928,40.45454545457928,1,37.26618194580078,25.487142533015458,48.893103305784514,35.35332489013672
201906A,2019,2019-12-03 09:15:00,CRVBND,6.91,57.09,37.0,30.0,30.0,3,39.678035736083984,34.22885352308199,50.69363147943891,56.41499328613281
201906A,2019,2019-12-03 15:15:00,SHEAR,7.11,57.39,33.0,30.0,30.0,3,32.7896728515625,23.798571398477815,50.69363147943891,42.930301666259766
201907A,2019,2019-12-03 15:15:00,CRVBND,13.72,69.98,35.0,40.31818181809633,40.31818181809633,1,43.630348205566406,33.344356477835014,48.893103305784514,41.74443054199219
201906A,2019,2019-12-03 20:15:00,CRVBND,7.22,57.33,33.0,30.0,30.0,3,34.434898376464844,26.28975350821992,50.69363147943891,56.30763244628906
201907A,2019,2019-12-03 20:45:00,IRRCDO,13.78,69.32,41.0,27.700000000036837,27.700000000036837,1,39.211421966552734,27.88874022754775,48.893103305784514,33.67279052734375
201906A,2019,2019-12-04 02:45:00,EMBC,7.34,57.64,41.0,30.0,30.0,3,46.19298553466797,44.093717724641046,50.69363147943891,81.7973861694336
201907A,2019,2019-12-04 03:15:00,CRVBND,14.62,69.08,39.0,30.0,30.0,1,37.719215393066406,26.04645864356852,48.893103305784514,29.71708869934082
201906A,2019,2019-12-04 09:15:00,CRVBND,7.7,57.4,51.0,30.0,30.0,3,45.351600646972656,42.819702127443,50.69363147943891,81.27584838867188
201907A,2019,2019-12-04 08:45:00,SHEAR,14.88,68.72,32.0,30.0,30.0,1,38.318119049072266,26.78586644114953,48.893103305784514,31.120447158813477
201906A,2019,2019-12-04 14:45:00,CRVBND,8.38,57.01,51.0,30.0,30.0,3,33.094566345214844,24.2602377203692,50.69363147943891,60.97608184814453
201907A,2019,2019-12-04 15:15:00,SHEAR,14.91,68.18,29.0,30.0,30.0,1,36.937896728515625,25.081840867118057,48.893103305784514,23.658674240112305
201906A,2019,2019-12-04 20:45:00,CRVBND,8.95,56.61,39.0,32.72727272725751,32.72727272725751,3,40.35499572753906,35.253898779308585,50.69363147943891,50.09014892578125
201907A,2019,2019-12-04 20:45:00,SHEAR,15.09,67.67,25.0,28.18181818182833,28.18181818182833,1,37.600250244140625,25.8995840037596,48.893103305784514,22.415664672851562
201906A,2019,2019-12-05 02:45:00,CRVBND,9.69,55.83,37.0,35.0,35.0,3,35.84828186035156,28.42988298953985,50.69363147943891,45.74443817138672
201906A,2019,2019-12-05 15:00:00,CRVBND,9.3,54.5,47.0,35.0,35.0,3,37.705013275146484,31.24132495486421,50.69363147943891,50.78909683227539
201906A,2019,2019-12-05 20:45:00,IRRCDO,9.06,53.68,35.0,35.0,35.0,3,33.35150146484375,24.64928600809375,50.69363147943891,49.60304260253906
201906A,2019,2019-12-06 09:45:00,CRVBND,7.52,51.55,55.0,35.0,35.0,3,42.266632080078125,38.148477187980326,50.69363147943891,74.96507263183594
201906A,2019,2019-12-06 14:45:00,CRVBND,7.37,51.54,53.0,35.0,35.0,3,43.651981353759766,40.2461575813992,50.69363147943891,63.876319885253906
201906A,2019,2019-12-06 20:45:00,CRVBND,7.07,50.29,39.0,35.0,35.0,3,45.629207611083984,43.24005149114194,50.69363147943891,55.27056121826172
202001B,2020,2020-05-18 08:45:00,EYE,13.65,86.39,134.8,120.0,120.0,4,86.03723907470703,146.27702255870264,49.12199992680404,73.90473937988281
202001B,2020,2020-05-18 15:15:00,EYE,14.53,86.64,143.0,125.0,125.0,4,90.22373962402344,156.384739794896,49.12199992680404,72.09722900390625
202001B,2020,2020-05-18 22:15:00,EMBC,15.36,86.64,132.2,127.72727272728964,127.72727272728964,4,57.0093879699707,76.19335542795152,49.12199992680404,51.60789489746094
202001B,2020,2020-05-19 07:45:00,EMBC,16.71,87.1,104.6,112.00000000002046,112.00000000002046,4,61.5666389465332,87.19619746818037,49.12199992680404,72.11058044433594
202001B,2020,2020-05-19 15:15:00,EMBC,17.91,87.13,90.0,100.0,100.0,4,56.868507385253906,75.85321905447857,49.12199992680404,81.55844116210938
202001B,2020,2020-05-20 01:45:00,EMBC,19.62,87.09,69.8,95.0,95.0,4,58.24689483642578,79.18114184685406,49.12199992680404,87.62362670898438
202002A,2020,2020-06-02 23:45:00,EYE,17.61,72.23,47.0,49.545454545420725,49.545454545420725,4,57.0494270324707,76.29002411756112,49.12199992680404,49.206825256347656
202002A,2020,2020-06-03 06:15:00,EYE,18.03,72.74,72.2,60.0,60.0,4,60.70229721069336,85.1093658152534,49.12199992680404,54.56207275390625
202003A,2020,2020-11-22 06:15:00,EYE,10.41,52.43,61.0,51.36363636345879,51.36363636345879,4,62.5496826171875,89.56961826121615,49.12199992680404,62.6750602722168
202003A,2020,2020-11-22 11:45:00,EYE,10.32,51.55,87.4,74.09090909102747,74.09090909102747,4,62.052120208740234,88.36832374979765,49.12199992680404,62.40538024902344
202003A,2020,2020-11-23 11:45:00,SHEAR,11.48,48.73,35.0,30.0,30.0,4,31.583728790283203,14.806674474555072,49.12199992680404,52.39108657836914
202003A,2020,2020-11-23 17:45:00,SHEAR,11.58,47.83,27.0,30.0,30.0,4,30.63674545288086,12.520316288500965,49.12199992680404,48.7574462890625
202004B,2020,2020-11-23 18:15:00,CRVBND,10.18,83.67,35.0,30.27272727269176,30.27272727269176,2,36.01628112792969,30.49222857400481,49.540730037703746,42.22038650512695
202003A,2020,2020-11-23 23:45:00,CRVBND,11.71,46.73,30.0,25.272727272742493,25.272727272742493,4,31.166357040405273,13.79898903884429,49.12199992680404,39.80510711669922
202004B,2020,2020-11-23 23:45:00,CRVBND,9.97,82.84,37.0,34.818181818171674,34.818181818171674,2,38.12228775024414,33.38038249433938,49.540730037703746,50.315372467041016
202003A,2020,2020-11-24 05:15:00,CRVBND,11.52,46.0,33.0,22.363636363647355,22.363636363647355,4,31.234819412231445,13.964281814418168,49.12199992680404,27.682716369628906
202004B,2020,2020-11-25 06:45:00,EMBC,11.29,81.95,61.0,60.99999999995907,60.99999999995907,2,56.2722282409668,58.27100782604494,49.540730037703746,77.94366455078125
202004B,2020,2020-11-25 13:15:00,EMBC,11.72,81.02,57.0,65.0,65.0,2,39.47499084472656,35.235464384388045,49.540730037703746,66.4375991821289
202004B,2020,2020-11-25 18:45:00,IRRCDO,12.09,80.34,57.0,64.09090909093446,64.09090909093446,2,46.349365234375,44.66290451346577,49.540730037703746,52.84226608276367
202005B,2020,2020-12-01 19:30:00,EMBC,8.31,83.77,53.0,35.0,35.0,1,39.476768493652344,28.216337645314344,48.893103305784514,62.90090560913086
202005B,2020,2020-12-02 11:15:00,CRVBND,9.06,81.7,53.0,45.0,45.0,1,40.40558624267578,29.363058122427024,48.893103305784514,48.23622512817383
202005B,2020,2020-12-02 17:45:00,CRVBND,8.84,81.55,45.0,45.0,45.0,1,39.46705627441406,28.204346917649573,48.893103305784514,48.5645751953125
202005B,2020,2020-12-02 22:45:00,EMBC,9.15,80.94,47.0,40.0,40.0,1,47.307228088378906,37.88384063168312,48.893103305784514,48.29591369628906
202005B,2020,2020-12-03 06:45:00,CRVBND,9.2,80.09,33.0,39.09090909093446,39.09090909093446,1,39.38880157470703,28.10773348979604,48.893103305784514,49.888465881347656
202005B,2020,2020-12-03 12:00:00,CRVBND,9.22,79.4,33.0,30.0,30.0,1,37.941314697265625,26.320662942900118,48.893103305784514,34.31155014038086
202005B,2020,2020-12-03 23:45:00,CRVBND,9.4,79.41,41.0,30.0,30.0,1,37.611419677734375,25.913373811537465,48.893103305784514,41.330623626708984
202005B,2020,2020-12-04 06:15:00,CRVBND,9.3,79.36,35.0,29.81818181817167,29.81818181817167,1,37.5261344909668,25.808080528583314,48.893103305784514,38.66148376464844
202005B,2020,2020-12-04 11:45:00,CRVBND,9.3,79.31,35.0,25.27272727269176,25.27272727269176,1,37.825401306152344,26.177556010134328,48.893103305784514,47.30537796020508
202005B,2020,2020-12-05 05:15:00,CRVBND,9.0,78.85,57.0,18.98181818181345,18.98181818181345,1,38.99964904785156,27.627284906923354,48.893103305784514,51.289276123046875
202101A,2021,2021-05-14 09:45:00,CRVBND,11.96,72.22,35.0,30.0,30.0,1,39.76662063598633,28.57418975063729,48.893103305784514,42.23283767700195
202101A,2021,2021-05-14 15:15:00,CRVBND,12.22,72.2,41.0,33.181818181794505,33.181818181794505,1,38.83259582519531,27.421040623382265,48.893103305784514,48.29790496826172
202101A,2021,2021-05-15 03:15:00,EMBC,13.03,72.3,55.0,40.454545454486265,40.454545454486265,1,43.42192077636719,33.08703150605665,48.893103305784514,72.21175384521484
202101A,2021,2021-05-16 15:15:00,EYE,17.44,72.28,119.8,80.45454545457928,80.45454545457928,1,106.51943969726562,110.98736994992638,48.893103305784514,69.19274139404297
202101A,2021,2021-05-16 21:15:00,EYE,18.17,71.75,134.8,90.90909090915856,90.90909090915856,1,109.62158966064453,114.8172912556089,48.893103305784514,73.21350860595703
202101A,2021,2021-05-17 02:45:00,EYE,18.93,71.46,124.6,100.0,100.0,1,114.42155456542969,120.74333869766791,48.893103305784514,70.59850311279297
202101A,2021,2021-05-17 09:15:00,EYE,20.03,71.35,119.8,100.0,100.0,1,108.49748229980469,113.42946578553854,48.893103305784514,68.3381576538086
202101A,2021,2021-05-17 15:15:00,EYE,20.56,71.39,109.8,89.54545454551373,89.54545454551373,1,103.18269348144531,106.86781558457062,48.893103305784514,62.713863372802734
202102B,2021,2021-05-24 03:15:00,CRVBND,16.22,89.8,35.0,40.0,40.0,3,33.52735137939453,24.915555984153468,50.69363147943891,36.7958869934082
202102B,2021,2021-05-24 08:45:00,CRVBND,17.08,89.91,35.0,40.0,40.0,3,31.76374626159668,22.245124817357407,50.69363147943891,29.774169921875
202102B,2021,2021-05-24 15:15:00,CRVBND,17.62,89.09,37.0,45.454545454486265,45.454545454486265,3,35.447147369384766,27.822489624696264,50.69363147943891,20.380970001220703
202103B,2021,2021-09-24 12:10:00,CRVBND,19.01,91.31,35.0,25.0,25.0,2,33.69298553466797,27.306086989891135,49.540730037703746,33.04277801513672
202103B,2021,2021-09-26 00:15:00,IRRCDO,18.26,87.32,53.0,40.0,40.0,2,34.60679626464844,28.559276801486522,49.540730037703746,32.158302307128906
202103B,2021,2021-09-26 06:15:00,EMBC,18.5,85.96,47.0,45.0,45.0,2,39.18521499633789,34.83806902785196,49.540730037703746,39.05611801147461
202103A,2021,2021-10-01 00:45:00,EMBC,22.85,64.51,51.0,36.36363636361945,36.36363636361945,4,45.919952392578125,49.41947165440961,49.12199992680404,43.08407974243164
202103A,2021,2021-10-01 06:15:00,EMBC,23.01,64.26,55.0,45.0,45.0,4,58.38484191894531,79.51419569152463,49.12199992680404,55.5996208190918
202103A,2021,2021-10-01 12:45:00,EMBC,23.33,63.53,57.0,55.0,55.0,4,60.66832733154297,85.02735031592285,49.12199992680404,64.85470581054688
202103A,2021,2021-10-02 00:15:00,CRVBND,23.91,62.39,57.0,60.0,60.0,4,58.59614562988281,80.02435880650698,49.12199992680404,49.22289276123047
202103A,2021,2021-10-02 06:15:00,EYE,24.11,61.69,67.4,60.0,60.0,4,63.124732971191406,90.9579965275927,49.12199992680404,51.24072265625
202103A,2021,2021-10-03 00:15:00,CRVBND,24.27,59.43,65.0,60.0,60.0,4,48.73984146118164,56.227697523992035,49.12199992680404,45.02975845336914
202103A,2021,2021-10-03 06:15:00,EYE,24.3,58.68,55.0,60.0,60.0,4,60.3179817199707,84.18149007178842,49.12199992680404,48.07488250732422
202104B,2021,2021-11-11 11:45:00,CRVBND,13.19,80.32,35.0,25.0,25.0,3,34.63360595703125,26.590634306800133,50.69363147943891,36.90122985839844
202105B,2021,2021-12-03 08:45:00,CRVBND,14.48,84.92,43.0,35.0,35.0,4,49.79031753540039,58.76392437897796,49.12199992680404,55.639102935791016
202105B,2021,2021-12-03 21:15:00,CRVBND,15.13,84.79,34.0,40.0,40.0,4,32.11146545410156,16.080820485098176,49.12199992680404,34.52767562866211
202105B,2021,2021-12-04 03:15:00,CRVBND,16.03,85.0,31.0,39.54545454542918,39.54545454542918,4,34.295963287353516,21.354983510155748,49.12199992680404,43.780609130859375
202105B,2021,2021-12-04 08:15:00,IRRCDO,16.33,84.89,39.0,35.0,35.0,4,34.45439910888672,21.73750453583747,49.12199992680404,56.55253219604492
202105B,2021,2021-12-05 09:15:00,CRVBND,20.02,86.56,45.0,25.0,25.0,4,39.862571716308594,34.79477727148126,49.12199992680404,66.46064758300781
202105B,2021,2021-12-05 14:45:00,IRRCDO,20.61,87.01,47.0,25.0,25.0,4,33.21338653564453,18.741254080563806,49.12199992680404,52.983001708984375
202201B,2022,2022-03-04 20:45:00,CRVBND,11.1,83.51,37.0,30.0,30.0,2,37.064552307128906,31.929815941346863,49.540730037703746,50.44612503051758
202201B,2022,2022-03-05 03:15:00,CRVBND,11.91,84.19,37.0,30.0,30.0,2,37.70259475708008,32.80482021894082,49.540730037703746,53.84800720214844
202201B,2022,2022-03-05 09:15:00,CRVBND,11.71,83.79,37.0,30.0,30.0,2,33.307891845703125,26.777973813182495,49.540730037703746,44.759803771972656
202201B,2022,2022-03-05 15:15:00,CRVBND,11.3,83.18,33.0,27.727272727252437,27.727272727252437,2,31.648056030273438,24.501693545755494,49.540730037703746,35.49040603637695
202201B,2022,2022-03-05 21:15:00,SHEAR,11.37,82.85,32.0,25.0,25.0,2,32.797603607177734,26.07817023185374,49.540730037703746,29.835105895996094
202201B,2022,2022-03-06 03:15:00,SHEAR,11.4,82.49,26.0,23.25,23.25,2,30.404985427856445,22.796960428782782,49.540730037703746,28.241817474365234
202201B,2022,2022-03-06 09:15:00,SHEAR,11.2,81.95,25.0,21.136363636396663,21.136363636396663,2,30.914470672607422,23.495662793433013,49.540730037703746,30.51874542236328
202202B,2022,2022-05-07 09:10:00,IRRCDO,9.92,90.88,43.0,28.0,28.0,0,35.665428161621094,31.8248977569873,47.71526680016013,38.03374481201172
202202B,2022,2022-05-08 03:15:00,EMBC,11.43,88.57,65.0,40.454545454486265,40.454545454486265,0,40.52802276611328,39.26644699828403,47.71526680016013,80.51726531982422
202202B,2022,2022-05-09 03:45:00,IRRCDO,14.25,85.73,59.0,55.0,55.0,0,52.11601257324219,57.000312099382626,47.71526680016013,28.120773315429688
202202B,2022,2022-05-10 02:15:00,EMBC,14.95,83.75,72.0,55.0,55.0,0,50.09400177001953,53.90589560315351,47.71526680016013,51.68880844116211
202202B,2022,2022-05-10 10:15:00,EMBC,15.18,82.02,80.0,53.18181818186892,53.18181818186892,0,47.65097427368164,50.16716949280797,47.71526680016013,51.9289665222168
202202B,2022,2022-05-11 02:45:00,EMBC,15.74,80.58,57.0,45.0,45.0,0,33.220664978027344,28.083515409954867,47.71526680016013,53.70273208618164
202202B,2022,2022-05-11 07:45:00,IRRCDO,15.69,81.04,57.0,40.0,40.0,0,32.817665100097656,27.466778116436743,47.71526680016013,51.6667366027832
202203A,2022,2022-08-12 08:15:00,CRVBND,21.83,65.7,35.0,25.0,25.0,3,39.28633117675781,33.6357388553797,50.69363147943891,46.00920486450195
202203A,2022,2022-08-12 15:15:00,SHEAR,22.11,65.49,34.0,25.0,25.0,3,41.44622039794922,36.90621898434331,50.69363147943891,34.59406661987305
202203A,2022,2022-08-12 21:15:00,SHEAR,22.41,64.59,30.0,25.0,25.0,3,39.515281677246094,33.98241314543897,50.69363147943891,34.510704040527344
202203A,2022,2022-08-13 09:15:00,SHEAR,22.15,63.68,25.0,27.9,27.9,3,34.876792907714844,26.958865270698936,50.69363147943891,31.19622039794922
202203A,2022,2022-08-13 15:15:00,SHEAR,22.26,63.77,25.0,25.786363636349485,25.786363636349485,3,32.336402893066406,23.11223509114631,50.69363147943891,23.831607818603516
202204B,2022,2022-08-19 00:15:00,CRVBND,20.89,89.1,35.0,25.0,25.0,1,38.07568359375,26.486555084009254,48.893103305784514,28.100196838378906
202204B,2022,2022-08-19 06:45:00,CRVBND,21.05,89.0,39.0,30.0,30.0,1,50.045013427734375,41.263916554950804,48.893103305784514,42.7472038269043
202204B,2022,2022-08-19 11:15:00,CRVBND,21.35,88.37,39.0,30.0,30.0,1,44.05901336669922,33.87358744764866,48.893103305784514,36.27516174316406
202205B,2022,2022-10-23 15:15:00,CRVBND,16.34,88.61,35.0,35.0,35.0,2,42.16229248046875,38.92079978274533,49.540730037703746,59.30755615234375
202205B,2022,2022-10-23 20:15:00,CRVBND,17.07,88.95,39.0,38.99999999993861,38.99999999993861,2,38.950782775878906,34.51657130348713,49.540730037703746,57.768043518066406
202205B,2022,2022-10-24 01:45:00,CRVBND,18.05,89.31,41.0,42.72727272728964,42.72727272728964,2,44.717838287353516,42.42544671146081,49.540730037703746,69.60716247558594
202205B,2022,2022-10-24 09:15:00,CRVBND,20.06,89.92,47.0,45.0,45.0,2,48.21560287475586,47.22224193445567,49.540730037703746,68.3436279296875
202205B,2022,2022-10-24 15:15:00,CRVBND,21.76,90.42,39.0,44.54545454542918,44.54545454542918,2,52.66508102416992,53.32420648884558,49.540730037703746,57.362945556640625
202206B,2022,2022-12-08 12:15:00,IRRCDO,10.27,82.87,57.0,50.0,50.0,3,34.881263732910156,26.965634944262693,50.69363147943891,38.01106262207031
202206B,2022,2022-12-08 18:15:00,EMBC,10.72,82.28,53.0,50.0,50.0,3,41.93426513671875,37.64521087546935,50.69363147943891,51.071441650390625
202206B,2022,2022-12-09 00:15:00,CRVBND,10.87,81.61,53.0,50.0,50.0,3,49.93244552612305,49.755966267352065,50.69363147943891,49.2491340637207
202206B,2022,2022-12-09 06:15:00,CRVBND,11.32,80.8,49.0,45.0,45.0,3,41.25917053222656,36.62299016734231,50.69363147943891,48.022552490234375
202206B,2022,2022-12-09 12:15:00,CRVBND,11.63,80.8,41.0,40.0,40.0,3,40.223175048828125,35.054297380273496,50.69363147943891,36.365264892578125
202206B,2022,2022-12-09 17:45:00,CRVBND,12.25,80.67,33.0,35.500000000030695,35.500000000030695,3,33.778377532958984,25.29565698147677,50.69363147943891,33.4820671081543
202207A,2022,2022-12-15 15:15:00,CRVBND,14.21,66.07,33.0,30.0,30.0,4,41.98094177246094,39.90928407184539,49.12199992680404,39.485267639160156
202207A,2022,2022-12-15 21:15:00,SHEAR,14.0,65.27,34.0,30.0,30.0,4,31.583580017089844,14.806315282587201,49.12199992680404,33.69025802612305
202207A,2022,2022-12-16 03:15:00,SHEAR,14.01,64.47,34.0,30.0,30.0,4,33.989830017089844,20.615867750832223,49.12199992680404,35.56431198120117
202207A,2022,2022-12-16 08:45:00,SHEAR,13.6,64.13,33.0,28.181818181831712,28.181818181831712,4,33.19384765625,18.694080202116744,49.12199992680404,32.357994079589844
202207A,2022,2022-12-16 15:15:00,SHEAR,13.59,63.39,27.0,25.0,25.0,4,30.784347534179688,12.876680770881311,49.12199992680404,30.406251907348633
202207A,2022,2022-12-16 21:15:00,SHEAR,13.63,62.77,25.0,25.0,25.0,4,29.566993713378906,9.937551048549599,49.12199992680404,27.787546157836914
202207A,2022,2022-12-17 03:15:00,SHEAR,13.78,62.13,25.0,25.0,25.0,4,30.211061477661133,11.492562152841696,49.12199992680404,23.875682830810547
202301B,2023,2023-05-11 08:30:00,EMBC,11.65,88.1,51.0,45.0,45.0,1,65.60431671142578,60.47346730241964,48.893103305784514,67.6399917602539
202301B,2023,2023-05-11 14:30:00,EYE,12.25,88.19,55.0,50.0,50.0,1,85.9341049194336,85.57266944191085,48.893103305784514,65.22140502929688
202301B,2023,2023-05-12 09:00:00,EMBC,14.33,88.52,79.6,85.0,85.0,1,105.48377990722656,109.7087420492336,48.893103305784514,70.26081085205078
202301B,2023,2023-05-12 15:00:00,EYE,14.7,88.59,104.6,90.0,90.0,1,115.28994750976562,121.81545857532656,48.893103305784514,68.89297485351562
202301B,2023,2023-05-13 03:00:00,EMBC,15.0,89.66,112.4,100.0,100.0,1,110.20358276367188,115.53582124653714,48.893103305784514,84.9185791015625
202301B,2023,2023-05-13 15:30:00,EMBC,17.48,91.15,122.2,110.5000000000307,110.5000000000307,1,119.15635681152344,126.58893617508843,48.893103305784514,80.00416564941406
202302A,2023,2023-06-06 09:00:00,CRVBND,12.0,66.0,49.0,33.0,33.0,0,34.16677474975586,29.53140959539355,47.71526680016013,72.16212463378906
202302A,2023,2023-06-06 15:30:00,EMBC,12.42,66.0,57.0,35.90909090906554,35.90909090906554,0,37.70491027832031,34.94605175657026,47.71526680016013,64.44412231445312
202302A,2023,2023-06-07 16:00:00,IRRCDO,13.75,66.39,77.0,66.49999999998977,66.49999999998977,0,33.147605895996094,27.971708278026323,47.71526680016013,42.565162658691406
202302A,2023,2023-06-08 03:00:00,EYE,13.55,66.81,77.0,75.0,75.0,0,42.83453369140625,42.79625279585144,47.71526680016013,55.32208251953125
202302A,2023,2023-06-08 09:00:00,IRRCDO,14.6,65.69,79.6,75.0,75.0,0,32.61881637573242,27.162466798243383,47.71526680016013,41.508174896240234
202302A,2023,2023-06-08 15:00:00,IRRCDO,14.6,66.0,65.0,75.0,75.0,0,34.81266784667969,30.519862402241152,47.71526680016013,31.876358032226562
202302A,2023,2023-06-09 03:00:00,EMBC,14.8,66.7,55.0,70.0,70.0,0,43.46565246582031,43.76209548250484,47.71526680016013,43.58537292480469
202303B,2023,2023-06-09 09:00:00,SHEAR,19.9,91.7,41.0,39.99,39.99,2,32.73876953125,25.99748583834827,49.540730037703746,37.59388732910156
202302A,2023,2023-06-09 15:00:00,IRRCDO,15.7,67.3,65.0,65.0,65.0,0,35.8469123840332,32.10263503254602,47.71526680016013,37.871578216552734
202303B,2023,2023-06-09 15:00:00,SHEAR,20.0,91.9,37.0,37.2,37.2,2,30.42539405822754,22.824948596146736,49.540730037703746,30.21441650390625
202302A,2023,2023-06-09 20:30:00,EMBC,16.37,67.4,72.2,70.0,70.0,0,40.91846466064453,39.86396598153123,47.71526680016013,56.670902252197266
202303B,2023,2023-06-09 21:00:00,CRVBND,20.47,91.85,35.0,30.69,30.69,2,35.36385726928711,29.59750179342728,49.540730037703746,37.89370346069336
202302A,2023,2023-06-10 03:00:00,EMBC,16.8,67.4,77.0,75.0,75.0,0,47.42296600341797,49.81823339827471,47.71526680016013,67.8322982788086
202303B,2023,2023-06-10 03:10:00,CRVBND,21.11,91.9,32.0,26.040000000000003,26.040000000000003,2,33.01636505126953,26.378177228829575,49.540730037703746,37.94512176513672
202302A,2023,2023-06-10 14:00:00,EMBC,17.44,67.39,59.0,80.0,80.0,0,41.8653564453125,41.31305693294972,47.71526680016013,39.78323745727539
202302A,2023,2023-06-11 02:00:00,SHEAR,19.15,68.86,65.0,90.0,90.0,0,35.6593017578125,31.815522117164974,47.71526680016013,33.50907897949219
202302A,2023,2023-06-11 08:30:00,EMBC,18.57,67.85,74.6,90.0,90.0,0,41.98416519165039,41.49487779363866,47.71526680016013,53.67034149169922
202302A,2023,2023-06-12 02:00:00,EMBC,19.47,67.63,74.6,90.0,90.0,0,57.922882080078125,65.8869475044776,47.71526680016013,63.748680114746094
202302A,2023,2023-06-12 08:00:00,EYE,19.67,67.15,82.2,90.0,90.0,0,56.745635986328125,64.08533016058641,47.71526680016013,67.11286163330078
202302A,2023,2023-06-12 15:00:00,EYE,20.0,67.09,74.6,90.0,90.0,0,74.79283142089844,91.70414365772467,47.71526680016013,60.455535888671875
202302A,2023,2023-06-13 15:00:00,EMBC,21.5,66.4,82.2,85.0,85.0,0,57.53936004638672,65.30001844068103,47.71526680016013,55.30018997192383
202302A,2023,2023-06-13 21:00:00,CRVBND,21.8,66.8,67.4,85.0,85.0,0,45.602352142333984,47.03202792596828,47.71526680016013,45.244266510009766
202302A,2023,2023-06-14 09:00:00,CRVBND,21.7,66.4,53.0,80.0,80.0,0,46.551963806152344,48.485281287843385,47.71526680016013,39.79930114746094
202302A,2023,2023-06-14 15:00:00,SHEAR,22.2,66.9,39.0,70.0,70.0,0,54.42387008666992,60.53217866958844,47.71526680016013,29.474077224731445
202302A,2023,2023-06-14 21:00:00,CRVBND,22.4,66.8,35.0,70.0,70.0,0,48.66079330444336,51.71256215936291,47.71526680016013,27.32465934753418
202302A,2023,2023-06-15 03:00:00,SHEAR,22.8,67.0,35.0,70.0,70.0,0,38.62360763549805,36.35199491600443,47.71526680016013,30.619579315185547
202302A,2023,2023-06-15 09:00:00,CRVBND,22.9,67.4,34.0,65.0,65.0,0,33.630287170410156,28.710387268063002,47.71526680016013,44.693382263183594
202304B,2023,2023-08-01 00:00:00,CRVBND,20.63,91.78,41.0,25.0,25.0,4,29.512649536132812,9.806344669721634,49.12199992680404,17.90850257873535
202304B,2023,2023-08-01 06:00:00,SHEAR,21.53,91.07,33.0,30.0,30.0,4,29.176496505737305,8.994750418317055,49.12199992680404,19.920949935913086
202305A,2023,2023-10-21 15:30:00,EYE,11.25,56.95,65.0,66.81818181813108,66.81818181813108,3,75.0550537109375,87.79633891704408,50.69363147943891,66.59742736816406
202305A,2023,2023-10-21 21:00:00,EYE,11.68,56.07,94.8,80.0,80.0,3,94.52123260498047,117.27180952692149,50.69363147943891,60.37940216064453
202305A,2023,2023-10-22 03:00:00,EYE,12.4,55.42,99.6,95.0,95.0,3,95.13296508789062,118.19808801841545,50.69363147943891,68.34762573242188
202305A,2023,2023-10-22 09:00:00,EYE,13.1,54.37,99.6,95.0,95.0,3,91.02912139892578,111.98409375174244,50.69363147943891,62.36048889160156
202305A,2023,2023-10-22 15:00:00,EYE,13.63,54.05,92.4,95.0,95.0,3,95.64187622070312,118.968675570287,50.69363147943891,54.90491485595703
202305A,2023,2023-10-23 15:00:00,EYE,15.48,52.44,67.4,70.0,70.0,3,80.05404663085938,95.36575814883967,50.69363147943891,54.99330520629883
202306B,2023,2023-10-24 03:00:00,EMBC,20.0,89.5,74.6,65.0,65.0,1,90.32518005371094,90.99390065579571,48.893103305784514,68.70890808105469
202306B,2023,2023-10-24 08:30:00,EMBC,20.65,90.73,79.6,65.0,65.0,1,63.46124267578125,57.82762328918247,48.893103305784514,64.70159149169922
202306B,2023,2023-10-24 15:00:00,EMBC,21.1,91.5,74.6,55.0,55.0,1,69.7727279663086,65.61979719116994,48.893103305784514,69.24958801269531
202307B,2023,2023-11-17 00:00:00,CRVBND,20.26,88.86,35.0,35.0,35.0,3,55.15022277832031,57.65666629087297,50.69363147943891,57.610870361328125
202307B,2023,2023-11-17 06:00:00,SHEAR,21.11,89.53,32.0,45.0,45.0,3,41.108760833740234,36.39524148223539,50.69363147943891,31.321001052856445
202308B,2023,2023-12-03 03:00:00,CRVBND,11.67,82.36,37.0,35.0,35.0,2,37.79061508178711,32.925530307493325,49.540730037703746,70.70021057128906
202308B,2023,2023-12-03 09:00:00,CRVBND,12.0,82.5,37.0,35.0,35.0,2,41.51436996459961,38.03224609328732,49.540730037703746,52.117103576660156
202308B,2023,2023-12-03 14:30:00,CRVBND,12.56,82.42,43.0,39.090909090858354,39.090909090858354,2,39.22444152832031,34.891863854955425,49.540730037703746,62.23942947387695
202308B,2023,2023-12-03 20:00:00,CRVBND,12.98,82.14,45.0,45.0,45.0,2,42.98889923095703,40.05439903248277,49.540730037703746,63.425716400146484
202308B,2023,2023-12-04 03:00:00,CRVBND,13.7,81.1,53.0,50.0,50.0,2,43.030540466308594,40.11150535677154,49.540730037703746,50.373287200927734
202401B,2024,2024-05-25 18:30:00,CRVBND,18.87,89.1,35.0,40.49999999993861,40.49999999993861,0,34.39264678955078,29.877076475542935,47.71526680016013,31.81387710571289
202401B,2024,2024-05-26 00:00:00,CRVBND,19.34,89.01,35.0,50.0,50.0,0,33.91242218017578,29.14215708204771,47.71526680016013,51.034515380859375
202401B,2024,2024-05-26 06:00:00,CRVBND,20.53,88.61,41.0,50.0,50.0,0,44.39493942260742,45.1842446046705,47.71526680016013,50.54821014404297
202401B,2024,2024-05-26 12:00:00,CRVBND,21.02,88.89,51.0,60.0,60.0,0,37.13439178466797,34.07294967652801,47.71526680016013,51.296302795410156
202402A,2024,2024-08-30 06:00:00,CRVBND,23.55,67.77,35.0,35.0,35.0,1,43.768333435058594,33.51471335179026,48.893103305784514,34.42440414428711
202402A,2024,2024-08-30 12:00:00,CRVBND,23.55,66.86,33.0,35.0,35.0,1,39.20152282714844,27.87651872782659,48.893103305784514,37.708866119384766
202402A,2024,2024-08-31 00:00:00,CRVBND,23.42,65.58,33.0,40.0,40.0,1,41.3382568359375,30.514535329681657,48.893103305784514,33.28382110595703
202402A,2024,2024-08-31 06:00:00,CRVBND,23.64,64.9,31.0,40.0,40.0,1,41.80445861816406,31.09010909612584,48.893103305784514,43.30847930908203
202402A,2024,2024-08-31 12:00:00,CRVBND,23.29,64.12,34.0,40.0,40.0,1,44.17071533203125,34.011494944694924,48.893103305784514,48.75809097290039
202402A,2024,2024-09-01 00:00:00,CRVBND,23.11,62.61,39.0,40.0,40.0,1,45.483943939208984,35.63280992986203,48.893103305784514,36.86914825439453
202402A,2024,2024-09-01 06:00:00,SHEAR,22.37,62.06,39.0,35.0,35.0,1,38.54047393798828,27.060386285945988,48.893103305784514,37.84593963623047
202402A,2024,2024-09-01 12:00:00,SHEAR,22.2,61.54,31.0,30.0,30.0,1,39.81444549560547,28.633234429636985,48.893103305784514,42.99439239501953
202402A,2024,2024-09-01 22:30:00,SHEAR,21.33,61.45,25.0,22.72727272728964,22.72727272728964,1,37.050697326660156,25.221104738699854,48.893103305784514,31.259523391723633
202403B,2024,2024-10-23 13:00:00,IRRCDO,17.4,88.93,47.0,45.0,45.0,4,39.47221755981445,33.8523220181409,49.12199992680404,48.12171936035156
202403B,2024,2024-10-24 00:30:00,EMBC,18.76,88.42,63.0,55.0,55.0,4,54.339725494384766,69.7478305554647,49.12199992680404,60.95671844482422
202403B,2024,2024-10-25 00:30:00,IRRCDO,20.82,86.87,49.0,49.090909090858354,49.090909090858354,4,45.21882629394531,47.72670122038852,49.12199992680404,46.556453704833984
202404B,2024,2024-11-30 09:30:00,CRVBND,12.4,80.78,53.0,44.09090909093446,44.09090909093446,2,41.98793411254883,38.681686667660415,49.540730037703746,48.79250717163086
202404B,2024,2024-11-30 15:00:00,CRVBND,12.4,80.5,51.0,40.0,40.0,2,41.4808464050293,37.986272258746304,49.540730037703746,36.20166778564453
202404B,2024,2024-11-30 21:00:00,IRRCDO,12.2,80.1,37.0,35.0,35.0,2,44.64396286010742,42.32413477703644,49.540730037703746,35.638099670410156
202501B,2025,2025-10-01 12:00:00,SHEAR,16.52,86.27,35.0,25.0,25.0,3,28.884857177734375,17.88594312883157,50.69363147943891,10.787933349609375
202501B,2025,2025-10-02 00:00:00,CRVBND,17.33,85.26,32.0,30.0,30.0,3,34.00948715209961,25.645600584878263,50.69363147943891,27.835649490356445
202501B,2025,2025-10-02 06:00:00,CRVBND,17.72,84.84,35.0,30.0,30.0,3,34.1140022277832,25.803856144860998,50.69363147943891,24.560827255249023
202502A,2025,2025-10-03 05:30:00,CRVBND,21.65,66.85,39.0,34.090909090858354,34.090909090858354,0,42.57815170288086,42.403894528840915,47.71526680016013,50.56489944458008
202502A,2025,2025-10-03 12:30:00,IRRCDO,21.97,66.4,47.0,40.0,40.0,0,41.41526794433594,40.62425681379845,47.71526680016013,55.73627471923828
202502A,2025,2025-10-04 00:00:00,CRVBND,22.15,64.68,55.0,50.0,50.0,0,57.17695999145508,64.74541373410503,47.71526680016013,37.31208038330078
202502A,2025,2025-10-04 06:00:00,CRVBND,22.03,64.25,65.0,55.0,55.0,0,52.54273223876953,57.653349348327424,47.71526680016013,40.79117202758789
202502A,2025,2025-10-04 12:00:00,EMBC,21.7,63.5,74.6,55.0,55.0,0,58.157291412353516,66.24567956639683,47.71526680016013,37.109073638916016
202502A,2025,2025-10-05 05:30:00,EMBC,20.82,60.91,61.0,60.0,60.0,0,45.0029296875,46.11469220773563,47.71526680016013,32.919708251953125
202502A,2025,2025-10-06 00:00:00,SHEAR,19.66,60.01,41.0,45.0,45.0,0,36.95130157470703,33.79275465229856,47.71526680016013,30.454753875732422
202502A,2025,2025-10-06 06:00:00,SHEAR,19.76,60.77,31.0,40.0,40.0,0,33.71818542480469,28.844903764193827,47.71526680016013,29.544466018676758
202502A,2025,2025-10-06 12:00:00,SHEAR,19.76,60.39,31.0,35.0,35.0,0,35.04224395751953,30.871197866616864,47.71526680016013,29.766286849975586
202502A,2025,2025-10-06 22:30:00,SHEAR,19.42,60.27,25.0,30.0,30.0,0,33.38688659667969,28.337895316317354,47.71526680016013,28.10094451904297
202503B,2025,2025-10-27 00:00:00,CRVBND,11.67,84.9,35.0,35.0,35.0,1,40.76032257080078,29.80101638912078,48.893103305784514,38.99427032470703
202503B,2025,2025-10-27 06:00:00,CRVBND,13.16,84.8,35.0,40.0,40.0,1,40.41224670410156,29.37128114304866,48.893103305784514,34.17976379394531
202503B,2025,2025-10-27 13:00:00,IRRCDO,13.4,83.94,43.0,45.0,45.0,1,38.501895904541016,27.012757759286984,48.893103305784514,25.4354248046875
202503B,2025,2025-10-27 23:30:00,IRRCDO,14.75,83.15,33.0,49.09090909093446,49.09090909093446,1,61.636680603027344,55.57501486003706,48.893103305784514,35.504302978515625
202503B,2025,2025-10-28 06:00:00,CRVBND,15.12,82.72,39.0,50.0,50.0,1,85.37285614013672,84.87975043960829,48.893103305784514,33.265960693359375
202503B,2025,2025-10-28 12:00:00,CRVBND,15.82,82.2,35.0,50.0,50.0,1,80.7275161743164,79.1446032941572,48.893103305784514,36.05775451660156
202505B,2025,2025-11-27 09:00:00,CRVBND,7.2,82.0,39.0,35.0,35.0,1,43.68260955810547,33.40887846094866,48.893103305784514,46.47804641723633
202505B,2025,2025-11-29 03:00:00,SHEAR,9.6,80.8,35.0,40.0,40.0,1,37.25493621826172,25.473258532561516,48.893103305784514,28.865083694458008
202505B,2025,2025-11-29 09:00:00,SHEAR,10.2,80.8,29.0,40.0,40.0,1,39.189781188964844,27.862022474978136,48.893103305784514,34.671409606933594
202505B,2025,2025-11-29 15:00:00,SHEAR,10.4,80.8,28.0,40.0,40.0,1,37.653289794921875,25.965066752169246,48.893103305784514,32.666786193847656
202505B,2025,2025-11-29 21:00:00,SHEAR,10.7,80.8,25.0,40.0,40.0,1,37.94087600708008,26.32012133501267,48.893103305784514,32.04665756225586
202505B,2025,2025-11-30 03:00:00,SHEAR,11.15,80.8,25.0,40.0,40.0,1,36.73753356933594,24.834472061201176,48.893103305784514,28.843427658081055
202505B,2025,2025-11-30 09:00:00,SHEAR,11.65,80.8,25.0,35.0,35.0,1,38.25086212158203,26.702830887552686,48.893103305784514,30.885339736938477
202505B,2025,2025-11-30 15:00:00,SHEAR,12.16,80.8,25.0,30.0,30.0,1,36.281734466552734,24.271741466140274,48.893103305784514,29.53464698791504
