{"type": "FeatureCollection", "features": [{"type": "Feature", "properties": {}, "geometry": {"type": "LineString", "coordinates": [[40.225108, -2.993748], [40.232921, -2.981866], [40.232107, -2.970636], [40.211274, -2.986017], [40.190684, -2.988051], [40.178559, -2.976495], [40.183767, -2.950291], [40.162608, -2.934259], [40.164887, -2.901462], [40.183767, -2.837579], [40.184825, -2.828871], [40.18865, -2.813572], [40.187511, -2.807061], [40.172618, -2.787205], [40.170665, -2.779474], [40.174978, -2.762628], [40.204845, -2.724867], [40.223318, -2.683038], [40.232107, -2.669041], [40.243907, -2.656671], [40.293712, -2.616388], [40.32309, -2.598077], [40.348318, -2.590102], [40.389822, -2.560317], [40.490896, -2.528497], [40.523611, -2.525079], [40.555431, -2.532403], [40.585216, -2.545831], [40.615896, -2.552504], [40.650564, -2.539321], [40.711762, -2.466567], [40.758149, -2.447442], [40.789317, -2.424981], [40.816905, -2.397882], [40.828624, -2.37477], [40.821788, -2.360772], [40.793468, -2.341974], [40.786957, -2.327325], [40.793712, -2.316502], [40.795584, -2.309991], [40.790782, -2.307224], [40.782563, -2.304295], [40.777192, -2.296808], [40.774587, -2.287774], [40.773936, -2.279229], [40.794688, -2.29046], [40.815684, -2.271905], [40.838064, -2.24505], [40.863048, -2.231378], [40.877696, -2.228692], [40.884451, -2.226332], [40.883149, -2.224054], [40.893728, -2.228204], [40.894379, -2.232029], [40.893077, -2.237074], [40.896821, -2.24505], [40.921072, -2.270603], [40.934906, -2.27988], [40.952159, -2.286065], [40.919444, -2.302423], [40.922618, -2.313735], [40.944835, -2.30934], [40.969493, -2.278985], [40.980724, -2.253025], [40.979259, -2.24212], [40.969493, -2.227716], [40.956879, -2.218927], [40.944672, -2.218357], [40.933767, -2.219659], [40.924815, -2.217218], [40.911957, -2.19199], [40.906016, -2.153253], [40.904307, -2.080336], [40.901134, -2.073663], [40.893809, -2.072035], [40.886485, -2.069757], [40.883149, -2.060154], [40.885427, -2.054457], [40.894705, -2.049086], [40.896821, -2.042413], [40.893809, -2.026056], [40.885102, -2.014825], [40.872244, -2.011407], [40.855968, -2.018487], [40.858572, -2.005792], [40.855642, -1.992608], [40.849132, -1.977634], [40.861013, -1.963474], [40.870372, -1.967218], [40.879568, -1.977797], [40.889985, -1.983819], [40.908214, -1.997735], [40.926768, -2.059259], [40.945323, -2.073175], [40.966645, -2.046563], [40.970714, -1.928969], [41.006114, -1.901788], [40.991059, -1.924086], [40.98699, -1.936456], [40.989431, -1.950291], [40.990082, -1.962498], [40.980235, -1.990167], [40.979503, -2.004978], [40.983653, -2.019301], [40.990245, -2.028904], [40.999766, -2.035577], [41.01295, -2.042413], [41.028656, -2.043227], [41.039561, -2.031996], [41.049978, -2.018487], [41.076996, -2.007094], [41.096853, -1.985284], [41.109141, -1.977634], [41.117849, -1.978285], [41.156912, -1.987481], [41.185802, -1.990167], [41.195079, -1.967055], [41.198985, -1.943129], [41.219005, -1.922459], [41.219981, -1.944024], [41.231456, -1.955499], [41.248709, -1.957289], [41.267345, -1.94964], [41.282725, -1.96852], [41.303477, -1.95615], [41.339122, -1.912367], [41.396007, -1.86061], [41.417654, -1.847263], [41.422374, -1.829767], [41.458344, -1.774835], [41.534516, -1.696873], [41.535085, -1.696303], [41.561046, -1.669692], [41.554861, -1.669692], [41.575043, -1.652602], [41.610606, -1.593194], [41.633311, -1.580336], [41.65211, -1.565118], [41.689708, -1.489516], [41.708751, -1.460056], [41.73227, -1.431085], [41.836599, -1.262302], [41.842784, -1.24391], [41.84197, -1.224867], [41.830251, -1.189223], [41.829112, -1.168878], [41.835297, -1.168878], [41.84197, -1.196954], [41.862804, -1.212335], [41.885427, -1.209649], [41.897472, -1.183201], [41.890147, -1.189386], [41.880707, -1.19492], [41.872895, -1.195489], [41.869477, -1.186212], [41.873871, -1.176039], [41.911632, -1.130955], [41.918305, -1.121026], [41.923025, -1.110121], [41.924653, -1.097101], [41.930024, -1.089939], [41.953461, -1.068617], [41.958832, -1.055841], [41.961436, -1.044122], [41.97169, -1.023614], [41.973155, -1.011163], [41.969249, -1.003188], [41.96225, -0.998956], [41.955577, -0.992934], [41.95281, -0.980401], [41.951427, -0.969415], [41.946462, -0.954767], [41.94516, -0.942966], [41.94752, -0.930841], [41.952403, -0.920831], [41.955414, -0.909601], [41.95281, -0.894464], [41.958832, -0.894464], [41.964692, -0.911554], [41.963634, -0.95086], [41.967947, -0.992852], [41.971934, -0.99977], [41.983165, -0.994073], [42.016368, -0.968032], [42.020844, -0.960056], [42.025564, -0.941583], [42.036957, -0.920017], [42.051443, -0.902032], [42.065684, -0.894464], [42.071951, -0.884454], [42.080903, -0.862888], [42.081716, -0.843438], [42.062511, -0.839288], [42.071544, -0.828709], [42.086599, -0.825616], [42.116466, -0.826267], [42.135509, -0.82171], [42.151622, -0.813897], [42.166515, -0.802667], [42.192231, -0.776137], [42.232595, -0.713067], [42.236339, -0.709568], [42.245291, -0.707452], [42.246755, -0.701918], [42.246755, -0.694268], [42.250255, -0.685642], [42.349864, -0.565606], [42.38266, -0.535252], [42.39796, -0.517348], [42.404552, -0.500909], [42.412608, -0.490981], [42.465994, -0.449395], [42.47047, -0.454034], [42.472423, -0.458673], [42.472911, -0.4638], [42.47283, -0.469903], [42.47641, -0.465997], [42.486501, -0.449395], [42.474457, -0.438653], [42.479747, -0.422052], [42.519298, -0.369317], [42.526622, -0.362726], [42.550792, -0.357599], [42.553966, -0.351251], [42.553559, -0.34238], [42.555919, -0.332127], [42.580333, -0.29754], [42.647797, -0.228936], [42.712087, -0.17669]]}}, {"type": "Feature", "properties": {}, "geometry": {"type": "LineString", "coordinates": [[102.839122, 0.290961], [102.847016, 0.278062], [102.875336, 0.284084], [102.907725, 0.298529], [102.927257, 0.310858], [102.91391, 0.320258], [102.884532, 0.315253], [102.854503, 0.303168], [102.839122, 0.290961]]}}, {"type": "Feature", "properties": {}, "geometry": {"type": "LineString", "coordinates": [[100.947276, 1.825385], [100.941905, 1.841864], [100.946056, 1.861314], [100.948253, 1.882758], [100.937022, 1.904527], [100.924083, 1.922756], [100.915782, 1.944729], [100.905772, 1.990465], [100.885509, 2.036322], [100.823497, 2.115953], [100.803233, 2.161811], [100.799978, 2.20893], [100.812755, 2.249823], [100.841156, 2.280829], [100.885916, 2.298285], [100.907888, 2.299506], [101.050304, 2.29149], [101.058604, 2.280422], [101.056488, 2.241156], [101.067393, 2.219794], [101.181814, 2.145006], [101.299978, 2.046617], [101.317149, 2.024604], [101.325857, 2.002183], [101.326996, 1.981269], [101.323416, 1.938951], [101.326671, 1.916449], [101.351329, 1.860093], [101.377615, 1.773261], [101.397309, 1.736396], [101.427013, 1.709296], [101.494477, 1.678697], [101.529633, 1.670803], [101.567393, 1.655911], [101.591563, 1.65469], [101.673513, 1.669501], [101.711681, 1.671129], [101.749197, 1.661526], [101.778575, 1.644273], [102.021495, 1.437893], [102.118175, 1.386542], [102.143321, 1.357733], [102.153331, 1.311469], [102.146983, 1.273139], [102.147227, 1.247789], [102.156749, 1.236314], [102.173106, 1.230902], [102.187266, 1.217271], [102.197276, 1.199612], [102.20102, 1.181708], [102.193126, 1.104234], [102.194184, 1.065904], [102.208507, 1.024075], [102.240082, 0.982082], [102.321056, 0.917182], [102.425059, 0.804267], [102.463878, 0.774115], [102.509532, 0.750312], [102.532237, 0.742377], [102.551931, 0.738105], [102.594981, 0.736029], [102.616384, 0.738267], [102.64796, 0.748114], [102.667166, 0.750312], [102.781261, 0.730902], [102.877126, 0.726386], [102.918142, 0.707668], [102.953787, 0.675849]]}}, {"type": "Feature", "properties": {}, "geometry": {"type": "LineString", "coordinates": [[102.961436, 0.387193], [102.921235, 0.357367], [102.899099, 0.344184], [102.861501, 0.335761], [102.746267, 0.277655], [102.732432, 0.266506], [102.715668, 0.257636], [102.646007, 0.242621], [102.627696, 0.23432], [102.619884, 0.229478], [102.61199, 0.222154], [102.591807, 0.186265], [102.581879, 0.181098], [102.554942, 0.186428], [102.536632, 0.199774], [102.502696, 0.236396], [102.48585, 0.242743], [102.459972, 0.247504], [102.437266, 0.249172], [102.430431, 0.246324], [102.439626, 0.239244], [102.449392, 0.236477], [102.472016, 0.236396], [102.480724, 0.23428], [102.486583, 0.228909], [102.49586, 0.215969], [102.517833, 0.192572], [102.545746, 0.169135], [102.577891, 0.158515], [102.61199, 0.173651], [102.618988, 0.181627], [102.62794, 0.195624], [102.633067, 0.201646], [102.644379, 0.20954], [102.667735, 0.219184], [102.677745, 0.225572], [102.695486, 0.232082], [102.741547, 0.22663], [102.763438, 0.228949], [102.818207, 0.25373], [102.885916, 0.26142], [102.90268, 0.267768], [102.972911, 0.313137], [102.992442, 0.318305]]}}, {"type": "Feature", "properties": {}, "geometry": {"type": "LineString", "coordinates": [[101.418956, -2.927341], [101.40797, -2.885512], [101.326996, -2.73919], [101.299327, -2.707615], [101.262543, -2.683282], [101.178396, -2.64129], [101.139822, -2.616876], [101.104828, -2.587091], [101.017833, -2.46795], [100.923106, -2.333429], [100.839529, -2.16725], [100.833995, -2.159112], [100.831554, -2.14129], [100.845714, -2.119399], [100.878266, -2.080011], [100.887218, -2.037205], [100.881358, -1.994887], [100.870616, -1.953302], [100.864594, -1.912367], [100.857595, -1.89186], [100.841075, -1.870375], [100.783946, -1.815525], [100.776052, -1.805759], [100.771332, -1.795587], [100.764659, -1.772068], [100.718435, -1.698175], [100.668305, -1.639744], [100.65447, -1.617608], [100.645518, -1.594008], [100.636567, -1.551365], [100.632579, -1.507989], [100.62436, -1.497491], [100.584646, -1.460382], [100.570567, -1.44256], [100.576427, -1.437758], [100.579926, -1.431899], [100.584239, -1.415785], [100.581716, -1.416681], [100.573253, -1.407647], [100.570567, -1.40838], [100.572765, -1.404474], [100.577403, -1.398126], [100.581879, -1.39365], [100.584239, -1.394708], [100.576834, -1.355645], [100.569184, -1.330824], [100.559906, -1.319594], [100.539806, -1.314223], [100.498709, -1.290297], [100.479177, -1.282973], [100.473481, -1.278497], [100.464122, -1.268162], [100.458263, -1.263849], [100.455577, -1.26572], [100.453461, -1.269708], [100.45045, -1.271905], [100.425792, -1.276056], [100.415538, -1.274509], [100.406016, -1.264418], [100.409679, -1.258559], [100.426524, -1.24391], [100.431814, -1.234552], [100.433604, -1.228692], [100.433279, -1.20672], [100.427419, -1.19256], [100.384939, -1.155206], [100.370128, -1.160903], [100.366059, -1.150486], [100.368012, -1.133722], [100.371267, -1.121026], [100.374197, -1.117608], [100.378754, -1.115167], [100.383067, -1.111423], [100.384939, -1.103936], [100.383311, -1.096775], [100.371267, -1.073337], [100.381033, -1.068617], [100.391938, -1.067071], [100.402843, -1.068617], [100.412852, -1.073337], [100.416352, -1.06463], [100.417735, -1.056248], [100.416352, -1.047784], [100.412852, -1.039158], [100.390961, -1.041599], [100.379893, -1.03045], [100.353038, -0.977146], [100.344005, -0.908787], [100.327891, -0.858819], [100.301443, -0.816339], [100.159679, -0.667901], [100.134044, -0.634698], [100.090587, -0.557224], [100.034923, -0.48797], [100.001313, -0.456313], [99.930431, -0.409438], [99.919444, -0.398045], [99.91033, -0.375177], [99.888845, -0.357599], [99.843598, -0.332127], [99.823985, -0.313409], [99.813813, -0.29461], [99.810069, -0.27337], [99.809581, -0.247166], [99.805919, -0.227797], [99.797211, -0.215916], [99.785981, -0.206638], [99.775401, -0.195571], [99.76588, -0.181248], [99.759451, -0.16839], [99.756033, -0.154718], [99.754893, -0.137302], [99.757986, -0.115818], [99.763845, -0.09588], [99.766775, -0.075372], [99.761729, -0.052179], [99.747244, -0.02984], [99.689464, 0.020087], [99.632823, 0.081], [99.61085, 0.098578], [99.534028, 0.140326], [99.490489, 0.155422], [99.450206, 0.161282], [99.426931, 0.161363], [99.408214, 0.163886], [99.392589, 0.171698], [99.378184, 0.187974], [99.356619, 0.225653], [99.341075, 0.238756], [99.316173, 0.242621], [99.29656, 0.237698], [99.26059, 0.219875], [99.244151, 0.215969], [99.233409, 0.217027], [99.221934, 0.220364], [99.211274, 0.225653], [99.203136, 0.232733], [99.193696, 0.24315], [99.188813, 0.245592], [99.182302, 0.244086], [99.168712, 0.242621], [99.16212, 0.245266], [99.142345, 0.258246], [99.13795, 0.263088], [99.139334, 0.273749], [99.153087, 0.287177], [99.158458, 0.297838], [99.158458, 0.320014], [99.148448, 0.333157], [99.131521, 0.340562], [99.110606, 0.345649], [99.128754, 0.391791], [99.132335, 0.412055], [99.127208, 0.484361], [99.122569, 0.509019], [99.110606, 0.52383], [99.098399, 0.514228], [99.097341, 0.530748], [99.103852, 0.578437], [99.100271, 0.601752], [99.089854, 0.622016], [99.072765, 0.630805], [99.048595, 0.61994], [99.04005, 0.650458], [99.047374, 0.739732], [99.041759, 0.777045], [99.006114, 0.818752], [98.997325, 0.825426], [98.981212, 0.831732], [98.976736, 0.847357], [98.980317, 0.886217], [98.975841, 0.920844], [98.917328, 1.117174], [98.850597, 1.277289], [98.839041, 1.301256], [98.836925, 1.311469], [98.838878, 1.321357], [98.842947, 1.333441], [98.844574, 1.345893], [98.840017, 1.356757], [98.799083, 1.398749], [98.788585, 1.413804], [98.775401, 1.451565], [98.770274, 1.474595], [98.768077, 1.493598], [98.764659, 1.498847], [98.756521, 1.504462], [98.746267, 1.508938], [98.73699, 1.510688], [98.730235, 1.51439], [98.725841, 1.523627], [98.720225, 1.545396], [98.709646, 1.564114], [98.711274, 1.569566], [98.727061, 1.57217], [98.733653, 1.569892], [98.740408, 1.56391], [98.745372, 1.556138], [98.747406, 1.548529], [98.753429, 1.535631], [98.766449, 1.549018], [98.788585, 1.586412], [98.798188, 1.599066], [98.818858, 1.619696], [98.822602, 1.630439], [98.823578, 1.666693], [98.819102, 1.682318], [98.805919, 1.68887], [98.788097, 1.691352], [98.783702, 1.699042], [98.784516, 1.711859], [98.78297, 1.729722], [98.773936, 1.748603], [98.760102, 1.764146], [98.727061, 1.791897], [98.715017, 1.78498], [98.711111, 1.77912], [98.712738, 1.763902], [98.715099, 1.763983], [98.724946, 1.756822], [98.727061, 1.756496], [98.726736, 1.749416], [98.721528, 1.739081], [98.720225, 1.733466], [98.711111, 1.725775], [98.690684, 1.736274], [98.658214, 1.763902], [98.576182, 1.888088], [98.535167, 1.936469], [98.444021, 1.991156], [98.426117, 1.997626], [98.406993, 2.001939], [98.387869, 2.003485], [98.365977, 2.002875], [98.354503, 2.003811], [98.34962, 2.007229], [98.349376, 2.02143], [98.347179, 2.028998], [98.341156, 2.033393], [98.329845, 2.038275], [98.311778, 2.039618], [98.288829, 2.03734], [98.269216, 2.038072], [98.260916, 2.048529], [98.256114, 2.07331], [98.243663, 2.087551], [98.209483, 2.109931], [98.152599, 2.156928], [98.08961, 2.195868], [97.983572, 2.244371], [97.955903, 2.271715], [97.93336, 2.269761], [97.881114, 2.250312], [97.866873, 2.247463], [97.850759, 2.251207], [97.829438, 2.264228], [97.817719, 2.258938], [97.809906, 2.263658], [97.803396, 2.27204], [97.79477, 2.277818], [97.786143, 2.278022], [97.768565, 2.273017], [97.757335, 2.271674], [97.744395, 2.281073], [97.706065, 2.346137], [97.676443, 2.375922], [97.663585, 2.392076], [97.658214, 2.411566], [97.661143, 2.52733], [97.644054, 2.668891], [97.608897, 2.848619], [97.602712, 2.866197], [97.592784, 2.873684], [97.577403, 2.875922], [97.53533, 2.888251], [97.48463, 2.913031], [97.463878, 2.919623], [97.441661, 2.922105], [97.42213, 2.928371], [97.40504, 2.943345], [97.332042, 3.031399], [97.313487, 3.061672], [97.300792, 3.093411], [97.285167, 3.178453], [97.270763, 3.214423], [97.240489, 3.238023], [97.206716, 3.24079], [97.182628, 3.245998], [97.171641, 3.254828], [97.166352, 3.267971], [97.018565, 3.522691], [96.999766, 3.545885], [96.921723, 3.605699], [96.903494, 3.63467], [96.8921, 3.66649], [96.883556, 3.68244], [96.873057, 3.689276], [96.866059, 3.692125], [96.842052, 3.706732], [96.838145, 3.712633], [96.828868, 3.71662], [96.817638, 3.719916], [96.807872, 3.724066], [96.778005, 3.742987], [96.760509, 3.748684], [96.559825, 3.746568], [96.519867, 3.754828], [96.479503, 3.778713], [96.430349, 3.825263], [96.279307, 4.025784], [96.211436, 4.09394], [96.20753, 4.100491], [96.201915, 4.11518], [96.197765, 4.121283], [96.190929, 4.125963], [96.175304, 4.132717], [96.167654, 4.138373], [96.159679, 4.141303], [96.147146, 4.142483], [96.135265, 4.141669], [96.130138, 4.138373], [96.125173, 4.13642], [96.11378, 4.147162], [96.065196, 4.205024], [96.049653, 4.214301], [96.030772, 4.217475], [96.01002, 4.225653], [95.903494, 4.344713], [95.814138, 4.432847], [95.80714, 4.446112], [95.758962, 4.484442], [95.725841, 4.531684], [95.656505, 4.579983], [95.616547, 4.628404], [95.598969, 4.635199], [95.576182, 4.63467], [95.56544, 4.637519], [95.560883, 4.645738], [95.563243, 4.651557], [95.572927, 4.660712], [95.575206, 4.666571], [95.57252, 4.673814], [95.566661, 4.675198], [95.559581, 4.674628], [95.554047, 4.676215], [95.526866, 4.697252], [95.515147, 4.713528], [95.489106, 4.762437], [95.468435, 4.789496], [95.459972, 4.797187], [95.441254, 4.810614], [95.434337, 4.817125], [95.42628, 4.827338], [95.424571, 4.832343], [95.425059, 4.837348], [95.423839, 4.84748], [95.418468, 4.862494], [95.405772, 4.887681], [95.400157, 4.910549], [95.385997, 4.935126], [95.379893, 4.960435], [95.348888, 5.037502], [95.338878, 5.053534], [95.324474, 5.070299], [95.312836, 5.087144], [95.305919, 5.103583], [95.296886, 5.1164], [95.279796, 5.122504], [95.299164, 5.150336], [95.301606, 5.172431], [95.29127, 5.191636], [95.27296, 5.211168], [95.256033, 5.223375], [95.248709, 5.231024], [95.245616, 5.241645], [95.243988, 5.256049], [95.239513, 5.270819], [95.231944, 5.282294], [95.221446, 5.286933], [95.198985, 5.292873], [95.205333, 5.307563], [95.222179, 5.326402], [95.231944, 5.344631], [95.233897, 5.35932], [95.245291, 5.379136], [95.25172, 5.395575], [95.253591, 5.411566], [95.249685, 5.424954], [95.231944, 5.450751], [95.245453, 5.460517], [95.236827, 5.474026], [95.223888, 5.489569], [95.225108, 5.505439], [95.203624, 5.533677], [95.197276, 5.546373], [95.212738, 5.573147], [95.223888, 5.580268], [95.23878, 5.574368], [95.250499, 5.579047], [95.260427, 5.577541], [95.269705, 5.574408], [95.279796, 5.574368], [95.288341, 5.578762], [95.304942, 5.591986], [95.315766, 5.597968], [95.335297, 5.612128], [95.345225, 5.615302], [95.358897, 5.616889], [95.369151, 5.621283], [95.412852, 5.649563], [95.431895, 5.65469], [95.449718, 5.649563], [95.477061, 5.623603], [95.494314, 5.612291], [95.502696, 5.605129], [95.511241, 5.603013], [95.521251, 5.609198], [95.533702, 5.622138], [95.576182, 5.631252], [95.611583, 5.626654], [95.762218, 5.57685], [95.83961, 5.528551], [95.855479, 5.522162], [95.872569, 5.519721], [95.887543, 5.512152], [95.894379, 5.493801], [95.903575, 5.450751], [95.930431, 5.414496], [96.054942, 5.313625], [96.088064, 5.295478], [96.126231, 5.281806], [96.290538, 5.258979], [96.303966, 5.254299], [96.344412, 5.232327], [96.362153, 5.225491], [96.406586, 5.217231], [96.429454, 5.218329], [96.448497, 5.228583], [96.466319, 5.235541], [96.486339, 5.229397], [96.507091, 5.218573], [96.527354, 5.211168], [96.567638, 5.208441], [96.650564, 5.216254], [96.684906, 5.225491], [96.785132, 5.259857], [96.82838, 5.280178], [96.848643, 5.276597], [96.894379, 5.262112], [96.907237, 5.262681], [96.922862, 5.269477], [96.973399, 5.273424], [97.030198, 5.251295], [97.074339, 5.238155], [97.109641, 5.214092], [97.149345, 5.198772], [97.166026, 5.173733], [97.175955, 5.161282], [97.19516, 5.156643], [97.226553, 5.146221], [97.268368, 5.155068], [97.496837, 5.251899], [97.526215, 5.242255], [97.664399, 5.073432], [97.830089, 4.938788], [97.873871, 4.91885], [97.893809, 4.905829], [97.90919, 4.889594], [97.956065, 4.80801], [97.963227, 4.789496], [97.975352, 4.706244], [97.983735, 4.678412], [98.007009, 4.633857], [98.0088, 4.623684], [98.007091, 4.597724], [97.996837, 4.570217], [97.992524, 4.553778], [97.996837, 4.546454], [98.026215, 4.553168], [98.038829, 4.551947], [98.048025, 4.539008], [98.053966, 4.553168], [98.06129, 4.554836], [98.075938, 4.546454], [98.078868, 4.540513], [98.082856, 4.536078], [98.08961, 4.532782], [98.094005, 4.533189], [98.105724, 4.537828], [98.113536, 4.539008], [98.138194, 4.53441], [98.159679, 4.522284], [98.176117, 4.504828], [98.185802, 4.484442], [98.192149, 4.484442], [98.19516, 4.489203], [98.201915, 4.494086], [98.20574, 4.498033], [98.219005, 4.484768], [98.240571, 4.456732], [98.254161, 4.443427], [98.268321, 4.432318], [98.275564, 4.42536], [98.278575, 4.415473], [98.282481, 4.364936], [98.267751, 4.292629], [98.267589, 4.287909], [98.266368, 4.211575], [98.263438, 4.202867], [98.240489, 4.190172], [98.196137, 4.175116], [98.185802, 4.169745], [98.180024, 4.158189], [98.178071, 4.141832], [98.178966, 4.108222], [98.201834, 4.132148], [98.217052, 4.14411], [98.237071, 4.149237], [98.239594, 4.153713], [98.256847, 4.17178], [98.260916, 4.173163], [98.263031, 4.177314], [98.29949, 4.089016], [98.305675, 4.080308], [98.362966, 4.087551], [98.384451, 4.086493], [98.405772, 4.078925], [98.441661, 4.057522], [98.462657, 4.053046], [98.477224, 4.04621], [98.497569, 4.014553], [98.507986, 4.004584], [98.526378, 4.003241], [98.5442, 4.005194], [98.557791, 4.0008], [98.567882, 3.966457], [98.5796, 3.953843], [98.5949, 3.943671], [98.610362, 3.936347], [98.67662, 3.914547], [98.700269, 3.875304], [98.699718, 3.83393], [98.710623, 3.803778], [98.796582, 3.725443], [98.896583, 3.681402], [98.95753, 3.671332], [98.977907, 3.657914], [99.009252, 3.635417], [99.026885, 3.629545], [99.052357, 3.621714], [99.07391, 3.608994], [99.10134, 3.582579], [99.179761, 3.546338], [99.270038, 3.484586], [99.368175, 3.407945], [99.383962, 3.398871], [99.420909, 3.391547], [99.433279, 3.38288], [99.453868, 3.360989], [99.47877, 3.346015], [99.489757, 3.336249], [99.497569, 3.309516], [99.506033, 3.295966], [99.52768, 3.271552], [99.558116, 3.244574], [99.589366, 3.227973], [99.685313, 3.204739], [99.719493, 3.191596], [99.737559, 3.189032], [99.750743, 3.180487], [99.781586, 3.120754], [99.833995, 3.072414], [99.852875, 3.047268], [99.857921, 3.011461], [99.889985, 3.018256], [99.911306, 3.000067], [99.930512, 2.975409], [99.957286, 2.96308], [99.979503, 2.948472], [99.990245, 2.914496], [99.997895, 2.79914], [99.99586, 2.78559], [99.988617, 2.77204], [99.979015, 2.759467], [99.970714, 2.745429], [99.967133, 2.72724], [99.96461, 2.719387], [99.954356, 2.703843], [99.953461, 2.696234], [99.959239, 2.687893], [99.967621, 2.684312], [99.976736, 2.68244], [99.984141, 2.678778], [99.992686, 2.668769], [99.99171, 2.664211], [99.987641, 2.660875], [99.987641, 2.654608], [100.0088, 2.620429], [100.00587, 2.609198], [100.007986, 2.602607], [100.013927, 2.60163], [100.022472, 2.607408], [100.028168, 2.61758], [100.025157, 2.624579], [100.018891, 2.630805], [100.015636, 2.638129], [100.014496, 2.671536], [100.012218, 2.678778], [99.980235, 2.697333], [99.973969, 2.70307], [99.985688, 2.718451], [100.018565, 2.731676], [100.054942, 2.727281], [100.076996, 2.689399], [100.07781, 2.675849], [100.07602, 2.648261], [100.076996, 2.634711], [100.08839, 2.601508], [100.090099, 2.590074], [100.095958, 2.570461], [100.109711, 2.54564], [100.125824, 2.530097], [100.13852, 2.537909], [100.137462, 2.551947], [100.12143, 2.588202], [100.117442, 2.603705], [100.117442, 2.645168], [100.121104, 2.66356], [100.131114, 2.681871], [100.143809, 2.695054], [100.159434, 2.703762], [100.17921, 2.708441], [100.20338, 2.709866], [100.210623, 2.706244], [100.212576, 2.697699], [100.21339, 2.687445], [100.217459, 2.678778], [100.224864, 2.673774], [100.242442, 2.666327], [100.248383, 2.662055], [100.251313, 2.654771], [100.254649, 2.627265], [100.258067, 2.619086], [100.266938, 2.602607], [100.268809, 2.596869], [100.273692, 2.590155], [100.299571, 2.572089], [100.30836, 2.569485], [100.312185, 2.562893], [100.31365, 2.554551], [100.313731, 2.554267], [100.381684, 2.355048], [100.405284, 2.31269], [100.434337, 2.273342], [100.507335, 2.199164], [100.561046, 2.156806], [100.617849, 2.129055], [100.666189, 2.134467], [100.789073, 2.048529], [100.812755, 2.03974], [100.832286, 2.016303], [100.840831, 2.010972], [100.855724, 1.999213], [100.872406, 1.971991], [100.886241, 1.940985], [100.8921, 1.918158], [100.895518, 1.886217], [100.905935, 1.85692], [100.923106, 1.834947], [100.947276, 1.825385]]}}, {"type": "Feature", "properties": {}, "geometry": {"type": "LineString", "coordinates": [[81.875987, 7.091946], [81.880707, 7.327094], [81.855724, 7.412177], [81.840343, 7.436469], [81.838064, 7.457668], [81.834972, 7.465562], [81.82602, 7.474189], [81.820486, 7.476508], [81.818696, 7.473375], [81.820893, 7.467108], [81.821462, 7.465562], [81.821462, 7.465522], [81.821462, 7.458726], [81.815278, 7.450344], [81.811046, 7.438544], [81.808604, 7.424709], [81.807791, 7.410712], [81.807791, 7.410346], [81.800955, 7.410346], [81.800792, 7.410346], [81.801036, 7.425198], [81.793386, 7.465522], [81.793305, 7.465562], [81.78712, 7.465562], [81.779063, 7.455308], [81.771007, 7.456977], [81.77003, 7.460842], [81.769054, 7.464626], [81.769054, 7.464667], [81.779796, 7.472357], [81.772472, 7.478827], [81.769542, 7.484524], [81.769298, 7.485175], [81.767589, 7.49018], [81.762706, 7.496568], [81.757579, 7.505439], [81.761892, 7.511542], [81.769054, 7.517035], [81.77296, 7.523912], [81.77296, 7.523912], [81.771821, 7.527818], [81.7671, 7.537502], [81.766938, 7.537909], [81.766124, 7.540676], [81.771821, 7.565985], [81.77296, 7.567979], [81.77296, 7.56802], [81.754568, 7.614569], [81.749034, 7.622545], [81.725841, 7.639594], [81.714041, 7.643744], [81.714041, 7.643663], [81.717784, 7.630072], [81.717784, 7.630072], [81.711599, 7.622545], [81.706798, 7.631985], [81.705089, 7.638861], [81.706391, 7.644599], [81.711518, 7.650499], [81.711599, 7.650539], [81.700694, 7.668606], [81.690278, 7.680487], [81.677013, 7.692816], [81.663748, 7.705146], [81.665294, 7.715847], [81.665294, 7.715888], [81.662771, 7.71894], [81.659028, 7.723334], [81.659028, 7.723334], [81.648204, 7.728705], [81.636404, 7.7331], [81.628917, 7.722886], [81.618988, 7.719224], [81.607432, 7.720852], [81.59547, 7.726264], [81.59547, 7.726264], [81.60255, 7.74844], [81.612966, 7.759019], [81.624766, 7.760037], [81.626475, 7.760199], [81.626638, 7.760199], [81.64324, 7.754136], [81.656098, 7.743109], [81.680675, 7.712063], [81.690929, 7.705146], [81.69101, 7.705186], [81.713145, 7.711819], [81.710704, 7.731147], [81.696788, 7.752997], [81.653656, 7.797756], [81.651215, 7.801744], [81.643321, 7.814643], [81.636404, 7.835517], [81.629568, 7.835517], [81.608409, 7.831692], [81.608246, 7.831692], [81.593923, 7.848049], [81.587576, 7.855292], [81.575857, 7.88939], [81.578787, 7.900295], [81.581716, 7.9112], [81.583588, 7.91234], [81.58546, 7.91352], [81.588471, 7.915554], [81.590831, 7.917141], [81.59547, 7.917426], [81.588145, 7.929429], [81.580089, 7.935574], [81.567719, 7.944973], [81.56072, 7.958401], [81.560476, 7.964423], [81.560313, 7.970649], [81.563813, 7.978705], [81.565929, 7.986802], [81.56308, 7.993638], [81.56072, 7.999254], [81.56072, 7.999335], [81.555512, 7.995347], [81.545258, 7.990465], [81.540294, 7.986396], [81.540212, 7.986314], [81.539561, 7.99079], [81.538422, 7.992784], [81.538097, 7.993394], [81.536143, 7.995754], [81.533946, 7.999335], [81.538341, 8.004299], [81.533946, 8.013617], [81.531016, 8.009019], [81.524587, 8.004218], [81.519705, 7.999335], [81.507335, 8.027574], [81.500173, 8.039374], [81.489024, 8.0515], [81.480642, 8.065375], [81.472423, 8.101467], [81.470714, 8.10456], [81.464366, 8.116034], [81.458263, 8.116034], [81.452403, 8.09455], [81.435639, 8.093166], [81.435557, 8.093166], [81.417979, 8.105943], [81.409841, 8.126899], [81.408132, 8.130032], [81.408051, 8.130072], [81.399587, 8.132636], [81.396251, 8.136542], [81.394786, 8.142564], [81.394786, 8.147528], [81.394786, 8.14761], [81.395518, 8.150458], [81.396251, 8.150133], [81.39503, 8.160102], [81.396251, 8.191799], [81.403575, 8.191799], [81.418793, 8.150051], [81.420258, 8.144232], [81.430349, 8.103013], [81.430349, 8.103135], [81.448497, 8.127997], [81.440603, 8.173529], [81.41977, 8.243394], [81.416677, 8.25377], [81.416677, 8.253852], [81.414561, 8.270087], [81.413259, 8.274482], [81.40561, 8.301011], [81.399262, 8.33926], [81.38852, 8.344062], [81.375011, 8.344062], [81.374848, 8.344062], [81.368744, 8.34691], [81.362071, 8.350043], [81.356619, 8.362494], [81.356212, 8.364976], [81.35141, 8.397447], [81.351817, 8.40469], [81.363455, 8.399075], [81.37672, 8.372545], [81.389415, 8.363715], [81.389415, 8.363715], [81.388927, 8.377183], [81.388438, 8.390611], [81.372813, 8.442125], [81.365733, 8.482164], [81.357432, 8.495836], [81.346365, 8.507554], [81.334239, 8.514472], [81.334158, 8.514553], [81.32309, 8.515326], [81.312673, 8.512152], [81.286388, 8.50023], [81.296641, 8.476793], [81.281098, 8.467027], [81.235118, 8.466132], [81.213145, 8.472398], [81.19752, 8.487494], [81.184581, 8.505601], [81.170258, 8.520697], [81.149425, 8.503648], [81.133962, 8.501288], [81.129405, 8.510321], [81.142345, 8.527574], [81.159028, 8.534573], [81.176524, 8.530585], [81.193858, 8.519965], [81.204763, 8.511542], [81.210623, 8.507066], [81.210623, 8.507107], [81.218028, 8.522528], [81.214122, 8.53266], [81.207042, 8.542141], [81.204356, 8.555487], [81.21225, 8.572699], [81.223318, 8.570868], [81.223318, 8.570828], [81.229991, 8.557929], [81.224864, 8.541815], [81.224946, 8.541815], [81.249766, 8.545803], [81.249766, 8.545803], [81.246593, 8.570136], [81.224946, 8.616848], [81.224864, 8.616929], [81.221121, 8.614936], [81.219249, 8.613918], [81.211762, 8.612006], [81.204519, 8.610175], [81.204356, 8.610093], [81.213878, 8.621039], [81.224294, 8.6258], [81.231619, 8.633043], [81.2317, 8.651068], [81.222423, 8.666002], [81.194591, 8.696112], [81.194591, 8.696112], [81.19752, 8.705715], [81.187836, 8.710964], [81.187755, 8.711005], [81.182302, 8.712226], [81.179047, 8.708482], [81.176524, 8.698879], [81.162446, 8.751166], [81.150157, 8.777167], [81.12558, 8.788235], [81.125499, 8.788275], [81.119721, 8.794338], [81.114268, 8.799994], [81.092784, 8.85163], [81.078136, 8.863349], [81.059825, 8.868638], [81.046723, 8.882148], [81.014659, 8.936713], [80.978526, 8.979967], [80.978363, 8.980048], [80.97169, 8.963568], [80.961436, 8.945746], [80.947602, 8.932929], [80.930675, 8.931627], [80.914968, 8.943874], [80.914887, 8.943915], [80.924327, 8.955024], [80.934988, 8.96483], [80.935069, 8.964911], [80.923188, 8.973212], [80.922862, 8.992255], [80.886729, 9.025784], [80.88266, 9.031399], [80.875336, 9.04149], [80.891287, 9.034247], [80.918712, 9.027248], [80.930675, 9.020982], [80.941661, 9.003485], [80.944347, 9.000556], [80.953624, 9.003852], [80.958263, 9.010891], [80.958344, 9.01789], [80.956065, 9.019802], [80.9546, 9.020982], [80.935313, 9.033433], [80.916352, 9.062161], [80.902192, 9.094184], [80.901622, 9.096666], [80.896495, 9.116523], [80.896495, 9.116604], [80.891938, 9.11343], [80.88852, 9.111802], [80.885509, 9.10932], [80.882172, 9.103583], [80.875499, 9.103583], [80.875336, 9.103583], [80.87322, 9.12523], [80.873057, 9.126451], [80.858572, 9.135484], [80.842296, 9.138129], [80.834483, 9.14175], [80.840099, 9.155992], [80.853363, 9.155748], [80.874522, 9.147976], [80.882172, 9.145168], [80.882172, 9.145209], [80.844168, 9.220404], [80.834483, 9.239488], [80.823904, 9.270494], [80.817393, 9.274848], [80.803559, 9.271633], [80.801036, 9.263251], [80.801036, 9.26321], [80.805919, 9.251899], [80.813975, 9.239488], [80.813894, 9.239529], [80.79363, 9.250556], [80.74171, 9.298489], [80.740408, 9.301011], [80.736501, 9.308987], [80.744395, 9.311347], [80.762462, 9.308417], [80.762543, 9.308336], [80.768321, 9.305406], [80.778819, 9.291978], [80.778982, 9.291938], [80.779796, 9.291571], [80.786632, 9.28852], [80.786713, 9.28856], [80.798839, 9.294867], [80.785167, 9.312405], [80.763682, 9.332424], [80.752452, 9.346259], [80.745453, 9.357896], [80.744395, 9.359687], [80.468272, 9.581366], [80.42921, 9.603461], [80.409923, 9.617499], [80.278982, 9.769843], [80.269786, 9.783515], [80.26059, 9.81623], [80.246755, 9.825873], [80.226817, 9.829576], [80.185395, 9.827541], [80.164561, 9.824083], [80.157725, 9.822943], [80.136729, 9.81391], [80.138682, 9.798733], [80.153819, 9.787991], [80.211192, 9.774563], [80.211192, 9.774522], [80.247813, 9.755072], [80.319835, 9.672756], [80.407725, 9.601508], [80.444021, 9.583319], [80.444021, 9.575914], [80.444021, 9.575873], [80.441742, 9.57689], [80.36964, 9.609849], [80.338552, 9.629218], [80.250336, 9.72427], [80.222341, 9.754462], [80.219005, 9.756374], [80.211274, 9.76085], [80.211192, 9.760891], [80.207774, 9.760403], [80.202891, 9.759711], [80.199636, 9.758734], [80.191173, 9.756171], [80.180431, 9.755805], [80.175955, 9.764594], [80.170909, 9.767279], [80.146983, 9.773383], [80.138682, 9.774563], [80.130138, 9.77733], [80.127208, 9.784613], [80.127208, 9.784613], [80.128184, 9.805569], [80.122325, 9.818915], [80.107432, 9.820624], [80.066661, 9.816107], [79.988536, 9.822943], [79.988455, 9.822943], [79.970714, 9.815131], [79.931326, 9.779039], [79.909679, 9.768297], [79.91627, 9.756781], [79.926524, 9.743516], [79.930431, 9.738471], [79.937022, 9.727362], [79.940929, 9.714342], [79.942882, 9.702826], [79.947032, 9.693183], [79.958018, 9.685736], [79.959239, 9.692816], [79.967296, 9.689602], [79.975922, 9.684068], [79.978201, 9.682685], [79.978201, 9.682685], [80.000987, 9.674709], [80.039317, 9.644843], [80.087413, 9.618354], [80.111339, 9.608466], [80.13559, 9.603827], [80.124685, 9.616034], [80.104991, 9.63288], [80.094086, 9.644761], [80.094005, 9.644843], [80.115489, 9.635728], [80.152843, 9.603461], [80.172048, 9.593573], [80.178722, 9.588039], [80.186046, 9.584133], [80.193614, 9.586412], [80.199962, 9.599189], [80.193614, 9.609076], [80.182872, 9.617174], [80.175955, 9.624335], [80.173595, 9.648668], [80.186046, 9.648505], [80.2046, 9.637885], [80.256033, 9.615587], [80.266938, 9.610826], [80.267019, 9.610826], [80.297537, 9.591254], [80.368663, 9.530219], [80.37794, 9.527533], [80.410411, 9.528388], [80.415701, 9.527493], [80.428966, 9.517768], [80.432872, 9.519761], [80.435069, 9.523383], [80.436209, 9.525092], [80.444021, 9.528062], [80.456391, 9.528713], [80.46461, 9.52912], [80.471446, 9.528062], [80.478282, 9.524075], [80.496349, 9.510484], [80.49936, 9.50906], [80.502452, 9.507636], [80.523285, 9.50316], [80.546723, 9.492418], [80.614757, 9.446194], [80.614594, 9.446194], [80.567149, 9.455227], [80.504242, 9.483303], [80.450938, 9.49787], [80.426606, 9.50019], [80.336274, 9.464667], [80.286876, 9.452704], [80.265961, 9.466661], [80.26588, 9.466702], [80.272146, 9.473456], [80.268565, 9.480292], [80.26588, 9.487128], [80.278087, 9.493272], [80.278087, 9.493313], [80.272227, 9.504136], [80.248546, 9.524644], [80.233409, 9.534247], [80.175955, 9.54857], [80.115733, 9.583238], [80.085216, 9.595364], [80.052989, 9.596381], [80.067882, 9.57803], [80.141856, 9.53498], [80.161306, 9.520575], [80.176036, 9.506171], [80.181814, 9.498521], [80.187511, 9.490871], [80.197032, 9.473456], [80.185557, 9.471666], [80.176524, 9.468329], [80.1692, 9.464016], [80.165375, 9.461086], [80.162852, 9.459215], [80.14088, 9.430325], [80.131847, 9.425727], [80.111664, 9.422756], [80.087087, 9.414984], [80.064952, 9.404039], [80.052989, 9.391547], [80.053477, 9.378241], [80.058279, 9.354804], [80.059418, 9.351386], [80.066173, 9.332587], [80.076915, 9.322659], [80.104503, 9.308417], [80.104503, 9.308417], [80.116222, 9.30622], [80.116222, 9.306179], [80.118175, 9.300442], [80.115977, 9.291938], [80.115977, 9.233832], [80.109793, 9.209459], [80.106781, 9.197414], [80.105642, 9.192857], [80.073497, 9.110419], [80.066661, 9.075629], [80.054698, 9.050605], [80.048025, 9.026272], [80.035411, 9.015326], [80.005138, 9.000556], [79.947113, 8.948676], [79.938243, 8.94599], [79.924815, 8.943508], [79.915538, 8.938544], [79.919607, 8.928534], [79.924815, 8.919745], [79.927745, 8.908108], [79.930186, 8.884467], [79.930186, 8.884426], [79.930186, 8.88349], [79.928396, 8.81269], [79.926443, 8.801907], [79.950531, 8.739814], [79.941661, 8.642483], [79.932384, 8.622463], [79.930186, 8.613511], [79.929454, 8.61282], [79.928071, 8.611518], [79.918142, 8.580919], [79.916515, 8.575995], [79.903494, 8.562079], [79.88738, 8.551215], [79.87379, 8.538072], [79.868012, 8.517646], [79.868012, 8.47602], [79.865896, 8.461412], [79.86085, 8.454779], [79.854259, 8.449286], [79.848155, 8.438178], [79.838634, 8.340522], [79.829275, 8.298651], [79.827159, 8.277737], [79.824474, 8.266669], [79.811371, 8.249661], [79.806651, 8.24018], [79.804698, 8.22899], [79.804698, 8.22899], [79.806651, 8.224921], [79.808604, 8.22309], [79.810232, 8.221625], [79.812918, 8.214504], [79.813487, 8.212877], [79.813487, 8.212633], [79.813813, 8.204088], [79.812673, 8.183336], [79.813487, 8.171291], [79.81658, 8.163804], [79.821544, 8.156643], [79.825857, 8.148098], [79.827159, 8.136542], [79.827159, 8.136542], [79.793468, 8.072821], [79.796397, 8.061998], [79.806407, 8.05565], [79.815278, 8.044582], [79.818858, 8.040188], [79.821788, 8.034857], [79.829356, 8.020901], [79.833832, 8.003079], [79.810232, 7.986518], [79.763845, 7.990139], [79.731944, 8.013129], [79.731944, 8.013129], [79.751964, 8.054633], [79.747, 8.060492], [79.729503, 8.081122], [79.728201, 8.100979], [79.72755, 8.110907], [79.744477, 8.164496], [79.745372, 8.171861], [79.744477, 8.195502], [79.746104, 8.206122], [79.749766, 8.20893], [79.754405, 8.209418], [79.7588, 8.212877], [79.768891, 8.232815], [79.778575, 8.259996], [79.778575, 8.259996], [79.766775, 8.259914], [79.757091, 8.263739], [79.749685, 8.271064], [79.748627, 8.273057], [79.744477, 8.281155], [79.763357, 8.314399], [79.77825, 8.34927], [79.778575, 8.350043], [79.749034, 8.30386], [79.744477, 8.291409], [79.740001, 8.272366], [79.72877, 8.249701], [79.713227, 8.229804], [79.696788, 8.219062], [79.701915, 8.201158], [79.707205, 8.142076], [79.703624, 8.123481], [79.701427, 8.126899], [79.701427, 8.127916], [79.701101, 8.128201], [79.700857, 8.128485], [79.696788, 8.130316], [79.696788, 8.098293], [79.721934, 7.985541], [79.738292, 7.944729], [79.748383, 7.893012], [79.760265, 7.868394], [79.76295, 7.855455], [79.785981, 7.743354], [79.785899, 7.706488], [79.785899, 7.706488], [79.787364, 7.697333], [79.788829, 7.688178], [79.796397, 7.674384], [79.802013, 7.659329], [79.802013, 7.659329], [79.800792, 7.649685], [79.799571, 7.640082], [79.794607, 7.620022], [79.792979, 7.602729], [79.785818, 7.607571], [79.782725, 7.607123], [79.778575, 7.602729], [79.784679, 7.589789], [79.833832, 7.232815], [79.831798, 7.225735], [79.827973, 7.218329], [79.826345, 7.210395], [79.829926, 7.203192], [79.830577, 7.201809], [79.836436, 7.197903], [79.84962, 7.195054], [79.85434, 7.19184], [79.859386, 7.180813], [79.861583, 7.167426], [79.861583, 7.167222], [79.861827, 7.136664], [79.861827, 7.136623], [79.861257, 7.137193], [79.861176, 7.137193], [79.858653, 7.136542], [79.855805, 7.132514], [79.85434, 7.122952], [79.848155, 7.122952], [79.843435, 7.131008], [79.833832, 7.164496], [79.829112, 7.173245], [79.823741, 7.18065], [79.819998, 7.190253], [79.820323, 7.205512], [79.813731, 7.180732], [79.861583, 7.011868], [79.861583, 7.011664], [79.861827, 7.000067], [79.859223, 6.988674], [79.849294, 6.964952], [79.848155, 6.962144], [79.848155, 6.890204], [79.849457, 6.882717], [79.863048, 6.807196], [79.948741, 6.588568], [79.969574, 6.535346], [79.970225, 6.531155], [79.977875, 6.478705], [79.975434, 6.478583], [79.975352, 6.478583], [79.970225, 6.479153], [79.965343, 6.477729], [79.964203, 6.471869], [79.96697, 6.466376], [79.971446, 6.46247], [79.975759, 6.459866], [79.977875, 6.458197], [79.982107, 6.441026], [79.993663, 6.39411], [80.012055, 6.361314], [80.020518, 6.314643], [80.028819, 6.297431], [80.030528, 6.292385], [80.030528, 6.292304], [80.030284, 6.284003], [80.03004, 6.275702], [80.03004, 6.275621], [80.031993, 6.266343], [80.078136, 6.169338], [80.087169, 6.157579], [80.090587, 6.153144], [80.09311, 6.148749], [80.092784, 6.140286], [80.092784, 6.140245], [80.094005, 6.136054], [80.096283, 6.133328], [80.097016, 6.132392], [80.097097, 6.132351], [80.10377, 6.127143], [80.185232, 6.041164], [80.203868, 6.02619], [80.211192, 6.033637], [80.211355, 6.033555], [80.220958, 6.028917], [80.225841, 6.026557], [80.247569, 6.009182], [80.26002, 6.006578], [80.277517, 6.002997], [80.320242, 5.987738], [80.327322, 5.985256], [80.327322, 5.985175], [80.328136, 5.984687], [80.331228, 5.982815], [80.337576, 5.973822], [80.339203, 5.972398], [80.340994, 5.970933], [80.346202, 5.970771], [80.350108, 5.973538], [80.35377, 5.976793], [80.358409, 5.97842], [80.366222, 5.976264], [80.370453, 5.971584], [80.37379, 5.966864], [80.378591, 5.964748], [80.38502, 5.963813], [80.411957, 5.959947], [80.427094, 5.961086], [80.444021, 5.970933], [80.444021, 5.970893], [80.447195, 5.966132], [80.451427, 5.959784], [80.456798, 5.94892], [80.46518, 5.94066], [80.4817, 5.937445], [80.539561, 5.944281], [80.54656, 5.942206], [80.556651, 5.939154], [80.574229, 5.930121], [80.590831, 5.923733], [80.59783, 5.925279], [80.604828, 5.926907], [80.629161, 5.945054], [80.642914, 5.952867], [80.656261, 5.957913], [80.67335, 5.960354], [80.673432, 5.960313], [80.714366, 5.957913], [80.732107, 5.97842], [80.7706, 6.006741], [80.809093, 6.035102], [80.818533, 6.038764], [80.835216, 6.045152], [80.862315, 6.039862], [80.877452, 6.061103], [80.90268, 6.070787], [80.958018, 6.080797], [81.008474, 6.098049], [81.112559, 6.120307], [81.134288, 6.129828], [81.156016, 6.14289], [81.167654, 6.148017], [81.176443, 6.150377], [81.181895, 6.156724], [81.183849, 6.17357], [81.187673, 6.181586], [81.193696, 6.183214], [81.195323, 6.183621], [81.195486, 6.183661], [81.202647, 6.178046], [81.202729, 6.177191], [81.204356, 6.162746], [81.204438, 6.162746], [81.324962, 6.20539], [81.362071, 6.225409], [81.547699, 6.370673], [81.57309, 6.384223], [81.592052, 6.389879], [81.650076, 6.430854], [81.681488, 6.462144], [81.775645, 6.610419], [81.786632, 6.639268], [81.786632, 6.639309], [81.779796, 6.663601], [81.779796, 6.663642], [81.78891, 6.677802], [81.808279, 6.707953], [81.813975, 6.725043], [81.817149, 6.737494], [81.831554, 6.765367], [81.834972, 6.783433], [81.835948, 6.80508], [81.838552, 6.821438], [81.884613, 6.98017], [81.89031, 7.019924], [81.888682, 7.040758], [81.878429, 7.076117], [81.875987, 7.091946]]}}, {"type": "Feature", "properties": {}, "geometry": {"type": "LineString", "coordinates": [[80.968272, 15.795233], [80.937266, 15.818915], [80.888357, 15.846747], [80.879161, 15.840074], [80.8685, 15.811957], [80.917979, 15.755113], [80.942556, 15.741075], [80.942638, 15.741034], [80.97169, 15.750474], [80.984874, 15.761786], [80.988536, 15.770738], [80.988536, 15.770738], [80.983165, 15.780748], [80.968272, 15.795233]]}}, {"type": "Feature", "properties": {}, "geometry": {"type": "LineString", "coordinates": [[42.712087, -0.17669], [42.770274, -0.129327], [42.891124, 0.003079], [43.09018, 0.223375], [43.184906, 0.31627], [43.285492, 0.414984], [43.467621, 0.620551], [43.658946, 0.804918], [43.703461, 0.840522], [43.717296, 0.845282], [43.734223, 0.854967], [43.781912, 0.921617], [43.819835, 0.949449], [43.932628, 1.009833], [43.97877, 1.068671], [43.990977, 1.078599], [44.012543, 1.084215], [44.032888, 1.09748], [44.10377, 1.168362], [44.11085, 1.17829], [44.115001, 1.182034], [44.133962, 1.187567], [44.138031, 1.191596], [44.139659, 1.211168], [44.1421, 1.221381], [44.145518, 1.22956], [44.157888, 1.24079], [44.198416, 1.265692], [44.221365, 1.275621], [44.332774, 1.38996], [44.550059, 1.559068], [44.67628, 1.6376], [44.812185, 1.735582], [44.823985, 1.740302], [44.831554, 1.749701], [45.001475, 1.86636], [45.199718, 1.959621], [45.210704, 1.963121], [45.232188, 1.967678], [45.266205, 1.987291], [45.605642, 2.183051], [45.711925, 2.24433], [45.826345, 2.308824], [46.027029, 2.438137], [46.047618, 2.455064], [46.062999, 2.484036], [46.104991, 2.510565], [46.114513, 2.523261], [46.13087, 2.554023], [46.142345, 2.568915], [46.236501, 2.667629], [46.275401, 2.685858], [46.289399, 2.696234], [46.299815, 2.715766], [46.307628, 2.736029], [46.317638, 2.751899], [46.334483, 2.758246], [46.339203, 2.761705], [46.3449, 2.770087], [46.34962, 2.780178], [46.351573, 2.788642], [46.414317, 2.833441], [46.487804, 2.90884], [46.625743, 3.023912], [46.700043, 3.113267], [46.834239, 3.232489], [47.01295, 3.441067], [47.039806, 3.469265], [47.206716, 3.644599], [47.335623, 3.778754], [47.489268, 3.936347], [47.577973, 4.059882], [47.840587, 4.341376], [47.948497, 4.457099], [48.055675, 4.612942], [48.202403, 4.908922], [48.328868, 5.079657], [48.448009, 5.208726], [48.548106, 5.375067], [48.620128, 5.443996], [48.646739, 5.480048], [48.695811, 5.587348], [48.850108, 5.824449], [49.036143, 6.144232], [49.0713, 6.219916], [49.085623, 6.307359], [49.083507, 6.329047], [49.074067, 6.370795], [49.072032, 6.393297], [49.074718, 6.415269], [49.197927, 6.67357], [49.247325, 6.810614], [49.293224, 6.880927], [49.367035, 7.025702], [49.520518, 7.239651], [49.586599, 7.314765], [49.640798, 7.409125], [49.744151, 7.589057], [49.748302, 7.606635], [49.752208, 7.650295], [49.760916, 7.667304], [49.790782, 7.69953], [49.819347, 7.739936], [49.825043, 7.757758], [49.827647, 7.782904], [49.823416, 7.805325], [49.808604, 7.815009], [49.803233, 7.82689], [49.812511, 7.897528], [49.824229, 7.933905], [49.842052, 7.962714], [49.929373, 8.051744], [50.058279, 8.130316], [50.091075, 8.161038], [50.113048, 8.19953], [50.141368, 8.287991], [50.156423, 8.320624], [50.166026, 8.33336], [50.230154, 8.41767], [50.239106, 8.436347], [50.246104, 8.456448], [50.256196, 8.472561], [50.274913, 8.479153], [50.290212, 8.486762], [50.303477, 8.504584], [50.319591, 8.541815], [50.322602, 8.55976], [50.319591, 8.620347], [50.326508, 8.641099], [50.374278, 8.698879], [50.389822, 8.733547], [50.40797, 8.816352], [50.422048, 8.857123], [50.439708, 8.88817], [50.464122, 8.920559], [50.494884, 8.951972], [50.604503, 9.037909], [50.633637, 9.073188], [50.648448, 9.110419], [50.649181, 9.132514], [50.641124, 9.196357], [50.646983, 9.211371], [50.676768, 9.259182], [50.689464, 9.274848], [50.706309, 9.285712], [50.748302, 9.303534], [50.768321, 9.319281], [50.830333, 9.419623], [50.837413, 9.437201], [50.840343, 9.456122], [50.836762, 9.477037], [50.812999, 9.541164], [50.805512, 9.59394], [50.806163, 9.624457], [50.824474, 9.651068], [50.831716, 9.712063], [50.836925, 9.73078], [50.838634, 9.740912], [50.833263, 9.768785], [50.840587, 9.779771], [50.854015, 9.816107], [50.863129, 9.866034], [50.86964, 9.884467], [50.881196, 9.905463], [50.877696, 9.916653], [50.890798, 9.986029], [50.89975, 10.000718], [50.901703, 10.011664], [50.900401, 10.024075], [50.888682, 10.05565], [50.8838, 10.101264], [50.912814, 10.176853], [50.901703, 10.234442], [50.90988, 10.295635], [50.927389, 10.327844], [51.017125, 10.381916], [51.090099, 10.407313], [51.240977, 10.425605], [51.256602, 10.420315], [51.26295, 10.408596], [51.265391, 10.396877], [51.272873, 10.377905], [51.300831, 10.372566], [51.320079, 10.378485], [51.336131, 10.374395], [51.349458, 10.375002], [51.367419, 10.367726], [51.37608, 10.367693], [51.372569, 10.381415], [51.380154, 10.387339], [51.38502, 10.391506], [51.397509, 10.395793], [51.410965, 10.429814], [51.417038, 10.447485], [51.403077, 10.456707], [51.395173, 10.479023], [51.377856, 10.48169], [51.35721, 10.48374], [51.345875, 10.480494], [51.335871, 10.474614], [51.325879, 10.47268], [51.3112, 10.476055], [51.292532, 10.480075], [51.280556, 10.48733], [51.257942, 10.503801], [51.24662, 10.50909], [51.237966, 10.515024], [51.220647, 10.524928], [51.20734, 10.538096], [51.191742, 10.548977], [51.176117, 10.562812], [51.186778, 10.541571], [51.193044, 10.521186], [51.195811, 10.500312], [51.196544, 10.477444], [51.200857, 10.471503], [51.210216, 10.467108], [51.219574, 10.461005], [51.223888, 10.449856], [51.220388, 10.442043], [51.211925, 10.44184], [51.200938, 10.44477], [51.19044, 10.446112], [51.038097, 10.416083], [51.018403, 10.41942], [51.010102, 10.434027], [51.018321, 10.452094], [51.035818, 10.467515], [51.055675, 10.474066], [51.076915, 10.475816], [51.092296, 10.482164], [51.102224, 10.494696], [51.107188, 10.515041], [51.101899, 10.55858], [51.107432, 10.576565], [51.131358, 10.58393], [51.154307, 10.587714], [51.160655, 10.598456], [51.138194, 10.676744], [51.124522, 10.85456], [51.115082, 10.993354], [51.118337, 11.016913], [51.12379, 11.038764], [51.131358, 11.052883], [51.142263, 11.068427], [51.164399, 11.116767], [51.189504, 11.138306], [51.17444, 11.158764], [51.130945, 11.160752], [51.085948, 11.187974], [51.07252, 11.233791], [51.079356, 11.275946], [51.081309, 11.341498], [51.086192, 11.357164], [51.118419, 11.426256], [51.125011, 11.447984], [51.127696, 11.470893], [51.126638, 11.478827], [51.121918, 11.494127], [51.12086, 11.505316], [51.124766, 11.511786], [51.148123, 11.536038], [51.181245, 11.578829], [51.212529, 11.607947], [51.22954, 11.635897], [51.247801, 11.652391], [51.255708, 11.681655], [51.249359, 11.728775], [51.266381, 11.759286], [51.277354, 11.800605], [51.292698, 11.833108], [51.267345, 11.839423], [51.247081, 11.847561], [51.222911, 11.850775], [51.199718, 11.851304], [51.181163, 11.855373], [51.147227, 11.873603], [51.127696, 11.878648], [51.048839, 11.878648], [51.029307, 11.885077], [50.970083, 11.932323], [50.867055, 11.942891], [50.797864, 11.989119], [50.771983, 11.985785], [50.761567, 11.978746], [50.724864, 11.971137], [50.682953, 11.953355], [50.661469, 11.947577], [50.655935, 11.948432], [50.647146, 11.954047], [50.641124, 11.954413], [50.636485, 11.951606], [50.632091, 11.946763], [50.627452, 11.940131], [50.602061, 11.927965], [50.589854, 11.926459], [50.575938, 11.920966], [50.561209, 11.907904], [50.538585, 11.878648], [50.52947, 11.859524], [50.52296, 11.837958], [50.518891, 11.815253], [50.517589, 11.79267], [50.512706, 11.771226], [50.500824, 11.754828], [50.470388, 11.727851], [50.437022, 11.690619], [50.418142, 11.678046], [50.372325, 11.668931], [50.28891, 11.602444], [50.268321, 11.589301], [50.225434, 11.578111], [50.214366, 11.572659], [50.206554, 11.566799], [50.197602, 11.562649], [50.161876, 11.563381], [50.151134, 11.557929], [50.131521, 11.539944], [50.07252, 11.508734], [50.053884, 11.511379], [49.962657, 11.508734], [49.961111, 11.509955], [49.956309, 11.512519], [49.949474, 11.51496], [49.942149, 11.51557], [49.934418, 11.512885], [49.921886, 11.503852], [49.917979, 11.501899], [49.906423, 11.498725], [49.88852, 11.487291], [49.880707, 11.488227], [49.851248, 11.464911], [49.804861, 11.458401], [49.716319, 11.46776], [49.686778, 11.474351], [49.675304, 11.473944], [49.666026, 11.471137], [49.650076, 11.462144], [49.644542, 11.460354], [49.59962, 11.461737], [49.576834, 11.460028], [49.558604, 11.453518], [49.544444, 11.436713], [49.521739, 11.393785], [49.507335, 11.385199], [49.488617, 11.381741], [49.435069, 11.35106], [49.4192, 11.344794], [49.400076, 11.340522], [49.335704, 11.334621], [49.32545, 11.33511], [49.315929, 11.340522], [49.303477, 11.345445], [49.293305, 11.337958], [49.278087, 11.316962], [49.239594, 11.300279], [49.108409, 11.276597], [48.976817, 11.25141], [48.939138, 11.249132], [48.921153, 11.248033], [48.904063, 11.247748], [48.888845, 11.250556], [48.800629, 11.279039], [48.762462, 11.301011], [48.723888, 11.315253], [48.654796, 11.330634], [48.636892, 11.329413], [48.585948, 11.316962], [48.521983, 11.319281], [48.506847, 11.313544], [48.478526, 11.296332], [48.444347, 11.289252], [48.373057, 11.282172], [48.342784, 11.275458], [48.331309, 11.268704], [48.31837, 11.25552], [48.314952, 11.24901], [48.313324, 11.242011], [48.310557, 11.234768], [48.30421, 11.227525], [48.2942, 11.222602], [48.273611, 11.220404], [48.255138, 11.215074], [48.246593, 11.21426], [48.22934, 11.214504], [48.2199, 11.211127], [48.217296, 11.203681], [48.215587, 11.196234], [48.195811, 11.186835], [48.173513, 11.157131], [48.160818, 11.145657], [48.130382, 11.136664], [47.948253, 11.125149], [47.892833, 11.132554], [47.767345, 11.130194], [47.71046, 11.101264], [47.677745, 11.107978], [47.522716, 11.186957], [47.489513, 11.192816], [47.437022, 11.179836], [47.405935, 11.184638], [47.386241, 11.180121], [47.366873, 11.172797], [47.263357, 11.120795], [47.23878, 11.101264], [47.226736, 11.093817], [47.180675, 11.080471], [47.167654, 11.072089], [47.132335, 11.035793], [47.082774, 10.995266], [47.008067, 10.938951], [46.913829, 10.905463], [46.9074, 10.903144], [46.893565, 10.901557], [46.886485, 10.898586], [46.881358, 10.893134], [46.871837, 10.878079], [46.865977, 10.871894], [46.821951, 10.852607], [46.782237, 10.821723], [46.694102, 10.781928], [46.659679, 10.75434], [46.646251, 10.747748], [46.629161, 10.745063], [46.588715, 10.743313], [46.56072, 10.731676], [46.52768, 10.726223], [46.499848, 10.708482], [46.482432, 10.701361], [46.447765, 10.693101], [46.408702, 10.691596], [46.370128, 10.696845], [46.335134, 10.709703], [46.30714, 10.731024], [46.263194, 10.776842], [46.237559, 10.792426], [46.207367, 10.79621], [46.137218, 10.776313], [46.102224, 10.770657], [46.063731, 10.778795], [46.047618, 10.785305], [46.012543, 10.794745], [45.97755, 10.79914], [45.884451, 10.841213], [45.868175, 10.841376], [45.872325, 10.823472], [45.855642, 10.823961], [45.84669, 10.832261], [45.84018, 10.844672], [45.831309, 10.857611], [45.816905, 10.869208], [45.802745, 10.875312], [45.787364, 10.877753], [45.769298, 10.878119], [45.753591, 10.871731], [45.737966, 10.843573], [45.72462, 10.837144], [45.706391, 10.832831], [45.694591, 10.822252], [45.684906, 10.808905], [45.673106, 10.79621], [45.662283, 10.790595], [45.586111, 10.765855], [45.573009, 10.758124], [45.542979, 10.721666], [45.516612, 10.701972], [45.487071, 10.684719], [45.445323, 10.667792], [45.40919, 10.659491], [45.392426, 10.658393], [45.37322, 10.662421], [45.354747, 10.66885], [45.33725, 10.670844], [45.320567, 10.662095], [45.252289, 10.600531], [45.157237, 10.541083], [45.12672, 10.531968], [45.111339, 10.52558], [45.001475, 10.460395], [44.987966, 10.460395], [44.994151, 10.442694], [44.962009, 10.415799], [44.899366, 10.411814], [44.854784, 10.414529], [44.790324, 10.423484], [44.750662, 10.427865], [44.721063, 10.419384], [44.661857, 10.402411], [44.627329, 10.390613], [44.586149, 10.383585], [44.541423, 10.392743], [44.465258, 10.401481], [44.3892, 10.397207], [44.347554, 10.414511], [44.303722, 10.439846], [44.274262, 10.456732], [44.149587, 10.559149], [44.097504, 10.58926], [44.028168, 10.652167], [43.92213, 10.724189], [43.8296, 10.802965], [43.755626, 10.894232], [43.658946, 10.987982], [43.617442, 11.070787], [43.591645, 11.107489], [43.583181, 11.135159], [43.568207, 11.155422], [43.562999, 11.170315], [43.559093, 11.176011], [43.551931, 11.179836], [43.535655, 11.183743], [43.529307, 11.186591], [43.506358, 11.20897], [43.488129, 11.238918], [43.479015, 11.271796], [43.494395, 11.364732], [43.489431, 11.380927], [43.478201, 11.37995], [43.466319, 11.367906], [43.459727, 11.35106], [43.44337, 11.359565], [43.413829, 11.380927], [43.394216, 11.385199], [43.375987, 11.391588], [43.352387, 11.419745], [43.33961, 11.426174], [43.320079, 11.446112], [43.29713, 11.482245], [43.282725, 11.498928], [43.288341, 11.460354], [43.266938, 11.462348], [43.252696, 11.47309], [43.240733, 11.48786], [43.226329, 11.501899], [43.19516, 11.518297], [43.183849, 11.526557], [43.173106, 11.541653], [43.172211, 11.542873], [43.157888, 11.601304], [43.151866, 11.611762], [43.141124, 11.608588], [43.133556, 11.595282], [43.123057, 11.581488], [43.103363, 11.576972], [43.081798, 11.589545], [43.06186, 11.590155], [43.040538, 11.585924], [42.900727, 11.584052], [42.875173, 11.583686], [42.866954, 11.587592], [42.855805, 11.595771], [42.847504, 11.592719], [42.839529, 11.584459], [42.829112, 11.576972], [42.807465, 11.571275], [42.739757, 11.563381], [42.694102, 11.545966], [42.674083, 11.532131], [42.665294, 11.51557], [42.670421, 11.509955], [42.680675, 11.504788], [42.687511, 11.497219], [42.681651, 11.484524], [42.672537, 11.479722], [42.662852, 11.481635], [42.653494, 11.485907], [42.644786, 11.488227], [42.633556, 11.484809], [42.617686, 11.470282], [42.60377, 11.46776], [42.591563, 11.47248], [42.571625, 11.490465], [42.538748, 11.502997], [42.533051, 11.523505], [42.532481, 11.547471], [42.532481, 11.548489], [42.528087, 11.570217], [42.514985, 11.567206], [42.515147, 11.574123], [42.526866, 11.582465], [42.548595, 11.583808], [42.554047, 11.580268], [42.563487, 11.567206], [42.569021, 11.563381], [42.577403, 11.562405], [42.60377, 11.563381], [42.627696, 11.559068], [42.636974, 11.559556], [42.667979, 11.568549], [42.677419, 11.573676], [42.684093, 11.582261], [42.75408, 11.707953], [42.777192, 11.732245], [42.803396, 11.747992], [42.896495, 11.780585], [42.915538, 11.783596], [42.942638, 11.77383], [42.95753, 11.780463], [42.972504, 11.790839], [42.986827, 11.796088], [43.041515, 11.798529], [43.055512, 11.803616], [43.060883, 11.809556], [43.064708, 11.823432], [43.069184, 11.830268], [43.076182, 11.834703], [43.086029, 11.838853], [43.09197, 11.841295], [43.097179, 11.84455], [43.174001, 11.935004], [43.206554, 11.957831], [43.225434, 11.962877], [43.268403, 11.963813], [43.288341, 11.967434], [43.315684, 11.981106], [43.34254, 11.985663], [43.350434, 11.987942], [43.377126, 12.004828], [43.398774, 12.029527], [43.413341, 12.059272], [43.418712, 12.091254], [43.411388, 12.166653], [43.414317, 12.224921], [43.411388, 12.241767], [43.374034, 12.292955], [43.367849, 12.306871], [43.364757, 12.327135], [43.363536, 12.365302], [43.360525, 12.383002], [43.353201, 12.395209], [43.344086, 12.406155], [43.336192, 12.419908], [43.331228, 12.436713], [43.329356, 12.453559], [43.329356, 12.488756], [43.312999, 12.477688], [43.297374, 12.482001], [43.283214, 12.496527], [43.259613, 12.533352], [43.161794, 12.642727], [43.151134, 12.659735], [43.143321, 12.679511], [43.133962, 12.697211], [43.117686, 12.707913], [43.123871, 12.715318], [43.097179, 12.762519], [43.094574, 12.777533], [43.093272, 12.807766], [43.086436, 12.820868], [43.076182, 12.828762], [43.06365, 12.836371], [43.053233, 12.844875], [43.048839, 12.855292], [43.043142, 12.865627], [43.02947, 12.878852], [43.000987, 12.900295], [42.99586, 12.893297], [42.9935, 12.884589], [42.994884, 12.874905], [43.000987, 12.864936], [42.991466, 12.859605], [42.989513, 12.854071], [42.989919, 12.847357], [42.987315, 12.838202], [42.978038, 12.823961], [42.966319, 12.81094], [42.963227, 12.810452], [42.944591, 12.798489], [42.945649, 12.797309], [42.93572, 12.791938], [42.927989, 12.78974], [42.918468, 12.790473], [42.927419, 12.805854], [42.93214, 12.81094], [42.896251, 12.813178], [42.868907, 12.821357], [42.849294, 12.837836], [42.835785, 12.864936], [42.821544, 12.85932], [42.808442, 12.852281], [42.795421, 12.848375], [42.781261, 12.851874], [42.773936, 12.862128], [42.770193, 12.87816], [42.767589, 12.90648], [42.763682, 12.925238], [42.747244, 12.961737], [42.737641, 13.017727], [42.729747, 13.033149], [42.718272, 13.044013], [42.7046, 13.054023], [42.688243, 13.061347], [42.668305, 13.064154], [42.655447, 13.072333], [42.620453, 13.12934], [42.570079, 13.170966], [42.562185, 13.183987], [42.559906, 13.194322], [42.554454, 13.199652], [42.547699, 13.203274], [42.541759, 13.208197], [42.538097, 13.217719], [42.537771, 13.226264], [42.533946, 13.232571], [42.520681, 13.2355], [42.514415, 13.220038], [42.507498, 13.206977], [42.495942, 13.197903], [42.476817, 13.194525], [42.431326, 13.198391], [42.410167, 13.204576], [42.379405, 13.222642], [42.376801, 13.225491], [42.377696, 13.230048], [42.372325, 13.278632], [42.358084, 13.302476], [42.34254, 13.418118], [42.335216, 13.443508], [42.32545, 13.454576], [42.314789, 13.461005], [42.305919, 13.476142], [42.294688, 13.509223], [42.29477, 13.549954], [42.288422, 13.574612], [42.270356, 13.585598], [42.25587, 13.591986], [42.219005, 13.640204], [42.184825, 13.667467], [42.171641, 13.667182], [42.162364, 13.662299], [42.159923, 13.656562], [42.167735, 13.653795], [42.18922, 13.652737], [42.206309, 13.643866], [42.219737, 13.632554], [42.219005, 13.606024], [42.215587, 13.605658], [42.201671, 13.606391], [42.198497, 13.606024], [42.198741, 13.5987], [42.201427, 13.59516], [42.2046, 13.593492], [42.206554, 13.591742], [42.209972, 13.585761], [42.224294, 13.567613], [42.229503, 13.56387], [42.230235, 13.560004], [42.223888, 13.553941], [42.215994, 13.55386], [42.212169, 13.567572], [42.208018, 13.568549], [42.184825, 13.585598], [42.180837, 13.594143], [42.175141, 13.617255], [42.171153, 13.626532], [42.164561, 13.632392], [42.147309, 13.64411], [42.143809, 13.650377], [42.139496, 13.65119], [42.129242, 13.645575], [42.116954, 13.640774], [42.106619, 13.643541], [42.09962, 13.654364], [42.093598, 13.676459], [42.089203, 13.687974], [42.086762, 13.689521], [42.07781, 13.693427], [42.075531, 13.69477], [42.068696, 13.708441], [42.045746, 13.739], [42.041352, 13.739163], [42.034923, 13.752265], [41.993663, 13.783596], [41.988943, 13.798774], [41.986013, 13.819485], [41.980968, 13.837795], [41.969737, 13.845649], [41.956798, 13.850531], [41.92156, 13.873114], [41.904307, 13.879788], [41.896495, 13.878811], [41.874278, 13.873196], [41.863292, 13.872952], [41.848969, 13.876166], [41.841563, 13.880316], [41.82545, 13.896796], [41.806, 13.929674], [41.798106, 13.934394], [41.785655, 13.932807], [41.753429, 13.920722], [41.740082, 13.921536], [41.676524, 13.940253], [41.667817, 13.955146], [41.657237, 13.996487], [41.620942, 14.063625], [41.605968, 14.081773], [41.588634, 14.096177], [41.555431, 14.115912], [41.541759, 14.126166], [41.533458, 14.136949], [41.528982, 14.14883], [41.521332, 14.181383], [41.514496, 14.199205], [41.50587, 14.213446], [41.479666, 14.242865], [41.433604, 14.282131], [41.412771, 14.306545], [41.399669, 14.346666], [41.381033, 14.368801], [41.376638, 14.376288], [41.368988, 14.384752], [41.352387, 14.392157], [41.335948, 14.402004], [41.328298, 14.417629], [41.32252, 14.454535], [41.306814, 14.488918], [41.28297, 14.517564], [41.253184, 14.537665], [41.208751, 14.568101], [41.195649, 14.58511], [41.179535, 14.621772], [41.167491, 14.636949], [41.156098, 14.641588], [41.040212, 14.667426], [40.972667, 14.669623], [40.944672, 14.677314], [40.91391, 14.699123], [40.884451, 14.714545], [40.831065, 14.712226], [40.808116, 14.722073], [40.808116, 14.702826], [40.796886, 14.706773], [40.786632, 14.706041], [40.777029, 14.701809], [40.766449, 14.695299], [40.766368, 14.714586], [40.757986, 14.72602], [40.732432, 14.74372], [40.723888, 14.757066], [40.724132, 14.768256], [40.732432, 14.790961], [40.733735, 14.818183], [40.732432, 14.82567], [40.727387, 14.834133], [40.722667, 14.835924], [40.719249, 14.834174], [40.718761, 14.831855], [40.670909, 14.880316], [40.677094, 14.887152], [40.692719, 14.881903], [40.697439, 14.887397], [40.694509, 14.896226], [40.687673, 14.900824], [40.660411, 14.902574], [40.652029, 14.897121], [40.656586, 14.880316], [40.627696, 14.891995], [40.624278, 14.900092], [40.620616, 14.939276], [40.616384, 14.948676], [40.6067, 14.952948], [40.58839, 14.95539], [40.579356, 14.954413], [40.573741, 14.951483], [40.568696, 14.950507], [40.561046, 14.95539], [40.555919, 14.964097], [40.555837, 14.972968], [40.556651, 14.981676], [40.55421, 14.99018], [40.527029, 14.997016], [40.523123, 15.001695], [40.518321, 15.012519], [40.512706, 15.017483], [40.51295, 14.998765], [40.515147, 14.99079], [40.520193, 14.982733], [40.516368, 14.97663], [40.511485, 14.970526], [40.505626, 14.965277], [40.499034, 14.962226], [40.489513, 14.962551], [40.485606, 14.967678], [40.482595, 14.973578], [40.475352, 14.976508], [40.463145, 14.979682], [40.461111, 14.986558], [40.463227, 14.993598], [40.464854, 14.997016], [40.454438, 15.004462], [40.451427, 15.003852], [40.440684, 15.003241], [40.422699, 14.99901], [40.420746, 14.989244], [40.423025, 14.977851], [40.417735, 14.969062], [40.401378, 14.966132], [40.3921, 14.973578], [40.38852, 14.987372], [40.389822, 15.003241], [40.375743, 14.986721], [40.362966, 14.964097], [40.347179, 14.944078], [40.324555, 14.935533], [40.301768, 14.916897], [40.286794, 14.913479], [40.279959, 14.93183], [40.272634, 14.937567], [40.256602, 14.945258], [40.182628, 14.970852], [40.159434, 14.982245], [40.149587, 15.000067], [40.15089, 15.007066], [40.156505, 15.02204], [40.157074, 15.031155], [40.154307, 15.037299], [40.149669, 15.038316], [40.145274, 15.040188], [40.143321, 15.048529], [40.138927, 15.058661], [40.12794, 15.06623], [40.114268, 15.069037], [40.101817, 15.064643], [40.097504, 15.075832], [40.098481, 15.088813], [40.101248, 15.101874], [40.101817, 15.113023], [40.097179, 15.125881], [40.084158, 15.151801], [40.081309, 15.164537], [40.075938, 15.173163], [40.052501, 15.190131], [40.047211, 15.198432], [40.046235, 15.200995], [40.041515, 15.204983], [40.039724, 15.209296], [40.04127, 15.21247], [40.051524, 15.216254], [40.053966, 15.219224], [40.052013, 15.22956], [40.046235, 15.235785], [40.037771, 15.238186], [40.026622, 15.237209], [40.041759, 15.274848], [40.047211, 15.284369], [40.056163, 15.293402], [40.074067, 15.307278], [40.081309, 15.319159], [40.083181, 15.330227], [40.079926, 15.340725], [40.072439, 15.350735], [40.060802, 15.360093], [40.050792, 15.366116], [40.042817, 15.368883], [40.019786, 15.373765], [40.005138, 15.381008], [39.910004, 15.457424], [39.889985, 15.478217], [39.875255, 15.504096], [39.865977, 15.492987], [39.852712, 15.471584], [39.841645, 15.463121], [39.842052, 15.472968], [39.841645, 15.476142], [39.835623, 15.476142], [39.829112, 15.456855], [39.828136, 15.448879], [39.8213, 15.448879], [39.80714, 15.458889], [39.800466, 15.44892], [39.793793, 15.41474], [39.787934, 15.408677], [39.781261, 15.406724], [39.775727, 15.402737], [39.773448, 15.39053], [39.774587, 15.379381], [39.779633, 15.360419], [39.780935, 15.34927], [39.778494, 15.297593], [39.780935, 15.278144], [39.789724, 15.257473], [39.796397, 15.266018], [39.804454, 15.28144], [39.817719, 15.281236], [39.825938, 15.266913], [39.836762, 15.226793], [39.856781, 15.192939], [39.854666, 15.173489], [39.835623, 15.140367], [39.823497, 15.13227], [39.819672, 15.1258], [39.824718, 15.116523], [39.826182, 15.108222], [39.823741, 15.095649], [39.818207, 15.08397], [39.81129, 15.078925], [39.789399, 15.075588], [39.773692, 15.071031], [39.762218, 15.07392], [39.752289, 15.092597], [39.738129, 15.085639], [39.725108, 15.086168], [39.715587, 15.094062], [39.712087, 15.10932], [39.709809, 15.113023], [39.70045, 15.119534], [39.698253, 15.123603], [39.70338, 15.209377], [39.718272, 15.263902], [39.707693, 15.273871], [39.698985, 15.288031], [39.693044, 15.304674], [39.690766, 15.322211], [39.686534, 15.325629], [39.667735, 15.332506], [39.663585, 15.336168], [39.611339, 15.499986], [39.587169, 15.531399], [39.572032, 15.538398], [39.551768, 15.542304], [39.533946, 15.539781], [39.526378, 15.528022], [39.516856, 15.520087], [39.494884, 15.517524], [39.47169, 15.519436], [39.45753, 15.524604], [39.455251, 15.531887], [39.450694, 15.565579], [39.432465, 15.593655], [39.430186, 15.603095], [39.440929, 15.603176], [39.46339, 15.605902], [39.482758, 15.614936], [39.484874, 15.633857], [39.474946, 15.642646], [39.464041, 15.638332], [39.454926, 15.628119], [39.450694, 15.619574], [39.444591, 15.63524], [39.448741, 15.649807], [39.460623, 15.659613], [39.477875, 15.661119], [39.450857, 15.690497], [39.445323, 15.706529], [39.443858, 15.73314], [39.440684, 15.740912], [39.426524, 15.755805], [39.42335, 15.767564], [39.426443, 15.778144], [39.432628, 15.788153], [39.437511, 15.799018], [39.437022, 15.811957], [39.427013, 15.82038], [39.390391, 15.83633], [39.382498, 15.842963], [39.37322, 15.858466], [39.313487, 15.893948], [39.294119, 15.928778], [39.258962, 16.058987], [39.235606, 16.10871], [39.232188, 16.123847], [39.228038, 16.168036], [39.197439, 16.29857], [39.197276, 16.312812], [39.20338, 16.337551], [39.204845, 16.349799], [39.203136, 16.362209], [39.194102, 16.378119], [39.190603, 16.387356], [39.18922, 16.399888], [39.190603, 16.439439], [39.188975, 16.451809], [39.185069, 16.460517], [39.180675, 16.468207], [39.177013, 16.477362], [39.175548, 16.48664], [39.177013, 16.52143], [39.171641, 16.524848], [39.160655, 16.525133], [39.15089, 16.529446], [39.149669, 16.544989], [39.156505, 16.538153], [39.160981, 16.563788], [39.144867, 16.609361], [39.163341, 16.62816], [39.161388, 16.657172], [39.155935, 16.679145], [39.135997, 16.723782], [39.149669, 16.716946], [39.12794, 16.794867], [39.094981, 16.867743], [39.090017, 16.884223], [39.084483, 16.924872], [39.068858, 16.953925], [39.06365, 16.97427], [39.060313, 17.014838], [39.055919, 17.034125], [39.026134, 17.093085], [39.017589, 17.126695], [39.012462, 17.165351], [38.998546, 17.19595], [38.971202, 17.223334], [38.952647, 17.253485], [38.964692, 17.292304], [38.953298, 17.312242], [38.929047, 17.397121], [38.85963, 17.513251], [38.789724, 17.668891], [38.695811, 17.806627], [38.690929, 17.823635], [38.687836, 17.829413], [38.66977, 17.85399], [38.667491, 17.864447], [38.66627, 17.884955], [38.662934, 17.894965], [38.620372, 17.952582], [38.613048, 17.983466], [38.603689, 17.994371], [38.601573, 18.004828], [38.603852, 18.013861], [38.593435, 18.0362], [38.590994, 18.045966], [38.591075, 18.061754], [38.584483, 18.077135], [38.542817, 18.118394], [38.52589, 18.128363], [38.54005, 18.10871], [38.541677, 18.085883], [38.531993, 18.070705], [38.512218, 18.073717], [38.505707, 18.086371], [38.502289, 18.126044], [38.49171, 18.141425], [38.475597, 18.130561], [38.45045, 18.132392], [38.433849, 18.142279], [38.443207, 18.155707], [38.411143, 18.204901], [38.391449, 18.224189], [38.375662, 18.210354], [38.388031, 18.203192], [38.386567, 18.195258], [38.376231, 18.190619], [38.361095, 18.193183], [38.347504, 18.197577], [38.319347, 18.200873], [38.306163, 18.204088], [38.295665, 18.209784], [38.287364, 18.216295], [38.278331, 18.221666], [38.265147, 18.223944], [38.230317, 18.217841], [38.217296, 18.217719], [38.224864, 18.226549], [38.236013, 18.227444], [38.24936, 18.22663], [38.264496, 18.23078], [38.276215, 18.242011], [38.278819, 18.253974], [38.278005, 18.26496], [38.27947, 18.273017], [38.289806, 18.280219], [38.303884, 18.287543], [38.312348, 18.295966], [38.306163, 18.306545], [38.271251, 18.286607], [38.251161, 18.280825], [38.245434, 18.243906], [38.205417, 18.237394], [38.151674, 18.249331], [38.103624, 18.291663], [38.076119, 18.348119], [38.082957, 18.382879], [38.109275, 18.395924], [38.121858, 18.413301], [38.109251, 18.427425], [38.065716, 18.44371], [38.038198, 18.461086], [37.994884, 18.502021], [37.966936, 18.546964], [37.925505, 18.585044], [37.812755, 18.615627], [37.796397, 18.631741], [37.785159, 18.64016], [37.773611, 18.636664], [37.758067, 18.628648], [37.765573, 18.667295], [37.749469, 18.681389], [37.747125, 18.69768], [37.740733, 18.709174], [37.720225, 18.707831], [37.701671, 18.711168], [37.679371, 18.722502], [37.674725, 18.740953], [37.641512, 18.726744], [37.581798, 18.718166], [37.574392, 18.719916], [37.563162, 18.71369], [37.551036, 18.709947], [37.539806, 18.715888], [37.530772, 18.726874], [37.525238, 18.738511], [37.492286, 18.76751], [37.469177, 18.805424], [37.447602, 18.843573], [37.434337, 18.861721], [37.425955, 18.913479], [37.412364, 18.955268], [37.391576, 19.019453], [37.379562, 19.069301], [37.355235, 19.10163], [37.355642, 19.108547], [37.36085, 19.121649], [37.36085, 19.128323], [37.354747, 19.135484], [37.345551, 19.140815], [37.337169, 19.147691], [37.333507, 19.159654], [37.32545, 19.262844], [37.285818, 19.475287], [37.26531, 19.532375], [37.249278, 19.558295], [37.245372, 19.567776], [37.243826, 19.576158], [37.245372, 19.595038], [37.238292, 19.65526], [37.241384, 19.670478], [37.258067, 19.692857], [37.263357, 19.703762], [37.26531, 19.721666], [37.26531, 19.786851], [37.259451, 19.820705], [37.196137, 19.979153], [37.188813, 20.01317], [37.189464, 20.040107], [37.194102, 20.049506], [37.206309, 20.06387], [37.209972, 20.074856], [37.209646, 20.08161], [37.224892, 20.119532], [37.21958, 20.167429], [37.214248, 20.200116], [37.206234, 20.235371], [37.182628, 20.293931], [37.182302, 20.308743], [37.175141, 20.349189], [37.182628, 20.420233], [37.178884, 20.449937], [37.182302, 20.462836], [37.212738, 20.458686], [37.222423, 20.468248], [37.227712, 20.484076], [37.230479, 20.499986], [37.228038, 20.565009], [37.183604, 20.684394], [37.169119, 20.746405], [37.160004, 20.878241], [37.147309, 20.940863], [37.120616, 20.999701], [37.091563, 21.031643], [37.086436, 21.040595], [37.086681, 21.057115], [37.093598, 21.062405], [37.10377, 21.065334], [37.11378, 21.074774], [37.117849, 21.086127], [37.118175, 21.097846], [37.11378, 21.123236], [37.117198, 21.131781], [37.120616, 21.143704], [37.118175, 21.150336], [37.105805, 21.151109], [37.100759, 21.156724], [37.098399, 21.180894], [37.104991, 21.207506], [37.12143, 21.22427], [37.148611, 21.218736], [37.159516, 21.206448], [37.157563, 21.194648], [37.151052, 21.183051], [37.148611, 21.170966], [37.15268, 21.157782], [37.15919, 21.148017], [37.167003, 21.146186], [37.175141, 21.156724], [37.203136, 21.136868], [37.218923, 21.14175], [37.229747, 21.127834], [37.245372, 21.089057], [37.27003, 21.062567], [37.272146, 21.054267], [37.26352, 21.04975], [37.250011, 21.054999], [37.227061, 21.071682], [37.221039, 21.08039], [37.216482, 21.090399], [37.209321, 21.098619], [37.1963, 21.102118], [37.189301, 21.097235], [37.192231, 21.086086], [37.199718, 21.073554], [37.206554, 21.064887], [37.233897, 21.02025], [37.251964, 21.006049], [37.272146, 21.020168], [37.291352, 21.012641], [37.303966, 21.020901], [37.310883, 21.038153], [37.312999, 21.057685], [37.305431, 21.074449], [37.198985, 21.202135], [37.113617, 21.278062]]}}, {"type": "Feature", "properties": {}, "geometry": {"type": "LineString", "coordinates": [[37.01059, 25.507392], [37.01824, 25.494696], [37.062673, 25.453681], [37.077403, 25.431057], [37.059825, 25.419623], [37.064626, 25.409735], [37.079845, 25.394599], [37.086436, 25.385443], [37.088878, 25.376776], [37.090994, 25.354397], [37.093272, 25.344468], [37.105317, 25.32217], [37.122569, 25.299547], [37.142345, 25.279771], [37.162283, 25.265692], [37.170665, 25.257799], [37.180024, 25.239081], [37.189464, 25.231187], [37.200206, 25.224189], [37.211681, 25.21426], [37.230479, 25.193671], [37.242198, 25.175279], [37.250743, 25.155463], [37.256033, 25.134101], [37.257823, 25.111477], [37.251475, 25.052558], [37.257823, 25.028551], [37.277029, 24.98664], [37.279959, 24.964097], [37.258067, 24.92178], [37.256602, 24.871243], [37.244151, 24.854438], [37.218923, 24.846625], [37.196544, 24.847235], [37.174083, 24.850572], [37.148611, 24.85102], [37.165782, 24.815497], [37.178722, 24.799384], [37.1963, 24.789618], [37.206798, 24.791002], [37.219737, 24.802802], [37.227061, 24.799547], [37.230317, 24.792548], [37.231293, 24.78262], [37.230479, 24.772691], [37.227061, 24.765367], [37.228526, 24.737698], [37.25766, 24.702338], [37.31923, 24.624239], [37.456669, 24.441249], [37.463208, 24.422546], [37.454954, 24.406871], [37.435246, 24.418874], [37.427854, 24.421132], [37.417958, 24.400966], [37.429403, 24.367307], [37.464661, 24.339588], [37.48675, 24.311147], [37.500636, 24.2887], [37.52272, 24.267732], [37.545706, 24.274411], [37.575174, 24.261637], [37.585775, 24.246662], [37.628394, 24.24804], [37.622735, 24.268237], [37.625987, 24.28144], [37.640961, 24.291693], [37.652322, 24.290566], [37.676091, 24.291236], [37.695712, 24.279213], [37.710413, 24.266457], [37.728407, 24.257422], [37.745585, 24.249884], [37.758661, 24.241612], [37.767589, 24.221393], [37.806407, 24.193264], [37.82016, 24.181708], [37.865634, 24.149888], [37.89601, 24.157208], [37.918133, 24.149593], [37.923905, 24.155547], [37.923126, 24.164534], [37.921542, 24.177268], [37.918299, 24.186267], [37.912577, 24.191538], [37.918366, 24.201232], [37.93069, 24.203406], [37.937292, 24.21085], [37.94795, 24.207047], [37.943772, 24.191356], [37.9322, 24.174211], [37.93953, 24.161441], [37.958457, 24.170309], [37.97326, 24.174709], [37.983072, 24.165664], [37.958421, 24.162076], [37.941124, 24.150951], [37.935321, 24.139007], [37.966416, 24.117094], [38.007579, 24.093085], [38.023204, 24.08161], [38.045729, 24.06739], [38.053968, 24.072323], [38.062881, 24.076006], [38.071069, 24.07408], [38.079135, 24.070388], [38.109117, 24.043892], [38.126179, 24.029428], [38.146636, 24.014909], [38.165641, 23.992923], [38.185356, 23.975929], [38.198281, 23.967098], [38.22209, 23.952574], [38.238469, 23.950583], [38.258906, 23.944819], [38.275401, 23.933824], [38.283338, 23.9278], [38.299563, 23.910222], [38.309337, 23.893378], [38.319133, 23.886385], [38.332707, 23.879426], [38.348888, 23.87519], [38.365348, 23.870448], [38.377481, 23.856017], [38.385493, 23.838504], [38.390126, 23.824131], [38.399571, 23.814086], [38.41627, 23.808905], [38.427094, 23.806708], [38.437022, 23.802069], [38.452647, 23.784003], [38.459972, 23.76081], [38.464366, 23.73607], [38.471365, 23.713324], [38.494849, 23.644635], [38.539223, 23.591869], [38.540064, 23.543245], [38.562022, 23.524359], [38.59547, 23.52147], [38.59547, 23.528388], [38.570323, 23.536933], [38.560883, 23.545722], [38.559906, 23.562486], [38.568044, 23.562486], [38.577891, 23.556627], [38.600175, 23.568249], [38.601573, 23.551947], [38.604747, 23.535386], [38.612153, 23.524319], [38.628917, 23.50788], [38.631244, 23.490047], [38.637113, 23.468169], [38.64087, 23.440074], [38.646537, 23.400726], [38.659331, 23.37179], [38.672869, 23.348151], [38.680417, 23.318251], [38.680254, 23.303795], [38.688918, 23.28654], [38.691713, 23.27296], [38.703949, 23.257758], [38.711436, 23.235745], [38.729259, 23.216254], [38.747689, 23.182957], [38.765115, 23.161101], [38.777619, 23.139292], [38.78666, 23.154558], [38.79835, 23.149604], [38.799213, 23.137263], [38.803928, 23.121856], [38.806407, 23.093248], [38.804373, 23.07925], [38.798676, 23.064643], [38.790212, 23.051337], [38.779063, 23.041164], [38.799571, 22.998684], [38.81422, 22.982733], [38.834321, 22.986518], [38.851085, 22.977973], [38.873871, 22.972805], [38.893891, 22.965155], [38.902599, 22.949286], [38.905284, 22.938463], [38.911469, 22.928453], [38.919607, 22.921088], [38.926931, 22.918199], [38.937348, 22.912095], [38.954275, 22.881903], [38.964692, 22.870429], [38.958832, 22.859117], [38.95102, 22.851955], [38.941417, 22.850531], [38.930512, 22.856757], [38.912852, 22.861965], [38.880407, 22.928494], [38.851175, 22.943275], [38.851001, 22.929721], [38.902599, 22.843166], [38.929852, 22.815018], [38.957714, 22.774961], [38.970876, 22.746894], [38.978282, 22.75373], [38.971446, 22.763861], [38.969005, 22.77383], [38.967947, 22.784003], [38.964692, 22.794664], [38.958018, 22.803616], [38.94044, 22.820787], [38.936778, 22.826361], [38.945486, 22.831204], [38.965017, 22.816311], [39.013031, 22.766791], [39.014659, 22.758979], [38.988292, 22.736396], [38.985688, 22.72427], [38.993012, 22.708564], [39.012462, 22.678656], [39.038585, 22.622707], [39.066254, 22.587551], [39.073988, 22.574175], [39.081517, 22.546792], [39.07422, 22.490973], [39.082071, 22.436285], [39.069227, 22.39449], [39.070256, 22.365828], [39.0948, 22.370183], [39.101248, 22.380439], [39.108165, 22.408922], [39.114919, 22.418606], [39.127615, 22.42121], [39.13738, 22.4147], [39.142751, 22.403225], [39.142751, 22.390611], [39.139496, 22.386379], [39.122325, 22.370185], [39.108653, 22.342231], [39.09962, 22.331732], [39.090587, 22.323391], [39.083507, 22.313544], [39.073253, 22.271145], [39.040375, 22.235785], [39.03297, 22.208808], [39.03297, 22.167792], [39.029307, 22.153225], [39.022716, 22.142483], [39.019298, 22.131578], [39.026134, 22.116889], [39.040375, 22.151068], [39.046641, 22.151068], [39.044444, 22.130805], [39.035004, 22.091132], [39.03297, 22.072211], [39.03004, 22.067084], [39.016612, 22.058092], [39.012462, 22.054267], [39.01002, 22.043606], [39.01002, 22.024115], [39.005693, 22.002005], [38.986214, 22.002239], [38.959144, 22.034443], [38.932655, 22.025186], [38.931254, 22.006073], [38.949598, 21.921916], [38.978554, 21.862074], [39.012462, 21.822089], [39.014496, 21.818752], [39.017263, 21.811184], [39.019298, 21.807807], [39.031016, 21.801459], [39.03297, 21.800971], [39.035899, 21.792629], [39.037364, 21.776068], [39.040375, 21.766832], [39.045421, 21.758734], [39.04949, 21.754828], [39.053884, 21.751858], [39.060313, 21.746405], [39.063731, 21.737942], [39.063487, 21.730048], [39.066742, 21.725246], [39.08074, 21.725816], [39.08839, 21.730455], [39.093598, 21.739163], [39.101248, 21.759996], [39.10906, 21.747789], [39.108572, 21.732123], [39.103526, 21.718573], [39.098155, 21.712836], [39.079356, 21.706366], [39.077403, 21.691555], [39.088145, 21.664455], [39.09018, 21.63703], [39.088715, 21.605862], [39.092296, 21.576565], [39.108653, 21.554592], [39.101248, 21.548407], [39.110362, 21.528144], [39.119802, 21.516913], [39.130056, 21.519599], [39.142751, 21.54092], [39.158946, 21.507799], [39.160411, 21.494452], [39.149669, 21.485663], [39.149669, 21.480129], [39.164724, 21.464911], [39.172374, 21.436021], [39.171072, 21.40412], [39.159923, 21.379828], [39.08074, 21.315009], [39.11199, 21.268215], [39.125743, 21.260403], [39.163259, 21.205878], [39.170177, 21.191474], [39.168224, 21.185289], [39.158702, 21.172593], [39.156505, 21.167548], [39.158702, 21.155911], [39.167979, 21.136298], [39.174327, 21.108873], [39.185395, 21.097235], [39.22755, 21.069281], [39.23406, 21.067206], [39.237804, 21.062893], [39.239024, 21.05093], [39.242035, 21.041693], [39.255707, 21.032945], [39.258962, 21.023871], [39.259532, 20.999823], [39.26238, 20.983059], [39.268728, 20.968573], [39.296886, 20.927965], [39.29713, 20.923977], [39.306814, 20.926093], [39.317393, 20.930121], [39.32781, 20.93183], [39.337413, 20.927395], [39.34547, 20.922187], [39.352794, 20.919867], [39.358409, 20.915351], [39.361827, 20.90351], [39.35963, 20.896715], [39.35255, 20.898912], [39.344981, 20.905178], [39.340831, 20.910305], [39.339122, 20.887437], [39.359711, 20.862616], [39.388357, 20.841132], [39.409679, 20.828355], [39.411306, 20.846869], [39.416759, 20.846503], [39.430186, 20.828355], [39.437266, 20.825751], [39.444021, 20.827623], [39.448741, 20.827297], [39.450694, 20.817816], [39.451182, 20.811591], [39.452647, 20.806138], [39.45753, 20.794257], [39.445567, 20.796861], [39.435395, 20.800767], [39.427745, 20.806383], [39.42335, 20.814114], [39.417654, 20.805325], [39.416759, 20.797756], [39.420909, 20.791693], [39.430186, 20.787421], [39.423188, 20.771715], [39.43629, 20.756659], [39.458263, 20.744859], [39.477875, 20.738959], [39.470714, 20.742011], [39.46461, 20.746039], [39.459972, 20.751654], [39.45753, 20.759467], [39.471365, 20.757473], [39.506033, 20.746405], [39.489919, 20.722886], [39.492931, 20.706244], [39.526378, 20.670722], [39.531016, 20.659491], [39.536957, 20.630276], [39.543468, 20.619208], [39.566661, 20.598293], [39.579356, 20.591376], [39.594737, 20.588772], [39.591075, 20.580268], [39.585297, 20.575873], [39.577403, 20.57453], [39.567393, 20.575141], [39.567393, 20.567694], [39.587087, 20.552151], [39.646495, 20.461575], [39.673595, 20.436225], [39.727387, 20.396918], [39.74464, 20.381171], [39.760102, 20.350816], [39.778331, 20.342719], [39.798188, 20.337388], [39.81129, 20.331488], [39.825369, 20.320054], [39.923188, 20.263577], [39.940684, 20.259182], [39.947113, 20.262152], [39.941091, 20.268541], [39.931407, 20.274726], [39.926606, 20.276842], [39.918305, 20.283515], [39.910167, 20.288479], [39.904307, 20.295559], [39.903087, 20.308254], [39.925304, 20.299384], [39.968028, 20.275092], [39.991954, 20.266669], [40.000336, 20.275133], [40.020356, 20.28205], [40.045177, 20.286119], [40.067638, 20.286526], [40.083832, 20.279242], [40.115571, 20.251654], [40.125987, 20.245551], [40.125011, 20.241116], [40.133962, 20.231513], [40.149587, 20.218207], [40.158946, 20.20539], [40.164806, 20.200385], [40.195649, 20.19599], [40.221853, 20.189032], [40.23878, 20.178046], [40.232107, 20.16356], [40.267833, 20.125312], [40.313487, 20.090725], [40.333751, 20.079535], [40.352224, 20.074856], [40.36085, 20.07392], [40.385509, 20.068101], [40.393565, 20.064276], [40.418468, 20.031195], [40.427582, 20.026435], [40.436371, 20.023342], [40.445567, 20.009711], [40.4546, 20.006578], [40.492198, 19.984849], [40.522634, 19.97248], [40.534516, 19.961819], [40.540538, 19.943915], [40.528005, 19.917548], [40.527029, 19.910346], [40.533539, 19.903998], [40.564464, 19.885891], [40.605154, 19.829535], [40.619477, 19.82099], [40.620372, 19.812079], [40.628673, 19.792141], [40.641612, 19.771226], [40.656586, 19.759508], [40.64503, 19.784735], [40.654063, 19.794338], [40.674001, 19.794989], [40.725434, 19.789252], [40.744884, 19.777004], [40.790863, 19.714057], [40.798025, 19.692328], [40.800629, 19.642239], [40.794444, 19.601264], [40.771251, 19.613511], [40.760427, 19.614936], [40.760427, 19.60871], [40.784679, 19.59634], [40.83546, 19.546617], [40.859141, 19.534491], [40.944672, 19.505683], [40.946951, 19.49372], [40.952485, 19.485256], [40.9546, 19.474799], [40.952159, 19.464057], [40.959239, 19.456], [40.954356, 19.448676], [40.945079, 19.44066], [40.938324, 19.430569], [40.937673, 19.419379], [40.943126, 19.403306], [40.944672, 19.392727], [40.946951, 19.384182], [40.956716, 19.368638], [40.958995, 19.358588], [40.957693, 19.346422], [40.955903, 19.343329], [40.982921, 19.322699], [40.998302, 19.314927], [41.009125, 19.304023], [41.01352, 19.282864], [41.017833, 19.273993], [41.036143, 19.264553], [41.040212, 19.255845], [41.041677, 19.245754], [41.047537, 19.227444], [41.048188, 19.217719], [41.040701, 19.194648], [41.040212, 19.183539], [41.0442, 19.17414], [41.05836, 19.152981], [41.068614, 19.125393], [41.086436, 19.113593], [41.129649, 19.10163], [41.149425, 19.093736], [41.167817, 19.082221], [41.176524, 19.067369], [41.163748, 19.042955], [41.158865, 19.022162], [41.156749, 19.003852], [41.153087, 18.996039], [41.148204, 18.988471], [41.143321, 18.977484], [41.137218, 18.957709], [41.135753, 18.946926], [41.136485, 18.93651], [41.140961, 18.933295], [41.16033, 18.908881], [41.160899, 18.902981], [41.171235, 18.871649], [41.212169, 18.862006], [41.213227, 18.860419], [41.235362, 18.849107], [41.239513, 18.848334], [41.249034, 18.834174], [41.247813, 18.828437], [41.242524, 18.824897], [41.239513, 18.817043], [41.236013, 18.796617], [41.212169, 18.731024], [41.209239, 18.711615], [41.210216, 18.697943], [41.216563, 18.686347], [41.229259, 18.673326], [41.240571, 18.657945], [41.267345, 18.601304], [41.275401, 18.592027], [41.285818, 18.583808], [41.296886, 18.577338], [41.307791, 18.573432], [41.311697, 18.575344], [41.322113, 18.585639], [41.328298, 18.587633], [41.329845, 18.585435], [41.334321, 18.580552], [41.34018, 18.575629], [41.355724, 18.569037], [41.363292, 18.558661], [41.368175, 18.546291], [41.369802, 18.535834], [41.375255, 18.529486], [41.411469, 18.505764], [41.413341, 18.499335], [41.41391, 18.489976], [41.415782, 18.481513], [41.421072, 18.477769], [41.428396, 18.476874], [41.432953, 18.47427], [41.435802, 18.469957], [41.438162, 18.464179], [41.439708, 18.41059], [41.441905, 18.402086], [41.444672, 18.393988], [41.450857, 18.356024], [41.455414, 18.344062], [41.46461, 18.330959], [41.472016, 18.311957], [41.475352, 18.292873], [41.472179, 18.279202], [41.487641, 18.280829], [41.500499, 18.278998], [41.506358, 18.272203], [41.500173, 18.258734], [41.505626, 18.251776], [41.504649, 18.242987], [41.499766, 18.233344], [41.493337, 18.223944], [41.507172, 18.228258], [41.518565, 18.227973], [41.527517, 18.222317], [41.533702, 18.210354], [41.528087, 18.20718], [41.525727, 18.204291], [41.524181, 18.200995], [41.521332, 18.196682], [41.540701, 18.191881], [41.561046, 18.189846], [41.556407, 18.174302], [41.562022, 18.168158], [41.570811, 18.165188], [41.575206, 18.15941], [41.577973, 18.146389], [41.585134, 18.135403], [41.60255, 18.114691], [41.593516, 18.095893], [41.608897, 18.075181], [41.651052, 18.039008], [41.652599, 18.03144], [41.65211, 18.02265], [41.653575, 18.015326], [41.660899, 18.012356], [41.673676, 18.009263], [41.675304, 18.001288], [41.672374, 17.990139], [41.670909, 17.977525], [41.677257, 17.960598], [41.719249, 17.909247], [41.739268, 17.890692], [41.760753, 17.876532], [41.778331, 17.859809], [41.787608, 17.833564], [41.810395, 17.8369], [41.84783, 17.811957], [41.869477, 17.820502], [41.928722, 17.767157], [41.938975, 17.761868], [41.969737, 17.719794], [41.97934, 17.710639], [41.984874, 17.710639], [41.992442, 17.712714], [41.998709, 17.715481], [42.000499, 17.717475], [42.043793, 17.674302], [42.048839, 17.665676], [42.053233, 17.653225], [42.063487, 17.650865], [42.086192, 17.655422], [42.093516, 17.652086], [42.097667, 17.644355], [42.103526, 17.627509], [42.123302, 17.600775], [42.134044, 17.57982], [42.14088, 17.571194], [42.143809, 17.576606], [42.152843, 17.573798], [42.26059, 17.485053], [42.266775, 17.473578], [42.268565, 17.46483], [42.273611, 17.459947], [42.281423, 17.457913], [42.291677, 17.457424], [42.301524, 17.453599], [42.307872, 17.444322], [42.315196, 17.422065], [42.316661, 17.400824], [42.31072, 17.350979], [42.315196, 17.333238], [42.321625, 17.309272], [42.339122, 17.17357], [42.35255, 17.13467], [42.3567, 17.114163], [42.35727, 17.0456], [42.362966, 17.024807], [42.373871, 17.04328], [42.36378, 17.10871], [42.384044, 17.120998], [42.366466, 17.149319], [42.359223, 17.165188], [42.3567, 17.18244], [42.401703, 17.16352], [42.410818, 17.155748], [42.415538, 17.142035], [42.420584, 17.107733], [42.425059, 17.093085], [42.437511, 17.065131], [42.44752, 17.049018], [42.459727, 17.038479], [42.473969, 17.037258], [42.494477, 17.038398], [42.512706, 17.037014], [42.520681, 17.028225], [42.524913, 17.01496], [42.534516, 17.010321], [42.5442, 17.00434], [42.548595, 16.98725], [42.548513, 16.938137], [42.555675, 16.922065], [42.541759, 16.877997], [42.575857, 16.832343], [42.586925, 16.837958], [42.596934, 16.836819], [42.628917, 16.819892], [42.635753, 16.815172], [42.65919, 16.789984], [42.671886, 16.771918], [42.678233, 16.764716], [42.706309, 16.740627], [42.712413, 16.730618], [42.701508, 16.723334], [42.703868, 16.709052], [42.713878, 16.693671], [42.725922, 16.682807], [42.719249, 16.67536], [42.737315, 16.671129], [42.737641, 16.652818], [42.725922, 16.610175], [42.724946, 16.566352], [42.728689, 16.547187], [42.739757, 16.524563], [42.788259, 16.471869], [42.794932, 16.452826], [42.781261, 16.420233], [42.788259, 16.409857], [42.788097, 16.373684], [42.78948, 16.370958], [42.790701, 16.368638], [42.798839, 16.358466], [42.801768, 16.353217], [42.802989, 16.347357], [42.803071, 16.342353], [42.802582, 16.339423], [42.801768, 16.340155], [42.807628, 16.319566], [42.808849, 16.312649], [42.812755, 16.238267], [42.840099, 16.097805], [42.843272, 16.052191], [42.834809, 15.915351], [42.830333, 15.892524], [42.819998, 15.874945], [42.801768, 15.860338], [42.783458, 15.849433], [42.765798, 15.835761], [42.752452, 15.816392], [42.747244, 15.788398], [42.746918, 15.77265], [42.745779, 15.761949], [42.74171, 15.753241], [42.733409, 15.743069], [42.721039, 15.732815], [42.709239, 15.725898], [42.699229, 15.717434], [42.691905, 15.702094], [42.713634, 15.694729], [42.716075, 15.679836], [42.705577, 15.644355], [42.708263, 15.627834], [42.714854, 15.613959], [42.723888, 15.6022], [42.733409, 15.592231], [42.721365, 15.578192], [42.719249, 15.570014], [42.759939, 15.516059], [42.774262, 15.491034], [42.778331, 15.47899], [42.780528, 15.467475], [42.781261, 15.455715], [42.779959, 15.443183], [42.77768, 15.432807], [42.777192, 15.421942], [42.781261, 15.407904], [42.797374, 15.379706], [42.806895, 15.344306], [42.809093, 15.267768], [42.803071, 15.245185], [42.788097, 15.229722], [42.791677, 15.226304], [42.794607, 15.222602], [42.795909, 15.217353], [42.794932, 15.209296], [42.781993, 15.215074], [42.778575, 15.221625], [42.781261, 15.240302], [42.779145, 15.253323], [42.774262, 15.260443], [42.733735, 15.293891], [42.718516, 15.303127], [42.699392, 15.311672], [42.707856, 15.321519], [42.715099, 15.336982], [42.717621, 15.353461], [42.712413, 15.366278], [42.704275, 15.355455], [42.678233, 15.308295], [42.680675, 15.296047], [42.690929, 15.281236], [42.691905, 15.270697], [42.688731, 15.257025], [42.682628, 15.246487], [42.671723, 15.239651], [42.654633, 15.237209], [42.621349, 15.244696], [42.610118, 15.243598], [42.61671, 15.229722], [42.618012, 15.207506], [42.637706, 15.190863], [42.660411, 15.182563], [42.671397, 15.18537], [42.676931, 15.205797], [42.691417, 15.21426], [42.711274, 15.21426], [42.733409, 15.209296], [42.754731, 15.201809], [42.776703, 15.191392], [42.796886, 15.178697], [42.828949, 15.15176], [42.864024, 15.13642], [42.877452, 15.119859], [42.882335, 15.102484], [42.877452, 15.048529], [42.880138, 15.024848], [42.887218, 15.008205], [42.898123, 14.995266], [42.923595, 14.971422], [42.93214, 14.960842], [42.937266, 14.948472], [42.941661, 14.915351], [42.952322, 14.879543], [42.953136, 14.859198], [42.946788, 14.825873], [42.945649, 14.811428], [42.926606, 14.823228], [42.910411, 14.841376], [42.898285, 14.861762], [42.891124, 14.880316], [42.890961, 14.891425], [42.894054, 14.899319], [42.895763, 14.905992], [42.891124, 14.913804], [42.883311, 14.915513], [42.881602, 14.904608], [42.883637, 14.883694], [42.894542, 14.84748], [42.942231, 14.788886], [42.953136, 14.75373], [42.954112, 14.742662], [42.961681, 14.708564], [42.966563, 14.70185], [42.971446, 14.697008], [42.973806, 14.691881], [42.976817, 14.688381], [42.983653, 14.685126], [42.990489, 14.68008], [42.994802, 14.667914], [42.997325, 14.666205], [42.999848, 14.663316], [43.000987, 14.657172], [42.99879, 14.651272], [42.989513, 14.641059], [42.987315, 14.633857], [42.998057, 14.601508], [43.017589, 14.571234], [43.028656, 14.537991], [43.014008, 14.496772], [43.02003, 14.484605], [43.021983, 14.471096], [43.021495, 14.442084], [43.006114, 14.454779], [42.994151, 14.500474], [42.983653, 14.520331], [42.973481, 14.528469], [42.965994, 14.53026], [42.961192, 14.525377], [42.959321, 14.513495], [42.96339, 14.507758], [42.9817, 14.494778], [42.987315, 14.489244], [42.989919, 14.480211], [42.9935, 14.44831], [43.006114, 14.41942], [43.010997, 14.388414], [43.019054, 14.368354], [43.047563, 14.275508], [43.065917, 14.224865], [43.075792, 14.194759], [43.084253, 14.159187], [43.09552, 14.083956], [43.118067, 14.052492], [43.139193, 14.007348], [43.161717, 13.95399], [43.227306, 13.885443], [43.233165, 13.87637], [43.2435, 13.794338], [43.247895, 13.783677], [43.280935, 13.722113], [43.28533, 13.686591], [43.281993, 13.617133], [43.295177, 13.585598], [43.284516, 13.58039], [43.280284, 13.574123], [43.278494, 13.566596], [43.274669, 13.557603], [43.254242, 13.526557], [43.248302, 13.348944], [43.239594, 13.315131], [43.226329, 13.283881], [43.248871, 13.212714], [43.308849, 13.139309], [43.312999, 13.131252], [43.32252, 13.10578], [43.334727, 13.08218], [43.336192, 13.074408], [43.341807, 13.062649], [43.377126, 13.023179], [43.386404, 13.00727], [43.392914, 12.989691], [43.396821, 12.970852], [43.398204, 12.951158], [43.401378, 12.943427], [43.408458, 12.936957], [43.415538, 12.9289], [43.418712, 12.916449], [43.422618, 12.906195], [43.452891, 12.878607], [43.473155, 12.846625], [43.481944, 12.812079], [43.481212, 12.773424], [43.46225, 12.693345], [43.468028, 12.683905], [43.490733, 12.680609], [43.511729, 12.683173], [43.525564, 12.690375], [43.530772, 12.695502], [43.587738, 12.75137], [43.600597, 12.756293], [43.60963, 12.75434], [43.619395, 12.749579], [43.634613, 12.738674], [43.644054, 12.734565], [43.679454, 12.735256], [43.699474, 12.727851], [43.737804, 12.705756], [43.751475, 12.701117], [43.773774, 12.699408], [43.794688, 12.694892], [43.813487, 12.688381], [43.8296, 12.680609], [43.857758, 12.662543], [43.874197, 12.655463], [43.894786, 12.652655], [43.909434, 12.645331], [43.927094, 12.610175], [43.9463, 12.598049], [43.961436, 12.599595], [43.99171, 12.612128], [44.0171, 12.603705], [44.033702, 12.604315], [44.062348, 12.611721], [44.121349, 12.643378], [44.153494, 12.655951], [44.179698, 12.652655], [44.191173, 12.660468], [44.198009, 12.652248], [44.198416, 12.639065], [44.189952, 12.632148], [44.176117, 12.633246], [44.151622, 12.637885], [44.138031, 12.638983], [44.149425, 12.624986], [44.169119, 12.61815], [44.191173, 12.619127], [44.228526, 12.638658], [44.247325, 12.638983], [44.267345, 12.636786], [44.289561, 12.638983], [44.35434, 12.669338], [44.383474, 12.676337], [44.406993, 12.685248], [44.411794, 12.684027], [44.415538, 12.670152], [44.423513, 12.675971], [44.430837, 12.688178], [44.432953, 12.69359], [44.489919, 12.753485], [44.542817, 12.797309], [44.572765, 12.811591], [44.610606, 12.819566], [44.652354, 12.817939], [44.693614, 12.803453], [44.706879, 12.793647], [44.719249, 12.780097], [44.725597, 12.766506], [44.720958, 12.756293], [44.722911, 12.752346], [44.726736, 12.746527], [44.727794, 12.742011], [44.764903, 12.76557], [44.785167, 12.772284], [44.809744, 12.769965], [44.822602, 12.765082], [44.824962, 12.761623], [44.82488, 12.757025], [44.830821, 12.748847], [44.83961, 12.743476], [44.868337, 12.732123], [44.881358, 12.729885], [44.898285, 12.736762], [44.912771, 12.748196], [44.918956, 12.759426], [44.920909, 12.771389], [44.91627, 12.774888], [44.885427, 12.777981], [44.879405, 12.776435], [44.871837, 12.769965], [44.867442, 12.794827], [44.871593, 12.803534], [44.884776, 12.81094], [44.898285, 12.79621], [44.916759, 12.799465], [44.933116, 12.812649], [44.940115, 12.82803], [44.944591, 12.83397], [44.955089, 12.837063], [44.97755, 12.838202], [44.983653, 12.837144], [44.993012, 12.832465], [44.998057, 12.831448], [45.001231, 12.833482], [45.008311, 12.84512], [45.009288, 12.847561], [45.008474, 12.85224], [45.009288, 12.856676], [45.015147, 12.85871], [45.021495, 12.857164], [45.021495, 12.853461], [45.02003, 12.848944], [45.021983, 12.84512], [45.023285, 12.841051], [45.038585, 12.821234], [45.042491, 12.820868], [45.035167, 12.803656], [45.017751, 12.801744], [44.997406, 12.803453], [44.980968, 12.797309], [44.97934, 12.782294], [44.99464, 12.769192], [45.017751, 12.759833], [45.039317, 12.756293], [45.058604, 12.76203], [45.062022, 12.776557], [45.056651, 12.817125], [45.058767, 12.827135], [45.082286, 12.886623], [45.083995, 12.889472], [45.086599, 12.907294], [45.093191, 12.924709], [45.093761, 12.926256], [45.099457, 12.936184], [45.104503, 12.944892], [45.118175, 12.961737], [45.154063, 12.992133], [45.193533, 13.012681], [45.365245, 13.053697], [45.403005, 13.070136], [45.434093, 13.098334], [45.481456, 13.157538], [45.494151, 13.194648], [45.508474, 13.208686], [45.535899, 13.228664], [45.632091, 13.324897], [45.665782, 13.341986], [45.803477, 13.372016], [45.81544, 13.379543], [45.833751, 13.381334], [45.875743, 13.379462], [45.890473, 13.38231], [45.923188, 13.395453], [45.940603, 13.399359], [46.111339, 13.406806], [46.19752, 13.420478], [46.224132, 13.428697], [46.228689, 13.431057], [46.234548, 13.436347], [46.247813, 13.432115], [46.269542, 13.420478], [46.312999, 13.41356], [46.52003, 13.413031], [46.540212, 13.416897], [46.583507, 13.435126], [46.604747, 13.440904], [46.628266, 13.440823], [46.66391, 13.43008], [46.683849, 13.427232], [46.700694, 13.430325], [46.824229, 13.476304], [46.911876, 13.533271], [47.16684, 13.585598], [47.398204, 13.654853], [47.436046, 13.678046], [47.56422, 13.78913], [47.645681, 13.873196], [47.667247, 13.887193], [47.820974, 13.938463], [47.866547, 13.961656], [47.917328, 14.021389], [47.931163, 14.030585], [47.948578, 14.033393], [48.001638, 14.04914], [48.016856, 14.057278], [48.105968, 14.036038], [48.133556, 14.023139], [48.140391, 14.030585], [48.155284, 14.020209], [48.177582, 14.009182], [48.193614, 13.993394], [48.188731, 13.969143], [48.30421, 14.001899], [48.345714, 14.002631], [48.341156, 14.012397], [48.338227, 14.016303], [48.415375, 14.016832], [48.45045, 14.010647], [48.468761, 13.988959], [48.47755, 13.996731], [48.485525, 13.998481], [48.493826, 13.998969], [48.503429, 14.002631], [48.548106, 14.040513], [48.564789, 14.046047], [48.681488, 14.043606], [48.689301, 14.042426], [48.695811, 14.043606], [48.701834, 14.046698], [48.713715, 14.055406], [48.719493, 14.057278], [48.738292, 14.068183], [48.797618, 14.140448], [48.835297, 14.156236], [48.85255, 14.166978], [48.862966, 14.194648], [48.869884, 14.201361], [48.876964, 14.206732], [48.880138, 14.212104], [48.880382, 14.234605], [48.882335, 14.243232], [48.886974, 14.250312], [48.903494, 14.25849], [48.92156, 14.261868], [48.935802, 14.270453], [48.941661, 14.294379], [48.950531, 14.300605], [48.991547, 14.316881], [49.003673, 14.324774], [49.006033, 14.331204], [49.008556, 14.343004], [49.007986, 14.354438], [49.000255, 14.359565], [49.009939, 14.401109], [49.028087, 14.436347], [49.077973, 14.50609], [49.092784, 14.519599], [49.113536, 14.530219], [49.137055, 14.53266], [49.156749, 14.526109], [49.171886, 14.518256], [49.181895, 14.516588], [49.190196, 14.54857], [49.228852, 14.575263], [49.312755, 14.612779], [49.352061, 14.639797], [49.372406, 14.649807], [49.417817, 14.656928], [49.46046, 14.67357], [49.578136, 14.737291], [49.798595, 14.792182], [49.942149, 14.838772], [50.006033, 14.844387], [50.021007, 14.84927], [50.029796, 14.850287], [50.035818, 14.838935], [50.04184, 14.818264], [50.051768, 14.818752], [50.060395, 14.820217], [50.079356, 14.82567], [50.12143, 14.844224], [50.146251, 14.849799], [50.16505, 14.842475], [50.179535, 14.843329], [50.243826, 14.887152], [50.302257, 14.917467], [50.343028, 14.92475], [50.358246, 14.933336], [50.432384, 14.995429], [50.459483, 15.010443], [50.554047, 15.04857], [50.661469, 15.058498], [50.851329, 15.109931], [51.069835, 15.149644], [51.268809, 15.201809], [51.288422, 15.210273], [51.314464, 15.226711], [51.342459, 15.237698], [51.367849, 15.229722], [51.382009, 15.238023], [51.432465, 15.25967], [51.443614, 15.260199], [51.446544, 15.266425], [51.454275, 15.269517], [51.474294, 15.270697], [51.498302, 15.298041], [51.513438, 15.308051], [51.530528, 15.31684], [51.54949, 15.322984], [51.655284, 15.33275], [51.676443, 15.340277], [51.676524, 15.346991], [51.667735, 15.357652], [51.66212, 15.377143], [51.667247, 15.391425], [51.679942, 15.403469], [51.7588, 15.445624], [51.809418, 15.455756], [51.816661, 15.459418], [51.829275, 15.468695], [51.838715, 15.466295], [51.846528, 15.45954], [51.853852, 15.455715], [51.859874, 15.453315], [51.865408, 15.4501], [51.868663, 15.451565], [51.868175, 15.463121], [51.869395, 15.463772], [51.871837, 15.463772], [51.874197, 15.465033], [51.875011, 15.469387], [51.874197, 15.491523], [51.913097, 15.515326], [51.99171, 15.545071], [52.001638, 15.547268], [52.016938, 15.548651], [52.025727, 15.551215], [52.031505, 15.555813], [52.038748, 15.563137], [52.04713, 15.570014], [52.198985, 15.611477], [52.220714, 15.613959], [52.228363, 15.616116], [52.233572, 15.621772], [52.236583, 15.62934], [52.237478, 15.637519], [52.238536, 15.642524], [52.243826, 15.651557], [52.244884, 15.657701], [52.242849, 15.663479], [52.238292, 15.668647], [52.231212, 15.67475], [52.221446, 15.716986], [52.217052, 15.760728], [52.225271, 15.831936], [52.224376, 15.846747], [52.19158, 15.862982], [52.175466, 15.877916], [52.186534, 15.919094], [52.177419, 15.942369], [52.163422, 15.964789], [52.155528, 15.983873], [52.160004, 16.002102], [52.184093, 16.029446], [52.194347, 16.070299], [52.216807, 16.09516], [52.224376, 16.113593], [52.222667, 16.1164], [52.219574, 16.125963], [52.217052, 16.138088], [52.217052, 16.148383], [52.221446, 16.160875], [52.228689, 16.171942], [52.261404, 16.20897], [52.27947, 16.243883], [52.292735, 16.263821], [52.318614, 16.291164], [52.420421, 16.371243], [52.532563, 16.447252], [52.597667, 16.476711], [52.736827, 16.511949], [52.752126, 16.518297], [52.788829, 16.5397], [52.809093, 16.548326], [52.851085, 16.556138], [52.885265, 16.575426], [52.909923, 16.583075], [52.921153, 16.591132], [52.940278, 16.610175], [52.950531, 16.615627], [52.962169, 16.616278], [52.973888, 16.618313], [52.984874, 16.62816], [53.021821, 16.619452], [53.069184, 16.631822], [53.090017, 16.642239], [53.090343, 16.642401], [53.175304, 16.684516], [53.338634, 16.734809], [53.423025, 16.746812], [53.582693, 16.749945], [53.615408, 16.75788], [53.650564, 16.773179], [53.669281, 16.784084], [53.677501, 16.795111], [53.687022, 16.813625], [53.709321, 16.836005], [53.73463, 16.856147], [53.753184, 16.867743], [53.771332, 16.862616], [53.792003, 16.870307], [53.812673, 16.881781], [53.83074, 16.887641], [53.850352, 16.889146], [53.910167, 16.901272], [53.955903, 16.903876], [53.98113, 16.908759], [53.992198, 16.919257], [53.995372, 16.92536], [54.009451, 16.937445], [54.012706, 16.94599], [54.011404, 16.953681], [54.009288, 16.960924], [54.008962, 16.968655], [54.012706, 16.977607], [54.023448, 16.985338], [54.067556, 17.006741], [54.084972, 17.011135], [54.164073, 17.011135], [54.350352, 17.031684], [54.360118, 17.029608], [54.369477, 17.024807], [54.389985, 17.039455], [54.414561, 17.037828], [54.461681, 17.024807], [54.467621, 17.026679], [54.488536, 17.03559], [54.499278, 17.038479], [54.51238, 17.038398], [54.547699, 17.031643], [54.559744, 17.032701], [54.580333, 17.03734], [54.592052, 17.038479], [54.60434, 17.036322], [54.633149, 17.026923], [54.674083, 17.019761], [54.685313, 17.006903], [54.689789, 16.989325], [54.697927, 16.97016], [54.705333, 16.977607], [54.739431, 16.956488], [54.750743, 16.960517], [54.769054, 16.957913], [54.780528, 16.963935], [54.79184, 16.951402], [54.808442, 16.951483], [54.841807, 16.963935], [54.882823, 16.969062], [54.901378, 16.974921], [54.917003, 16.990668], [54.931326, 16.987128], [54.945079, 16.989976], [54.959646, 16.994859], [54.975352, 16.997463], [54.98699, 17.005357], [54.999197, 17.01968], [55.010916, 17.026272], [55.020681, 17.011135], [55.026866, 17.011135], [55.071788, 17.042182], [55.112559, 17.086859], [55.124766, 17.092475], [55.132986, 17.105048], [55.138438, 17.118883], [55.143565, 17.127834], [55.158865, 17.13581], [55.18922, 17.144761], [55.198741, 17.155748], [55.195486, 17.160834], [55.205089, 17.176215], [55.209321, 17.193549], [55.213145, 17.202094], [55.219249, 17.210395], [55.228526, 17.216132], [55.254731, 17.228705], [55.260265, 17.23428], [55.265147, 17.247056], [55.264822, 17.254788], [55.256847, 17.258205], [55.250662, 17.263617], [55.249522, 17.276109], [55.251231, 17.289984], [55.253429, 17.29914], [55.2942, 17.352118], [55.301117, 17.371161], [55.300792, 17.416815], [55.293224, 17.43769], [55.273774, 17.457424], [55.240082, 17.475165], [55.229503, 17.488593], [55.225434, 17.515448], [55.228201, 17.538764], [55.235037, 17.558824], [55.263194, 17.607733], [55.355724, 17.681586], [55.369477, 17.696357], [55.373383, 17.703315], [55.388682, 17.744289], [55.393077, 17.752143], [55.40797, 17.768704], [55.417328, 17.785224], [55.431651, 17.824652], [55.44516, 17.84101], [55.453949, 17.845404], [55.486827, 17.85399], [55.488292, 17.853461], [55.506602, 17.85399], [55.512869, 17.857489], [55.517345, 17.86225], [55.522472, 17.866441], [55.530528, 17.868313], [55.552908, 17.870266], [55.653494, 17.895331], [55.909434, 17.906643], [55.946056, 17.915473], [56.010753, 17.940375], [56.031098, 17.943427], [56.116222, 17.936591], [56.138357, 17.940579], [56.168224, 17.954088], [56.188487, 17.957099], [56.3449, 17.937812], [56.356293, 17.940009], [56.354991, 17.962307], [56.357677, 17.969794], [56.404145, 18.01911], [56.411306, 18.023179], [56.425629, 18.027411], [56.431977, 18.032172], [56.462576, 18.084418], [56.484141, 18.096503], [56.527599, 18.114691], [56.547211, 18.129706], [56.56129, 18.149237], [56.563731, 18.170233], [56.548839, 18.189846], [56.600597, 18.305406], [56.60963, 18.34748], [56.60963, 18.389065], [56.612315, 18.399604], [56.621267, 18.419582], [56.626638, 18.435858], [56.641124, 18.454901], [56.644298, 18.467597], [56.643403, 18.479193], [56.636892, 18.511949], [56.641124, 18.559272], [56.659679, 18.595364], [56.766449, 18.696845], [56.77475, 18.70718], [56.784679, 18.728583], [56.807791, 18.745592], [56.850352, 18.765815], [56.91505, 18.810289], [57.083751, 18.87637], [57.20753, 18.90998], [57.445323, 18.945339], [57.501475, 18.953681], [57.709727, 18.943996], [57.719412, 18.946926], [57.731944, 18.953803], [57.742849, 18.961859], [57.747325, 18.967841], [57.752289, 18.973049], [57.79713, 18.979234], [57.801117, 18.980658], [57.815684, 18.991767], [57.840099, 19.015326], [57.839854, 19.029975], [57.802013, 19.094794], [57.802989, 19.115139], [57.81186, 19.156887], [57.805675, 19.173], [57.780528, 19.201117], [57.770844, 19.216946], [57.750662, 19.268052], [57.748302, 19.291002], [57.752208, 19.311591], [57.769054, 19.357611], [57.773774, 19.38288], [57.773936, 19.409654], [57.767833, 19.437445], [57.760265, 19.454088], [57.711762, 19.529486], [57.704438, 19.548733], [57.706554, 19.568834], [57.713878, 19.595038], [57.718923, 19.607978], [57.720551, 19.622626], [57.719981, 19.653062], [57.716807, 19.666815], [57.709239, 19.676744], [57.70045, 19.685981], [57.69337, 19.697455], [57.68922, 19.728176], [57.698904, 19.754381], [57.762055, 19.842963], [57.773692, 19.867865], [57.790375, 19.924018], [57.81365, 19.976996], [57.815684, 20.006578], [57.816254, 20.020738], [57.831716, 20.075344], [57.847992, 20.111762], [57.84197, 20.136054], [57.823009, 20.176663], [57.823741, 20.201077], [57.833507, 20.218329], [57.8449, 20.231187], [57.850352, 20.242418], [57.85613, 20.260647], [57.870453, 20.277045], [57.888438, 20.290717], [57.90504, 20.300767], [57.948741, 20.317572], [57.966563, 20.330227], [57.973888, 20.352281], [57.970714, 20.361884], [57.956554, 20.376939], [57.95338, 20.38642], [57.955821, 20.399563], [57.962087, 20.410875], [57.970714, 20.42121], [57.994395, 20.442288], [58.012462, 20.453437], [58.030772, 20.4619], [58.055349, 20.467231], [58.067638, 20.47248], [58.075857, 20.480048], [58.07309, 20.489163], [58.06658, 20.499823], [58.067231, 20.511054], [58.084483, 20.558051], [58.090831, 20.56684], [58.103526, 20.575141], [58.144216, 20.585191], [58.17628, 20.604722], [58.20574, 20.613349], [58.234874, 20.615668], [58.255138, 20.60928], [58.264171, 20.587633], [58.261567, 20.558092], [58.251313, 20.529202], [58.238048, 20.509345], [58.228282, 20.488837], [58.238455, 20.443834], [58.23463, 20.423651], [58.224783, 20.43183], [58.217296, 20.441555], [58.213227, 20.452704], [58.21339, 20.465277], [58.200531, 20.424384], [58.202891, 20.404731], [58.224294, 20.396389], [58.244151, 20.394232], [58.279633, 20.384833], [58.284516, 20.381985], [58.278656, 20.377387], [58.275564, 20.368476], [58.29005, 20.371405], [58.313813, 20.380805], [58.326427, 20.382717], [58.359141, 20.381578], [58.372569, 20.377387], [58.391612, 20.368476], [58.417654, 20.359605], [58.445811, 20.358629], [58.467459, 20.369534], [58.474132, 20.396389], [58.483572, 20.404202], [58.497081, 20.410793], [58.510427, 20.415229], [58.518565, 20.416815], [58.521495, 20.424384], [58.526866, 20.457709], [58.532481, 20.465277], [58.531261, 20.481391], [58.545095, 20.516425], [58.570486, 20.564276], [58.573253, 20.590644], [58.580821, 20.618476], [58.591807, 20.643948], [58.604503, 20.663275], [58.615408, 20.672431], [58.637462, 20.684394], [58.645356, 20.691148], [58.653331, 20.705268], [58.660899, 20.732327], [58.666515, 20.746405], [58.672699, 20.746405], [58.681814, 20.735907], [58.69988, 20.74079], [58.71811, 20.753648], [58.728038, 20.766913], [58.72934, 20.786811], [58.71811, 20.780829], [58.701345, 20.766018], [58.686534, 20.759467], [58.676443, 20.76439], [58.667654, 20.772284], [58.661469, 20.781643], [58.659028, 20.790839], [58.661306, 20.796332], [58.665782, 20.801581], [58.672699, 20.807847], [58.673839, 20.808173], [58.681488, 20.826483], [58.680349, 20.828355], [58.722179, 20.848049], [58.739024, 20.86225], [58.734874, 20.883002], [58.792979, 20.927395], [58.798839, 20.936021], [58.801931, 20.946234], [58.804454, 20.981594], [58.807872, 20.99079], [58.838552, 21.044501], [58.854259, 21.065619], [58.867931, 21.074774], [58.878103, 21.083808], [58.9192, 21.143704], [59.054373, 21.277086], [59.16627, 21.362779], [59.195323, 21.379096], [59.336192, 21.43773], [59.344249, 21.444729], [59.347504, 21.453559], [59.354991, 21.485663], [59.448578, 21.624905], [59.467621, 21.666409], [59.497895, 21.756334], [59.576996, 21.856269], [59.593435, 21.892768], [59.605642, 21.910224], [59.645274, 21.925849], [59.65504, 21.945746], [59.659679, 21.994045], [59.677989, 22.041897], [59.680675, 22.06509], [59.688162, 22.082709], [59.704926, 22.099555], [59.734711, 22.123114], [59.791759, 22.198065], [59.811778, 22.237372], [59.82488, 22.281399], [59.844574, 22.445258], [59.839366, 22.475287], [59.82488, 22.508857], [59.803233, 22.534735], [59.776378, 22.541449], [59.756358, 22.538479], [59.745779, 22.538235], [59.741547, 22.524726], [59.756033, 22.509426], [59.762543, 22.498603], [59.758962, 22.493638], [59.752778, 22.494208], [59.746104, 22.495592], [59.739757, 22.497789], [59.734711, 22.500474], [59.728038, 22.507636], [59.727224, 22.513577], [59.728363, 22.518134], [59.728526, 22.520982], [59.725841, 22.526109], [59.723969, 22.536811], [59.721202, 22.541449], [59.715668, 22.542914], [59.699962, 22.54092], [59.693858, 22.541449], [59.653494, 22.569729], [59.626801, 22.57982], [59.549815, 22.555121], [59.535167, 22.55386], [59.523123, 22.555121], [59.515798, 22.56151], [59.515636, 22.575588], [59.521983, 22.57217], [59.530447, 22.570054], [59.536469, 22.572577], [59.535492, 22.583075], [59.529796, 22.587877], [59.506847, 22.600084], [59.483897, 22.618842], [59.452485, 22.634101], [59.410655, 22.670844], [59.397227, 22.686103], [59.391612, 22.702216], [59.351817, 22.761176], [59.315684, 22.779486], [59.297537, 22.792711], [59.289806, 22.812079], [59.286143, 22.826483], [59.250011, 22.912014], [59.23227, 22.94302], [59.20753, 22.970364], [59.173676, 22.993964], [59.120453, 23.022773], [59.09254, 23.043647], [59.087901, 23.048407], [59.083669, 23.055365], [59.077891, 23.08515], [59.073741, 23.093248], [59.010102, 23.153306], [59.00172, 23.212388], [58.986501, 23.232489], [58.956228, 23.259426], [58.946544, 23.275092], [58.929454, 23.318101], [58.915212, 23.336086], [58.879161, 23.351264], [58.820567, 23.40176], [58.807628, 23.421129], [58.797374, 23.466783], [58.789399, 23.480618], [58.792979, 23.495673], [58.786143, 23.512112], [58.762055, 23.54206], [58.749522, 23.536444], [58.746349, 23.537665], [58.740977, 23.54206], [58.736013, 23.53266], [58.734874, 23.528388], [58.728038, 23.528388], [58.726817, 23.536078], [58.724946, 23.540107], [58.722911, 23.543402], [58.720551, 23.548814], [58.714366, 23.535142], [58.706879, 23.535142], [58.702403, 23.542955], [58.694591, 23.551418], [58.680349, 23.562486], [58.674001, 23.563951], [58.66684, 23.56391], [58.661306, 23.563137], [58.659028, 23.562486], [58.655528, 23.565741], [58.651541, 23.570543], [58.647146, 23.574897], [58.6421, 23.576809], [58.633311, 23.585273], [58.613292, 23.625067], [58.604503, 23.6376], [58.584158, 23.646959], [58.561371, 23.651109], [58.518565, 23.651923], [58.499522, 23.656887], [58.490896, 23.656562], [58.483653, 23.638129], [58.474864, 23.631537], [58.452973, 23.623969], [58.411957, 23.616197], [58.363536, 23.615546], [58.317231, 23.620917], [58.2824, 23.631415], [58.264171, 23.644843], [58.227387, 23.679145], [58.210297, 23.685981], [58.193207, 23.689358], [58.131602, 23.713324], [58.086762, 23.722113], [58.043142, 23.724555], [57.912771, 23.717841], [57.887706, 23.720852], [57.859223, 23.734076], [57.834972, 23.740058], [57.824392, 23.747626], [57.795746, 23.782213], [57.777354, 23.785956], [57.709727, 23.782213], [57.686778, 23.783352], [57.645193, 23.790432], [57.586436, 23.80744], [57.509613, 23.839097], [57.326345, 23.884019], [57.184255, 23.934272], [57.151541, 23.953559], [57.058279, 24.023098], [56.939464, 24.115912], [56.841075, 24.223822], [56.832286, 24.252509], [56.82309, 24.271145], [56.801443, 24.302965], [56.692149, 24.425238], [56.63559, 24.471381], [56.611176, 24.496324], [56.4935, 24.700181], [56.486827, 24.741848], [56.480317, 24.765123], [56.469574, 24.775336], [56.405447, 24.897284], [56.383311, 24.978217], [56.36199, 25.057278], [56.362234, 25.068264], [56.365977, 25.209215], [56.375255, 25.252753], [56.378429, 25.28262], [56.38266, 25.302232], [56.383637, 25.313463], [56.382986, 25.321275], [56.382498, 25.32685], [56.379161, 25.334621], [56.374685, 25.341213], [56.369965, 25.351304], [56.360199, 25.367255], [56.359223, 25.37641], [56.366954, 25.388861], [56.368337, 25.396308], [56.365001, 25.423163], [56.36378, 25.433254], [56.369965, 25.525702], [56.347992, 25.593085], [56.340017, 25.60456], [56.323253, 25.607815], [56.300304, 25.616156], [56.279063, 25.627427], [56.273774, 25.639309], [56.266612, 25.672593], [56.273774, 25.709133], [56.287934, 25.741604], [56.301768, 25.762885], [56.301768, 25.741767], [56.316254, 25.749579], [56.327403, 25.762397], [56.344005, 25.789537], [56.36378, 25.806871], [56.362641, 25.830634], [56.36378, 25.837958], [56.37615, 25.85928], [56.392589, 25.880439], [56.399425, 25.90233], [56.383637, 25.926093], [56.393321, 25.935858], [56.407888, 25.937405], [56.424164, 25.933173], [56.438975, 25.926093], [56.442638, 25.939276], [56.445486, 25.94245], [56.453298, 25.94717], [56.431163, 25.952704], [56.42213, 25.95661], [56.418305, 25.963935], [56.40504, 25.980455], [56.400401, 25.990465], [56.42335, 26.004625], [56.422862, 26.023139], [56.408865, 26.034369], [56.383637, 26.022284], [56.380138, 26.038235], [56.389171, 26.047105], [56.418305, 26.057074], [56.449229, 26.073554], [56.464366, 26.085354], [56.472992, 26.098619], [56.383311, 26.09748], [56.36378, 26.104885], [56.368337, 26.114895], [56.371104, 26.127834], [56.370128, 26.139472], [56.36378, 26.145819], [56.353038, 26.142646], [56.344737, 26.131822], [56.335948, 26.11164], [56.331716, 26.124213], [56.329763, 26.137112], [56.330903, 26.149319], [56.335948, 26.160102], [56.328787, 26.172838], [56.343598, 26.191392], [56.368419, 26.204535], [56.391124, 26.201077], [56.383637, 26.198065], [56.378917, 26.192532], [56.376964, 26.184394], [56.377452, 26.173733], [56.383149, 26.176988], [56.398285, 26.183417], [56.404145, 26.186754], [56.404959, 26.1706], [56.412446, 26.158433], [56.424571, 26.153795], [56.438975, 26.160102], [56.447765, 26.153144], [56.457367, 26.148424], [56.46811, 26.145982], [56.479828, 26.145819], [56.472911, 26.164008], [56.459727, 26.174262], [56.444591, 26.182359], [56.431977, 26.194241], [56.435395, 26.200141], [56.43686, 26.205268], [56.435802, 26.211615], [56.431977, 26.221503], [56.443044, 26.220445], [56.453298, 26.221503], [56.459646, 26.202094], [56.468761, 26.205512], [56.487315, 26.235175], [56.476248, 26.249172], [56.465343, 26.24726], [56.454926, 26.239325], [56.445811, 26.235175], [56.432302, 26.239447], [56.420909, 26.247626], [56.398611, 26.268704], [56.407237, 26.27912], [56.407481, 26.284857], [56.406261, 26.284898], [56.422862, 26.294623], [56.45281, 26.318345], [56.469574, 26.32392], [56.494965, 26.32274], [56.508962, 26.323717], [56.511078, 26.333482], [56.500987, 26.35871], [56.479828, 26.351874], [56.481781, 26.347357], [56.485199, 26.335883], [56.487315, 26.331366], [56.474376, 26.330797], [56.462169, 26.331855], [56.438975, 26.337592], [56.431895, 26.342963], [56.426931, 26.349595], [56.421072, 26.352118], [56.411632, 26.345038], [56.408702, 26.352362], [56.406505, 26.354804], [56.406912, 26.357367], [56.411632, 26.364936], [56.404145, 26.372301], [56.399099, 26.367906], [56.383637, 26.35871], [56.369965, 26.385972], [56.36378, 26.385972], [56.360525, 26.371283], [56.361827, 26.349514], [56.356293, 26.337592], [56.344005, 26.32392], [56.338145, 26.320705], [56.332042, 26.320746], [56.326508, 26.318915], [56.322276, 26.309638], [56.333995, 26.306138], [56.34783, 26.297431], [56.35906, 26.28734], [56.36378, 26.279527], [56.358409, 26.26496], [56.345225, 26.269232], [56.315929, 26.290432], [56.315929, 26.274644], [56.308279, 26.232611], [56.308442, 26.221503], [56.319591, 26.217922], [56.331309, 26.223456], [56.341156, 26.232327], [56.346853, 26.238593], [56.355724, 26.243394], [56.367849, 26.244086], [56.38738, 26.242011], [56.394542, 26.239163], [56.402354, 26.232082], [56.406912, 26.223131], [56.404145, 26.214748], [56.397472, 26.213853], [56.366954, 26.221503], [56.356293, 26.219143], [56.329112, 26.201077], [56.317393, 26.200629], [56.308849, 26.204739], [56.301931, 26.205308], [56.294932, 26.194241], [56.29184, 26.211859], [56.279959, 26.22309], [56.266856, 26.227484], [56.260753, 26.224595], [56.255544, 26.218085], [56.229503, 26.216783], [56.2199, 26.207831], [56.212413, 26.207831], [56.216807, 26.222113], [56.2199, 26.227729], [56.208263, 26.244045], [56.209158, 26.257554], [56.208263, 26.263088], [56.191905, 26.255072], [56.181814, 26.245998], [56.157725, 26.201077], [56.091482, 26.106513], [56.082042, 26.070705], [56.077485, 26.061347], [56.077403, 26.061062], [56.073253, 26.052314], [56.055349, 25.988756], [56.033702, 25.946438], [56.007579, 25.906887], [56.016938, 25.910468], [56.024669, 25.916449], [56.03061, 25.924262], [56.03419, 25.933539], [56.041026, 25.933539], [56.036876, 25.915107], [56.030772, 25.900865], [56.023204, 25.889228], [56.014415, 25.878852], [55.972341, 25.842841], [55.965994, 25.834215], [55.963715, 25.815375], [55.954438, 25.787095], [55.952322, 25.772121], [55.948497, 25.768948], [55.941254, 25.770697], [55.937185, 25.776679], [55.947439, 25.794094], [55.953787, 25.814602], [55.959727, 25.823676], [55.932465, 25.802558], [55.878103, 25.740058], [55.842459, 25.713813], [55.812836, 25.706529], [55.80836, 25.704169], [55.803477, 25.697414], [55.792247, 25.692043], [55.779552, 25.688422], [55.770518, 25.687161], [55.759532, 25.679674], [55.733897, 25.646796], [55.699474, 25.634711], [55.683442, 25.623521], [55.656912, 25.597724], [55.648123, 25.583157], [55.632579, 25.544176], [55.626313, 25.536322], [55.605154, 25.532945], [55.583344, 25.526842], [55.563731, 25.523749], [55.548188, 25.529486], [55.542247, 25.542548], [55.548595, 25.554877], [55.559581, 25.568305], [55.568126, 25.584662], [55.551036, 25.578599], [55.535655, 25.562405], [55.524669, 25.542629], [55.520274, 25.525702], [55.513357, 25.508857], [55.500499, 25.492987], [55.494151, 25.48078], [55.506602, 25.47484], [55.495616, 25.466132], [55.486095, 25.449937], [55.472504, 25.412787], [55.465668, 25.419623], [55.461192, 25.407375], [55.455333, 25.399888], [55.449555, 25.400621], [55.44516, 25.412787], [55.438975, 25.412787], [55.407237, 25.372748], [55.387055, 25.357082], [55.376964, 25.364976], [55.365489, 25.358588], [55.359386, 25.348578], [55.358653, 25.336575], [55.363292, 25.324042], [55.348155, 25.324774], [55.339366, 25.321438], [55.309255, 25.291734], [55.303722, 25.283026], [55.306407, 25.275051], [55.326508, 25.241197], [55.334239, 25.219224], [55.328868, 25.201483], [55.301117, 25.193671], [55.31422, 25.212063], [55.31837, 25.225287], [55.313324, 25.238918], [55.29835, 25.25849], [55.2824, 25.260688], [55.263357, 25.24494], [55.264171, 25.231187], [55.259044, 25.215277], [55.156912, 25.096747], [55.082286, 25.016832], [55.077647, 25.02025], [55.044607, 25.013902], [55.049978, 24.993394], [55.022227, 24.978827], [55.017996, 24.976508], [55.015798, 24.975328], [55.014008, 24.974351], [55.010753, 24.972602], [55.00587, 24.969916], [55.003347, 24.969143], [54.99936, 24.967963], [54.994965, 24.966661], [54.992849, 24.96601], [54.96811, 24.958645], [54.94809, 24.946438], [54.917735, 24.920885], [54.868826, 24.888658], [54.76002, 24.830552], [54.773611, 24.814765], [54.768565, 24.801459], [54.754161, 24.792426], [54.739431, 24.789618], [54.737804, 24.79092], [54.707042, 24.8039], [54.701345, 24.798285], [54.696544, 24.788886], [54.691661, 24.782172], [54.652517, 24.758002], [54.643321, 24.748684], [54.640473, 24.732611], [54.648285, 24.725328], [54.655528, 24.721096], [54.650157, 24.713853], [54.654796, 24.700995], [54.657725, 24.688381], [54.661876, 24.678127], [54.670584, 24.672309], [54.670584, 24.666083], [54.65211, 24.658393], [54.646332, 24.644232], [54.643403, 24.630561], [54.632986, 24.624498], [54.615896, 24.621161], [54.612153, 24.613227], [54.619802, 24.604315], [54.636404, 24.597805], [54.598888, 24.528957], [54.593761, 24.525824], [54.585134, 24.511949], [54.581798, 24.50845], [54.573253, 24.508979], [54.551768, 24.515326], [54.540294, 24.515855], [54.555186, 24.504584], [54.56129, 24.501614], [54.537446, 24.49844], [54.512869, 24.515286], [54.4935, 24.542304], [54.485606, 24.569892], [54.47877, 24.569892], [54.465831, 24.554348], [54.462413, 24.545356], [54.465099, 24.535102], [54.457042, 24.541897], [54.453624, 24.550198], [54.451915, 24.556545], [54.441661, 24.545722], [54.429373, 24.538275], [54.417328, 24.535102], [54.417328, 24.528957], [54.440684, 24.523912], [54.499278, 24.487942], [54.526052, 24.482856], [54.552501, 24.481635], [54.5713, 24.473334], [54.574392, 24.446967], [54.568126, 24.446967], [54.558604, 24.457709], [54.544281, 24.463568], [54.528331, 24.467963], [54.513438, 24.474311], [54.516856, 24.462388], [54.533946, 24.445258], [54.540294, 24.432685], [54.525727, 24.435207], [54.50115, 24.445624], [54.485606, 24.446967], [54.485606, 24.439521], [54.490001, 24.438381], [54.499278, 24.432685], [54.483165, 24.425116], [54.479991, 24.413398], [54.485606, 24.388332], [54.445974, 24.316148], [54.427257, 24.292141], [54.390147, 24.265855], [54.382579, 24.254584], [54.34197, 24.269761], [54.323009, 24.270657], [54.314952, 24.258246], [54.305919, 24.256781], [54.252778, 24.221096], [54.187022, 24.203599], [54.177094, 24.196194], [54.170095, 24.181098], [54.153656, 24.165269], [54.135427, 24.152045], [54.122569, 24.144721], [54.112071, 24.141791], [54.081554, 24.137885], [54.055186, 24.12641], [54.03419, 24.122748], [54.014334, 24.113267], [53.951182, 24.103746], [53.889822, 24.07331], [53.878917, 24.064846], [53.85377, 24.061998], [53.732107, 24.06273], [53.722423, 24.06509], [53.712413, 24.068834], [53.70281, 24.070502], [53.694591, 24.066474], [53.687836, 24.062079], [53.656993, 24.048529], [53.648936, 24.05036], [53.639415, 24.054755], [53.629161, 24.057034], [53.612071, 24.048977], [53.601085, 24.047187], [53.58961, 24.047065], [53.581309, 24.048529], [53.574392, 24.054389], [53.561534, 24.072577], [53.557384, 24.076402], [53.548188, 24.078762], [53.537446, 24.084296], [53.519298, 24.096869], [53.507823, 24.091539], [53.493012, 24.090644], [53.47877, 24.093695], [53.468272, 24.100328], [53.4546, 24.114407], [53.445811, 24.119818], [53.437022, 24.119818], [53.309093, 24.095771], [53.253754, 24.098782], [53.245616, 24.104153], [53.231781, 24.124823], [53.215587, 24.141547], [53.19158, 24.15941], [53.165294, 24.170315], [53.142426, 24.165839], [53.145356, 24.153062], [53.145763, 24.14175], [53.149669, 24.132229], [53.163422, 24.124823], [53.146495, 24.121324], [53.127696, 24.130683], [53.107188, 24.137885], [53.067231, 24.121894], [53.048839, 24.12995], [53.019542, 24.152167], [53.017589, 24.154364], [53.014822, 24.158433], [53.010997, 24.162787], [53.00587, 24.165839], [52.999766, 24.165676], [52.998302, 24.161363], [52.996918, 24.155911], [52.992198, 24.152167], [52.956716, 24.139635], [52.947113, 24.137885], [52.86199, 24.144721], [52.854747, 24.146674], [52.84783, 24.149604], [52.839203, 24.152004], [52.827647, 24.152167], [52.816905, 24.149319], [52.795421, 24.139879], [52.782725, 24.137885], [52.760997, 24.140611], [52.720063, 24.151516], [52.697439, 24.152167], [52.68865, 24.148586], [52.685395, 24.143459], [52.681326, 24.140815], [52.670095, 24.144721], [52.634125, 24.189887], [52.618419, 24.203681], [52.600271, 24.20954], [52.58074, 24.199368], [52.577973, 24.187445], [52.577647, 24.169013], [52.574555, 24.152086], [52.56365, 24.144721], [52.550059, 24.141059], [52.532481, 24.131822], [52.514985, 24.119818], [52.501801, 24.107489], [52.48699, 24.096625], [52.456554, 24.084662], [52.450938, 24.07331], [52.444184, 24.06269], [52.428071, 24.052639], [52.408865, 24.045233], [52.392345, 24.042304], [52.378103, 24.037991], [52.364757, 24.027899], [52.35255, 24.016343], [52.341075, 24.007514], [52.32781, 24.003852], [52.295909, 24.00373], [52.279063, 24.00137], [52.240977, 23.979641], [52.224376, 23.974026], [52.206309, 23.973131], [52.188243, 23.97427], [52.171072, 23.973375], [52.155528, 23.966539], [52.145518, 23.971991], [52.13559, 23.966539], [52.117931, 23.970893], [52.075694, 23.963813], [52.067393, 23.963446], [52.036388, 23.977118], [52.023936, 23.98786], [52.016938, 23.989691], [52.01002, 23.98786], [51.952891, 23.990912], [51.931407, 23.987982], [51.93336, 23.977118], [51.939138, 23.969184], [51.936371, 23.964748], [51.928722, 23.964748], [51.919688, 23.970364], [51.902517, 23.985663], [51.893565, 23.990383], [51.881847, 23.993883], [51.833263, 23.99494], [51.809418, 24.000678], [51.799164, 24.018378], [51.79713, 24.028225], [51.787771, 24.04857], [51.785655, 24.059312], [51.786794, 24.093004], [51.785655, 24.103746], [51.773448, 24.153225], [51.771983, 24.176337], [51.782237, 24.240383], [51.77947, 24.26203], [51.7588, 24.290513], [51.740082, 24.277533], [51.720876, 24.234687], [51.724864, 24.232571], [51.723643, 24.227769], [51.718272, 24.22309], [51.709809, 24.221096], [51.700694, 24.22191], [51.695974, 24.224351], [51.689301, 24.234687], [51.679373, 24.265774], [51.672618, 24.278062], [51.662934, 24.232815], [51.648692, 24.218573], [51.634451, 24.226874], [51.62794, 24.26203], [51.62794, 24.319729], [51.62379, 24.339342], [51.602387, 24.367906], [51.593761, 24.384914], [51.573985, 24.364447], [51.591645, 24.328599], [51.590668, 24.28441], [51.569347, 24.256171], [51.526134, 24.268256], [51.496918, 24.298285], [51.479015, 24.310858], [51.412852, 24.323472], [51.397797, 24.321519], [51.38852, 24.316555], [51.380138, 24.309963], [51.367849, 24.302965], [51.344981, 24.297797], [51.282237, 24.302965], [51.278819, 24.307766], [51.277843, 24.318996], [51.278575, 24.340522], [51.280447, 24.343573], [51.285167, 24.344468], [51.295909, 24.34394], [51.299653, 24.34634], [51.299978, 24.351996], [51.299083, 24.35871], [51.299571, 24.364447], [51.302257, 24.37401], [51.304373, 24.396186], [51.306407, 24.405992], [51.311371, 24.414862], [51.324229, 24.431301], [51.326915, 24.436103], [51.336192, 24.447943], [51.395274, 24.487942], [51.39975, 24.494574], [51.404796, 24.507758], [51.409516, 24.515855], [51.432302, 24.538764], [51.436209, 24.538804], [51.443696, 24.554755], [51.461436, 24.563463], [51.482107, 24.569241], [51.498302, 24.576117], [51.498302, 24.583564], [51.483084, 24.59219], [51.46754, 24.592353], [51.455333, 24.594184], [51.45045, 24.607408], [51.443858, 24.619696], [51.428396, 24.62287], [51.410004, 24.624335], [51.395274, 24.631334], [51.395844, 24.608344], [51.38795, 24.597073], [51.375173, 24.589097], [51.361095, 24.576117], [51.333669, 24.53205], [51.320079, 24.522691], [51.302419, 24.517157], [51.29656, 24.521918], [51.299571, 24.55622], [51.296886, 24.558092], [51.292247, 24.567816], [51.290294, 24.578518], [51.295909, 24.583564], [51.302419, 24.586615], [51.306326, 24.594062], [51.307465, 24.603095], [51.306407, 24.610826], [51.295177, 24.602607], [51.286388, 24.608385], [51.278168, 24.618883], [51.268809, 24.624498], [51.217621, 24.617662], [51.215261, 24.625841], [51.214854, 24.627183], [51.212576, 24.633694], [51.220958, 24.644232], [51.23699, 24.650051], [51.254568, 24.651801], [51.267914, 24.656195], [51.278087, 24.662991], [51.284434, 24.662502], [51.285981, 24.645006], [51.321137, 24.648179], [51.339122, 24.646186], [51.346853, 24.635077], [51.341645, 24.614691], [51.332693, 24.598863], [51.328949, 24.584784], [51.340587, 24.569892], [51.349783, 24.583808], [51.363536, 24.59634], [51.37615, 24.611884], [51.381521, 24.635077], [51.389985, 24.642483], [51.430431, 24.664496], [51.443614, 24.679755], [51.450369, 24.721666], [51.455821, 24.740668], [51.46754, 24.748684], [51.47283, 24.759426], [51.474213, 24.764472], [51.500255, 24.855373], [51.505138, 24.864081], [51.511729, 24.867865], [51.520844, 24.870592], [51.528819, 24.874416], [51.539399, 24.898871], [51.574067, 24.934394], [51.586925, 24.953437], [51.602306, 25.013821], [51.611013, 25.022366], [51.605724, 25.034247], [51.616547, 25.137193], [51.614594, 25.219794], [51.611095, 25.237535], [51.607595, 25.255113], [51.599132, 25.274888], [51.590017, 25.283759], [51.531261, 25.292182], [51.518809, 25.297065], [51.513194, 25.308254], [51.511974, 25.330227], [51.515717, 25.382839], [51.518809, 25.426215], [51.516938, 25.440172], [51.510997, 25.454291], [51.474294, 25.512112], [51.471934, 25.521389], [51.47755, 25.531073], [51.48585, 25.540513], [51.491384, 25.549302], [51.491547, 25.550645], [51.493663, 25.565823], [51.491384, 25.618232], [51.498302, 25.615912], [51.505138, 25.612006], [51.518809, 25.61872], [51.535899, 25.622382], [51.54949, 25.631171], [51.552908, 25.652981], [51.54713, 25.663153], [51.534923, 25.673245], [51.519705, 25.681708], [51.505138, 25.687161], [51.539317, 25.703925], [51.552908, 25.707587], [51.556814, 25.681627], [51.576834, 25.688666], [51.590099, 25.7119], [51.573985, 25.734931], [51.570323, 25.727484], [51.56365, 25.721625], [51.555024, 25.720649], [51.546072, 25.728095], [51.544607, 25.737372], [51.54835, 25.748847], [51.555431, 25.758694], [51.563324, 25.762885], [51.572032, 25.759508], [51.577647, 25.745063], [51.583507, 25.741767], [51.591563, 25.746649], [51.594493, 25.758246], [51.594737, 25.771877], [51.577485, 25.880845], [51.570323, 25.898383], [51.559418, 25.913764], [51.546072, 25.926093], [51.52947, 25.937323], [51.511974, 25.946112], [51.491954, 25.95189], [51.46754, 25.954047], [51.424327, 25.950873], [51.416515, 25.952094], [51.403982, 25.954088], [51.388438, 25.967027], [51.383474, 25.985582], [51.382498, 26.006171], [51.376638, 26.022895], [51.357677, 26.029731], [51.347179, 26.039008], [51.346365, 26.060696], [51.348481, 26.085639], [51.346853, 26.104885], [51.33074, 26.121161], [51.251231, 26.160102], [51.214854, 26.13935], [51.194347, 26.133531], [51.176117, 26.139594], [51.170584, 26.124579], [51.147227, 26.103095], [51.141856, 26.087795], [51.133149, 26.082099], [51.091075, 26.066962], [51.075938, 26.06391], [51.047374, 26.053046], [51.027354, 26.026923], [51.004731, 25.967027], [50.998546, 25.967027], [50.995616, 25.972846], [50.992524, 25.975735], [50.984223, 25.98135], [50.981456, 25.935858], [50.977306, 25.916449], [50.951182, 25.85928], [50.949392, 25.837958], [50.963878, 25.823676], [50.970714, 25.830512], [50.975922, 25.813788], [50.972992, 25.797512], [50.963715, 25.783881], [50.949555, 25.775295], [50.949229, 25.787014], [50.945567, 25.798489], [50.939708, 25.807196], [50.932872, 25.810614], [50.923595, 25.805162], [50.920258, 25.794379], [50.915538, 25.786444], [50.901703, 25.789537], [50.901703, 25.759467], [50.902843, 25.755276], [50.90797, 25.749254], [50.90919, 25.745103], [50.906993, 25.739936], [50.897309, 25.732571], [50.894867, 25.728095], [50.887543, 25.680894], [50.888682, 25.666653], [50.903168, 25.640123], [50.924327, 25.63231], [50.94988, 25.636461], [50.97755, 25.646145], [50.9699, 25.633857], [50.955903, 25.604682], [50.949555, 25.597724], [50.93572, 25.598334], [50.927501, 25.60517], [50.920584, 25.608344], [50.90919, 25.597724], [50.904796, 25.587063], [50.904145, 25.563137], [50.900076, 25.53974], [50.900727, 25.534857], [50.898692, 25.532213], [50.888682, 25.529486], [50.881521, 25.535142], [50.87672, 25.540595], [50.868663, 25.559556], [50.867686, 25.567043], [50.867686, 25.587836], [50.874278, 25.614936], [50.87615, 25.631781], [50.870942, 25.639309], [50.863536, 25.641425], [50.857188, 25.650824], [50.850597, 25.652981], [50.846528, 25.649848], [50.84018, 25.634508], [50.836925, 25.628811], [50.823497, 25.622138], [50.809581, 25.620592], [50.796397, 25.617255], [50.785004, 25.60456], [50.79656, 25.599595], [50.818533, 25.595771], [50.826671, 25.590888], [50.832856, 25.578518], [50.832205, 25.566148], [50.828624, 25.554348], [50.826671, 25.543118], [50.827891, 25.525051], [50.831309, 25.507799], [50.847179, 25.467353], [50.820486, 25.471829], [50.820508, 25.491293], [50.811648, 25.498887], [50.808484, 25.517239], [50.797093, 25.529896], [50.778005, 25.527045], [50.750987, 25.494696], [50.763845, 25.482408], [50.762462, 25.462714], [50.750987, 25.419623], [50.765147, 25.344468], [50.765798, 25.323554], [50.757823, 25.269355], [50.759044, 25.247504], [50.763438, 25.225287], [50.764985, 25.204291], [50.757823, 25.186225], [50.766938, 25.162584], [50.768403, 25.1258], [50.775727, 25.091864], [50.802419, 25.076972], [50.808604, 25.069159], [50.809744, 25.051215], [50.807384, 25.031643], [50.796641, 25.003607], [50.799978, 24.988756], [50.842784, 24.916083], [50.851085, 24.890815], [50.85963, 24.7956], [50.852794, 24.770006], [50.826671, 24.748684], [50.807872, 24.746649], [50.786143, 24.72724], [50.771332, 24.726955], [50.76059, 24.736396], [50.750011, 24.753119], [50.741466, 24.770575], [50.737315, 24.782172], [50.735037, 24.843411], [50.72641, 24.881659], [50.706554, 24.898871], [50.681407, 24.913886], [50.661632, 24.979967], [50.644786, 24.995063], [50.633474, 25.01142], [50.606293, 25.042711], [50.580414, 25.062161], [50.572765, 25.042873], [50.562185, 25.054836], [50.553477, 25.077948], [50.545421, 25.118598], [50.551606, 25.159491], [50.549083, 25.174791], [50.534679, 25.199042], [50.529063, 25.216295], [50.524425, 25.22309], [50.519786, 25.232123], [50.517589, 25.244859], [50.518728, 25.258002], [50.523936, 25.280219], [50.525076, 25.29267], [50.520356, 25.314765], [50.509125, 25.343573], [50.495616, 25.370063], [50.483409, 25.385443], [50.490896, 25.392279], [50.471528, 25.437201], [50.462901, 25.446926], [50.428722, 25.456204], [50.410167, 25.464097], [50.40211, 25.477973], [50.399913, 25.480373], [50.39503, 25.483303], [50.389985, 25.488674], [50.385916, 25.510647], [50.381358, 25.512885], [50.370779, 25.508368], [50.36199, 25.502997], [50.364757, 25.490058], [50.371349, 25.474514], [50.374278, 25.461168], [50.347992, 25.482123], [50.23406, 25.61518], [50.196056, 25.687161], [50.18922, 25.687161], [50.187673, 25.682929], [50.182384, 25.672838], [50.174327, 25.68301], [50.148692, 25.699856], [50.141368, 25.713813], [50.144705, 25.733344], [50.15919, 25.731757], [50.174978, 25.720445], [50.187511, 25.703559], [50.199962, 25.695868], [50.21461, 25.689643], [50.226736, 25.687161], [50.233735, 25.679511], [50.251231, 25.631903], [50.257498, 25.631903], [50.247244, 25.679429], [50.222016, 25.717353], [50.161876, 25.782701], [50.141938, 25.816107], [50.118337, 25.867865], [50.107758, 25.91474], [50.127696, 25.933539], [50.127696, 25.940375], [50.11671, 25.958238], [50.111501, 25.97602], [50.101329, 25.989488], [50.075938, 25.995022], [50.069835, 25.995103], [50.066905, 25.996283], [50.065766, 25.999457], [50.065684, 26.00552], [50.064626, 26.013373], [50.061697, 26.014146], [50.057384, 26.01317], [50.052013, 26.015448], [50.040538, 26.028266], [50.033702, 26.033352], [50.024099, 26.035956], [50.028168, 26.019477], [50.021007, 26.004462], [50.006847, 25.996527], [49.990001, 26.001776], [49.996918, 26.017279], [49.996104, 26.031724], [49.992361, 26.045885], [49.990001, 26.060452], [49.993175, 26.068061], [50.000173, 26.07217], [50.007091, 26.074408], [50.010427, 26.07689], [50.0088, 26.086493], [49.999522, 26.100898], [49.997325, 26.108222], [49.991547, 26.113105], [49.980968, 26.126125], [49.975841, 26.139594], [49.986827, 26.145819], [49.994884, 26.152167], [50.021007, 26.197659], [50.0324, 26.201077], [50.045665, 26.194525], [50.057872, 26.18358], [50.065684, 26.173733], [50.069591, 26.165961], [50.071625, 26.159247], [50.073578, 26.131537], [50.076671, 26.129096], [50.081309, 26.129096], [50.086762, 26.125312], [50.0949, 26.117621], [50.10434, 26.111233], [50.113292, 26.103258], [50.120291, 26.091213], [50.121837, 26.076483], [50.12143, 26.060736], [50.125824, 26.046454], [50.141368, 26.035956], [50.150401, 26.063218], [50.158376, 26.102484], [50.160981, 26.141099], [50.154552, 26.166246], [50.163422, 26.177232], [50.174083, 26.180732], [50.181895, 26.175482], [50.182384, 26.160102], [50.201996, 26.171373], [50.21225, 26.191311], [50.215994, 26.215074], [50.216563, 26.32392], [50.209239, 26.369534], [50.19158, 26.403551], [50.162283, 26.427069], [50.076508, 26.453762], [50.058279, 26.463935], [50.04184, 26.478461], [50.03061, 26.494615], [50.003673, 26.570705], [50.002208, 26.587388], [50.006358, 26.648586], [50.003673, 26.653632], [49.993663, 26.663153], [49.986501, 26.672756], [49.983246, 26.683743], [49.982921, 26.695705], [49.983735, 26.708197], [49.988455, 26.724433], [49.997569, 26.74136], [50.006358, 26.747626], [50.014008, 26.710761], [50.023692, 26.69953], [50.037852, 26.695217], [50.09254, 26.689114], [50.11671, 26.67536], [50.161876, 26.639228], [50.158458, 26.664862], [50.141938, 26.681342], [50.069102, 26.728583], [50.052013, 26.755927], [50.001964, 26.816962], [49.972992, 26.842353], [49.942149, 26.858344], [49.917247, 26.861477], [49.894054, 26.860297], [49.871837, 26.862494], [49.833018, 26.888007], [49.770844, 26.91356], [49.760509, 26.92064], [49.74586, 26.934272], [49.736664, 26.940904], [49.708263, 26.952135], [49.699474, 26.958238], [49.670177, 26.990912], [49.612478, 27.071967], [49.594249, 27.090725], [49.575531, 27.098578], [49.570079, 27.104071], [49.564626, 27.116685], [49.558604, 27.139553], [49.559418, 27.153998], [49.568614, 27.17829], [49.572113, 27.194159], [49.552745, 27.176744], [49.544932, 27.173651], [49.534923, 27.176174], [49.526134, 27.182807], [49.516449, 27.188381], [49.50408, 27.187934], [49.489106, 27.17475], [49.497325, 27.159084], [49.524425, 27.132717], [49.508311, 27.133979], [49.481293, 27.144436], [49.465668, 27.146959], [49.440196, 27.139797], [49.431895, 27.142768], [49.441905, 27.160631], [49.438487, 27.162055], [49.436778, 27.16177], [49.435883, 27.16234], [49.435069, 27.166815], [49.423595, 27.14647], [49.417166, 27.138129], [49.407074, 27.132717], [49.399099, 27.144721], [49.374848, 27.149075], [49.366873, 27.160631], [49.377696, 27.159166], [49.388845, 27.159329], [49.397472, 27.162584], [49.40089, 27.170233], [49.403982, 27.183295], [49.409434, 27.193915], [49.412364, 27.204006], [49.407074, 27.215277], [49.40089, 27.207831], [49.386404, 27.219631], [49.37086, 27.218736], [49.361827, 27.209133], [49.366873, 27.194159], [49.355968, 27.185004], [49.345225, 27.182807], [49.33839, 27.189602], [49.339529, 27.207831], [49.322602, 27.205715], [49.317068, 27.2237], [49.319021, 27.266425], [49.315115, 27.286811], [49.307872, 27.306301], [49.304861, 27.325507], [49.312755, 27.344957], [49.292166, 27.355455], [49.278819, 27.358791], [49.267426, 27.355211], [49.257335, 27.34691], [49.245779, 27.339423], [49.23406, 27.333889], [49.223399, 27.331285], [49.226085, 27.34276], [49.226736, 27.36872], [49.229666, 27.379706], [49.237478, 27.388129], [49.247325, 27.393134], [49.256847, 27.400051], [49.263845, 27.413886], [49.254568, 27.417792], [49.246918, 27.423774], [49.240245, 27.427191], [49.237315, 27.423977], [49.235037, 27.418158], [49.229666, 27.413886], [49.229503, 27.411811], [49.212576, 27.396796], [49.207042, 27.395168], [49.201996, 27.398668], [49.195486, 27.40644], [49.183116, 27.411119], [49.176117, 27.415839], [49.170258, 27.421047], [49.161388, 27.426907], [49.150076, 27.431342], [49.128103, 27.436916], [49.119802, 27.441148], [49.157725, 27.458482], [49.175059, 27.458319], [49.181895, 27.441148], [49.18922, 27.441148], [49.208832, 27.458075], [49.263927, 27.452867], [49.284923, 27.475328], [49.291759, 27.475328], [49.289887, 27.462348], [49.292654, 27.452948], [49.300141, 27.448065], [49.312755, 27.448635], [49.309825, 27.456692], [49.307872, 27.474514], [49.305349, 27.482123], [49.299083, 27.489895], [49.292491, 27.494127], [49.28533, 27.497626], [49.278087, 27.503241], [49.255138, 27.532375], [49.239757, 27.545111], [49.219574, 27.550442], [49.208751, 27.551581], [49.188975, 27.556708], [49.178477, 27.557847], [49.170421, 27.555732], [49.15268, 27.546332], [49.144298, 27.544176], [49.106293, 27.546861], [49.088878, 27.551093], [49.072032, 27.557847], [49.077647, 27.546536], [49.071625, 27.539496], [49.05893, 27.538153], [49.044688, 27.544176], [49.063975, 27.556342], [49.05421, 27.568264], [49.017345, 27.585191], [48.9817, 27.614569], [48.968516, 27.620347], [48.949067, 27.61872], [48.926036, 27.613837], [48.915294, 27.608629], [48.907481, 27.599433], [48.909516, 27.592678], [48.917247, 27.585842], [48.921641, 27.578843], [48.914317, 27.571519], [48.896739, 27.572008], [48.891124, 27.588121], [48.895274, 27.607733], [48.907481, 27.61872], [48.900645, 27.632961], [48.893809, 27.632961], [48.884776, 27.615058], [48.870779, 27.605618], [48.852794, 27.604641], [48.831798, 27.612494], [48.838878, 27.623196], [48.848969, 27.623358], [48.873302, 27.612494], [48.869802, 27.618557], [48.85963, 27.640448], [48.870616, 27.641181], [48.877126, 27.644477], [48.878184, 27.65058], [48.873302, 27.659654], [48.878429, 27.664211], [48.880544, 27.670315], [48.880138, 27.687567], [48.875011, 27.677476], [48.867686, 27.667792], [48.858084, 27.662828], [48.84547, 27.667141], [48.847341, 27.683824], [48.846202, 27.697089], [48.839203, 27.708075], [48.833995, 27.697455], [48.824555, 27.688951], [48.815278, 27.687567], [48.81129, 27.698188], [48.81129, 27.742825], [48.803966, 27.736477], [48.796886, 27.719713], [48.791352, 27.714911], [48.78004, 27.714097], [48.778819, 27.71955], [48.782237, 27.726142], [48.784516, 27.728583], [48.785167, 27.744696], [48.804047, 27.815009], [48.812511, 27.828599], [48.820567, 27.830024], [48.825531, 27.811103], [48.823416, 27.799628], [48.805024, 27.756496], [48.821788, 27.766832], [48.838064, 27.804023], [48.852875, 27.817939], [48.857595, 27.803534], [48.854259, 27.795356], [48.848481, 27.787299], [48.84547, 27.773261], [48.847667, 27.748725], [48.846202, 27.740302], [48.839203, 27.728583], [48.852794, 27.737494], [48.865489, 27.754055], [48.874522, 27.769924], [48.87672, 27.777004], [48.873383, 27.782131], [48.872569, 27.793891], [48.87379, 27.806586], [48.88266, 27.826728], [48.87794, 27.836819], [48.837657, 27.872301], [48.815196, 27.902248], [48.814708, 27.906684], [48.796235, 27.913642], [48.773285, 27.929755], [48.753266, 27.947984], [48.743663, 27.96133], [48.742361, 27.975246], [48.746837, 27.981635], [48.764008, 27.989244], [48.771332, 27.987006], [48.778087, 27.98664], [48.784516, 27.989244], [48.788259, 27.993883], [48.791515, 28.0008], [48.792003, 28.007025], [48.787934, 28.009711], [48.77589, 28.011949], [48.75587, 28.021715], [48.747081, 28.023993], [48.712901, 28.022895], [48.701996, 28.023993], [48.667817, 28.037665], [48.65211, 28.046088], [48.653331, 28.049872], [48.654796, 28.061591], [48.648123, 28.071967], [48.616466, 28.110541], [48.606456, 28.126451], [48.600841, 28.147773], [48.601736, 28.167385], [48.609141, 28.186103], [48.623546, 28.205268], [48.618419, 28.217271], [48.534923, 28.298814], [48.522227, 28.318834], [48.5171, 28.342434], [48.517833, 28.354193], [48.523936, 28.380316], [48.534923, 28.398668], [48.535492, 28.40762], [48.523936, 28.414455], [48.517345, 28.398993], [48.504893, 28.389635], [48.488292, 28.385891], [48.468761, 28.387112], [48.469981, 28.391303], [48.471202, 28.394192], [48.476085, 28.400784], [48.499034, 28.393378], [48.507823, 28.415717], [48.50766, 28.449164], [48.498546, 28.492906], [48.49464, 28.500149], [48.468761, 28.510647], [48.456391, 28.518459], [48.432791, 28.540473], [48.432465, 28.540717], [48.420909, 28.551581], [48.405284, 28.569892], [48.397146, 28.583319], [48.393565, 28.595649], [48.389496, 28.643744], [48.386729, 28.653998], [48.374685, 28.641669], [48.361013, 28.635565], [48.351817, 28.64053], [48.352712, 28.661444], [48.359548, 28.661444], [48.36378, 28.658149], [48.367686, 28.656724], [48.372406, 28.659166], [48.379893, 28.66767], [48.370453, 28.671942], [48.365977, 28.675727], [48.365001, 28.680813], [48.366222, 28.688707], [48.371593, 28.684394], [48.386729, 28.675116], [48.380707, 28.692084], [48.379649, 28.710354], [48.3838, 28.728013], [48.393565, 28.743394], [48.352306, 28.751207], [48.328787, 28.759955], [48.31837, 28.77383], [48.312511, 28.785956], [48.285167, 28.819892], [48.276866, 28.839586], [48.278168, 28.859687], [48.2824, 28.879381], [48.27947, 28.894436], [48.240977, 28.905666], [48.225922, 28.91828], [48.176036, 28.983791], [48.158458, 29.017279], [48.133804, 29.153617], [48.128447, 29.1739], [48.114659, 29.193256], [48.106131, 29.213525], [48.095376, 29.257746], [48.092073, 29.287233], [48.093053, 29.305679], [48.100266, 29.349954], [48.063274, 29.343368], [48.035411, 29.351793], [48.025238, 29.354885], [48.010509, 29.366523], [48.008393, 29.369167], [47.993012, 29.387926], [47.98574, 29.393761], [47.969883, 29.387239], [47.959374, 29.372437], [47.939326, 29.359433], [47.920202, 29.364872], [47.905387, 29.359263], [47.899185, 29.335249], [47.876954, 29.328671], [47.857903, 29.323029], [47.840926, 29.322931], [47.816434, 29.337556], [47.822695, 29.351433], [47.822612, 29.363431], [47.851152, 29.380198], [47.837304, 29.387505], [47.813999, 29.379994], [47.791744, 29.372481], [47.764148, 29.367699], [47.726999, 29.361926], [47.704717, 29.363633], [47.714206, 29.378471], [47.718387, 29.394195], [47.763865, 29.412933], [47.784952, 29.437049], [47.807043, 29.467622], [47.849258, 29.501979], [47.91062, 29.531789], [47.935977, 29.554025], [47.965531, 29.576298]]}}, {"type": "Feature", "properties": {}, "geometry": {"type": "LineString", "coordinates": [[47.965531, 29.576298], [48.023859, 29.584809], [48.041923, 29.582093], [48.066349, 29.577556], [48.085948, 29.575019], [48.09254, 29.565823], [48.113536, 29.554633], [48.154518, 29.53909], [48.176758, 29.541916], [48.180917, 29.562217], [48.161306, 29.60163], [48.119151, 29.654527], [48.096039, 29.699164], [48.078868, 29.743964], [48.052419, 29.742987], [48.021739, 29.779731], [47.995616, 29.827704], [47.982677, 29.860663], [47.979503, 29.884345], [47.979747, 29.921454], [47.975271, 29.942572], [47.965505, 29.962063], [47.955089, 29.977281], [47.948009, 29.994045], [47.948009, 29.994045], [47.948497, 30.017646], [47.940929, 30.026516], [47.941742, 30.037258], [47.946056, 30.049384], [47.948497, 30.062323], [47.947113, 30.07453], [47.934825, 30.107082], [47.951671, 30.088324], [47.958507, 30.060614], [47.961925, 30.030341], [47.969005, 30.004055], [48.038259, 30.036851], [48.076345, 30.04564], [48.119151, 30.044989], [48.165782, 30.037543], [48.209239, 30.024482], [48.264659, 29.993964], [48.299571, 29.984524], [48.33546, 29.961412], [48.411876, 29.938422], [48.520518, 29.9289], [48.546886, 29.934719], [48.559255, 29.946601], [48.554942, 29.956488], [48.530772, 29.956204], [48.530772, 29.960761], [48.531016, 29.96133], [48.532074, 29.963813], [48.537446, 29.969875], [48.537446, 29.963039], [48.61085, 29.957017], [48.6338, 29.963039], [48.642345, 29.967963], [48.651378, 29.975002], [48.658702, 29.983629], [48.661632, 29.993476], [48.658946, 30.00727], [48.645518, 30.026109], [48.640636, 30.038072], [48.643321, 30.055406], [48.659516, 30.052232], [48.701996, 30.031928], [48.771983, 30.032375], [48.791352, 30.024482], [48.808849, 30.03144], [48.87672, 30.024482], [48.897227, 30.029446], [48.915294, 30.042182], [48.928559, 30.060004], [48.934825, 30.079739], [48.934255, 30.09101], [48.928559, 30.110053], [48.927989, 30.120673], [48.930837, 30.131985], [48.939708, 30.152533], [48.941661, 30.165107], [48.936046, 30.21011], [48.929535, 30.232652], [48.921153, 30.250434], [48.904796, 30.266018], [48.884532, 30.279364], [48.867035, 30.294745], [48.85963, 30.31623], [48.863048, 30.321519], [48.86964, 30.329495], [48.873709, 30.336656], [48.862315, 30.345608], [48.867361, 30.3581], [48.87615, 30.370103], [48.880138, 30.374579], [48.934825, 30.418647], [48.946462, 30.421576], [49.000499, 30.415188], [49.017345, 30.414944], [49.037283, 30.432522], [49.02947, 30.450263], [49.004405, 30.464016], [48.972667, 30.469468], [48.945649, 30.479722], [48.952973, 30.50019], [48.981456, 30.515611], [49.017345, 30.511135], [49.034353, 30.519273], [49.05128, 30.518378], [49.069347, 30.513821], [49.089366, 30.511135], [49.094412, 30.512193], [49.10377, 30.516832], [49.110118, 30.517971], [49.116954, 30.514879], [49.128103, 30.501125], [49.134044, 30.497463], [49.14796, 30.500393], [49.158214, 30.506985], [49.166759, 30.508775], [49.175059, 30.497463], [49.171153, 30.493109], [49.169688, 30.489732], [49.168224, 30.476996], [49.183849, 30.487047], [49.199392, 30.501614], [49.211192, 30.506334], [49.219005, 30.469794], [49.228282, 30.454413], [49.243175, 30.446031], [49.263845, 30.449652], [49.262869, 30.432563], [49.257172, 30.421861], [49.227712, 30.389228], [49.208751, 30.360093], [49.202891, 30.346625], [49.189952, 30.362209], [49.176443, 30.372748], [49.159679, 30.378852], [49.137462, 30.380764], [49.123383, 30.385077], [49.082367, 30.403795], [49.062022, 30.408108], [49.043712, 30.405666], [49.010753, 30.395941], [48.989431, 30.395006], [48.948578, 30.401068], [48.931814, 30.397162], [48.921153, 30.380764], [48.953298, 30.373521], [48.979503, 30.361762], [48.997081, 30.34162], [49.003673, 30.309394], [49.017345, 30.298285], [49.083507, 30.264838], [49.1067, 30.257799], [49.124034, 30.256415], [49.134776, 30.246324], [49.143321, 30.233547], [49.161388, 30.223782], [49.178477, 30.225898], [49.192882, 30.237738], [49.20338, 30.254462], [49.209158, 30.27147], [49.221202, 30.264553], [49.22169, 30.258205], [49.21754, 30.251776], [49.215994, 30.244208], [49.215505, 30.229193], [49.215994, 30.223782], [49.220225, 30.217922], [49.23406, 30.209418], [49.237071, 30.206366], [49.235688, 30.165107], [49.245128, 30.15648], [49.271251, 30.154853], [49.29184, 30.158515], [49.329275, 30.172268], [49.349946, 30.175279], [49.358409, 30.173163], [49.372813, 30.163764], [49.383962, 30.161689], [49.396007, 30.162787], [49.417654, 30.167467], [49.428233, 30.168524], [49.44988, 30.167182], [49.459321, 30.165188], [49.469086, 30.161689], [49.479828, 30.156073], [49.483653, 30.151801], [49.486176, 30.146389], [49.493419, 30.137437], [49.501231, 30.120063], [49.501638, 30.074897], [49.50408, 30.058661], [49.532237, 30.022935], [49.564464, 30.016832], [49.600759, 30.030097], [49.914561, 30.203925], [49.95102, 30.215033], [49.988292, 30.219916], [50.024099, 30.216254], [50.050629, 30.207343], [50.058849, 30.204576], [50.073416, 30.195746], [50.079356, 30.185248], [50.084727, 30.168891], [50.097911, 30.148505], [50.113617, 30.130316], [50.127696, 30.120673], [50.121837, 30.09455], [50.144786, 30.037909], [50.133962, 30.004055], [50.147472, 29.998236], [50.153331, 29.991034], [50.149669, 29.985175], [50.133962, 29.983547], [50.137543, 29.972968], [50.138438, 29.954657], [50.141368, 29.942572], [50.144867, 29.938056], [50.183849, 29.903144], [50.225108, 29.881171], [50.243826, 29.866848], [50.267914, 29.836371], [50.313324, 29.763983], [50.340017, 29.730292], [50.367035, 29.704088], [50.381602, 29.685004], [50.387869, 29.665107], [50.396983, 29.654731], [50.456065, 29.634101], [50.48878, 29.605373], [50.504568, 29.586086], [50.511404, 29.568915], [50.52003, 29.555976], [50.572765, 29.518012], [50.601085, 29.480658], [50.606944, 29.469631], [50.607432, 29.499498], [50.622732, 29.493069], [50.6421, 29.469794], [50.655284, 29.449123], [50.663097, 29.421942], [50.668224, 29.38227], [50.66863, 29.343329], [50.661469, 29.318793], [50.673595, 29.299628], [50.679861, 29.293647], [50.689464, 29.290839], [50.687022, 29.283881], [50.682628, 29.243069], [50.667491, 29.25727], [50.658376, 29.249945], [50.651866, 29.233344], [50.644786, 29.219794], [50.635753, 29.207709], [50.633067, 29.195502], [50.634939, 29.171332], [50.643809, 29.143459], [50.665863, 29.12641], [50.693696, 29.12344], [50.720225, 29.137193], [50.738292, 29.140082], [50.816417, 29.144192], [50.840343, 29.140611], [50.844005, 29.135199], [50.845958, 29.126858], [50.847179, 29.109931], [50.850841, 29.105455], [50.859141, 29.107815], [50.868337, 29.112047], [50.87436, 29.113267], [50.886567, 29.104071], [50.893321, 29.093899], [50.901703, 29.064887], [50.920177, 29.069037], [50.929942, 29.054633], [50.932384, 29.03148], [50.928966, 29.00967], [50.922211, 28.999213], [50.902029, 28.983385], [50.894867, 28.976142], [50.893403, 28.965033], [50.89796, 28.956732], [50.899262, 28.949449], [50.888682, 28.941392], [50.878917, 28.957994], [50.862478, 28.976142], [50.842784, 28.990668], [50.823253, 28.996649], [50.802582, 28.985826], [50.798839, 28.961127], [50.804861, 28.93358], [50.812999, 28.9147], [50.860037, 28.862454], [50.867686, 28.842678], [50.87615, 28.832017], [50.896007, 28.827338], [50.936534, 28.825344], [50.978689, 28.816636], [51.010916, 28.79914], [51.036388, 28.772528], [51.058849, 28.735907], [51.071544, 28.692694], [51.07252, 28.565253], [51.08074, 28.533922], [51.141856, 28.400784], [51.149425, 28.39053], [51.182384, 28.359768], [51.217621, 28.311428], [51.229991, 28.298407], [51.264822, 28.270453], [51.28533, 28.240912], [51.286876, 28.214301], [51.264822, 28.160549], [51.269759, 28.140454], [51.290369, 28.121519], [51.30753, 28.107132], [51.345222, 28.052669], [51.36061, 28.016378], [51.380271, 27.991418], [51.399876, 27.931713], [51.420405, 27.933201], [51.428156, 27.961147], [51.452077, 27.947515], [51.475096, 27.91348], [51.496424, 27.893041], [51.539135, 27.881627], [51.570323, 27.877631], [51.575531, 27.872789], [51.578868, 27.865302], [51.580089, 27.85578], [51.585134, 27.849311], [51.596934, 27.846666], [51.683443, 27.830581], [51.722799, 27.825117], [51.785295, 27.835454], [51.823864, 27.843597], [51.85963, 27.845893], [51.878429, 27.835354], [51.894298, 27.830878], [51.963715, 27.838446], [52.011241, 27.832709], [52.052582, 27.817369], [52.089203, 27.795396], [52.207205, 27.698228], [52.244884, 27.681383], [52.423106, 27.646633], [52.459646, 27.632636], [52.492524, 27.609442], [52.567638, 27.540717], [52.574474, 27.530585], [52.590505, 27.497748], [52.598399, 27.485826], [52.613536, 27.474677], [52.654145, 27.460883], [52.670095, 27.448635], [52.678966, 27.425279], [52.666515, 27.415351], [52.644867, 27.413316], [52.62615, 27.413886], [52.605235, 27.412055], [52.588552, 27.405504], [52.579112, 27.392768], [52.58074, 27.37226], [52.601329, 27.352932], [52.678803, 27.322374], [52.732188, 27.301337], [52.767751, 27.279731], [52.848318, 27.215277], [52.894298, 27.20307], [52.914724, 27.191962], [52.92335, 27.170233], [52.932628, 27.160346], [52.992198, 27.146959], [53.004731, 27.133246], [53.01531, 27.117336], [53.028656, 27.104071], [53.050141, 27.098578], [53.072032, 27.096869], [53.41212, 26.993557], [53.444102, 26.975653], [53.461111, 26.957099], [53.469086, 26.937201], [53.471446, 26.889635], [53.477224, 26.870103], [53.491547, 26.854315], [53.588634, 26.788764], [53.663829, 26.749091], [53.716075, 26.708564], [53.728282, 26.704739], [53.75172, 26.716051], [53.776134, 26.71426], [53.820811, 26.701321], [53.842784, 26.702094], [53.883474, 26.712348], [53.929373, 26.718004], [53.995128, 26.745592], [54.015798, 26.749457], [54.026215, 26.749091], [54.034516, 26.745307], [54.053722, 26.731635], [54.064464, 26.728583], [54.081716, 26.726142], [54.150401, 26.708197], [54.171397, 26.706122], [54.247569, 26.710842], [54.266856, 26.715766], [54.286876, 26.718655], [54.308116, 26.714993], [54.337738, 26.693427], [54.356619, 26.662828], [54.37143, 26.630845], [54.389415, 26.605129], [54.425629, 26.589342], [54.516612, 26.592515], [54.56129, 26.584662], [54.590587, 26.559963], [54.602875, 26.530992], [54.619965, 26.508246], [54.663829, 26.502021], [54.749685, 26.508938], [54.761567, 26.506822], [54.778494, 26.49787], [54.791026, 26.495836], [54.801524, 26.498236], [54.80893, 26.503852], [54.815196, 26.510443], [54.822032, 26.515774], [54.930675, 26.572659], [55.026866, 26.642646], [55.037934, 26.648912], [55.103282, 26.701321], [55.118175, 26.707587], [55.16212, 26.719143], [55.181651, 26.721177], [55.205903, 26.726386], [55.215587, 26.739488], [55.221039, 26.757392], [55.232921, 26.776435], [55.270844, 26.792548], [55.316742, 26.787095], [55.397309, 26.762152], [55.442231, 26.759914], [55.48406, 26.767524], [55.521739, 26.784573], [55.554454, 26.810533], [55.568533, 26.830797], [55.580414, 26.859117], [55.586436, 26.889065], [55.582367, 26.91356], [55.575043, 26.907172], [55.568858, 26.90412], [55.554454, 26.899888], [55.608572, 26.953681], [55.61964, 26.961371], [55.632335, 26.967515], [55.665863, 26.995429], [55.684825, 27.002997], [55.694835, 27.002753], [55.726329, 26.996161], [55.763682, 26.996161], [55.772472, 26.998277], [55.787283, 27.007717], [55.79835, 27.009752], [55.831798, 27.008734], [55.842459, 27.009752], [55.8838, 27.018744], [55.928396, 27.023424], [55.939301, 27.026679], [55.95753, 27.040758], [55.962738, 27.043931], [55.963145, 27.048041], [55.987315, 27.066352], [56.054535, 27.102607], [56.071788, 27.115627], [56.080414, 27.120754], [56.088145, 27.122219], [56.093516, 27.125556], [56.095551, 27.136135], [56.098888, 27.141018], [56.115571, 27.155748], [56.123709, 27.160631], [56.150157, 27.165351], [56.21518, 27.167873], [56.236583, 27.177069], [56.259613, 27.19123], [56.291189, 27.198472], [56.353038, 27.201606], [56.384125, 27.197496], [56.436534, 27.17886], [56.466156, 27.173651], [56.528575, 27.170722], [56.558604, 27.165188], [56.582856, 27.153144], [56.589692, 27.160631], [56.612315, 27.154242], [56.716075, 27.153144], [56.725597, 27.14883], [56.733084, 27.139228], [56.742361, 27.129584], [56.757335, 27.12523], [56.784434, 27.125312], [56.797211, 27.12934], [56.808849, 27.139553], [56.815196, 27.117011], [56.831391, 27.096137], [56.855317, 27.081692], [56.884613, 27.07807], [56.884613, 27.070624], [56.875987, 27.064399], [56.858409, 27.047431], [56.853526, 27.043931], [56.844086, 27.040229], [56.843761, 27.032904], [56.850597, 27.027655], [56.863455, 27.03026], [56.862966, 27.020087], [56.865489, 27.011868], [56.871349, 27.00845], [56.89088, 27.017035], [56.897797, 27.013007], [56.903087, 27.006415], [56.908214, 27.002997], [56.913097, 27.0008], [56.917247, 26.99608], [56.923106, 26.9914], [56.932384, 26.989325], [56.942556, 26.991116], [56.973318, 27.002997], [56.967052, 26.994818], [56.963552, 26.985053], [56.964854, 26.975653], [56.973318, 26.968817], [56.961111, 26.963853], [56.95102, 26.958157], [56.940115, 26.954291], [56.925548, 26.955146], [56.93572, 26.945543], [56.966482, 26.927232], [56.96518, 26.911119], [56.977306, 26.895331], [57.011241, 26.868883], [57.024913, 26.850979], [57.090017, 26.618801], [57.093435, 26.572211], [57.076345, 26.447455], [57.076671, 26.438218], [57.080333, 26.415351], [57.083181, 26.40648], [57.087901, 26.398993], [57.107107, 26.38227], [57.118175, 26.364325], [57.125255, 26.341864], [57.131033, 26.296617], [57.138438, 26.290432], [57.133067, 26.263739], [57.199229, 26.198188], [57.212901, 26.166246], [57.201996, 26.146226], [57.170909, 26.115627], [57.164561, 26.094916], [57.166759, 26.082994], [57.176524, 26.063544], [57.180512, 26.046861], [57.194102, 26.010972], [57.196788, 25.999172], [57.198578, 25.995022], [57.202647, 25.993883], [57.215343, 25.995836], [57.219737, 25.995022], [57.242035, 25.970893], [57.243663, 25.967027], [57.253591, 25.95897], [57.261974, 25.939887], [57.274425, 25.8994], [57.298676, 25.8487], [57.304373, 25.79975], [57.311534, 25.784125], [57.326182, 25.777004], [57.459972, 25.769029], [57.452485, 25.762885], [57.520681, 25.743557], [57.545584, 25.741767], [57.555837, 25.742825], [57.575694, 25.747504], [57.587169, 25.748521], [57.598806, 25.746405], [57.61964, 25.737006], [57.631847, 25.734931], [57.687185, 25.746405], [57.709727, 25.748521], [57.734711, 25.747707], [57.755626, 25.742743], [57.771251, 25.730455], [57.781505, 25.707587], [57.783051, 25.699774], [57.782481, 25.696112], [57.779796, 25.691148], [57.77589, 25.679674], [57.771739, 25.635565], [57.787446, 25.635443], [57.809418, 25.647773], [57.843516, 25.672838], [57.884044, 25.691636], [57.925304, 25.701321], [57.963227, 25.693183], [57.994314, 25.659166], [58.024181, 25.601874], [58.046235, 25.574937], [58.07309, 25.563625], [58.106212, 25.558905], [58.137869, 25.549791], [58.170421, 25.544094], [58.207286, 25.549302], [58.242442, 25.571438], [58.248302, 25.573879], [58.251964, 25.56684], [58.260753, 25.565741], [58.271007, 25.568671], [58.278982, 25.573879], [58.290701, 25.583726], [58.295584, 25.583889], [58.299001, 25.57982], [58.305919, 25.577297], [58.321056, 25.580797], [58.344086, 25.598131], [58.357595, 25.60456], [58.389659, 25.610297], [58.418956, 25.612006], [58.411794, 25.596015], [58.430512, 25.587958], [58.484141, 25.584662], [58.546397, 25.593655], [58.728038, 25.563625], [58.813731, 25.563625], [58.825206, 25.56037], [58.830577, 25.552314], [58.834158, 25.542385], [58.840343, 25.532904], [58.84962, 25.528795], [58.884451, 25.529486], [58.923513, 25.513373], [58.94809, 25.486518], [58.994314, 25.419623], [59.007335, 25.409735], [59.024181, 25.403225], [59.043956, 25.399604], [59.066905, 25.398505], [59.076182, 25.400702], [59.08546, 25.404608], [59.094086, 25.406399], [59.101329, 25.402248], [59.108735, 25.395697], [59.117198, 25.394192], [59.138357, 25.398505], [59.195323, 25.422919], [59.251069, 25.430732], [59.279145, 25.434719], [59.397288, 25.451846], [59.453902, 25.461607], [59.490443, 25.443467], [59.53799, 25.39975], [59.613997, 25.383777], [59.659134, 25.383361], [59.774873, 25.389869], [59.819865, 25.379201], [59.861696, 25.343057], [59.903806, 25.329863], [59.940823, 25.354911], [59.994423, 25.35685], [60.045325, 25.363858], [60.082038, 25.36595], [60.097911, 25.35814], [60.108897, 25.34512], [60.11671, 25.33983], [60.15089, 25.335273], [60.161876, 25.331977], [60.181977, 25.319892], [60.20921, 25.319689], [60.215974, 25.33828], [60.195079, 25.351223], [60.192556, 25.356147], [60.192556, 25.362006], [60.201508, 25.371161], [60.207367, 25.373114], [60.235037, 25.377997], [60.271251, 25.379584], [60.289399, 25.377183], [60.303966, 25.371161], [60.299653, 25.367255], [60.290294, 25.351304], [60.319223, 25.329851], [60.362559, 25.330552], [60.382823, 25.320258], [60.423523, 25.304965], [60.455645, 25.29279], [60.467246, 25.290276], [60.470063, 25.303087], [60.441091, 25.316596], [60.441254, 25.318793], [60.452207, 25.317385], [60.441661, 25.327582], [60.437673, 25.33393], [60.433442, 25.336493], [60.424815, 25.336371], [60.413748, 25.341295], [60.406912, 25.341946], [60.402029, 25.344672], [60.398123, 25.364976], [60.39503, 25.371324], [60.395274, 25.377875], [60.403331, 25.388861], [60.418956, 25.405992], [60.428477, 25.419623], [60.445649, 25.428168], [60.514171, 25.447333], [60.532074, 25.44892], [60.549653, 25.446926], [60.565196, 25.438625], [60.601573, 25.405951], [60.604747, 25.397162], [60.604991, 25.341051], [60.608165, 25.327582], [60.632335, 25.296088], [60.616954, 25.283189], [60.633474, 25.27497], [60.727712, 25.26439], [60.86671, 25.234605], [61.03061, 25.209784], [61.170269, 25.16444], [61.185476, 25.139608], [61.185068, 25.123249], [61.24353, 25.111886], [61.411717, 25.059408], [61.435069, 25.087714], [61.420584, 25.096869], [61.475108, 25.11164], [61.489513, 25.118598], [61.497406, 25.125434], [61.498546, 25.129381], [61.498546, 25.13467], [61.503184, 25.14525], [61.518809, 25.16352], [61.524181, 25.173163], [61.515961, 25.181871], [61.506196, 25.186835], [61.482595, 25.193671], [61.504242, 25.208808], [61.520763, 25.208645], [61.536957, 25.202704], [61.55836, 25.200507], [61.552745, 25.205064], [61.542817, 25.215644], [61.537283, 25.220364], [61.540375, 25.226508], [61.54184, 25.24258], [61.544688, 25.248277], [61.554454, 25.254096], [61.559255, 25.250963], [61.562348, 25.244818], [61.579763, 25.233466], [61.581879, 25.216702], [61.588227, 25.202094], [61.612478, 25.200507]]}}, {"type": "Feature", "properties": {}, "geometry": {"type": "LineString", "coordinates": [[87.404959, 21.586656], [87.468761, 21.611396], [87.477387, 21.613593], [87.621349, 21.650621], [87.6421, 21.652086], [87.683849, 21.650133], [87.703787, 21.655504], [87.755707, 21.691718], [87.833995, 21.729315], [87.867198, 21.7508], [87.892914, 21.774319], [87.894786, 21.778754], [87.895681, 21.789374], [87.899181, 21.794827], [87.902192, 21.79682], [87.909028, 21.798814], [87.948009, 21.825385], [87.957774, 21.828925], [87.97047, 21.836493], [87.983653, 21.854193], [88.0324, 21.95718], [88.046886, 21.97602], [88.050792, 21.985012], [88.049001, 21.995429], [88.045177, 22.006537], [88.043142, 22.017279], [88.048595, 22.020738], [88.084727, 22.020697], [88.111176, 22.034857], [88.140636, 22.060126], [88.164317, 22.089789], [88.173513, 22.116889], [88.160981, 22.156562], [88.132579, 22.179145], [88.09547, 22.19123], [88.057384, 22.198879], [88.025401, 22.200914], [88.008474, 22.204901], [87.991954, 22.215888], [87.965343, 22.244818], [87.95281, 22.262437], [87.94752, 22.277655], [87.935802, 22.35517], [87.922862, 22.397773], [87.906586, 22.418606], [87.906586, 22.42475], [87.927989, 22.424221], [87.94044, 22.413031], [87.946137, 22.394924], [87.94752, 22.373847], [87.950694, 22.356187], [87.964203, 22.319281], [87.967459, 22.298489], [87.972667, 22.283189], [87.985118, 22.265937], [88.009044, 22.240424], [88.027029, 22.227851], [88.043468, 22.224758], [88.059744, 22.229478], [88.077322, 22.240424], [88.081309, 22.217353], [88.118419, 22.200181], [88.165294, 22.185004], [88.198009, 22.167792], [88.20338, 22.15176], [88.212738, 22.100043], [88.222423, 22.077948], [88.206798, 22.053371], [88.164317, 22.003119], [88.156261, 21.990871], [88.149913, 21.976386], [88.146739, 21.959215], [88.159434, 21.906155], [88.156423, 21.897854], [88.154063, 21.888088], [88.203787, 21.805406], [88.209727, 21.78856], [88.201427, 21.774319], [88.21046, 21.74726], [88.203461, 21.724351], [88.19044, 21.704088], [88.180919, 21.684963], [88.181895, 21.665229], [88.189464, 21.641791], [88.208263, 21.602973], [88.224376, 21.613023], [88.237478, 21.601711], [88.245942, 21.579901], [88.249278, 21.558295], [88.254405, 21.554674], [88.266124, 21.55386], [88.278982, 21.555162], [88.28712, 21.558295], [88.297862, 21.566555], [88.303722, 21.568793], [88.305837, 21.571682], [88.304454, 21.581855], [88.300629, 21.589342], [88.287608, 21.600287], [88.283376, 21.609198], [88.28419, 21.621243], [88.294444, 21.642808], [88.297048, 21.653876], [88.295421, 21.676581], [88.264171, 21.775295], [88.261567, 21.798651], [88.273123, 21.797919], [88.289806, 21.780219], [88.298188, 21.764106], [88.302013, 21.745185], [88.304454, 21.63345], [88.309744, 21.610175], [88.321788, 21.605658], [88.33546, 21.61579], [88.34547, 21.636542], [88.348806, 21.650295], [88.349457, 21.660956], [88.345714, 21.6706], [88.327403, 21.691107], [88.324718, 21.701361], [88.326345, 21.711086], [88.331228, 21.719062], [88.336436, 21.708726], [88.340668, 21.697496], [88.346202, 21.688625], [88.355724, 21.684963], [88.364513, 21.686957], [88.380626, 21.696194], [88.392589, 21.698554], [88.382823, 21.671332], [88.383556, 21.631415], [88.393077, 21.600246], [88.409679, 21.59927], [88.426117, 21.611029], [88.441905, 21.616156], [88.456309, 21.62401], [88.468272, 21.643948], [88.472179, 21.663275], [88.468598, 21.677151], [88.454763, 21.70539], [88.452159, 21.722805], [88.45338, 21.741767], [88.457693, 21.758857], [88.468272, 21.777248], [88.474457, 21.800971], [88.481456, 21.805162], [88.488292, 21.803656], [88.4935, 21.805162], [88.495616, 21.818671], [88.492035, 21.837144], [88.477061, 21.871812], [88.474457, 21.890326], [88.481212, 21.909898], [88.492361, 21.922024], [88.499848, 21.933661], [88.495616, 21.951809], [88.514985, 21.937201], [88.514659, 21.916205], [88.495616, 21.876695], [88.51588, 21.850816], [88.531016, 21.824123], [88.532888, 21.795315], [88.512706, 21.763414], [88.504893, 21.741523], [88.509532, 21.712307], [88.529633, 21.65762], [88.52296, 21.649888], [88.518809, 21.639146], [88.516612, 21.62641], [88.516124, 21.612616], [88.514008, 21.600816], [88.5088, 21.594387], [88.502126, 21.589342], [88.495616, 21.581855], [88.487966, 21.556545], [88.493907, 21.534817], [88.51295, 21.524644], [88.543956, 21.534084], [88.534434, 21.542914], [88.529633, 21.553371], [88.530284, 21.564399], [88.536469, 21.5751], [88.54477, 21.561998], [88.55893, 21.555569], [88.572276, 21.557929], [88.578136, 21.571682], [88.578136, 21.62344], [88.595063, 21.612128], [88.59962, 21.637274], [88.591807, 21.70539], [88.598643, 21.70539], [88.612641, 21.697496], [88.623383, 21.710273], [88.630219, 21.731757], [88.632823, 21.750067], [88.624034, 21.778022], [88.604177, 21.778754], [88.581309, 21.769436], [88.564626, 21.766832], [88.56544, 21.771186], [88.564626, 21.832343], [88.567068, 21.850816], [88.598399, 21.929348], [88.600271, 21.947211], [88.598643, 21.990302], [88.60255, 22.006415], [88.620372, 22.029975], [88.625987, 22.048041], [88.625499, 22.059272], [88.619965, 22.078315], [88.618337, 22.102973], [88.619151, 22.109524], [88.622081, 22.116034], [88.63087, 22.1258], [88.634939, 22.144965], [88.644298, 22.162299], [88.646332, 22.167792], [88.649669, 22.169094], [88.656016, 22.183254], [88.661143, 22.198961], [88.660167, 22.205024], [88.679942, 22.204413], [88.683116, 22.184963], [88.674001, 22.162055], [88.656993, 22.151068], [88.639496, 22.109524], [88.639496, 22.097235], [88.64503, 22.075141], [88.648774, 22.046047], [88.652599, 22.031806], [88.653494, 22.018012], [88.646332, 22.00023], [88.631684, 21.979804], [88.627452, 21.970404], [88.625987, 21.955512], [88.63087, 21.945461], [88.642589, 21.940904], [88.656261, 21.941067], [88.667003, 21.945014], [88.678722, 21.936672], [88.689952, 21.94599], [88.698416, 21.962592], [88.701671, 21.97602], [88.723318, 22.013088], [88.730724, 22.037177], [88.718516, 22.048041], [88.699474, 22.053209], [88.692882, 22.065863], [88.694835, 22.081529], [88.701671, 22.095852], [88.712169, 22.109036], [88.726573, 22.121161], [88.743907, 22.12934], [88.763031, 22.130561], [88.730154, 22.103583], [88.714854, 22.086982], [88.708507, 22.072211], [88.717052, 22.058051], [88.754649, 22.037584], [88.763031, 22.017279], [88.758311, 21.999457], [88.746837, 21.987128], [88.733165, 21.9772], [88.722179, 21.966132], [88.71697, 21.951972], [88.714692, 21.897854], [88.694509, 21.83983], [88.698009, 21.825507], [88.703624, 21.810614], [88.684906, 21.697211], [88.687999, 21.678127], [88.722179, 21.609198], [88.70753, 21.578315], [88.727875, 21.559882], [88.762462, 21.555854], [88.790538, 21.568264], [88.796641, 21.584418], [88.791026, 21.598863], [88.781749, 21.614244], [88.776866, 21.63345], [88.77711, 21.643541], [88.779063, 21.65119], [88.784028, 21.655951], [88.7942, 21.65762], [88.800466, 21.661851], [88.804942, 21.671861], [88.810883, 21.691718], [88.816661, 21.675035], [88.818533, 21.665839], [88.81837, 21.65762], [88.814789, 21.653876], [88.797862, 21.640204], [88.805837, 21.62287], [88.823985, 21.617255], [88.844249, 21.622219], [88.858653, 21.636542], [88.859874, 21.652574], [88.842947, 21.684149], [88.838227, 21.701972], [88.841563, 21.716254], [88.855724, 21.748847], [88.858653, 21.766832], [88.866059, 21.766832], [88.872081, 21.74901], [88.881602, 21.672024], [88.886078, 21.661811], [88.891612, 21.65351], [88.896983, 21.650133], [88.933849, 21.643948], [88.975759, 21.615912], [89.000255, 21.60342], [89.019786, 21.606106], [89.021658, 21.611802], [89.027599, 21.624579], [89.033946, 21.633246], [89.036876, 21.626899], [89.038829, 21.619452], [89.044688, 21.613511], [89.053233, 21.609809], [89.06422, 21.609198], [89.082693, 21.617336], [89.088227, 21.633734], [89.085216, 21.674709], [89.082774, 21.678209], [89.067882, 21.709133], [89.047862, 21.728013], [89.043712, 21.733344], [89.030935, 21.770453], [89.01588, 21.853339], [88.99586, 21.884182], [88.968272, 21.904731], [88.951915, 21.913886], [88.937836, 21.91767], [88.924083, 21.926337], [88.910818, 21.946479], [88.90504, 21.969428], [88.91391, 21.986558], [88.928722, 21.986558], [88.934581, 21.969306], [88.937836, 21.948717], [88.944672, 21.938788], [88.96046, 21.934312], [88.993012, 21.912665], [89.009532, 21.904608], [89.008067, 21.920559], [89.013031, 21.929429], [89.023123, 21.931098], [89.036876, 21.925116], [89.060883, 21.938463], [89.065603, 21.967108], [89.057384, 22.031236], [89.054047, 22.043647], [89.04005, 22.069525], [89.036876, 22.085598], [89.039887, 22.100898], [89.045665, 22.112047], [89.048595, 22.122952], [89.043712, 22.137397], [89.060313, 22.130601], [89.060395, 22.129869], [89.063487, 22.111029], [89.057384, 22.06509], [89.062022, 22.049506], [89.084239, 22.021186], [89.091482, 22.00023], [89.091075, 21.976793], [89.080414, 21.934882], [89.07781, 21.914252], [89.079926, 21.897406], [89.104666, 21.815863], [89.10906, 21.809516], [89.119395, 21.800971], [89.141287, 21.790229], [89.154552, 21.786851], [89.160411, 21.791327], [89.164561, 21.800198], [89.174083, 21.810045], [89.18336, 21.815619], [89.187673, 21.81151], [89.188243, 21.799709], [89.189708, 21.791246], [89.220714, 21.709418], [89.218598, 21.698554], [89.208263, 21.690619], [89.204438, 21.672675], [89.21046, 21.65412], [89.229259, 21.643948], [89.248709, 21.645901], [89.268728, 21.653998], [89.285899, 21.665595], [89.297537, 21.678127], [89.276622, 21.687567], [89.273692, 21.698798], [89.290701, 21.733344], [89.294688, 21.757799], [89.284434, 21.79682], [89.283946, 21.822089], [89.290701, 21.822089], [89.296235, 21.809068], [89.30128, 21.809394], [89.306163, 21.817613], [89.322602, 21.854641], [89.328868, 21.864651], [89.339122, 21.876695], [89.355968, 21.892524], [89.35963, 21.901679], [89.35963, 21.91767], [89.355235, 21.931627], [89.348806, 21.944159], [89.345958, 21.957017], [89.352224, 21.972317], [89.35963, 21.972317], [89.364024, 21.955064], [89.38266, 21.921332], [89.386974, 21.90119], [89.384288, 21.877834], [89.371267, 21.847154], [89.365896, 21.828925], [89.362804, 21.78384], [89.364268, 21.758205], [89.36964, 21.743313], [89.395193, 21.716376], [89.406423, 21.717353], [89.442719, 21.746649], [89.456228, 21.762397], [89.465831, 21.781317], [89.469493, 21.804389], [89.467052, 21.828599], [89.463634, 21.845038], [89.46461, 21.859198], [89.475759, 21.876695], [89.489106, 21.888373], [89.502289, 21.897528], [89.512543, 21.909125], [89.521821, 21.962307], [89.52003, 21.969184], [89.512706, 21.978095], [89.500499, 22.00259], [89.496837, 22.013861], [89.492686, 22.019192], [89.490408, 22.023993], [89.489431, 22.031236], [89.491873, 22.034573], [89.504161, 22.036689], [89.509125, 22.041205], [89.517426, 22.066474], [89.518321, 22.081], [89.51295, 22.092434], [89.506847, 22.10102], [89.50172, 22.113105], [89.49822, 22.125312], [89.496837, 22.133979], [89.494151, 22.136868], [89.48878, 22.129584], [89.48406, 22.116685], [89.483165, 22.102607], [89.475759, 22.102607], [89.467459, 22.22899], [89.475759, 22.295071], [89.483165, 22.295071], [89.493012, 22.273505], [89.494151, 22.253567], [89.489431, 22.208808], [89.492035, 22.188381], [89.53712, 22.089016], [89.536469, 22.075832], [89.526134, 22.055121], [89.523448, 22.044623], [89.52475, 22.000149], [89.532888, 21.984687], [89.551443, 21.994045], [89.556488, 22.00845], [89.564464, 22.072211], [89.566742, 22.082099], [89.576996, 22.101264], [89.579356, 22.113227], [89.578787, 22.135891], [89.576345, 22.145494], [89.5713, 22.157904], [89.550304, 22.192125], [89.549164, 22.205268], [89.561046, 22.22309], [89.580333, 22.236762], [89.586192, 22.245429], [89.577159, 22.2685], [89.580821, 22.277248], [89.592459, 22.288235], [89.606212, 22.315619], [89.615489, 22.328274], [89.626475, 22.336005], [89.616954, 22.318427], [89.610606, 22.298896], [89.607107, 22.278266], [89.605968, 22.256903], [89.597911, 22.240302], [89.567231, 22.202826], [89.567882, 22.18891], [89.581391, 22.174058], [89.593761, 22.155422], [89.60255, 22.134508], [89.605968, 22.113227], [89.600597, 22.091254], [89.576671, 22.051703], [89.5713, 22.031236], [89.563487, 21.973131], [89.567638, 21.900702], [89.564464, 21.884182], [89.556895, 21.868801], [89.538341, 21.848619], [89.530284, 21.835761], [89.527354, 21.812812], [89.53891, 21.77147], [89.53712, 21.753811], [89.565684, 21.713365], [89.586925, 21.700832], [89.605968, 21.719062], [89.60377, 21.727688], [89.592784, 21.754381], [89.59547, 21.759996], [89.620372, 21.76435], [89.631521, 21.764065], [89.643565, 21.756903], [89.668224, 21.750881], [89.689952, 21.765204], [89.700694, 21.784857], [89.692068, 21.794827], [89.672048, 21.804267], [89.64975, 21.826361], [89.630382, 21.851467], [89.618988, 21.869859], [89.646983, 21.925116], [89.661306, 21.905829], [89.663341, 21.896308], [89.652599, 21.878852], [89.653168, 21.867743], [89.656912, 21.857123], [89.661306, 21.849351], [89.67335, 21.840074], [89.69044, 21.833726], [89.709158, 21.830064], [89.725841, 21.828925], [89.738455, 21.834418], [89.753429, 21.843899], [89.76588, 21.846747], [89.771169, 21.832343], [89.775727, 21.827582], [89.786388, 21.828925], [89.804698, 21.835761], [89.81422, 21.840806], [89.817638, 21.844916], [89.819591, 21.849555], [89.825206, 21.856269], [89.850922, 21.877509], [89.87322, 21.881578], [89.880382, 21.884182], [89.887218, 21.900092], [89.881602, 21.912991], [89.871837, 21.924262], [89.86378, 21.943305], [89.850271, 21.963121], [89.846202, 21.972317], [89.845958, 21.982896], [89.851085, 22.000881], [89.852387, 22.010443], [89.847911, 22.033881], [89.835948, 22.049465], [89.81837, 22.060045], [89.797211, 22.068508], [89.797211, 22.075995], [89.816173, 22.075995], [89.831554, 22.071967], [89.846202, 22.070624], [89.862966, 22.079047], [89.871349, 22.091864], [89.874278, 22.108832], [89.872895, 22.143622], [89.861339, 22.211005], [89.850841, 22.246527], [89.838715, 22.267768], [89.880382, 22.342231], [89.884125, 22.363511], [89.880544, 22.380601], [89.874848, 22.39765], [89.872895, 22.418606], [89.903087, 22.39643], [89.920421, 22.391832], [89.928233, 22.407701], [89.933604, 22.423529], [89.947439, 22.439683], [89.979503, 22.470079], [89.982758, 22.473212], [90.010102, 22.49022], [89.997895, 22.480862], [89.991954, 22.469875], [89.988292, 22.45775], [89.982758, 22.445258], [89.900157, 22.33393], [89.880382, 22.288235], [89.876801, 22.274726], [89.875336, 22.263983], [89.876638, 22.253485], [89.880382, 22.240424], [89.885509, 22.230618], [89.898285, 22.211656], [89.90089, 22.201972], [89.903087, 22.176907], [89.912364, 22.135565], [89.914561, 22.061672], [89.917491, 22.049872], [89.92628, 22.027167], [89.928233, 22.017279], [89.934418, 21.997707], [89.949718, 21.980902], [89.967784, 21.974555], [89.982758, 21.986558], [89.985199, 21.999416], [89.982758, 22.044623], [89.988536, 22.053046], [90.015391, 22.077867], [90.024425, 22.089016], [90.04005, 22.138088], [90.052582, 22.155463], [90.07838, 22.164049], [90.072602, 22.152045], [90.063243, 22.145738], [90.052094, 22.141099], [90.042735, 22.131252], [90.039073, 22.116278], [90.034679, 22.10517], [90.038097, 22.075344], [90.035411, 22.059801], [90.028982, 22.052965], [90.020193, 22.048814], [90.010753, 22.041205], [90.003184, 22.029364], [90.002126, 22.014106], [89.996349, 22.00023], [90.028168, 21.988105], [90.038097, 21.986558], [90.052419, 21.989], [90.057953, 21.99372], [90.061046, 22.0008], [90.073741, 22.019232], [90.081798, 22.041002], [90.088878, 22.051174], [90.148285, 22.110785], [90.164806, 22.119818], [90.191661, 22.123114], [90.205821, 22.132961], [90.218272, 22.155707], [90.236095, 22.198879], [90.239106, 22.172268], [90.2317, 22.145657], [90.216156, 22.123236], [90.195079, 22.109524], [90.189708, 22.110826], [90.181814, 22.114814], [90.172862, 22.117011], [90.164073, 22.113227], [90.158865, 22.10692], [90.151622, 22.094875], [90.146739, 22.089016], [90.105642, 22.054267], [90.095958, 22.040107], [90.09254, 22.027981], [90.090587, 22.015448], [90.085785, 22.00023], [90.077159, 21.987982], [90.065766, 21.979885], [90.05421, 21.973375], [90.044932, 21.966132], [90.033946, 21.943549], [90.031261, 21.889228], [90.024425, 21.862454], [90.036306, 21.861151], [90.049327, 21.85102], [90.057872, 21.849351], [90.066905, 21.85342], [90.079356, 21.866929], [90.088878, 21.869859], [90.098481, 21.878607], [90.116222, 21.919338], [90.126231, 21.931952], [90.121349, 21.921576], [90.121837, 21.915351], [90.124522, 21.909735], [90.126231, 21.90119], [90.12086, 21.889309], [90.11085, 21.880113], [90.104991, 21.870266], [90.112478, 21.856269], [90.095388, 21.859442], [90.088552, 21.846747], [90.092947, 21.830268], [90.10906, 21.822089], [90.126801, 21.818793], [90.164399, 21.804267], [90.184825, 21.800971], [90.203787, 21.804592], [90.217621, 21.813463], [90.272716, 21.857408], [90.282888, 21.870795], [90.290701, 21.890326], [90.299978, 21.92768], [90.304373, 21.965766], [90.308604, 21.984036], [90.327891, 22.020494], [90.332205, 22.038072], [90.334727, 22.041815], [90.347423, 22.055325], [90.365733, 22.081204], [90.369884, 22.08983], [90.37379, 22.102607], [90.377126, 22.133612], [90.380056, 22.143622], [90.3838, 22.145738], [90.388682, 22.143459], [90.392589, 22.143012], [90.395193, 22.157213], [90.397146, 22.160631], [90.399181, 22.16234], [90.400564, 22.164049], [90.408214, 22.17121], [90.412852, 22.178046], [90.414236, 22.185777], [90.410492, 22.195705], [90.405528, 22.19953], [90.399099, 22.202216], [90.39088, 22.208808], [90.388682, 22.223212], [90.398692, 22.267483], [90.394298, 22.288235], [90.410899, 22.284247], [90.414073, 22.271796], [90.40797, 22.240424], [90.410004, 22.227281], [90.421641, 22.198879], [90.417491, 22.175035], [90.39324, 22.127387], [90.387462, 22.102607], [90.393809, 22.094713], [90.408458, 22.085924], [90.425466, 22.078843], [90.43865, 22.075995], [90.450043, 22.080797], [90.459646, 22.091946], [90.488292, 22.138617], [90.494395, 22.154242], [90.496755, 22.167792], [90.50115, 22.176703], [90.511729, 22.185289], [90.538341, 22.198879], [90.557953, 22.203355], [90.581554, 22.238227], [90.613455, 22.314887], [90.619314, 22.355902], [90.618419, 22.376654], [90.613455, 22.396877], [90.593598, 22.432318], [90.586436, 22.450588], [90.586192, 22.473212], [90.591319, 22.470526], [90.606619, 22.465766], [90.589692, 22.500434], [90.57781, 22.533677], [90.559744, 22.562323], [90.524099, 22.583075], [90.505138, 22.586249], [90.487315, 22.583726], [90.472504, 22.575588], [90.462657, 22.561957], [90.46046, 22.551174], [90.463552, 22.53144], [90.462657, 22.520982], [90.458018, 22.514635], [90.451182, 22.510159], [90.444998, 22.504136], [90.442068, 22.493638], [90.442149, 22.508734], [90.453461, 22.564195], [90.459239, 22.579291], [90.468598, 22.584703], [90.491384, 22.587836], [90.500173, 22.592353], [90.51002, 22.604234], [90.512706, 22.611477], [90.508962, 22.64643], [90.496755, 22.678656], [90.492931, 22.709906], [90.489919, 22.720201], [90.479015, 22.735012], [90.461681, 22.748847], [90.444591, 22.751654], [90.435232, 22.733303], [90.415782, 22.742499], [90.387218, 22.751288], [90.372569, 22.76142], [90.394298, 22.774848], [90.406423, 22.763088], [90.419932, 22.768256], [90.424001, 22.781684], [90.40797, 22.794664], [90.436046, 22.800605], [90.44809, 22.828437], [90.457205, 22.861762], [90.476329, 22.884101], [90.490489, 22.885199], [90.505138, 22.881659], [90.52003, 22.880194], [90.534923, 22.887152], [90.54005, 22.896552], [90.535981, 22.903388], [90.524099, 22.912014], [90.521007, 22.915676], [90.516856, 22.916815], [90.51295, 22.91706], [90.510427, 22.918199], [90.507579, 22.92536], [90.509288, 22.936998], [90.507009, 22.942084], [90.48699, 22.966132], [90.468272, 22.99608], [90.454356, 23.027533], [90.450125, 23.049343], [90.448904, 23.055732], [90.453624, 23.072333], [90.466075, 23.07685], [90.503591, 23.075873], [90.522797, 23.080146], [90.536632, 23.086819], [90.547618, 23.096747], [90.558767, 23.110663], [90.565603, 23.110663], [90.565603, 23.103827], [90.555919, 23.096829], [90.55128, 23.0869], [90.553722, 23.078559], [90.565603, 23.075873], [90.571951, 23.081732], [90.599132, 23.117499], [90.602875, 23.141303], [90.598399, 23.200426], [90.593516, 23.219875], [90.602712, 23.211005], [90.610362, 23.201158], [90.614513, 23.195461], [90.61085, 23.23078], [90.606619, 23.247219], [90.577322, 23.288398], [90.569102, 23.294989], [90.503591, 23.301744], [90.487966, 23.30683], [90.460216, 23.319729], [90.428477, 23.326117], [90.419688, 23.335598], [90.413422, 23.347968], [90.404145, 23.360419], [90.38852, 23.372382], [90.2588, 23.444566], [90.24936, 23.45539], [90.250336, 23.466946], [90.284434, 23.446194], [90.322439, 23.433295], [90.518321, 23.398261], [90.551931, 23.384955], [90.553722, 23.400702], [90.559906, 23.418402], [90.568126, 23.432929], [90.575938, 23.438951], [90.578949, 23.449856], [90.576834, 23.539496], [90.568696, 23.547512], [90.531505, 23.548814], [90.514985, 23.551418], [90.498383, 23.557278], [90.484386, 23.56745], [90.476329, 23.582953], [90.50172, 23.567939], [90.514659, 23.563788], [90.531505, 23.562486], [90.547211, 23.563788], [90.559418, 23.567939], [90.564464, 23.576402], [90.558767, 23.590399], [90.59547, 23.604397], [90.61199, 23.606106], [90.61964, 23.596625], [90.624034, 23.59809], [90.625255, 23.598334], [90.625336, 23.599351], [90.627126, 23.603461], [90.633311, 23.596625], [90.608165, 23.585761], [90.592052, 23.562486], [90.588145, 23.534166], [90.603363, 23.494696], [90.607758, 23.491116], [90.622081, 23.500067], [90.647472, 23.50788], [90.666759, 23.518215], [90.677745, 23.517279], [90.695323, 23.50788], [90.702159, 23.528388], [90.684337, 23.541734], [90.675466, 23.55093], [90.678233, 23.55508], [90.695811, 23.555487], [90.705577, 23.554511], [90.711192, 23.548814], [90.715831, 23.535142], [90.715017, 23.498358], [90.69158, 23.486477], [90.633311, 23.486762], [90.608735, 23.472724], [90.600271, 23.449937], [90.599132, 23.391181], [90.601736, 23.372463], [90.611339, 23.342475], [90.628429, 23.321519], [90.653656, 23.329739], [90.653168, 23.324652], [90.654796, 23.32331], [90.657725, 23.323228], [90.661143, 23.322252], [90.650157, 23.313544], [90.65089, 23.300238], [90.667328, 23.267646], [90.661143, 23.267646], [90.665212, 23.248765], [90.657074, 23.230373], [90.645844, 23.210924], [90.640147, 23.18887], [90.638682, 23.147895], [90.627208, 23.086656], [90.627126, 23.075873], [90.629405, 23.064399], [90.640147, 23.038031], [90.717459, 22.940619], [90.722667, 22.928453], [90.725597, 22.905707], [90.732921, 22.889065], [90.741954, 22.874213], [90.750011, 22.856757], [90.757335, 22.822659], [90.769542, 22.795356], [90.771007, 22.784817], [90.774181, 22.778062], [90.788341, 22.759223], [90.794932, 22.74136], [90.802582, 22.736396], [90.811778, 22.732367], [90.819509, 22.726467], [90.831309, 22.690579], [90.835948, 22.684882], [90.865489, 22.687161], [90.876475, 22.682807], [90.884125, 22.654486], [90.898774, 22.636176], [90.902029, 22.627102], [90.908214, 22.617865], [90.935557, 22.599677], [90.941742, 22.585883], [90.954926, 22.575832], [90.985118, 22.574368], [91.017589, 22.579291], [91.037934, 22.588609], [91.040212, 22.607733], [91.032237, 22.636868], [91.018728, 22.664455], [91.003754, 22.678656], [91.018321, 22.683092], [91.026703, 22.674262], [91.037934, 22.643866], [91.048676, 22.626166], [91.058604, 22.614325], [91.06958, 22.571557], [91.089201, 22.54443], [91.127343, 22.527026], [91.176566, 22.536419], [91.202743, 22.54322], [91.221365, 22.557193], [91.241569, 22.575396], [91.253103, 22.613837], [91.261078, 22.627875], [91.264496, 22.640815], [91.253429, 22.660712], [91.226899, 22.671088], [91.168956, 22.684882], [91.168956, 22.692288], [91.192149, 22.691636], [91.199229, 22.698798], [91.194591, 22.709662], [91.181895, 22.720201], [91.181895, 22.726467], [91.216075, 22.72606], [91.231212, 22.724311], [91.243419, 22.720201], [91.243907, 22.717434], [91.243419, 22.702216], [91.244802, 22.698391], [91.248383, 22.698228], [91.252778, 22.699286], [91.283458, 22.693345], [91.284434, 22.692288], [91.300548, 22.693264], [91.317393, 22.697211], [91.329926, 22.705715], [91.332774, 22.720201], [91.325043, 22.726142], [91.308849, 22.7331], [91.290782, 22.73843], [91.342621, 22.739447], [91.360118, 22.743394], [91.370128, 22.752183], [91.367442, 22.761664], [91.346446, 22.767401], [91.346446, 22.774848], [91.368337, 22.773993], [91.38502, 22.770697], [91.399669, 22.764309], [91.414724, 22.75373], [91.411632, 22.777818], [91.416759, 22.799994], [91.430431, 22.816311], [91.452485, 22.822659], [91.462413, 22.833441], [91.479666, 22.885891], [91.483084, 22.904527], [91.490489, 22.904527], [91.490001, 22.880561], [91.473969, 22.838324], [91.467784, 22.809312], [91.458344, 22.797065], [91.456309, 22.784817], [91.458018, 22.772284], [91.462413, 22.761908], [91.469005, 22.757066], [91.476817, 22.761176], [91.48463, 22.74551], [91.498709, 22.727281], [91.516368, 22.712226], [91.548106, 22.700344], [91.676036, 22.534613], [91.743663, 22.411078], [91.754405, 22.374661], [91.771658, 22.260321], [91.78712, 22.237942], [91.80893, 22.236274], [91.825938, 22.248481], [91.826345, 22.267768], [91.817231, 22.274075], [91.804535, 22.278469], [91.793956, 22.286038], [91.791352, 22.301907], [91.798595, 22.311916], [91.823253, 22.324164], [91.826345, 22.329169], [91.844005, 22.334947], [91.859141, 22.346625], [91.870453, 22.3581], [91.877452, 22.363349], [91.875743, 22.37108], [91.885509, 22.409654], [91.887706, 22.42475], [91.901866, 22.424058], [91.908051, 22.42475], [91.884939, 22.353827], [91.874034, 22.336005], [91.852387, 22.325344], [91.826508, 22.318264], [91.808849, 22.306342], [91.812022, 22.281399], [91.819184, 22.275824], [91.829845, 22.271308], [91.83839, 22.263088], [91.839854, 22.246649], [91.834727, 22.237616], [91.825857, 22.230048], [91.816905, 22.220282], [91.812022, 22.205024], [91.812999, 22.180325], [91.819347, 22.155951], [91.829112, 22.134101], [91.839854, 22.116889], [91.846039, 22.116889], [91.846039, 22.135972], [91.853282, 22.148749], [91.862071, 22.150621], [91.867198, 22.137397], [91.863943, 22.139594], [91.853526, 22.143622], [91.855235, 22.109198], [91.88087, 22.007025], [91.88087, 21.969184], [91.884044, 21.96015], [91.898204, 21.944892], [91.901215, 21.93537], [91.90561, 21.895575], [91.91033, 21.874905], [91.915701, 21.862454], [91.92213, 21.871568], [91.929942, 21.878648], [91.93922, 21.883043], [91.949718, 21.884182], [91.949718, 21.876695], [91.93629, 21.870836], [91.925548, 21.86286], [91.921641, 21.85342], [91.929373, 21.843166], [91.911388, 21.834703], [91.90089, 21.8133], [91.899262, 21.789496], [91.908702, 21.781155], [91.924083, 21.785224], [91.943696, 21.791409], [91.990001, 21.794827], [91.990001, 21.787909], [91.966563, 21.778876], [91.960297, 21.763821], [91.967296, 21.755439], [91.983897, 21.766832], [91.990001, 21.759996], [91.974783, 21.746487], [91.961925, 21.743842], [91.952973, 21.738349], [91.949718, 21.715969], [91.953624, 21.701402], [91.962657, 21.689521], [91.971934, 21.688218], [91.977061, 21.70539], [91.983897, 21.70539], [91.984223, 21.693508], [91.978852, 21.67772], [91.976085, 21.662055], [91.983897, 21.650133], [92.000743, 21.649807], [92.01238, 21.664211], [92.025401, 21.698554], [92.017914, 21.698554], [92.022146, 21.701565], [92.023936, 21.704657], [92.025401, 21.712836], [92.029307, 21.704901], [92.029307, 21.696234], [92.025564, 21.687242], [92.022797, 21.676825], [92.028575, 21.674791], [92.035899, 21.668158], [92.037771, 21.659573], [92.031749, 21.650133], [92.035818, 21.640448], [92.03297, 21.633002], [92.017914, 21.616034], [92.022146, 21.599351], [92.012462, 21.585395], [91.998546, 21.573188], [91.990001, 21.561998], [91.989757, 21.543402], [91.995372, 21.52261], [92.005382, 21.504299], [92.017914, 21.493109], [91.999034, 21.499498], [91.982921, 21.488837], [91.970876, 21.470038], [91.96339, 21.452135], [91.960134, 21.45425], [91.958832, 21.454413], [91.958018, 21.455024], [91.955903, 21.458401], [91.949718, 21.458401], [91.952973, 21.44184], [91.959727, 21.423977], [91.969412, 21.409613], [91.980479, 21.403754], [91.989757, 21.394232], [92.045258, 21.299547], [92.050466, 21.280463], [92.052257, 21.256659], [92.043956, 21.192043], [92.045421, 21.170966], [92.052501, 21.154771], [92.096853, 21.105862], [92.108084, 21.089911], [92.12436, 21.060452], [92.134125, 21.047512], [92.18629, 21.005845], [92.192882, 20.995673], [92.209727, 20.930813], [92.278087, 20.814114], [92.301036, 20.762274], [92.309093, 20.753241], [92.31422, 20.749254], [92.319347, 20.742011], [92.325531, 20.738715], [92.333995, 20.746405], [92.336274, 20.757148], [92.333263, 20.767727], [92.325938, 20.780585], [92.307628, 20.833197], [92.305431, 20.851955], [92.300629, 20.862372], [92.271983, 20.90351], [92.261485, 20.940253], [92.257091, 20.981106], [92.258556, 21.022528], [92.265147, 21.061103], [92.270518, 21.049018], [92.281016, 20.959418], [92.288097, 20.94359], [92.305431, 20.917711], [92.360688, 20.766913], [92.37086, 20.72134], [92.381114, 20.700141], [92.398204, 20.691148], [92.408458, 20.687974], [92.428966, 20.673896], [92.43922, 20.670722], [92.453624, 20.668524], [92.459646, 20.662584], [92.463227, 20.653876], [92.470551, 20.643378], [92.507009, 20.60928], [92.52003, 20.589667], [92.529145, 20.543402], [92.539887, 20.527533], [92.632579, 20.446601], [92.653168, 20.41828], [92.697113, 20.308254], [92.706309, 20.292914], [92.723888, 20.27143], [92.731212, 20.259182], [92.739268, 20.27969], [92.731212, 20.382717], [92.738455, 20.428371], [92.737478, 20.44477], [92.71697, 20.499986], [92.708263, 20.578681], [92.704438, 20.589057], [92.659434, 20.652818], [92.63502, 20.697984], [92.662852, 20.679185], [92.699555, 20.619534], [92.720714, 20.592231], [92.736583, 20.563137], [92.74171, 20.529283], [92.750987, 20.498521], [92.778982, 20.478258], [92.773448, 20.477281], [92.758556, 20.472113], [92.769298, 20.455064], [92.78533, 20.462958], [92.79656, 20.483832], [92.792654, 20.506252], [92.815278, 20.504706], [92.826915, 20.495063], [92.831554, 20.478949], [92.840505, 20.390123], [92.846934, 20.377346], [92.856619, 20.367621], [92.880707, 20.349189], [92.887706, 20.340277], [92.889659, 20.333645], [92.893321, 20.329535], [92.905284, 20.32807], [92.925304, 20.327826], [92.93393, 20.325914], [92.942882, 20.321234], [92.901215, 20.308051], [92.864024, 20.300767], [92.79949, 20.259182], [92.786632, 20.245917], [92.778168, 20.231635], [92.773611, 20.216742], [92.772146, 20.201483], [92.78297, 20.189846], [92.84669, 20.143134], [92.855235, 20.130601], [92.860362, 20.124945], [92.867686, 20.122016], [92.880544, 20.123196], [92.889415, 20.127997], [92.89503, 20.133246], [92.898448, 20.135688], [92.936046, 20.211982], [92.994802, 20.286607], [93.016287, 20.324856], [93.024913, 20.368476], [93.02003, 20.424018], [93.022634, 20.452541], [93.035655, 20.475165], [93.049083, 20.491767], [93.060313, 20.513373], [93.068696, 20.535712], [93.073253, 20.554633], [93.085623, 20.532945], [93.070567, 20.496161], [93.032237, 20.431098], [93.031016, 20.409654], [93.03419, 20.384223], [93.043224, 20.364936], [93.059581, 20.36225], [93.07252, 20.376614], [93.081879, 20.416978], [93.100434, 20.431098], [93.091319, 20.381008], [93.080821, 20.358547], [93.056163, 20.349189], [93.04127, 20.332017], [93.018809, 20.256496], [93.001231, 20.239325], [92.987478, 20.186672], [92.990489, 20.154934], [93.018565, 20.14997], [93.047374, 20.167955], [93.089203, 20.210354], [93.120942, 20.218207], [93.120942, 20.211982], [93.115489, 20.202623], [93.094249, 20.14997], [93.086925, 20.14997], [93.086681, 20.156806], [93.084972, 20.161119], [93.082693, 20.165025], [93.080089, 20.170478], [93.064708, 20.147121], [93.054454, 20.134752], [93.042491, 20.129462], [92.988292, 20.124986], [92.970225, 20.129462], [92.974132, 20.117255], [92.975922, 20.087836], [92.980724, 20.077948], [92.991547, 20.067532], [93.011729, 20.040107], [93.038422, 20.012926], [93.048676, 19.994818], [93.052745, 19.968411], [93.059418, 19.951117], [93.112641, 19.874335], [93.125011, 19.846666], [93.134532, 19.834052], [93.139415, 19.831692], [93.149181, 19.828925], [93.168793, 19.807318], [93.168956, 19.809394], [93.158946, 19.823676], [93.155772, 19.827826], [93.151134, 19.830146], [93.147309, 19.833035], [93.134532, 19.848293], [93.129893, 19.862372], [93.12436, 19.893866], [93.10613, 19.93065], [93.102061, 19.964097], [93.109141, 19.993801], [93.131521, 20.006578], [93.148123, 19.99433], [93.160655, 19.966254], [93.17628, 19.916571], [93.201427, 19.862779], [93.217621, 19.837104], [93.238292, 19.82099], [93.23585, 19.847235], [93.17628, 19.957506], [93.155772, 20.026435], [93.136729, 20.059231], [93.129893, 20.0751], [93.128429, 20.094672], [93.136078, 20.081529], [93.147472, 20.070014], [93.161388, 20.060614], [93.17628, 20.053697], [93.190278, 20.064439], [93.21518, 20.059312], [93.24464, 20.049872], [93.272472, 20.047512], [93.293956, 20.054185], [93.312755, 20.065375], [93.326508, 20.081285], [93.333832, 20.1022], [93.340668, 20.1022], [93.355968, 20.038398], [93.361827, 20.026435], [93.372081, 20.030829], [93.374522, 20.050605], [93.374848, 20.088528], [93.382335, 20.088528], [93.383962, 20.064399], [93.40447, 20.012926], [93.409679, 19.988593], [93.413585, 19.977525], [93.423188, 19.965318], [93.435313, 19.95539], [93.446544, 19.951361], [93.457042, 19.95425], [93.463227, 19.961819], [93.47047, 19.984849], [93.475434, 19.97956], [93.487315, 19.970201], [93.492198, 19.964993], [93.49586, 19.977362], [93.503429, 19.986274], [93.513682, 19.993069], [93.525645, 19.999172], [93.529552, 19.992174], [93.531912, 19.984849], [93.516856, 19.981187], [93.511974, 19.970445], [93.5171, 19.958564], [93.531912, 19.951361], [93.518321, 19.939602], [93.529063, 19.93008], [93.565929, 19.916571], [93.559581, 19.912909], [93.551606, 19.905748], [93.546723, 19.902899], [93.554698, 19.893866], [93.566742, 19.885932], [93.58074, 19.881334], [93.594005, 19.882473], [93.600841, 19.888577], [93.608409, 19.906643], [93.611339, 19.910346], [93.629161, 19.909491], [93.638194, 19.910305], [93.645518, 19.913479], [93.656505, 19.916205], [93.70753, 19.916571], [93.711599, 19.919664], [93.711681, 19.933824], [93.71754, 19.93769], [93.726248, 19.936591], [93.733653, 19.932115], [93.740001, 19.925116], [93.745372, 19.916571], [93.730479, 19.914293], [93.725597, 19.905585], [93.72877, 19.893785], [93.738048, 19.882473], [93.703949, 19.885199], [93.679942, 19.883368], [93.660655, 19.870836], [93.606456, 19.796129], [93.60141, 19.783433], [93.60141, 19.718573], [93.615571, 19.723863], [93.623302, 19.733588], [93.635509, 19.759508], [93.636241, 19.735012], [93.648448, 19.725165], [93.693533, 19.724799], [93.702485, 19.734361], [93.708832, 19.753811], [93.721934, 19.768988], [93.751638, 19.765692], [93.741873, 19.754055], [93.718761, 19.743598], [93.711274, 19.731635], [93.709483, 19.713528], [93.713145, 19.697659], [93.720958, 19.685289], [93.731212, 19.677639], [93.761078, 19.674872], [93.783865, 19.691107], [93.799164, 19.717719], [93.806814, 19.745836], [93.813162, 19.739488], [93.827403, 19.718573], [93.816173, 19.703355], [93.802501, 19.68887], [93.794444, 19.67357], [93.800059, 19.65648], [93.778656, 19.662502], [93.756114, 19.661078], [93.738455, 19.651353], [93.731212, 19.632554], [93.739594, 19.617499], [93.777192, 19.603095], [93.785655, 19.591295], [93.794444, 19.571234], [93.814708, 19.553046], [93.855235, 19.526801], [93.882091, 19.501899], [93.892426, 19.498847], [93.916026, 19.498928], [93.926768, 19.497016], [93.937266, 19.492011], [93.9192, 19.48428], [93.914561, 19.472805], [93.923839, 19.462388], [93.947113, 19.457913], [93.978363, 19.463772], [93.984386, 19.464057], [93.991059, 19.45718], [93.990245, 19.449652], [93.984386, 19.437445], [93.988048, 19.404934], [93.987315, 19.386705], [93.980968, 19.37226], [93.963878, 19.348049], [93.961436, 19.346137], [93.953136, 19.343451], [93.950206, 19.341783], [93.949067, 19.337592], [93.950938, 19.325263], [93.950206, 19.320705], [93.929942, 19.29975], [93.865489, 19.254096], [93.834239, 19.238186], [93.796886, 19.235175], [93.754649, 19.247138], [93.722911, 19.268459], [93.71754, 19.293402], [93.687511, 19.296698], [93.665294, 19.305609], [93.621349, 19.334377], [93.636974, 19.349066], [93.631114, 19.372301], [93.611339, 19.403266], [93.577159, 19.403266], [93.568044, 19.406724], [93.563813, 19.41474], [93.560395, 19.423814], [93.552989, 19.430569], [93.530121, 19.432074], [93.507823, 19.422593], [93.490896, 19.40762], [93.484141, 19.392727], [93.483246, 19.350653], [93.487071, 19.333726], [93.497813, 19.31391], [93.556407, 19.238186], [93.567149, 19.231106], [93.594005, 19.176703], [93.607432, 19.162258], [93.642345, 19.134223], [93.649181, 19.118638], [93.65089, 19.108791], [93.65504, 19.097073], [93.660411, 19.085761], [93.66627, 19.077379], [93.670909, 19.066881], [93.667735, 19.043931], [93.669688, 19.032701], [93.678884, 19.019599], [93.686046, 19.018215], [93.693533, 19.020575], [93.703868, 19.018459], [93.714854, 19.010199], [93.721202, 19.001288], [93.726736, 18.991767], [93.73463, 18.981187], [93.750255, 18.970404], [93.793956, 18.953925], [93.813731, 18.943996], [93.865733, 18.895494], [93.9074, 18.881781], [93.920258, 18.867377], [93.930431, 18.858629], [93.944102, 18.868232], [93.941905, 18.869859], [93.939138, 18.876207], [93.937185, 18.883775], [93.937266, 18.88935], [93.939301, 18.89053], [93.947927, 18.894232], [93.950206, 18.895494], [93.973888, 18.922797], [93.97755, 18.933417], [93.978689, 18.941596], [93.983409, 18.956692], [93.984386, 18.967841], [93.981212, 18.980658], [93.964529, 19.001044], [93.957774, 19.012193], [93.952485, 19.03205], [93.950206, 19.098212], [93.952403, 19.109849], [93.955577, 19.118313], [93.955414, 19.126899], [93.947113, 19.139146], [93.914887, 19.169582], [93.909923, 19.176703], [93.910411, 19.190985], [93.916026, 19.203925], [93.925466, 19.210273], [93.937266, 19.204657], [93.941173, 19.194973], [93.942638, 19.169908], [93.947113, 19.159654], [93.973481, 19.146308], [93.994395, 19.159084], [94.010427, 19.179999], [94.022227, 19.190985], [94.033376, 19.204535], [94.033214, 19.235093], [94.025238, 19.286566], [94.03061, 19.315904], [94.056977, 19.363349], [94.066905, 19.388983], [94.073904, 19.373847], [94.069672, 19.350898], [94.059906, 19.329901], [94.049978, 19.320705], [94.045909, 19.304674], [94.053233, 19.221381], [94.050548, 19.208319], [94.037364, 19.181871], [94.032725, 19.169257], [94.031912, 19.153998], [94.037852, 19.13227], [94.039073, 19.122056], [94.034434, 19.105862], [94.029063, 19.095404], [94.030528, 19.087958], [94.04656, 19.081122], [94.056651, 19.080959], [94.080089, 19.087348], [94.094249, 19.087348], [94.086925, 19.080512], [94.060069, 19.063707], [94.061697, 19.057074], [94.064464, 19.049384], [94.066091, 19.042873], [94.063487, 19.040188], [94.053233, 19.022162], [94.051036, 19.014594], [94.041189, 18.997626], [94.039073, 18.984931], [94.040375, 18.971177], [94.053233, 18.93651], [94.036632, 18.918036], [94.032074, 18.888577], [94.038097, 18.859117], [94.053233, 18.840888], [94.05714, 18.843736], [94.066905, 18.848334], [94.078461, 18.833075], [94.098399, 18.821723], [94.11964, 18.816636], [94.135102, 18.820461], [94.133311, 18.831855], [94.133556, 18.846503], [94.138194, 18.860093], [94.148936, 18.868232], [94.147309, 18.83983], [94.153087, 18.821031], [94.182953, 18.785631], [94.212413, 18.741848], [94.228038, 18.735541], [94.252452, 18.752143], [94.263682, 18.74551], [94.279307, 18.738511], [94.211599, 18.725531], [94.174571, 18.725043], [94.156423, 18.738511], [94.148936, 18.738511], [94.148936, 18.731024], [94.24879, 18.638861], [94.25294, 18.627997], [94.262218, 18.545111], [94.258962, 18.535712], [94.244965, 18.539252], [94.258962, 18.509019], [94.279633, 18.480211], [94.331065, 18.425971], [94.339203, 18.410224], [94.344005, 18.391262], [94.350597, 18.37523], [94.365489, 18.368598], [94.389659, 18.362698], [94.399587, 18.348212], [94.405284, 18.330308], [94.417003, 18.313951], [94.409028, 18.308824], [94.396983, 18.291449], [94.389171, 18.286038], [94.378591, 18.287095], [94.365896, 18.29857], [94.350271, 18.292914], [94.339203, 18.305976], [94.331065, 18.303127], [94.327973, 18.295111], [94.326182, 18.281643], [94.325857, 18.267727], [94.327647, 18.258734], [94.341563, 18.247504], [94.360606, 18.24608], [94.406505, 18.251288], [94.422862, 18.242499], [94.430186, 18.222154], [94.436778, 18.182359], [94.441091, 18.176418], [94.452322, 18.165107], [94.457856, 18.155707], [94.460623, 18.144192], [94.460623, 18.132799], [94.461925, 18.121772], [94.480968, 18.094224], [94.490571, 18.072496], [94.494884, 18.048814], [94.492198, 18.025946], [94.481781, 18.015204], [94.450857, 18.002427], [94.444347, 17.988105], [94.447439, 17.973334], [94.483409, 17.902289], [94.489513, 17.876207], [94.492198, 17.816799], [94.50172, 17.786607], [94.543956, 17.748033], [94.553477, 17.727362], [94.556895, 17.68244], [94.562999, 17.661689], [94.573985, 17.641791], [94.589529, 17.62641], [94.595225, 17.615465], [94.591075, 17.604193], [94.590668, 17.593248], [94.609223, 17.559556], [94.615001, 17.545559], [94.597016, 17.557766], [94.576915, 17.576239], [94.560313, 17.582099], [94.553477, 17.556383], [94.553884, 17.543606], [94.555431, 17.538398], [94.559337, 17.532904], [94.56658, 17.518866], [94.570323, 17.505194], [94.570079, 17.493964], [94.56658, 17.47663], [94.567719, 17.462877], [94.576834, 17.358344], [94.594493, 17.292304], [94.584483, 17.30329], [94.57252, 17.311103], [94.559337, 17.316311], [94.546153, 17.319648], [94.545421, 17.296088], [94.533214, 17.290351], [94.518891, 17.288153], [94.511974, 17.275214], [94.508637, 17.230129], [94.511974, 17.21719], [94.517833, 17.212551], [94.526622, 17.209418], [94.535004, 17.205146], [94.539887, 17.196723], [94.537852, 17.187405], [94.530447, 17.181952], [94.522472, 17.177802], [94.518809, 17.172512], [94.510916, 17.169013], [94.464692, 17.189276], [94.454356, 17.18008], [94.452647, 17.166205], [94.457774, 17.153754], [94.485688, 17.141018], [94.48878, 17.124213], [94.484141, 17.105699], [94.478363, 17.093085], [94.461925, 17.069648], [94.457856, 17.059556], [94.456716, 17.050605], [94.457774, 16.982896], [94.453868, 16.965237], [94.444347, 16.949652], [94.464692, 16.949652], [94.435313, 16.910142], [94.423188, 16.901272], [94.411876, 16.900702], [94.400645, 16.904446], [94.390636, 16.906643], [94.382335, 16.901272], [94.378917, 16.886949], [94.383474, 16.872016], [94.396495, 16.846625], [94.400645, 16.830634], [94.40268, 16.788275], [94.398448, 16.775784], [94.379649, 16.755357], [94.375499, 16.74079], [94.373383, 16.729315], [94.364431, 16.701117], [94.362315, 16.685858], [94.36199, 16.635484], [94.352061, 16.618598], [94.327647, 16.606431], [94.327647, 16.600246], [94.346202, 16.592434], [94.348969, 16.578111], [94.341319, 16.548407], [94.331065, 16.528632], [94.308604, 16.527777], [94.273123, 16.538153], [94.268321, 16.527493], [94.273123, 16.466498], [94.258637, 16.387356], [94.25408, 16.379462], [94.24171, 16.366034], [94.238129, 16.360663], [94.235362, 16.348375], [94.237804, 16.273139], [94.215099, 16.15766], [94.209239, 16.044501], [94.209809, 16.028998], [94.21461, 16.014797], [94.239513, 15.976304], [94.251475, 15.968451], [94.265636, 15.975084], [94.286632, 15.997504], [94.300792, 15.989732], [94.321462, 15.989936], [94.340017, 15.996243], [94.347992, 16.007148], [94.351329, 16.034369], [94.360606, 16.049262], [94.375743, 16.056057], [94.396495, 16.058987], [94.428071, 16.074164], [94.455577, 16.105618], [94.507009, 16.189602], [94.513194, 16.205146], [94.517345, 16.223944], [94.518809, 16.247382], [94.515636, 16.287258], [94.521169, 16.295478], [94.539887, 16.291693], [94.547618, 16.286566], [94.554047, 16.279731], [94.562022, 16.273749], [94.573985, 16.271308], [94.583669, 16.274848], [94.59254, 16.283515], [94.598888, 16.293647], [94.6067, 16.325995], [94.618175, 16.342027], [94.629731, 16.344184], [94.635509, 16.326483], [94.615001, 16.285549], [94.592621, 16.259223], [94.582042, 16.243476], [94.583995, 16.236518], [94.6067, 16.243109], [94.62794, 16.260199], [94.643728, 16.283515], [94.64975, 16.308824], [94.655121, 16.322699], [94.678477, 16.348538], [94.683849, 16.364081], [94.683849, 16.422065], [94.670177, 16.50967], [94.677013, 16.531968], [94.68393, 16.51081], [94.697276, 16.508368], [94.73227, 16.524563], [94.731619, 16.510199], [94.725434, 16.505113], [94.717296, 16.502916], [94.710704, 16.497219], [94.706228, 16.484442], [94.705821, 16.47309], [94.72169, 16.378485], [94.73227, 16.367499], [94.73227, 16.360663], [94.720551, 16.362128], [94.710704, 16.360338], [94.704926, 16.353217], [94.685313, 16.291978], [94.673595, 16.274726], [94.665212, 16.257636], [94.668712, 16.240871], [94.683849, 16.209174], [94.686697, 16.165351], [94.678884, 16.121283], [94.663341, 16.079983], [94.642345, 16.044664], [94.588715, 15.996243], [94.562348, 15.961859], [94.56658, 15.935492], [94.589854, 15.931586], [94.614757, 15.943671], [94.671397, 15.996568], [94.68922, 16.00731], [94.705333, 16.020657], [94.718028, 16.044664], [94.725434, 16.06391], [94.752208, 16.107408], [94.765961, 16.139472], [94.775157, 16.151557], [94.793712, 16.162014], [94.792654, 16.147895], [94.785167, 16.139635], [94.776622, 16.134914], [94.772716, 16.131008], [94.771983, 16.110989], [94.769786, 16.102281], [94.76588, 16.093166], [94.758067, 16.083441], [94.749034, 16.07567], [94.74171, 16.067288], [94.73227, 16.017401], [94.703136, 15.982367], [94.665538, 15.957913], [94.628673, 15.939154], [94.601329, 15.92121], [94.610199, 15.904975], [94.622406, 15.891547], [94.632823, 15.889716], [94.635509, 15.908149], [94.644542, 15.887112], [94.648936, 15.868598], [94.658702, 15.854478], [94.683849, 15.846747], [94.703868, 15.848456], [94.721202, 15.856676], [94.735199, 15.868394], [94.745372, 15.880845], [94.774181, 15.943345], [94.786876, 15.962144], [94.846202, 15.999986], [94.855235, 16.013983], [94.856456, 16.0185], [94.869395, 16.040961], [94.867686, 16.045315], [94.864024, 16.049628], [94.862071, 16.055609], [94.859874, 16.065416], [94.850597, 16.085761], [94.848399, 16.096503], [94.849457, 16.139797], [94.854666, 16.160224], [94.865733, 16.168891], [94.868419, 16.173896], [94.893077, 16.205756], [94.902517, 16.209621], [94.924653, 16.208808], [94.942882, 16.216376], [94.96697, 16.220404], [94.971934, 16.226549], [94.974783, 16.231513], [94.988048, 16.244371], [94.992442, 16.2508], [94.986827, 16.232245], [94.975108, 16.214342], [94.959239, 16.200873], [94.940929, 16.195543], [94.917328, 16.192369], [94.900076, 16.183783], [94.887055, 16.170803], [94.868419, 16.142035], [94.863129, 16.127753], [94.863536, 16.112372], [94.880219, 16.079983], [94.884532, 16.036038], [94.889334, 16.017401], [94.924083, 16.03852], [94.920665, 16.018622], [94.907237, 16.006049], [94.889496, 15.999457], [94.872569, 15.997504], [94.862804, 15.991767], [94.850352, 15.978095], [94.83961, 15.962063], [94.834727, 15.949164], [94.835948, 15.936672], [94.848399, 15.908149], [94.850108, 15.895453], [94.848399, 15.863756], [94.853201, 15.840277], [94.863943, 15.844143], [94.882579, 15.867174], [94.887706, 15.864203], [94.892833, 15.856635], [94.896332, 15.847398], [94.896739, 15.83926], [94.890391, 15.827053], [94.880544, 15.82038], [94.869314, 15.815497], [94.858653, 15.808824], [94.846853, 15.790595], [94.858653, 15.78262], [94.903575, 15.777818], [94.937755, 15.764146], [94.949962, 15.762641], [94.975597, 15.764146], [94.980724, 15.766832], [94.986176, 15.773342], [94.990489, 15.781236], [94.992442, 15.788398], [94.997569, 15.795315], [95.009939, 15.799302], [95.023774, 15.802191], [95.033946, 15.805732], [95.046886, 15.822089], [95.055024, 15.846137], [95.072927, 15.970649], [95.073741, 15.997504], [95.067882, 16.048326], [95.070567, 16.074856], [95.094005, 16.093655], [95.121593, 16.131659], [95.128917, 16.148383], [95.135753, 16.148383], [95.142426, 16.134833], [95.148692, 16.132025], [95.155528, 16.134019], [95.163097, 16.134711], [95.178477, 16.13996], [95.183604, 16.140937], [95.188813, 16.138821], [95.193696, 16.129381], [95.200694, 16.127265], [95.21225, 16.126532], [95.222504, 16.124172], [95.225922, 16.11994], [95.217621, 16.113593], [95.207205, 16.111558], [95.173595, 16.113593], [95.13795, 16.100328], [95.110199, 16.06745], [95.097667, 16.025133], [95.107758, 15.983873], [95.128917, 16.03852], [95.137543, 16.006659], [95.115245, 15.893948], [95.116222, 15.855292], [95.125743, 15.817613], [95.144542, 15.78913], [95.173595, 15.777818], [95.212738, 15.786566], [95.224376, 15.810126], [95.217621, 15.884263], [95.223969, 15.918606], [95.239024, 15.950344], [95.27296, 16.00373], [95.27589, 15.970649], [95.262706, 15.940904], [95.246104, 15.915229], [95.23878, 15.893948], [95.251638, 15.868232], [95.27475, 15.876451], [95.29713, 15.902981], [95.31186, 15.947089], [95.341807, 15.983873], [95.345714, 15.996487], [95.348643, 16.041571], [95.345551, 16.060858], [95.331798, 16.091051], [95.327485, 16.107408], [95.330251, 16.11994], [95.338227, 16.129869], [95.347911, 16.138821], [95.355479, 16.148383], [95.361583, 16.148383], [95.356619, 16.129136], [95.34962, 16.116929], [95.34547, 16.104967], [95.348643, 16.08633], [95.363617, 16.054511], [95.3685, 16.038804], [95.369151, 16.017401], [95.364268, 15.984565], [95.354747, 15.951361], [95.338552, 15.922024], [95.313975, 15.900702], [95.317719, 15.884182], [95.312673, 15.866523], [95.302257, 15.852484], [95.290294, 15.846747], [95.282563, 15.838324], [95.287934, 15.740139], [95.294444, 15.727851], [95.310557, 15.723212], [95.374197, 15.715033], [95.396495, 15.716376], [95.415782, 15.722968], [95.431977, 15.733629], [95.461599, 15.760728], [95.523448, 15.803656], [95.664724, 15.949205], [95.687348, 15.988227], [95.690684, 16.000678], [95.690684, 16.048489], [95.697032, 16.065985], [95.725271, 16.106431], [95.73227, 16.127265], [95.724864, 16.222846], [95.73463, 16.212836], [95.741222, 16.19481], [95.744802, 16.174628], [95.74586, 16.158352], [95.755544, 16.14525], [95.776622, 16.140692], [95.797699, 16.144924], [95.818126, 16.176011], [95.889903, 16.243964], [95.886241, 16.217678], [95.883067, 16.209174], [95.907888, 16.211737], [95.92213, 16.225409], [95.933849, 16.243109], [95.951427, 16.257636], [95.948578, 16.239325], [95.941742, 16.226549], [95.942393, 16.219062], [95.961925, 16.216702], [95.979991, 16.223131], [96.018809, 16.256741], [96.067556, 16.310248], [96.06658, 16.335639], [96.006602, 16.387356], [96.077403, 16.360826], [96.088552, 16.349799], [96.097667, 16.328559], [96.118988, 16.321763], [96.144054, 16.324897], [96.164236, 16.332709], [96.221818, 16.344787], [96.285336, 16.365993], [96.304698, 16.406399], [96.3213, 16.415269], [96.336436, 16.439439], [96.327322, 16.453437], [96.310069, 16.464586], [96.294444, 16.491523], [96.246349, 16.554877], [96.23463, 16.576361], [96.231944, 16.587226], [96.233653, 16.597886], [96.243826, 16.619452], [96.246104, 16.631293], [96.240896, 16.650133], [96.214854, 16.679633], [96.2046, 16.696479], [96.197765, 16.734036], [96.194102, 16.74315], [96.176931, 16.762274], [96.171153, 16.771552], [96.206554, 16.777493], [96.257579, 16.815904], [96.28712, 16.813137], [96.274913, 16.80268], [96.234548, 16.776923], [96.225759, 16.761298], [96.22641, 16.739407], [96.229259, 16.718736], [96.235525, 16.697821], [96.255626, 16.657294], [96.261567, 16.640692], [96.264985, 16.621772], [96.265961, 16.596829], [96.273123, 16.582099], [96.289806, 16.56684], [96.357107, 16.5185], [96.377126, 16.508124], [96.400157, 16.504055], [96.436261, 16.477768], [96.497627, 16.484187], [96.55898, 16.496897], [96.615943, 16.518005], [96.640027, 16.545373], [96.679473, 16.574868], [96.698416, 16.62995], [96.716319, 16.658352], [96.725841, 16.669135], [96.766124, 16.697089], [96.783214, 16.712348], [96.801036, 16.737372], [96.790863, 16.747463], [96.789399, 16.75609], [96.796397, 16.762356], [96.81129, 16.764716], [96.825694, 16.799384], [96.831879, 16.821926], [96.84669, 16.844916], [96.848888, 16.860297], [96.844005, 16.873928], [96.834321, 16.88524], [96.821544, 16.894355], [96.807872, 16.901272], [96.807872, 16.908677], [96.820811, 16.907538], [96.842784, 16.902493], [96.855724, 16.901272], [96.848399, 16.909329], [96.84254, 16.91767], [96.838064, 16.926459], [96.835216, 16.936021], [96.868337, 16.928412], [96.87908, 16.934719], [96.886892, 16.979397], [96.904959, 17.010403], [96.910899, 17.024807], [96.910167, 17.06684], [96.895274, 17.101549], [96.855724, 17.168769], [96.849376, 17.212958], [96.865489, 17.240302], [96.890473, 17.260932], [96.910899, 17.284857], [96.910655, 17.317084], [96.884613, 17.338853], [96.851248, 17.359565], [96.82838, 17.388495], [96.821544, 17.394721], [96.82488, 17.398383], [96.829845, 17.402411], [96.835704, 17.406195], [96.842052, 17.409003], [96.844493, 17.402655], [96.852061, 17.394029], [96.855724, 17.388495], [96.863455, 17.403388], [96.871593, 17.441718], [96.883067, 17.457424], [96.888357, 17.444281], [96.887055, 17.411851], [96.889903, 17.394721], [96.895518, 17.38467], [96.904552, 17.375312], [97.013357, 17.29914], [97.007172, 17.278062], [97.023611, 17.267483], [97.048676, 17.26081], [97.068614, 17.25137], [97.078624, 17.23135], [97.081798, 17.209784], [97.088715, 17.193508], [97.10963, 17.189276], [97.10963, 17.18244], [97.095958, 17.165758], [97.100271, 17.133775], [97.114431, 17.100328], [97.130626, 17.079413], [97.141938, 17.099351], [97.14796, 17.116889], [97.158051, 17.129299], [97.181895, 17.134019], [97.202647, 17.131578], [97.222341, 17.125434], [97.260997, 17.107327], [97.233653, 17.09516], [97.202403, 17.106024], [97.17449, 17.112494], [97.157237, 17.086859], [97.158539, 17.073717], [97.164561, 17.059312], [97.17213, 17.046576], [97.178477, 17.038479], [97.195079, 17.021877], [97.198253, 17.013495], [97.198985, 16.997463], [97.186697, 16.947008], [97.183279, 16.921536], [97.19158, 16.901272], [97.202403, 16.906806], [97.211436, 16.907864], [97.219493, 16.901272], [97.205821, 16.874579], [97.2046, 16.859809], [97.204845, 16.845201], [97.208995, 16.833197], [97.219493, 16.826158], [97.220876, 16.840644], [97.224294, 16.853258], [97.233084, 16.874579], [97.240489, 16.874579], [97.233409, 16.848944], [97.233084, 16.83983], [97.235688, 16.829535], [97.244802, 16.81745], [97.230209, 16.796646], [97.230173, 16.769142], [97.240276, 16.731901], [97.255445, 16.697869], [97.285836, 16.658922], [97.311194, 16.652366], [97.329828, 16.679847], [97.337413, 16.655504], [97.337413, 16.631578], [97.370291, 16.483547], [97.386485, 16.503892], [97.402599, 16.516913], [97.423106, 16.523424], [97.452159, 16.524563], [97.458751, 16.523383], [97.470714, 16.519232], [97.476329, 16.518297], [97.484141, 16.520209], [97.489431, 16.524482], [97.493988, 16.528998], [97.499848, 16.531968], [97.52296, 16.536444], [97.54835, 16.538153], [97.612966, 16.530585], [97.630382, 16.531968], [97.652843, 16.539862], [97.703543, 16.573554], [97.712901, 16.579779], [97.721853, 16.57685], [97.729503, 16.572496], [97.735525, 16.566799], [97.740245, 16.559272], [97.740082, 16.559231], [97.703136, 16.552069], [97.673839, 16.533433], [97.651866, 16.507229], [97.637218, 16.477362], [97.626638, 16.437567], [97.623057, 16.394477], [97.626475, 16.35163], [97.637218, 16.312201], [97.646739, 16.29328], [97.649913, 16.28384], [97.65089, 16.271308], [97.648204, 16.259223], [97.639008, 16.238349], [97.61964, 16.125434], [97.612153, 16.107408], [97.600841, 16.092475], [97.585948, 16.08633], [97.576996, 16.084703], [97.571788, 16.080024], [97.569347, 16.072577], [97.568858, 16.062405], [97.575938, 16.022162], [97.575694, 16.017401], [97.582286, 16.009101], [97.609711, 15.983873], [97.637218, 15.949164], [97.691417, 15.912299], [97.71225, 15.887681], [97.706065, 15.860338], [97.721365, 15.856187], [97.727061, 15.843207], [97.72641, 15.777818], [97.723399, 15.771796], [97.714122, 15.763373], [97.712901, 15.75731], [97.716807, 15.749457], [97.730805, 15.733954], [97.733897, 15.726304], [97.7317, 15.718411], [97.727387, 15.710028], [97.725597, 15.701321], [97.730235, 15.692125], [97.738455, 15.679918], [97.743663, 15.664862], [97.744477, 15.650702], [97.740245, 15.641262], [97.74464, 15.634426], [97.747325, 15.626166], [97.747325, 15.617743], [97.743663, 15.610256], [97.742931, 15.604478], [97.767426, 15.544013], [97.774262, 15.531399], [97.761892, 15.503892], [97.761404, 15.490546], [97.786876, 15.41942], [97.79477, 15.407904], [97.775157, 15.393134], [97.766938, 15.38935], [97.760753, 15.394232], [97.750499, 15.360093], [97.740896, 15.358954], [97.73406, 15.355292], [97.729503, 15.348944], [97.72641, 15.339586], [97.738292, 15.329006], [97.742035, 15.317939], [97.740245, 15.291815], [97.740896, 15.27558], [97.743175, 15.266832], [97.769379, 15.223334], [97.780284, 15.211493], [97.794932, 15.208808], [97.822765, 15.209296], [97.810883, 15.191148], [97.80714, 15.174954], [97.810232, 15.09512], [97.806814, 15.075263], [97.79477, 15.058498], [97.799083, 15.051459], [97.804373, 15.038235], [97.80836, 15.031155], [97.796886, 15.032457], [97.787446, 15.030707], [97.779796, 15.025784], [97.774262, 15.017483], [97.791189, 15.008734], [97.804373, 14.998684], [97.812836, 14.983344], [97.815929, 14.958808], [97.813731, 14.950181], [97.804454, 14.935981], [97.802257, 14.924709], [97.802501, 14.900946], [97.800304, 14.890326], [97.79477, 14.880316], [97.794932, 14.880154], [97.815115, 14.850816], [97.84254, 14.736314], [97.845958, 14.729926], [97.850352, 14.723619], [97.856212, 14.718492], [97.863048, 14.715806], [97.875499, 14.716742], [97.883067, 14.721503], [97.888357, 14.726955], [97.893809, 14.729478], [97.902192, 14.737698], [97.894542, 14.77969], [97.897227, 14.797756], [97.904063, 14.797756], [97.906749, 14.775946], [97.917166, 14.758612], [97.931163, 14.752183], [97.945567, 14.763617], [97.946056, 14.76968], [97.94337, 14.776679], [97.939952, 14.782416], [97.938162, 14.784735], [97.945323, 14.795315], [97.94988, 14.798896], [97.951834, 14.794338], [97.953868, 14.787746], [97.958832, 14.77851], [97.965668, 14.769517], [97.972911, 14.763617], [97.96461, 14.747056], [97.971039, 14.735907], [97.985362, 14.728176], [98.000255, 14.722073], [97.982188, 14.715277], [97.992442, 14.693101], [98.027599, 14.647528], [97.992442, 14.663723], [97.968516, 14.696519], [97.943126, 14.720201], [97.904063, 14.70897], [97.885509, 14.684068], [97.885509, 14.655951], [97.900076, 14.630316], [97.925059, 14.612779], [97.913585, 14.586737], [97.921397, 14.557685], [97.951834, 14.502916], [97.962087, 14.45775], [97.966075, 14.44831], [97.97641, 14.443752], [97.984223, 14.449652], [97.991466, 14.460028], [98.000255, 14.468736], [97.995942, 14.449693], [97.982595, 14.419257], [97.979747, 14.397406], [97.981293, 14.376451], [97.986013, 14.352607], [97.9935, 14.330512], [98.014822, 14.299506], [98.041759, 14.242865], [98.08961, 14.181383], [98.095225, 14.193793], [98.101085, 14.19184], [98.106456, 14.18122], [98.110118, 14.167792], [98.096446, 14.167792], [98.108572, 14.132636], [98.110118, 14.123033], [98.107677, 14.110012], [98.097423, 14.09219], [98.096446, 14.078355], [98.08839, 14.063463], [98.066254, 14.032701], [98.061697, 14.010077], [98.065603, 13.989325], [98.079275, 13.948065], [98.082286, 13.924465], [98.08546, 13.917914], [98.093028, 13.912177], [98.101248, 13.908026], [98.1067, 13.90644], [98.11085, 13.902167], [98.109141, 13.892483], [98.103282, 13.87637], [98.104015, 13.834703], [98.110118, 13.790351], [98.088878, 13.795111], [98.082774, 13.769965], [98.092052, 13.739691], [98.116954, 13.728949], [98.113455, 13.722805], [98.1067, 13.707017], [98.103282, 13.700995], [98.116384, 13.695054], [98.12379, 13.693508], [98.147634, 13.69477], [98.160411, 13.690253], [98.168793, 13.680813], [98.167654, 13.673163], [98.151052, 13.673733], [98.158051, 13.658189], [98.158458, 13.64232], [98.151866, 13.630357], [98.137462, 13.626532], [98.141368, 13.621161], [98.146983, 13.611151], [98.151052, 13.606024], [98.143728, 13.601264], [98.134776, 13.591742], [98.129731, 13.582343], [98.134288, 13.578111], [98.141368, 13.573228], [98.142751, 13.561713], [98.1421, 13.548082], [98.144298, 13.537095], [98.145844, 13.542914], [98.149669, 13.550116], [98.151052, 13.557603], [98.163829, 13.543524], [98.171072, 13.537828], [98.178966, 13.537095], [98.18686, 13.54385], [98.183442, 13.551703], [98.17156, 13.56387], [98.168468, 13.584296], [98.168956, 13.59398], [98.17156, 13.606024], [98.175304, 13.616604], [98.178884, 13.622626], [98.182384, 13.627102], [98.185802, 13.632758], [98.19337, 13.651557], [98.196056, 13.668362], [98.193533, 13.686265], [98.179454, 13.732408], [98.187999, 13.815131], [98.197276, 13.850328], [98.199474, 13.869208], [98.19516, 13.886949], [98.180186, 13.925035], [98.182384, 13.937812], [98.19337, 13.951809], [98.198253, 13.964911], [98.199474, 13.992743], [98.1963, 13.99787], [98.18214, 14.014309], [98.178966, 14.019721], [98.180024, 14.031643], [98.184581, 14.052558], [98.185802, 14.064683], [98.192149, 14.064683], [98.197032, 14.048163], [98.208669, 14.029608], [98.222423, 14.013088], [98.233653, 14.002631], [98.233653, 13.996487], [98.227224, 13.988959], [98.227794, 13.981269], [98.231212, 13.97248], [98.233653, 13.961656], [98.233653, 13.917304], [98.248057, 13.862779], [98.254161, 13.851793], [98.247813, 13.837592], [98.248383, 13.82453], [98.251964, 13.811672], [98.254161, 13.797797], [98.251964, 13.782538], [98.240489, 13.746039], [98.244802, 13.714057], [98.257335, 13.706366], [98.276703, 13.70718], [98.302013, 13.700995], [98.295665, 13.687974], [98.288259, 13.69477], [98.298839, 13.671047], [98.336436, 13.619818], [98.336111, 13.598578], [98.356619, 13.584866], [98.361095, 13.576158], [98.357188, 13.56387], [98.370616, 13.559516], [98.383962, 13.551907], [98.394054, 13.542792], [98.403331, 13.522447], [98.426443, 13.490058], [98.431651, 13.478746], [98.42921, 13.471177], [98.419444, 13.462226], [98.41863, 13.454576], [98.422374, 13.446601], [98.428233, 13.441799], [98.434418, 13.438463], [98.439138, 13.43476], [98.445323, 13.424302], [98.450938, 13.411363], [98.453787, 13.396389], [98.45281, 13.379462], [98.458995, 13.39997], [98.464203, 13.407701], [98.473155, 13.413031], [98.471202, 13.394192], [98.47169, 13.38642], [98.473155, 13.379462], [98.460134, 13.36933], [98.46046, 13.35578], [98.473155, 13.324897], [98.472423, 13.313625], [98.47283, 13.302924], [98.475271, 13.292914], [98.479991, 13.283881], [98.489919, 13.297838], [98.495128, 13.285468], [98.500499, 13.249172], [98.553071, 13.208075], [98.565929, 13.201361], [98.578461, 13.186754], [98.583344, 13.113959], [98.589854, 13.084662], [98.582042, 13.077053], [98.580414, 13.065375], [98.583832, 13.026597], [98.586192, 13.016506], [98.59669, 12.995917], [98.610362, 12.959621], [98.614024, 12.954291], [98.606781, 12.950629], [98.600108, 12.941636], [98.589854, 12.919582], [98.601248, 12.911038], [98.624766, 12.884223], [98.634288, 12.878607], [98.651378, 12.797309], [98.646983, 12.785793], [98.641775, 12.782416], [98.634532, 12.781195], [98.624034, 12.77619], [98.618988, 12.775092], [98.617442, 12.777411], [98.617849, 12.766262], [98.627696, 12.756252], [98.670177, 12.760932], [98.678722, 12.756293], [98.673025, 12.746812], [98.663097, 12.745103], [98.652354, 12.745429], [98.644542, 12.742011], [98.64088, 12.734687], [98.641775, 12.728095], [98.648448, 12.723334], [98.661632, 12.721584], [98.689301, 12.728095], [98.692882, 12.725287], [98.691173, 12.710435], [98.686697, 12.702826], [98.680349, 12.697008], [98.673106, 12.687445], [98.667654, 12.674791], [98.66505, 12.64643], [98.672211, 12.631741], [98.673106, 12.625393], [98.669444, 12.624457], [98.661876, 12.625474], [98.654633, 12.625718], [98.651378, 12.62226], [98.644379, 12.600653], [98.631196, 12.579332], [98.623057, 12.558173], [98.63087, 12.537258], [98.639985, 12.531887], [98.650727, 12.530951], [98.661957, 12.531317], [98.673106, 12.529731], [98.681488, 12.52558], [98.694835, 12.517035], [98.703136, 12.51553], [98.709727, 12.512397], [98.708751, 12.505561], [98.701427, 12.498725], [98.68922, 12.495592], [98.651378, 12.495592], [98.628429, 12.492133], [98.616222, 12.485745], [98.611339, 12.473049], [98.610362, 12.450914], [98.605154, 12.428941], [98.607432, 12.41828], [98.62086, 12.413723], [98.626801, 12.409573], [98.651378, 12.385728], [98.684255, 12.373236], [98.699962, 12.363959], [98.706554, 12.347886], [98.697765, 12.327948], [98.676768, 12.315253], [98.587657, 12.297065], [98.56837, 12.29092], [98.552013, 12.279608], [98.540212, 12.260972], [98.539073, 12.241767], [98.54713, 12.223456], [98.563243, 12.207668], [98.570811, 12.203518], [98.588552, 12.197699], [98.59669, 12.193996], [98.62143, 12.20897], [98.64088, 12.224555], [98.662934, 12.236802], [98.6963, 12.241767], [98.703298, 12.237779], [98.710216, 12.228013], [98.713715, 12.215766], [98.709727, 12.20425], [98.695811, 12.193101], [98.667654, 12.17768], [98.658214, 12.166653], [98.673106, 12.166653], [98.673106, 12.159166], [98.650727, 12.155097], [98.637869, 12.151068], [98.63087, 12.146186], [98.629649, 12.131985], [98.636241, 12.122545], [98.640961, 12.113674], [98.634288, 12.101142], [98.6338, 12.090318], [98.64503, 12.07807], [98.658458, 12.067125], [98.66505, 12.060248], [98.712738, 12.063625], [98.703136, 12.048082], [98.705333, 12.036851], [98.713145, 12.025214], [98.720225, 12.008368], [98.721446, 11.997789], [98.720225, 11.964301], [98.714854, 11.961168], [98.702891, 11.959052], [98.690929, 11.954332], [98.67921, 11.932807], [98.664073, 11.920356], [98.64503, 11.910224], [98.627452, 11.905951], [98.578136, 11.906684], [98.558116, 11.899115], [98.549001, 11.878648], [98.63087, 11.878648], [98.673106, 11.892076], [98.694102, 11.89289], [98.706554, 11.878648], [98.680919, 11.877346], [98.667979, 11.863593], [98.66033, 11.845201], [98.651378, 11.830268], [98.648692, 11.831488], [98.64088, 11.832261], [98.631358, 11.832099], [98.624034, 11.830268], [98.619314, 11.825873], [98.603526, 11.803616], [98.63087, 11.803616], [98.632091, 11.792873], [98.628917, 11.791938], [98.623302, 11.79328], [98.617849, 11.789252], [98.605968, 11.769192], [98.603526, 11.761949], [98.603282, 11.753607], [98.608735, 11.7414], [98.610362, 11.731269], [98.616873, 11.7237], [98.647634, 11.700507], [98.674164, 11.685248], [98.684337, 11.682807], [98.692638, 11.686754], [98.703136, 11.697455], [98.708263, 11.709947], [98.708995, 11.724514], [98.712169, 11.736518], [98.723643, 11.741441], [98.725841, 11.74433], [98.737966, 11.756496], [98.740733, 11.758531], [98.744151, 11.762519], [98.761485, 11.760891], [98.768077, 11.761949], [98.79127, 11.802476], [98.800548, 11.813788], [98.810232, 11.822008], [98.816091, 11.833808], [98.80893, 11.851304], [98.825694, 11.825873], [98.812022, 11.802639], [98.790294, 11.77969], [98.78297, 11.755113], [98.804942, 11.736518], [98.87672, 11.722642], [98.891612, 11.693671], [98.884776, 11.693671], [98.872895, 11.700914], [98.85434, 11.707099], [98.83546, 11.71011], [98.822602, 11.707953], [98.818126, 11.698676], [98.818696, 11.687201], [98.817149, 11.677395], [98.805919, 11.673245], [98.795177, 11.676825], [98.787934, 11.683336], [98.780284, 11.68651], [98.768077, 11.68008], [98.752208, 11.681708], [98.741547, 11.665025], [98.735606, 11.642035], [98.733165, 11.624823], [98.736339, 11.588772], [98.733572, 11.573432], [98.720225, 11.557115], [98.725759, 11.548407], [98.717947, 11.531887], [98.720225, 11.522406], [98.728852, 11.517646], [98.745291, 11.524848], [98.754405, 11.522406], [98.763438, 11.506252], [98.765636, 11.467434], [98.774913, 11.453518], [98.735688, 11.450141], [98.715343, 11.443183], [98.706554, 11.423082], [98.698009, 11.388007], [98.702647, 11.379055], [98.727061, 11.385199], [98.721365, 11.367255], [98.721934, 11.350084], [98.726573, 11.333441], [98.74643, 11.285875], [98.759288, 11.268948], [98.757091, 11.263373], [98.750987, 11.257066], [98.745616, 11.236029], [98.733165, 11.207099], [98.733165, 11.176011], [98.724132, 11.156195], [98.702647, 11.143622], [98.658214, 11.131985], [98.67628, 11.100572], [98.688813, 11.092475], [98.706554, 11.097846], [98.710623, 11.076077], [98.718272, 11.058824], [98.722423, 11.044867], [98.716482, 11.032375], [98.708344, 11.027655], [98.700938, 11.02497], [98.695323, 11.020087], [98.692882, 11.00845], [98.696544, 11.00259], [98.713878, 10.989976], [98.720225, 10.980536], [98.712738, 10.974311], [98.717621, 10.960679], [98.716807, 10.942206], [98.712413, 10.924384], [98.706554, 10.912828], [98.703624, 10.916164], [98.68922, 10.913398], [98.675059, 10.908515], [98.673106, 10.905463], [98.663829, 10.908271], [98.652843, 10.917182], [98.64796, 10.919094], [98.634044, 10.913723], [98.625011, 10.902004], [98.61378, 10.890286], [98.581554, 10.882025], [98.578868, 10.87519], [98.581798, 10.867255], [98.586436, 10.861029], [98.59547, 10.856838], [98.620128, 10.85456], [98.63087, 10.850816], [98.624034, 10.843207], [98.615977, 10.838446], [98.606944, 10.836371], [98.59669, 10.837144], [98.602712, 10.819485], [98.599864, 10.805487], [98.583018, 10.781928], [98.577403, 10.770413], [98.569998, 10.743109], [98.563243, 10.727281], [98.55421, 10.737982], [98.543712, 10.745063], [98.532563, 10.746772], [98.521007, 10.740953], [98.531016, 10.732164], [98.538341, 10.718695], [98.538748, 10.704413], [98.528494, 10.693101], [98.510997, 10.722886], [98.498302, 10.731594], [98.476573, 10.734687], [98.463552, 10.729438], [98.459321, 10.715399], [98.458995, 10.672675], [98.46339, 10.630032], [98.495453, 10.556871], [98.500499, 10.515041], [98.493419, 10.472724], [98.494151, 10.45246], [98.512218, 10.422797], [98.528494, 10.364203], [98.528494, 10.343248], [98.5171, 10.30744], [98.512218, 10.26142], [98.507579, 10.24494], [98.490733, 10.204332], [98.489594, 10.197903], [98.490489, 10.190619], [98.493663, 10.179185], [98.513927, 10.146918], [98.514822, 10.101508], [98.521007, 10.069322], [98.521495, 10.059394], [98.52003, 10.038886], [98.521007, 10.028998], [98.524425, 10.021064], [98.533458, 10.006741], [98.53533, 9.997382], [98.543142, 9.987454], [98.560557, 10.002143], [98.589854, 10.04206], [98.644216, 10.155015], [98.66505, 10.185452], [98.687022, 10.208401], [98.696056, 10.2237], [98.70281, 10.262763], [98.718923, 10.312567], [98.731212, 10.337348], [98.735037, 10.343085], [98.739919, 10.347357], [98.747406, 10.350531], [98.746267, 10.329006], [98.730805, 10.291734], [98.727061, 10.27204], [98.725352, 10.251614], [98.72047, 10.227932], [98.712901, 10.205512], [98.689626, 10.162055], [98.662283, 10.085273], [98.64796, 10.069322], [98.603526, 9.993598], [98.599783, 9.980455], [98.59962, 9.973863], [98.610362, 9.96011], [98.612559, 9.965969], [98.623546, 9.96719], [98.633149, 9.962958], [98.63087, 9.952704], [98.622081, 9.947821], [98.599864, 9.948147], [98.59197, 9.942694], [98.583832, 9.930325], [98.573578, 9.920885], [98.571625, 9.915473], [98.578868, 9.911322], [98.586436, 9.909329], [98.589854, 9.905463], [98.58546, 9.894965], [98.570486, 9.884223], [98.576182, 9.87759], [98.567393, 9.873236], [98.559906, 9.873033], [98.553559, 9.876695], [98.549001, 9.883734], [98.536876, 9.872952], [98.520763, 9.854438], [98.512706, 9.836859], [98.530284, 9.825588], [98.534679, 9.81802], [98.54005, 9.810981], [98.549001, 9.809272], [98.558442, 9.815009], [98.574962, 9.835598], [98.583018, 9.842841], [98.574962, 9.824652], [98.566173, 9.810004], [98.555431, 9.798041], [98.541515, 9.788235], [98.532237, 9.785305], [98.524181, 9.78498], [98.516368, 9.782945], [98.507986, 9.774563], [98.5088, 9.770819], [98.509125, 9.748521], [98.507986, 9.740383], [98.514171, 9.740383], [98.51531, 9.744818], [98.516449, 9.747789], [98.521007, 9.754625], [98.529796, 9.749579], [98.538748, 9.747463], [98.559255, 9.747219], [98.565766, 9.742621], [98.56129, 9.733059], [98.553233, 9.724595], [98.549001, 9.723619], [98.543956, 9.706488], [98.531423, 9.703925], [98.515636, 9.710191], [98.500499, 9.719916], [98.493663, 9.71369], [98.506602, 9.705634], [98.513194, 9.694892], [98.51002, 9.686591], [98.493663, 9.685736], [98.511485, 9.662055], [98.514171, 9.654731], [98.511974, 9.650214], [98.502696, 9.638373], [98.500499, 9.634508], [98.490245, 9.634955], [98.47169, 9.621161], [98.46339, 9.604438], [98.483409, 9.596381], [98.48585, 9.593655], [98.489594, 9.58039], [98.493663, 9.575873], [98.50172, 9.575019], [98.520844, 9.577582], [98.528494, 9.575873], [98.531098, 9.566107], [98.519867, 9.553778], [98.486827, 9.528062], [98.457205, 9.548529], [98.443207, 9.520819], [98.425466, 9.432522], [98.40504, 9.396877], [98.397146, 9.378811], [98.383311, 9.316555], [98.375987, 9.298163], [98.364024, 9.281684], [98.361095, 9.268215], [98.351899, 9.25137], [98.352306, 9.235907], [98.370779, 9.226467], [98.355805, 9.209906], [98.34783, 9.202786], [98.339692, 9.199774], [98.326915, 9.203681], [98.322276, 9.209377], [98.323009, 9.189195], [98.32838, 9.164374], [98.341482, 9.141832], [98.370779, 9.103583], [98.382009, 9.071926], [98.365977, 9.06391], [98.342052, 9.062893], [98.329845, 9.052069], [98.332693, 9.026068], [98.342459, 9.018215], [98.361339, 9.023017], [98.391287, 9.035305], [98.367849, 9.009996], [98.358084, 8.995998], [98.360606, 8.983466], [98.364024, 8.973944], [98.351573, 8.973782], [98.336762, 8.977607], [98.333018, 8.980048], [98.32488, 8.975246], [98.312185, 8.951361], [98.292735, 8.924384], [98.283539, 8.884955], [98.261567, 8.850653], [98.256521, 8.828559], [98.252778, 8.766425], [98.250743, 8.759955], [98.247325, 8.753485], [98.239594, 8.745836], [98.231212, 8.740871], [98.224132, 8.735338], [98.219981, 8.726223], [98.22283, 8.712388], [98.238536, 8.673041], [98.240489, 8.651068], [98.238048, 8.641059], [98.226817, 8.610093], [98.226248, 8.605373], [98.226817, 8.589016], [98.225271, 8.584906], [98.222179, 8.580634], [98.219493, 8.575629], [98.219981, 8.569159], [98.230154, 8.556586], [98.244314, 8.546861], [98.253103, 8.534654], [98.247325, 8.514553], [98.223155, 8.540432], [98.215668, 8.553371], [98.213145, 8.572577], [98.209727, 8.581488], [98.202973, 8.573879], [98.198009, 8.556057], [98.199474, 8.534369], [98.242035, 8.40648], [98.26238, 8.312812], [98.271495, 8.297919], [98.277599, 8.283515], [98.277599, 8.240709], [98.281423, 8.225898], [98.286876, 8.219916], [98.293305, 8.215888], [98.301524, 8.213609], [98.312511, 8.212877], [98.323985, 8.209621], [98.328136, 8.202338], [98.331228, 8.195054], [98.356944, 8.185004], [98.375255, 8.150824], [98.391287, 8.136542], [98.402029, 8.148993], [98.404796, 8.155219], [98.405528, 8.164496], [98.411632, 8.164496], [98.424978, 8.148424], [98.446137, 8.175116], [98.462901, 8.216132], [98.462657, 8.243313], [98.456554, 8.258287], [98.456798, 8.277533], [98.453136, 8.294013], [98.422211, 8.306342], [98.428233, 8.316962], [98.445649, 8.3251], [98.466319, 8.32274], [98.466319, 8.335761], [98.473155, 8.335761], [98.479828, 8.325751], [98.486664, 8.324897], [98.491954, 8.331285], [98.493663, 8.343207], [98.500499, 8.343207], [98.510427, 8.331122], [98.526052, 8.33633], [98.541759, 8.349026], [98.552013, 8.360012], [98.567556, 8.367865], [98.585134, 8.368964], [98.598888, 8.374905], [98.603526, 8.397203], [98.620616, 8.390204], [98.6421, 8.385932], [98.655447, 8.379625], [98.64796, 8.366523], [98.631602, 8.354438], [98.626231, 8.346096], [98.622081, 8.292873], [98.624034, 8.281155], [98.63087, 8.281155], [98.63087, 8.287991], [98.637543, 8.287991], [98.648204, 8.284857], [98.677257, 8.303168], [98.6963, 8.308498], [98.703136, 8.298529], [98.706554, 8.225898], [98.712738, 8.225898], [98.727061, 8.253852], [98.744151, 8.214911], [98.747406, 8.199205], [98.747406, 8.181952], [98.743907, 8.149888], [98.747406, 8.136542], [98.745128, 8.087551], [98.747406, 8.068264], [98.752452, 8.060126], [98.765391, 8.047105], [98.768077, 8.038153], [98.770274, 8.023668], [98.775564, 8.023424], [98.788585, 8.034735], [98.792003, 8.040229], [98.794688, 8.048489], [98.800304, 8.052436], [98.812755, 8.044989], [98.817719, 8.036566], [98.824555, 8.01435], [98.829438, 8.006781], [98.843598, 8.002875], [98.857921, 8.00845], [98.872813, 8.016791], [98.888194, 8.021064], [98.891612, 8.024888], [98.898936, 8.042711], [98.905284, 8.048407], [98.917979, 8.051337], [98.92213, 8.048529], [98.923676, 8.041409], [98.929454, 8.030992], [98.937348, 8.024319], [98.953461, 8.015448], [98.96046, 8.006781], [98.963878, 7.998277], [98.96339, 7.992621], [98.961599, 7.986477], [98.96046, 7.976386], [98.967784, 7.956204], [98.984141, 7.947252], [99.000255, 7.942572], [99.007579, 7.935126], [99.02296, 7.909573], [99.028087, 7.903754], [99.040701, 7.901842], [99.050304, 7.905463], [99.069591, 7.924872], [99.070323, 7.907904], [99.064138, 7.878119], [99.062266, 7.859361], [99.056, 7.847357], [99.014415, 7.815009], [99.02768, 7.788886], [99.033214, 7.722805], [99.056, 7.69892], [99.091482, 7.69184], [99.112153, 7.705512], [99.121918, 7.733059], [99.124278, 7.767239], [99.130544, 7.767239], [99.137543, 7.74433], [99.153087, 7.730658], [99.172618, 7.719713], [99.192556, 7.705146], [99.206228, 7.68594], [99.214366, 7.679999], [99.230479, 7.677802], [99.243663, 7.671454], [99.255707, 7.657375], [99.262218, 7.643256], [99.258067, 7.636868], [99.246755, 7.634101], [99.249766, 7.627753], [99.259532, 7.620836], [99.268321, 7.6164], [99.277029, 7.617499], [99.285899, 7.621772], [99.292735, 7.620673], [99.300059, 7.575385], [99.307384, 7.550279], [99.308849, 7.528306], [99.295584, 7.507148], [99.303396, 7.504625], [99.325206, 7.504869], [99.329845, 7.503404], [99.331879, 7.491929], [99.341807, 7.475735], [99.344005, 7.46898], [99.347423, 7.423489], [99.345876, 7.400051], [99.336599, 7.383612], [99.365896, 7.336371], [99.378184, 7.32095], [99.392345, 7.312201], [99.420665, 7.30744], [99.426036, 7.304511], [99.431814, 7.297797], [99.44516, 7.2897], [99.460216, 7.282864], [99.470714, 7.279975], [99.488292, 7.285712], [99.492198, 7.299872], [99.488048, 7.335191], [99.490977, 7.35102], [99.497813, 7.370795], [99.508149, 7.384955], [99.521495, 7.383612], [99.525401, 7.370022], [99.520518, 7.326972], [99.524669, 7.311347], [99.549571, 7.301825], [99.569021, 7.322211], [99.597341, 7.376166], [99.603526, 7.376166], [99.598399, 7.342719], [99.585216, 7.306708], [99.566742, 7.278022], [99.545421, 7.266303], [99.54005, 7.244127], [99.557872, 7.197455], [99.583995, 7.15644], [99.603526, 7.150865], [99.61085, 7.150865], [99.614106, 7.136664], [99.621104, 7.13703], [99.637543, 7.150865], [99.672374, 7.170722], [99.671886, 7.135403], [99.677582, 7.123277], [99.692882, 7.116116], [99.704845, 7.121243], [99.723399, 7.131822], [99.740571, 7.137112], [99.748057, 7.126044], [99.719981, 7.088528], [99.716807, 7.081977], [99.70574, 7.075426], [99.695486, 7.059882], [99.67921, 7.02676], [99.686209, 7.013373], [99.68214, 6.992662], [99.680919, 6.973619], [99.6963, 6.965277], [99.707205, 6.961005], [99.712901, 6.951646], [99.713878, 6.942206], [99.710216, 6.937974], [99.695811, 6.93769], [99.69044, 6.935492], [99.686046, 6.917467], [99.685802, 6.877346], [99.710704, 6.854153], [99.797211, 6.821682], [99.802501, 6.817532], [99.809581, 6.808295], [99.817638, 6.78262], [99.82488, 6.769599], [99.833751, 6.770087], [99.851736, 6.776435], [99.867524, 6.7626], [99.891449, 6.725043], [99.917491, 6.705268], [99.928477, 6.692613], [99.933116, 6.674221], [99.937348, 6.66474], [99.947032, 6.663398], [99.956554, 6.664008], [99.960948, 6.660549], [99.962901, 6.649563], [99.971528, 6.632758], [99.973969, 6.622707], [99.972179, 6.617865], [99.963145, 6.605699], [99.960948, 6.598456], [99.964122, 6.593736], [99.971446, 6.595608], [99.984141, 6.6022], [99.991222, 6.597846], [99.995128, 6.587714], [99.997895, 6.576117], [100.001313, 6.56745], [100.029959, 6.534654], [100.063324, 6.506578], [100.072927, 6.52851], [100.080577, 6.536811], [100.093516, 6.540107], [100.103526, 6.533189], [100.102306, 6.517076], [100.090099, 6.484849], [100.108165, 6.47956], [100.119965, 6.463121], [100.127289, 6.442288], [100.131114, 6.423407], [100.137462, 6.38052], [100.152843, 6.33393], [100.174571, 6.290961], [100.199962, 6.258979], [100.232595, 6.236233], [100.247895, 6.220771], [100.26002, 6.180894], [100.296153, 6.115546], [100.313975, 6.070624], [100.325938, 6.049058], [100.340587, 6.029934], [100.349132, 6.012681], [100.375743, 5.81094], [100.364513, 5.694078], [100.369151, 5.689602], [100.378754, 5.685207], [100.386404, 5.679104], [100.384939, 5.669257], [100.376313, 5.663316], [100.364919, 5.662665], [100.353201, 5.665351], [100.344005, 5.669257], [100.350841, 5.584215], [100.355724, 5.56269], [100.378429, 5.522773], [100.384939, 5.499254], [100.378673, 5.413275], [100.380219, 5.390692], [100.385265, 5.376939], [100.406016, 5.348375], [100.430024, 5.302883], [100.433279, 5.290025], [100.431163, 5.278957], [100.421235, 5.260647], [100.418956, 5.248481], [100.421153, 5.242418], [100.430675, 5.222357], [100.433279, 5.211168], [100.430919, 5.190619], [100.41627, 5.159613], [100.409028, 5.126654], [100.400076, 5.114895], [100.388845, 5.105658], [100.378673, 5.09455], [100.374197, 5.091946], [100.369477, 5.093248], [100.365896, 5.092515], [100.364513, 5.084296], [100.372325, 5.061428], [100.380707, 5.047349], [100.395681, 5.013373], [100.401866, 4.992336], [100.426524, 4.964179], [100.432384, 4.949652], [100.435802, 4.936103], [100.44158, 4.922838], [100.453868, 4.908922], [100.460704, 4.916002], [100.470714, 4.922309], [100.4817, 4.924709], [100.49171, 4.919827], [100.503429, 4.910142], [100.510997, 4.906928], [100.514659, 4.902493], [100.51531, 4.889065], [100.509613, 4.888617], [100.499278, 4.881049], [100.494395, 4.87226], [100.505382, 4.867987], [100.529145, 4.867865], [100.539887, 4.870022], [100.550059, 4.875434], [100.553071, 4.862047], [100.561778, 4.858303], [100.571544, 4.857733], [100.577403, 4.854315], [100.577403, 4.84398], [100.569509, 4.827135], [100.570567, 4.813381], [100.576182, 4.799262], [100.581228, 4.797919], [100.587657, 4.800971], [100.59783, 4.799709], [100.617361, 4.792914], [100.619802, 4.786444], [100.612071, 4.772366], [100.626801, 4.766588], [100.632579, 4.76557], [100.632579, 4.758124], [100.603852, 4.756049], [100.594493, 4.743069], [100.59783, 4.693549], [100.604177, 4.665839], [100.620372, 4.666205], [100.642345, 4.674302], [100.666189, 4.669908], [100.656098, 4.663723], [100.647309, 4.654731], [100.639496, 4.643134], [100.632579, 4.629055], [100.616954, 4.638251], [100.60377, 4.629462], [100.594412, 4.610907], [100.590994, 4.590806], [100.597341, 4.571926], [100.612315, 4.558743], [100.630219, 4.553941], [100.645518, 4.560045], [100.632579, 4.532904], [100.614757, 4.46776], [100.612071, 4.440009], [100.607677, 4.426215], [100.588552, 4.412258], [100.584239, 4.399075], [100.583018, 4.380072], [100.579845, 4.366441], [100.570567, 4.34101], [100.56544, 4.319159], [100.569672, 4.313381], [100.5796, 4.311225], [100.590994, 4.300035], [100.594981, 4.28441], [100.595714, 4.268744], [100.600271, 4.256537], [100.615245, 4.251654], [100.608897, 4.23843], [100.613048, 4.208401], [100.622569, 4.175849], [100.632579, 4.155463], [100.655528, 4.169501], [100.677745, 4.165188], [100.69752, 4.150865], [100.713878, 4.134955], [100.76588, 4.09984], [100.776052, 4.086493], [100.776703, 4.060533], [100.77296, 4.037014], [100.777599, 4.021389], [100.803233, 4.018866], [100.814301, 4.026068], [100.838145, 4.037991], [100.861501, 4.040351], [100.87143, 4.018866], [100.854991, 4.022162], [100.834646, 4.018541], [100.817393, 4.01081], [100.801524, 3.991116], [100.781749, 3.988023], [100.718761, 3.990871], [100.706309, 3.983588], [100.701182, 3.967231], [100.700694, 3.917222], [100.70338, 3.898871], [100.709483, 3.883043], [100.720714, 3.868069], [100.73463, 3.859442], [100.760102, 3.847154], [100.784841, 3.839342], [100.795909, 3.843817], [100.800548, 3.847805], [100.811778, 3.851223], [100.833995, 3.854397], [100.845388, 3.851264], [100.841563, 3.843736], [100.823741, 3.827094], [100.813243, 3.803778], [100.812266, 3.786566], [100.822927, 3.776068], [100.86964, 3.768012], [100.886485, 3.756334], [100.912446, 3.724066], [100.927989, 3.696601], [100.933604, 3.689276], [100.94337, 3.682603], [100.967947, 3.672065], [101.040538, 3.621975], [101.05714, 3.600531], [101.064464, 3.579047], [101.074229, 3.53441], [101.094005, 3.505805], [101.102224, 3.482896], [101.108409, 3.473944], [101.139659, 3.442857], [101.187185, 3.380194], [101.194184, 3.364081], [101.197602, 3.35932], [101.20574, 3.353827], [101.215587, 3.349189], [101.235688, 3.344143], [101.241466, 3.336615], [101.244884, 3.327582], [101.248871, 3.319973], [101.283214, 3.290839], [101.297618, 3.274604], [101.303477, 3.254828], [101.323416, 3.124457], [101.329845, 3.111762], [101.358572, 3.08926], [101.365001, 3.076361], [101.372813, 3.028306], [101.372813, 3.002346], [101.361583, 2.991034], [101.347179, 2.9855], [101.332774, 2.972357], [101.283051, 2.9112], [101.281016, 2.897854], [101.303477, 2.894843], [101.286388, 2.849677], [101.310557, 2.833564], [101.355154, 2.82925], [101.399181, 2.819078], [101.430186, 2.792467], [101.479666, 2.716986], [101.502778, 2.689399], [101.542328, 2.661282], [101.56422, 2.652004], [101.597911, 2.646308], [101.618337, 2.636908], [101.673513, 2.627265], [101.690929, 2.614895], [101.700938, 2.604153], [101.71339, 2.596584], [101.760997, 2.592108], [101.774425, 2.586575], [101.783051, 2.575873], [101.803233, 2.518012], [101.817719, 2.502183], [101.827403, 2.494127], [101.834239, 2.490709], [101.851085, 2.478949], [101.856212, 2.451361], [101.858165, 2.41942], [101.865245, 2.394517], [101.877452, 2.40884], [101.90919, 2.410793], [101.926768, 2.422431], [101.956228, 2.404771], [101.972179, 2.398586], [101.98878, 2.394517], [101.987071, 2.377143], [101.999034, 2.36164], [102.018728, 2.350409], [102.040294, 2.346137], [102.05128, 2.340888], [102.126964, 2.25731], [102.154307, 2.235663], [102.187999, 2.216376], [102.348643, 2.14997], [102.489024, 2.092922], [102.526866, 2.070868], [102.544688, 2.057685], [102.557302, 2.045111], [102.558279, 2.040595], [102.560313, 2.036444], [102.559093, 2.033189], [102.550466, 2.03144], [102.557628, 2.018744], [102.568858, 2.006415], [102.650645, 1.940904], [102.667166, 1.921576], [102.686209, 1.879055], [102.699392, 1.859442], [102.721853, 1.847073], [102.73878, 1.846625], [102.788422, 1.854193], [102.804454, 1.860093], [102.835623, 1.845649], [102.863617, 1.827786], [102.887462, 1.807115], [102.906749, 1.784369], [102.923188, 1.75788], [102.934581, 1.747545], [102.951182, 1.743394], [102.974132, 1.741156], [102.996349, 1.734931]]}}, {"type": "Feature", "properties": {}, "geometry": {"type": "LineString", "coordinates": [[102.975597, 5.531317], [102.959483, 5.54206], [102.918142, 5.550442], [102.875662, 5.571438], [102.696462, 5.712877], [102.6692, 5.725002], [102.659028, 5.740546], [102.646007, 5.772935], [102.626313, 5.797187], [102.603282, 5.815375], [102.550466, 5.848049], [102.542003, 5.854763], [102.520763, 5.871731], [102.499848, 5.897406], [102.379893, 6.132961], [102.338145, 6.176988], [102.315684, 6.190375], [102.199555, 6.232815], [102.178071, 6.233629], [102.16684, 6.217963], [102.183116, 6.223049], [102.191661, 6.215074], [102.187022, 6.203437], [102.163585, 6.197496], [102.15211, 6.203192], [102.098643, 6.239081], [102.07309, 6.257514], [102.072765, 6.257758], [102.02003, 6.29564], [101.908702, 6.401923], [101.80836, 6.464545], [101.771658, 6.500718], [101.723481, 6.574408], [101.668305, 6.658637], [101.566254, 6.832221], [101.557384, 6.841783], [101.52296, 6.860826], [101.495372, 6.872504], [101.488048, 6.878323], [101.471202, 6.884019], [101.451915, 6.888414], [101.43686, 6.890204], [101.419444, 6.894477], [101.38521, 6.90522], [101.34669, 6.928616], [101.320811, 6.949286], [101.291731, 6.954572], [101.262543, 6.94477], [101.328298, 6.917873], [101.343583, 6.896143], [101.351329, 6.875922], [101.319184, 6.877997], [101.317149, 6.875922], [101.310069, 6.880357], [101.291562, 6.884795], [101.277731, 6.896256], [101.244267, 6.902029], [101.231525, 6.880323], [101.191417, 6.861884], [101.068044, 6.857733], [101.026703, 6.85635], [100.997573, 6.856675], [100.948108, 6.880731], [100.896366, 6.919635], [100.866474, 6.947089], [100.849946, 6.962063], [100.827347, 6.951699], [100.811239, 6.957428], [100.784434, 6.967108], [100.765147, 6.98314], [100.611095, 7.192613], [100.58542, 7.224402], [100.585701, 7.207171], [100.588634, 7.179592], [100.580821, 7.167629], [100.555869, 7.144695], [100.53163, 7.137474], [100.519988, 7.135553], [100.494802, 7.136623], [100.486031, 7.139901], [100.477786, 7.146163], [100.466146, 7.157237], [100.450625, 7.155317], [100.43656, 7.160135], [100.424436, 7.171206], [100.41086, 7.198637], [100.402599, 7.203192], [100.395518, 7.21133], [100.392345, 7.222561], [100.395193, 7.228664], [100.401866, 7.233547], [100.410655, 7.237006], [100.426872, 7.245309], [100.417658, 7.253489], [100.407958, 7.258302], [100.393809, 7.258531], [100.384939, 7.266303], [100.381196, 7.275702], [100.379405, 7.287665], [100.378754, 7.309801], [100.378673, 7.311347], [100.370128, 7.332709], [100.349783, 7.339301], [100.32488, 7.339789], [100.302989, 7.342678], [100.278819, 7.362209], [100.260509, 7.393622], [100.227794, 7.474595], [100.225108, 7.479478], [100.22047, 7.486029], [100.199229, 7.503811], [100.196544, 7.507148], [100.185395, 7.514228], [100.17921, 7.531195], [100.172618, 7.56802], [100.154633, 7.61579], [100.142914, 7.700019], [100.144786, 7.719428], [100.156423, 7.733385], [100.200857, 7.772325], [100.210623, 7.780911], [100.230968, 7.784817], [100.250499, 7.791978], [100.269705, 7.795396], [100.288748, 7.788316], [100.306977, 7.75788], [100.320567, 7.707953], [100.326996, 7.655219], [100.323497, 7.6164], [100.309581, 7.597724], [100.275564, 7.576972], [100.268809, 7.55744], [100.268809, 7.545478], [100.269705, 7.537502], [100.272634, 7.531073], [100.278819, 7.523912], [100.289561, 7.518215], [100.295746, 7.523586], [100.302989, 7.540676], [100.325564, 7.57448], [100.358927, 7.57861], [100.389508, 7.566181], [100.406016, 7.527655], [100.410004, 7.458319], [100.408122, 7.37869], [100.422319, 7.369974], [100.429073, 7.326387], [100.438975, 7.294135], [100.425548, 7.267564], [100.444337, 7.257817], [100.472423, 7.258857], [100.480235, 7.253892], [100.49963, 7.242325], [100.535534, 7.210047], [100.548139, 7.19705], [100.573985, 7.194973], [100.5746, 7.209153], [100.567205, 7.229493], [100.554401, 7.249834], [100.500627, 7.333995], [100.440196, 7.476996], [100.367361, 7.825588], [100.342459, 7.938788], [100.302908, 8.118557], [100.271495, 8.317084], [100.22047, 8.448717], [100.208344, 8.469672], [100.180837, 8.501207], [100.150645, 8.522935], [100.131114, 8.514553], [100.164806, 8.50137], [100.175059, 8.466457], [100.177094, 8.426215], [100.18629, 8.397203], [100.173513, 8.38935], [100.157563, 8.385728], [100.144216, 8.388821], [100.13852, 8.400946], [100.134044, 8.403754], [100.11199, 8.413153], [100.10434, 8.41767], [100.098481, 8.426459], [100.092133, 8.446438], [100.075938, 8.470404], [100.053722, 8.513658], [100.049653, 8.530951], [100.040782, 8.545559], [99.984141, 8.579413], [99.967133, 8.605658], [99.959239, 8.637641], [99.93922, 8.832465], [99.92628, 8.863349], [99.931163, 8.878974], [99.919444, 8.955797], [99.919444, 8.980048], [99.921886, 8.987128], [99.926524, 8.994534], [99.931163, 8.999823], [99.933116, 9.000556], [99.931326, 9.011868], [99.921641, 9.028225], [99.919444, 9.038398], [99.919444, 9.086493], [99.91627, 9.101996], [99.908702, 9.114081], [99.899587, 9.125312], [99.891449, 9.138332], [99.886485, 9.157904], [99.885997, 9.233303], [99.877778, 9.226467], [99.85963, 9.257758], [99.853038, 9.273993], [99.854503, 9.285102], [99.853526, 9.294664], [99.81544, 9.311184], [99.803396, 9.322659], [99.797699, 9.318345], [99.786876, 9.312812], [99.781586, 9.308417], [99.771821, 9.312283], [99.752778, 9.31977], [99.739513, 9.320502], [99.733735, 9.312161], [99.727306, 9.313707], [99.689464, 9.315863], [99.689138, 9.31391], [99.672374, 9.302191], [99.641287, 9.294745], [99.6338, 9.291653], [99.623546, 9.284817], [99.610118, 9.277981], [99.593516, 9.274848], [99.548188, 9.283149], [99.535818, 9.281684], [99.521495, 9.269924], [99.514415, 9.253241], [99.509288, 9.2355], [99.50172, 9.220282], [99.474783, 9.200995], [99.443858, 9.19599], [99.410981, 9.196357], [99.378184, 9.192939], [99.350759, 9.219184], [99.301768, 9.222602], [99.255056, 9.232489], [99.234141, 9.278266], [99.230235, 9.31977], [99.235525, 9.33633], [99.254649, 9.356838], [99.263845, 9.363756], [99.288748, 9.377265], [99.29127, 9.381781], [99.29005, 9.38642], [99.290782, 9.390082], [99.299001, 9.391547], [99.306, 9.390855], [99.31072, 9.389838], [99.315684, 9.389594], [99.323578, 9.391547], [99.26531, 9.46601], [99.223155, 9.542629], [99.219981, 9.559149], [99.217784, 9.58218], [99.212087, 9.597724], [99.181407, 9.643256], [99.172862, 9.665229], [99.167247, 9.688137], [99.161957, 9.727118], [99.14796, 9.767401], [99.144786, 9.788235], [99.144949, 9.791246], [99.146169, 9.809719], [99.148204, 9.819241], [99.151622, 9.829169], [99.155772, 9.834784], [99.168305, 9.844468], [99.17213, 9.850246], [99.172374, 9.857408], [99.169932, 9.861802], [99.166759, 9.864691], [99.165294, 9.867621], [99.165294, 9.946479], [99.158458, 9.990546], [99.161632, 10.003323], [99.175792, 10.013495], [99.178884, 10.025295], [99.174001, 10.042914], [99.163097, 10.057685], [99.153494, 10.075832], [99.151622, 10.103461], [99.159923, 10.128323], [99.186778, 10.172431], [99.192556, 10.196275], [99.201345, 10.210639], [99.24171, 10.214504], [99.254649, 10.234442], [99.236095, 10.229315], [99.22462, 10.232367], [99.206309, 10.25434], [99.168956, 10.287746], [99.158458, 10.30272], [99.151378, 10.34634], [99.151622, 10.357367], [99.160655, 10.367987], [99.171641, 10.370266], [99.184744, 10.371283], [99.200043, 10.378485], [99.213064, 10.372056], [99.223399, 10.365383], [99.230724, 10.356513], [99.234141, 10.343695], [99.256358, 10.356147], [99.263845, 10.357327], [99.278168, 10.357367], [99.285004, 10.364488], [99.289317, 10.380845], [99.290538, 10.399237], [99.288748, 10.412014], [99.27768, 10.42357], [99.246755, 10.443915], [99.240408, 10.456977], [99.243826, 10.472357], [99.25172, 10.483954], [99.260997, 10.494818], [99.268321, 10.508205], [99.257986, 10.508002], [99.249034, 10.509996], [99.242686, 10.514472], [99.240408, 10.521877], [99.24464, 10.535142], [99.254731, 10.539944], [99.267263, 10.541693], [99.278168, 10.546047], [99.288259, 10.562934], [99.296153, 10.610907], [99.302419, 10.631049], [99.313162, 10.647366], [99.327159, 10.663275], [99.343516, 10.67536], [99.361095, 10.680121], [99.37436, 10.681383], [99.37672, 10.685492], [99.373709, 10.692572], [99.371349, 10.70307], [99.375011, 10.711982], [99.435069, 10.801825], [99.439708, 10.820054], [99.439708, 10.861029], [99.443207, 10.870347], [99.451671, 10.875312], [99.461192, 10.877427], [99.475352, 10.878852], [99.494151, 10.878119], [99.49586, 10.873847], [99.503266, 10.866848], [99.511567, 10.86636], [99.51531, 10.881537], [99.511567, 10.902411], [99.496104, 10.944241], [99.494151, 10.967475], [99.498709, 10.985297], [99.503429, 10.997056], [99.512462, 11.019232], [99.51531, 11.039211], [99.512055, 11.056952], [99.497569, 11.093085], [99.494151, 11.114569], [99.496349, 11.13288], [99.501313, 11.148749], [99.508149, 11.162177], [99.51531, 11.172919], [99.528575, 11.186835], [99.546153, 11.198432], [99.562022, 11.19892], [99.569347, 11.179145], [99.586192, 11.195136], [99.586192, 11.213853], [99.569347, 11.25552], [99.566254, 11.276313], [99.569347, 11.33397], [99.573741, 11.344062], [99.592947, 11.364203], [99.597341, 11.374945], [99.599946, 11.384223], [99.625743, 11.440497], [99.632009, 11.460639], [99.636078, 11.481838], [99.637543, 11.505316], [99.641856, 11.523261], [99.661306, 11.551011], [99.665538, 11.566799], [99.670584, 11.577867], [99.751801, 11.709866], [99.780447, 11.73725], [99.817068, 11.741441], [99.811046, 11.753079], [99.811778, 11.762274], [99.814952, 11.76968], [99.817068, 11.77558], [99.809581, 11.813463], [99.809825, 11.824612], [99.812511, 11.832099], [99.819591, 11.836371], [99.833751, 11.837714], [99.836925, 11.843451], [99.823253, 11.878648], [99.831228, 11.924709], [99.855317, 11.968411], [99.955333, 12.072496], [99.977387, 12.108303], [99.981456, 12.117174], [99.987641, 12.153022], [99.994314, 12.162584], [100.010427, 12.174954], [100.015636, 12.180325], [100.02003, 12.192694], [100.019705, 12.202216], [100.0171, 12.21011], [100.013927, 12.230699], [100.009288, 12.241116], [100.00172, 12.250312], [99.99171, 12.259467], [99.982758, 12.270453], [99.9817, 12.279934], [100.003673, 12.353949], [100.012218, 12.36872], [100.010997, 12.383246], [99.980805, 12.454657], [99.977061, 12.476874], [99.980805, 12.540351], [99.978038, 12.560777], [99.960948, 12.625393], [99.960785, 12.636176], [99.96046, 12.667914], [99.965017, 12.71015], [99.974294, 12.751207], [99.987641, 12.790473], [100.023936, 12.847073], [100.029307, 12.861802], [100.042979, 12.933824], [100.052989, 12.966132], [100.060069, 12.980292], [100.093028, 13.023993], [100.101899, 13.039862], [100.10434, 13.057318], [100.087738, 13.096177], [100.07781, 13.133775], [100.076996, 13.142727], [100.073985, 13.152777], [100.066742, 13.160102], [100.059825, 13.165676], [100.056488, 13.170315], [99.998546, 13.218085], [99.967133, 13.259019], [99.960867, 13.291571], [99.960704, 13.292426], [99.962738, 13.309882], [99.977387, 13.317369], [99.993663, 13.321723], [100.006196, 13.332831], [100.013927, 13.348375], [100.015636, 13.365871], [100.001313, 13.372016], [100.021658, 13.366604], [100.031261, 13.382025], [100.038829, 13.402737], [100.053071, 13.413031], [100.069347, 13.417385], [100.088959, 13.425971], [100.113048, 13.436591], [100.150401, 13.444037], [100.237153, 13.477362], [100.253266, 13.485785], [100.264985, 13.497545], [100.275076, 13.516669], [100.289887, 13.505032], [100.337169, 13.481879], [100.356456, 13.489691], [100.381114, 13.491523], [100.429942, 13.489325], [100.555919, 13.510891], [100.575857, 13.519599], [100.584239, 13.533677], [100.583181, 13.575995], [100.586925, 13.592027], [100.59783, 13.61225], [100.598888, 13.596503], [100.59669, 13.582668], [100.591563, 13.571519], [100.58961, 13.561957], [100.592052, 13.554511], [100.610199, 13.547512], [100.649669, 13.52025], [100.679861, 13.509223], [100.749766, 13.499905], [100.771332, 13.491156], [100.813975, 13.486029], [100.864024, 13.471503], [100.888927, 13.468248], [100.950694, 13.468248], [100.96339, 13.471381], [100.973888, 13.478827], [100.983897, 13.487982], [100.995779, 13.496161], [100.995779, 13.489325], [100.978363, 13.458889], [100.970876, 13.437201], [100.985118, 13.417711], [100.987153, 13.396145], [100.985362, 13.373033], [100.981293, 13.359036], [100.965343, 13.348538], [100.947113, 13.344428], [100.932384, 13.338121], [100.924001, 13.315619], [100.919281, 13.310777], [100.914724, 13.304389], [100.912446, 13.29385], [100.915375, 13.287055], [100.928966, 13.265611], [100.933604, 13.256008], [100.944509, 13.220038], [100.94516, 13.200914], [100.937022, 13.183987], [100.915782, 13.154853], [100.899587, 13.125637], [100.878266, 13.098334], [100.882823, 13.087836], [100.8921, 13.083482], [100.901541, 13.080634], [100.905772, 13.074408], [100.911388, 13.057034], [100.923106, 13.042792], [100.933116, 13.026435], [100.933604, 13.002753], [100.928396, 12.992499], [100.918793, 12.982408], [100.908214, 12.977444], [100.899587, 12.982245], [100.896739, 12.973863], [100.894542, 12.955512], [100.8921, 12.948065], [100.884044, 12.940009], [100.875499, 12.93476], [100.868175, 12.929023], [100.864594, 12.919582], [100.868663, 12.906236], [100.906098, 12.853217], [100.913259, 12.840399], [100.918468, 12.826321], [100.919932, 12.81094], [100.915701, 12.793647], [100.907888, 12.782538], [100.899181, 12.773505], [100.8921, 12.762519], [100.885916, 12.762519], [100.867931, 12.771145], [100.854828, 12.752265], [100.837413, 12.707913], [100.856293, 12.701402], [100.864594, 12.701117], [100.861339, 12.695136], [100.854503, 12.679674], [100.851085, 12.673774], [100.87143, 12.673774], [100.869884, 12.666002], [100.866873, 12.660305], [100.862641, 12.655992], [100.857921, 12.652655], [100.870616, 12.654731], [100.879893, 12.658149], [100.888682, 12.658759], [100.899587, 12.652655], [100.917654, 12.662584], [100.934581, 12.652899], [100.940766, 12.636379], [100.926117, 12.625393], [100.926117, 12.619127], [100.974457, 12.598049], [100.974457, 12.622219], [100.977712, 12.639228], [100.978038, 12.639594], [100.988617, 12.649359], [101.032074, 12.656968], [101.066661, 12.676256], [101.087738, 12.680609], [101.248871, 12.660102], [101.323497, 12.642157], [101.392914, 12.611721], [101.418142, 12.595649], [101.428884, 12.596869], [101.433279, 12.615424], [101.442882, 12.624823], [101.465099, 12.63231], [101.509044, 12.638983], [101.539073, 12.631741], [101.555431, 12.632392], [101.566417, 12.631293], [101.571056, 12.632148], [101.572602, 12.63642], [101.572032, 12.643297], [101.573497, 12.649807], [101.581065, 12.652655], [101.622081, 12.649644], [101.642345, 12.651353], [101.659841, 12.660102], [101.668468, 12.672797], [101.675955, 12.688625], [101.686371, 12.702135], [101.704438, 12.707913], [101.766124, 12.705878], [101.782725, 12.701117], [101.80836, 12.687934], [101.830251, 12.672797], [101.848806, 12.654527], [101.865245, 12.632148], [101.870453, 12.621568], [101.873546, 12.613023], [101.877615, 12.605536], [101.885753, 12.598049], [101.894298, 12.596503], [101.902599, 12.597886], [101.909434, 12.594224], [101.913097, 12.577582], [101.892589, 12.583726], [101.899587, 12.569729], [101.914073, 12.555121], [101.947765, 12.529731], [101.947276, 12.540717], [101.934255, 12.583726], [101.937022, 12.589179], [101.945974, 12.595689], [101.947765, 12.601752], [101.94988, 12.60635], [101.954356, 12.601304], [101.958832, 12.591254], [101.960785, 12.580634], [101.960785, 12.537258], [101.973481, 12.541449], [101.992198, 12.539781], [102.008962, 12.534084], [102.022472, 12.519517], [102.056977, 12.468329], [102.057465, 12.497219], [102.059581, 12.510484], [102.064464, 12.522935], [102.043224, 12.523505], [102.031505, 12.534125], [102.022472, 12.547756], [102.009288, 12.557074], [102.009288, 12.564521], [102.022227, 12.568549], [102.064464, 12.570746], [102.043305, 12.550523], [102.047862, 12.542304], [102.098643, 12.543402], [102.093272, 12.541449], [102.088227, 12.538723], [102.078136, 12.529731], [102.08546, 12.524359], [102.092947, 12.523383], [102.099457, 12.527411], [102.104747, 12.537258], [102.112315, 12.537258], [102.105642, 12.522895], [102.092133, 12.512681], [102.08546, 12.50434], [102.098643, 12.495592], [102.091482, 12.497626], [102.085948, 12.498358], [102.081798, 12.501125], [102.078136, 12.509263], [102.071951, 12.488511], [102.087169, 12.464748], [102.109874, 12.440904], [102.125987, 12.419908], [102.12436, 12.410549], [102.136892, 12.40176], [102.16684, 12.385728], [102.228282, 12.323676], [102.264822, 12.30622], [102.273448, 12.326158], [102.263031, 12.357001], [102.242686, 12.372138], [102.247813, 12.383205], [102.247081, 12.393012], [102.242524, 12.402777], [102.23585, 12.413723], [102.21461, 12.3994], [102.208507, 12.3994], [102.21339, 12.40998], [102.214366, 12.419623], [102.210623, 12.42768], [102.20102, 12.433539], [102.20574, 12.435777], [102.222179, 12.440375], [102.228282, 12.42772], [102.242442, 12.426256], [102.258474, 12.431871], [102.27003, 12.440375], [102.264415, 12.429429], [102.26352, 12.417304], [102.26588, 12.404771], [102.27003, 12.392564], [102.276703, 12.392564], [102.291515, 12.419582], [102.297862, 12.427395], [102.304047, 12.427395], [102.292247, 12.406887], [102.286143, 12.385688], [102.283539, 12.341376], [102.291677, 12.318061], [102.310232, 12.31623], [102.33074, 12.327826], [102.345063, 12.344794], [102.342459, 12.351304], [102.33839, 12.357164], [102.33253, 12.361884], [102.324474, 12.365302], [102.33725, 12.376125], [102.352061, 12.367255], [102.359874, 12.347073], [102.351899, 12.323676], [102.336274, 12.30744], [102.315196, 12.291246], [102.29005, 12.282904], [102.263194, 12.289537], [102.265391, 12.27147], [102.283458, 12.24136], [102.290375, 12.221259], [102.289399, 12.21662], [102.28712, 12.210191], [102.286469, 12.202541], [102.290375, 12.193996], [102.295909, 12.190009], [102.31837, 12.180325], [102.324474, 12.180325], [102.336192, 12.197577], [102.350352, 12.195705], [102.366222, 12.186021], [102.473643, 12.148993], [102.504242, 12.133368], [102.532237, 12.113593], [102.550466, 12.090969], [102.551036, 12.08275], [102.550141, 12.061184], [102.553884, 12.056789], [102.563487, 12.05386], [102.573985, 12.049262], [102.582367, 12.049262], [102.585948, 12.060248], [102.583995, 12.067328], [102.571625, 12.090969], [102.557302, 12.183743], [102.56186, 12.202094], [102.573904, 12.208726], [102.589366, 12.212226], [102.605724, 12.221259], [102.605724, 12.214423], [102.604503, 12.203925], [102.641368, 12.175482], [102.653575, 12.159166], [102.630138, 12.161363], [102.631847, 12.152045], [102.749685, 12.040269], [102.766938, 12.011786], [102.777029, 11.967434], [102.777029, 11.902533], [102.783458, 11.892279], [102.82545, 11.85814], [102.893321, 11.76968], [102.906749, 11.741441], [102.908702, 11.717963], [102.906016, 11.666205], [102.913585, 11.645901], [102.919688, 11.638373], [102.937266, 11.621731], [102.940929, 11.61518], [102.943126, 11.600979], [102.952647, 11.582953], [102.9546, 11.570217], [102.963715, 11.592353], [102.965017, 11.609931], [102.9546, 11.652737], [102.954845, 11.667873], [102.966563, 11.697455], [102.968761, 11.714179], [102.956798, 11.746812], [102.907888, 11.797553], [102.893077, 11.830268], [102.899262, 11.830268], [102.932628, 11.77912], [102.956065, 11.766913], [102.961436, 11.758531], [102.963878, 11.747138], [102.969737, 11.732856], [102.976817, 11.720364], [102.982432, 11.714179]]}}, {"type": "Feature", "properties": {}, "geometry": {"type": "LineString", "coordinates": [[102.986339, 11.702867], [102.975841, 11.687323], [102.970388, 11.666205], [102.968761, 11.638495], [102.975108, 11.638495], [102.975108, 11.659573], [102.982432, 11.652737], [102.982432, 11.673245], [102.989268, 11.673245], [102.994314, 11.660102], [102.995453, 11.652737]]}}, {"type": "Feature", "properties": {}, "geometry": {"type": "LineString", "coordinates": [[102.993826, 11.635728], [102.982432, 11.624823], [102.982432, 11.583808], [102.988455, 11.572699], [102.99936, 11.559556]]}}, {"type": "Feature", "properties": {}, "geometry": {"type": "LineString", "coordinates": [[102.995453, 11.549709], [102.980235, 11.563788], [102.975108, 11.570217], [102.9546, 11.557115], [102.975108, 11.529242], [102.98463, 11.536322], [102.998546, 11.543158]]}}, {"type": "Feature", "properties": {}, "geometry": {"type": "LineString", "coordinates": [[61.612478, 25.200507], [61.624197, 25.204413], [61.634125, 25.203925], [61.650157, 25.200507], [61.682791, 25.201646], [61.694184, 25.200507], [61.702485, 25.197008], [61.70753, 25.192206], [61.713634, 25.188056], [61.725352, 25.186225], [61.73113, 25.184068], [61.744314, 25.174954], [61.749522, 25.173163], [61.755138, 25.175605], [61.763927, 25.184272], [61.766856, 25.186225], [61.773692, 25.188422], [61.779552, 25.191067], [61.783051, 25.187974], [61.783702, 25.173163], [61.780121, 25.162543], [61.766775, 25.145657], [61.763845, 25.134996], [61.762706, 25.121975], [61.76002, 25.115383], [61.749522, 25.104315], [61.732432, 25.09162], [61.728526, 25.083075], [61.73585, 25.069525], [61.725759, 25.058905], [61.720064, 25.037436], [61.729551, 25.021783], [61.754868, 25.013467], [61.790478, 25.017763], [61.814853, 25.02618], [61.835216, 25.038398], [61.847341, 25.037909], [61.857432, 25.06684], [61.866384, 25.075426], [61.869884, 25.083889], [61.881114, 25.103013], [61.929498, 25.109563], [61.98911, 25.108074], [62.035841, 25.103044], [62.075551, 25.100749], [62.097179, 25.107123], [62.088902, 25.118422], [62.077828, 25.127713], [62.07309, 25.15058], [62.058989, 25.161636], [62.068045, 25.178142], [62.080031, 25.197152], [62.102712, 25.205146], [62.145193, 25.218411], [62.191809, 25.220081], [62.225792, 25.214054], [62.254222, 25.212032], [62.275184, 25.19989], [62.297479, 25.185133], [62.303977, 25.166923], [62.318126, 25.141832], [62.315278, 25.130194], [62.308279, 25.12816], [62.299327, 25.128811], [62.290782, 25.124742], [62.287771, 25.12226], [62.283946, 25.11994], [62.280284, 25.116604], [62.256055, 25.098627], [62.289954, 25.090016], [62.339713, 25.087399], [62.381052, 25.087572], [62.387243, 25.101575], [62.373222, 25.108394], [62.35199, 25.112829], [62.339122, 25.124742], [62.336192, 25.139838], [62.34311, 25.155463], [62.354747, 25.16942], [62.365896, 25.179389], [62.385265, 25.19245], [62.413829, 25.206529], [62.444347, 25.213935], [62.469493, 25.206732], [62.489431, 25.214179], [62.467621, 25.223538], [62.465017, 25.23725], [62.477179, 25.259064], [62.527479, 25.264188], [62.604959, 25.265997], [62.770518, 25.261908], [62.942393, 25.227769], [63.027843, 25.220364], [63.050955, 25.224189], [63.113129, 25.255113], [63.144054, 25.260932], [63.178477, 25.258043], [63.244151, 25.241441], [63.291352, 25.222805], [63.308116, 25.220364], [63.376964, 25.227769], [63.411143, 25.22248], [63.468761, 25.199042], [63.500499, 25.193671], [63.506602, 25.195502], [63.511729, 25.200263], [63.515391, 25.206855], [63.517914, 25.214179], [63.518728, 25.220852], [63.516856, 25.223578], [63.511974, 25.226711], [63.4817, 25.260159], [63.474132, 25.273139], [63.469493, 25.289252], [63.485199, 25.284329], [63.495779, 25.291409], [63.510509, 25.316596], [63.537608, 25.344468], [63.554373, 25.356187], [63.57252, 25.364976], [63.604666, 25.374416], [63.669932, 25.383612], [63.737804, 25.385321], [63.804942, 25.374986], [63.906586, 25.341213], [63.944102, 25.334906], [63.969737, 25.344468], [63.987071, 25.338324], [64.004893, 25.339016], [64.042003, 25.344468], [64.059744, 25.34455], [64.066742, 25.346259], [64.0796, 25.364976], [64.061697, 25.399156], [64.048839, 25.41649], [64.035167, 25.416205], [64.021495, 25.402737], [64.011729, 25.397284], [64.004242, 25.402045], [63.997081, 25.419623], [63.991384, 25.416653], [63.976573, 25.412787], [63.989594, 25.425442], [64.045421, 25.450344], [64.056488, 25.441718], [64.081554, 25.443752], [64.127289, 25.453762], [64.140636, 25.453355], [64.150727, 25.451402], [64.155284, 25.446926], [64.15089, 25.432115], [64.14088, 25.42886], [64.117442, 25.433254], [64.106212, 25.433254], [64.093761, 25.431789], [64.083751, 25.426744], [64.0796, 25.416205], [64.083507, 25.40351], [64.092296, 25.395982], [64.101736, 25.390855], [64.106944, 25.385443], [64.103689, 25.367865], [64.094737, 25.349921], [64.094493, 25.335883], [64.18393, 25.318671], [64.24464, 25.316596], [64.252778, 25.311591], [64.265798, 25.298651], [64.275076, 25.296088], [64.318207, 25.292304], [64.360688, 25.283026], [64.382823, 25.27147], [64.417491, 25.240912], [64.439301, 25.234605], [64.448009, 25.235745], [64.46754, 25.240383], [64.480235, 25.241441], [64.492035, 25.245673], [64.506602, 25.266913], [64.518403, 25.27558], [64.53712, 25.275865], [64.56544, 25.27025], [64.593028, 25.261298], [64.610606, 25.251695], [64.627696, 25.228461], [64.626964, 25.211615], [64.600352, 25.173163], [64.615245, 25.173163], [64.640636, 25.166571], [64.65504, 25.165717], [64.702322, 25.178778], [64.710216, 25.179389], [64.709158, 25.19066], [64.6963, 25.197089], [64.679861, 25.201483], [64.66863, 25.206732], [64.663341, 25.217027], [64.662771, 25.229071], [64.66863, 25.255113], [64.678559, 25.276801], [64.695974, 25.297593], [64.718516, 25.314399], [64.744395, 25.324042], [64.807302, 25.328518], [64.839122, 25.325344], [64.861095, 25.316596], [64.889659, 25.328355], [64.920665, 25.327053], [64.980642, 25.316596], [65.042003, 25.316596], [65.058849, 25.314521], [65.08961, 25.305569], [65.118012, 25.301947], [65.143403, 25.295885], [65.155284, 25.296088], [65.170177, 25.299465], [65.180186, 25.303656], [65.187999, 25.311021], [65.211111, 25.347846], [65.23227, 25.370673], [65.259776, 25.380439], [65.292328, 25.364976], [65.313243, 25.376858], [65.336192, 25.385321], [65.362804, 25.39057], [65.395356, 25.392279], [65.386974, 25.37641], [65.382335, 25.371161], [65.400727, 25.366685], [65.422862, 25.372382], [65.446056, 25.381008], [65.467784, 25.385443], [65.488129, 25.383124], [65.629731, 25.34691], [65.65211, 25.344468], [65.671641, 25.347398], [65.724376, 25.371161], [65.765391, 25.377997], [65.800304, 25.395819], [65.823985, 25.402248], [65.858409, 25.417548], [65.881521, 25.419623], [65.92449, 25.418606], [66.004649, 25.429633], [66.069021, 25.446234], [66.15919, 25.446926], [66.187022, 25.452948], [66.219493, 25.464911], [66.251801, 25.472886], [66.278656, 25.467353], [66.31186, 25.474921], [66.359548, 25.465237], [66.437022, 25.433254], [66.465505, 25.411607], [66.483897, 25.400539], [66.498383, 25.398505], [66.511567, 25.414211], [66.497895, 25.430487], [66.45753, 25.453762], [66.492198, 25.481024], [66.475841, 25.493313], [66.456228, 25.496039], [66.437266, 25.491278], [66.423188, 25.481024], [66.411957, 25.491116], [66.397146, 25.512885], [66.38852, 25.52204], [66.376964, 25.527045], [66.363536, 25.530341], [66.352712, 25.535549], [66.348318, 25.54621], [66.336436, 25.553371], [66.309337, 25.554023], [66.279145, 25.549994], [66.258149, 25.543118], [66.256847, 25.538479], [66.258311, 25.531399], [66.2588, 25.524848], [66.255138, 25.52204], [66.249685, 25.521633], [66.245128, 25.520413], [66.241547, 25.518459], [66.238455, 25.515815], [66.223643, 25.499498], [66.213064, 25.49136], [66.20045, 25.48786], [66.121104, 25.475165], [66.094412, 25.47484], [66.099946, 25.484361], [66.10963, 25.495429], [66.12086, 25.504584], [66.131602, 25.508368], [66.13738, 25.513821], [66.155772, 25.549302], [66.167166, 25.566067], [66.183442, 25.58161], [66.203949, 25.593207], [66.239757, 25.599921], [66.248383, 25.604682], [66.254242, 25.609605], [66.258149, 25.612006], [66.270518, 25.61164], [66.29127, 25.605943], [66.303233, 25.60456], [66.338552, 25.6081], [66.358653, 25.614488], [66.375499, 25.625678], [66.372569, 25.603909], [66.387706, 25.592434], [66.41212, 25.590562], [66.437022, 25.597724], [66.444102, 25.582506], [66.477875, 25.549302], [66.482921, 25.538235], [66.486583, 25.525621], [66.492849, 25.518052], [66.50587, 25.52204], [66.507335, 25.517564], [66.51059, 25.512926], [66.512706, 25.508368], [66.531016, 25.518134], [66.541677, 25.492174], [66.550548, 25.457099], [66.56422, 25.439439], [66.587087, 25.426215], [66.591156, 25.399604], [66.579275, 25.379381], [66.553722, 25.385443], [66.547862, 25.365627], [66.56072, 25.349677], [66.595225, 25.330227], [66.648285, 25.283189], [66.659516, 25.27558], [66.674083, 25.269029], [66.710216, 25.239244], [66.71754, 25.231187], [66.721446, 25.212592], [66.737153, 25.181098], [66.737966, 25.159491], [66.73227, 25.143256], [66.713552, 25.120754], [66.704438, 25.104315], [66.699555, 25.085273], [66.697032, 25.025458], [66.681326, 24.948879], [66.681326, 24.910549], [66.704438, 24.898871], [66.704438, 24.892035], [66.677013, 24.879543], [66.656749, 24.85871], [66.654145, 24.839179], [66.679698, 24.830552], [66.691417, 24.832587], [66.716319, 24.841539], [66.769298, 24.847235], [66.779633, 24.85102], [66.802501, 24.839545], [66.827322, 24.844143], [66.85377, 24.85224], [66.882091, 24.85102], [66.903331, 24.839179], [66.921886, 24.824286], [66.941173, 24.812567], [66.965099, 24.810045], [66.960216, 24.817816], [66.957856, 24.825426], [66.957693, 24.843573], [66.965099, 24.843573], [66.972992, 24.833157], [66.987315, 24.822211], [67.005056, 24.813544], [67.02296, 24.810045], [67.063731, 24.781684], [67.08253, 24.774156], [67.073741, 24.795803], [67.081228, 24.80329], [67.099946, 24.797065], [67.111095, 24.797756], [67.121837, 24.801215], [67.139659, 24.80329], [67.148204, 24.799791], [67.156016, 24.791571], [67.161632, 24.781399], [67.167328, 24.760159], [67.176036, 24.757717], [67.212657, 24.764716], [67.223806, 24.769721], [67.232677, 24.770738], [67.245128, 24.761664], [67.255544, 24.747992], [67.25294, 24.740383], [67.22462, 24.726955], [67.199962, 24.710639], [67.175548, 24.688707], [67.156993, 24.662909], [67.149587, 24.635077], [67.15211, 24.615709], [67.159923, 24.61225], [67.172699, 24.615871], [67.19044, 24.617662], [67.208995, 24.613756], [67.223888, 24.607164], [67.252615, 24.590318], [67.236664, 24.58397], [67.21811, 24.582424], [67.199474, 24.584784], [67.183604, 24.590318], [67.185232, 24.576117], [67.18865, 24.561347], [67.194591, 24.547268], [67.204112, 24.535102], [67.226736, 24.532375], [67.230805, 24.525092], [67.210948, 24.50845], [67.230724, 24.488837], [67.246837, 24.467963], [67.256847, 24.444973], [67.2588, 24.419094], [67.273611, 24.426947], [67.280528, 24.432318], [67.286632, 24.439521], [67.273611, 24.395087], [67.271658, 24.369086], [67.28297, 24.357611], [67.325369, 24.357611], [67.34254, 24.353827], [67.362478, 24.34394], [67.336436, 24.346422], [67.305919, 24.342841], [67.285981, 24.329576], [67.292817, 24.302965], [67.289317, 24.298651], [67.283865, 24.287909], [67.279145, 24.281236], [67.288422, 24.269965], [67.292328, 24.261868], [67.293305, 24.212226], [67.295584, 24.199205], [67.300304, 24.186265], [67.326427, 24.143785], [67.337087, 24.118964], [67.341319, 24.086371], [67.354015, 24.070868], [67.383556, 24.066799], [67.440684, 24.070258], [67.467296, 24.064154], [67.489106, 24.054104], [67.509776, 24.052069], [67.533051, 24.070258], [67.529796, 24.054918], [67.519867, 24.045071], [67.492198, 24.028022], [67.478201, 24.032416], [67.46811, 24.021959], [67.451182, 23.987698], [67.463634, 23.982001], [67.506358, 23.974026], [67.499766, 23.951646], [67.496918, 23.935614], [67.498871, 23.925605], [67.509044, 23.923245], [67.519867, 23.92829], [67.530528, 23.935492], [67.540538, 23.939276], [67.532237, 23.929145], [67.520518, 23.90705], [67.512543, 23.898261], [67.502615, 23.89289], [67.495291, 23.892279], [67.488048, 23.893052], [67.478526, 23.891506], [67.491059, 23.883124], [67.546641, 23.870998], [67.535899, 23.880032], [67.530121, 23.891262], [67.532563, 23.899156], [67.546641, 23.898261], [67.558116, 23.888658], [67.566091, 23.876451], [67.574555, 23.871772], [67.58839, 23.88467], [67.589366, 23.866523], [67.59962, 23.854234], [67.614513, 23.850084], [67.629242, 23.856676], [67.63738, 23.874254], [67.638031, 23.91592], [67.650401, 23.933051], [67.651215, 23.929755], [67.651052, 23.926907], [67.652029, 23.925279], [67.656586, 23.925605], [67.656586, 23.919379], [67.651052, 23.90705], [67.642914, 23.850491], [67.638845, 23.840644], [67.634288, 23.833075], [67.630707, 23.824774], [67.629242, 23.812649], [67.631602, 23.803453], [67.637706, 23.801744], [67.646495, 23.802883], [67.656586, 23.802069], [67.693614, 23.793443], [67.715668, 23.791693], [67.73227, 23.795233], [67.743663, 23.808783], [67.741059, 23.823065], [67.730724, 23.835598], [67.718598, 23.843695], [67.773204, 23.821112], [67.802582, 23.812812], [67.831716, 23.809516], [67.839041, 23.823391], [67.849132, 23.889472], [67.855235, 23.911933], [67.863292, 23.902818], [67.864513, 23.86579], [67.868907, 23.850491], [67.883474, 23.864814], [67.891938, 23.869574], [67.899913, 23.86758], [67.905935, 23.85928], [67.904633, 23.846259], [67.909923, 23.836249], [67.916759, 23.833645], [67.926036, 23.834052], [67.934255, 23.832994], [67.937755, 23.826321], [67.941661, 23.815863], [67.950857, 23.808905], [67.961925, 23.804674], [67.971934, 23.802069], [67.973399, 23.805243], [67.983165, 23.809638], [67.994151, 23.811184], [67.999278, 23.805813], [68.000336, 23.797309], [68.003429, 23.785305], [68.007986, 23.774237], [68.01352, 23.768541], [68.024425, 23.774604], [68.035655, 23.792426], [68.053884, 23.829413], [68.041515, 23.85224], [68.01352, 23.939276], [68.024181, 23.935248], [68.047699, 23.92121], [68.063731, 23.923163], [68.061697, 23.911282], [68.053884, 23.88467], [68.059418, 23.861884], [68.07252, 23.841864], [68.08839, 23.826077], [68.102224, 23.815741], [68.102224, 23.809516], [68.088227, 23.809516], [68.081716, 23.80565], [68.074392, 23.788398], [68.073253, 23.783433], [68.074392, 23.764838], [68.071056, 23.760647], [68.056977, 23.750963], [68.053884, 23.74372], [68.062755, 23.723131], [68.081716, 23.708686], [68.098888, 23.709296], [68.102224, 23.733832], [68.130382, 23.708197], [68.149099, 23.694525], [68.157481, 23.696234], [68.154796, 23.714301], [68.144216, 23.74315], [68.143321, 23.761135], [68.148692, 23.780911], [68.166759, 23.820014], [68.170584, 23.839911], [68.168712, 23.844794], [68.160167, 23.857856], [68.157481, 23.864163], [68.156423, 23.87401], [68.157481, 23.905097], [68.183116, 23.843451], [68.183035, 23.842108], [68.182465, 23.835761], [68.179698, 23.82746], [68.175629, 23.798245], [68.166026, 23.773179], [68.163748, 23.757717], [68.168142, 23.747463], [68.178233, 23.754299], [68.197765, 23.774807], [68.197927, 23.753404], [68.195811, 23.733466], [68.19752, 23.714545], [68.208751, 23.696234], [68.224864, 23.681871], [68.240977, 23.674018], [68.258962, 23.674709], [68.280447, 23.685981], [68.27589, 23.665839], [68.261892, 23.661444], [68.245128, 23.659125], [68.232677, 23.645006], [68.220063, 23.659247], [68.209321, 23.662746], [68.19809, 23.659084], [68.184255, 23.651923], [68.181895, 23.647854], [68.178233, 23.634345], [68.174327, 23.631415], [68.154145, 23.63231], [68.150076, 23.631415], [68.143403, 23.612698], [68.1574, 23.600816], [68.181407, 23.594062], [68.230805, 23.58808], [68.294119, 23.590399], [68.308116, 23.589057], [68.317638, 23.586127], [68.327322, 23.5869], [68.34197, 23.596625], [68.348888, 23.60342], [68.353038, 23.610663], [68.351573, 23.617825], [68.34197, 23.623969], [68.410818, 23.700507], [68.427745, 23.714301], [68.449718, 23.723334], [68.47283, 23.737494], [68.51002, 23.744086], [68.52475, 23.752021], [68.538341, 23.761298], [68.554698, 23.768541], [68.587738, 23.775702], [68.598888, 23.781887], [68.609386, 23.795233], [68.623057, 23.824408], [68.633474, 23.833075], [68.654063, 23.836249], [68.691905, 23.836656], [68.717784, 23.84101], [68.740245, 23.853461], [68.766938, 23.878404], [68.78004, 23.874091], [68.805675, 23.884426], [68.821625, 23.878404], [68.768809, 23.841132], [68.756521, 23.836249], [68.745128, 23.833075], [68.725597, 23.818915], [68.715587, 23.815741], [68.680186, 23.817776], [68.670746, 23.815741], [68.654552, 23.799058], [68.637869, 23.761542], [68.601736, 23.748684], [68.583507, 23.735297], [68.554698, 23.706488], [68.538829, 23.684027], [68.533539, 23.679185], [68.523936, 23.67593], [68.504731, 23.674221], [68.488943, 23.664781], [68.469412, 23.659247], [68.465505, 23.65526], [68.468761, 23.640815], [68.476899, 23.63935], [68.486176, 23.641425], [68.492686, 23.6376], [68.491466, 23.618842], [68.471528, 23.618638], [68.427501, 23.631415], [68.408865, 23.621324], [68.404959, 23.597602], [68.410818, 23.548814], [68.406098, 23.508734], [68.411632, 23.494696], [68.431163, 23.493598], [68.446951, 23.502997], [68.447439, 23.516343], [68.441417, 23.53205], [68.437348, 23.548814], [68.444021, 23.541205], [68.454112, 23.526272], [68.458669, 23.52147], [68.468028, 23.519843], [68.475597, 23.524115], [68.481293, 23.525133], [68.48585, 23.514106], [68.465587, 23.505276], [68.447439, 23.487454], [68.432953, 23.465888], [68.423676, 23.445787], [68.430919, 23.436591], [68.44044, 23.434272], [68.451915, 23.43773], [68.465505, 23.445787], [68.461111, 23.433173], [68.458832, 23.419827], [68.462576, 23.409125], [68.475352, 23.404853], [68.490489, 23.409329], [68.49643, 23.417873], [68.501475, 23.423285], [68.513194, 23.418524], [68.522146, 23.42475], [68.530121, 23.425686], [68.536388, 23.421332], [68.541026, 23.411689], [68.529552, 23.411933], [68.520763, 23.407538], [68.515147, 23.399319], [68.513194, 23.388088], [68.515147, 23.377021], [68.520681, 23.369208], [68.52947, 23.363105], [68.541026, 23.357001], [68.543142, 23.358588], [68.548513, 23.361518], [68.555186, 23.363959], [68.561046, 23.363918], [68.563731, 23.359931], [68.566661, 23.352973], [68.571056, 23.346381], [68.57838, 23.343411], [68.592052, 23.340074], [68.603038, 23.332831], [68.606944, 23.325588], [68.599132, 23.322252], [68.568533, 23.318427], [68.561046, 23.316107], [68.541026, 23.278225], [68.552257, 23.259711], [68.57781, 23.255276], [68.605317, 23.259589], [68.623057, 23.267646], [68.62322, 23.256171], [68.620128, 23.245429], [68.609386, 23.226711], [68.598318, 23.236965], [68.595714, 23.240383], [68.599946, 23.225043], [68.609141, 23.206773], [68.622569, 23.191555], [68.649669, 23.180854], [68.651134, 23.171454], [68.650645, 23.162055], [68.654063, 23.157782], [68.660655, 23.154242], [68.691254, 23.13052], [68.866222, 23.019965], [69.039887, 22.950507], [69.13559, 22.888373], [69.201915, 22.85224], [69.23878, 22.841946], [69.338145, 22.833075], [69.372569, 22.818996], [69.405935, 22.813666], [69.424653, 22.804267], [69.472179, 22.794664], [69.477306, 22.79206], [69.482595, 22.788479], [69.489431, 22.784735], [69.500011, 22.781684], [69.510753, 22.780504], [69.544444, 22.781684], [69.556977, 22.77851], [69.575694, 22.76435], [69.585704, 22.761176], [69.653819, 22.760484], [69.694347, 22.749701], [69.715831, 22.746894], [69.728852, 22.754828], [69.760102, 22.808336], [69.780121, 22.82746], [69.806814, 22.845282], [69.833181, 22.858466], [69.852875, 22.863593], [69.884288, 22.867825], [69.940684, 22.886135], [69.996918, 22.893785], [70.061778, 22.918199], [70.120128, 22.925035], [70.135427, 22.929999], [70.132335, 22.941067], [70.120453, 22.952582], [70.109548, 22.959174], [70.130626, 22.993964], [70.126231, 22.984809], [70.125011, 22.975979], [70.12908, 22.969306], [70.140636, 22.96662], [70.147472, 22.966051], [70.149669, 22.964301], [70.150727, 22.961005], [70.154307, 22.956041], [70.163097, 22.948961], [70.167735, 22.949123], [70.171723, 22.951972], [70.178477, 22.95303], [70.204112, 22.952216], [70.222016, 22.959174], [70.231944, 22.974921], [70.233084, 23.000149], [70.249685, 22.987454], [70.258311, 22.971869], [70.269298, 22.958564], [70.291759, 22.95303], [70.29363, 22.951402], [70.300059, 22.944281], [70.303477, 22.938137], [70.308767, 22.939765], [70.314626, 22.943508], [70.319102, 22.945502], [70.325694, 22.945014], [70.330414, 22.943305], [70.334483, 22.940131], [70.339529, 22.935289], [70.34669, 22.931301], [70.352387, 22.933051], [70.357677, 22.936713], [70.363536, 22.938707], [70.384532, 22.93887], [70.392426, 22.940863], [70.398774, 22.945502], [70.401622, 22.953843], [70.403494, 22.967841], [70.403819, 22.981879], [70.402029, 22.99022], [70.401866, 22.999254], [70.410981, 23.023179], [70.40447, 23.033352], [70.401052, 23.045396], [70.398936, 23.059068], [70.398774, 23.069037], [70.410655, 23.086005], [70.450938, 23.105658], [70.459646, 23.114], [70.467133, 23.129706], [70.484223, 23.122138], [70.50294, 23.104397], [70.514903, 23.089545], [70.523692, 23.07038], [70.528494, 23.047065], [70.527192, 23.023586], [70.517914, 23.003892], [70.51238, 22.995347], [70.504731, 22.97956], [70.497569, 22.970038], [70.486339, 22.96369], [70.474294, 22.964057], [70.462738, 22.966539], [70.45338, 22.96662], [70.43686, 22.954901], [70.404633, 22.919501], [70.387706, 22.912014], [70.375255, 22.902655], [70.342947, 22.843166], [70.32545, 22.826321], [70.32252, 22.822659], [70.321544, 22.811713], [70.323253, 22.787665], [70.319102, 22.778266], [70.267263, 22.705959], [70.234874, 22.648871], [70.207286, 22.614976], [70.189708, 22.577786], [70.178477, 22.561957], [70.144705, 22.547797], [70.059093, 22.558417], [70.020844, 22.555121], [70.002696, 22.543158], [69.996267, 22.541449], [69.973888, 22.539984], [69.972992, 22.541449], [69.962087, 22.535346], [69.905284, 22.486396], [69.884776, 22.473578], [69.86378, 22.465766], [69.851085, 22.465237], [69.841807, 22.466376], [69.833263, 22.463813], [69.822276, 22.452094], [69.816905, 22.440985], [69.812999, 22.429511], [69.806977, 22.420966], [69.794932, 22.418606], [69.788748, 22.423163], [69.742198, 22.472968], [69.733409, 22.480048], [69.725352, 22.464545], [69.708995, 22.418891], [69.699392, 22.404283], [69.694509, 22.403957], [69.680837, 22.409613], [69.674653, 22.411078], [69.669444, 22.409247], [69.665212, 22.404975], [69.661306, 22.400214], [69.657725, 22.396877], [69.652354, 22.389879], [69.647227, 22.380439], [69.640391, 22.375963], [69.629731, 22.383775], [69.619884, 22.371039], [69.617442, 22.365058], [69.616059, 22.355902], [69.601085, 22.363837], [69.569021, 22.370551], [69.554698, 22.377631], [69.561697, 22.391588], [69.559825, 22.411526], [69.547862, 22.452094], [69.541026, 22.452094], [69.530772, 22.446112], [69.521983, 22.44892], [69.515961, 22.448147], [69.513682, 22.431586], [69.516938, 22.416083], [69.522797, 22.403876], [69.525645, 22.392076], [69.519867, 22.377631], [69.515147, 22.37519], [69.508556, 22.374254], [69.502696, 22.37226], [69.500011, 22.366767], [69.485362, 22.347561], [69.479666, 22.342231], [69.468923, 22.337836], [69.435395, 22.33039], [69.359874, 22.329169], [69.346446, 22.324897], [69.335704, 22.306138], [69.286469, 22.284613], [69.212087, 22.273912], [69.212087, 22.281399], [69.19044, 22.292304], [69.173839, 22.308295], [69.169688, 22.327948], [69.185313, 22.349677], [69.18214, 22.366441], [69.20574, 22.398668], [69.202159, 22.414862], [69.188243, 22.426418], [69.178559, 22.427639], [69.168793, 22.42064], [69.154633, 22.407701], [69.146983, 22.404853], [69.139822, 22.407131], [69.132009, 22.410468], [69.122732, 22.411078], [69.11378, 22.407864], [69.097423, 22.398871], [69.088552, 22.396877], [69.071788, 22.399482], [69.062266, 22.407701], [69.048188, 22.431586], [69.056, 22.44184], [69.074474, 22.449449], [69.082286, 22.45954], [69.085216, 22.472886], [69.081391, 22.480536], [69.073578, 22.481879], [69.047537, 22.464016], [69.007498, 22.443183], [68.992931, 22.431586], [68.983246, 22.419379], [68.974376, 22.404731], [68.967621, 22.387193], [68.965017, 22.366767], [68.960623, 22.349514], [68.951427, 22.334866], [68.944021, 22.318264], [68.944591, 22.295071], [68.953298, 22.276028], [68.980479, 22.235541], [68.994151, 22.203925], [69.012543, 22.185614], [69.048188, 22.157904], [69.092052, 22.099595], [69.103038, 22.076361], [69.119314, 22.062079], [69.150645, 22.041205], [69.198416, 21.979722], [69.21225, 21.967475], [69.243907, 21.94595], [69.336192, 21.862454], [69.355479, 21.853176], [69.367849, 21.856106], [69.39088, 21.876695], [69.395193, 21.861314], [69.391775, 21.83218], [69.397716, 21.815253], [69.427419, 21.781236], [69.4463, 21.766303], [69.478526, 21.752631], [69.49936, 21.720201], [69.519786, 21.704779], [69.552745, 21.665188], [69.568207, 21.650133], [69.629731, 21.616034], [69.756358, 21.490424], [69.771495, 21.47842], [69.788748, 21.469306], [69.808604, 21.465806], [69.814708, 21.433661], [69.844981, 21.389594], [69.911632, 21.315009], [69.958263, 21.273342], [69.966156, 21.263414], [69.968019, 21.258055], [70.054445, 21.153155], [70.152192, 21.078518], [70.26352, 20.980414], [70.299978, 20.958564], [70.336681, 20.927069], [70.398774, 20.90351], [70.417003, 20.890448], [70.451427, 20.855902], [70.463064, 20.848863], [70.484141, 20.84394], [70.541515, 20.807847], [70.562174, 20.799767], [70.698578, 20.746405], [70.730805, 20.723212], [70.740245, 20.718492], [70.751638, 20.719631], [70.763194, 20.724555], [70.774587, 20.727362], [70.785167, 20.722154], [70.801606, 20.709052], [70.819672, 20.702948], [70.84018, 20.70189], [70.902531, 20.70552], [70.972992, 20.709621], [70.982432, 20.71015], [71.000824, 20.722154], [71.005951, 20.736558], [71.00766, 20.741604], [71.024181, 20.744534], [71.044444, 20.740546], [71.062348, 20.738959], [71.072602, 20.745673], [71.083263, 20.756537], [71.09547, 20.763739], [71.110118, 20.759467], [71.116954, 20.766913], [71.140636, 20.765692], [71.318614, 20.849311], [71.378103, 20.859442], [71.46225, 20.885321], [71.480724, 20.900377], [71.484386, 20.917141], [71.493419, 20.929145], [71.536794, 20.964301], [71.551117, 20.973578], [71.569347, 20.979193], [71.562348, 20.972968], [71.557302, 20.96601], [71.549571, 20.951239], [71.583507, 20.958238], [71.639985, 20.996812], [71.68336, 21.011461], [71.699743, 21.021306], [71.717621, 21.03205], [71.730235, 21.030707], [71.743663, 21.027574], [71.76295, 21.032294], [71.788585, 21.047512], [71.806163, 21.062079], [71.92628, 21.130032], [71.972423, 21.13227], [71.990733, 21.136379], [72.055024, 21.168362], [72.062836, 21.174709], [72.066661, 21.181342], [72.07545, 21.185696], [72.084809, 21.188707], [72.090831, 21.191474], [72.104747, 21.205064], [72.104503, 21.222154], [72.093516, 21.243557], [72.090831, 21.252916], [72.093598, 21.258205], [72.099376, 21.26496], [72.10255, 21.2744], [72.097016, 21.287665], [72.107758, 21.289984], [72.111501, 21.296088], [72.110037, 21.304836], [72.104503, 21.315009], [72.116059, 21.32274], [72.151622, 21.360175], [72.15919, 21.373277], [72.16684, 21.392076], [72.2199, 21.444729], [72.242198, 21.48078], [72.275157, 21.595526], [72.279145, 21.600531], [72.292003, 21.611762], [72.295665, 21.616034], [72.298839, 21.626288], [72.298513, 21.633979], [72.296641, 21.642157], [72.295665, 21.653876], [72.292491, 21.659491], [72.285411, 21.665025], [72.278331, 21.671942], [72.271739, 21.690904], [72.263031, 21.692328], [72.251801, 21.690904], [72.240408, 21.691718], [72.230235, 21.69599], [72.223806, 21.700588], [72.219005, 21.706], [72.214366, 21.712836], [72.202403, 21.748114], [72.200043, 21.750067], [72.195811, 21.757799], [72.177013, 21.766669], [72.172699, 21.777737], [72.171072, 21.790961], [72.166026, 21.793931], [72.117442, 21.776597], [72.103201, 21.775214], [72.087413, 21.784491], [72.073904, 21.788723], [72.054942, 21.78559], [72.021821, 21.774319], [72.022309, 21.780911], [72.021495, 21.79442], [72.021821, 21.800971], [72.009613, 21.7956], [72.005382, 21.792955], [72.001475, 21.787909], [71.996104, 21.799506], [71.994151, 21.812201], [71.99464, 21.839504], [71.997325, 21.854926], [72.004161, 21.857733], [72.062836, 21.834377], [72.086762, 21.830268], [72.104503, 21.835761], [72.086436, 21.865627], [72.080333, 21.869859], [72.071788, 21.870795], [72.061534, 21.873114], [72.052908, 21.876532], [72.049327, 21.880439], [72.057953, 21.898749], [72.077647, 21.894436], [72.098481, 21.88052], [72.111339, 21.869859], [72.123302, 21.853746], [72.13087, 21.846259], [72.161876, 21.839179], [72.169444, 21.841376], [72.162608, 21.852851], [72.160004, 21.865912], [72.167328, 21.879136], [72.16977, 21.890448], [72.152354, 21.897854], [72.15919, 21.904608], [72.145356, 21.910834], [72.145356, 21.91767], [72.156505, 21.925849], [72.1421, 21.924994], [72.104503, 21.91767], [72.087576, 21.919664], [72.028656, 21.938788], [72.038422, 21.947577], [72.055186, 21.953518], [72.073253, 21.954495], [72.087413, 21.948432], [72.096202, 21.94302], [72.102061, 21.945054], [72.104828, 21.951483], [72.104503, 21.959215], [72.08253, 21.973375], [72.076508, 21.979722], [72.114919, 21.969387], [72.124848, 21.972317], [72.128103, 21.983547], [72.119314, 21.993638], [72.097016, 22.007025], [72.11378, 22.010565], [72.134288, 22.004584], [72.151703, 21.993883], [72.15919, 21.98314], [72.163422, 21.973212], [72.173106, 21.975653], [72.182465, 21.982733], [72.186371, 21.986558], [72.191173, 21.993638], [72.19516, 22.003648], [72.19988, 22.006985], [72.206309, 21.994045], [72.214366, 21.994045], [72.216482, 22.007799], [72.220958, 22.010972], [72.237315, 22.007025], [72.24936, 22.008287], [72.25766, 22.012152], [72.275157, 22.027533], [72.276134, 22.031643], [72.283458, 22.043606], [72.291759, 22.053412], [72.295665, 22.051174], [72.298025, 22.061672], [72.307628, 22.079006], [72.317231, 22.184882], [72.306488, 22.22956], [72.268321, 22.226752], [72.239106, 22.238918], [72.234141, 22.243557], [72.237315, 22.256293], [72.243175, 22.265937], [72.246104, 22.27558], [72.240408, 22.288235], [72.209239, 22.259426], [72.190684, 22.251288], [72.166026, 22.260321], [72.148774, 22.277899], [72.161794, 22.280951], [72.206309, 22.273912], [72.200938, 22.291449], [72.208507, 22.300442], [72.223399, 22.303168], [72.240408, 22.301907], [72.264659, 22.295233], [72.265961, 22.28734], [72.263194, 22.276353], [72.275157, 22.260321], [72.288341, 22.261298], [72.309093, 22.257229], [72.328298, 22.260728], [72.336599, 22.284817], [72.340505, 22.303209], [72.34962, 22.324368], [72.361013, 22.343451], [72.371349, 22.355902], [72.397227, 22.366767], [72.408051, 22.353461], [72.404959, 22.332953], [72.388194, 22.322333], [72.380382, 22.312405], [72.381033, 22.289944], [72.386241, 22.266506], [72.391856, 22.253485], [72.413748, 22.246324], [72.432302, 22.255845], [72.448741, 22.266832], [72.463878, 22.263983], [72.46697, 22.255845], [72.454845, 22.245307], [72.457042, 22.236721], [72.466156, 22.232571], [72.479015, 22.233385], [72.50172, 22.240424], [72.521169, 22.253119], [72.553071, 22.282457], [72.573741, 22.288235], [72.596365, 22.286933], [72.606619, 22.28384], [72.625011, 22.271389], [72.635265, 22.271633], [72.646495, 22.273912], [72.659434, 22.273912], [72.726573, 22.248928], [72.756602, 22.24372], [72.785411, 22.256903], [72.798676, 22.26557], [72.818207, 22.273424], [72.838634, 22.276557], [72.854259, 22.270819], [72.869477, 22.262397], [72.886078, 22.262397], [72.899669, 22.269192], [72.905772, 22.281399], [72.917491, 22.27143], [72.922699, 22.254584], [72.92213, 22.236518], [72.916026, 22.22309], [72.897227, 22.213039], [72.881114, 22.220404], [72.865082, 22.233466], [72.847423, 22.240424], [72.812266, 22.234117], [72.790212, 22.217231], [72.74822, 22.164049], [72.729259, 22.177436], [72.719412, 22.182196], [72.707774, 22.185777], [72.699718, 22.184963], [72.691661, 22.181952], [72.681895, 22.181586], [72.669607, 22.18891], [72.652354, 22.202338], [72.634451, 22.210395], [72.614106, 22.211737], [72.590505, 22.205024], [72.57545, 22.194525], [72.557384, 22.176663], [72.542166, 22.156724], [72.535899, 22.14053], [72.533376, 22.118557], [72.53004, 22.107489], [72.519542, 22.088446], [72.519542, 22.077541], [72.521495, 22.066148], [72.522227, 22.054267], [72.517751, 22.032131], [72.504568, 21.994208], [72.50172, 21.97602], [72.507091, 21.962307], [72.533376, 21.920315], [72.542735, 21.910834], [72.558604, 21.915269], [72.581798, 21.928168], [72.602712, 21.94359], [72.611583, 21.955512], [72.623057, 21.96662], [72.693533, 21.972317], [72.695649, 21.975898], [72.69752, 21.982123], [72.700938, 21.988918], [72.707774, 21.994045], [72.713715, 21.995795], [72.7199, 21.996324], [72.72641, 21.995754], [72.734548, 21.994045], [72.734548, 21.986558], [72.714041, 21.982978], [72.706798, 21.966132], [72.702322, 21.947577], [72.690115, 21.938788], [72.65211, 21.941067], [72.634044, 21.937486], [72.618419, 21.925116], [72.598806, 21.881008], [72.58546, 21.858873], [72.566905, 21.849351], [72.562755, 21.839423], [72.556326, 21.774319], [72.550141, 21.751939], [72.532074, 21.713853], [72.528494, 21.695136], [72.534679, 21.672919], [72.550304, 21.666693], [72.570486, 21.670478], [72.616059, 21.685452], [72.634939, 21.684638], [72.653005, 21.680569], [72.676443, 21.678127], [72.733246, 21.687486], [72.755626, 21.684963], [72.798106, 21.673529], [72.819184, 21.675035], [72.840343, 21.688381], [72.858165, 21.694973], [72.882823, 21.69302], [72.926931, 21.684963], [72.950206, 21.689154], [72.991466, 21.708441], [73.012462, 21.712836], [73.022472, 21.71601], [73.041026, 21.73017], [73.046641, 21.733344], [73.083995, 21.746405], [73.118826, 21.764716], [73.12615, 21.766832], [73.132009, 21.757799], [73.126964, 21.746772], [73.116954, 21.73725], [73.108165, 21.733344], [73.084972, 21.729682], [73.022472, 21.698554], [72.965343, 21.678778], [72.935557, 21.658352], [72.889659, 21.64053], [72.871593, 21.636542], [72.858735, 21.6376], [72.833995, 21.644477], [72.82309, 21.643948], [72.810395, 21.635077], [72.789073, 21.595526], [72.773204, 21.580512], [72.75115, 21.565131], [72.726817, 21.553168], [72.703949, 21.548407], [72.690115, 21.540676], [72.651052, 21.507025], [72.635102, 21.499335], [72.61964, 21.487372], [72.589854, 21.432766], [72.583669, 21.417426], [72.612478, 21.421861], [72.66505, 21.457221], [72.683279, 21.465806], [72.738292, 21.482856], [72.748546, 21.479641], [72.752615, 21.463568], [72.747081, 21.452867], [72.728282, 21.465806], [72.676443, 21.431627], [72.672862, 21.428127], [72.635102, 21.407457], [72.573741, 21.390082], [72.564626, 21.38581], [72.567638, 21.37641], [72.578868, 21.367011], [72.594086, 21.362779], [72.623383, 21.370266], [72.638682, 21.371243], [72.645763, 21.362779], [72.63852, 21.357164], [72.603201, 21.352729], [72.590505, 21.348538], [72.586762, 21.341213], [72.588634, 21.331977], [72.597911, 21.307563], [72.602061, 21.277655], [72.60613, 21.266588], [72.618419, 21.252916], [72.625173, 21.259345], [72.645763, 21.273383], [72.646983, 21.253607], [72.659353, 21.244696], [72.673188, 21.239081], [72.679861, 21.22899], [72.687673, 21.220445], [72.723643, 21.209133], [72.734548, 21.19892], [72.721039, 21.198798], [72.711762, 21.194037], [72.693533, 21.178453], [72.630382, 21.135972], [72.615489, 21.119818], [72.615001, 21.105862], [72.629649, 21.087958], [72.637869, 21.085395], [72.658702, 21.097602], [72.666352, 21.097398], [72.671235, 21.099799], [72.673025, 21.112616], [72.671886, 21.134426], [72.672699, 21.145738], [72.676443, 21.153632], [72.686697, 21.158149], [72.706554, 21.157701], [72.714041, 21.16413], [72.728689, 21.148098], [72.720551, 21.129706], [72.705821, 21.10635], [72.700369, 21.074774], [72.730154, 21.087836], [72.734548, 21.092475], [72.735606, 21.110745], [72.737641, 21.117377], [72.741954, 21.123236], [72.746349, 21.118354], [72.752778, 21.113715], [72.755626, 21.109565], [72.799571, 21.128811], [72.809581, 21.130032], [72.815929, 21.121487], [72.849864, 21.048], [72.844981, 21.038316], [72.82309, 21.03384], [72.783946, 21.040432], [72.766856, 21.03856], [72.771983, 21.023871], [72.781993, 21.010159], [72.787608, 21.006903], [72.799327, 21.005845], [72.80836, 21.003974], [72.816091, 20.99901], [72.8213, 20.991604], [72.82309, 20.982611], [72.832693, 20.972357], [72.85377, 20.974921], [72.875987, 20.98135], [72.888438, 20.982611], [72.886485, 20.962104], [72.856456, 20.947984], [72.836681, 20.929918], [72.864919, 20.897284], [72.854259, 20.887152], [72.845876, 20.851793], [72.836925, 20.835842], [72.875336, 20.862494], [72.881196, 20.865668], [72.893809, 20.870063], [72.900401, 20.868109], [72.888438, 20.851955], [72.880138, 20.829901], [72.885753, 20.807115], [72.900238, 20.79914], [72.919444, 20.821519], [72.924978, 20.810614], [72.922862, 20.80268], [72.919119, 20.7956], [72.919444, 20.787421], [72.926443, 20.780992], [72.936371, 20.776272], [72.944998, 20.770006], [72.946788, 20.759467], [72.940278, 20.759426], [72.898936, 20.732164], [72.90797, 20.718329], [72.909434, 20.698676], [72.905772, 20.653306], [72.902599, 20.641913], [72.888438, 20.628485], [72.885265, 20.619208], [72.886241, 20.608466], [72.890636, 20.587063], [72.891449, 20.575141], [72.890391, 20.55268], [72.886485, 20.531562], [72.879161, 20.512437], [72.840017, 20.458726], [72.829438, 20.437934], [72.82309, 20.416815], [72.820811, 20.386135], [72.817068, 20.375922], [72.810313, 20.368842], [72.798188, 20.35932], [72.786794, 20.35224], [72.781586, 20.352281], [72.777517, 20.330064], [72.767833, 20.311957], [72.756602, 20.295966], [72.74822, 20.280341], [72.743012, 20.247748], [72.741954, 20.245551], [72.741954, 20.225043], [72.744395, 20.219387], [72.749034, 20.218329], [72.753591, 20.218207], [72.755626, 20.215155], [72.752289, 20.203762], [72.737641, 20.184272], [72.734548, 20.173529], [72.728282, 20.129462], [72.710297, 20.082913], [72.707774, 20.071112], [72.707774, 20.012763], [72.70338, 19.997626], [72.694509, 19.979315], [72.684337, 19.964016], [72.676443, 19.957506], [72.665212, 19.952948], [72.662771, 19.941799], [72.666189, 19.916571], [72.664236, 19.881578], [72.65919, 19.866441], [72.649181, 19.851996], [72.650076, 19.841986], [72.672862, 19.812812], [72.679861, 19.800482], [72.675792, 19.764146], [72.677908, 19.746568], [72.690115, 19.748969], [72.728282, 19.793647], [72.732758, 19.779731], [72.73406, 19.771918], [72.734548, 19.762641], [72.731293, 19.754584], [72.724376, 19.752672], [72.717296, 19.751532], [72.714041, 19.745836], [72.718598, 19.727932], [72.72641, 19.715237], [72.72641, 19.705797], [72.707774, 19.697455], [72.7046, 19.706529], [72.699962, 19.714179], [72.694102, 19.720201], [72.686697, 19.724799], [72.709646, 19.64997], [72.718028, 19.606676], [72.710785, 19.587592], [72.722504, 19.536282], [72.741547, 19.516018], [72.749197, 19.5126], [72.755626, 19.519355], [72.754893, 19.527045], [72.749278, 19.534247], [72.734548, 19.546617], [72.739757, 19.55268], [72.740733, 19.560736], [72.738292, 19.570258], [72.734548, 19.580797], [72.741954, 19.580797], [72.76002, 19.573065], [72.770681, 19.566148], [72.775401, 19.557196], [72.777029, 19.545559], [72.781261, 19.536566], [72.787852, 19.53026], [72.795909, 19.526801], [72.815929, 19.52851], [72.835948, 19.536689], [72.8567, 19.541327], [72.879161, 19.532375], [72.769216, 19.490465], [72.754405, 19.481757], [72.746837, 19.467963], [72.74822, 19.444241], [72.759776, 19.388983], [72.763438, 19.380194], [72.787608, 19.345201], [72.802094, 19.331936], [72.818533, 19.330268], [72.836925, 19.348049], [72.855317, 19.339504], [72.883556, 19.316392], [72.898936, 19.307034], [72.916759, 19.303371], [72.970958, 19.307034], [72.987804, 19.300686], [73.001801, 19.286566], [73.012462, 19.272447], [73.019298, 19.266059], [73.029145, 19.259345], [73.028005, 19.244086], [73.03004, 19.227729], [73.049653, 19.217719], [73.026622, 19.205512], [73.010509, 19.224311], [72.988292, 19.27912], [72.972667, 19.293687], [72.959727, 19.294827], [72.946544, 19.289862], [72.930349, 19.286566], [72.900564, 19.290758], [72.885509, 19.296047], [72.867035, 19.316799], [72.839366, 19.319078], [72.785411, 19.31391], [72.775645, 19.299018], [72.772227, 19.265123], [72.775401, 19.204657], [72.789399, 19.217353], [72.802094, 19.23786], [72.815115, 19.253648], [72.830089, 19.252427], [72.819835, 19.240627], [72.802501, 19.211615], [72.783376, 19.168647], [72.781586, 19.159654], [72.784923, 19.150377], [72.792166, 19.150458], [72.799571, 19.156887], [72.805186, 19.17182], [72.811209, 19.175523], [72.818044, 19.17536], [72.82309, 19.169257], [72.822439, 19.163764], [72.812185, 19.153713], [72.809581, 19.146308], [72.811778, 19.137356], [72.821056, 19.119208], [72.82309, 19.108466], [72.821951, 19.097113], [72.809581, 19.06684], [72.8213, 19.063178], [72.824229, 19.053534], [72.821788, 19.041978], [72.817068, 19.032701], [72.812999, 19.035549], [72.802745, 19.040188], [72.804942, 19.011054], [72.802419, 18.999661], [72.795909, 18.984931], [72.776052, 18.959703], [72.770356, 18.948188], [72.775401, 18.93651], [72.788259, 18.946519], [72.792328, 18.951239], [72.795909, 18.957587], [72.802745, 18.957587], [72.807384, 18.942816], [72.805349, 18.930976], [72.802013, 18.920478], [72.802745, 18.909817], [72.812511, 18.897447], [72.8213, 18.903306], [72.827647, 18.918362], [72.836274, 18.959133], [72.851085, 18.987128], [72.869314, 19.01142], [72.885265, 19.025865], [72.891449, 19.00137], [72.891449, 18.991767], [72.934255, 19.034084], [72.94337, 19.055121], [72.926931, 19.06684], [72.93393, 19.080308], [72.935557, 19.115058], [72.950043, 19.127916], [72.967296, 19.163072], [72.974783, 19.163072], [72.967296, 19.09101], [72.973806, 19.078559], [72.985688, 19.074286], [72.991873, 19.067206], [72.980968, 19.046373], [72.987804, 19.036933], [72.983572, 19.010443], [72.988292, 18.998603], [73.011892, 19.009426], [73.039806, 19.017524], [73.056814, 19.015326], [73.046641, 18.995185], [73.042166, 18.995754], [72.992035, 18.982489], [72.968272, 18.972602], [72.953624, 18.971259], [72.953624, 18.964423], [72.988292, 18.964423], [72.977224, 18.948432], [72.96339, 18.947984], [72.949229, 18.951483], [72.936778, 18.947414], [72.934581, 18.920803], [72.928071, 18.911363], [72.912608, 18.923489], [72.896821, 18.894477], [72.91627, 18.87051], [72.946137, 18.858303], [72.961681, 18.865139], [72.963145, 18.868964], [72.96697, 18.872138], [72.972179, 18.874254], [72.977794, 18.874986], [72.9817, 18.871487], [72.979747, 18.863349], [72.976085, 18.854397], [72.974783, 18.848334], [72.981293, 18.832709], [72.987966, 18.824937], [73.016287, 18.813625], [73.002452, 18.801459], [72.99171, 18.779364], [72.988048, 18.753852], [72.995128, 18.731024], [72.980642, 18.736762], [72.969574, 18.746975], [72.966319, 18.76142], [72.974783, 18.779486], [72.938975, 18.816962], [72.926931, 18.826646], [72.912608, 18.799994], [72.902029, 18.799506], [72.887055, 18.807034], [72.879161, 18.807359], [72.865571, 18.799384], [72.856944, 18.7862], [72.852387, 18.769924], [72.851736, 18.719672], [72.855317, 18.681138], [72.864513, 18.648912], [72.882172, 18.635484], [72.905772, 18.577135], [72.910167, 18.558987], [72.921153, 18.554877], [72.950206, 18.56037], [72.960297, 18.554674], [72.970388, 18.541002], [72.977875, 18.524115], [72.980968, 18.508857], [72.98878, 18.489936], [73.004405, 18.480048], [73.014985, 18.469957], [73.0088, 18.450507], [72.990245, 18.469957], [72.961111, 18.517727], [72.946788, 18.532416], [72.924653, 18.535631], [72.907237, 18.523586], [72.895763, 18.502997], [72.891449, 18.480902], [72.889659, 18.441311], [72.891449, 18.429389], [72.897227, 18.417304], [72.904307, 18.408515], [72.910167, 18.399237], [72.912608, 18.385647], [72.911632, 18.377346], [72.910167, 18.372504], [72.909841, 18.368069], [72.912608, 18.361151], [72.917328, 18.356391], [72.922537, 18.356635], [72.927908, 18.357571], [72.933604, 18.354926], [72.950857, 18.332953], [72.958751, 18.328111], [72.974783, 18.327582], [72.968028, 18.310614], [72.977387, 18.295071], [72.994884, 18.283596], [73.012462, 18.279202], [73.042979, 18.282375], [73.056977, 18.280951], [73.071544, 18.273017], [73.065278, 18.257554], [73.073985, 18.224189], [73.071544, 18.204088], [73.057465, 18.185614], [73.047618, 18.188788], [73.047618, 18.201158], [73.063487, 18.210354], [73.050955, 18.227484], [73.0324, 18.23786], [73.012462, 18.24315], [72.995128, 18.245063], [72.98227, 18.244208], [72.976736, 18.24258], [72.972667, 18.244696], [72.964529, 18.25495], [72.959239, 18.265855], [72.95753, 18.274604], [72.953136, 18.281317], [72.939952, 18.286038], [72.935069, 18.276313], [72.933279, 18.266588], [72.934825, 18.25788], [72.939952, 18.251288], [72.935232, 18.244778], [72.926931, 18.223944], [72.954845, 18.217515], [72.967296, 18.19599], [72.976085, 18.118638], [72.978363, 18.111884], [72.98463, 18.104193], [72.988129, 18.096015], [72.986664, 18.087714], [72.983165, 18.081732], [72.980968, 18.080552], [72.987315, 18.066555], [73.00115, 18.052069], [73.0088, 18.039008], [73.015147, 18.04914], [73.022716, 18.057685], [73.031993, 18.06391], [73.043468, 18.066962], [73.042247, 18.048977], [73.032481, 18.041083], [73.019542, 18.035875], [73.0088, 18.025946], [73.005219, 18.012356], [73.008637, 18.00023], [73.018891, 17.992499], [73.035411, 17.991848], [73.0171, 17.972113], [73.018565, 17.951728], [73.065196, 17.878363], [73.073741, 17.857123], [73.079438, 17.824612], [73.08546, 17.813666], [73.101329, 17.796332], [73.106619, 17.785549], [73.109874, 17.758287], [73.115001, 17.748196], [73.123302, 17.735785], [73.12322, 17.723334], [73.117361, 17.711249], [73.108165, 17.699774], [73.105479, 17.68891], [73.110525, 17.675727], [73.118907, 17.663479], [73.12615, 17.655422], [73.120291, 17.642035], [73.121349, 17.62641], [73.128184, 17.611558], [73.139171, 17.600775], [73.154063, 17.595608], [73.185883, 17.592515], [73.200694, 17.586493], [73.163422, 17.569485], [73.149425, 17.567288], [73.136404, 17.567206], [73.12794, 17.564683], [73.125987, 17.556545], [73.131684, 17.539374], [73.165538, 17.503404], [73.180675, 17.477688], [73.17335, 17.457424], [73.185395, 17.441881], [73.177094, 17.426663], [73.165294, 17.413031], [73.166515, 17.402167], [73.170584, 17.389716], [73.195974, 17.369371], [73.207367, 17.353746], [73.234711, 17.302314], [73.249034, 17.284857], [73.231212, 17.279283], [73.217133, 17.286851], [73.203461, 17.298733], [73.187022, 17.305976], [73.193126, 17.294013], [73.211192, 17.275092], [73.214854, 17.268744], [73.218028, 17.253241], [73.236013, 17.220608], [73.236176, 17.199205], [73.255138, 17.165188], [73.26059, 17.150539], [73.261974, 17.134955], [73.255138, 17.120998], [73.267426, 17.101386], [73.275727, 17.078599], [73.277354, 17.054674], [73.269379, 17.031643], [73.258962, 17.044094], [73.251475, 17.042426], [73.251231, 17.032172], [73.262706, 17.018541], [73.254568, 17.006741], [73.26238, 16.996975], [73.289399, 16.983832], [73.274913, 16.958645], [73.270518, 16.945014], [73.269379, 16.929185], [73.279063, 16.891913], [73.279552, 16.887641], [73.269379, 16.875637], [73.274669, 16.848822], [73.286632, 16.820868], [73.296886, 16.80565], [73.303722, 16.813137], [73.304454, 16.793524], [73.295258, 16.768052], [73.289561, 16.74022], [73.300304, 16.713202], [73.31658, 16.699897], [73.321625, 16.69245], [73.323497, 16.679104], [73.321462, 16.670844], [73.312511, 16.658393], [73.310557, 16.651435], [73.312185, 16.644721], [73.323497, 16.620673], [73.338878, 16.631659], [73.354259, 16.63467], [73.366466, 16.628079], [73.371267, 16.610175], [73.368663, 16.599026], [73.363048, 16.596829], [73.358409, 16.603949], [73.358246, 16.620673], [73.326996, 16.607123], [73.323497, 16.606431], [73.316091, 16.600043], [73.314626, 16.599433], [73.316091, 16.598293], [73.317231, 16.590277], [73.322765, 16.576158], [73.336436, 16.565619], [73.354015, 16.559638], [73.371267, 16.559272], [73.365001, 16.554389], [73.35434, 16.543158], [73.350841, 16.538153], [73.356212, 16.530748], [73.362315, 16.525458], [73.369477, 16.52147], [73.378673, 16.518297], [73.355724, 16.519436], [73.344005, 16.523586], [73.323497, 16.544989], [73.321951, 16.548489], [73.314952, 16.557603], [73.307302, 16.563178], [73.303722, 16.555569], [73.302989, 16.533026], [73.305837, 16.52265], [73.313813, 16.518297], [73.319184, 16.509752], [73.333995, 16.468166], [73.341319, 16.432074], [73.352061, 16.418118], [73.367442, 16.408637], [73.384939, 16.401597], [73.373057, 16.395657], [73.364431, 16.389309], [73.359386, 16.380601], [73.358246, 16.367499], [73.375662, 16.360256], [73.378673, 16.35692], [73.377778, 16.337958], [73.378673, 16.332709], [73.406098, 16.2508], [73.410411, 16.230455], [73.413585, 16.223944], [73.419688, 16.216702], [73.425955, 16.215155], [73.430837, 16.218736], [73.435232, 16.217841], [73.440196, 16.202338], [73.440196, 16.162014], [73.447032, 16.113593], [73.448009, 16.143297], [73.45281, 16.166571], [73.465017, 16.182278], [73.487966, 16.189358], [73.479259, 16.177232], [73.470225, 16.168891], [73.46339, 16.159573], [73.460704, 16.14468], [73.460704, 16.08633], [73.45753, 16.079535], [73.452973, 16.074164], [73.447032, 16.068915], [73.450369, 16.058905], [73.45753, 16.054185], [73.464854, 16.051663], [73.46811, 16.048489], [73.472504, 16.036363], [73.483897, 16.028225], [73.499278, 16.024319], [73.515961, 16.024848], [73.515961, 16.017401], [73.487315, 16.014228], [73.490977, 15.993476], [73.510102, 15.967597], [73.528982, 15.949164], [73.587576, 15.902899], [73.604666, 15.880845], [73.638845, 15.817206], [73.646251, 15.792141], [73.643565, 15.749091], [73.646251, 15.736884], [73.656016, 15.730292], [73.672374, 15.726508], [73.689871, 15.724473], [73.700857, 15.723212], [73.686778, 15.713121], [73.685883, 15.704291], [73.690766, 15.693793], [73.697927, 15.662828], [73.707042, 15.643704], [73.718272, 15.627143], [73.728282, 15.619574], [73.733246, 15.625067], [73.76824, 15.646918], [73.776622, 15.650865], [73.783865, 15.659125], [73.801036, 15.661851], [73.838145, 15.661119], [73.838145, 15.654283], [73.787364, 15.641791], [73.760427, 15.632025], [73.748709, 15.616767], [73.746593, 15.608385], [73.74171, 15.604193], [73.737071, 15.598538], [73.735118, 15.586005], [73.736827, 15.571723], [73.741222, 15.559963], [73.756114, 15.537584], [73.751231, 15.513129], [73.766287, 15.49726], [73.786388, 15.492174], [73.796397, 15.500393], [73.865977, 15.537584], [73.865977, 15.531399], [73.860525, 15.525865], [73.859548, 15.521145], [73.863129, 15.516343], [73.872244, 15.510932], [73.828136, 15.50141], [73.817556, 15.496649], [73.808849, 15.488023], [73.800466, 15.475002], [73.795177, 15.460761], [73.796397, 15.448879], [73.806163, 15.452216], [73.841563, 15.448879], [73.846853, 15.447089], [73.854177, 15.4383], [73.858572, 15.435207], [73.865082, 15.434312], [73.879161, 15.435777], [73.885916, 15.435207], [73.927582, 15.417385], [73.937022, 15.411322], [73.959972, 15.380683], [73.967784, 15.373765], [73.964203, 15.370185], [73.961681, 15.368232], [73.958507, 15.367174], [73.954112, 15.366278], [73.945323, 15.385688], [73.93336, 15.395413], [73.899587, 15.407904], [73.884939, 15.398017], [73.871918, 15.401842], [73.860118, 15.407864], [73.848399, 15.404486], [73.839366, 15.404039], [73.782888, 15.407904], [73.810395, 15.37759], [73.827403, 15.36518], [73.848399, 15.360093], [73.869477, 15.359565], [73.882579, 15.355292], [73.891287, 15.343207], [73.947276, 15.160834], [73.954112, 15.16828], [73.962169, 15.152045], [73.958263, 15.143134], [73.937022, 15.130439], [73.928966, 15.120592], [73.922537, 15.107856], [73.913097, 15.078925], [73.964366, 15.064643], [73.972992, 15.056871], [73.995779, 15.010688], [74.006847, 15.004869], [74.020193, 15.001776], [74.031261, 14.995307], [74.035981, 14.979641], [74.031016, 14.949774], [74.030284, 14.935207], [74.035981, 14.921291], [74.077159, 14.898383], [74.081065, 14.893988], [74.091156, 14.8876], [74.103038, 14.85692], [74.111827, 14.846177], [74.125011, 14.845852], [74.14088, 14.852688], [74.154063, 14.862128], [74.159516, 14.869778], [74.166189, 14.876532], [74.19752, 14.890855], [74.208018, 14.900824], [74.211192, 14.887356], [74.220876, 14.882066], [74.230724, 14.880113], [74.235199, 14.876532], [74.233084, 14.864569], [74.226899, 14.862738], [74.21811, 14.865383], [74.208018, 14.866645], [74.190684, 14.863105], [74.178966, 14.856269], [74.169688, 14.844468], [74.159516, 14.82567], [74.151541, 14.83511], [74.140473, 14.838772], [74.128754, 14.83747], [74.118663, 14.831855], [74.114268, 14.82095], [74.114024, 14.808417], [74.109141, 14.802639], [74.091319, 14.811428], [74.096446, 14.793362], [74.111339, 14.780341], [74.145844, 14.763617], [74.146495, 14.761868], [74.153331, 14.749945], [74.157725, 14.748969], [74.169444, 14.750881], [74.173839, 14.749945], [74.180675, 14.742174], [74.194347, 14.715806], [74.208751, 14.731838], [74.22047, 14.738105], [74.23406, 14.734076], [74.25294, 14.71894], [74.263194, 14.701606], [74.269216, 14.658922], [74.276215, 14.640082], [74.266856, 14.631293], [74.268077, 14.61994], [74.27589, 14.610175], [74.28712, 14.605943], [74.301117, 14.60932], [74.312266, 14.615465], [74.323904, 14.618598], [74.339041, 14.612779], [74.339041, 14.605943], [74.307384, 14.601874], [74.295177, 14.587307], [74.295909, 14.565009], [74.303559, 14.537665], [74.300548, 14.527411], [74.309825, 14.519436], [74.32488, 14.517239], [74.339041, 14.523993], [74.342947, 14.536851], [74.340994, 14.551174], [74.342947, 14.563666], [74.358735, 14.571234], [74.355805, 14.562405], [74.355479, 14.557074], [74.358735, 14.544582], [74.364106, 14.54914], [74.368337, 14.549709], [74.379242, 14.544582], [74.377126, 14.541002], [74.374685, 14.533759], [74.372406, 14.530219], [74.385427, 14.524115], [74.427745, 14.476264], [74.401134, 14.479722], [74.397634, 14.475409], [74.407237, 14.461982], [74.388845, 14.462714], [74.377452, 14.484605], [74.367035, 14.512356], [74.351899, 14.530219], [74.353852, 14.505072], [74.374278, 14.467271], [74.381602, 14.43122], [74.386729, 14.424221], [74.391856, 14.419013], [74.394216, 14.410793], [74.394379, 14.384914], [74.396983, 14.372748], [74.403575, 14.362982], [74.412608, 14.344794], [74.415375, 14.301093], [74.427745, 14.28384], [74.436371, 14.27969], [74.500011, 14.257961], [74.508962, 14.250312], [74.494965, 14.247463], [74.471039, 14.248684], [74.447032, 14.253974], [74.43336, 14.263373], [74.429047, 14.240424], [74.438731, 14.22012], [74.467459, 14.181383], [74.473155, 14.161689], [74.474864, 14.105699], [74.479177, 14.095649], [74.491384, 14.080634], [74.495372, 14.071519], [74.496267, 14.06151], [74.494802, 14.040717], [74.495372, 14.030585], [74.504731, 14.01024], [74.536388, 13.969875], [74.550792, 13.945502], [74.583995, 13.903876], [74.595958, 13.871487], [74.614594, 13.835517], [74.623057, 13.774156], [74.646983, 13.692084], [74.660492, 13.660061], [74.676036, 13.701077], [74.687755, 13.711819], [74.701427, 13.69477], [74.688975, 13.690863], [74.688324, 13.68594], [74.701427, 13.673733], [74.712901, 13.656195], [74.720551, 13.652289], [74.735606, 13.653795], [74.723806, 13.645575], [74.709972, 13.64057], [74.696788, 13.640448], [74.687185, 13.646959], [74.680919, 13.646959], [74.679698, 13.636461], [74.677094, 13.630316], [74.672862, 13.628892], [74.666677, 13.632758], [74.667166, 13.628607], [74.667979, 13.625149], [74.669932, 13.622016], [74.673513, 13.619086], [74.671397, 13.603949], [74.677989, 13.54914], [74.677094, 13.52676], [74.701427, 13.461371], [74.702403, 13.442613], [74.701915, 13.420356], [74.708263, 13.413031], [74.693696, 13.415269], [74.690766, 13.439114], [74.680919, 13.468248], [74.68336, 13.442816], [74.687511, 13.410346], [74.694591, 13.393134], [74.689464, 13.381578], [74.696137, 13.365953], [74.707205, 13.348375], [74.715099, 13.331041], [74.733409, 13.262763], [74.737804, 13.221381], [74.74879, 13.170844], [74.75294, 13.160386], [74.759776, 13.155219], [74.761892, 13.143134], [74.76295, 13.118801], [74.769216, 13.099555], [74.774099, 13.093411], [74.783376, 13.084662], [74.770274, 13.052436], [74.817556, 12.861762], [74.850597, 12.857164], [74.894786, 12.871161], [74.940929, 12.878607], [74.932872, 12.866441], [74.917491, 12.85814], [74.901134, 12.85342], [74.889822, 12.851874], [74.881114, 12.848049], [74.866954, 12.830024], [74.859141, 12.824612], [74.85141, 12.825507], [74.824962, 12.838202], [74.827647, 12.824652], [74.834972, 12.815823], [74.844005, 12.80801], [74.852306, 12.797309], [74.854747, 12.787014], [74.854259, 12.765286], [74.855724, 12.759426], [74.870128, 12.742865], [74.879649, 12.725491], [74.955251, 12.537258], [74.976736, 12.507025], [74.985362, 12.49136], [74.98878, 12.471381], [74.992035, 12.461737], [74.99936, 12.454901], [75.006602, 12.449449], [75.009939, 12.443793], [75.010997, 12.435777], [75.018403, 12.41474], [75.082856, 12.305894], [75.098643, 12.269029], [75.104747, 12.24608], [75.10613, 12.23371], [75.105479, 12.221259], [75.113943, 12.23017], [75.11964, 12.239], [75.12672, 12.245836], [75.139659, 12.248603], [75.139659, 12.241767], [75.13087, 12.207831], [75.143809, 12.161322], [75.180512, 12.077297], [75.18629, 12.041571], [75.193696, 12.022284], [75.208507, 12.008368], [75.207042, 12.01203], [75.210623, 12.016995], [75.216482, 12.021064], [75.222179, 12.02204], [75.224457, 12.019355], [75.228201, 12.015082], [75.233246, 12.010484], [75.239268, 12.008368], [75.245616, 12.002916], [75.276703, 11.967434], [75.260509, 11.997789], [75.264334, 12.013332], [75.30421, 12.043158], [75.305593, 12.041775], [75.324962, 12.02265], [75.329763, 12.012641], [75.314708, 12.008368], [75.281098, 12.010647], [75.278819, 12.003241], [75.290375, 11.981106], [75.302257, 11.966051], [75.316091, 11.955634], [75.331716, 11.94953], [75.349132, 11.947577], [75.361339, 11.951239], [75.380219, 11.968695], [75.393403, 11.97484], [75.385997, 11.958319], [75.382823, 11.945502], [75.386567, 11.935126], [75.400238, 11.926459], [75.400238, 11.920233], [75.326508, 11.935858], [75.307628, 11.932196], [75.324555, 11.899115], [75.349376, 11.871975], [75.35255, 11.861558], [75.355805, 11.857652], [75.372569, 11.864732], [75.379731, 11.864976], [75.506114, 11.72724], [75.530772, 11.693671], [75.585297, 11.563381], [75.581879, 11.549791], [75.600841, 11.523383], [75.606293, 11.505316], [75.608897, 11.484931], [75.616547, 11.473619], [75.630138, 11.468736], [75.650157, 11.46776], [75.664806, 11.462633], [75.677094, 11.4501], [75.69516, 11.419989], [75.711192, 11.381781], [75.722179, 11.367499], [75.735525, 11.371527], [75.742442, 11.35871], [75.739513, 11.350735], [75.729259, 11.343655], [75.730805, 11.331732], [75.733653, 11.325181], [75.737804, 11.319485], [75.742931, 11.310126], [75.832774, 11.097846], [75.880138, 10.932685], [75.894542, 10.849758], [75.911143, 10.809231], [75.94158, 10.79621], [75.936534, 10.790717], [75.924083, 10.780707], [75.921072, 10.775702], [75.922048, 10.76557], [75.926931, 10.757717], [75.93214, 10.750963], [75.934744, 10.74433], [75.939138, 10.72606], [75.999685, 10.605536], [76.008067, 10.567084], [76.018728, 10.553412], [76.044607, 10.529283], [76.052419, 10.513983], [76.063324, 10.47016], [76.065115, 10.449856], [76.070079, 10.432807], [76.10613, 10.38467], [76.120616, 10.343573], [76.138194, 10.261054], [76.153168, 10.22016], [76.160492, 10.206244], [76.170584, 10.193752], [76.184093, 10.189358], [76.201671, 10.199693], [76.209483, 10.21601], [76.207856, 10.234565], [76.194835, 10.268622], [76.206309, 10.262885], [76.21339, 10.253241], [76.22283, 10.234442], [76.227794, 10.23428], [76.234386, 10.237942], [76.240245, 10.238959], [76.242686, 10.231024], [76.24171, 10.223944], [76.237315, 10.216986], [76.236339, 10.210273], [76.224132, 10.196926], [76.177501, 10.17064], [76.177745, 10.155341], [76.184581, 10.144924], [76.184906, 10.13581], [76.181163, 10.121161], [76.182384, 10.105658], [76.21461, 10.024482], [76.228201, 9.999945], [76.242686, 9.987454], [76.235037, 10.005072], [76.230968, 10.025824], [76.229015, 10.065904], [76.223481, 10.082099], [76.213552, 10.098822], [76.20753, 10.117133], [76.215343, 10.138251], [76.222911, 10.117621], [76.227712, 10.109565], [76.236339, 10.103461], [76.245128, 10.1022], [76.255056, 10.047675], [76.273936, 10.035834], [76.269298, 10.016262], [76.278168, 9.977932], [76.294281, 9.951321], [76.311534, 9.966946], [76.320811, 9.953315], [76.359223, 9.915432], [76.36378, 9.899237], [76.38559, 9.861518], [76.394054, 9.842841], [76.396495, 9.822659], [76.391287, 9.812201], [76.384044, 9.802639], [76.380382, 9.785102], [76.382091, 9.774726], [76.390798, 9.756985], [76.394054, 9.747219], [76.394786, 9.735175], [76.3921, 9.716946], [76.394054, 9.706244], [76.402599, 9.710598], [76.410004, 9.700263], [76.414561, 9.682685], [76.41505, 9.636176], [76.419607, 9.614488], [76.419688, 9.594184], [76.406993, 9.569078], [76.417247, 9.561428], [76.428233, 9.555406], [76.448497, 9.563422], [76.466563, 9.556383], [76.484386, 9.543769], [76.503266, 9.53498], [76.477061, 9.50373], [76.458995, 9.497301], [76.435069, 9.507636], [76.425792, 9.505276], [76.37672, 9.514472], [76.357432, 9.520697], [76.353282, 9.535346], [76.372895, 9.624335], [76.379161, 9.637763], [76.386567, 9.649848], [76.392426, 9.662828], [76.394054, 9.678941], [76.377126, 9.695502], [76.368012, 9.715562], [76.359223, 9.768297], [76.358653, 9.781806], [76.361095, 9.80386], [76.359223, 9.816107], [76.353038, 9.82982], [76.337413, 9.856187], [76.332693, 9.870754], [76.320079, 9.86164], [76.323985, 9.846177], [76.346202, 9.816107], [76.337576, 9.789252], [76.347341, 9.726874], [76.346202, 9.699408], [76.338878, 9.699408], [76.313813, 9.861314], [76.308604, 9.879625], [76.29713, 9.870754], [76.304698, 9.856269], [76.299978, 9.847805], [76.289806, 9.843817], [76.280772, 9.842841], [76.284434, 9.848212], [76.288259, 9.861233], [76.289073, 9.877143], [76.28419, 9.891181], [76.278575, 9.876899], [76.277354, 9.870754], [76.266856, 9.876044], [76.26059, 9.884711], [76.25766, 9.895819], [76.256847, 9.908596], [76.262218, 9.911566], [76.285655, 9.904364], [76.291026, 9.908596], [76.284679, 9.928534], [76.269542, 9.950995], [76.251475, 9.963121], [76.236339, 9.952704], [76.240245, 9.939399], [76.246755, 9.893744], [76.253184, 9.883734], [76.277354, 9.809272], [76.29713, 9.658433], [76.291026, 9.633205], [76.311778, 9.492987], [76.362966, 9.325181], [76.442556, 9.145168], [76.448741, 9.145168], [76.446788, 9.159613], [76.416026, 9.236314], [76.414561, 9.246975], [76.428233, 9.245347], [76.44337, 9.212144], [76.462413, 9.151353], [76.469086, 9.151353], [76.470958, 9.160142], [76.473318, 9.164252], [76.482758, 9.17182], [76.476248, 9.131252], [76.476573, 9.116604], [76.469086, 9.116604], [76.468272, 9.124579], [76.466645, 9.128974], [76.464529, 9.132514], [76.462413, 9.138332], [76.46046, 9.114936], [76.489268, 9.055569], [76.500173, 9.022284], [76.513845, 9.002143], [76.516856, 8.990627], [76.517914, 8.977444], [76.521495, 8.96133], [76.528087, 8.946967], [76.538097, 8.939114], [76.534434, 8.957831], [76.538829, 8.972602], [76.549653, 8.984442], [76.56544, 8.99433], [76.561534, 8.97899], [76.558116, 8.973049], [76.551117, 8.966376], [76.558604, 8.952094], [76.565929, 8.963284], [76.576834, 8.994127], [76.582774, 9.000556], [76.606456, 8.989407], [76.620616, 8.987128], [76.62672, 8.997463], [76.632091, 9.002346], [76.644054, 9.00788], [76.657888, 9.010688], [76.668468, 9.007392], [76.668468, 8.999823], [76.656505, 8.995063], [76.641938, 8.99136], [76.634288, 8.986884], [76.640391, 8.984442], [76.65211, 8.977281], [76.660818, 8.969875], [76.657563, 8.966376], [76.603282, 8.973212], [76.593272, 8.968207], [76.582286, 8.956366], [76.573985, 8.942572], [76.572276, 8.931627], [76.581554, 8.919908], [76.593761, 8.921047], [76.60727, 8.925767], [76.620616, 8.925442], [76.609874, 8.917955], [76.591156, 8.908149], [76.573253, 8.904446], [76.559093, 8.925238], [76.548106, 8.924221], [76.543956, 8.912502], [76.558604, 8.890692], [76.644542, 8.818996], [76.66033, 8.79975], [76.695649, 8.739814], [76.731293, 8.707953], [76.74171, 8.684516], [76.813731, 8.601264], [76.826508, 8.56981], [76.880138, 8.520697], [76.962576, 8.40469], [76.99586, 8.368109], [77.110362, 8.285183], [77.128754, 8.271796], [77.225271, 8.184394], [77.238943, 8.175116], [77.26295, 8.168402], [77.286794, 8.15351], [77.294688, 8.14704], [77.308604, 8.130927], [77.315603, 8.127753], [77.449718, 8.08747], [77.510916, 8.075995], [77.565278, 8.082506], [77.561046, 8.114569], [77.595225, 8.138983], [77.643809, 8.155707], [77.752452, 8.173814], [77.768321, 8.181545], [77.793468, 8.215318], [77.806163, 8.228664], [77.999766, 8.344916], [78.038829, 8.360907], [78.055919, 8.363715], [78.062755, 8.373196], [78.079845, 8.431952], [78.087169, 8.440497], [78.114594, 8.466132], [78.123302, 8.477525], [78.128266, 8.488023], [78.142345, 8.593085], [78.135509, 8.6258], [78.114594, 8.657904], [78.142589, 8.657904], [78.136729, 8.669867], [78.140473, 8.680609], [78.154959, 8.698879], [78.164806, 8.726508], [78.1692, 8.733629], [78.186534, 8.74494], [78.2046, 8.753323], [78.21518, 8.765448], [78.210216, 8.788275], [78.20045, 8.76968], [78.188731, 8.765448], [78.175792, 8.763902], [78.162364, 8.753485], [78.170421, 8.771877], [78.17449, 8.79442], [78.177908, 8.86107], [78.182791, 8.877102], [78.217621, 8.938951], [78.239757, 8.965562], [78.377452, 9.07746], [78.41212, 9.09984], [78.44988, 9.116604], [78.48585, 9.124823], [78.618826, 9.14053], [78.634776, 9.144599], [78.648936, 9.151435], [78.655121, 9.161566], [78.661306, 9.177191], [78.67628, 9.184149], [78.727794, 9.187445], [78.740733, 9.192816], [78.751964, 9.200588], [78.761567, 9.209703], [78.77711, 9.219387], [78.815196, 9.22842], [78.843761, 9.243964], [78.861013, 9.248969], [78.895518, 9.253811], [78.90447, 9.253567], [78.911306, 9.252143], [78.918468, 9.251614], [78.928966, 9.253811], [78.948985, 9.270494], [78.956798, 9.274848], [78.988943, 9.278266], [79.025727, 9.273749], [79.060802, 9.264594], [79.087169, 9.253811], [79.098643, 9.257229], [79.129405, 9.256334], [79.165375, 9.274237], [79.184093, 9.271796], [79.20102, 9.266506], [79.21697, 9.267401], [79.232432, 9.25788], [79.292735, 9.250312], [79.361013, 9.213446], [79.424001, 9.159084], [79.440278, 9.151353], [79.453624, 9.159003], [79.438243, 9.176337], [79.367931, 9.227607], [79.353526, 9.240912], [79.347341, 9.250312], [79.345225, 9.255927], [79.340587, 9.260932], [79.335704, 9.267646], [79.333669, 9.278266], [79.336681, 9.290473], [79.34254, 9.299018], [79.345714, 9.306545], [79.341075, 9.315863], [79.320079, 9.32331], [79.29713, 9.312649], [79.273774, 9.296698], [79.25172, 9.28852], [79.115571, 9.291246], [79.074718, 9.299872], [79.039887, 9.314683], [78.959727, 9.384955], [78.933442, 9.416449], [78.915294, 9.45303], [78.913259, 9.47427], [78.925304, 9.513617], [78.931488, 9.561672], [78.938324, 9.583686], [78.94752, 9.602851], [78.956798, 9.617499], [78.962087, 9.622707], [78.97283, 9.631293], [78.977306, 9.637926], [78.980235, 9.649115], [78.979828, 9.658637], [78.980805, 9.667182], [79.038829, 9.747219], [79.07781, 9.782172], [79.094086, 9.802314], [79.100841, 9.826077], [79.103526, 9.830146], [79.121349, 9.850246], [79.141856, 9.891181], [79.200369, 9.970282], [79.240733, 10.010565], [79.279063, 10.035834], [79.254161, 10.054267], [79.244314, 10.084947], [79.237478, 10.151923], [79.236339, 10.166571], [79.240001, 10.179755], [79.248302, 10.189195], [79.261974, 10.192857], [79.269216, 10.197821], [79.270681, 10.20954], [79.270274, 10.223334], [79.272227, 10.234442], [79.286143, 10.252834], [79.304942, 10.268134], [79.36378, 10.301907], [79.385509, 10.320136], [79.398123, 10.324652], [79.411957, 10.32099], [79.437266, 10.309556], [79.459727, 10.308295], [79.511485, 10.316596], [79.532237, 10.323188], [79.532237, 10.330024], [79.528575, 10.338324], [79.567719, 10.335883], [79.586925, 10.343695], [79.607107, 10.336005], [79.604015, 10.329088], [79.573904, 10.316962], [79.565196, 10.315741], [79.556895, 10.316067], [79.551768, 10.3133], [79.552745, 10.30272], [79.556651, 10.298651], [79.563487, 10.297105], [79.580089, 10.295885], [79.759776, 10.258246], [79.772472, 10.261705], [79.773692, 10.273668], [79.758962, 10.282213], [79.730805, 10.289049], [79.703624, 10.289049], [79.694672, 10.291653], [79.684581, 10.298733], [79.67628, 10.30272], [79.661794, 10.307074], [79.646495, 10.309638], [79.630382, 10.310492], [79.614106, 10.309556], [79.621267, 10.324164], [79.633149, 10.328599], [79.757091, 10.309068], [79.78004, 10.296617], [79.778575, 10.275377], [79.795095, 10.269232], [79.814626, 10.272406], [79.834321, 10.278754], [79.851329, 10.282213], [79.8567, 10.29328], [79.86378, 10.37873], [79.85963, 10.551459], [79.850271, 10.592108], [79.849864, 10.755194], [79.847341, 10.809638], [79.840668, 10.950141], [79.84669, 10.979844], [79.852224, 11.006985], [79.855317, 11.159857], [79.834972, 11.263861], [79.833018, 11.341986], [79.829926, 11.346096], [79.823741, 11.346666], [79.796886, 11.359036], [79.776378, 11.362982], [79.759288, 11.358344], [79.751964, 11.340522], [79.742035, 11.335598], [79.6963, 11.303412], [79.683116, 11.296454], [79.67628, 11.296454], [79.684337, 11.312201], [79.740408, 11.366441], [79.749848, 11.373684], [79.7588, 11.378363], [79.769298, 11.380927], [79.776052, 11.380357], [79.782725, 11.378892], [79.810313, 11.378892], [79.819347, 11.381496], [79.821951, 11.391059], [79.816661, 11.443061], [79.809337, 11.451361], [79.792979, 11.453518], [79.797618, 11.44831], [79.799164, 11.442206], [79.797374, 11.434882], [79.792979, 11.426174], [79.785981, 11.426174], [79.780772, 11.465074], [79.757335, 11.536078], [79.751964, 11.576972], [79.754161, 11.596991], [79.763438, 11.634263], [79.7671, 11.673651], [79.785899, 11.769192], [79.792735, 11.788072], [79.803233, 11.796088], [79.820323, 11.878648], [79.844981, 11.933254], [79.849539, 11.955064], [79.850352, 11.959133], [79.85963, 11.972724], [79.861827, 11.977973], [79.860525, 12.011542], [79.861827, 12.02204], [79.870128, 12.037421], [79.896983, 12.068752], [79.927501, 12.129869], [79.933604, 12.138739], [79.947602, 12.153632], [80.005138, 12.241767], [79.973806, 12.222398], [79.953136, 12.213568], [79.943858, 12.217841], [79.952159, 12.229926], [80.005138, 12.256049], [80.025727, 12.276516], [80.057465, 12.331244], [80.059825, 12.334215], [80.063731, 12.33747], [80.087169, 12.35102], [80.095958, 12.36225], [80.117035, 12.400946], [80.121267, 12.416815], [80.156016, 12.474514], [80.179698, 12.53262], [80.18336, 12.54682], [80.185069, 12.567125], [80.196462, 12.613715], [80.203868, 12.632148], [80.222179, 12.65998], [80.228689, 12.674994], [80.233653, 12.711005], [80.25172, 12.762519], [80.263194, 12.835354], [80.269054, 12.957261], [80.282725, 13.029364], [80.285818, 13.067572], [80.289724, 13.076728], [80.307953, 13.096015], [80.313731, 13.10578], [80.30714, 13.135647], [80.306895, 13.146064], [80.313813, 13.164293], [80.324229, 13.180365], [80.332774, 13.198147], [80.334158, 13.221177], [80.318207, 13.216986], [80.313731, 13.215033], [80.318044, 13.230902], [80.319835, 13.249172], [80.323741, 13.246894], [80.334158, 13.242906], [80.336274, 13.270941], [80.345551, 13.321234], [80.34783, 13.349066], [80.344005, 13.375434], [80.333995, 13.413031], [80.326996, 13.430365], [80.313731, 13.427232], [80.312266, 13.423163], [80.306895, 13.413031], [80.293142, 13.429145], [80.27475, 13.440009], [80.26238, 13.451239], [80.26588, 13.468248], [80.260183, 13.468451], [80.253429, 13.468655], [80.243419, 13.472154], [80.235118, 13.478095], [80.227712, 13.485582], [80.219737, 13.487779], [80.175955, 13.489325], [80.153087, 13.494208], [80.131847, 13.496161], [80.119395, 13.500678], [80.112071, 13.511542], [80.101329, 13.537095], [80.069509, 13.574408], [80.056488, 13.59516], [80.052989, 13.619086], [80.075531, 13.648383], [80.091319, 13.659125], [80.093598, 13.671332], [80.094005, 13.69477], [80.100841, 13.686265], [80.109874, 13.680732], [80.117849, 13.674506], [80.121267, 13.663764], [80.117686, 13.638861], [80.121267, 13.627265], [80.13559, 13.619086], [80.141775, 13.649115], [80.141856, 13.728949], [80.152517, 13.71894], [80.183604, 13.679185], [80.197276, 13.643622], [80.245453, 13.591742], [80.277761, 13.512519], [80.306895, 13.440904], [80.313731, 13.440904], [80.309581, 13.479315], [80.288097, 13.527086], [80.259044, 13.591742], [80.238048, 13.660224], [80.227712, 13.677069], [80.220958, 13.696967], [80.227387, 13.720526], [80.245453, 13.755601], [80.249278, 13.800279], [80.237153, 13.839667], [80.16391, 13.987982], [80.149669, 14.027737], [80.125824, 14.148505], [80.123383, 14.193508], [80.13559, 14.229193], [80.121104, 14.242011], [80.106619, 14.234036], [80.090994, 14.216742], [80.073497, 14.20185], [80.050629, 14.196112], [80.046641, 14.20661], [80.055024, 14.221584], [80.070079, 14.229193], [80.071788, 14.232245], [80.087169, 14.250312], [80.097911, 14.254299], [80.128184, 14.256537], [80.137055, 14.269924], [80.159434, 14.324774], [80.174978, 14.34455], [80.178722, 14.38939], [80.175955, 14.468736], [80.188243, 14.525702], [80.190196, 14.547593], [80.192393, 14.553209], [80.196056, 14.559027], [80.196951, 14.565009], [80.190196, 14.571234], [80.183279, 14.571112], [80.159353, 14.565741], [80.149181, 14.565009], [80.141856, 14.571234], [80.160899, 14.57982], [80.169688, 14.585842], [80.175955, 14.592963], [80.178477, 14.60578], [80.173595, 14.616523], [80.166352, 14.62816], [80.159841, 14.662665], [80.151866, 14.672797], [80.128184, 14.688463], [80.116954, 14.698147], [80.110688, 14.704779], [80.108165, 14.714342], [80.105154, 14.763861], [80.073009, 14.920559], [80.073416, 14.942043], [80.061534, 14.974677], [80.054535, 15.014146], [80.052989, 15.092597], [80.082367, 15.204088], [80.09254, 15.296576], [80.090587, 15.304877], [80.121267, 15.370022], [80.126801, 15.388129], [80.14031, 15.406399], [80.172862, 15.4383], [80.183849, 15.452297], [80.20045, 15.482164], [80.211192, 15.496649], [80.197602, 15.503079], [80.201345, 15.518297], [80.217459, 15.548163], [80.219493, 15.56745], [80.263194, 15.674547], [80.279633, 15.70067], [80.35963, 15.775824], [80.393321, 15.797024], [80.43629, 15.808295], [80.445486, 15.814399], [80.461436, 15.829657], [80.469086, 15.834662], [80.475597, 15.835924], [80.482677, 15.836412], [80.491873, 15.83926], [80.52589, 15.85692], [80.541677, 15.868069], [80.553884, 15.880845], [80.56072, 15.880845], [80.571137, 15.86872], [80.584321, 15.872545], [80.600108, 15.882229], [80.618419, 15.887681], [80.662852, 15.88935], [80.660411, 15.893948], [80.663097, 15.900702], [80.670177, 15.907701], [80.67628, 15.907172], [80.682465, 15.903266], [80.69044, 15.900702], [80.736339, 15.89761], [80.760102, 15.892971], [80.776134, 15.884263], [80.802745, 15.842434], [80.80836, 15.803941], [80.80714, 15.716376], [80.820079, 15.726874], [80.830251, 15.747626], [80.855724, 15.822699], [80.890147, 15.89525], [80.895763, 15.936021], [80.891287, 15.978258], [80.875336, 16.017401], [80.882823, 16.011461], [80.885753, 16.008694], [80.889008, 16.00373], [80.896495, 16.010565], [80.892263, 16.020941], [80.896495, 16.031073], [80.906016, 15.999823], [80.908946, 15.983466], [80.910167, 15.965888], [80.90268, 15.890815], [80.904307, 15.871283], [80.910004, 15.852688], [80.921641, 15.838609], [80.940684, 15.832994], [80.949474, 15.827867], [80.979015, 15.803412], [80.988292, 15.791205], [80.99586, 15.784329], [81.004731, 15.77851], [81.012543, 15.777818], [81.019054, 15.784166], [81.019216, 15.792385], [81.012543, 15.811957], [81.0088, 15.817816], [81.00294, 15.825263], [80.998383, 15.834703], [80.998871, 15.846747], [81.026866, 15.880845], [81.043305, 15.89411], [81.088227, 15.92121], [81.135102, 15.966498], [81.14975, 15.969631], [81.155447, 15.9855], [81.156016, 16.03852], [81.161957, 16.057074], [81.180024, 16.086737], [81.190278, 16.138861], [81.218516, 16.199449], [81.230317, 16.243598], [81.254161, 16.271308], [81.259613, 16.288642], [81.256033, 16.301825], [81.249848, 16.311021], [81.248546, 16.320136], [81.259613, 16.332709], [81.317393, 16.367499], [81.331554, 16.369778], [81.345225, 16.373603], [81.35963, 16.374335], [81.375743, 16.367499], [81.386974, 16.376776], [81.398936, 16.382636], [81.411388, 16.382514], [81.424083, 16.373684], [81.428233, 16.365668], [81.426117, 16.35871], [81.421153, 16.350979], [81.416677, 16.340155], [81.475352, 16.358629], [81.49586, 16.360663], [81.535981, 16.350043], [81.549083, 16.352362], [81.540212, 16.373684], [81.556977, 16.373033], [81.569184, 16.36758], [81.573904, 16.358344], [81.568126, 16.346381], [81.584972, 16.342108], [81.620942, 16.339504], [81.636404, 16.332709], [81.656261, 16.337348], [81.676931, 16.327379], [81.696056, 16.314927], [81.711599, 16.312201], [81.717621, 16.312201], [81.76295, 16.322577], [81.783214, 16.338568], [81.861664, 16.375393], [81.880544, 16.381659], [81.899913, 16.38581], [81.940766, 16.388373], [81.94809, 16.391547], [81.956228, 16.407172], [81.967947, 16.408922], [81.9817, 16.407864], [81.992686, 16.408433], [82.007823, 16.419582], [82.022716, 16.435736], [82.037364, 16.447659], [82.068614, 16.444281], [82.090668, 16.454779], [82.122895, 16.477362], [82.173025, 16.500922], [82.188243, 16.504055], [82.203461, 16.512681], [82.259044, 16.565497], [82.307384, 16.579779], [82.296072, 16.59101], [82.285492, 16.606513], [82.280935, 16.620836], [82.286876, 16.62816], [82.293793, 16.625637], [82.299327, 16.610093], [82.303966, 16.606431], [82.312836, 16.60814], [82.313813, 16.612982], [82.312348, 16.619859], [82.31422, 16.62816], [82.338145, 16.678412], [82.345958, 16.706122], [82.352061, 16.761298], [82.365571, 16.811591], [82.367442, 16.860297], [82.366547, 16.908637], [82.361176, 16.936021], [82.348888, 16.956488], [82.357432, 16.924872], [82.361176, 16.891343], [82.362478, 16.859076], [82.352061, 16.845404], [82.334646, 16.854071], [82.333344, 16.852118], [82.327159, 16.849433], [82.319591, 16.847235], [82.31422, 16.846625], [82.308116, 16.849555], [82.303559, 16.854193], [82.29835, 16.858466], [82.267914, 16.867499], [82.255138, 16.885321], [82.250743, 16.907864], [82.252696, 16.929185], [82.291677, 16.99844], [82.299327, 17.030341], [82.311697, 17.046617], [82.342052, 17.073188], [82.370372, 17.110093], [82.387706, 17.126939], [82.422862, 17.13996], [82.435069, 17.153795], [82.451915, 17.18244], [82.474864, 17.205959], [82.718516, 17.348619], [82.758149, 17.359198], [82.796397, 17.383043], [82.837657, 17.392768], [82.854259, 17.402818], [82.869151, 17.414008], [82.883311, 17.422065], [82.888682, 17.410142], [82.896821, 17.409329], [82.945486, 17.443101], [82.95281, 17.44595], [82.969574, 17.4501], [82.975841, 17.453681], [82.99643, 17.473456], [83.019867, 17.490912], [83.053233, 17.506496], [83.088227, 17.530707], [83.171397, 17.559801], [83.196137, 17.576809], [83.209239, 17.583686], [83.222911, 17.586493], [83.238943, 17.592963], [83.233897, 17.607733], [83.212901, 17.634914], [83.246918, 17.634223], [83.255138, 17.638129], [83.26824, 17.648586], [83.289236, 17.65762], [83.299083, 17.664293], [83.298595, 17.672797], [83.292491, 17.677476], [83.271983, 17.688137], [83.249278, 17.69538], [83.242035, 17.706529], [83.246918, 17.716254], [83.26824, 17.717475], [83.276378, 17.71308], [83.280284, 17.705959], [83.282237, 17.699286], [83.284679, 17.696357], [83.287446, 17.69538], [83.289561, 17.693264], [83.292735, 17.691148], [83.298595, 17.690131], [83.304373, 17.692206], [83.313243, 17.701158], [83.319102, 17.703192], [83.341319, 17.717434], [83.402354, 17.784491], [83.417735, 17.80622], [83.425304, 17.838609], [83.431163, 17.854234], [83.452973, 17.868476], [83.452403, 17.886217], [83.448985, 17.906887], [83.451915, 17.922919], [83.462901, 17.908515], [83.465587, 17.902493], [83.472911, 17.902493], [83.486583, 17.916897], [83.526134, 17.942532], [83.534434, 17.953315], [83.53891, 17.956285], [83.556651, 17.973456], [83.55836, 17.977525], [83.562836, 17.9831], [83.576182, 18.009752], [83.582286, 18.01911], [83.613943, 18.045152], [83.775157, 18.139594], [84.077403, 18.271552], [84.113129, 18.298285], [84.124034, 18.333808], [84.132823, 18.343411], [84.136485, 18.353583], [84.138927, 18.364163], [84.143891, 18.374823], [84.152843, 18.383612], [84.17449, 18.399848], [84.188324, 18.418036], [84.230479, 18.446234], [84.240082, 18.460761], [84.287934, 18.505764], [84.331228, 18.538642], [84.349946, 18.552924], [84.326182, 18.537421], [84.297699, 18.516303], [84.271007, 18.50019], [84.24936, 18.501654], [84.237641, 18.510932], [84.246918, 18.52558], [84.250011, 18.524237], [84.272716, 18.524319], [84.281749, 18.52558], [84.288585, 18.529771], [84.306326, 18.543687], [84.312266, 18.546698], [84.332856, 18.553697], [84.349457, 18.56981], [84.370453, 18.601304], [84.423676, 18.636461], [84.432628, 18.645697], [84.437185, 18.662787], [84.448253, 18.68065], [84.54184, 18.775784], [84.547862, 18.796088], [84.63087, 18.915717], [84.66505, 18.930121], [84.679535, 18.945705], [84.699474, 18.977484], [84.741059, 19.028144], [84.75115, 19.0539], [84.778331, 19.09101], [84.78004, 19.097073], [84.775238, 19.100491], [84.767833, 19.101793], [84.760997, 19.10163], [84.756847, 19.097642], [84.740489, 19.073676], [84.735362, 19.083197], [84.72283, 19.096015], [84.719981, 19.10163], [84.720958, 19.114244], [84.731212, 19.128811], [84.733653, 19.139146], [84.73878, 19.14765], [84.750662, 19.138373], [84.764415, 19.12344], [84.775157, 19.115302], [84.777761, 19.116197], [84.791026, 19.120592], [84.872081, 19.219875], [84.99586, 19.32331], [85.069509, 19.372138], [85.180431, 19.475002], [85.240571, 19.518052], [85.285411, 19.536282], [85.336681, 19.575181], [85.380219, 19.593817], [85.46339, 19.631049], [85.540294, 19.669582], [85.576508, 19.690619], [85.330577, 19.576402], [85.302908, 19.57392], [85.305837, 19.580146], [85.302501, 19.586656], [85.288422, 19.601264], [85.293793, 19.599555], [85.303477, 19.59748], [85.309093, 19.595038], [85.311046, 19.6105], [85.31837, 19.619534], [85.326427, 19.618801], [85.330089, 19.604967], [85.336762, 19.596096], [85.352306, 19.599433], [85.368419, 19.6081], [85.37794, 19.614936], [85.380382, 19.619615], [85.382172, 19.63109], [85.384613, 19.635972], [85.388682, 19.638251], [85.402192, 19.643988], [85.405284, 19.645941], [85.404959, 19.661933], [85.403168, 19.671291], [85.399181, 19.679145], [85.391449, 19.690619], [85.383067, 19.676093], [85.37436, 19.674709], [85.36378, 19.678046], [85.350597, 19.677639], [85.309093, 19.642239], [85.260753, 19.656073], [85.247569, 19.65648], [85.247813, 19.653144], [85.236339, 19.635321], [85.233246, 19.632554], [85.234386, 19.625678], [85.237315, 19.620551], [85.241873, 19.617011], [85.247569, 19.614936], [85.247569, 19.60871], [85.232595, 19.601549], [85.223643, 19.590237], [85.212901, 19.581122], [85.193044, 19.580797], [85.193044, 19.57392], [85.203787, 19.570502], [85.233246, 19.554104], [85.223643, 19.549954], [85.214529, 19.547268], [85.206309, 19.548], [85.199229, 19.554104], [85.1963, 19.538479], [85.201915, 19.527086], [85.202891, 19.517157], [85.185557, 19.505683], [85.178559, 19.504299], [85.171153, 19.504462], [85.162446, 19.503485], [85.151378, 19.498847], [85.145763, 19.493476], [85.141775, 19.487128], [85.135753, 19.481594], [85.124034, 19.478339], [85.128673, 19.487982], [85.130219, 19.498725], [85.128754, 19.509508], [85.124034, 19.519355], [85.115489, 19.507473], [85.108735, 19.506781], [85.104503, 19.514879], [85.102875, 19.529608], [85.108897, 19.538967], [85.122895, 19.549018], [85.139171, 19.557074], [85.151378, 19.560289], [85.151378, 19.567776], [85.139334, 19.579779], [85.140147, 19.596584], [85.150157, 19.613471], [85.165538, 19.6258], [85.175141, 19.636908], [85.189952, 19.670966], [85.206554, 19.683783], [85.20338, 19.707261], [85.220958, 19.736029], [85.246837, 19.762641], [85.268077, 19.780015], [85.278087, 19.78559], [85.290294, 19.789944], [85.30421, 19.79267], [85.319591, 19.793647], [85.374522, 19.837795], [85.41627, 19.879788], [85.440115, 19.896226], [85.463552, 19.902899], [85.476817, 19.901028], [85.514985, 19.889309], [85.55714, 19.881781], [85.570323, 19.875637], [85.567149, 19.791653], [85.570323, 19.773179], [85.564138, 19.76439], [85.563243, 19.756903], [85.567638, 19.7508], [85.576508, 19.745836], [85.558849, 19.738105], [85.514985, 19.711127], [85.518891, 19.721584], [85.523448, 19.728705], [85.525564, 19.734036], [85.521983, 19.739081], [85.47755, 19.723863], [85.450857, 19.716295], [85.439301, 19.707994], [85.43686, 19.704657], [85.431651, 19.704901], [85.427013, 19.704088], [85.42628, 19.697455], [85.430431, 19.691718], [85.43686, 19.691352], [85.443126, 19.69245], [85.446788, 19.690619], [85.44752, 19.674628], [85.44988, 19.666693], [85.456798, 19.663316], [85.480479, 19.666327], [85.549164, 19.690619], [85.614268, 19.727932], [85.63795, 19.731635], [85.635997, 19.72663], [85.625987, 19.722886], [85.624278, 19.718573], [85.684581, 19.747748], [85.714854, 19.754218], [85.734386, 19.763617], [85.744395, 19.765692], [85.778087, 19.764635], [85.788829, 19.765692], [85.808604, 19.773383], [85.846365, 19.795844], [85.888845, 19.802965], [86.01352, 19.839057], [86.032074, 19.841498], [86.037934, 19.845282], [86.04656, 19.852525], [86.056651, 19.856879], [86.066742, 19.851996], [86.07838, 19.843573], [86.089041, 19.844224], [86.111583, 19.855699], [86.268565, 19.910346], [86.372406, 19.964993], [86.356456, 19.970404], [86.341563, 19.979885], [86.326671, 19.984849], [86.314952, 19.986884], [86.308116, 19.992092], [86.302908, 19.999091], [86.295909, 20.006578], [86.2942, 20.010403], [86.294119, 20.015692], [86.293224, 20.02143], [86.289073, 20.026435], [86.284679, 20.027493], [86.273448, 20.02619], [86.268565, 20.026435], [86.230235, 20.035305], [86.213715, 20.042426], [86.187755, 20.063666], [86.167735, 20.072943], [86.158702, 20.081041], [86.154307, 20.089993], [86.14503, 20.122016], [86.152517, 20.143134], [86.158702, 20.143134], [86.163097, 20.134833], [86.168468, 20.113186], [86.173025, 20.1022], [86.195974, 20.080308], [86.199718, 20.077948], [86.209158, 20.066636], [86.231293, 20.064887], [86.275401, 20.067369], [86.348399, 20.008857], [86.397227, 19.982856], [86.42628, 19.999172], [86.414073, 19.998847], [86.404145, 20.002631], [86.396739, 20.009955], [86.391449, 20.020209], [86.41505, 20.036322], [86.467133, 20.094672], [86.468516, 20.10928], [86.478852, 20.12934], [86.490408, 20.174058], [86.495128, 20.184068], [86.511485, 20.197455], [86.53419, 20.206122], [86.583832, 20.218207], [86.628184, 20.235256], [86.717459, 20.286933], [86.754649, 20.314439], [86.719737, 20.291734], [86.701671, 20.284654], [86.693696, 20.293931], [86.701671, 20.303778], [86.719737, 20.31509], [86.739268, 20.324205], [86.751475, 20.32807], [86.768321, 20.343451], [86.7942, 20.37816], [86.809825, 20.415107], [86.796153, 20.437323], [86.789806, 20.4147], [86.788259, 20.402818], [86.788748, 20.390123], [86.769786, 20.400702], [86.756358, 20.393744], [86.741954, 20.379543], [86.72047, 20.368476], [86.72462, 20.431952], [86.733897, 20.462226], [86.751475, 20.489163], [86.774181, 20.511949], [86.923188, 20.621731], [86.976248, 20.637885], [87.003591, 20.65705], [87.027517, 20.679674], [87.043224, 20.697984], [87.033376, 20.690172], [87.019379, 20.680365], [86.994884, 20.670722], [86.990245, 20.679999], [86.986501, 20.684394], [86.9817, 20.68537], [86.974294, 20.684394], [86.968516, 20.691148], [86.961192, 20.695054], [86.951915, 20.697008], [86.940196, 20.697984], [86.948253, 20.709052], [86.961192, 20.712836], [86.975759, 20.710679], [86.988617, 20.70425], [86.998709, 20.711127], [87.001801, 20.71898], [87.000011, 20.728217], [86.994884, 20.738959], [86.986583, 20.751858], [86.979991, 20.755561], [86.957205, 20.753241], [86.910655, 20.756415], [86.889334, 20.764472], [86.878754, 20.780585], [86.916515, 20.788072], [86.93629, 20.787502], [86.953868, 20.780585], [86.965668, 20.805976], [86.952159, 20.849107], [86.844005, 21.082221], [86.83725, 21.174709], [86.866954, 21.256049], [86.917654, 21.327379], [87.063731, 21.475002], [87.113048, 21.507961], [87.200938, 21.551988], [87.211436, 21.554592], [87.235199, 21.554511], [87.245942, 21.556586], [87.256114, 21.561998], [87.293468, 21.553656], [87.341807, 21.562405], [87.404959, 21.586656]]}}, {"type": "Feature", "properties": {}, "geometry": {"type": "LineString", "coordinates": [[97.871837, 9.379584], [97.840017, 9.404283], [97.835297, 9.412055], [97.837738, 9.419338], [97.843598, 9.424954], [97.850841, 9.428371], [97.85727, 9.428697], [97.868419, 9.420396], [97.874685, 9.405707], [97.87615, 9.390204], [97.871837, 9.379584]]}}, {"type": "Feature", "properties": {}, "geometry": {"type": "LineString", "coordinates": [[99.698741, 9.542222], [99.703461, 9.521308], [99.681488, 9.512885], [99.668142, 9.519192], [99.698741, 9.542222]]}}, {"type": "Feature", "properties": {}, "geometry": {"type": "LineString", "coordinates": [[99.684255, 9.620022], [99.680431, 9.612209], [99.678071, 9.610419], [99.676768, 9.614569], [99.675304, 9.624457], [99.678233, 9.624091], [99.680186, 9.622545], [99.681814, 9.620836], [99.684255, 9.620022]]}}, {"type": "Feature", "properties": {}, "geometry": {"type": "LineString", "coordinates": [[98.057465, 9.796861], [98.037608, 9.790717], [98.018321, 9.794908], [98.008067, 9.80744], [98.015391, 9.826402], [98.030284, 9.833401], [98.046072, 9.827948], [98.056895, 9.814358], [98.057465, 9.796861]]}}, {"type": "Feature", "properties": {}, "geometry": {"type": "LineString", "coordinates": [[73.646332, 10.084703], [73.644054, 10.076972], [73.640961, 10.069322], [73.637055, 10.062567], [73.632579, 10.057278], [73.631684, 10.067776], [73.631684, 10.067816], [73.633311, 10.077867], [73.637462, 10.087063], [73.643891, 10.09455], [73.643972, 10.094468], [73.645193, 10.09219], [73.646332, 10.084703]]}}, {"type": "Feature", "properties": {}, "geometry": {"type": "LineString", "coordinates": [[73.662283, 10.144599], [73.662201, 10.144517], [73.66033, 10.142524], [73.659353, 10.13996], [73.657888, 10.139065], [73.657888, 10.139065], [73.654633, 10.141506], [73.65561, 10.144761], [73.657481, 10.145087], [73.659679, 10.144355], [73.662283, 10.144599]]}}, {"type": "Feature", "properties": {}, "geometry": {"type": "LineString", "coordinates": [[98.228689, 10.519965], [98.221853, 10.498114], [98.207367, 10.483466], [98.192719, 10.482408], [98.185313, 10.501166], [98.189708, 10.51557], [98.201996, 10.524319], [98.217947, 10.528551], [98.233653, 10.529364], [98.232432, 10.526923], [98.229828, 10.522406], [98.228689, 10.519965]]}}, {"type": "Feature", "properties": {}, "geometry": {"type": "LineString", "coordinates": [[72.64975, 10.56684], [72.64975, 10.56684], [72.63852, 10.559394], [72.633067, 10.556545], [72.627533, 10.554796], [72.627452, 10.554755], [72.632091, 10.560004], [72.648611, 10.573961], [72.648692, 10.57392], [72.650564, 10.572577], [72.650401, 10.571194], [72.649587, 10.569322], [72.64975, 10.566881], [72.64975, 10.56684]]}}, {"type": "Feature", "properties": {}, "geometry": {"type": "LineString", "coordinates": [[72.548839, 10.779446], [72.548757, 10.779324], [72.541189, 10.772895], [72.540863, 10.776516], [72.542491, 10.777899], [72.545421, 10.778306], [72.548839, 10.779446]]}}, {"type": "Feature", "properties": {}, "geometry": {"type": "LineString", "coordinates": [[73.671397, 10.829739], [73.681244, 10.82807], [73.684418, 10.827541], [73.67628, 10.824368], [73.672862, 10.824693], [73.671886, 10.827094], [73.671397, 10.829657], [73.671397, 10.829739]]}}, {"type": "Feature", "properties": {}, "geometry": {"type": "LineString", "coordinates": [[98.429535, 10.977729], [98.432872, 10.993598], [98.442556, 11.002997], [98.451427, 11.001939], [98.452891, 10.986274], [98.448009, 10.974311], [98.440278, 10.965562], [98.432953, 10.965033], [98.429535, 10.977729]]}}, {"type": "Feature", "properties": {}, "geometry": {"type": "LineString", "coordinates": [[72.750011, 11.119086], [72.747569, 11.115424], [72.746755, 11.111965], [72.744965, 11.109524], [72.739513, 11.108832], [72.739513, 11.113959], [72.742035, 11.115953], [72.745779, 11.116889], [72.750011, 11.119086]]}}, {"type": "Feature", "properties": {}, "geometry": {"type": "LineString", "coordinates": [[73.013194, 11.502183], [73.010916, 11.490139], [73.0088, 11.484687], [73.005626, 11.479641], [73.004405, 11.488837], [73.004405, 11.496487], [73.007091, 11.501288], [73.013194, 11.502183]]}}, {"type": "Feature", "properties": {}, "geometry": {"type": "LineString", "coordinates": [[72.716156, 11.694159], [72.716075, 11.694078], [72.708669, 11.689154], [72.705251, 11.687323], [72.701101, 11.686428], [72.700938, 11.686428], [72.705089, 11.692328], [72.709239, 11.694159], [72.716156, 11.694159]]}}, {"type": "Feature", "properties": {}, "geometry": {"type": "LineString", "coordinates": [[97.464529, 11.782457], [97.459239, 11.7862], [97.444347, 11.800238], [97.462901, 11.799791], [97.476899, 11.788235], [97.479666, 11.777981], [97.464529, 11.782457]]}}, {"type": "Feature", "properties": {}, "geometry": {"type": "LineString", "coordinates": [[93.872813, 12.268866], [93.85377, 12.260565], [93.851899, 12.271552], [93.860606, 12.281195], [93.872813, 12.268866]]}}, {"type": "Feature", "properties": {}, "geometry": {"type": "LineString", "coordinates": [[97.836925, 12.772447], [97.835297, 12.792792], [97.841807, 12.805813], [97.852794, 12.806545], [97.864594, 12.790229], [97.868012, 12.774807], [97.863536, 12.766832], [97.85255, 12.766262], [97.836925, 12.772447]]}}, {"type": "Feature", "properties": {}, "geometry": {"type": "LineString", "coordinates": [[94.280935, 13.443549], [94.290782, 13.422919], [94.274913, 13.420315], [94.261892, 13.429267], [94.280935, 13.443549]]}}, {"type": "Feature", "properties": {}, "geometry": {"type": "LineString", "coordinates": [[41.053966, -2.049574], [41.045177, -2.069757], [41.024669, -2.080173], [41.00115, -2.087172], [40.982921, -2.097345], [40.969249, -2.119806], [40.957367, -2.1513], [40.957286, -2.174005], [40.979503, -2.169366], [40.981456, -2.181573], [40.98585, -2.191339], [40.993663, -2.197198], [41.006114, -2.197361], [41.009939, -2.187188], [41.002289, -2.180108], [40.991547, -2.173761], [40.986176, -2.165948], [40.988943, -2.152276], [40.995616, -2.143813], [41.004405, -2.142185], [41.01352, -2.148858], [41.050792, -2.12949], [41.068614, -2.123468], [41.081798, -2.121515], [41.082856, -2.123712], [41.086436, -2.128351], [41.09197, -2.132989], [41.098888, -2.135349], [41.104828, -2.134047], [41.107758, -2.131524], [41.10963, -2.129002], [41.112559, -2.127699], [41.118907, -2.124282], [41.122813, -2.115899], [41.124278, -2.104669], [41.123383, -2.093683], [41.136892, -2.115492], [41.155284, -2.112074], [41.162771, -2.090916], [41.143321, -2.059503], [41.122732, -2.047784], [41.092784, -2.038018], [41.065684, -2.03631], [41.053966, -2.049574]]}}, {"type": "Feature", "properties": {}, "geometry": {"type": "LineString", "coordinates": [[100.415863, -2.965916], [100.385102, -2.914646], [100.35434, -2.894464], [100.296153, -2.834161], [100.290863, -2.830662], [100.286388, -2.828709], [100.281505, -2.826104], [100.275076, -2.820489], [100.255382, -2.791436], [100.249034, -2.784356], [100.240245, -2.778253], [100.227306, -2.772638], [100.189138, -2.791192], [100.178966, -2.802911], [100.179454, -2.827325], [100.19752, -2.896254], [100.199962, -2.919854], [100.197765, -2.929295], [100.188487, -2.941664], [100.18629, -2.953871], [100.189464, -2.966567], [100.203624, -2.983819], [100.206798, -2.994887]]}}, {"type": "Feature", "properties": {}, "geometry": {"type": "LineString", "coordinates": [[100.206798, -2.693536], [100.201427, -2.678155], [100.177989, -2.655938], [100.172618, -2.645766], [100.166677, -2.627862], [100.15211, -2.618585], [100.117442, -2.608168], [100.107595, -2.600274], [100.087087, -2.576267], [100.0324, -2.525079], [100.021739, -2.518731], [100.013682, -2.504815], [100.00294, -2.490899], [99.984141, -2.484633], [99.97462, -2.49391], [99.967296, -2.514907], [99.960948, -2.552911], [99.961436, -2.559015], [99.967133, -2.580255], [99.975597, -2.594903], [99.975759, -2.603448], [99.967133, -2.615004], [99.986013, -2.624688], [99.996267, -2.638767], [100.000499, -2.658868], [100.001313, -2.6867], [99.988455, -2.744887], [99.986827, -2.767185], [100.001313, -2.765313], [100.007009, -2.781915], [100.007823, -2.819513], [100.015636, -2.834161], [100.029307, -2.840102], [100.038341, -2.833754], [100.04477, -2.820896], [100.049653, -2.806817], [100.066661, -2.815525], [100.089854, -2.824395], [100.115245, -2.827895], [100.13852, -2.820489], [100.145193, -2.81113], [100.151378, -2.784845], [100.158946, -2.772638], [100.172374, -2.765558], [100.204112, -2.759942], [100.21518, -2.752862], [100.218598, -2.739353], [100.21518, -2.723565], [100.209727, -2.707696], [100.206798, -2.693536]]}}, {"type": "Feature", "properties": {}, "geometry": {"type": "LineString", "coordinates": [[99.823253, -2.292901], [99.814626, -2.284356], [99.785818, -2.263442], [99.778819, -2.261651], [99.775401, -2.258722], [99.774262, -2.254327], [99.77589, -2.242446], [99.775401, -2.237563], [99.721365, -2.159112], [99.707205, -2.127699], [99.700531, -2.087498], [99.694347, -2.067804], [99.682628, -2.059503], [99.662852, -2.054295], [99.651866, -2.042087], [99.643321, -2.028416], [99.631358, -2.018487], [99.594005, -2.014825], [99.564952, -2.030857], [99.54835, -2.061456], [99.548839, -2.10117], [99.562266, -2.121677], [99.564464, -2.131117], [99.552257, -2.135349], [99.538422, -2.131768], [99.531016, -2.13421], [99.52768, -2.14544], [99.531261, -2.155938], [99.555675, -2.183038], [99.567719, -2.215102], [99.576182, -2.224054], [99.583018, -2.211033], [99.589854, -2.211033], [99.591482, -2.221368], [99.593923, -2.227797], [99.597667, -2.229099], [99.603526, -2.224054], [99.616466, -2.233575], [99.611583, -2.242771], [99.60255, -2.253025], [99.603526, -2.265558], [99.61085, -2.267185], [99.648448, -2.265558], [99.671723, -2.271254], [99.687022, -2.284926], [99.699229, -2.300877], [99.71339, -2.313409], [99.725108, -2.317071], [99.749766, -2.318048], [99.761729, -2.320896], [99.772146, -2.32822], [99.779959, -2.337009], [99.788097, -2.344415], [99.799571, -2.347426], [99.824555, -2.347589], [99.833344, -2.352309], [99.839692, -2.375258], [99.846202, -2.38006], [99.853363, -2.377618], [99.857921, -2.367364], [99.857921, -2.37477], [99.858735, -2.356866], [99.84962, -2.333917], [99.823253, -2.292901]]}}, {"type": "Feature", "properties": {}, "geometry": {"type": "LineString", "coordinates": [[99.274425, -1.634942], [99.278087, -1.62005], [99.272472, -1.601821], [99.262055, -1.586684], [99.251231, -1.580336], [99.233653, -1.580824], [99.219412, -1.579767], [99.209727, -1.572931], [99.206309, -1.556085], [99.206309, -1.528904], [99.203624, -1.517267], [99.197032, -1.512872], [99.188243, -1.510349], [99.178884, -1.504571], [99.145844, -1.469415], [99.130626, -1.448175], [99.124278, -1.428888], [99.130544, -1.428888], [99.155772, -1.451267], [99.165294, -1.456231], [99.164724, -1.414239], [99.144054, -1.389093], [99.11671, -1.366632], [99.096446, -1.332696], [99.087413, -1.296808], [99.077647, -1.28338], [99.059093, -1.278009], [99.053071, -1.272638], [99.057384, -1.261489], [99.065196, -1.251886], [99.069591, -1.251397], [99.067638, -1.241388], [99.064301, -1.234552], [99.047048, -1.2138], [99.040375, -1.210138], [99.036388, -1.205499], [99.034923, -1.192804], [99.032563, -1.18255], [99.026622, -1.174249], [99.010997, -1.158868], [99.00172, -1.144708], [98.989268, -1.111098], [98.980317, -1.093683], [98.96811, -1.083673], [98.952403, -1.075453], [98.938324, -1.065118], [98.932465, -1.049005], [98.929454, -1.029962], [98.921886, -1.017511], [98.912934, -1.006117], [98.905284, -0.990655], [98.916026, -0.990492], [98.924815, -0.992446], [98.932384, -0.99684], [98.939301, -1.003676], [98.945811, -0.984633], [98.937511, -0.960056], [98.917979, -0.940118], [98.891612, -0.935479], [98.898204, -0.915704], [98.882823, -0.913181], [98.840017, -0.922459], [98.827485, -0.927179], [98.803233, -0.949802], [98.788585, -0.956638], [98.769054, -0.956476], [98.737966, -0.945733], [98.723643, -0.942966], [98.704112, -0.944106], [98.684825, -0.948012], [98.668468, -0.95436], [98.658214, -0.963474], [98.651622, -0.982029], [98.64975, -1.004327], [98.651378, -1.049005], [98.648936, -1.072035], [98.642833, -1.093927], [98.624034, -1.134698], [98.597911, -1.176935], [98.593761, -1.198419], [98.606944, -1.220392], [98.61378, -1.229181], [98.63087, -1.264418], [98.631602, -1.26922], [98.630056, -1.280206], [98.63087, -1.284845], [98.635509, -1.289646], [98.651378, -1.298517], [98.811697, -1.528985], [98.830333, -1.570245], [98.822602, -1.607599], [98.826427, -1.612481], [98.838145, -1.617852], [98.843028, -1.62127], [98.884776, -1.679376], [98.898692, -1.687758], [98.960134, -1.713067], [98.985688, -1.740004], [99.100597, -1.799412], [99.1185, -1.802341], [99.134288, -1.796075], [99.148204, -1.785821], [99.164561, -1.778416], [99.18214, -1.773696], [99.208181, -1.770603], [99.230805, -1.777032], [99.244151, -1.778985], [99.254893, -1.772068], [99.255056, -1.756036], [99.245372, -1.715509], [99.210785, -1.63893], [99.200043, -1.628106], [99.208751, -1.625746], [99.214041, -1.62363], [99.226736, -1.614435], [99.254161, -1.654474], [99.261485, -1.669692], [99.274425, -1.73797], [99.292003, -1.718927], [99.294281, -1.686212], [99.286876, -1.653741], [99.274425, -1.634942]]}}, {"type": "Feature", "properties": {}, "geometry": {"type": "LineString", "coordinates": [[98.501964, -0.460545], [98.5088, -0.44256], [98.51238, -0.422947], [98.510265, -0.403741], [98.500499, -0.387384], [98.507335, -0.364923], [98.493419, -0.329197], [98.451182, -0.258396], [98.440684, -0.246515], [98.42921, -0.243829], [98.41863, -0.257582], [98.426117, -0.288181], [98.425466, -0.298598], [98.420665, -0.303806], [98.413422, -0.306736], [98.405447, -0.308852], [98.398123, -0.31227], [98.389415, -0.320896], [98.368907, -0.349216], [98.364024, -0.36004], [98.362641, -0.380141], [98.365977, -0.422052], [98.364024, -0.44199], [98.342133, -0.50628], [98.336111, -0.517755], [98.329275, -0.518731], [98.31186, -0.511977], [98.302013, -0.510919], [98.295095, -0.51336], [98.28419, -0.521742], [98.275157, -0.52516], [98.316742, -0.535089], [98.39031, -0.577081], [98.422048, -0.586602], [98.420421, -0.579034], [98.421886, -0.561782], [98.425548, -0.54339], [98.431651, -0.531996], [98.447927, -0.5263], [98.462087, -0.529474], [98.467784, -0.538832], [98.458995, -0.551853], [98.467459, -0.556085], [98.473481, -0.556736], [98.479259, -0.553155], [98.486827, -0.545587], [98.489106, -0.550714], [98.491384, -0.553888], [98.492931, -0.557875], [98.493663, -0.565606], [98.500499, -0.565606], [98.504405, -0.551202], [98.502696, -0.535414], [98.49643, -0.520929], [98.486827, -0.510919], [98.495128, -0.49863], [98.501638, -0.486098], [98.504568, -0.473565], [98.501964, -0.460545]]}}, {"type": "Feature", "properties": {}, "geometry": {"type": "LineString", "coordinates": [[98.479991, -0.15838], [98.469981, -0.107517], [98.44337, -0.052016], [98.406098, -0.007379], [98.364024, 0.010484], [98.324962, 0.003974], [98.304454, -0.001723], [98.295665, -0.007257], [98.301768, -0.018731], [98.315929, -0.028334], [98.331879, -0.036798], [98.343516, -0.044732], [98.363292, -0.074395], [98.389985, -0.140395], [98.405528, -0.168227], [98.512462, -0.319024], [98.541515, -0.381117], [98.549001, -0.381117], [98.547862, -0.369236], [98.542654, -0.354181], [98.541515, -0.343032], [98.543224, -0.33408], [98.551768, -0.322198], [98.555186, -0.31227], [98.555186, -0.318536], [98.559825, -0.278253], [98.532237, -0.239353], [98.497325, -0.199802], [98.479991, -0.15838]]}}, {"type": "Feature", "properties": {}, "geometry": {"type": "LineString", "coordinates": [[102.909028, 0.92772], [102.83253, 0.963772], [102.782563, 1.001776], [102.763845, 1.011176], [102.743012, 1.015937], [102.718761, 1.017279], [102.705333, 1.013902], [102.678071, 0.999416], [102.663748, 0.99608], [102.645274, 0.997219], [102.621755, 1.001614], [102.605479, 1.011176], [102.608897, 1.027777], [102.617361, 1.044257], [102.615733, 1.057685], [102.607921, 1.068915], [102.556407, 1.125678], [102.527517, 1.139838], [102.489024, 1.133287], [102.467621, 1.106431], [102.4699, 1.067369], [102.50172, 0.972886], [102.500662, 0.953274], [102.489431, 0.939765], [102.445079, 0.929023], [102.424571, 0.914496], [102.409434, 0.894721], [102.406505, 0.873236], [102.458018, 0.832221], [102.467296, 0.826972], [102.516368, 0.791327], [102.557872, 0.78026], [102.597667, 0.785061], [102.681488, 0.804918], [102.702159, 0.8039], [102.745128, 0.793769], [102.766856, 0.791327], [102.852224, 0.798163], [102.894705, 0.789984], [102.929942, 0.770006], [102.982432, 0.722357], [102.999766, 0.700751]]}}, {"type": "Feature", "properties": {}, "geometry": {"type": "LineString", "coordinates": [[102.967133, 1.091539], [102.886241, 1.133287], [102.801768, 1.163275], [102.755382, 1.167914], [102.715587, 1.154446], [102.701915, 1.137763], [102.685232, 1.095404], [102.670584, 1.075588], [102.637218, 1.041002], [102.624766, 1.021959], [102.626231, 1.009833], [102.647634, 1.006293], [102.670584, 1.014553], [102.692638, 1.025824], [102.711925, 1.03148], [102.773611, 1.035468], [102.790701, 1.03148], [102.801036, 1.021959], [102.811534, 1.008043], [102.824392, 0.995429], [102.842296, 0.989936], [102.858897, 0.987698], [102.893321, 0.975328], [102.906749, 0.968817], [102.951182, 0.927883], [102.951508, 0.924628]]}}, {"type": "Feature", "properties": {}, "geometry": {"type": "LineString", "coordinates": [[102.473399, 1.242011], [102.467052, 1.251207], [102.451427, 1.267279], [102.375743, 1.322252], [102.322113, 1.381496], [102.290863, 1.404527], [102.25294, 1.413804], [102.231212, 1.413235], [102.217459, 1.409166], [102.210623, 1.398261], [102.208507, 1.377183], [102.21461, 1.335639], [102.212657, 1.325426], [102.203461, 1.306545], [102.20102, 1.297756], [102.204112, 1.280829], [102.212576, 1.258002], [102.222911, 1.238023], [102.241873, 1.221869], [102.245128, 1.203925], [102.242686, 1.167426], [102.234223, 1.124213], [102.232921, 1.099514], [102.239268, 1.082099], [102.251313, 1.066799], [102.2671, 1.036851], [102.333751, 0.96369], [102.369314, 0.935207], [102.399669, 0.927883], [102.407481, 0.932847], [102.437511, 0.958889], [102.447032, 0.962958], [102.456879, 0.962348], [102.464854, 0.963446], [102.468028, 0.972561], [102.46518, 0.994818], [102.447439, 1.051337], [102.445567, 1.076158], [102.447439, 1.100491], [102.476085, 1.194525], [102.479503, 1.219143], [102.473399, 1.242011]]}}, {"type": "Feature", "properties": {}, "geometry": {"type": "LineString", "coordinates": [[102.49586, 1.363593], [102.49586, 1.441799], [102.490489, 1.489691], [102.462657, 1.515448], [102.379161, 1.537991], [102.369151, 1.542304], [102.348969, 1.554633], [102.338145, 1.558498], [102.328298, 1.559272], [102.297862, 1.558498], [102.237641, 1.570258], [102.175059, 1.575751], [102.152354, 1.581122], [102.136241, 1.589545], [102.120128, 1.600735], [102.072439, 1.623236], [102.053722, 1.627346], [102.007823, 1.615383], [102.004405, 1.585679], [102.026541, 1.547675], [102.056977, 1.510688], [102.095551, 1.475246], [102.134532, 1.455715], [102.285167, 1.433336], [102.304698, 1.423529], [102.314626, 1.421332], [102.330251, 1.413275], [102.372325, 1.359849], [102.434744, 1.29914], [102.47877, 1.270738], [102.509532, 1.277289], [102.511485, 1.295315], [102.49586, 1.363593]]}}, {"type": "Feature", "properties": {}, "geometry": {"type": "LineString", "coordinates": [[98.555186, 1.682034], [98.540538, 1.673407], [98.531098, 1.661444], [98.521007, 1.655585], [98.504161, 1.664944], [98.488129, 1.690497], [98.477061, 1.703599], [98.462657, 1.709296], [98.445649, 1.704332], [98.434825, 1.691962], [98.430186, 1.676459], [98.431651, 1.661526], [98.439952, 1.649848], [98.451834, 1.646226], [98.464854, 1.644192], [98.497569, 1.627265], [98.528819, 1.623236], [98.559906, 1.623603], [98.581065, 1.626776], [98.599132, 1.631985], [98.590668, 1.651923], [98.570974, 1.673082], [98.555186, 1.682034]]}}, {"type": "Feature", "properties": {}, "geometry": {"type": "LineString", "coordinates": [[97.151134, 2.058092], [97.148448, 2.074164], [97.142914, 2.092271], [97.1338, 2.107164], [97.120128, 2.113349], [97.100352, 2.111274], [97.09254, 2.105536], [97.08725, 2.096869], [97.07545, 2.086005], [97.069021, 2.087144], [97.102306, 2.016059], [97.115001, 2.014716], [97.124278, 2.021674], [97.120128, 2.034857], [97.123057, 2.039293], [97.144786, 2.051947], [97.151134, 2.058092]]}}, {"type": "Feature", "properties": {}, "geometry": {"type": "LineString", "coordinates": [[101.721202, 2.058092], [101.707205, 2.078803], [101.681651, 2.108954], [101.649262, 2.128485], [101.615082, 2.117092], [101.566417, 2.067939], [101.550548, 2.058092], [101.531016, 2.056464], [101.495779, 2.068834], [101.478282, 2.072414], [101.440929, 2.064927], [101.418142, 2.04442], [101.405772, 2.013861], [101.393809, 1.930609], [101.397146, 1.909369], [101.422211, 1.872992], [101.430349, 1.850287], [101.440684, 1.804877], [101.460134, 1.76553], [101.490733, 1.736762], [101.53061, 1.718166], [101.577322, 1.709296], [101.597504, 1.710028], [101.625255, 1.714423], [101.649425, 1.722235], [101.659841, 1.733466], [101.66627, 1.74494], [101.715099, 1.778225], [101.729177, 1.799058], [101.732432, 1.817939], [101.72877, 1.863227], [101.73585, 1.887681], [101.767751, 1.925605], [101.775564, 1.947984], [101.770274, 1.985053], [101.757986, 2.011298], [101.721202, 2.058092]]}}, {"type": "Feature", "properties": {}, "geometry": {"type": "LineString", "coordinates": [[96.644054, 2.127021], [96.627696, 2.129462], [96.618337, 2.126858], [96.613292, 2.119127], [96.609874, 2.106513], [96.60963, 2.080146], [96.622895, 2.070624], [96.643565, 2.074449], [96.665375, 2.087877], [96.671723, 2.101996], [96.668224, 2.11343], [96.65797, 2.121812], [96.644054, 2.127021]]}}, {"type": "Feature", "properties": {}, "geometry": {"type": "LineString", "coordinates": [[97.328624, 2.147528], [97.323741, 2.169582], [97.319835, 2.178656], [97.305837, 2.18537], [97.281505, 2.20893], [97.289236, 2.221177], [97.281261, 2.229071], [97.264659, 2.232245], [97.246755, 2.230658], [97.232921, 2.223822], [97.220714, 2.214301], [97.208018, 2.207587], [97.19158, 2.20893], [97.182791, 2.22606], [97.178477, 2.230658], [97.171723, 2.2331], [97.167003, 2.2331], [97.125173, 2.225491], [97.109386, 2.22016], [97.102794, 2.212714], [97.207367, 2.175523], [97.226817, 2.158026], [97.233897, 2.147162], [97.278087, 2.103095], [97.287852, 2.08747], [97.296153, 2.069525], [97.306163, 2.057196], [97.321788, 2.058092], [97.320323, 2.049994], [97.321788, 2.03144], [97.329356, 2.036322], [97.335216, 2.042182], [97.339529, 2.049465], [97.342296, 2.058092], [97.343028, 2.083319], [97.341075, 2.105699], [97.336274, 2.126654], [97.328624, 2.147528]]}}, {"type": "Feature", "properties": {}, "geometry": {"type": "LineString", "coordinates": [[96.479503, 2.414984], [96.465017, 2.437812], [96.444102, 2.490383], [96.424327, 2.510565], [96.417247, 2.506334], [96.410655, 2.508938], [96.396495, 2.524848], [96.396983, 2.493109], [96.395274, 2.477362], [96.390147, 2.469672], [96.375255, 2.473863], [96.367849, 2.489691], [96.363943, 2.50849], [96.359141, 2.52143], [96.335948, 2.552151], [96.3213, 2.566148], [96.30421, 2.572089], [96.290701, 2.575181], [96.257823, 2.591864], [96.246104, 2.600002], [96.15797, 2.680406], [96.143728, 2.678778], [96.146983, 2.670722], [96.160899, 2.6612], [96.164236, 2.654608], [96.161876, 2.647773], [96.156261, 2.648424], [96.147146, 2.654608], [96.138438, 2.658393], [96.129731, 2.664781], [96.118663, 2.666002], [96.102794, 2.654608], [96.101817, 2.675442], [96.13087, 2.715277], [96.126313, 2.73371], [96.106781, 2.749661], [96.090505, 2.757799], [96.028331, 2.768459], [96.003266, 2.777004], [95.9817, 2.790351], [95.964529, 2.827948], [95.927745, 2.84455], [95.917247, 2.860663], [95.883067, 2.846381], [95.882986, 2.883938], [95.890798, 2.889106], [95.910411, 2.873684], [95.911876, 2.906236], [95.884044, 2.919013], [95.814138, 2.922105], [95.811046, 2.927436], [95.801524, 2.937567], [95.791515, 2.942532], [95.786876, 2.932685], [95.784679, 2.924954], [95.773204, 2.905015], [95.771821, 2.895453], [95.766775, 2.878119], [95.766368, 2.867499], [95.769867, 2.864895], [95.776622, 2.860989], [95.781505, 2.855048], [95.78004, 2.846381], [95.768728, 2.840806], [95.714854, 2.840155], [95.699555, 2.831773], [95.692638, 2.812812], [95.692638, 2.79206], [95.698009, 2.778754], [95.710216, 2.777493], [95.727875, 2.779242], [95.740082, 2.778062], [95.735688, 2.76789], [95.735199, 2.75788], [95.74879, 2.749905], [95.761567, 2.739936], [95.758962, 2.724107], [95.78891, 2.704006], [95.794281, 2.696234], [95.787446, 2.674058], [95.78533, 2.66059], [95.790538, 2.654608], [95.862559, 2.654608], [95.874766, 2.645819], [95.877778, 2.637112], [95.878184, 2.628567], [95.883067, 2.620429], [95.8921, 2.615627], [95.911469, 2.610297], [95.931407, 2.595608], [95.939952, 2.59516], [95.94752, 2.598049], [95.955089, 2.600002], [95.958018, 2.60224], [95.961274, 2.607123], [95.965099, 2.614244], [95.971934, 2.612209], [95.980642, 2.602688], [95.986095, 2.600002], [96.010997, 2.600898], [96.020274, 2.600002], [96.042654, 2.592027], [96.065684, 2.579413], [96.239919, 2.448676], [96.285167, 2.436428], [96.306163, 2.405097], [96.328136, 2.394517], [96.322602, 2.389797], [96.312836, 2.378648], [96.307628, 2.374091], [96.320811, 2.363471], [96.334972, 2.355455], [96.351085, 2.355048], [96.36964, 2.367255], [96.411388, 2.343817], [96.420909, 2.343004], [96.430675, 2.348782], [96.465831, 2.359809], [96.458507, 2.359809], [96.481212, 2.364], [96.481212, 2.378852], [96.475108, 2.397854], [96.479503, 2.414984]]}}, {"type": "Feature", "properties": {}, "geometry": {"type": "LineString", "coordinates": [[100.309825, 5.450751], [100.293305, 5.462592], [100.274099, 5.468492], [100.253754, 5.469062], [100.234711, 5.464504], [100.22934, 5.459906], [100.224457, 5.452948], [100.218598, 5.446723], [100.210623, 5.443996], [100.201182, 5.448472], [100.197113, 5.457261], [100.192068, 5.462958], [100.179454, 5.458197], [100.185883, 5.451117], [100.185232, 5.444281], [100.181651, 5.436591], [100.179454, 5.426907], [100.181651, 5.422349], [100.18629, 5.416205], [100.190929, 5.408433], [100.193126, 5.399319], [100.191173, 5.352525], [100.196137, 5.299994], [100.192719, 5.285956], [100.178966, 5.277981], [100.180024, 5.273342], [100.184337, 5.268541], [100.189708, 5.266506], [100.192719, 5.267646], [100.193614, 5.270087], [100.194998, 5.272284], [100.234711, 5.272691], [100.288748, 5.262681], [100.292247, 5.280463], [100.316661, 5.326646], [100.320811, 5.34455], [100.325206, 5.383287], [100.343435, 5.417629], [100.333995, 5.426947], [100.318533, 5.435289], [100.309825, 5.450751]]}}, {"type": "Feature", "properties": {}, "geometry": {"type": "LineString", "coordinates": [[95.177419, 5.628363], [95.15504, 5.656684], [95.141775, 5.66413], [95.135753, 5.646308], [95.129893, 5.640041], [95.118175, 5.631659], [95.109141, 5.622016], [95.111583, 5.611884], [95.122325, 5.606757], [95.1338, 5.606187], [95.145274, 5.604234], [95.156261, 5.594794], [95.163259, 5.602444], [95.171397, 5.607245], [95.180512, 5.609198], [95.191091, 5.608466], [95.177419, 5.628363]]}}, {"type": "Feature", "properties": {}, "geometry": {"type": "LineString", "coordinates": [[95.115245, 5.711493], [95.122081, 5.704657], [95.102306, 5.720201], [95.080903, 5.740953], [95.058279, 5.75731], [95.033946, 5.759914], [95.023692, 5.754055], [95.014659, 5.744615], [95.012706, 5.735826], [95.023123, 5.732001], [95.032725, 5.733547], [95.040375, 5.736029], [95.048839, 5.736477], [95.06072, 5.732001], [95.06072, 5.724555], [95.048676, 5.718451], [95.051036, 5.712958], [95.05714, 5.707343], [95.057302, 5.700914], [95.051036, 5.694403], [95.047862, 5.689643], [95.050304, 5.686225], [95.06072, 5.68358], [95.05714, 5.67475], [95.056895, 5.669094], [95.06072, 5.656236], [95.094737, 5.68358], [95.122081, 5.669257], [95.132335, 5.680121], [95.133311, 5.691311], [95.126964, 5.702053], [95.115245, 5.711493]]}}, {"type": "Feature", "properties": {}, "geometry": {"type": "LineString", "coordinates": [[95.341807, 5.89643], [95.324962, 5.898017], [95.314952, 5.887763], [95.307302, 5.872382], [95.29713, 5.858588], [95.283865, 5.857408], [95.272472, 5.870307], [95.259288, 5.89643], [95.247813, 5.905219], [95.236176, 5.909125], [95.21461, 5.910102], [95.213552, 5.902533], [95.220551, 5.885932], [95.231456, 5.869289], [95.252696, 5.854967], [95.259776, 5.83926], [95.26588, 5.821112], [95.27296, 5.807074], [95.286632, 5.79442], [95.302745, 5.785712], [95.320323, 5.780748], [95.33839, 5.779202], [95.350434, 5.783637], [95.355317, 5.795152], [95.355479, 5.827582], [95.368663, 5.818305], [95.372569, 5.813625], [95.375987, 5.807074], [95.382823, 5.807074], [95.382823, 5.841864], [95.351329, 5.88703], [95.341807, 5.89643]]}}, {"type": "Feature", "properties": {}, "geometry": {"type": "LineString", "coordinates": [[99.786292, 6.241822], [99.767234, 6.223804], [99.77471, 6.204017], [99.784059, 6.201119], [99.789523, 6.185876], [99.805596, 6.171793], [99.816953, 6.176528], [99.826428, 6.190675], [99.830233, 6.205753], [99.823812, 6.222867], [99.823253, 6.239081], [99.824962, 6.245592], [99.824859, 6.25772], [99.832318, 6.268915], [99.839782, 6.277297], [99.836978, 6.294227], [99.823922, 6.282136], [99.800442, 6.272811], [99.786292, 6.241822]]}}, {"type": "Feature", "properties": {}, "geometry": {"type": "LineString", "coordinates": [[99.900617, 6.364304], [99.90903, 6.378068], [99.913341, 6.390204], [99.904796, 6.397773], [99.897594, 6.402047], [99.898936, 6.410346], [99.878266, 6.419745], [99.866466, 6.429674], [99.858897, 6.443793], [99.851085, 6.465644], [99.842029, 6.469639], [99.832774, 6.470852], [99.834483, 6.463284], [99.839203, 6.45482], [99.823951, 6.454646], [99.814292, 6.454037], [99.802249, 6.43605], [99.785996, 6.422854], [99.770927, 6.419842], [99.736478, 6.423984], [99.721371, 6.434152], [99.688751, 6.435305], [99.669444, 6.426886], [99.645228, 6.435841], [99.646007, 6.394192], [99.650076, 6.376695], [99.658702, 6.362616], [99.676838, 6.363974], [99.702807, 6.358625], [99.719044, 6.353231], [99.722132, 6.327483], [99.715458, 6.310058], [99.728735, 6.261476], [99.736673, 6.264571], [99.748949, 6.270183], [99.761664, 6.282843], [99.778032, 6.282973], [99.79177, 6.298457], [99.807307, 6.317532], [99.825333, 6.324099], [99.844586, 6.324686], [99.849418, 6.300712], [99.865692, 6.290527], [99.870508, 6.304924], [99.883162, 6.312731], [99.891694, 6.321945], [99.906103, 6.326067], [99.91627, 6.331529], [99.914477, 6.339711], [99.910865, 6.348726], [99.900617, 6.364304]]}}, {"type": "Feature", "properties": {}, "geometry": {"type": "LineString", "coordinates": [[99.247813, 6.574856], [99.239268, 6.576809], [99.206309, 6.574856], [99.213715, 6.574856], [99.195567, 6.571234], [99.186046, 6.559394], [99.176443, 6.550198], [99.158458, 6.554389], [99.174001, 6.539008], [99.194835, 6.533108], [99.217296, 6.536933], [99.247325, 6.557034], [99.257579, 6.56094], [99.260265, 6.565823], [99.247813, 6.574856]]}}, {"type": "Feature", "properties": {}, "geometry": {"type": "LineString", "coordinates": [[99.672374, 6.516547], [99.675792, 6.524563], [99.683604, 6.526842], [99.692638, 6.528144], [99.699718, 6.533271], [99.703298, 6.544379], [99.704438, 6.558295], [99.696044, 6.587453], [99.68029, 6.624039], [99.680512, 6.672919], [99.656993, 6.723822], [99.650645, 6.71776], [99.646495, 6.699368], [99.64503, 6.681057], [99.642426, 6.671332], [99.636404, 6.666897], [99.629242, 6.663642], [99.623871, 6.657416], [99.623546, 6.651068], [99.625987, 6.632799], [99.623871, 6.622707], [99.613943, 6.608832], [99.603038, 6.596991], [99.600271, 6.583441], [99.634148, 6.552055], [99.646821, 6.50967], [99.658702, 6.492336], [99.66627, 6.497016], [99.670421, 6.501451], [99.67213, 6.50731], [99.672374, 6.516547]]}}, {"type": "Feature", "properties": {}, "geometry": {"type": "LineString", "coordinates": [[93.920258, 7.024319], [93.912934, 7.035102], [93.903087, 7.060858], [93.887055, 7.089301], [93.883149, 7.104722], [93.880626, 7.144273], [93.87672, 7.16356], [93.870372, 7.180569], [93.865001, 7.20067], [93.855317, 7.214179], [93.830821, 7.235907], [93.813975, 7.241848], [93.797618, 7.234605], [93.772146, 7.211737], [93.76531, 7.219143], [93.739919, 7.207099], [93.73463, 7.205512], [93.730154, 7.202216], [93.72462, 7.194973], [93.717296, 7.18769], [93.70753, 7.184394], [93.685395, 7.184516], [93.676443, 7.181871], [93.653575, 7.131496], [93.649669, 7.119615], [93.649181, 7.013088], [93.664561, 7.026516], [93.684337, 7.020901], [93.703624, 7.006293], [93.71754, 6.992621], [93.72877, 6.970526], [93.737478, 6.943264], [93.748057, 6.92357], [93.76531, 6.924302], [93.764496, 6.911526], [93.766124, 6.901109], [93.770763, 6.893866], [93.779552, 6.890204], [93.773123, 6.877997], [93.775727, 6.867377], [93.783702, 6.857978], [93.793224, 6.849189], [93.784434, 6.836412], [93.792166, 6.825873], [93.805431, 6.816718], [93.813731, 6.808295], [93.813243, 6.788031], [93.809337, 6.769029], [93.812673, 6.753974], [93.834239, 6.745551], [93.847911, 6.785305], [93.859386, 6.804267], [93.871755, 6.804511], [93.880056, 6.800442], [93.889903, 6.800971], [93.898448, 6.804185], [93.903087, 6.808295], [93.904145, 6.819241], [93.899262, 6.827135], [93.892833, 6.834052], [93.889415, 6.841783], [93.893565, 6.876776], [93.921072, 6.933824], [93.929861, 6.959052], [93.928722, 7.012356], [93.920258, 7.024319]]}}, {"type": "Feature", "properties": {}, "geometry": {"type": "LineString", "coordinates": [[99.405447, 7.266303], [99.385509, 7.27558], [99.377778, 7.252346], [99.378184, 7.201809], [99.383311, 7.194078], [99.394298, 7.205471], [99.408865, 7.229397], [99.417247, 7.235338], [99.428233, 7.239], [99.440603, 7.24022], [99.453868, 7.239], [99.445811, 7.250922], [99.419119, 7.256578], [99.405447, 7.266303]]}}, {"type": "Feature", "properties": {}, "geometry": {"type": "LineString", "coordinates": [[93.731212, 7.369371], [93.72169, 7.381171], [93.709483, 7.388739], [93.699474, 7.398749], [93.696951, 7.417792], [93.696951, 7.445054], [93.683767, 7.421698], [93.677989, 7.3994], [93.667247, 7.382758], [93.638682, 7.376166], [93.61671, 7.367255], [93.610362, 7.347317], [93.606944, 7.326402], [93.594005, 7.314765], [93.61085, 7.294501], [93.615082, 7.287421], [93.617442, 7.276068], [93.616384, 7.267279], [93.617931, 7.259955], [93.628184, 7.253323], [93.644216, 7.257514], [93.67921, 7.298326], [93.696951, 7.314765], [93.715505, 7.325832], [93.728526, 7.337104], [93.734386, 7.350816], [93.731212, 7.369371]]}}, {"type": "Feature", "properties": {}, "geometry": {"type": "LineString", "coordinates": [[99.034923, 7.644273], [99.028087, 7.644273], [99.025645, 7.640937], [99.024425, 7.639838], [99.023204, 7.639106], [99.020681, 7.636868], [99.02711, 7.62287], [99.029063, 7.606187], [99.028087, 7.571723], [99.031261, 7.561916], [99.05714, 7.504055], [99.077159, 7.480292], [99.099946, 7.467231], [99.117442, 7.479193], [99.10141, 7.503567], [99.086111, 7.536526], [99.075938, 7.573228], [99.075857, 7.608954], [99.065684, 7.615058], [99.034923, 7.644273]]}}, {"type": "Feature", "properties": {}, "geometry": {"type": "LineString", "coordinates": [[99.124278, 7.657375], [99.104503, 7.669379], [99.067068, 7.675198], [99.044607, 7.663398], [99.069591, 7.622545], [99.075206, 7.619127], [99.081879, 7.616034], [99.087657, 7.612047], [99.09018, 7.605862], [99.093028, 7.601264], [99.099864, 7.596625], [99.108735, 7.594184], [99.117442, 7.595893], [99.124034, 7.606838], [99.127452, 7.62519], [99.127452, 7.644355], [99.124278, 7.657375]]}}, {"type": "Feature", "properties": {}, "geometry": {"type": "LineString", "coordinates": [[81.73878, 7.660468], [81.772227, 7.61164], [81.776378, 7.602729], [81.787364, 7.593451], [81.790294, 7.571723], [81.786143, 7.508775], [81.785981, 7.506741], [81.785981, 7.5067], [81.786713, 7.501776], [81.787364, 7.496812], [81.789399, 7.494737], [81.793712, 7.49022], [81.807791, 7.479193], [81.822602, 7.49136], [81.823253, 7.511298], [81.823253, 7.511379], [81.806326, 7.598578], [81.795095, 7.616278], [81.770763, 7.65469], [81.761485, 7.679511], [81.759288, 7.685289], [81.750255, 7.698635], [81.737966, 7.727484], [81.725108, 7.739936], [81.725108, 7.739814], [81.729991, 7.728217], [81.729991, 7.728176], [81.728689, 7.718492], [81.725597, 7.709296], [81.725108, 7.69892], [81.728363, 7.689114], [81.733165, 7.679104], [81.737071, 7.670966], [81.73878, 7.660468]]}}, {"type": "Feature", "properties": {}, "geometry": {"type": "LineString", "coordinates": [[93.429454, 7.955268], [93.424164, 7.959866], [93.401215, 7.967963], [93.396007, 7.976386], [93.396169, 7.997219], [93.394786, 8.006741], [93.391368, 8.01557], [93.370291, 8.01732], [93.344412, 8.012112], [93.322602, 8.002102], [93.313324, 7.989732], [93.305024, 7.949937], [93.306651, 7.938544], [93.31365, 7.929185], [93.323009, 7.924384], [93.332693, 7.924954], [93.340668, 7.931708], [93.348155, 7.924872], [93.341075, 7.912584], [93.340343, 7.901272], [93.344981, 7.891343], [93.354259, 7.883287], [93.367849, 7.878607], [93.378429, 7.880764], [93.389171, 7.88581], [93.40211, 7.890082], [93.41505, 7.892239], [93.421235, 7.891791], [93.43686, 7.883287], [93.447927, 7.871405], [93.454438, 7.869289], [93.457367, 7.880194], [93.46046, 7.899848], [93.459809, 7.910793], [93.433116, 7.954291], [93.429454, 7.955268]]}}, {"type": "Feature", "properties": {}, "geometry": {"type": "LineString", "coordinates": [[93.565929, 7.999335], [93.558604, 8.013617], [93.54835, 8.020087], [93.540294, 8.016181], [93.539317, 7.999335], [93.520763, 8.004381], [93.511485, 7.99551], [93.510753, 7.98017], [93.518321, 7.965806], [93.573985, 7.924872], [93.574229, 7.968817], [93.570323, 7.989], [93.565929, 7.999335]]}}, {"type": "Feature", "properties": {}, "geometry": {"type": "LineString", "coordinates": [[98.540538, 8.104926], [98.536306, 8.115139], [98.53297, 8.119452], [98.528494, 8.123481], [98.528168, 8.107082], [98.531016, 8.088568], [98.536876, 8.071194], [98.549815, 8.050116], [98.551117, 8.042548], [98.554861, 8.036933], [98.565929, 8.034735], [98.574392, 8.031806], [98.5796, 8.024563], [98.582286, 8.015367], [98.583018, 8.006781], [98.580414, 7.996161], [98.574555, 7.994127], [98.568044, 7.993354], [98.563243, 7.986314], [98.562836, 7.978095], [98.567556, 7.963365], [98.570811, 7.939358], [98.577322, 7.919623], [98.588227, 7.904934], [98.603526, 7.903754], [98.611827, 7.926093], [98.610362, 8.034735], [98.602387, 8.063463], [98.586925, 8.079291], [98.540375, 8.105618], [98.540538, 8.104926]]}}, {"type": "Feature", "properties": {}, "geometry": {"type": "LineString", "coordinates": [[98.41863, 7.903754], [98.408946, 7.917711], [98.401541, 7.935777], [98.397472, 7.955024], [98.398123, 7.972642], [98.402192, 7.981024], [98.408214, 7.985663], [98.414317, 7.988918], [98.41863, 7.99315], [98.419932, 8.001044], [98.417735, 8.01911], [98.41863, 8.027289], [98.431895, 8.049791], [98.438487, 8.065741], [98.439138, 8.082506], [98.43214, 8.095933], [98.422618, 8.099311], [98.412852, 8.094306], [98.405528, 8.082506], [98.389171, 8.095445], [98.373709, 8.110907], [98.360118, 8.118842], [98.34962, 8.109198], [98.343516, 8.109198], [98.335704, 8.15644], [98.330089, 8.170478], [98.320811, 8.179104], [98.311534, 8.185533], [98.302908, 8.188056], [98.295665, 8.184963], [98.289073, 8.189683], [98.285981, 8.191148], [98.281423, 8.191799], [98.28891, 8.151801], [98.290212, 8.130113], [98.288259, 8.109198], [98.28533, 8.098863], [98.277599, 8.083157], [98.275157, 8.07567], [98.274425, 8.069322], [98.276134, 8.03384], [98.280447, 8.014228], [98.281423, 8.003079], [98.277599, 7.993557], [98.27003, 7.983954], [98.265961, 7.973782], [98.271495, 7.962104], [98.274099, 7.953681], [98.267589, 7.946275], [98.258637, 7.9383], [98.254161, 7.92829], [98.257986, 7.926418], [98.275727, 7.921047], [98.281423, 7.917426], [98.28533, 7.903754], [98.28004, 7.896918], [98.271983, 7.893459], [98.267751, 7.890082], [98.269054, 7.879136], [98.27296, 7.870673], [98.27768, 7.86343], [98.281423, 7.855943], [98.286632, 7.791693], [98.29184, 7.777493], [98.309093, 7.767727], [98.32309, 7.770941], [98.33253, 7.785956], [98.336111, 7.811265], [98.343923, 7.832913], [98.362315, 7.832424], [98.398123, 7.815009], [98.395356, 7.850491], [98.399669, 7.864569], [98.431814, 7.874945], [98.439789, 7.886623], [98.439626, 7.901923], [98.431651, 7.917426], [98.427989, 7.913235], [98.421886, 7.908433], [98.41863, 7.903754]]}}, {"type": "Feature", "properties": {}, "geometry": {"type": "LineString", "coordinates": [[98.637543, 8.171291], [98.637055, 8.179348], [98.635753, 8.185533], [98.632091, 8.189765], [98.624034, 8.191799], [98.615896, 8.176174], [98.601817, 8.161566], [98.592296, 8.146796], [98.59669, 8.130316], [98.574718, 8.124986], [98.570079, 8.118883], [98.5796, 8.106147], [98.587657, 8.101752], [98.62086, 8.089993], [98.62143, 8.102525], [98.637543, 8.171291]]}}, {"type": "Feature", "properties": {}, "geometry": {"type": "LineString", "coordinates": [[93.531912, 8.034735], [93.537364, 8.047797], [93.537608, 8.057318], [93.525157, 8.095038], [93.508556, 8.128811], [93.505219, 8.14704], [93.510509, 8.166571], [93.521495, 8.179104], [93.531016, 8.193752], [93.531668, 8.213202], [93.523448, 8.225816], [93.504649, 8.226996], [93.48585, 8.22012], [93.477306, 8.209133], [93.473643, 8.198188], [93.465099, 8.183295], [93.454845, 8.170111], [93.446544, 8.164496], [93.446625, 8.154364], [93.457367, 8.089993], [93.466319, 8.074408], [93.479747, 8.063218], [93.492198, 8.063625], [93.497813, 8.082506], [93.511485, 8.074856], [93.516938, 8.0633], [93.514822, 8.05622], [93.505219, 8.061998], [93.497813, 8.061998], [93.495616, 8.049384], [93.488536, 8.044379], [93.480805, 8.040513], [93.477306, 8.030992], [93.479259, 8.002916], [93.484386, 7.991889], [93.494965, 7.996283], [93.509776, 8.018541], [93.511974, 8.024156], [93.514903, 8.027655], [93.528005, 8.032416], [93.531912, 8.034735]]}}, {"type": "Feature", "properties": {}, "geometry": {"type": "LineString", "coordinates": [[73.077159, 8.315253], [73.073009, 8.295396], [73.063162, 8.279486], [73.04835, 8.267564], [73.029307, 8.259996], [73.028982, 8.263414], [73.029307, 8.274115], [73.029307, 8.274319], [73.029307, 8.274359], [73.022472, 8.274359], [73.024099, 8.255439], [73.032725, 8.249498], [73.044688, 8.252427], [73.056651, 8.259996], [73.066091, 8.270453], [73.083995, 8.308458], [73.083995, 8.308498], [73.083018, 8.311672], [73.083018, 8.314358], [73.081798, 8.315823], [73.077159, 8.315253]]}}, {"type": "Feature", "properties": {}, "geometry": {"type": "LineString", "coordinates": [[93.134532, 8.24018], [93.114106, 8.256415], [93.104015, 8.27558], [93.100759, 8.299262], [93.10141, 8.345771], [93.095063, 8.35517], [93.083751, 8.355902], [93.069835, 8.346625], [93.064301, 8.336127], [93.06129, 8.320746], [93.059581, 8.291409], [93.065766, 8.268134], [93.081554, 8.242377], [93.10255, 8.221503], [93.124685, 8.212877], [93.153494, 8.205512], [93.167328, 8.204535], [93.17628, 8.212877], [93.173025, 8.221259], [93.160818, 8.228746], [93.134532, 8.24018]]}}, {"type": "Feature", "properties": {}, "geometry": {"type": "LineString", "coordinates": [[93.607677, 8.548041], [93.607677, 8.569159], [93.594981, 8.55801], [93.595551, 8.541734], [93.607677, 8.507066], [93.607107, 8.49079], [93.600352, 8.450344], [93.60141, 8.438178], [93.609711, 8.438422], [93.618337, 8.453925], [93.625173, 8.473619], [93.628184, 8.486558], [93.626801, 8.505845], [93.621755, 8.520087], [93.607677, 8.548041]]}}, {"type": "Feature", "properties": {}, "geometry": {"type": "LineString", "coordinates": [[79.714122, 9.075629], [79.736013, 9.073228], [79.743988, 9.071072], [79.758962, 9.067043], [79.779389, 9.05801], [79.799815, 9.048977], [79.840994, 9.0126], [79.851329, 9.007392], [79.859386, 9.001207], [79.870128, 8.988186], [79.885753, 8.976223], [79.909679, 8.973212], [79.900727, 8.989081], [79.8803, 9.012193], [79.85434, 9.04149], [79.871267, 9.03856], [79.900076, 9.0244], [79.916433, 9.021023], [79.916515, 9.020982], [79.882335, 9.053778], [79.841645, 9.077216], [79.799001, 9.093329], [79.778575, 9.098538], [79.7588, 9.103583], [79.714122, 9.103583], [79.701182, 9.099189], [79.698009, 9.089586], [79.698009, 9.089586], [79.702973, 9.079983], [79.714122, 9.075629]]}}, {"type": "Feature", "properties": {}, "geometry": {"type": "LineString", "coordinates": [[98.295665, 9.145168], [98.282237, 9.156724], [98.273285, 9.15998], [98.260916, 9.158149], [98.250824, 9.154039], [98.24822, 9.150092], [98.248383, 9.143378], [98.240001, 9.06269], [98.240489, 9.048977], [98.254242, 9.036811], [98.274181, 9.035956], [98.294444, 9.041571], [98.309337, 9.048977], [98.302013, 9.055162], [98.323009, 9.076239], [98.322765, 9.097968], [98.317393, 9.117133], [98.307872, 9.133002], [98.295665, 9.145168]]}}, {"type": "Feature", "properties": {}, "geometry": {"type": "LineString", "coordinates": [[92.811373, 9.23117], [92.795272, 9.240818], [92.772716, 9.259223], [92.763031, 9.264146], [92.750987, 9.261217], [92.754405, 9.244452], [92.745128, 9.229071], [92.729259, 9.217841], [92.713878, 9.213446], [92.708507, 9.201606], [92.711681, 9.175116], [92.720225, 9.147121], [92.731212, 9.130845], [92.799565, 9.110154], [92.831981, 9.145025], [92.833849, 9.202359], [92.811373, 9.23117]]}}, {"type": "Feature", "properties": {}, "geometry": {"type": "LineString", "coordinates": [[79.730805, 9.50019], [79.719249, 9.524359], [79.714122, 9.528062], [79.693533, 9.529608], [79.67628, 9.53498], [79.67213, 9.5456], [79.665294, 9.554023], [79.658702, 9.555365], [79.655772, 9.544867], [79.655772, 9.503892], [79.666026, 9.491278], [79.689464, 9.483588], [79.714692, 9.485053], [79.72283, 9.492621], [79.730805, 9.500149], [79.730805, 9.50019]]}}, {"type": "Feature", "properties": {}, "geometry": {"type": "LineString", "coordinates": [[100.07016, 9.586412], [100.062348, 9.567369], [100.043712, 9.564154], [99.984711, 9.579006], [99.959483, 9.580756], [99.93629, 9.577704], [99.92628, 9.565985], [99.931163, 9.54857], [99.939626, 9.53026], [99.941173, 9.511868], [99.92628, 9.493964], [99.936697, 9.474555], [99.940766, 9.437486], [99.946625, 9.418199], [99.956309, 9.421617], [100.003591, 9.426215], [100.011567, 9.425482], [100.019298, 9.425727], [100.02589, 9.429145], [100.028819, 9.435696], [100.029633, 9.443549], [100.031993, 9.450181], [100.060883, 9.463813], [100.068614, 9.489814], [100.071788, 9.521674], [100.080089, 9.549994], [100.090668, 9.56094], [100.085948, 9.57453], [100.075857, 9.585028], [100.07016, 9.586412]]}}, {"type": "Feature", "properties": {}, "geometry": {"type": "LineString", "coordinates": [[79.895844, 9.617499], [79.895925, 9.617499], [79.908539, 9.618964], [79.926524, 9.629462], [79.933604, 9.627753], [79.943614, 9.621527], [79.957774, 9.617174], [79.970958, 9.617255], [79.977875, 9.624335], [79.974457, 9.631496], [79.973399, 9.633775], [79.96046, 9.641059], [79.944998, 9.64761], [79.933604, 9.654731], [79.931163, 9.660956], [79.929698, 9.675971], [79.926443, 9.678941], [79.907074, 9.677883], [79.902843, 9.678941], [79.899262, 9.68301], [79.894705, 9.688178], [79.891287, 9.696112], [79.890391, 9.69831], [79.89031, 9.698961], [79.888845, 9.709906], [79.888438, 9.723619], [79.891124, 9.737209], [79.89503, 9.748969], [79.894054, 9.757392], [79.893891, 9.757432], [79.882335, 9.760891], [79.860525, 9.756252], [79.854259, 9.738471], [79.851736, 9.716539], [79.840668, 9.699408], [79.864919, 9.651516], [79.880382, 9.628607], [79.895844, 9.617499]]}}, {"type": "Feature", "properties": {}, "geometry": {"type": "LineString", "coordinates": [[98.411632, 9.768297], [98.411632, 9.774563], [98.40211, 9.755845], [98.389659, 9.742418], [98.384939, 9.727932], [98.398123, 9.706244], [98.416677, 9.733466], [98.417817, 9.747056], [98.411632, 9.768297]]}}, {"type": "Feature", "properties": {}, "geometry": {"type": "LineString", "coordinates": [[100.035411, 9.7956], [100.026134, 9.797756], [100.007823, 9.796373], [99.997895, 9.797268], [99.987641, 9.801825], [99.983572, 9.791938], [99.970714, 9.771226], [99.970551, 9.764594], [99.989919, 9.742906], [99.993337, 9.731676], [99.987641, 9.719916], [99.999197, 9.710354], [100.054047, 9.68773], [100.078624, 9.673814], [100.090099, 9.665269], [100.079275, 9.742418], [100.067231, 9.775621], [100.035411, 9.7956]]}}, {"type": "Feature", "properties": {}, "geometry": {"type": "LineString", "coordinates": [[98.295665, 10.048896], [98.295665, 10.05565], [98.282481, 10.059394], [98.279633, 10.058661], [98.275157, 10.05565], [98.254405, 10.06269], [98.23463, 10.054185], [98.20574, 10.028998], [98.178966, 10.014106], [98.17156, 10.007961], [98.167817, 10.00141], [98.164317, 9.992255], [98.160167, 9.984117], [98.15447, 9.980618], [98.151866, 9.977444], [98.148204, 9.970364], [98.140636, 9.963284], [98.127452, 9.96011], [98.124278, 9.931383], [98.120372, 9.922553], [98.118175, 9.908515], [98.117198, 9.882025], [98.120616, 9.861314], [98.131196, 9.864488], [98.133474, 9.845608], [98.145763, 9.856838], [98.17156, 9.898098], [98.168468, 9.904608], [98.170909, 9.912258], [98.175466, 9.921454], [98.178966, 9.932807], [98.193533, 9.931464], [98.227794, 9.954006], [98.243907, 9.96011], [98.251231, 9.968329], [98.258149, 9.985989], [98.269216, 10.00259], [98.288259, 10.007961], [98.294119, 10.01911], [98.289399, 10.024319], [98.281016, 10.028388], [98.275157, 10.035834], [98.273692, 10.042182], [98.273936, 10.048041], [98.28004, 10.051011], [98.295665, 10.048896]]}}, {"type": "Feature", "properties": {}, "geometry": {"type": "LineString", "coordinates": [[98.185802, 10.121161], [98.185802, 10.04206], [98.195323, 10.070502], [98.201427, 10.118069], [98.207774, 10.128648], [98.218435, 10.136176], [98.233653, 10.144477], [98.227712, 10.150824], [98.227794, 10.15526], [98.230724, 10.159573], [98.233653, 10.165513], [98.236827, 10.166409], [98.239513, 10.16649], [98.240896, 10.167792], [98.240489, 10.172349], [98.222179, 10.177924], [98.196056, 10.193183], [98.178966, 10.192857], [98.178966, 10.185452], [98.185232, 10.176825], [98.181895, 10.168606], [98.175304, 10.15941], [98.17156, 10.148139], [98.173839, 10.140123], [98.183604, 10.127021], [98.185802, 10.121161]]}}, {"type": "Feature", "properties": {}, "geometry": {"type": "LineString", "coordinates": [[97.911469, 10.494534], [97.896251, 10.487535], [97.893403, 10.470771], [97.897797, 10.452094], [97.904063, 10.439276], [97.889415, 10.419989], [97.893809, 10.405992], [97.910167, 10.401923], [97.931895, 10.412014], [97.926931, 10.417182], [97.917735, 10.433051], [97.926768, 10.432034], [97.93336, 10.433743], [97.938487, 10.437812], [97.943533, 10.443793], [97.935313, 10.461168], [97.930675, 10.468166], [97.925059, 10.474066], [97.919444, 10.47309], [97.908702, 10.473456], [97.902599, 10.479315], [97.911469, 10.494534]]}}, {"type": "Feature", "properties": {}, "geometry": {"type": "LineString", "coordinates": [[98.493663, 10.891099], [98.490896, 10.880805], [98.491466, 10.866685], [98.494884, 10.851264], [98.500499, 10.837144], [98.500499, 10.823472], [98.509125, 10.828315], [98.518321, 10.829495], [98.525564, 10.82685], [98.528494, 10.820054], [98.526378, 10.810858], [98.520681, 10.809272], [98.51295, 10.809556], [98.504161, 10.806098], [98.498383, 10.793606], [98.509532, 10.786607], [98.52711, 10.786933], [98.541515, 10.79621], [98.553233, 10.832831], [98.542247, 10.860053], [98.518809, 10.879096], [98.493663, 10.891099]]}}, {"type": "Feature", "properties": {}, "geometry": {"type": "LineString", "coordinates": [[92.585092, 10.771269], [92.582116, 10.790261], [92.567981, 10.815301], [92.56506, 10.849308], [92.54888, 10.874373], [92.527592, 10.895466], [92.482796, 10.885622], [92.428966, 10.850816], [92.422598, 10.822836], [92.41542, 10.798863], [92.407265, 10.789891], [92.385878, 10.781981], [92.376721, 10.78402], [92.37568, 10.775031], [92.378671, 10.750037], [92.378586, 10.718071], [92.379486, 10.672122], [92.390674, 10.663085], [92.408917, 10.647055], [92.417003, 10.629059], [92.413855, 10.606117], [92.402557, 10.575206], [92.378057, 10.541329], [92.384111, 10.529328], [92.406466, 10.529266], [92.421788, 10.546203], [92.444139, 10.545143], [92.463372, 10.531103], [92.479558, 10.516073], [92.513027, 10.507969], [92.535423, 10.524861], [92.546675, 10.547781], [92.574213, 10.580624], [92.555964, 10.588675], [92.54176, 10.59172], [92.539835, 10.620669], [92.551056, 10.634603], [92.56124, 10.642555], [92.574492, 10.655484], [92.595908, 10.678364], [92.598059, 10.709302], [92.586986, 10.736294], [92.585092, 10.771269]]}}, {"type": "Feature", "properties": {}, "geometry": {"type": "LineString", "coordinates": [[97.890391, 10.884955], [97.894542, 10.873969], [97.894542, 10.864244], [97.890636, 10.854722], [97.883556, 10.84455], [97.90919, 10.857245], [97.927745, 10.871975], [97.941254, 10.891547], [97.951834, 10.919094], [97.931977, 10.924058], [97.911957, 10.924262], [97.896332, 10.913275], [97.890391, 10.884955]]}}, {"type": "Feature", "properties": {}, "geometry": {"type": "LineString", "coordinates": [[98.267751, 10.837144], [98.257335, 10.849921], [98.243663, 10.85928], [98.231781, 10.870266], [98.226817, 10.888088], [98.225597, 10.907416], [98.222016, 10.926663], [98.215587, 10.944525], [98.20574, 10.960028], [98.191173, 10.971177], [98.171886, 10.978664], [98.153494, 10.981147], [98.14088, 10.977444], [98.136729, 10.970649], [98.133311, 10.952948], [98.131196, 10.946357], [98.126313, 10.942206], [98.112966, 10.934027], [98.110118, 10.929348], [98.086192, 10.903957], [98.077403, 10.888088], [98.08961, 10.878119], [98.100271, 10.882025], [98.131033, 10.902899], [98.137462, 10.909125], [98.140147, 10.919908], [98.146739, 10.924506], [98.155772, 10.923977], [98.165294, 10.919094], [98.17156, 10.884955], [98.17335, 10.889309], [98.176768, 10.894029], [98.178966, 10.898586], [98.198741, 10.881659], [98.216319, 10.859849], [98.218516, 10.855618], [98.219493, 10.84984], [98.219981, 10.840888], [98.222911, 10.837795], [98.236583, 10.833645], [98.240489, 10.830959], [98.241954, 10.814399], [98.233897, 10.782864], [98.233653, 10.768256], [98.251638, 10.756008], [98.255544, 10.746405], [98.240489, 10.734687], [98.237804, 10.738186], [98.233653, 10.740953], [98.232188, 10.708319], [98.236827, 10.697333], [98.250743, 10.693101], [98.267833, 10.696519], [98.276622, 10.705146], [98.288259, 10.727281], [98.289317, 10.730618], [98.289236, 10.733588], [98.290538, 10.735256], [98.295665, 10.734687], [98.28533, 10.745063], [98.28297, 10.756537], [98.286876, 10.768948], [98.295665, 10.781928], [98.276378, 10.784491], [98.270763, 10.798896], [98.270681, 10.818671], [98.267751, 10.837144]]}}, {"type": "Feature", "properties": {}, "geometry": {"type": "LineString", "coordinates": [[98.528494, 10.974311], [98.528494, 10.966946], [98.53004, 10.95718], [98.533946, 10.950832], [98.541515, 10.953803], [98.543142, 10.96011], [98.541515, 10.987982], [98.545177, 11.015937], [98.544607, 11.031195], [98.53712, 11.068915], [98.531912, 11.083808], [98.524669, 11.086656], [98.514171, 11.069892], [98.513438, 11.063056], [98.51588, 11.045356], [98.514171, 11.035793], [98.509532, 11.027737], [98.503184, 11.021145], [98.486827, 11.00845], [98.478363, 10.993354], [98.477061, 10.9737], [98.48585, 10.955878], [98.507986, 10.946357], [98.508474, 10.956855], [98.512055, 10.965237], [98.518809, 10.971096], [98.528494, 10.974311]]}}, {"type": "Feature", "properties": {}, "geometry": {"type": "LineString", "coordinates": [[98.275157, 11.248033], [98.274669, 11.256293], [98.281423, 11.275946], [98.252452, 11.276068], [98.2317, 11.273912], [98.219981, 11.26911], [98.221853, 11.261908], [98.232188, 11.253811], [98.243175, 11.242987], [98.247325, 11.227525], [98.247325, 11.214504], [98.279552, 11.223212], [98.295095, 11.231147], [98.302013, 11.241197], [98.29835, 11.248603], [98.29005, 11.248114], [98.281016, 11.245836], [98.275157, 11.248033]]}}, {"type": "Feature", "properties": {}, "geometry": {"type": "LineString", "coordinates": [[102.995453, 11.412543], [102.993663, 11.41706], [102.990896, 11.42182], [102.989268, 11.426174], [102.981456, 11.40469], [102.9817, 11.380113], [102.989268, 11.337388], [102.988536, 11.30093], [102.991954, 11.280015]]}}, {"type": "Feature", "properties": {}, "geometry": {"type": "LineString", "coordinates": [[92.676524, 11.412543], [92.679698, 11.429389], [92.689708, 11.442532], [92.6963, 11.454413], [92.689708, 11.46776], [92.675059, 11.490424], [92.654145, 11.508124], [92.63559, 11.508043], [92.627615, 11.477362], [92.635265, 11.447008], [92.637218, 11.430162], [92.631196, 11.416246], [92.623871, 11.412502], [92.608165, 11.411322], [92.600841, 11.406317], [92.598969, 11.401313], [92.593516, 11.378363], [92.60377, 11.372504], [92.61085, 11.366156], [92.61964, 11.360745], [92.63502, 11.357896], [92.646007, 11.359076], [92.673188, 11.367336], [92.682791, 11.371527], [92.69988, 11.384426], [92.696788, 11.391791], [92.685069, 11.399359], [92.676524, 11.412543]]}}, {"type": "Feature", "properties": {}, "geometry": {"type": "LineString", "coordinates": [[92.266775, 11.589545], [92.254893, 11.593817], [92.228689, 11.597724], [92.217296, 11.59809], [92.217296, 11.591254], [92.230235, 11.577338], [92.234548, 11.540351], [92.252126, 11.529242], [92.273204, 11.531073], [92.285004, 11.544013], [92.286876, 11.563178], [92.278087, 11.583808], [92.266775, 11.589545]]}}, {"type": "Feature", "properties": {}, "geometry": {"type": "LineString", "coordinates": [[102.564138, 11.707953], [102.569998, 11.720933], [102.570811, 11.732815], [102.56837, 11.744045], [102.564138, 11.755113], [102.555186, 11.759833], [102.549815, 11.752346], [102.53004, 11.68008], [102.530935, 11.670356], [102.540782, 11.647895], [102.543712, 11.638495], [102.5442, 11.626044], [102.542491, 11.620673], [102.537934, 11.61579], [102.53004, 11.604926], [102.562185, 11.595649], [102.571625, 11.591254], [102.576996, 11.585028], [102.584727, 11.568834], [102.591563, 11.563381], [102.598318, 11.563381], [102.594574, 11.588853], [102.597179, 11.598538], [102.605724, 11.611762], [102.591563, 11.611762], [102.591563, 11.618598], [102.608165, 11.648342], [102.605968, 11.684516], [102.58961, 11.710028], [102.564138, 11.707953]]}}, {"type": "Feature", "properties": {}, "geometry": {"type": "LineString", "coordinates": [[98.278331, 11.799791], [98.272472, 11.786078], [98.267751, 11.741441], [98.238455, 11.687079], [98.233653, 11.666409], [98.23463, 11.655585], [98.240896, 11.636176], [98.240489, 11.624823], [98.236583, 11.62226], [98.229747, 11.620998], [98.222911, 11.61758], [98.216807, 11.598944], [98.202647, 11.589179], [98.199474, 11.580471], [98.201671, 11.569078], [98.206309, 11.564765], [98.210948, 11.561469], [98.213145, 11.553412], [98.20753, 11.548407], [98.196462, 11.542385], [98.187511, 11.53498], [98.188975, 11.525824], [98.192638, 11.518012], [98.196462, 11.497056], [98.199474, 11.488227], [98.192231, 11.478664], [98.184093, 11.472642], [98.175059, 11.470893], [98.165294, 11.473944], [98.164887, 11.458482], [98.165294, 11.453518], [98.176524, 11.449164], [98.187022, 11.446438], [98.198904, 11.446479], [98.210297, 11.44892], [98.219981, 11.453518], [98.2046, 11.458482], [98.201996, 11.466254], [98.210134, 11.472724], [98.226817, 11.473944], [98.223643, 11.482978], [98.223481, 11.488837], [98.226736, 11.494289], [98.233653, 11.501899], [98.237641, 11.493801], [98.25172, 11.476508], [98.260916, 11.46776], [98.261567, 11.474189], [98.26352, 11.478827], [98.26588, 11.483059], [98.267751, 11.488227], [98.275157, 11.48078], [98.283539, 11.509426], [98.282563, 11.566352], [98.295665, 11.591254], [98.287852, 11.610907], [98.29005, 11.631659], [98.302013, 11.673245], [98.300304, 11.704779], [98.302013, 11.714179], [98.306407, 11.717475], [98.313487, 11.718695], [98.320079, 11.72191], [98.323009, 11.731269], [98.318207, 11.749986], [98.306651, 11.777411], [98.29184, 11.798896], [98.278331, 11.799791]]}}, {"type": "Feature", "properties": {}, "geometry": {"type": "LineString", "coordinates": [[98.53533, 11.803616], [98.522146, 11.804755], [98.498871, 11.798041], [98.486827, 11.796088], [98.458344, 11.803371], [98.445323, 11.803616], [98.447602, 11.796088], [98.449474, 11.79328], [98.45281, 11.789252], [98.438243, 11.787055], [98.393728, 11.794013], [98.370779, 11.789252], [98.375336, 11.780097], [98.382091, 11.77619], [98.39088, 11.775377], [98.401703, 11.77558], [98.413097, 11.773383], [98.410411, 11.768622], [98.402599, 11.763902], [98.398123, 11.761949], [98.392426, 11.75731], [98.38559, 11.75552], [98.379893, 11.750922], [98.377615, 11.738023], [98.381358, 11.73135], [98.399262, 11.716132], [98.405528, 11.707953], [98.382091, 11.704169], [98.379405, 11.691107], [98.391287, 11.662991], [98.397716, 11.655463], [98.410411, 11.646064], [98.41863, 11.63227], [98.411632, 11.611762], [98.415701, 11.604438], [98.419119, 11.599555], [98.423839, 11.599066], [98.431651, 11.604926], [98.42921, 11.583157], [98.432384, 11.566718], [98.441905, 11.564114], [98.458995, 11.583808], [98.46518, 11.574897], [98.476817, 11.570258], [98.489757, 11.567206], [98.500499, 11.563381], [98.508556, 11.555894], [98.524181, 11.537014], [98.53533, 11.529242], [98.53419, 11.542629], [98.529552, 11.566799], [98.528494, 11.580471], [98.531586, 11.593329], [98.545746, 11.609036], [98.549001, 11.621731], [98.546072, 11.699205], [98.555512, 11.728095], [98.556407, 11.758734], [98.555186, 11.769436], [98.552419, 11.781643], [98.549001, 11.791571], [98.543712, 11.798977], [98.53533, 11.803616]]}}, {"type": "Feature", "properties": {}, "geometry": {"type": "LineString", "coordinates": [[98.055431, 11.701117], [98.065684, 11.706366], [98.074718, 11.713365], [98.08074, 11.722642], [98.082286, 11.734687], [98.057953, 11.729071], [98.052419, 11.749416], [98.052257, 11.776028], [98.044932, 11.789252], [98.019298, 11.810492], [98.013927, 11.816596], [98.011974, 11.827379], [98.013927, 11.864976], [97.999766, 11.841783], [98.011892, 11.787258], [98.007091, 11.761949], [98.022472, 11.755805], [98.028575, 11.737006], [98.028331, 11.71719], [98.024425, 11.707953], [98.011729, 11.704739], [98.016612, 11.697496], [98.034353, 11.686835], [98.049327, 11.6647], [98.055431, 11.659573], [98.057384, 11.653144], [98.065115, 11.646389], [98.08961, 11.63227], [98.085297, 11.644924], [98.079112, 11.653795], [98.061697, 11.673245], [98.067556, 11.682929], [98.067719, 11.691067], [98.063487, 11.697252], [98.055431, 11.701117]]}}, {"type": "Feature", "properties": {}, "geometry": {"type": "LineString", "coordinates": [[97.664399, 11.905951], [97.643565, 11.880357], [97.642833, 11.867662], [97.65089, 11.84455], [97.667735, 11.838284], [97.671886, 11.837714], [97.666677, 11.86343], [97.668224, 11.868109], [97.67628, 11.877834], [97.678477, 11.887885], [97.67449, 11.897447], [97.664399, 11.905951]]}}, {"type": "Feature", "properties": {}, "geometry": {"type": "LineString", "coordinates": [[98.254161, 11.85814], [98.261485, 11.853909], [98.273692, 11.853339], [98.28419, 11.865465], [98.289073, 11.882392], [98.284841, 11.896064], [98.265391, 11.908515], [98.256521, 11.902533], [98.253917, 11.883857], [98.254161, 11.85814]]}}, {"type": "Feature", "properties": {}, "geometry": {"type": "LineString", "coordinates": [[98.267751, 11.933905], [98.268728, 11.942288], [98.262706, 11.961656], [98.260916, 11.971137], [98.252208, 11.974758], [98.23585, 11.968329], [98.227061, 11.953925], [98.246104, 11.925442], [98.253754, 11.923082], [98.261567, 11.926174], [98.267751, 11.933905]]}}, {"type": "Feature", "properties": {}, "geometry": {"type": "LineString", "coordinates": [[93.042491, 11.961168], [93.040375, 11.969062], [93.018565, 12.015815], [93.025401, 12.031562], [93.014659, 12.037177], [92.980724, 12.036322], [92.972179, 12.027737], [92.957205, 12.008694], [92.947032, 11.989691], [92.953136, 11.981106], [92.96754, 11.978583], [92.974457, 11.972235], [92.980235, 11.96369], [92.990571, 11.954413], [93.001313, 11.949205], [93.015391, 11.94599], [93.024913, 11.940131], [93.026541, 11.931627], [93.035411, 11.911933], [93.049327, 11.896145], [93.066417, 11.899115], [93.048676, 11.952786], [93.042491, 11.961168]]}}, {"type": "Feature", "properties": {}, "geometry": {"type": "LineString", "coordinates": [[98.603526, 11.967434], [98.574718, 11.992987], [98.559581, 12.0008], [98.541515, 11.995307], [98.519867, 12.007025], [98.509532, 12.016791], [98.493663, 12.049302], [98.473155, 12.077297], [98.445567, 12.101386], [98.439138, 12.112006], [98.430919, 12.100653], [98.431163, 12.087633], [98.439138, 12.056789], [98.439138, 12.025784], [98.440278, 12.015367], [98.443696, 12.010688], [98.448253, 12.007717], [98.459158, 11.996161], [98.465831, 11.992662], [98.470958, 11.988105], [98.473155, 11.977973], [98.471202, 11.970282], [98.461681, 11.955512], [98.458995, 11.947577], [98.459727, 11.933661], [98.46339, 11.920803], [98.478038, 11.890937], [98.495779, 11.888495], [98.51588, 11.895901], [98.535655, 11.908881], [98.552013, 11.923326], [98.572602, 11.931627], [98.631358, 11.932115], [98.658214, 11.940131], [98.658214, 11.933905], [98.65919, 11.948676], [98.642345, 11.957506], [98.603526, 11.967434]]}}, {"type": "Feature", "properties": {}, "geometry": {"type": "LineString", "coordinates": [[102.399669, 12.043158], [102.399669, 12.049302], [102.386567, 12.058336], [102.378103, 12.071845], [102.366222, 12.097805], [102.355235, 12.111314], [102.342784, 12.123603], [102.310883, 12.146186], [102.293224, 12.145413], [102.266287, 12.152411], [102.249522, 12.153022], [102.256358, 12.148993], [102.261729, 12.144436], [102.265961, 12.138902], [102.27003, 12.131903], [102.256358, 12.131903], [102.284679, 12.06684], [102.2942, 12.056789], [102.294119, 11.994696], [102.290375, 11.981106], [102.290375, 11.97484], [102.29949, 11.97248], [102.306407, 11.969794], [102.312266, 11.966132], [102.31837, 11.961168], [102.313813, 11.971381], [102.310883, 11.97484], [102.310883, 11.981106], [102.349132, 11.968899], [102.362153, 11.967434], [102.37615, 11.970893], [102.37794, 11.979641], [102.375987, 11.991156], [102.379161, 12.002834], [102.410981, 11.971503], [102.427501, 11.961371], [102.441173, 11.967434], [102.443126, 11.98371], [102.43214, 12.000393], [102.417003, 12.017768], [102.406505, 12.036322], [102.399669, 12.043158]]}}, {"type": "Feature", "properties": {}, "geometry": {"type": "LineString", "coordinates": [[93.103282, 12.190497], [93.098481, 12.199408], [93.091075, 12.20425], [93.082042, 12.204779], [93.073253, 12.200832], [93.066254, 12.189846], [93.061534, 12.172309], [93.059337, 12.153551], [93.059581, 12.138739], [93.064301, 12.127143], [93.074229, 12.110338], [93.08546, 12.095852], [93.094249, 12.090969], [93.103282, 12.102037], [93.102306, 12.119534], [93.094981, 12.15176], [93.096202, 12.158759], [93.103282, 12.18008], [93.103852, 12.185289], [93.10377, 12.187934], [93.103282, 12.190497]]}}, {"type": "Feature", "properties": {}, "geometry": {"type": "LineString", "coordinates": [[98.096446, 12.187161], [98.098155, 12.199286], [98.104259, 12.207343], [98.111501, 12.213935], [98.116954, 12.221259], [98.119884, 12.230129], [98.123302, 12.249661], [98.12379, 12.259467], [98.119477, 12.27558], [98.108246, 12.284654], [98.091807, 12.288642], [98.07252, 12.289537], [98.059093, 12.281399], [98.046153, 12.26203], [98.03712, 12.239407], [98.034353, 12.221259], [98.039399, 12.207343], [98.059337, 12.187974], [98.07309, 12.164944], [98.074718, 12.163398], [98.076671, 12.161933], [98.082286, 12.159166], [98.100352, 12.169013], [98.11671, 12.165473], [98.129649, 12.153713], [98.137462, 12.138739], [98.140147, 12.148383], [98.137462, 12.190579], [98.131847, 12.198554], [98.119477, 12.197577], [98.105805, 12.192206], [98.096446, 12.187161]]}}, {"type": "Feature", "properties": {}, "geometry": {"type": "LineString", "coordinates": [[98.065278, 12.365302], [98.074718, 12.363511], [98.081554, 12.360582], [98.087738, 12.360053], [98.096446, 12.365302], [98.104503, 12.383043], [98.101248, 12.404771], [98.090587, 12.422309], [98.075938, 12.427395], [98.07252, 12.42121], [98.069347, 12.409369], [98.06365, 12.397773], [98.045584, 12.389065], [98.042247, 12.380276], [98.041352, 12.369127], [98.041759, 12.358466], [98.032481, 12.360541], [98.02711, 12.361029], [98.013927, 12.358466], [98.005382, 12.367336], [98.003591, 12.373725], [98.007823, 12.380113], [98.017589, 12.389146], [98.023448, 12.398749], [98.017833, 12.402655], [98.007009, 12.401597], [97.975759, 12.383857], [97.9546, 12.377753], [97.939952, 12.366278], [97.938162, 12.337958], [97.945567, 12.337958], [97.948985, 12.344306], [97.952973, 12.348944], [97.966075, 12.358466], [97.971039, 12.344875], [97.960948, 12.334377], [97.948416, 12.323798], [97.945567, 12.310045], [97.955089, 12.305487], [97.969493, 12.308051], [97.982432, 12.306383], [97.986583, 12.289537], [97.990977, 12.286526], [98.000255, 12.269029], [98.008311, 12.304389], [98.010509, 12.310045], [98.018891, 12.311672], [98.02947, 12.315985], [98.039561, 12.322496], [98.048025, 12.330512], [98.064464, 12.359809], [98.065278, 12.365302]]}}, {"type": "Feature", "properties": {}, "geometry": {"type": "LineString", "coordinates": [[98.514171, 12.495592], [98.499848, 12.513088], [98.488536, 12.493313], [98.474294, 12.424994], [98.482107, 12.41059], [98.495616, 12.405829], [98.508556, 12.410305], [98.514171, 12.423651], [98.516856, 12.479438], [98.514171, 12.495592]]}}, {"type": "Feature", "properties": {}, "geometry": {"type": "LineString", "coordinates": [[98.254161, 12.567613], [98.250824, 12.560207], [98.243907, 12.557807], [98.236827, 12.556871], [98.233653, 12.553656], [98.229747, 12.527411], [98.230235, 12.516995], [98.236827, 12.50609], [98.260509, 12.495266], [98.282888, 12.503852], [98.289887, 12.526313], [98.267751, 12.557074], [98.267345, 12.560248], [98.262462, 12.568793], [98.256847, 12.574205], [98.254161, 12.567613]]}}, {"type": "Feature", "properties": {}, "geometry": {"type": "LineString", "coordinates": [[97.822765, 12.58747], [97.825694, 12.578599], [97.831065, 12.574205], [97.833995, 12.570746], [97.829438, 12.564521], [97.829438, 12.557074], [97.83546, 12.558051], [97.839041, 12.55801], [97.840831, 12.556871], [97.84254, 12.550238], [97.845225, 12.54678], [97.84783, 12.54442], [97.84962, 12.541815], [97.849946, 12.537258], [97.861827, 12.559801], [97.860525, 12.570014], [97.854015, 12.578192], [97.849946, 12.594631], [97.845714, 12.597968], [97.836274, 12.595404], [97.826996, 12.590725], [97.822765, 12.58747]]}}, {"type": "Feature", "properties": {}, "geometry": {"type": "LineString", "coordinates": [[98.466319, 12.583726], [98.450938, 12.60399], [98.438162, 12.587388], [98.42921, 12.555487], [98.425466, 12.529731], [98.401215, 12.571682], [98.398123, 12.58747], [98.405528, 12.630032], [98.405528, 12.638983], [98.387462, 12.65766], [98.333018, 12.67121], [98.315603, 12.687445], [98.302013, 12.646308], [98.302745, 12.598578], [98.314138, 12.55329], [98.333018, 12.519232], [98.333832, 12.512356], [98.327403, 12.506741], [98.319509, 12.501451], [98.315603, 12.495592], [98.31658, 12.490424], [98.321137, 12.487047], [98.325531, 12.474066], [98.334239, 12.460028], [98.336111, 12.450914], [98.333018, 12.427395], [98.319021, 12.386379], [98.315603, 12.365302], [98.31129, 12.359768], [98.302013, 12.337958], [98.349946, 12.325914], [98.391287, 12.361518], [98.455821, 12.45775], [98.465343, 12.480658], [98.470225, 12.517524], [98.470714, 12.555976], [98.466319, 12.583726]]}}, {"type": "Feature", "properties": {}, "geometry": {"type": "LineString", "coordinates": [[92.733084, 12.97248], [92.730724, 12.977484], [92.727061, 12.982001], [92.722504, 12.985785], [92.71697, 12.988471], [92.708344, 12.988674], [92.702403, 12.983059], [92.695079, 12.973456], [92.682791, 12.961737], [92.684906, 12.945054], [92.677745, 12.890367], [92.672862, 12.878607], [92.670258, 12.867662], [92.682791, 12.797309], [92.694672, 12.803778], [92.696544, 12.8133], [92.695079, 12.8251], [92.697113, 12.838202], [92.701508, 12.844428], [92.717621, 12.862209], [92.724376, 12.872382], [92.729991, 12.895209], [92.732188, 12.945705], [92.737478, 12.961737], [92.733084, 12.97248]]}}, {"type": "Feature", "properties": {}, "geometry": {"type": "LineString", "coordinates": [[98.295665, 13.084662], [98.28891, 13.0987], [98.268809, 13.19892], [98.261485, 13.214342], [98.247325, 13.215033], [98.242035, 13.203925], [98.239024, 13.158759], [98.240489, 13.139309], [98.245128, 13.11872], [98.267751, 13.057318], [98.281098, 12.994127], [98.288259, 12.974799], [98.287852, 12.957343], [98.30128, 12.933539], [98.302013, 12.913316], [98.314301, 12.925523], [98.313324, 12.94595], [98.302013, 12.988471], [98.300548, 13.019965], [98.302013, 13.029446], [98.306326, 13.040107], [98.311046, 13.044827], [98.31658, 13.048814], [98.323009, 13.057318], [98.334239, 13.067125], [98.336436, 13.073879], [98.329845, 13.084662], [98.318533, 13.091376], [98.310395, 13.088039], [98.303477, 13.082994], [98.295665, 13.084662]]}}, {"type": "Feature", "properties": {}, "geometry": {"type": "LineString", "coordinates": [[93.052745, 13.283881], [93.035655, 13.306952], [93.025564, 13.316148], [93.004568, 13.311835], [92.990489, 13.317816], [92.97934, 13.329779], [92.977061, 13.345364], [92.984386, 13.356431], [92.995128, 13.357367], [93.003673, 13.348619], [93.004242, 13.331041], [93.017345, 13.340481], [93.033458, 13.348578], [93.046886, 13.357408], [93.052745, 13.368883], [93.057872, 13.38288], [93.07838, 13.397121], [93.080089, 13.413031], [93.07545, 13.411119], [93.064138, 13.408637], [93.059581, 13.406806], [93.053722, 13.471422], [93.055024, 13.503079], [93.066417, 13.537095], [93.049978, 13.566392], [93.042491, 13.571234], [93.031586, 13.569078], [93.022797, 13.566107], [93.016287, 13.567369], [93.011729, 13.578111], [93.006521, 13.568793], [93.004568, 13.562201], [93.006114, 13.556627], [93.011729, 13.550767], [93.003184, 13.547065], [92.997325, 13.546698], [92.99171, 13.550035], [92.984386, 13.557603], [92.977224, 13.553778], [92.958507, 13.550238], [92.949718, 13.544623], [92.945486, 13.536933], [92.945486, 13.519721], [92.942882, 13.509223], [92.937999, 13.50137], [92.915538, 13.475735], [92.903331, 13.46776], [92.901866, 13.468248], [92.89503, 13.454576], [92.894542, 13.447252], [92.895681, 13.422838], [92.89503, 13.413031], [92.891368, 13.400946], [92.886892, 13.393459], [92.847423, 13.344916], [92.841156, 13.324897], [92.854177, 13.310614], [92.854177, 13.304389], [92.849864, 13.289008], [92.863943, 13.244696], [92.864024, 13.2355], [92.842784, 13.226996], [92.842052, 13.20775], [92.844737, 13.186998], [92.833669, 13.174018], [92.837657, 13.16706], [92.851085, 13.152045], [92.854177, 13.146064], [92.853038, 13.142727], [92.848399, 13.136705], [92.8296, 13.103461], [92.809255, 13.044745], [92.807953, 13.020087], [92.830251, 13.009508], [92.834727, 13.002021], [92.828136, 12.985175], [92.813243, 12.958075], [92.813243, 12.90648], [92.809337, 12.884508], [92.800304, 12.857815], [92.785655, 12.840033], [92.765391, 12.84512], [92.758149, 12.835679], [92.748871, 12.828111], [92.740896, 12.819648], [92.737478, 12.807196], [92.744884, 12.762519], [92.747732, 12.692694], [92.754731, 12.677191], [92.766287, 12.671536], [92.777354, 12.669338], [92.783214, 12.664984], [92.778982, 12.652655], [92.775238, 12.65176], [92.76002, 12.651109], [92.754731, 12.649563], [92.750173, 12.644273], [92.744802, 12.63349], [92.726817, 12.612982], [92.72169, 12.599433], [92.717784, 12.362494], [92.722341, 12.337795], [92.733653, 12.318061], [92.754731, 12.310045], [92.778494, 12.310126], [92.786957, 12.306301], [92.792654, 12.296373], [92.7942, 12.283189], [92.789399, 12.279486], [92.781016, 12.279242], [92.764496, 12.274319], [92.760427, 12.276842], [92.7588, 12.276557], [92.758556, 12.265937], [92.761241, 12.261176], [92.767751, 12.255439], [92.775564, 12.250637], [92.7824, 12.248603], [92.792654, 12.207668], [92.788829, 12.195543], [92.784028, 12.189358], [92.765391, 12.180325], [92.760997, 12.179877], [92.741059, 12.180325], [92.737804, 12.179145], [92.736339, 12.176581], [92.733735, 12.174018], [92.727794, 12.172838], [92.719493, 12.176256], [92.719086, 12.184516], [92.724376, 12.20425], [92.720958, 12.226549], [92.713064, 12.232571], [92.703868, 12.225165], [92.697113, 12.207668], [92.689708, 12.207668], [92.681814, 12.219631], [92.668224, 12.200995], [92.645274, 12.156073], [92.640147, 12.136135], [92.641856, 12.036322], [92.63738, 12.025295], [92.625011, 12.003119], [92.621349, 11.987942], [92.623057, 11.97427], [92.627289, 11.95893], [92.629405, 11.943752], [92.624522, 11.930162], [92.621349, 11.874945], [92.617686, 11.8664], [92.61085, 11.87051], [92.607677, 11.882799], [92.614513, 11.899115], [92.600271, 11.895494], [92.594737, 11.898749], [92.592133, 11.905748], [92.577159, 11.927395], [92.570567, 11.932603], [92.562999, 11.930162], [92.539724, 11.894436], [92.531993, 11.864976], [92.530528, 11.864651], [92.527354, 11.862006], [92.524913, 11.857489], [92.525157, 11.851304], [92.528087, 11.845893], [92.530935, 11.845893], [92.534353, 11.846869], [92.545665, 11.840806], [92.554942, 11.837836], [92.563243, 11.83393], [92.566661, 11.827135], [92.566661, 11.7862], [92.560313, 11.74136], [92.563243, 11.725572], [92.579845, 11.714179], [92.586762, 11.71601], [92.595958, 11.72016], [92.60377, 11.718899], [92.607107, 11.704535], [92.608165, 11.693264], [92.613455, 11.674221], [92.614513, 11.662991], [92.61964, 11.651313], [92.631114, 11.647447], [92.642833, 11.64525], [92.648692, 11.638495], [92.645681, 11.629828], [92.63738, 11.627143], [92.62794, 11.625149], [92.621349, 11.618598], [92.621593, 11.609361], [92.625662, 11.595404], [92.633556, 11.582587], [92.645274, 11.576972], [92.654633, 11.573798], [92.65561, 11.565985], [92.654796, 11.555894], [92.658946, 11.546291], [92.689708, 11.51557], [92.698985, 11.511786], [92.707042, 11.511054], [92.713145, 11.50731], [92.71697, 11.494452], [92.726736, 11.506171], [92.735118, 11.523871], [92.744884, 11.557115], [92.744884, 11.587592], [92.747569, 11.597846], [92.760509, 11.610338], [92.765391, 11.618598], [92.765636, 11.629584], [92.761485, 11.663642], [92.758556, 11.673245], [92.746104, 11.683743], [92.736013, 11.68244], [92.730235, 11.671454], [92.731212, 11.652737], [92.726736, 11.65469], [92.715343, 11.65762], [92.710704, 11.659573], [92.710704, 11.621731], [92.706391, 11.614488], [92.696788, 11.611233], [92.687022, 11.611558], [92.682791, 11.61518], [92.682628, 11.636949], [92.68393, 11.649888], [92.689952, 11.660061], [92.722911, 11.693793], [92.734548, 11.699286], [92.754731, 11.701117], [92.76002, 11.708686], [92.796886, 11.865139], [92.79949, 11.899115], [92.795909, 11.922187], [92.787934, 11.934516], [92.776378, 11.939276], [92.761974, 11.940131], [92.753754, 11.931586], [92.749034, 11.912258], [92.744884, 11.878648], [92.737478, 11.878648], [92.737478, 11.961168], [92.740571, 11.983629], [92.745616, 11.996649], [92.765391, 12.02204], [92.758556, 12.02204], [92.763682, 12.030951], [92.771251, 12.036078], [92.781016, 12.037787], [92.792654, 12.036322], [92.767263, 12.061225], [92.757498, 12.07746], [92.768809, 12.084703], [92.783946, 12.085883], [92.799327, 12.089545], [92.80893, 12.095771], [92.806407, 12.10456], [92.825938, 12.115668], [92.833669, 12.118232], [92.833669, 12.125678], [92.827403, 12.140123], [92.842947, 12.156195], [92.864024, 12.171536], [92.874522, 12.183743], [92.872569, 12.201483], [92.891612, 12.200832], [92.894216, 12.205024], [92.892589, 12.214545], [92.888682, 12.225002], [92.884532, 12.231838], [92.879893, 12.243598], [92.886404, 12.253363], [92.896251, 12.261705], [92.901866, 12.269029], [92.900157, 12.283189], [92.893403, 12.290351], [92.885753, 12.295559], [92.880707, 12.30386], [92.879242, 12.312974], [92.881114, 12.314602], [92.886404, 12.315741], [92.89503, 12.323676], [92.903168, 12.329088], [92.912771, 12.333645], [92.91505, 12.338365], [92.901866, 12.344794], [92.902517, 12.357123], [92.894054, 12.368109], [92.881847, 12.375922], [92.871104, 12.378892], [92.863617, 12.385484], [92.853526, 12.416815], [92.84669, 12.427395], [92.84669, 12.433539], [92.873302, 12.431383], [92.901866, 12.433539], [92.897146, 12.449937], [92.89503, 12.454657], [92.906016, 12.448961], [92.915863, 12.440863], [92.923839, 12.430976], [92.92921, 12.419908], [92.936046, 12.419908], [92.93865, 12.438137], [92.949718, 12.446967], [92.962413, 12.454413], [92.970225, 12.468329], [92.955903, 12.477444], [92.964854, 12.491034], [92.9817, 12.506049], [92.990571, 12.519232], [92.991547, 12.567084], [92.989024, 12.592108], [92.972911, 12.628119], [92.976817, 12.654934], [92.990571, 12.701117], [92.990489, 12.724311], [92.984386, 12.745103], [92.973155, 12.76435], [92.956554, 12.783026], [92.968028, 12.803168], [92.965831, 12.825629], [92.960704, 12.847154], [92.964041, 12.864936], [92.940684, 12.889309], [92.932628, 12.89289], [92.929861, 12.896674], [92.928233, 12.905341], [92.92449, 12.914374], [92.915538, 12.919582], [92.905528, 12.906073], [92.896332, 12.899726], [92.884532, 12.903469], [92.876801, 12.911526], [92.876313, 12.916653], [92.87908, 12.921942], [92.880707, 12.930406], [92.902599, 12.974026], [92.905284, 12.982245], [92.916515, 12.982652], [92.927419, 12.981024], [92.934744, 12.973049], [92.936046, 12.954291], [92.942882, 12.954291], [92.952647, 12.970771], [92.956228, 12.981676], [92.950694, 12.993638], [92.932628, 13.013007], [92.928396, 13.027493], [92.928884, 13.050198], [92.937022, 13.067084], [92.956554, 13.064154], [92.956554, 13.084662], [92.964041, 13.084662], [92.966563, 13.07217], [92.961436, 13.048163], [92.964041, 13.036851], [92.970876, 13.030748], [92.97934, 13.029527], [92.986827, 13.033677], [92.990571, 13.043687], [92.998057, 13.043687], [93.019542, 13.033637], [93.036794, 13.062161], [93.048106, 13.103705], [93.052745, 13.133043], [93.052582, 13.196967], [93.056895, 13.224799], [93.079438, 13.259833], [93.075694, 13.26911], [93.052745, 13.283881]]}}, {"type": "Feature", "properties": {}, "geometry": {"type": "LineString", "coordinates": [[93.039073, 13.667467], [93.033214, 13.680243], [93.019542, 13.680121], [92.990571, 13.667467], [93.000499, 13.657701], [93.019542, 13.6494], [93.052745, 13.640204], [93.042817, 13.662055], [93.039073, 13.667467]]}}, {"type": "Feature", "properties": {}, "geometry": {"type": "LineString", "coordinates": [[97.931895, 13.85928], [97.918712, 13.853258], [97.914317, 13.828437], [97.91505, 13.800116], [97.917735, 13.783596], [97.925059, 13.783596], [97.928477, 13.821112], [97.932384, 13.840399], [97.938162, 13.851793], [97.931895, 13.85928]]}}, {"type": "Feature", "properties": {}, "geometry": {"type": "LineString", "coordinates": [[93.396007, 14.140448], [93.39031, 14.153754], [93.385997, 14.150865], [93.383311, 14.138373], [93.374848, 14.064683], [93.394786, 14.076361], [93.400157, 14.095649], [93.396007, 14.140448]]}}, {"type": "Feature", "properties": {}, "geometry": {"type": "LineString", "coordinates": [[93.675792, 14.859198], [93.69044, 14.8581], [93.704438, 14.870998], [93.716156, 14.890082], [93.724376, 14.90762], [93.724376, 14.913804], [93.703868, 14.904446], [93.693614, 14.888861], [93.686697, 14.872056], [93.675792, 14.859198]]}}, {"type": "Feature", "properties": {}, "geometry": {"type": "LineString", "coordinates": [[97.664399, 15.565579], [97.662852, 15.573676], [97.660167, 15.58039], [97.656261, 15.58633], [97.65089, 15.592231], [97.657481, 15.523871], [97.664399, 15.504096], [97.669119, 15.517401], [97.672374, 15.533352], [97.671641, 15.549994], [97.664399, 15.565579]]}}, {"type": "Feature", "properties": {}, "geometry": {"type": "LineString", "coordinates": [[94.827973, 15.932034], [94.827973, 15.932156], [94.823253, 15.945787], [94.806814, 15.931098], [94.78004, 15.893948], [94.759288, 15.85224], [94.744802, 15.832709], [94.724864, 15.818793], [94.724864, 15.811957], [94.747895, 15.799465], [94.777843, 15.791571], [94.803722, 15.796576], [94.819102, 15.834703], [94.837413, 15.864407], [94.841563, 15.877427], [94.839366, 15.890082], [94.829845, 15.916449], [94.827973, 15.932034]]}}, {"type": "Feature", "properties": {}, "geometry": {"type": "LineString", "coordinates": [[94.66212, 16.221869], [94.642833, 16.24551], [94.611583, 16.221747], [94.549327, 16.148993], [94.518809, 16.120429], [94.510997, 16.107652], [94.495942, 16.075588], [94.485362, 16.058987], [94.452973, 16.033881], [94.417247, 16.018459], [94.389659, 16.000922], [94.382335, 15.969631], [94.40919, 15.907457], [94.417247, 15.871772], [94.40268, 15.846747], [94.40268, 15.83926], [94.410167, 15.83926], [94.433116, 15.869615], [94.440929, 15.885403], [94.436778, 15.900702], [94.446462, 15.912909], [94.468272, 15.930162], [94.478363, 15.942328], [94.479259, 15.949042], [94.478038, 15.958157], [94.478038, 15.966132], [94.484141, 15.971259], [94.499034, 15.98017], [94.553477, 15.997504], [94.569591, 16.005194], [94.5796, 16.013251], [94.629649, 16.075181], [94.654633, 16.121975], [94.667491, 16.171942], [94.66212, 16.221869]]}}, {"type": "Feature", "properties": {}, "geometry": {"type": "LineString", "coordinates": [[97.589366, 16.415269], [97.610606, 16.446234], [97.609786, 16.464153], [97.606293, 16.483547], [97.585216, 16.486029], [97.56186, 16.492377], [97.520518, 16.510891], [97.50408, 16.508002], [97.486013, 16.500963], [97.469981, 16.490465], [97.459646, 16.477362], [97.466156, 16.467027], [97.462657, 16.461005], [97.455821, 16.456204], [97.452159, 16.449408], [97.454763, 16.436916], [97.46046, 16.425971], [97.472667, 16.408433], [97.480154, 16.389106], [97.484874, 16.363918], [97.482758, 16.342027], [97.469249, 16.332709], [97.459269, 16.301362], [97.499278, 16.269517], [97.510509, 16.254218], [97.516857, 16.209823], [97.547461, 16.199928], [97.571364, 16.222693], [97.566354, 16.25372], [97.57016, 16.290025], [97.568858, 16.29857], [97.571788, 16.312079], [97.577403, 16.32095], [97.583832, 16.329047], [97.589366, 16.340155], [97.591319, 16.361151], [97.588552, 16.399848], [97.589366, 16.415269]]}}, {"type": "Feature", "properties": {}, "geometry": {"type": "LineString", "coordinates": [[93.745372, 18.799994], [93.74586, 18.810981], [93.751638, 18.840888], [93.749522, 18.86518], [93.742442, 18.872301], [93.70753, 18.868232], [93.683604, 18.868964], [93.673025, 18.87051], [93.663341, 18.873196], [93.641775, 18.88935], [93.621755, 18.910346], [93.611095, 18.90526], [93.599864, 18.890448], [93.577159, 18.881903], [93.484141, 18.874986], [93.493175, 18.849311], [93.497813, 18.840888], [93.594005, 18.731024], [93.6185, 18.711493], [93.630382, 18.699205], [93.635509, 18.686672], [93.645274, 18.679348], [93.667735, 18.674872], [93.693126, 18.673774], [93.711274, 18.676459], [93.731944, 18.689683], [93.746837, 18.708808], [93.756033, 18.731513], [93.759044, 18.755561], [93.757091, 18.765204], [93.748057, 18.787909], [93.745372, 18.799994]]}}, {"type": "Feature", "properties": {}, "geometry": {"type": "LineString", "coordinates": [[93.970714, 19.416938], [93.956228, 19.432522], [93.917735, 19.454006], [93.899262, 19.46776], [93.880219, 19.479193], [93.858084, 19.482489], [93.836599, 19.479397], [93.819998, 19.471503], [93.803071, 19.487372], [93.755382, 19.523017], [93.749278, 19.531317], [93.745372, 19.539211], [93.740489, 19.546698], [93.731212, 19.554104], [93.723643, 19.556383], [93.704926, 19.558295], [93.696951, 19.560289], [93.688162, 19.559475], [93.649181, 19.513129], [93.655528, 19.504096], [93.656586, 19.497382], [93.652192, 19.493313], [93.641775, 19.492011], [93.658946, 19.457506], [93.669119, 19.446479], [93.68336, 19.437445], [93.716319, 19.427395], [93.730479, 19.419257], [93.738048, 19.403266], [93.736664, 19.396959], [93.731944, 19.39643], [93.726736, 19.396674], [93.724376, 19.392727], [93.725352, 19.386868], [93.727794, 19.383734], [93.729991, 19.381741], [93.731212, 19.379055], [93.733409, 19.367865], [93.743175, 19.355455], [93.745372, 19.344916], [93.749848, 19.333319], [93.773774, 19.298774], [93.785655, 19.286566], [93.796886, 19.27851], [93.802745, 19.276679], [93.823578, 19.27912], [93.845551, 19.278022], [93.856944, 19.278876], [93.864919, 19.282864], [93.866384, 19.291083], [93.862804, 19.29975], [93.862804, 19.307766], [93.875173, 19.31391], [93.879161, 19.312201], [93.881033, 19.306871], [93.883556, 19.3015], [93.889415, 19.299628], [93.895518, 19.301174], [93.898936, 19.30329], [93.90089, 19.305406], [93.917166, 19.318305], [93.940196, 19.348619], [93.953949, 19.354885], [93.965831, 19.363023], [93.972341, 19.381822], [93.973643, 19.402737], [93.970714, 19.416938]]}}, {"type": "Feature", "properties": {}, "geometry": {"type": "LineString", "coordinates": [[93.505219, 19.807318], [93.50115, 19.825385], [93.505219, 19.872219], [93.49879, 19.88703], [93.484711, 19.897162], [93.470551, 19.905219], [93.464122, 19.913479], [93.461192, 19.919501], [93.45338, 19.928453], [93.442638, 19.938137], [93.422048, 19.951361], [93.402843, 19.95307], [93.406749, 19.920478], [93.440684, 19.81094], [93.456798, 19.788764], [93.511974, 19.745836], [93.518321, 19.761949], [93.516856, 19.777167], [93.505219, 19.807318]]}}, {"type": "Feature", "properties": {}, "geometry": {"type": "LineString", "coordinates": [[92.964041, 20.036689], [92.962576, 20.046088], [92.958507, 20.054877], [92.952891, 20.063056], [92.946462, 20.070502], [92.92921, 20.081041], [92.922699, 20.087633], [92.91684, 20.088935], [92.911957, 20.084703], [92.908702, 20.074856], [92.909434, 20.06509], [92.914317, 20.059638], [92.91977, 20.055732], [92.922374, 20.050605], [92.925792, 20.033759], [92.987478, 19.925198], [93.001231, 19.906643], [93.008556, 19.889879], [93.013194, 19.846503], [93.018565, 19.827826], [93.024913, 19.827826], [93.021983, 19.870185], [93.014659, 19.905585], [92.96754, 20.022203], [92.964041, 20.036689]]}}, {"type": "Feature", "properties": {}, "geometry": {"type": "LineString", "coordinates": [[88.872895, 21.595526], [88.841319, 21.614], [88.830821, 21.577379], [88.838715, 21.531928], [88.862478, 21.523586], [88.879731, 21.529975], [88.895763, 21.528469], [88.90797, 21.530707], [88.91391, 21.548407], [88.911306, 21.566881], [88.902029, 21.580268], [88.88852, 21.589545], [88.872895, 21.595526]]}}, {"type": "Feature", "properties": {}, "geometry": {"type": "LineString", "coordinates": [[91.935557, 21.759996], [91.935883, 21.765123], [91.935557, 21.781155], [91.919119, 21.776842], [91.901215, 21.774319], [91.908376, 21.752183], [91.909516, 21.726793], [91.903331, 21.702867], [91.887706, 21.684963], [91.89088, 21.698961], [91.898204, 21.71483], [91.902843, 21.730292], [91.89796, 21.743313], [91.883311, 21.753892], [91.872325, 21.754828], [91.862966, 21.745592], [91.853526, 21.725816], [91.847911, 21.688788], [91.868907, 21.622219], [91.874034, 21.581855], [91.873709, 21.55801], [91.871104, 21.547675], [91.855479, 21.526679], [91.855235, 21.519477], [91.858246, 21.512641], [91.862559, 21.49494], [91.868419, 21.486762], [91.877126, 21.481024], [91.887706, 21.480129], [91.899669, 21.486029], [91.899181, 21.493842], [91.894542, 21.50141], [91.894542, 21.506781], [91.914073, 21.509467], [91.93922, 21.505357], [91.961111, 21.506171], [91.970225, 21.523586], [91.972423, 21.546088], [91.9817, 21.58808], [91.983897, 21.609198], [91.974864, 21.648749], [91.938731, 21.71483], [91.935557, 21.759996]]}}, {"type": "Feature", "properties": {}, "geometry": {"type": "LineString", "coordinates": [[88.050548, 21.70539], [88.043956, 21.680854], [88.042247, 21.668158], [88.043142, 21.65762], [88.051768, 21.641588], [88.063487, 21.636664], [88.091563, 21.636542], [88.1185, 21.627672], [88.130056, 21.625922], [88.139415, 21.630316], [88.146007, 21.643744], [88.144379, 21.657782], [88.132579, 21.684963], [88.163422, 21.705471], [88.167003, 21.765448], [88.146739, 21.869859], [88.119314, 21.859524], [88.090017, 21.808661], [88.050548, 21.70539]]}}, {"type": "Feature", "properties": {}, "geometry": {"type": "LineString", "coordinates": [[89.115733, 21.781155], [89.092784, 21.793402], [89.081309, 21.822943], [89.071544, 21.890326], [89.067638, 21.904364], [89.064952, 21.910224], [89.061534, 21.914944], [89.057384, 21.91767], [89.045665, 21.91706], [89.044688, 21.907782], [89.051117, 21.890326], [89.053722, 21.874742], [89.063813, 21.841457], [89.06422, 21.822089], [89.057791, 21.80329], [89.051443, 21.797105], [89.051524, 21.793199], [89.102306, 21.736762], [89.132498, 21.721625], [89.144705, 21.739325], [89.139008, 21.766832], [89.115733, 21.781155]]}}, {"type": "Feature", "properties": {}, "geometry": {"type": "LineString", "coordinates": [[88.636241, 21.921373], [88.616466, 21.897935], [88.598643, 21.869859], [88.586274, 21.843004], [88.584321, 21.835761], [88.584972, 21.826606], [88.590505, 21.812893], [88.591807, 21.804389], [88.59962, 21.803656], [88.636241, 21.79267], [88.646332, 21.787909], [88.649181, 21.842353], [88.655284, 21.866604], [88.667003, 21.890326], [88.670584, 21.907416], [88.663259, 21.921291], [88.650157, 21.927436], [88.636241, 21.921373]]}}, {"type": "Feature", "properties": {}, "geometry": {"type": "LineString", "coordinates": [[91.887706, 21.866156], [91.886078, 21.880276], [91.874034, 21.91767], [91.872732, 21.925605], [91.871104, 21.92886], [91.867198, 21.931952], [91.843435, 21.906968], [91.836192, 21.89411], [91.83253, 21.876695], [91.839854, 21.825507], [91.823985, 21.742621], [91.83253, 21.725816], [91.841075, 21.735419], [91.862804, 21.789984], [91.870372, 21.824612], [91.884451, 21.850287], [91.887706, 21.866156]]}}, {"type": "Feature", "properties": {}, "geometry": {"type": "LineString", "coordinates": [[88.080903, 21.849351], [88.104991, 21.861151], [88.125011, 21.888658], [88.132579, 21.920478], [88.118907, 21.945014], [88.105724, 21.947577], [88.094249, 21.937893], [88.084727, 21.921576], [88.077322, 21.904608], [88.073904, 21.892157], [88.071056, 21.873603], [88.072276, 21.856757], [88.080903, 21.849351]]}}, {"type": "Feature", "properties": {}, "geometry": {"type": "LineString", "coordinates": [[90.593516, 21.986558], [90.526378, 21.94359], [90.521983, 21.938788], [90.517833, 21.931952], [90.515391, 21.921291], [90.516856, 21.912177], [90.516938, 21.904486], [90.510427, 21.897854], [90.517914, 21.893256], [90.52296, 21.888088], [90.531505, 21.876695], [90.523448, 21.875678], [90.510753, 21.871405], [90.503591, 21.869859], [90.503591, 21.862454], [90.521251, 21.861477], [90.540782, 21.875922], [90.55714, 21.897528], [90.565603, 21.91767], [90.57252, 21.91767], [90.580821, 21.912502], [90.590831, 21.935126], [90.606619, 21.938788], [90.600841, 21.954576], [90.597341, 21.96133], [90.593516, 21.966132], [90.593516, 21.986558]]}}, {"type": "Feature", "properties": {}, "geometry": {"type": "LineString", "coordinates": [[90.332205, 21.938788], [90.32252, 21.916693], [90.318614, 21.892808], [90.318614, 21.846259], [90.322927, 21.843899], [90.332205, 21.849514], [90.341563, 21.860297], [90.365489, 21.938707], [90.390636, 21.978258], [90.394298, 22.00023], [90.37143, 21.994778], [90.354015, 21.976752], [90.332205, 21.938788]]}}, {"type": "Feature", "properties": {}, "geometry": {"type": "LineString", "coordinates": [[90.387462, 22.048041], [90.373871, 22.045559], [90.358653, 22.022691], [90.345876, 21.993598], [90.33961, 21.972317], [90.345958, 21.972317], [90.352794, 21.992987], [90.381114, 22.023098], [90.387462, 22.048041]]}}, {"type": "Feature", "properties": {}, "geometry": {"type": "LineString", "coordinates": [[90.435232, 22.041205], [90.428477, 22.048041], [90.415538, 22.038316], [90.411876, 22.028713], [90.414236, 21.997138], [90.411876, 21.97602], [90.406423, 21.963365], [90.39975, 21.952948], [90.394298, 21.938788], [90.394542, 21.921454], [90.402354, 21.906887], [90.415538, 21.900539], [90.431895, 21.907782], [90.454845, 21.933051], [90.476329, 21.945014], [90.486176, 21.976793], [90.473318, 22.003648], [90.435232, 22.041205]]}}, {"type": "Feature", "properties": {}, "geometry": {"type": "LineString", "coordinates": [[90.544444, 22.061672], [90.508962, 22.033149], [90.503591, 22.024115], [90.504649, 22.010484], [90.509044, 21.999416], [90.519542, 21.994696], [90.538341, 22.00023], [90.559744, 22.023749], [90.568696, 22.058092], [90.574555, 22.096137], [90.586192, 22.130561], [90.591807, 22.119086], [90.593435, 22.112535], [90.593516, 22.102607], [90.613455, 22.164049], [90.604503, 22.165595], [90.592784, 22.15941], [90.581065, 22.148871], [90.57252, 22.137397], [90.560069, 22.137681], [90.533458, 22.110053], [90.520844, 22.102607], [90.503103, 22.09634], [90.49171, 22.080146], [90.485606, 22.058336], [90.483653, 22.03498], [90.489919, 22.03498], [90.495372, 22.044989], [90.538341, 22.068508], [90.544444, 22.061672]]}}, {"type": "Feature", "properties": {}, "geometry": {"type": "LineString", "coordinates": [[90.941742, 22.205024], [90.935557, 22.21247], [90.927501, 22.190253], [90.920258, 22.160061], [90.9192, 22.132148], [90.929373, 22.116889], [90.948985, 22.121649], [90.956716, 22.144843], [90.956716, 22.198879], [90.954112, 22.208075], [90.951182, 22.21247], [90.947113, 22.211615], [90.941742, 22.205024]]}}, {"type": "Feature", "properties": {}, "geometry": {"type": "LineString", "coordinates": [[90.97641, 22.185777], [90.987804, 22.19538], [90.994802, 22.213813], [90.997813, 22.235093], [90.996918, 22.253485], [90.982921, 22.259182], [90.977061, 22.239203], [90.97641, 22.185777]]}}, {"type": "Feature", "properties": {}, "geometry": {"type": "LineString", "coordinates": [[90.952891, 22.226752], [90.990082, 22.281399], [90.994395, 22.302069], [90.9935, 22.322333], [90.989513, 22.340766], [90.983897, 22.355902], [90.97641, 22.363349], [90.966156, 22.347398], [90.960216, 22.322984], [90.956716, 22.277655], [90.950531, 22.263617], [90.940196, 22.246812], [90.937185, 22.232733], [90.952891, 22.226752]]}}, {"type": "Feature", "properties": {}, "geometry": {"type": "LineString", "coordinates": [[91.148847, 22.357057], [91.126899, 22.374865], [91.092257, 22.391338], [91.074801, 22.38859], [91.06912, 22.31103], [91.068274, 22.240733], [91.059093, 22.192043], [91.052257, 22.175442], [91.033955, 22.14878], [91.005111, 22.116822], [91.011257, 22.102091], [91.022472, 22.094875], [91.038585, 22.091132], [91.063294, 22.089848], [91.082408, 22.101383], [91.093689, 22.118859], [91.106374, 22.121658], [91.120712, 22.130301], [91.141468, 22.146201], [91.154307, 22.169664], [91.160899, 22.182074], [91.170576, 22.197171], [91.186785, 22.227757], [91.181895, 22.260321], [91.181407, 22.283596], [91.171397, 22.319648], [91.15645, 22.332079], [91.148847, 22.357057]]}}, {"type": "Feature", "properties": {}, "geometry": {"type": "LineString", "coordinates": [[90.61964, 22.42475], [90.62615, 22.406968], [90.6338, 22.367621], [90.640147, 22.349677], [90.633311, 22.349677], [90.634288, 22.339545], [90.634044, 22.328355], [90.63502, 22.317613], [90.640147, 22.308743], [90.646739, 22.326077], [90.640391, 22.366034], [90.647472, 22.383775], [90.650157, 22.376166], [90.661143, 22.355902], [90.658702, 22.379543], [90.647716, 22.407213], [90.633149, 22.431627], [90.61964, 22.445258], [90.614431, 22.449042], [90.607595, 22.450344], [90.601573, 22.44831], [90.599132, 22.442125], [90.60141, 22.429185], [90.606944, 22.427436], [90.613617, 22.428616], [90.61964, 22.42475]]}}, {"type": "Feature", "properties": {}, "geometry": {"type": "LineString", "coordinates": [[90.647472, 22.42475], [90.653656, 22.431057], [90.657074, 22.433661], [90.667328, 22.439032], [90.667003, 22.458441], [90.665294, 22.469143], [90.661143, 22.480048], [90.656016, 22.480699], [90.653494, 22.483466], [90.647472, 22.42475]]}}, {"type": "Feature", "properties": {}, "geometry": {"type": "LineString", "coordinates": [[91.158619, 22.503423], [91.123562, 22.489146], [91.11371, 22.461415], [91.134163, 22.44948], [91.159533, 22.450674], [91.180244, 22.459239], [91.201017, 22.472196], [91.21083, 22.495521], [91.199988, 22.514694], [91.158619, 22.503423]]}}, {"type": "Feature", "properties": {}, "geometry": {"type": "LineString", "coordinates": [[91.467557, 22.58631], [91.446765, 22.576304], [91.423786, 22.525302], [91.429658, 22.493003], [91.446517, 22.453242], [91.476052, 22.413317], [91.507519, 22.396797], [91.555179, 22.402031], [91.563633, 22.435621], [91.556361, 22.47821], [91.467557, 22.58631]]}}, {"type": "Feature", "properties": {}, "geometry": {"type": "LineString", "coordinates": [[90.790553, 22.495333], [90.76694, 22.517531], [90.754507, 22.548434], [90.746979, 22.596907], [90.731272, 22.620527], [90.715507, 22.638284], [90.701369, 22.661898], [90.684095, 22.694373], [90.671546, 22.72241], [90.660619, 22.757805], [90.650564, 22.787421], [90.631033, 22.785631], [90.613455, 22.781684], [90.596202, 22.775377], [90.58546, 22.768052], [90.578624, 22.757025], [90.556326, 22.674709], [90.553966, 22.639797], [90.558767, 22.602932], [90.574962, 22.598863], [90.631358, 22.561591], [90.647472, 22.548285], [90.658946, 22.5244], [90.670584, 22.463853], [90.681814, 22.445258], [90.681814, 22.439032], [90.677745, 22.426703], [90.679942, 22.407172], [90.687999, 22.377631], [90.681895, 22.360419], [90.681814, 22.301907], [90.678477, 22.282782], [90.673513, 22.266425], [90.631847, 22.182115], [90.622244, 22.145087], [90.633311, 22.123114], [90.618988, 22.101304], [90.607758, 22.072333], [90.603526, 22.044013], [90.610037, 22.024115], [90.625987, 22.027167], [90.681814, 22.102607], [90.669932, 22.074937], [90.651215, 22.044623], [90.639415, 22.016099], [90.647472, 21.994045], [90.657725, 21.992865], [90.670421, 21.997707], [90.682872, 22.003974], [90.691661, 22.007025], [90.717784, 22.048407], [90.727061, 22.053697], [90.750011, 22.075995], [90.75587, 22.065985], [90.757335, 22.061672], [90.77475, 22.075914], [90.827891, 22.152411], [90.836192, 22.178168], [90.835022, 22.339616], [90.855024, 22.434665], [90.834637, 22.458296], [90.790553, 22.495333]]}}, {"type": "Feature", "properties": {}, "geometry": {"type": "LineString", "coordinates": [[90.645254, 22.849289], [90.62676, 22.857216], [90.606619, 22.877265], [90.592296, 22.881903], [90.552745, 22.881741], [90.544444, 22.880683], [90.537608, 22.866767], [90.521169, 22.864651], [90.486827, 22.870429], [90.473399, 22.865139], [90.466075, 22.851752], [90.463145, 22.834052], [90.462657, 22.815823], [90.465668, 22.788072], [90.464203, 22.778876], [90.45574, 22.767401], [90.482921, 22.759752], [90.492849, 22.753241], [90.496755, 22.74315], [90.49822, 22.733832], [90.510961, 22.722724], [90.520993, 22.711765], [90.534612, 22.728775], [90.529677, 22.744363], [90.531559, 22.769237], [90.54656, 22.783677], [90.561778, 22.788804], [90.590956, 22.813919], [90.628052, 22.812082], [90.662364, 22.805487], [90.678233, 22.808336], [90.66363, 22.828918], [90.645254, 22.849289]]}}, {"type": "Feature", "properties": {}, "geometry": {"type": "LineString", "coordinates": [[90.667328, 22.95303], [90.667328, 22.959174], [90.645356, 22.97484], [90.60727, 23.018134], [90.586192, 23.034898], [90.56129, 23.03262], [90.528005, 23.007636], [90.508067, 22.975775], [90.524099, 22.95303], [90.534516, 22.951239], [90.561697, 22.951565], [90.57252, 22.95303], [90.581228, 22.956529], [90.584727, 22.960395], [90.588715, 22.962063], [90.599132, 22.959174], [90.607677, 22.952582], [90.61964, 22.932522], [90.627126, 22.925035], [90.636241, 22.921332], [90.667328, 22.918199], [90.662364, 22.927802], [90.654633, 22.937323], [90.644705, 22.94599], [90.633311, 22.95303], [90.641612, 22.952297], [90.667328, 22.95303]]}}, {"type": "Feature", "properties": {}, "geometry": {"type": "LineString", "coordinates": [[90.510427, 23.069037], [90.502452, 23.064887], [90.494395, 23.062934], [90.45574, 23.062812], [90.460948, 23.048489], [90.469493, 23.007636], [90.477794, 23.012397], [90.500173, 23.038031], [90.515636, 23.051947], [90.5171, 23.059312], [90.510427, 23.069037]]}}, {"type": "Feature", "properties": {}, "geometry": {"type": "LineString", "coordinates": [[90.524099, 23.322252], [90.529552, 23.333564], [90.549571, 23.326239], [90.586192, 23.301744], [90.577647, 23.323635], [90.539399, 23.350002], [90.491873, 23.373033], [90.45574, 23.384955], [90.429698, 23.385159], [90.426606, 23.375963], [90.437266, 23.361802], [90.468761, 23.33161], [90.487071, 23.319037], [90.506114, 23.314195], [90.524099, 23.322252]]}}, {"type": "Feature", "properties": {}, "geometry": {"type": "LineString", "coordinates": [[73.163097, -0.681817], [73.172537, -0.688572], [73.165863, -0.688409], [73.163585, -0.686619], [73.163097, -0.681817]]}}, {"type": "Feature", "properties": {}, "geometry": {"type": "LineString", "coordinates": [[73.204112, -0.671157], [73.201182, -0.675063], [73.199229, -0.678643], [73.196462, -0.681329], [73.191417, -0.682794], [73.192231, -0.677179], [73.19516, -0.674493], [73.204112, -0.671157]]}}, {"type": "Feature", "properties": {}, "geometry": {"type": "LineString", "coordinates": [[73.124278, -0.656183], [73.126964, -0.666274], [73.123871, -0.664727], [73.123302, -0.66253], [73.123871, -0.659763], [73.124278, -0.656183]]}}, {"type": "Feature", "properties": {}, "geometry": {"type": "LineString", "coordinates": [[73.240001, -0.625584], [73.227306, -0.642836], [73.226817, -0.632582], [73.229991, -0.623305], [73.234874, -0.619399], [73.240001, -0.625584]]}}, {"type": "Feature", "properties": {}, "geometry": {"type": "LineString", "coordinates": [[73.246755, -0.588637], [73.24464, -0.607192], [73.238292, -0.600356], [73.236339, -0.59238], [73.239024, -0.584405], [73.247325, -0.577895], [73.248383, -0.580824], [73.247813, -0.583185], [73.246837, -0.585545], [73.246755, -0.588637]]}}, {"type": "Feature", "properties": {}, "geometry": {"type": "LineString", "coordinates": [[73.435069, -0.283624], [73.443044, -0.292739], [73.445079, -0.29754], [73.444509, -0.304295], [73.437999, -0.298598], [73.435232, -0.293634], [73.434581, -0.288751], [73.435069, -0.283624]]}}, {"type": "Feature", "properties": {}, "geometry": {"type": "LineString", "coordinates": [[73.09547, 0.228013], [73.098888, 0.224921], [73.10255, 0.222805], [73.10434, 0.219672], [73.10434, 0.219631], [73.102957, 0.213528], [73.102875, 0.213446], [73.098888, 0.216376], [73.09783, 0.218777], [73.097423, 0.219713], [73.097341, 0.220242], [73.09669, 0.2237], [73.09547, 0.228013]]}}, {"type": "Feature", "properties": {}, "geometry": {"type": "LineString", "coordinates": [[73.208995, 0.239976], [73.217459, 0.237738], [73.217377, 0.237698], [73.212657, 0.232082], [73.210948, 0.232164], [73.210297, 0.235663], [73.208995, 0.239976]]}}, {"type": "Feature", "properties": {}, "geometry": {"type": "LineString", "coordinates": [[73.036794, 0.269924], [73.036794, 0.26968], [73.040375, 0.259467], [73.040375, 0.259345], [73.036143, 0.260932], [73.035818, 0.262071], [73.035411, 0.26317], [73.035411, 0.26317], [73.035818, 0.264675], [73.036306, 0.266181], [73.036306, 0.266506], [73.036794, 0.269924]]}}, {"type": "Feature", "properties": {}, "geometry": {"type": "LineString", "coordinates": [[73.379161, 0.285224], [73.37908, 0.285183], [73.36964, 0.280015], [73.371104, 0.285956], [73.373709, 0.286933], [73.376394, 0.286078], [73.379161, 0.285224]]}}, {"type": "Feature", "properties": {}, "geometry": {"type": "LineString", "coordinates": [[72.983653, 0.305243], [72.984874, 0.303412], [72.987071, 0.302802], [72.987722, 0.302232], [72.988129, 0.301907], [72.986013, 0.299628], [72.986013, 0.299547], [72.981212, 0.302069], [72.980968, 0.303616], [72.983653, 0.305243]]}}, {"type": "Feature", "properties": {}, "geometry": {"type": "LineString", "coordinates": [[73.513438, 0.387763], [73.513357, 0.387681], [73.508637, 0.380683], [73.508556, 0.380561], [73.50644, 0.385037], [73.50587, 0.386135], [73.50587, 0.386176], [73.506602, 0.387763], [73.509776, 0.387437], [73.513438, 0.387763]]}}, {"type": "Feature", "properties": {}, "geometry": {"type": "LineString", "coordinates": [[72.958344, 0.403306], [72.958425, 0.403144], [72.961111, 0.394273], [72.961192, 0.394029], [72.957774, 0.396796], [72.957205, 0.399156], [72.958018, 0.401353], [72.958344, 0.403306]]}}, {"type": "Feature", "properties": {}, "geometry": {"type": "LineString", "coordinates": [[72.940929, 0.496324], [72.940929, 0.496283], [72.940603, 0.487291], [72.937022, 0.491441], [72.937022, 0.491441], [72.937022, 0.493638], [72.940929, 0.496324]]}}, {"type": "Feature", "properties": {}, "geometry": {"type": "LineString", "coordinates": [[73.491954, 0.508002], [73.492035, 0.507799], [73.49464, 0.498969], [73.490408, 0.500678], [73.489757, 0.50259], [73.490977, 0.50495], [73.491954, 0.508002]]}}, {"type": "Feature", "properties": {}, "geometry": {"type": "LineString", "coordinates": [[73.387869, 0.64175], [73.387218, 0.639106], [73.387218, 0.636786], [73.386729, 0.635403], [73.386729, 0.635403], [73.386567, 0.635403], [73.384776, 0.635565], [73.383556, 0.638902], [73.384288, 0.640326], [73.386404, 0.640815], [73.387869, 0.64175]]}}, {"type": "Feature", "properties": {}, "geometry": {"type": "LineString", "coordinates": [[73.373057, 0.763088], [73.372406, 0.760443], [73.372406, 0.758124], [73.371837, 0.756578], [73.370942, 0.756822], [73.369965, 0.757025], [73.368826, 0.760443], [73.369802, 0.761664], [73.369884, 0.761705], [73.370779, 0.761949], [73.371593, 0.762152], [73.373057, 0.763088]]}}, {"type": "Feature", "properties": {}, "geometry": {"type": "LineString", "coordinates": [[73.353852, 0.847724], [73.353852, 0.847561], [73.353282, 0.845608], [73.353201, 0.845282], [73.353201, 0.843207], [73.353038, 0.842393], [73.352875, 0.841539], [73.352061, 0.841132], [73.351166, 0.840684], [73.351085, 0.840644], [73.349783, 0.844062], [73.350434, 0.845689], [73.352306, 0.846625], [73.353852, 0.847724]]}}, {"type": "Feature", "properties": {}, "geometry": {"type": "LineString", "coordinates": [[97.928477, 0.99608], [97.922211, 1.00434], [97.90447, 1.044013], [97.890391, 1.058173], [97.872813, 1.062486], [97.852794, 1.065009], [97.836274, 1.069973], [97.829438, 1.082099], [97.826427, 1.096259], [97.819021, 1.109931], [97.802257, 1.133287], [97.792247, 1.143988], [97.776541, 1.155097], [97.757335, 1.163886], [97.712657, 1.172675], [97.693614, 1.186021], [97.616547, 1.280911], [97.604747, 1.322333], [97.592133, 1.339911], [97.539887, 1.39057], [97.533539, 1.399848], [97.528087, 1.422919], [97.524181, 1.428127], [97.516856, 1.431789], [97.493175, 1.456041], [97.491466, 1.459784], [97.487804, 1.47309], [97.486339, 1.476549], [97.4817, 1.477444], [97.470388, 1.475653], [97.459972, 1.477973], [97.447276, 1.476874], [97.441661, 1.479682], [97.438975, 1.484605], [97.437999, 1.495266], [97.424327, 1.514879], [97.416759, 1.519232], [97.407481, 1.514065], [97.391612, 1.508938], [97.374522, 1.518541], [97.349783, 1.545396], [97.33546, 1.537665], [97.331798, 1.527818], [97.334809, 1.500149], [97.33074, 1.486558], [97.321056, 1.474066], [97.277354, 1.436225], [97.257823, 1.423651], [97.23585, 1.416693], [97.205821, 1.413804], [97.181407, 1.416449], [97.169688, 1.415961], [97.164806, 1.410712], [97.160655, 1.41828], [97.150727, 1.42593], [97.139496, 1.432196], [97.130626, 1.435533], [97.106944, 1.436021], [97.080414, 1.429145], [97.06365, 1.415229], [97.068614, 1.394599], [97.082286, 1.405341], [97.082286, 1.40762], [97.10727, 1.397773], [97.128429, 1.382636], [97.168224, 1.342841], [97.175955, 1.331855], [97.185802, 1.307766], [97.19158, 1.297756], [97.202159, 1.288316], [97.212657, 1.284329], [97.222911, 1.281887], [97.233084, 1.277289], [97.240571, 1.272406], [97.247244, 1.267035], [97.25172, 1.259223], [97.253591, 1.246894], [97.256847, 1.235012], [97.271332, 1.222235], [97.278575, 1.199693], [97.287852, 1.190823], [97.298839, 1.183254], [97.308279, 1.174872], [97.312266, 1.166938], [97.321788, 1.140774], [97.371593, 1.05976], [97.387706, 1.018785], [97.389985, 0.976264], [97.388845, 0.952094], [97.395356, 0.944892], [97.435069, 0.94892], [97.457367, 0.947984], [97.47934, 0.943427], [97.491873, 0.93301], [97.486339, 0.914211], [97.574392, 0.860907], [97.61378, 0.823554], [97.630382, 0.780748], [97.633067, 0.769477], [97.647716, 0.736314], [97.654552, 0.72606], [97.65919, 0.715399], [97.657481, 0.687242], [97.658214, 0.674628], [97.668956, 0.658759], [97.683849, 0.643052], [97.690929, 0.624213], [97.678722, 0.598863], [97.683849, 0.596137], [97.69044, 0.59162], [97.696137, 0.586371], [97.704112, 0.57274], [97.715343, 0.574449], [97.725271, 0.580756], [97.72641, 0.585191], [97.752289, 0.568345], [97.764171, 0.567572], [97.774262, 0.585191], [97.800304, 0.565497], [97.809255, 0.560289], [97.819347, 0.558539], [97.827159, 0.56269], [97.874278, 0.622016], [97.882986, 0.642971], [97.884532, 0.718207], [97.892589, 0.777045], [97.901866, 0.800727], [97.904063, 0.814887], [97.898285, 0.875312], [97.901378, 0.905951], [97.917735, 0.934638], [97.917735, 0.927883], [97.934418, 0.963609], [97.93922, 0.98607], [97.928477, 0.99608]]}}, {"type": "Feature", "properties": {}, "geometry": {"type": "LineString", "coordinates": [[72.831391, 3.510565], [72.831554, 3.510403], [72.832693, 3.508246], [72.834727, 3.506781], [72.835134, 3.505439], [72.835053, 3.505439], [72.831065, 3.503567], [72.828054, 3.505439], [72.827973, 3.505439], [72.828624, 3.506781], [72.830414, 3.508246], [72.831391, 3.510565]]}}, {"type": "Feature", "properties": {}, "geometry": {"type": "LineString", "coordinates": [[72.793712, 3.516913], [72.793793, 3.51675], [72.79477, 3.515326], [72.795177, 3.514635], [72.797618, 3.513129], [72.798839, 3.511949], [72.796397, 3.510891], [72.791189, 3.510891], [72.790782, 3.51203], [72.790782, 3.512112], [72.792735, 3.514228], [72.793712, 3.516913]]}}, {"type": "Feature", "properties": {}, "geometry": {"type": "LineString", "coordinates": [[72.928396, 3.551907], [72.911794, 3.541734], [72.911632, 3.541653], [72.915701, 3.548977], [72.919932, 3.552151], [72.924327, 3.552476], [72.928396, 3.551907]]}}, {"type": "Feature", "properties": {}, "geometry": {"type": "LineString", "coordinates": [[72.941905, 3.618842], [72.943126, 3.616645], [72.944428, 3.615709], [72.94516, 3.615139], [72.945567, 3.613715], [72.94158, 3.611884], [72.938487, 3.613715], [72.938975, 3.615139], [72.940684, 3.616645], [72.941905, 3.618842]]}}, {"type": "Feature", "properties": {}, "geometry": {"type": "LineString", "coordinates": [[72.692556, 3.726955], [72.692556, 3.726752], [72.694021, 3.723334], [72.696462, 3.721015], [72.697439, 3.718817], [72.697358, 3.718817], [72.694591, 3.714993], [72.692475, 3.716295], [72.689708, 3.717963], [72.689708, 3.720852], [72.69158, 3.723578], [72.692556, 3.726955]]}}, {"type": "Feature", "properties": {}, "geometry": {"type": "LineString", "coordinates": [[73.477306, 3.942125], [73.477143, 3.942003], [73.469981, 3.935126], [73.46754, 3.933661], [73.469249, 3.936957], [73.471528, 3.938707], [73.477306, 3.942125]]}}, {"type": "Feature", "properties": {}, "geometry": {"type": "LineString", "coordinates": [[72.703136, 4.003323], [72.703624, 4.000922], [72.704763, 3.999905], [72.705577, 3.999213], [72.706228, 3.99844], [72.706716, 3.997952], [72.706635, 3.997911], [72.7046, 3.996405], [72.699474, 3.998114], [72.699392, 3.998196], [72.699148, 3.999335], [72.699067, 3.999457], [72.699067, 3.999498], [72.701182, 4.000922], [72.703136, 4.003323]]}}, {"type": "Feature", "properties": {}, "geometry": {"type": "LineString", "coordinates": [[73.508149, 4.103583], [73.508311, 4.093411], [73.508311, 4.093329], [73.504568, 4.096584], [73.502452, 4.098538], [73.502289, 4.100775], [73.505219, 4.101996], [73.508149, 4.103583]]}}, {"type": "Feature", "properties": {}, "geometry": {"type": "LineString", "coordinates": [[72.97047, 4.265937], [72.970632, 4.265815], [72.972504, 4.264146], [72.974376, 4.263251], [72.975597, 4.262356], [72.975759, 4.260403], [72.972504, 4.260403], [72.971528, 4.261623], [72.971446, 4.263577], [72.97047, 4.265937]]}}, {"type": "Feature", "properties": {}, "geometry": {"type": "LineString", "coordinates": [[73.70281, 4.434719], [73.700857, 4.432278], [73.697602, 4.431464], [73.697439, 4.431383], [73.70281, 4.434719]]}}, {"type": "Feature", "properties": {}, "geometry": {"type": "LineString", "coordinates": [[73.70281, 4.45303], [73.699962, 4.451646], [73.69988, 4.449164], [73.702647, 4.452908], [73.70281, 4.45303]]}}, {"type": "Feature", "properties": {}, "geometry": {"type": "LineString", "coordinates": [[73.37672, 4.474433], [73.377289, 4.465277], [73.373871, 4.466986], [73.373871, 4.468817], [73.373871, 4.468899], [73.375255, 4.471177], [73.37672, 4.474433]]}}, {"type": "Feature", "properties": {}, "geometry": {"type": "LineString", "coordinates": [[73.404959, 4.634996], [73.404959, 4.634752], [73.404959, 4.632229], [73.405528, 4.62995], [73.405284, 4.628404], [73.403005, 4.627427], [73.401215, 4.629828], [73.401866, 4.631334], [73.403575, 4.632758], [73.404959, 4.634996]]}}, {"type": "Feature", "properties": {}, "geometry": {"type": "LineString", "coordinates": [[73.490489, 4.723375], [73.490489, 4.723334], [73.490408, 4.720608], [73.490408, 4.720567], [73.490977, 4.718329], [73.490977, 4.718288], [73.490733, 4.716742], [73.488455, 4.715969], [73.487966, 4.716539], [73.486664, 4.718207], [73.487315, 4.719794], [73.489024, 4.721177], [73.490489, 4.723375]]}}, {"type": "Feature", "properties": {}, "geometry": {"type": "LineString", "coordinates": [[72.97934, 4.895453], [72.97934, 4.895372], [72.969656, 4.880723], [72.969493, 4.88052], [72.970063, 4.890367], [72.972667, 4.894355], [72.976085, 4.895168], [72.97934, 4.895453]]}}, {"type": "Feature", "properties": {}, "geometry": {"type": "LineString", "coordinates": [[72.917491, 4.898586], [72.917654, 4.898505], [72.920909, 4.897854], [72.922699, 4.898993], [72.922862, 4.899075], [72.917491, 4.898586]]}}, {"type": "Feature", "properties": {}, "geometry": {"type": "LineString", "coordinates": [[73.447276, 4.97134], [73.436534, 4.969875], [73.436534, 4.969875], [73.438975, 4.974555], [73.441173, 4.974921], [73.441173, 4.974921], [73.443858, 4.973049], [73.447276, 4.97134]]}}, {"type": "Feature", "properties": {}, "geometry": {"type": "LineString", "coordinates": [[72.912852, 5.034084], [72.910167, 5.032701], [72.90919, 5.030585], [72.909434, 5.030788], [72.912852, 5.034084]]}}, {"type": "Feature", "properties": {}, "geometry": {"type": "LineString", "coordinates": [[72.927745, 5.036526], [72.927664, 5.036282], [72.927175, 5.034247], [72.927094, 5.033922], [72.92571, 5.033474], [72.924408, 5.033067], [72.924327, 5.033026], [72.927745, 5.036526]]}}, {"type": "Feature", "properties": {}, "geometry": {"type": "LineString", "coordinates": [[73.04477, 5.121812], [73.04477, 5.121649], [73.043468, 5.118842], [73.04127, 5.118394], [73.04477, 5.121812]]}}, {"type": "Feature", "properties": {}, "geometry": {"type": "LineString", "coordinates": [[73.049083, 5.133287], [73.049164, 5.133165], [73.049978, 5.130357], [73.051443, 5.128079], [73.051443, 5.126654], [73.047618, 5.12637], [73.045258, 5.128892], [73.046072, 5.130276], [73.047862, 5.131293], [73.049083, 5.133287]]}}, {"type": "Feature", "properties": {}, "geometry": {"type": "LineString", "coordinates": [[73.091319, 5.161363], [73.090994, 5.158515], [73.087901, 5.157986], [73.087738, 5.157945], [73.091319, 5.161363]]}}, {"type": "Feature", "properties": {}, "geometry": {"type": "LineString", "coordinates": [[73.103852, 5.173041], [73.107107, 5.170966], [73.107107, 5.170966], [73.110199, 5.170356], [73.110525, 5.170315], [73.106944, 5.17178], [73.104177, 5.172919], [73.103852, 5.173041]]}}, {"type": "Feature", "properties": {}, "geometry": {"type": "LineString", "coordinates": [[72.860118, 5.237942], [72.860037, 5.23782], [72.859223, 5.2355], [72.856863, 5.234565], [72.856619, 5.234442], [72.860118, 5.237942]]}}, {"type": "Feature", "properties": {}, "geometry": {"type": "LineString", "coordinates": [[73.131847, 5.244574], [73.131847, 5.242499], [73.131847, 5.242499], [73.128429, 5.241156], [73.131847, 5.244574]]}}, {"type": "Feature", "properties": {}, "geometry": {"type": "LineString", "coordinates": [[73.499766, 5.246894], [73.499685, 5.246812], [73.497325, 5.245063], [73.497244, 5.245022], [73.493826, 5.245998], [73.499766, 5.246894]]}}, {"type": "Feature", "properties": {}, "geometry": {"type": "LineString", "coordinates": [[73.593598, 5.282701], [73.582856, 5.27558], [73.577647, 5.274563], [73.57016, 5.276679], [73.569998, 5.27676], [73.575938, 5.279934], [73.582042, 5.281806], [73.587901, 5.28262], [73.593598, 5.282701]]}}, {"type": "Feature", "properties": {}, "geometry": {"type": "LineString", "coordinates": [[73.112804, 5.29857], [73.109223, 5.296698], [73.109223, 5.295152], [73.112641, 5.298448], [73.112804, 5.29857]]}}, {"type": "Feature", "properties": {}, "geometry": {"type": "LineString", "coordinates": [[73.470225, 5.307766], [73.468435, 5.308092], [73.467133, 5.308336], [73.467052, 5.308336], [73.464203, 5.30683], [73.464366, 5.306871], [73.470144, 5.307725], [73.470225, 5.307766]]}}, {"type": "Feature", "properties": {}, "geometry": {"type": "LineString", "coordinates": [[73.629568, 5.332831], [73.629405, 5.33275], [73.627208, 5.331122], [73.623302, 5.331855], [73.629568, 5.332831]]}}, {"type": "Feature", "properties": {}, "geometry": {"type": "LineString", "coordinates": [[73.646658, 5.343248], [73.643403, 5.34394], [73.639903, 5.34219], [73.640066, 5.34219], [73.646495, 5.343248], [73.646658, 5.343248]]}}, {"type": "Feature", "properties": {}, "geometry": {"type": "LineString", "coordinates": [[72.953136, 5.352769], [72.952403, 5.350084], [72.949555, 5.349311], [72.953136, 5.352769]]}}, {"type": "Feature", "properties": {}, "geometry": {"type": "LineString", "coordinates": [[73.397472, 5.362209], [73.397553, 5.362006], [73.398692, 5.359605], [73.400645, 5.357652], [73.401215, 5.356147], [73.399425, 5.355455], [73.396169, 5.357123], [73.396007, 5.358466], [73.397146, 5.360175], [73.397472, 5.362209]]}}, {"type": "Feature", "properties": {}, "geometry": {"type": "LineString", "coordinates": [[73.323253, 5.368232], [73.32488, 5.366767], [73.324962, 5.366767], [73.327891, 5.367011], [73.327973, 5.367011], [73.328217, 5.367011], [73.330089, 5.366889], [73.330089, 5.366848], [73.328868, 5.364244], [73.319347, 5.362942], [73.319184, 5.362942], [73.317719, 5.36579], [73.319184, 5.366645], [73.322032, 5.366889], [73.323253, 5.368232]]}}, {"type": "Feature", "properties": {}, "geometry": {"type": "LineString", "coordinates": [[73.350759, 5.42768], [73.347504, 5.428778], [73.344574, 5.426744], [73.3449, 5.426825], [73.350759, 5.42768]]}}, {"type": "Feature", "properties": {}, "geometry": {"type": "LineString", "coordinates": [[73.537446, 5.451402], [73.537446, 5.451402], [73.534923, 5.449856], [73.534923, 5.449856], [73.531261, 5.450426], [73.537446, 5.451402]]}}, {"type": "Feature", "properties": {}, "geometry": {"type": "LineString", "coordinates": [[73.362966, 5.46308], [73.362966, 5.462795], [73.363129, 5.459377], [73.360932, 5.457953], [73.360688, 5.457831], [73.362966, 5.46308]]}}, {"type": "Feature", "properties": {}, "geometry": {"type": "LineString", "coordinates": [[72.943126, 5.467597], [72.943044, 5.467475], [72.94158, 5.465562], [72.941091, 5.463568], [72.940278, 5.462144], [72.938243, 5.461493], [72.937022, 5.465522], [72.937022, 5.465562], [72.938162, 5.466702], [72.940603, 5.466783], [72.943126, 5.467597]]}}, {"type": "Feature", "properties": {}, "geometry": {"type": "LineString", "coordinates": [[73.01588, 5.492865], [73.014334, 5.490912], [73.013845, 5.488918], [73.013031, 5.487454], [73.011078, 5.486843], [73.010997, 5.486802], [73.009939, 5.49022], [73.009776, 5.490871], [73.009776, 5.490912], [73.010916, 5.492133], [73.013194, 5.492133], [73.01588, 5.492865]]}}, {"type": "Feature", "properties": {}, "geometry": {"type": "LineString", "coordinates": [[73.462413, 5.543606], [73.459321, 5.541734], [73.456472, 5.542629], [73.456309, 5.54267], [73.462413, 5.543606]]}}, {"type": "Feature", "properties": {}, "geometry": {"type": "LineString", "coordinates": [[73.005626, 5.713324], [73.003754, 5.711127], [73.003184, 5.708726], [73.002289, 5.707099], [72.999766, 5.706977], [72.99879, 5.711941], [72.99879, 5.711982], [73.000173, 5.713202], [73.000255, 5.713202], [73.000824, 5.713121], [73.002778, 5.712836], [73.005626, 5.713324]]}}, {"type": "Feature", "properties": {}, "geometry": {"type": "LineString", "coordinates": [[72.949392, 6.349799], [72.949392, 6.349677], [72.950938, 6.347724], [72.951182, 6.347602], [72.952973, 6.346625], [72.95338, 6.346259], [72.953949, 6.345608], [72.953136, 6.343492], [72.948497, 6.344428], [72.947765, 6.345933], [72.948985, 6.348049], [72.949392, 6.349799]]}}, {"type": "Feature", "properties": {}, "geometry": {"type": "LineString", "coordinates": [[72.892589, 6.452094], [72.894216, 6.449937], [72.896169, 6.448879], [72.896902, 6.448188], [72.897227, 6.447903], [72.897227, 6.447821], [72.896332, 6.445787], [72.891775, 6.446723], [72.891612, 6.447008], [72.89088, 6.448228], [72.8921, 6.450263], [72.892589, 6.452094]]}}, {"type": "Feature", "properties": {}, "geometry": {"type": "LineString", "coordinates": [[72.172699, 10.809231], [72.188162, 10.836127], [72.200043, 10.864447], [72.200043, 10.878079], [72.200043, 10.878119], [72.195649, 10.872707], [72.189301, 10.864936], [72.185151, 10.858303], [72.179047, 10.8487], [72.172618, 10.829983], [72.172699, 10.809231]]}}, {"type": "Feature", "properties": {}, "geometry": {"type": "LineString", "coordinates": [[72.789073, 11.261664], [72.774181, 11.222886], [72.770356, 11.203681], [72.770356, 11.20364], [72.771169, 11.201117], [72.775401, 11.186591], [72.775483, 11.186754], [72.784923, 11.216376], [72.787934, 11.232245], [72.789073, 11.248033], [72.791515, 11.251654], [72.793956, 11.254299], [72.795584, 11.257229], [72.795909, 11.261664], [72.789236, 11.261664], [72.789073, 11.261664]]}}, {"type": "Feature", "properties": {}, "geometry": {"type": "LineString", "coordinates": [[53.248326, 12.121302], [53.263076, 12.114869], [53.277495, 12.113829], [53.310267, 12.111444], [53.308239, 12.118395], [53.298066, 12.121873], [53.286884, 12.127337], [53.268071, 12.128832], [53.248326, 12.121302]]}}, {"type": "Feature", "properties": {}, "geometry": {"type": "LineString", "coordinates": [[53.053068, 12.17492], [53.03855, 12.180333], [53.02746, 12.179648], [53.01705, 12.175576], [53.003953, 12.176942], [52.98872, 12.172198], [52.985265, 12.162727], [53.006703, 12.156644], [53.026774, 12.139742], [53.05659, 12.128251], [53.071829, 12.130283], [53.086378, 12.134344], [53.087074, 12.148555], [53.082918, 12.164794], [53.068366, 12.17494], [53.053068, 12.17492]]}}, {"type": "Feature", "properties": {}, "geometry": {"type": "LineString", "coordinates": [[52.289199, 12.200815], [52.246114, 12.202371], [52.216804, 12.207335], [52.200434, 12.206443], [52.178876, 12.213943], [52.147777, 12.234898], [52.118435, 12.241549], [52.094086, 12.241767], [52.078763, 12.239737], [52.064118, 12.235473], [52.068487, 12.222008], [52.101817, 12.207017], [52.105805, 12.203803], [52.112315, 12.198635], [52.123753, 12.201978], [52.136691, 12.204541], [52.156993, 12.196234], [52.162364, 12.197414], [52.164561, 12.192532], [52.175792, 12.176337], [52.179861, 12.172838], [52.190684, 12.174628], [52.211762, 12.180894], [52.211762, 12.180894], [52.21811, 12.180609], [52.224376, 12.180325], [52.235034, 12.165283], [52.24023, 12.156877], [52.284679, 12.154486], [52.330577, 12.146186], [52.347904, 12.151296], [52.359981, 12.153854], [52.388464, 12.148868], [52.37894, 12.165691], [52.371129, 12.171565], [52.381482, 12.182545], [52.394705, 12.187323], [52.389578, 12.197252], [52.389496, 12.197252], [52.374685, 12.200588], [52.319374, 12.188264], [52.289199, 12.200815]]}}, {"type": "Feature", "properties": {}, "geometry": {"type": "LineString", "coordinates": [[43.428966, 12.673774], [43.406423, 12.673041], [43.397634, 12.670803], [43.390147, 12.666327], [43.392751, 12.653062], [43.39975, 12.649848], [43.411388, 12.652655], [43.417166, 12.646715], [43.428884, 12.63467], [43.435802, 12.632148], [43.447439, 12.638658], [43.448985, 12.652981], [43.443858, 12.663804], [43.442231, 12.667222], [43.428966, 12.673774]]}}, {"type": "Feature", "properties": {}, "geometry": {"type": "LineString", "coordinates": [[54.470662, 12.543566], [54.421909, 12.574028], [54.400775, 12.580404], [54.360145, 12.602689], [54.319468, 12.610994], [54.284854, 12.626249], [54.269341, 12.632119], [54.26002, 12.647528], [54.237315, 12.652045], [54.218761, 12.652655], [54.210704, 12.661689], [54.200531, 12.673], [54.195491, 12.6754], [54.18346, 12.668444], [54.16789, 12.664995], [54.146511, 12.677861], [54.132246, 12.688366], [54.119395, 12.701117], [54.093028, 12.698879], [54.082166, 12.6862], [54.058259, 12.671163], [54.045131, 12.666556], [54.008097, 12.645744], [53.973541, 12.646988], [53.940184, 12.642426], [53.922427, 12.650655], [53.903391, 12.653031], [53.875995, 12.647294], [53.866401, 12.622933], [53.846104, 12.598605], [53.808065, 12.607996], [53.762894, 12.619703], [53.694009, 12.669779], [53.654755, 12.704758], [53.629935, 12.702304], [53.606198, 12.699985], [53.573762, 12.703772], [53.518946, 12.714351], [53.499869, 12.712065], [53.490327, 12.701621], [53.479578, 12.686535], [53.470077, 12.671424], [53.428024, 12.66539], [53.410738, 12.662136], [53.396027, 12.656468], [53.403168, 12.598049], [53.399587, 12.587592], [53.391124, 12.569648], [53.389415, 12.560777], [53.384532, 12.557318], [53.363002, 12.544913], [53.342494, 12.542609], [53.315684, 12.550279], [53.306895, 12.543402], [53.309744, 12.537665], [53.334239, 12.51553], [53.437875, 12.451956], [53.479375, 12.42517], [53.505626, 12.416327], [53.519542, 12.393541], [53.535981, 12.373765], [53.552, 12.354383], [53.572147, 12.334614], [53.618265, 12.322706], [53.672924, 12.306342], [53.731165, 12.300414], [53.776352, 12.304969], [53.896471, 12.327908], [53.939281, 12.334757], [53.969981, 12.341864], [53.985688, 12.337144], [53.985932, 12.337144], [54.008244, 12.329857], [54.030886, 12.348361], [54.047546, 12.352962], [54.064229, 12.350548], [54.110711, 12.353811], [54.140498, 12.351344], [54.154959, 12.359809], [54.183849, 12.382514], [54.209727, 12.393785], [54.218761, 12.3994], [54.237478, 12.425198], [54.245942, 12.433539], [54.283337, 12.447291], [54.328169, 12.443457], [54.368661, 12.459569], [54.40234, 12.467224], [54.444684, 12.484721], [54.446654, 12.51115], [54.457423, 12.519228], [54.476524, 12.522613], [54.498038, 12.529472], [54.527927, 12.537446], [54.540294, 12.550238], [54.526833, 12.557214], [54.516092, 12.558434], [54.496932, 12.546914], [54.470662, 12.543566]]}}, {"type": "Feature", "properties": {}, "geometry": {"type": "LineString", "coordinates": [[42.719249, 13.742621], [42.693533, 13.699205], [42.685802, 13.678534], [42.685802, 13.678453], [42.68629, 13.675971], [42.688487, 13.663764], [42.688569, 13.663804], [42.743907, 13.688422], [42.75408, 13.697903], [42.761485, 13.719306], [42.79184, 13.750718], [42.794932, 13.769924], [42.782563, 13.779934], [42.761729, 13.772162], [42.719249, 13.742621]]}}, {"type": "Feature", "properties": {}, "geometry": {"type": "LineString", "coordinates": [[42.760265, 14.064683], [42.743988, 14.060126], [42.721039, 14.045966], [42.700857, 14.028266], [42.691905, 14.01317], [42.699229, 13.992255], [42.700694, 13.987942], [42.712494, 13.977444], [42.721528, 13.969387], [42.746593, 13.956529], [42.767589, 13.948676], [42.767589, 13.948635], [42.75408, 13.920722], [42.781749, 13.919989], [42.788585, 13.926703], [42.788585, 13.926703], [42.786632, 13.943996], [42.786632, 13.944037], [42.788097, 13.975328], [42.801606, 14.012274], [42.801768, 14.023139], [42.795746, 14.037177], [42.767589, 14.071519], [42.760265, 14.064683]]}}, {"type": "Feature", "properties": {}, "geometry": {"type": "LineString", "coordinates": [[40.386404, 15.641262], [40.373546, 15.644355], [40.352712, 15.658026], [40.338552, 15.661119], [40.329926, 15.664252], [40.326915, 15.67182], [40.32545, 15.680854], [40.321544, 15.688422], [40.315115, 15.693427], [40.311453, 15.695258], [40.307628, 15.697211], [40.298595, 15.700019], [40.287364, 15.702094], [40.266938, 15.703518], [40.244477, 15.702094], [40.226573, 15.696479], [40.219086, 15.68537], [40.219168, 15.685329], [40.227794, 15.674018], [40.248057, 15.668118], [40.261567, 15.663235], [40.253184, 15.661119], [40.247406, 15.655015], [40.232107, 15.627021], [40.173595, 15.643622], [40.163829, 15.644355], [40.160167, 15.652411], [40.142426, 15.681464], [40.141287, 15.684109], [40.135916, 15.695868], [40.133067, 15.711168], [40.138927, 15.792222], [40.138927, 15.792222], [40.138764, 15.793321], [40.136485, 15.80622], [40.125987, 15.811916], [40.125987, 15.811957], [40.115408, 15.809027], [40.116222, 15.802558], [40.121104, 15.795803], [40.122813, 15.792141], [40.114594, 15.787787], [40.105154, 15.784247], [40.095714, 15.784613], [40.088145, 15.792141], [40.09018, 15.803127], [40.100597, 15.814154], [40.105561, 15.82864], [40.105642, 15.828681], [40.101003, 15.835639], [40.091563, 15.84984], [40.084809, 15.854315], [40.062673, 15.868842], [40.026215, 15.882636], [39.987478, 15.891059], [39.950938, 15.893948], [39.95102, 15.893866], [39.963145, 15.877102], [39.974376, 15.871772], [40.009288, 15.87401], [40.009369, 15.873969], [40.019379, 15.868109], [40.030772, 15.854315], [40.037446, 15.838446], [40.037446, 15.838406], [40.033458, 15.826239], [40.033458, 15.826239], [40.032156, 15.826321], [40.021251, 15.827053], [39.994965, 15.824693], [39.975271, 15.815375], [39.975271, 15.815334], [39.97641, 15.811957], [39.981944, 15.795233], [39.993907, 15.777899], [39.990001, 15.769924], [39.976736, 15.770982], [39.976736, 15.770982], [39.970551, 15.774848], [39.946788, 15.789862], [39.933767, 15.788235], [39.924978, 15.777045], [39.923595, 15.75731], [39.930431, 15.739569], [39.942149, 15.736396], [39.975108, 15.743069], [40.0088, 15.736558], [40.038585, 15.71898], [40.062999, 15.692857], [40.081309, 15.661119], [40.039317, 15.648098], [40.026703, 15.647488], [40.026622, 15.647447], [40.015391, 15.651923], [40.001475, 15.659613], [39.988292, 15.6647], [39.978852, 15.661119], [39.971528, 15.661119], [39.971446, 15.661119], [39.969005, 15.670396], [39.967296, 15.673733], [39.965099, 15.677924], [39.958995, 15.683905], [39.950938, 15.688422], [39.956879, 15.69538], [39.956879, 15.69538], [39.956716, 15.69595], [39.95574, 15.699693], [39.95574, 15.699693], [39.948741, 15.70185], [39.937348, 15.702094], [39.963878, 15.626288], [39.970388, 15.617662], [39.978852, 15.606513], [39.979015, 15.606513], [40.001475, 15.611274], [40.015147, 15.608588], [40.020356, 15.607571], [40.060802, 15.592231], [40.085297, 15.587633], [40.102224, 15.589057], [40.11378, 15.597561], [40.122813, 15.613959], [40.122895, 15.613878], [40.127045, 15.610338], [40.129405, 15.608303], [40.133393, 15.603258], [40.139334, 15.595852], [40.143321, 15.592231], [40.148774, 15.591254], [40.158702, 15.589545], [40.208263, 15.599677], [40.23113, 15.596422], [40.265961, 15.579983], [40.287364, 15.572984], [40.308116, 15.57453], [40.356619, 15.586168], [40.365896, 15.584133], [40.372895, 15.582587], [40.393565, 15.572496], [40.393891, 15.572333], [40.408051, 15.580024], [40.414236, 15.598293], [40.406261, 15.638129], [40.401134, 15.640774], [40.386404, 15.641262]]}}, {"type": "Feature", "properties": {}, "geometry": {"type": "LineString", "coordinates": [[42.186438, 16.705528], [42.147694, 16.721273], [42.141165, 16.740596], [42.116547, 16.744167], [42.118494, 16.754916], [42.105267, 16.775577], [42.104076, 16.792283], [42.076508, 16.808661], [42.068533, 16.811754], [42.062185, 16.814195], [42.062185, 16.814195], [42.047862, 16.812079], [42.041352, 16.802314], [42.033865, 16.77383], [42.021739, 16.755805], [42.036488, 16.733744], [42.064606, 16.728382], [42.03499, 16.715773], [42.022921, 16.715867], [42.02302, 16.727427], [42.011048, 16.73908], [41.9936, 16.737931], [41.973427, 16.731661], [41.953321, 16.733098], [41.941391, 16.751169], [41.905143, 16.747581], [41.898467, 16.751484], [41.881137, 16.765738], [41.863292, 16.785142], [41.863916, 16.796687], [41.86006, 16.821122], [41.849424, 16.83533], [41.828084, 16.858608], [41.789218, 16.875586], [41.777182, 16.884666], [41.771857, 16.892414], [41.757085, 16.896372], [41.755614, 16.878387], [41.764899, 16.859044], [41.77956, 16.840952], [41.780772, 16.819322], [41.780772, 16.819322], [41.778168, 16.81269], [41.790089, 16.810037], [41.807561, 16.80992], [41.824941, 16.798237], [41.831421, 16.767354], [41.843368, 16.74672], [41.867396, 16.728569], [41.894087, 16.710394], [41.916863, 16.705099], [41.932834, 16.690845], [41.955457, 16.670115], [41.975532, 16.663553], [41.991694, 16.672419], [42.01056, 16.682557], [42.030721, 16.687541], [42.060242, 16.689878], [42.085753, 16.693525], [42.111114, 16.68047], [42.117633, 16.659855], [42.101428, 16.647138], [42.07317, 16.635801], [42.083815, 16.626718], [42.105253, 16.625257], [42.127975, 16.617357], [42.155836, 16.584977], [42.178559, 16.583482], [42.178559, 16.583482], [42.178233, 16.58511], [42.188199, 16.605264], [42.179085, 16.634912], [42.176556, 16.651644], [42.183461, 16.673434], [42.186307, 16.691396], [42.186438, 16.705528]]}}, {"type": "Feature", "properties": {}, "geometry": {"type": "LineString", "coordinates": [[41.918893, 16.791155], [41.936323, 16.788456], [41.97247, 16.77791], [42.001845, 16.760987], [42.001958, 16.772556], [41.995442, 16.797002], [41.976573, 16.804999], [41.962657, 16.813137], [41.938162, 16.821357], [41.932302, 16.838365], [41.944102, 16.853013], [41.985181, 16.853596], [41.975963, 16.875505], [41.943802, 16.883459], [41.939919, 16.901473], [41.945468, 16.923272], [41.94516, 16.942288], [41.939057, 16.968817], [41.938162, 16.972886], [41.921153, 16.992011], [41.895681, 17.001899], [41.863292, 17.00495], [41.86085, 17.013617], [41.85141, 17.009914], [41.843761, 17.001899], [41.843761, 17.001858], [41.846202, 16.997463], [41.858572, 16.996405], [41.881114, 16.991685], [41.894054, 16.990668], [41.907481, 16.984809], [41.920909, 16.978949], [41.928477, 16.954901], [41.923106, 16.935085], [41.923106, 16.935045], [41.921235, 16.935207], [41.910981, 16.936021], [41.90089, 16.918362], [41.88795, 16.907782], [41.870372, 16.902655], [41.846202, 16.901272], [41.834972, 16.89175], [41.834972, 16.891669], [41.84303, 16.880347], [41.864313, 16.851927], [41.889595, 16.820912], [41.904223, 16.802821], [41.918893, 16.791155]]}}, {"type": "Feature", "properties": {}, "geometry": {"type": "LineString", "coordinates": [[55.836192, 17.490912], [55.836274, 17.490953], [55.845714, 17.49608], [55.875824, 17.495917], [55.890798, 17.504543], [55.89088, 17.504584], [55.883067, 17.507148], [55.862966, 17.518866], [55.848806, 17.515286], [55.837087, 17.510077], [55.831716, 17.502346], [55.831716, 17.502265], [55.832449, 17.500393], [55.836192, 17.490912]]}}, {"type": "Feature", "properties": {}, "geometry": {"type": "LineString", "coordinates": [[56.055349, 17.559801], [56.028819, 17.547675], [55.990571, 17.535386], [55.964203, 17.519924], [55.97283, 17.498358], [55.986827, 17.492906], [56.031098, 17.490912], [56.046886, 17.493354], [56.063813, 17.499579], [56.095551, 17.518866], [56.095551, 17.518866], [56.081065, 17.523627], [56.067882, 17.532213], [56.058442, 17.544338], [56.058197, 17.545844], [56.055349, 17.559719], [56.055349, 17.559801]]}}, {"type": "Feature", "properties": {}, "geometry": {"type": "LineString", "coordinates": [[58.906261, 20.626044], [58.910167, 20.645941], [58.917003, 20.664252], [58.918305, 20.681342], [58.918305, 20.681464], [58.906261, 20.697984], [58.891287, 20.694281], [58.882579, 20.682522], [58.871349, 20.649604], [58.852875, 20.613349], [58.804861, 20.553453], [58.795584, 20.538398], [58.789399, 20.519924], [58.785167, 20.481635], [58.784516, 20.479397], [58.780772, 20.466986], [58.77711, 20.462185], [58.768891, 20.451606], [58.751231, 20.440131], [58.734223, 20.437649], [58.717621, 20.436998], [58.700694, 20.431098], [58.698253, 20.425686], [58.693858, 20.407172], [58.691905, 20.405178], [58.689952, 20.403225], [58.682384, 20.400621], [58.664561, 20.387844], [58.659028, 20.382717], [58.648204, 20.368842], [58.642914, 20.356106], [58.635916, 20.277004], [58.638357, 20.267849], [58.638682, 20.266669], [58.638682, 20.266628], [58.636485, 20.249701], [58.637462, 20.218451], [58.642589, 20.187242], [58.646983, 20.179674], [58.652192, 20.170478], [58.652354, 20.170478], [58.663585, 20.171373], [58.674571, 20.179511], [58.683116, 20.190904], [58.686534, 20.201483], [58.691254, 20.20775], [58.702647, 20.210435], [58.715343, 20.212104], [58.724294, 20.215155], [58.733409, 20.224555], [58.751475, 20.248033], [58.785167, 20.279527], [58.789399, 20.286526], [58.789317, 20.293199], [58.787771, 20.302395], [58.787608, 20.30329], [58.787608, 20.314439], [58.787608, 20.314521], [58.796641, 20.331529], [58.808279, 20.379584], [58.82016, 20.403022], [58.844086, 20.437323], [58.862315, 20.452786], [58.902843, 20.474107], [58.941173, 20.500922], [58.950043, 20.508938], [58.953949, 20.519884], [58.953949, 20.519924], [58.945079, 20.535224], [58.914317, 20.587836], [58.908376, 20.604722], [58.906261, 20.626003], [58.906261, 20.626044]]}}, {"type": "Feature", "properties": {}, "geometry": {"type": "LineString", "coordinates": [[37.26531, 20.855048], [37.250824, 20.834662], [37.243419, 20.804023], [37.243419, 20.803982], [37.244151, 20.77265], [37.254405, 20.749823], [37.264496, 20.749986], [37.271821, 20.766099], [37.283539, 20.83275], [37.279145, 20.845649], [37.275645, 20.848049], [37.26531, 20.855048]]}}, {"type": "Feature", "properties": {}, "geometry": {"type": "LineString", "coordinates": [[67.375499, 24.06273], [67.381521, 24.04621], [67.385427, 24.040188], [67.393403, 24.028062], [67.409434, 24.013495], [67.426931, 24.007514], [67.453949, 24.013414], [67.460785, 24.026679], [67.46518, 24.040595], [67.485281, 24.048489], [67.485362, 24.048529], [67.477794, 24.051215], [67.458018, 24.06273], [67.413259, 24.048774], [67.390391, 24.049262], [67.375499, 24.06273]]}}, {"type": "Feature", "properties": {}, "geometry": {"type": "LineString", "coordinates": [[53.656993, 24.158393], [53.684255, 24.156724], [53.694184, 24.153632], [53.694347, 24.153591], [53.711599, 24.144721], [53.711599, 24.144721], [53.741466, 24.13349], [53.774669, 24.130113], [53.807302, 24.135972], [53.834483, 24.152167], [53.826996, 24.158393], [53.837413, 24.177436], [53.849376, 24.174221], [53.857107, 24.161444], [53.854991, 24.152167], [53.854991, 24.152167], [53.884613, 24.141181], [53.920421, 24.139838], [53.920421, 24.139838], [53.95102, 24.149726], [53.964854, 24.172593], [53.9546, 24.200995], [53.93393, 24.208645], [53.926606, 24.211371], [53.892345, 24.217841], [53.892345, 24.217841], [53.888601, 24.219957], [53.863048, 24.234687], [53.858409, 24.239203], [53.848155, 24.254543], [53.848155, 24.254584], [53.852306, 24.259752], [53.853526, 24.262681], [53.848155, 24.275051], [53.83961, 24.26435], [53.828624, 24.25845], [53.801036, 24.247748], [53.77711, 24.229885], [53.770274, 24.22724], [53.765147, 24.228258], [53.76295, 24.228705], [53.748302, 24.234442], [53.738943, 24.234687], [53.727143, 24.231147], [53.72283, 24.229885], [53.715831, 24.225694], [53.710216, 24.222317], [53.691173, 24.206732], [53.680675, 24.20185], [53.656098, 24.193508], [53.656098, 24.193427], [53.654633, 24.192613], [53.643321, 24.186265], [53.627778, 24.171942], [53.628184, 24.164211], [53.639496, 24.160468], [53.656993, 24.158393]]}}, {"type": "Feature", "properties": {}, "geometry": {"type": "LineString", "coordinates": [[54.190766, 24.22724], [54.198822, 24.253079], [54.198904, 24.253119], [54.188324, 24.277493], [54.175873, 24.290147], [54.150401, 24.315985], [54.1421, 24.322699], [54.136974, 24.32689], [54.115245, 24.318508], [54.101573, 24.297756], [54.101573, 24.297675], [54.112559, 24.271674], [54.134125, 24.260403], [54.159353, 24.253811], [54.180837, 24.245063], [54.190766, 24.22724]]}}, {"type": "Feature", "properties": {}, "geometry": {"type": "LineString", "coordinates": [[52.574474, 24.34394], [52.558239, 24.326813], [52.556104, 24.306946], [52.568139, 24.283127], [52.579065, 24.266259], [52.592154, 24.253368], [52.608653, 24.268256], [52.627208, 24.283596], [52.648774, 24.309516], [52.650855, 24.324899], [52.645375, 24.350719], [52.634461, 24.3666], [52.611095, 24.373236], [52.587169, 24.3605], [52.574474, 24.34394]]}}, {"type": "Feature", "properties": {}, "geometry": {"type": "LineString", "coordinates": [[53.322759, 24.262691], [53.331542, 24.277546], [53.331589, 24.288463], [53.345793, 24.298335], [53.369773, 24.301218], [53.38834, 24.312057], [53.427632, 24.328759], [53.44044, 24.341254], [53.447032, 24.379828], [53.446788, 24.37995], [53.423595, 24.39175], [53.42213, 24.397162], [53.417654, 24.40705], [53.416759, 24.412828], [53.399099, 24.401435], [53.361583, 24.350775], [53.361583, 24.350735], [53.367686, 24.340888], [53.368907, 24.330146], [53.36671, 24.319241], [53.357849, 24.315161], [53.348065, 24.320162], [53.338327, 24.33608], [53.329607, 24.336115], [53.311046, 24.328246], [53.278087, 24.316148], [53.272716, 24.312567], [53.267589, 24.308254], [53.241873, 24.297797], [53.231781, 24.295559], [53.194347, 24.302965], [53.191254, 24.30036], [53.187673, 24.294257], [53.184581, 24.287014], [53.184093, 24.281236], [53.184093, 24.281236], [53.186534, 24.275946], [53.189138, 24.275865], [53.192719, 24.277004], [53.213838, 24.280926], [53.228001, 24.278897], [53.266142, 24.27381], [53.276008, 24.288666], [53.294504, 24.279667], [53.308666, 24.278623], [53.322759, 24.262691]]}}, {"type": "Feature", "properties": {}, "geometry": {"type": "LineString", "coordinates": [[54.382579, 24.439521], [54.430431, 24.425238], [54.456716, 24.420803], [54.470551, 24.425035], [54.469737, 24.436469], [54.451427, 24.453192], [54.414317, 24.470608], [54.396658, 24.483466], [54.389415, 24.501573], [54.389415, 24.501614], [54.396251, 24.52265], [54.396251, 24.522691], [54.389415, 24.522691], [54.375336, 24.503607], [54.334809, 24.46898], [54.334809, 24.46894], [54.334809, 24.453192], [54.382579, 24.439521]]}}, {"type": "Feature", "properties": {}, "geometry": {"type": "LineString", "coordinates": [[50.551606, 26.194241], [50.565603, 26.198879], [50.594086, 26.195299], [50.603526, 26.197659], [50.609141, 26.208279], [50.609141, 26.208319], [50.606944, 26.212388], [50.604747, 26.216498], [50.597423, 26.225531], [50.593272, 26.238593], [50.586681, 26.242499], [50.545502, 26.227769], [50.545421, 26.227729], [50.5324, 26.2331], [50.516368, 26.239691], [50.503917, 26.242011], [50.482595, 26.24254], [50.481619, 26.24254], [50.481456, 26.24258], [50.468516, 26.236884], [50.461192, 26.225246], [50.449555, 26.177965], [50.448904, 26.161607], [50.452973, 26.149563], [50.469981, 26.122626], [50.485199, 26.085639], [50.490896, 26.048041], [50.490896, 26.048], [50.485444, 26.033433], [50.479991, 26.018866], [50.46046, 25.985297], [50.46046, 25.985256], [50.467784, 25.957587], [50.511404, 25.913031], [50.531423, 25.88524], [50.547211, 25.852932], [50.558604, 25.81977], [50.565278, 25.789537], [50.56544, 25.7897], [50.594493, 25.832709], [50.603526, 25.85456], [50.618419, 25.964748], [50.620616, 26.052965], [50.614757, 26.111151], [50.634926, 26.115694], [50.635507, 26.134382], [50.64566, 26.14575], [50.632779, 26.146823], [50.626339, 26.170438], [50.619898, 26.185466], [50.604871, 26.174732], [50.594737, 26.160305], [50.551606, 26.194241]]}}, {"type": "Feature", "properties": {}, "geometry": {"type": "LineString", "coordinates": [[54.526378, 26.309638], [54.516449, 26.319403], [54.506847, 26.321234], [54.498383, 26.317369], [54.492198, 26.309638], [54.488129, 26.298082], [54.488129, 26.298041], [54.488536, 26.288723], [54.490896, 26.278713], [54.492198, 26.26557], [54.497569, 26.259711], [54.509288, 26.254218], [54.521007, 26.250963], [54.526378, 26.251939], [54.547374, 26.290432], [54.543712, 26.297349], [54.53891, 26.30272], [54.533214, 26.306789], [54.526378, 26.309638]]}}, {"type": "Feature", "properties": {}, "geometry": {"type": "LineString", "coordinates": [[54.036876, 26.48843], [54.048025, 26.493842], [54.050141, 26.499823], [54.052419, 26.505805], [54.051362, 26.51203], [54.050466, 26.517768], [54.047944, 26.519761], [54.043712, 26.523179], [54.036632, 26.526679], [54.036469, 26.52676], [54.035574, 26.533718], [54.035411, 26.534817], [54.035411, 26.534857], [54.035818, 26.543891], [54.035818, 26.544013], [54.034923, 26.546129], [54.033051, 26.550442], [54.033051, 26.550482], [54.018809, 26.555569], [53.9817, 26.558905], [53.964854, 26.564114], [53.945486, 26.56509], [53.927582, 26.560126], [53.912852, 26.550198], [53.902843, 26.5362], [53.923106, 26.506537], [53.955414, 26.49258], [53.963064, 26.492174], [54.036876, 26.48843]]}}, {"type": "Feature", "properties": {}, "geometry": {"type": "LineString", "coordinates": [[53.317149, 26.799994], [53.329112, 26.802558], [53.367524, 26.799628], [53.382009, 26.803127], [53.37379, 26.809801], [53.360688, 26.820502], [53.337413, 26.828681], [53.262462, 26.833645], [53.178071, 26.856879], [53.168468, 26.85635], [53.160492, 26.853705], [53.153331, 26.8522], [53.149425, 26.847886], [53.158458, 26.838568], [53.189789, 26.815172], [53.203136, 26.80744], [53.205251, 26.80622], [53.205251, 26.80622], [53.22283, 26.799547], [53.279796, 26.790676], [53.299083, 26.790717], [53.317149, 26.799994]]}}, {"type": "Feature", "properties": {}, "geometry": {"type": "LineString", "coordinates": [[56.322276, 26.834418], [56.340994, 26.827623], [56.379161, 26.83869], [56.40919, 26.86225], [56.40919, 26.86225], [56.404145, 26.893052], [56.366547, 26.889797], [56.341156, 26.87934], [56.326834, 26.86107], [56.322276, 26.834418]]}}, {"type": "Feature", "properties": {}, "geometry": {"type": "LineString", "coordinates": [[56.212413, 27.002997], [56.173188, 27.002346], [56.041026, 26.975653], [55.935557, 26.914781], [55.897716, 26.906806], [55.757986, 26.954047], [55.732595, 26.940904], [55.739431, 26.932929], [55.756114, 26.921332], [55.773204, 26.906724], [55.781016, 26.889635], [55.785655, 26.844957], [55.782074, 26.826158], [55.766775, 26.810533], [55.766775, 26.810533], [55.771169, 26.803656], [55.774181, 26.796942], [55.774181, 26.796942], [55.764496, 26.793891], [55.754161, 26.786078], [55.746837, 26.783271], [55.736827, 26.782416], [55.716075, 26.783922], [55.705821, 26.783271], [55.640391, 26.760565], [55.620453, 26.74608], [55.574229, 26.720689], [55.574067, 26.720649], [55.570486, 26.719387], [55.557872, 26.714993], [55.538422, 26.712958], [55.404796, 26.674018], [55.35198, 26.647488], [55.351899, 26.647447], [55.348969, 26.64822], [55.342784, 26.649807], [55.331879, 26.645331], [55.284679, 26.660224], [55.273774, 26.649807], [55.284028, 26.618801], [55.289236, 26.613593], [55.287364, 26.602281], [55.28061, 26.584662], [55.285411, 26.559963], [55.290538, 26.548489], [55.294119, 26.546291], [55.29835, 26.543647], [55.298432, 26.543647], [55.307628, 26.544908], [55.319835, 26.548285], [55.33074, 26.553616], [55.335297, 26.560452], [55.33961, 26.568996], [55.349783, 26.568996], [55.361095, 26.565619], [55.366547, 26.564602], [55.369477, 26.564114], [55.369558, 26.564114], [55.378754, 26.567288], [55.397309, 26.577826], [55.441173, 26.588609], [55.50294, 26.594875], [55.520518, 26.603258], [55.554454, 26.625637], [55.610362, 26.646918], [55.664236, 26.681545], [55.685557, 26.690497], [55.705821, 26.694525], [55.751313, 26.688544], [55.772716, 26.688381], [55.79127, 26.697903], [55.809825, 26.712063], [55.876638, 26.742906], [55.902192, 26.72484], [55.924001, 26.705024], [55.947032, 26.696275], [55.97641, 26.711575], [56.025645, 26.754096], [56.03419, 26.759019], [56.042817, 26.768134], [56.080821, 26.785346], [56.089366, 26.793524], [56.095876, 26.806871], [56.137218, 26.844672], [56.148692, 26.862006], [56.171397, 26.906806], [56.193533, 26.924547], [56.255219, 26.938788], [56.271332, 26.946967], [56.287446, 26.955146], [56.27947, 26.973822], [56.273611, 26.977769], [56.25766, 26.988715], [56.232107, 26.998765], [56.212413, 27.002997]]}}, {"type": "Feature", "properties": {}, "geometry": {"type": "LineString", "coordinates": [[56.472992, 27.106024], [56.455414, 27.102769], [56.43686, 27.080024], [56.434581, 27.054836], [56.434581, 27.054836], [56.466156, 27.043931], [56.481781, 27.046332], [56.488129, 27.04914], [56.495291, 27.052314], [56.504731, 27.061672], [56.508474, 27.074368], [56.505138, 27.086982], [56.504649, 27.088935], [56.495128, 27.095771], [56.483572, 27.099758], [56.472992, 27.106024]]}}, {"type": "Feature", "properties": {}, "geometry": {"type": "LineString", "coordinates": [[49.56544, 27.351752], [49.551036, 27.360053], [49.542491, 27.363715], [49.531261, 27.365465], [49.501231, 27.360541], [49.472179, 27.342027], [49.453624, 27.316392], [49.456228, 27.290351], [49.463878, 27.306627], [49.474946, 27.322333], [49.487559, 27.334133], [49.500255, 27.338772], [49.509613, 27.340888], [49.520274, 27.344631], [49.531261, 27.346177], [49.531261, 27.346177], [49.541515, 27.341864], [49.545502, 27.338324], [49.549815, 27.334459], [49.554047, 27.328315], [49.554047, 27.328274], [49.551443, 27.322821], [49.538097, 27.317694], [49.538097, 27.311469], [49.538259, 27.311428], [49.54363, 27.309272], [49.551768, 27.304023], [49.551768, 27.304023], [49.556407, 27.304836], [49.557465, 27.305487], [49.56544, 27.297797], [49.577647, 27.308295], [49.591807, 27.316799], [49.60727, 27.322455], [49.62379, 27.324449], [49.640391, 27.32099], [49.655121, 27.314602], [49.670421, 27.311428], [49.688813, 27.317694], [49.688813, 27.317694], [49.638438, 27.330634], [49.585134, 27.344306], [49.56544, 27.351752]]}}, {"type": "Feature", "properties": {}, "geometry": {"type": "LineString", "coordinates": [[50.305817, 29.271275], [50.295001, 29.275218], [50.283267, 29.268939], [50.290466, 29.257138], [50.296748, 29.237473], [50.30663, 29.215446], [50.316531, 29.207572], [50.326427, 29.20893], [50.333018, 29.224026], [50.330111, 29.241368], [50.334651, 29.258661], [50.323841, 29.264177], [50.305817, 29.271275]]}}, {"type": "Feature", "properties": {}, "geometry": {"type": "LineString", "coordinates": [[48.338227, 29.462795], [48.298513, 29.473131], [48.281098, 29.471096], [48.27003, 29.455959], [48.27003, 29.455878], [48.269242, 29.429685], [48.290404, 29.430649], [48.316867, 29.427013], [48.335927, 29.420593], [48.363482, 29.399436], [48.373014, 29.393919], [48.382541, 29.392089], [48.397356, 29.387497], [48.399464, 29.397639], [48.389008, 29.424872], [48.381114, 29.433987], [48.37322, 29.443061], [48.361664, 29.451606], [48.353852, 29.457424], [48.338227, 29.462795]]}}, {"type": "Feature", "properties": {}, "geometry": {"type": "LineString", "coordinates": [[48.352712, 29.709784], [48.359548, 29.754462], [48.344493, 29.790595], [48.188731, 29.983547], [48.175792, 29.991889], [48.16212, 29.995673], [48.14796, 29.99494], [48.133556, 29.989691], [48.12086, 29.981391], [48.11671, 29.974066], [48.120291, 29.971422], [48.122732, 29.969672], [48.140391, 29.969875], [48.140391, 29.969794], [48.139415, 29.962836], [48.139415, 29.962795], [48.140391, 29.952216], [48.142833, 29.941718], [48.147227, 29.935126], [48.156749, 29.931138], [48.169932, 29.936469], [48.181326, 29.935126], [48.181407, 29.935085], [48.197439, 29.92536], [48.193696, 29.916449], [48.178884, 29.908515], [48.160818, 29.901557], [48.166515, 29.885932], [48.158702, 29.879218], [48.144867, 29.878323], [48.133556, 29.879869], [48.109223, 29.893622], [48.095063, 29.894721], [48.085134, 29.879869], [48.085297, 29.87991], [48.0949, 29.880316], [48.103282, 29.879136], [48.119151, 29.873603], [48.113292, 29.839097], [48.109548, 29.833319], [48.098481, 29.830715], [48.076834, 29.817572], [48.065196, 29.812201], [48.046072, 29.800482], [48.046072, 29.800442], [48.053722, 29.790025], [48.073741, 29.77969], [48.079275, 29.773912], [48.085134, 29.767808], [48.12672, 29.702338], [48.161632, 29.629706], [48.185802, 29.603949], [48.222341, 29.600531], [48.229015, 29.599921], [48.229015, 29.599921], [48.266287, 29.615953], [48.303071, 29.645209], [48.333832, 29.679267], [48.352712, 29.709784]]}}, {"type": "Feature", "properties": {}, "geometry": {"type": "LineString", "coordinates": [[48.078868, 30.004055], [48.10613, 30.017646], [48.109223, 30.027981], [48.093842, 30.029283], [48.093761, 30.029283], [48.054698, 30.024482], [48.04363, 30.019029], [48.023123, 29.995185], [48.009288, 29.986884], [48.010753, 29.980455], [48.016287, 29.9737], [48.023692, 29.969875], [48.031098, 29.971015], [48.05836, 29.983547], [48.062755, 29.987454], [48.072439, 29.998725], [48.078868, 30.004055]]}}, {"type": "Feature", "properties": {}, "geometry": {"type": "LineString", "coordinates": [[73.097504, -0.599705], [73.098643, -0.594415], [73.098643, -0.594334], [73.09783, -0.59002], [73.098806, -0.587172], [73.104991, -0.586602], [73.104991, -0.579197], [73.091156, -0.586033], [73.0949, -0.604669], [73.111176, -0.64129], [73.118663, -0.64129], [73.116384, -0.629571], [73.111583, -0.61712], [73.104991, -0.606541], [73.097504, -0.599705]]}}, {"type": "Feature", "properties": {}, "geometry": {"type": "LineString", "coordinates": [[73.365001, 1.791083], [73.365164, 1.791042], [73.375824, 1.78856], [73.370453, 1.782538], [73.368256, 1.782945], [73.368175, 1.782945], [73.366954, 1.786689], [73.365001, 1.791083]]}}, {"type": "Feature", "properties": {}, "geometry": {"type": "LineString", "coordinates": [[73.400238, 1.806342], [73.40032, 1.806138], [73.401215, 1.801703], [73.403087, 1.798], [73.40211, 1.7956], [73.400564, 1.795437], [73.394379, 1.794745], [73.394786, 1.798651], [73.394786, 1.798774], [73.395193, 1.799343], [73.396658, 1.801418], [73.398936, 1.803534], [73.400238, 1.806342]]}}, {"type": "Feature", "properties": {}, "geometry": {"type": "LineString", "coordinates": [[73.452647, 1.826809], [73.463634, 1.826321], [73.456716, 1.82038], [73.456716, 1.82038], [73.454112, 1.820543], [73.45338, 1.823717], [73.452647, 1.826809]]}}, {"type": "Feature", "properties": {}, "geometry": {"type": "LineString", "coordinates": [[73.518077, 1.842719], [73.510834, 1.836941], [73.499197, 1.827786], [73.499197, 1.827704], [73.49879, 1.828111], [73.498546, 1.828437], [73.498057, 1.828803], [73.497813, 1.82925], [73.497813, 1.82925], [73.500092, 1.832058], [73.502289, 1.834906], [73.507335, 1.838365], [73.517914, 1.842678], [73.518077, 1.842719]]}}, {"type": "Feature", "properties": {}, "geometry": {"type": "LineString", "coordinates": [[73.536469, 1.870103], [73.536306, 1.869737], [73.53297, 1.86164], [73.5324, 1.860093], [73.531505, 1.863471], [73.531505, 1.863511], [73.5324, 1.865668], [73.533051, 1.86636], [73.534353, 1.86758], [73.536469, 1.870103]]}}, {"type": "Feature", "properties": {}, "geometry": {"type": "LineString", "coordinates": [[73.25172, 1.892401], [73.243663, 1.888739], [73.243663, 1.888739], [73.243988, 1.89411], [73.245616, 1.894843], [73.247406, 1.893988], [73.248302, 1.893541], [73.25172, 1.892401]]}}, {"type": "Feature", "properties": {}, "geometry": {"type": "LineString", "coordinates": [[73.553071, 1.93244], [73.548839, 1.911363], [73.545665, 1.901557], [73.541189, 1.89289], [73.540863, 1.892401], [73.549815, 1.924994], [73.553071, 1.93244]]}}, {"type": "Feature", "properties": {}, "geometry": {"type": "LineString", "coordinates": [[73.550059, 1.976386], [73.549815, 1.965684], [73.549815, 1.965522], [73.547699, 1.968329], [73.547862, 1.970608], [73.550059, 1.976386]]}}, {"type": "Feature", "properties": {}, "geometry": {"type": "LineString", "coordinates": [[73.317231, 1.9914], [73.319835, 1.989203], [73.322602, 1.987982], [73.323253, 1.986477], [73.31837, 1.9831], [73.31837, 1.9831], [73.31544, 1.985053], [73.315766, 1.986802], [73.317149, 1.988837], [73.317231, 1.9914]]}}, {"type": "Feature", "properties": {}, "geometry": {"type": "LineString", "coordinates": [[73.5442, 2.026597], [73.542979, 2.022162], [73.540375, 2.022528], [73.540294, 2.022528], [73.542247, 2.024563], [73.5442, 2.026597]]}}, {"type": "Feature", "properties": {}, "geometry": {"type": "LineString", "coordinates": [[73.386974, 2.033026], [73.386241, 2.030341], [73.386974, 2.028632], [73.386974, 2.033026]]}}, {"type": "Feature", "properties": {}, "geometry": {"type": "LineString", "coordinates": [[73.555675, 2.082506], [73.551443, 2.072577], [73.551443, 2.072414], [73.550466, 2.075873], [73.55128, 2.07807], [73.553233, 2.079901], [73.555675, 2.082506]]}}, {"type": "Feature", "properties": {}, "geometry": {"type": "LineString", "coordinates": [[73.567638, 2.109931], [73.585378, 2.109605], [73.58546, 2.109605], [73.583507, 2.10814], [73.580414, 2.10578], [73.567719, 2.097805], [73.561778, 2.094713], [73.561778, 2.098782], [73.562999, 2.102362], [73.567638, 2.109931]]}}, {"type": "Feature", "properties": {}, "geometry": {"type": "LineString", "coordinates": [[73.043712, 2.166449], [73.041352, 2.1647], [73.039806, 2.164618], [73.038259, 2.164537], [73.038422, 2.164618], [73.043712, 2.166449]]}}, {"type": "Feature", "properties": {}, "geometry": {"type": "LineString", "coordinates": [[73.103852, 2.186591], [73.103852, 2.18651], [73.102875, 2.184394], [73.102875, 2.182115], [73.102306, 2.180976], [73.099457, 2.181952], [73.098888, 2.184597], [73.098888, 2.184638], [73.099783, 2.185533], [73.101736, 2.185696], [73.103852, 2.186591]]}}, {"type": "Feature", "properties": {}, "geometry": {"type": "LineString", "coordinates": [[73.115489, 2.199693], [73.116873, 2.197659], [73.12086, 2.191799], [73.115001, 2.191799], [73.113943, 2.193468], [73.113943, 2.193508], [73.114919, 2.196438], [73.115489, 2.199693]]}}, {"type": "Feature", "properties": {}, "geometry": {"type": "LineString", "coordinates": [[72.948416, 2.274888], [72.946381, 2.272406], [72.9463, 2.272366], [72.943126, 2.273017], [72.948416, 2.274888]]}}, {"type": "Feature", "properties": {}, "geometry": {"type": "LineString", "coordinates": [[72.926117, 2.32746], [72.927013, 2.316067], [72.922537, 2.319566], [72.922374, 2.322089], [72.924327, 2.324449], [72.926117, 2.32746]]}}, {"type": "Feature", "properties": {}, "geometry": {"type": "LineString", "coordinates": [[73.344005, 2.348049], [73.343923, 2.347439], [73.343598, 2.344184], [73.342296, 2.342393], [73.342052, 2.342108], [73.344005, 2.348049]]}}, {"type": "Feature", "properties": {}, "geometry": {"type": "LineString", "coordinates": [[73.354259, 2.437201], [73.361339, 2.424709], [73.365326, 2.413886], [73.366222, 2.411526], [73.367035, 2.398017], [73.367035, 2.398017], [73.362641, 2.385118], [73.362559, 2.384914], [73.353852, 2.429023], [73.354259, 2.437201]]}}, {"type": "Feature", "properties": {}, "geometry": {"type": "LineString", "coordinates": [[73.314789, 2.505805], [73.315196, 2.494127], [73.315196, 2.494045], [73.313731, 2.495185], [73.311778, 2.496772], [73.311778, 2.496894], [73.311534, 2.499254], [73.313243, 2.502102], [73.314789, 2.505805]]}}, {"type": "Feature", "properties": {}, "geometry": {"type": "LineString", "coordinates": [[73.145518, 2.55329], [73.143809, 2.55036], [73.141124, 2.55036], [73.140961, 2.55036], [73.145518, 2.55329]]}}, {"type": "Feature", "properties": {}, "geometry": {"type": "LineString", "coordinates": [[72.900076, 2.682196], [72.902599, 2.680976], [72.905284, 2.680813], [72.906423, 2.679674], [72.90447, 2.675727], [72.901134, 2.676174], [72.900564, 2.677558], [72.900727, 2.679755], [72.900076, 2.682196]]}}, {"type": "Feature", "properties": {}, "geometry": {"type": "LineString", "coordinates": [[72.872569, 2.694159], [72.873709, 2.683661], [72.873709, 2.68358], [72.867361, 2.686672], [72.866954, 2.688951], [72.869802, 2.69123], [72.872569, 2.694159]]}}, {"type": "Feature", "properties": {}, "geometry": {"type": "LineString", "coordinates": [[73.022309, 2.741685], [73.032237, 2.745103], [73.032237, 2.745022], [73.028005, 2.738227], [73.025401, 2.737616], [73.02239, 2.741645], [73.022309, 2.741685]]}}, {"type": "Feature", "properties": {}, "geometry": {"type": "LineString", "coordinates": [[73.353526, 2.778266], [73.352712, 2.775702], [73.353526, 2.773627], [73.353526, 2.771918], [73.351492, 2.770738], [73.35141, 2.770697], [73.348481, 2.775377], [73.349294, 2.777167], [73.351573, 2.777533], [73.353526, 2.778266]]}}, {"type": "Feature", "properties": {}, "geometry": {"type": "LineString", "coordinates": [[73.399262, 2.785712], [73.390636, 2.775377], [73.391856, 2.78148], [73.394379, 2.784329], [73.397472, 2.785305], [73.399262, 2.785712]]}}, {"type": "Feature", "properties": {}, "geometry": {"type": "LineString", "coordinates": [[73.548595, 2.892727], [73.548757, 2.892605], [73.550141, 2.891343], [73.551036, 2.890611], [73.551036, 2.890611], [73.549083, 2.888129], [73.549083, 2.888739], [73.548595, 2.892727]]}}, {"type": "Feature", "properties": {}, "geometry": {"type": "LineString", "coordinates": [[73.360362, 2.903876], [73.361013, 2.901516], [73.362315, 2.899726], [73.362804, 2.898383], [73.36085, 2.897569], [73.360688, 2.897528], [73.35727, 2.899807], [73.35727, 2.90119], [73.359141, 2.902289], [73.360362, 2.903876]]}}, {"type": "Feature", "properties": {}, "geometry": {"type": "LineString", "coordinates": [[73.008474, 2.953315], [73.014903, 2.947414], [73.010427, 2.945258], [73.010427, 2.945258], [73.009939, 2.945705], [73.009044, 2.946438], [73.009044, 2.949449], [73.009044, 2.94953], [73.008474, 2.953315]]}}, {"type": "Feature", "properties": {}, "geometry": {"type": "LineString", "coordinates": [[73.56422, 2.954739], [73.56422, 2.954617], [73.562022, 2.946112], [73.56129, 2.948472], [73.561778, 2.950385], [73.56422, 2.954739]]}}, {"type": "Feature", "properties": {}, "geometry": {"type": "LineString", "coordinates": [[73.585948, 2.961615], [73.585867, 2.961534], [73.577485, 2.951158], [73.578461, 2.957343], [73.581309, 2.96015], [73.584158, 2.961249], [73.585948, 2.961615]]}}, {"type": "Feature", "properties": {}, "geometry": {"type": "LineString", "coordinates": [[72.870128, 2.969184], [72.870128, 2.969062], [72.867686, 2.960883], [72.865082, 2.958157], [72.864919, 2.960883], [72.870128, 2.969184]]}}, {"type": "Feature", "properties": {}, "geometry": {"type": "LineString", "coordinates": [[72.901622, 3.083808], [72.902843, 3.081855], [72.904145, 3.081488], [72.904796, 3.081285], [72.906016, 3.08039], [72.90447, 3.077379], [72.899913, 3.07685], [72.899425, 3.078192], [72.900727, 3.080634], [72.901622, 3.083808]]}}, {"type": "Feature", "properties": {}, "geometry": {"type": "LineString", "coordinates": [[73.613048, 3.106757], [73.612559, 3.102973], [73.608409, 3.100409], [73.613048, 3.106757]]}}, {"type": "Feature", "properties": {}, "geometry": {"type": "LineString", "coordinates": [[72.977875, 3.110175], [72.978038, 3.110053], [72.979177, 3.108059], [72.981293, 3.106635], [72.981781, 3.105048], [72.978201, 3.102729], [72.975108, 3.104193], [72.975352, 3.105699], [72.976899, 3.107652], [72.977875, 3.110175]]}}, {"type": "Feature", "properties": {}, "geometry": {"type": "LineString", "coordinates": [[73.042247, 3.205471], [73.043468, 3.203518], [73.043549, 3.203477], [73.045665, 3.202867], [73.046886, 3.202053], [73.045095, 3.19892], [73.040701, 3.198472], [73.040212, 3.199734], [73.040212, 3.199774], [73.041352, 3.202297], [73.042247, 3.205471]]}}, {"type": "Feature", "properties": {}, "geometry": {"type": "LineString", "coordinates": [[73.031749, 3.252997], [73.03183, 3.252875], [73.033214, 3.250881], [73.035167, 3.249335], [73.035655, 3.247789], [73.031993, 3.245551], [73.031749, 3.245673], [73.028982, 3.246894], [73.029307, 3.24844], [73.030772, 3.250474], [73.031749, 3.252997]]}}, {"type": "Feature", "properties": {}, "geometry": {"type": "LineString", "coordinates": [[72.833263, 3.312486], [72.834483, 3.310533], [72.836681, 3.310004], [72.837087, 3.309638], [72.837657, 3.309068], [72.836111, 3.305976], [72.831554, 3.305609], [72.831391, 3.305609], [72.831228, 3.30683], [72.832367, 3.309312], [72.833263, 3.312486]]}}, {"type": "Feature", "properties": {}, "geometry": {"type": "LineString", "coordinates": [[73.516368, 3.361233], [73.516531, 3.36107], [73.517426, 3.360297], [73.518809, 3.359117], [73.518891, 3.358873], [73.519135, 3.356594], [73.519216, 3.356391], [73.516368, 3.361233]]}}, {"type": "Feature", "properties": {}, "geometry": {"type": "LineString", "coordinates": [[73.747569, 3.451117], [73.748383, 3.448635], [73.748546, 3.448188], [73.751231, 3.44713], [73.753184, 3.446357], [73.753103, 3.446438], [73.747732, 3.450995], [73.747569, 3.451117]]}}, {"type": "Feature", "properties": {}, "geometry": {"type": "LineString", "coordinates": [[73.50587, 3.501207], [73.506114, 3.497707], [73.506196, 3.497626], [73.508556, 3.496487], [73.508474, 3.496568], [73.50587, 3.501207]]}}, {"type": "Feature", "properties": {}, "geometry": {"type": "LineString", "coordinates": [[72.952403, 3.733832], [72.953787, 3.731635], [72.955821, 3.730129], [72.955821, 3.728705], [72.951996, 3.726874], [72.948985, 3.728583], [72.949392, 3.730048], [72.951182, 3.731513], [72.952403, 3.733832]]}}, {"type": "Feature", "properties": {}, "geometry": {"type": "LineString", "coordinates": [[72.945811, 3.772121], [72.947113, 3.769843], [72.948578, 3.768785], [72.949067, 3.768378], [72.949392, 3.766995], [72.945323, 3.765204], [72.945323, 3.765204], [72.944916, 3.765448], [72.942393, 3.766954], [72.942393, 3.766995], [72.942882, 3.768378], [72.944672, 3.769843], [72.945811, 3.772121]]}}, {"type": "Feature", "properties": {}, "geometry": {"type": "LineString", "coordinates": [[72.944591, 3.836859], [72.945811, 3.834662], [72.946625, 3.834011], [72.947765, 3.833075], [72.94809, 3.831692], [72.944102, 3.829901], [72.944102, 3.829901], [72.941173, 3.831692], [72.941661, 3.833075], [72.94337, 3.834662], [72.944591, 3.836859]]}}, {"type": "Feature", "properties": {}, "geometry": {"type": "LineString", "coordinates": [[73.437266, 3.846625], [73.435232, 3.844916], [73.433442, 3.842719], [73.432302, 3.841742], [73.432302, 3.841702], [73.431488, 3.843695], [73.432465, 3.846829], [73.43393, 3.847398], [73.43572, 3.846829], [73.437266, 3.846625]]}}, {"type": "Feature", "properties": {}, "geometry": {"type": "LineString", "coordinates": [[73.443533, 3.920559], [73.443451, 3.920478], [73.443044, 3.918769], [73.438487, 3.916612], [73.438162, 3.916449], [73.443533, 3.920559]]}}, {"type": "Feature", "properties": {}, "geometry": {"type": "LineString", "coordinates": [[73.345063, 3.944729], [73.341482, 3.943101], [73.341482, 3.942043], [73.3449, 3.944566], [73.345063, 3.944729]]}}, {"type": "Feature", "properties": {}, "geometry": {"type": "LineString", "coordinates": [[73.422618, 4.118354], [73.422537, 4.118191], [73.421397, 4.11636], [73.419119, 4.115749], [73.418956, 4.115709], [73.422618, 4.118354]]}}, {"type": "Feature", "properties": {}, "geometry": {"type": "LineString", "coordinates": [[73.546197, 4.243039], [73.533271, 4.231004], [73.52614, 4.207827], [73.520533, 4.191123], [73.512015, 4.186301], [73.432093, 4.189998], [73.431201, 4.184649], [73.476665, 4.168603], [73.486916, 4.164146], [73.510891, 4.162087], [73.526585, 4.171278], [73.538174, 4.183312], [73.549317, 4.212284], [73.551992, 4.22833], [73.552883, 4.236799], [73.546197, 4.243039]]}}, {"type": "Feature", "properties": {}, "geometry": {"type": "LineString", "coordinates": [[72.94516, 4.266303], [72.958669, 4.262519], [72.958588, 4.262519], [72.954438, 4.261501], [72.954356, 4.261461], [72.951182, 4.262356], [72.94516, 4.266303]]}}, {"type": "Feature", "properties": {}, "geometry": {"type": "LineString", "coordinates": [[73.595876, 4.342271], [73.595714, 4.34219], [73.592459, 4.340155], [73.589366, 4.340562], [73.589122, 4.340562], [73.595876, 4.342271]]}}, {"type": "Feature", "properties": {}, "geometry": {"type": "LineString", "coordinates": [[73.611501, 4.363105], [73.611501, 4.362942], [73.611339, 4.360297], [73.61199, 4.3581], [73.61199, 4.358059], [73.611827, 4.356513], [73.609548, 4.355618], [73.607677, 4.358059], [73.607677, 4.3581], [73.608246, 4.359442], [73.609874, 4.360826], [73.611501, 4.363105]]}}, {"type": "Feature", "properties": {}, "geometry": {"type": "LineString", "coordinates": [[73.63795, 4.370551], [73.637869, 4.370429], [73.637055, 4.368069], [73.637462, 4.365627], [73.637462, 4.365465], [73.637462, 4.365465], [73.637055, 4.364], [73.637055, 4.363959], [73.635753, 4.364244], [73.6338, 4.364651], [73.633637, 4.364691], [73.631684, 4.368476], [73.632986, 4.369534], [73.635427, 4.369574], [73.63795, 4.370551]]}}, {"type": "Feature", "properties": {}, "geometry": {"type": "LineString", "coordinates": [[73.667979, 4.3935], [73.667979, 4.393459], [73.667817, 4.390692], [73.667817, 4.390692], [73.668468, 4.388495], [73.668305, 4.386868], [73.666189, 4.385932], [73.664317, 4.388332], [73.664887, 4.389797], [73.666515, 4.391303], [73.667979, 4.3935]]}}, {"type": "Feature", "properties": {}, "geometry": {"type": "LineString", "coordinates": [[72.957042, 4.4383], [72.956065, 4.422105], [72.948904, 4.422919], [72.947113, 4.423082], [72.94337, 4.431586], [72.957042, 4.4383]]}}, {"type": "Feature", "properties": {}, "geometry": {"type": "LineString", "coordinates": [[73.553559, 4.62051], [73.553559, 4.620266], [73.553477, 4.617662], [73.553477, 4.617662], [73.554047, 4.615465], [73.553884, 4.613918], [73.551606, 4.612982], [73.550955, 4.613837], [73.549815, 4.615383], [73.550466, 4.616848], [73.552013, 4.618232], [73.553559, 4.62051]]}}, {"type": "Feature", "properties": {}, "geometry": {"type": "LineString", "coordinates": [[73.629568, 5.418524], [73.634532, 5.410956], [73.636729, 5.402899], [73.636729, 5.402859], [73.635916, 5.394477], [73.632498, 5.386257], [73.632498, 5.386054], [73.627778, 5.413275], [73.629568, 5.418524]]}}, {"type": "Feature", "properties": {}, "geometry": {"type": "LineString", "coordinates": [[73.005626, 5.463202], [73.005544, 5.463121], [73.004161, 5.461412], [73.002615, 5.457587], [73.000987, 5.456244], [72.999034, 5.461005], [72.999034, 5.461086], [73.000011, 5.46247], [73.002778, 5.46247], [73.005626, 5.463202]]}}, {"type": "Feature", "properties": {}, "geometry": {"type": "LineString", "coordinates": [[72.883962, 5.494086], [72.882498, 5.492011], [72.881847, 5.490058], [72.881114, 5.488471], [72.879161, 5.48786], [72.877696, 5.492092], [72.877696, 5.492133], [72.878754, 5.49315], [72.881196, 5.493232], [72.883962, 5.494086]]}}, {"type": "Feature", "properties": {}, "geometry": {"type": "LineString", "coordinates": [[73.019054, 5.617825], [73.018972, 5.617662], [73.017345, 5.615709], [73.016856, 5.613756], [73.016124, 5.61225], [73.014171, 5.611599], [73.014008, 5.611558], [73.012869, 5.615709], [73.013927, 5.616889], [73.016449, 5.616889], [73.019054, 5.617825]]}}, {"type": "Feature", "properties": {}, "geometry": {"type": "LineString", "coordinates": [[73.014659, 5.676988], [73.014659, 5.676947], [73.013194, 5.675035], [73.012462, 5.673], [73.011892, 5.671536], [73.009776, 5.670844], [73.008556, 5.674994], [73.008556, 5.675035], [73.009776, 5.676093], [73.012055, 5.676256], [73.014659, 5.676988]]}}, {"type": "Feature", "properties": {}, "geometry": {"type": "LineString", "coordinates": [[73.392833, 5.737698], [73.392426, 5.736802], [73.380707, 5.714586], [73.380626, 5.714748], [73.379893, 5.715033], [73.379812, 5.715074], [73.379568, 5.715155], [73.379568, 5.715155], [73.382579, 5.722113], [73.392833, 5.737698]]}}, {"type": "Feature", "properties": {}, "geometry": {"type": "LineString", "coordinates": [[72.986827, 5.770738], [72.98585, 5.76557], [72.982839, 5.762559], [72.982758, 5.762519], [72.986827, 5.770738]]}}, {"type": "Feature", "properties": {}, "geometry": {"type": "LineString", "coordinates": [[73.382335, 5.794989], [73.382335, 5.794745], [73.38266, 5.791693], [73.384288, 5.789252], [73.384532, 5.787014], [73.384532, 5.786933], [73.384532, 5.786933], [73.380707, 5.784125], [73.376801, 5.78734], [73.377696, 5.789537], [73.380219, 5.791693], [73.382335, 5.794989]]}}, {"type": "Feature", "properties": {}, "geometry": {"type": "LineString", "coordinates": [[72.976573, 5.813625], [72.976573, 5.813544], [72.975108, 5.804551], [72.975108, 5.804429], [72.972423, 5.807034], [72.970958, 5.808417], [72.970958, 5.808417], [72.971039, 5.810452], [72.973806, 5.811713], [72.976573, 5.813625]]}}, {"type": "Feature", "properties": {}, "geometry": {"type": "LineString", "coordinates": [[73.44988, 5.840766], [73.449799, 5.840725], [73.433767, 5.830878], [73.433442, 5.830715], [73.438975, 5.838284], [73.443126, 5.841254], [73.446544, 5.841498], [73.44988, 5.840766]]}}, {"type": "Feature", "properties": {}, "geometry": {"type": "LineString", "coordinates": [[72.963634, 5.864325], [72.963715, 5.86404], [72.966482, 5.850287], [72.966482, 5.850246], [72.962657, 5.853461], [72.961925, 5.856676], [72.961925, 5.856676], [72.963634, 5.864325]]}}, {"type": "Feature", "properties": {}, "geometry": {"type": "LineString", "coordinates": [[73.429047, 5.911363], [73.429047, 5.9112], [73.428477, 5.908596], [73.428477, 5.908515], [73.428477, 5.906195], [73.428477, 5.904446], [73.42628, 5.903266], [73.423188, 5.906887], [73.424083, 5.908433], [73.426606, 5.909491], [73.429047, 5.911363]]}}, {"type": "Feature", "properties": {}, "geometry": {"type": "LineString", "coordinates": [[72.931651, 5.969062], [72.930186, 5.956936], [72.925792, 5.963243], [72.925792, 5.963284], [72.926443, 5.966295], [72.931651, 5.969062]]}}, {"type": "Feature", "properties": {}, "geometry": {"type": "LineString", "coordinates": [[73.389822, 5.970282], [73.395333, 5.957802], [73.386729, 5.961982], [73.384532, 5.964748], [73.389822, 5.970282]]}}, {"type": "Feature", "properties": {}, "geometry": {"type": "LineString", "coordinates": [[72.915701, 5.98135], [72.915619, 5.981269], [72.913829, 5.979641], [72.913422, 5.977362], [72.912852, 5.976304], [72.911388, 5.977078], [72.909841, 5.977932], [72.909679, 5.982123], [72.910899, 5.982733], [72.913097, 5.981635], [72.915701, 5.98135]]}}, {"type": "Feature", "properties": {}, "geometry": {"type": "LineString", "coordinates": [[73.250743, 6.083401], [73.250662, 6.083279], [73.249034, 6.079535], [73.245453, 6.079779], [73.250743, 6.083401]]}}, {"type": "Feature", "properties": {}, "geometry": {"type": "LineString", "coordinates": [[73.252126, 6.111233], [73.248871, 6.110175], [73.246837, 6.107733], [73.247244, 6.107978], [73.251964, 6.111151], [73.252126, 6.111233]]}}, {"type": "Feature", "properties": {}, "geometry": {"type": "LineString", "coordinates": [[73.22047, 6.132066], [73.220388, 6.131985], [73.219005, 6.129299], [73.21518, 6.128567], [73.22047, 6.132066]]}}, {"type": "Feature", "properties": {}, "geometry": {"type": "LineString", "coordinates": [[73.270274, 6.156928], [73.270193, 6.156806], [73.268809, 6.154486], [73.268077, 6.152411], [73.267263, 6.150946], [73.26531, 6.150662], [73.265147, 6.150621], [73.265391, 6.153551], [73.266612, 6.154853], [73.26824, 6.155585], [73.270274, 6.156928]]}}, {"type": "Feature", "properties": {}, "geometry": {"type": "LineString", "coordinates": [[73.219086, 6.172349], [73.215831, 6.17121], [73.214041, 6.168769], [73.218923, 6.172268], [73.219086, 6.172349]]}}, {"type": "Feature", "properties": {}, "geometry": {"type": "LineString", "coordinates": [[73.270844, 6.189439], [73.270844, 6.189358], [73.268077, 6.178697], [73.265391, 6.182766], [73.265961, 6.185004], [73.268403, 6.186835], [73.270844, 6.189439]]}}, {"type": "Feature", "properties": {}, "geometry": {"type": "LineString", "coordinates": [[73.03419, 6.222357], [73.030447, 6.221015], [73.028982, 6.218817], [73.029145, 6.21898], [73.034028, 6.222235], [73.03419, 6.222357]]}}, {"type": "Feature", "properties": {}, "geometry": {"type": "LineString", "coordinates": [[73.24171, 6.239691], [73.242198, 6.236477], [73.243663, 6.234036], [73.243907, 6.231635], [73.240245, 6.228949], [73.236339, 6.232123], [73.236339, 6.232123], [73.237071, 6.23428], [73.239757, 6.236477], [73.24171, 6.239691]]}}, {"type": "Feature", "properties": {}, "geometry": {"type": "LineString", "coordinates": [[73.128429, 6.286851], [73.12615, 6.284003], [73.123057, 6.283352], [73.122895, 6.283352], [73.128429, 6.286851]]}}, {"type": "Feature", "properties": {}, "geometry": {"type": "LineString", "coordinates": [[73.21518, 6.294827], [73.209321, 6.286851], [73.208751, 6.286444], [73.209158, 6.286689], [73.213064, 6.289211], [73.21518, 6.294664], [73.21518, 6.294827]]}}, {"type": "Feature", "properties": {}, "geometry": {"type": "LineString", "coordinates": [[73.083344, 6.30858], [73.083263, 6.308458], [73.081391, 6.305609], [73.078461, 6.305121], [73.078136, 6.30508], [73.083344, 6.30858]]}}, {"type": "Feature", "properties": {}, "geometry": {"type": "LineString", "coordinates": [[73.197032, 6.32746], [73.197113, 6.327297], [73.198253, 6.324693], [73.199311, 6.324205], [73.200369, 6.323717], [73.201915, 6.32217], [73.20102, 6.318264], [73.195079, 6.319648], [73.194998, 6.319932], [73.194184, 6.321601], [73.195974, 6.324286], [73.197032, 6.32746]]}}, {"type": "Feature", "properties": {}, "geometry": {"type": "LineString", "coordinates": [[73.124522, 6.332506], [73.120942, 6.331041], [73.119314, 6.328925], [73.11964, 6.329169], [73.124197, 6.332261], [73.124522, 6.332506]]}}, {"type": "Feature", "properties": {}, "geometry": {"type": "LineString", "coordinates": [[73.187266, 6.350775], [73.184906, 6.349066], [73.183604, 6.347317], [73.18214, 6.34634], [73.180186, 6.347113], [73.180186, 6.347113], [73.181, 6.34984], [73.182628, 6.350491], [73.184825, 6.350328], [73.187266, 6.350775]]}}, {"type": "Feature", "properties": {}, "geometry": {"type": "LineString", "coordinates": [[73.020518, 6.368964], [73.021821, 6.366767], [73.023936, 6.365871], [73.024913, 6.364814], [73.024181, 6.362698], [73.019298, 6.363593], [73.018728, 6.36522], [73.019867, 6.367174], [73.020518, 6.368964]]}}, {"type": "Feature", "properties": {}, "geometry": {"type": "LineString", "coordinates": [[72.690929, 6.411607], [72.690847, 6.411566], [72.688813, 6.409735], [72.687185, 6.407416], [72.685883, 6.40648], [72.684825, 6.408393], [72.685883, 6.411607], [72.687511, 6.412258], [72.689138, 6.411607], [72.690929, 6.411607]]}}, {"type": "Feature", "properties": {}, "geometry": {"type": "LineString", "coordinates": [[72.902843, 6.440172], [72.90447, 6.437974], [72.906423, 6.436916], [72.906912, 6.436428], [72.907481, 6.43594], [72.907481, 6.435858], [72.906586, 6.433824], [72.902029, 6.43476], [72.901866, 6.435045], [72.901134, 6.436347], [72.902192, 6.4383], [72.902843, 6.440172]]}}, {"type": "Feature", "properties": {}, "geometry": {"type": "LineString", "coordinates": [[73.048813, 6.441342], [73.043142, 6.433702], [73.043305, 6.433865], [73.046235, 6.436265], [73.048813, 6.441342]]}}, {"type": "Feature", "properties": {}, "geometry": {"type": "LineString", "coordinates": [[72.962087, 6.559027], [72.959972, 6.557522], [72.958995, 6.555487], [72.958018, 6.554348], [72.955821, 6.555325], [72.956798, 6.560004], [72.958344, 6.560696], [72.958425, 6.560655], [72.960216, 6.559516], [72.962087, 6.559027]]}}, {"type": "Feature", "properties": {}, "geometry": {"type": "LineString", "coordinates": [[72.924001, 6.565253], [72.925548, 6.563056], [72.927501, 6.562079], [72.928722, 6.561103], [72.927745, 6.558946], [72.927745, 6.558905], [72.923106, 6.559882], [72.922537, 6.56151], [72.923513, 6.563381], [72.924001, 6.565253]]}}, {"type": "Feature", "properties": {}, "geometry": {"type": "LineString", "coordinates": [[73.029959, 6.582343], [73.029877, 6.58218], [73.02947, 6.579657], [73.030121, 6.577541], [73.030365, 6.576117], [73.030447, 6.576077], [73.030447, 6.576077], [73.028168, 6.575181], [73.027354, 6.576483], [73.025564, 6.57925], [73.026134, 6.580797], [73.028331, 6.581366], [73.029959, 6.582343]]}}, {"type": "Feature", "properties": {}, "geometry": {"type": "LineString", "coordinates": [[73.04477, 6.621894], [73.042654, 6.620347], [73.041515, 6.618354], [73.040701, 6.617174], [73.038422, 6.61815], [73.039399, 6.62287], [73.041026, 6.623603], [73.041108, 6.623562], [73.042979, 6.622504], [73.04477, 6.621894]]}}, {"type": "Feature", "properties": {}, "geometry": {"type": "LineString", "coordinates": [[73.069509, 6.667955], [73.061778, 6.660956], [73.062266, 6.666897], [73.064138, 6.668402], [73.066661, 6.668118], [73.069509, 6.667955]]}}, {"type": "Feature", "properties": {}, "geometry": {"type": "LineString", "coordinates": [[73.105968, 6.709947], [73.105968, 6.709906], [73.103526, 6.705878], [73.102306, 6.702338], [73.100434, 6.699774], [73.095958, 6.698472], [73.095876, 6.698432], [73.09669, 6.706122], [73.099294, 6.70893], [73.105968, 6.709947]]}}, {"type": "Feature", "properties": {}, "geometry": {"type": "LineString", "coordinates": [[73.036632, 6.759711], [73.036632, 6.75963], [73.036143, 6.757148], [73.036143, 6.757107], [73.036225, 6.756781], [73.036794, 6.755072], [73.036876, 6.753485], [73.034679, 6.75259], [73.033865, 6.753852], [73.031993, 6.756578], [73.032888, 6.758246], [73.034841, 6.758734], [73.036632, 6.759711]]}}, {"type": "Feature", "properties": {}, "geometry": {"type": "LineString", "coordinates": [[72.918468, 6.763983], [72.918468, 6.763983], [72.916515, 6.762437], [72.915375, 6.760443], [72.914317, 6.759223], [72.912364, 6.760077], [72.912283, 6.760159], [72.913259, 6.764879], [72.914887, 6.76557], [72.916759, 6.764472], [72.918468, 6.763983]]}}, {"type": "Feature", "properties": {}, "geometry": {"type": "LineString", "coordinates": [[73.159516, 6.786526], [73.152517, 6.768215], [73.135997, 6.741197], [73.131684, 6.725043], [73.131847, 6.725165], [73.144786, 6.735541], [73.152843, 6.749213], [73.166515, 6.780341], [73.165538, 6.783149], [73.165538, 6.785631], [73.165538, 6.785712], [73.164236, 6.787055], [73.159516, 6.786526]]}}, {"type": "Feature", "properties": {}, "geometry": {"type": "LineString", "coordinates": [[73.181651, 6.830512], [73.197276, 6.828111], [73.197276, 6.828111], [73.189464, 6.822821], [73.183767, 6.821153], [73.183767, 6.821112], [73.180837, 6.823432], [73.181651, 6.830512]]}}, {"type": "Feature", "properties": {}, "geometry": {"type": "LineString", "coordinates": [[72.995779, 6.841498], [72.995697, 6.841457], [72.993663, 6.839911], [72.992442, 6.837877], [72.991547, 6.836737], [72.989513, 6.837592], [72.989431, 6.837633], [72.990245, 6.842434], [72.992035, 6.843004], [72.993907, 6.841986], [72.995779, 6.841498]]}}, {"type": "Feature", "properties": {}, "geometry": {"type": "LineString", "coordinates": [[73.144379, 6.843411], [73.142263, 6.841864], [73.141287, 6.839911], [73.14031, 6.83869], [73.138031, 6.839667], [73.139008, 6.844428], [73.140636, 6.845038], [73.140636, 6.844997], [73.142589, 6.84394], [73.144379, 6.843411]]}}, {"type": "Feature", "properties": {}, "geometry": {"type": "LineString", "coordinates": [[72.976085, 6.852851], [72.975597, 6.850287], [72.976248, 6.848131], [72.976248, 6.848049], [72.976329, 6.846666], [72.974213, 6.845852], [72.974132, 6.845852], [72.971528, 6.849758], [72.972341, 6.851386], [72.974376, 6.851996], [72.976085, 6.852851]]}}, {"type": "Feature", "properties": {}, "geometry": {"type": "LineString", "coordinates": [[73.098155, 6.8522], [73.098074, 6.852118], [73.096039, 6.850572], [73.095063, 6.8487], [73.094005, 6.847561], [73.092784, 6.847968], [73.091807, 6.848334], [73.092947, 6.853095], [73.094493, 6.853827], [73.096365, 6.852769], [73.096446, 6.852729], [73.096446, 6.852729], [73.098155, 6.8522]]}}, {"type": "Feature", "properties": {}, "geometry": {"type": "LineString", "coordinates": [[72.964692, 6.860663], [72.962657, 6.859198], [72.961436, 6.857327], [72.960623, 6.856065], [72.960623, 6.856024], [72.958751, 6.856838], [72.958507, 6.85696], [72.958344, 6.857001], [72.959239, 6.86164], [72.961111, 6.862454], [72.962901, 6.861314], [72.964692, 6.860663]]}}, {"type": "Feature", "properties": {}, "geometry": {"type": "LineString", "coordinates": [[73.106212, 6.896715], [73.106212, 6.896674], [73.105724, 6.894029], [73.106293, 6.891913], [73.106537, 6.89053], [73.106619, 6.890448], [73.106619, 6.890448], [73.10434, 6.889553], [73.101736, 6.893541], [73.102306, 6.895209], [73.104503, 6.895738], [73.106212, 6.896715]]}}, {"type": "Feature", "properties": {}, "geometry": {"type": "LineString", "coordinates": [[73.214041, 6.918606], [73.214041, 6.918524], [73.213064, 6.904608], [73.208751, 6.891099], [73.203949, 6.884955], [73.20102, 6.893134], [73.201915, 6.902248], [73.204926, 6.91177], [73.209158, 6.91828], [73.214041, 6.918606]]}}, {"type": "Feature", "properties": {}, "geometry": {"type": "LineString", "coordinates": [[72.925955, 6.957424], [72.925955, 6.957017], [72.92628, 6.953803], [72.924585, 6.951704], [72.925955, 6.957424]]}}, {"type": "Feature", "properties": {}, "geometry": {"type": "LineString", "coordinates": [[73.198497, 6.97134], [73.194672, 6.951239], [73.193858, 6.950995], [73.19337, 6.950995], [73.193207, 6.950995], [73.193044, 6.951077], [73.192556, 6.951239], [73.191905, 6.951646], [73.191173, 6.96133], [73.191905, 6.967597], [73.194102, 6.970893], [73.198497, 6.97134]]}}, {"type": "Feature", "properties": {}, "geometry": {"type": "LineString", "coordinates": [[72.891938, 6.991034], [72.891938, 6.987698], [72.890554, 6.98546], [72.890473, 6.985419], [72.891938, 6.991034]]}}, {"type": "Feature", "properties": {}, "geometry": {"type": "LineString", "coordinates": [[72.979747, 7.027737], [72.979747, 7.027533], [72.981456, 7.013983], [72.977306, 7.019029], [72.977224, 7.02261], [72.977224, 7.02265], [72.977224, 7.022691], [72.979747, 7.027737]]}}, {"type": "Feature", "properties": {}, "geometry": {"type": "LineString", "coordinates": [[72.949962, 7.056545], [72.947765, 7.0539], [72.948497, 7.050849], [72.949962, 7.056423], [72.949962, 7.056545]]}}, {"type": "Feature", "properties": {}, "geometry": {"type": "LineString", "coordinates": [[72.912852, 7.092719], [72.912852, 7.092597], [72.911876, 7.083197], [72.906423, 7.089016], [72.906586, 7.09101], [72.909679, 7.09162], [72.912852, 7.092719]]}}, {"type": "Feature", "properties": {}, "geometry": {"type": "LineString", "coordinates": [[72.8838, 7.107245], [72.884532, 7.105699], [72.884532, 7.105658], [72.884532, 7.103705], [72.882498, 7.10163], [72.882498, 7.10163], [72.8838, 7.107245]]}}, {"type": "Feature", "properties": {}, "geometry": {"type": "LineString", "coordinates": [[97.869965, 9.425238], [97.84962, 9.442125], [97.853282, 9.461371], [97.871837, 9.473049], [97.895274, 9.467353], [97.899425, 9.461127], [97.900157, 9.45307], [97.898204, 9.444973], [97.894786, 9.438707], [97.886974, 9.438218], [97.877208, 9.442084], [97.869884, 9.440741], [97.869965, 9.425238]]}}, {"type": "Feature", "properties": {}, "geometry": {"type": "LineString", "coordinates": [[54.266368, 24.294501], [54.257335, 24.287746], [54.247813, 24.283189], [54.239268, 24.281195], [54.228282, 24.281399], [54.222179, 24.284491], [54.205089, 24.302924], [54.192393, 24.311103], [54.183116, 24.315009], [54.179454, 24.321438], [54.184581, 24.337063], [54.191905, 24.346177], [54.203787, 24.353746], [54.218028, 24.357978], [54.232432, 24.357571], [54.241222, 24.340766], [54.25115, 24.326565], [54.273448, 24.302924], [54.266368, 24.294501]]}}, {"type": "Feature", "properties": {}, "geometry": {"type": "LineString", "coordinates": [[98.547597, 0.159327], [98.590049, 0.171656], [98.625416, 0.175154], [98.673149, 0.169812], [98.717352, 0.17512], [98.743868, 0.166266], [98.766855, 0.166261], [98.805744, 0.160916], [98.835799, 0.141469], [98.851685, 0.109621], [98.844589, 0.084859], [98.802151, 0.086636], [98.763256, 0.086648], [98.726125, 0.074285], [98.689004, 0.070775], [98.650123, 0.079622], [98.620081, 0.086703], [98.575883, 0.08675], [98.53874, 0.090335], [98.528133, 0.111576], [98.524601, 0.145197], [98.547597, 0.159327]]}}, {"type": "Feature", "properties": {}, "geometry": {"type": "LineString", "coordinates": [[101.271169, 3.046454], [101.262869, 3.056342], [101.244395, 3.049018], [101.23699, 3.035061], [101.243826, 3.02619], [101.259613, 3.030219], [101.267345, 3.035305], [101.271169, 3.046454]]}}, {"type": "Feature", "properties": {}, "geometry": {"type": "LineString", "coordinates": [[101.337657, 3.051825], [101.336192, 3.065009], [101.323497, 3.071112], [101.305919, 3.063951], [101.292328, 3.042914], [101.268077, 2.982123], [101.266368, 2.971503], [101.268077, 2.965155], [101.275645, 2.967719], [101.281423, 2.97248], [101.287283, 2.978217], [101.302257, 2.988674], [101.321462, 2.996161], [101.335297, 3.009019], [101.337901, 3.031928], [101.336436, 3.044745], [101.337657, 3.051825]]}}, {"type": "Feature", "properties": {}, "geometry": {"type": "LineString", "coordinates": [[98.288422, 9.004462], [98.279307, 9.009345], [98.260916, 9.012926], [98.252208, 8.997016], [98.25587, 8.966376], [98.255707, 8.939765], [98.250987, 8.918443], [98.253103, 8.897854], [98.261567, 8.878567], [98.270518, 8.877183], [98.293956, 8.934638], [98.306977, 8.957913], [98.310883, 8.978176], [98.299083, 8.997382], [98.288422, 9.004462]]}}, {"type": "Feature", "properties": {}, "geometry": {"type": "LineString", "coordinates": [[42.635997, 15.445543], [42.631033, 15.45425], [42.623871, 15.457343], [42.601899, 15.446275], [42.597504, 15.439154], [42.593435, 15.430732], [42.583751, 15.422797], [42.570974, 15.410102], [42.55893, 15.392971], [42.556163, 15.341457], [42.545909, 15.316962], [42.545746, 15.29442], [42.557384, 15.277574], [42.56837, 15.268866], [42.582205, 15.268215], [42.593923, 15.278713], [42.614106, 15.308051], [42.615245, 15.314032], [42.609386, 15.312201], [42.608409, 15.314032], [42.613292, 15.318549], [42.615489, 15.326361], [42.613455, 15.334703], [42.616222, 15.34809], [42.628103, 15.386461], [42.628184, 15.398668], [42.6185, 15.400092], [42.605642, 15.393012], [42.59254, 15.389472], [42.581554, 15.391588], [42.584727, 15.396633], [42.598969, 15.403632], [42.608084, 15.410386], [42.61199, 15.416571], [42.611501, 15.421291], [42.607188, 15.422919], [42.610362, 15.429389], [42.635997, 15.445543]]}}, {"type": "Feature", "properties": {}, "geometry": {"type": "LineString", "coordinates": [[40.095388, 16.047349], [40.11199, 16.052883], [40.118826, 16.061998], [40.111013, 16.073961], [40.092947, 16.081732], [40.083018, 16.08397], [40.075694, 16.08808], [40.050466, 16.107245], [40.043224, 16.103095], [40.041352, 16.092108], [40.041759, 16.08161], [40.043793, 16.071845], [40.047211, 16.063463], [40.038341, 16.057929], [40.01588, 16.056138], [39.99822, 16.049628], [39.990245, 16.034247], [39.990001, 16.017727], [40.000011, 16.007758], [40.042979, 16.003404], [40.067393, 15.990465], [40.09669, 15.981024], [40.114513, 15.985907], [40.10963, 15.995103], [40.099376, 16.002102], [40.092296, 16.008775], [40.083669, 16.013332], [40.077403, 16.019029], [40.080577, 16.034166], [40.095388, 16.047349]]}}, {"type": "Feature", "properties": {}, "geometry": {"type": "LineString", "coordinates": [[54.325857, 24.373033], [54.304861, 24.385932], [54.292003, 24.384508], [54.295177, 24.37523], [54.309906, 24.36518], [54.312673, 24.359849], [54.311371, 24.355292], [54.306895, 24.357245], [54.297211, 24.36286], [54.286143, 24.365546], [54.279063, 24.364447], [54.281586, 24.357489], [54.30893, 24.31387], [54.32545, 24.321275], [54.336111, 24.350328], [54.335297, 24.364], [54.325857, 24.373033]]}}, {"type": "Feature", "properties": {}, "geometry": {"type": "LineString", "coordinates": [[52.309744, 24.539496], [52.298621, 24.533317], [52.291028, 24.521364], [52.282338, 24.510402], [52.283214, 24.497016], [52.289561, 24.491604], [52.294444, 24.489], [52.299653, 24.482896], [52.314228, 24.475651], [52.326224, 24.480646], [52.339238, 24.501552], [52.332565, 24.525414], [52.309744, 24.539496]]}}, {"type": "Feature", "properties": {}, "geometry": {"type": "LineString", "coordinates": [[37.026866, 25.419623], [37.021739, 25.452786], [37.017589, 25.457709], [37.015391, 25.450588], [37.008962, 25.449856]]}}, {"type": "Feature", "properties": {}, "geometry": {"type": "LineString", "coordinates": [[37.003591, 25.411526], [37.023285, 25.399848], [37.031261, 25.398749], [37.027192, 25.405178], [37.028087, 25.409329], [37.035655, 25.408189], [37.04005, 25.40644], [37.042328, 25.407375], [37.037364, 25.411811], [37.026866, 25.419623]]}}, {"type": "Feature", "properties": {}, "geometry": {"type": "LineString", "coordinates": [[54.54656, 25.9265], [54.522797, 25.920111], [54.509776, 25.913764], [54.513682, 25.902655], [54.529633, 25.895982], [54.543224, 25.893052], [54.553233, 25.899848], [54.551606, 25.917711], [54.54656, 25.9265]]}}, {"type": "Feature", "properties": {}, "geometry": {"type": "LineString", "coordinates": [[55.894298, 26.679429], [55.884532, 26.67768], [55.868337, 26.666449], [55.855479, 26.64411], [55.853201, 26.621039], [55.869314, 26.613023], [55.889659, 26.623765], [55.903982, 26.64525], [55.902029, 26.66885], [55.894298, 26.679429]]}}, {"type": "Feature", "properties": {}, "geometry": {"type": "LineString", "coordinates": [[53.639415, 26.688788], [53.629161, 26.691107], [53.609223, 26.690497], [53.601248, 26.679592], [53.611176, 26.667304], [53.628673, 26.659329], [53.646251, 26.657172], [53.65919, 26.66885], [53.651215, 26.683824], [53.639415, 26.688788]]}}, {"type": "Feature", "properties": {}, "geometry": {"type": "LineString", "coordinates": [[52.004731, 24.252834], [52.016612, 24.257554], [52.025401, 24.245714], [52.02475, 24.241929], [52.022878, 24.238837], [52.02475, 24.234768], [52.017914, 24.220445], [52.007904, 24.210842], [52.004487, 24.213772], [51.997813, 24.216417], [51.994314, 24.219184], [51.998627, 24.226304], [51.998627, 24.236965], [52.004731, 24.252834]]}}, {"type": "Feature", "properties": {}, "geometry": {"type": "LineString", "coordinates": [[51.724132, 24.607408], [51.735362, 24.599473], [51.739513, 24.590725], [51.737641, 24.58454], [51.737153, 24.58161], [51.732921, 24.572903], [51.730235, 24.565212], [51.725108, 24.568956], [51.723969, 24.582587], [51.726492, 24.588731], [51.722748, 24.587022], [51.72226, 24.590481], [51.722179, 24.59455], [51.721365, 24.593288], [51.7199, 24.593248], [51.718435, 24.593533], [51.718842, 24.591824], [51.717703, 24.59162], [51.718761, 24.587795], [51.71282, 24.592597], [51.711681, 24.602159], [51.719656, 24.607733], [51.724132, 24.607408]]}}, {"type": "Feature", "properties": {}, "geometry": {"type": "LineString", "coordinates": [[53.060802, 24.893541], [53.079356, 24.891018], [53.0831, 24.873887], [53.079356, 24.853502], [53.072927, 24.859036], [53.071462, 24.863756], [53.063162, 24.873277], [53.058197, 24.886298], [53.060802, 24.893541]]}}, {"type": "Feature", "properties": {}, "geometry": {"type": "LineString", "coordinates": [[54.211111, 25.249416], [54.23113, 25.243476], [54.239838, 25.208645], [54.22698, 25.214219], [54.214285, 25.214219], [54.197927, 25.232001], [54.211111, 25.249416]]}}, {"type": "Feature", "properties": {}, "geometry": {"type": "LineString", "coordinates": [[55.048676, 25.885769], [55.049897, 25.876085], [55.054373, 25.86461], [55.046479, 25.858385], [55.038259, 25.857733], [55.032644, 25.854641], [55.023041, 25.86286], [55.018403, 25.859605], [55.018972, 25.865749], [55.015636, 25.871853], [55.012055, 25.881619], [55.026459, 25.888739], [55.043712, 25.89289], [55.048676, 25.885769]]}}, {"type": "Feature", "properties": {}, "geometry": {"type": "LineString", "coordinates": [[50.397704, 26.174732], [50.408438, 26.171511], [50.419172, 26.166144], [50.419172, 26.14897], [50.421319, 26.135016], [50.423466, 26.119988], [50.405218, 26.124282], [50.385897, 26.123208], [50.38053, 26.139309], [50.382676, 26.159704], [50.397704, 26.174732]]}}, {"type": "Feature", "properties": {}, "geometry": {"type": "LineString", "coordinates": [[50.60165, 26.278852], [50.599504, 26.262751], [50.612384, 26.241283], [50.620972, 26.244503], [50.633852, 26.242356], [50.647807, 26.239136], [50.653174, 26.225181], [50.657467, 26.211227], [50.673568, 26.20264], [50.678935, 26.208007], [50.684302, 26.221961], [50.671421, 26.227328], [50.656394, 26.24665], [50.656394, 26.261677], [50.65532, 26.276705], [50.632779, 26.287439], [50.60165, 26.278852]]}}, {"type": "Feature", "properties": {}, "geometry": {"type": "LineString", "coordinates": [[50.77431, 25.721648], [50.782537, 25.720382], [50.790764, 25.726078], [50.80089, 25.73114], [50.80089, 25.724812], [50.798358, 25.715952], [50.790764, 25.705827], [50.78317, 25.696967], [50.788233, 25.692537], [50.795827, 25.684943], [50.79203, 25.67988], [50.780006, 25.682411], [50.77431, 25.678614], [50.766083, 25.671653], [50.762286, 25.667856], [50.766716, 25.654566], [50.77431, 25.645074], [50.776209, 25.638745], [50.769248, 25.636214], [50.765451, 25.629886], [50.764185, 25.621659], [50.769881, 25.617862], [50.77431, 25.612166], [50.767982, 25.60647], [50.762286, 25.597611], [50.757224, 25.588751], [50.759755, 25.582422], [50.756591, 25.579891], [50.7452, 25.584954], [50.737606, 25.595712], [50.741403, 25.605205], [50.748997, 25.621026], [50.748364, 25.630518], [50.748364, 25.644441], [50.739504, 25.653301], [50.740137, 25.662161], [50.741403, 25.674185], [50.7452, 25.687474], [50.755325, 25.70203], [50.768615, 25.716585], [50.77431, 25.721648]]}}, {"type": "Feature", "properties": {}, "geometry": {"type": "LineString", "coordinates": [[50.775576, 25.752657], [50.780639, 25.745063], [50.791397, 25.74886], [50.790132, 25.755188], [50.78317, 25.755821], [50.775576, 25.752657]]}}, {"type": "Feature", "properties": {}, "geometry": {"type": "LineString", "coordinates": [[50.804687, 25.679247], [50.802156, 25.674817], [50.804054, 25.669755], [50.808484, 25.664059], [50.816711, 25.669122], [50.819875, 25.678614], [50.804687, 25.679247]]}}, {"type": "Feature", "properties": {}, "geometry": {"type": "LineString", "coordinates": [[50.793296, 25.652035], [50.786967, 25.652668], [50.785069, 25.648238], [50.788233, 25.643808], [50.786334, 25.638745], [50.790764, 25.630518], [50.795827, 25.63305], [50.802788, 25.634315], [50.807851, 25.63305], [50.811648, 25.631784], [50.815445, 25.636847], [50.816711, 25.644441], [50.811648, 25.649504], [50.799624, 25.651402], [50.793296, 25.652035]]}}]}